{"type":"Topology","arcs":[[[241454,284382],[-2754,-961],[-2114,788]],[[236586,284209],[-527,3141],[2085,571],[-331,1403]],[[237813,289324],[2157,-120],[1046,-1486],[438,-3336]],[[225878,285240],[-1796,-4748],[639,-1657]],[[224721,278835],[-5683,1425]],[[219038,280260],[1092,8967],[487,240]],[[220617,289467],[1308,-10]],[[221925,289457],[1661,-3609],[2292,-608]],[[254927,258314],[-3121,297],[-1246,757]],[[250560,259368],[1743,3392],[-894,1450]],[[251409,264210],[3309,3247],[1797,136],[2174,1187],[2283,-687],[1003,799]],[[261975,268892],[-319,-3705],[1341,-887],[-149,-3569],[409,-2863]],[[263257,257868],[-4908,-1970],[-1923,2401],[-1499,15]],[[233829,282541],[-8504,-5502]],[[225325,277039],[-604,1796]],[[225878,285240],[2405,-1189],[1251,1400],[4256,-1927],[39,-983]],[[243181,278270],[-235,3998],[-1453,27],[-39,2087]],[[237813,289324],[-826,1885],[-1444,598],[-1652,3524],[1005,646]],[[234896,295977],[3365,2162],[2061,-1559]],[[240322,296580],[949,-1324],[685,-4409],[2282,-3192],[5392,-2220],[4946,-830],[-237,-3668],[798,-898]],[[255137,280039],[-1532,-1607],[-1859,1899],[-2907,746],[-2955,-1244],[-1538,-2200],[-1165,637]],[[225143,271573],[-2335,1135],[-3745,-1804]],[[219063,270904],[-2269,1870]],[[216794,272774],[-3439,175]],[[213355,272949],[55,842]],[[213410,273791],[1005,4239],[1832,1365]],[[216247,279395],[2791,865]],[[225325,277039],[1618,-3649]],[[226943,273390],[-1800,-1817]],[[194204,265469],[35,2705]],[[194239,268174],[1552,4372],[1937,2160],[-799,2660],[880,1616]],[[197809,278982],[2975,-3],[176,-1183],[4363,830],[3157,-1904],[1023,-1942]],[[209503,274780],[-5134,-1497]],[[204369,273283],[-2967,-2520],[-2682,-986],[-949,-2088],[-3567,-2220]],[[225143,271573],[1208,-576],[2257,-3307],[402,-3262]],[[229010,264428],[-3924,-989],[-3792,5571],[-1171,-658],[-1060,2552]],[[226943,273390],[1045,-142],[2402,-2965],[1844,-533],[1320,1223],[3099,788]],[[236653,271761],[650,-443],[-238,-3555],[-1482,-1503],[642,-1371]],[[236225,264889],[833,-5896]],[[237058,258993],[-2560,2598]],[[234498,261591],[-2667,2698],[-2821,139]],[[203597,261015],[-1261,473]],[[202336,261488],[-550,2312],[1216,1176],[2650,580],[-672,3337],[133,3654],[-744,736]],[[209503,274780],[3907,-989]],[[213355,272949],[-3662,-2487],[-1663,-3209],[-2461,-6980],[-1972,742]],[[236586,284209],[-2757,-1668]],[[221925,289457],[2286,1763],[2229,525],[2193,-415],[5333,5431],[930,-784]],[[202336,261488],[-2348,1735],[-3800,94],[-1305,1507]],[[194883,264824],[-679,645]],[[132677,187334],[1181,-1350],[5098,-2576]],[[138956,183408],[-3362,-2010],[5292,-7570],[-4228,-1171]],[[136658,172657],[-3296,2092],[-5015,1587],[-3141,-813],[-984,1007],[-397,4972],[2251,1876],[6601,3956]],[[245402,250525],[-5103,5183]],[[240299,255708],[1339,667],[1779,-825]],[[243417,255550],[3285,-2714],[3497,6738],[361,-206]],[[254927,258314],[-656,-2076],[2102,-2895],[-1830,-1442],[-15,-5648],[-389,-2477],[-2428,-1384]],[[251711,242392],[-789,658],[-5520,7475]],[[243314,276281],[-1863,51],[-4438,-3148],[-360,-1423]],[[243181,278270],[133,-1989]],[[240299,255708],[-3241,3285]],[[236225,264889],[4143,120],[1396,477],[4902,-814],[202,-1128]],[[246868,263544],[-34,-1403],[-1963,-2778],[-1454,-3813]],[[263257,257868],[707,-4938],[-1915,-7783],[-4980,-8765],[-715,-2882]],[[256354,233500],[-1364,3],[-2258,3767],[-1717,-20]],[[251015,237250],[1959,4823],[-1263,319]],[[138956,183408],[5976,4723],[4758,-4966],[2055,-1354],[3412,2839]],[[155157,184650],[2320,-275],[-545,-4240]],[[156932,180135],[-2141,-851],[-1320,506],[-1814,-2267],[1015,-2886],[-1721,-5301],[-7791,-2341],[-1869,1262],[-4633,4400]],[[178477,240468],[-3671,-2544]],[[174806,237924],[-2731,1505],[-5515,-1676],[-4101,1342],[-2402,-1330]],[[160057,237765],[-1622,3785]],[[158435,241550],[161,1525],[3072,24],[-68,5097],[4116,2903],[-834,2462],[1247,1863]],[[166129,255424],[277,-2186],[3166,56],[1110,1224],[1883,32],[1038,-1677],[1930,-395]],[[175533,252478],[-680,-1594],[190,-3441],[3434,-6975]],[[216247,279395],[-139,1256],[-2348,1076],[-3117,615],[-292,1474],[1121,2177]],[[211472,285993],[3065,3019],[-1069,4314],[956,1717],[1525,167],[489,2891],[2143,118]],[[218581,298219],[-205,-2222],[-1361,-2413],[2233,-1392],[1369,-2725]],[[178651,263887],[-762,-1292],[-3318,-432],[919,-3134],[2191,8]],[[177681,259037],[1299,-1784],[-277,-2367]],[[178703,254886],[-3170,-2408]],[[166129,255424],[-3026,1955],[-553,1584]],[[162550,258963],[482,1254],[3126,2882],[-125,1008]],[[166033,264107],[2833,-308],[1074,621],[1205,2932],[2035,1988]],[[173180,269340],[4283,-313],[-1139,-2641],[2327,-2499]],[[197809,278982],[17,70]],[[197826,279052],[1361,3479],[1731,1742],[443,4202]],[[201361,288475],[359,-280]],[[201720,288195],[1630,-2061],[2526,-566],[2957,566],[1107,1038],[1532,-1179]],[[177909,285430],[-1843,3052],[-3960,3680]],[[172106,292162],[2117,1285],[3522,24],[5489,1701],[5211,620],[3004,-475],[2512,1258],[954,-382]],[[194915,296193],[-18,-27]],[[194897,296166],[-2000,-362],[-410,-1597],[1710,-7990],[-1222,-508]],[[192975,285709],[-583,-1007],[-2398,1499],[-2543,13]],[[187451,286214],[-2999,366],[-762,-1858],[-3000,-254],[-819,1763],[-1962,-801]],[[186051,302988],[61,-214]],[[186112,302774],[-61,214]],[[189456,267281],[612,2690],[-1976,2018],[33,2311],[-3939,1652],[-518,1192]],[[183668,277144],[1611,303]],[[185279,277447],[6457,2387],[2563,-566],[942,1231],[2585,-1447]],[[194239,268174],[-3625,-1608],[-1158,715]],[[167834,301504],[10914,901],[617,-1329],[-3479,69],[-6700,-2224],[-4972,586],[-4093,-2545],[-3214,1729],[-519,1322],[1113,1771],[1759,670],[2174,-1043],[6400,93]],[[164558,277860],[-2980,-873],[-4748,1648],[712,-1754],[-1859,-1142]],[[155683,275739],[-535,-473],[-2774,4063],[-875,423]],[[151499,279752],[3245,3843],[4485,2252],[4303,1619]],[[163532,287466],[238,-1392],[1799,-970],[-918,-2101]],[[164651,283003],[-927,-1690],[834,-3453]],[[155683,275739],[1358,-2412],[-1066,-2695]],[[155975,270632],[-1706,-2381],[1718,-2017],[-2613,-1652],[-1219,822]],[[152155,265404],[-1077,1205],[-2233,-795],[-1724,654]],[[147121,266468],[921,2568],[235,3445],[-1520,-145],[-1933,1168]],[[144824,273504],[2977,3412],[3698,2836]],[[147121,266468],[-4054,589]],[[143067,267057],[520,2981],[1237,3466]],[[178703,254886],[2810,-1739],[-311,-3060],[-1416,-2799],[4662,-908],[4346,2244],[2598,3118],[3027,1039],[1898,1900]],[[196317,254681],[-156,-5302],[-2909,-1642],[-2050,-2528],[-2799,-1906]],[[188403,243303],[-3181,-2085],[-2421,1763],[-3207,-917],[-1117,-1596]],[[185279,277447],[646,5265],[1238,193],[288,3309]],[[192975,285709],[1340,396],[-462,3372],[2874,356],[1127,-1326],[1281,715],[2226,-747]],[[171136,277267],[1774,61],[1424,-1110],[1221,-2724],[-2680,-534],[305,-3620]],[[166033,264107],[633,2020],[57,3487],[-1845,-207]],[[164878,269407],[438,2808],[-1004,4166],[938,657]],[[165250,277038],[2099,-1615],[2656,-77],[1131,1921]],[[165250,277038],[-692,822]],[[164651,283003],[1855,-16],[3217,-1930],[1828,-216]],[[171551,280841],[-415,-3574]],[[174806,237924],[-1721,-2004],[-2491,-6014]],[[170594,229906],[-1648,-1210]],[[168946,228696],[-3146,3673],[-2406,-195]],[[163394,232174],[-1886,872],[-1867,-248],[-960,1834]],[[158681,234632],[-1,1417],[1377,1716]],[[204756,258941],[2408,-850],[-304,-3720],[3482,-5344]],[[210342,249027],[980,-1519],[-2231,-4361],[-1625,-1232]],[[207466,241915],[-2371,-1767],[-2074,2042],[-3767,-225]],[[199254,241965],[-2243,244],[-874,1457],[-3756,-1246],[-2292,-1677],[-1686,2560]],[[196317,254681],[501,-183],[7938,4443]],[[203597,261015],[1159,-2074]],[[177681,259037],[10813,-757],[2354,3384],[4035,3160]],[[197170,303772],[-4548,-964],[-2281,-1104],[1423,4298],[2927,541],[7036,591],[-2631,-3397],[-1926,35]],[[186051,302988],[61,-214]],[[178651,263887],[4651,3640],[4375,295],[1779,-541]],[[131866,290902],[-1483,-204],[-1989,-1944],[-2633,1082],[3149,4317],[13194,3394],[7589,2471],[1826,-139],[371,-1408],[-4251,-1748],[-1716,-1607],[-3171,68],[-7555,-3806],[-2441,259],[-890,-735]],[[119741,282810],[-1995,-1370],[-4019,-1770],[318,-1115],[-2961,-1950],[-1560,-2450],[-2351,-109],[-1606,751],[4983,3412],[2135,1977],[4699,3220],[2357,-596]],[[199254,241965],[-2652,-3661],[-5819,-4128]],[[190783,234176],[-5937,-4414],[-3022,735],[-942,2280],[-2858,-851],[-399,-1283],[-3021,-2534],[-2405,446],[-1605,1351]],[[220366,244854],[-1695,-1592],[-2651,2070],[-807,2372],[719,1139],[-592,2471]],[[215340,251314],[1042,1202],[-595,1642],[625,1750]],[[216412,255908],[2841,-1231],[488,2628],[3010,290],[278,-3091],[1870,-731]],[[224899,253773],[-2261,-5987],[-2272,-2932]],[[240062,229407],[-1120,-2756],[536,-2113],[-833,-3368],[1685,-3789],[898,-5196]],[[241228,212185],[-2718,-277],[-3009,378],[-2370,-742],[-2132,-1998]],[[230999,209546],[-159,2334],[-5378,2234]],[[225462,214114],[-49,4789],[-2308,23],[-604,2484]],[[222501,221410],[4829,7377],[968,-439],[2110,4407],[1365,1966],[-960,1578]],[[230813,236299],[1444,1199]],[[232257,237498],[2031,-3164],[3486,-2642],[2288,-2285]],[[240062,229407],[1316,1688],[5330,3376],[552,1562],[3755,1217]],[[256354,233500],[-1356,-3124],[-692,-18212],[-853,-1594],[-4489,1395],[-2516,-985],[-2835,1441],[-2385,-236]],[[225462,214114],[-1017,468],[-4158,-1010],[-1566,-1258]],[[218721,212314],[47,2000],[-2098,87],[-953,2213],[-2521,-13],[138,1454],[-2963,-49],[1024,4045],[-916,2423],[2443,1355],[5,1018]],[[212927,226847],[551,1640]],[[213478,228487],[2464,-790],[-11,-2475],[1478,-956],[3606,445],[-550,-2260],[2036,-1041]],[[198448,221739],[-992,-2590],[59,-1694],[2117,567],[2606,-991],[-1390,-3467]],[[200848,213564],[-3459,2015],[-2152,-1286],[-1624,1878]],[[193613,216171],[-2674,6432],[3518,2580]],[[194457,225183],[2008,-4847],[1983,1403]],[[162550,258963],[-4213,-1346],[-2710,174],[-734,1758],[-1915,1717],[-1958,213],[-158,1457],[1293,2468]],[[155975,270632],[1258,-1723],[1975,-218],[1751,1418],[2586,-980],[1333,278]],[[223926,182256],[3569,1734],[3202,-493]],[[230697,183497],[999,-2184],[645,-3639]],[[232341,177674],[-1996,-3683]],[[230345,173991],[-2252,-1546],[-2137,-580]],[[225956,171865],[367,1318],[-1493,1263],[577,1435],[-1013,2069],[691,2029],[-1159,2277]],[[233940,171244],[-2197,2286],[-1398,461]],[[232341,177674],[2598,-964]],[[234939,176710],[1032,-1437],[1939,-562]],[[237910,174711],[-1905,-2394],[-2065,-1073]],[[196666,204274],[6822,1439]],[[203488,205713],[1386,-496]],[[204874,205217],[2626,-7271],[-1893,-1511],[826,-3516],[-58,-2774],[1943,-775],[677,-2205]],[[208995,187165],[-3124,-604],[-2899,1208],[-973,2324],[-2879,931],[-4478,315],[-531,604]],[[194111,191943],[2541,1865],[-1856,3089],[2473,5480],[-603,1897]],[[209363,166728],[-2108,-521],[-811,-1628],[-2783,-216],[-9003,505]],[[194658,164868],[-1288,-362],[-1634,2620],[414,1016],[-2005,4509]],[[190145,172651],[490,-411],[4106,1233],[2519,1434],[2002,-105]],[[199262,174802],[2187,-2080],[4056,133]],[[205505,172855],[189,-2284],[3199,-2713],[470,-1130]],[[244242,157880],[-4247,1005],[-1523,-520],[-2705,2670]],[[235767,161035],[-801,2915],[1222,2367],[2699,-944],[370,1582],[1549,1172],[-191,2490]],[[240615,170617],[1907,-335],[2960,1458]],[[245482,171740],[1849,-143]],[[247331,171597],[2076,-1788],[-124,-4119],[1063,-1054]],[[250346,164636],[-1945,-4458],[-2716,-505],[-1443,-1793]],[[244242,157880],[-1145,-3494],[-1108,-1086],[-6496,-315]],[[235493,152985],[-3033,-113],[-3709,1256],[793,1418],[-209,2462],[-1861,999]],[[227474,159007],[-746,1295],[2531,1400],[1759,-178],[997,1140]],[[232015,162664],[3752,-1629]],[[203488,205713],[1587,6870]],[[205075,212583],[1756,-1358],[1602,-3241],[2687,226],[2524,-488],[710,1111],[3703,-1029],[-372,3579],[1036,931]],[[230999,209546],[1194,-1406],[-523,-2936],[3298,-2732],[-2747,-89],[-644,-1633],[-2405,478],[1719,-3554],[-451,-3882]],[[230440,193792],[-1938,932],[-1843,-2662],[-2034,-534],[-1128,1476]],[[223497,193004],[956,1371],[-4363,2708],[-1717,4773],[-2272,906],[-4994,56],[-863,2346],[-5370,53]],[[222305,185997],[-4058,-1332],[-190,-2706],[-2932,-6207]],[[215125,175752],[-3154,-132],[-4480,-893]],[[207491,174727],[-1583,3669],[625,2083],[3072,1127],[1085,3994],[-1028,1386]],[[209662,186986],[2660,1270],[1338,2480]],[[213660,190736],[1742,-2225],[2444,-398],[2157,1598],[3772,-1295],[-1470,-2419]],[[237910,174711],[3077,-2422],[-372,-1672]],[[232015,162664],[672,5096],[2005,77],[-752,3407]],[[171300,203308],[1095,3658]],[[172395,206966],[3517,793]],[[175912,207759],[1450,-583],[2751,1373],[1927,23]],[[182040,208572],[285,-1257],[-1326,-2197],[821,-1814],[2017,956],[1394,-2944]],[[185231,201316],[-1987,-1020],[1846,-1347],[-161,-3177]],[[184929,195772],[-1829,-1068]],[[183100,194704],[-2388,-2657],[-2695,-284],[-1110,2648],[-1797,2356],[-1190,-73]],[[173920,196694],[-650,3694],[-1970,2920]],[[247331,171597],[663,3964],[-892,1481]],[[247102,177042],[2192,1820],[-31,3459],[2548,-1724],[4366,1096]],[[256177,181693],[57,-2328],[-990,-1474],[-1979,-5262],[108,-1554],[2419,-4752],[-5446,-1687]],[[168946,228696],[1607,-2419],[2085,17],[4894,-3702],[1430,-4013],[1546,-2373],[-2100,-2026],[3271,-1866]],[[181679,212314],[-1183,-2188],[-8848,-2991],[-11507,-10],[-825,189]],[[159316,207314],[-80,91]],[[159236,207405],[-2324,3891]],[[156912,211296],[2231,-112],[434,1826],[-938,1339],[-3264,-203]],[[155375,214146],[192,9990],[4327,6992],[3500,1046]],[[172395,206966],[3517,793]],[[245482,171740],[-3512,2249],[2617,3069],[2515,-16]],[[209662,186986],[-667,179]],[[223497,193004],[-6108,1088],[-117,-1031],[-2588,-778],[-1024,-1547]],[[199262,174802],[-880,3040],[-1784,522],[-534,2624],[2700,1558],[-555,2177],[618,1608],[-3648,826],[-1558,2422]],[[193621,189579],[490,2364]],[[207491,174727],[-1986,-1872]],[[190976,213448],[2637,2723]],[[200848,213564],[1599,-508],[2255,829],[373,-1302]],[[196666,204274],[-3708,-100]],[[192958,204174],[-1067,-360],[-1811,2448],[-663,3054],[538,2918],[1021,1214]],[[230697,183497],[-2017,2592],[205,2689],[1275,686],[1664,3445]],[[231824,192909],[3903,-1990],[5417,119],[530,-918],[5845,-1518]],[[247519,188602],[-6358,-1196],[648,-2148],[184,-4884],[-3150,80],[-2304,-592],[-1600,-3152]],[[156912,211296],[-1574,1381],[37,1469]],[[222305,185997],[1621,-3741]],[[225956,171865],[-1374,-2166],[-2046,-190],[-1483,1533]],[[221053,171042],[-391,3243],[-1685,1433],[-3852,34]],[[185231,201316],[2034,895],[1805,-1693],[1373,1031],[2085,-975],[1764,1481],[-1334,2119]],[[193621,189579],[-1027,-1302],[-2041,-138]],[[190553,188139],[-425,1491]],[[190128,189630],[-139,1376],[-2074,1734],[-1157,1931],[-1829,1101]],[[182708,129406],[3496,186]],[[186204,129592],[3230,-103],[1306,-2328]],[[190740,127161],[2324,-720],[529,-1781],[1564,-902],[-13,-2311],[-4097,779],[-3031,1901]],[[188016,124127],[-1240,626]],[[186776,124753],[-1661,2782],[-2407,1871]],[[215626,123340],[1326,2718],[-846,3072],[1412,1250],[753,3079],[1512,2256]],[[219783,135715],[2179,963],[4787,-709],[713,-515]],[[227462,135454],[-270,-3042],[2414,-2338]],[[229606,130074],[-2116,-1084],[-5835,-2144],[-3549,-2702],[-2480,-804]],[[185749,168955],[-522,-2216],[363,-2731],[922,-397],[1254,-7005],[822,-1488]],[[188588,155118],[-1651,-2184],[-1165,-2915],[-1718,-2722]],[[184054,147297],[-1264,562],[-2363,-667]],[[180427,147192],[-678,501]],[[179749,147693],[322,2447],[-4639,688],[-1284,2113],[-377,2568],[-3411,301]],[[170360,155810],[-1178,5047],[-2913,-344],[-1338,1617],[712,1270],[-1042,2515]],[[164601,165915],[2388,667],[-842,2208]],[[166147,168790],[6934,86]],[[173081,168876],[1967,-399],[3857,1077],[6347,309],[497,-908]],[[172228,136033],[1660,-435],[274,2926],[-4179,889],[702,2231]],[[170685,141644],[2496,3077],[3388,-159],[693,1354],[2487,1777]],[[180427,147192],[-1271,-2770],[327,-4119],[705,-1313]],[[180188,138990],[2689,-2786]],[[182877,136204],[-2117,-568],[-346,-2206]],[[180414,133430],[-1545,1082],[-2311,-2812]],[[176558,131700],[-4683,1180],[353,3153]],[[170360,155810],[-6116,-605],[-2803,-1643],[-2817,-104],[-4129,-1144],[-1883,-1693]],[[152612,150621],[-1287,-353]],[[151325,150268],[-2584,978]],[[148741,151246],[-508,473]],[[148233,151719],[1725,2465],[-2080,1445]],[[147878,155629],[-99,1703]],[[147779,157332],[1426,2535],[2210,15],[750,-1546],[3822,2554],[1752,-541],[515,1720]],[[158254,162069],[3263,1920],[166,1703]],[[161683,165692],[2918,223]],[[167458,120289],[-5976,1180],[-717,2532]],[[160765,124001],[1169,3311]],[[161934,127312],[1491,-256]],[[163425,127056],[7616,-2522]],[[171041,124534],[599,-965],[-4182,-3280]],[[188588,155118],[5696,2006],[1717,-7]],[[196001,157117],[-764,-1811],[1323,-3411],[1795,-1799]],[[198355,150096],[-2705,-763],[-505,-1385],[-2256,-2218]],[[192889,145730],[-2356,2086],[-2440,1112],[-3012,-2371],[-1209,-114]],[[183872,146443],[182,854]],[[138117,124866],[-1801,2421],[-1226,484],[-2731,3956]],[[132359,131727],[-913,1101],[1960,2212]],[[133406,135040],[4311,-921],[1042,1166],[2935,338]],[[141694,135623],[3515,1695],[2441,-273]],[[147650,137045],[4300,-1794],[1450,-1419],[1744,-404]],[[155144,133428],[-1780,-758],[-463,-2346],[-6913,-36]],[[145988,130288],[-2891,-1192],[-1290,-1694],[-3690,-2536]],[[132438,135655],[968,-615]],[[132359,131727],[-1508,-1329],[-3952,-275],[-2268,451]],[[124631,130574],[452,937]],[[125083,131511],[2128,3767]],[[127211,135278],[2681,-441],[736,1345],[1810,-527]],[[191046,138730],[1526,3183],[-668,1046]],[[191904,142959],[1738,832],[1880,-237],[145,-2105],[-1214,-2316]],[[194453,139133],[-3407,-403]],[[193475,136982],[1083,71]],[[194558,137053],[4443,-255],[3682,783],[2282,1033],[1570,-2097],[4664,864],[933,-1046]],[[212132,136335],[-3722,-5577],[-2034,315],[-1777,1400]],[[204599,132473],[-261,587],[-5592,-18],[-1231,-624],[-2792,1841],[-1248,2723]],[[160765,124001],[-2179,133],[490,-2469],[-2297,-977]],[[156779,120688],[-1711,310],[-1155,4162],[-2555,2020]],[[151358,127180],[1695,703],[8881,-571]],[[182708,129406],[-1468,2815]],[[181240,132221],[1255,488],[399,3265],[763,587]],[[183657,136561],[4052,515],[205,-3645],[-1710,-3839]],[[170685,141644],[-4681,-504],[-1416,-2128]],[[164588,139012],[-3352,-1098],[-4773,339]],[[156463,138253],[-1140,1698]],[[155323,139951],[-197,2416],[-1981,1963]],[[153145,144330],[324,3273],[-857,3018]],[[166609,184189],[3610,3203],[2115,3946]],[[172334,191338],[2437,-1930],[-538,-897],[3765,-5949]],[[177998,182562],[-3264,-3753]],[[174734,178809],[-763,196],[-3698,4754],[-2828,-589],[-836,1019]],[[173081,168876],[-706,3968],[2711,3446],[-352,2519]],[[177998,182562],[1811,798]],[[179809,183360],[2762,-2185],[2760,-1238],[724,-1183],[2421,882]],[[188476,179636],[-248,-3755]],[[188228,175881],[-1421,-527],[-1199,-3495],[141,-2904]],[[163178,175464],[3045,-1244],[-398,-3200],[322,-2230]],[[161683,165692],[-3047,3465],[-3518,758],[-2707,1444]],[[152411,171359],[1878,3875]],[[154289,175234],[2248,-833],[1497,843],[2744,-2512],[2400,2732]],[[122646,126595],[1985,3979]],[[138117,124866],[-754,-1643]],[[137363,123223],[-1323,-828],[-2131,595],[-3360,-94],[-2558,-954],[-2619,-11]],[[125372,121931],[-1088,2833],[-1638,1831]],[[180478,110613],[-980,-338]],[[179498,110275],[-1609,1205],[-1532,2824]],[[176357,114304],[-998,3500]],[[175359,117804],[124,1264],[1876,949]],[[177359,120017],[2782,-1972]],[[180141,118045],[2121,-1512],[817,-3485],[-2601,-2435]],[[161298,181070],[1016,-1848],[864,-3758]],[[154289,175234],[2420,2119],[518,1726],[2311,408],[1760,1583]],[[184640,188481],[659,3833],[-2199,2390]],[[190128,189630],[-5488,-1149]],[[179809,183360],[4831,5121]],[[190553,188139],[684,-838],[-564,-2801],[1314,-1012],[-410,-1927],[-2794,-1057],[-307,-868]],[[169285,111533],[-2124,17],[-2084,2114]],[[165077,113664],[3518,1290],[1375,1224]],[[169970,116178],[2829,1383],[2560,243]],[[176357,114304],[-1670,-265],[-300,-2010]],[[174387,112029],[-5102,-496]],[[209363,166728],[2367,-406]],[[211730,166322],[913,-2104],[2835,-2602],[1551,-2426]],[[217029,159190],[-701,-3899],[772,-2033],[-889,-2610],[-1595,777],[-2138,-1256]],[[212478,150169],[-3799,2958],[-800,1275],[-2016,217]],[[205863,154619],[-317,1670],[-5878,-810],[-3113,2574]],[[196555,158053],[-96,975],[-2428,2131],[1874,750],[341,1447],[-1588,1512]],[[134162,118993],[1578,305],[2373,-1935],[1846,151],[2402,3304]],[[142361,120818],[983,-1820]],[[143344,118998],[-909,-45],[-2253,-3457],[-1073,-3820]],[[139109,111676],[-3974,-2084],[-3509,-271],[-2672,812]],[[128954,110133],[-1436,53]],[[127518,110186],[-810,2469],[6632,1124],[-234,2100],[1367,659],[-311,2455]],[[182660,124337],[2133,1490],[1983,-1074]],[[188016,124127],[-550,-1462],[-2795,-1690]],[[184671,120975],[899,2203],[-1184,1505],[-1726,-346]],[[147779,157332],[-2741,596],[-46,3717],[-2988,1618]],[[142004,163263],[544,3070]],[[142548,166333],[5129,1236]],[[147677,167569],[791,-2446],[1683,-155],[2460,-3558],[5643,659]],[[169970,116178],[-2512,4111]],[[171041,124534],[2740,2726]],[[173781,127260],[2063,-3259]],[[175844,124001],[-409,-2216],[1924,-1768]],[[172334,191338],[1586,5356]],[[147677,167569],[3562,922],[1172,2868]],[[172228,136033],[-3396,-1548],[-2719,1120],[-1627,-672]],[[164486,134933],[-619,457],[721,3622]],[[183670,136906],[-793,-702]],[[180188,138990],[1589,377],[1425,2600],[-1248,3129],[1918,1347]],[[192889,145730],[-1477,-1176],[492,-1595]],[[191046,138730],[-1084,-417],[-2040,2450],[-4252,-3857]],[[148903,146860],[-2495,1128],[1803,1316],[530,1942]],[[151325,150268],[-604,-2752],[-1818,-656]],[[145988,130288],[728,-3754]],[[146716,126534],[-1295,-529],[-2055,-3613]],[[143366,122392],[-2535,1282],[-3468,-451]],[[175844,124001],[2654,1042],[2913,-2197],[1249,1491]],[[184671,120975],[-1371,-731],[-2185,644],[-974,-2843]],[[196555,158053],[-554,-936]],[[188228,175881],[739,-3207],[1178,-23]],[[164486,134933],[-3886,-1268]],[[160600,133665],[-1943,-1747],[-2182,657]],[[156475,132575],[1466,1044],[-86,2377],[-1392,2257]],[[181240,132221],[-826,1209]],[[183670,136906],[-13,-345]],[[227462,135454],[1217,1691],[11,3742],[1981,3227]],[[230671,144114],[1802,55],[2689,-1247],[5117,-3782],[210,-3271],[-2027,-640],[-285,-2612],[-1607,-2155],[-3265,-2302],[-2640,2348],[-1059,-434]],[[155965,119770],[814,918]],[[165077,113664],[-1279,237]],[[163798,113901],[-1302,1493],[-2670,1406],[-789,1781],[-3072,1189]],[[127518,110186],[-3983,-467]],[[123535,109719],[671,3925],[-2894,1650],[-941,-767]],[[120371,114527],[-4533,3077],[-1074,1424]],[[114764,119028],[1791,-240]],[[116555,118788],[3296,760],[4187,-1307],[1681,246]],[[125719,118487],[3032,-703],[5411,1209]],[[194453,139133],[105,-2080]],[[193475,136982],[-2834,-1574],[-780,-3111],[5305,-4149]],[[195166,128148],[-816,468],[-3610,-1455]],[[205863,154619],[-3453,-1819],[-1308,-1293],[-1533,365],[-1214,-1776]],[[161298,181070],[1422,272],[3889,2847]],[[155157,184650],[-1518,2736],[1278,1404],[-1369,2431],[2741,1590],[-991,1715],[-288,7065],[-994,3635]],[[154016,205226],[3752,1035],[1468,1144]],[[159316,207314],[248,-1939],[6848,-1688],[3704,-353],[2645,-2795],[583,-3731],[-491,-2572],[-3017,-5665],[-4274,-3600],[-1353,303],[-4107,-2084],[-3170,-3055]],[[125719,118487],[-347,3444]],[[143366,122392],[-1005,-1574]],[[147878,155629],[-2662,1215],[-1290,-425],[-1779,-2658],[-2867,339],[-3071,-3159]],[[136209,150941],[-305,210]],[[135904,151151],[1701,1819],[1278,5448],[-2773,2122],[340,930]],[[136450,161470],[1113,1302]],[[137563,162772],[4251,-1018],[190,1509]],[[131582,157812],[-1245,-484]],[[130337,157328],[-881,1189],[242,3104]],[[129698,161621],[238,873]],[[129936,162494],[398,1453]],[[130334,163947],[6150,-136],[-168,976]],[[136316,164787],[1247,-2015]],[[136450,161470],[-2775,-1447],[-2093,-2211]],[[122257,153738],[922,1364],[-1741,1096],[1399,2727]],[[122837,158925],[604,106]],[[123441,159031],[4676,-349],[1581,2939]],[[130337,157328],[394,-5441],[-867,-365],[-882,-3181],[-875,133]],[[128107,148474],[-2496,1379],[-516,2371],[-2838,1514]],[[128266,147524],[3549,-2120]],[[131815,145404],[271,-2142],[1983,-3184]],[[134069,140078],[-2524,-1323]],[[131545,138755],[-943,1382],[-1869,700],[-82,1582],[-3277,2801]],[[125374,145220],[516,2339],[2376,-35]],[[136316,164787],[1299,4536]],[[137615,169323],[2434,-758],[2499,-2232]],[[131659,167239],[1489,2984],[2777,-454]],[[135925,169769],[1690,-446]],[[130334,163947],[1325,3292]],[[127211,135278],[-2278,1032],[-366,1634],[-1511,961]],[[123056,138905],[615,2760],[-94,3357]],[[123577,145022],[1797,198]],[[131545,138755],[893,-3100]],[[136999,150219],[-790,722]],[[148233,151719],[-1300,-1661],[-1616,736],[-2902,-1972],[-4176,632],[-1240,765]],[[105589,134606],[-2071,2876]],[[103518,137482],[5137,2734],[707,-119]],[[109362,140097],[5166,1272]],[[114528,141369],[1686,415],[968,-2407],[1960,-1423]],[[119142,137954],[-1534,-1527]],[[117608,136427],[-1243,-852],[-1665,914],[-2071,-2050],[-1942,468],[-937,-1386]],[[109750,133521],[-3345,-1413]],[[106405,132108],[-816,2498]],[[114850,146308],[1202,-561]],[[116052,145747],[-1788,-912],[-560,-2784],[824,-682]],[[109362,140097],[469,2219],[-3985,3750]],[[105846,146066],[346,587]],[[106192,146653],[2214,141],[2113,1067],[1374,-1072],[2957,-481]],[[153145,144330],[-1957,-968]],[[151188,143362],[-2162,1867]],[[149026,145229],[-123,1631]],[[150042,140947],[2795,-2162],[2486,1166]],[[156475,132575],[-1331,853]],[[147650,137045],[2392,3902]],[[135904,151151],[-1666,202],[-1835,2987],[-821,3472]],[[114850,146308],[391,2482],[-2371,3794]],[[112870,152584],[2226,2139],[2045,-2785],[3747,2071],[1369,-271]],[[128107,148474],[159,-950]],[[123577,145022],[-3848,793],[-558,-3901]],[[119171,141914],[-3119,3833]],[[150042,140947],[1146,2415]],[[137668,148245],[-669,1974]],[[149026,145229],[-3578,-1312],[-509,2796],[-7271,1532]],[[134069,140078],[2387,1808],[2043,-766],[2563,-2004],[-230,-1785],[862,-1708]],[[119171,141914],[997,-3272]],[[120168,138642],[-1026,-688]],[[137668,148245],[-809,-1538],[-2032,1806],[-3012,-3109]],[[123056,138905],[-2888,-263]],[[102060,173057],[940,-1770],[-2016,-3239]],[[100984,168048],[-1483,-2171],[-3423,-2697]],[[96078,163180],[55,1760],[-3672,-144]],[[92461,164796],[2168,1504],[1663,2088],[3703,2166],[2065,2503]],[[101740,212502],[-620,-2444]],[[101120,210058],[-2425,-5172]],[[98695,204886],[-294,38]],[[98401,204924],[-834,2440],[-1676,1243]],[[95891,208607],[-290,1971],[2896,3198],[-712,1048]],[[97785,214824],[2509,-503],[1446,-1819]],[[106127,167186],[-1276,-1221]],[[104851,165965],[-3867,2083]],[[102060,173057],[622,2197]],[[102682,175254],[6157,-858]],[[108839,174396],[-99,-1251],[-2002,-3113],[-611,-2846]],[[98504,181105],[99,2093],[-1974,489],[736,3351]],[[97365,187038],[7927,-1665],[469,1472]],[[105761,186845],[2449,-624]],[[108210,186221],[2168,-1452],[1166,1105]],[[111544,185874],[3551,408],[3342,-1161],[1300,153]],[[119737,185274],[-2661,-1997],[-284,-1075],[-3069,-1670],[2371,-2909]],[[116094,177623],[-1144,-632],[-2194,1379],[-1127,-1735]],[[111629,176635],[-2509,-875],[-281,-1364]],[[102682,175254],[-4288,3522],[110,2329]],[[116260,174902],[234,-2308]],[[116494,172594],[-1642,-1466],[-2896,-1196]],[[111956,169932],[-1686,3139],[1001,2297]],[[111271,175368],[2263,431],[1351,-1914],[1253,1165]],[[116138,175050],[122,-148]],[[105981,202608],[-2084,-3619]],[[103897,198989],[-3006,-2170]],[[100891,196819],[-501,42]],[[100390,196861],[-309,1597]],[[100081,198458],[286,2578]],[[100367,201036],[809,1820],[2072,286],[2733,-534]],[[105981,202608],[2316,3281],[1953,623]],[[110250,206512],[1557,-1309]],[[111807,205203],[3187,-2253],[-1402,-1545],[-214,-1969],[-1135,-1591]],[[112243,197845],[-1551,-1943]],[[110692,195902],[-5729,1530],[-1066,1557]],[[91568,223274],[2797,-2652]],[[94365,220622],[2559,-4611]],[[96924,216011],[861,-1187]],[[95891,208607],[-1667,-99],[-1215,-3643]],[[93009,204865],[-4267,-1865]],[[88742,203000],[2826,20274]],[[95298,193207],[-2284,-3407]],[[93014,189800],[-1388,2372],[-4853,1427]],[[86773,193599],[342,1104]],[[87115,194703],[1152,-529],[3468,357],[3563,-1324]],[[134655,171996],[1270,-2227]],[[131659,167239],[-1229,1493],[-1513,-117]],[[128917,168615],[5738,3381]],[[88542,175011],[10,-962]],[[88552,174049],[-1920,558],[-1357,-996]],[[85275,173611],[-1111,536]],[[84164,174147],[3104,8574],[-3365,1141]],[[83903,183862],[1340,4066]],[[85243,187928],[4107,-1497],[641,-1471]],[[89991,184960],[-686,-2635],[-1500,-1193],[401,-1533]],[[88206,179599],[-1104,-3887],[1440,-701]],[[127613,169836],[1120,-1107]],[[128733,168729],[-2666,-1366],[-1672,439],[455,2207]],[[124850,170009],[2763,-173]],[[94510,197709],[-2422,583],[-4148,-32]],[[87940,198260],[802,4740]],[[93009,204865],[1614,-1343],[2942,-33],[836,1435]],[[98695,204886],[-797,-2743],[2469,-1107]],[[100081,198458],[-1522,216],[-2459,1790],[-1653,-812],[63,-1943]],[[116094,177623],[735,-1140]],[[116829,176483],[-691,-1433]],[[111271,175368],[358,1267]],[[119183,192962],[-2378,-67],[-1804,1101]],[[115001,193996],[1829,3070]],[[116830,197066],[2777,401]],[[119607,197467],[1356,-2495],[-1780,-2010]],[[132786,215353],[-115,3220]],[[132671,218573],[-210,3417],[1204,-72]],[[133665,221918],[1066,-3501],[1075,-1116],[-3020,-1948]],[[93488,185158],[-954,-1376],[567,-2710]],[[93101,181072],[-321,-2915],[-2292,-1308]],[[90488,176849],[-601,2426],[-1681,324]],[[89991,184960],[1351,1854],[2146,-1656]],[[93488,185158],[2708,2143]],[[96196,187301],[1169,-263]],[[98504,181105],[-1823,969],[-3580,-1002]],[[92461,164796],[-2593,-1596],[-5067,347]],[[84801,163547],[-304,382]],[[84497,163929],[1347,5441]],[[85844,169370],[1094,1038],[1614,3641]],[[88542,175011],[1946,1838]],[[97838,225351],[2445,-96],[2346,-1331]],[[102629,223924],[2534,-4205],[-181,-564]],[[104982,219155],[-1413,-279]],[[103569,218876],[-3663,232],[-296,-2340],[-2686,-757]],[[94365,220622],[2245,1883],[1228,2846]],[[96149,194158],[-851,-951]],[[87115,194703],[825,3557]],[[94510,197709],[-241,-1761],[1880,-1790]],[[104982,219155],[3461,-1521]],[[108443,217634],[47,-1027]],[[108490,216607],[-1599,-1236],[-946,-3634],[707,-2143]],[[106652,209594],[-2060,1287],[-851,-1444],[-2621,621]],[[101740,212502],[1807,1746],[22,4628]],[[95807,237409],[357,5415],[1168,3360],[2441,300],[2293,-1417],[-685,-1849],[1364,-2597]],[[102745,240621],[-1153,-38],[-1645,-3764]],[[99947,236819],[-4140,590]],[[123441,159031],[1474,2197],[-597,6570],[-2342,2261]],[[121976,170059],[179,610]],[[122155,170669],[2695,-660]],[[128733,168729],[184,-114]],[[128917,168615],[-1028,-2163],[2047,-3958]],[[121436,214450],[1716,-3212],[-1093,-1689]],[[122059,209549],[-827,858],[-2471,-108],[-2262,-1269]],[[116499,209030],[1337,1911],[-243,2161]],[[117593,213102],[3843,1348]],[[127613,169836],[902,2476],[2097,1205]],[[130612,173517],[4043,-1521]],[[108210,186221],[-344,3651],[910,2503]],[[108776,192375],[973,1176]],[[109749,193551],[1873,-729]],[[111622,192822],[-78,-6948]],[[115080,222630],[3313,127],[1614,1633],[2326,697]],[[122333,225087],[2960,-3902],[2028,101],[981,1609],[4428,-173],[935,-804]],[[132671,218573],[-2512,174],[-2253,-1134]],[[127906,217613],[-6470,-3163]],[[117593,213102],[-3750,1480]],[[113843,214582],[634,3746],[1552,1052],[-949,3250]],[[123858,175115],[-1970,-1673]],[[121888,173442],[-1612,916],[-4016,544]],[[116829,176483],[4600,128],[2429,-1496]],[[122155,170669],[-267,2773]],[[123858,175115],[3020,-2398],[3734,800]],[[105761,186845],[-1323,2493],[664,2010]],[[105102,191348],[3674,1027]],[[113843,214582],[-2038,-556],[-2976,1431],[-339,1150]],[[108443,217634],[3233,5225],[3404,-229]],[[111956,169932],[-1791,-886],[-1254,-1950],[-2784,90]],[[115001,193996],[-1698,-2702],[-1681,1528]],[[109749,193551],[943,2351]],[[112243,197845],[2369,-1054],[2218,275]],[[104171,228901],[-404,-3592],[-1138,-1385]],[[97838,225351],[679,1352],[3173,2368],[2481,-170]],[[98562,260916],[6347,9748],[1250,39],[1187,-2837],[1994,-2528],[-503,-1168],[-248,-5180],[-3410,-4946],[-1847,-517],[-2554,-3043],[-4077,-1871],[-785,4454],[933,4357],[1713,3492]],[[100390,196861],[-4241,-2703]],[[100944,164271],[-4513,-1843]],[[96431,162428],[-353,752]],[[104851,165965],[-2572,-1656],[-1335,-38]],[[85243,187928],[-400,2636],[1930,3035]],[[93014,189800],[3182,-2499]],[[116505,170391],[-11,2203]],[[121976,170059],[-2569,105]],[[119407,170164],[-2902,227]],[[106652,209594],[714,-2376],[2884,-706]],[[84164,174147],[-268,113]],[[83896,174260],[-3358,1514]],[[80538,175774],[3365,8088]],[[91568,223274],[1896,4998],[2343,9137]],[[99947,236819],[-842,-3325],[1599,293],[1824,-1629],[1643,-3257]],[[111807,205203],[3725,239],[1009,1645]],[[116541,207087],[743,-4962],[796,-802],[1527,-3856]],[[100891,196819],[577,-3133],[3634,-2338]],[[89648,124652],[-598,1224]],[[89050,125876],[3403,-677],[1681,521]],[[94134,125720],[-1321,-2190],[113,-1272]],[[92926,122258],[-740,-1088]],[[92186,121170],[-2538,3482]],[[90313,149988],[-1264,3974],[-178,2854]],[[88871,156816],[4264,935]],[[93135,157751],[1657,-1724],[2486,1148],[1175,-3210],[-1435,-3037]],[[97018,150928],[-2332,-1276]],[[94686,149652],[-4373,336]],[[78973,123952],[944,740],[3823,505]],[[83740,125197],[1459,-3011]],[[85199,122186],[-1225,-1902]],[[83974,120284],[-4439,665]],[[79535,120949],[-562,3003]],[[97163,128534],[120,2967],[-3688,69]],[[93595,131570],[-829,2862],[2084,2902]],[[94850,137334],[-283,-2367],[1012,-2075],[1263,10],[5235,1489],[876,1315]],[[102953,135706],[324,-3507]],[[103277,132199],[-2140,-1872],[-3974,-1793]],[[127906,217613],[1436,-2644],[2577,193]],[[131919,215162],[-730,-3163],[-2542,-2273],[-2656,-1489],[-2109,-359],[-1823,1671]],[[89205,147659],[1108,2329]],[[94686,149652],[698,-1537],[-3818,-1853]],[[91566,146262],[-2361,1397]],[[55995,131979],[1214,-550],[3893,-3468],[1289,-2589]],[[62391,125372],[-3752,-2518]],[[58639,122854],[-1719,1963],[-304,1609]],[[56616,126426],[-1325,2780],[704,2773]],[[86222,135346],[2415,-3587]],[[88637,131759],[-126,-270]],[[88511,131489],[-4694,-2655]],[[83817,128834],[1149,2121],[-282,3424],[1538,967]],[[68580,140835],[2200,1529]],[[70780,142364],[1552,-4]],[[72332,142360],[365,-2451],[1442,-4114]],[[74139,135795],[-345,-205]],[[73794,135590],[-4434,937],[-944,1759],[1190,1413],[-1026,1136]],[[54381,116587],[-515,-5370],[916,-2103],[-1206,-2039]],[[53576,107075],[-3198,129],[-1359,1151],[-2109,3871],[312,2022]],[[47222,114248],[3080,1351],[1234,2602]],[[51536,118201],[2845,-1614]],[[88601,116996],[3504,2195]],[[92105,119191],[3995,109]],[[96100,119300],[2514,-701],[3121,262]],[[101735,118861],[5047,-280]],[[106782,118581],[-2097,-1742],[-3948,-71],[-2911,-1996],[-1310,-2886],[-4198,-3370]],[[92318,108516],[-2160,-630]],[[90158,107886],[-88,-26]],[[90070,107860],[-1398,300]],[[88672,108160],[214,761]],[[88886,108921],[339,2428],[-624,5647]],[[47222,114248],[-2258,3578],[-2692,158],[-3634,-1009],[-1918,-1343],[-741,-1755],[-1194,-978]],[[34785,112899],[-240,237]],[[34545,113136],[1360,1068],[515,1999],[-508,2831],[7826,3352],[2675,-102],[1845,-2153],[3278,-1930]],[[114667,122516],[2249,-1257],[-361,-2471]],[[114764,119028],[-2117,315]],[[112647,119343],[-2937,535]],[[109710,119878],[-149,1288]],[[109561,121166],[1245,538],[-283,2098],[4144,-1286]],[[97759,140617],[-1676,-1388]],[[96083,139229],[-2620,-535]],[[93463,138694],[-1498,1874]],[[91965,140568],[2736,2994]],[[94701,143562],[933,-1525],[2125,-1420]],[[75166,146283],[69,-1214]],[[75235,145069],[-1859,248],[-1547,-1398],[503,-1559]],[[70780,142364],[-1155,3910],[-3400,-2201],[1106,-2623]],[[67331,141450],[-2371,2012],[-1695,-1163],[-879,1575],[-1576,-560],[-979,2258]],[[59831,145572],[4059,4810],[3341,3278]],[[67231,153660],[2706,-3351],[1980,-399]],[[71917,149910],[-2579,-2147],[1359,-808],[3333,1042],[1136,-1714]],[[109710,119878],[-2928,-1297]],[[101735,118861],[-529,3086]],[[101206,121947],[2403,1581]],[[103609,123528],[614,-2989],[2283,-141],[3055,768]],[[50501,122508],[3450,1333],[967,2024],[1698,561]],[[58639,122854],[34,-1614],[-1901,-1517]],[[56772,119723],[-2162,-199],[-2296,1109],[-1813,1875]],[[92186,121170],[-181,-1653]],[[92005,119517],[-2269,203],[-2543,1511]],[[87193,121231],[338,1071],[2934,941],[-817,1409]],[[132786,215353],[-867,-191]],[[85844,169370],[-2041,1737]],[[83803,171107],[1472,2504]],[[74384,163757],[2879,-825],[1076,377]],[[78339,163309],[-54,-1753]],[[78285,161556],[-1087,-4231]],[[77198,157325],[-549,-705]],[[76649,156620],[-1963,895],[-2498,2632]],[[72188,160147],[2196,3610]],[[88511,131489],[1720,-2074]],[[90231,129415],[-4600,-1012]],[[85631,128403],[-1814,431]],[[116615,123210],[16,2594]],[[116631,125804],[2526,1167],[-410,2089],[3054,3856]],[[121801,132916],[3282,-1405]],[[122646,126595],[-2278,-1466],[-1744,-298],[-177,-1768],[-1832,147]],[[80594,159722],[1420,-224]],[[82014,159498],[-277,-2381],[619,-1487]],[[82356,155630],[-3535,-3122]],[[78821,152508],[-569,938]],[[78252,153446],[-1446,2025]],[[76806,155471],[-157,1149]],[[77198,157325],[3396,2397]],[[82014,159498],[1350,-242]],[[83364,159256],[2246,-3028]],[[85610,156228],[-1439,-1622]],[[84171,154606],[-1815,1024]],[[84497,163929],[-1965,1520],[-752,2162]],[[81780,167611],[2023,3496]],[[61146,133005],[1432,141]],[[62578,133146],[1432,-1805],[2127,-657]],[[66137,130684],[-1749,-1743]],[[64388,128941],[-3724,3218],[482,846]],[[56875,104691],[-491,-417]],[[56384,104274],[-135,111]],[[56249,104385],[70,1396],[-2743,1294]],[[54381,116587],[4647,-2145],[3501,-3425],[1062,-1581]],[[63591,109436],[-1243,-1481],[-4484,450],[-989,-3714]],[[62391,125372],[3044,-994]],[[65435,124378],[110,-1603],[2108,-4348]],[[67653,118427],[-1496,-999],[-2246,95],[-1174,-1909]],[[62737,115614],[-2265,1652],[-2166,589],[-1534,1868]],[[107564,156997],[-1274,-627],[47,-1920],[-2832,674],[-1578,-677],[-1248,-1795]],[[100679,152652],[-3661,-1724]],[[93135,157751],[554,2707],[2742,1970]],[[100944,164271],[1261,-2780],[2093,-2455],[3266,-2039]],[[89050,125876],[-459,991]],[[88591,126867],[3345,-27],[3851,910]],[[95787,127750],[1160,-1932]],[[96947,125818],[-2813,-98]],[[79289,165132],[-950,-1823]],[[74384,163757],[2711,4905],[3443,7112]],[[83896,174260],[-1855,-2435],[-4118,-3854],[-46,-1568],[1412,-1271]],[[81780,167611],[-2491,-2479]],[[78285,161556],[1902,356],[407,-2190]],[[73440,105819],[-624,-527]],[[72816,105292],[-1518,-26],[-1164,-2503],[-5854,-1722],[-2679,706],[-890,1486],[-3836,1458]],[[63591,109436],[4745,-3108],[5104,-509]],[[75636,121182],[1206,-558]],[[76842,120624],[114,-2227],[-1496,-168],[-447,-2733]],[[75013,115496],[-726,-740]],[[74287,114756],[-2429,953],[771,2875],[-483,1202]],[[72146,119786],[3490,1396]],[[79056,114462],[-1188,1267],[-2855,-233]],[[76842,120624],[2693,325]],[[83974,120284],[884,-1909],[3743,-1379]],[[88886,108921],[-3765,3943],[-3876,2695],[-2189,-1097]],[[72184,109441],[-4658,2403],[-4686,1608],[-103,2162]],[[67653,118427],[4493,1359]],[[74287,114756],[-2103,-5315]],[[66640,111446],[3374,-1344],[-1190,-1152],[-1742,176],[-442,2320]],[[103518,137482],[-1185,1525],[2705,671],[-684,1352],[-2996,-416],[-319,905]],[[101039,141519],[2145,3053],[2662,1494]],[[92105,119191],[-100,326]],[[92926,122258],[1612,-841],[2486,-30]],[[97024,121387],[-924,-2087]],[[87193,121231],[-1994,955]],[[83740,125197],[1339,476],[552,2730]],[[85631,128403],[2960,-1536]],[[78973,123952],[-4273,1173],[-2222,-695],[-199,-2639]],[[72279,121791],[-2059,801],[-1221,1714],[-3564,72]],[[55995,131979],[-2546,571],[-3005,-377],[-4700,-1669]],[[45744,130504],[-580,483],[1985,3497],[-604,1865],[2906,2751],[3344,-1192],[2158,1785]],[[54953,139693],[1308,-2145],[2729,-1677],[315,-1344],[1841,-1522]],[[64388,128941],[4343,-1315],[2738,546]],[[71469,128172],[2968,115],[260,2185],[-1883,2824],[-648,1993]],[[72166,135289],[1628,301]],[[74139,135795],[1385,902]],[[75524,136697],[1271,-1539],[1557,1954],[3548,-1949],[1870,1026]],[[83770,136189],[632,1187],[2876,459],[-1056,-2489]],[[68580,140835],[-1103,333]],[[67477,141168],[-146,282]],[[70179,133993],[1987,1296]],[[71469,128172],[-605,4312],[-685,1509]],[[106405,132108],[-3128,91]],[[102953,135706],[2636,-1100]],[[97024,121387],[4182,560]],[[82523,106060],[-4545,1508],[-3743,622],[-2051,1251]],[[79056,114462],[300,-2290],[2016,-4632],[1151,-1480]],[[72279,121791],[3357,-609]],[[50501,122508],[-2397,4329],[1491,3211],[-702,1174],[-3149,-718]],[[88672,108160],[-6149,-2100]],[[83156,105297],[1672,450]],[[84828,105747],[-1672,-450]],[[121801,132916],[-3219,983],[681,1097],[-1655,1431]],[[66137,130684],[2187,2240],[1855,1069]],[[94850,137334],[1233,1895]],[[97759,140617],[3280,902]],[[78252,153446],[-2546,-2840],[-1814,1179]],[[73892,151785],[2914,3686]],[[91965,140568],[-2863,220],[-2294,2295],[1119,1117],[38,2257]],[[87965,146457],[1240,1202]],[[91566,146262],[1168,-2252],[1967,-448]],[[73892,151785],[-1975,-1875]],[[67231,153660],[4957,6487]],[[107564,156997],[1194,0]],[[108758,156997],[2322,-3835],[1790,-578]],[[106192,146653],[-3210,680],[-55,3629],[-2248,1690]],[[75166,146283],[4933,2989]],[[80099,149272],[2615,-1088]],[[82714,148184],[1800,-2166]],[[84514,146018],[-3637,-3218],[-1922,-8]],[[78955,142792],[-1773,1978],[-1947,299]],[[84171,154606],[-1079,-2026],[-378,-4396]],[[80099,149272],[-1278,3236]],[[90231,129415],[3364,2155]],[[97163,128534],[-1376,-784]],[[88637,131759],[1850,2291],[-986,1457],[2512,1264],[1450,1923]],[[158681,234632],[-1680,-1084],[-2253,-142],[-1176,-1692],[-1495,-126],[-3765,1725],[-3253,247]],[[145059,233560],[-554,2641],[2988,-651],[1652,1286],[-1660,2476],[2265,2657],[3600,2337],[1987,-3511],[3098,755]],[[39021,81965],[810,-3087]],[[39831,78878],[-14,-1895],[-1850,-4369],[-6150,-896],[-3936,3319],[-1262,-361],[-1382,1784]],[[25237,76460],[-202,449]],[[25035,76909],[-371,465]],[[24664,77374],[-180,1699]],[[24484,79073],[382,486]],[[24866,79559],[350,974]],[[25216,80533],[-596,1502]],[[24620,82035],[-143,613]],[[24477,82648],[202,2225]],[[24679,84873],[4289,-553],[2338,-1523],[2802,-45],[4913,-787]],[[24651,81368],[-244,434]],[[24407,81802],[244,-434]],[[24679,84873],[2782,1051],[-1083,1311]],[[26378,87235],[1688,2553],[2736,-754],[1966,913],[3080,-977]],[[35848,88970],[122,23]],[[35970,88993],[4165,195],[904,-2104],[2128,207]],[[43167,87291],[-450,-2356],[-2769,-1570],[-927,-1400]],[[29396,90207],[455,-312]],[[29851,89895],[-455,312]],[[155965,119770],[-2751,-67],[-1179,-1249],[-3800,1451],[-1409,-2012],[-1791,-183],[-1691,1288]],[[146716,126534],[4642,646]],[[44968,55449],[-1612,838],[-139,5775],[-1760,829],[628,2826],[-246,3472],[-1063,89]],[[40776,69278],[1879,2184],[563,2346],[2954,-660],[2186,-3909],[2446,-297],[2962,-2494],[2965,949],[610,2141],[1811,463],[1995,-3014],[-4815,-5964],[-7715,-5470],[-3649,-104]],[[44527,78766],[-1209,1263],[-3487,-1151]],[[43167,87291],[2936,-1009]],[[46103,86282],[-648,-1580],[83,-5144],[-1011,-792]],[[16386,82489],[-615,3107],[954,2734],[4757,-1512],[1516,1653]],[[22998,88471],[1402,-2380],[1978,1144]],[[24477,82648],[-2524,-1343],[-2622,1293],[-2945,-109]],[[103609,123528],[6207,4428],[-539,2008]],[[109277,129964],[1347,1105]],[[110624,131069],[2356,-2377],[1461,-610],[65,-3230],[2125,952]],[[116615,123210],[-1948,-694]],[[96947,125818],[5463,2630],[2018,-773],[2503,263],[-360,1450],[2706,576]],[[109750,133521],[874,-2452]],[[46103,86282],[2633,-1820],[422,-3118],[2324,-3276],[2739,-1694],[3317,1297],[2958,-589],[-293,5451]],[[60203,82533],[885,123]],[[61088,82656],[2354,-5514]],[[63442,77142],[106,-6238],[620,-855]],[[64168,70049],[-2335,-97],[-820,2245],[-2244,1355],[-2964,-1276],[-5434,1554],[-1874,2452],[-2808,1235],[-1162,1249]],[[23289,59707],[916,1399],[-156,2357],[-2579,1158],[-1474,2476],[1090,1021],[2392,91],[-19,1311]],[[23459,69520],[2103,-1715],[3304,26],[4903,-1705],[1735,36],[3540,2713],[1732,403]],[[44968,55449],[-3347,-2837],[-5094,-1612],[-1833,1199],[-2444,-133],[-2436,821],[511,4438],[-2739,1533],[-4297,849]],[[58782,99368],[67,28]],[[58849,99396],[2980,-606]],[[61829,98790],[-2775,-1732],[-511,-2290],[2633,-3955],[423,-1327]],[[61599,89486],[-1274,-5043],[763,-1787]],[[60203,82533],[-2936,1718],[-695,2250],[-5991,430],[-1949,2997],[-1707,1685],[-2755,1574],[435,1306],[2377,426],[3635,1750],[3509,-89],[-1898,2915],[2698,1466],[3856,-1593]],[[16386,82489],[-4220,-1698]],[[12166,80791],[-2055,3580],[-2297,1568],[-1962,2437],[283,1257],[8410,5153],[1741,542],[3986,-636]],[[20272,94692],[37,-187]],[[20309,94505],[-689,-1784],[2674,-2451],[704,-1799]],[[26541,101287],[-533,29]],[[26008,101316],[533,-29]],[[23213,95774],[-21,-5]],[[23192,95769],[21,5]],[[24620,82035],[-213,-233]],[[24651,81368],[-3258,-1284],[-1948,-1855],[-4000,-193],[-3279,2755]],[[24664,77374],[-180,1699]],[[24866,79559],[350,974]],[[25237,76460],[-202,449]],[[116505,170391],[-1028,-5666],[-1835,-528],[-962,-2976],[-2639,-3647],[-1283,-577]],[[171551,280841],[1481,1539],[1426,-1316]],[[174458,281064],[2909,-2700],[1156,-186],[912,-2499],[4233,1465]],[[123535,109719],[-3205,-1686]],[[120330,108033],[-2900,-1266],[-3538,688]],[[113892,107455],[823,2241],[-667,1663]],[[114048,111359],[2370,-73],[-172,2097],[2872,-435],[1253,1579]],[[162785,76500],[1668,-11]],[[164453,76489],[2606,-484],[2265,-2415],[3056,-1449],[2712,-5182]],[[175092,66959],[-2097,-643]],[[172995,66316],[-4851,-1483]],[[168144,64833],[-2423,6205],[-2198,2269],[-738,3193]],[[115252,78675],[-429,-1504],[-5350,-4976],[-2898,1899],[-6736,-796],[-1500,2352],[4237,-782],[-334,2805],[1312,3578]],[[103554,81251],[3430,-305],[2824,-2132],[5444,-139]],[[61599,89486],[1138,2240],[4540,-2231]],[[67277,89495],[2696,-6561],[555,-4000]],[[70528,78934],[-2699,875],[-3153,-2687],[-1234,20]],[[141709,80131],[-9,1515],[-2439,1174],[-444,2343],[517,3065]],[[139334,88228],[3282,397]],[[142616,88625],[1361,-1583]],[[143977,87042],[1644,-2445],[-341,-2019]],[[145280,82578],[-3571,-2447]],[[159744,92449],[-593,2647],[-1140,1913]],[[158011,97009],[2639,630],[5942,-675]],[[166592,96964],[579,-3194]],[[167171,93770],[-4094,-1110],[-3333,-211]],[[174135,102262],[2427,2082],[2645,3097]],[[179207,107441],[1501,-769],[603,-5759],[921,-1499]],[[182232,99414],[3068,-2477],[419,-2861],[1549,-4111]],[[187268,89965],[-2995,1238],[-4815,-1844],[-1995,-189],[-2489,1163]],[[174974,90333],[429,1730],[3770,2107],[1234,1228],[-1676,2680],[-4874,3325],[278,859]],[[139334,88228],[-2193,750],[-1172,-607],[-2436,764]],[[133533,89135],[-1798,3810]],[[131735,92945],[1093,1436],[2111,312],[1599,1619],[-382,1815]],[[136156,98127],[470,106]],[[136626,98233],[1766,-1967],[669,-1811],[1938,254]],[[140999,94709],[1273,-3439],[344,-2645]],[[105186,92181],[-105,-2426]],[[105081,89755],[-2227,-751],[-5855,-3847],[890,-1453]],[[97889,83704],[-1821,-1835]],[[96068,81869],[681,2795],[-97,2246],[-2590,2093],[-700,-532]],[[93362,88471],[-11,2588],[-768,3432],[-1231,719],[90,3234]],[[91442,98444],[2356,395]],[[93798,98839],[2275,533],[2590,-1544],[1257,842]],[[99920,98670],[2125,-621],[1678,-1641],[-30,-3466],[1493,-761]],[[164453,76489],[242,5131]],[[164695,81620],[4828,763],[4223,1434]],[[173746,83817],[1597,-6396]],[[175343,77421],[3967,-6848]],[[179310,70573],[-4218,-3614]],[[246868,263544],[236,95]],[[247104,263639],[4305,571]],[[113759,100529],[1149,-5203]],[[114908,95326],[-3906,386]],[[111002,95712],[-2488,486]],[[108514,96198],[-117,1557],[1591,2360],[-522,2487]],[[109466,102602],[565,412]],[[110031,103014],[1374,-586],[321,-2229],[2033,330]],[[141554,69509],[-2978,-2059],[-281,-1547],[-1893,-2351],[-3597,-397]],[[132805,63155],[1567,1884],[-726,2932],[970,2921],[1257,1923],[-2390,372],[-2445,2128]],[[131038,75315],[791,1908],[2109,504],[3788,2027],[2475,-360]],[[140201,79394],[-874,-3032]],[[139327,76362],[-2858,-2123],[545,-1421],[2137,286],[2403,-3595]],[[144245,72453],[-78,3068],[-2640,844],[-2200,-3]],[[140201,79394],[1508,737]],[[145280,82578],[4716,358]],[[149996,82936],[-158,-2898],[2137,-2399],[689,-1641]],[[152664,75998],[-1633,-758],[49,-2581]],[[151080,72659],[-1473,-512]],[[149607,72147],[-333,416],[-5029,-110]],[[89491,86235],[-933,3122],[-2281,987]],[[86277,90344],[385,3257],[1205,1952],[-856,1926]],[[87011,97479],[2293,-1],[2138,966]],[[93362,88471],[-2362,-2031],[-1509,-205]],[[103753,103381],[-350,3669]],[[103403,107050],[2348,763],[3261,15]],[[109012,107828],[1019,-4814]],[[109466,102602],[-5713,779]],[[112870,87798],[-903,-1582]],[[111967,86216],[-430,-801],[-3144,-929],[-3102,3131],[-210,2138]],[[105186,92181],[3438,2084],[-110,1933]],[[111002,95712],[1754,-2060],[-314,-2383],[-1252,-1243],[1680,-2228]],[[121509,86791],[59,-1217],[-3444,-3699],[-136,-1782]],[[117988,80093],[-2305,493]],[[115683,80586],[-1959,853],[292,3280],[-2049,1497]],[[112870,87798],[3124,-148],[5515,-859]],[[169285,111533],[641,-2122],[-489,-1543]],[[169437,107868],[-4376,-93],[-1107,717]],[[163954,108492],[-1554,3633]],[[162400,112125],[1398,1776]],[[131735,92945],[-2304,-150],[-2384,1343]],[[127047,94138],[-714,2340],[-1668,2435]],[[124665,98913],[1523,3170],[2617,78]],[[128805,102161],[2619,-2272],[269,-1857],[2157,-1513],[2306,1608]],[[162785,76500],[-1540,2087],[-1095,-133]],[[160150,78454],[-2458,-727],[-2531,1151]],[[155161,78878],[-566,4331]],[[154595,83209],[2282,1092],[1750,-1588],[1490,1380],[1933,58]],[[162050,84151],[2645,-2531]],[[139109,111676],[1435,-240],[2579,982]],[[143123,112418],[897,-2270],[-1313,-387],[835,-3395],[838,-698]],[[144380,105668],[-4802,-447],[-461,-2936],[-2396,-76]],[[136721,102209],[-1483,-157],[-1086,1367],[-3853,987]],[[130299,104406],[1538,550],[-1190,3231],[-1693,1946]],[[130299,104406],[-1494,-2245]],[[124665,98913],[-2688,-497]],[[121977,98416],[-302,4549]],[[121675,102965],[512,3580],[-1857,1488]],[[123601,86655],[2818,-2197],[1335,-363],[2385,1065]],[[130139,85160],[288,-2040],[-2635,-7612]],[[127792,75508],[-6190,-124]],[[121602,75384],[-1583,4745],[-2031,-36]],[[121509,86791],[2092,-136]],[[121977,98416],[-869,-2746],[-3522,-564],[-2678,220]],[[113759,100529],[360,2405],[3922,-1644],[828,1049],[2806,626]],[[169437,107868],[895,-2217],[1213,-187],[1400,-2091]],[[172945,103373],[-3038,-2139],[-624,-1260],[-2891,-1900]],[[166392,98074],[-365,1933]],[[166027,100007],[-581,3064],[-2389,3742],[897,1679]],[[149996,82936],[2475,1737],[-1066,1376]],[[151405,86049],[1147,1414]],[[152552,87463],[716,-3154],[1327,-1100]],[[155161,78878],[-2497,-2880]],[[131038,75315],[-3246,193]],[[130139,85160],[720,1551],[2674,2424]],[[123601,86655],[1184,1804],[-634,1750],[738,1746],[2158,2183]],[[99920,98670],[-398,2930],[4231,1781]],[[162400,112125],[-1629,-771],[-1279,1328],[-4989,-2167],[312,-1495]],[[154815,109020],[-3270,1001],[-2387,-565]],[[149158,109456],[-15,1097],[-3104,2205],[-2916,-340]],[[89491,86235],[-1572,-1816],[-4210,-2436],[-567,-1364]],[[83142,80619],[-716,1013],[-3550,-513]],[[78876,81119],[1130,4367],[1492,2856],[-1573,1797]],[[79925,90139],[2535,775],[-239,-1833],[4056,1263]],[[141658,94981],[-1050,3140],[3341,2248]],[[143949,100369],[2935,-1215],[2168,-1802]],[[149052,97352],[-787,-1957],[468,-2457]],[[148733,92938],[-1665,1697],[-3612,-1502],[-1798,1848]],[[144380,105668],[1873,-1543]],[[146253,104125],[-554,-2005],[-1750,-1751]],[[141658,94981],[-659,-272]],[[136626,98233],[95,3976]],[[148733,92938],[2191,-333],[1843,-1658],[-395,-1210]],[[152372,89737],[180,-2274]],[[151405,86049],[-2134,-412],[-892,2267],[-4402,-862]],[[158950,74656],[1200,3798]],[[168144,64833],[-6845,-2113]],[[161299,62720],[-1230,4311]],[[160069,67031],[-1111,3917],[-8,3708]],[[61829,98790],[5554,1278],[4101,573]],[[71484,100641],[3253,-2455],[948,-1475]],[[75685,96711],[-780,-588],[390,-3226],[748,-1534]],[[76043,91363],[-408,-1408],[-4199,-1288],[-4159,828]],[[119183,192962],[166,-1995],[-1570,-290],[687,-2860],[2232,-304],[-961,-2239]],[[166392,98074],[200,-1110]],[[158011,97009],[-3905,3107]],[[154106,100116],[-562,1283],[2644,3745],[-247,601]],[[155941,105745],[1766,-316],[3893,-3786],[3649,998],[778,-2634]],[[143544,56807],[-2067,2553],[484,2508],[2059,2557],[-87,4903]],[[143933,69328],[1048,-972],[5447,1366]],[[150428,69722],[755,-1263],[-2299,-1278],[-1425,-2384],[1191,-2644],[-404,-1146]],[[148246,61007],[-1395,-1719],[-1608,-275],[-1699,-2206]],[[149052,97352],[1872,428],[3182,2336]],[[159744,92449],[83,-1411]],[[159827,91038],[-2127,-1836],[-2595,1048],[-2733,-513]],[[144245,72453],[-401,-2171]],[[143844,70282],[-2290,-773]],[[149607,72147],[821,-2425]],[[143933,69328],[-89,954]],[[109012,107828],[1908,331],[2972,-704]],[[103403,107050],[704,1431],[352,3389],[-2031,-224],[-4009,696],[-2128,-2575],[-2439,-1592],[-1534,341]],[[112647,119343],[-927,-2982],[-1658,-829],[32,-3853],[3954,-320]],[[70528,78934],[1668,-606]],[[72196,78328],[-36,-4801],[2747,-3740],[-700,-1083],[-2614,-1175],[-3004,399],[-444,2241],[-3977,-120]],[[96068,81869],[-2878,-3748],[-1851,-825],[194,-1987],[-2754,-25],[-3842,813],[-2747,-1062],[-348,2952],[1300,2632]],[[180445,22103],[-1742,858],[127,2377]],[[178830,25338],[2487,1156],[777,-945],[3670,469],[-847,-2931]],[[184917,23087],[-2830,507],[-1642,-1491]],[[185343,19631],[450,923]],[[185793,20554],[4507,-1423],[-146,-1756]],[[190154,17375],[-2591,-620],[-799,-3214],[-984,-133]],[[185780,13408],[-1466,2441],[-251,1952],[1280,1830]],[[169609,21987],[1720,715],[1919,-517]],[[173248,22185],[1171,-758],[-638,-1955]],[[173781,19472],[-3163,-1309]],[[170618,18163],[-1930,-333],[-273,1850]],[[168415,19680],[1194,2307]],[[192898,58765],[-3598,-3928]],[[189300,54837],[-1500,1095],[-1777,-601],[-1402,1226]],[[184621,56557],[254,821]],[[184875,57378],[1295,267],[1436,2111],[2477,1196]],[[190083,60952],[2815,-2187]],[[182232,99414],[2665,2076],[1133,1559]],[[186030,103049],[3308,-1591],[2082,-1618],[-1202,-4559],[2099,-1454],[2500,-2899],[1405,-3089],[1611,-1225],[957,-2166]],[[198790,84448],[-3060,-561]],[[195730,83887],[-1970,1808]],[[193760,85695],[-1953,2813],[-2267,196],[-2272,1261]],[[185343,19631],[-5876,1077]],[[179467,20708],[978,1395]],[[184917,23087],[876,-2533]],[[180478,110613],[2883,-673],[2414,-1376],[255,-5515]],[[179207,107441],[-990,163]],[[178217,107604],[1281,2671]],[[185780,13408],[-1155,-1426],[1238,-1540]],[[185863,10442],[430,-2822]],[[186293,7620],[-1392,2124],[-2475,2481]],[[182426,12225],[-3259,4938]],[[179167,17163],[-1991,1693],[1641,1479]],[[178817,20335],[650,373]],[[190154,17375],[-296,-1692],[915,-2012],[-742,-1292],[-4168,-1937]],[[167868,12845],[-368,-1250]],[[167500,11595],[-958,-3784],[-3262,-1434]],[[163280,6377],[-2891,1738],[-1228,2593],[864,3056],[4457,3731]],[[164482,17495],[1297,-3709],[2089,-941]],[[170474,14991],[-1548,-233],[-1058,-1913]],[[164482,17495],[2171,3899]],[[166653,21394],[1762,-1714]],[[170618,18163],[-144,-3172]],[[178217,107604],[-2297,987],[-485,2580],[-1048,858]],[[159348,59986],[1951,2734]],[[172995,66316],[-554,-977],[1403,-1927],[1781,-458]],[[175625,62954],[-1161,-634],[-1861,-4015],[1387,-3366],[-4301,-807]],[[169689,54132],[-3345,3071],[-802,1621],[-1760,398],[-2299,-733],[-2135,1497]],[[173781,19472],[3007,1012],[2029,-149]],[[179167,17163],[-3010,-2493],[-1334,-15]],[[174823,14655],[-4349,336]],[[189300,54837],[-304,-2451],[400,-4194]],[[189396,48192],[-652,-1931],[-4303,-371],[-1302,1513],[-1950,-1927]],[[181189,45476],[-2293,1164],[-114,1036],[2081,2483]],[[180863,50159],[3507,3672],[251,2726]],[[177248,24956],[1582,382]],[[173248,22185],[851,1989],[1496,-566],[1653,1348]],[[186293,7620],[-1395,-1896],[-1430,907]],[[183468,6631],[-1752,2155],[-302,1856]],[[181414,10642],[1012,1583]],[[166653,21394],[6,2028],[-1834,78],[3209,3939],[501,2374]],[[168535,29813],[1123,-2015],[-465,-2110],[416,-3701]],[[182992,5920],[1371,-1768],[2258,-1478],[-955,-2107],[-2652,-95],[-1233,876],[-1636,-611]],[[180145,737],[414,3724],[2433,1459]],[[189172,71877],[292,2722],[5609,341],[-130,2469],[1312,1853],[-525,4625]],[[198790,84448],[750,-3647],[-1177,-8405],[1520,-4345],[-3978,-3072],[-1013,-2864],[-1994,-3350]],[[190083,60952],[2112,2751],[524,2383],[-1660,1515],[-672,3194],[-1215,1082]],[[193760,85695],[-2392,-160],[-2771,574],[515,-3169],[-2664,-1451],[-3003,-898],[-8102,-3170]],[[173746,83817],[-1038,6921]],[[172708,90738],[2266,-405]],[[181414,10642],[-4708,89]],[[176706,10731],[-1883,3924]],[[166494,48771],[-2628,-841],[-3497,290],[-813,1683],[-5626,2316]],[[153930,52219],[3681,958],[486,4916],[1251,1893]],[[169689,54132],[-705,-1958],[-1699,-430],[-791,-2973]],[[176706,10731],[-2000,-1520]],[[174706,9211],[-2522,-365],[-1541,2148],[-3143,601]],[[132677,187334],[11980,8427],[46,2108],[1478,2614],[2964,289],[3814,3934],[1057,520]],[[189172,71877],[-3770,-1533],[-4240,-498],[-1852,727]],[[215626,123340],[-914,1084],[-4182,911],[1299,-2289],[-452,-2896],[-2699,908],[-1249,1676],[-2685,-205],[-510,2040]],[[204234,124569],[2223,824],[-2947,5627],[1089,1453]],[[212132,136335],[2183,-288],[1364,962]],[[215679,137009],[4104,-1294]],[[84801,163547],[-1437,-4291]],[[230670,144615],[1,-501]],[[215679,137009],[528,1111],[-988,3720]],[[215219,141840],[1203,1264],[2553,1085],[1518,-1876],[3887,2021],[1104,2823],[1513,-1297],[3673,-1245]],[[116499,209030],[42,-1943]],[[75524,136697],[2145,2825],[-36,2247],[1322,1023]],[[84514,146018],[536,-303]],[[85050,145715],[-1280,-9526]],[[175625,62954],[5388,-1766],[3756,-2499],[106,-1311]],[[180863,50159],[-1800,272],[-2203,1350],[-1415,-2789],[-3289,-2712]],[[172156,46280],[-3405,-1732],[-85,3015],[-2172,1208]],[[172697,38799],[-1669,2089],[3186,2942],[-2058,2450]],[[181189,45476],[-2904,-2910]],[[178285,42566],[-2859,180],[-1504,-2869],[-1225,-1078]],[[218581,298219],[-138,622]],[[218443,298841],[3869,1265],[4215,1883],[5079,873],[3477,-1195],[1085,976],[4555,-2293],[-401,-3770]],[[215102,310534],[-3103,507],[1065,1391],[2038,-1898]],[[162050,84151],[-416,2290],[-1807,4597]],[[167171,93770],[1942,484],[976,-2173],[2619,-1343]],[[79925,90139],[-2954,362],[-928,862]],[[75685,96711],[2969,256],[2657,-1351],[2880,2293],[2820,-430]],[[160069,67031],[-1621,-2936],[-1812,469],[-2603,-1200],[-3630,-2887]],[[150403,60477],[-2157,530]],[[151080,72659],[2229,96],[2839,1434],[2802,467]],[[201720,288195],[-345,383],[-1808,735],[-744,25],[-941,-600],[-965,2424],[-2751,3380],[731,1624]],[[194915,296193],[4599,373],[3026,-1935],[5037,2364],[10866,1846]],[[127792,75508],[678,-4466],[-721,-2022],[655,-5480]],[[128404,63540],[-2627,-1366],[-1970,583],[-172,3480],[-4195,5214],[2162,3933]],[[189396,48192],[644,-1239],[3957,229],[2579,-1628],[-1034,-1034],[-4755,-1653],[-1133,-1752],[-2737,-2546]],[[186917,38569],[-1095,1903],[-2546,750],[-882,-671],[-3188,-118],[-921,2133]],[[149158,109456],[-1706,-725],[714,-1720],[-1019,-2698],[-894,-188]],[[87965,146457],[-2915,-742]],[[85610,156228],[3261,588]],[[78876,81119],[-3086,-930],[-3594,-1861]],[[26008,101316],[120,1596],[-2104,1520],[-667,3079],[838,1730],[1842,1574],[3872,775],[2934,-393],[1702,1939]],[[34785,112899],[-1194,-1919],[4268,512],[1661,-1459],[4248,76],[2267,-3355],[505,-1834],[2021,-269],[3374,-1888],[1457,1206],[2857,416]],[[56384,104274],[-3594,-984],[-721,-2889],[-1755,-1585],[-1470,-113],[-2802,-1466],[-2894,-305],[-2730,1657],[-2652,477],[-815,3857],[-1291,1247],[-2289,660],[-663,1579],[-6272,-3089],[105,-2033]],[[58782,99368],[67,28]],[[230813,236299],[-1904,760],[-1387,3767],[-5472,1030],[-1684,2998]],[[224899,253773],[707,2219],[1924,2159],[1838,50],[5130,3390]],[[245402,250525],[-6459,-1837],[-3326,-1761],[-4094,-1004],[38,-4384],[696,-4041]],[[174135,102262],[-1190,1111]],[[155941,105745],[-1126,3275]],[[198448,221739],[1360,1856],[3146,935],[-393,1366],[1075,1873],[2099,444],[1406,-1743],[2232,-613],[3554,990]],[[20272,94692],[2920,1077]],[[23213,95774],[2972,-1009],[6177,1401],[3410,-667],[2086,-3011],[2,-1664],[-1890,-1831]],[[35848,88970],[-1929,1647],[-2338,-853],[-2975,890],[-3209,-2130],[-1759,2337],[-2463,1691],[-866,1953]],[[29396,90207],[455,-312]],[[122837,158925],[-4728,-1532],[-851,4920],[873,3686],[-1313,2328],[457,1250],[2132,587]],[[215340,251314],[-4998,-2287]],[[216794,272774],[1566,-3715],[171,-3543],[-3905,-1368],[734,-2662],[1551,-2704],[-499,-2874]],[[230440,193792],[1384,-883]],[[207466,241915],[1108,-692],[-1703,-2370],[4086,-1303],[782,-3536],[1386,-26],[1949,-1427],[-1596,-4074]],[[194457,225183],[1919,2318],[-5593,6675]],[[173781,127260],[2336,1423],[441,3017]],[[153930,52219],[-763,2612],[184,2014],[-2948,3632]],[[190976,213448],[-2295,-541],[-4340,-2478]],[[184341,210429],[-2662,1885]],[[71484,100641],[1155,3082],[3050,1934],[3867,-1793],[6818,1345],[3696,2651]],[[90158,107886],[1471,-3636],[2101,112],[854,-1615],[-1733,-745],[947,-3163]],[[84828,105747],[-1672,-450]],[[73440,105819],[-624,-527]],[[175794,31307],[-1696,-321],[-305,1888],[-1499,137],[-263,2132],[-1702,-751]],[[170329,34392],[-315,3286],[2683,1121]],[[186917,38569],[-2698,-1390],[-1928,-2635],[-196,-1840],[-2013,-1023],[-1776,3520],[-3204,-2314],[692,-1580]],[[23289,59707],[-2454,1629],[-1219,-202],[-3442,1901],[-694,-661],[-4613,-1127],[763,-4550],[-5661,-394],[-2720,1780],[-2489,3967],[-760,2585],[1936,2092],[-1066,3994],[3883,2167],[4621,877],[1107,780],[2828,-243],[2975,-2109],[3648,-1308],[3147,-577],[380,-788]],[[163532,287466],[8574,4696]],[[177909,285430],[-2516,-1581],[684,-1543],[-1619,-1242]],[[115683,80586],[-431,-1911]],[[103554,81251],[-1812,1561],[-3853,892]],[[131248,61643],[1557,1512]],[[143544,56807],[-4966,1498],[-665,-1403],[-2833,-181],[-4897,763],[1065,4159]],[[131248,61643],[-2844,1897]],[[183468,6631],[-476,-711]],[[180145,737],[-1373,-737],[-1861,626],[-271,1539],[-2902,-539]],[[173738,1626],[-1731,3627],[3036,2831],[-337,1127]],[[163425,127056],[-57,1661],[-3146,2367],[378,2581]],[[211730,166322],[4702,3701],[2473,998],[2148,21]],[[227474,159007],[-2229,-1266],[-1477,2101],[-2447,-596],[-2573,404],[-1719,-460]],[[247519,188602],[1982,3268],[1116,12],[1236,-4012],[1788,-2912],[1311,-152],[1225,-3113]],[[54953,139693],[4878,5879]],[[67477,141168],[-3094,-2157],[2560,-1790],[-4365,-4075]],[[215219,141840],[-1530,584],[-2798,6265],[1587,1480]],[[235493,152985],[-580,-3717],[-1048,-1226],[-2756,-575],[-439,-2852]],[[175794,31307],[131,-1549],[1893,-1760],[-570,-3042]],[[168535,29813],[-1089,1626],[1459,3255],[1424,-302]],[[255137,280039],[7832,-2125],[782,-4197],[-1776,-4825]],[[247104,263639],[-1113,5317],[-1437,1103],[-1721,-317],[1516,5093],[-1035,1446]],[[182040,208572],[2301,1857]],[[145059,233560],[-987,-304],[-4321,2818],[446,2724],[2523,1310],[-370,3295],[870,2663],[-1014,3226],[660,3218],[-2067,3607],[1147,804],[-1137,3792],[74,1461],[1703,1512],[481,3371]],[[126635,250088],[-59,68]],[[126576,250156],[59,-68]],[[173738,1626],[-2649,-1045],[-2166,2942],[-2309,-1671],[-3472,-1460],[-815,896],[1276,2265],[-323,2824]],[[102745,240621],[3642,-2544],[2747,333],[2162,1241],[1961,2827],[2344,580],[2357,-262],[8618,7360]],[[126635,250088],[-8608,-7522],[648,-848],[4350,-8727],[-692,-7904]],[[204234,124569],[-5778,-90],[-2192,1632],[-1098,2037]]],"transform":{"scale":[1,1],"translate":[13565,306856]},"objects":{"gemeente_2012":{"type":"GeometryCollection","geometries":[{"arcs":[[0,1,2]],"type":"Polygon","properties":{"id":143569,"statcode":"GM0003","statnaam":"Appingedam","jrstatcode":"2012GM0003","rubriek":"gemeente","FID":"gemeente_gegeneraliseerd_2012.6b059363-a9e2-4e96-884c-5803fc6ec472"},"id":"GM0003"},{"arcs":[[3,4,5,6,7]],"type":"Polygon","properties":{"id":143570,"statcode":"GM0005","statnaam":"Bedum","jrstatcode":"2012GM0005","rubriek":"gemeente","FID":"gemeente_gegeneraliseerd_2012.86e67b1e-4df0-4799-9bca-e4f4dfb7d335"},"id":"GM0005"},{"arcs":[[8,9,10,11,12]],"type":"Polygon","properties":{"id":143571,"statcode":"GM0007","statnaam":"Bellingwedde","jrstatcode":"2012GM0007","rubriek":"gemeente","FID":"gemeente_gegeneraliseerd_2012.d5d36649-2fcc-4b17-baa7-1e55dfe42e4f"},"id":"GM0007"},{"arcs":[[13,14,-4,15]],"type":"Polygon","properties":{"id":143572,"statcode":"GM0009","statnaam":"Ten Boer","jrstatcode":"2012GM0009","rubriek":"gemeente","FID":"gemeente_gegeneraliseerd_2012.e621e373-63c1-4f11-a23f-75923b9f9bd3"},"id":"GM0009"},{"arcs":[[16,-3,17,18,19,20]],"type":"Polygon","properties":{"id":143573,"statcode":"GM0010","statnaam":"Delfzijl","jrstatcode":"2012GM0010","rubriek":"gemeente","FID":"gemeente_gegeneraliseerd_2012.01fc91e8-19f9-47c5-aa64-9d3972b4fe0b"},"id":"GM0010"},{"arcs":[[21,22,23,24,25,26,-5,-15,27,28]],"type":"Polygon","properties":{"id":143574,"statcode":"GM0014","statnaam":"Groningen","jrstatcode":"2012GM0014","rubriek":"gemeente","FID":"gemeente_gegeneraliseerd_2012.60e37c13-1d6d-4ac6-9eff-b05dddb2d9c4"},"id":"GM0014"},{"arcs":[[29,30,31,32,33]],"type":"Polygon","properties":{"id":143575,"statcode":"GM0015","statnaam":"Grootegast","jrstatcode":"2012GM0015","rubriek":"gemeente","FID":"gemeente_gegeneraliseerd_2012.acbf9953-f916-45d3-b188-43044bd97f3d"},"id":"GM0015"},{"arcs":[[-22,34,35]],"type":"Polygon","properties":{"id":143576,"statcode":"GM0017","statnaam":"Haren","jrstatcode":"2012GM0017","rubriek":"gemeente","FID":"gemeente_gegeneraliseerd_2012.f191676e-1998-40bf-8016-c19ecab55897"},"id":"GM0017"},{"arcs":[[-29,36,37,38,39,40,-35]],"type":"Polygon","properties":{"id":143577,"statcode":"GM0018","statnaam":"Hoogezand-Sappemeer","jrstatcode":"2012GM0018","rubriek":"gemeente","FID":"gemeente_gegeneraliseerd_2012.988a7e8c-4948-4ae3-8567-b7a1f2a036d5"},"id":"GM0018"},{"arcs":[[41,42,-33,43,-25,44]],"type":"Polygon","properties":{"id":143578,"statcode":"GM0022","statnaam":"Leek","jrstatcode":"2012GM0022","rubriek":"gemeente","FID":"gemeente_gegeneraliseerd_2012.72c4aa1a-2d55-4f7f-8355-a39957797f8b"},"id":"GM0022"},{"arcs":[[-18,-2,45,-16,-8,46]],"type":"Polygon","properties":{"id":143579,"statcode":"GM0024","statnaam":"Loppersum","jrstatcode":"2012GM0024","rubriek":"gemeente","FID":"gemeente_gegeneraliseerd_2012.b8b45d11-9dcc-44a6-9e6e-dfce25e1a712"},"id":"GM0024"},{"arcs":[[-43,47,48,-34]],"type":"Polygon","properties":{"id":143580,"statcode":"GM0025","statnaam":"Marum","jrstatcode":"2012GM0025","rubriek":"gemeente","FID":"gemeente_gegeneraliseerd_2012.9146ad24-a7ae-488a-9d39-7ce043dcb9f3"},"id":"GM0025"},{"arcs":[[49,50,51]],"type":"Polygon","properties":{"id":143581,"statcode":"GM0034","statnaam":"Almere","jrstatcode":"2012GM0034","rubriek":"gemeente","FID":"gemeente_gegeneraliseerd_2012.194657db-623f-436b-aa3e-bf3c9fc1de25"},"id":"GM0034"},{"arcs":[[52,53,54,-9,55,56]],"type":"Polygon","properties":{"id":143582,"statcode":"GM0037","statnaam":"Stadskanaal","jrstatcode":"2012GM0037","rubriek":"gemeente","FID":"gemeente_gegeneraliseerd_2012.ae023f32-cd15-4391-82fb-a4ae8d00bbc9"},"id":"GM0037"},{"arcs":[[57,-37,-28,-14,-46,-1,-17,58]],"type":"Polygon","properties":{"id":143583,"statcode":"GM0040","statnaam":"Slochteren","jrstatcode":"2012GM0040","rubriek":"gemeente","FID":"gemeente_gegeneraliseerd_2012.b1c7bbfc-3c3a-4f7c-b549-a06bd3ea0ae2"},"id":"GM0040"},{"arcs":[[-54,59,-39,60,61]],"type":"Polygon","properties":{"id":143584,"statcode":"GM0047","statnaam":"Veendam","jrstatcode":"2012GM0047","rubriek":"gemeente","FID":"gemeente_gegeneraliseerd_2012.e5ced679-3930-411d-bc49-450ac52e9c2d"},"id":"GM0047"},{"arcs":[[-56,-13,62,63,64]],"type":"Polygon","properties":{"id":143585,"statcode":"GM0048","statnaam":"Vlagtwedde","jrstatcode":"2012GM0048","rubriek":"gemeente","FID":"gemeente_gegeneraliseerd_2012.d5bb1571-e0a4-429f-8c07-7a4370f37116"},"id":"GM0048"},{"arcs":[[-51,65,66,67]],"type":"Polygon","properties":{"id":143586,"statcode":"GM0050","statnaam":"Zeewolde","jrstatcode":"2012GM0050","rubriek":"gemeente","FID":"gemeente_gegeneraliseerd_2012.57d89a9d-564d-41af-aaf8-4753bd3317d3"},"id":"GM0050"},{"arcs":[[68,69,70,71,72,73]],"type":"Polygon","properties":{"id":143587,"statcode":"GM0051","statnaam":"Skarsterlân","jrstatcode":"2012GM0051","rubriek":"gemeente","FID":"gemeente_gegeneraliseerd_2012.12fa5ccc-f3fd-44c8-b70f-433aaa0e2556"},"id":"GM0051"},{"arcs":[[-27,74,75,76,-6]],"type":"Polygon","properties":{"id":143588,"statcode":"GM0053","statnaam":"Winsum","jrstatcode":"2012GM0053","rubriek":"gemeente","FID":"gemeente_gegeneraliseerd_2012.3f509e45-19d4-483f-b84d-42f40b20ea6c"},"id":"GM0053"},{"arcs":[[77,78,79,-73,80,81,82,83]],"type":"Polygon","properties":{"id":143589,"statcode":"GM0055","statnaam":"Boarnsterhim","jrstatcode":"2012GM0055","rubriek":"gemeente","FID":"gemeente_gegeneraliseerd_2012.22d27520-3e92-4548-a493-09b2a6ff67cd"},"id":"GM0055"},{"arcs":[[-26,-44,-32,84,85,86,87,-75]],"type":"Polygon","properties":{"id":143590,"statcode":"GM0056","statnaam":"Zuidhorn","jrstatcode":"2012GM0056","rubriek":"gemeente","FID":"gemeente_gegeneraliseerd_2012.a165dc5f-f6f7-494a-a547-8e33d5ad45fb"},"id":"GM0056"},{"arcs":[[88,89,90,91,92,93]],"type":"Polygon","properties":{"id":143591,"statcode":"GM0058","statnaam":"Dongeradeel","jrstatcode":"2012GM0058","rubriek":"gemeente","FID":"gemeente_gegeneraliseerd_2012.663c118d-d2e2-4d7b-86fc-dd40403c8145"},"id":"GM0058"},{"arcs":[[96,97,98,-85,-31,99]],"type":"Polygon","properties":{"id":143592,"statcode":"GM0059","statnaam":"Achtkarspelen","jrstatcode":"2012GM0059","rubriek":"gemeente","FID":"gemeente_gegeneraliseerd_2012.4321e65c-9b4d-4449-af84-c1678b359561"},"id":"GM0059"},{"arcs":[[100]],"type":"Polygon","properties":{"id":143593,"statcode":"GM0060","statnaam":"Ameland","jrstatcode":"2012GM0060","rubriek":"gemeente","FID":"gemeente_gegeneraliseerd_2012.bdbed859-a3fc-4368-acd5-4e4d3d4f6c71"},"id":"GM0060"},{"arcs":[[101,102,103,104,105]],"type":"Polygon","properties":{"id":143594,"statcode":"GM0063","statnaam":"het Bildt","jrstatcode":"2012GM0063","rubriek":"gemeente","FID":"gemeente_gegeneraliseerd_2012.1f7369c0-fd40-4e7b-81e4-65e4eecd7d0d"},"id":"GM0063"},{"arcs":[[-103,106,107,108,109,110]],"type":"Polygon","properties":{"id":143595,"statcode":"GM0070","statnaam":"Franekeradeel","jrstatcode":"2012GM0070","rubriek":"gemeente","FID":"gemeente_gegeneraliseerd_2012.f1ae531f-74c7-4e95-a643-b8f428ad33f1"},"id":"GM0070"},{"arcs":[[-110,111,112]],"type":"Polygon","properties":{"id":143596,"statcode":"GM0072","statnaam":"Harlingen","jrstatcode":"2012GM0072","rubriek":"gemeente","FID":"gemeente_gegeneraliseerd_2012.92f16b7e-4dc9-4a34-99df-8235c71fafcd"},"id":"GM0072"},{"arcs":[[-74,-80,113,114,115]],"type":"Polygon","properties":{"id":143597,"statcode":"GM0074","statnaam":"Heerenveen","jrstatcode":"2012GM0074","rubriek":"gemeente","FID":"gemeente_gegeneraliseerd_2012.fe76f173-cca9-4740-81bc-9bfd44d14d07"},"id":"GM0074"},{"arcs":[[116,-93,117,-86,-99]],"type":"Polygon","properties":{"id":143598,"statcode":"GM0079","statnaam":"Kollumerland en Nieuwkruisland","jrstatcode":"2012GM0079","rubriek":"gemeente","FID":"gemeente_gegeneraliseerd_2012.beb06a74-eb4e-4c09-af3e-9280e8e8654d"},"id":"GM0079"},{"arcs":[[118,-83,119,120,121]],"type":"Polygon","properties":{"id":143599,"statcode":"GM0080","statnaam":"Leeuwarden","jrstatcode":"2012GM0080","rubriek":"gemeente","FID":"gemeente_gegeneraliseerd_2012.0236eca8-9a5b-4e5c-a092-16e8d2c45c50"},"id":"GM0080"},{"arcs":[[122,-106,123,124,-122]],"type":"Polygon","properties":{"id":143600,"statcode":"GM0081","statnaam":"Leeuwarderadeel","jrstatcode":"2012GM0081","rubriek":"gemeente","FID":"gemeente_gegeneraliseerd_2012.ccb0c966-91f5-4675-80ab-273e6ff410eb"},"id":"GM0081"},{"arcs":[[125,126,127,128,129,-70]],"type":"Polygon","properties":{"id":143601,"statcode":"GM0082","statnaam":"Lemsterland","jrstatcode":"2012GM0082","rubriek":"gemeente","FID":"gemeente_gegeneraliseerd_2012.4ae6b356-26de-4a41-8a22-390ac37306e0"},"id":"GM0082"},{"arcs":[[130,131,132,133,-115,134]],"type":"Polygon","properties":{"id":143602,"statcode":"GM0085","statnaam":"Ooststellingwerf","jrstatcode":"2012GM0085","rubriek":"gemeente","FID":"gemeente_gegeneraliseerd_2012.f824cd18-caf2-4b49-aebf-758641f729bb"},"id":"GM0085"},{"arcs":[[-48,-42,135,-135,-114,-79,136]],"type":"Polygon","properties":{"id":143603,"statcode":"GM0086","statnaam":"Opsterland","jrstatcode":"2012GM0086","rubriek":"gemeente","FID":"gemeente_gegeneraliseerd_2012.dbe7d83b-56fc-4fbb-a52b-4f1068b8ec5d"},"id":"GM0086"},{"arcs":[[137]],"type":"Polygon","properties":{"id":143604,"statcode":"GM0088","statnaam":"Schiermonnikoog","jrstatcode":"2012GM0088","rubriek":"gemeente","FID":"gemeente_gegeneraliseerd_2012.d6c3ae8d-6fa3-40b0-bd25-d7a3e257e538"},"id":"GM0088"},{"arcs":[[-78,139,-100,-30,-49,-137]],"type":"Polygon","properties":{"id":143605,"statcode":"GM0090","statnaam":"Smallingerland","jrstatcode":"2012GM0090","rubriek":"gemeente","FID":"gemeente_gegeneraliseerd_2012.da6495cc-3189-4397-8e1f-35400070d02c"},"id":"GM0090"},{"arcs":[[140]],"type":"Polygon","properties":{"id":143606,"statcode":"GM0093","statnaam":"Terschelling","jrstatcode":"2012GM0093","rubriek":"gemeente","FID":"gemeente_gegeneraliseerd_2012.6f833949-45bd-4d8b-9daa-a17f61e5ce5c"},"id":"GM0093"},{"arcs":[[141]],"type":"Polygon","properties":{"id":143607,"statcode":"GM0096","statnaam":"Vlieland","jrstatcode":"2012GM0096","rubriek":"gemeente","FID":"gemeente_gegeneraliseerd_2012.585213a6-7a7a-4a49-93e9-06eea18b4092"},"id":"GM0096"},{"arcs":[[-126,-69,-116,-134,142,143]],"type":"Polygon","properties":{"id":143608,"statcode":"GM0098","statnaam":"Weststellingwerf","jrstatcode":"2012GM0098","rubriek":"gemeente","FID":"gemeente_gegeneraliseerd_2012.56508793-a508-46a4-82e5-28da32224ad8"},"id":"GM0098"},{"arcs":[[144,145,146,147]],"type":"Polygon","properties":{"id":143609,"statcode":"GM0106","statnaam":"Assen","jrstatcode":"2012GM0106","rubriek":"gemeente","FID":"gemeente_gegeneraliseerd_2012.ec364bed-e578-4f98-a2a8-0f99ec1b444e"},"id":"GM0106"},{"arcs":[[148,149,150,151,152,153,154]],"type":"Polygon","properties":{"id":143610,"statcode":"GM0109","statnaam":"Coevorden","jrstatcode":"2012GM0109","rubriek":"gemeente","FID":"gemeente_gegeneraliseerd_2012.ecbc1610-b02c-41da-b412-b71bca4a198f"},"id":"GM0109"},{"arcs":[[155,-64,156,-149]],"type":"Polygon","properties":{"id":143611,"statcode":"GM0114","statnaam":"Emmen","jrstatcode":"2012GM0114","rubriek":"gemeente","FID":"gemeente_gegeneraliseerd_2012.2e03c79f-a07d-4441-83db-b14d5e7a4cf4"},"id":"GM0114"},{"arcs":[[-152,157,158,159,160]],"type":"Polygon","properties":{"id":143612,"statcode":"GM0118","statnaam":"Hoogeveen","jrstatcode":"2012GM0118","rubriek":"gemeente","FID":"gemeente_gegeneraliseerd_2012.5bdb5512-ae95-463b-b136-dbdc7b4a8f98"},"id":"GM0118"},{"arcs":[[161,162,163,164]],"type":"Polygon","properties":{"id":143613,"statcode":"GM0119","statnaam":"Meppel","jrstatcode":"2012GM0119","rubriek":"gemeente","FID":"gemeente_gegeneraliseerd_2012.0a2be9f8-f199-485f-b726-ec51eb9bc74e"},"id":"GM0119"},{"arcs":[[-120,-82,165,-108,166]],"type":"Polygon","properties":{"id":143614,"statcode":"GM0140","statnaam":"Littenseradiel","jrstatcode":"2012GM0140","rubriek":"gemeente","FID":"gemeente_gegeneraliseerd_2012.daa76138-5e69-4960-96aa-d13059352a0f"},"id":"GM0140"},{"arcs":[[167,168,169,170,171]],"type":"Polygon","properties":{"id":143615,"statcode":"GM0141","statnaam":"Almelo","jrstatcode":"2012GM0141","rubriek":"gemeente","FID":"gemeente_gegeneraliseerd_2012.7e5a9883-cd53-4ee3-bb9a-bfb2f4b643f8"},"id":"GM0141"},{"arcs":[[172,-170,173,174,175]],"type":"Polygon","properties":{"id":143616,"statcode":"GM0147","statnaam":"Borne","jrstatcode":"2012GM0147","rubriek":"gemeente","FID":"gemeente_gegeneraliseerd_2012.93ca5ce9-4325-48cf-9edd-d8b40b953cb1"},"id":"GM0147"},{"arcs":[[176,177,178,179,180]],"type":"Polygon","properties":{"id":143617,"statcode":"GM0148","statnaam":"Dalfsen","jrstatcode":"2012GM0148","rubriek":"gemeente","FID":"gemeente_gegeneraliseerd_2012.3379e64c-b5cb-44ce-be6e-73912ccf31df"},"id":"GM0148"},{"arcs":[[181,182,183,184,185]],"type":"Polygon","properties":{"id":143618,"statcode":"GM0150","statnaam":"Deventer","jrstatcode":"2012GM0150","rubriek":"gemeente","FID":"gemeente_gegeneraliseerd_2012.1be1ae83-910a-4c0a-9a3d-9562162f6d09"},"id":"GM0150"},{"arcs":[[186,187,188,189,190,191]],"type":"Polygon","properties":{"id":143619,"statcode":"GM0153","statnaam":"Enschede","jrstatcode":"2012GM0153","rubriek":"gemeente","FID":"gemeente_gegeneraliseerd_2012.53a6ff06-aca2-4783-846a-ce74c53ed0af"},"id":"GM0153"},{"arcs":[[-187,192,193,194,195]],"type":"Polygon","properties":{"id":143620,"statcode":"GM0158","statnaam":"Haaksbergen","jrstatcode":"2012GM0158","rubriek":"gemeente","FID":"gemeente_gegeneraliseerd_2012.a0a6d99e-5e80-48a9-84bb-11c441d06e0f"},"id":"GM0158"},{"arcs":[[-178,196,197,-158,-151,198,199,200]],"type":"Polygon","properties":{"id":143621,"statcode":"GM0160","statnaam":"Hardenberg","jrstatcode":"2012GM0160","rubriek":"gemeente","FID":"gemeente_gegeneraliseerd_2012.5e04ea66-fd78-44b3-8c42-2a171ce3e4c7"},"id":"GM0160"},{"arcs":[[201,202,203,204,205]],"type":"Polygon","properties":{"id":143622,"statcode":"GM0163","statnaam":"Hellendoorn","jrstatcode":"2012GM0163","rubriek":"gemeente","FID":"gemeente_gegeneraliseerd_2012.5468e658-fb8f-4f62-a087-b1d582ead2b8"},"id":"GM0163"},{"arcs":[[-176,206,-188,-196,207]],"type":"Polygon","properties":{"id":143623,"statcode":"GM0164","statnaam":"Hengelo","jrstatcode":"2012GM0164","rubriek":"gemeente","FID":"gemeente_gegeneraliseerd_2012.7f52e110-f5f4-490d-9c1e-48b921760330"},"id":"GM0164"},{"arcs":[[208,209,210,211,212,213,214,215]],"type":"Polygon","properties":{"id":143624,"statcode":"GM0166","statnaam":"Kampen","jrstatcode":"2012GM0166","rubriek":"gemeente","FID":"gemeente_gegeneraliseerd_2012.e62c833f-5714-4d41-8292-838d85610e6b"},"id":"GM0166"},{"arcs":[[-191,216,217,218]],"type":"Polygon","properties":{"id":143625,"statcode":"GM0168","statnaam":"Losser","jrstatcode":"2012GM0168","rubriek":"gemeente","FID":"gemeente_gegeneraliseerd_2012.1b42cd8b-bf67-435f-b563-41d334e07472"},"id":"GM0168"},{"arcs":[[219,220,221,222,223,224,-128]],"type":"Polygon","properties":{"id":143626,"statcode":"GM0171","statnaam":"Noordoostpolder","jrstatcode":"2012GM0171","rubriek":"gemeente","FID":"gemeente_gegeneraliseerd_2012.59660d2e-e5ca-4531-9bb4-6cd6d105962c"},"id":"GM0171"},{"arcs":[[-190,226,-217]],"type":"Polygon","properties":{"id":143627,"statcode":"GM0173","statnaam":"Oldenzaal","jrstatcode":"2012GM0173","rubriek":"gemeente","FID":"gemeente_gegeneraliseerd_2012.e9b4a0eb-e029-4223-a3ff-27c49d008819"},"id":"GM0173"},{"arcs":[[-205,227,-179,-201,228]],"type":"Polygon","properties":{"id":143628,"statcode":"GM0175","statnaam":"Ommen","jrstatcode":"2012GM0175","rubriek":"gemeente","FID":"gemeente_gegeneraliseerd_2012.70dcabe7-63cd-45cb-a0d5-a2471d55b1f4"},"id":"GM0175"},{"arcs":[[-185,229,230,-180,-228,-204,231]],"type":"Polygon","properties":{"id":143629,"statcode":"GM0177","statnaam":"Raalte","jrstatcode":"2012GM0177","rubriek":"gemeente","FID":"gemeente_gegeneraliseerd_2012.2904eeb7-e8fb-4bbd-8ccf-61a902a3d6bc"},"id":"GM0177"},{"arcs":[[232,-163,233,-197,-177,234,235]],"type":"Polygon","properties":{"id":143630,"statcode":"GM0180","statnaam":"Staphorst","jrstatcode":"2012GM0180","rubriek":"gemeente","FID":"gemeente_gegeneraliseerd_2012.cffb6e74-0351-46c9-a007-66ee32182433"},"id":"GM0180"},{"arcs":[[-174,-169,236,237,238]],"type":"Polygon","properties":{"id":143631,"statcode":"GM0183","statnaam":"Tubbergen","jrstatcode":"2012GM0183","rubriek":"gemeente","FID":"gemeente_gegeneraliseerd_2012.530f4e7b-ece8-4153-bbba-58ba1ef745fc"},"id":"GM0183"},{"arcs":[[239,-224]],"type":"Polygon","properties":{"id":143632,"statcode":"GM0184","statnaam":"Urk","jrstatcode":"2012GM0184","rubriek":"gemeente","FID":"gemeente_gegeneraliseerd_2012.4b2d31df-bfdb-4e04-bdb9-a62dec42f895"},"id":"GM0184"},{"arcs":[[-202,240,-172,241,242]],"type":"Polygon","properties":{"id":143633,"statcode":"GM0189","statnaam":"Wierden","jrstatcode":"2012GM0189","rubriek":"gemeente","FID":"gemeente_gegeneraliseerd_2012.02bb1bb8-fd52-4029-8d97-9da4dc5a987c"},"id":"GM0189"},{"arcs":[[243,-235,-181,-231,244,245,246,-213]],"type":"Polygon","properties":{"id":143634,"statcode":"GM0193","statnaam":"Zwolle","jrstatcode":"2012GM0193","rubriek":"gemeente","FID":"gemeente_gegeneraliseerd_2012.b629f6d7-04ae-4806-93b8-5320bc931351"},"id":"GM0193"},{"arcs":[[247,248,249,250,251]],"type":"Polygon","properties":{"id":143635,"statcode":"GM0196","statnaam":"Rijnwaarden","jrstatcode":"2012GM0196","rubriek":"gemeente","FID":"gemeente_gegeneraliseerd_2012.86d6d280-bf52-4c8a-b5a4-3577708b8421"},"id":"GM0196"},{"arcs":[[252,253,254,255]],"type":"Polygon","properties":{"id":143636,"statcode":"GM0197","statnaam":"Aalten","jrstatcode":"2012GM0197","rubriek":"gemeente","FID":"gemeente_gegeneraliseerd_2012.c44ff8fa-0cda-4596-a8e6-3b04fd397fc5"},"id":"GM0197"},{"arcs":[[256,257,258,259,260,261,262,263,264]],"type":"Polygon","properties":{"id":143637,"statcode":"GM0200","statnaam":"Apeldoorn","jrstatcode":"2012GM0200","rubriek":"gemeente","FID":"gemeente_gegeneraliseerd_2012.082e2099-990c-42ad-bed6-ac15d6af8e5d"},"id":"GM0200"},{"arcs":[[265,266,-260,267,268,269,270,271]],"type":"Polygon","properties":{"id":143638,"statcode":"GM0202","statnaam":"Arnhem","jrstatcode":"2012GM0202","rubriek":"gemeente","FID":"gemeente_gegeneraliseerd_2012.30d28f00-0b8d-40e5-9ab2-7b43080f1e69"},"id":"GM0202"},{"arcs":[[-262,272,273,274,275,276,277,278,279,280]],"type":"Polygon","properties":{"id":143639,"statcode":"GM0203","statnaam":"Barneveld","jrstatcode":"2012GM0203","rubriek":"gemeente","FID":"gemeente_gegeneraliseerd_2012.d2c4889c-937d-4b3b-bd28-72e575ecf441"},"id":"GM0203"},{"arcs":[[281,282,283,284,285]],"type":"Polygon","properties":{"id":143640,"statcode":"GM0209","statnaam":"Beuningen","jrstatcode":"2012GM0209","rubriek":"gemeente","FID":"gemeente_gegeneraliseerd_2012.43214eb0-7e3d-4bcf-b7d1-89f5144a117a"},"id":"GM0209"},{"arcs":[[286,287,288,289,290,-258]],"type":"Polygon","properties":{"id":143641,"statcode":"GM0213","statnaam":"Brummen","jrstatcode":"2012GM0213","rubriek":"gemeente","FID":"gemeente_gegeneraliseerd_2012.96d37787-0c9c-41d8-aaa9-cc3eb3e46f16"},"id":"GM0213"},{"arcs":[[291,292,293,294,295,296,297]],"type":"Polygon","properties":{"id":143642,"statcode":"GM0214","statnaam":"Buren","jrstatcode":"2012GM0214","rubriek":"gemeente","FID":"gemeente_gegeneraliseerd_2012.919f8d55-8db3-424a-adec-83336b9ed146"},"id":"GM0214"},{"arcs":[[298,-293,299,300,301,302]],"type":"Polygon","properties":{"id":143643,"statcode":"GM0216","statnaam":"Culemborg","jrstatcode":"2012GM0216","rubriek":"gemeente","FID":"gemeente_gegeneraliseerd_2012.f9019873-00a3-4f81-84c2-efcf89698086"},"id":"GM0216"},{"arcs":[[303,304,305]],"type":"Polygon","properties":{"id":143644,"statcode":"GM0221","statnaam":"Doesburg","jrstatcode":"2012GM0221","rubriek":"gemeente","FID":"gemeente_gegeneraliseerd_2012.beccbd52-ccf7-4154-96f9-6a11c460d283"},"id":"GM0221"},{"arcs":[[306,307,308,309]],"type":"Polygon","properties":{"id":143645,"statcode":"GM0222","statnaam":"Doetinchem","jrstatcode":"2012GM0222","rubriek":"gemeente","FID":"gemeente_gegeneraliseerd_2012.09fa111e-841e-4ebf-aec4-7540ec76adfd"},"id":"GM0222"},{"arcs":[[310,311,312,-283]],"type":"Polygon","properties":{"id":143646,"statcode":"GM0225","statnaam":"Druten","jrstatcode":"2012GM0225","rubriek":"gemeente","FID":"gemeente_gegeneraliseerd_2012.fa65f042-b202-408c-9339-5af50b14d863"},"id":"GM0225"},{"arcs":[[-248,313,314,315]],"type":"Polygon","properties":{"id":143647,"statcode":"GM0226","statnaam":"Duiven","jrstatcode":"2012GM0226","rubriek":"gemeente","FID":"gemeente_gegeneraliseerd_2012.2795258a-4ec1-435a-955b-db6ee3ac0b5b"},"id":"GM0226"},{"arcs":[[-267,316,317,318,319,320,-273,-261]],"type":"Polygon","properties":{"id":143648,"statcode":"GM0228","statnaam":"Ede","jrstatcode":"2012GM0228","rubriek":"gemeente","FID":"gemeente_gegeneraliseerd_2012.bea856f1-fa08-418a-b539-617e3b539bd5"},"id":"GM0228"},{"arcs":[[321,322,323,324]],"type":"Polygon","properties":{"id":143649,"statcode":"GM0230","statnaam":"Elburg","jrstatcode":"2012GM0230","rubriek":"gemeente","FID":"gemeente_gegeneraliseerd_2012.ba2db6ee-600b-4387-b0d3-12c461bbc423"},"id":"GM0230"},{"arcs":[[-265,325,-324,326,327,328,329]],"type":"Polygon","properties":{"id":143650,"statcode":"GM0232","statnaam":"Epe","jrstatcode":"2012GM0232","rubriek":"gemeente","FID":"gemeente_gegeneraliseerd_2012.d5064a70-a107-4109-916c-bdc11ec80d9c"},"id":"GM0232"},{"arcs":[[330,-263,-281,331,332,333]],"type":"Polygon","properties":{"id":143651,"statcode":"GM0233","statnaam":"Ermelo","jrstatcode":"2012GM0233","rubriek":"gemeente","FID":"gemeente_gegeneraliseerd_2012.277232b3-cf77-4b22-a640-e1bc8a71dfef"},"id":"GM0233"},{"arcs":[[334,-300,-292,335,336,337]],"type":"Polygon","properties":{"id":143652,"statcode":"GM0236","statnaam":"Geldermalsen","jrstatcode":"2012GM0236","rubriek":"gemeente","FID":"gemeente_gegeneraliseerd_2012.755de57a-fe62-4e18-93ac-dc9e43eaf7d2"},"id":"GM0236"},{"arcs":[[338,339,340,341,342,343]],"type":"Polygon","properties":{"id":143653,"statcode":"GM0241","statnaam":"Groesbeek","jrstatcode":"2012GM0241","rubriek":"gemeente","FID":"gemeente_gegeneraliseerd_2012.34d1d13e-f9ed-45cf-a240-977d1772b9e2"},"id":"GM0241"},{"arcs":[[344,-334,345]],"type":"Polygon","properties":{"id":143654,"statcode":"GM0243","statnaam":"Harderwijk","jrstatcode":"2012GM0243","rubriek":"gemeente","FID":"gemeente_gegeneraliseerd_2012.4635b8ba-0ee9-413e-96bd-50867e17aca8"},"id":"GM0243"},{"arcs":[[346,-214,-247,347]],"type":"Polygon","properties":{"id":143655,"statcode":"GM0244","statnaam":"Hattem","jrstatcode":"2012GM0244","rubriek":"gemeente","FID":"gemeente_gegeneraliseerd_2012.b1829103-4d46-4b61-bdf1-2c05bf28794e"},"id":"GM0244"},{"arcs":[[-328,348,-348,-246,349]],"type":"Polygon","properties":{"id":143656,"statcode":"GM0246","statnaam":"Heerde","jrstatcode":"2012GM0246","rubriek":"gemeente","FID":"gemeente_gegeneraliseerd_2012.f7781da6-1a95-4564-b6a6-55f4bd09c999"},"id":"GM0246"},{"arcs":[[350,351,352,-341,353,354]],"type":"Polygon","properties":{"id":143657,"statcode":"GM0252","statnaam":"Heumen","jrstatcode":"2012GM0252","rubriek":"gemeente","FID":"gemeente_gegeneraliseerd_2012.19612533-4974-4414-8afe-1bf5dbbcae53"},"id":"GM0252"},{"arcs":[[355,356,357,358,359,360,-182]],"type":"Polygon","properties":{"id":143658,"statcode":"GM0262","statnaam":"Lochem","jrstatcode":"2012GM0262","rubriek":"gemeente","FID":"gemeente_gegeneraliseerd_2012.ab70a22c-faf9-4151-8aea-b7c13aa3b67c"},"id":"GM0262"},{"arcs":[[361,362,363,364,365,366]],"type":"Polygon","properties":{"id":143659,"statcode":"GM0263","statnaam":"Maasdriel","jrstatcode":"2012GM0263","rubriek":"gemeente","FID":"gemeente_gegeneraliseerd_2012.70a527c4-e2d3-4c05-a920-9f3373d77a0b"},"id":"GM0263"},{"arcs":[[367,-251,368,369]],"type":"Polygon","properties":{"id":143660,"statcode":"GM0265","statnaam":"Millingen aan de Rijn","jrstatcode":"2012GM0265","rubriek":"gemeente","FID":"gemeente_gegeneraliseerd_2012.ee77aea2-ab19-4f82-870b-44d1713ba917"},"id":"GM0265"},{"arcs":[[-279,370,371,372,373]],"type":"Polygon","properties":{"id":143661,"statcode":"GM0267","statnaam":"Nijkerk","jrstatcode":"2012GM0267","rubriek":"gemeente","FID":"gemeente_gegeneraliseerd_2012.c7162496-d211-4cf0-9de7-8ef2aac3128a"},"id":"GM0267"},{"arcs":[[374,-286,375,376,377,-342,-353]],"type":"Polygon","properties":{"id":143662,"statcode":"GM0268","statnaam":"Nijmegen","jrstatcode":"2012GM0268","rubriek":"gemeente","FID":"gemeente_gegeneraliseerd_2012.28ba593e-01ae-4d44-bd13-8d8325cfcd88"},"id":"GM0268"},{"arcs":[[-347,-349,-327,-323,378,-215]],"type":"Polygon","properties":{"id":143663,"statcode":"GM0269","statnaam":"Oldebroek","jrstatcode":"2012GM0269","rubriek":"gemeente","FID":"gemeente_gegeneraliseerd_2012.08301faa-f6af-4e0f-b372-a965cfab04c7"},"id":"GM0269"},{"arcs":[[-280,-374,379,-332]],"type":"Polygon","properties":{"id":143664,"statcode":"GM0273","statnaam":"Putten","jrstatcode":"2012GM0273","rubriek":"gemeente","FID":"gemeente_gegeneraliseerd_2012.92f2e4f7-caf3-4e80-aea1-64ea5e15da35"},"id":"GM0273"},{"arcs":[[-266,380,381,-317]],"type":"Polygon","properties":{"id":143665,"statcode":"GM0274","statnaam":"Renkum","jrstatcode":"2012GM0274","rubriek":"gemeente","FID":"gemeente_gegeneraliseerd_2012.2ee9e335-a100-4f8d-a229-7367177ab348"},"id":"GM0274"},{"arcs":[[382,-269,383,-290,384,-304,385]],"type":"Polygon","properties":{"id":143666,"statcode":"GM0275","statnaam":"Rheden","jrstatcode":"2012GM0275","rubriek":"gemeente","FID":"gemeente_gegeneraliseerd_2012.a582d709-f7f2-486e-96fd-851a6a014eb2"},"id":"GM0275"},{"arcs":[[-291,-384,-268,-259]],"type":"Polygon","properties":{"id":143667,"statcode":"GM0277","statnaam":"Rozendaal","jrstatcode":"2012GM0277","rubriek":"gemeente","FID":"gemeente_gegeneraliseerd_2012.96640506-ee70-4959-82b7-eb058ce97c96"},"id":"GM0277"},{"arcs":[[386,-275,387]],"type":"Polygon","properties":{"id":143668,"statcode":"GM0279","statnaam":"Scherpenzeel","jrstatcode":"2012GM0279","rubriek":"gemeente","FID":"gemeente_gegeneraliseerd_2012.17f1bc69-3533-4b87-a47d-c3dbf4303f35"},"id":"GM0279"},{"arcs":[[388,389,390,-336,-298]],"type":"Polygon","properties":{"id":143669,"statcode":"GM0281","statnaam":"Tiel","jrstatcode":"2012GM0281","rubriek":"gemeente","FID":"gemeente_gegeneraliseerd_2012.b13bf5c5-e663-4129-b5c4-98a9818cd32b"},"id":"GM0281"},{"arcs":[[391,-370,392,-343,-378]],"type":"Polygon","properties":{"id":143670,"statcode":"GM0282","statnaam":"Ubbergen","jrstatcode":"2012GM0282","rubriek":"gemeente","FID":"gemeente_gegeneraliseerd_2012.f46c7c22-2e1a-47ce-9657-41ae621d8c79"},"id":"GM0282"},{"arcs":[[-361,393,-287,-257,-330,394,-183]],"type":"Polygon","properties":{"id":143671,"statcode":"GM0285","statnaam":"Voorst","jrstatcode":"2012GM0285","rubriek":"gemeente","FID":"gemeente_gegeneraliseerd_2012.f43ac61b-9479-4590-a1a5-cea446875804"},"id":"GM0285"},{"arcs":[[-382,395,396,397,-318]],"type":"Polygon","properties":{"id":143672,"statcode":"GM0289","statnaam":"Wageningen","jrstatcode":"2012GM0289","rubriek":"gemeente","FID":"gemeente_gegeneraliseerd_2012.fa9054e2-e0c8-42f7-ace7-f4949aec8dea"},"id":"GM0289"},{"arcs":[[398,-270,-383,399,-315]],"type":"Polygon","properties":{"id":143673,"statcode":"GM0293","statnaam":"Westervoort","jrstatcode":"2012GM0293","rubriek":"gemeente","FID":"gemeente_gegeneraliseerd_2012.87f8f830-6386-45d0-b1be-e1ebe6014280"},"id":"GM0293"},{"arcs":[[-255,400,401]],"type":"Polygon","properties":{"id":143674,"statcode":"GM0294","statnaam":"Winterswijk","jrstatcode":"2012GM0294","rubriek":"gemeente","FID":"gemeente_gegeneraliseerd_2012.1db54871-a1af-4c97-b89c-94dec037eda8"},"id":"GM0294"},{"arcs":[[402,-311,-282,-375,-352,403,404]],"type":"Polygon","properties":{"id":143675,"statcode":"GM0296","statnaam":"Wijchen","jrstatcode":"2012GM0296","rubriek":"gemeente","FID":"gemeente_gegeneraliseerd_2012.59b51ba5-3f47-46cd-a6e1-2a1b9b204fe4"},"id":"GM0296"},{"arcs":[[405,406,407,408,409,410,-367]],"type":"Polygon","properties":{"id":143676,"statcode":"GM0297","statnaam":"Zaltbommel","jrstatcode":"2012GM0297","rubriek":"gemeente","FID":"gemeente_gegeneraliseerd_2012.57fcc363-9aff-4486-a14a-5bc1ab5eab8e"},"id":"GM0297"},{"arcs":[[-316,-400,-386,-306,411,-307,412,413,-249]],"type":"Polygon","properties":{"id":143677,"statcode":"GM0299","statnaam":"Zevenaar","jrstatcode":"2012GM0299","rubriek":"gemeente","FID":"gemeente_gegeneraliseerd_2012.cbbb2db5-6ab6-4326-9f8f-2fb8ef190edf"},"id":"GM0299"},{"arcs":[[414,-288,-394,-360]],"type":"Polygon","properties":{"id":143678,"statcode":"GM0301","statnaam":"Zutphen","jrstatcode":"2012GM0301","rubriek":"gemeente","FID":"gemeente_gegeneraliseerd_2012.dcc995bb-bdbb-426c-9dab-d4383d40dfd9"},"id":"GM0301"},{"arcs":[[415,-325,-326,-264,-331,-345]],"type":"Polygon","properties":{"id":143679,"statcode":"GM0302","statnaam":"Nunspeet","jrstatcode":"2012GM0302","rubriek":"gemeente","FID":"gemeente_gegeneraliseerd_2012.7793b5f5-0890-4d99-9593-41dcba99080b"},"id":"GM0302"},{"arcs":[[-67,416,417,-222,418]],"type":"Polygon","properties":{"id":143680,"statcode":"GM0303","statnaam":"Dronten","jrstatcode":"2012GM0303","rubriek":"gemeente","FID":"gemeente_gegeneraliseerd_2012.495858fc-fb14-4e87-b56a-1caee3e10e68"},"id":"GM0303"},{"arcs":[[-411,419,-337,-391,420,-362]],"type":"Polygon","properties":{"id":143681,"statcode":"GM0304","statnaam":"Neerijnen","jrstatcode":"2012GM0304","rubriek":"gemeente","FID":"gemeente_gegeneraliseerd_2012.c9e0470f-9604-4ab3-abd9-f3eda0bf44b4"},"id":"GM0304"},{"arcs":[[-278,421,422,423,424,425,-371]],"type":"Polygon","properties":{"id":143682,"statcode":"GM0307","statnaam":"Amersfoort","jrstatcode":"2012GM0307","rubriek":"gemeente","FID":"gemeente_gegeneraliseerd_2012.ddfeb60a-f5af-4522-a6f5-b31c974e45b2"},"id":"GM0307"},{"arcs":[[426,427,428,429,430,431,-425,432]],"type":"Polygon","properties":{"id":143683,"statcode":"GM0308","statnaam":"Baarn","jrstatcode":"2012GM0308","rubriek":"gemeente","FID":"gemeente_gegeneraliseerd_2012.0c009054-0014-4142-8334-a7afcac6cbd6"},"id":"GM0308"},{"arcs":[[433,434,435,-428,436,437]],"type":"Polygon","properties":{"id":143684,"statcode":"GM0310","statnaam":"De Bilt","jrstatcode":"2012GM0310","rubriek":"gemeente","FID":"gemeente_gegeneraliseerd_2012.22e64c81-7e28-4e61-835a-a82b54531cec"},"id":"GM0310"},{"arcs":[[438,439,440,441,442]],"type":"Polygon","properties":{"id":143685,"statcode":"GM0312","statnaam":"Bunnik","jrstatcode":"2012GM0312","rubriek":"gemeente","FID":"gemeente_gegeneraliseerd_2012.b88084db-20d5-4bcd-b319-a81b69763e6d"},"id":"GM0312"},{"arcs":[[443,444,-372,-426,-432]],"type":"Polygon","properties":{"id":143686,"statcode":"GM0313","statnaam":"Bunschoten","jrstatcode":"2012GM0313","rubriek":"gemeente","FID":"gemeente_gegeneraliseerd_2012.5c4bd02a-30ce-4f28-90e3-8053deeecede"},"id":"GM0313"},{"arcs":[[445,446,-444,-431,447]],"type":"Polygon","properties":{"id":143687,"statcode":"GM0317","statnaam":"Eemnes","jrstatcode":"2012GM0317","rubriek":"gemeente","FID":"gemeente_gegeneraliseerd_2012.432f3961-e388-411e-a086-c8388f752e22"},"id":"GM0317"},{"arcs":[[448,449,450,-442,451,-303]],"type":"Polygon","properties":{"id":143688,"statcode":"GM0321","statnaam":"Houten","jrstatcode":"2012GM0321","rubriek":"gemeente","FID":"gemeente_gegeneraliseerd_2012.a2a07191-9ccc-40b1-a287-8175b5b75ee6"},"id":"GM0321"},{"arcs":[[452,-422,-277,453]],"type":"Polygon","properties":{"id":143689,"statcode":"GM0327","statnaam":"Leusden","jrstatcode":"2012GM0327","rubriek":"gemeente","FID":"gemeente_gegeneraliseerd_2012.98e95a2e-5a2c-4f12-9672-685353a2787f"},"id":"GM0327"},{"arcs":[[454,455,456,457,458,459,460,461]],"type":"Polygon","properties":{"id":143690,"statcode":"GM0331","statnaam":"Lopik","jrstatcode":"2012GM0331","rubriek":"gemeente","FID":"gemeente_gegeneraliseerd_2012.50c1cb07-1ae8-45c6-b635-cbc116cbf3bf"},"id":"GM0331"},{"arcs":[[462,463,-457,464,465,466]],"type":"Polygon","properties":{"id":143691,"statcode":"GM0335","statnaam":"Montfoort","jrstatcode":"2012GM0335","rubriek":"gemeente","FID":"gemeente_gegeneraliseerd_2012.a2a05105-f598-4f63-9a1a-9b40e43cdecd"},"id":"GM0335"},{"arcs":[[-321,467,468,469,-388,-274]],"type":"Polygon","properties":{"id":143692,"statcode":"GM0339","statnaam":"Renswoude","jrstatcode":"2012GM0339","rubriek":"gemeente","FID":"gemeente_gegeneraliseerd_2012.c516c3c5-30a4-49f1-8b9b-1a1543d30ce4"},"id":"GM0339"},{"arcs":[[470,-319,-398,471,-296,472]],"type":"Polygon","properties":{"id":143693,"statcode":"GM0340","statnaam":"Rhenen","jrstatcode":"2012GM0340","rubriek":"gemeente","FID":"gemeente_gegeneraliseerd_2012.318fdfd4-5985-4ceb-90db-d2112cc5b46c"},"id":"GM0340"},{"arcs":[[-433,-424,473]],"type":"Polygon","properties":{"id":143694,"statcode":"GM0342","statnaam":"Soest","jrstatcode":"2012GM0342","rubriek":"gemeente","FID":"gemeente_gegeneraliseerd_2012.dbbf3ca9-afdc-4866-ba04-945236166e95"},"id":"GM0342"},{"arcs":[[474,475,-438,476,-443,-451,477,478,-463]],"type":"Polygon","properties":{"id":143695,"statcode":"GM0344","statnaam":"Utrecht","jrstatcode":"2012GM0344","rubriek":"gemeente","FID":"gemeente_gegeneraliseerd_2012.00835056-2d10-40fc-8e91-46fee9571482"},"id":"GM0344"},{"arcs":[[-320,-471,479,-468]],"type":"Polygon","properties":{"id":143696,"statcode":"GM0345","statnaam":"Veenendaal","jrstatcode":"2012GM0345","rubriek":"gemeente","FID":"gemeente_gegeneraliseerd_2012.fe76534e-15d6-4d81-911d-69d091dcf060"},"id":"GM0345"},{"arcs":[[480,-454,-276,-387,-470,481]],"type":"Polygon","properties":{"id":143697,"statcode":"GM0351","statnaam":"Woudenberg","jrstatcode":"2012GM0351","rubriek":"gemeente","FID":"gemeente_gegeneraliseerd_2012.d70ea0e5-1294-4168-bb64-bfa6ec3b8c0c"},"id":"GM0351"},{"arcs":[[-299,-452,-441,482,-294]],"type":"Polygon","properties":{"id":143698,"statcode":"GM0352","statnaam":"Wijk bij Duurstede","jrstatcode":"2012GM0352","rubriek":"gemeente","FID":"gemeente_gegeneraliseerd_2012.f0e8b596-8182-4d1a-a39f-abcd60a2d67d"},"id":"GM0352"},{"arcs":[[-464,-479,483,484,-458]],"type":"Polygon","properties":{"id":143699,"statcode":"GM0353","statnaam":"IJsselstein","jrstatcode":"2012GM0353","rubriek":"gemeente","FID":"gemeente_gegeneraliseerd_2012.2cfb2fab-bec9-4f3e-ad63-975444ac6608"},"id":"GM0353"},{"arcs":[[-423,-453,-481,485,-439,-477,-437,-427,-474]],"type":"Polygon","properties":{"id":143700,"statcode":"GM0355","statnaam":"Zeist","jrstatcode":"2012GM0355","rubriek":"gemeente","FID":"gemeente_gegeneraliseerd_2012.d5955f75-22c7-4416-8577-cfeaa09e3187"},"id":"GM0355"},{"arcs":[[486,-484,-478,-450]],"type":"Polygon","properties":{"id":143701,"statcode":"GM0356","statnaam":"Nieuwegein","jrstatcode":"2012GM0356","rubriek":"gemeente","FID":"gemeente_gegeneraliseerd_2012.330150ee-899d-4664-8ce4-0899be2043b0"},"id":"GM0356"},{"arcs":[[487,488,489,490]],"type":"Polygon","properties":{"id":143702,"statcode":"GM0358","statnaam":"Aalsmeer","jrstatcode":"2012GM0358","rubriek":"gemeente","FID":"gemeente_gegeneraliseerd_2012.9dcd0fcd-61a7-49db-8da5-2ebf2490536b"},"id":"GM0358"},{"arcs":[[491,492,493,494,495,496]],"type":"Polygon","properties":{"id":143703,"statcode":"GM0361","statnaam":"Alkmaar","jrstatcode":"2012GM0361","rubriek":"gemeente","FID":"gemeente_gegeneraliseerd_2012.58b9887a-aa38-41ff-9b01-1c0b2836c6dd"},"id":"GM0361"},{"arcs":[[497,498,-488,499,500,501]],"type":"Polygon","properties":{"id":143704,"statcode":"GM0362","statnaam":"Amstelveen","jrstatcode":"2012GM0362","rubriek":"gemeente","FID":"gemeente_gegeneraliseerd_2012.194eb4b0-4e70-4cac-914a-4529c57859a7"},"id":"GM0362"},{"arcs":[[[502,503,504,505,506,507,508,509,-501,510]],[[511,512,513,514,515]]],"type":"MultiPolygon","properties":{"id":143705,"statcode":"GM0363","statnaam":"Amsterdam","jrstatcode":"2012GM0363","rubriek":"gemeente","FID":"gemeente_gegeneraliseerd_2012.ec32841f-c826-47df-b656-c73296ae4ad8"},"id":"GM0363"},{"arcs":[[516,517,518,519,520,521]],"type":"Polygon","properties":{"id":143706,"statcode":"GM0365","statnaam":"Graft-De Rijp","jrstatcode":"2012GM0365","rubriek":"gemeente","FID":"gemeente_gegeneraliseerd_2012.6c4a0221-f349-493a-a346-2d93ec053eee"},"id":"GM0365"},{"arcs":[[522,523,524,525,526,-517]],"type":"Polygon","properties":{"id":143707,"statcode":"GM0370","statnaam":"Beemster","jrstatcode":"2012GM0370","rubriek":"gemeente","FID":"gemeente_gegeneraliseerd_2012.d944720f-3b6c-46a5-843b-3d88118df503"},"id":"GM0370"},{"arcs":[[527,528,529,-496,530,531,532]],"type":"Polygon","properties":{"id":143708,"statcode":"GM0373","statnaam":"Bergen (NH.)","jrstatcode":"2012GM0373","rubriek":"gemeente","FID":"gemeente_gegeneraliseerd_2012.efbd6882-ae88-498f-be24-43998cccb395"},"id":"GM0373"},{"arcs":[[533,534,535,536]],"type":"Polygon","properties":{"id":143709,"statcode":"GM0375","statnaam":"Beverwijk","jrstatcode":"2012GM0375","rubriek":"gemeente","FID":"gemeente_gegeneraliseerd_2012.34aa34f4-b01e-462c-aa54-35417c40f3c2"},"id":"GM0375"},{"arcs":[[537,-446,538,539]],"type":"Polygon","properties":{"id":143710,"statcode":"GM0376","statnaam":"Blaricum","jrstatcode":"2012GM0376","rubriek":"gemeente","FID":"gemeente_gegeneraliseerd_2012.35a37374-46dc-4e86-9627-177fa5519403"},"id":"GM0376"},{"arcs":[[540,541,542,543,544,545,546,547]],"type":"Polygon","properties":{"id":143711,"statcode":"GM0377","statnaam":"Bloemendaal","jrstatcode":"2012GM0377","rubriek":"gemeente","FID":"gemeente_gegeneraliseerd_2012.b207c8d3-4670-41bf-a32f-2f82b1ee17d2"},"id":"GM0377"},{"arcs":[[548,549,550]],"type":"Polygon","properties":{"id":143712,"statcode":"GM0381","statnaam":"Bussum","jrstatcode":"2012GM0381","rubriek":"gemeente","FID":"gemeente_gegeneraliseerd_2012.2e38910a-652d-4f73-9d89-ac85c20cc500"},"id":"GM0381"},{"arcs":[[551,552,-532,553,-494,554,-521,555]],"type":"Polygon","properties":{"id":143713,"statcode":"GM0383","statnaam":"Castricum","jrstatcode":"2012GM0383","rubriek":"gemeente","FID":"gemeente_gegeneraliseerd_2012.495c7548-0863-40c8-b6cc-979d381edfa5"},"id":"GM0383"},{"arcs":[[556,557,-515,558,-509]],"type":"Polygon","properties":{"id":143714,"statcode":"GM0384","statnaam":"Diemen","jrstatcode":"2012GM0384","rubriek":"gemeente","FID":"gemeente_gegeneraliseerd_2012.061d7a48-de1d-4172-93e0-c3dc7182a1ee"},"id":"GM0384"},{"arcs":[[559,560,561,562]],"type":"Polygon","properties":{"id":143715,"statcode":"GM0385","statnaam":"Edam-Volendam","jrstatcode":"2012GM0385","rubriek":"gemeente","FID":"gemeente_gegeneraliseerd_2012.f47eb10e-16b6-4917-af58-cd9af3830d12"},"id":"GM0385"},{"arcs":[[563,564,565]],"type":"Polygon","properties":{"id":143716,"statcode":"GM0388","statnaam":"Enkhuizen","jrstatcode":"2012GM0388","rubriek":"gemeente","FID":"gemeente_gegeneraliseerd_2012.817184fc-afd3-4bf0-b4f0-b2102b0f4f65"},"id":"GM0388"},{"arcs":[[566,567,568,-547,569]],"type":"Polygon","properties":{"id":143717,"statcode":"GM0392","statnaam":"Haarlem","jrstatcode":"2012GM0392","rubriek":"gemeente","FID":"gemeente_gegeneraliseerd_2012.5cac1058-3bee-4ba9-a209-83202c3b215a"},"id":"GM0392"},{"arcs":[[-567,570,571,-503,572]],"type":"Polygon","properties":{"id":143718,"statcode":"GM0393","statnaam":"Haarlemmerliede en Spaarnwoude","jrstatcode":"2012GM0393","rubriek":"gemeente","FID":"gemeente_gegeneraliseerd_2012.8a909c0a-270d-4168-a048-e9df24a161d7"},"id":"GM0393"},{"arcs":[[-573,-511,-500,-491,573,574,575,576,-541,577,-568]],"type":"Polygon","properties":{"id":143719,"statcode":"GM0394","statnaam":"Haarlemmermeer","jrstatcode":"2012GM0394","rubriek":"gemeente","FID":"gemeente_gegeneraliseerd_2012.3dc891ff-a16a-4f93-b3ae-af63a62f2711"},"id":"GM0394"},{"arcs":[[578,579,580,581,-529,582]],"type":"Polygon","properties":{"id":143720,"statcode":"GM0395","statnaam":"Harenkarspel","jrstatcode":"2012GM0395","rubriek":"gemeente","FID":"gemeente_gegeneraliseerd_2012.e67e9fa4-17d1-4434-8fef-4c9015329d62"},"id":"GM0395"},{"arcs":[[583,-537,584,-552,585]],"type":"Polygon","properties":{"id":143721,"statcode":"GM0396","statnaam":"Heemskerk","jrstatcode":"2012GM0396","rubriek":"gemeente","FID":"gemeente_gegeneraliseerd_2012.379ab27a-29b3-4570-bfe6-7bccee5ed07b"},"id":"GM0396"},{"arcs":[[-578,-548,-569]],"type":"Polygon","properties":{"id":143722,"statcode":"GM0397","statnaam":"Heemstede","jrstatcode":"2012GM0397","rubriek":"gemeente","FID":"gemeente_gegeneraliseerd_2012.68a5c48e-076e-4e35-827b-624b8f497b62"},"id":"GM0397"},{"arcs":[[-581,586,587,588,589,-492,590]],"type":"Polygon","properties":{"id":143723,"statcode":"GM0398","statnaam":"Heerhugowaard","jrstatcode":"2012GM0398","rubriek":"gemeente","FID":"gemeente_gegeneraliseerd_2012.0eff2552-e377-4745-b201-1294606e44fe"},"id":"GM0398"},{"arcs":[[-554,-531,-495]],"type":"Polygon","properties":{"id":143724,"statcode":"GM0399","statnaam":"Heiloo","jrstatcode":"2012GM0399","rubriek":"gemeente","FID":"gemeente_gegeneraliseerd_2012.e435b0bd-8d00-4445-aa16-47cc39a31897"},"id":"GM0399"},{"arcs":[[591,592,593]],"type":"Polygon","properties":{"id":143725,"statcode":"GM0400","statnaam":"Den Helder","jrstatcode":"2012GM0400","rubriek":"gemeente","FID":"gemeente_gegeneraliseerd_2012.c4d31855-f921-4f72-9110-a8c6ac1cad3b"},"id":"GM0400"},{"arcs":[[-429,-436,594,595,596,-550,597,598]],"type":"Polygon","properties":{"id":143726,"statcode":"GM0402","statnaam":"Hilversum","jrstatcode":"2012GM0402","rubriek":"gemeente","FID":"gemeente_gegeneraliseerd_2012.5ad9772f-3289-4c06-b40c-1dc8ec1925e1"},"id":"GM0402"},{"arcs":[[599,600,601,602]],"type":"Polygon","properties":{"id":143727,"statcode":"GM0405","statnaam":"Hoorn","jrstatcode":"2012GM0405","rubriek":"gemeente","FID":"gemeente_gegeneraliseerd_2012.3b72c8a0-9290-4da6-a8cc-2993e256a543"},"id":"GM0405"},{"arcs":[[-598,-549,603,604,-540]],"type":"Polygon","properties":{"id":143728,"statcode":"GM0406","statnaam":"Huizen","jrstatcode":"2012GM0406","rubriek":"gemeente","FID":"gemeente_gegeneraliseerd_2012.486b36f9-aad3-45ce-bb4f-f7d4405b55f1"},"id":"GM0406"},{"arcs":[[605,606,607,608,-506]],"type":"Polygon","properties":{"id":143729,"statcode":"GM0415","statnaam":"Landsmeer","jrstatcode":"2012GM0415","rubriek":"gemeente","FID":"gemeente_gegeneraliseerd_2012.cde66f7c-5962-40f8-87ab-6a3bfa06c7e8"},"id":"GM0415"},{"arcs":[[-591,-497,-530,-582]],"type":"Polygon","properties":{"id":143730,"statcode":"GM0416","statnaam":"Langedijk","jrstatcode":"2012GM0416","rubriek":"gemeente","FID":"gemeente_gegeneraliseerd_2012.788b0612-0241-4c6f-bbd7-f3325538488c"},"id":"GM0416"},{"arcs":[[-448,-430,-599,-539]],"type":"Polygon","properties":{"id":143731,"statcode":"GM0417","statnaam":"Laren","jrstatcode":"2012GM0417","rubriek":"gemeente","FID":"gemeente_gegeneraliseerd_2012.d0aecaa0-459b-4002-8542-145db8ec78f0"},"id":"GM0417"},{"arcs":[[609,610,-565,611,612,-603,613,614]],"type":"Polygon","properties":{"id":143732,"statcode":"GM0420","statnaam":"Medemblik","jrstatcode":"2012GM0420","rubriek":"gemeente","FID":"gemeente_gegeneraliseerd_2012.bbc7a2a2-f81d-4711-a4b7-5aa14a99def9"},"id":"GM0420"},{"arcs":[[615,616,-516,-558,617]],"type":"Polygon","properties":{"id":143733,"statcode":"GM0424","statnaam":"Muiden","jrstatcode":"2012GM0424","rubriek":"gemeente","FID":"gemeente_gegeneraliseerd_2012.e0b347d6-ae23-4256-9dd4-160560c9bacb"},"id":"GM0424"},{"arcs":[[-604,-551,-597,618,-616,619]],"type":"Polygon","properties":{"id":143734,"statcode":"GM0425","statnaam":"Naarden","jrstatcode":"2012GM0425","rubriek":"gemeente","FID":"gemeente_gegeneraliseerd_2012.37e9c9c3-33f4-4fd1-b9c0-fc4a76425bb8"},"id":"GM0425"},{"arcs":[[-505,620,621,-606]],"type":"Polygon","properties":{"id":143735,"statcode":"GM0431","statnaam":"Oostzaan","jrstatcode":"2012GM0431","rubriek":"gemeente","FID":"gemeente_gegeneraliseerd_2012.cba2164d-e519-4677-ab24-fe1c5fdf7a72"},"id":"GM0431"},{"arcs":[[622,-588,623,-615]],"type":"Polygon","properties":{"id":143736,"statcode":"GM0432","statnaam":"Opmeer","jrstatcode":"2012GM0432","rubriek":"gemeente","FID":"gemeente_gegeneraliseerd_2012.26269bec-2d5c-447c-8fd2-e8133156ba8c"},"id":"GM0432"},{"arcs":[[-514,624,-502,-510,-559]],"type":"Polygon","properties":{"id":143737,"statcode":"GM0437","statnaam":"Ouder-Amstel","jrstatcode":"2012GM0437","rubriek":"gemeente","FID":"gemeente_gegeneraliseerd_2012.6d6386eb-224a-4a03-a7c9-23f2a41c98b8"},"id":"GM0437"},{"arcs":[[-561,625,-608,626,-526,627]],"type":"Polygon","properties":{"id":143738,"statcode":"GM0439","statnaam":"Purmerend","jrstatcode":"2012GM0439","rubriek":"gemeente","FID":"gemeente_gegeneraliseerd_2012.6292c9a9-9201-45b9-8316-ca91654f2345"},"id":"GM0439"},{"arcs":[[628,-579,629]],"type":"Polygon","properties":{"id":143739,"statcode":"GM0441","statnaam":"Schagen","jrstatcode":"2012GM0441","rubriek":"gemeente","FID":"gemeente_gegeneraliseerd_2012.184c94d0-8b31-4b29-a4de-e75107a4941a"},"id":"GM0441"},{"arcs":[[630]],"type":"Polygon","properties":{"id":143740,"statcode":"GM0448","statnaam":"Texel","jrstatcode":"2012GM0448","rubriek":"gemeente","FID":"gemeente_gegeneraliseerd_2012.cd45164f-98a2-46fe-9732-808e4fa98f03"},"id":"GM0448"},{"arcs":[[-520,631,-586,-556]],"type":"Polygon","properties":{"id":143741,"statcode":"GM0450","statnaam":"Uitgeest","jrstatcode":"2012GM0450","rubriek":"gemeente","FID":"gemeente_gegeneraliseerd_2012.a1cf8d24-8420-4120-a61a-efb51f8e35ea"},"id":"GM0450"},{"arcs":[[632,633,-489,-499,634]],"type":"Polygon","properties":{"id":143742,"statcode":"GM0451","statnaam":"Uithoorn","jrstatcode":"2012GM0451","rubriek":"gemeente","FID":"gemeente_gegeneraliseerd_2012.ab861e61-8750-437e-85d8-c951aad2322b"},"id":"GM0451"},{"arcs":[[-546,635,-535,636,-571,-570]],"type":"Polygon","properties":{"id":143743,"statcode":"GM0453","statnaam":"Velsen","jrstatcode":"2012GM0453","rubriek":"gemeente","FID":"gemeente_gegeneraliseerd_2012.52736733-2b88-4ffa-91ab-d9b67132ca70"},"id":"GM0453"},{"arcs":[[637,-512,-617,-619,-596,638,639]],"type":"Polygon","properties":{"id":143744,"statcode":"GM0457","statnaam":"Weesp","jrstatcode":"2012GM0457","rubriek":"gemeente","FID":"gemeente_gegeneraliseerd_2012.996896c8-1ccf-48d9-89c4-98021a990a2c"},"id":"GM0457"},{"arcs":[[640,-523,-522,-555,-493,-590]],"type":"Polygon","properties":{"id":143745,"statcode":"GM0458","statnaam":"Schermer","jrstatcode":"2012GM0458","rubriek":"gemeente","FID":"gemeente_gegeneraliseerd_2012.3a533d57-6144-49a6-9e42-bdf66d50a6cf"},"id":"GM0458"},{"arcs":[[-544,641,642,643]],"type":"Polygon","properties":{"id":143746,"statcode":"GM0473","statnaam":"Zandvoort","jrstatcode":"2012GM0473","rubriek":"gemeente","FID":"gemeente_gegeneraliseerd_2012.da8ef325-f027-445a-a4d7-d8af3d964b4f"},"id":"GM0473"},{"arcs":[[644,-594,645,-630,-583,-528]],"type":"Polygon","properties":{"id":143747,"statcode":"GM0476","statnaam":"Zijpe","jrstatcode":"2012GM0476","rubriek":"gemeente","FID":"gemeente_gegeneraliseerd_2012.92f78341-8fa9-4899-8195-cb7c55b54cc2"},"id":"GM0476"},{"arcs":[[-562,-628,-525,646,647]],"type":"Polygon","properties":{"id":143748,"statcode":"GM0478","statnaam":"Zeevang","jrstatcode":"2012GM0478","rubriek":"gemeente","FID":"gemeente_gegeneraliseerd_2012.67c395ae-88e7-45b2-ba47-b132558bb9b6"},"id":"GM0478"},{"arcs":[[-519,648,-621,-504,-572,-637,-534,-584,-632]],"type":"Polygon","properties":{"id":143749,"statcode":"GM0479","statnaam":"Zaanstad","jrstatcode":"2012GM0479","rubriek":"gemeente","FID":"gemeente_gegeneraliseerd_2012.b77dd337-8878-4433-a2cd-5f7b185d5a54"},"id":"GM0479"},{"arcs":[[649,650,651,652,653]],"type":"Polygon","properties":{"id":143750,"statcode":"GM0482","statnaam":"Alblasserdam","jrstatcode":"2012GM0482","rubriek":"gemeente","FID":"gemeente_gegeneraliseerd_2012.f12d8b2d-74d2-423e-b340-8c7f45214b9d"},"id":"GM0482"},{"arcs":[[654,655,656,657,658]],"type":"Polygon","properties":{"id":143751,"statcode":"GM0484","statnaam":"Alphen aan den Rijn","jrstatcode":"2012GM0484","rubriek":"gemeente","FID":"gemeente_gegeneraliseerd_2012.ca42ca59-f49f-450c-bf40-6008581ab6cc"},"id":"GM0484"},{"arcs":[[659,660,661,662,663]],"type":"Polygon","properties":{"id":143752,"statcode":"GM0489","statnaam":"Barendrecht","jrstatcode":"2012GM0489","rubriek":"gemeente","FID":"gemeente_gegeneraliseerd_2012.120b26a1-2103-4efb-af08-aa7392b3df74"},"id":"GM0489"},{"arcs":[[664,665,666,667,668]],"type":"Polygon","properties":{"id":143753,"statcode":"GM0491","statnaam":"Bergambacht","jrstatcode":"2012GM0491","rubriek":"gemeente","FID":"gemeente_gegeneraliseerd_2012.d2eda10b-6523-4c10-9674-612f6601046f"},"id":"GM0491"},{"arcs":[[-600,-613,669,670]],"type":"Polygon","properties":{"id":143754,"statcode":"GM0498","statnaam":"Drechterland","jrstatcode":"2012GM0498","rubriek":"gemeente","FID":"gemeente_gegeneraliseerd_2012.294cfac2-9e0d-4399-804e-e85739145da2"},"id":"GM0498"},{"arcs":[[671,-659,672,673]],"type":"Polygon","properties":{"id":143755,"statcode":"GM0499","statnaam":"Boskoop","jrstatcode":"2012GM0499","rubriek":"gemeente","FID":"gemeente_gegeneraliseerd_2012.f2974572-4c29-43ff-9f8f-bde52d0133fa"},"id":"GM0499"},{"arcs":[[674,675,676,677]],"type":"Polygon","properties":{"id":143756,"statcode":"GM0501","statnaam":"Brielle","jrstatcode":"2012GM0501","rubriek":"gemeente","FID":"gemeente_gegeneraliseerd_2012.15346e3c-8de0-4bf5-b520-56876ed00004"},"id":"GM0501"},{"arcs":[[678,679,680,681]],"type":"Polygon","properties":{"id":143757,"statcode":"GM0502","statnaam":"Capelle aan den IJssel","jrstatcode":"2012GM0502","rubriek":"gemeente","FID":"gemeente_gegeneraliseerd_2012.5e6ce80f-3c91-44cf-b839-755ea3e5736a"},"id":"GM0502"},{"arcs":[[682,683,684,685,686]],"type":"Polygon","properties":{"id":143758,"statcode":"GM0503","statnaam":"Delft","jrstatcode":"2012GM0503","rubriek":"gemeente","FID":"gemeente_gegeneraliseerd_2012.748c6459-99a3-4839-8f52-f166b8b2dc96"},"id":"GM0503"},{"arcs":[[687,688,689,690]],"type":"Polygon","properties":{"id":143759,"statcode":"GM0504","statnaam":"Dirksland","jrstatcode":"2012GM0504","rubriek":"gemeente","FID":"gemeente_gegeneraliseerd_2012.399a053c-b5d1-41ae-9a11-c13a982981cd"},"id":"GM0504"},{"arcs":[[691,692,693,694,695,696,697,698,699,700]],"type":"Polygon","properties":{"id":143760,"statcode":"GM0505","statnaam":"Dordrecht","jrstatcode":"2012GM0505","rubriek":"gemeente","FID":"gemeente_gegeneraliseerd_2012.f10ef6d2-3fa7-499f-97b6-870098ff2df9"},"id":"GM0505"},{"arcs":[[-690,701,702,703]],"type":"Polygon","properties":{"id":143761,"statcode":"GM0511","statnaam":"Goedereede","jrstatcode":"2012GM0511","rubriek":"gemeente","FID":"gemeente_gegeneraliseerd_2012.9d425c3e-67b4-41e1-ab93-c85ec148d23f"},"id":"GM0511"},{"arcs":[[704,-409,705,706,707,708]],"type":"Polygon","properties":{"id":143762,"statcode":"GM0512","statnaam":"Gorinchem","jrstatcode":"2012GM0512","rubriek":"gemeente","FID":"gemeente_gegeneraliseerd_2012.a550f338-24e4-4d51-a0b0-92c9636bc030"},"id":"GM0512"},{"arcs":[[709,710,711,712,713]],"type":"Polygon","properties":{"id":143763,"statcode":"GM0513","statnaam":"Gouda","jrstatcode":"2012GM0513","rubriek":"gemeente","FID":"gemeente_gegeneraliseerd_2012.a6c8092f-7e6d-4e3a-9f3d-b92ba5aa4ef7"},"id":"GM0513"},{"arcs":[[714,715,-684,716,717,718,719,720]],"type":"Polygon","properties":{"id":143764,"statcode":"GM0518","statnaam":"'s-Gravenhage","jrstatcode":"2012GM0518","rubriek":"gemeente","FID":"gemeente_gegeneraliseerd_2012.13a06f31-8b15-4fc6-ba49-3a831d4741fd"},"id":"GM0518"},{"arcs":[[-708,721,-695,722,723,724]],"type":"Polygon","properties":{"id":143765,"statcode":"GM0523","statnaam":"Hardinxveld-Giessendam","jrstatcode":"2012GM0523","rubriek":"gemeente","FID":"gemeente_gegeneraliseerd_2012.097ee06e-a3a0-4fe8-abaa-02086b874de1"},"id":"GM0523"},{"arcs":[[725,-677,726,727]],"type":"Polygon","properties":{"id":143766,"statcode":"GM0530","statnaam":"Hellevoetsluis","jrstatcode":"2012GM0530","rubriek":"gemeente","FID":"gemeente_gegeneraliseerd_2012.ce6be844-a9e1-48df-870d-964443647bf1"},"id":"GM0530"},{"arcs":[[-654,728,729,730]],"type":"Polygon","properties":{"id":143767,"statcode":"GM0531","statnaam":"Hendrik-Ido-Ambacht","jrstatcode":"2012GM0531","rubriek":"gemeente","FID":"gemeente_gegeneraliseerd_2012.1f0a80af-f736-4886-8758-d3b29d9d631c"},"id":"GM0531"},{"arcs":[[-612,-564,731,-670]],"type":"Polygon","properties":{"id":143768,"statcode":"GM0532","statnaam":"Stede Broec","jrstatcode":"2012GM0532","rubriek":"gemeente","FID":"gemeente_gegeneraliseerd_2012.9de0138c-40b5-47de-86e2-7759d51ef36d"},"id":"GM0532"},{"arcs":[[-577,732,733,-542]],"type":"Polygon","properties":{"id":143769,"statcode":"GM0534","statnaam":"Hillegom","jrstatcode":"2012GM0534","rubriek":"gemeente","FID":"gemeente_gegeneraliseerd_2012.0bb7ccec-93ff-40b6-af8d-03ccf84eb8d6"},"id":"GM0534"},{"arcs":[[734,735,736,737,738,739]],"type":"Polygon","properties":{"id":143770,"statcode":"GM0537","statnaam":"Katwijk","jrstatcode":"2012GM0537","rubriek":"gemeente","FID":"gemeente_gegeneraliseerd_2012.95500938-d517-4dca-8b85-ea1709517e4c"},"id":"GM0537"},{"arcs":[[740,741,742,-681]],"type":"Polygon","properties":{"id":143771,"statcode":"GM0542","statnaam":"Krimpen aan den IJssel","jrstatcode":"2012GM0542","rubriek":"gemeente","FID":"gemeente_gegeneraliseerd_2012.1c412db5-c0dd-4eab-ac33-2041c9158d12"},"id":"GM0542"},{"arcs":[[743,744,745,-301,-335,746]],"type":"Polygon","properties":{"id":143772,"statcode":"GM0545","statnaam":"Leerdam","jrstatcode":"2012GM0545","rubriek":"gemeente","FID":"gemeente_gegeneraliseerd_2012.b7e8f00f-4f09-448a-86fb-1edd1e8fc92a"},"id":"GM0545"},{"arcs":[[747,748,749,750,751,752,-738,753]],"type":"Polygon","properties":{"id":143773,"statcode":"GM0546","statnaam":"Leiden","jrstatcode":"2012GM0546","rubriek":"gemeente","FID":"gemeente_gegeneraliseerd_2012.cf1858ba-0732-40ba-884c-f2ad233f243f"},"id":"GM0546"},{"arcs":[[-749,754,755,756,757]],"type":"Polygon","properties":{"id":143774,"statcode":"GM0547","statnaam":"Leiderdorp","jrstatcode":"2012GM0547","rubriek":"gemeente","FID":"gemeente_gegeneraliseerd_2012.b71d26e8-6556-49ad-85c4-87e28698012b"},"id":"GM0547"},{"arcs":[[758,759,-733,-576]],"type":"Polygon","properties":{"id":143775,"statcode":"GM0553","statnaam":"Lisse","jrstatcode":"2012GM0553","rubriek":"gemeente","FID":"gemeente_gegeneraliseerd_2012.ade186b3-0b95-4da8-8f7e-889057df2f91"},"id":"GM0553"},{"arcs":[[760,761,762,763]],"type":"Polygon","properties":{"id":143776,"statcode":"GM0556","statnaam":"Maassluis","jrstatcode":"2012GM0556","rubriek":"gemeente","FID":"gemeente_gegeneraliseerd_2012.7d3df8a9-9162-4a2b-9a29-5a590bf8febf"},"id":"GM0556"},{"arcs":[[764,765,766,-688,767,768]],"type":"Polygon","properties":{"id":143777,"statcode":"GM0559","statnaam":"Middelharnis","jrstatcode":"2012GM0559","rubriek":"gemeente","FID":"gemeente_gegeneraliseerd_2012.a8eb89a6-7a59-4726-a75c-4e30b5b2411c"},"id":"GM0559"},{"arcs":[[-727,-676,769,770,771,772]],"type":"Polygon","properties":{"id":143778,"statcode":"GM0568","statnaam":"Bernisse","jrstatcode":"2012GM0568","rubriek":"gemeente","FID":"gemeente_gegeneraliseerd_2012.040799dc-4c05-4047-bab7-f6ae05ad7cb7"},"id":"GM0568"},{"arcs":[[773,774,-657,775,-633,776]],"type":"Polygon","properties":{"id":143779,"statcode":"GM0569","statnaam":"Nieuwkoop","jrstatcode":"2012GM0569","rubriek":"gemeente","FID":"gemeente_gegeneraliseerd_2012.10761bf0-7a3e-4575-b711-08d542c0f650"},"id":"GM0569"},{"arcs":[[777,778,779,780,-651]],"type":"Polygon","properties":{"id":143780,"statcode":"GM0571","statnaam":"Nieuw-Lekkerland","jrstatcode":"2012GM0571","rubriek":"gemeente","FID":"gemeente_gegeneraliseerd_2012.332692af-d9e4-4b6e-af7d-c8ae7463c806"},"id":"GM0571"},{"arcs":[[781,-735,782,-643,783]],"type":"Polygon","properties":{"id":143781,"statcode":"GM0575","statnaam":"Noordwijk","jrstatcode":"2012GM0575","rubriek":"gemeente","FID":"gemeente_gegeneraliseerd_2012.e4c12d52-71a3-4a75-80b0-a111d1e557bb"},"id":"GM0575"},{"arcs":[[-760,784,-784,-642,-543,-734]],"type":"Polygon","properties":{"id":143782,"statcode":"GM0576","statnaam":"Noordwijkerhout","jrstatcode":"2012GM0576","rubriek":"gemeente","FID":"gemeente_gegeneraliseerd_2012.7a1a2ba9-1b47-4901-8524-00332f88d6b9"},"id":"GM0576"},{"arcs":[[-754,-737,785]],"type":"Polygon","properties":{"id":143783,"statcode":"GM0579","statnaam":"Oegstgeest","jrstatcode":"2012GM0579","rubriek":"gemeente","FID":"gemeente_gegeneraliseerd_2012.d15d3c5d-3c23-4fb1-b97d-d240086ad736"},"id":"GM0579"},{"arcs":[[786,787,-769,788]],"type":"Polygon","properties":{"id":143784,"statcode":"GM0580","statnaam":"Oostflakkee","jrstatcode":"2012GM0580","rubriek":"gemeente","FID":"gemeente_gegeneraliseerd_2012.831c76ce-66d1-4652-a2f1-98f46f8eb04f"},"id":"GM0580"},{"arcs":[[789,790,791,792,793]],"type":"Polygon","properties":{"id":143785,"statcode":"GM0584","statnaam":"Oud-Beijerland","jrstatcode":"2012GM0584","rubriek":"gemeente","FID":"gemeente_gegeneraliseerd_2012.02ab6713-a8ce-48f4-bfdd-454b4ea73ef4"},"id":"GM0584"},{"arcs":[[794,-791,795,-663,796,-701,797]],"type":"Polygon","properties":{"id":143786,"statcode":"GM0585","statnaam":"Binnenmaas","jrstatcode":"2012GM0585","rubriek":"gemeente","FID":"gemeente_gegeneraliseerd_2012.b25b4410-e432-4f94-831a-e55b4610c237"},"id":"GM0585"},{"arcs":[[[798,-772,799,-793,800]],[[801]]],"type":"MultiPolygon","properties":{"id":143787,"statcode":"GM0588","statnaam":"Korendijk","jrstatcode":"2012GM0588","rubriek":"gemeente","FID":"gemeente_gegeneraliseerd_2012.77be43d8-0502-4f10-8c7c-e614b3ddaaa0"},"id":"GM0588"},{"arcs":[[-456,802,803,-465]],"type":"Polygon","properties":{"id":143788,"statcode":"GM0589","statnaam":"Oudewater","jrstatcode":"2012GM0589","rubriek":"gemeente","FID":"gemeente_gegeneraliseerd_2012.d132051d-a20a-41ad-aaf6-dd3e76380e8d"},"id":"GM0589"},{"arcs":[[804,-729,-653,805,806,-693]],"type":"Polygon","properties":{"id":143789,"statcode":"GM0590","statnaam":"Papendrecht","jrstatcode":"2012GM0590","rubriek":"gemeente","FID":"gemeente_gegeneraliseerd_2012.aa2f506d-5300-4622-84f3-02e9a1ca304e"},"id":"GM0590"},{"arcs":[[807,-661,808,809,-778,-650,-731]],"type":"Polygon","properties":{"id":143790,"statcode":"GM0597","statnaam":"Ridderkerk","jrstatcode":"2012GM0597","rubriek":"gemeente","FID":"gemeente_gegeneraliseerd_2012.9c27f2f3-dc72-4362-a340-6bcaec5814ac"},"id":"GM0597"},{"arcs":[[-743,-809,-660,810,811,-770,-675,812,813,814,-764,815,816,817,-686,818,819,820,-682]],"type":"Polygon","properties":{"id":143791,"statcode":"GM0599","statnaam":"Rotterdam","jrstatcode":"2012GM0599","rubriek":"gemeente","FID":"gemeente_gegeneraliseerd_2012.d89c404f-efa7-4791-9bc8-7e100d3775b2"},"id":"GM0599"},{"arcs":[[-683,821,822,-717]],"type":"Polygon","properties":{"id":143792,"statcode":"GM0603","statnaam":"Rijswijk","jrstatcode":"2012GM0603","rubriek":"gemeente","FID":"gemeente_gegeneraliseerd_2012.9b9a658c-c354-4433-b657-cb330b8e1e18"},"id":"GM0603"},{"arcs":[[823,-817,824]],"type":"Polygon","properties":{"id":143793,"statcode":"GM0606","statnaam":"Schiedam","jrstatcode":"2012GM0606","rubriek":"gemeente","FID":"gemeente_gegeneraliseerd_2012.50ea6bb4-38fe-4c10-afdf-d0a36c81ede8"},"id":"GM0606"},{"arcs":[[-462,825,-668,826]],"type":"Polygon","properties":{"id":143794,"statcode":"GM0608","statnaam":"Schoonhoven","jrstatcode":"2012GM0608","rubriek":"gemeente","FID":"gemeente_gegeneraliseerd_2012.d22712df-adbe-407b-a33a-5a1d8698bbc7"},"id":"GM0608"},{"arcs":[[-694,-807,827,-723]],"type":"Polygon","properties":{"id":143795,"statcode":"GM0610","statnaam":"Sliedrecht","jrstatcode":"2012GM0610","rubriek":"gemeente","FID":"gemeente_gegeneraliseerd_2012.cc4b6293-f9a6-4259-96d4-398e91c9aa69"},"id":"GM0610"},{"arcs":[[828,-801,-792,-795,829]],"type":"Polygon","properties":{"id":143796,"statcode":"GM0611","statnaam":"Cromstrijen","jrstatcode":"2012GM0611","rubriek":"gemeente","FID":"gemeente_gegeneraliseerd_2012.8d65486a-b3fa-422d-b90e-1855fb1d8961"},"id":"GM0611"},{"arcs":[[830,-794,-800,-771,-812]],"type":"Polygon","properties":{"id":143797,"statcode":"GM0612","statnaam":"Spijkenisse","jrstatcode":"2012GM0612","rubriek":"gemeente","FID":"gemeente_gegeneraliseerd_2012.4a3b43bf-d157-4af5-9f47-19f5ef9a6546"},"id":"GM0612"},{"arcs":[[-664,-796,-790,-831,-811]],"type":"Polygon","properties":{"id":143798,"statcode":"GM0613","statnaam":"Albrandswaard","jrstatcode":"2012GM0613","rubriek":"gemeente","FID":"gemeente_gegeneraliseerd_2012.87ee9797-0945-4e95-9adb-ee9e82de9d7a"},"id":"GM0613"},{"arcs":[[831,-813,-678,-726]],"type":"Polygon","properties":{"id":143799,"statcode":"GM0614","statnaam":"Westvoorne","jrstatcode":"2012GM0614","rubriek":"gemeente","FID":"gemeente_gegeneraliseerd_2012.926f7a9c-77d4-41d6-8c7e-9f1baefa783c"},"id":"GM0614"},{"arcs":[[-700,832,-830,-798]],"type":"Polygon","properties":{"id":143800,"statcode":"GM0617","statnaam":"Strijen","jrstatcode":"2012GM0617","rubriek":"gemeente","FID":"gemeente_gegeneraliseerd_2012.177e6eb1-42ad-4b72-8c69-98e56ecd5a15"},"id":"GM0617"},{"arcs":[[-302,-746,835,-459,-485,-487,-449]],"type":"Polygon","properties":{"id":143801,"statcode":"GM0620","statnaam":"Vianen","jrstatcode":"2012GM0620","rubriek":"gemeente","FID":"gemeente_gegeneraliseerd_2012.c9054af1-a482-41f2-9489-f3d16322d1d0"},"id":"GM0620"},{"arcs":[[-825,-816,-763,836]],"type":"Polygon","properties":{"id":143802,"statcode":"GM0622","statnaam":"Vlaardingen","jrstatcode":"2012GM0622","rubriek":"gemeente","FID":"gemeente_gegeneraliseerd_2012.6d71ce4f-64a1-44e4-8063-f12aa2ba700c"},"id":"GM0622"},{"arcs":[[837,-710,838,-803,-455,-827,-667]],"type":"Polygon","properties":{"id":143803,"statcode":"GM0623","statnaam":"Vlist","jrstatcode":"2012GM0623","rubriek":"gemeente","FID":"gemeente_gegeneraliseerd_2012.48967523-37f4-470a-9fac-d2ae841a3192"},"id":"GM0623"},{"arcs":[[839,840,-752]],"type":"Polygon","properties":{"id":143804,"statcode":"GM0626","statnaam":"Voorschoten","jrstatcode":"2012GM0626","rubriek":"gemeente","FID":"gemeente_gegeneraliseerd_2012.7b7bdc03-128a-4c95-a2a4-38de3bcd8cf0"},"id":"GM0626"},{"arcs":[[-713,841,842,-674,843]],"type":"Polygon","properties":{"id":143805,"statcode":"GM0627","statnaam":"Waddinxveen","jrstatcode":"2012GM0627","rubriek":"gemeente","FID":"gemeente_gegeneraliseerd_2012.003190e9-5e73-4839-bf03-34712e6cba20"},"id":"GM0627"},{"arcs":[[-753,-841,844,-720,845,-739]],"type":"Polygon","properties":{"id":143806,"statcode":"GM0629","statnaam":"Wassenaar","jrstatcode":"2012GM0629","rubriek":"gemeente","FID":"gemeente_gegeneraliseerd_2012.7c0f6c6c-4657-4232-b9ac-56b7b76f9dad"},"id":"GM0629"},{"arcs":[[-774,846,847,-475,-467,848]],"type":"Polygon","properties":{"id":143807,"statcode":"GM0632","statnaam":"Woerden","jrstatcode":"2012GM0632","rubriek":"gemeente","FID":"gemeente_gegeneraliseerd_2012.9f3d7b00-7c5f-45e6-906e-bbc65aca12b3"},"id":"GM0632"},{"arcs":[[-715,849,850,851,852,853]],"type":"Polygon","properties":{"id":143808,"statcode":"GM0637","statnaam":"Zoetermeer","jrstatcode":"2012GM0637","rubriek":"gemeente","FID":"gemeente_gegeneraliseerd_2012.72dd1161-5415-4e91-bcfd-0281376b7c93"},"id":"GM0637"},{"arcs":[[-758,854,-851,855,-750]],"type":"Polygon","properties":{"id":143809,"statcode":"GM0638","statnaam":"Zoeterwoude","jrstatcode":"2012GM0638","rubriek":"gemeente","FID":"gemeente_gegeneraliseerd_2012.0f141596-b2dd-4fad-85c7-630d7b9a5654"},"id":"GM0638"},{"arcs":[[-808,-730,-805,-692,-797,-662]],"type":"Polygon","properties":{"id":143810,"statcode":"GM0642","statnaam":"Zwijndrecht","jrstatcode":"2012GM0642","rubriek":"gemeente","FID":"gemeente_gegeneraliseerd_2012.196c5783-dfc1-4d9e-a941-8267e4d1950c"},"id":"GM0642"},{"arcs":[[-810,-742,856,-665,857,-779]],"type":"Polygon","properties":{"id":143811,"statcode":"GM0643","statnaam":"Nederlek","jrstatcode":"2012GM0643","rubriek":"gemeente","FID":"gemeente_gegeneraliseerd_2012.e0448eeb-87be-4451-bc16-3e100b9c6d3f"},"id":"GM0643"},{"arcs":[[-857,-741,-680,858,-711,-838,-666]],"type":"Polygon","properties":{"id":143812,"statcode":"GM0644","statnaam":"Ouderkerk","jrstatcode":"2012GM0644","rubriek":"gemeente","FID":"gemeente_gegeneraliseerd_2012.b8ccedbd-5dfc-4dcb-b4bb-c221a974a146"},"id":"GM0644"},{"arcs":[[-71,-130,859,860]],"type":"Polygon","properties":{"id":143813,"statcode":"GM0653","statnaam":"Gaasterlân-Sleat","jrstatcode":"2012GM0653","rubriek":"gemeente","FID":"gemeente_gegeneraliseerd_2012.63f34308-5cf6-4e84-9f34-5109f840fc1e"},"id":"GM0653"},{"arcs":[[861,862,863,864,865,866,867,868,869,870,871]],"type":"Polygon","properties":{"id":143814,"statcode":"GM0654","statnaam":"Borsele","jrstatcode":"2012GM0654","rubriek":"gemeente","FID":"gemeente_gegeneraliseerd_2012.e7b5c82d-1f00-4e1c-b19f-ec2b545b2481"},"id":"GM0654"},{"arcs":[[-872,874,875,876,877,878]],"type":"Polygon","properties":{"id":143815,"statcode":"GM0664","statnaam":"Goes","jrstatcode":"2012GM0664","rubriek":"gemeente","FID":"gemeente_gegeneraliseerd_2012.225a69ae-8c36-4b9a-a085-6ea2d65e960a"},"id":"GM0664"},{"arcs":[[-403,881,-363,-421,-390,882,-312]],"type":"Polygon","properties":{"id":143816,"statcode":"GM0668","statnaam":"West Maas en Waal","jrstatcode":"2012GM0668","rubriek":"gemeente","FID":"gemeente_gegeneraliseerd_2012.b705e1d9-bc07-43fc-a33e-fa920969f672"},"id":"GM0668"},{"arcs":[[883,884]],"type":"Polygon","properties":{"id":143817,"statcode":"GM0677","statnaam":"Hulst","jrstatcode":"2012GM0677","rubriek":"gemeente","FID":"gemeente_gegeneraliseerd_2012.49b8256e-7bbf-4d78-873c-70b7d9fd2ae2"},"id":"GM0677"},{"arcs":[[885,-862,-879,886,887]],"type":"Polygon","properties":{"id":143818,"statcode":"GM0678","statnaam":"Kapelle","jrstatcode":"2012GM0678","rubriek":"gemeente","FID":"gemeente_gegeneraliseerd_2012.243c0e90-a4f2-4ec2-b897-6a41459381c1"},"id":"GM0678"},{"arcs":[[888,889,-875,-871,890]],"type":"Polygon","properties":{"id":143819,"statcode":"GM0687","statnaam":"Middelburg","jrstatcode":"2012GM0687","rubriek":"gemeente","FID":"gemeente_gegeneraliseerd_2012.99f2a747-8ef6-40c5-90b6-5cef47aeef72"},"id":"GM0687"},{"arcs":[[-725,891,892,893,-744,894,-709]],"type":"Polygon","properties":{"id":143820,"statcode":"GM0689","statnaam":"Giessenlanden","jrstatcode":"2012GM0689","rubriek":"gemeente","FID":"gemeente_gegeneraliseerd_2012.7e4ec2b8-5d22-41a4-b6df-26923cc414e4"},"id":"GM0689"},{"arcs":[[-652,-781,895,-892,-724,-828,-806]],"type":"Polygon","properties":{"id":143821,"statcode":"GM0693","statnaam":"Graafstroom","jrstatcode":"2012GM0693","rubriek":"gemeente","FID":"gemeente_gegeneraliseerd_2012.9ba72fc2-ae38-4381-9379-cc693b1ef40e"},"id":"GM0693"},{"arcs":[[-826,-461,896,-893,-896,-780,-858,-669]],"type":"Polygon","properties":{"id":143822,"statcode":"GM0694","statnaam":"Liesveld","jrstatcode":"2012GM0694","rubriek":"gemeente","FID":"gemeente_gegeneraliseerd_2012.66755686-1557-4fb9-942a-76ea40528a85"},"id":"GM0694"},{"arcs":[[897,898,899,900,901,-888]],"type":"Polygon","properties":{"id":143823,"statcode":"GM0703","statnaam":"Reimerswaal","jrstatcode":"2012GM0703","rubriek":"gemeente","FID":"gemeente_gegeneraliseerd_2012.b551c39b-234d-4cca-a06a-985afd26badb"},"id":"GM0703"},{"arcs":[[-894,-897,-460,-836,-745]],"type":"Polygon","properties":{"id":143824,"statcode":"GM0707","statnaam":"Zederik","jrstatcode":"2012GM0707","rubriek":"gemeente","FID":"gemeente_gegeneraliseerd_2012.b28b357b-5634-4116-ade2-03aa43975b82"},"id":"GM0707"},{"arcs":[[902,903,-884,904]],"type":"Polygon","properties":{"id":143825,"statcode":"GM0715","statnaam":"Terneuzen","jrstatcode":"2012GM0715","rubriek":"gemeente","FID":"gemeente_gegeneraliseerd_2012.a7f88703-f75e-42d8-a0eb-d7de02006495"},"id":"GM0715"},{"arcs":[[905,906,907,908,-899,909]],"type":"Polygon","properties":{"id":143826,"statcode":"GM0716","statnaam":"Tholen","jrstatcode":"2012GM0716","rubriek":"gemeente","FID":"gemeente_gegeneraliseerd_2012.56264fe5-69dc-4c09-af8b-b7f7aadba3a4"},"id":"GM0716"},{"arcs":[[-889,910,911,912,913]],"type":"Polygon","properties":{"id":143827,"statcode":"GM0717","statnaam":"Veere","jrstatcode":"2012GM0717","rubriek":"gemeente","FID":"gemeente_gegeneraliseerd_2012.314c205b-549d-4d01-9f54-4d1990f64fd4"},"id":"GM0717"},{"arcs":[[918,-873,919,-911,-891,-870]],"type":"Polygon","properties":{"id":143828,"statcode":"GM0718","statnaam":"Vlissingen","jrstatcode":"2012GM0718","rubriek":"gemeente","FID":"gemeente_gegeneraliseerd_2012.7b541301-04e8-4714-82ac-5b93f4efa9db"},"id":"GM0718"},{"arcs":[[-420,-410,-705,-895,-747,-338]],"type":"Polygon","properties":{"id":143829,"statcode":"GM0733","statnaam":"Lingewaal","jrstatcode":"2012GM0733","rubriek":"gemeente","FID":"gemeente_gegeneraliseerd_2012.5595f77a-2520-4eae-b3d0-0513ff039648"},"id":"GM0733"},{"arcs":[[-847,-777,-635,-498,-625,-513,-638,923]],"type":"Polygon","properties":{"id":143830,"statcode":"GM0736","statnaam":"De Ronde Venen","jrstatcode":"2012GM0736","rubriek":"gemeente","FID":"gemeente_gegeneraliseerd_2012.2c9dbcdd-87ea-477c-8624-d66081198f89"},"id":"GM0736"},{"arcs":[[-97,-140,-84,-119,-125,924,925]],"type":"Polygon","properties":{"id":143831,"statcode":"GM0737","statnaam":"Tytsjerksteradiel","jrstatcode":"2012GM0737","rubriek":"gemeente","FID":"gemeente_gegeneraliseerd_2012.8006b622-edf9-40a8-871b-56a586c3bc3f"},"id":"GM0737"},{"arcs":[[926,927,928,929,-407]],"type":"Polygon","properties":{"id":143832,"statcode":"GM0738","statnaam":"Aalburg","jrstatcode":"2012GM0738","rubriek":"gemeente","FID":"gemeente_gegeneraliseerd_2012.41f76ba6-86f6-4136-b729-6b8782e0e6a7"},"id":"GM0738"},{"arcs":[[930,931,932,933,934]],"type":"Polygon","properties":{"id":143833,"statcode":"GM0743","statnaam":"Asten","jrstatcode":"2012GM0743","rubriek":"gemeente","FID":"gemeente_gegeneraliseerd_2012.0516afeb-b6df-42f6-adaf-4bbe766e1321"},"id":"GM0743"},{"arcs":[[935,936]],"type":"Polygon","properties":{"id":143834,"statcode":"GM0744","statnaam":"Baarle-Nassau","jrstatcode":"2012GM0744","rubriek":"gemeente","FID":"gemeente_gegeneraliseerd_2012.1656d256-0be7-4da0-bae1-9147b7b249ab"},"id":"GM0744"},{"arcs":[[937,938,939,-900,-909]],"type":"Polygon","properties":{"id":143835,"statcode":"GM0748","statnaam":"Bergen op Zoom","jrstatcode":"2012GM0748","rubriek":"gemeente","FID":"gemeente_gegeneraliseerd_2012.733c97cf-7268-41c9-a294-278d68626a62"},"id":"GM0748"},{"arcs":[[940,941,942,943,944]],"type":"Polygon","properties":{"id":143836,"statcode":"GM0753","statnaam":"Best","jrstatcode":"2012GM0753","rubriek":"gemeente","FID":"gemeente_gegeneraliseerd_2012.b12649e8-8ff2-4509-b844-88d92ace3c8c"},"id":"GM0753"},{"arcs":[[945,946,947,948]],"type":"Polygon","properties":{"id":143837,"statcode":"GM0755","statnaam":"Boekel","jrstatcode":"2012GM0755","rubriek":"gemeente","FID":"gemeente_gegeneraliseerd_2012.a381888e-0467-4f0e-917e-9b003b830c87"},"id":"GM0755"},{"arcs":[[949,950,951,952,953]],"type":"Polygon","properties":{"id":143838,"statcode":"GM0756","statnaam":"Boxmeer","jrstatcode":"2012GM0756","rubriek":"gemeente","FID":"gemeente_gegeneraliseerd_2012.d5462b14-f98d-418d-aae8-600945a68762"},"id":"GM0756"},{"arcs":[[-942,954,955,956,957,958,959]],"type":"Polygon","properties":{"id":143839,"statcode":"GM0757","statnaam":"Boxtel","jrstatcode":"2012GM0757","rubriek":"gemeente","FID":"gemeente_gegeneraliseerd_2012.4cc4a75b-05f6-4a0f-8e72-1c63d7d07e77"},"id":"GM0757"},{"arcs":[[960,961,962,963,964,965,966,967]],"type":"Polygon","properties":{"id":143840,"statcode":"GM0758","statnaam":"Breda","jrstatcode":"2012GM0758","rubriek":"gemeente","FID":"gemeente_gegeneraliseerd_2012.bb0fe392-042c-4305-bff4-8a7188f791fc"},"id":"GM0758"},{"arcs":[[-932,968,969,970,971,972]],"type":"Polygon","properties":{"id":143841,"statcode":"GM0762","statnaam":"Deurne","jrstatcode":"2012GM0762","rubriek":"gemeente","FID":"gemeente_gegeneraliseerd_2012.3e4df79e-3c50-42c3-b236-ee08670ec9f6"},"id":"GM0762"},{"arcs":[[-55,-62,973,974,-10]],"type":"Polygon","properties":{"id":143842,"statcode":"GM0765","statnaam":"Pekela","jrstatcode":"2012GM0765","rubriek":"gemeente","FID":"gemeente_gegeneraliseerd_2012.a9e1e5f7-2810-4c22-a0e0-31e31b296aed"},"id":"GM0765"},{"arcs":[[975,976,977,978,979,980]],"type":"Polygon","properties":{"id":143843,"statcode":"GM0766","statnaam":"Dongen","jrstatcode":"2012GM0766","rubriek":"gemeente","FID":"gemeente_gegeneraliseerd_2012.0d35146b-36b4-4c14-813a-399ef7e3712a"},"id":"GM0766"},{"arcs":[[981,982,983,984,985]],"type":"Polygon","properties":{"id":143844,"statcode":"GM0770","statnaam":"Eersel","jrstatcode":"2012GM0770","rubriek":"gemeente","FID":"gemeente_gegeneraliseerd_2012.110fa08e-f05c-4369-ad66-663c7f109c9f"},"id":"GM0770"},{"arcs":[[986,-985,987,-945,988,989,990,991,992]],"type":"Polygon","properties":{"id":143845,"statcode":"GM0772","statnaam":"Eindhoven","jrstatcode":"2012GM0772","rubriek":"gemeente","FID":"gemeente_gegeneraliseerd_2012.f1f7c464-64d0-4c7e-99a3-63ac7868ae37"},"id":"GM0772"},{"arcs":[[993,994,995,-965,996]],"type":"Polygon","properties":{"id":143846,"statcode":"GM0777","statnaam":"Etten-Leur","jrstatcode":"2012GM0777","rubriek":"gemeente","FID":"gemeente_gegeneraliseerd_2012.6e7c6b5e-770e-48df-a58b-ee592c6b7c69"},"id":"GM0777"},{"arcs":[[997,998,999,-980,1000]],"type":"Polygon","properties":{"id":143847,"statcode":"GM0779","statnaam":"Geertruidenberg","jrstatcode":"2012GM0779","rubriek":"gemeente","FID":"gemeente_gegeneraliseerd_2012.1951e85c-b09a-4c8e-9348-61744365f985"},"id":"GM0779"},{"arcs":[[1001,1002,-961,1003,-978,1004]],"type":"Polygon","properties":{"id":143848,"statcode":"GM0784","statnaam":"Gilze en Rijen","jrstatcode":"2012GM0784","rubriek":"gemeente","FID":"gemeente_gegeneraliseerd_2012.e8224454-e657-4108-a35b-a6ad91ae6717"},"id":"GM0784"},{"arcs":[[1005,1006,1007,-1002,1008]],"type":"Polygon","properties":{"id":143849,"statcode":"GM0785","statnaam":"Goirle","jrstatcode":"2012GM0785","rubriek":"gemeente","FID":"gemeente_gegeneraliseerd_2012.caf030b1-34b4-45e5-9bf1-2bb2b2439bce"},"id":"GM0785"},{"arcs":[[1009,1010,1011,1012,-404,-351]],"type":"Polygon","properties":{"id":143850,"statcode":"GM0786","statnaam":"Grave","jrstatcode":"2012GM0786","rubriek":"gemeente","FID":"gemeente_gegeneraliseerd_2012.a55ac5a4-9691-405d-b880-d45da3130090"},"id":"GM0786"},{"arcs":[[1013,1014,1015,1016,-957]],"type":"Polygon","properties":{"id":143851,"statcode":"GM0788","statnaam":"Haaren","jrstatcode":"2012GM0788","rubriek":"gemeente","FID":"gemeente_gegeneraliseerd_2012.a91809fb-2022-4610-b656-29681671c436"},"id":"GM0788"},{"arcs":[[-931,1017,1018,1019,1020,1021,-969]],"type":"Polygon","properties":{"id":143852,"statcode":"GM0794","statnaam":"Helmond","jrstatcode":"2012GM0794","rubriek":"gemeente","FID":"gemeente_gegeneraliseerd_2012.ce8d537f-6365-488e-9b93-f8aa03f44d52"},"id":"GM0794"},{"arcs":[[-365,1022,1023,1024,1025,1026]],"type":"Polygon","properties":{"id":143853,"statcode":"GM0796","statnaam":"'s-Hertogenbosch","jrstatcode":"2012GM0796","rubriek":"gemeente","FID":"gemeente_gegeneraliseerd_2012.cc5fcfbf-f47a-46ce-afb4-a415cffe0d07"},"id":"GM0796"},{"arcs":[[-927,-406,-366,-1027,1027,-1016,1028,1029,1030]],"type":"Polygon","properties":{"id":143854,"statcode":"GM0797","statnaam":"Heusden","jrstatcode":"2012GM0797","rubriek":"gemeente","FID":"gemeente_gegeneraliseerd_2012.e151cb00-98fe-46aa-8025-3d2fb341d099"},"id":"GM0797"},{"arcs":[[1031,1032,1033,1034,-1006,1035]],"type":"Polygon","properties":{"id":143855,"statcode":"GM0798","statnaam":"Hilvarenbeek","jrstatcode":"2012GM0798","rubriek":"gemeente","FID":"gemeente_gegeneraliseerd_2012.31744711-61ff-402b-8d6b-52ac81289f6b"},"id":"GM0798"},{"arcs":[[1036,-976,1037,-1030]],"type":"Polygon","properties":{"id":143856,"statcode":"GM0809","statnaam":"Loon op Zand","jrstatcode":"2012GM0809","rubriek":"gemeente","FID":"gemeente_gegeneraliseerd_2012.8403e409-6df1-4e6a-9f0f-00e6dd2f05e7"},"id":"GM0809"},{"arcs":[[-1011,1038,1039,1040,1041]],"type":"Polygon","properties":{"id":143857,"statcode":"GM0815","statnaam":"Mill en Sint Hubert","jrstatcode":"2012GM0815","rubriek":"gemeente","FID":"gemeente_gegeneraliseerd_2012.2588b9ab-e246-412b-b15b-3d97a679ae60"},"id":"GM0815"},{"arcs":[[-990,1042,1043,1044,-1020,1045]],"type":"Polygon","properties":{"id":143858,"statcode":"GM0820","statnaam":"Nuenen. Gerwen en Nederwetten","jrstatcode":"2012GM0820","rubriek":"gemeente","FID":"gemeente_gegeneraliseerd_2012.baab9e9d-4828-400c-95b6-8e232c37f716"},"id":"GM0820"},{"arcs":[[-941,-988,-984,1046,-1033,1047,-955]],"type":"Polygon","properties":{"id":143859,"statcode":"GM0823","statnaam":"Oirschot","jrstatcode":"2012GM0823","rubriek":"gemeente","FID":"gemeente_gegeneraliseerd_2012.fdab1fd0-a7a6-4cc6-8dd5-b94b8bc69a37"},"id":"GM0823"},{"arcs":[[-1014,-956,-1048,-1032,1048]],"type":"Polygon","properties":{"id":143860,"statcode":"GM0824","statnaam":"Oisterwijk","jrstatcode":"2012GM0824","rubriek":"gemeente","FID":"gemeente_gegeneraliseerd_2012.252f79c2-0b6c-472f-8c6a-fd08c7c8617c"},"id":"GM0824"},{"arcs":[[-979,-1004,-968,1049,-1001]],"type":"Polygon","properties":{"id":143861,"statcode":"GM0826","statnaam":"Oosterhout","jrstatcode":"2012GM0826","rubriek":"gemeente","FID":"gemeente_gegeneraliseerd_2012.2cae0433-812a-4f47-9208-f4b0e2a81079"},"id":"GM0826"},{"arcs":[[-882,-405,-1013,1050,1051,1052,-1023,-364]],"type":"Polygon","properties":{"id":143862,"statcode":"GM0828","statnaam":"Oss","jrstatcode":"2012GM0828","rubriek":"gemeente","FID":"gemeente_gegeneraliseerd_2012.5ce75404-d61d-4dcf-ada5-b5ce1b27dea0"},"id":"GM0828"},{"arcs":[[1053,1054,1055,1056,-994]],"type":"Polygon","properties":{"id":143863,"statcode":"GM0840","statnaam":"Rucphen","jrstatcode":"2012GM0840","rubriek":"gemeente","FID":"gemeente_gegeneraliseerd_2012.540e8906-c72d-4ef7-912d-02fb4d27b021"},"id":"GM0840"},{"arcs":[[1057,1058,1059,1060]],"type":"Polygon","properties":{"id":143864,"statcode":"GM0844","statnaam":"Schijndel","jrstatcode":"2012GM0844","rubriek":"gemeente","FID":"gemeente_gegeneraliseerd_2012.ea9f3cea-edad-4e6e-b97d-9b40fb9e0b78"},"id":"GM0844"},{"arcs":[[1061,1062,-1058,1063,-959,1064,-1025]],"type":"Polygon","properties":{"id":143865,"statcode":"GM0845","statnaam":"Sint-Michielsgestel","jrstatcode":"2012GM0845","rubriek":"gemeente","FID":"gemeente_gegeneraliseerd_2012.7822228e-0af8-4947-a266-2ab1bcbd4773"},"id":"GM0845"},{"arcs":[[-1061,1065,1066,-1044,1067,-943,-960,-1064]],"type":"Polygon","properties":{"id":143866,"statcode":"GM0846","statnaam":"Sint-Oedenrode","jrstatcode":"2012GM0846","rubriek":"gemeente","FID":"gemeente_gegeneraliseerd_2012.6a0619eb-dccf-4ca6-b42b-5a6fe75e350d"},"id":"GM0846"},{"arcs":[[1068,-1018,-935,1069,1070,1071]],"type":"Polygon","properties":{"id":143867,"statcode":"GM0847","statnaam":"Someren","jrstatcode":"2012GM0847","rubriek":"gemeente","FID":"gemeente_gegeneraliseerd_2012.613f019d-4476-4953-b9d4-c48497b7f588"},"id":"GM0847"},{"arcs":[[-989,-944,-1068,-1043]],"type":"Polygon","properties":{"id":143868,"statcode":"GM0848","statnaam":"Son en Breugel","jrstatcode":"2012GM0848","rubriek":"gemeente","FID":"gemeente_gegeneraliseerd_2012.787f1069-b007-4091-ab87-ddba628c5866"},"id":"GM0848"},{"arcs":[[-908,1072,1073,1074,1075,-938]],"type":"Polygon","properties":{"id":143869,"statcode":"GM0851","statnaam":"Steenbergen","jrstatcode":"2012GM0851","rubriek":"gemeente","FID":"gemeente_gegeneraliseerd_2012.872f0e87-bd0d-4bc0-ab02-cafa1e9e66e5"},"id":"GM0851"},{"arcs":[[-560,1076,-507,-609,-626]],"type":"Polygon","properties":{"id":143870,"statcode":"GM0852","statnaam":"Waterland","jrstatcode":"2012GM0852","rubriek":"gemeente","FID":"gemeente_gegeneraliseerd_2012.2b5c0800-5924-4b61-904c-cdbf01d756bf"},"id":"GM0852"},{"arcs":[[-1009,-1005,-977,-1037,-1029,-1015,-1049,-1036]],"type":"Polygon","properties":{"id":143871,"statcode":"GM0855","statnaam":"Tilburg","jrstatcode":"2012GM0855","rubriek":"gemeente","FID":"gemeente_gegeneraliseerd_2012.8d3d48cf-0bf1-4263-9a01-e3bf369ca41a"},"id":"GM0855"},{"arcs":[[-1041,1077,-947,1078,1079,1080]],"type":"Polygon","properties":{"id":143872,"statcode":"GM0856","statnaam":"Uden","jrstatcode":"2012GM0856","rubriek":"gemeente","FID":"gemeente_gegeneraliseerd_2012.96e45d77-18a8-42bf-82c7-33f476a3019f"},"id":"GM0856"},{"arcs":[[1081,1082,1083,1084]],"type":"Polygon","properties":{"id":143873,"statcode":"GM0858","statnaam":"Valkenswaard","jrstatcode":"2012GM0858","rubriek":"gemeente","FID":"gemeente_gegeneraliseerd_2012.fc61c10a-55f1-4d8d-a85c-ca38c2398db5"},"id":"GM0858"},{"arcs":[[-1060,1085,-1079,-946,1086,1087,-1066]],"type":"Polygon","properties":{"id":143874,"statcode":"GM0860","statnaam":"Veghel","jrstatcode":"2012GM0860","rubriek":"gemeente","FID":"gemeente_gegeneraliseerd_2012.e287e839-9db1-40db-92a4-a5e2c75ec77d"},"id":"GM0860"},{"arcs":[[1088,1089,-986,-987]],"type":"Polygon","properties":{"id":143875,"statcode":"GM0861","statnaam":"Veldhoven","jrstatcode":"2012GM0861","rubriek":"gemeente","FID":"gemeente_gegeneraliseerd_2012.06da82cb-01fb-4745-be83-0d20eb97b5e9"},"id":"GM0861"},{"arcs":[[-1028,-1026,-1065,-958,-1017]],"type":"Polygon","properties":{"id":143876,"statcode":"GM0865","statnaam":"Vught","jrstatcode":"2012GM0865","rubriek":"gemeente","FID":"gemeente_gegeneraliseerd_2012.ecca19f8-ebf7-4b2f-a7e9-77c561daea86"},"id":"GM0865"},{"arcs":[[1090,-1083,1091,-1089,-993]],"type":"Polygon","properties":{"id":143877,"statcode":"GM0866","statnaam":"Waalre","jrstatcode":"2012GM0866","rubriek":"gemeente","FID":"gemeente_gegeneraliseerd_2012.0d184971-448f-42a6-9c48-2ef8892c5ad5"},"id":"GM0866"},{"arcs":[[-981,-1000,1092,-928,-1031,-1038]],"type":"Polygon","properties":{"id":143878,"statcode":"GM0867","statnaam":"Waalwijk","jrstatcode":"2012GM0867","rubriek":"gemeente","FID":"gemeente_gegeneraliseerd_2012.fcb479f0-1ed8-449a-9334-b8cac4190d65"},"id":"GM0867"},{"arcs":[[1093,-696,-722,-707,1094,-929,-1093,-999]],"type":"Polygon","properties":{"id":143879,"statcode":"GM0870","statnaam":"Werkendam","jrstatcode":"2012GM0870","rubriek":"gemeente","FID":"gemeente_gegeneraliseerd_2012.a9e51dee-0408-4c2d-8791-4254d10448c5"},"id":"GM0870"},{"arcs":[[-901,-940,1095,1096]],"type":"Polygon","properties":{"id":143880,"statcode":"GM0873","statnaam":"Woensdrecht","jrstatcode":"2012GM0873","rubriek":"gemeente","FID":"gemeente_gegeneraliseerd_2012.20160942-47e5-45c8-b8a6-3ace92e2d060"},"id":"GM0873"},{"arcs":[[-1095,-706,-408,-930]],"type":"Polygon","properties":{"id":143881,"statcode":"GM0874","statnaam":"Woudrichem","jrstatcode":"2012GM0874","rubriek":"gemeente","FID":"gemeente_gegeneraliseerd_2012.22cdaeaa-48ae-4e7f-9589-80e0ca2e04a2"},"id":"GM0874"},{"arcs":[[-997,-964,1097,-1054]],"type":"Polygon","properties":{"id":143882,"statcode":"GM0879","statnaam":"Zundert","jrstatcode":"2012GM0879","rubriek":"gemeente","FID":"gemeente_gegeneraliseerd_2012.60dbe5f5-691b-4024-afea-0071436c2292"},"id":"GM0879"},{"arcs":[[-607,-622,-649,-518,-527,-627]],"type":"Polygon","properties":{"id":143883,"statcode":"GM0880","statnaam":"Wormerland","jrstatcode":"2012GM0880","rubriek":"gemeente","FID":"gemeente_gegeneraliseerd_2012.aa66a6fd-902f-4399-9fef-6ce0bcded742"},"id":"GM0880"},{"arcs":[[1098,1099,1100]],"type":"Polygon","properties":{"id":143884,"statcode":"GM0881","statnaam":"Onderbanken","jrstatcode":"2012GM0881","rubriek":"gemeente","FID":"gemeente_gegeneraliseerd_2012.11ee0b16-d9e8-468b-9fa6-37e026e4c99a"},"id":"GM0881"},{"arcs":[[1101,1102,1103,1104]],"type":"Polygon","properties":{"id":143885,"statcode":"GM0882","statnaam":"Landgraaf","jrstatcode":"2012GM0882","rubriek":"gemeente","FID":"gemeente_gegeneraliseerd_2012.c6c61310-c976-42d7-972b-3682b2da5ec5"},"id":"GM0882"},{"arcs":[[1105,1106,1107,1108,1109]],"type":"Polygon","properties":{"id":143886,"statcode":"GM0888","statnaam":"Beek","jrstatcode":"2012GM0888","rubriek":"gemeente","FID":"gemeente_gegeneraliseerd_2012.de4a9594-4f7a-4fc9-b144-98251b614dcd"},"id":"GM0888"},{"arcs":[[1110,1111,1112,1113,1114]],"type":"Polygon","properties":{"id":143887,"statcode":"GM0889","statnaam":"Beesel","jrstatcode":"2012GM0889","rubriek":"gemeente","FID":"gemeente_gegeneraliseerd_2012.b3b2b12a-1904-4432-81f2-391e7c5eae84"},"id":"GM0889"},{"arcs":[[-952,1115,1116,1117,1118,1119]],"type":"Polygon","properties":{"id":143888,"statcode":"GM0893","statnaam":"Bergen (L.)","jrstatcode":"2012GM0893","rubriek":"gemeente","FID":"gemeente_gegeneraliseerd_2012.4e937a3c-6f78-44d0-9eb6-b7d74f16765b"},"id":"GM0893"},{"arcs":[[-1102,1120,1121,-1101,1122]],"type":"Polygon","properties":{"id":143889,"statcode":"GM0899","statnaam":"Brunssum","jrstatcode":"2012GM0899","rubriek":"gemeente","FID":"gemeente_gegeneraliseerd_2012.8ac27714-d121-4982-b3eb-56bf1a5b1c27"},"id":"GM0899"},{"arcs":[[-339,1123,-1116,-951,1124,1125]],"type":"Polygon","properties":{"id":143890,"statcode":"GM0907","statnaam":"Gennep","jrstatcode":"2012GM0907","rubriek":"gemeente","FID":"gemeente_gegeneraliseerd_2012.4ef800e7-1b4c-4c99-8e37-989cc368feb3"},"id":"GM0907"},{"arcs":[[1126,1127,1128,1129,1130,1131,-1121,-1105]],"type":"Polygon","properties":{"id":143891,"statcode":"GM0917","statnaam":"Heerlen","jrstatcode":"2012GM0917","rubriek":"gemeente","FID":"gemeente_gegeneraliseerd_2012.c792fcfc-7a61-4641-ac19-b951e7dcce21"},"id":"GM0917"},{"arcs":[[-1127,-1104,1132]],"type":"Polygon","properties":{"id":143892,"statcode":"GM0928","statnaam":"Kerkrade","jrstatcode":"2012GM0928","rubriek":"gemeente","FID":"gemeente_gegeneraliseerd_2012.1db190f2-3a91-40aa-a57f-9a41efef95ad"},"id":"GM0928"},{"arcs":[[1133,1134,1135,1136]],"type":"Polygon","properties":{"id":143893,"statcode":"GM0935","statnaam":"Maastricht","jrstatcode":"2012GM0935","rubriek":"gemeente","FID":"gemeente_gegeneraliseerd_2012.40093253-3272-41b3-84fc-3fd4032a6eeb"},"id":"GM0935"},{"arcs":[[1137,-1137,1138,1139,-1109,1140]],"type":"Polygon","properties":{"id":143894,"statcode":"GM0938","statnaam":"Meerssen","jrstatcode":"2012GM0938","rubriek":"gemeente","FID":"gemeente_gegeneraliseerd_2012.25a67e85-451a-4b6c-bf9d-dbe6477002ce"},"id":"GM0938"},{"arcs":[[-354,-340,-1126,1141]],"type":"Polygon","properties":{"id":143895,"statcode":"GM0944","statnaam":"Mook en Middelaar","jrstatcode":"2012GM0944","rubriek":"gemeente","FID":"gemeente_gegeneraliseerd_2012.cff4be63-87b6-4735-b912-c0f2fe8fb42a"},"id":"GM0944"},{"arcs":[[1142,-1070,-934,1143,1144,1145]],"type":"Polygon","properties":{"id":143896,"statcode":"GM0946","statnaam":"Nederweert","jrstatcode":"2012GM0946","rubriek":"gemeente","FID":"gemeente_gegeneraliseerd_2012.b015c06e-d1b0-4403-8c47-53cdb8022a4a"},"id":"GM0946"},{"arcs":[[1146,-1131,1147,1148,-1141,-1108]],"type":"Polygon","properties":{"id":143897,"statcode":"GM0951","statnaam":"Nuth","jrstatcode":"2012GM0951","rubriek":"gemeente","FID":"gemeente_gegeneraliseerd_2012.803b639e-d1e1-472f-9e0a-4096862f4624"},"id":"GM0951"},{"arcs":[[1149,1150,1151,1152,-1112]],"type":"Polygon","properties":{"id":143898,"statcode":"GM0957","statnaam":"Roermond","jrstatcode":"2012GM0957","rubriek":"gemeente","FID":"gemeente_gegeneraliseerd_2012.094e9b37-5e6d-4589-8fd3-f20c32c90997"},"id":"GM0957"},{"arcs":[[1153,-1099,-1122,-1132,-1147,-1107,1154]],"type":"Polygon","properties":{"id":143899,"statcode":"GM0962","statnaam":"Schinnen","jrstatcode":"2012GM0962","rubriek":"gemeente","FID":"gemeente_gegeneraliseerd_2012.9905d0f2-4444-4ded-8fdb-91995d4a2ae0"},"id":"GM0962"},{"arcs":[[1155,1156,1157,-1129]],"type":"Polygon","properties":{"id":143900,"statcode":"GM0965","statnaam":"Simpelveld","jrstatcode":"2012GM0965","rubriek":"gemeente","FID":"gemeente_gegeneraliseerd_2012.7add4d15-9365-4486-ad7b-7cf64c1a48e0"},"id":"GM0965"},{"arcs":[[-1110,-1140,1158,1159]],"type":"Polygon","properties":{"id":143901,"statcode":"GM0971","statnaam":"Stein","jrstatcode":"2012GM0971","rubriek":"gemeente","FID":"gemeente_gegeneraliseerd_2012.23c6d100-3dc0-46b2-88b3-6fb1695f60c8"},"id":"GM0971"},{"arcs":[[1160,1161]],"type":"Polygon","properties":{"id":143902,"statcode":"GM0981","statnaam":"Vaals","jrstatcode":"2012GM0981","rubriek":"gemeente","FID":"gemeente_gegeneraliseerd_2012.8b8a801d-c8a0-4d2a-ad04-8dc924ced34e"},"id":"GM0981"},{"arcs":[[1162,-1118,1163,-1115,1164]],"type":"Polygon","properties":{"id":143903,"statcode":"GM0983","statnaam":"Venlo","jrstatcode":"2012GM0983","rubriek":"gemeente","FID":"gemeente_gegeneraliseerd_2012.43f2c9b8-3325-48c4-b7c3-ca7f53e850c5"},"id":"GM0983"},{"arcs":[[-1120,1165,-971,1166,1167,-953]],"type":"Polygon","properties":{"id":143904,"statcode":"GM0984","statnaam":"Venray","jrstatcode":"2012GM0984","rubriek":"gemeente","FID":"gemeente_gegeneraliseerd_2012.a631472b-f436-4da5-afa2-5f3829778aa2"},"id":"GM0984"},{"arcs":[[-1158,1168,1169,-1148,-1130]],"type":"Polygon","properties":{"id":143905,"statcode":"GM0986","statnaam":"Voerendaal","jrstatcode":"2012GM0986","rubriek":"gemeente","FID":"gemeente_gegeneraliseerd_2012.237aae98-e025-477b-ae13-c8419df52f1b"},"id":"GM0986"},{"arcs":[[1170,1171,-1146,1172]],"type":"Polygon","properties":{"id":143906,"statcode":"GM0988","statnaam":"Weert","jrstatcode":"2012GM0988","rubriek":"gemeente","FID":"gemeente_gegeneraliseerd_2012.771c0d74-c1fa-411c-a9a0-44e5be7555f4"},"id":"GM0988"},{"arcs":[[-1134,-1138,-1149,-1170,1173,1174]],"type":"Polygon","properties":{"id":143907,"statcode":"GM0994","statnaam":"Valkenburg aan de Geul","jrstatcode":"2012GM0994","rubriek":"gemeente","FID":"gemeente_gegeneraliseerd_2012.b018a5b1-9aed-4eb5-a881-28bd6e234151"},"id":"GM0994"},{"arcs":[[-66,-50,1175,-417]],"type":"Polygon","properties":{"id":143908,"statcode":"GM0995","statnaam":"Lelystad","jrstatcode":"2012GM0995","rubriek":"gemeente","FID":"gemeente_gegeneraliseerd_2012.224963a8-3d47-4739-85ee-f45511dc0cd6"},"id":"GM0995"},{"arcs":[[1176,-972,-1166,-1119,-1163]],"type":"Polygon","properties":{"id":143909,"statcode":"GM1507","statnaam":"Horst aan de Maas","jrstatcode":"2012GM1507","rubriek":"gemeente","FID":"gemeente_gegeneraliseerd_2012.98256e43-c045-42c0-b92a-388ea9cf857b"},"id":"GM1507"},{"arcs":[[1177,1178,-309,1179,1180,-253]],"type":"Polygon","properties":{"id":143910,"statcode":"GM1509","statnaam":"Oude IJsselstreek","jrstatcode":"2012GM1509","rubriek":"gemeente","FID":"gemeente_gegeneraliseerd_2012.2a97961c-80de-4b8b-8110-42864e04d0d5"},"id":"GM1509"},{"arcs":[[-782,-785,-759,-575,1181,-755,-748,-786,-736]],"type":"Polygon","properties":{"id":143911,"statcode":"GM1525","statnaam":"Teylingen","jrstatcode":"2012GM1525","rubriek":"gemeente","FID":"gemeente_gegeneraliseerd_2012.8d445a3b-ad29-4c02-a9fd-a64d171ffe22"},"id":"GM1525"},{"arcs":[[-469,-480,-473,-295,-483,-440,-486,-482]],"type":"Polygon","properties":{"id":143912,"statcode":"GM1581","statnaam":"Utrechtse Heuvelrug","jrstatcode":"2012GM1581","rubriek":"gemeente","FID":"gemeente_gegeneraliseerd_2012.ac64d058-b341-44b2-9d54-ab5f964b89d5"},"id":"GM1581"},{"arcs":[[1182,-401,-254,-1181,1183,1184]],"type":"Polygon","properties":{"id":143913,"statcode":"GM1586","statnaam":"Oost Gelre","jrstatcode":"2012GM1586","rubriek":"gemeente","FID":"gemeente_gegeneraliseerd_2012.39ab32e6-6af5-4667-97d4-92cec0f1e0db"},"id":"GM1586"},{"arcs":[[-623,-614,-602,1185,-647,-524,-641,-589]],"type":"Polygon","properties":{"id":143914,"statcode":"GM1598","statnaam":"Koggenland","jrstatcode":"2012GM1598","rubriek":"gemeente","FID":"gemeente_gegeneraliseerd_2012.25f0be46-ce99-484c-97ac-b650224874ac"},"id":"GM1598"},{"arcs":[[1186,-853,1187,1188,-820]],"type":"Polygon","properties":{"id":143915,"statcode":"GM1621","statnaam":"Lansingerland","jrstatcode":"2012GM1621","rubriek":"gemeente","FID":"gemeente_gegeneraliseerd_2012.dec70433-ba43-4b1f-b250-089600aaefe3"},"id":"GM1621"},{"arcs":[[-1173,-1145,1189,-1113,-1153,1190,1191]],"type":"Polygon","properties":{"id":143916,"statcode":"GM1640","statnaam":"Leudal","jrstatcode":"2012GM1640","rubriek":"gemeente","FID":"gemeente_gegeneraliseerd_2012.c83f8208-63e3-477c-97d7-e7fbc1de2277"},"id":"GM1640"},{"arcs":[[1192,-1191,-1152,1193,1194]],"type":"Polygon","properties":{"id":143917,"statcode":"GM1641","statnaam":"Maasgouw","jrstatcode":"2012GM1641","rubriek":"gemeente","FID":"gemeente_gegeneraliseerd_2012.b7089386-a63d-4852-b236-3364e619b4e7"},"id":"GM1641"},{"arcs":[[[-7,-77,1195,1196,-19,-47]],[[1197]]],"type":"MultiPolygon","properties":{"id":143918,"statcode":"GM1651","statnaam":"Eemsmond","jrstatcode":"2012GM1651","rubriek":"gemeente","FID":"gemeente_gegeneraliseerd_2012.44b11caa-8e53-4394-b9c2-86b729ab8d32"},"id":"GM1651"},{"arcs":[[-1022,1198,-1087,-949,1199,-1167,-970]],"type":"Polygon","properties":{"id":143919,"statcode":"GM1652","statnaam":"Gemert-Bakel","jrstatcode":"2012GM1652","rubriek":"gemeente","FID":"gemeente_gegeneraliseerd_2012.d2566b4a-5954-4843-bf41-2e51b1733cef"},"id":"GM1652"},{"arcs":[[-995,-1057,1200,-1075,1201]],"type":"Polygon","properties":{"id":143920,"statcode":"GM1655","statnaam":"Halderberge","jrstatcode":"2012GM1655","rubriek":"gemeente","FID":"gemeente_gegeneraliseerd_2012.8063aff0-1f77-4517-a285-6e6382e6d28f"},"id":"GM1655"},{"arcs":[[-1072,1202,1203,-1084,-1091,-992,1204]],"type":"Polygon","properties":{"id":143921,"statcode":"GM1658","statnaam":"Heeze-Leende","jrstatcode":"2012GM1658","rubriek":"gemeente","FID":"gemeente_gegeneraliseerd_2012.26d3828b-fb3a-44d0-9d3c-f6360da9e2b1"},"id":"GM1658"},{"arcs":[[-1045,-1067,-1088,-1199,-1021]],"type":"Polygon","properties":{"id":143922,"statcode":"GM1659","statnaam":"Laarbeek","jrstatcode":"2012GM1659","rubriek":"gemeente","FID":"gemeente_gegeneraliseerd_2012.33a48cfa-7f67-44e4-b1f6-8007dfacd9a1"},"id":"GM1659"},{"arcs":[[-1196,-76,-88,1205,-91,1206]],"type":"Polygon","properties":{"id":143923,"statcode":"GM1663","statnaam":"De Marne","jrstatcode":"2012GM1663","rubriek":"gemeente","FID":"gemeente_gegeneraliseerd_2012.1a1b9598-5b42-448d-a447-e0cd7be66613"},"id":"GM1663"},{"arcs":[[-1034,1207,1208]],"type":"Polygon","properties":{"id":143924,"statcode":"GM1667","statnaam":"Reusel-De Mierden","jrstatcode":"2012GM1667","rubriek":"gemeente","FID":"gemeente_gegeneraliseerd_2012.72ec82f2-0a3f-414f-8d60-82870b30b271"},"id":"GM1667"},{"arcs":[[-1194,-1151,1209,1210]],"type":"Polygon","properties":{"id":143925,"statcode":"GM1669","statnaam":"Roerdalen","jrstatcode":"2012GM1669","rubriek":"gemeente","FID":"gemeente_gegeneraliseerd_2012.6ed0c07c-84cd-4b22-b3d4-f819122a4d3b"},"id":"GM1669"},{"arcs":[[-1062,-1024,-1053,1211]],"type":"Polygon","properties":{"id":143926,"statcode":"GM1671","statnaam":"Maasdonk","jrstatcode":"2012GM1671","rubriek":"gemeente","FID":"gemeente_gegeneraliseerd_2012.771b2c85-a11d-4946-b13d-3ce5889d12d2"},"id":"GM1671"},{"arcs":[[-655,-672,-843,1212,-1188,-852,-855,-757,1213]],"type":"Polygon","properties":{"id":143927,"statcode":"GM1672","statnaam":"Rijnwoude","jrstatcode":"2012GM1672","rubriek":"gemeente","FID":"gemeente_gegeneraliseerd_2012.31d1817f-c819-48bb-8efd-c3ea8dbda428"},"id":"GM1672"},{"arcs":[[-1096,-939,-1076,-1201,-1056,1214]],"type":"Polygon","properties":{"id":143928,"statcode":"GM1674","statnaam":"Roosendaal","jrstatcode":"2012GM1674","rubriek":"gemeente","FID":"gemeente_gegeneraliseerd_2012.cb97783b-a6ef-4fc7-9046-1dbfa9a7c9ef"},"id":"GM1674"},{"arcs":[[-916,1215,-703,1216,-766,1217]],"type":"Polygon","properties":{"id":143929,"statcode":"GM1676","statnaam":"Schouwen-Duiveland","jrstatcode":"2012GM1676","rubriek":"gemeente","FID":"gemeente_gegeneraliseerd_2012.d30b715c-e2b1-4696-9a16-a359fcae6205"},"id":"GM1676"},{"arcs":[[-154,1219,-148,1220,-40,-60,-53,1221]],"type":"Polygon","properties":{"id":143930,"statcode":"GM1680","statnaam":"Aa en Hunze","jrstatcode":"2012GM1680","rubriek":"gemeente","FID":"gemeente_gegeneraliseerd_2012.5bcf0ca7-116e-4003-82ae-fd03caa9a5ce"},"id":"GM1680"},{"arcs":[[-155,-1222,-57,-65,-156]],"type":"Polygon","properties":{"id":143931,"statcode":"GM1681","statnaam":"Borger-Odoorn","jrstatcode":"2012GM1681","rubriek":"gemeente","FID":"gemeente_gegeneraliseerd_2012.dbb58496-d4cf-40f5-97e6-6520d127ead4"},"id":"GM1681"},{"arcs":[[-1010,-355,-1142,-1125,-950,1222,-1039]],"type":"Polygon","properties":{"id":143932,"statcode":"GM1684","statnaam":"Cuijk","jrstatcode":"2012GM1684","rubriek":"gemeente","FID":"gemeente_gegeneraliseerd_2012.ae998763-be2a-49f9-93d7-2d06cbd721c5"},"id":"GM1684"},{"arcs":[[-1081,1223,-1051,-1012,-1042]],"type":"Polygon","properties":{"id":143933,"statcode":"GM1685","statnaam":"Landerd","jrstatcode":"2012GM1685","rubriek":"gemeente","FID":"gemeente_gegeneraliseerd_2012.e58786d7-5ea8-4d98-9edd-ffebc8573d64"},"id":"GM1685"},{"arcs":[[1224,-159,-198,-234,-162]],"type":"Polygon","properties":{"id":143934,"statcode":"GM1690","statnaam":"De Wolden","jrstatcode":"2012GM1690","rubriek":"gemeente","FID":"gemeente_gegeneraliseerd_2012.37039ddd-4402-4daa-9837-01b8d7f889b7"},"id":"GM1690"},{"arcs":[[-913,1225,-917,1226,-877,1227]],"type":"Polygon","properties":{"id":143935,"statcode":"GM1695","statnaam":"Noord-Beveland","jrstatcode":"2012GM1695","rubriek":"gemeente","FID":"gemeente_gegeneraliseerd_2012.16f2eb3c-2b1e-4a40-af1d-74b2c0d3eb11"},"id":"GM1695"},{"arcs":[[-639,-595,-435,1229]],"type":"Polygon","properties":{"id":143936,"statcode":"GM1696","statnaam":"Wijdemeren","jrstatcode":"2012GM1696","rubriek":"gemeente","FID":"gemeente_gegeneraliseerd_2012.0f2a7660-fac0-480a-9143-5d3952b90aec"},"id":"GM1696"},{"arcs":[[-146,1230,-131,-136,-45,-24,1231]],"type":"Polygon","properties":{"id":143937,"statcode":"GM1699","statnaam":"Noordenveld","jrstatcode":"2012GM1699","rubriek":"gemeente","FID":"gemeente_gegeneraliseerd_2012.39a5e46b-5123-408f-a5ce-f877c18a52c0"},"id":"GM1699"},{"arcs":[[-241,-206,-229,-200,1232,-237,-168]],"type":"Polygon","properties":{"id":143938,"statcode":"GM1700","statnaam":"Twenterand","jrstatcode":"2012GM1700","rubriek":"gemeente","FID":"gemeente_gegeneraliseerd_2012.b239856f-0643-4d55-81aa-3e927c82a586"},"id":"GM1700"},{"arcs":[[-143,-133,1233,-160,-1225,-165,1234]],"type":"Polygon","properties":{"id":143939,"statcode":"GM1701","statnaam":"Westerveld","jrstatcode":"2012GM1701","rubriek":"gemeente","FID":"gemeente_gegeneraliseerd_2012.9be6f38f-a719-49ab-9082-704588f71aed"},"id":"GM1701"},{"arcs":[[-1168,-1200,-948,-1078,-1040,-1223,-954]],"type":"Polygon","properties":{"id":143940,"statcode":"GM1702","statnaam":"Sint Anthonis","jrstatcode":"2012GM1702","rubriek":"gemeente","FID":"gemeente_gegeneraliseerd_2012.ee7c6733-c99d-4d61-9870-f1d90d0cc4d8"},"id":"GM1702"},{"arcs":[[-392,-377,1235,-271,-399,-314,-252,-368]],"type":"Polygon","properties":{"id":143941,"statcode":"GM1705","statnaam":"Lingewaard","jrstatcode":"2012GM1705","rubriek":"gemeente","FID":"gemeente_gegeneraliseerd_2012.5894f8b5-46a0-4478-be1f-55c93ce0486b"},"id":"GM1705"},{"arcs":[[-1203,-1071,-1143,-1172,1236]],"type":"Polygon","properties":{"id":143942,"statcode":"GM1706","statnaam":"Cranendonck","jrstatcode":"2012GM1706","rubriek":"gemeente","FID":"gemeente_gegeneraliseerd_2012.2842ec69-52e8-4cd9-b1ea-cd26e4926728"},"id":"GM1706"},{"arcs":[[-233,1237,1238,-220,-127,-144,-1235,-164]],"type":"Polygon","properties":{"id":143943,"statcode":"GM1708","statnaam":"Steenwijkerland","jrstatcode":"2012GM1708","rubriek":"gemeente","FID":"gemeente_gegeneraliseerd_2012.50a6f659-f536-45e8-8e70-07d9d939e973"},"id":"GM1708"},{"arcs":[[-1074,1239,-698,1240,-966,-996,-1202]],"type":"Polygon","properties":{"id":143944,"statcode":"GM1709","statnaam":"Moerdijk","jrstatcode":"2012GM1709","rubriek":"gemeente","FID":"gemeente_gegeneraliseerd_2012.cd393943-8193-4f7f-963f-c26bd45bc63a"},"id":"GM1709"},{"arcs":[[1243,1244,-1195,-1211,1245]],"type":"Polygon","properties":{"id":143945,"statcode":"GM1711","statnaam":"Echt-Susteren","jrstatcode":"2012GM1711","rubriek":"gemeente","FID":"gemeente_gegeneraliseerd_2012.047dceb9-dfa7-4eb8-ba8d-45c24d0f393c"},"id":"GM1711"},{"arcs":[[-903,1246]],"type":"Polygon","properties":{"id":143946,"statcode":"GM1714","statnaam":"Sluis","jrstatcode":"2012GM1714","rubriek":"gemeente","FID":"gemeente_gegeneraliseerd_2012.7db1a19b-3691-42d6-9640-5353a42beb27"},"id":"GM1714"},{"arcs":[[-697,-1094,-998,-1050,-967,-1241]],"type":"Polygon","properties":{"id":143947,"statcode":"GM1719","statnaam":"Drimmelen","jrstatcode":"2012GM1719","rubriek":"gemeente","FID":"gemeente_gegeneraliseerd_2012.f16b904c-c95c-4c83-a650-c701069f1096"},"id":"GM1719"},{"arcs":[[-1224,-1080,-1086,-1059,-1063,-1212,-1052]],"type":"Polygon","properties":{"id":143948,"statcode":"GM1721","statnaam":"Bernheze","jrstatcode":"2012GM1721","rubriek":"gemeente","FID":"gemeente_gegeneraliseerd_2012.ebf3476f-7117-48f3-9fee-60eb44c8e186"},"id":"GM1721"},{"arcs":[[-925,-124,-105,1247,-89,1248]],"type":"Polygon","properties":{"id":143949,"statcode":"GM1722","statnaam":"Ferwerderadiel","jrstatcode":"2012GM1722","rubriek":"gemeente","FID":"gemeente_gegeneraliseerd_2012.c72d5de8-9a35-4d13-b8a1-553c89561d2c"},"id":"GM1722"},{"arcs":[[-1008,1249,-937,1250,-962,-1003]],"type":"Polygon","properties":{"id":143950,"statcode":"GM1723","statnaam":"Alphen-Chaam","jrstatcode":"2012GM1723","rubriek":"gemeente","FID":"gemeente_gegeneraliseerd_2012.45468a3e-b0a2-42e5-be40-76fe99eee136"},"id":"GM1723"},{"arcs":[[1251,-982,-1090,-1092,-1082,1252]],"type":"Polygon","properties":{"id":143951,"statcode":"GM1724","statnaam":"Bergeijk","jrstatcode":"2012GM1724","rubriek":"gemeente","FID":"gemeente_gegeneraliseerd_2012.bfd145b0-a9ad-474b-a9c7-3a1a96fbdbf8"},"id":"GM1724"},{"arcs":[[-1252,1253,-1208,-1047,-983]],"type":"Polygon","properties":{"id":143952,"statcode":"GM1728","statnaam":"Bladel","jrstatcode":"2012GM1728","rubriek":"gemeente","FID":"gemeente_gegeneraliseerd_2012.74be0c65-2c81-4035-a3ad-fdb98d79a203"},"id":"GM1728"},{"arcs":[[1254,-1162,1255,1256,-1174,-1169,-1157]],"type":"Polygon","properties":{"id":143953,"statcode":"GM1729","statnaam":"Gulpen-Wittem","jrstatcode":"2012GM1729","rubriek":"gemeente","FID":"gemeente_gegeneraliseerd_2012.f52d152b-b4c9-415a-aee4-48a6009820e7"},"id":"GM1729"},{"arcs":[[-1232,-23,-36,-41,-1221,-147]],"type":"Polygon","properties":{"id":143954,"statcode":"GM1730","statnaam":"Tynaarlo","jrstatcode":"2012GM1730","rubriek":"gemeente","FID":"gemeente_gegeneraliseerd_2012.8586a99d-69c1-4a0b-92de-b3a11b97a793"},"id":"GM1730"},{"arcs":[[-161,-1234,-132,-1231,-145,-1220,-153]],"type":"Polygon","properties":{"id":143955,"statcode":"GM1731","statnaam":"Midden-Drenthe","jrstatcode":"2012GM1731","rubriek":"gemeente","FID":"gemeente_gegeneraliseerd_2012.522d1e3a-6fcd-48e4-834c-4785d7bc8e17"},"id":"GM1731"},{"arcs":[[1257,-396,-381,-272,-1236,-376,-285]],"type":"Polygon","properties":{"id":143956,"statcode":"GM1734","statnaam":"Overbetuwe","jrstatcode":"2012GM1734","rubriek":"gemeente","FID":"gemeente_gegeneraliseerd_2012.56a39085-c77f-4e92-a3a5-ee6562ced8d3"},"id":"GM1734"},{"arcs":[[1258,-242,-171,-173,-208,-195,1259,-357]],"type":"Polygon","properties":{"id":143957,"statcode":"GM1735","statnaam":"Hof van Twente","jrstatcode":"2012GM1735","rubriek":"gemeente","FID":"gemeente_gegeneraliseerd_2012.c126d966-bd92-45fa-8e92-07e0bce04d72"},"id":"GM1735"},{"arcs":[[-284,-313,-883,-389,-297,-472,-397,-1258]],"type":"Polygon","properties":{"id":143958,"statcode":"GM1740","statnaam":"Neder-Betuwe","jrstatcode":"2012GM1740","rubriek":"gemeente","FID":"gemeente_gegeneraliseerd_2012.ba667c57-4993-408b-aae5-bf3ef69a668c"},"id":"GM1740"},{"arcs":[[-232,-203,-243,-1259,-356,-186]],"type":"Polygon","properties":{"id":143959,"statcode":"GM1742","statnaam":"Rijssen-Holten","jrstatcode":"2012GM1742","rubriek":"gemeente","FID":"gemeente_gegeneraliseerd_2012.56fb664b-3aff-4978-a27f-1d42415f22c4"},"id":"GM1742"},{"arcs":[[-991,-1046,-1019,-1069,-1205]],"type":"Polygon","properties":{"id":143960,"statcode":"GM1771","statnaam":"Geldrop-Mierlo","jrstatcode":"2012GM1771","rubriek":"gemeente","FID":"gemeente_gegeneraliseerd_2012.7fba400d-8515-493e-848e-67db4babcf28"},"id":"GM1771"},{"arcs":[[-395,-329,-350,-245,-230,-184]],"type":"Polygon","properties":{"id":143961,"statcode":"GM1773","statnaam":"Olst-Wijhe","jrstatcode":"2012GM1773","rubriek":"gemeente","FID":"gemeente_gegeneraliseerd_2012.f32fe49a-0ed8-4512-88e3-ad4409bc1a07"},"id":"GM1773"},{"arcs":[[1260,-218,-227,-189,-207,-175,-239]],"type":"Polygon","properties":{"id":143962,"statcode":"GM1774","statnaam":"Dinkelland","jrstatcode":"2012GM1774","rubriek":"gemeente","FID":"gemeente_gegeneraliseerd_2012.04fd4a4d-b15d-42f8-b096-1ae8a0117daf"},"id":"GM1774"},{"arcs":[[-761,-815,1261,-718,-823,1262]],"type":"Polygon","properties":{"id":143963,"statcode":"GM1783","statnaam":"Westland","jrstatcode":"2012GM1783","rubriek":"gemeente","FID":"gemeente_gegeneraliseerd_2012.713055ed-a685-4150-89ae-fff42668f860"},"id":"GM1783"},{"arcs":[[-762,-1263,-822,-687,-818,-824,-837]],"type":"Polygon","properties":{"id":143964,"statcode":"GM1842","statnaam":"Midden-Delfland","jrstatcode":"2012GM1842","rubriek":"gemeente","FID":"gemeente_gegeneraliseerd_2012.769e7583-13e8-4022-bb7b-a2f203036e12"},"id":"GM1842"},{"arcs":[[1263,-358,-1260,-194,1264,-1185]],"type":"Polygon","properties":{"id":143965,"statcode":"GM1859","statnaam":"Berkelland","jrstatcode":"2012GM1859","rubriek":"gemeente","FID":"gemeente_gegeneraliseerd_2012.ec621bff-05c9-4bdc-b89a-df33fbff74e6"},"id":"GM1859"},{"arcs":[[-385,-289,-415,-359,-1264,-1184,-1180,-308,-412,-305]],"type":"Polygon","properties":{"id":143966,"statcode":"GM1876","statnaam":"Bronckhorst","jrstatcode":"2012GM1876","rubriek":"gemeente","FID":"gemeente_gegeneraliseerd_2012.b8b029fa-9f08-452b-9634-2f521af4857f"},"id":"GM1876"},{"arcs":[[1265,-1155,-1106,-1160,1266,-1244]],"type":"Polygon","properties":{"id":143967,"statcode":"GM1883","statnaam":"Sittard-Geleen","jrstatcode":"2012GM1883","rubriek":"gemeente","FID":"gemeente_gegeneraliseerd_2012.31414226-c06e-4ef9-8afc-f0252384a699"},"id":"GM1883"},{"arcs":[[-1214,-756,-1182,-574,-490,-634,-776,-656]],"type":"Polygon","properties":{"id":143968,"statcode":"GM1884","statnaam":"Kaag en Braassem","jrstatcode":"2012GM1884","rubriek":"gemeente","FID":"gemeente_gegeneraliseerd_2012.0918f7ce-ae03-4b37-aa18-5fac8ef950d7"},"id":"GM1884"},{"arcs":[[-1249,-94,-117,-98,-926]],"type":"Polygon","properties":{"id":143969,"statcode":"GM1891","statnaam":"Dantumadiel","jrstatcode":"2012GM1891","rubriek":"gemeente","FID":"gemeente_gegeneraliseerd_2012.47fe0a2c-aaaf-4039-958f-8eb71510625f"},"id":"GM1891"},{"arcs":[[-679,-821,-1189,-1213,-842,-712,-859]],"type":"Polygon","properties":{"id":143970,"statcode":"GM1892","statnaam":"Zuidplas","jrstatcode":"2012GM1892","rubriek":"gemeente","FID":"gemeente_gegeneraliseerd_2012.9d5cb5fe-0d94-4b2e-84cf-0a102016fee5"},"id":"GM1892"},{"arcs":[[-1190,-1144,-933,-973,-1177,-1165,-1114]],"type":"Polygon","properties":{"id":143971,"statcode":"GM1894","statnaam":"Peel en Maas","jrstatcode":"2012GM1894","rubriek":"gemeente","FID":"gemeente_gegeneraliseerd_2012.4c108ede-6358-4edc-bbe7-010d2fe8232b"},"id":"GM1894"},{"arcs":[[1267,-11,-975,1268,-59,-21]],"type":"Polygon","properties":{"id":143972,"statcode":"GM1895","statnaam":"Oldambt","jrstatcode":"2012GM1895","rubriek":"gemeente","FID":"gemeente_gegeneraliseerd_2012.a051cbe5-71a4-4b41-b9cc-10ab0ab7f0d1"},"id":"GM1895"},{"arcs":[[-212,1269,-1238,-236,-244]],"type":"Polygon","properties":{"id":143973,"statcode":"GM1896","statnaam":"Zwartewaterland","jrstatcode":"2012GM1896","rubriek":"gemeente","FID":"gemeente_gegeneraliseerd_2012.5f394b61-ad03-4a55-bb88-c645deb47e44"},"id":"GM1896"},{"arcs":[[-112,-109,-166,-81,-72,-861,1270]],"type":"Polygon","properties":{"id":143974,"statcode":"GM1900","statnaam":"Sûdwest Fryslân","jrstatcode":"2012GM1900","rubriek":"gemeente","FID":"gemeente_gegeneraliseerd_2012.bbfec288-4eef-4336-9d56-1420cdbbcfcb"},"id":"GM1900"},{"arcs":[[-839,-714,-844,-673,-658,-775,-849,-466,-804]],"type":"Polygon","properties":{"id":143975,"statcode":"GM1901","statnaam":"Bodegraven-Reeuwijk","jrstatcode":"2012GM1901","rubriek":"gemeente","FID":"gemeente_gegeneraliseerd_2012.331d7ddf-3d9f-47e3-af11-0425169ac872"},"id":"GM1901"},{"arcs":[[1273,-1135,-1175,-1257]],"type":"Polygon","properties":{"id":143976,"statcode":"GM1903","statnaam":"Eijsden-Margraten","jrstatcode":"2012GM1903","rubriek":"gemeente","FID":"gemeente_gegeneraliseerd_2012.6d9d0282-41a7-40b5-8b20-b7c62d7257ff"},"id":"GM1903"},{"arcs":[[-434,-476,-848,-924,-640,-1230]],"type":"Polygon","properties":{"id":143977,"statcode":"GM1904","statnaam":"Stichtse Vecht","jrstatcode":"2012GM1904","rubriek":"gemeente","FID":"gemeente_gegeneraliseerd_2012.cf76eba9-267c-483f-95c6-7862d0e0ddad"},"id":"GM1904"},{"arcs":[[-167,-107,-102,-123,-121]],"type":"Polygon","properties":{"id":143978,"statcode":"GM1908","statnaam":"Menameradiel","jrstatcode":"2012GM1908","rubriek":"gemeente","FID":"gemeente_gegeneraliseerd_2012.1127229c-7139-4db6-9a3b-4bbf50a9343f"},"id":"GM1908"},{"arcs":[[-624,-587,-580,-629,-646,-593,1274,-1272,1275,-610]],"type":"Polygon","properties":{"id":143979,"statcode":"GM1911","statnaam":"Hollands Kroon","jrstatcode":"2012GM1911","rubriek":"gemeente","FID":"gemeente_gegeneraliseerd_2012.44bad359-129a-4e80-898e-4b684d2b52c2"},"id":"GM1911"},{"arcs":[[-845,-840,-751,-856,-850,-721]],"type":"Polygon","properties":{"id":143980,"statcode":"GM1916","statnaam":"Leidschendam-Voorburg","jrstatcode":"2012GM1916","rubriek":"gemeente","FID":"gemeente_gegeneraliseerd_2012.1ccfa6aa-6eee-42ab-9aae-21e4ad7c532f"},"id":"GM1916"},{"arcs":[[-854,-1187,-819,-685,-716]],"type":"Polygon","properties":{"id":143981,"statcode":"GM1926","statnaam":"Pijnacker-Nootdorp","jrstatcode":"2012GM1926","rubriek":"gemeente","FID":"gemeente_gegeneraliseerd_2012.a1923eb5-0d04-43f8-abee-86d4c3f94d8d"},"id":"GM1926"},{"arcs":[[-413,-310,-1179,1276]],"type":"Polygon","properties":{"id":143982,"statcode":"GM1955","statnaam":"Montferland","jrstatcode":"2012GM1955","rubriek":"gemeente","FID":"gemeente_gegeneraliseerd_2012.746c88bb-a3cd-4721-811c-e9fea6561c0f"},"id":"GM1955"},{"arcs":[[-38,-58,-1269,-974,-61]],"type":"Polygon","properties":{"id":143983,"statcode":"GM1987","statnaam":"Menterwolde","jrstatcode":"2012GM1987","rubriek":"gemeente","FID":"gemeente_gegeneraliseerd_2012.d09fb096-fabc-485f-a3e8-474af5021d9d"},"id":"GM1987"}]}}}