{"type":"FeatureCollection", "features": [
{"type":"Feature","geometry":{"type":"Polygon","coordinates":[[[247394,589397],[246834,591062],[243102,592326],[241843,590902],[239443,592096],[237646,587333],[238353,585708],[237239,585468],[232854,586806],[229812,586251],[229005,584931],[227980,584880],[226920,579805],[228401,580246],[230261,579509],[231343,579332],[232615,577783],[233694,575190],[234874,575865],[235328,573909],[237442,572352],[238601,570348],[238552,569546],[242575,571284],[242063,574997],[238708,578429],[240508,580246],[241653,580280],[243220,582987],[243821,584742],[242500,586307],[247394,589397]]]},"properties":{"statcode":"GM0014","jrstatcode":"2024GM0014","statnaam":"Groningen","rubriek":"gemeente","id":1,"FID":"gemeente_gegeneraliseerd.0fff2336-fc99-48ec-9736-0b08a2302ad6"},"id":"GM0014"},
{"type":"Feature","geometry":{"type":"Polygon","coordinates":[[[152521,490264],[147423,492840],[146242,494190],[139643,490241],[139314,489498],[137403,488370],[138033,482025],[138094,481949],[141166,483063],[143666,482888],[148043,481020],[149967,479492],[151299,480660],[152497,480142],[154451,480684],[151613,484720],[149147,488239],[149951,488713],[151306,489437],[152521,490264]]]},"properties":{"statcode":"GM0034","jrstatcode":"2024GM0034","statnaam":"Almere","rubriek":"gemeente","id":2,"FID":"gemeente_gegeneraliseerd.e627793f-00ba-49a4-991f-9422be7bee62"},"id":"GM0034"},
{"type":"Feature","geometry":{"type":"Polygon","coordinates":[[[264125,566224],[263764,566430],[260267,559692],[258916,560304],[256982,562406],[255203,563230],[253864,562563],[258967,557381],[264511,549873],[265276,549247],[265885,550400],[267704,550632],[268084,553114],[268095,558747],[269938,560199],[268586,561648],[268938,563059],[268263,565419],[265362,565470],[264125,566224]]]},"properties":{"statcode":"GM0037","jrstatcode":"2024GM0037","statnaam":"Stadskanaal","rubriek":"gemeente","id":3,"FID":"gemeente_gegeneraliseerd.c737a99d-dfe7-4daa-a908-552f759fdcc2"},"id":"GM0037"},
{"type":"Feature","geometry":{"type":"Polygon","coordinates":[[[260432,570400],[260247,571526],[255336,572359],[253985,571862],[251114,572008],[249696,571196],[250623,565849],[253864,562563],[255203,563230],[256982,562406],[258676,563637],[258059,564533],[258436,566219],[260391,568816],[260432,570400]]]},"properties":{"statcode":"GM0047","jrstatcode":"2024GM0047","statnaam":"Veendam","rubriek":"gemeente","id":4,"FID":"gemeente_gegeneraliseerd.501b1a06-6f2b-4081-88d9-1994078d6944"},"id":"GM0047"},
{"type":"Feature","geometry":{"type":"Polygon","coordinates":[[[164906,488531],[160971,492473],[158495,494985],[157718,494086],[152521,490264],[151306,489437],[149951,488713],[149147,488239],[151613,484720],[154451,480684],[152497,480142],[151299,480660],[150223,479512],[155980,473918],[158130,474199],[160640,475028],[164657,476333],[166271,481455],[166289,482927],[165298,484702],[167029,486647],[170451,486064],[170538,486105],[170491,486985],[170298,487448],[171044,491246],[168337,491522],[167983,491366],[164906,488531]]]},"properties":{"statcode":"GM0050","jrstatcode":"2024GM0050","statnaam":"Zeewolde","rubriek":"gemeente","id":5,"FID":"gemeente_gegeneraliseerd.af21a9b9-d971-4e74-95db-f20e84055a60"},"id":"GM0050"},
{"type":"Feature","geometry":{"type":"Polygon","coordinates":[[[211391,585908],[208904,587311],[207762,586237],[205301,586690],[203448,586159],[200895,584887],[198844,584303],[197233,584000],[197751,582808],[201700,581160],[201657,578845],[203635,576834],[203021,574137],[204141,573390],[205898,574837],[207811,575044],[207841,575877],[209310,579047],[211296,581574],[210462,584248],[211391,585908]]]},"properties":{"statcode":"GM0059","jrstatcode":"2024GM0059","statnaam":"Achtkarspelen","rubriek":"gemeente","id":6,"FID":"gemeente_gegeneraliseerd.5cc71ef2-e751-459e-9e5a-19ad6f65202d"},"id":"GM0059"},
{"type":"Feature","geometry":{"type":"Polygon","coordinates":[[[177842,608434],[175436,608436],[173621,609431],[172559,609303],[170177,607491],[170233,605942],[172012,604568],[174489,604304],[176010,604881],[177779,606363],[180773,605812],[182764,605779],[188465,607335],[191089,609256],[180523,608321],[177842,608434]]]},"properties":{"statcode":"GM0060","jrstatcode":"2024GM0060","statnaam":"Ameland","rubriek":"gemeente","id":7,"FID":"gemeente_gegeneraliseerd.f19041a3-a2c0-46f8-a6f3-7ca6177ca976"},"id":"GM0060"},
{"type":"Feature","geometry":{"type":"Polygon","coordinates":[[[160322,579192],[158393,580358],[156582,576589],[156632,573913],[157290,574122],[160686,573324],[162141,576406],[161213,576630],[161311,577044],[161839,579349],[160322,579192]]]},"properties":{"statcode":"GM0072","jrstatcode":"2024GM0072","statnaam":"Harlingen","rubriek":"gemeente","id":8,"FID":"gemeente_gegeneraliseerd.ed3da095-6b96-452d-a47f-6fbd1b90ef08"},"id":"GM0072"},
{"type":"Feature","geometry":{"type":"Polygon","coordinates":[[[191212,565864],[189057,565898],[187660,566582],[183956,565533],[182433,563630],[182593,563337],[182378,563189],[182543,562626],[185109,560545],[186567,559000],[187152,557088],[188586,555064],[187241,554733],[187384,553634],[188617,553450],[188853,552860],[188894,552925],[189282,553017],[189615,552384],[189845,552179],[191069,549049],[192042,547324],[193462,549084],[194783,549047],[196353,549836],[198786,548073],[201904,550140],[204777,552074],[206817,554593],[209726,556235],[209882,561537],[207961,559623],[204957,558598],[202624,556443],[200855,554354],[199151,553448],[197435,553416],[193351,554144],[194773,556924],[194570,558412],[195074,559984],[192268,561742],[192549,564103],[191212,565864]]]},"properties":{"statcode":"GM0074","jrstatcode":"2024GM0074","statnaam":"Heerenveen","rubriek":"gemeente","id":9,"FID":"gemeente_gegeneraliseerd.b463a2ca-2233-4f4e-b1fa-607b86589185"},"id":"GM0074"},
{"type":"Feature","geometry":{"type":"Polygon","coordinates":[[[185116,587697],[183664,587848],[180077,589843],[178216,589859],[177289,588169],[178235,584553],[177873,583239],[178218,580566],[178883,579076],[178443,576263],[176800,576554],[175775,576466],[175733,576826],[174885,577280],[173327,575931],[172919,575415],[173382,573834],[172861,572800],[171383,571835],[171745,570849],[173230,569946],[174601,571353],[176473,570373],[179592,570940],[179792,569611],[181858,567824],[180739,566989],[180998,564491],[180116,563835],[180717,562352],[182433,563630],[183956,565533],[187660,566582],[188412,567630],[188136,569019],[191599,569287],[192239,570682],[190886,571706],[189889,573242],[191433,575068],[191028,575883],[186745,576196],[186163,578179],[186440,579816],[189120,580350],[187899,583074],[186075,582754],[186512,584183],[184705,584123],[184531,585761],[185116,587697]]]},"properties":{"statcode":"GM0080","jrstatcode":"2024GM0080","statnaam":"Leeuwarden","rubriek":"gemeente","id":10,"FID":"gemeente_gegeneraliseerd.5f0f9f45-2448-41c9-8bc4-29b439be78c3"},"id":"GM0080"},
{"type":"Feature","geometry":{"type":"Polygon","coordinates":[[[223907,555883],[220425,561227],[220729,564947],[218321,565797],[214944,564519],[214892,563853],[210383,561354],[209882,561537],[209726,556235],[206817,554593],[204777,552074],[201904,550140],[203657,547594],[204710,548302],[205583,548818],[208859,550501],[209699,550528],[210576,549065],[212840,548819],[213462,549304],[216585,549046],[218650,547001],[221031,548771],[222656,550003],[224891,554372],[223907,555883]]]},"properties":{"statcode":"GM0085","jrstatcode":"2024GM0085","statnaam":"Ooststellingwerf","rubriek":"gemeente","id":11,"FID":"gemeente_gegeneraliseerd.4c745867-e844-4967-b73c-0cdaa3427175"},"id":"GM0085"},
{"type":"Feature","geometry":{"type":"Polygon","coordinates":[[[217162,567871],[215507,568493],[213553,570079],[209797,570165],[208448,571680],[204413,568520],[203009,565812],[202055,565133],[197705,565357],[196229,566156],[194789,565800],[191560,566177],[191212,565864],[192549,564103],[192268,561742],[195074,559984],[194570,558412],[194773,556924],[193351,554144],[197435,553416],[199151,553448],[200855,554354],[202624,556443],[204957,558598],[207961,559623],[209882,561537],[210383,561354],[214892,563853],[214944,564519],[218321,565797],[216518,566431],[217162,567871]]]},"properties":{"statcode":"GM0086","jrstatcode":"2024GM0086","statnaam":"Opsterland","rubriek":"gemeente","id":12,"FID":"gemeente_gegeneraliseerd.22052032-ace5-4fe4-86a9-becbb15e9647"},"id":"GM0086"},
{"type":"Feature","geometry":{"type":"Polygon","coordinates":[[[220774,613915],[221392,615020],[218547,614799],[214849,613976],[210862,613569],[205644,612598],[203575,610998],[203365,608767],[206355,609801],[208761,609881],[212433,610544],[213851,611742],[217590,613162],[218070,613769],[220774,613915]]]},"properties":{"statcode":"GM0088","jrstatcode":"2024GM0088","statnaam":"Schiermonnikoog","rubriek":"gemeente","id":13,"FID":"gemeente_gegeneraliseerd.e6590bf1-9798-43be-b6ad-91ac8a593399"},"id":"GM0088"},
{"type":"Feature","geometry":{"type":"Polygon","coordinates":[[[208448,571680],[207738,572417],[207811,575044],[205898,574837],[204141,573390],[203021,574137],[201328,574686],[196855,574379],[192239,570682],[191599,569287],[188136,569019],[188412,567630],[187660,566582],[189057,565898],[191212,565864],[191560,566177],[194789,565800],[196229,566156],[197705,565357],[202055,565133],[203009,565812],[204413,568520],[208448,571680]]]},"properties":{"statcode":"GM0090","jrstatcode":"2024GM0090","statnaam":"Smallingerland","rubriek":"gemeente","id":14,"FID":"gemeente_gegeneraliseerd.2ef3d61c-d325-4b96-bf75-4c8a2014489f"},"id":"GM0090"},
{"type":"Feature","geometry":{"type":"Polygon","coordinates":[[[165343,605907],[162144,606446],[154258,604094],[145956,601984],[142642,600939],[141582,600187],[140226,598182],[139301,596001],[141953,595707],[143966,597572],[146321,598493],[148762,598234],[152976,600159],[154781,601739],[156148,602033],[159755,602032],[160926,603469],[165219,605234],[165343,605907]]]},"properties":{"statcode":"GM0093","jrstatcode":"2024GM0093","statnaam":"Terschelling","rubriek":"gemeente","id":15,"FID":"gemeente_gegeneraliseerd.1790cf16-6e32-4449-ad66-dce5dabc03f3"},"id":"GM0093"},
{"type":"Feature","geometry":{"type":"MultiPolygon","coordinates":[[[[139834,589987],[137661,590369],[136583,588996],[138042,588615],[139834,589987]]],[[[135879,590524],[133455,591312],[131602,590669],[129249,589275],[126532,587262],[124692,585531],[119357,581843],[118774,580297],[120398,579883],[121092,581039],[123751,581168],[127777,584778],[127298,586557],[131396,588338],[133379,589771],[135879,590524]]]]},"properties":{"statcode":"GM0096","jrstatcode":"2024GM0096","statnaam":"Vlieland","rubriek":"gemeente","id":16,"FID":"gemeente_gegeneraliseerd.5697611d-ce87-436d-89f9-61d5165eb623"},"id":"GM0096"},
{"type":"Feature","geometry":{"type":"Polygon","coordinates":[[[211615,547353],[212840,548819],[210576,549065],[209699,550528],[208859,550501],[205583,548818],[204710,548302],[203657,547594],[201904,550140],[198786,548073],[196353,549836],[194783,549047],[193462,549084],[192042,547324],[191724,546832],[189251,545541],[188502,544858],[186630,542749],[185560,540227],[185509,539629],[185041,538910],[184491,537685],[184048,537246],[184160,536758],[185777,535406],[187985,534955],[189435,535739],[191197,537508],[191589,538782],[194432,539573],[195560,537373],[196077,536765],[198103,537285],[200345,537866],[199838,539110],[201750,539283],[204348,541032],[209761,544892],[211615,547353]]]},"properties":{"statcode":"GM0098","jrstatcode":"2024GM0098","statnaam":"Weststellingwerf","rubriek":"gemeente","id":17,"FID":"gemeente_gegeneraliseerd.e09340db-ac68-4bea-a3a8-67a16d1bb1d7"},"id":"GM0098"},
{"type":"Feature","geometry":{"type":"Polygon","coordinates":[[[238464,560629],[236594,561360],[236870,563086],[236334,564479],[233306,564161],[232818,561533],[231255,562719],[229970,562744],[229352,561014],[229937,559370],[228905,558170],[229505,555712],[228778,554560],[229585,552188],[232235,550118],[232671,552656],[233930,551710],[235220,554046],[236203,554642],[237476,558612],[238464,560629]]]},"properties":{"statcode":"GM0106","jrstatcode":"2024GM0106","statnaam":"Assen","rubriek":"gemeente","id":18,"FID":"gemeente_gegeneraliseerd.e6b9e1ff-2ec7-4b14-ab61-f853bc4e0577"},"id":"GM0106"},
{"type":"Feature","geometry":{"type":"Polygon","coordinates":[[[246577,543435],[245822,544354],[244378,543155],[245338,541577],[243714,540785],[243974,539612],[242830,538064],[243001,536740],[241863,535204],[240895,535643],[237426,530474],[236066,528266],[236670,525775],[238978,525759],[239027,520970],[242874,519234],[244386,518620],[244217,518128],[243994,518028],[244105,517225],[244179,516994],[244564,516409],[246689,518397],[249075,519147],[252075,518764],[253136,519258],[254793,519041],[254245,521992],[252210,528026],[253043,531394],[252421,533292],[253627,536263],[252052,537914],[247853,541190],[246577,543435]]]},"properties":{"statcode":"GM0109","jrstatcode":"2024GM0109","statnaam":"Coevorden","rubriek":"gemeente","id":19,"FID":"gemeente_gegeneraliseerd.49610aaf-79ab-4027-bb24-dff9a9df00ce"},"id":"GM0109"},
{"type":"Feature","geometry":{"type":"Polygon","coordinates":[[[269919,540356],[268516,541104],[266297,544126],[264580,544106],[264095,544097],[261214,543136],[260271,541318],[254888,537920],[253627,536263],[252421,533292],[253043,531394],[252210,528026],[254245,521992],[254793,519041],[257178,519277],[258699,518026],[260013,517836],[262451,518804],[267006,517415],[267857,518738],[268290,527517],[268563,537232],[269919,540356]]]},"properties":{"statcode":"GM0114","jrstatcode":"2024GM0114","statnaam":"Emmen","rubriek":"gemeente","id":20,"FID":"gemeente_gegeneraliseerd.46f411b1-d638-4a55-83ad-c8851b7f6733"},"id":"GM0114"},
{"type":"Feature","geometry":{"type":"Polygon","coordinates":[[[234030,529307],[234580,531567],[230977,531123],[229481,532077],[229507,534553],[227043,535343],[226492,533703],[226456,532612],[224044,531330],[224959,528907],[223934,524864],[226906,524927],[226761,523457],[229283,523477],[229222,522432],[230235,521257],[232333,521170],[232314,520295],[233511,520242],[238010,521438],[239027,520970],[238978,525759],[236670,525775],[236066,528266],[235150,528789],[235096,528714],[234030,529307]]]},"properties":{"statcode":"GM0118","jrstatcode":"2024GM0118","statnaam":"Hoogeveen","rubriek":"gemeente","id":21,"FID":"gemeente_gegeneraliseerd.d13529ca-6814-427a-b3d0-69429a35bbc7"},"id":"GM0118"},
{"type":"Feature","geometry":{"type":"Polygon","coordinates":[[[212013,528595],[211134,529319],[210030,527192],[208022,532038],[206927,530869],[205310,530409],[204503,529463],[207178,523027],[207464,521684],[208833,521143],[209727,521798],[210227,522227],[210398,522250],[210806,522230],[210912,522418],[211138,522332],[211227,522206],[211500,522021],[211874,521870],[212270,521758],[212910,521603],[213178,520938],[213378,520753],[213497,520620],[213762,520592],[213863,520683],[214413,520420],[215488,522268],[215803,523896],[214953,524677],[213241,524883],[211080,524294],[211021,526013],[212013,528595]]]},"properties":{"statcode":"GM0119","jrstatcode":"2024GM0119","statnaam":"Meppel","rubriek":"gemeente","id":22,"FID":"gemeente_gegeneraliseerd.d23a0e02-8aac-47f8-922f-dba81f4c741a"},"id":"GM0119"},
{"type":"Feature","geometry":{"type":"Polygon","coordinates":[[[240636,490591],[239987,490448],[238571,489441],[237491,489112],[238655,486815],[237959,484806],[238972,482737],[238027,481172],[239889,480041],[239521,478721],[241658,479301],[243910,480847],[244972,482274],[245882,484535],[245265,488155],[244263,490352],[243353,490265],[242453,489775],[242128,489890],[240636,490591]]]},"properties":{"statcode":"GM0141","jrstatcode":"2024GM0141","statnaam":"Almelo","rubriek":"gemeente","id":23,"FID":"gemeente_gegeneraliseerd.3b2459c6-5754-4b6f-a838-8990f965dade"},"id":"GM0141"},
{"type":"Feature","geometry":{"type":"Polygon","coordinates":[[[248504,483566],[245882,484535],[244972,482274],[243910,480847],[245355,480348],[247505,478100],[249710,479259],[251475,481567],[249541,482123],[248504,483566]]]},"properties":{"statcode":"GM0147","jrstatcode":"2024GM0147","statnaam":"Borne","rubriek":"gemeente","id":24,"FID":"gemeente_gegeneraliseerd.1890046a-fd5f-49b3-b2f3-aa13c5b1bc44"},"id":"GM0147"},
{"type":"Feature","geometry":{"type":"Polygon","coordinates":[[[218439,512073],[217053,512569],[216123,512373],[215921,512451],[215753,512291],[215150,512163],[214862,512301],[214028,511961],[211713,511437],[210231,511130],[210840,509229],[209443,505692],[209011,503815],[209452,501558],[210215,500663],[209505,499520],[207676,498799],[208198,498197],[212699,497880],[215563,496960],[216518,494488],[220459,493446],[222560,494021],[222030,495910],[221883,496226],[222370,496979],[219939,497000],[220000,499763],[219326,502549],[219090,504241],[221123,504574],[218439,512073]]]},"properties":{"statcode":"GM0148","jrstatcode":"2024GM0148","statnaam":"Dalfsen","rubriek":"gemeente","id":25,"FID":"gemeente_gegeneraliseerd.4c06dfe1-a5d7-4acf-b760-03e29912e33f"},"id":"GM0148"},
{"type":"Feature","geometry":{"type":"Polygon","coordinates":[[[217679,479578],[215027,479568],[212819,481060],[212827,481658],[210799,481749],[209165,481064],[208511,480381],[206372,479800],[204194,479098],[203709,479490],[204488,476948],[205717,475000],[205285,474216],[206184,473709],[206334,473560],[207093,473637],[207359,473194],[206542,472058],[207812,471076],[207952,470959],[207989,470314],[208195,470888],[208338,471205],[208376,471310],[208005,471445],[208223,471724],[208296,471752],[211691,471258],[215808,471469],[217226,471219],[220009,471435],[219951,472444],[222928,473584],[222588,474978],[219257,477429],[219175,478434],[219070,479711],[217679,479578]]]},"properties":{"statcode":"GM0150","jrstatcode":"2024GM0150","statnaam":"Deventer","rubriek":"gemeente","id":26,"FID":"gemeente_gegeneraliseerd.9e3268d2-9f24-454e-a0ba-1af9413b2881"},"id":"GM0150"},
{"type":"Feature","geometry":{"type":"Polygon","coordinates":[[[259047,478596],[257907,478385],[257559,478197],[257079,478295],[256087,477138],[254180,477473],[254371,474983],[252822,473811],[252458,472227],[249753,473173],[248531,470806],[249332,467891],[252037,465221],[253560,465741],[257807,464736],[259539,466598],[261966,467033],[263753,470537],[263911,471492],[262848,472546],[263292,474569],[262980,476605],[260895,478453],[259503,478394],[259047,478596]]]},"properties":{"statcode":"GM0153","jrstatcode":"2024GM0153","statnaam":"Enschede","rubriek":"gemeente","id":27,"FID":"gemeente_gegeneraliseerd.f4bab00e-7ebb-4bd8-84a7-18a3268e520e"},"id":"GM0153"},
{"type":"Feature","geometry":{"type":"Polygon","coordinates":[[[245580,469520],[244583,468379],[242839,468564],[240043,467192],[240777,466605],[241188,466166],[241327,465721],[242990,464330],[242997,463733],[242976,463261],[242354,460968],[246025,459728],[249058,459841],[253314,459882],[255553,460156],[256745,461572],[257286,464143],[257807,464736],[253560,465741],[252037,465221],[249332,467891],[245580,469520]]]},"properties":{"statcode":"GM0158","jrstatcode":"2024GM0158","statnaam":"Haaksbergen","rubriek":"gemeente","id":28,"FID":"gemeente_gegeneraliseerd.a7bbc2fa-60f3-49ca-8923-36ca765d7357"},"id":"GM0158"},
{"type":"Feature","geometry":{"type":"Polygon","coordinates":[[[244564,516409],[244179,516994],[244105,517225],[243994,518028],[244217,518128],[244386,518620],[242874,519234],[239027,520970],[238010,521438],[233511,520242],[232285,519169],[231250,518239],[231622,514660],[228315,515823],[227216,514579],[225864,515945],[222519,514322],[221119,517741],[218640,519439],[217801,515989],[217053,512569],[218439,512073],[223809,512020],[224681,509652],[229655,509613],[230218,509912],[230767,510396],[231938,508712],[232283,507728],[232354,507524],[232602,505926],[232851,505172],[233327,504119],[234882,503627],[234611,503642],[234867,503400],[234955,503377],[235017,503319],[235490,502930],[238021,501234],[237062,499860],[238190,498384],[240228,498906],[242067,501580],[244005,500648],[244461,504519],[242737,508084],[245147,507594],[245821,509224],[247567,508809],[248533,509328],[245235,512060],[245758,514996],[244564,516409]]]},"properties":{"statcode":"GM0160","jrstatcode":"2024GM0160","statnaam":"Hardenberg","rubriek":"gemeente","id":29,"FID":"gemeente_gegeneraliseerd.f5b5ad94-ad27-40e3-b4ac-c3baad49cd9c"},"id":"GM0160"},
{"type":"Feature","geometry":{"type":"Polygon","coordinates":[[[235523,496073],[233568,496567],[232595,495376],[231411,494969],[228984,495358],[227237,497586],[225824,495054],[223225,493844],[224255,492456],[223186,488521],[221053,488127],[220098,487335],[219473,485254],[221056,481583],[225536,482476],[228205,481888],[228690,482608],[230192,485178],[230731,486767],[230468,488167],[231622,488815],[231328,489958],[231812,491521],[235870,492853],[235682,493495],[237340,495272],[237191,497025],[235740,496196],[235523,496073]]]},"properties":{"statcode":"GM0163","jrstatcode":"2024GM0163","statnaam":"Hellendoorn","rubriek":"gemeente","id":30,"FID":"gemeente_gegeneraliseerd.412fab7a-c252-4338-8beb-b809b8fe915e"},"id":"GM0163"},
{"type":"Feature","geometry":{"type":"Polygon","coordinates":[[[254180,477473],[254548,479159],[252669,480172],[251475,481567],[249710,479259],[247505,478100],[248257,474693],[246298,474694],[245523,471711],[244852,470674],[245580,469520],[249332,467891],[248531,470806],[249753,473173],[252458,472227],[252822,473811],[254371,474983],[254180,477473]]]},"properties":{"statcode":"GM0164","jrstatcode":"2024GM0164","statnaam":"Hengelo (O.)","rubriek":"gemeente","id":31,"FID":"gemeente_gegeneraliseerd.642a82e7-657f-4c26-8d56-5f76c95354ef"},"id":"GM0164"},
{"type":"Feature","geometry":{"type":"MultiPolygon","coordinates":[[[[185263,513398],[183147,513266],[184664,511825],[185263,513398]]],[[[195678,515341],[193939,515364],[191859,514175],[189477,514615],[185873,513787],[184910,511151],[185845,508468],[186909,506550],[186866,506369],[187284,503799],[187485,503550],[188944,503365],[190518,501183],[191578,498616],[192245,498992],[192309,498903],[192345,498894],[193329,499751],[193794,499747],[195478,500307],[196665,501560],[198494,502628],[197874,504448],[198284,504484],[198624,504991],[197905,506216],[196809,507152],[198796,508172],[197391,511079],[195382,510158],[194697,511642],[194655,511826],[195915,514270],[195678,515341]]]]},"properties":{"statcode":"GM0166","jrstatcode":"2024GM0166","statnaam":"Kampen","rubriek":"gemeente","id":32,"FID":"gemeente_gegeneraliseerd.6b1e2ad3-fba5-4f94-a560-337072086cb8"},"id":"GM0166"},
{"type":"Feature","geometry":{"type":"Polygon","coordinates":[[[269742,488549],[265381,487450],[262828,489177],[262306,487333],[262859,485718],[260667,483898],[261051,482719],[261559,482417],[261534,482045],[261450,482039],[261472,481756],[261587,481208],[261364,479447],[260657,479197],[260895,478453],[262980,476605],[263292,474569],[262848,472546],[263911,471492],[265420,472399],[266509,472036],[269353,473170],[269644,473903],[268008,475525],[266938,477931],[266830,479485],[268236,482631],[268743,484647],[269790,486222],[269742,488549]]]},"properties":{"statcode":"GM0168","jrstatcode":"2024GM0168","statnaam":"Losser","rubriek":"gemeente","id":33,"FID":"gemeente_gegeneraliseerd.1df268bc-a76e-4142-8bb2-7f94703ec6e9"},"id":"GM0168"},
{"type":"Feature","geometry":{"type":"MultiPolygon","coordinates":[[[[185873,513787],[189477,514615],[188811,514818],[185873,513787]]],[[[182150,535235],[181776,536767],[179365,539225],[177738,539696],[176959,539030],[173368,537862],[169132,530992],[169007,521001],[169682,521675],[170035,521465],[171135,521712],[172204,521205],[173142,519866],[172784,518569],[172708,518039],[171857,517777],[171428,516718],[172801,514261],[172881,514170],[173702,513981],[185112,513982],[194026,516960],[195289,519107],[194481,519907],[191973,521036],[194073,523062],[192527,525435],[191097,529448],[188252,531868],[186243,533127],[184106,533460],[182511,535552],[182150,535235]]]]},"properties":{"statcode":"GM0171","jrstatcode":"2024GM0171","statnaam":"Noordoostpolder","rubriek":"gemeente","id":34,"FID":"gemeente_gegeneraliseerd.abf447bf-148a-457a-b255-07c34903b252"},"id":"GM0171"},
{"type":"Feature","geometry":{"type":"Polygon","coordinates":[[[258888,483629],[257994,483320],[257926,483325],[257848,483087],[257202,482650],[257155,482535],[256769,482278],[256232,481554],[255915,481292],[255684,480957],[255446,479987],[256331,479859],[256829,479464],[257485,479338],[257825,479464],[259047,478596],[259503,478394],[260895,478453],[260657,479197],[261364,479447],[261587,481208],[261472,481756],[261450,482039],[261534,482045],[261559,482417],[261051,482719],[260667,483898],[259792,483562],[258987,483610],[258888,483629]]]},"properties":{"statcode":"GM0173","jrstatcode":"2024GM0173","statnaam":"Oldenzaal","rubriek":"gemeente","id":35,"FID":"gemeente_gegeneraliseerd.2c255dbd-66fe-431a-a089-a33cd91bcc7b"},"id":"GM0173"},
{"type":"Feature","geometry":{"type":"Polygon","coordinates":[[[230218,509912],[229655,509613],[224681,509652],[223809,512020],[218439,512073],[221123,504574],[219090,504241],[219326,502549],[220000,499763],[219939,497000],[222370,496979],[221883,496226],[222030,495910],[222560,494021],[223225,493844],[225824,495054],[227237,497586],[228181,499092],[230850,499918],[230949,500948],[234282,500626],[237062,499860],[238021,501234],[235490,502930],[235017,503319],[234955,503377],[234867,503400],[234611,503642],[234882,503627],[233327,504119],[232851,505172],[232602,505926],[232354,507524],[232283,507728],[231938,508712],[230767,510396],[230218,509912]]]},"properties":{"statcode":"GM0175","jrstatcode":"2024GM0175","statnaam":"Ommen","rubriek":"gemeente","id":36,"FID":"gemeente_gegeneraliseerd.780da2b9-f7f8-4dc2-a0d9-1580eec3139e"},"id":"GM0175"},
{"type":"Feature","geometry":{"type":"Polygon","coordinates":[[[207676,498799],[206437,498038],[207186,496434],[207623,496028],[208744,494013],[209774,493990],[210849,493652],[210805,493398],[212393,493189],[211809,491504],[212425,490374],[212511,489832],[212157,489278],[211711,489049],[211450,489049],[209610,486567],[210163,485220],[211947,484698],[212827,481658],[212819,481060],[215027,479568],[217679,479578],[219070,479711],[221056,481583],[219473,485254],[220098,487335],[221053,488127],[223186,488521],[224255,492456],[223225,493844],[222560,494021],[220459,493446],[216518,494488],[215563,496960],[212699,497880],[208198,498197],[207676,498799]]]},"properties":{"statcode":"GM0177","jrstatcode":"2024GM0177","statnaam":"Raalte","rubriek":"gemeente","id":37,"FID":"gemeente_gegeneraliseerd.64e6dd09-3497-4d57-a992-4dac25e54184"},"id":"GM0177"},
{"type":"Feature","geometry":{"type":"Polygon","coordinates":[[[209727,521798],[208833,521143],[207464,521684],[207178,523027],[205644,521061],[204541,520304],[203490,518981],[202982,516172],[203613,515127],[203778,514837],[203707,514727],[203493,513363],[203684,513147],[204624,512449],[205439,510667],[206523,511030],[206534,511109],[208909,511434],[210231,511130],[211713,511437],[214028,511961],[214862,512301],[215150,512163],[215753,512291],[215921,512451],[216123,512373],[217053,512569],[217801,515989],[218640,519439],[218267,520741],[216584,520267],[214413,520420],[213863,520683],[213762,520592],[213497,520620],[213378,520753],[213178,520938],[212910,521603],[212270,521758],[211874,521870],[211500,522021],[211227,522206],[211138,522332],[210912,522418],[210806,522230],[210398,522250],[210227,522227],[209727,521798]]]},"properties":{"statcode":"GM0180","jrstatcode":"2024GM0180","statnaam":"Staphorst","rubriek":"gemeente","id":38,"FID":"gemeente_gegeneraliseerd.8f806c06-3452-4b46-a6e0-8b38f0b4851c"},"id":"GM0180"},
{"type":"Feature","geometry":{"type":"Polygon","coordinates":[[[261089,495037],[255239,496976],[254709,497894],[249292,497775],[247797,498249],[245389,499764],[243721,496317],[242690,495934],[242681,493662],[242396,493393],[244263,490352],[245265,488155],[245882,484535],[248504,483566],[250104,486719],[252431,487318],[255557,487230],[255373,492132],[254620,492870],[254722,494261],[257280,494866],[261089,495037]]]},"properties":{"statcode":"GM0183","jrstatcode":"2024GM0183","statnaam":"Tubbergen","rubriek":"gemeente","id":39,"FID":"gemeente_gegeneraliseerd.7ab72ba2-6b0d-428c-900c-3917a5e267ea"},"id":"GM0183"},
{"type":"Feature","geometry":{"type":"Polygon","coordinates":[[[169682,521675],[169007,521001],[168904,519532],[170477,518152],[171857,517777],[172708,518039],[172784,518569],[173142,519866],[172204,521205],[171135,521712],[170035,521465],[169682,521675]]]},"properties":{"statcode":"GM0184","jrstatcode":"2024GM0184","statnaam":"Urk","rubriek":"gemeente","id":40,"FID":"gemeente_gegeneraliseerd.ad93ccad-bc07-4408-ab67-685f7dce07c8"},"id":"GM0184"},
{"type":"Feature","geometry":{"type":"Polygon","coordinates":[[[237491,489112],[235870,492853],[231812,491521],[231328,489958],[231622,488815],[230468,488167],[230731,486767],[230192,485178],[228690,482608],[230847,482317],[232093,482431],[232542,482574],[233091,481647],[233947,481789],[234618,477898],[235604,476454],[238147,476555],[239521,478721],[239889,480041],[238027,481172],[238972,482737],[237959,484806],[238655,486815],[237491,489112]]]},"properties":{"statcode":"GM0189","jrstatcode":"2024GM0189","statnaam":"Wierden","rubriek":"gemeente","id":41,"FID":"gemeente_gegeneraliseerd.564b6c95-0a38-4f27-8300-b30aeb1af51e"},"id":"GM0189"},
{"type":"Feature","geometry":{"type":"Polygon","coordinates":[[[210231,511130],[208909,511434],[206534,511109],[206523,511030],[207860,508912],[206093,507430],[203999,508412],[202626,507366],[201543,508172],[200830,509067],[198831,508131],[196809,507152],[197905,506216],[198624,504991],[198284,504484],[197874,504448],[198494,502628],[200293,501552],[201480,499596],[203554,497862],[203693,496486],[204118,494995],[204853,495200],[206162,495137],[207068,496105],[207186,496434],[206437,498038],[207676,498799],[209505,499520],[210215,500663],[209452,501558],[209011,503815],[209443,505692],[210840,509229],[210231,511130]]]},"properties":{"statcode":"GM0193","jrstatcode":"2024GM0193","statnaam":"Zwolle","rubriek":"gemeente","id":42,"FID":"gemeente_gegeneraliseerd.abfb1113-41e5-461b-9a06-54c852237afd"},"id":"GM0193"},
{"type":"Feature","geometry":{"type":"Polygon","coordinates":[[[241026,442310],[240317,442825],[235537,443533],[233348,442571],[232686,440555],[231837,440317],[230785,436601],[229671,435986],[230535,432840],[229209,430185],[231671,431000],[231714,431638],[235463,433233],[237501,434632],[241055,435846],[243171,436930],[242472,438604],[240751,439273],[240374,440913],[241026,442310]]]},"properties":{"statcode":"GM0197","jrstatcode":"2024GM0197","statnaam":"Aalten","rubriek":"gemeente","id":43,"FID":"gemeente_gegeneraliseerd.7f1c381a-516e-47be-b3e6-c4df86dbc4c1"},"id":"GM0197"},
{"type":"Feature","geometry":{"type":"Polygon","coordinates":[[[199314,475811],[198791,476728],[195043,476295],[192470,476410],[188613,475333],[187343,474302],[186646,475732],[184637,476162],[179712,475645],[180558,473428],[178166,472771],[179223,470259],[178483,469000],[179846,467352],[182678,467730],[184046,466390],[183369,465550],[183925,462666],[187329,462391],[187703,459811],[188997,457683],[190922,457026],[193301,456931],[193314,454549],[193991,454048],[196355,454715],[197619,454153],[199337,456875],[199432,458113],[200495,459784],[201725,460564],[202153,461974],[201331,463462],[201006,465555],[200285,466549],[200567,468294],[200079,470570],[199155,470864],[198792,473595],[199314,475811]]]},"properties":{"statcode":"GM0200","jrstatcode":"2024GM0200","statnaam":"Apeldoorn","rubriek":"gemeente","id":44,"FID":"gemeente_gegeneraliseerd.d0b68359-b6a4-4bc9-a82a-3be49197c673"},"id":"GM0200"},
{"type":"Feature","geometry":{"type":"Polygon","coordinates":[[[193753,445846],[193048,447159],[192721,451278],[193991,454048],[193314,454549],[190834,452773],[190134,451418],[186746,451577],[185919,451020],[184250,448500],[183548,446269],[187726,445372],[187777,442562],[185793,442889],[185440,439736],[188328,439341],[190131,438553],[192434,441368],[194052,440187],[193695,440793],[193846,441945],[196442,443060],[194409,444611],[193753,445846]]]},"properties":{"statcode":"GM0202","jrstatcode":"2024GM0202","statnaam":"Arnhem","rubriek":"gemeente","id":45,"FID":"gemeente_gegeneraliseerd.c49a7d62-35c0-4452-a0e4-aa277db487f0"},"id":"GM0202"},
{"type":"Feature","geometry":{"type":"Polygon","coordinates":[[[178166,472771],[175248,472548],[175093,470848],[174017,470550],[171819,468925],[171310,467216],[169566,467748],[168023,467426],[167180,465567],[165601,465534],[164819,467056],[162770,466723],[161730,465987],[161344,464188],[161443,462484],[162651,462137],[162722,461434],[163523,461040],[163544,460652],[162581,460237],[161798,458575],[162170,458478],[162306,458102],[162869,457951],[163440,457741],[163920,456940],[164317,457351],[164889,457124],[165901,457145],[166177,457477],[166919,459129],[175902,461065],[177887,461142],[177803,462061],[180660,462224],[181519,462743],[183925,462666],[183369,465550],[184046,466390],[182678,467730],[179846,467352],[178483,469000],[179223,470259],[178166,472771]]]},"properties":{"statcode":"GM0203","jrstatcode":"2024GM0203","statnaam":"Barneveld","rubriek":"gemeente","id":46,"FID":"gemeente_gegeneraliseerd.fbdde1f9-ae18-4912-8399-4282a4cd8540"},"id":"GM0203"},
{"type":"Feature","geometry":{"type":"Polygon","coordinates":[[[181023,427145],[183862,429182],[184640,429079],[185202,430942],[184605,431389],[183313,431985],[178336,433235],[176990,433912],[175499,434168],[174330,430857],[175140,430259],[175047,428325],[178766,427766],[181023,427145]]]},"properties":{"statcode":"GM0209","jrstatcode":"2024GM0209","statnaam":"Beuningen","rubriek":"gemeente","id":47,"FID":"gemeente_gegeneraliseerd.72175877-3e39-4bd8-9d9c-671b3b6d1812"},"id":"GM0209"},
{"type":"Feature","geometry":{"type":"Polygon","coordinates":[[[209566,463973],[207865,463990],[204202,462912],[202153,461974],[201725,460564],[200495,459784],[199432,458113],[199337,456875],[197619,454153],[197437,453299],[198646,453413],[201663,455773],[204098,454672],[205441,453026],[206454,452586],[208710,454804],[209215,456189],[211422,456342],[211920,456952],[211732,458183],[210138,458749],[209522,460972],[208131,462275],[206723,462211],[207824,463563],[209566,463973]]]},"properties":{"statcode":"GM0213","jrstatcode":"2024GM0213","statnaam":"Brummen","rubriek":"gemeente","id":48,"FID":"gemeente_gegeneraliseerd.821a7cf5-59e6-480b-a4e1-58a63e098ed9"},"id":"GM0213"},
{"type":"Feature","geometry":{"type":"Polygon","coordinates":[[[161214,443901],[158792,444174],[155259,442479],[152323,442141],[151282,440975],[146971,441896],[145011,439684],[145913,438566],[147598,438309],[147191,436851],[148647,434620],[149827,434157],[151555,432495],[151682,431722],[155869,434452],[156655,435946],[159553,437144],[162317,436674],[166465,437178],[166156,439329],[168002,439402],[168537,439894],[168709,440284],[167949,440504],[166964,440688],[164614,442432],[164045,442581],[162801,443360],[161214,443901]]]},"properties":{"statcode":"GM0214","jrstatcode":"2024GM0214","statnaam":"Buren","rubriek":"gemeente","id":49,"FID":"gemeente_gegeneraliseerd.338ad556-8c54-487c-86ba-f51633708ff3"},"id":"GM0214"},
{"type":"Feature","geometry":{"type":"Polygon","coordinates":[[[146971,441896],[146003,442511],[144193,443038],[142544,441238],[140776,442134],[138546,438215],[138163,437413],[138686,437769],[140464,436979],[142652,437542],[144404,437245],[145913,438566],[145011,439684],[146971,441896]]]},"properties":{"statcode":"GM0216","jrstatcode":"2024GM0216","statnaam":"Culemborg","rubriek":"gemeente","id":50,"FID":"gemeente_gegeneraliseerd.21a55b4a-77f0-4433-9498-5a700b3404d5"},"id":"GM0216"},
{"type":"Feature","geometry":{"type":"Polygon","coordinates":[[[209087,449060],[209087,450410],[207474,450694],[205386,449842],[206136,448798],[205720,447120],[204611,445586],[208018,445989],[207650,446378],[208027,446760],[209193,448844],[209087,449060]]]},"properties":{"statcode":"GM0221","jrstatcode":"2024GM0221","statnaam":"Doesburg","rubriek":"gemeente","id":51,"FID":"gemeente_gegeneraliseerd.ddecbcdb-0797-4871-a09a-06f2b8a91faf"},"id":"GM0221"},
{"type":"Feature","geometry":{"type":"Polygon","coordinates":[[[225697,443190],[224750,444237],[223937,442688],[221394,443360],[219004,445508],[216257,444433],[214957,444631],[214266,443414],[211193,443855],[208124,443909],[207040,443838],[208338,441050],[210426,439466],[212311,439898],[217903,439916],[218164,439328],[219929,437943],[221975,437614],[223270,439113],[225697,443190]]]},"properties":{"statcode":"GM0222","jrstatcode":"2024GM0222","statnaam":"Doetinchem","rubriek":"gemeente","id":52,"FID":"gemeente_gegeneraliseerd.a3becd56-4f2d-49ac-a511-b198ebb446d6"},"id":"GM0222"},
{"type":"Feature","geometry":{"type":"Polygon","coordinates":[[[171424,434570],[166618,434739],[168065,433786],[167480,432016],[168092,430687],[168633,427854],[170344,427544],[172139,428794],[172148,431008],[174330,430857],[175499,434168],[171424,434570]]]},"properties":{"statcode":"GM0225","jrstatcode":"2024GM0225","statnaam":"Druten","rubriek":"gemeente","id":53,"FID":"gemeente_gegeneraliseerd.9f619466-8cc4-47c8-8a9c-d19f9e24daa3"},"id":"GM0225"},
{"type":"Feature","geometry":{"type":"Polygon","coordinates":[[[201239,441860],[201727,443210],[201815,443783],[200345,443787],[199466,442747],[197780,443568],[197222,443417],[196527,442867],[196008,442833],[196103,441895],[196060,439565],[195025,439171],[194786,439082],[194990,437909],[196273,436262],[198127,436624],[199740,436364],[200000,436571],[200149,436757],[200149,437129],[200384,437634],[200063,437903],[200339,438153],[200784,439307],[200907,439264],[201479,440287],[201239,441860]]]},"properties":{"statcode":"GM0226","jrstatcode":"2024GM0226","statnaam":"Duiven","rubriek":"gemeente","id":54,"FID":"gemeente_gegeneraliseerd.83b84ded-ac64-486e-bbf0-f0d45f4de08d"},"id":"GM0226"},
{"type":"Feature","geometry":{"type":"Polygon","coordinates":[[[183925,462666],[181519,462743],[180660,462224],[177803,462061],[177887,461142],[175902,461065],[166919,459129],[166177,457477],[166364,456981],[166445,456892],[166460,456148],[166559,455965],[166496,455374],[166641,455414],[166617,455260],[166896,455119],[167034,454459],[166793,453653],[166710,451186],[168691,449236],[168888,446807],[169063,445910],[170028,445109],[170083,445472],[170608,445721],[170942,444953],[171902,445231],[172172,444866],[175322,445100],[175719,445214],[178153,445868],[178943,446051],[179569,447996],[184250,448500],[185919,451020],[186746,451577],[190134,451418],[190834,452773],[193314,454549],[193301,456931],[190922,457026],[188997,457683],[187703,459811],[187329,462391],[183925,462666]]]},"properties":{"statcode":"GM0228","jrstatcode":"2024GM0228","statnaam":"Ede","rubriek":"gemeente","id":55,"FID":"gemeente_gegeneraliseerd.c0dd15fa-20c2-4e99-895a-d15caa480d1e"},"id":"GM0228"},
{"type":"Feature","geometry":{"type":"Polygon","coordinates":[[[191563,489418],[189881,492569],[187979,495138],[188336,496264],[185928,498187],[184242,496703],[184239,496698],[184555,495450],[183826,494298],[180158,491069],[181106,489810],[183887,490636],[184557,489328],[187533,485859],[188299,485665],[190706,488900],[191563,489418]]]},"properties":{"statcode":"GM0230","jrstatcode":"2024GM0230","statnaam":"Elburg","rubriek":"gemeente","id":56,"FID":"gemeente_gegeneraliseerd.9a7a5db6-c2ae-40e2-9352-53029675dcc0"},"id":"GM0230"},
{"type":"Feature","geometry":{"type":"Polygon","coordinates":[[[202041,486492],[199593,485603],[198901,486789],[196136,488031],[193374,490216],[191563,489418],[190706,488900],[188299,485665],[187541,484932],[188653,483143],[187944,481817],[185940,479700],[186729,477000],[186646,475732],[187343,474302],[188613,475333],[192470,476410],[195043,476295],[198791,476728],[199314,475811],[199778,476950],[199176,478732],[200380,482761],[201793,482737],[201837,482958],[201918,483202],[201944,484418],[203203,485684],[202041,486492]]]},"properties":{"statcode":"GM0232","jrstatcode":"2024GM0232","statnaam":"Epe","rubriek":"gemeente","id":57,"FID":"gemeente_gegeneraliseerd.16a3c784-b70d-4e2c-ae67-957194eacb76"},"id":"GM0232"},
{"type":"Feature","geometry":{"type":"Polygon","coordinates":[[[179712,475645],[180074,477242],[179328,478956],[179788,481076],[176743,482320],[174343,479587],[171570,482129],[170102,481257],[167854,482090],[166737,480365],[165976,478215],[168672,476775],[172395,475883],[174687,473725],[175248,472548],[178166,472771],[180558,473428],[179712,475645]]]},"properties":{"statcode":"GM0233","jrstatcode":"2024GM0233","statnaam":"Ermelo","rubriek":"gemeente","id":58,"FID":"gemeente_gegeneraliseerd.47ed5c2c-7377-4bca-9c9b-0b9d301dc51f"},"id":"GM0233"},
{"type":"Feature","geometry":{"type":"Polygon","coordinates":[[[176743,482320],[177172,482707],[176011,485919],[174863,487926],[173127,486362],[170538,486105],[170451,486064],[170275,484207],[167854,482090],[170102,481257],[171570,482129],[174343,479587],[176743,482320]]]},"properties":{"statcode":"GM0243","jrstatcode":"2024GM0243","statnaam":"Harderwijk","rubriek":"gemeente","id":59,"FID":"gemeente_gegeneraliseerd.377850de-9994-4c7c-b556-9b2e92f10b5b"},"id":"GM0243"},
{"type":"Feature","geometry":{"type":"Polygon","coordinates":[[[203693,496486],[203554,497862],[201480,499596],[200293,501552],[198494,502628],[196665,501560],[198864,499170],[199007,497300],[198205,495337],[200962,496146],[203693,496486]]]},"properties":{"statcode":"GM0244","jrstatcode":"2024GM0244","statnaam":"Hattem","rubriek":"gemeente","id":60,"FID":"gemeente_gegeneraliseerd.4bd9584b-bd18-45f0-a07c-473b1e7f1a3f"},"id":"GM0244"},
{"type":"Feature","geometry":{"type":"Polygon","coordinates":[[[203693,496486],[200962,496146],[198205,495337],[197871,495346],[194909,491489],[193374,490216],[196136,488031],[198901,486789],[199593,485603],[202041,486492],[202348,487360],[205142,488417],[205591,490497],[204806,490786],[204611,491032],[204498,492075],[204723,493456],[204592,493850],[204429,494717],[204118,494995],[203693,496486]]]},"properties":{"statcode":"GM0246","jrstatcode":"2024GM0246","statnaam":"Heerde","rubriek":"gemeente","id":61,"FID":"gemeente_gegeneraliseerd.a6c1a2ae-cdbf-455a-925c-4a28ad8d0177"},"id":"GM0246"},
{"type":"Feature","geometry":{"type":"Polygon","coordinates":[[[189934,421142],[188924,424660],[186019,424260],[184185,422522],[183542,423026],[182149,421801],[178809,421113],[178642,420520],[179719,419000],[182100,418241],[187100,419061],[187952,418885],[188175,420871],[189934,421142]]]},"properties":{"statcode":"GM0252","jrstatcode":"2024GM0252","statnaam":"Heumen","rubriek":"gemeente","id":62,"FID":"gemeente_gegeneraliseerd.29ed7d27-6023-43af-8b0a-ded827f95d96"},"id":"GM0252"},
{"type":"Feature","geometry":{"type":"Polygon","coordinates":[[[225295,473178],[222928,473584],[219951,472444],[220009,471435],[217226,471219],[215808,471469],[211691,471258],[208296,471752],[208223,471724],[208458,471557],[208756,471168],[209227,470861],[209811,470212],[209470,468765],[207596,468015],[210159,465674],[210111,464934],[211768,464060],[213233,462335],[215405,462787],[217537,462720],[219111,463145],[219428,461475],[221444,461259],[222244,459983],[223844,460843],[223794,458790],[226043,457025],[228163,458288],[229938,458571],[230664,460108],[229888,462152],[230594,466046],[229670,466614],[228826,468581],[228153,468635],[226208,471073],[225295,473178]]]},"properties":{"statcode":"GM0262","jrstatcode":"2024GM0262","statnaam":"Lochem","rubriek":"gemeente","id":63,"FID":"gemeente_gegeneraliseerd.d578229d-7647-4129-8cf1-550a7069aa5c"},"id":"GM0262"},
{"type":"Feature","geometry":{"type":"Polygon","coordinates":[[[156909,425853],[155926,427674],[153199,424121],[151678,424219],[150700,425467],[149305,426154],[147727,425849],[148169,423509],[146670,422726],[146905,420635],[142534,420057],[140937,418589],[141083,417042],[142519,416989],[144219,416966],[145155,416198],[147822,416789],[148700,416448],[152674,418532],[153117,419100],[153747,422352],[156000,425809],[156909,425853]]]},"properties":{"statcode":"GM0263","jrstatcode":"2024GM0263","statnaam":"Maasdriel","rubriek":"gemeente","id":64,"FID":"gemeente_gegeneraliseerd.c1317973-b497-426e-a21b-669e4d8b3cb9"},"id":"GM0263"},
{"type":"Feature","geometry":{"type":"Polygon","coordinates":[[[161242,474425],[160640,475028],[159584,473944],[156123,473228],[155517,470752],[155411,470285],[156535,470055],[158572,468233],[158603,464784],[161344,464188],[161730,465987],[162770,466723],[164819,467056],[165601,465534],[167180,465567],[168023,467426],[169566,467748],[171310,467216],[171819,468925],[166123,468260],[163769,471792],[161591,472358],[161242,474425]]]},"properties":{"statcode":"GM0267","jrstatcode":"2024GM0267","statnaam":"Nijkerk","rubriek":"gemeente","id":65,"FID":"gemeente_gegeneraliseerd.d6f0d157-144d-4d22-a231-c3458593ea8b"},"id":"GM0267"},
{"type":"Feature","geometry":{"type":"Polygon","coordinates":[[[187346,434116],[185496,434000],[186023,432863],[184605,431389],[185202,430942],[184640,429079],[183862,429182],[181023,427145],[182940,423443],[183542,423026],[184185,422522],[186019,424260],[188924,424660],[189011,425861],[190796,427016],[190063,427232],[189963,428119],[189335,428905],[189409,430857],[188725,432110],[188645,432594],[188339,433459],[187922,433443],[187385,433423],[187346,434116]]]},"properties":{"statcode":"GM0268","jrstatcode":"2024GM0268","statnaam":"Nijmegen","rubriek":"gemeente","id":66,"FID":"gemeente_gegeneraliseerd.a33a9f5a-ba6e-454a-bdf1-a8afe0a45635"},"id":"GM0268"},
{"type":"Feature","geometry":{"type":"Polygon","coordinates":[[[192245,498992],[191578,498616],[190518,501183],[188944,503365],[187485,503550],[185928,498187],[188336,496264],[187979,495138],[189881,492569],[191563,489418],[193374,490216],[194909,491489],[197871,495346],[198205,495337],[199007,497300],[198864,499170],[196665,501560],[195478,500307],[193794,499747],[193329,499751],[192345,498894],[192309,498903],[192245,498992]]]},"properties":{"statcode":"GM0269","jrstatcode":"2024GM0269","statnaam":"Oldebroek","rubriek":"gemeente","id":67,"FID":"gemeente_gegeneraliseerd.62c839a7-e4a7-41c3-837c-1f8bdad66ede"},"id":"GM0269"},
{"type":"Feature","geometry":{"type":"Polygon","coordinates":[[[165976,478215],[164574,475082],[163079,475199],[161242,474425],[161591,472358],[163769,471792],[166123,468260],[171819,468925],[174017,470550],[175093,470848],[175248,472548],[174687,473725],[172395,475883],[168672,476775],[165976,478215]]]},"properties":{"statcode":"GM0273","jrstatcode":"2024GM0273","statnaam":"Putten","rubriek":"gemeente","id":68,"FID":"gemeente_gegeneraliseerd.33282f37-50d9-472b-9554-8f6f9aa7040e"},"id":"GM0273"},
{"type":"Feature","geometry":{"type":"Polygon","coordinates":[[[184250,448500],[179569,447996],[178943,446051],[178153,445868],[177433,442242],[178051,441789],[179676,442461],[181834,441260],[184629,442697],[185793,442889],[187777,442562],[187726,445372],[183548,446269],[184250,448500]]]},"properties":{"statcode":"GM0274","jrstatcode":"2024GM0274","statnaam":"Renkum","rubriek":"gemeente","id":69,"FID":"gemeente_gegeneraliseerd.30807a3c-2a56-472a-8735-1ac975b160f2"},"id":"GM0274"},
{"type":"Feature","geometry":{"type":"Polygon","coordinates":[[[206454,452586],[205441,453026],[204098,454672],[201663,455773],[198646,453413],[197437,453299],[196909,451927],[195519,451952],[196769,448828],[195637,447735],[195623,446911],[193753,445846],[194409,444611],[196442,443060],[197235,443762],[198138,445574],[198994,445467],[201467,447621],[203527,445169],[204611,445586],[205720,447120],[206136,448798],[205386,449842],[204977,451410],[206454,452586]]]},"properties":{"statcode":"GM0275","jrstatcode":"2024GM0275","statnaam":"Rheden","rubriek":"gemeente","id":70,"FID":"gemeente_gegeneraliseerd.0b60969b-2298-4ad4-8f93-81868200e259"},"id":"GM0275"},
{"type":"Feature","geometry":{"type":"Polygon","coordinates":[[[195637,447735],[196769,448828],[195519,451952],[196909,451927],[197437,453299],[197619,454153],[196355,454715],[193991,454048],[192721,451278],[193048,447159],[193753,445846],[195623,446911],[195637,447735]]]},"properties":{"statcode":"GM0277","jrstatcode":"2024GM0277","statnaam":"Rozendaal","rubriek":"gemeente","id":71,"FID":"gemeente_gegeneraliseerd.2bfc7ac3-f4ed-4a08-9c36-7b69cc4d4c55"},"id":"GM0277"},
{"type":"Feature","geometry":{"type":"Polygon","coordinates":[[[163920,456940],[163440,457741],[162869,457951],[162306,458102],[161776,456160],[159938,454664],[161630,453490],[162468,453716],[164286,454372],[165275,455609],[164889,457124],[164317,457351],[163920,456940]]]},"properties":{"statcode":"GM0279","jrstatcode":"2024GM0279","statnaam":"Scherpenzeel","rubriek":"gemeente","id":72,"FID":"gemeente_gegeneraliseerd.28f5c730-efa1-4b67-a021-7b15469e1880"},"id":"GM0279"},
{"type":"Feature","geometry":{"type":"Polygon","coordinates":[[[159553,437144],[156655,435946],[155869,434452],[151682,431722],[150942,429830],[154478,430328],[155554,429374],[156931,429248],[157464,430875],[158978,432854],[160281,433390],[159703,434926],[160866,435511],[160677,436825],[159553,437144]]]},"properties":{"statcode":"GM0281","jrstatcode":"2024GM0281","statnaam":"Tiel","rubriek":"gemeente","id":73,"FID":"gemeente_gegeneraliseerd.1bec248a-c705-4eef-b068-85186dfdf36b"},"id":"GM0281"},
{"type":"Feature","geometry":{"type":"Polygon","coordinates":[[[202217,481302],[201793,482737],[200380,482761],[199176,478732],[199778,476950],[199314,475811],[198792,473595],[199155,470864],[200079,470570],[200567,468294],[200285,466549],[201006,465555],[201331,463462],[202153,461974],[204202,462912],[207865,463990],[209566,463973],[210111,464934],[210159,465674],[207596,468015],[209470,468765],[209811,470212],[209227,470861],[208756,471168],[208458,471557],[208223,471724],[208376,471310],[208338,471205],[208195,470888],[207989,470314],[207952,470959],[207812,471076],[206542,472058],[207359,473194],[207093,473637],[206334,473560],[206184,473709],[205285,474216],[205717,475000],[204488,476948],[203709,479490],[203566,479367],[202680,479555],[202217,481302]]]},"properties":{"statcode":"GM0285","jrstatcode":"2024GM0285","statnaam":"Voorst","rubriek":"gemeente","id":74,"FID":"gemeente_gegeneraliseerd.756568af-4bca-4316-8701-4ef7e6fe7e78"},"id":"GM0285"},
{"type":"Feature","geometry":{"type":"Polygon","coordinates":[[[178051,441789],[177433,442242],[178153,445868],[175719,445214],[175322,445100],[172172,444866],[171902,445231],[170942,444953],[170608,445721],[170083,445472],[170028,445109],[170565,444686],[170653,443837],[171413,442878],[171350,440379],[171015,440365],[171035,440012],[170759,440126],[170040,439431],[170862,439236],[171717,438689],[173041,440208],[174165,440521],[175257,441233],[178051,441789]]]},"properties":{"statcode":"GM0289","jrstatcode":"2024GM0289","statnaam":"Wageningen","rubriek":"gemeente","id":75,"FID":"gemeente_gegeneraliseerd.684f3db6-8609-4e8e-9f9e-04105713ded4"},"id":"GM0289"},
{"type":"Feature","geometry":{"type":"Polygon","coordinates":[[[195025,439171],[196060,439565],[196103,441895],[196008,442833],[196527,442867],[197316,443719],[197235,443762],[196442,443060],[193846,441945],[193695,440793],[194404,439637],[194786,439082],[195025,439171]]]},"properties":{"statcode":"GM0293","jrstatcode":"2024GM0293","statnaam":"Westervoort","rubriek":"gemeente","id":76,"FID":"gemeente_gegeneraliseerd.2c0150e6-f2ac-453e-aa1a-f9c8636d31ff"},"id":"GM0293"},
{"type":"Feature","geometry":{"type":"Polygon","coordinates":[[[243171,436930],[244815,437054],[246870,435016],[249042,436899],[250135,437318],[251742,439473],[252027,442085],[254053,442725],[253857,445995],[252803,446483],[248727,449778],[246038,451025],[244235,450969],[243965,449668],[242089,448006],[242148,443776],[241026,442310],[240374,440913],[240751,439273],[242472,438604],[243171,436930]]]},"properties":{"statcode":"GM0294","jrstatcode":"2024GM0294","statnaam":"Winterswijk","rubriek":"gemeente","id":77,"FID":"gemeente_gegeneraliseerd.570aacd5-a5b8-4070-b7bc-9619656541ea"},"id":"GM0294"},
{"type":"Feature","geometry":{"type":"Polygon","coordinates":[[[181023,427145],[178766,427766],[175047,428325],[175140,430259],[174330,430857],[172148,431008],[172139,428794],[170344,427544],[169530,426626],[172100,425688],[173645,423300],[176148,422165],[177363,420757],[178642,420520],[178809,421113],[182149,421801],[183542,423026],[182940,423443],[181023,427145]]]},"properties":{"statcode":"GM0296","jrstatcode":"2024GM0296","statnaam":"Wijchen","rubriek":"gemeente","id":78,"FID":"gemeente_gegeneraliseerd.473dbbbe-a7d6-4bf5-b5ba-809a0d61937a"},"id":"GM0296"},
{"type":"Feature","geometry":{"type":"Polygon","coordinates":[[[147727,425849],[142316,424640],[140488,425324],[137985,425081],[134503,426490],[131800,425600],[131051,425468],[130724,425490],[130120,425644],[129200,425857],[128329,425884],[128946,425500],[129398,424464],[131612,423329],[132901,421370],[134900,422150],[137771,420500],[137800,418032],[137100,416575],[139550,417134],[141083,417042],[140937,418589],[142534,420057],[146905,420635],[146670,422726],[148169,423509],[147727,425849]]]},"properties":{"statcode":"GM0297","jrstatcode":"2024GM0297","statnaam":"Zaltbommel","rubriek":"gemeente","id":79,"FID":"gemeente_gegeneraliseerd.d9b28f42-a46e-4e2c-88ce-a87b7c34b191"},"id":"GM0297"},
{"type":"Feature","geometry":{"type":"Polygon","coordinates":[[[204611,445586],[203527,445169],[201467,447621],[198994,445467],[198138,445574],[197235,443762],[197316,443719],[197222,443417],[197780,443568],[199466,442747],[200345,443787],[201815,443783],[201727,443210],[201239,441860],[201479,440287],[200907,439264],[200784,439307],[200339,438153],[200063,437903],[200384,437634],[200149,437129],[200149,436757],[200000,436571],[199740,436364],[198127,436624],[196273,436262],[197063,435526],[198680,434392],[199300,432608],[200390,431580],[201581,430983],[204612,429082],[206580,428998],[208709,428303],[208709,430631],[207158,431516],[206629,433297],[204764,434295],[208001,435458],[208731,435004],[203426,439153],[203324,442392],[204342,442274],[207040,443838],[208124,443909],[208018,445989],[204611,445586]]]},"properties":{"statcode":"GM0299","jrstatcode":"2024GM0299","statnaam":"Zevenaar","rubriek":"gemeente","id":80,"FID":"gemeente_gegeneraliseerd.04abb4ef-54a5-43a7-94d0-f663e337b941"},"id":"GM0299"},
{"type":"Feature","geometry":{"type":"Polygon","coordinates":[[[219428,461475],[219111,463145],[217537,462720],[215405,462787],[213233,462335],[211768,464060],[210111,464934],[209566,463973],[207824,463563],[206723,462211],[208131,462275],[209522,460972],[210138,458749],[211732,458183],[211920,456952],[213134,458728],[214667,458363],[215971,459648],[219428,461475]]]},"properties":{"statcode":"GM0301","jrstatcode":"2024GM0301","statnaam":"Zutphen","rubriek":"gemeente","id":81,"FID":"gemeente_gegeneraliseerd.51a96ceb-d084-4f7c-90c3-6da2c2a547a4"},"id":"GM0301"},
{"type":"Feature","geometry":{"type":"Polygon","coordinates":[[[188299,485665],[187533,485859],[184557,489328],[183887,490636],[181106,489810],[180158,491069],[176289,488200],[174863,487926],[176011,485919],[177172,482707],[176743,482320],[179788,481076],[179328,478956],[180074,477242],[179712,475645],[184637,476162],[186646,475732],[186729,477000],[185940,479700],[187944,481817],[188653,483143],[187541,484932],[188299,485665]]]},"properties":{"statcode":"GM0302","jrstatcode":"2024GM0302","statnaam":"Nunspeet","rubriek":"gemeente","id":82,"FID":"gemeente_gegeneraliseerd.fcc0dee5-f25c-4775-83e8-1da0ad2ae46e"},"id":"GM0302"},
{"type":"Feature","geometry":{"type":"Polygon","coordinates":[[[186909,506550],[183851,510071],[179977,510543],[173129,512231],[172122,513399],[172881,514170],[172801,514261],[171333,513117],[167581,512082],[168575,508447],[168863,501382],[169854,499667],[167110,498075],[168542,495567],[167202,494246],[168735,491504],[171044,491246],[170298,487448],[170491,486985],[170496,486990],[170527,487020],[171205,488077],[173667,490046],[177649,492088],[179480,491924],[182869,494640],[184239,496698],[184242,496703],[186264,500738],[186888,503495],[186866,506369],[186909,506550]]]},"properties":{"statcode":"GM0303","jrstatcode":"2024GM0303","statnaam":"Dronten","rubriek":"gemeente","id":83,"FID":"gemeente_gegeneraliseerd.78c6bc72-d88c-418c-962f-0cfe94cf0ba4"},"id":"GM0303"},
{"type":"Feature","geometry":{"type":"Polygon","coordinates":[[[156535,470055],[155378,468603],[151128,469628],[150015,468326],[149676,467404],[150657,466052],[152448,465274],[151128,460835],[151170,459826],[149469,458007],[149774,457797],[152839,460960],[153853,460374],[155679,460639],[156447,461607],[157097,462957],[157487,463273],[158781,463700],[159953,462747],[161443,462484],[161344,464188],[158603,464784],[158572,468233],[156535,470055]]]},"properties":{"statcode":"GM0307","jrstatcode":"2024GM0307","statnaam":"Amersfoort","rubriek":"gemeente","id":84,"FID":"gemeente_gegeneraliseerd.9add7243-ddef-4df8-a845-e729a6f8957c"},"id":"GM0307"},
{"type":"Feature","geometry":{"type":"Polygon","coordinates":[[[151386,470228],[151470,471154],[150392,471439],[149567,471506],[149548,471238],[149834,470940],[149769,470908],[149481,470156],[149227,470480],[148643,470611],[148276,470550],[147887,470612],[147031,470665],[146007,470712],[143899,470803],[143613,469778],[143501,469350],[143263,468477],[143021,465373],[143902,464184],[145147,464668],[147000,466717],[150015,468326],[151128,469628],[151386,470228]]]},"properties":{"statcode":"GM0308","jrstatcode":"2024GM0308","statnaam":"Baarn","rubriek":"gemeente","id":85,"FID":"gemeente_gegeneraliseerd.a9f6e346-799c-4930-ad36-0e4d77d364eb"},"id":"GM0308"},
{"type":"Feature","geometry":{"type":"Polygon","coordinates":[[[143902,464184],[143021,465373],[143263,468477],[141688,465539],[137006,465887],[136821,465902],[136404,465777],[136642,464951],[134996,463060],[136746,461962],[135821,460594],[138707,458946],[139566,457688],[139521,456261],[141223,456094],[141672,455330],[142547,455197],[143425,458396],[144296,458741],[143902,464184]]]},"properties":{"statcode":"GM0310","jrstatcode":"2024GM0310","statnaam":"De Bilt","rubriek":"gemeente","id":86,"FID":"gemeente_gegeneraliseerd.a0a244db-0c9f-4d54-a246-7834033ee99b"},"id":"GM0310"},
{"type":"Feature","geometry":{"type":"Polygon","coordinates":[[[141834,454358],[139455,454415],[138939,452076],[139464,450824],[140706,450843],[142216,449275],[142392,447985],[144167,446993],[145110,445611],[147634,446934],[146492,448455],[145451,451020],[145414,452270],[141834,454358]]]},"properties":{"statcode":"GM0312","jrstatcode":"2024GM0312","statnaam":"Bunnik","rubriek":"gemeente","id":87,"FID":"gemeente_gegeneraliseerd.427aa83e-f9f4-434e-be31-36a937b3c163"},"id":"GM0312"},
{"type":"Feature","geometry":{"type":"Polygon","coordinates":[[[151180,476179],[150700,473884],[149773,473145],[149881,471643],[150392,471439],[151470,471154],[151386,470228],[151128,469628],[155378,468603],[155411,470285],[155517,470752],[156123,473228],[152933,475758],[151180,476179]]]},"properties":{"statcode":"GM0313","jrstatcode":"2024GM0313","statnaam":"Bunschoten","rubriek":"gemeente","id":88,"FID":"gemeente_gegeneraliseerd.20d6c85b-b237-4a35-abf1-1f5b5fdc0c4e"},"id":"GM0313"},
{"type":"Feature","geometry":{"type":"Polygon","coordinates":[[[149490,476625],[146713,477078],[145227,474079],[143899,470803],[146007,470712],[147031,470665],[147887,470612],[148276,470550],[148643,470611],[149227,470480],[149481,470156],[149769,470908],[149834,470940],[149548,471238],[149567,471506],[149881,471643],[149773,473145],[150700,473884],[151180,476179],[149490,476625]]]},"properties":{"statcode":"GM0317","jrstatcode":"2024GM0317","statnaam":"Eemnes","rubriek":"gemeente","id":89,"FID":"gemeente_gegeneraliseerd.67b37e26-b147-4909-b9d4-bd7f40c7b5d3"},"id":"GM0317"},
{"type":"Feature","geometry":{"type":"Polygon","coordinates":[[[138939,452076],[137142,451878],[137335,451314],[136785,449155],[137234,448506],[136621,445761],[137602,445397],[138265,444008],[138488,443184],[138682,442900],[140776,442134],[142544,441238],[144193,443038],[146003,442511],[147045,443644],[145260,445298],[145167,445562],[145110,445611],[144167,446993],[142392,447985],[142216,449275],[140706,450843],[139464,450824],[138939,452076]]]},"properties":{"statcode":"GM0321","jrstatcode":"2024GM0321","statnaam":"Houten","rubriek":"gemeente","id":90,"FID":"gemeente_gegeneraliseerd.4ae26205-ccf1-4b00-8cab-641a15daedb7"},"id":"GM0321"},
{"type":"Feature","geometry":{"type":"Polygon","coordinates":[[[162722,461434],[162651,462137],[161443,462484],[159953,462747],[158781,463700],[157487,463273],[157097,462957],[156447,461607],[155679,460639],[153853,460374],[152839,460960],[149774,457797],[150564,457075],[151375,456455],[155960,455675],[155931,455958],[156383,457197],[156573,457225],[157265,456652],[157910,456408],[158213,456616],[158763,457332],[159014,457625],[160564,456931],[160809,457027],[161086,457423],[161798,458575],[162581,460237],[163544,460652],[163523,461040],[162722,461434]]]},"properties":{"statcode":"GM0327","jrstatcode":"2024GM0327","statnaam":"Leusden","rubriek":"gemeente","id":91,"FID":"gemeente_gegeneraliseerd.743c2b82-70d9-4666-9123-e11aaf7c9b27"},"id":"GM0327"},
{"type":"Feature","geometry":{"type":"Polygon","coordinates":[[[132707,444810],[130747,446233],[129822,448644],[128093,448225],[127885,448149],[125132,447690],[122927,446953],[122220,447072],[120969,446392],[120021,445922],[117083,444338],[117006,444276],[117783,443115],[117921,443107],[118797,442308],[119154,441462],[119556,440711],[119970,438964],[122463,439437],[123314,440377],[124492,441817],[125901,441307],[126939,442027],[127501,442842],[127837,443123],[129500,442701],[130431,442370],[130876,442604],[131173,443283],[132707,444810]]]},"properties":{"statcode":"GM0331","jrstatcode":"2024GM0331","statnaam":"Lopik","rubriek":"gemeente","id":92,"FID":"gemeente_gegeneraliseerd.ac822669-abf2-4f25-80f0-8ba844e31ebf"},"id":"GM0331"},
{"type":"Feature","geometry":{"type":"Polygon","coordinates":[[[128415,453164],[125458,453645],[124084,454717],[121706,453679],[119757,453509],[119411,452922],[119909,452711],[122355,450313],[122939,448682],[122927,446953],[125132,447690],[127885,448149],[128019,449117],[127269,448904],[127287,450289],[127829,451691],[128121,451661],[128519,451817],[129617,452603],[128415,453164]]]},"properties":{"statcode":"GM0335","jrstatcode":"2024GM0335","statnaam":"Montfoort","rubriek":"gemeente","id":93,"FID":"gemeente_gegeneraliseerd.40b77d3c-0ef7-4d10-93c0-fb5f82d60ca8"},"id":"GM0335"},
{"type":"Feature","geometry":{"type":"Polygon","coordinates":[[[166364,456981],[165901,457145],[164889,457124],[165275,455609],[164286,454372],[162468,453716],[162590,452085],[163628,451875],[163865,451058],[164753,450218],[165402,450338],[165800,451241],[166478,451224],[166710,451186],[166793,453653],[167034,454459],[166896,455119],[166617,455260],[166641,455414],[166496,455374],[166559,455965],[166460,456148],[166445,456892],[166364,456981]]]},"properties":{"statcode":"GM0339","jrstatcode":"2024GM0339","statnaam":"Renswoude","rubriek":"gemeente","id":94,"FID":"gemeente_gegeneraliseerd.3152ecbb-d554-40a6-972a-2971fcce9def"},"id":"GM0339"},
{"type":"Feature","geometry":{"type":"Polygon","coordinates":[[[166402,445641],[163607,447803],[163500,447570],[162349,445174],[161323,444649],[161214,443901],[162801,443360],[164045,442581],[164614,442432],[166964,440688],[167949,440504],[168709,440284],[169130,440102],[170040,439431],[170759,440126],[171035,440012],[171015,440365],[171350,440379],[171413,442878],[170565,444686],[170300,445057],[170028,445109],[169788,445201],[169063,445910],[168382,446252],[166731,446154],[166402,445641]]]},"properties":{"statcode":"GM0340","jrstatcode":"2024GM0340","statnaam":"Rhenen","rubriek":"gemeente","id":95,"FID":"gemeente_gegeneraliseerd.397614c4-82c1-47ba-baf6-c258ad0d308c"},"id":"GM0340"},
{"type":"Feature","geometry":{"type":"Polygon","coordinates":[[[150015,468326],[147000,466717],[145147,464668],[146030,460917],[147107,459877],[147808,458211],[149469,458007],[151170,459826],[151128,460835],[152448,465274],[150657,466052],[149676,467404],[150015,468326]]]},"properties":{"statcode":"GM0342","jrstatcode":"2024GM0342","statnaam":"Soest","rubriek":"gemeente","id":96,"FID":"gemeente_gegeneraliseerd.0e60a58b-cc16-4f1e-a45a-840c3b6a6d4f"},"id":"GM0342"},
{"type":"Feature","geometry":{"type":"Polygon","coordinates":[[[132674,459422],[131743,460251],[130706,458794],[128679,461526],[126702,460243],[126435,459440],[128806,455646],[128415,453164],[129617,452603],[130303,451960],[130339,451548],[131559,449660],[132225,449096],[132736,448770],[133222,452616],[134900,452313],[135803,451338],[137142,451878],[138939,452076],[139455,454415],[141834,454358],[141672,455330],[141223,456094],[139521,456261],[139566,457688],[138707,458946],[135821,460594],[134458,460873],[133701,459917],[133292,459933],[132674,459422]]]},"properties":{"statcode":"GM0344","jrstatcode":"2024GM0344","statnaam":"Utrecht","rubriek":"gemeente","id":97,"FID":"gemeente_gegeneraliseerd.a03bd428-c7c2-4c73-a6df-95db180ca594"},"id":"GM0344"},
{"type":"Feature","geometry":{"type":"Polygon","coordinates":[[[166478,451224],[165800,451241],[165402,450338],[164753,450218],[163607,447803],[166402,445641],[166731,446154],[168382,446252],[168888,446807],[168691,449236],[166710,451186],[166478,451224]]]},"properties":{"statcode":"GM0345","jrstatcode":"2024GM0345","statnaam":"Veenendaal","rubriek":"gemeente","id":98,"FID":"gemeente_gegeneraliseerd.b9484633-103a-4099-8157-7e884dcb2169"},"id":"GM0345"},
{"type":"Feature","geometry":{"type":"Polygon","coordinates":[[[162468,453716],[161630,453490],[159938,454664],[161776,456160],[162306,458102],[162170,458478],[161798,458575],[161086,457423],[160809,457027],[160564,456931],[159014,457625],[158763,457332],[158213,456616],[157910,456408],[157265,456652],[156573,457225],[156383,457197],[155931,455958],[155960,455675],[151375,456455],[150564,457075],[148908,456470],[151233,455101],[155501,454076],[156117,454156],[156361,453811],[155846,453436],[155914,452939],[158166,453780],[158446,453749],[158377,452591],[157978,452306],[157847,452116],[157926,451618],[158289,451064],[159013,450773],[160395,451390],[161734,451997],[162590,452085],[162468,453716]]]},"properties":{"statcode":"GM0351","jrstatcode":"2024GM0351","statnaam":"Woudenberg","rubriek":"gemeente","id":99,"FID":"gemeente_gegeneraliseerd.fde3b72d-6a6c-4990-bfca-3dfa98d94cfc"},"id":"GM0351"},
{"type":"Feature","geometry":{"type":"Polygon","coordinates":[[[155259,442479],[154397,444187],[155839,444395],[156928,445369],[154618,445974],[152055,447983],[150021,448742],[148410,446669],[147634,446934],[145110,445611],[145167,445562],[145260,445298],[147045,443644],[146003,442511],[146971,441896],[151282,440975],[152323,442141],[155259,442479]]]},"properties":{"statcode":"GM0352","jrstatcode":"2024GM0352","statnaam":"Wijk bij Duurstede","rubriek":"gemeente","id":100,"FID":"gemeente_gegeneraliseerd.15bf4497-12ed-4b26-8f30-b4c3a7ec74a0"},"id":"GM0352"},
{"type":"Feature","geometry":{"type":"Polygon","coordinates":[[[130303,451960],[129617,452603],[128519,451817],[128121,451661],[127829,451691],[127287,450289],[127269,448904],[128019,449117],[128093,448225],[129822,448644],[130747,446233],[132707,444810],[133733,445497],[133746,445637],[133553,446177],[132951,447865],[132740,448649],[132736,448770],[132225,449096],[131559,449660],[130339,451548],[130303,451960]]]},"properties":{"statcode":"GM0353","jrstatcode":"2024GM0353","statnaam":"IJsselstein","rubriek":"gemeente","id":101,"FID":"gemeente_gegeneraliseerd.5a858b74-e88e-47eb-9419-00cbd7ff313c"},"id":"GM0353"},
{"type":"Feature","geometry":{"type":"Polygon","coordinates":[[[145147,464668],[143902,464184],[144296,458741],[143425,458396],[142547,455197],[141672,455330],[141834,454358],[145414,452270],[148417,455348],[150421,453562],[151233,455101],[148908,456470],[150564,457075],[149774,457797],[149469,458007],[147808,458211],[147107,459877],[146030,460917],[145147,464668]]]},"properties":{"statcode":"GM0355","jrstatcode":"2024GM0355","statnaam":"Zeist","rubriek":"gemeente","id":102,"FID":"gemeente_gegeneraliseerd.b3a9eeff-7be7-4398-b643-c090ebb3ef6a"},"id":"GM0355"},
{"type":"Feature","geometry":{"type":"Polygon","coordinates":[[[134900,452313],[133222,452616],[132736,448770],[132740,448649],[132951,447865],[133553,446177],[133746,445637],[135482,446111],[136621,445761],[137234,448506],[136785,449155],[137335,451314],[137142,451878],[135803,451338],[134900,452313]]]},"properties":{"statcode":"GM0356","jrstatcode":"2024GM0356","statnaam":"Nieuwegein","rubriek":"gemeente","id":103,"FID":"gemeente_gegeneraliseerd.f65db7b6-5b99-48a6-90f8-35da18487af5"},"id":"GM0356"},
{"type":"Feature","geometry":{"type":"Polygon","coordinates":[[[113740,474295],[114549,474904],[114958,475499],[115623,476690],[116563,478152],[115625,479913],[115202,479673],[114650,479203],[114480,478623],[113560,477410],[109853,475241],[108194,473156],[106026,471651],[107797,471785],[109704,471796],[109661,470039],[113067,472730],[112782,473552],[113484,474118],[113740,474295]]]},"properties":{"statcode":"GM0358","jrstatcode":"2024GM0358","statnaam":"Aalsmeer","rubriek":"gemeente","id":104,"FID":"gemeente_gegeneraliseerd.7d4e374e-6f38-461c-8218-c052618b87b1"},"id":"GM0358"},
{"type":"Feature","geometry":{"type":"Polygon","coordinates":[[[120217,516450],[117867,517768],[117292,516275],[115776,516432],[113478,518050],[113867,521177],[111350,521680],[112062,520632],[110315,518872],[109448,517470],[109456,515463],[109572,515485],[109923,515206],[110708,514658],[111020,514044],[110974,512008],[111966,511780],[111438,509120],[111965,508541],[113932,507892],[113646,505296],[113955,503717],[114455,503674],[117462,505845],[119159,508113],[119847,509943],[121345,512010],[123040,513560],[123820,513338],[123493,513873],[120917,514074],[121203,515657],[120217,516450]]]},"properties":{"statcode":"GM0361","jrstatcode":"2024GM0361","statnaam":"Alkmaar","rubriek":"gemeente","id":105,"FID":"gemeente_gegeneraliseerd.1c8ee5e5-183c-40af-91da-1f54ed9b3cb7"},"id":"GM0361"},
{"type":"Feature","geometry":{"type":"Polygon","coordinates":[[[122404,481252],[121531,481722],[118806,481668],[118786,482613],[116247,482110],[116126,480598],[115625,479913],[116563,478152],[115623,476690],[114958,475499],[114549,474904],[114591,474938],[116599,474005],[117275,473675],[118449,472797],[118827,473429],[119692,474042],[120341,475572],[120494,476393],[120700,477472],[121060,477886],[120877,478090],[121141,478283],[121202,478640],[121845,478889],[121741,479335],[122305,480001],[122191,480771],[122148,481004],[122404,481252]]]},"properties":{"statcode":"GM0362","jrstatcode":"2024GM0362","statnaam":"Amstelveen","rubriek":"gemeente","id":106,"FID":"gemeente_gegeneraliseerd.44906509-ee9d-4976-8cda-323359210e3f"},"id":"GM0362"},
{"type":"Feature","geometry":{"type":"MultiPolygon","coordinates":[[[[129703,481906],[128465,480747],[127896,482253],[126923,482594],[125654,481876],[125037,482335],[124836,482224],[124641,482117],[124373,481893],[124580,481390],[124524,481359],[124480,481335],[124373,481045],[124419,480887],[124180,480755],[123842,480234],[123774,480162],[123779,480083],[123835,479927],[125521,476788],[127457,478119],[128409,477974],[130059,479450],[130070,477247],[132972,477020],[135541,476915],[135720,477525],[134847,480784],[131318,482400],[129703,481906]]],[[[119326,493701],[119293,493548],[119000,493122],[118866,492227],[110930,493894],[110188,490523],[112139,490080],[111978,485549],[114377,483898],[116247,482110],[118786,482613],[118806,481668],[121531,481722],[122404,481252],[122624,481250],[122756,481490],[122557,481766],[122489,481843],[122732,481951],[122713,482149],[122671,482614],[124281,483058],[124636,483161],[124638,483258],[124725,483276],[125194,483490],[126550,485438],[128567,483806],[129453,484058],[129647,484456],[129659,484479],[126865,487198],[127930,487822],[129427,487373],[129605,488589],[132208,491759],[133302,492130],[132002,491977],[127482,493295],[125351,492914],[125109,492730],[123940,491630],[121774,493077],[121774,493074],[121023,493204],[120613,493216],[120042,493652],[119793,493687],[119326,493701]]]]},"properties":{"statcode":"GM0363","jrstatcode":"2024GM0363","statnaam":"Amsterdam","rubriek":"gemeente","id":107,"FID":"gemeente_gegeneraliseerd.76ba1a9b-e0b2-449e-bdd1-62bf7ada7c5a"},"id":"GM0363"},
{"type":"Feature","geometry":{"type":"Polygon","coordinates":[[[110246,523141],[109626,524950],[107895,527519],[104946,530180],[104295,527074],[104337,524722],[103556,519971],[102311,509855],[105372,510839],[106574,511721],[107499,514701],[107789,515364],[109002,514974],[109456,515463],[109448,517470],[110315,518872],[112062,520632],[110246,523141]]]},"properties":{"statcode":"GM0373","jrstatcode":"2024GM0373","statnaam":"Bergen (NH.)","rubriek":"gemeente","id":108,"FID":"gemeente_gegeneraliseerd.b45f3156-4b5f-48ac-9822-89494ac64ad4"},"id":"GM0373"},
{"type":"Feature","geometry":{"type":"Polygon","coordinates":[[[107982,500555],[106033,501805],[101832,501030],[100632,501574],[100265,500483],[105141,499078],[106579,496656],[108157,498367],[108863,500062],[108577,500310],[107954,500290],[107982,500555]]]},"properties":{"statcode":"GM0375","jrstatcode":"2024GM0375","statnaam":"Beverwijk","rubriek":"gemeente","id":109,"FID":"gemeente_gegeneraliseerd.29a581c2-f1e1-4266-8168-e8b3ad70dd8d"},"id":"GM0375"},
{"type":"Feature","geometry":{"type":"Polygon","coordinates":[[[149490,476625],[148862,478357],[149967,479492],[147749,478427],[147305,478386],[147071,478110],[146154,477647],[145045,477046],[145039,477045],[144442,477041],[142972,476608],[142693,476024],[142482,475471],[143995,475588],[145227,474079],[146713,477078],[149490,476625]]]},"properties":{"statcode":"GM0376","jrstatcode":"2024GM0376","statnaam":"Blaricum","rubriek":"gemeente","id":110,"FID":"gemeente_gegeneraliseerd.44fdef54-f6bc-4bda-bc74-bc3887167f9f"},"id":"GM0376"},
{"type":"Feature","geometry":{"type":"Polygon","coordinates":[[[103592,491806],[103055,492970],[100638,494372],[98758,494794],[97433,490732],[100847,489616],[97729,481003],[98840,480467],[99215,481262],[101092,481378],[102117,480905],[102107,481867],[100675,482586],[101527,485712],[101770,486455],[101367,487997],[102881,489178],[103592,491806]]]},"properties":{"statcode":"GM0377","jrstatcode":"2024GM0377","statnaam":"Bloemendaal","rubriek":"gemeente","id":111,"FID":"gemeente_gegeneraliseerd.7b4875c8-ced3-4d57-b514-f3c2bfbc637c"},"id":"GM0377"},
{"type":"Feature","geometry":{"type":"Polygon","coordinates":[[[111965,508541],[111438,509120],[111966,511780],[111444,511607],[111130,510345],[109653,510487],[108188,510378],[106574,511721],[105372,510839],[102311,509855],[101468,505124],[105653,505148],[108075,504565],[108204,504843],[108012,506508],[108821,506735],[109665,507320],[110783,506442],[112124,505530],[112411,505711],[113646,505296],[113932,507892],[111965,508541]]]},"properties":{"statcode":"GM0383","jrstatcode":"2024GM0383","statnaam":"Castricum","rubriek":"gemeente","id":112,"FID":"gemeente_gegeneraliseerd.272cfe86-2a0a-4483-bde7-954a1e88e15b"},"id":"GM0383"},
{"type":"Feature","geometry":{"type":"Polygon","coordinates":[[[129453,484058],[128567,483806],[126550,485438],[125194,483490],[125226,483502],[125233,483406],[125065,483099],[125108,482733],[124699,482470],[124836,482224],[125037,482335],[125654,481876],[126923,482594],[127896,482253],[128465,480747],[129703,481906],[130484,483371],[129659,484479],[129647,484456],[129453,484058]]]},"properties":{"statcode":"GM0384","jrstatcode":"2024GM0384","statnaam":"Diemen","rubriek":"gemeente","id":113,"FID":"gemeente_gegeneraliseerd.4a8a9433-d65c-404a-8249-9d4d9c5a4d91"},"id":"GM0384"},
{"type":"Feature","geometry":{"type":"Polygon","coordinates":[[[130432,499774],[130809,500144],[133831,500631],[134528,501828],[133230,503949],[132448,506389],[130863,508932],[130694,510911],[129226,513732],[129096,512292],[125366,512059],[125643,511097],[125632,510482],[125719,510352],[126230,510516],[127020,510971],[127410,511121],[128471,509655],[127150,508250],[127141,506659],[125806,504693],[127808,503873],[129318,504515],[130397,503921],[129377,502191],[128566,500852],[130370,499751],[130432,499774]]]},"properties":{"statcode":"GM0385","jrstatcode":"2024GM0385","statnaam":"Edam-Volendam","rubriek":"gemeente","id":114,"FID":"gemeente_gegeneraliseerd.256de914-6a31-4ff9-b7f4-cc3d85cb3cc0"},"id":"GM0385"},
{"type":"Feature","geometry":{"type":"Polygon","coordinates":[[[148254,522643],[149061,523930],[148296,525273],[147952,528132],[146076,528320],[146236,525429],[146348,522172],[148217,522501],[148254,522643]]]},"properties":{"statcode":"GM0388","jrstatcode":"2024GM0388","statnaam":"Enkhuizen","rubriek":"gemeente","id":115,"FID":"gemeente_gegeneraliseerd.f09aaf01-b483-4287-abb0-40a826411033"},"id":"GM0388"},
{"type":"Feature","geometry":{"type":"Polygon","coordinates":[[[107053,492014],[104912,493674],[103592,491806],[102881,489178],[101367,487997],[101770,486455],[101965,486404],[103873,486219],[104053,483705],[106235,484934],[106250,487185],[107260,488637],[106099,490638],[107053,492014]]]},"properties":{"statcode":"GM0392","jrstatcode":"2024GM0392","statnaam":"Haarlem","rubriek":"gemeente","id":116,"FID":"gemeente_gegeneraliseerd.59231237-e1ba-4faf-bd94-b35cf5e88069"},"id":"GM0392"},
{"type":"Feature","geometry":{"type":"Polygon","coordinates":[[[116247,482110],[114377,483898],[111978,485549],[112139,490080],[110188,490523],[110930,493894],[109761,494157],[107053,492014],[106099,490638],[107260,488637],[106250,487185],[106235,484934],[104053,483705],[102471,482895],[102107,481867],[102117,480905],[100475,477215],[99409,476226],[98692,472171],[98062,470785],[98366,470403],[101390,469897],[103433,470056],[106026,471651],[108194,473156],[109853,475241],[113560,477410],[114480,478623],[114650,479203],[115202,479673],[116126,480598],[116247,482110]]]},"properties":{"statcode":"GM0394","jrstatcode":"2024GM0394","statnaam":"Haarlemmermeer","rubriek":"gemeente","id":117,"FID":"gemeente_gegeneraliseerd.8e16bab2-15d4-4b2c-9dd0-00c8af7397cf"},"id":"GM0394"},
{"type":"Feature","geometry":{"type":"Polygon","coordinates":[[[108075,504565],[105653,505148],[101468,505124],[100632,501574],[101832,501030],[106033,501805],[107982,500555],[107954,500290],[108577,500310],[109714,501014],[108704,501597],[108740,502280],[108968,502679],[108607,502513],[108429,502574],[107978,502440],[107845,502817],[107873,504072],[108075,504565]]]},"properties":{"statcode":"GM0396","jrstatcode":"2024GM0396","statnaam":"Heemskerk","rubriek":"gemeente","id":118,"FID":"gemeente_gegeneraliseerd.ebf0cabd-f2d5-4b3d-b6ec-5118ccfc841b"},"id":"GM0396"},
{"type":"Feature","geometry":{"type":"Polygon","coordinates":[[[104053,483705],[103873,486219],[101965,486404],[101527,485712],[100675,482586],[102107,481867],[102471,482895],[104053,483705]]]},"properties":{"statcode":"GM0397","jrstatcode":"2024GM0397","statnaam":"Heemstede","rubriek":"gemeente","id":119,"FID":"gemeente_gegeneraliseerd.d42def9b-3c0f-45bc-bdb7-870d5acb334f"},"id":"GM0397"},
{"type":"Feature","geometry":{"type":"Polygon","coordinates":[[[110708,514658],[109572,515485],[109002,514974],[107789,515364],[107499,514701],[106574,511721],[108188,510378],[109653,510487],[111130,510345],[111444,511607],[110974,512008],[110709,513534],[111020,514044],[110708,514658]]]},"properties":{"statcode":"GM0399","jrstatcode":"2024GM0399","statnaam":"Heiloo","rubriek":"gemeente","id":120,"FID":"gemeente_gegeneraliseerd.976b300d-b275-465f-8d59-efed4c1b31fd"},"id":"GM0399"},
{"type":"Feature","geometry":{"type":"Polygon","coordinates":[[[115952,547448],[114936,550073],[115650,551944],[114139,552117],[113075,553333],[110897,553040],[109968,551366],[109350,544268],[113512,543675],[115157,547439],[115952,547448]]]},"properties":{"statcode":"GM0400","jrstatcode":"2024GM0400","statnaam":"Den Helder","rubriek":"gemeente","id":121,"FID":"gemeente_gegeneraliseerd.dac60ce9-9499-4015-9dd0-9d7d35da4e09"},"id":"GM0400"},
{"type":"Feature","geometry":{"type":"Polygon","coordinates":[[[137813,476705],[135720,477525],[135541,476915],[136705,476203],[137910,474020],[138120,473109],[138205,472274],[138232,470852],[137293,470510],[136913,470238],[136913,470115],[137637,469627],[137691,469608],[138091,468904],[138171,467255],[137006,465887],[141688,465539],[143263,468477],[143501,469350],[142172,472477],[141454,473308],[142482,475471],[142298,475585],[139611,474679],[137952,474750],[137956,474793],[138227,476390],[137813,476705]]]},"properties":{"statcode":"GM0402","jrstatcode":"2024GM0402","statnaam":"Hilversum","rubriek":"gemeente","id":122,"FID":"gemeente_gegeneraliseerd.1e88be2e-4dc4-454e-9f88-21f02067a098"},"id":"GM0402"},
{"type":"Feature","geometry":{"type":"Polygon","coordinates":[[[134859,521500],[134403,521884],[132296,520581],[131158,519958],[131308,517854],[130028,516815],[130064,515886],[131882,517181],[133396,516418],[134105,517154],[134793,517266],[135608,516397],[135695,517765],[136719,518090],[136114,519201],[135759,519739],[135311,520866],[135019,521317],[134859,521500]]]},"properties":{"statcode":"GM0405","jrstatcode":"2024GM0405","statnaam":"Hoorn","rubriek":"gemeente","id":123,"FID":"gemeente_gegeneraliseerd.6cce35b2-5b78-4b97-9751-03b894660961"},"id":"GM0405"},
{"type":"Feature","geometry":{"type":"Polygon","coordinates":[[[147749,478427],[147283,479581],[145539,480428],[144176,480378],[144247,479317],[143194,478961],[141708,478056],[142298,475585],[142482,475471],[142693,476024],[142972,476608],[144442,477041],[145039,477045],[145045,477046],[146154,477647],[147071,478110],[147305,478386],[147749,478427]]]},"properties":{"statcode":"GM0406","jrstatcode":"2024GM0406","statnaam":"Huizen","rubriek":"gemeente","id":124,"FID":"gemeente_gegeneraliseerd.1a6eb690-2614-4c20-9e35-3408e254f7b7"},"id":"GM0406"},
{"type":"Feature","geometry":{"type":"Polygon","coordinates":[[[124721,499836],[123312,500405],[123002,499974],[122462,499594],[121412,496376],[121637,494788],[121664,494218],[121738,494154],[121787,493553],[121774,493077],[123940,491630],[125109,492730],[125144,496160],[125187,499677],[124721,499836]]]},"properties":{"statcode":"GM0415","jrstatcode":"2024GM0415","statnaam":"Landsmeer","rubriek":"gemeente","id":125,"FID":"gemeente_gegeneraliseerd.b44ee874-1381-447f-b323-95617a7e2e37"},"id":"GM0415"},
{"type":"Feature","geometry":{"type":"Polygon","coordinates":[[[145227,474079],[143995,475588],[142482,475471],[141454,473308],[142172,472477],[143613,469778],[143899,470803],[145227,474079]]]},"properties":{"statcode":"GM0417","jrstatcode":"2024GM0417","statnaam":"Laren (NH.)","rubriek":"gemeente","id":126,"FID":"gemeente_gegeneraliseerd.0f649994-0875-4732-87d8-50b320d50e6b"},"id":"GM0417"},
{"type":"Feature","geometry":{"type":"Polygon","coordinates":[[[146236,525429],[146027,528856],[141879,529762],[141026,528245],[138681,528310],[137200,529850],[136811,531408],[135899,531943],[133572,531246],[131896,529588],[130607,529420],[128621,528970],[128924,527422],[129594,526236],[128042,525184],[127408,521438],[130247,519723],[131158,519958],[132296,520581],[134403,521884],[134859,521500],[135019,521317],[137284,522660],[141471,524469],[143711,525603],[146236,525429]]]},"properties":{"statcode":"GM0420","jrstatcode":"2024GM0420","statnaam":"Medemblik","rubriek":"gemeente","id":127,"FID":"gemeente_gegeneraliseerd.bc26411d-12f6-4489-917d-e5f137c80560"},"id":"GM0420"},
{"type":"Feature","geometry":{"type":"Polygon","coordinates":[[[121412,496376],[121604,499058],[121258,499141],[119351,497991],[118104,496267],[118674,495154],[118865,494628],[118983,494362],[119322,493684],[119326,493701],[119793,493687],[120042,493652],[120613,493216],[121023,493204],[121774,493074],[121774,493077],[121787,493553],[121738,494154],[121664,494218],[121637,494788],[121412,496376]]]},"properties":{"statcode":"GM0431","jrstatcode":"2024GM0431","statnaam":"Oostzaan","rubriek":"gemeente","id":128,"FID":"gemeente_gegeneraliseerd.2ff8e349-bf51-4b91-8612-846c7409bf3f"},"id":"GM0431"},
{"type":"Feature","geometry":{"type":"Polygon","coordinates":[[[128645,529486],[125103,529683],[121982,524493],[122055,523463],[122436,522218],[125389,520871],[127408,521438],[128042,525184],[129594,526236],[128924,527422],[128621,528970],[128645,529486]]]},"properties":{"statcode":"GM0432","jrstatcode":"2024GM0432","statnaam":"Opmeer","rubriek":"gemeente","id":129,"FID":"gemeente_gegeneraliseerd.817a0efd-4ba2-40a2-8bc7-ec5f0c981422"},"id":"GM0432"},
{"type":"Feature","geometry":{"type":"Polygon","coordinates":[[[125233,483406],[125226,483502],[124725,483276],[124638,483258],[124636,483161],[124281,483058],[122671,482614],[122713,482149],[122732,481951],[122489,481843],[122557,481766],[122756,481490],[122624,481250],[122148,481004],[122191,480771],[122305,480001],[121741,479335],[121845,478889],[121202,478640],[121141,478283],[120877,478090],[121060,477886],[120700,477472],[120494,476393],[120341,475572],[119692,474042],[119945,473757],[120552,474083],[121169,474030],[122481,473956],[123319,475101],[123750,475691],[123565,476148],[123554,476956],[124936,476868],[123835,479927],[123779,480083],[123774,480162],[123842,480234],[124180,480755],[124419,480887],[124373,481045],[124480,481335],[124524,481359],[124580,481390],[124373,481893],[124641,482117],[124836,482224],[124699,482470],[125108,482733],[125065,483099],[125233,483406]]]},"properties":{"statcode":"GM0437","jrstatcode":"2024GM0437","statnaam":"Ouder-Amstel","rubriek":"gemeente","id":130,"FID":"gemeente_gegeneraliseerd.cbfbd83b-01c7-4913-a9f4-9c82d9223d39"},"id":"GM0437"},
{"type":"Feature","geometry":{"type":"Polygon","coordinates":[[[125366,512059],[125649,514044],[123820,513338],[123040,513560],[121345,512010],[119847,509943],[119159,508113],[117462,505845],[118528,504288],[122576,503366],[123459,502738],[123312,500405],[124721,499836],[125187,499677],[125839,498252],[126923,498154],[128566,500852],[130397,503921],[129318,504515],[127808,503873],[125806,504693],[127141,506659],[127150,508250],[128471,509655],[127410,511121],[127020,510971],[126230,510516],[125719,510352],[125632,510482],[125643,511097],[125366,512059]]]},"properties":{"statcode":"GM0439","jrstatcode":"2024GM0439","statnaam":"Purmerend","rubriek":"gemeente","id":131,"FID":"gemeente_gegeneraliseerd.f52f076f-647b-4c02-90e3-9acc9a96da4b"},"id":"GM0439"},
{"type":"Feature","geometry":{"type":"Polygon","coordinates":[[[118547,526011],[118689,526615],[115840,531591],[117332,532148],[117736,535756],[116095,538939],[114269,540642],[112670,540350],[113512,543675],[109350,544268],[107338,536122],[104946,530180],[107895,527519],[109626,524950],[110246,523141],[110489,522867],[113333,524026],[113905,527289],[115659,525360],[118547,526011]]]},"properties":{"statcode":"GM0441","jrstatcode":"2024GM0441","statnaam":"Schagen","rubriek":"gemeente","id":132,"FID":"gemeente_gegeneraliseerd.8844dbb8-9456-4226-ae87-b7ee81ff7cdc"},"id":"GM0441"},
{"type":"Feature","geometry":{"type":"MultiPolygon","coordinates":[[[[107593,552798],[108362,554964],[106626,555372],[106333,553751],[107593,552798]]],[[[120986,574592],[119830,577500],[118476,577543],[115539,572846],[112871,568972],[110514,564735],[109468,559709],[109769,556919],[111311,555979],[114572,557368],[116912,560383],[118773,560924],[120533,563288],[120544,564345],[122160,565859],[122402,571026],[122912,572176],[121961,573991],[120986,574592]]]]},"properties":{"statcode":"GM0448","jrstatcode":"2024GM0448","statnaam":"Texel","rubriek":"gemeente","id":133,"FID":"gemeente_gegeneraliseerd.38323f8a-60cc-452f-b7a1-262ed6889905"},"id":"GM0448"},
{"type":"Feature","geometry":{"type":"Polygon","coordinates":[[[109665,507320],[108821,506735],[108012,506508],[108204,504843],[108075,504565],[107873,504072],[107845,502817],[107978,502440],[108429,502574],[108607,502513],[108968,502679],[108740,502280],[108704,501597],[109714,501014],[109740,501025],[111491,502238],[111785,502479],[111895,502789],[111622,503456],[111917,503918],[112675,503742],[112905,503646],[113466,503703],[113646,505296],[112411,505711],[112124,505530],[110783,506442],[109665,507320]]]},"properties":{"statcode":"GM0450","jrstatcode":"2024GM0450","statnaam":"Uitgeest","rubriek":"gemeente","id":134,"FID":"gemeente_gegeneraliseerd.c7ae2a85-ee4e-4b79-8650-8ac86e6e74a1"},"id":"GM0450"},
{"type":"Feature","geometry":{"type":"Polygon","coordinates":[[[118449,472797],[114591,474938],[114542,474835],[113740,474295],[113484,474118],[112782,473552],[113067,472730],[109661,470039],[109724,469594],[109996,469284],[110271,468965],[113436,471273],[114509,471127],[115440,471162],[115844,471165],[116838,471538],[118449,472797]]]},"properties":{"statcode":"GM0451","jrstatcode":"2024GM0451","statnaam":"Uithoorn","rubriek":"gemeente","id":135,"FID":"gemeente_gegeneraliseerd.b6f2adcb-5399-49d5-9f17-44796bbb803f"},"id":"GM0451"},
{"type":"Feature","geometry":{"type":"Polygon","coordinates":[[[106579,496656],[105141,499078],[100265,500483],[99091,498110],[101498,498795],[101828,498009],[98351,497328],[98758,494794],[100638,494372],[103055,492970],[103592,491806],[104912,493674],[107053,492014],[109761,494157],[106579,496656]]]},"properties":{"statcode":"GM0453","jrstatcode":"2024GM0453","statnaam":"Velsen","rubriek":"gemeente","id":136,"FID":"gemeente_gegeneraliseerd.005a0b2e-44db-48a9-8b27-b5723ae1aea7"},"id":"GM0453"},
{"type":"Feature","geometry":{"type":"Polygon","coordinates":[[[97729,481003],[100847,489616],[97433,490732],[94111,482626],[97729,481003]]]},"properties":{"statcode":"GM0473","jrstatcode":"2024GM0473","statnaam":"Zandvoort","rubriek":"gemeente","id":137,"FID":"gemeente_gegeneraliseerd.0381c48e-81b9-462c-b3d2-360d5cbcc077"},"id":"GM0473"},
{"type":"Feature","geometry":{"type":"Polygon","coordinates":[[[111917,503918],[111622,503456],[111895,502789],[111785,502479],[111491,502238],[109740,501025],[108863,500062],[108157,498367],[106579,496656],[109761,494157],[110930,493894],[118866,492227],[119000,493122],[119293,493548],[119326,493701],[119322,493684],[118983,494362],[118865,494628],[118674,495154],[118104,496267],[118667,498204],[117617,499270],[115040,500539],[114455,503674],[113955,503717],[113466,503703],[112905,503646],[112675,503742],[111917,503918]]]},"properties":{"statcode":"GM0479","jrstatcode":"2024GM0479","statnaam":"Zaanstad","rubriek":"gemeente","id":138,"FID":"gemeente_gegeneraliseerd.5bb022e7-5d1c-4a9d-808d-22ac678972aa"},"id":"GM0479"},
{"type":"Feature","geometry":{"type":"Polygon","coordinates":[[[106491,429114],[106370,430276],[107699,432576],[105229,432070],[103699,432670],[103346,432239],[102780,432792],[102742,432747],[102615,432732],[103213,431508],[105751,428026],[106491,429114]]]},"properties":{"statcode":"GM0482","jrstatcode":"2024GM0482","statnaam":"Alblasserdam","rubriek":"gemeente","id":139,"FID":"gemeente_gegeneraliseerd.bb1b6142-f62d-4e4a-9aa0-b11cac6d2c14"},"id":"GM0482"},
{"type":"Feature","geometry":{"type":"Polygon","coordinates":[[[110583,457784],[111581,459214],[111992,460958],[110843,464031],[108357,462883],[106700,464607],[99175,463084],[99095,462007],[97736,461462],[97515,460789],[96658,459477],[96734,455416],[96279,455040],[96484,454207],[98079,452874],[98615,452571],[101530,453313],[101516,454595],[103559,454182],[105131,453117],[106318,453263],[108957,454981],[108508,456372],[110583,457784]]]},"properties":{"statcode":"GM0484","jrstatcode":"2024GM0484","statnaam":"Alphen aan den Rijn","rubriek":"gemeente","id":140,"FID":"gemeente_gegeneraliseerd.8d3fd7b1-0c42-472c-9a39-c45dfc2977f8"},"id":"GM0484"},
{"type":"Feature","geometry":{"type":"Polygon","coordinates":[[[98038,430409],[97674,431218],[97610,431363],[97305,432053],[97222,432032],[96930,431815],[96836,431704],[96102,431483],[93512,431535],[92538,430808],[92892,429770],[92992,429276],[93147,428768],[93100,427805],[95600,427158],[97539,427140],[98764,429042],[98419,429599],[98038,430409]]]},"properties":{"statcode":"GM0489","jrstatcode":"2024GM0489","statnaam":"Barendrecht","rubriek":"gemeente","id":141,"FID":"gemeente_gegeneraliseerd.2b053cdc-6b40-4dc7-a7e0-931df094afb0"},"id":"GM0489"},
{"type":"Feature","geometry":{"type":"Polygon","coordinates":[[[145484,522018],[142935,521834],[141471,524469],[137284,522660],[135019,521317],[135311,520866],[135759,519739],[136114,519201],[136719,518090],[135695,517765],[135999,516044],[136980,516156],[137439,514737],[139568,515098],[140604,516189],[142227,516551],[142809,517469],[144754,518855],[145484,522018]]]},"properties":{"statcode":"GM0498","jrstatcode":"2024GM0498","statnaam":"Drechterland","rubriek":"gemeente","id":142,"FID":"gemeente_gegeneraliseerd.13f3baf6-aae3-4cf0-ad5a-dbba7d166b8f"},"id":"GM0498"},
{"type":"Feature","geometry":{"type":"Polygon","coordinates":[[[102202,438615],[99800,442188],[98249,441235],[98530,437811],[96549,437152],[96590,436658],[97382,435690],[99267,436539],[99431,436791],[99666,437228],[100726,437806],[101338,437755],[102076,438345],[102202,438615]]]},"properties":{"statcode":"GM0502","jrstatcode":"2024GM0502","statnaam":"Capelle aan den IJssel","rubriek":"gemeente","id":143,"FID":"gemeente_gegeneraliseerd.2db5e08a-7d0a-4f6c-9ec1-bb6da67c951d"},"id":"GM0502"},
{"type":"Feature","geometry":{"type":"Polygon","coordinates":[[[85858,449189],[84352,449225],[82145,447691],[83171,446554],[81981,445142],[82925,443383],[84261,443435],[84384,443262],[86225,443118],[87359,442446],[87704,442651],[86972,443860],[86249,446747],[86849,447454],[85858,449189]]]},"properties":{"statcode":"GM0503","jrstatcode":"2024GM0503","statnaam":"Delft","rubriek":"gemeente","id":144,"FID":"gemeente_gegeneraliseerd.77eaa14c-78c9-45d2-978b-8ceeeb711d49"},"id":"GM0503"},
{"type":"Feature","geometry":{"type":"Polygon","coordinates":[[[109665,426156],[105670,426047],[103602,424383],[102166,423852],[102535,422062],[102781,417275],[102237,415016],[103119,414557],[103148,414566],[103633,414716],[103646,414720],[103678,414730],[103722,414742],[105883,415372],[110081,418742],[111391,421628],[112665,422920],[114302,423624],[117667,423485],[120347,425437],[115300,425717],[112179,425455],[109665,426156]]]},"properties":{"statcode":"GM0505","jrstatcode":"2024GM0505","statnaam":"Dordrecht","rubriek":"gemeente","id":145,"FID":"gemeente_gegeneraliseerd.d1e23faf-b705-4aaa-8bdd-fa39875df161"},"id":"GM0505"},
{"type":"Feature","geometry":{"type":"Polygon","coordinates":[[[125916,430421],[124086,430659],[123972,428518],[123177,428062],[123901,426731],[126212,426199],[127460,425903],[128329,425884],[129200,425857],[130120,425644],[130215,426166],[130481,428115],[128959,428304],[128313,428494],[128242,428590],[125916,430421]]]},"properties":{"statcode":"GM0512","jrstatcode":"2024GM0512","statnaam":"Gorinchem","rubriek":"gemeente","id":146,"FID":"gemeente_gegeneraliseerd.e8050cbe-4352-46ac-bba7-a867fc9fdd12"},"id":"GM0512"},
{"type":"Feature","geometry":{"type":"Polygon","coordinates":[[[111324,447473],[110832,448447],[109199,448893],[108265,450418],[106503,449085],[105530,447424],[105031,446574],[107028,445550],[107588,445621],[109646,446084],[111743,446249],[111324,447473]]]},"properties":{"statcode":"GM0513","jrstatcode":"2024GM0513","statnaam":"Gouda","rubriek":"gemeente","id":147,"FID":"gemeente_gegeneraliseerd.47b3231a-1820-434f-87f4-53683725add4"},"id":"GM0513"},
{"type":"Feature","geometry":{"type":"Polygon","coordinates":[[[80736,460589],[77872,457787],[75357,454647],[73325,452598],[74390,450174],[76375,449910],[76830,449155],[78526,450318],[79472,448863],[80896,448306],[79790,450929],[82851,452893],[83315,453036],[84352,449225],[85858,449189],[85394,450775],[86909,452215],[88800,451925],[88731,453139],[87595,454853],[85950,454531],[83467,452894],[84261,453808],[82880,454603],[85482,456766],[84524,458002],[83502,457165],[80736,460589]]]},"properties":{"statcode":"GM0518","jrstatcode":"2024GM0518","statnaam":"'s-Gravenhage","rubriek":"gemeente","id":148,"FID":"gemeente_gegeneraliseerd.a8836164-22de-4970-93ae-d6507f3f32e2"},"id":"GM0518"},
{"type":"Feature","geometry":{"type":"Polygon","coordinates":[[[123137,428005],[120231,427287],[117830,427251],[117174,430384],[114771,428803],[114866,426087],[115300,425717],[120347,425437],[123275,426734],[123137,428005]]]},"properties":{"statcode":"GM0523","jrstatcode":"2024GM0523","statnaam":"Hardinxveld-Giessendam","rubriek":"gemeente","id":149,"FID":"gemeente_gegeneraliseerd.d2249513-4ede-47ed-983c-7a5503264df6"},"id":"GM0523"},
{"type":"Feature","geometry":{"type":"Polygon","coordinates":[[[105751,428026],[103213,431508],[103533,430705],[102561,429824],[101098,429157],[100758,428087],[102280,427172],[103301,426576],[105005,427250],[105585,426352],[105751,428026]]]},"properties":{"statcode":"GM0531","jrstatcode":"2024GM0531","statnaam":"Hendrik-Ido-Ambacht","rubriek":"gemeente","id":150,"FID":"gemeente_gegeneraliseerd.6885b82b-aa92-4f7c-b7b0-cc4419d7b460"},"id":"GM0531"},
{"type":"Feature","geometry":{"type":"Polygon","coordinates":[[[145484,522018],[146348,522172],[146236,525429],[143711,525603],[141471,524469],[142935,521834],[145484,522018]]]},"properties":{"statcode":"GM0532","jrstatcode":"2024GM0532","statnaam":"Stede Broec","rubriek":"gemeente","id":151,"FID":"gemeente_gegeneraliseerd.23b1f793-9942-4da8-9032-75ed6f319d32"},"id":"GM0532"},
{"type":"Feature","geometry":{"type":"Polygon","coordinates":[[[102117,480905],[101092,481378],[99215,481262],[98840,480467],[97368,477963],[99409,476226],[100475,477215],[102117,480905]]]},"properties":{"statcode":"GM0534","jrstatcode":"2024GM0534","statnaam":"Hillegom","rubriek":"gemeente","id":152,"FID":"gemeente_gegeneraliseerd.d4639f28-7193-4b4b-8078-c2c2847a7653"},"id":"GM0534"},
{"type":"Feature","geometry":{"type":"Polygon","coordinates":[[[91914,470165],[88871,470021],[87914,470636],[85743,467010],[88249,464373],[90214,463476],[90763,464181],[90613,466046],[91495,466553],[91850,468412],[91914,470165]]]},"properties":{"statcode":"GM0537","jrstatcode":"2024GM0537","statnaam":"Katwijk","rubriek":"gemeente","id":153,"FID":"gemeente_gegeneraliseerd.e87bd778-e6d5-463f-ae9c-d7619b8a4944"},"id":"GM0537"},
{"type":"Feature","geometry":{"type":"Polygon","coordinates":[[[102951,437265],[101338,437755],[100726,437806],[99666,437228],[99431,436791],[99267,436539],[97382,435690],[97738,435566],[99196,435258],[99590,435371],[100312,435399],[100351,435429],[100604,435546],[100608,435774],[100931,435681],[103252,435998],[102951,437265]]]},"properties":{"statcode":"GM0542","jrstatcode":"2024GM0542","statnaam":"Krimpen aan den IJssel","rubriek":"gemeente","id":154,"FID":"gemeente_gegeneraliseerd.34c5e0cc-164d-46fb-8695-8be0a6c03ca7"},"id":"GM0542"},
{"type":"Feature","geometry":{"type":"Polygon","coordinates":[[[95921,462486],[95308,463985],[95579,466354],[94158,466578],[91214,465180],[90763,464181],[90214,463476],[90370,462327],[90419,461844],[90609,461862],[90905,461962],[91492,462797],[91743,462710],[91911,462763],[92127,460904],[91817,460302],[92386,459364],[95170,461669],[95921,462486]]]},"properties":{"statcode":"GM0546","jrstatcode":"2024GM0546","statnaam":"Leiden","rubriek":"gemeente","id":155,"FID":"gemeente_gegeneraliseerd.24133548-a7d3-4473-beea-bce0ce6a579e"},"id":"GM0546"},
{"type":"Feature","geometry":{"type":"Polygon","coordinates":[[[95579,466354],[95308,463985],[95921,462486],[97736,461462],[99095,462007],[99175,463084],[97742,464202],[96929,466111],[95579,466354]]]},"properties":{"statcode":"GM0547","jrstatcode":"2024GM0547","statnaam":"Leiderdorp","rubriek":"gemeente","id":156,"FID":"gemeente_gegeneraliseerd.20d4bb63-eefa-4ef5-81de-570491f97284"},"id":"GM0547"},
{"type":"Feature","geometry":{"type":"Polygon","coordinates":[[[99409,476226],[97368,477963],[95343,474465],[96227,473594],[96108,472334],[98062,470785],[98692,472171],[99409,476226]]]},"properties":{"statcode":"GM0553","jrstatcode":"2024GM0553","statnaam":"Lisse","rubriek":"gemeente","id":157,"FID":"gemeente_gegeneraliseerd.c08132bf-355b-41f3-80e8-e9ed27df28c3"},"id":"GM0553"},
{"type":"Feature","geometry":{"type":"Polygon","coordinates":[[[75555,440017],[74711,439861],[74229,439015],[75833,437162],[77125,436348],[77952,435797],[79702,437540],[77429,438327],[75555,440017]]]},"properties":{"statcode":"GM0556","jrstatcode":"2024GM0556","statnaam":"Maassluis","rubriek":"gemeente","id":158,"FID":"gemeente_gegeneraliseerd.6cb52bd1-f095-4083-8cf0-28aac5cd66b2"},"id":"GM0556"},
{"type":"Feature","geometry":{"type":"Polygon","coordinates":[[[121129,463853],[118631,465780],[117851,465909],[115787,468348],[114806,470299],[114509,471127],[113436,471273],[110271,468965],[109996,469284],[109664,469412],[109388,468377],[108543,468750],[107254,467314],[106700,464607],[108357,462883],[110843,464031],[111992,460958],[111581,459214],[110583,457784],[111099,457891],[112109,458476],[113171,458818],[113381,459000],[114229,459305],[114244,459508],[115248,460116],[115326,460342],[115366,460527],[115700,461487],[117069,461980],[118581,461135],[119902,461306],[119854,463226],[121129,463853]]]},"properties":{"statcode":"GM0569","jrstatcode":"2024GM0569","statnaam":"Nieuwkoop","rubriek":"gemeente","id":159,"FID":"gemeente_gegeneraliseerd.1df96f87-eaf5-475a-b5fa-24e0b627f873"},"id":"GM0569"},
{"type":"Feature","geometry":{"type":"Polygon","coordinates":[[[98840,480467],[97729,481003],[94111,482626],[90839,475885],[87914,470636],[88871,470021],[91914,470165],[92063,471169],[95343,474465],[97368,477963],[98840,480467]]]},"properties":{"statcode":"GM0575","jrstatcode":"2024GM0575","statnaam":"Noordwijk","rubriek":"gemeente","id":160,"FID":"gemeente_gegeneraliseerd.f19213a0-48a0-4f3e-821e-3d66867a26cb"},"id":"GM0575"},
{"type":"Feature","geometry":{"type":"Polygon","coordinates":[[[94158,466578],[93767,468776],[91850,468412],[91495,466553],[90613,466046],[90763,464181],[91214,465180],[94158,466578]]]},"properties":{"statcode":"GM0579","jrstatcode":"2024GM0579","statnaam":"Oegstgeest","rubriek":"gemeente","id":161,"FID":"gemeente_gegeneraliseerd.170a8f97-b58c-4256-a48e-82cca40da8dd"},"id":"GM0579"},
{"type":"Feature","geometry":{"type":"Polygon","coordinates":[[[119411,452922],[116744,451425],[115382,448871],[114607,448377],[114923,447470],[117911,447896],[118604,446531],[115898,445863],[117083,444338],[120021,445922],[120969,446392],[122220,447072],[122927,446953],[122939,448682],[122355,450313],[119909,452711],[119411,452922]]]},"properties":{"statcode":"GM0589","jrstatcode":"2024GM0589","statnaam":"Oudewater","rubriek":"gemeente","id":162,"FID":"gemeente_gegeneraliseerd.245a1329-7958-4f17-b6c4-beaf738851ad"},"id":"GM0589"},
{"type":"Feature","geometry":{"type":"Polygon","coordinates":[[[110589,428243],[110207,428853],[108103,428273],[106491,429114],[105751,428026],[105585,426352],[105670,426047],[109665,426156],[110589,428243]]]},"properties":{"statcode":"GM0590","jrstatcode":"2024GM0590","statnaam":"Papendrecht","rubriek":"gemeente","id":163,"FID":"gemeente_gegeneraliseerd.074f68b5-aac8-4db6-9c8e-763772cc8ef5"},"id":"GM0590"},
{"type":"Feature","geometry":{"type":"Polygon","coordinates":[[[103533,430705],[103213,431508],[102615,432732],[102470,433084],[102133,433603],[102156,433723],[100472,434259],[99654,435051],[99196,435258],[99175,434852],[99140,434706],[98963,433947],[98654,432516],[97296,432072],[97305,432053],[97532,431539],[97604,431376],[97610,431363],[97674,431218],[98038,430409],[98419,429599],[98764,429042],[99743,428519],[100758,428087],[101098,429157],[102561,429824],[103533,430705]]]},"properties":{"statcode":"GM0597","jrstatcode":"2024GM0597","statnaam":"Ridderkerk","rubriek":"gemeente","id":164,"FID":"gemeente_gegeneraliseerd.ba459b4b-bd32-4786-811c-27e930f019bf"},"id":"GM0597"},
{"type":"Feature","geometry":{"type":"Polygon","coordinates":[[[74711,439861],[72870,441383],[72554,442725],[69820,444392],[68349,446671],[66374,444859],[62968,445954],[62575,445031],[60000,445420],[58617,445013],[57254,443008],[57136,441599],[58453,437555],[59118,437292],[63995,439024],[67014,439405],[70774,438285],[71427,437376],[72310,436727],[74667,434817],[75330,433360],[75956,432228],[77708,431287],[82563,431162],[83785,429448],[85844,428647],[86067,431344],[87958,431915],[89197,431683],[91493,430787],[92538,430808],[93512,431535],[96102,431483],[96836,431704],[96930,431815],[97222,432032],[97305,432053],[97296,432072],[98654,432516],[98963,433947],[99140,434706],[99175,434852],[99196,435258],[97738,435566],[97382,435690],[96590,436658],[96549,437152],[98530,437811],[98249,441235],[99800,442188],[100843,444691],[99483,444916],[98978,442920],[97315,443043],[94866,441917],[93416,442728],[91954,443942],[90360,442014],[89089,443552],[87704,442651],[87359,442446],[85731,442145],[86778,440244],[86676,440024],[86726,439972],[87701,439362],[88024,439404],[88243,439301],[88262,437328],[88015,436681],[87853,436204],[87728,435048],[85689,434859],[82994,434610],[81505,434548],[77952,435797],[77125,436348],[75833,437162],[74229,439015],[74711,439861]]]},"properties":{"statcode":"GM0599","jrstatcode":"2024GM0599","statnaam":"Rotterdam","rubriek":"gemeente","id":165,"FID":"gemeente_gegeneraliseerd.887789c2-7590-47ce-8ba7-ace061f775d5"},"id":"GM0599"},
{"type":"Feature","geometry":{"type":"Polygon","coordinates":[[[84352,449225],[83315,453036],[82851,452893],[79790,450929],[80896,448306],[81042,448024],[82145,447691],[84352,449225]]]},"properties":{"statcode":"GM0603","jrstatcode":"2024GM0603","statnaam":"Rijswijk (ZH.)","rubriek":"gemeente","id":166,"FID":"gemeente_gegeneraliseerd.80d5045c-59e9-4124-b055-87adb2b17ab1"},"id":"GM0603"},
{"type":"Feature","geometry":{"type":"Polygon","coordinates":[[[86778,440244],[85731,442145],[83744,440849],[84393,439425],[85034,435027],[85689,434859],[87728,435048],[87853,436204],[88015,436681],[88262,437328],[88243,439301],[88024,439404],[87701,439362],[86726,439972],[86676,440024],[86778,440244]]]},"properties":{"statcode":"GM0606","jrstatcode":"2024GM0606","statnaam":"Schiedam","rubriek":"gemeente","id":167,"FID":"gemeente_gegeneraliseerd.ddaf8aec-e8da-47e0-975f-16a907f20fa6"},"id":"GM0606"},
{"type":"Feature","geometry":{"type":"Polygon","coordinates":[[[114771,428803],[113186,428848],[110589,428243],[109665,426156],[112179,425455],[115300,425717],[114866,426087],[114771,428803]]]},"properties":{"statcode":"GM0610","jrstatcode":"2024GM0610","statnaam":"Sliedrecht","rubriek":"gemeente","id":168,"FID":"gemeente_gegeneraliseerd.98c9f18f-5fb1-418b-b181-3878b8da4dad"},"id":"GM0610"},
{"type":"Feature","geometry":{"type":"Polygon","coordinates":[[[87958,431915],[86067,431344],[85844,428647],[87947,428693],[89201,428038],[90407,427480],[93100,427805],[93147,428768],[92992,429276],[92892,429770],[92538,430808],[91493,430787],[89197,431683],[87958,431915]]]},"properties":{"statcode":"GM0613","jrstatcode":"2024GM0613","statnaam":"Albrandswaard","rubriek":"gemeente","id":169,"FID":"gemeente_gegeneraliseerd.dda915ba-8c0b-4197-a202-9e3fefa080a7"},"id":"GM0613"},
{"type":"Feature","geometry":{"type":"Polygon","coordinates":[[[85034,435027],[84393,439425],[83744,440849],[82759,440298],[79702,437540],[77952,435797],[81505,434548],[82994,434610],[85034,435027]]]},"properties":{"statcode":"GM0622","jrstatcode":"2024GM0622","statnaam":"Vlaardingen","rubriek":"gemeente","id":170,"FID":"gemeente_gegeneraliseerd.ea9839a8-b7a4-4692-a860-88a39a62b624"},"id":"GM0622"},
{"type":"Feature","geometry":{"type":"Polygon","coordinates":[[[91743,462710],[91492,462797],[90905,461962],[90609,461862],[90419,461844],[88650,460023],[88320,459713],[88197,458197],[88150,458121],[88341,458144],[88820,457856],[89273,457459],[90046,458390],[91225,459627],[91817,460302],[92127,460904],[91911,462763],[91743,462710]]]},"properties":{"statcode":"GM0626","jrstatcode":"2024GM0626","statnaam":"Voorschoten","rubriek":"gemeente","id":171,"FID":"gemeente_gegeneraliseerd.8221028b-1ffc-4c52-b2d2-62e061b94eec"},"id":"GM0626"},
{"type":"Feature","geometry":{"type":"Polygon","coordinates":[[[105131,453117],[103559,454182],[101516,454595],[101530,453313],[101500,451064],[100373,449939],[102658,447648],[104317,448282],[105530,447424],[106503,449085],[108265,450418],[106299,450866],[105131,453117]]]},"properties":{"statcode":"GM0627","jrstatcode":"2024GM0627","statnaam":"Waddinxveen","rubriek":"gemeente","id":172,"FID":"gemeente_gegeneraliseerd.36a1e9fc-dbdb-40d8-8258-4ba66315b6a5"},"id":"GM0627"},
{"type":"Feature","geometry":{"type":"Polygon","coordinates":[[[90214,463476],[88249,464373],[85743,467010],[82755,462948],[80736,460589],[83502,457165],[84524,458002],[85482,456766],[87457,458641],[88320,459713],[88650,460023],[90370,462327],[90214,463476]]]},"properties":{"statcode":"GM0629","jrstatcode":"2024GM0629","statnaam":"Wassenaar","rubriek":"gemeente","id":173,"FID":"gemeente_gegeneraliseerd.18a5c160-48de-4f88-bd99-46b9ef528e05"},"id":"GM0629"},
{"type":"Feature","geometry":{"type":"Polygon","coordinates":[[[122323,463853],[121129,463853],[119854,463226],[119902,461306],[118581,461135],[117069,461980],[115700,461487],[115366,460527],[115326,460342],[115248,460116],[114244,459508],[116507,457806],[116544,454189],[117506,453540],[119757,453509],[121706,453679],[124084,454717],[125458,453645],[128415,453164],[128806,455646],[126435,459440],[125819,460659],[124645,460018],[122323,463853]]]},"properties":{"statcode":"GM0632","jrstatcode":"2024GM0632","statnaam":"Woerden","rubriek":"gemeente","id":174,"FID":"gemeente_gegeneraliseerd.6aaa5469-3c5a-4e23-9a2c-52d3a6682627"},"id":"GM0632"},
{"type":"Feature","geometry":{"type":"Polygon","coordinates":[[[96279,455040],[94507,456483],[93664,456128],[91218,454913],[88731,453139],[88800,451925],[90751,451625],[91222,450440],[92520,449648],[94604,449754],[98079,452874],[96484,454207],[96279,455040]]]},"properties":{"statcode":"GM0637","jrstatcode":"2024GM0637","statnaam":"Zoetermeer","rubriek":"gemeente","id":175,"FID":"gemeente_gegeneraliseerd.03014791-be9f-46f8-a3c2-b4c09290b655"},"id":"GM0637"},
{"type":"Feature","geometry":{"type":"Polygon","coordinates":[[[96734,455416],[96658,459477],[97515,460789],[97736,461462],[95921,462486],[95170,461669],[92237,459228],[93664,456128],[94507,456483],[96734,455416]]]},"properties":{"statcode":"GM0638","jrstatcode":"2024GM0638","statnaam":"Zoeterwoude","rubriek":"gemeente","id":176,"FID":"gemeente_gegeneraliseerd.2ebae8df-9a64-4097-b846-fa79a1ec1f41"},"id":"GM0638"},
{"type":"Feature","geometry":{"type":"Polygon","coordinates":[[[105585,426352],[105005,427250],[103301,426576],[102280,427172],[99743,428519],[98764,429042],[97539,427140],[98620,425059],[102166,423852],[103602,424383],[105670,426047],[105585,426352]]]},"properties":{"statcode":"GM0642","jrstatcode":"2024GM0642","statnaam":"Zwijndrecht","rubriek":"gemeente","id":177,"FID":"gemeente_gegeneraliseerd.96b5f55f-3f2a-4480-9c1b-ff82015b7dd7"},"id":"GM0642"},
{"type":"Feature","geometry":{"type":"Polygon","coordinates":[[[52586,388821],[47673,389607],[45014,389576],[42533,391176],[40550,391401],[39378,391667],[38244,391729],[37768,390614],[37864,389587],[38061,389486],[38986,388056],[38598,385979],[37932,385903],[37464,385447],[38280,384188],[40046,381525],[41457,381901],[43824,380180],[45378,378562],[48580,379123],[49831,379777],[51544,379481],[53383,383838],[53396,385734],[53626,386538],[52207,387759],[52586,388821]]]},"properties":{"statcode":"GM0654","jrstatcode":"2024GM0654","statnaam":"Borsele","rubriek":"gemeente","id":178,"FID":"gemeente_gegeneraliseerd.029e770d-fc68-4426-8037-c216412218d7"},"id":"GM0654"},
{"type":"Feature","geometry":{"type":"Polygon","coordinates":[[[49413,395826],[48305,395639],[46472,396658],[44373,395890],[41697,396670],[40343,395878],[39870,394141],[41026,392780],[38642,392194],[38616,391833],[38244,391729],[39378,391667],[40550,391401],[42533,391176],[45014,389576],[47673,389607],[52586,388821],[53513,390221],[56282,391791],[56762,394230],[54604,393940],[53707,396041],[49535,395849],[49413,395826]]]},"properties":{"statcode":"GM0664","jrstatcode":"2024GM0664","statnaam":"Goes","rubriek":"gemeente","id":179,"FID":"gemeente_gegeneraliseerd.6c9154f1-5edd-4907-b0b6-608f847481c5"},"id":"GM0664"},
{"type":"Feature","geometry":{"type":"Polygon","coordinates":[[[164923,434036],[163387,433487],[160281,433390],[158978,432854],[157464,430875],[156931,429248],[155926,427674],[156909,425853],[158600,424566],[161000,425117],[161800,426761],[163000,426691],[164000,425638],[165600,425310],[166785,426561],[169530,426626],[170344,427544],[168633,427854],[168092,430687],[167480,432016],[168065,433786],[166253,433293],[164923,434036]]]},"properties":{"statcode":"GM0668","jrstatcode":"2024GM0668","statnaam":"West Maas en Waal","rubriek":"gemeente","id":180,"FID":"gemeente_gegeneraliseerd.27601992-1782-4d63-b54f-9ceaec8868ef"},"id":"GM0668"},
{"type":"Feature","geometry":{"type":"Polygon","coordinates":[[[58533,362305],[60694,362687],[62182,362409],[69830,367780],[74709,373839],[72789,376809],[70447,376723],[68085,375412],[66230,375378],[62099,376027],[59716,380004],[56697,380680],[55956,379880],[56224,378345],[55404,376045],[55661,372488],[55018,369763],[56787,368897],[56911,363141],[58533,362305]]]},"properties":{"statcode":"GM0677","jrstatcode":"2024GM0677","statnaam":"Hulst","rubriek":"gemeente","id":181,"FID":"gemeente_gegeneraliseerd.f7af864a-68c0-4ff2-b8e3-11b39bfe09ed"},"id":"GM0677"},
{"type":"Feature","geometry":{"type":"Polygon","coordinates":[[[56762,394230],[56282,391791],[53513,390221],[52586,388821],[52207,387759],[53626,386538],[53396,385734],[53408,385729],[53938,385392],[56893,386872],[58092,385622],[59103,386414],[59020,391558],[59668,393202],[56762,394230]]]},"properties":{"statcode":"GM0678","jrstatcode":"2024GM0678","statnaam":"Kapelle","rubriek":"gemeente","id":182,"FID":"gemeente_gegeneraliseerd.14f5e024-54a3-442c-9af3-d1b85423ae73"},"id":"GM0678"},
{"type":"Feature","geometry":{"type":"Polygon","coordinates":[[[34893,394002],[32175,394411],[31920,395516],[30511,395220],[29833,393841],[29468,390465],[29950,389345],[31453,388905],[32872,389440],[34646,388015],[35518,388161],[37506,389358],[38061,389486],[37864,389587],[37768,390614],[38244,391729],[38252,391860],[38616,391833],[38642,392194],[41026,392780],[39870,394141],[37740,393207],[36569,395333],[34893,394002]]]},"properties":{"statcode":"GM0687","jrstatcode":"2024GM0687","statnaam":"Middelburg (Z.)","rubriek":"gemeente","id":183,"FID":"gemeente_gegeneraliseerd.1fbc1b0e-e523-4637-94dc-b384ef51a83f"},"id":"GM0687"},
{"type":"Feature","geometry":{"type":"Polygon","coordinates":[[[73768,389389],[74059,383932],[71176,384570],[69207,383380],[67793,383227],[65049,384935],[62549,388962],[61650,391264],[59668,393202],[59020,391558],[59103,386414],[58092,385622],[62034,383156],[62802,381346],[65914,380045],[69366,379130],[72223,380421],[72855,379610],[74578,379053],[75348,376806],[77733,376905],[77116,377750],[76849,381415],[77707,382359],[77007,383998],[74653,389512],[73768,389389]]]},"properties":{"statcode":"GM0703","jrstatcode":"2024GM0703","statnaam":"Reimerswaal","rubriek":"gemeente","id":184,"FID":"gemeente_gegeneraliseerd.56aff2bf-0791-463c-aa09-f76d4460ba49"},"id":"GM0703"},
{"type":"Feature","geometry":{"type":"Polygon","coordinates":[[[55404,376045],[54343,376132],[51766,375273],[49690,374101],[49058,373008],[47328,372983],[46144,373590],[44903,373322],[43665,374591],[41511,374451],[37043,375065],[34643,374972],[33561,373953],[35034,371477],[36439,371643],[37614,370319],[37554,367765],[36854,366563],[41148,365720],[43890,364181],[43444,363048],[43485,359511],[45570,358931],[48259,359055],[50314,360366],[50105,357829],[55185,359468],[57156,361472],[58533,362305],[56911,363141],[56787,368897],[55018,369763],[55661,372488],[55404,376045]]]},"properties":{"statcode":"GM0715","jrstatcode":"2024GM0715","statnaam":"Terneuzen","rubriek":"gemeente","id":185,"FID":"gemeente_gegeneraliseerd.7f74608c-8a6d-40bb-8276-f5fd192fdf5b"},"id":"GM0715"},
{"type":"Feature","geometry":{"type":"Polygon","coordinates":[[[72347,406224],[69291,407534],[67328,407959],[65945,406785],[65844,405673],[67088,404741],[67666,403449],[69590,403350],[69373,402301],[66398,402300],[65944,403156],[64085,403552],[60534,401771],[58185,401343],[57735,400043],[59219,399438],[62196,396811],[64076,393714],[70106,393360],[70937,392487],[70952,391015],[73768,389389],[74653,389512],[73890,391299],[75164,396342],[74633,397836],[72199,401234],[72190,402952],[73800,404965],[75394,405646],[72414,406252],[72347,406224]]]},"properties":{"statcode":"GM0716","jrstatcode":"2024GM0716","statnaam":"Tholen","rubriek":"gemeente","id":186,"FID":"gemeente_gegeneraliseerd.be40a617-6eab-4c0c-a330-b800db112b4b"},"id":"GM0716"},
{"type":"Feature","geometry":{"type":"MultiPolygon","coordinates":[[[[33485,401517],[31066,402120],[27856,401677],[19813,396639],[19421,395087],[21237,392956],[23663,391110],[25713,387634],[29950,389345],[29468,390465],[29833,393841],[30511,395220],[31920,395516],[32175,394411],[34893,394002],[36569,395333],[35884,397108],[34122,398203],[33059,399879],[33568,401236],[33485,401517]]],[[[36945,402700],[37290,405025],[39164,406440],[39780,408151],[39553,408156],[38077,406915],[36962,405220],[36778,402630],[36945,402700]]]]},"properties":{"statcode":"GM0717","jrstatcode":"2024GM0717","statnaam":"Veere","rubriek":"gemeente","id":187,"FID":"gemeente_gegeneraliseerd.ab6b3f3d-e10c-4940-b68c-836a34f2a21d"},"id":"GM0717"},
{"type":"Feature","geometry":{"type":"MultiPolygon","coordinates":[[[[38280,384188],[37464,385447],[37932,385903],[36802,386735],[36183,385856],[38280,384188]]],[[[38216,388224],[37506,389358],[34646,388015],[32872,389440],[31453,388905],[29950,389345],[25713,387634],[29008,384893],[33540,385281],[34857,386737],[36790,387141],[38216,388224]]]]},"properties":{"statcode":"GM0718","jrstatcode":"2024GM0718","statnaam":"Vlissingen","rubriek":"gemeente","id":188,"FID":"gemeente_gegeneraliseerd.3729a78e-fcb6-415b-8081-e960da8d1014"},"id":"GM0718"},
{"type":"Feature","geometry":{"type":"Polygon","coordinates":[[[130070,477247],[130059,479450],[128409,477974],[127457,478119],[125521,476788],[124936,476868],[123554,476956],[123565,476148],[123750,475691],[123319,475101],[122481,473956],[121169,474030],[120552,474083],[119945,473757],[119692,474042],[118827,473429],[118449,472797],[116838,471538],[115844,471165],[115440,471162],[114806,470299],[115787,468348],[117851,465909],[118631,465780],[121129,463853],[122323,463853],[123625,464437],[125003,466497],[125170,467926],[126245,468077],[127206,471053],[129057,471583],[130070,477247]]]},"properties":{"statcode":"GM0736","jrstatcode":"2024GM0736","statnaam":"De Ronde Venen","rubriek":"gemeente","id":189,"FID":"gemeente_gegeneraliseerd.920238ae-70bd-4cd2-9a72-fe4dcba97a37"},"id":"GM0736"},
{"type":"Feature","geometry":{"type":"Polygon","coordinates":[[[197233,584000],[194943,582839],[192983,582534],[192067,585022],[190947,585222],[188022,587920],[186581,589214],[185116,587697],[184531,585761],[184705,584123],[186512,584183],[186075,582754],[187899,583074],[189120,580350],[186440,579816],[186163,578179],[186745,576196],[191028,575883],[191433,575068],[189889,573242],[190886,571706],[192239,570682],[196855,574379],[201328,574686],[203021,574137],[203635,576834],[201657,578845],[201700,581160],[197751,582808],[197233,584000]]]},"properties":{"statcode":"GM0737","jrstatcode":"2024GM0737","statnaam":"Tytsjerksteradiel","rubriek":"gemeente","id":190,"FID":"gemeente_gegeneraliseerd.8e44bd17-bc0e-4665-9c82-bc9f609834bd"},"id":"GM0737"},
{"type":"Feature","geometry":{"type":"Polygon","coordinates":[[[178018,383345],[176330,383394],[176962,380426],[179302,377859],[181709,371689],[186560,373172],[188657,373814],[187697,373945],[187508,376465],[185945,378997],[182875,380467],[180624,382861],[178018,383345]]]},"properties":{"statcode":"GM0743","jrstatcode":"2024GM0743","statnaam":"Asten","rubriek":"gemeente","id":191,"FID":"gemeente_gegeneraliseerd.1aae088c-b92a-48fb-8187-ecc66289b407"},"id":"GM0743"},
{"type":"Feature","geometry":{"type":"Polygon","coordinates":[[[128817,385531],[126502,385814],[124243,385395],[120550,387802],[117119,388107],[116702,385942],[115805,384544],[116144,381741],[113233,382773],[111843,382561],[112147,380823],[113403,380154],[116900,380746],[120140,380950],[123110,378644],[125510,381549],[128389,384013],[128817,385531]]]},"properties":{"statcode":"GM0744","jrstatcode":"2024GM0744","statnaam":"Baarle-Nassau","rubriek":"gemeente","id":192,"FID":"gemeente_gegeneraliseerd.8e2c5c52-dd24-4b69-9527-43a754b6573e"},"id":"GM0744"},
{"type":"Feature","geometry":{"type":"Polygon","coordinates":[[[80842,396350],[79481,397231],[76302,398582],[75164,396342],[73890,391299],[74653,389512],[77007,383998],[78240,383977],[80220,386230],[82524,386242],[84093,385790],[83753,387981],[84535,389239],[82956,391009],[83176,392209],[81631,393782],[80842,396350]]]},"properties":{"statcode":"GM0748","jrstatcode":"2024GM0748","statnaam":"Bergen op Zoom","rubriek":"gemeente","id":193,"FID":"gemeente_gegeneraliseerd.83e9ea04-bb7f-4eae-911e-3727a326d942"},"id":"GM0748"},
{"type":"Feature","geometry":{"type":"Polygon","coordinates":[[[156260,395488],[156181,395481],[154686,394973],[153472,395115],[153709,393612],[152382,392019],[152777,390016],[152826,389676],[154154,388890],[155197,388530],[155265,388502],[155979,388310],[156385,388337],[157139,388578],[158845,389434],[158715,389672],[159186,391453],[158204,392824],[157797,393632],[157542,393898],[157297,394400],[156723,394859],[156260,395488]]]},"properties":{"statcode":"GM0753","jrstatcode":"2024GM0753","statnaam":"Best","rubriek":"gemeente","id":194,"FID":"gemeente_gegeneraliseerd.65c9fb8b-3572-43d6-a6e4-ad3d29f9f688"},"id":"GM0753"},
{"type":"Feature","geometry":{"type":"Polygon","coordinates":[[[180157,403820],[174215,404495],[171576,403864],[172715,401956],[173309,399305],[176637,399513],[180736,400626],[180157,403820]]]},"properties":{"statcode":"GM0755","jrstatcode":"2024GM0755","statnaam":"Boekel","rubriek":"gemeente","id":195,"FID":"gemeente_gegeneraliseerd.2acd34c0-b49e-4ae9-aaf6-dd8a5d6f86ad"},"id":"GM0755"},
{"type":"Feature","geometry":{"type":"Polygon","coordinates":[[[150191,405089],[148333,403611],[147616,403715],[147561,403482],[147002,402668],[146800,402635],[147486,401772],[145300,399801],[145225,398960],[147098,395991],[149534,395227],[151250,395796],[152899,395084],[153472,395115],[154686,394973],[156181,395481],[155842,398140],[154538,401557],[152626,401311],[151951,403111],[150191,405089]]]},"properties":{"statcode":"GM0757","jrstatcode":"2024GM0757","statnaam":"Boxtel","rubriek":"gemeente","id":196,"FID":"gemeente_gegeneraliseerd.7a30a2d9-b1c4-4174-8e27-8c182ba3741b"},"id":"GM0757"},
{"type":"Feature","geometry":{"type":"Polygon","coordinates":[[[113485,405526],[112237,404698],[110101,406197],[107363,405695],[105006,405300],[104500,403762],[104890,401935],[106148,401347],[106919,397897],[106927,395327],[107613,395871],[110217,393766],[110216,390933],[109630,388704],[111454,390560],[110562,392026],[112174,393333],[114351,394286],[117034,396168],[118646,396611],[119149,398114],[118751,399037],[117258,399798],[117288,403264],[115610,404905],[113485,405526]]]},"properties":{"statcode":"GM0758","jrstatcode":"2024GM0758","statnaam":"Breda","rubriek":"gemeente","id":197,"FID":"gemeente_gegeneraliseerd.69c3c76a-c7d5-4576-bd90-350ee9231a10"},"id":"GM0758"},
{"type":"Feature","geometry":{"type":"Polygon","coordinates":[[[187311,390673],[181853,388917],[178235,388508],[179241,387044],[177942,386326],[178832,383974],[178018,383345],[180624,382861],[182875,380467],[185945,378997],[187508,376465],[187697,373945],[188657,373814],[192875,377429],[188908,384277],[188678,384670],[187884,389326],[187311,390673]]]},"properties":{"statcode":"GM0762","jrstatcode":"2024GM0762","statnaam":"Deurne","rubriek":"gemeente","id":198,"FID":"gemeente_gegeneraliseerd.0553a887-2854-4c2b-801e-ecc943cbd56a"},"id":"GM0762"},
{"type":"Feature","geometry":{"type":"Polygon","coordinates":[[[264974,571066],[262155,571115],[260669,570495],[260432,570400],[260391,568816],[258436,566219],[258059,564533],[258676,563637],[256982,562406],[258916,560304],[260267,559692],[263764,566430],[264125,566224],[265868,569616],[264974,571066]]]},"properties":{"statcode":"GM0765","jrstatcode":"2024GM0765","statnaam":"Pekela","rubriek":"gemeente","id":199,"FID":"gemeente_gegeneraliseerd.14e236f0-26fc-4d81-8523-5536c1c9fdb2"},"id":"GM0765"},
{"type":"Feature","geometry":{"type":"Polygon","coordinates":[[[127324,407385],[125290,407054],[125015,409196],[123596,409870],[123031,409458],[123554,406972],[121961,404619],[122079,403054],[124567,402568],[125465,402821],[126624,402325],[126956,402276],[128489,402181],[127464,406737],[127324,407385]]]},"properties":{"statcode":"GM0766","jrstatcode":"2024GM0766","statnaam":"Dongen","rubriek":"gemeente","id":200,"FID":"gemeente_gegeneraliseerd.a56b286d-dd23-4c41-838d-023f9e3cf541"},"id":"GM0766"},
{"type":"Feature","geometry":{"type":"Polygon","coordinates":[[[153766,386250],[151354,386313],[148805,385064],[145350,384069],[144603,382171],[147640,379544],[149440,379667],[149687,377953],[148194,377756],[147206,374842],[147946,371906],[146370,370011],[148375,369892],[150238,370626],[150596,371521],[152207,372026],[152114,374258],[155119,376365],[153851,378766],[152716,379960],[150579,379674],[150282,381633],[151706,381828],[152894,383234],[152881,384947],[153766,386250]]]},"properties":{"statcode":"GM0770","jrstatcode":"2024GM0770","statnaam":"Eersel","rubriek":"gemeente","id":201,"FID":"gemeente_gegeneraliseerd.dbef4204-e1b2-43cc-a784-f26c0a410120"},"id":"GM0770"},
{"type":"Feature","geometry":{"type":"Polygon","coordinates":[[[163626,389774],[160326,389775],[158845,389434],[157139,388578],[156385,388337],[155979,388310],[155265,388502],[155277,386966],[153766,386250],[152881,384947],[152894,383234],[155012,383189],[157721,382367],[157789,379279],[157971,379297],[158045,379278],[158351,379359],[159614,379574],[161256,379530],[161618,379505],[162839,379419],[163189,379007],[164645,379515],[164596,382096],[166097,382742],[164913,385523],[163466,386714],[163626,389774]]]},"properties":{"statcode":"GM0772","jrstatcode":"2024GM0772","statnaam":"Eindhoven","rubriek":"gemeente","id":202,"FID":"gemeente_gegeneraliseerd.d3a5a203-b567-4cc1-b5b2-c76362eb571f"},"id":"GM0772"},
{"type":"Feature","geometry":{"type":"Polygon","coordinates":[[[106927,395327],[106919,397897],[106148,401347],[104890,401935],[104500,403762],[105006,405300],[103540,405099],[102512,404182],[100576,404335],[101432,402412],[100227,400457],[100149,398568],[99875,397228],[100526,396932],[102123,396213],[102839,395089],[103056,393091],[104002,392805],[106014,394873],[106927,395327]]]},"properties":{"statcode":"GM0777","jrstatcode":"2024GM0777","statnaam":"Etten-Leur","rubriek":"gemeente","id":203,"FID":"gemeente_gegeneraliseerd.0989ea9e-22fa-4859-8f1b-48e1b165b093"},"id":"GM0777"},
{"type":"Feature","geometry":{"type":"Polygon","coordinates":[[[122577,414684],[119472,414709],[116968,413906],[116048,413766],[117318,410236],[119951,409612],[123031,409458],[123596,409870],[122577,414684]]]},"properties":{"statcode":"GM0779","jrstatcode":"2024GM0779","statnaam":"Geertruidenberg","rubriek":"gemeente","id":204,"FID":"gemeente_gegeneraliseerd.ebda7610-bed9-4fca-9f41-bfbe3ffc370d"},"id":"GM0779"},
{"type":"Feature","geometry":{"type":"Polygon","coordinates":[[[124567,402568],[122079,403054],[122199,401128],[118751,399037],[119149,398114],[118646,396611],[118731,396026],[116680,394550],[117190,393236],[118856,394473],[121946,391338],[125116,392275],[125532,393072],[126343,394622],[126435,394654],[124917,395819],[124762,396976],[126006,398125],[126325,400433],[126009,401546],[124567,402568]]]},"properties":{"statcode":"GM0784","jrstatcode":"2024GM0784","statnaam":"Gilze en Rijen","rubriek":"gemeente","id":205,"FID":"gemeente_gegeneraliseerd.b6555e56-90fc-44ab-b30c-c1880b5bf610"},"id":"GM0784"},
{"type":"Feature","geometry":{"type":"Polygon","coordinates":[[[128245,394350],[127280,394637],[126343,394622],[125532,393072],[126907,391754],[127126,390158],[127915,388906],[127525,388646],[128088,388011],[128678,387206],[129651,388145],[130823,387916],[131488,387038],[131689,388731],[132466,389363],[134243,391408],[135387,393911],[133258,394240],[131656,393495],[130248,393452],[129560,394506],[128245,394350]]]},"properties":{"statcode":"GM0785","jrstatcode":"2024GM0785","statnaam":"Goirle","rubriek":"gemeente","id":206,"FID":"gemeente_gegeneraliseerd.40828dc4-68a7-44cd-ab65-f05ebda5925b"},"id":"GM0785"},
{"type":"Feature","geometry":{"type":"Polygon","coordinates":[[[175615,391007],[173689,390956],[172196,389569],[170443,391158],[168160,390065],[168795,387826],[170147,386903],[168726,385734],[170359,384538],[173715,385310],[174810,385443],[176330,383394],[178018,383345],[178832,383974],[177942,386326],[179241,387044],[178235,388508],[177287,390361],[175615,391007]]]},"properties":{"statcode":"GM0794","jrstatcode":"2024GM0794","statnaam":"Helmond","rubriek":"gemeente","id":207,"FID":"gemeente_gegeneraliseerd.978bf00c-602e-4f8c-b93f-e782b586b544"},"id":"GM0794"},
{"type":"Feature","geometry":{"type":"Polygon","coordinates":[[[161013,415585],[160250,415240],[158889,418040],[158563,419595],[155249,419032],[154109,418292],[152674,418532],[148700,416448],[147822,416789],[145155,416198],[144219,416966],[142519,416989],[144212,415043],[144133,413547],[145402,411812],[143864,411262],[145335,410520],[148091,410390],[148885,408725],[150286,409065],[151657,408355],[152682,409141],[153549,412022],[157945,412524],[159818,410981],[162271,413043],[161013,415585]]]},"properties":{"statcode":"GM0796","jrstatcode":"2024GM0796","statnaam":"'s-Hertogenbosch","rubriek":"gemeente","id":208,"FID":"gemeente_gegeneraliseerd.3bbe4588-659c-4f3b-bd5c-e6d5f4904f65"},"id":"GM0796"},
{"type":"Feature","geometry":{"type":"Polygon","coordinates":[[[144133,413547],[144212,415043],[141761,416857],[139550,417134],[135269,415871],[133895,414889],[135752,413401],[135358,412674],[135479,411288],[135240,409821],[135542,405271],[139277,405657],[138894,407369],[139753,408939],[142380,409017],[143658,409455],[143864,411262],[145402,411812],[144133,413547]]]},"properties":{"statcode":"GM0797","jrstatcode":"2024GM0797","statnaam":"Heusden","rubriek":"gemeente","id":209,"FID":"gemeente_gegeneraliseerd.935f9071-56f5-4b9c-b60d-7a22653c71b3"},"id":"GM0797"},
{"type":"Feature","geometry":{"type":"Polygon","coordinates":[[[140883,391101],[139936,391370],[138188,392528],[137166,393511],[136950,393740],[136382,395251],[136012,394856],[135756,394527],[135387,393911],[134243,391408],[131689,388731],[131488,387038],[131553,386949],[133556,386977],[135346,382509],[135167,382240],[141357,382363],[141357,382364],[142668,386298],[143413,387105],[143976,389976],[145272,389993],[145562,391189],[143702,392029],[143027,391427],[140883,391101]]]},"properties":{"statcode":"GM0798","jrstatcode":"2024GM0798","statnaam":"Hilvarenbeek","rubriek":"gemeente","id":210,"FID":"gemeente_gegeneraliseerd.d4014299-7e36-4965-9415-80924169aae8"},"id":"GM0798"},
{"type":"Feature","geometry":{"type":"Polygon","coordinates":[[[135542,405271],[135240,409821],[132409,409196],[131612,408144],[127682,409791],[127324,407385],[127464,406737],[128489,402181],[131089,401973],[132458,402324],[133171,402207],[134673,402526],[135542,405271]]]},"properties":{"statcode":"GM0809","jrstatcode":"2024GM0809","statnaam":"Loon op Zand","rubriek":"gemeente","id":211,"FID":"gemeente_gegeneraliseerd.8b58f4ca-47c9-4c79-81ef-223a54703b1e"},"id":"GM0809"},
{"type":"Feature","geometry":{"type":"Polygon","coordinates":[[[168160,390065],[166833,391165],[166117,394319],[164970,392905],[166042,391533],[163626,389774],[163466,386714],[164913,385523],[166097,382742],[167443,383614],[168726,385734],[170147,386903],[168795,387826],[168160,390065]]]},"properties":{"statcode":"GM0820","jrstatcode":"2024GM0820","statnaam":"Nuenen, Gerwen en Nederwetten","rubriek":"gemeente","id":212,"FID":"gemeente_gegeneraliseerd.45e01153-564a-4d26-9082-0958f5f9a772"},"id":"GM0820"},
{"type":"Feature","geometry":{"type":"Polygon","coordinates":[[[152899,395084],[151250,395796],[149534,395227],[147098,395991],[144424,393568],[143702,392029],[145562,391189],[145272,389993],[143976,389976],[143413,387105],[142668,386298],[141357,382364],[142447,382859],[144603,382171],[145350,384069],[148805,385064],[151354,386313],[153766,386250],[155277,386966],[155265,388502],[155197,388530],[154154,388890],[152826,389676],[152777,390016],[152382,392019],[153709,393612],[152899,395084]]]},"properties":{"statcode":"GM0823","jrstatcode":"2024GM0823","statnaam":"Oirschot","rubriek":"gemeente","id":213,"FID":"gemeente_gegeneraliseerd.a3dedba3-f4d9-4031-be12-391e666ec878"},"id":"GM0823"},
{"type":"Feature","geometry":{"type":"Polygon","coordinates":[[[146800,402635],[145234,403764],[144593,403262],[143830,403022],[142174,402527],[141265,401650],[139970,400393],[138611,399046],[138361,398681],[137710,396712],[137934,395648],[138371,395344],[137532,393875],[137166,393511],[138188,392528],[138483,392741],[138701,392480],[139472,391845],[139936,391370],[140883,391101],[143027,391427],[144424,393568],[147098,395991],[145225,398960],[145300,399801],[147486,401772],[146800,402635]]]},"properties":{"statcode":"GM0824","jrstatcode":"2024GM0824","statnaam":"Oisterwijk","rubriek":"gemeente","id":214,"FID":"gemeente_gegeneraliseerd.8c446898-eb04-46b0-afde-7f79df3572bd"},"id":"GM0824"},
{"type":"Feature","geometry":{"type":"Polygon","coordinates":[[[123031,409458],[119951,409612],[117318,410236],[113065,408516],[113960,406045],[113485,405526],[115610,404905],[117288,403264],[117258,399798],[118751,399037],[122199,401128],[122079,403054],[121961,404619],[123554,406972],[123031,409458]]]},"properties":{"statcode":"GM0826","jrstatcode":"2024GM0826","statnaam":"Oosterhout","rubriek":"gemeente","id":215,"FID":"gemeente_gegeneraliseerd.129d776e-dfb3-4d82-967f-71522b2392e6"},"id":"GM0826"},
{"type":"Feature","geometry":{"type":"Polygon","coordinates":[[[169530,426626],[166785,426561],[165600,425310],[164000,425638],[163000,426691],[161800,426761],[161000,425117],[158600,424566],[156909,425853],[156000,425809],[153747,422352],[153117,419100],[152674,418532],[154109,418292],[155249,419032],[158563,419595],[158889,418040],[160250,415240],[161013,415585],[163324,416574],[165134,416886],[166949,415973],[168380,415876],[168065,417370],[173054,419541],[175965,418981],[177363,420757],[176148,422165],[173645,423300],[172100,425688],[169530,426626]]]},"properties":{"statcode":"GM0828","jrstatcode":"2024GM0828","statnaam":"Oss","rubriek":"gemeente","id":216,"FID":"gemeente_gegeneraliseerd.e50a379b-defd-4e8a-9316-497d9ab2a0fa"},"id":"GM0828"},
{"type":"Feature","geometry":{"type":"Polygon","coordinates":[[[99842,397199],[95786,395937],[96025,397770],[94145,398102],[93490,396995],[93376,395467],[95063,395198],[94416,392462],[93571,392342],[92441,387975],[96025,388494],[96707,387475],[97274,388839],[99623,390048],[98935,391611],[101099,391323],[103056,393091],[102839,395089],[102123,396213],[100526,396932],[99842,397199]]]},"properties":{"statcode":"GM0840","jrstatcode":"2024GM0840","statnaam":"Rucphen","rubriek":"gemeente","id":217,"FID":"gemeente_gegeneraliseerd.88dc880a-1444-4c34-87fc-e35db5c0f577"},"id":"GM0840"},
{"type":"Feature","geometry":{"type":"Polygon","coordinates":[[[159818,410981],[157945,412524],[153549,412022],[152682,409141],[151657,408355],[150286,409065],[149242,408529],[150290,406796],[150191,405089],[151951,403111],[152626,401311],[154538,401557],[155530,401884],[154155,404982],[154473,406146],[157504,407218],[159002,408387],[159818,410981]]]},"properties":{"statcode":"GM0845","jrstatcode":"2024GM0845","statnaam":"Sint-Michielsgestel","rubriek":"gemeente","id":218,"FID":"gemeente_gegeneraliseerd.52eadfbb-aa18-48c5-a8c0-a5bb4a49f4b5"},"id":"GM0845"},
{"type":"Feature","geometry":{"type":"Polygon","coordinates":[[[181709,371689],[179302,377859],[176962,380426],[176330,383394],[174810,385443],[173715,385310],[172860,383560],[172515,381512],[172521,377809],[173634,373886],[174864,369576],[181709,371689]]]},"properties":{"statcode":"GM0847","jrstatcode":"2024GM0847","statnaam":"Someren","rubriek":"gemeente","id":219,"FID":"gemeente_gegeneraliseerd.14095798-1ea2-4c83-b2d7-fcfad6b956f3"},"id":"GM0847"},
{"type":"Feature","geometry":{"type":"Polygon","coordinates":[[[164970,392905],[162836,392493],[161933,394769],[157542,393898],[157797,393632],[158204,392824],[159186,391453],[158715,389672],[158845,389434],[160326,389775],[163626,389774],[166042,391533],[164970,392905]]]},"properties":{"statcode":"GM0848","jrstatcode":"2024GM0848","statnaam":"Son en Breugel","rubriek":"gemeente","id":220,"FID":"gemeente_gegeneraliseerd.6ade2a6c-f857-4b08-a0cb-69a7bfade81f"},"id":"GM0848"},
{"type":"Feature","geometry":{"type":"Polygon","coordinates":[[[85049,407497],[80961,406926],[75394,405646],[73800,404965],[72190,402952],[72199,401234],[74633,397836],[75164,396342],[76302,398582],[79481,397231],[80842,396350],[85001,395523],[89390,397042],[89608,398219],[88860,399753],[88470,402979],[89250,403567],[88380,404952],[87284,405329],[85049,407497]]]},"properties":{"statcode":"GM0851","jrstatcode":"2024GM0851","statnaam":"Steenbergen","rubriek":"gemeente","id":221,"FID":"gemeente_gegeneraliseerd.e3d506eb-58bd-416b-bab8-cbde96942daf"},"id":"GM0851"},
{"type":"Feature","geometry":{"type":"Polygon","coordinates":[[[128566,500852],[126923,498154],[125839,498252],[125187,499677],[125144,496160],[125351,492914],[127482,493295],[132002,491977],[133302,492130],[133757,493482],[134920,494439],[135055,494844],[135131,495671],[137751,496926],[135668,497701],[134976,496029],[134995,494744],[134581,494402],[133978,494353],[132031,494673],[131975,496425],[133287,498333],[132715,500411],[130432,499774],[130370,499751],[128566,500852]]]},"properties":{"statcode":"GM0852","jrstatcode":"2024GM0852","statnaam":"Waterland","rubriek":"gemeente","id":222,"FID":"gemeente_gegeneraliseerd.ca5e739f-a2dc-40b4-84b1-3f8129677d21"},"id":"GM0852"},
{"type":"Feature","geometry":{"type":"Polygon","coordinates":[[[142776,402983],[141475,405644],[139277,405657],[135542,405271],[134673,402526],[133171,402207],[132458,402324],[131089,401973],[128489,402181],[126956,402276],[126624,402325],[125465,402821],[124567,402568],[126009,401546],[126325,400433],[126006,398125],[124762,396976],[124917,395819],[126435,394654],[127280,394637],[128245,394350],[129560,394506],[130248,393452],[131656,393495],[133258,394240],[135756,394527],[136012,394856],[136382,395251],[137166,393511],[137532,393875],[138371,395344],[137934,395648],[137710,396712],[138361,398681],[138611,399046],[139970,400393],[141265,401650],[142174,402527],[142776,402983]]]},"properties":{"statcode":"GM0855","jrstatcode":"2024GM0855","statnaam":"Tilburg","rubriek":"gemeente","id":223,"FID":"gemeente_gegeneraliseerd.dfe932ce-8379-44e1-80e0-1f46fd066d39"},"id":"GM0855"},
{"type":"Feature","geometry":{"type":"Polygon","coordinates":[[[163996,376581],[162288,376102],[160143,375590],[159041,375442],[158623,375230],[158357,375439],[158069,375644],[157915,375671],[157776,375847],[157597,376099],[157507,376188],[157264,374451],[157585,371281],[155506,368859],[155042,366216],[157109,363663],[158808,365869],[160416,366144],[161811,367863],[162263,369446],[161021,371643],[162582,373038],[162449,374037],[164748,375315],[163996,376581]]]},"properties":{"statcode":"GM0858","jrstatcode":"2024GM0858","statnaam":"Valkenswaard","rubriek":"gemeente","id":224,"FID":"gemeente_gegeneraliseerd.31113088-2c74-411e-a7e8-ce7d4f5c8d4b"},"id":"GM0858"},
{"type":"Feature","geometry":{"type":"Polygon","coordinates":[[[157789,379279],[157721,382367],[155012,383189],[152894,383234],[151706,381828],[150282,381633],[150579,379674],[152716,379960],[153851,378766],[155119,376365],[157409,377138],[157398,377256],[157335,377459],[157241,377562],[157167,377770],[157161,377843],[157130,377892],[157394,378191],[157551,378945],[157789,379279]]]},"properties":{"statcode":"GM0861","jrstatcode":"2024GM0861","statnaam":"Veldhoven","rubriek":"gemeente","id":225,"FID":"gemeente_gegeneraliseerd.317342b0-36b6-41e2-9e15-04f4f6547dc6"},"id":"GM0861"},
{"type":"Feature","geometry":{"type":"Polygon","coordinates":[[[150286,409065],[148885,408725],[148091,410390],[145335,410520],[143864,411262],[143658,409455],[142380,409017],[139753,408939],[138894,407369],[139277,405657],[141475,405644],[142776,402983],[143830,403022],[144593,403262],[145234,403764],[147002,402668],[147561,403482],[147616,403715],[148333,403611],[150191,405089],[150290,406796],[149242,408529],[150286,409065]]]},"properties":{"statcode":"GM0865","jrstatcode":"2024GM0865","statnaam":"Vught","rubriek":"gemeente","id":226,"FID":"gemeente_gegeneraliseerd.d912caa6-286b-4e25-87a0-ed17bce498c1"},"id":"GM0865"},
{"type":"Feature","geometry":{"type":"Polygon","coordinates":[[[161256,379530],[159614,379574],[158351,379359],[158045,379278],[157971,379297],[157551,378945],[157394,378191],[157130,377892],[157161,377843],[157167,377770],[157241,377562],[157335,377459],[157398,377256],[157409,377138],[157670,376675],[157551,376492],[157507,376188],[157597,376099],[157776,375847],[157915,375671],[158069,375644],[158357,375439],[158623,375230],[159041,375442],[160143,375590],[162288,376102],[163996,376581],[163189,379007],[162839,379419],[161618,379505],[161256,379530]]]},"properties":{"statcode":"GM0866","jrstatcode":"2024GM0866","statnaam":"Waalre","rubriek":"gemeente","id":227,"FID":"gemeente_gegeneraliseerd.c7e1b836-163c-41b9-945c-6c13ea45eee2"},"id":"GM0866"},
{"type":"Feature","geometry":{"type":"Polygon","coordinates":[[[133895,414889],[131946,413727],[128893,413853],[125377,414964],[122577,414684],[123596,409870],[125015,409196],[125290,407054],[127324,407385],[127682,409791],[131612,408144],[132409,409196],[135240,409821],[135479,411288],[135358,412674],[135752,413401],[133895,414889]]]},"properties":{"statcode":"GM0867","jrstatcode":"2024GM0867","statnaam":"Waalwijk","rubriek":"gemeente","id":228,"FID":"gemeente_gegeneraliseerd.419c163b-b0fe-4441-95fb-1599f7b21e7b"},"id":"GM0867"},
{"type":"Feature","geometry":{"type":"Polygon","coordinates":[[[84093,385790],[82524,386242],[80220,386230],[78240,383977],[77007,383998],[77707,382359],[76849,381415],[77116,377750],[77733,376905],[81710,377025],[82154,374784],[85158,374385],[87772,375560],[88472,376643],[85732,380365],[85198,381808],[86010,382446],[85761,385184],[84093,385790]]]},"properties":{"statcode":"GM0873","jrstatcode":"2024GM0873","statnaam":"Woensdrecht","rubriek":"gemeente","id":229,"FID":"gemeente_gegeneraliseerd.05e56962-666a-4b75-9c28-9b5252c6bd5e"},"id":"GM0873"},
{"type":"Feature","geometry":{"type":"Polygon","coordinates":[[[109630,388704],[110216,390933],[110217,393766],[107613,395871],[106927,395327],[106014,394873],[104002,392805],[103056,393091],[101099,391323],[98935,391611],[99623,390048],[97274,388839],[96707,387475],[95407,384843],[95755,381891],[98502,382953],[102344,382140],[105098,382162],[104904,384152],[106753,384968],[107529,386489],[108425,386859],[109630,388704]]]},"properties":{"statcode":"GM0879","jrstatcode":"2024GM0879","statnaam":"Zundert","rubriek":"gemeente","id":230,"FID":"gemeente_gegeneraliseerd.bfe74587-5af0-4696-b44a-fc751e849e45"},"id":"GM0879"},
{"type":"Feature","geometry":{"type":"Polygon","coordinates":[[[123312,500405],[123459,502738],[122576,503366],[118528,504288],[117462,505845],[114455,503674],[115040,500539],[117617,499270],[118667,498204],[119351,497991],[121258,499141],[121604,499058],[123002,499974],[123312,500405]]]},"properties":{"statcode":"GM0880","jrstatcode":"2024GM0880","statnaam":"Wormerland","rubriek":"gemeente","id":231,"FID":"gemeente_gegeneraliseerd.33d4120d-c08b-4411-b599-0fb46ce5fade"},"id":"GM0880"},
{"type":"Feature","geometry":{"type":"Polygon","coordinates":[[[203719,324231],[203865,325987],[199358,327410],[198908,326487],[198957,326469],[197453,324221],[197879,322705],[199345,320264],[200329,320397],[201128,323611],[203719,324231]]]},"properties":{"statcode":"GM0882","jrstatcode":"2024GM0882","statnaam":"Landgraaf","rubriek":"gemeente","id":232,"FID":"gemeente_gegeneraliseerd.d1743e7b-8c06-4756-b82b-4aca207b5657"},"id":"GM0882"},
{"type":"Feature","geometry":{"type":"Polygon","coordinates":[[[186813,329041],[184886,329546],[183174,328843],[182087,326605],[182253,324686],[184152,325013],[186953,325665],[187984,328283],[186813,329041]]]},"properties":{"statcode":"GM0888","jrstatcode":"2024GM0888","statnaam":"Beek (L.)","rubriek":"gemeente","id":233,"FID":"gemeente_gegeneraliseerd.cbebc1e3-89c5-4ff5-afd6-53446473be9c"},"id":"GM0888"},
{"type":"Feature","geometry":{"type":"Polygon","coordinates":[[[206463,365621],[206127,366459],[203648,367808],[201194,366630],[199735,364501],[198440,364234],[198186,363445],[200466,362065],[201365,362788],[202865,361693],[203764,362265],[206463,365621]]]},"properties":{"statcode":"GM0889","jrstatcode":"2024GM0889","statnaam":"Beesel","rubriek":"gemeente","id":234,"FID":"gemeente_gegeneraliseerd.3fecfc4a-545d-42cc-8a84-4d283060c68c"},"id":"GM0889"},
{"type":"Feature","geometry":{"type":"Polygon","coordinates":[[[212355,391304],[211398,393469],[209787,394695],[208376,397797],[206524,399393],[205882,400683],[203784,402120],[204985,406696],[205492,407776],[203511,408127],[199595,409905],[198462,408346],[195797,406270],[198820,403863],[199282,400936],[200227,399391],[200111,398032],[200833,396821],[202620,395811],[203105,395560],[205404,395292],[205825,393907],[207325,392551],[209294,390743],[212355,391304]]]},"properties":{"statcode":"GM0893","jrstatcode":"2024GM0893","statnaam":"Bergen (L.)","rubriek":"gemeente","id":235,"FID":"gemeente_gegeneraliseerd.6e167ca0-a7b2-46cc-8e0d-62476a3ea79d"},"id":"GM0893"},
{"type":"Feature","geometry":{"type":"Polygon","coordinates":[[[198482,329943],[195620,330297],[193572,328657],[193048,327572],[194000,326521],[194908,327278],[196343,326742],[198908,326487],[199358,327410],[199246,329405],[198482,329943]]]},"properties":{"statcode":"GM0899","jrstatcode":"2024GM0899","statnaam":"Brunssum","rubriek":"gemeente","id":236,"FID":"gemeente_gegeneraliseerd.0cd7d567-6789-4870-976d-cd15b7155599"},"id":"GM0899"},
{"type":"Feature","geometry":{"type":"Polygon","coordinates":[[[199595,409905],[199156,413520],[200453,414446],[196926,416796],[194230,416753],[194092,417854],[193063,417131],[191782,414460],[194273,413528],[194937,409800],[194876,407769],[195797,406270],[198462,408346],[199595,409905]]]},"properties":{"statcode":"GM0907","jrstatcode":"2024GM0907","statnaam":"Gennep","rubriek":"gemeente","id":237,"FID":"gemeente_gegeneraliseerd.e2c100fc-3b09-4f08-8f7e-e48708a58965"},"id":"GM0907"},
{"type":"Feature","geometry":{"type":"Polygon","coordinates":[[[196343,326742],[194908,327278],[194000,326521],[193048,327572],[190744,325723],[192219,324597],[192719,323987],[193821,322429],[194797,321052],[194897,320899],[195946,319175],[195991,319081],[197756,317060],[198548,316373],[198528,316190],[198462,315912],[198983,315844],[199380,315284],[199351,315131],[199415,314837],[199738,314670],[199858,314476],[199428,317298],[199008,317552],[198724,319030],[199345,320264],[197879,322705],[197453,324221],[198957,326469],[196343,326742]]]},"properties":{"statcode":"GM0917","jrstatcode":"2024GM0917","statnaam":"Heerlen","rubriek":"gemeente","id":238,"FID":"gemeente_gegeneraliseerd.6d568df0-826d-48f5-b11f-ed460b252d8b"},"id":"GM0917"},
{"type":"Feature","geometry":{"type":"Polygon","coordinates":[[[199428,317298],[200571,318061],[203384,317638],[204338,320527],[203407,322802],[203719,324231],[201128,323611],[200329,320397],[199345,320264],[198724,319030],[199008,317552],[199428,317298]]]},"properties":{"statcode":"GM0928","jrstatcode":"2024GM0928","statnaam":"Kerkrade","rubriek":"gemeente","id":239,"FID":"gemeente_gegeneraliseerd.d9f8ad48-38fb-4e57-821f-8b7aa88734ff"},"id":"GM0928"},
{"type":"Feature","geometry":{"type":"Polygon","coordinates":[[[181433,319701],[179344,320642],[178046,324351],[175781,322124],[173088,320203],[172750,317419],[173954,314971],[176612,313441],[180107,314667],[180298,316448],[181065,318451],[181433,319701]]]},"properties":{"statcode":"GM0935","jrstatcode":"2024GM0935","statnaam":"Maastricht","rubriek":"gemeente","id":240,"FID":"gemeente_gegeneraliseerd.7a91e426-e9f4-4f2f-8f38-fc2f0a4c507d"},"id":"GM0935"},
{"type":"Feature","geometry":{"type":"Polygon","coordinates":[[[182087,326605],[180406,327414],[180218,328250],[178046,324351],[179344,320642],[181433,319701],[182479,321622],[184039,321847],[184152,325013],[182253,324686],[182087,326605]]]},"properties":{"statcode":"GM0938","jrstatcode":"2024GM0938","statnaam":"Meerssen","rubriek":"gemeente","id":241,"FID":"gemeente_gegeneraliseerd.2d9e784d-b938-4fde-8acf-84910dca830c"},"id":"GM0938"},
{"type":"Feature","geometry":{"type":"Polygon","coordinates":[[[193063,417131],[191454,418336],[189934,421142],[188175,420871],[187952,418885],[189000,418027],[189419,415627],[191782,414460],[193063,417131]]]},"properties":{"statcode":"GM0944","jrstatcode":"2024GM0944","statnaam":"Mook en Middelaar","rubriek":"gemeente","id":242,"FID":"gemeente_gegeneraliseerd.b0fb836b-ef29-4d45-9220-bcd0184e563a"},"id":"GM0944"},
{"type":"Feature","geometry":{"type":"Polygon","coordinates":[[[183254,360988],[187556,361787],[186166,365166],[187328,367020],[188016,369167],[189204,369818],[187411,370265],[186000,372186],[186560,373172],[181709,371689],[174864,369576],[172913,366841],[173822,365638],[175048,365345],[177442,366080],[178890,365821],[179909,364059],[182591,362078],[183254,360988]]]},"properties":{"statcode":"GM0946","jrstatcode":"2024GM0946","statnaam":"Nederweert","rubriek":"gemeente","id":243,"FID":"gemeente_gegeneraliseerd.3d0392b7-272b-4f63-896c-f5799efed799"},"id":"GM0946"},
{"type":"Feature","geometry":{"type":"Polygon","coordinates":[[[202865,361693],[201365,362788],[200466,362065],[198186,363445],[198236,361382],[197938,360691],[196412,359498],[195806,358361],[194428,357015],[192636,355149],[192647,354330],[193846,352478],[194754,352332],[196704,354259],[197715,353371],[200674,352548],[202309,353117],[201711,355207],[202961,355048],[202561,359242],[203819,359489],[202865,361693]]]},"properties":{"statcode":"GM0957","jrstatcode":"2024GM0957","statnaam":"Roermond","rubriek":"gemeente","id":244,"FID":"gemeente_gegeneraliseerd.a2a7005c-25cd-486c-84ec-37405e8737ff"},"id":"GM0957"},
{"type":"Feature","geometry":{"type":"Polygon","coordinates":[[[197756,317060],[195991,319081],[195431,318405],[194988,318159],[194979,317498],[195039,316327],[196033,314272],[197033,313487],[198463,312580],[199858,314476],[199738,314670],[199415,314837],[199351,315131],[199380,315284],[198983,315844],[198462,315912],[198528,316190],[198548,316373],[197756,317060]]]},"properties":{"statcode":"GM0965","jrstatcode":"2024GM0965","statnaam":"Simpelveld","rubriek":"gemeente","id":245,"FID":"gemeente_gegeneraliseerd.9d2814ff-38cb-4ea9-86b1-0a737e1dbe22"},"id":"GM0965"},
{"type":"Feature","geometry":{"type":"Polygon","coordinates":[[[183174,328843],[182735,332979],[183219,334694],[182208,335018],[182100,336669],[181599,334295],[178390,330356],[179930,330156],[181065,329071],[180218,328250],[180406,327414],[182087,326605],[183174,328843]]]},"properties":{"statcode":"GM0971","jrstatcode":"2024GM0971","statnaam":"Stein (L.)","rubriek":"gemeente","id":246,"FID":"gemeente_gegeneraliseerd.46996755-c7f1-4e14-ad71-88d597d02609"},"id":"GM0971"},
{"type":"Feature","geometry":{"type":"Polygon","coordinates":[[[193710,307592],[195346,308204],[196421,307419],[199728,307342],[200194,309520],[198371,310655],[196557,312776],[194123,311323],[194230,309385],[192627,308959],[193710,307592]]]},"properties":{"statcode":"GM0981","jrstatcode":"2024GM0981","statnaam":"Vaals","rubriek":"gemeente","id":247,"FID":"gemeente_gegeneraliseerd.6175f007-03c0-4e9d-a458-919ed33f8f85"},"id":"GM0981"},
{"type":"Feature","geometry":{"type":"Polygon","coordinates":[[[212355,391304],[209294,390743],[209170,388817],[209914,387495],[209820,386118],[208508,384265],[208534,381393],[207039,381043],[205706,381602],[203029,381455],[202737,378733],[203927,378006],[203066,376783],[203990,376047],[204624,374457],[206284,372942],[205760,370559],[203648,367808],[206127,366459],[206463,365621],[208837,369884],[209484,371823],[210931,372556],[213448,374907],[212578,378157],[211928,379249],[213105,387657],[212334,389466],[212355,391304]]]},"properties":{"statcode":"GM0983","jrstatcode":"2024GM0983","statnaam":"Venlo","rubriek":"gemeente","id":248,"FID":"gemeente_gegeneraliseerd.35672a31-4a8e-47fa-ba65-a487355af8b1"},"id":"GM0983"},
{"type":"Feature","geometry":{"type":"Polygon","coordinates":[[[198754,397344],[198287,397709],[197838,398059],[197697,398060],[196883,397634],[194195,396599],[191028,396026],[189968,396928],[186273,397594],[187311,390673],[187884,389326],[188678,384670],[188908,384277],[196329,387096],[197010,387447],[199288,388044],[200013,388345],[201672,389037],[202312,388984],[202677,389796],[202143,391213],[202019,392115],[203578,392964],[204538,392878],[204964,392780],[205495,391979],[206343,391969],[207325,392551],[205825,393907],[205404,395292],[203105,395560],[202620,395811],[200716,396728],[199835,396476],[198754,397344]]]},"properties":{"statcode":"GM0984","jrstatcode":"2024GM0984","statnaam":"Venray","rubriek":"gemeente","id":249,"FID":"gemeente_gegeneraliseerd.a87a5efc-8c60-464b-8c33-d25772bc47a1"},"id":"GM0984"},
{"type":"Feature","geometry":{"type":"Polygon","coordinates":[[[193821,322429],[192719,323987],[192518,323836],[192285,323968],[191190,323018],[190408,322191],[189737,321532],[188470,321263],[188473,321214],[188656,320781],[189086,319119],[188929,318651],[189300,318716],[189466,318471],[190271,317587],[190528,317123],[191347,317446],[192254,317799],[193208,316853],[194979,317498],[194988,318159],[195431,318405],[195946,319175],[194897,320899],[194797,321052],[193821,322429]]]},"properties":{"statcode":"GM0986","jrstatcode":"2024GM0986","statnaam":"Voerendaal","rubriek":"gemeente","id":250,"FID":"gemeente_gegeneraliseerd.f4206d1f-721e-40d1-87ae-2108737c5614"},"id":"GM0986"},
{"type":"Feature","geometry":{"type":"Polygon","coordinates":[[[183254,360988],[182591,362078],[179909,364059],[178890,365821],[177442,366080],[175048,365345],[173822,365638],[172913,366841],[171662,364949],[171176,360033],[167495,359075],[173121,356759],[173937,355071],[177431,354786],[180059,355627],[180474,358311],[182566,359048],[183254,360988]]]},"properties":{"statcode":"GM0988","jrstatcode":"2024GM0988","statnaam":"Weert","rubriek":"gemeente","id":251,"FID":"gemeente_gegeneraliseerd.422c14a0-9f33-45b8-a402-7aa5684c97c4"},"id":"GM0988"},
{"type":"Feature","geometry":{"type":"Polygon","coordinates":[[[188388,321511],[186574,321399],[184039,321847],[182479,321622],[181433,319701],[181065,318451],[184120,317695],[185575,316636],[185748,315703],[188271,316088],[190271,317587],[189466,318471],[189300,318716],[188929,318651],[189086,319119],[188656,320781],[188473,321214],[188470,321263],[188388,321511]]]},"properties":{"statcode":"GM0994","jrstatcode":"2024GM0994","statnaam":"Valkenburg aan de Geul","rubriek":"gemeente","id":252,"FID":"gemeente_gegeneraliseerd.48d1861a-54e7-4ced-a78e-35b88b6b060b"},"id":"GM0994"},
{"type":"Feature","geometry":{"type":"Polygon","coordinates":[[[167581,512082],[166622,511646],[162698,507616],[159662,506969],[159096,505287],[157771,505606],[158569,507545],[160515,509119],[159691,511788],[155835,517989],[153242,520775],[152731,521144],[149249,522689],[148254,522643],[148217,522501],[149475,522499],[153183,520748],[155796,517928],[159625,511779],[160396,509356],[158997,508165],[158478,507479],[157712,505591],[157601,504669],[158623,503350],[158216,502613],[155516,500340],[154369,499909],[146242,494190],[147423,492840],[152521,490264],[157718,494086],[158495,494985],[160971,492473],[164906,488531],[167983,491366],[168337,491522],[168735,491504],[167202,494246],[168542,495567],[167110,498075],[169854,499667],[168863,501382],[168575,508447],[167581,512082]]]},"properties":{"statcode":"GM0995","jrstatcode":"2024GM0995","statnaam":"Lelystad","rubriek":"gemeente","id":253,"FID":"gemeente_gegeneraliseerd.a319d67a-5012-4cc9-9c94-7e8bd8e5b35d"},"id":"GM0995"},
{"type":"Feature","geometry":{"type":"Polygon","coordinates":[[[203578,392964],[202019,392115],[202143,391213],[202677,389796],[202312,388984],[201672,389037],[200013,388345],[199288,388044],[197010,387447],[196329,387096],[188908,384277],[192875,377429],[194733,376697],[196956,376734],[198967,377200],[202737,378733],[203029,381455],[205706,381602],[207039,381043],[208534,381393],[208508,384265],[209820,386118],[209914,387495],[209170,388817],[209294,390743],[207325,392551],[206343,391969],[205495,391979],[204964,392780],[204538,392878],[203578,392964]]]},"properties":{"statcode":"GM1507","jrstatcode":"2024GM1507","statnaam":"Horst aan de Maas","rubriek":"gemeente","id":254,"FID":"gemeente_gegeneraliseerd.7ef8450b-aee9-48a0-931d-c234a9b5d13a"},"id":"GM1507"},
{"type":"Feature","geometry":{"type":"Polygon","coordinates":[[[233348,442571],[229244,443865],[227860,442897],[225697,443190],[223270,439113],[221975,437614],[219929,437943],[218164,439328],[217075,437831],[218915,436436],[218570,435018],[220036,432231],[217799,431424],[218321,429345],[221003,429589],[222278,427847],[225332,427103],[224960,428782],[225306,430026],[223939,430846],[224137,432078],[226729,431239],[228277,431280],[229209,430185],[230535,432840],[229671,435986],[230785,436601],[231837,440317],[232686,440555],[233348,442571]]]},"properties":{"statcode":"GM1509","jrstatcode":"2024GM1509","statnaam":"Oude IJsselstreek","rubriek":"gemeente","id":255,"FID":"gemeente_gegeneraliseerd.efd722f1-ec32-4274-baaf-ca9ce8074c9f"},"id":"GM1509"},
{"type":"Feature","geometry":{"type":"Polygon","coordinates":[[[98062,470785],[96108,472334],[96227,473594],[95343,474465],[92063,471169],[91914,470165],[91850,468412],[93767,468776],[94158,466578],[95579,466354],[96929,466111],[97543,468206],[98425,468366],[98366,470403],[98062,470785]]]},"properties":{"statcode":"GM1525","jrstatcode":"2024GM1525","statnaam":"Teylingen","rubriek":"gemeente","id":256,"FID":"gemeente_gegeneraliseerd.9825a4a3-9f8f-4b2a-8262-5c14ea2a35d3"},"id":"GM1525"},
{"type":"Feature","geometry":{"type":"Polygon","coordinates":[[[151233,455101],[150421,453562],[148417,455348],[145414,452270],[145451,451020],[146492,448455],[147634,446934],[148410,446669],[150021,448742],[152055,447983],[154618,445974],[156928,445369],[155839,444395],[154397,444187],[155259,442479],[158792,444174],[161214,443901],[161323,444649],[162349,445174],[163500,447570],[163607,447803],[164753,450218],[163865,451058],[163628,451875],[162590,452085],[161734,451997],[160395,451390],[159013,450773],[158289,451064],[157926,451618],[157847,452116],[157978,452306],[158377,452591],[158446,453749],[158166,453780],[155914,452939],[155846,453436],[156361,453811],[156117,454156],[155501,454076],[151233,455101]]]},"properties":{"statcode":"GM1581","jrstatcode":"2024GM1581","statnaam":"Utrechtse Heuvelrug","rubriek":"gemeente","id":257,"FID":"gemeente_gegeneraliseerd.16bbd873-e3b3-45d3-98c3-ea80f596f2e7"},"id":"GM1581"},
{"type":"Feature","geometry":{"type":"Polygon","coordinates":[[[244235,451471],[242425,452244],[242209,453514],[238593,453689],[237945,451190],[236271,449847],[234058,449169],[232530,451058],[229992,449966],[228784,448696],[229772,444976],[229244,443865],[233348,442571],[235537,443533],[240317,442825],[241026,442310],[242148,443776],[242089,448006],[243965,449668],[244235,450969],[244235,451471]]]},"properties":{"statcode":"GM1586","jrstatcode":"2024GM1586","statnaam":"Oost Gelre","rubriek":"gemeente","id":258,"FID":"gemeente_gegeneraliseerd.5ec0a8f5-d27c-4741-a852-b7ac14aea864"},"id":"GM1586"},
{"type":"Feature","geometry":{"type":"Polygon","coordinates":[[[127408,521438],[125389,520871],[122436,522218],[122055,523463],[120453,522223],[119507,518520],[120217,516450],[121203,515657],[120917,514074],[123493,513873],[123820,513338],[125649,514044],[125366,512059],[129096,512292],[129226,513732],[130106,513943],[130064,515886],[130028,516815],[131308,517854],[131158,519958],[130247,519723],[127408,521438]]]},"properties":{"statcode":"GM1598","jrstatcode":"2024GM1598","statnaam":"Koggenland","rubriek":"gemeente","id":259,"FID":"gemeente_gegeneraliseerd.065434c9-2072-42fa-a984-a2566763cee0"},"id":"GM1598"},
{"type":"Feature","geometry":{"type":"Polygon","coordinates":[[[98615,452571],[98079,452874],[94604,449754],[92520,449648],[91571,448833],[91452,448798],[91132,446695],[90691,445692],[89089,443552],[90360,442014],[91954,443942],[93416,442728],[94866,441917],[97315,443043],[97246,445126],[97851,446725],[98615,452571]]]},"properties":{"statcode":"GM1621","jrstatcode":"2024GM1621","statnaam":"Lansingerland","rubriek":"gemeente","id":260,"FID":"gemeente_gegeneraliseerd.408acee3-7258-488c-ab64-66130a1a3bba"},"id":"GM1621"},
{"type":"Feature","geometry":{"type":"Polygon","coordinates":[[[198440,364234],[198335,365543],[194578,368044],[191281,369461],[189204,369818],[188016,369167],[187328,367020],[186166,365166],[187556,361787],[183254,360988],[182566,359048],[180474,358311],[180059,355627],[182238,354413],[181743,353364],[182442,352289],[185721,353136],[185756,353554],[189012,355839],[188625,356297],[189688,358338],[191407,357697],[194104,357261],[194428,357015],[195806,358361],[196412,359498],[197938,360691],[198236,361382],[198186,363445],[198440,364234]]]},"properties":{"statcode":"GM1640","jrstatcode":"2024GM1640","statnaam":"Leudal","rubriek":"gemeente","id":261,"FID":"gemeente_gegeneraliseerd.c4d2af3e-dece-43ac-be68-41b432b72516"},"id":"GM1640"},
{"type":"Feature","geometry":{"type":"Polygon","coordinates":[[[191407,357697],[189688,358338],[188625,356297],[189012,355839],[185756,353554],[185721,353136],[186425,351678],[187779,350686],[186704,349138],[185560,348899],[184593,347744],[186262,345654],[187487,346733],[188952,349627],[191866,349435],[194754,352332],[193846,352478],[192647,354330],[192636,355149],[194428,357015],[194104,357261],[191407,357697]]]},"properties":{"statcode":"GM1641","jrstatcode":"2024GM1641","statnaam":"Maasgouw","rubriek":"gemeente","id":262,"FID":"gemeente_gegeneraliseerd.84ca97ad-32ee-4d68-b649-f5867f022d9e"},"id":"GM1641"},
{"type":"Feature","geometry":{"type":"Polygon","coordinates":[[[186273,397594],[185022,397838],[183654,398937],[182678,401110],[180736,400626],[176637,399513],[173309,399305],[173392,397894],[175615,391007],[177287,390361],[178235,388508],[181853,388917],[187311,390673],[186273,397594]]]},"properties":{"statcode":"GM1652","jrstatcode":"2024GM1652","statnaam":"Gemert-Bakel","rubriek":"gemeente","id":263,"FID":"gemeente_gegeneraliseerd.35bbf0ad-74ad-4517-928e-3de6db5aa97c"},"id":"GM1652"},
{"type":"Feature","geometry":{"type":"Polygon","coordinates":[[[100576,404335],[97756,404765],[94868,402464],[93694,402579],[92204,403818],[90876,403241],[89250,403567],[88470,402979],[88860,399753],[89608,398219],[90536,397357],[93490,396995],[94145,398102],[96025,397770],[95786,395937],[99842,397199],[99875,397228],[100149,398568],[100227,400457],[101432,402412],[100576,404335]]]},"properties":{"statcode":"GM1655","jrstatcode":"2024GM1655","statnaam":"Halderberge","rubriek":"gemeente","id":264,"FID":"gemeente_gegeneraliseerd.65da9250-4185-44b4-8164-b440630bd181"},"id":"GM1655"},
{"type":"Feature","geometry":{"type":"Polygon","coordinates":[[[173634,373886],[172521,377809],[172515,381512],[169710,381044],[167319,379541],[164645,379515],[163189,379007],[163996,376581],[164748,375315],[162449,374037],[162582,373038],[161021,371643],[162263,369446],[161811,367863],[163968,367333],[167598,370220],[170201,371419],[172013,370951],[172607,373088],[173634,373886]]]},"properties":{"statcode":"GM1658","jrstatcode":"2024GM1658","statnaam":"Heeze-Leende","rubriek":"gemeente","id":265,"FID":"gemeente_gegeneraliseerd.cb91c269-651a-4bd2-8ba2-183ac166259a"},"id":"GM1658"},
{"type":"Feature","geometry":{"type":"Polygon","coordinates":[[[175615,391007],[173392,397894],[171270,396061],[168670,397106],[165117,396549],[166117,394319],[166833,391165],[168160,390065],[170443,391158],[172196,389569],[173689,390956],[175615,391007]]]},"properties":{"statcode":"GM1659","jrstatcode":"2024GM1659","statnaam":"Laarbeek","rubriek":"gemeente","id":266,"FID":"gemeente_gegeneraliseerd.db515c23-6d5b-45a0-8178-49ed672597e3"},"id":"GM1659"},
{"type":"Feature","geometry":{"type":"Polygon","coordinates":[[[141357,382363],[135167,382240],[133005,378307],[136151,374693],[137200,373093],[137372,369613],[139342,369030],[141969,370396],[141530,372908],[141480,376583],[142037,377895],[141607,378996],[141357,382363]]]},"properties":{"statcode":"GM1667","jrstatcode":"2024GM1667","statnaam":"Reusel-De Mierden","rubriek":"gemeente","id":267,"FID":"gemeente_gegeneraliseerd.f3c7b2f3-78ef-46b7-ae51-e7b21a7ee9ae"},"id":"GM1667"},
{"type":"Feature","geometry":{"type":"Polygon","coordinates":[[[200482,345425],[202278,347702],[203952,348697],[204313,349730],[206697,350866],[209308,351315],[210141,352410],[207562,354038],[210478,355517],[209381,356402],[206407,354912],[205735,354189],[203605,353809],[202961,355048],[201711,355207],[202309,353117],[200674,352548],[197715,353371],[196704,354259],[194754,352332],[191866,349435],[192782,347280],[195959,347407],[196841,348077],[199451,347289],[200482,345425]]]},"properties":{"statcode":"GM1669","jrstatcode":"2024GM1669","statnaam":"Roerdalen","rubriek":"gemeente","id":268,"FID":"gemeente_gegeneraliseerd.13a82971-4468-401c-a892-ab09b7eedfb3"},"id":"GM1669"},
{"type":"Feature","geometry":{"type":"Polygon","coordinates":[[[93490,396995],[90536,397357],[89608,398219],[89390,397042],[85001,395523],[80842,396350],[81631,393782],[83176,392209],[82956,391009],[84535,389239],[83753,387981],[84093,385790],[85761,385184],[89355,387045],[92441,387975],[93571,392342],[94416,392462],[95063,395198],[93376,395467],[93490,396995]]]},"properties":{"statcode":"GM1674","jrstatcode":"2024GM1674","statnaam":"Roosendaal","rubriek":"gemeente","id":269,"FID":"gemeente_gegeneraliseerd.d57bf380-d349-4158-898a-82323fd5f6e3"},"id":"GM1674"},
{"type":"Feature","geometry":{"type":"Polygon","coordinates":[[[48350,419755],[48128,419974],[46302,418044],[45299,418424],[42881,418345],[39142,417099],[37644,415938],[36955,414537],[37586,411292],[39823,409584],[39553,408156],[39780,408151],[39989,410171],[42061,410886],[43999,412018],[44811,413083],[46484,413080],[46936,411686],[49200,411049],[50516,409779],[51419,407104],[51373,405948],[53015,405519],[49919,402003],[49931,401998],[53028,405515],[54817,406055],[56712,403788],[59408,404086],[62409,405559],[63879,405672],[65677,407315],[66580,410217],[69428,410680],[70079,409683],[69536,408099],[72347,406224],[72414,406252],[71630,407885],[70717,407993],[69949,411130],[69821,411235],[66602,410645],[65379,409494],[62132,411507],[60106,411773],[59600,413610],[57931,415270],[57333,416965],[53223,416877],[51432,418347],[48825,417653],[47157,417838],[48350,419755]]]},"properties":{"statcode":"GM1676","jrstatcode":"2024GM1676","statnaam":"Schouwen-Duiveland","rubriek":"gemeente","id":270,"FID":"gemeente_gegeneraliseerd.e1092d6a-2d71-44f8-a12c-699189c9cf4f"},"id":"GM1676"},
{"type":"Feature","geometry":{"type":"Polygon","coordinates":[[[250623,565849],[248063,568447],[246196,566905],[242933,565057],[241095,565007],[239239,562968],[239629,560675],[238464,560629],[237476,558612],[236203,554642],[235220,554046],[233930,551710],[235615,548712],[237571,548616],[238301,548016],[241076,547691],[241640,547208],[242474,543915],[244378,543155],[245822,544354],[245141,548249],[245085,552802],[249169,553777],[250766,554611],[253774,555915],[258967,557381],[253864,562563],[250623,565849]]]},"properties":{"statcode":"GM1680","jrstatcode":"2024GM1680","statnaam":"Aa en Hunze","rubriek":"gemeente","id":271,"FID":"gemeente_gegeneraliseerd.671df859-a908-45dd-953b-7fc6f5f93302"},"id":"GM1680"},
{"type":"Feature","geometry":{"type":"Polygon","coordinates":[[[265276,549247],[264511,549873],[258967,557381],[253774,555915],[250766,554611],[249169,553777],[245085,552802],[245141,548249],[245822,544354],[246577,543435],[247853,541190],[252052,537914],[253627,536263],[254888,537920],[260271,541318],[261214,543136],[264095,544097],[264580,544106],[266161,547990],[265276,549247]]]},"properties":{"statcode":"GM1681","jrstatcode":"2024GM1681","statnaam":"Borger-Odoorn","rubriek":"gemeente","id":272,"FID":"gemeente_gegeneraliseerd.10a8ca98-7c20-4bb8-a82a-0ed31f447cc4"},"id":"GM1681"},
{"type":"Feature","geometry":{"type":"Polygon","coordinates":[[[226492,533703],[222938,532713],[221838,533560],[220693,533326],[219306,535059],[217201,534625],[216121,532736],[216439,531362],[213381,530459],[212013,528595],[211021,526013],[211080,524294],[213241,524883],[214953,524677],[215803,523896],[215488,522268],[214413,520420],[216584,520267],[218267,520741],[218640,519439],[221119,517741],[222519,514322],[225864,515945],[227216,514579],[228315,515823],[231622,514660],[231250,518239],[232285,519169],[232314,520295],[232333,521170],[230235,521257],[229222,522432],[229283,523477],[226761,523457],[226906,524927],[223934,524864],[224959,528907],[224044,531330],[226456,532612],[226492,533703]]]},"properties":{"statcode":"GM1690","jrstatcode":"2024GM1690","statnaam":"De Wolden","rubriek":"gemeente","id":273,"FID":"gemeente_gegeneraliseerd.15f65d19-a9cb-4de9-970b-193fdffc99dd"},"id":"GM1690"},
{"type":"Feature","geometry":{"type":"Polygon","coordinates":[[[49919,402003],[47465,403015],[45000,403029],[43262,402158],[41211,402176],[39112,401663],[36945,402700],[36778,402630],[33485,401517],[33568,401236],[34915,399247],[37198,397722],[38970,395389],[42181,397496],[45324,396642],[47213,397522],[49413,395826],[49535,395849],[49969,397346],[51660,397838],[51375,399206],[49931,401998],[49919,402003]]]},"properties":{"statcode":"GM1695","jrstatcode":"2024GM1695","statnaam":"Noord-Beveland","rubriek":"gemeente","id":274,"FID":"gemeente_gegeneraliseerd.4bf88520-fa0b-4d5e-83b4-7bef584bccaf"},"id":"GM1695"},
{"type":"Feature","geometry":{"type":"Polygon","coordinates":[[[135541,476915],[132972,477020],[130830,476423],[130379,475192],[132390,471931],[131357,471306],[131467,470718],[131406,470713],[131082,469624],[131048,469566],[130242,468414],[130124,468389],[130110,468356],[130081,468299],[130036,468316],[131133,467507],[130742,466279],[131687,464252],[133893,465027],[136821,465902],[137006,465887],[138171,467255],[138091,468904],[137691,469608],[137637,469627],[136913,470115],[136913,470238],[137293,470510],[138232,470852],[138205,472274],[138120,473109],[137910,474020],[136705,476203],[135541,476915]]]},"properties":{"statcode":"GM1696","jrstatcode":"2024GM1696","statnaam":"Wijdemeren","rubriek":"gemeente","id":275,"FID":"gemeente_gegeneraliseerd.3f4006e0-550f-47ac-91b3-ee85b8e50135"},"id":"GM1696"},
{"type":"Feature","geometry":{"type":"Polygon","coordinates":[[[230261,579509],[228401,580246],[226920,579805],[225564,578414],[223246,577313],[222911,576068],[221595,574109],[219134,567129],[217162,567871],[216518,566431],[218321,565797],[220729,564947],[220425,561227],[223907,555883],[228905,558170],[229937,559370],[229352,561014],[229970,562744],[230476,565637],[228925,568342],[228179,571001],[232096,572372],[231691,576585],[230261,579509]]]},"properties":{"statcode":"GM1699","jrstatcode":"2024GM1699","statnaam":"Noordenveld","rubriek":"gemeente","id":276,"FID":"gemeente_gegeneraliseerd.c80fc1b0-063c-44ff-b904-12cf3850ec27"},"id":"GM1699"},
{"type":"Feature","geometry":{"type":"Polygon","coordinates":[[[244005,500648],[242067,501580],[240228,498906],[238190,498384],[237062,499860],[234282,500626],[230949,500948],[230850,499918],[228181,499092],[227237,497586],[228984,495358],[231411,494969],[232595,495376],[233568,496567],[235523,496073],[235740,496196],[237191,497025],[237340,495272],[235682,493495],[235870,492853],[237491,489112],[238571,489441],[239987,490448],[240636,490591],[242128,489890],[242453,489775],[243353,490265],[244263,490352],[242396,493393],[242681,493662],[242690,495934],[243721,496317],[245389,499764],[244005,500648]]]},"properties":{"statcode":"GM1700","jrstatcode":"2024GM1700","statnaam":"Twenterand","rubriek":"gemeente","id":277,"FID":"gemeente_gegeneraliseerd.5f026552-feea-43c3-8df8-11494eb4435d"},"id":"GM1700"},
{"type":"Feature","geometry":{"type":"Polygon","coordinates":[[[221031,548771],[218650,547001],[216585,549046],[213462,549304],[212840,548819],[211615,547353],[209761,544892],[204348,541032],[205509,539341],[209941,534357],[208022,532038],[210030,527192],[211134,529319],[212013,528595],[213381,530459],[216439,531362],[216121,532736],[217201,534625],[219306,535059],[220693,533326],[221838,533560],[222938,532713],[226492,533703],[227043,535343],[227322,536828],[228639,539417],[227467,539592],[226680,540842],[225304,540870],[225288,542786],[224522,544406],[220436,545709],[222152,548071],[221031,548771]]]},"properties":{"statcode":"GM1701","jrstatcode":"2024GM1701","statnaam":"Westerveld","rubriek":"gemeente","id":278,"FID":"gemeente_gegeneraliseerd.3376b877-2a7f-4633-bc4b-0fc83028f6b9"},"id":"GM1701"},
{"type":"Feature","geometry":{"type":"Polygon","coordinates":[[[194052,440187],[192434,441368],[190131,438553],[189682,435538],[188556,434452],[187332,434376],[187385,433423],[187922,433443],[188339,433459],[188645,432594],[188725,432110],[189409,430857],[191941,431923],[192885,431573],[194136,429971],[194893,429701],[195683,430017],[196690,431994],[198358,432682],[200390,431580],[199300,432608],[198680,434392],[197063,435526],[196273,436262],[194990,437909],[194786,439082],[194404,439637],[194052,440187]]]},"properties":{"statcode":"GM1705","jrstatcode":"2024GM1705","statnaam":"Lingewaard","rubriek":"gemeente","id":279,"FID":"gemeente_gegeneraliseerd.8a9e2d6c-1ee0-4e6d-b693-3fe719b9b8ce"},"id":"GM1705"},
{"type":"Feature","geometry":{"type":"Polygon","coordinates":[[[174864,369576],[173634,373886],[172607,373088],[172013,370951],[170201,371419],[167598,370220],[163968,367333],[164194,366696],[166917,363696],[166707,361697],[167495,359075],[171176,360033],[171662,364949],[172913,366841],[174864,369576]]]},"properties":{"statcode":"GM1706","jrstatcode":"2024GM1706","statnaam":"Cranendonck","rubriek":"gemeente","id":280,"FID":"gemeente_gegeneraliseerd.d05aaa40-98e6-42d4-9090-a87b17b1a836"},"id":"GM1706"},
{"type":"Feature","geometry":{"type":"Polygon","coordinates":[[[208022,532038],[209941,534357],[205509,539341],[204348,541032],[201750,539283],[199838,539110],[200345,537866],[198103,537285],[196077,536765],[195560,537373],[194432,539573],[191589,538782],[191197,537508],[189435,535739],[187985,534955],[185777,535406],[184160,536758],[183980,536692],[182511,535552],[184106,533460],[186243,533127],[188252,531868],[191097,529448],[192527,525435],[194073,523062],[191973,521036],[194481,519907],[195289,519107],[197661,517509],[200183,518290],[202307,519775],[204541,520304],[205644,521061],[207178,523027],[204503,529463],[205310,530409],[206927,530869],[208022,532038]]]},"properties":{"statcode":"GM1708","jrstatcode":"2024GM1708","statnaam":"Steenwijkerland","rubriek":"gemeente","id":281,"FID":"gemeente_gegeneraliseerd.43a18599-3f76-4616-b49b-a3520e692f90"},"id":"GM1708"},
{"type":"Feature","geometry":{"type":"Polygon","coordinates":[[[103722,414742],[103678,414730],[103646,414720],[103633,414716],[103148,414566],[103119,414557],[100691,412312],[95524,411049],[92969,410848],[88578,412488],[87005,412675],[86365,412133],[85864,409366],[85049,407497],[87284,405329],[88380,404952],[89250,403567],[90876,403241],[92204,403818],[93694,402579],[94868,402464],[97756,404765],[100576,404335],[102512,404182],[103540,405099],[105006,405300],[107363,405695],[107223,407534],[106420,408843],[108149,409603],[107295,411219],[105193,411103],[103722,414742]]]},"properties":{"statcode":"GM1709","jrstatcode":"2024GM1709","statnaam":"Moerdijk","rubriek":"gemeente","id":282,"FID":"gemeente_gegeneraliseerd.e9bc2167-9ac1-47d0-a595-88186d7e9bc0"},"id":"GM1709"},
{"type":"Feature","geometry":{"type":"Polygon","coordinates":[[[191866,349435],[188952,349627],[187487,346733],[186262,345654],[185611,344849],[184291,345238],[183579,344534],[184223,343125],[183894,341248],[185596,341999],[185859,339867],[187356,339735],[187651,337849],[189359,338163],[188667,339743],[190059,340408],[191871,342057],[193645,338536],[195720,339625],[195857,341379],[198600,344776],[200482,345425],[199451,347289],[196841,348077],[195959,347407],[192782,347280],[191866,349435]]]},"properties":{"statcode":"GM1711","jrstatcode":"2024GM1711","statnaam":"Echt-Susteren","rubriek":"gemeente","id":283,"FID":"gemeente_gegeneraliseerd.a8deb168-002a-4671-9a06-b0f8d9cc4dca"},"id":"GM1711"},
{"type":"Feature","geometry":{"type":"Polygon","coordinates":[[[37614,370319],[36439,371643],[35034,371477],[33561,373953],[34643,374972],[37043,375065],[36645,377165],[33410,377758],[29549,379187],[27013,381172],[24072,381409],[22832,380650],[19477,379512],[18837,379866],[15160,378396],[14559,377862],[14762,375190],[15501,373583],[13565,371491],[14814,370062],[14325,368905],[16807,364944],[19762,363157],[25195,363553],[24432,368103],[27754,368988],[28671,368091],[29739,369891],[33181,367990],[34392,368195],[36587,367078],[37554,367765],[37614,370319]]]},"properties":{"statcode":"GM1714","jrstatcode":"2024GM1714","statnaam":"Sluis","rubriek":"gemeente","id":284,"FID":"gemeente_gegeneraliseerd.dc2c01fd-e8d9-4cb0-97f9-b7825b2fd76b"},"id":"GM1714"},
{"type":"Feature","geometry":{"type":"Polygon","coordinates":[[[116968,413906],[117672,415337],[118001,418745],[115993,418502],[111970,419115],[109856,416623],[107417,415031],[105883,415372],[103722,414742],[105193,411103],[107295,411219],[108149,409603],[106420,408843],[107223,407534],[107363,405695],[110101,406197],[112237,404698],[113485,405526],[113960,406045],[113065,408516],[117318,410236],[116048,413766],[116968,413906]]]},"properties":{"statcode":"GM1719","jrstatcode":"2024GM1719","statnaam":"Drimmelen","rubriek":"gemeente","id":285,"FID":"gemeente_gegeneraliseerd.38cce63a-38c6-481a-9e0e-c86765461b59"},"id":"GM1719"},
{"type":"Feature","geometry":{"type":"Polygon","coordinates":[[[168380,415876],[166949,415973],[165134,416886],[163324,416574],[161013,415585],[162271,413043],[159818,410981],[159002,408387],[157504,407218],[160449,406010],[162617,404208],[163145,405254],[164499,404629],[167671,406972],[167110,408274],[168086,410148],[169495,411370],[169713,413325],[168380,415876]]]},"properties":{"statcode":"GM1721","jrstatcode":"2024GM1721","statnaam":"Bernheze","rubriek":"gemeente","id":286,"FID":"gemeente_gegeneraliseerd.02beee40-a66c-4a9c-8272-4bf6ff33d552"},"id":"GM1721"},
{"type":"Feature","geometry":{"type":"Polygon","coordinates":[[[116680,394550],[117034,396168],[114351,394286],[112174,393333],[110562,392026],[111454,390560],[115278,389688],[115681,388378],[117119,388107],[120550,387802],[124243,385395],[126502,385814],[128817,385531],[128678,387206],[128088,388011],[127525,388646],[127915,388906],[127126,390158],[126907,391754],[125532,393072],[125116,392275],[121946,391338],[118856,394473],[117190,393236],[116680,394550]]]},"properties":{"statcode":"GM1723","jrstatcode":"2024GM1723","statnaam":"Alphen-Chaam","rubriek":"gemeente","id":287,"FID":"gemeente_gegeneraliseerd.e97faed4-74b5-4a4a-b56b-27f12a94d323"},"id":"GM1723"},
{"type":"Feature","geometry":{"type":"Polygon","coordinates":[[[157409,377138],[155119,376365],[152114,374258],[152207,372026],[150596,371521],[150238,370626],[148375,369892],[146370,370011],[144813,368499],[143748,364340],[144580,363570],[146340,364172],[148645,363577],[151460,363751],[152135,365163],[157109,363663],[155042,366216],[155506,368859],[157585,371281],[157264,374451],[157507,376188],[157551,376492],[157670,376675],[157409,377138]]]},"properties":{"statcode":"GM1724","jrstatcode":"2024GM1724","statnaam":"Bergeijk","rubriek":"gemeente","id":288,"FID":"gemeente_gegeneraliseerd.46a2f3c8-f6ee-408c-a142-e7d6b0ab9a63"},"id":"GM1724"},
{"type":"Feature","geometry":{"type":"Polygon","coordinates":[[[144603,382171],[142447,382859],[141357,382364],[141357,382363],[141607,378996],[142037,377895],[141480,376583],[141530,372908],[141969,370396],[144813,368499],[146370,370011],[147946,371906],[147206,374842],[148194,377756],[149687,377953],[149440,379667],[147640,379544],[144603,382171]]]},"properties":{"statcode":"GM1728","jrstatcode":"2024GM1728","statnaam":"Bladel","rubriek":"gemeente","id":289,"FID":"gemeente_gegeneraliseerd.c1124e5c-48c8-4af9-ad63-eb1ef85ecea8"},"id":"GM1728"},
{"type":"Feature","geometry":{"type":"Polygon","coordinates":[[[193208,316853],[192254,317799],[191347,317446],[190528,317123],[190271,317587],[188271,316088],[188608,314940],[187299,314042],[185572,312109],[187240,309503],[187303,308482],[188603,308283],[190205,309021],[190464,307497],[192705,306960],[193710,307592],[192627,308959],[194230,309385],[194123,311323],[196557,312776],[197033,313487],[196033,314272],[195039,316327],[194979,317498],[193208,316853]]]},"properties":{"statcode":"GM1729","jrstatcode":"2024GM1729","statnaam":"Gulpen-Wittem","rubriek":"gemeente","id":290,"FID":"gemeente_gegeneraliseerd.9c0d5aa3-e898-47a2-803e-99f7f8e7fd90"},"id":"GM1729"},
{"type":"Feature","geometry":{"type":"Polygon","coordinates":[[[242575,571284],[238552,569546],[238601,570348],[237442,572352],[235328,573909],[234874,575865],[233694,575190],[232615,577783],[231343,579332],[230261,579509],[231691,576585],[232096,572372],[228179,571001],[228925,568342],[230476,565637],[229970,562744],[231255,562719],[232818,561533],[233306,564161],[236334,564479],[236870,563086],[236594,561360],[238464,560629],[239629,560675],[239239,562968],[241095,565007],[242933,565057],[246196,566905],[248063,568447],[245396,571145],[242575,571284]]]},"properties":{"statcode":"GM1730","jrstatcode":"2024GM1730","statnaam":"Tynaarlo","rubriek":"gemeente","id":291,"FID":"gemeente_gegeneraliseerd.04d6fa41-397f-4329-8102-85e5115fa8da"},"id":"GM1730"},
{"type":"Feature","geometry":{"type":"Polygon","coordinates":[[[233930,551710],[232671,552656],[232235,550118],[229585,552188],[228778,554560],[229505,555712],[228905,558170],[223907,555883],[224891,554372],[222656,550003],[221031,548771],[222152,548071],[220436,545709],[224522,544406],[225288,542786],[225304,540870],[226680,540842],[227467,539592],[228639,539417],[227322,536828],[227043,535343],[229507,534553],[229481,532077],[230977,531123],[234580,531567],[234030,529307],[235096,528714],[235150,528789],[236066,528266],[237426,530474],[240895,535643],[241863,535204],[243001,536740],[242830,538064],[243974,539612],[243714,540785],[245338,541577],[244378,543155],[242474,543915],[241640,547208],[241076,547691],[238301,548016],[237571,548616],[235615,548712],[233930,551710]]]},"properties":{"statcode":"GM1731","jrstatcode":"2024GM1731","statnaam":"Midden-Drenthe","rubriek":"gemeente","id":292,"FID":"gemeente_gegeneraliseerd.b6b1a073-1386-433a-81dc-705edca11b7f"},"id":"GM1731"},
{"type":"Feature","geometry":{"type":"Polygon","coordinates":[[[190131,438553],[188328,439341],[185440,439736],[185793,442889],[184629,442697],[181834,441260],[179676,442461],[178051,441789],[175257,441233],[174165,440521],[173787,437940],[176946,435547],[176990,433912],[178336,433235],[183313,431985],[184605,431389],[186023,432863],[185496,434000],[187346,434116],[187332,434376],[188556,434452],[189682,435538],[190131,438553]]]},"properties":{"statcode":"GM1734","jrstatcode":"2024GM1734","statnaam":"Overbetuwe","rubriek":"gemeente","id":293,"FID":"gemeente_gegeneraliseerd.7f3f564d-4e22-45ef-a369-23f497a7f0fc"},"id":"GM1734"},
{"type":"Feature","geometry":{"type":"Polygon","coordinates":[[[245580,469520],[244852,470674],[245523,471711],[246298,474694],[248257,474693],[247505,478100],[245355,480348],[243910,480847],[241658,479301],[239521,478721],[238147,476555],[235604,476454],[234618,477898],[232470,477877],[230297,477017],[226185,474251],[225295,473178],[226208,471073],[228153,468635],[228826,468581],[229670,466614],[230594,466046],[232313,466506],[234899,466100],[237256,466721],[238810,464597],[241039,465863],[241188,466166],[240777,466605],[240043,467192],[242839,468564],[244583,468379],[245580,469520]]]},"properties":{"statcode":"GM1735","jrstatcode":"2024GM1735","statnaam":"Hof van Twente","rubriek":"gemeente","id":294,"FID":"gemeente_gegeneraliseerd.4256fdbd-4ba5-42c7-9b3e-9f0ce8b5b901"},"id":"GM1735"},
{"type":"Feature","geometry":{"type":"Polygon","coordinates":[[[174165,440521],[173041,440208],[171717,438689],[170862,439236],[170040,439431],[169130,440102],[168709,440284],[168537,439894],[168002,439402],[166156,439329],[166465,437178],[162317,436674],[159553,437144],[160677,436825],[160866,435511],[159703,434926],[160281,433390],[163387,433487],[164923,434036],[166618,434739],[171424,434570],[175499,434168],[176990,433912],[176946,435547],[173787,437940],[174165,440521]]]},"properties":{"statcode":"GM1740","jrstatcode":"2024GM1740","statnaam":"Neder-Betuwe","rubriek":"gemeente","id":295,"FID":"gemeente_gegeneraliseerd.de5f1256-5f12-4533-8a76-83a07f5106a4"},"id":"GM1740"},
{"type":"Feature","geometry":{"type":"Polygon","coordinates":[[[230847,482317],[228690,482608],[228205,481888],[225536,482476],[221056,481583],[219070,479711],[219175,478434],[219257,477429],[222588,474978],[222928,473584],[225295,473178],[226185,474251],[230297,477017],[232470,477877],[234618,477898],[233947,481789],[233091,481647],[232542,482574],[232093,482431],[230847,482317]]]},"properties":{"statcode":"GM1742","jrstatcode":"2024GM1742","statnaam":"Rijssen-Holten","rubriek":"gemeente","id":296,"FID":"gemeente_gegeneraliseerd.f61905b9-f0d2-4239-b2bb-7d3dc1c41c74"},"id":"GM1742"},
{"type":"Feature","geometry":{"type":"Polygon","coordinates":[[[168726,385734],[167443,383614],[166097,382742],[164596,382096],[164645,379515],[167319,379541],[169710,381044],[172515,381512],[172860,383560],[173715,385310],[170359,384538],[168726,385734]]]},"properties":{"statcode":"GM1771","jrstatcode":"2024GM1771","statnaam":"Geldrop-Mierlo","rubriek":"gemeente","id":297,"FID":"gemeente_gegeneraliseerd.eb32ff34-8f4d-4548-98a0-073d988a1ace"},"id":"GM1771"},
{"type":"Feature","geometry":{"type":"Polygon","coordinates":[[[207623,496028],[207068,496105],[206162,495137],[204853,495200],[204118,494995],[204429,494717],[204592,493850],[204723,493456],[204498,492075],[204611,491032],[204806,490786],[205591,490497],[205142,488417],[202348,487360],[202041,486492],[203203,485684],[201944,484418],[201918,483202],[201837,482958],[201793,482737],[202217,481302],[202680,479555],[203566,479367],[203709,479490],[204194,479098],[206372,479800],[208511,480381],[209165,481064],[210799,481749],[212827,481658],[211947,484698],[210163,485220],[209610,486567],[211450,489049],[211711,489049],[212157,489278],[212511,489832],[212425,490374],[211809,491504],[212393,493189],[210805,493398],[210849,493652],[209774,493990],[208744,494013],[207623,496028]]]},"properties":{"statcode":"GM1773","jrstatcode":"2024GM1773","statnaam":"Olst-Wijhe","rubriek":"gemeente","id":298,"FID":"gemeente_gegeneraliseerd.61889d01-c454-455a-b040-3604ecc838af"},"id":"GM1773"},
{"type":"Feature","geometry":{"type":"Polygon","coordinates":[[[269742,488549],[268756,491487],[267127,491911],[266197,494053],[265421,494720],[264182,498738],[263069,498735],[261089,495037],[257280,494866],[254722,494261],[254620,492870],[255373,492132],[255557,487230],[252431,487318],[250104,486719],[248504,483566],[249541,482123],[251475,481567],[252669,480172],[254548,479159],[254180,477473],[256087,477138],[257079,478295],[257559,478197],[257907,478385],[259047,478596],[257825,479464],[257485,479338],[256829,479464],[256331,479859],[255446,479987],[255684,480957],[255915,481292],[256232,481554],[256769,482278],[257155,482535],[257202,482650],[257848,483087],[257926,483325],[257994,483320],[258888,483629],[258987,483610],[259792,483562],[260667,483898],[262859,485718],[262306,487333],[262828,489177],[265381,487450],[269742,488549]]]},"properties":{"statcode":"GM1774","jrstatcode":"2024GM1774","statnaam":"Dinkelland","rubriek":"gemeente","id":299,"FID":"gemeente_gegeneraliseerd.718b9b3c-1630-47db-b6ee-1f5c1203544f"},"id":"GM1774"},
{"type":"Feature","geometry":{"type":"Polygon","coordinates":[[[73325,452598],[72730,452696],[71354,450220],[68349,446671],[69820,444392],[72554,442725],[72870,441383],[74711,439861],[75555,440017],[76143,440002],[75724,441172],[78671,442431],[80435,444201],[77948,445867],[81042,448024],[80896,448306],[79472,448863],[78526,450318],[76830,449155],[76375,449910],[74390,450174],[73325,452598]]]},"properties":{"statcode":"GM1783","jrstatcode":"2024GM1783","statnaam":"Westland","rubriek":"gemeente","id":300,"FID":"gemeente_gegeneraliseerd.362e2200-9d85-49e8-bba5-ad7db6f5ec78"},"id":"GM1783"},
{"type":"Feature","geometry":{"type":"Polygon","coordinates":[[[82145,447691],[81042,448024],[77948,445867],[80435,444201],[78671,442431],[75724,441172],[76143,440002],[77429,438327],[79702,437540],[82759,440298],[83744,440849],[85731,442145],[87359,442446],[86225,443118],[84384,443262],[84261,443435],[82925,443383],[81981,445142],[83171,446554],[82145,447691]]]},"properties":{"statcode":"GM1842","jrstatcode":"2024GM1842","statnaam":"Midden-Delfland","rubriek":"gemeente","id":301,"FID":"gemeente_gegeneraliseerd.592aa37e-d961-40b0-a54d-da64796173f8"},"id":"GM1842"},
{"type":"Feature","geometry":{"type":"Polygon","coordinates":[[[241039,465863],[238810,464597],[237256,466721],[234899,466100],[232313,466506],[230594,466046],[229888,462152],[230664,460108],[229938,458571],[228163,458288],[226043,457025],[224456,455545],[225530,451890],[226659,450629],[227155,449041],[228784,448696],[229992,449966],[232530,451058],[234058,449169],[236271,449847],[237945,451190],[238593,453689],[242209,453514],[242425,452244],[244235,451471],[244732,454349],[247430,454898],[248478,456124],[249058,459841],[246025,459728],[242354,460968],[242976,463261],[242997,463733],[242990,464330],[241327,465721],[241039,465863]]]},"properties":{"statcode":"GM1859","jrstatcode":"2024GM1859","statnaam":"Berkelland","rubriek":"gemeente","id":302,"FID":"gemeente_gegeneraliseerd.839b6a17-f188-4b68-b885-d8744b1cedc6"},"id":"GM1859"},
{"type":"Feature","geometry":{"type":"Polygon","coordinates":[[[226043,457025],[223794,458790],[223844,460843],[222244,459983],[221444,461259],[219428,461475],[215971,459648],[214667,458363],[213134,458728],[211920,456952],[211422,456342],[209215,456189],[208710,454804],[206454,452586],[204977,451410],[205386,449842],[207474,450694],[209087,450410],[209087,449060],[209193,448844],[208027,446760],[207650,446378],[208018,445989],[208124,443909],[211193,443855],[214266,443414],[214957,444631],[216257,444433],[219004,445508],[221394,443360],[223937,442688],[224750,444237],[225697,443190],[227860,442897],[229244,443865],[229772,444976],[228784,448696],[227155,449041],[226659,450629],[225530,451890],[224456,455545],[226043,457025]]]},"properties":{"statcode":"GM1876","jrstatcode":"2024GM1876","statnaam":"Bronckhorst","rubriek":"gemeente","id":303,"FID":"gemeente_gegeneraliseerd.629be843-ac7d-4ae1-b33c-20c06ddad3b7"},"id":"GM1876"},
{"type":"Feature","geometry":{"type":"Polygon","coordinates":[[[189359,338163],[187651,337849],[187356,339735],[185859,339867],[185596,341999],[183894,341248],[182470,341550],[181011,338295],[182100,336669],[182208,335018],[183219,334694],[182735,332979],[183174,328843],[184886,329546],[186813,329041],[187178,330574],[189165,330459],[190813,331812],[191383,334854],[189486,336625],[189359,338163]]]},"properties":{"statcode":"GM1883","jrstatcode":"2024GM1883","statnaam":"Sittard-Geleen","rubriek":"gemeente","id":304,"FID":"gemeente_gegeneraliseerd.c725bca1-0723-4f0f-8520-ce50967d408d"},"id":"GM1883"},
{"type":"Feature","geometry":{"type":"Polygon","coordinates":[[[109724,469594],[109661,470039],[109655,470224],[109606,470461],[109704,471796],[107797,471785],[106026,471651],[103433,470056],[101390,469897],[98366,470403],[98425,468366],[97543,468206],[96929,466111],[97742,464202],[99175,463084],[106700,464607],[107254,467314],[108543,468750],[109388,468377],[109664,469412],[109724,469594]]]},"properties":{"statcode":"GM1884","jrstatcode":"2024GM1884","statnaam":"Kaag en Braassem","rubriek":"gemeente","id":305,"FID":"gemeente_gegeneraliseerd.e85e30f9-0311-49fb-9707-8bca9c552960"},"id":"GM1884"},
{"type":"Feature","geometry":{"type":"Polygon","coordinates":[[[198844,584303],[199348,586843],[199490,589568],[200629,590229],[200282,593235],[197328,593252],[197255,591578],[194239,591322],[193426,593088],[191510,592274],[188981,590681],[189642,589162],[188022,587920],[190947,585222],[192067,585022],[192983,582534],[194943,582839],[197233,584000],[198844,584303]]]},"properties":{"statcode":"GM1891","jrstatcode":"2024GM1891","statnaam":"Dantumadiel","rubriek":"gemeente","id":306,"FID":"gemeente_gegeneraliseerd.07613ff3-3597-4526-b45c-3861641a1ed4"},"id":"GM1891"},
{"type":"Feature","geometry":{"type":"Polygon","coordinates":[[[105530,447424],[104317,448282],[102658,447648],[100373,449939],[101500,451064],[101530,453313],[98615,452571],[97851,446725],[97246,445126],[97315,443043],[98978,442920],[99483,444916],[100843,444691],[99800,442188],[102202,438615],[103256,439103],[104049,440898],[103152,442694],[104334,443036],[105857,444250],[106029,444531],[107028,445550],[105031,446574],[105530,447424]]]},"properties":{"statcode":"GM1892","jrstatcode":"2024GM1892","statnaam":"Zuidplas","rubriek":"gemeente","id":307,"FID":"gemeente_gegeneraliseerd.9ccf8b8d-3495-4348-a2ff-0870c37df1ac"},"id":"GM1892"},
{"type":"Feature","geometry":{"type":"Polygon","coordinates":[[[202737,378733],[198967,377200],[196956,376734],[194733,376697],[192875,377429],[188657,373814],[186560,373172],[186000,372186],[187411,370265],[189204,369818],[191281,369461],[194578,368044],[198335,365543],[198440,364234],[199735,364501],[201194,366630],[203648,367808],[205760,370559],[206284,372942],[204624,374457],[203990,376047],[203066,376783],[203927,378006],[202737,378733]]]},"properties":{"statcode":"GM1894","jrstatcode":"2024GM1894","statnaam":"Peel en Maas","rubriek":"gemeente","id":308,"FID":"gemeente_gegeneraliseerd.96f33ff6-3585-4873-9286-c0b9794c311e"},"id":"GM1894"},
{"type":"Feature","geometry":{"type":"Polygon","coordinates":[[[268850,586970],[267170,585288],[265311,587187],[264096,586425],[263486,587925],[262404,587933],[259442,586684],[257911,584489],[256745,585125],[257996,581820],[256417,576601],[258119,576921],[259554,575821],[260669,570495],[262155,571115],[264974,571066],[266369,572781],[268283,574313],[270080,574449],[272254,575636],[274537,574949],[275540,575748],[277316,580573],[277229,582458],[276413,584835],[273065,585541],[268850,586970]]]},"properties":{"statcode":"GM1895","jrstatcode":"2024GM1895","statnaam":"Oldambt","rubriek":"gemeente","id":309,"FID":"gemeente_gegeneraliseerd.d8dc8c5a-994b-4b7c-9394-f4aaa86bb771"},"id":"GM1895"},
{"type":"Feature","geometry":{"type":"Polygon","coordinates":[[[203613,515127],[202982,516172],[203490,518981],[204541,520304],[202307,519775],[200183,518290],[197661,517509],[195678,515341],[195915,514270],[194655,511826],[194697,511642],[195382,510158],[197391,511079],[198796,508172],[198831,508131],[200830,509067],[201543,508172],[202626,507366],[203999,508412],[206093,507430],[207860,508912],[206523,511030],[205439,510667],[204624,512449],[203684,513147],[203493,513363],[203707,514727],[203778,514837],[203613,515127]]]},"properties":{"statcode":"GM1896","jrstatcode":"2024GM1896","statnaam":"Zwartewaterland","rubriek":"gemeente","id":310,"FID":"gemeente_gegeneraliseerd.b5a9ce2f-f2f9-43ac-a5fe-b06e78239a67"},"id":"GM1896"},
{"type":"Feature","geometry":{"type":"Polygon","coordinates":[[[160686,573324],[157290,574122],[156632,573913],[156151,570528],[154452,569030],[154374,567569],[152409,565652],[148701,564415],[140141,557012],[140200,556944],[148962,564491],[152095,565209],[154155,567134],[155149,565549],[155364,564034],[154253,563097],[156402,559263],[155644,557318],[156719,552946],[155929,550236],[156485,548270],[156317,547002],[153935,545810],[152950,544116],[153599,542933],[155732,541102],[157622,540105],[158624,540416],[158052,543056],[159729,542727],[160741,542872],[161053,542404],[162293,542968],[162667,543609],[162177,544750],[161836,545079],[161050,546168],[163381,548885],[166915,551162],[168927,547611],[172000,548406],[172161,549931],[175314,549587],[175165,555052],[176354,555298],[177085,556517],[178613,557195],[178223,558778],[178447,560417],[179694,562280],[180489,562333],[180717,562352],[180116,563835],[180998,564491],[180739,566989],[181858,567824],[179792,569611],[179592,570940],[176473,570373],[174601,571353],[173230,569946],[171745,570849],[170504,572177],[168999,571042],[167589,571965],[165952,571939],[164397,573255],[161499,572253],[160686,573324]]]},"properties":{"statcode":"GM1900","jrstatcode":"2024GM1900","statnaam":"Súdwest-Fryslân","rubriek":"gemeente","id":311,"FID":"gemeente_gegeneraliseerd.8faa62c2-8976-4af8-a445-21ae649c342d"},"id":"GM1900"},
{"type":"Feature","geometry":{"type":"Polygon","coordinates":[[[114244,459508],[114229,459305],[113381,459000],[113171,458818],[112109,458476],[111099,457891],[110583,457784],[108508,456372],[108957,454981],[106318,453263],[105131,453117],[106299,450866],[108265,450418],[109199,448893],[110832,448447],[111324,447473],[113666,447738],[114607,448377],[115382,448871],[116744,451425],[119411,452922],[119757,453509],[117506,453540],[116544,454189],[116507,457806],[114244,459508]]]},"properties":{"statcode":"GM1901","jrstatcode":"2024GM1901","statnaam":"Bodegraven-Reeuwijk","rubriek":"gemeente","id":312,"FID":"gemeente_gegeneraliseerd.5a62a941-8c06-4526-b601-010e288e1fc2"},"id":"GM1901"},
{"type":"Feature","geometry":{"type":"Polygon","coordinates":[[[188271,316088],[185748,315703],[185575,316636],[184120,317695],[181065,318451],[180298,316448],[180107,314667],[176612,313441],[176879,309533],[175860,307966],[176729,307247],[178500,308362],[179838,307518],[180389,309012],[182488,310379],[184648,307443],[187303,308482],[187240,309503],[185572,312109],[187299,314042],[188608,314940],[188271,316088]]]},"properties":{"statcode":"GM1903","jrstatcode":"2024GM1903","statnaam":"Eijsden-Margraten","rubriek":"gemeente","id":313,"FID":"gemeente_gegeneraliseerd.ea6fa7ac-279a-4c58-8e3f-1009f612b21c"},"id":"GM1903"},
{"type":"Feature","geometry":{"type":"Polygon","coordinates":[[[132972,477020],[130070,477247],[129057,471583],[127206,471053],[126245,468077],[125170,467926],[125003,466497],[123625,464437],[122323,463853],[124645,460018],[125819,460659],[126435,459440],[126702,460243],[128679,461526],[130706,458794],[131743,460251],[132674,459422],[133292,459933],[133701,459917],[134458,460873],[135821,460594],[136746,461962],[134996,463060],[136642,464951],[136404,465777],[133893,465027],[131687,464252],[130742,466279],[131133,467507],[130036,468316],[130081,468299],[130110,468356],[130124,468389],[130242,468414],[131048,469566],[131082,469624],[131406,470713],[131467,470718],[131357,471306],[132390,471931],[130379,475192],[130830,476423],[132972,477020]]]},"properties":{"statcode":"GM1904","jrstatcode":"2024GM1904","statnaam":"Stichtse Vecht","rubriek":"gemeente","id":314,"FID":"gemeente_gegeneraliseerd.384e0466-3fe8-432f-9797-50158bcf120a"},"id":"GM1904"},
{"type":"Feature","geometry":{"type":"Polygon","coordinates":[[[135899,531943],[136589,539883],[132228,548608],[131577,549412],[140200,556944],[140141,557012],[132610,550506],[126845,549333],[124583,546359],[122795,545342],[120521,544695],[115952,547448],[115157,547439],[113512,543675],[112670,540350],[114269,540642],[116095,538939],[117736,535756],[117332,532148],[115840,531591],[118689,526615],[118547,526011],[119253,526349],[120569,525076],[121982,524493],[125103,529683],[128645,529486],[130607,529420],[131896,529588],[133572,531246],[135899,531943]]]},"properties":{"statcode":"GM1911","jrstatcode":"2024GM1911","statnaam":"Hollands Kroon","rubriek":"gemeente","id":315,"FID":"gemeente_gegeneraliseerd.ec3c8aa8-ee97-477e-b170-3f753fd9c09c"},"id":"GM1911"},
{"type":"Feature","geometry":{"type":"Polygon","coordinates":[[[92386,459364],[91817,460302],[91225,459627],[90046,458390],[89273,457459],[88820,457856],[88341,458144],[88150,458121],[88197,458197],[87457,458641],[85482,456766],[82880,454603],[84261,453808],[83467,452894],[85950,454531],[87595,454853],[88731,453139],[91218,454913],[93664,456128],[93551,457003],[93164,457645],[92237,459228],[92386,459364]]]},"properties":{"statcode":"GM1916","jrstatcode":"2024GM1916","statnaam":"Leidschendam-Voorburg","rubriek":"gemeente","id":316,"FID":"gemeente_gegeneraliseerd.be140c3a-d6cb-4793-b7d9-3927e1c9f412"},"id":"GM1916"},
{"type":"Feature","geometry":{"type":"MultiPolygon","coordinates":[[[[56249,422013],[54764,423365],[52671,421314],[56249,422013]]],[[[62735,427900],[61850,426979],[59437,429880],[55824,428882],[53121,427500],[51955,427411],[49665,426137],[49350,424876],[49999,422602],[49589,421354],[48128,419974],[48350,419755],[49248,419910],[50273,422483],[52091,422861],[52198,423824],[54884,424218],[55837,424840],[58571,424686],[60677,422066],[60411,419499],[60743,418060],[63200,414492],[63954,414056],[66795,414005],[69829,412700],[69821,411235],[69949,411130],[72147,411148],[74276,410089],[75106,408699],[78427,407882],[82456,408985],[83747,409661],[84518,411213],[84214,412296],[86365,412133],[87005,412675],[86650,414084],[86627,414093],[85632,413070],[81882,413182],[79772,414789],[77321,416023],[75954,418011],[74205,419356],[72208,421443],[68010,423063],[65771,424776],[62379,426407],[62748,427880],[62735,427900]]]]},"properties":{"statcode":"GM1924","jrstatcode":"2024GM1924","statnaam":"Goeree-Overflakkee","rubriek":"gemeente","id":317,"FID":"gemeente_gegeneraliseerd.c4a2c796-c077-434e-9c02-2637e5561eb8"},"id":"GM1924"},
{"type":"Feature","geometry":{"type":"Polygon","coordinates":[[[88800,451925],[86909,452215],[85394,450775],[85858,449189],[86849,447454],[86249,446747],[86972,443860],[87704,442651],[89089,443552],[90691,445692],[91132,446695],[91452,448798],[91571,448833],[92520,449648],[91222,450440],[90751,451625],[88800,451925]]]},"properties":{"statcode":"GM1926","jrstatcode":"2024GM1926","statnaam":"Pijnacker-Nootdorp","rubriek":"gemeente","id":318,"FID":"gemeente_gegeneraliseerd.77ff9562-83b1-4f52-9d94-bbbac1a5b1d5"},"id":"GM1926"},
{"type":"Feature","geometry":{"type":"Polygon","coordinates":[[[85844,428647],[83785,429448],[82563,431162],[77708,431287],[75956,432228],[73072,429714],[72977,428043],[74559,427269],[73989,425699],[72722,424638],[73914,424154],[75163,422789],[76302,422470],[77557,424460],[79722,424284],[80427,424995],[83784,426122],[84800,425865],[86721,427402],[88487,427289],[89201,428038],[87947,428693],[85844,428647]]]},"properties":{"statcode":"GM1930","jrstatcode":"2024GM1930","statnaam":"Nissewaard","rubriek":"gemeente","id":319,"FID":"gemeente_gegeneraliseerd.f8fec49f-a84c-473e-8d3f-5c2258cbc59b"},"id":"GM1930"},
{"type":"Feature","geometry":{"type":"Polygon","coordinates":[[[117083,444338],[115898,445863],[118604,446531],[117911,447896],[114923,447470],[114607,448377],[113666,447738],[111324,447473],[111743,446249],[109646,446084],[107588,445621],[106029,444531],[105857,444250],[104334,443036],[103152,442694],[104049,440898],[103256,439103],[102202,438615],[102076,438345],[102951,437265],[103252,435998],[100931,435681],[100608,435774],[100604,435546],[100351,435429],[100312,435399],[99590,435371],[99196,435258],[99654,435051],[100472,434259],[102156,433723],[105860,433764],[108788,434373],[111968,436377],[115384,437499],[116842,439054],[117834,439352],[119970,438964],[119556,440711],[119154,441462],[118797,442308],[117921,443107],[117783,443115],[117006,444276],[117083,444338]]]},"properties":{"statcode":"GM1931","jrstatcode":"2024GM1931","statnaam":"Krimpenerwaard","rubriek":"gemeente","id":320,"FID":"gemeente_gegeneraliseerd.0dd7051c-4690-487c-969a-9e2523719742"},"id":"GM1931"},
{"type":"Feature","geometry":{"type":"Polygon","coordinates":[[[185109,560545],[182543,562626],[182378,563189],[182593,563337],[180717,562352],[180489,562333],[179694,562280],[178447,560417],[178223,558778],[178613,557195],[177085,556517],[176354,555298],[175165,555052],[175314,549587],[172161,549931],[172000,548406],[168927,547611],[166915,551162],[163381,548885],[161050,546168],[161836,545079],[162177,544750],[162667,543609],[162293,542968],[161053,542404],[160741,542872],[159729,542727],[158052,543056],[158624,540416],[159477,540838],[162600,539848],[165624,538440],[167139,538573],[168342,540261],[170579,540445],[172337,541499],[173218,539645],[175073,539902],[176959,539030],[177738,539696],[179365,539225],[181776,536767],[182150,535235],[182511,535552],[183980,536692],[184048,537246],[184491,537685],[185041,538910],[185509,539629],[185560,540227],[186630,542749],[188502,544858],[189251,545541],[191724,546832],[191069,549049],[189845,552179],[189615,552384],[189282,553017],[188894,552925],[188853,552860],[188617,553450],[187384,553634],[187241,554733],[188586,555064],[187152,557088],[186567,559000],[185109,560545]]]},"properties":{"statcode":"GM1940","jrstatcode":"2024GM1940","statnaam":"De Fryske Marren","rubriek":"gemeente","id":321,"FID":"gemeente_gegeneraliseerd.8ac336c0-707a-4365-8b36-b27fca5baeab"},"id":"GM1940"},
{"type":"Feature","geometry":{"type":"Polygon","coordinates":[[[138033,482025],[136136,482504],[133883,483589],[131104,482901],[130484,483371],[129703,481906],[131318,482400],[134847,480784],[135720,477525],[137813,476705],[138227,476390],[137956,474793],[137952,474750],[139611,474679],[142298,475585],[141708,478056],[143194,478961],[144247,479317],[144176,480378],[140429,479583],[138683,480763],[138094,481949],[138033,482025]]]},"properties":{"statcode":"GM1942","jrstatcode":"2024GM1942","statnaam":"Gooise Meren","rubriek":"gemeente","id":322,"FID":"gemeente_gegeneraliseerd.4e259a2a-aa23-4569-98be-6d2f67e6bdba"},"id":"GM1942"},
{"type":"Feature","geometry":{"type":"Polygon","coordinates":[[[201581,430983],[200390,431580],[198358,432682],[196690,431994],[195683,430017],[194893,429701],[194136,429971],[192885,431573],[191941,431923],[189409,430857],[189335,428905],[189963,428119],[190063,427232],[190796,427016],[189011,425861],[188924,424660],[189934,421142],[191454,418336],[193063,417131],[194092,417854],[196645,419905],[195827,423389],[193459,426251],[194683,427749],[196326,427067],[199687,428428],[201030,429521],[201581,430983]]]},"properties":{"statcode":"GM1945","jrstatcode":"2024GM1945","statnaam":"Berg en Dal","rubriek":"gemeente","id":323,"FID":"gemeente_gegeneraliseerd.6819980f-7aab-42c3-800d-42617e639260"},"id":"GM1945"},
{"type":"Feature","geometry":{"type":"Polygon","coordinates":[[[157504,407218],[154473,406146],[154155,404982],[155530,401884],[154538,401557],[155842,398140],[156181,395481],[156260,395488],[156723,394859],[157297,394400],[157542,393898],[161933,394769],[162836,392493],[164970,392905],[166117,394319],[165117,396549],[168670,397106],[171270,396061],[173392,397894],[173309,399305],[172715,401956],[171576,403864],[167671,406972],[164499,404629],[163145,405254],[162617,404208],[160449,406010],[157504,407218]]]},"properties":{"statcode":"GM1948","jrstatcode":"2024GM1948","statnaam":"Meierijstad","rubriek":"gemeente","id":324,"FID":"gemeente_gegeneraliseerd.81520122-ed10-46fc-ac7c-b17b3659cd6b"},"id":"GM1948"},
{"type":"Feature","geometry":{"type":"Polygon","coordinates":[[[178216,589859],[179134,591960],[177336,592926],[176992,594772],[172076,592540],[168321,590461],[166641,588741],[164349,585652],[161377,583787],[159112,581522],[158393,580358],[160322,579192],[161839,579349],[161311,577044],[161213,576630],[162141,576406],[160686,573324],[161499,572253],[164397,573255],[165952,571939],[167589,571965],[168999,571042],[170504,572177],[171745,570849],[171383,571835],[172861,572800],[173382,573834],[172919,575415],[173327,575931],[174885,577280],[175733,576826],[175775,576466],[176800,576554],[178443,576263],[178883,579076],[178218,580566],[177873,583239],[178235,584553],[177289,588169],[178216,589859]]]},"properties":{"statcode":"GM1949","jrstatcode":"2024GM1949","statnaam":"Waadhoeke","rubriek":"gemeente","id":325,"FID":"gemeente_gegeneraliseerd.51a78ed4-ee03-4035-9541-72a2a3cacc95"},"id":"GM1949"},
{"type":"Feature","geometry":{"type":"Polygon","coordinates":[[[275540,575748],[274537,574949],[272254,575636],[270080,574449],[268283,574313],[266369,572781],[264974,571066],[265868,569616],[264125,566224],[265362,565470],[268263,565419],[268938,563059],[268586,561648],[269938,560199],[268095,558747],[268084,553114],[267704,550632],[265885,550400],[265276,549247],[266161,547990],[264580,544106],[266297,544126],[268516,541104],[269919,540356],[269519,541648],[270634,543238],[275614,552003],[277529,559786],[276413,567587],[276562,571156],[275221,572043],[274897,573913],[275540,575748]]]},"properties":{"statcode":"GM1950","jrstatcode":"2024GM1950","statnaam":"Westerwolde","rubriek":"gemeente","id":326,"FID":"gemeente_gegeneraliseerd.35ea8688-0a54-45b3-b0d5-5fc3140a4096"},"id":"GM1950"},
{"type":"Feature","geometry":{"type":"Polygon","coordinates":[[[256745,585125],[256510,589126],[255059,589116],[255018,591197],[252265,590277],[250150,591066],[247394,589397],[242500,586307],[243821,584742],[243220,582987],[241653,580280],[240508,580246],[238708,578429],[242063,574997],[242575,571284],[245396,571145],[248063,568447],[250623,565849],[249696,571196],[251114,572008],[253985,571862],[255336,572359],[260247,571526],[260432,570400],[260669,570495],[259554,575821],[258119,576921],[256417,576601],[257996,581820],[256745,585125]]]},"properties":{"statcode":"GM1952","jrstatcode":"2024GM1952","statnaam":"Midden-Groningen","rubriek":"gemeente","id":327,"FID":"gemeente_gegeneraliseerd.90c61134-18d7-45bb-9eca-d27d3190e187"},"id":"GM1952"},
{"type":"Feature","geometry":{"type":"Polygon","coordinates":[[[198482,329943],[199917,332601],[199252,332828],[195671,332394],[194882,333350],[190813,331812],[189165,330459],[187178,330574],[186813,329041],[187984,328283],[186953,325665],[184152,325013],[184039,321847],[186574,321399],[188388,321511],[189737,321532],[190408,322191],[191190,323018],[192285,323968],[192518,323836],[192219,324597],[190744,325723],[193048,327572],[193572,328657],[195620,330297],[198482,329943]]]},"properties":{"statcode":"GM1954","jrstatcode":"2024GM1954","statnaam":"Beekdaelen","rubriek":"gemeente","id":328,"FID":"gemeente_gegeneraliseerd.44a829f6-2dee-420f-b290-f017c433e1b8"},"id":"GM1954"},
{"type":"Feature","geometry":{"type":"Polygon","coordinates":[[[218164,439328],[217903,439916],[212311,439898],[210426,439466],[208338,441050],[207040,443838],[204342,442274],[203324,442392],[203426,439153],[208731,435004],[210337,433988],[209829,432967],[212017,431333],[215265,431440],[216475,432103],[217799,431424],[220036,432231],[218570,435018],[218915,436436],[217075,437831],[218164,439328]]]},"properties":{"statcode":"GM1955","jrstatcode":"2024GM1955","statnaam":"Montferland","rubriek":"gemeente","id":329,"FID":"gemeente_gegeneraliseerd.cfc7a24e-0add-482c-97c0-71ffede79124"},"id":"GM1955"},
{"type":"Feature","geometry":{"type":"Polygon","coordinates":[[[128329,425884],[126212,426199],[123901,426731],[123275,426734],[120347,425437],[117667,423485],[114302,423624],[112665,422920],[111391,421628],[110081,418742],[105883,415372],[107417,415031],[109856,416623],[111970,419115],[115993,418502],[118001,418745],[117672,415337],[116968,413906],[119472,414709],[122577,414684],[125377,414964],[128893,413853],[131946,413727],[133895,414889],[135269,415871],[136414,416366],[137100,416575],[137800,418032],[137771,420500],[134900,422150],[132901,421370],[131612,423329],[129398,424464],[128946,425500],[128329,425884]]]},"properties":{"statcode":"GM1959","jrstatcode":"2024GM1959","statnaam":"Altena","rubriek":"gemeente","id":330,"FID":"gemeente_gegeneraliseerd.ab6369a3-5bcf-472d-9abb-0df1f8bd4120"},"id":"GM1959"},
{"type":"Feature","geometry":{"type":"Polygon","coordinates":[[[151682,431722],[151555,432495],[149827,434157],[148647,434620],[147191,436851],[147598,438309],[145913,438566],[144404,437245],[142652,437542],[140464,436979],[138686,437769],[138163,437413],[136440,433795],[136211,433451],[134301,432553],[132147,431663],[132710,430276],[130180,430066],[128232,429372],[128242,428590],[128313,428494],[128959,428304],[130481,428115],[130120,425644],[130724,425490],[131051,425468],[131800,425600],[134503,426490],[137985,425081],[140488,425324],[142316,424640],[147727,425849],[149305,426154],[150700,425467],[151678,424219],[153199,424121],[155926,427674],[156931,429248],[155554,429374],[154478,430328],[150942,429830],[151682,431722]]]},"properties":{"statcode":"GM1960","jrstatcode":"2024GM1960","statnaam":"West Betuwe","rubriek":"gemeente","id":331,"FID":"gemeente_gegeneraliseerd.192c5983-97a9-4c0b-b685-e9805042ea80"},"id":"GM1960"},
{"type":"Feature","geometry":{"type":"Polygon","coordinates":[[[138546,438215],[140776,442134],[138682,442900],[138488,443184],[138265,444008],[137602,445397],[135482,446111],[133733,445497],[132707,444810],[131173,443283],[130876,442604],[130431,442370],[129500,442701],[127837,443123],[127501,442842],[126939,442027],[125901,441307],[124492,441817],[123314,440377],[124189,437924],[125344,436432],[128006,434938],[128304,432933],[129975,432565],[129936,431974],[130180,430066],[132710,430276],[132147,431663],[134301,432553],[136211,433451],[136440,433795],[137467,436294],[138546,438215]]]},"properties":{"statcode":"GM1961","jrstatcode":"2024GM1961","statnaam":"Vijfheerenlanden","rubriek":"gemeente","id":332,"FID":"gemeente_gegeneraliseerd.9ac6ace9-c559-4e11-8b56-27156ce6b9a1"},"id":"GM1961"},
{"type":"Feature","geometry":{"type":"MultiPolygon","coordinates":[[[[80702,418150],[77421,418960],[77330,418144],[80642,415985],[82450,415844],[83582,416943],[80702,418150]]],[[[93100,427805],[90407,427480],[89201,428038],[88487,427289],[86721,427402],[84800,425865],[83784,426122],[80427,424995],[79722,424284],[77557,424460],[76302,422470],[75205,421806],[76412,420302],[81100,418683],[83333,417691],[87083,415417],[86627,414093],[86650,414084],[87214,415271],[89473,414518],[91425,414438],[95769,412837],[97681,413181],[102237,415016],[102781,417275],[102535,422062],[102166,423852],[98620,425059],[97539,427140],[95600,427158],[93100,427805]]]]},"properties":{"statcode":"GM1963","jrstatcode":"2024GM1963","statnaam":"Hoeksche Waard","rubriek":"gemeente","id":333,"FID":"gemeente_gegeneraliseerd.09d0bee9-c49d-441b-b748-71d81a644be0"},"id":"GM1963"},
{"type":"Feature","geometry":{"type":"MultiPolygon","coordinates":[[[[253887,603436],[254359,606990],[253185,608067],[249733,609499],[248741,608563],[245240,609720],[241914,609211],[237819,607937],[235557,606458],[232083,605360],[231467,605539],[223353,604495],[220196,603718],[218396,602833],[216127,601101],[215599,601903],[213079,603422],[211990,603541],[208993,602702],[208483,603053],[208453,603009],[208050,602179],[210279,597847],[211260,598165],[211455,595594],[212447,596222],[214073,595836],[215285,595244],[215287,595050],[217918,592499],[220291,593236],[222398,592990],[223515,594031],[224550,594034],[225248,592776],[227689,593565],[229489,590451],[229346,588769],[229812,586251],[232854,586806],[237239,585468],[238353,585708],[237646,587333],[239443,592096],[237153,592700],[235490,596313],[237499,596763],[237452,597885],[239978,598594],[242198,598186],[245539,601817],[247525,603616],[248461,602833],[251827,604996],[253887,603436]]],[[[229085,618934],[227918,619172],[226196,617531],[227878,616224],[229168,617410],[229085,618934]]]]},"properties":{"statcode":"GM1966","jrstatcode":"2024GM1966","statnaam":"Het Hogeland","rubriek":"gemeente","id":334,"FID":"gemeente_gegeneraliseerd.41dd57a2-b73a-4b49-b082-9e3bd351f928"},"id":"GM1966"},
{"type":"Feature","geometry":{"type":"Polygon","coordinates":[[[215287,595050],[214926,595331],[214539,592160],[215446,591703],[214483,591129],[212822,589475],[212356,587205],[211391,585908],[210462,584248],[211296,581574],[209310,579047],[207841,575877],[207811,575044],[207738,572417],[208448,571680],[209797,570165],[213553,570079],[215507,568493],[217162,567871],[219134,567129],[221595,574109],[222911,576068],[223246,577313],[225564,578414],[226920,579805],[227980,584880],[229005,584931],[229812,586251],[229346,588769],[229489,590451],[227689,593565],[225248,592776],[224550,594034],[223515,594031],[222398,592990],[220291,593236],[217918,592499],[215287,595050]]]},"properties":{"statcode":"GM1969","jrstatcode":"2024GM1969","statnaam":"Westerkwartier","rubriek":"gemeente","id":335,"FID":"gemeente_gegeneraliseerd.8b24f594-73fc-487b-90e2-49777edc747d"},"id":"GM1969"},
{"type":"Feature","geometry":{"type":"Polygon","coordinates":[[[208483,603053],[207507,603439],[205007,602174],[202059,602650],[196799,602028],[191323,600357],[188310,600619],[186427,599806],[181095,596650],[179579,596339],[176992,594772],[177336,592926],[179134,591960],[178216,589859],[180077,589843],[183664,587848],[185116,587697],[186581,589214],[188022,587920],[189642,589162],[188981,590681],[191510,592274],[193426,593088],[194239,591322],[197255,591578],[197328,593252],[200282,593235],[200629,590229],[199490,589568],[199348,586843],[198844,584303],[200895,584887],[203448,586159],[205301,586690],[207762,586237],[208904,587311],[211391,585908],[212356,587205],[212822,589475],[214483,591129],[215446,591703],[214539,592160],[214926,595331],[213996,595760],[212701,596078],[211533,595335],[210563,595414],[210293,596688],[208910,596557],[206568,598326],[206076,600937],[206504,602703],[208453,603009],[208483,603053]]]},"properties":{"statcode":"GM1970","jrstatcode":"2024GM1970","statnaam":"Noardeast-Fryslân","rubriek":"gemeente","id":336,"FID":"gemeente_gegeneraliseerd.02fd68b0-7acc-4212-8f16-d4dbafdd40fe"},"id":"GM1970"},
{"type":"Feature","geometry":{"type":"Polygon","coordinates":[[[129975,432565],[128304,432933],[128006,434938],[125344,436432],[124189,437924],[123314,440377],[122463,439437],[119970,438964],[117834,439352],[116842,439054],[115384,437499],[111968,436377],[108788,434373],[105860,433764],[102156,433723],[102133,433603],[102615,432732],[102742,432747],[102780,432792],[103346,432239],[103699,432670],[105229,432070],[107699,432576],[106370,430276],[106491,429114],[108103,428273],[110207,428853],[110589,428243],[113186,428848],[114771,428803],[117174,430384],[117830,427251],[120231,427287],[123137,428005],[123177,428062],[123972,428518],[124086,430659],[125916,430421],[128232,429372],[130180,430066],[129936,431974],[129975,432565]]]},"properties":{"statcode":"GM1978","jrstatcode":"2024GM1978","statnaam":"Molenlanden","rubriek":"gemeente","id":337,"FID":"gemeente_gegeneraliseerd.a54ef475-647b-42b8-94cf-b8d7a1a201c4"},"id":"GM1978"},
{"type":"Feature","geometry":{"type":"Polygon","coordinates":[[[268850,586970],[267830,587996],[268138,591453],[264314,591909],[260362,593663],[257664,594571],[258063,595179],[255534,597632],[254836,602112],[253887,603436],[251827,604996],[248461,602833],[247525,603616],[245539,601817],[242198,598186],[239978,598594],[237452,597885],[237499,596763],[235490,596313],[237153,592700],[239443,592096],[241843,590902],[243102,592326],[246834,591062],[247394,589397],[250150,591066],[252265,590277],[255018,591197],[255059,589116],[256510,589126],[256745,585125],[257911,584489],[259442,586684],[262404,587933],[263486,587925],[264096,586425],[265311,587187],[267170,585288],[268850,586970]]]},"properties":{"statcode":"GM1979","jrstatcode":"2024GM1979","statnaam":"Eemsdelta","rubriek":"gemeente","id":338,"FID":"gemeente_gegeneraliseerd.e9d3d2f4-ac52-4292-8a92-58b3789bc8cb"},"id":"GM1979"},
{"type":"Feature","geometry":{"type":"Polygon","coordinates":[[[118547,526011],[115659,525360],[113905,527289],[113333,524026],[110489,522867],[111350,521680],[113867,521177],[113478,518050],[115776,516432],[117292,516275],[117867,517768],[120217,516450],[119507,518520],[120453,522223],[122055,523463],[121982,524493],[120569,525076],[119253,526349],[118547,526011]]]},"properties":{"statcode":"GM1980","jrstatcode":"2024GM1980","statnaam":"Dijk en Waard","rubriek":"gemeente","id":339,"FID":"gemeente_gegeneraliseerd.0128e1b1-57fd-4bfe-ae14-4e6317d4f1f4"},"id":"GM1980"},
{"type":"Feature","geometry":{"type":"Polygon","coordinates":[[[187952,418885],[187100,419061],[182100,418241],[179719,419000],[178642,420520],[177363,420757],[175965,418981],[176841,418020],[176475,416689],[177395,415694],[176616,413680],[179011,409927],[180157,403820],[180736,400626],[182678,401110],[183654,398937],[185022,397838],[186273,397594],[189968,396928],[191028,396026],[194195,396599],[196883,397634],[197697,398060],[197838,398059],[198287,397709],[198754,397344],[199835,396476],[200716,396728],[200833,396821],[200111,398032],[200227,399391],[199282,400936],[198820,403863],[195797,406270],[194876,407769],[194937,409800],[194273,413528],[191782,414460],[189419,415627],[189000,418027],[187952,418885]]]},"properties":{"statcode":"GM1982","jrstatcode":"2024GM1982","statnaam":"Land van Cuijk","rubriek":"gemeente","id":340,"FID":"gemeente_gegeneraliseerd.d0291c33-5484-4a5c-ba61-772d3bc4fa16"},"id":"GM1982"},
{"type":"Feature","geometry":{"type":"Polygon","coordinates":[[[180157,403820],[179011,409927],[176616,413680],[177395,415694],[176475,416689],[176841,418020],[175965,418981],[173054,419541],[168065,417370],[168380,415876],[169713,413325],[169495,411370],[168086,410148],[167110,408274],[167671,406972],[171576,403864],[174215,404495],[180157,403820]]]},"properties":{"statcode":"GM1991","jrstatcode":"2024GM1991","statnaam":"Maashorst","rubriek":"gemeente","id":341,"FID":"gemeente_gegeneraliseerd.756e3c27-5103-4791-80d1-c2952a4963ba"},"id":"GM1991"},
{"type":"Feature","geometry":{"type":"Polygon","coordinates":[[[71427,437376],[70774,438285],[67014,439405],[63995,439024],[59118,437292],[62341,438129],[63191,437498],[61523,433967],[64103,429780],[62735,427900],[62748,427880],[64492,429037],[65875,427507],[68421,426419],[70139,426707],[71877,424723],[72722,424638],[73989,425699],[74559,427269],[72977,428043],[73072,429714],[75956,432228],[75330,433360],[74667,434817],[72310,436727],[71427,437376]]]},"properties":{"statcode":"GM1992","jrstatcode":"2024GM1992","statnaam":"Voorne aan Zee","rubriek":"gemeente","id":342,"FID":"gemeente_gegeneraliseerd.2823dddb-97f6-46ff-a1a3-c27d4387929d"},"id":"GM1992"}
]}