{"type":"FeatureCollection", "features": [
{"type":"Feature","geometry":{"type":"Polygon","coordinates":[[[255018,591197],[254581,594574],[254778,596452],[251378,596180],[251421,594374],[249435,593966],[250150,591066],[252265,590277],[255018,591197]]]},"properties":{"id":1,"statcode":"GM0003","jrstatcode":"2019GM0003","statnaam":"Appingedam","rubriek":"gemeente","FID":"gemeente_gegeneraliseerd_2019.c9ee7b9a-71ca-4242-b018-35662f9c4883"},"id":"GM0003"},
{"type":"Feature","geometry":{"type":"Polygon","coordinates":[[[253887,603436],[251827,604996],[248461,602833],[247456,602187],[249100,598670],[250547,598074],[251378,596180],[254778,596452],[254581,594574],[255018,591197],[255059,589116],[256510,589126],[256745,585125],[257911,584489],[259442,586684],[262404,587933],[265311,587187],[267170,585288],[268850,586970],[267830,587996],[268138,591453],[264314,591909],[257664,594571],[257766,595441],[255534,597632],[254836,602112],[253887,603436]]]},"properties":{"id":2,"statcode":"GM0010","jrstatcode":"2019GM0010","statnaam":"Delfzijl","rubriek":"gemeente","FID":"gemeente_gegeneraliseerd_2019.2da089b9-413e-4a43-a890-66331117cae8"},"id":"GM0010"},
{"type":"Feature","geometry":{"type":"Polygon","coordinates":[[[247394,589397],[246834,591062],[243117,592316],[241843,590902],[239443,592096],[237239,585468],[232751,586811],[229812,586251],[227980,584880],[226920,579805],[228401,580246],[230261,579509],[231343,579332],[232615,577783],[233694,575190],[237112,572806],[238657,570287],[242575,571284],[242174,574534],[239906,577870],[238708,578429],[243144,582918],[243821,584742],[242500,586307],[247394,589397]]]},"properties":{"id":3,"statcode":"GM0014","jrstatcode":"2019GM0014","statnaam":"Groningen","rubriek":"gemeente","FID":"gemeente_gegeneraliseerd_2019.2c29e50c-b6e9-4b89-a27b-e91ca3934e34"},"id":"GM0014"},
{"type":"Feature","geometry":{"type":"Polygon","coordinates":[[[248461,602833],[247525,603616],[242198,598186],[240005,598601],[237762,598072],[237605,596923],[235490,596313],[237153,592700],[239443,592096],[241843,590902],[243117,592316],[246834,591062],[247394,589397],[250150,591066],[249435,593966],[251421,594374],[251378,596180],[250547,598074],[249100,598670],[247456,602187],[248461,602833]]]},"properties":{"id":4,"statcode":"GM0024","jrstatcode":"2019GM0024","statnaam":"Loppersum","rubriek":"gemeente","FID":"gemeente_gegeneraliseerd_2019.2f5d988b-28ed-4248-97c8-788bad312222"},"id":"GM0024"},
{"type":"Feature","geometry":{"type":"Polygon","coordinates":[[[152521,490264],[147423,492840],[146242,494190],[139646,490242],[137125,488135],[138033,482025],[138067,481982],[141170,483064],[144950,482381],[148932,480467],[149967,479492],[150000,479461],[150223,479513],[151338,480703],[152565,480142],[154451,480684],[149147,488239],[152521,490264]]]},"properties":{"id":5,"statcode":"GM0034","jrstatcode":"2019GM0034","statnaam":"Almere","rubriek":"gemeente","FID":"gemeente_gegeneraliseerd_2019.c58b346e-8227-4c28-a580-c93f81a77d20"},"id":"GM0034"},
{"type":"Feature","geometry":{"type":"Polygon","coordinates":[[[264125,566224],[263764,566430],[260267,559692],[258916,560304],[256982,562406],[255203,563230],[253864,562563],[258967,557381],[264511,549873],[265276,549247],[265885,550400],[267704,550632],[268084,553114],[268095,558747],[269938,560199],[268586,561648],[268938,563059],[268263,565419],[265362,565470],[264125,566224]]]},"properties":{"id":6,"statcode":"GM0037","jrstatcode":"2019GM0037","statnaam":"Stadskanaal","rubriek":"gemeente","FID":"gemeente_gegeneraliseerd_2019.4be1fb8d-eec8-4b8b-97f6-f352862b906a"},"id":"GM0037"},
{"type":"Feature","geometry":{"type":"Polygon","coordinates":[[[260432,570400],[260247,571526],[255336,572359],[255210,572024],[251114,572008],[249696,571196],[250623,565849],[253864,562563],[255203,563230],[256982,562406],[258676,563637],[258436,566219],[260312,568718],[260399,568997],[260432,570400]]]},"properties":{"id":7,"statcode":"GM0047","jrstatcode":"2019GM0047","statnaam":"Veendam","rubriek":"gemeente","FID":"gemeente_gegeneraliseerd_2019.5abdc6c4-a658-4f5f-be19-1a839aaaa5e8"},"id":"GM0047"},
{"type":"Feature","geometry":{"type":"Polygon","coordinates":[[[168735,491504],[167983,491366],[165219,488582],[163289,489987],[158495,494985],[155703,492448],[152521,490264],[149147,488239],[154451,480684],[152565,480142],[151338,480703],[150223,479513],[154856,475113],[156532,473842],[160640,475028],[160751,475061],[164657,476333],[166271,481455],[165298,484702],[167029,486647],[170451,486064],[170538,486105],[170491,486985],[171044,491246],[168735,491504]]]},"properties":{"id":8,"statcode":"GM0050","jrstatcode":"2019GM0050","statnaam":"Zeewolde","rubriek":"gemeente","FID":"gemeente_gegeneraliseerd_2019.bc7cec6c-59f3-4950-9086-0a23d3673ca0"},"id":"GM0050"},
{"type":"Feature","geometry":{"type":"Polygon","coordinates":[[[211391,585908],[208904,587311],[207762,586237],[205301,586690],[198844,584303],[197233,584000],[197751,582808],[201700,581160],[201657,578845],[203635,576834],[203021,574137],[204179,573422],[207811,575044],[209310,579047],[211296,581574],[210462,584248],[211391,585908]]]},"properties":{"id":9,"statcode":"GM0059","jrstatcode":"2019GM0059","statnaam":"Achtkarspelen","rubriek":"gemeente","FID":"gemeente_gegeneraliseerd_2019.8f0ce430-6ed8-43d4-96af-16cdf6eba281"},"id":"GM0059"},
{"type":"Feature","geometry":{"type":"Polygon","coordinates":[[[177842,608434],[172152,609261],[170177,607491],[171120,604925],[173819,604139],[176010,604881],[177779,606363],[182764,605779],[191492,608036],[193027,609237],[187968,609067],[180523,608321],[177842,608434]]]},"properties":{"id":10,"statcode":"GM0060","jrstatcode":"2019GM0060","statnaam":"Ameland","rubriek":"gemeente","FID":"gemeente_gegeneraliseerd_2019.213e6cbc-c3fd-4daf-8ad4-be54b9c6d5df"},"id":"GM0060"},
{"type":"Feature","geometry":{"type":"Polygon","coordinates":[[[160686,573324],[161653,575373],[161220,576590],[161543,579253],[159731,579272],[158393,580358],[156582,576589],[156632,573913],[160686,573324]]]},"properties":{"id":11,"statcode":"GM0072","jrstatcode":"2019GM0072","statnaam":"Harlingen","rubriek":"gemeente","FID":"gemeente_gegeneraliseerd_2019.8c6dddbd-b82e-4a88-9e7c-e55180485ca0"},"id":"GM0072"},
{"type":"Feature","geometry":{"type":"Polygon","coordinates":[[[191212,565864],[189057,565898],[187660,566582],[183956,565533],[182433,563630],[182543,562626],[186567,559000],[187152,557088],[188586,555064],[187241,554733],[187504,553156],[189282,553017],[192042,547324],[193462,549084],[196353,549836],[198786,548073],[201904,550140],[201963,550154],[202005,550214],[204777,552074],[206817,554593],[209726,556235],[209882,561537],[207961,559623],[204957,558598],[200855,554354],[199151,553448],[197435,553416],[193351,554144],[194773,556924],[195074,559984],[192268,561742],[192549,564103],[191212,565864]]]},"properties":{"id":12,"statcode":"GM0074","jrstatcode":"2019GM0074","statnaam":"Heerenveen","rubriek":"gemeente","FID":"gemeente_gegeneraliseerd_2019.62116185-0aae-43bd-b92f-7020cb7a5609"},"id":"GM0074"},
{"type":"Feature","geometry":{"type":"Polygon","coordinates":[[[185116,587697],[183664,587848],[180077,589843],[178216,589859],[177289,588169],[178123,584716],[177873,583239],[178311,579995],[178883,579076],[178443,576263],[174885,577280],[173156,575770],[173382,573834],[171942,572986],[171745,570849],[173033,569543],[174998,571498],[175695,570305],[177927,570452],[179386,571145],[179792,569611],[181863,567828],[180739,566989],[180739,562300],[182433,563630],[183956,565533],[187660,566582],[187904,567239],[188184,567522],[188136,569019],[191545,569323],[192239,570682],[189889,573242],[191433,575068],[191028,575883],[186745,576196],[186180,578131],[186440,579816],[189120,580350],[187899,583074],[186512,584183],[184705,584123],[185116,587697]]]},"properties":{"id":13,"statcode":"GM0080","jrstatcode":"2019GM0080","statnaam":"Leeuwarden","rubriek":"gemeente","FID":"gemeente_gegeneraliseerd_2019.2c0bf56b-6913-473c-9d39-5f298eaca679"},"id":"GM0080"},
{"type":"Feature","geometry":{"type":"Polygon","coordinates":[[[223907,555883],[220425,561227],[220729,564947],[218321,565797],[214944,564519],[214892,563853],[210383,561354],[209882,561537],[209726,556235],[206817,554593],[204777,552074],[202005,550214],[201963,550154],[201904,550140],[203657,547594],[205935,549270],[209699,550528],[210576,549065],[212840,548819],[213462,549304],[216585,549046],[218650,547001],[221031,548771],[222656,550003],[224891,554372],[223907,555883]]]},"properties":{"id":14,"statcode":"GM0085","jrstatcode":"2019GM0085","statnaam":"Ooststellingwerf","rubriek":"gemeente","FID":"gemeente_gegeneraliseerd_2019.926ed260-465d-4da2-9902-87777daf54eb"},"id":"GM0085"},
{"type":"Feature","geometry":{"type":"Polygon","coordinates":[[[217162,567871],[215507,568493],[213553,570079],[209797,570165],[208448,571680],[204460,568550],[203009,565812],[202059,565136],[197705,565357],[196229,566156],[194789,565800],[191212,565864],[192549,564103],[192268,561742],[195074,559984],[194773,556924],[193351,554144],[197435,553416],[199151,553448],[200855,554354],[204957,558598],[207961,559623],[209882,561537],[210383,561354],[214892,563853],[214944,564519],[218321,565797],[216518,566431],[217162,567871]]]},"properties":{"id":15,"statcode":"GM0086","jrstatcode":"2019GM0086","statnaam":"Opsterland","rubriek":"gemeente","FID":"gemeente_gegeneraliseerd_2019.546721a0-4f71-4f40-a706-ca2e42d000e3"},"id":"GM0086"},
{"type":"Feature","geometry":{"type":"Polygon","coordinates":[[[221646,614708],[218547,614799],[214849,613976],[205947,612929],[204912,611960],[204348,610064],[208761,609881],[212433,610544],[213851,611742],[221646,614708]]]},"properties":{"id":16,"statcode":"GM0088","jrstatcode":"2019GM0088","statnaam":"Schiermonnikoog","rubriek":"gemeente","FID":"gemeente_gegeneraliseerd_2019.191ad2be-2c5a-4195-b76b-c39ffb9e685c"},"id":"GM0088"},
{"type":"Feature","geometry":{"type":"Polygon","coordinates":[[[208448,571680],[207769,572325],[207811,575044],[204179,573422],[203021,574137],[201271,574638],[196869,574384],[192239,570682],[191545,569323],[188136,569019],[188184,567522],[187904,567239],[187660,566582],[189057,565898],[191212,565864],[194789,565800],[196229,566156],[197705,565357],[202059,565136],[203009,565812],[204460,568550],[208448,571680]]]},"properties":{"id":17,"statcode":"GM0090","jrstatcode":"2019GM0090","statnaam":"Smallingerland","rubriek":"gemeente","FID":"gemeente_gegeneraliseerd_2019.43c6694c-b9d4-453a-8f27-d2c39854fb70"},"id":"GM0090"},
{"type":"Feature","geometry":{"type":"Polygon","coordinates":[[[160492,602248],[160926,603469],[165219,605234],[163229,606566],[160684,606104],[154258,604094],[145956,601984],[142116,600708],[140226,598182],[139556,596557],[142248,595946],[143966,597572],[146321,598493],[148762,598234],[152976,600159],[154781,601739],[160492,602248]]]},"properties":{"id":18,"statcode":"GM0093","jrstatcode":"2019GM0093","statnaam":"Terschelling","rubriek":"gemeente","FID":"gemeente_gegeneraliseerd_2019.900a3d58-f85f-42c0-9316-44ae14883b8d"},"id":"GM0093"},
{"type":"Feature","geometry":{"type":"Polygon","coordinates":[[[135879,590524],[133455,591312],[131602,590669],[126532,587262],[124692,585531],[119357,581843],[120158,580125],[121325,581338],[123751,581168],[127726,585100],[127298,586557],[131396,588338],[133379,589771],[135879,590524]]]},"properties":{"id":19,"statcode":"GM0096","jrstatcode":"2019GM0096","statnaam":"Vlieland","rubriek":"gemeente","FID":"gemeente_gegeneraliseerd_2019.f79cdcf3-7abb-4706-a8d0-c984382849a7"},"id":"GM0096"},
{"type":"Feature","geometry":{"type":"Polygon","coordinates":[[[204348,541032],[210167,545160],[212840,548819],[210576,549065],[209699,550528],[205935,549270],[203657,547594],[201904,550140],[198786,548073],[196353,549836],[193462,549084],[192042,547324],[190258,545762],[188569,545351],[186630,542749],[184160,536758],[185777,535406],[187985,534955],[191197,537508],[191589,538782],[194432,539573],[196077,536765],[198416,536610],[204348,541032]]]},"properties":{"id":20,"statcode":"GM0098","jrstatcode":"2019GM0098","statnaam":"Weststellingwerf","rubriek":"gemeente","FID":"gemeente_gegeneraliseerd_2019.e36dc770-2727-4cb3-9913-f62c4a6734b8"},"id":"GM0098"},
{"type":"Feature","geometry":{"type":"Polygon","coordinates":[[[238464,560629],[236594,561360],[236316,564451],[233306,564161],[232818,561533],[231251,562711],[229970,562744],[229352,561014],[229937,559370],[228905,558170],[229505,555712],[228778,554560],[229585,552188],[232235,550118],[232671,552656],[233930,551710],[235220,554046],[236203,554642],[238464,560629]]]},"properties":{"id":21,"statcode":"GM0106","jrstatcode":"2019GM0106","statnaam":"Assen","rubriek":"gemeente","FID":"gemeente_gegeneraliseerd_2019.40447fc7-7dc8-450e-9ce3-eb5987840399"},"id":"GM0106"},
{"type":"Feature","geometry":{"type":"Polygon","coordinates":[[[253627,536263],[251339,538548],[247853,541190],[245822,544354],[244378,543155],[245338,541577],[243714,540785],[243974,539612],[242830,538064],[243001,536740],[241863,535204],[240895,535643],[236066,528266],[236670,525775],[238978,525759],[239027,520970],[244405,518736],[244105,517225],[244106,517216],[244564,516409],[246689,518397],[249075,519147],[252075,518764],[254793,519041],[253797,524550],[253260,524561],[252210,528026],[253043,531394],[252421,533292],[253627,536263]]]},"properties":{"id":22,"statcode":"GM0109","jrstatcode":"2019GM0109","statnaam":"Coevorden","rubriek":"gemeente","FID":"gemeente_gegeneraliseerd_2019.9b2fec49-fe2d-4021-9f82-cd4abc370e6d"},"id":"GM0109"},
{"type":"Feature","geometry":{"type":"Polygon","coordinates":[[[269919,540356],[268516,541104],[266297,544126],[264580,544106],[260758,542787],[260271,541318],[254943,537951],[253627,536263],[252421,533292],[253043,531394],[252210,528026],[253260,524561],[253797,524550],[254793,519041],[257178,519277],[260013,517836],[262451,518804],[267006,517415],[267857,518738],[268290,527517],[268563,537232],[269919,540356]]]},"properties":{"id":23,"statcode":"GM0114","jrstatcode":"2019GM0114","statnaam":"Emmen","rubriek":"gemeente","FID":"gemeente_gegeneraliseerd_2019.5dad9c2d-ae72-4f80-90b9-3c7fb5affb0b"},"id":"GM0114"},
{"type":"Feature","geometry":{"type":"Polygon","coordinates":[[[236066,528266],[234030,529307],[234580,531567],[230977,531123],[229481,532077],[229507,534553],[227043,535343],[226492,533703],[226456,532612],[224044,531330],[224959,528907],[223934,524864],[226906,524927],[226761,523457],[229283,523477],[230235,521257],[232333,521170],[232285,519169],[233852,520428],[238010,521438],[239027,520970],[238978,525759],[236670,525775],[236066,528266]]]},"properties":{"id":24,"statcode":"GM0118","jrstatcode":"2019GM0118","statnaam":"Hoogeveen","rubriek":"gemeente","FID":"gemeente_gegeneraliseerd_2019.58d7c85c-964f-4832-9330-169c4c47b999"},"id":"GM0118"},
{"type":"Feature","geometry":{"type":"Polygon","coordinates":[[[212013,528595],[211134,529319],[210030,527192],[208022,532038],[204503,529463],[207178,523027],[207464,521684],[208833,521143],[210075,522220],[211383,522035],[214413,520420],[215803,523896],[213241,524883],[211080,524294],[211021,526013],[212013,528595]]]},"properties":{"id":25,"statcode":"GM0119","jrstatcode":"2019GM0119","statnaam":"Meppel","rubriek":"gemeente","FID":"gemeente_gegeneraliseerd_2019.30b82968-44b2-4cf4-a712-579d85869c83"},"id":"GM0119"},
{"type":"Feature","geometry":{"type":"Polygon","coordinates":[[[244263,490352],[241063,490849],[237491,489112],[238026,487842],[238239,487220],[238517,487065],[238036,483650],[238961,482717],[238800,480930],[238852,480838],[239521,478721],[241658,479301],[243910,480847],[244907,481937],[245882,484535],[245261,488168],[244263,490352]]]},"properties":{"id":26,"statcode":"GM0141","jrstatcode":"2019GM0141","statnaam":"Almelo","rubriek":"gemeente","FID":"gemeente_gegeneraliseerd_2019.ac87fcb6-aa43-4183-8339-1f7c17a14afe"},"id":"GM0141"},
{"type":"Feature","geometry":{"type":"Polygon","coordinates":[[[248504,483566],[245882,484535],[244907,481937],[243910,480847],[245355,480348],[247505,478100],[249710,479259],[251475,481567],[249541,482123],[248504,483566]]]},"properties":{"id":27,"statcode":"GM0147","jrstatcode":"2019GM0147","statnaam":"Borne","rubriek":"gemeente","FID":"gemeente_gegeneraliseerd_2019.cd8383d1-785a-4aef-be4f-2a02e4a6f9e2"},"id":"GM0147"},
{"type":"Feature","geometry":{"type":"Polygon","coordinates":[[[218439,512073],[217053,512569],[210231,511130],[210840,509229],[209011,503815],[209505,499520],[207676,498799],[208198,498197],[212685,497880],[215563,496960],[216534,494489],[219433,493403],[222560,494021],[221883,496226],[219939,497000],[219999,499651],[219090,504241],[221124,504542],[218439,512073]]]},"properties":{"id":28,"statcode":"GM0148","jrstatcode":"2019GM0148","statnaam":"Dalfsen","rubriek":"gemeente","FID":"gemeente_gegeneraliseerd_2019.358d9814-d3a6-4357-a89f-c57a00e5707c"},"id":"GM0148"},
{"type":"Feature","geometry":{"type":"Polygon","coordinates":[[[219070,479711],[215027,479568],[212827,481658],[210799,481749],[208511,480381],[205663,479551],[204890,479242],[203709,479490],[204488,476948],[205717,475000],[205303,473971],[206946,471351],[208223,471724],[214008,471336],[216870,471804],[217226,471219],[220009,471435],[220820,473062],[222928,473584],[222150,475120],[219257,477429],[219070,479711]]]},"properties":{"id":29,"statcode":"GM0150","jrstatcode":"2019GM0150","statnaam":"Deventer","rubriek":"gemeente","FID":"gemeente_gegeneraliseerd_2019.a79a184a-ff13-43fb-b1e7-7a10a9f0b9af"},"id":"GM0150"},
{"type":"Feature","geometry":{"type":"Polygon","coordinates":[[[259047,478596],[257079,478295],[256087,477138],[254180,477473],[254371,474983],[252822,473811],[252458,472227],[249753,473173],[248531,470806],[249332,467891],[252037,465221],[253560,465741],[257807,464736],[259539,466598],[261966,467033],[263911,471492],[262848,472546],[263292,474569],[262980,476605],[260895,478453],[259047,478596]]]},"properties":{"id":30,"statcode":"GM0153","jrstatcode":"2019GM0153","statnaam":"Enschede","rubriek":"gemeente","FID":"gemeente_gegeneraliseerd_2019.b30389c7-402f-4f63-a438-89a595d63413"},"id":"GM0153"},
{"type":"Feature","geometry":{"type":"Polygon","coordinates":[[[245580,469520],[244583,468379],[242839,468564],[240293,467158],[241039,465863],[242855,464947],[243109,462402],[242316,460984],[246025,459728],[249058,459841],[255553,460156],[256745,461572],[257807,464736],[253560,465741],[252037,465221],[249332,467891],[245580,469520]]]},"properties":{"id":31,"statcode":"GM0158","jrstatcode":"2019GM0158","statnaam":"Haaksbergen","rubriek":"gemeente","FID":"gemeente_gegeneraliseerd_2019.810f8e77-fe56-4cef-abe8-ab554395ef9e"},"id":"GM0158"},
{"type":"Feature","geometry":{"type":"Polygon","coordinates":[[[244564,516409],[244106,517216],[244105,517225],[244405,518736],[239027,520970],[238010,521438],[233852,520428],[232285,519169],[231250,518239],[231627,514661],[227915,515693],[227216,514579],[224010,515268],[222519,514322],[221119,517741],[218640,519439],[217053,512569],[218439,512073],[223809,512020],[224681,509652],[229655,509613],[230767,510396],[231938,508712],[232825,505149],[233696,504058],[233620,503830],[235056,503310],[238021,501234],[237062,499860],[238190,498384],[240224,498918],[242067,501580],[244005,500648],[244461,504519],[242737,508084],[245147,507594],[245771,509235],[248533,509328],[245235,512060],[245758,514996],[244564,516409]]]},"properties":{"id":32,"statcode":"GM0160","jrstatcode":"2019GM0160","statnaam":"Hardenberg","rubriek":"gemeente","FID":"gemeente_gegeneraliseerd_2019.40c0d044-c9eb-44d1-8009-8e1151463143"},"id":"GM0160"},
{"type":"Feature","geometry":{"type":"Polygon","coordinates":[[[235870,492853],[237340,495272],[233573,496568],[231411,494969],[228967,495367],[227237,497586],[225900,495124],[223225,493844],[224255,492456],[223186,488521],[220098,487335],[219473,485254],[221056,481583],[225536,482476],[228205,481888],[228690,482608],[230731,486767],[230468,488167],[231622,488815],[231812,491521],[235870,492853]]]},"properties":{"id":33,"statcode":"GM0163","jrstatcode":"2019GM0163","statnaam":"Hellendoorn","rubriek":"gemeente","FID":"gemeente_gegeneraliseerd_2019.00f9e3f5-4a41-49bd-ae30-8dacb39b3ce2"},"id":"GM0163"},
{"type":"Feature","geometry":{"type":"Polygon","coordinates":[[[254180,477473],[254548,479159],[252767,479918],[251475,481567],[249710,479259],[247505,478100],[248257,474693],[246298,474694],[245523,471711],[245580,469520],[249332,467891],[248531,470806],[249753,473173],[252458,472227],[252822,473811],[254371,474983],[254180,477473]]]},"properties":{"id":34,"statcode":"GM0164","jrstatcode":"2019GM0164","statnaam":"Hengelo","rubriek":"gemeente","FID":"gemeente_gegeneraliseerd_2019.6607724d-c2b2-4f45-8af4-98abb601c6f3"},"id":"GM0164"},
{"type":"Feature","geometry":{"type":"Polygon","coordinates":[[[195573,515446],[190931,514032],[189477,514615],[185873,513787],[184605,510340],[185693,509220],[186835,506572],[186866,506369],[187485,503550],[188944,503365],[190472,501267],[191578,498616],[193794,499747],[194277,498903],[196665,501560],[198494,502628],[198642,505796],[196809,507152],[198796,508172],[197391,511079],[195382,510158],[194581,512004],[195889,514168],[195573,515446]]]},"properties":{"id":35,"statcode":"GM0166","jrstatcode":"2019GM0166","statnaam":"Kampen","rubriek":"gemeente","FID":"gemeente_gegeneraliseerd_2019.25b0abbb-e197-495d-a21d-132f66dcdd20"},"id":"GM0166"},
{"type":"Feature","geometry":{"type":"Polygon","coordinates":[[[269742,488549],[265381,487450],[262828,489177],[262306,487333],[262859,485718],[260667,483898],[261567,482198],[261472,481756],[260895,478453],[262980,476605],[263292,474569],[262848,472546],[263911,471492],[265420,472399],[266509,472036],[269353,473170],[266938,477931],[266830,479485],[268743,484647],[269790,486222],[269742,488549]]]},"properties":{"id":36,"statcode":"GM0168","jrstatcode":"2019GM0168","statnaam":"Losser","rubriek":"gemeente","FID":"gemeente_gegeneraliseerd_2019.cbe8d7ce-a185-4e04-92ce-452c836df281"},"id":"GM0168"},
{"type":"Feature","geometry":{"type":"Polygon","coordinates":[[[182511,535552],[179365,539225],[176959,539030],[173368,537862],[169132,530992],[168940,521002],[172204,521205],[173142,519866],[172708,518039],[171428,516718],[172801,514261],[172881,514170],[173702,513981],[185112,513982],[194026,516960],[195388,519023],[191973,521036],[194073,523062],[192527,525435],[191097,529448],[186243,533127],[184106,533460],[182511,535552]]]},"properties":{"id":37,"statcode":"GM0171","jrstatcode":"2019GM0171","statnaam":"Noordoostpolder","rubriek":"gemeente","FID":"gemeente_gegeneraliseerd_2019.dbb9fcd7-ed39-4b54-8495-de72f8db41cb"},"id":"GM0171"},
{"type":"Feature","geometry":{"type":"Polygon","coordinates":[[[260667,483898],[258152,483914],[255535,480845],[255446,479987],[257825,479464],[259047,478596],[260895,478453],[261472,481756],[261567,482198],[260667,483898]]]},"properties":{"id":38,"statcode":"GM0173","jrstatcode":"2019GM0173","statnaam":"Oldenzaal","rubriek":"gemeente","FID":"gemeente_gegeneraliseerd_2019.f67a4f0d-d722-4df2-be6b-3490c6e11e65"},"id":"GM0173"},
{"type":"Feature","geometry":{"type":"Polygon","coordinates":[[[233696,504058],[232825,505149],[231938,508712],[230767,510396],[229655,509613],[224681,509652],[223809,512020],[218439,512073],[221124,504542],[219090,504241],[219999,499651],[219939,497000],[221883,496226],[222560,494021],[223225,493844],[225900,495124],[227237,497586],[228257,499144],[230837,499917],[230949,500948],[234282,500626],[237062,499860],[238021,501234],[235056,503310],[233620,503830],[233696,504058]]]},"properties":{"id":39,"statcode":"GM0175","jrstatcode":"2019GM0175","statnaam":"Ommen","rubriek":"gemeente","FID":"gemeente_gegeneraliseerd_2019.7a793512-e6a2-412f-9f04-0479b9465024"},"id":"GM0175"},
{"type":"Feature","geometry":{"type":"Polygon","coordinates":[[[207676,498799],[206437,498038],[207186,496434],[208743,493999],[212392,493187],[211774,491579],[212405,489573],[210605,489096],[210163,485220],[211947,484698],[212827,481658],[215027,479568],[219070,479711],[221056,481583],[219473,485254],[220098,487335],[223186,488521],[224255,492456],[223225,493844],[222560,494021],[219433,493403],[216534,494489],[215563,496960],[212685,497880],[208198,498197],[207676,498799]]]},"properties":{"id":40,"statcode":"GM0177","jrstatcode":"2019GM0177","statnaam":"Raalte","rubriek":"gemeente","FID":"gemeente_gegeneraliseerd_2019.f59d3a43-32da-4d77-9d5f-9f29b3e4778d"},"id":"GM0177"},
{"type":"Feature","geometry":{"type":"Polygon","coordinates":[[[214413,520420],[211383,522035],[210075,522220],[208833,521143],[207464,521684],[207178,523027],[204541,520304],[203490,518981],[202982,516172],[203684,513147],[205439,510667],[206523,511030],[210231,511130],[217053,512569],[218640,519439],[218267,520741],[214413,520420]]]},"properties":{"id":41,"statcode":"GM0180","jrstatcode":"2019GM0180","statnaam":"Staphorst","rubriek":"gemeente","FID":"gemeente_gegeneraliseerd_2019.bd06305a-60fd-4aae-ac63-6f43a2b724da"},"id":"GM0180"},
{"type":"Feature","geometry":{"type":"Polygon","coordinates":[[[261084,495458],[260703,495317],[258268,496024],[257102,496478],[255239,496976],[254709,497894],[249292,497775],[245389,499764],[243721,496317],[242447,495629],[242245,492945],[244263,490352],[245261,488168],[245882,484535],[248504,483566],[250104,486718],[252408,487310],[255557,487230],[255374,492114],[254727,494262],[257667,494959],[259813,495155],[261224,495043],[261084,495458]]]},"properties":{"id":42,"statcode":"GM0183","jrstatcode":"2019GM0183","statnaam":"Tubbergen","rubriek":"gemeente","FID":"gemeente_gegeneraliseerd_2019.10a14314-6fb6-47b9-bb8c-3240c43d262f"},"id":"GM0183"},
{"type":"Feature","geometry":{"type":"Polygon","coordinates":[[[171428,516718],[172708,518039],[173142,519866],[172204,521205],[168940,521002],[168904,519532],[171428,516718]]]},"properties":{"id":43,"statcode":"GM0184","jrstatcode":"2019GM0184","statnaam":"Urk","rubriek":"gemeente","FID":"gemeente_gegeneraliseerd_2019.f84d37b5-4a09-442c-b3f4-e743919babac"},"id":"GM0184"},
{"type":"Feature","geometry":{"type":"Polygon","coordinates":[[[237491,489112],[235870,492853],[231812,491521],[231622,488815],[230468,488167],[230731,486767],[228690,482608],[232542,482574],[233947,481789],[234618,477898],[235604,476454],[238147,476555],[239521,478721],[238852,480838],[238800,480930],[238961,482717],[238036,483650],[238517,487065],[238239,487220],[238026,487842],[237491,489112]]]},"properties":{"id":44,"statcode":"GM0189","jrstatcode":"2019GM0189","statnaam":"Wierden","rubriek":"gemeente","FID":"gemeente_gegeneraliseerd_2019.696347d5-bef3-439a-8a02-818c54564828"},"id":"GM0189"},
{"type":"Feature","geometry":{"type":"Polygon","coordinates":[[[210231,511130],[206523,511030],[207860,508912],[206093,507430],[203577,509102],[202626,507366],[200830,509067],[198796,508172],[196809,507152],[198642,505796],[198494,502628],[200293,501552],[201480,499596],[203554,497862],[203693,496486],[204118,494995],[206162,495137],[207186,496434],[206437,498038],[207676,498799],[209505,499520],[209011,503815],[210840,509229],[210231,511130]]]},"properties":{"id":45,"statcode":"GM0193","jrstatcode":"2019GM0193","statnaam":"Zwolle","rubriek":"gemeente","FID":"gemeente_gegeneraliseerd_2019.a1015cfe-b820-4850-b93c-2bcfa6fb3f49"},"id":"GM0193"},
{"type":"Feature","geometry":{"type":"Polygon","coordinates":[[[241026,442310],[240317,442825],[235537,443533],[233348,442571],[231837,440317],[230785,436601],[229671,435986],[230535,432840],[229700,431714],[229669,431220],[229209,430185],[231714,431638],[235463,433233],[237501,434632],[243171,436930],[242472,438604],[240751,439273],[240374,440913],[241026,442310]]]},"properties":{"id":46,"statcode":"GM0197","jrstatcode":"2019GM0197","statnaam":"Aalten","rubriek":"gemeente","FID":"gemeente_gegeneraliseerd_2019.05eb14b8-b2ac-4d75-9a50-322f8356b4c2"},"id":"GM0197"},
{"type":"Feature","geometry":{"type":"Polygon","coordinates":[[[199314,475811],[198791,476728],[195043,476295],[192470,476410],[188613,475333],[186646,475732],[184637,476162],[179712,475645],[180558,473428],[178166,472771],[179223,470259],[178483,469000],[179846,467352],[182678,467730],[184046,466390],[183369,465550],[183925,462666],[187329,462391],[187703,459811],[188997,457683],[190906,457037],[193301,456931],[193314,454549],[193991,454048],[196355,454715],[197619,454153],[199337,456875],[200495,459784],[202153,461974],[201331,463462],[200079,470570],[199155,470864],[198792,473595],[199314,475811]]]},"properties":{"id":47,"statcode":"GM0200","jrstatcode":"2019GM0200","statnaam":"Apeldoorn","rubriek":"gemeente","FID":"gemeente_gegeneraliseerd_2019.57e14124-4e0b-428a-92eb-40348e002435"},"id":"GM0200"},
{"type":"Feature","geometry":{"type":"Polygon","coordinates":[[[193753,445846],[193048,447159],[192721,451278],[193991,454048],[193314,454549],[190834,452773],[190134,451418],[186746,451577],[184250,448500],[183548,446269],[187726,445372],[187777,442562],[185793,442889],[185440,439736],[188342,439336],[190123,438556],[192434,441368],[194052,440187],[193846,441945],[196442,443060],[194409,444611],[193753,445846]]]},"properties":{"id":48,"statcode":"GM0202","jrstatcode":"2019GM0202","statnaam":"Arnhem","rubriek":"gemeente","FID":"gemeente_gegeneraliseerd_2019.992b4aae-e38b-4aae-b07a-d024684fb2c7"},"id":"GM0202"},
{"type":"Feature","geometry":{"type":"Polygon","coordinates":[[[178166,472771],[175248,472548],[175093,470848],[171819,468925],[171310,467216],[169566,467748],[168023,467426],[167180,465567],[165601,465534],[164819,467056],[161730,465987],[161344,464188],[161443,462484],[163575,460688],[163536,460665],[161798,458575],[162306,458102],[164889,457124],[166177,457477],[166919,459129],[175902,461065],[177803,462061],[183925,462666],[183369,465550],[184046,466390],[182678,467730],[179846,467352],[178483,469000],[179223,470259],[178166,472771]]]},"properties":{"id":49,"statcode":"GM0203","jrstatcode":"2019GM0203","statnaam":"Barneveld","rubriek":"gemeente","FID":"gemeente_gegeneraliseerd_2019.09649428-712b-4f0b-aa53-8ae37a2f02e2"},"id":"GM0203"},
{"type":"Feature","geometry":{"type":"Polygon","coordinates":[[[181023,427145],[182541,428110],[185202,430942],[184605,431389],[183448,431953],[178275,433261],[176990,433912],[175499,434168],[174330,430857],[175140,430259],[175047,428325],[181023,427145]]]},"properties":{"id":50,"statcode":"GM0209","jrstatcode":"2019GM0209","statnaam":"Beuningen","rubriek":"gemeente","FID":"gemeente_gegeneraliseerd_2019.46a0aca1-1304-41ad-996d-aa9ba4cb6025"},"id":"GM0209"},
{"type":"Feature","geometry":{"type":"Polygon","coordinates":[[[209566,463973],[207865,463990],[202153,461974],[200495,459784],[199337,456875],[197619,454153],[197437,453299],[198646,453413],[201636,455769],[204098,454672],[206454,452586],[208710,454804],[209215,456189],[211920,456952],[211732,458183],[210138,458749],[208814,462157],[207254,462029],[207021,463587],[209366,463023],[209566,463973]]]},"properties":{"id":51,"statcode":"GM0213","jrstatcode":"2019GM0213","statnaam":"Brummen","rubriek":"gemeente","FID":"gemeente_gegeneraliseerd_2019.dfdf14f3-3a5d-426e-a5a5-e0e43843381f"},"id":"GM0213"},
{"type":"Feature","geometry":{"type":"Polygon","coordinates":[[[161214,443901],[158792,444174],[155259,442479],[152323,442141],[151282,440975],[146971,441896],[145011,439684],[145913,438566],[147598,438309],[147191,436851],[148647,434620],[149827,434157],[151682,431722],[155869,434452],[156655,435946],[159553,437144],[162317,436674],[166465,437178],[166156,439329],[168002,439402],[168709,440284],[166964,440688],[165515,442107],[161214,443901]]]},"properties":{"id":52,"statcode":"GM0214","jrstatcode":"2019GM0214","statnaam":"Buren","rubriek":"gemeente","FID":"gemeente_gegeneraliseerd_2019.25919b4c-3095-4703-ae44-81c0b9521c05"},"id":"GM0214"},
{"type":"Feature","geometry":{"type":"Polygon","coordinates":[[[146971,441896],[146003,442511],[144193,443038],[142544,441238],[140776,442134],[138163,437413],[140464,436979],[142652,437542],[144404,437245],[145913,438566],[145011,439684],[146971,441896]]]},"properties":{"id":53,"statcode":"GM0216","jrstatcode":"2019GM0216","statnaam":"Culemborg","rubriek":"gemeente","FID":"gemeente_gegeneraliseerd_2019.fb81dee3-fe89-4077-a239-d6e31d4e1182"},"id":"GM0216"},
{"type":"Feature","geometry":{"type":"Polygon","coordinates":[[[209088,450409],[207474,450694],[205386,449842],[206136,448798],[204611,445586],[208018,445989],[209065,449556],[209088,450409]]]},"properties":{"id":54,"statcode":"GM0221","jrstatcode":"2019GM0221","statnaam":"Doesburg","rubriek":"gemeente","FID":"gemeente_gegeneraliseerd_2019.b0480781-bc29-426d-a423-b999809fada6"},"id":"GM0221"},
{"type":"Feature","geometry":{"type":"Polygon","coordinates":[[[225697,443190],[223937,442688],[221394,443360],[219004,445508],[214774,444150],[214266,443414],[208124,443909],[207040,443838],[208294,441111],[210426,439466],[212311,439898],[217903,439916],[218164,439328],[219941,437929],[221975,437614],[223270,439113],[225697,443190]]]},"properties":{"id":55,"statcode":"GM0222","jrstatcode":"2019GM0222","statnaam":"Doetinchem","rubriek":"gemeente","FID":"gemeente_gegeneraliseerd_2019.6c92478b-469b-4267-89f5-b19d5634fa92"},"id":"GM0222"},
{"type":"Feature","geometry":{"type":"Polygon","coordinates":[[[175499,434168],[166618,434739],[164923,434036],[167480,432016],[168633,427854],[170344,427544],[172139,428794],[172148,431008],[174330,430857],[175499,434168]]]},"properties":{"id":56,"statcode":"GM0225","jrstatcode":"2019GM0225","statnaam":"Druten","rubriek":"gemeente","FID":"gemeente_gegeneraliseerd_2019.c586278c-53b4-4952-87dc-150e50c06bee"},"id":"GM0225"},
{"type":"Feature","geometry":{"type":"Polygon","coordinates":[[[201479,440287],[201274,443932],[199466,442747],[197222,443417],[196008,442833],[196060,439565],[194786,439082],[196273,436262],[200038,436699],[200149,436757],[201333,439904],[201479,440287]]]},"properties":{"id":57,"statcode":"GM0226","jrstatcode":"2019GM0226","statnaam":"Duiven","rubriek":"gemeente","FID":"gemeente_gegeneraliseerd_2019.96bd5421-d131-4b09-bfb7-0ac22b7d6bd0"},"id":"GM0226"},
{"type":"Feature","geometry":{"type":"Polygon","coordinates":[[[183925,462666],[177803,462061],[175902,461065],[166919,459129],[166177,457477],[167034,454459],[166710,451186],[168691,449236],[168888,446807],[170028,445109],[174793,444768],[178153,445868],[179569,447996],[184250,448500],[186746,451577],[190134,451418],[190834,452773],[193314,454549],[193301,456931],[190906,457037],[188997,457683],[187703,459811],[187329,462391],[183925,462666]]]},"properties":{"id":58,"statcode":"GM0228","jrstatcode":"2019GM0228","statnaam":"Ede","rubriek":"gemeente","FID":"gemeente_gegeneraliseerd_2019.99ec837f-c53b-4d97-a028-c0747bf87e54"},"id":"GM0228"},
{"type":"Feature","geometry":{"type":"Polygon","coordinates":[[[191563,489418],[189881,492569],[187979,495138],[188336,496264],[185928,498187],[184242,496703],[184239,496698],[183784,494248],[180158,491069],[181106,489810],[183887,490636],[184557,489328],[187533,485859],[188299,485665],[190706,488900],[191563,489418]]]},"properties":{"id":59,"statcode":"GM0230","jrstatcode":"2019GM0230","statnaam":"Elburg","rubriek":"gemeente","FID":"gemeente_gegeneraliseerd_2019.96de6543-8eb8-4941-835a-1b15b2c6f370"},"id":"GM0230"},
{"type":"Feature","geometry":{"type":"Polygon","coordinates":[[[202041,486492],[199593,485603],[198901,486789],[196136,488031],[193374,490216],[191563,489418],[190706,488900],[188299,485665],[187541,484932],[188653,483143],[185940,479700],[186646,475732],[188613,475333],[192470,476410],[195043,476295],[198791,476728],[199314,475811],[199778,476950],[199176,478732],[200380,482761],[201793,482737],[202041,486492]]]},"properties":{"id":60,"statcode":"GM0232","jrstatcode":"2019GM0232","statnaam":"Epe","rubriek":"gemeente","FID":"gemeente_gegeneraliseerd_2019.27bb3f46-0c7a-4ffd-8705-d878373cc2b8"},"id":"GM0232"},
{"type":"Feature","geometry":{"type":"Polygon","coordinates":[[[179712,475645],[180074,477242],[179328,478956],[179788,481076],[176743,482320],[174343,479587],[171570,482129],[170102,481257],[167854,482090],[165976,478215],[168672,476775],[172201,476013],[174801,473556],[175248,472548],[178166,472771],[180558,473428],[179712,475645]]]},"properties":{"id":61,"statcode":"GM0233","jrstatcode":"2019GM0233","statnaam":"Ermelo","rubriek":"gemeente","FID":"gemeente_gegeneraliseerd_2019.5b306b1b-b92d-4d9c-9c03-7ec541d652e8"},"id":"GM0233"},
{"type":"Feature","geometry":{"type":"Polygon","coordinates":[[[176743,482320],[177172,482707],[176011,485919],[174863,487926],[173087,486389],[170538,486105],[170451,486064],[170274,484209],[167854,482090],[170102,481257],[171570,482129],[174343,479587],[176743,482320]]]},"properties":{"id":62,"statcode":"GM0243","jrstatcode":"2019GM0243","statnaam":"Harderwijk","rubriek":"gemeente","FID":"gemeente_gegeneraliseerd_2019.09f9f2f8-8051-49df-bc49-e38f650c105a"},"id":"GM0243"},
{"type":"Feature","geometry":{"type":"Polygon","coordinates":[[[203693,496486],[203554,497862],[201480,499596],[200293,501552],[198494,502628],[196665,501560],[198864,499170],[199007,497300],[198205,495337],[203693,496486]]]},"properties":{"id":63,"statcode":"GM0244","jrstatcode":"2019GM0244","statnaam":"Hattem","rubriek":"gemeente","FID":"gemeente_gegeneraliseerd_2019.8b1ba330-9edb-4dc9-a075-8d6fa89033fb"},"id":"GM0244"},
{"type":"Feature","geometry":{"type":"Polygon","coordinates":[[[203693,496486],[198205,495337],[194909,491489],[193374,490216],[196136,488031],[198901,486789],[199593,485603],[202041,486492],[202348,487360],[205142,488417],[205552,490344],[204238,491356],[204801,494156],[204118,494995],[203693,496486]]]},"properties":{"id":64,"statcode":"GM0246","jrstatcode":"2019GM0246","statnaam":"Heerde","rubriek":"gemeente","FID":"gemeente_gegeneraliseerd_2019.db750e63-d0b2-4ff4-ac54-59044acc5e4c"},"id":"GM0246"},
{"type":"Feature","geometry":{"type":"Polygon","coordinates":[[[189934,421142],[188924,424660],[186004,424243],[184185,422522],[183542,423026],[182149,421801],[178809,421113],[178642,420520],[179719,419000],[182850,418389],[187100,419061],[187952,418885],[188175,420871],[189934,421142]]]},"properties":{"id":65,"statcode":"GM0252","jrstatcode":"2019GM0252","statnaam":"Heumen","rubriek":"gemeente","FID":"gemeente_gegeneraliseerd_2019.4aa6d83d-badd-4e8d-b621-38daf79f6933"},"id":"GM0252"},
{"type":"Feature","geometry":{"type":"Polygon","coordinates":[[[225295,473178],[222928,473584],[220820,473062],[220009,471435],[217226,471219],[216870,471804],[214008,471336],[208223,471724],[209811,470212],[209470,468765],[207596,468015],[210159,465674],[210111,464934],[213035,463368],[213382,462328],[214005,462492],[216340,462614],[216808,462743],[219111,463145],[219428,461475],[221444,461259],[222244,459983],[226043,457025],[228163,458288],[229214,458067],[230664,460108],[229893,462147],[230594,466046],[229670,466614],[226208,471073],[225295,473178]]]},"properties":{"id":66,"statcode":"GM0262","jrstatcode":"2019GM0262","statnaam":"Lochem","rubriek":"gemeente","FID":"gemeente_gegeneraliseerd_2019.879e9969-e7e3-4385-9f9b-bfb28548f208"},"id":"GM0262"},
{"type":"Feature","geometry":{"type":"Polygon","coordinates":[[[156909,425853],[155926,427674],[153199,424121],[151678,424219],[149305,426154],[147727,425849],[148169,423509],[146670,422726],[146905,420635],[142534,420057],[140937,418589],[141083,417042],[142519,416989],[145155,416198],[147822,416789],[148700,416448],[152674,418532],[153747,422352],[156000,425809],[156909,425853]]]},"properties":{"id":67,"statcode":"GM0263","jrstatcode":"2019GM0263","statnaam":"Maasdriel","rubriek":"gemeente","FID":"gemeente_gegeneraliseerd_2019.1594858d-8b29-4590-910d-da1300752f58"},"id":"GM0263"},
{"type":"Feature","geometry":{"type":"Polygon","coordinates":[[[161242,474425],[160751,475061],[160640,475028],[160416,474213],[156113,473189],[155568,470119],[156535,470055],[158572,468233],[158603,464784],[161344,464188],[161730,465987],[164819,467056],[165601,465534],[167180,465567],[168023,467426],[169566,467748],[171310,467216],[171819,468925],[166123,468260],[163769,471792],[161591,472358],[161242,474425]]]},"properties":{"id":68,"statcode":"GM0267","jrstatcode":"2019GM0267","statnaam":"Nijkerk","rubriek":"gemeente","FID":"gemeente_gegeneraliseerd_2019.984d33a5-0b56-4ba4-b95b-0bb9677feaf7"},"id":"GM0267"},
{"type":"Feature","geometry":{"type":"Polygon","coordinates":[[[187346,434116],[184605,431389],[185202,430942],[182541,428110],[181023,427145],[182203,424546],[183542,423026],[184185,422522],[186004,424243],[188924,424660],[190290,426347],[189450,429123],[189409,430857],[188339,433459],[187346,434116]]]},"properties":{"id":69,"statcode":"GM0268","jrstatcode":"2019GM0268","statnaam":"Nijmegen","rubriek":"gemeente","FID":"gemeente_gegeneraliseerd_2019.a10de558-abbe-4b22-bf7b-a5fefe7f2b9c"},"id":"GM0268"},
{"type":"Feature","geometry":{"type":"Polygon","coordinates":[[[196665,501560],[194277,498903],[193794,499747],[191578,498616],[190472,501267],[188944,503365],[187485,503550],[185928,498187],[188336,496264],[187979,495138],[189881,492569],[191563,489418],[193374,490216],[194909,491489],[198205,495337],[199007,497300],[198864,499170],[196665,501560]]]},"properties":{"id":70,"statcode":"GM0269","jrstatcode":"2019GM0269","statnaam":"Oldebroek","rubriek":"gemeente","FID":"gemeente_gegeneraliseerd_2019.aa3da6af-5054-45ca-bfc7-17ab6348c1b3"},"id":"GM0269"},
{"type":"Feature","geometry":{"type":"Polygon","coordinates":[[[165976,478215],[164574,475082],[163079,475199],[161242,474425],[161591,472358],[163769,471792],[166123,468260],[171819,468925],[175093,470848],[175248,472548],[174801,473556],[172201,476013],[168672,476775],[165976,478215]]]},"properties":{"id":71,"statcode":"GM0273","jrstatcode":"2019GM0273","statnaam":"Putten","rubriek":"gemeente","FID":"gemeente_gegeneraliseerd_2019.f1c44c15-683e-43de-8544-5be30207f031"},"id":"GM0273"},
{"type":"Feature","geometry":{"type":"Polygon","coordinates":[[[184250,448500],[179569,447996],[178153,445868],[177433,442242],[178051,441789],[179676,442461],[182397,441341],[185793,442889],[187777,442562],[187726,445372],[183548,446269],[184250,448500]]]},"properties":{"id":72,"statcode":"GM0274","jrstatcode":"2019GM0274","statnaam":"Renkum","rubriek":"gemeente","FID":"gemeente_gegeneraliseerd_2019.80498e93-90de-4079-9c4b-a49df470afc2"},"id":"GM0274"},
{"type":"Feature","geometry":{"type":"Polygon","coordinates":[[[206454,452586],[204098,454672],[201636,455769],[198646,453413],[197437,453299],[196909,451927],[195519,451952],[196769,448828],[195723,447950],[195329,446215],[193753,445846],[194409,444611],[196442,443060],[197235,443762],[201467,447621],[203527,445169],[204611,445586],[206136,448798],[205386,449842],[204977,451410],[206454,452586]]]},"properties":{"id":73,"statcode":"GM0275","jrstatcode":"2019GM0275","statnaam":"Rheden","rubriek":"gemeente","FID":"gemeente_gegeneraliseerd_2019.05770c9d-c0eb-40b8-bc80-acbff3d3b933"},"id":"GM0275"},
{"type":"Feature","geometry":{"type":"Polygon","coordinates":[[[193753,445846],[195329,446215],[195723,447950],[196769,448828],[195519,451952],[196909,451927],[197437,453299],[197619,454153],[196355,454715],[193991,454048],[192721,451278],[193048,447159],[193753,445846]]]},"properties":{"id":74,"statcode":"GM0277","jrstatcode":"2019GM0277","statnaam":"Rozendaal","rubriek":"gemeente","FID":"gemeente_gegeneraliseerd_2019.c06d65c5-75a7-48b9-8109-f75adf07a533"},"id":"GM0277"},
{"type":"Feature","geometry":{"type":"Polygon","coordinates":[[[164889,457124],[162306,458102],[161776,456160],[159938,454664],[162468,453716],[164286,454372],[165275,455609],[164889,457124]]]},"properties":{"id":75,"statcode":"GM0279","jrstatcode":"2019GM0279","statnaam":"Scherpenzeel","rubriek":"gemeente","FID":"gemeente_gegeneraliseerd_2019.324b87c1-e4cd-47b6-8636-d75fa0d6099b"},"id":"GM0279"},
{"type":"Feature","geometry":{"type":"Polygon","coordinates":[[[159553,437144],[156655,435946],[155869,434452],[151682,431722],[150942,429830],[154478,430328],[156931,429248],[157464,430875],[158978,432854],[160281,433390],[159703,434926],[160866,435511],[159553,437144]]]},"properties":{"id":76,"statcode":"GM0281","jrstatcode":"2019GM0281","statnaam":"Tiel","rubriek":"gemeente","FID":"gemeente_gegeneraliseerd_2019.aad03e13-99c2-4267-9512-49891574a4ac"},"id":"GM0281"},
{"type":"Feature","geometry":{"type":"Polygon","coordinates":[[[202311,480665],[201793,482737],[200380,482761],[199176,478732],[199778,476950],[199314,475811],[198792,473595],[199155,470864],[200079,470570],[201331,463462],[202153,461974],[207865,463990],[209566,463973],[210111,464934],[210159,465674],[207596,468015],[209470,468765],[209811,470212],[208223,471724],[206946,471351],[205303,473971],[205717,475000],[204488,476948],[203709,479490],[202449,480134],[202311,480665]]]},"properties":{"id":77,"statcode":"GM0285","jrstatcode":"2019GM0285","statnaam":"Voorst","rubriek":"gemeente","FID":"gemeente_gegeneraliseerd_2019.f0d03ebf-6e36-40ce-a83c-ec6e56036484"},"id":"GM0285"},
{"type":"Feature","geometry":{"type":"Polygon","coordinates":[[[178051,441789],[177433,442242],[178153,445868],[174793,444768],[170028,445109],[171413,442878],[171506,440475],[170040,439431],[171717,438689],[174165,440521],[175257,441233],[178051,441789]]]},"properties":{"id":78,"statcode":"GM0289","jrstatcode":"2019GM0289","statnaam":"Wageningen","rubriek":"gemeente","FID":"gemeente_gegeneraliseerd_2019.5dcc48f8-c154-4cb0-8787-4d492d783b17"},"id":"GM0289"},
{"type":"Feature","geometry":{"type":"Polygon","coordinates":[[[194786,439082],[196060,439565],[196008,442833],[197222,443417],[197235,443762],[196442,443060],[193846,441945],[194052,440187],[194786,439082]]]},"properties":{"id":79,"statcode":"GM0293","jrstatcode":"2019GM0293","statnaam":"Westervoort","rubriek":"gemeente","FID":"gemeente_gegeneraliseerd_2019.0e6ae8fb-4202-430c-8747-7c900f51a4d9"},"id":"GM0293"},
{"type":"Feature","geometry":{"type":"Polygon","coordinates":[[[243171,436930],[244815,437054],[246870,435016],[250135,437318],[251742,439473],[252027,442085],[254053,442725],[253857,445995],[252803,446483],[248727,449778],[246038,451025],[244235,450969],[243965,449668],[242089,448006],[242148,443776],[241026,442310],[240374,440913],[240751,439273],[242472,438604],[243171,436930]]]},"properties":{"id":80,"statcode":"GM0294","jrstatcode":"2019GM0294","statnaam":"Winterswijk","rubriek":"gemeente","FID":"gemeente_gegeneraliseerd_2019.1fa9a337-5448-43bf-a67a-8185a271540f"},"id":"GM0294"},
{"type":"Feature","geometry":{"type":"Polygon","coordinates":[[[181023,427145],[175047,428325],[175140,430259],[174330,430857],[172148,431008],[172139,428794],[170344,427544],[169530,426626],[172602,425437],[173645,423300],[176061,422250],[177363,420757],[178642,420520],[178809,421113],[182149,421801],[183542,423026],[182203,424546],[181023,427145]]]},"properties":{"id":81,"statcode":"GM0296","jrstatcode":"2019GM0296","statnaam":"Wijchen","rubriek":"gemeente","FID":"gemeente_gegeneraliseerd_2019.67c0fb0a-ff7d-4e2a-ab9c-b0da0a48530d"},"id":"GM0296"},
{"type":"Feature","geometry":{"type":"Polygon","coordinates":[[[147727,425849],[142316,424640],[140488,425324],[137985,425081],[134503,426490],[131800,425600],[130120,425644],[128329,425884],[129398,424464],[131612,423329],[132901,421370],[134900,422150],[137771,420500],[137800,418032],[137100,416575],[141083,417042],[140937,418589],[142534,420057],[146905,420635],[146670,422726],[148169,423509],[147727,425849]]]},"properties":{"id":82,"statcode":"GM0297","jrstatcode":"2019GM0297","statnaam":"Zaltbommel","rubriek":"gemeente","FID":"gemeente_gegeneraliseerd_2019.9c4dede9-39c4-4c14-8af4-659c8d7a6527"},"id":"GM0297"},
{"type":"Feature","geometry":{"type":"Polygon","coordinates":[[[204611,445586],[203527,445169],[201467,447621],[197235,443762],[197222,443417],[199466,442747],[201274,443932],[201479,440287],[201333,439904],[200149,436757],[200038,436699],[196273,436262],[198680,434392],[200390,431580],[201581,430983],[204612,429082],[208709,428303],[208709,430631],[207158,431516],[206629,433297],[204764,434295],[208001,435458],[208731,435004],[203426,439153],[203324,442392],[204342,442274],[207040,443838],[208124,443909],[208018,445989],[204611,445586]]]},"properties":{"id":83,"statcode":"GM0299","jrstatcode":"2019GM0299","statnaam":"Zevenaar","rubriek":"gemeente","FID":"gemeente_gegeneraliseerd_2019.a19c4cfd-2cf7-4a4b-9eb7-b7f804a9a2b8"},"id":"GM0299"},
{"type":"Feature","geometry":{"type":"Polygon","coordinates":[[[213382,462328],[213035,463368],[210111,464934],[209566,463973],[209366,463023],[207021,463587],[207254,462029],[208814,462157],[210138,458749],[211732,458183],[211920,456952],[213134,458728],[214667,458363],[215971,459648],[219428,461475],[219111,463145],[216808,462743],[216340,462614],[214005,462492],[213382,462328]]]},"properties":{"id":84,"statcode":"GM0301","jrstatcode":"2019GM0301","statnaam":"Zutphen","rubriek":"gemeente","FID":"gemeente_gegeneraliseerd_2019.d663d999-3074-4655-bb2b-1aedcf7d1780"},"id":"GM0301"},
{"type":"Feature","geometry":{"type":"Polygon","coordinates":[[[188299,485665],[187533,485859],[184557,489328],[183887,490636],[181106,489810],[180158,491069],[176289,488200],[174863,487926],[176011,485919],[177172,482707],[176743,482320],[179788,481076],[179328,478956],[180074,477242],[179712,475645],[184637,476162],[186646,475732],[185940,479700],[188653,483143],[187541,484932],[188299,485665]]]},"properties":{"id":85,"statcode":"GM0302","jrstatcode":"2019GM0302","statnaam":"Nunspeet","rubriek":"gemeente","FID":"gemeente_gegeneraliseerd_2019.b4927640-3273-4aa5-ac25-3b8f46a524bc"},"id":"GM0302"},
{"type":"Feature","geometry":{"type":"Polygon","coordinates":[[[186835,506572],[183851,510071],[179977,510543],[173129,512231],[172881,514170],[172801,514261],[171333,513117],[167581,512082],[168575,508447],[168863,501382],[169854,499667],[167110,498075],[168542,495567],[167202,494246],[168735,491504],[171044,491246],[170491,486985],[170496,486990],[170527,487020],[173667,490046],[177649,492088],[179480,491924],[182869,494640],[184239,496698],[184242,496703],[186264,500738],[186888,503495],[186866,506369],[186835,506572]]]},"properties":{"id":86,"statcode":"GM0303","jrstatcode":"2019GM0303","statnaam":"Dronten","rubriek":"gemeente","FID":"gemeente_gegeneraliseerd_2019.08f3c0f5-ce8b-4a89-a514-bba4facab477"},"id":"GM0303"},
{"type":"Feature","geometry":{"type":"Polygon","coordinates":[[[155568,470119],[155378,468603],[151128,469628],[150015,468326],[149833,466993],[152448,465274],[151128,460835],[151170,459826],[149469,458007],[149774,457797],[152839,460960],[155679,460639],[157487,463273],[158781,463700],[161443,462484],[161344,464188],[158603,464784],[158572,468233],[156535,470055],[155568,470119]]]},"properties":{"id":87,"statcode":"GM0307","jrstatcode":"2019GM0307","statnaam":"Amersfoort","rubriek":"gemeente","FID":"gemeente_gegeneraliseerd_2019.5edbbcc3-0c8d-4bce-8da1-f1a28778c34e"},"id":"GM0307"},
{"type":"Feature","geometry":{"type":"Polygon","coordinates":[[[151128,469628],[151470,471154],[149881,471643],[149108,470608],[143899,470803],[143501,469350],[143263,468477],[143021,465373],[143902,464184],[145147,464668],[147000,466717],[150015,468326],[151128,469628]]]},"properties":{"id":88,"statcode":"GM0308","jrstatcode":"2019GM0308","statnaam":"Baarn","rubriek":"gemeente","FID":"gemeente_gegeneraliseerd_2019.3cc3ddf1-c72c-4f11-ba09-2f1ca2bd309b"},"id":"GM0308"},
{"type":"Feature","geometry":{"type":"Polygon","coordinates":[[[143902,464184],[143021,465373],[143263,468477],[141688,465539],[137006,465887],[136821,465902],[136402,465781],[136642,464951],[134996,463060],[136746,461962],[135821,460594],[138707,458946],[139521,456261],[141672,455330],[142761,456167],[143044,456617],[144296,458741],[144168,460395],[144200,460831],[143902,464184]]]},"properties":{"id":89,"statcode":"GM0310","jrstatcode":"2019GM0310","statnaam":"De Bilt","rubriek":"gemeente","FID":"gemeente_gegeneraliseerd_2019.ba924316-8a8a-4716-a4bf-2f6fde1676e3"},"id":"GM0310"},
{"type":"Feature","geometry":{"type":"Polygon","coordinates":[[[141834,454358],[139455,454415],[138939,452076],[142216,449275],[142298,447693],[144167,446993],[145110,445611],[147634,446934],[146492,448455],[145414,452270],[141834,454358]]]},"properties":{"id":90,"statcode":"GM0312","jrstatcode":"2019GM0312","statnaam":"Bunnik","rubriek":"gemeente","FID":"gemeente_gegeneraliseerd_2019.ae7d598c-86c6-48f8-9056-dbe5b612c122"},"id":"GM0312"},
{"type":"Feature","geometry":{"type":"Polygon","coordinates":[[[151180,476179],[149881,471643],[151470,471154],[151128,469628],[155378,468603],[155568,470119],[156113,473189],[152933,475758],[151180,476179]]]},"properties":{"id":91,"statcode":"GM0313","jrstatcode":"2019GM0313","statnaam":"Bunschoten","rubriek":"gemeente","FID":"gemeente_gegeneraliseerd_2019.efddfd68-5f01-4683-9770-ef79296e4a17"},"id":"GM0313"},
{"type":"Feature","geometry":{"type":"Polygon","coordinates":[[[149490,476625],[146713,477078],[145227,474079],[143899,470803],[149108,470608],[149881,471643],[151180,476179],[149490,476625]]]},"properties":{"id":92,"statcode":"GM0317","jrstatcode":"2019GM0317","statnaam":"Eemnes","rubriek":"gemeente","FID":"gemeente_gegeneraliseerd_2019.3df43577-6f59-43ba-b298-a04eb65b7b08"},"id":"GM0317"},
{"type":"Feature","geometry":{"type":"Polygon","coordinates":[[[138939,452076],[137142,451878],[136785,449155],[137236,448524],[136621,445761],[138132,444800],[138753,442827],[140776,442134],[142544,441238],[144193,443038],[146003,442511],[145110,445611],[144167,446993],[142298,447693],[142216,449275],[138939,452076]]]},"properties":{"id":93,"statcode":"GM0321","jrstatcode":"2019GM0321","statnaam":"Houten","rubriek":"gemeente","FID":"gemeente_gegeneraliseerd_2019.d40d636a-eeb1-4f44-a834-865de5e24185"},"id":"GM0321"},
{"type":"Feature","geometry":{"type":"Polygon","coordinates":[[[163575,460688],[161443,462484],[158781,463700],[157487,463273],[155679,460639],[152839,460960],[149774,457797],[150564,457075],[151804,456310],[155968,455675],[156186,457319],[158097,456517],[158878,457650],[160809,457027],[161798,458575],[163536,460665],[163575,460688]]]},"properties":{"id":94,"statcode":"GM0327","jrstatcode":"2019GM0327","statnaam":"Leusden","rubriek":"gemeente","FID":"gemeente_gegeneraliseerd_2019.97e6a8e6-8b98-44fc-8ace-6bb739a95907"},"id":"GM0327"},
{"type":"Feature","geometry":{"type":"Polygon","coordinates":[[[132707,444810],[130747,446233],[129822,448644],[128093,448225],[122927,446953],[122220,447072],[117083,444338],[118797,442308],[119970,438964],[122463,439437],[123314,440377],[124252,441763],[126196,441295],[128265,443345],[130876,442604],[132707,444810]]]},"properties":{"id":95,"statcode":"GM0331","jrstatcode":"2019GM0331","statnaam":"Lopik","rubriek":"gemeente","FID":"gemeente_gegeneraliseerd_2019.83c41e29-80e7-41e1-b8d3-bdeda630ec2c"},"id":"GM0331"},
{"type":"Feature","geometry":{"type":"Polygon","coordinates":[[[128415,453164],[125458,453645],[124084,454717],[121706,453679],[119757,453509],[119411,452922],[123396,449172],[121904,448791],[122927,446953],[128093,448225],[127269,448904],[127829,451691],[129617,452603],[128415,453164]]]},"properties":{"id":96,"statcode":"GM0335","jrstatcode":"2019GM0335","statnaam":"Montfoort","rubriek":"gemeente","FID":"gemeente_gegeneraliseerd_2019.cb1a3dd4-bbfd-49dc-b0ec-3cda3b44adc1"},"id":"GM0335"},
{"type":"Feature","geometry":{"type":"Polygon","coordinates":[[[166177,457477],[164889,457124],[165275,455609],[164286,454372],[162468,453716],[162590,452085],[163812,451773],[164753,450218],[166710,451186],[167034,454459],[166177,457477]]]},"properties":{"id":97,"statcode":"GM0339","jrstatcode":"2019GM0339","statnaam":"Renswoude","rubriek":"gemeente","FID":"gemeente_gegeneraliseerd_2019.90ee6b0c-cec9-4e05-8662-593b7073e7a5"},"id":"GM0339"},
{"type":"Feature","geometry":{"type":"Polygon","coordinates":[[[168888,446807],[167587,445413],[166402,445641],[163607,447803],[162349,445174],[161214,443901],[165515,442107],[166964,440688],[168709,440284],[170040,439431],[171506,440475],[171413,442878],[170028,445109],[168888,446807]]]},"properties":{"id":98,"statcode":"GM0340","jrstatcode":"2019GM0340","statnaam":"Rhenen","rubriek":"gemeente","FID":"gemeente_gegeneraliseerd_2019.f1566977-e67a-4754-91ad-cb536c955c74"},"id":"GM0340"},
{"type":"Feature","geometry":{"type":"Polygon","coordinates":[[[150015,468326],[147000,466717],[145147,464668],[146030,460917],[147808,458211],[149469,458007],[151170,459826],[151128,460835],[152448,465274],[149833,466993],[150015,468326]]]},"properties":{"id":99,"statcode":"GM0342","jrstatcode":"2019GM0342","statnaam":"Soest","rubriek":"gemeente","FID":"gemeente_gegeneraliseerd_2019.bd8cc278-9e34-43ad-a41d-15fc598ad095"},"id":"GM0342"},
{"type":"Feature","geometry":{"type":"Polygon","coordinates":[[[135821,460594],[134458,460873],[132674,459422],[130706,458794],[128679,461526],[126435,459440],[128806,455646],[128415,453164],[129617,452603],[131957,449138],[132736,448770],[133289,452669],[137142,451878],[138939,452076],[139455,454415],[141834,454358],[141672,455330],[139521,456261],[138707,458946],[135821,460594]]]},"properties":{"id":100,"statcode":"GM0344","jrstatcode":"2019GM0344","statnaam":"Utrecht","rubriek":"gemeente","FID":"gemeente_gegeneraliseerd_2019.b1f112c6-5cf7-4215-99f1-48e00d208c0d"},"id":"GM0344"},
{"type":"Feature","geometry":{"type":"Polygon","coordinates":[[[166710,451186],[164753,450218],[163607,447803],[166402,445641],[167587,445413],[168888,446807],[168691,449236],[166710,451186]]]},"properties":{"id":101,"statcode":"GM0345","jrstatcode":"2019GM0345","statnaam":"Veenendaal","rubriek":"gemeente","FID":"gemeente_gegeneraliseerd_2019.7293a9de-77ce-44e9-ab9d-91e0e110f5ee"},"id":"GM0345"},
{"type":"Feature","geometry":{"type":"Polygon","coordinates":[[[162468,453716],[159938,454664],[161776,456160],[162306,458102],[161798,458575],[160809,457027],[158878,457650],[158097,456517],[156186,457319],[155968,455675],[151804,456310],[150564,457075],[151233,455101],[158446,453749],[158289,451064],[159013,450773],[162590,452085],[162468,453716]]]},"properties":{"id":102,"statcode":"GM0351","jrstatcode":"2019GM0351","statnaam":"Woudenberg","rubriek":"gemeente","FID":"gemeente_gegeneraliseerd_2019.90679178-2e82-4351-9b54-b001a6db85c4"},"id":"GM0351"},
{"type":"Feature","geometry":{"type":"Polygon","coordinates":[[[155259,442479],[154397,444187],[154618,445974],[152055,447983],[150021,448742],[148410,446669],[147634,446934],[145110,445611],[146003,442511],[146971,441896],[151282,440975],[152323,442141],[155259,442479]]]},"properties":{"id":103,"statcode":"GM0352","jrstatcode":"2019GM0352","statnaam":"Wijk bij Duurstede","rubriek":"gemeente","FID":"gemeente_gegeneraliseerd_2019.2f1d49d1-6608-4b44-96ac-5165ec620255"},"id":"GM0352"},
{"type":"Feature","geometry":{"type":"Polygon","coordinates":[[[129617,452603],[127829,451691],[127269,448904],[128093,448225],[129822,448644],[130747,446233],[132707,444810],[133733,445497],[132736,448770],[131957,449138],[129617,452603]]]},"properties":{"id":104,"statcode":"GM0353","jrstatcode":"2019GM0353","statnaam":"IJsselstein","rubriek":"gemeente","FID":"gemeente_gegeneraliseerd_2019.287f4b3e-5407-42ea-90ae-4db0a267aff5"},"id":"GM0353"},
{"type":"Feature","geometry":{"type":"Polygon","coordinates":[[[145147,464668],[143902,464184],[144200,460831],[144168,460395],[144296,458741],[143044,456617],[142761,456167],[141672,455330],[141834,454358],[145414,452270],[148417,455348],[150421,453562],[151233,455101],[150564,457075],[149774,457797],[149469,458007],[147808,458211],[146030,460917],[145147,464668]]]},"properties":{"id":105,"statcode":"GM0355","jrstatcode":"2019GM0355","statnaam":"Zeist","rubriek":"gemeente","FID":"gemeente_gegeneraliseerd_2019.56b10543-43c0-49f2-b9e9-ddd374d545f8"},"id":"GM0355"},
{"type":"Feature","geometry":{"type":"Polygon","coordinates":[[[137142,451878],[133289,452669],[132736,448770],[133733,445497],[136621,445761],[137236,448524],[136785,449155],[137142,451878]]]},"properties":{"id":106,"statcode":"GM0356","jrstatcode":"2019GM0356","statnaam":"Nieuwegein","rubriek":"gemeente","FID":"gemeente_gegeneraliseerd_2019.702b23ed-91b0-4ba2-986c-e0766ac36f49"},"id":"GM0356"},
{"type":"Feature","geometry":{"type":"Polygon","coordinates":[[[109661,470039],[113067,472730],[112911,473719],[114549,474904],[116563,478152],[115625,479913],[112544,476713],[109853,475241],[108194,473156],[106026,471651],[107105,471182],[109704,471796],[109661,470039]]]},"properties":{"id":107,"statcode":"GM0358","jrstatcode":"2019GM0358","statnaam":"Aalsmeer","rubriek":"gemeente","FID":"gemeente_gegeneraliseerd_2019.36a29000-bf38-4671-aa8f-419566edcaed"},"id":"GM0358"},
{"type":"Feature","geometry":{"type":"Polygon","coordinates":[[[115305,519358],[113478,518050],[113867,521177],[111350,521680],[112062,520632],[109166,517434],[109456,515463],[111128,514233],[110974,512008],[111966,511780],[111438,509120],[113932,507892],[113646,505296],[113955,503717],[114455,503674],[117462,505845],[121294,511930],[123040,513560],[123820,513338],[123493,513873],[120917,514074],[121203,515657],[120217,516450],[117867,517768],[117292,516274],[114330,517131],[115305,519358]]]},"properties":{"id":108,"statcode":"GM0361","jrstatcode":"2019GM0361","statnaam":"Alkmaar","rubriek":"gemeente","FID":"gemeente_gegeneraliseerd_2019.2c8a5790-4669-4a7d-b312-21a8d5196f70"},"id":"GM0361"},
{"type":"Feature","geometry":{"type":"Polygon","coordinates":[[[122404,481252],[116247,482110],[115625,479913],[116563,478152],[114549,474904],[118449,472797],[119692,474042],[120303,476888],[122305,480001],[122404,481252]]]},"properties":{"id":109,"statcode":"GM0362","jrstatcode":"2019GM0362","statnaam":"Amstelveen","rubriek":"gemeente","FID":"gemeente_gegeneraliseerd_2019.8b2578ae-d9ef-49ba-9c9e-141f8dd7641c"},"id":"GM0362"},
{"type":"Feature","geometry":{"type":"MultiPolygon","coordinates":[[[[119326,493701],[118866,492227],[110930,493894],[110188,490523],[112139,490080],[111978,485549],[116247,482110],[122404,481252],[122671,482614],[125194,483490],[126550,485438],[128567,483806],[129453,484058],[129924,484786],[127587,486408],[127278,487393],[129575,488154],[130650,490157],[133302,492130],[132002,491977],[128683,493137],[125109,492730],[123940,491630],[121774,493077],[119326,493701]]],[[[129703,481906],[124836,482224],[123780,480172],[125521,476788],[127457,478119],[128409,477974],[130059,479450],[129824,481758],[129703,481906]]]]},"properties":{"id":110,"statcode":"GM0363","jrstatcode":"2019GM0363","statnaam":"Amsterdam","rubriek":"gemeente","FID":"gemeente_gegeneraliseerd_2019.aac118b8-7b74-4b3a-bc59-8f9044221343"},"id":"GM0363"},
{"type":"Feature","geometry":{"type":"Polygon","coordinates":[[[125366,512059],[123820,513338],[123040,513560],[121294,511930],[117462,505845],[118528,504288],[124257,502758],[125601,503274],[125806,504693],[126943,506292],[127151,508252],[128560,509797],[127410,511121],[125721,510351],[125366,512059]]]},"properties":{"id":111,"statcode":"GM0370","jrstatcode":"2019GM0370","statnaam":"Beemster","rubriek":"gemeente","FID":"gemeente_gegeneraliseerd_2019.6802d50b-5541-41af-8e10-6c2bfa542524"},"id":"GM0370"},
{"type":"Feature","geometry":{"type":"Polygon","coordinates":[[[110489,522867],[109626,524950],[107930,527478],[104935,530183],[104295,527074],[104337,524722],[103556,519971],[102311,509855],[105372,510839],[106574,511721],[107789,515364],[109456,515463],[109166,517434],[112062,520632],[111350,521680],[110489,522867]]]},"properties":{"id":112,"statcode":"GM0373","jrstatcode":"2019GM0373","statnaam":"Bergen (NH.)","rubriek":"gemeente","FID":"gemeente_gegeneraliseerd_2019.006ae134-7ad1-4776-b6fc-213f9aa78961"},"id":"GM0373"},
{"type":"Feature","geometry":{"type":"Polygon","coordinates":[[[108863,500062],[106033,501805],[101832,501030],[100632,501574],[100210,500505],[105141,499078],[106579,496656],[108157,498367],[108863,500062]]]},"properties":{"id":113,"statcode":"GM0375","jrstatcode":"2019GM0375","statnaam":"Beverwijk","rubriek":"gemeente","FID":"gemeente_gegeneraliseerd_2019.168ee36b-ec3b-40b4-9a34-48eed05b41c4"},"id":"GM0375"},
{"type":"Feature","geometry":{"type":"Polygon","coordinates":[[[150000,479461],[149967,479492],[148220,478852],[142482,475471],[143995,475588],[145227,474079],[146713,477078],[149490,476625],[148862,478357],[150000,479461]]]},"properties":{"id":114,"statcode":"GM0376","jrstatcode":"2019GM0376","statnaam":"Blaricum","rubriek":"gemeente","FID":"gemeente_gegeneraliseerd_2019.368c40ed-9914-4d44-bf3f-aa0adeb46e14"},"id":"GM0376"},
{"type":"Feature","geometry":{"type":"Polygon","coordinates":[[[103592,491806],[103055,492970],[100638,494372],[98781,494790],[97450,490725],[100847,489616],[97729,481003],[98840,480467],[99215,481262],[102117,480905],[102107,481867],[100711,482551],[100675,482586],[101770,486455],[101367,487997],[102881,489178],[103592,491806]]]},"properties":{"id":115,"statcode":"GM0377","jrstatcode":"2019GM0377","statnaam":"Bloemendaal","rubriek":"gemeente","FID":"gemeente_gegeneraliseerd_2019.d861101e-7040-4e04-94b2-074de5f1db78"},"id":"GM0377"},
{"type":"Feature","geometry":{"type":"Polygon","coordinates":[[[113646,505296],[113932,507892],[111438,509120],[111966,511780],[111130,510345],[108188,510378],[106574,511721],[105372,510839],[102311,509855],[101468,505124],[105653,505148],[108075,504565],[108012,506508],[109665,507320],[112124,505530],[113646,505296]]]},"properties":{"id":116,"statcode":"GM0383","jrstatcode":"2019GM0383","statnaam":"Castricum","rubriek":"gemeente","FID":"gemeente_gegeneraliseerd_2019.1b653f6d-2274-448a-8506-5a13649c2744"},"id":"GM0383"},
{"type":"Feature","geometry":{"type":"Polygon","coordinates":[[[129453,484058],[128567,483806],[126550,485438],[125194,483490],[124836,482224],[129703,481906],[130488,483373],[129453,484058]]]},"properties":{"id":117,"statcode":"GM0384","jrstatcode":"2019GM0384","statnaam":"Diemen","rubriek":"gemeente","FID":"gemeente_gegeneraliseerd_2019.6fc050be-673b-4a4b-863f-2336c817f24d"},"id":"GM0384"},
{"type":"Feature","geometry":{"type":"Polygon","coordinates":[[[132739,499817],[134528,501828],[133227,503961],[132448,506382],[130858,508944],[130106,513943],[129096,512292],[125366,512059],[125721,510351],[127410,511121],[128560,509797],[127151,508252],[126943,506292],[125806,504693],[128177,503647],[130397,503921],[128566,500852],[130370,499751],[132739,499817]]]},"properties":{"id":118,"statcode":"GM0385","jrstatcode":"2019GM0385","statnaam":"Edam-Volendam","rubriek":"gemeente","FID":"gemeente_gegeneraliseerd_2019.913847c0-f3a1-494d-b611-7328a453d18e"},"id":"GM0385"},
{"type":"Feature","geometry":{"type":"Polygon","coordinates":[[[147218,528782],[146076,528320],[146236,525429],[146348,522172],[148217,522501],[148254,522643],[149090,524494],[148296,525273],[147945,528330],[147218,528782]]]},"properties":{"id":119,"statcode":"GM0388","jrstatcode":"2019GM0388","statnaam":"Enkhuizen","rubriek":"gemeente","FID":"gemeente_gegeneraliseerd_2019.f1bd3007-e812-43a3-9634-f99db3a1cda2"},"id":"GM0388"},
{"type":"Feature","geometry":{"type":"Polygon","coordinates":[[[107053,492014],[104912,493674],[103592,491806],[102881,489178],[101367,487997],[101770,486455],[103873,486219],[104053,483705],[106235,484934],[106250,487185],[107260,488637],[106099,490638],[107053,492014]]]},"properties":{"id":120,"statcode":"GM0392","jrstatcode":"2019GM0392","statnaam":"Haarlem","rubriek":"gemeente","FID":"gemeente_gegeneraliseerd_2019.82769cba-32f7-49e0-91b8-27ae128de631"},"id":"GM0392"},
{"type":"Feature","geometry":{"type":"Polygon","coordinates":[[[116247,482110],[111978,485549],[112139,490080],[110188,490523],[110930,493894],[109761,494157],[107053,492014],[106099,490638],[107260,488637],[106250,487185],[106235,484934],[104053,483705],[102107,481867],[102117,480905],[100522,477312],[99409,476226],[98647,472073],[98062,470785],[98366,470403],[101390,469897],[103433,470056],[106026,471651],[108194,473156],[109853,475241],[112544,476713],[115625,479913],[116247,482110]]]},"properties":{"id":121,"statcode":"GM0394","jrstatcode":"2019GM0394","statnaam":"Haarlemmermeer","rubriek":"gemeente","FID":"gemeente_gegeneraliseerd_2019.eddf2527-709d-4c57-a114-a2596bc809e6"},"id":"GM0394"},
{"type":"Feature","geometry":{"type":"Polygon","coordinates":[[[108075,504565],[105653,505148],[101468,505124],[100632,501574],[101832,501030],[106033,501805],[108863,500062],[109714,501014],[107845,502817],[108075,504565]]]},"properties":{"id":122,"statcode":"GM0396","jrstatcode":"2019GM0396","statnaam":"Heemskerk","rubriek":"gemeente","FID":"gemeente_gegeneraliseerd_2019.14547c36-6b09-4d57-938f-f5d290dea339"},"id":"GM0396"},
{"type":"Feature","geometry":{"type":"Polygon","coordinates":[[[104053,483705],[103873,486219],[101770,486455],[100675,482586],[100711,482551],[102107,481867],[104053,483705]]]},"properties":{"id":123,"statcode":"GM0397","jrstatcode":"2019GM0397","statnaam":"Heemstede","rubriek":"gemeente","FID":"gemeente_gegeneraliseerd_2019.1e7f65ca-d986-446d-948b-7baf216a029e"},"id":"GM0397"},
{"type":"Feature","geometry":{"type":"Polygon","coordinates":[[[120209,516482],[119542,518906],[120453,522223],[122055,523463],[121982,524493],[118547,526011],[117164,525722],[116711,524724],[117110,521091],[115907,520797],[115305,519358],[114330,517131],[117292,516274],[117867,517768],[120217,516450],[120209,516482]]]},"properties":{"id":124,"statcode":"GM0398","jrstatcode":"2019GM0398","statnaam":"Heerhugowaard","rubriek":"gemeente","FID":"gemeente_gegeneraliseerd_2019.dea77543-590c-424c-be6a-8503146abfa4"},"id":"GM0398"},
{"type":"Feature","geometry":{"type":"Polygon","coordinates":[[[111966,511780],[110974,512008],[111128,514233],[109456,515463],[107789,515364],[106574,511721],[108188,510378],[111130,510345],[111966,511780]]]},"properties":{"id":125,"statcode":"GM0399","jrstatcode":"2019GM0399","statnaam":"Heiloo","rubriek":"gemeente","FID":"gemeente_gegeneraliseerd_2019.7ecfaeae-2e75-4a62-a5c7-ca33779ee3c6"},"id":"GM0399"},
{"type":"Feature","geometry":{"type":"Polygon","coordinates":[[[115952,547448],[114936,550073],[115650,551944],[114139,552117],[113075,553333],[110897,553040],[109968,551366],[109346,544269],[113512,543675],[115157,547439],[115952,547448]]]},"properties":{"id":126,"statcode":"GM0400","jrstatcode":"2019GM0400","statnaam":"Den Helder","rubriek":"gemeente","FID":"gemeente_gegeneraliseerd_2019.6f6b52da-ca34-401d-a39e-3ed6991d9717"},"id":"GM0400"},
{"type":"Feature","geometry":{"type":"Polygon","coordinates":[[[142298,475585],[139632,474219],[137959,474648],[138218,476633],[135720,477525],[135541,476915],[137883,474646],[138484,468071],[137006,465887],[141688,465539],[143263,468477],[143501,469350],[141454,473308],[142482,475471],[142298,475585]]]},"properties":{"id":127,"statcode":"GM0402","jrstatcode":"2019GM0402","statnaam":"Hilversum","rubriek":"gemeente","FID":"gemeente_gegeneraliseerd_2019.d82cd5d8-40f1-47fd-b79d-2372b4d63a72"},"id":"GM0402"},
{"type":"Feature","geometry":{"type":"Polygon","coordinates":[[[135019,521317],[131158,519958],[131308,517854],[130064,515886],[131882,517181],[133396,516418],[135608,516397],[136719,518090],[135019,521317]]]},"properties":{"id":128,"statcode":"GM0405","jrstatcode":"2019GM0405","statnaam":"Hoorn","rubriek":"gemeente","FID":"gemeente_gegeneraliseerd_2019.26052ee4-e695-4615-bcb6-bfedc9d4d54f"},"id":"GM0405"},
{"type":"Feature","geometry":{"type":"Polygon","coordinates":[[[148220,478852],[145829,480250],[144176,480378],[144247,479317],[142080,479168],[142298,475585],[142482,475471],[148220,478852]]]},"properties":{"id":129,"statcode":"GM0406","jrstatcode":"2019GM0406","statnaam":"Huizen","rubriek":"gemeente","FID":"gemeente_gegeneraliseerd_2019.894cc212-b43d-4080-bae4-0841ce5b4392"},"id":"GM0406"},
{"type":"Feature","geometry":{"type":"Polygon","coordinates":[[[125187,499677],[123312,500405],[122341,499231],[121431,496728],[121774,493077],[123940,491630],[125109,492730],[125328,494462],[125187,499677]]]},"properties":{"id":130,"statcode":"GM0415","jrstatcode":"2019GM0415","statnaam":"Landsmeer","rubriek":"gemeente","FID":"gemeente_gegeneraliseerd_2019.67dcf37f-b828-4807-9a84-e4cbd8a5de12"},"id":"GM0415"},
{"type":"Feature","geometry":{"type":"Polygon","coordinates":[[[115159,525968],[113472,525971],[113327,523964],[110489,522867],[111350,521680],[113867,521177],[113478,518050],[115305,519358],[115907,520797],[117110,521091],[116711,524724],[117164,525722],[115439,525578],[115159,525968]]]},"properties":{"id":131,"statcode":"GM0416","jrstatcode":"2019GM0416","statnaam":"Langedijk","rubriek":"gemeente","FID":"gemeente_gegeneraliseerd_2019.ce54b833-bd11-4cdc-b677-85dea7e99ee5"},"id":"GM0416"},
{"type":"Feature","geometry":{"type":"Polygon","coordinates":[[[145227,474079],[143995,475588],[142482,475471],[141454,473308],[143501,469350],[143899,470803],[145227,474079]]]},"properties":{"id":132,"statcode":"GM0417","jrstatcode":"2019GM0417","statnaam":"Laren","rubriek":"gemeente","FID":"gemeente_gegeneraliseerd_2019.caf54352-7a12-4b15-a887-e9a0b0b502b3"},"id":"GM0417"},
{"type":"Feature","geometry":{"type":"Polygon","coordinates":[[[147218,528782],[146295,529578],[141879,529762],[141026,528245],[138681,528310],[135899,531943],[133572,531246],[131896,529588],[128645,529486],[128605,527990],[129594,526236],[128042,525184],[127408,521438],[130247,519723],[131158,519958],[135019,521317],[137284,522660],[141471,524469],[143073,525511],[146236,525429],[146076,528320],[147218,528782]]]},"properties":{"id":133,"statcode":"GM0420","jrstatcode":"2019GM0420","statnaam":"Medemblik","rubriek":"gemeente","FID":"gemeente_gegeneraliseerd_2019.d343be98-188c-494f-b696-84191ca88b29"},"id":"GM0420"},
{"type":"Feature","geometry":{"type":"Polygon","coordinates":[[[121774,493077],[121431,496728],[122341,499231],[118667,498204],[118003,496194],[119326,493701],[121774,493077]]]},"properties":{"id":134,"statcode":"GM0431","jrstatcode":"2019GM0431","statnaam":"Oostzaan","rubriek":"gemeente","FID":"gemeente_gegeneraliseerd_2019.82226db0-e329-4527-8c25-e99435f44356"},"id":"GM0431"},
{"type":"Feature","geometry":{"type":"Polygon","coordinates":[[[127408,521438],[128042,525184],[129594,526236],[128605,527990],[128645,529486],[125241,529715],[121982,524493],[122055,523463],[122394,522313],[125389,520871],[127408,521438]]]},"properties":{"id":135,"statcode":"GM0432","jrstatcode":"2019GM0432","statnaam":"Opmeer","rubriek":"gemeente","FID":"gemeente_gegeneraliseerd_2019.e7169c92-b97a-4c7c-bad6-169191f97d96"},"id":"GM0432"},
{"type":"Feature","geometry":{"type":"Polygon","coordinates":[[[124836,482224],[125194,483490],[122671,482614],[122404,481252],[122305,480001],[120303,476888],[119692,474042],[122481,473956],[124056,477085],[125521,476788],[123780,480172],[124836,482224]]]},"properties":{"id":136,"statcode":"GM0437","jrstatcode":"2019GM0437","statnaam":"Ouder-Amstel","rubriek":"gemeente","FID":"gemeente_gegeneraliseerd_2019.41b5b6f2-a9bc-4501-86ea-ee5c77d3e37b"},"id":"GM0437"},
{"type":"Feature","geometry":{"type":"Polygon","coordinates":[[[128566,500852],[130397,503921],[128177,503647],[125806,504693],[125601,503274],[124257,502758],[123312,500405],[125187,499677],[126923,498154],[128566,500852]]]},"properties":{"id":137,"statcode":"GM0439","jrstatcode":"2019GM0439","statnaam":"Purmerend","rubriek":"gemeente","FID":"gemeente_gegeneraliseerd_2019.2599ba36-23a8-4197-99ba-1d2f4462339c"},"id":"GM0439"},
{"type":"Feature","geometry":{"type":"Polygon","coordinates":[[[118547,526011],[118728,526575],[115840,531591],[117332,532148],[117735,535757],[116095,538939],[114269,540642],[112670,540350],[113512,543675],[109346,544269],[107031,535105],[104935,530183],[107930,527478],[109626,524950],[110489,522867],[113327,523964],[113472,525971],[115159,525968],[115439,525578],[117164,525722],[118547,526011]]]},"properties":{"id":138,"statcode":"GM0441","jrstatcode":"2019GM0441","statnaam":"Schagen","rubriek":"gemeente","FID":"gemeente_gegeneraliseerd_2019.f4ccdfcc-0b17-46c7-b064-82a287f4f4dd"},"id":"GM0441"},
{"type":"Feature","geometry":{"type":"Polygon","coordinates":[[[120986,574592],[119830,577500],[118476,577543],[112871,568972],[110514,564735],[109468,559709],[110203,555492],[113807,556771],[116912,560383],[118773,560924],[120533,563288],[120544,564345],[122160,565859],[122402,571026],[122912,572176],[120986,574592]]]},"properties":{"id":139,"statcode":"GM0448","jrstatcode":"2019GM0448","statnaam":"Texel","rubriek":"gemeente","FID":"gemeente_gegeneraliseerd_2019.f1bd27e8-1bed-486a-8fae-2051c2ad8c36"},"id":"GM0448"},
{"type":"Feature","geometry":{"type":"Polygon","coordinates":[[[113646,505296],[112124,505530],[109665,507320],[108012,506508],[108075,504565],[107845,502817],[109714,501014],[111929,502734],[111917,503918],[113955,503717],[113646,505296]]]},"properties":{"id":140,"statcode":"GM0450","jrstatcode":"2019GM0450","statnaam":"Uitgeest","rubriek":"gemeente","FID":"gemeente_gegeneraliseerd_2019.ff2a1313-46e8-4746-a002-c43042256551"},"id":"GM0450"},
{"type":"Feature","geometry":{"type":"Polygon","coordinates":[[[118449,472797],[114549,474904],[112911,473719],[113067,472730],[109661,470039],[109996,469284],[114509,471127],[116838,471538],[118449,472797]]]},"properties":{"id":141,"statcode":"GM0451","jrstatcode":"2019GM0451","statnaam":"Uithoorn","rubriek":"gemeente","FID":"gemeente_gegeneraliseerd_2019.af292aa3-3fef-4c4a-82e9-6d5f2836beb2"},"id":"GM0451"},
{"type":"Feature","geometry":{"type":"Polygon","coordinates":[[[106579,496656],[105141,499078],[100210,500505],[99277,498086],[98215,497322],[98781,494790],[100638,494372],[103055,492970],[103592,491806],[104912,493674],[107053,492014],[109761,494157],[106579,496656]]]},"properties":{"id":142,"statcode":"GM0453","jrstatcode":"2019GM0453","statnaam":"Velsen","rubriek":"gemeente","FID":"gemeente_gegeneraliseerd_2019.6a85a188-0dec-4f8a-a3d2-e10134051bb7"},"id":"GM0453"},
{"type":"Feature","geometry":{"type":"Polygon","coordinates":[[[135720,477525],[134847,480784],[131311,482402],[129824,481758],[130059,479450],[130070,477247],[132972,477020],[135541,476915],[135720,477525]]]},"properties":{"id":143,"statcode":"GM0457","jrstatcode":"2019GM0457","statnaam":"Weesp","rubriek":"gemeente","FID":"gemeente_gegeneraliseerd_2019.800a1f44-f6c3-44df-aa12-363f0bf90d87"},"id":"GM0457"},
{"type":"Feature","geometry":{"type":"Polygon","coordinates":[[[97729,481003],[100847,489616],[97450,490725],[94111,482626],[97729,481003]]]},"properties":{"id":144,"statcode":"GM0473","jrstatcode":"2019GM0473","statnaam":"Zandvoort","rubriek":"gemeente","FID":"gemeente_gegeneraliseerd_2019.38ce43c6-fb72-4a09-bb92-3cd56255f2df"},"id":"GM0473"},
{"type":"Feature","geometry":{"type":"Polygon","coordinates":[[[113955,503717],[111917,503918],[111929,502734],[109714,501014],[108863,500062],[108157,498367],[106579,496656],[109761,494157],[110930,493894],[118866,492227],[119326,493701],[118003,496194],[118667,498204],[117617,499270],[115040,500539],[114455,503674],[113955,503717]]]},"properties":{"id":145,"statcode":"GM0479","jrstatcode":"2019GM0479","statnaam":"Zaanstad","rubriek":"gemeente","FID":"gemeente_gegeneraliseerd_2019.614ebb55-8b61-449c-b6ba-0c2da11ca2c9"},"id":"GM0479"},
{"type":"Feature","geometry":{"type":"Polygon","coordinates":[[[106491,429114],[106370,430276],[107699,432576],[105229,432070],[102615,432732],[103213,431508],[105751,428026],[106491,429114]]]},"properties":{"id":146,"statcode":"GM0482","jrstatcode":"2019GM0482","statnaam":"Alblasserdam","rubriek":"gemeente","FID":"gemeente_gegeneraliseerd_2019.6d956c3a-0a3f-4277-8d87-4b344348750a"},"id":"GM0482"},
{"type":"Feature","geometry":{"type":"Polygon","coordinates":[[[110583,457784],[111993,460953],[110843,464031],[108357,462883],[106700,464607],[99175,463084],[97736,461462],[96658,459477],[96734,455416],[96279,455040],[98079,452874],[98615,452571],[101530,453313],[101516,454595],[103559,454182],[105131,453117],[106318,453263],[108948,454971],[108508,456372],[110583,457784]]]},"properties":{"id":147,"statcode":"GM0484","jrstatcode":"2019GM0484","statnaam":"Alphen aan den Rijn","rubriek":"gemeente","FID":"gemeente_gegeneraliseerd_2019.7792e810-cd91-401f-906f-2f2e5cd457ed"},"id":"GM0484"},
{"type":"Feature","geometry":{"type":"Polygon","coordinates":[[[98764,429042],[97305,432053],[96102,431483],[93512,431535],[92538,430808],[93100,427805],[97539,427140],[98764,429042]]]},"properties":{"id":148,"statcode":"GM0489","jrstatcode":"2019GM0489","statnaam":"Barendrecht","rubriek":"gemeente","FID":"gemeente_gegeneraliseerd_2019.cc971324-9baf-4b1c-a18c-fec341de87e8"},"id":"GM0489"},
{"type":"Feature","geometry":{"type":"Polygon","coordinates":[[[145484,522018],[142907,521825],[141471,524469],[137284,522660],[135019,521317],[136719,518090],[135608,516397],[136980,516156],[137439,514737],[139568,515098],[140604,516189],[142227,516551],[144754,518855],[145484,522018]]]},"properties":{"id":149,"statcode":"GM0498","jrstatcode":"2019GM0498","statnaam":"Drechterland","rubriek":"gemeente","FID":"gemeente_gegeneraliseerd_2019.f0f9111b-0ead-41d2-a106-f0acb9f60249"},"id":"GM0498"},
{"type":"Feature","geometry":{"type":"Polygon","coordinates":[[[75956,432228],[74667,434817],[70774,438285],[69560,438835],[70127,437797],[68858,436070],[70181,433282],[70485,431673],[72247,431134],[72187,429699],[75956,432228]]]},"properties":{"id":150,"statcode":"GM0501","jrstatcode":"2019GM0501","statnaam":"Brielle","rubriek":"gemeente","FID":"gemeente_gegeneraliseerd_2019.2b879117-aee2-4c66-93f9-871e81e6d69f"},"id":"GM0501"},
{"type":"Feature","geometry":{"type":"Polygon","coordinates":[[[102202,438615],[99800,442188],[98249,441235],[98513,437793],[97382,435690],[102076,438345],[102202,438615]]]},"properties":{"id":151,"statcode":"GM0502","jrstatcode":"2019GM0502","statnaam":"Capelle aan den IJssel","rubriek":"gemeente","FID":"gemeente_gegeneraliseerd_2019.b215ea55-ebcb-42c9-bee3-c7df37fb1533"},"id":"GM0502"},
{"type":"Feature","geometry":{"type":"Polygon","coordinates":[[[85858,449189],[84352,449225],[82145,447691],[83171,446554],[81981,445142],[82925,443383],[87359,442446],[87704,442651],[86249,446747],[85858,449189]]]},"properties":{"id":152,"statcode":"GM0503","jrstatcode":"2019GM0503","statnaam":"Delft","rubriek":"gemeente","FID":"gemeente_gegeneraliseerd_2019.9ebfb6a5-f5ec-4619-89bf-077c986eed9c"},"id":"GM0503"},
{"type":"Feature","geometry":{"type":"Polygon","coordinates":[[[109665,426156],[105670,426047],[102166,423852],[102535,422062],[102781,417275],[102237,415016],[103119,414557],[103148,414566],[103633,414716],[103722,414742],[105883,415372],[110081,418742],[111391,421628],[114302,423624],[117667,423485],[120347,425437],[115300,425717],[112179,425455],[109665,426156]]]},"properties":{"id":153,"statcode":"GM0505","jrstatcode":"2019GM0505","statnaam":"Dordrecht","rubriek":"gemeente","FID":"gemeente_gegeneraliseerd_2019.88e96e13-dcd5-4e3c-8f12-cf1586acb232"},"id":"GM0505"},
{"type":"Feature","geometry":{"type":"Polygon","coordinates":[[[128232,429372],[125526,430567],[124086,430659],[124371,428560],[123137,428005],[123275,426734],[128329,425884],[130120,425644],[130481,428115],[128232,429372]]]},"properties":{"id":154,"statcode":"GM0512","jrstatcode":"2019GM0512","statnaam":"Gorinchem","rubriek":"gemeente","FID":"gemeente_gegeneraliseerd_2019.2306dd68-571e-4aea-8c93-bb835c478d14"},"id":"GM0512"},
{"type":"Feature","geometry":{"type":"Polygon","coordinates":[[[111324,447473],[109199,448893],[108265,450418],[106503,449085],[105530,447424],[107028,445550],[111324,447473]]]},"properties":{"id":155,"statcode":"GM0513","jrstatcode":"2019GM0513","statnaam":"Gouda","rubriek":"gemeente","FID":"gemeente_gegeneraliseerd_2019.03c0beda-fcde-4c7c-b7bf-d9800262b220"},"id":"GM0513"},
{"type":"Feature","geometry":{"type":"Polygon","coordinates":[[[80754,460567],[77688,457624],[73316,452607],[73554,452046],[74390,450174],[75951,450730],[76830,449155],[78526,450318],[79472,448863],[80896,448306],[79790,450929],[83191,453130],[84352,449225],[85858,449189],[85394,450775],[86909,452215],[88800,451925],[88731,453139],[87595,454853],[84261,453808],[82880,454603],[85482,456766],[83502,457165],[80754,460567]]]},"properties":{"id":156,"statcode":"GM0518","jrstatcode":"2019GM0518","statnaam":"'s-Gravenhage","rubriek":"gemeente","FID":"gemeente_gegeneraliseerd_2019.6ad626dd-995e-4673-8a08-61fc69114c78"},"id":"GM0518"},
{"type":"Feature","geometry":{"type":"Polygon","coordinates":[[[123137,428005],[120071,427254],[117829,427256],[117174,430384],[114771,428803],[115300,425717],[120347,425437],[123275,426734],[123137,428005]]]},"properties":{"id":157,"statcode":"GM0523","jrstatcode":"2019GM0523","statnaam":"Hardinxveld-Giessendam","rubriek":"gemeente","FID":"gemeente_gegeneraliseerd_2019.c4849df6-3553-49e3-ada7-325aa0cd5884"},"id":"GM0523"},
{"type":"Feature","geometry":{"type":"Polygon","coordinates":[[[70181,433282],[68483,432721],[67516,430697],[64066,429364],[62735,427900],[62748,427880],[64499,429037],[65882,427487],[70139,426707],[71876,424723],[72722,424638],[73989,425699],[74559,427269],[72978,428039],[72187,429699],[72247,431134],[70485,431673],[70181,433282]]]},"properties":{"id":158,"statcode":"GM0530","jrstatcode":"2019GM0530","statnaam":"Hellevoetsluis","rubriek":"gemeente","FID":"gemeente_gegeneraliseerd_2019.12c4207b-d46e-4314-8403-885b0691bbed"},"id":"GM0530"},
{"type":"Feature","geometry":{"type":"Polygon","coordinates":[[[105751,428026],[103213,431508],[104028,430109],[101098,429157],[100758,428087],[103301,426576],[105585,426352],[105751,428026]]]},"properties":{"id":159,"statcode":"GM0531","jrstatcode":"2019GM0531","statnaam":"Hendrik-Ido-Ambacht","rubriek":"gemeente","FID":"gemeente_gegeneraliseerd_2019.20362d6a-a080-4c3e-a2ea-4052f3d1c328"},"id":"GM0531"},
{"type":"Feature","geometry":{"type":"Polygon","coordinates":[[[145484,522018],[146348,522172],[146236,525429],[143073,525511],[141471,524469],[142907,521825],[145484,522018]]]},"properties":{"id":160,"statcode":"GM0532","jrstatcode":"2019GM0532","statnaam":"Stede Broec","rubriek":"gemeente","FID":"gemeente_gegeneraliseerd_2019.9cafe16f-d73d-482e-8bf6-75a2b360209f"},"id":"GM0532"},
{"type":"Feature","geometry":{"type":"Polygon","coordinates":[[[102117,480905],[99215,481262],[98840,480467],[97368,477963],[99409,476226],[100522,477312],[102117,480905]]]},"properties":{"id":161,"statcode":"GM0534","jrstatcode":"2019GM0534","statnaam":"Hillegom","rubriek":"gemeente","FID":"gemeente_gegeneraliseerd_2019.9dcae5b4-925d-43a1-b01b-09b74dacf833"},"id":"GM0534"},
{"type":"Feature","geometry":{"type":"Polygon","coordinates":[[[91914,470165],[88871,470021],[87914,470636],[85743,467010],[88249,464373],[90214,463476],[90763,464181],[90766,465864],[91850,468412],[91914,470165]]]},"properties":{"id":162,"statcode":"GM0537","jrstatcode":"2019GM0537","statnaam":"Katwijk","rubriek":"gemeente","FID":"gemeente_gegeneraliseerd_2019.e08f2c06-0b0b-4bb6-a5a2-3ba82dcfb5ed"},"id":"GM0537"},
{"type":"Feature","geometry":{"type":"Polygon","coordinates":[[[99196,435258],[103796,436270],[102076,438345],[97382,435690],[99196,435258]]]},"properties":{"id":163,"statcode":"GM0542","jrstatcode":"2019GM0542","statnaam":"Krimpen aan den IJssel","rubriek":"gemeente","FID":"gemeente_gegeneraliseerd_2019.0143d9fc-db5f-4a18-bc7e-5006b4c5047d"},"id":"GM0542"},
{"type":"Feature","geometry":{"type":"Polygon","coordinates":[[[95921,462486],[95308,463985],[95579,466354],[94158,466578],[91173,465187],[90763,464181],[90214,463476],[90370,462327],[91911,462763],[91817,460302],[92386,459364],[95921,462486]]]},"properties":{"id":164,"statcode":"GM0546","jrstatcode":"2019GM0546","statnaam":"Leiden","rubriek":"gemeente","FID":"gemeente_gegeneraliseerd_2019.f389aa65-ceba-40cf-b1e3-a96b03231058"},"id":"GM0546"},
{"type":"Feature","geometry":{"type":"Polygon","coordinates":[[[95579,466354],[95308,463985],[95921,462486],[97736,461462],[99175,463084],[97795,464227],[96929,466111],[95579,466354]]]},"properties":{"id":165,"statcode":"GM0547","jrstatcode":"2019GM0547","statnaam":"Leiderdorp","rubriek":"gemeente","FID":"gemeente_gegeneraliseerd_2019.daf8f8eb-df4c-46b3-add6-a2ddc6193058"},"id":"GM0547"},
{"type":"Feature","geometry":{"type":"Polygon","coordinates":[[[99409,476226],[97368,477963],[95343,474465],[96097,472305],[98062,470785],[98647,472073],[99409,476226]]]},"properties":{"id":166,"statcode":"GM0553","jrstatcode":"2019GM0553","statnaam":"Lisse","rubriek":"gemeente","FID":"gemeente_gegeneraliseerd_2019.c4587f20-b0dd-4647-82ce-0d54e7791619"},"id":"GM0553"},
{"type":"Feature","geometry":{"type":"Polygon","coordinates":[[[76143,440002],[74711,439861],[74229,439015],[75833,437162],[77952,435797],[79702,437540],[77429,438327],[76143,440002]]]},"properties":{"id":167,"statcode":"GM0556","jrstatcode":"2019GM0556","statnaam":"Maassluis","rubriek":"gemeente","FID":"gemeente_gegeneraliseerd_2019.502131b6-7d0e-4830-9848-fc4f3fa3940f"},"id":"GM0556"},
{"type":"Feature","geometry":{"type":"Polygon","coordinates":[[[121129,463853],[117851,465909],[115787,468348],[114509,471127],[109996,469284],[108543,468750],[107254,467314],[106700,464607],[108357,462883],[110843,464031],[111993,460953],[110583,457784],[114244,459508],[115700,461487],[117069,461980],[119902,461306],[119854,463226],[121129,463853]]]},"properties":{"id":168,"statcode":"GM0569","jrstatcode":"2019GM0569","statnaam":"Nieuwkoop","rubriek":"gemeente","FID":"gemeente_gegeneraliseerd_2019.0ae411ce-d8d1-49ad-87cd-244b89e4a521"},"id":"GM0569"},
{"type":"Feature","geometry":{"type":"Polygon","coordinates":[[[98840,480467],[97729,481003],[94111,482626],[90642,475533],[87914,470636],[88871,470021],[91914,470165],[92073,471194],[95343,474465],[97368,477963],[98840,480467]]]},"properties":{"id":169,"statcode":"GM0575","jrstatcode":"2019GM0575","statnaam":"Noordwijk","rubriek":"gemeente","FID":"gemeente_gegeneraliseerd_2019.0c2fe088-d1ac-468a-8369-ede998abac1d"},"id":"GM0575"},
{"type":"Feature","geometry":{"type":"Polygon","coordinates":[[[94158,466578],[93767,468776],[91850,468412],[90766,465864],[90763,464181],[91173,465187],[94158,466578]]]},"properties":{"id":170,"statcode":"GM0579","jrstatcode":"2019GM0579","statnaam":"Oegstgeest","rubriek":"gemeente","FID":"gemeente_gegeneraliseerd_2019.b093c290-9266-4f50-b9ec-6f77f710d423"},"id":"GM0579"},
{"type":"Feature","geometry":{"type":"Polygon","coordinates":[[[119411,452922],[116749,451428],[114607,448377],[114923,447470],[117911,447896],[118604,446531],[115898,445863],[117083,444338],[122220,447072],[122927,446953],[121904,448791],[123396,449172],[119411,452922]]]},"properties":{"id":171,"statcode":"GM0589","jrstatcode":"2019GM0589","statnaam":"Oudewater","rubriek":"gemeente","FID":"gemeente_gegeneraliseerd_2019.63403c25-fe79-4163-8167-1bacacf90d21"},"id":"GM0589"},
{"type":"Feature","geometry":{"type":"Polygon","coordinates":[[[110589,428243],[108103,428273],[106491,429114],[105751,428026],[105585,426352],[105670,426047],[109665,426156],[110589,428243]]]},"properties":{"id":172,"statcode":"GM0590","jrstatcode":"2019GM0590","statnaam":"Papendrecht","rubriek":"gemeente","FID":"gemeente_gegeneraliseerd_2019.332735fd-0c78-4171-bd3f-e2f3abdde19d"},"id":"GM0590"},
{"type":"Feature","geometry":{"type":"Polygon","coordinates":[[[102615,432732],[102156,433723],[99196,435258],[98668,432496],[97305,432053],[98764,429042],[100758,428087],[101098,429157],[104028,430109],[103213,431508],[102615,432732]]]},"properties":{"id":173,"statcode":"GM0597","jrstatcode":"2019GM0597","statnaam":"Ridderkerk","rubriek":"gemeente","FID":"gemeente_gegeneraliseerd_2019.16788499-1ab3-4a33-8508-f661d45c945f"},"id":"GM0597"},
{"type":"Feature","geometry":{"type":"Polygon","coordinates":[[[74711,439861],[72870,441383],[72555,442727],[69820,444392],[68331,446684],[66236,444812],[63006,445975],[62576,445030],[60300,445395],[58610,445014],[56991,442307],[58569,437508],[59181,437315],[63995,439024],[67014,439405],[69560,438835],[70774,438285],[74667,434817],[75956,432228],[77708,431287],[82563,431162],[83785,429448],[85844,428647],[86067,431344],[88229,431987],[91493,430787],[92538,430808],[93512,431535],[96102,431483],[97305,432053],[98668,432496],[99196,435258],[97382,435690],[98513,437793],[98249,441235],[99800,442188],[100843,444691],[99483,444916],[98978,442920],[97315,443043],[94866,441917],[91917,443968],[90360,442014],[89089,443552],[87704,442651],[87359,442446],[85731,442145],[86379,440152],[88262,437328],[88002,435143],[85034,435027],[82296,434482],[79921,434845],[77952,435797],[75833,437162],[74229,439015],[74711,439861]]]},"properties":{"id":174,"statcode":"GM0599","jrstatcode":"2019GM0599","statnaam":"Rotterdam","rubriek":"gemeente","FID":"gemeente_gegeneraliseerd_2019.bb730e5c-e7c4-4c17-9635-d05464c430c8"},"id":"GM0599"},
{"type":"Feature","geometry":{"type":"Polygon","coordinates":[[[84352,449225],[83191,453130],[79790,450929],[80896,448306],[81042,448024],[82145,447691],[84352,449225]]]},"properties":{"id":175,"statcode":"GM0603","jrstatcode":"2019GM0603","statnaam":"Rijswijk","rubriek":"gemeente","FID":"gemeente_gegeneraliseerd_2019.ac8fe633-d6b6-4b39-b5c4-46e02b4ffeb4"},"id":"GM0603"},
{"type":"Feature","geometry":{"type":"Polygon","coordinates":[[[85731,442145],[83744,440849],[84429,439340],[85034,435027],[88002,435143],[88262,437328],[86379,440152],[85731,442145]]]},"properties":{"id":176,"statcode":"GM0606","jrstatcode":"2019GM0606","statnaam":"Schiedam","rubriek":"gemeente","FID":"gemeente_gegeneraliseerd_2019.f1f6172c-a2a1-4357-88fc-1e57ad492521"},"id":"GM0606"},
{"type":"Feature","geometry":{"type":"Polygon","coordinates":[[[114771,428803],[110589,428243],[109665,426156],[112179,425455],[115300,425717],[114771,428803]]]},"properties":{"id":177,"statcode":"GM0610","jrstatcode":"2019GM0610","statnaam":"Sliedrecht","rubriek":"gemeente","FID":"gemeente_gegeneraliseerd_2019.e5874645-e73f-49bb-8baf-81b9ddcfd54e"},"id":"GM0610"},
{"type":"Feature","geometry":{"type":"Polygon","coordinates":[[[92538,430808],[91493,430787],[88229,431987],[86067,431344],[85844,428647],[87947,428693],[89201,428038],[90407,427480],[93100,427805],[92538,430808]]]},"properties":{"id":178,"statcode":"GM0613","jrstatcode":"2019GM0613","statnaam":"Albrandswaard","rubriek":"gemeente","FID":"gemeente_gegeneraliseerd_2019.f3f1e2b4-66f3-4f5d-bbc4-e7d002005411"},"id":"GM0613"},
{"type":"Feature","geometry":{"type":"Polygon","coordinates":[[[69560,438835],[67014,439405],[63995,439024],[59181,437315],[62276,438148],[63282,437112],[61484,433973],[63888,430299],[64066,429364],[67516,430697],[68483,432721],[70181,433282],[68858,436070],[70127,437797],[69560,438835]]]},"properties":{"id":179,"statcode":"GM0614","jrstatcode":"2019GM0614","statnaam":"Westvoorne","rubriek":"gemeente","FID":"gemeente_gegeneraliseerd_2019.7bb2b102-af7d-46db-bcac-220240b09e24"},"id":"GM0614"},
{"type":"Feature","geometry":{"type":"Polygon","coordinates":[[[85034,435027],[84429,439340],[83744,440849],[81257,439249],[79702,437540],[77952,435797],[79921,434845],[82296,434482],[85034,435027]]]},"properties":{"id":180,"statcode":"GM0622","jrstatcode":"2019GM0622","statnaam":"Vlaardingen","rubriek":"gemeente","FID":"gemeente_gegeneraliseerd_2019.d10f759d-152f-4c8f-8de0-3071de1db217"},"id":"GM0622"},
{"type":"Feature","geometry":{"type":"Polygon","coordinates":[[[91817,460302],[91911,462763],[90370,462327],[87457,458641],[89273,457459],[91817,460302]]]},"properties":{"id":181,"statcode":"GM0626","jrstatcode":"2019GM0626","statnaam":"Voorschoten","rubriek":"gemeente","FID":"gemeente_gegeneraliseerd_2019.04b1f2fb-7cbb-4d04-95d3-81175799643c"},"id":"GM0626"},
{"type":"Feature","geometry":{"type":"Polygon","coordinates":[[[105131,453117],[103559,454182],[101516,454595],[101530,453313],[101500,451064],[100373,449939],[102658,447648],[104317,448282],[105530,447424],[106503,449085],[108265,450418],[106299,450866],[105131,453117]]]},"properties":{"id":182,"statcode":"GM0627","jrstatcode":"2019GM0627","statnaam":"Waddinxveen","rubriek":"gemeente","FID":"gemeente_gegeneraliseerd_2019.f8e34121-e096-4805-baef-03fdda6e071d"},"id":"GM0627"},
{"type":"Feature","geometry":{"type":"Polygon","coordinates":[[[90214,463476],[88249,464373],[85743,467010],[80754,460567],[83502,457165],[85482,456766],[87457,458641],[90370,462327],[90214,463476]]]},"properties":{"id":183,"statcode":"GM0629","jrstatcode":"2019GM0629","statnaam":"Wassenaar","rubriek":"gemeente","FID":"gemeente_gegeneraliseerd_2019.df046dc0-407e-43e8-9b2a-44a76c971342"},"id":"GM0629"},
{"type":"Feature","geometry":{"type":"Polygon","coordinates":[[[122323,463853],[121129,463853],[119854,463226],[119902,461306],[117069,461980],[115700,461487],[114244,459508],[116507,457806],[116544,454189],[117506,453540],[119757,453509],[121706,453679],[124084,454717],[125458,453645],[128415,453164],[128806,455646],[126435,459440],[124645,460018],[122323,463853]]]},"properties":{"id":184,"statcode":"GM0632","jrstatcode":"2019GM0632","statnaam":"Woerden","rubriek":"gemeente","FID":"gemeente_gegeneraliseerd_2019.1f456503-9928-4892-877c-f6d93ecd4e29"},"id":"GM0632"},
{"type":"Feature","geometry":{"type":"Polygon","coordinates":[[[96279,455040],[94507,456483],[93664,456128],[91218,454913],[88731,453139],[88800,451925],[90751,451625],[92520,449648],[94442,449656],[98079,452874],[96279,455040]]]},"properties":{"id":185,"statcode":"GM0637","jrstatcode":"2019GM0637","statnaam":"Zoetermeer","rubriek":"gemeente","FID":"gemeente_gegeneraliseerd_2019.88b55a9e-b713-4607-97bb-f4b37d73819b"},"id":"GM0637"},
{"type":"Feature","geometry":{"type":"Polygon","coordinates":[[[96279,455040],[96734,455416],[96658,459477],[97736,461462],[95921,462486],[92386,459364],[93664,456128],[94507,456483],[96279,455040]]]},"properties":{"id":186,"statcode":"GM0638","jrstatcode":"2019GM0638","statnaam":"Zoeterwoude","rubriek":"gemeente","FID":"gemeente_gegeneraliseerd_2019.9d2c7c61-434a-45fc-ade2-2af799934756"},"id":"GM0638"},
{"type":"Feature","geometry":{"type":"Polygon","coordinates":[[[105585,426352],[103301,426576],[100758,428087],[98764,429042],[97539,427140],[98620,425059],[102166,423852],[105670,426047],[105585,426352]]]},"properties":{"id":187,"statcode":"GM0642","jrstatcode":"2019GM0642","statnaam":"Zwijndrecht","rubriek":"gemeente","FID":"gemeente_gegeneraliseerd_2019.8edecb34-29f2-4ce7-ab1d-0ebc2acfe57c"},"id":"GM0642"},
{"type":"Feature","geometry":{"type":"Polygon","coordinates":[[[38280,384188],[40046,381525],[41457,381901],[45382,378574],[49849,379776],[51544,379481],[53383,383838],[53396,385734],[52300,387568],[52586,388821],[47673,389607],[44871,389653],[42533,391176],[38244,391729],[38061,389486],[38185,388891],[38794,387396],[38451,386400],[38049,385929],[38280,384188]]]},"properties":{"id":188,"statcode":"GM0654","jrstatcode":"2019GM0654","statnaam":"Borsele","rubriek":"gemeente","FID":"gemeente_gegeneraliseerd_2019.d858b648-acdc-4c0f-a616-cbceb47a4805"},"id":"GM0654"},
{"type":"Feature","geometry":{"type":"Polygon","coordinates":[[[49413,395826],[48305,395639],[46472,396658],[44373,395890],[41697,396670],[40343,395878],[39870,394141],[41026,392780],[38244,391729],[42533,391176],[44871,389653],[47673,389607],[52586,388821],[53513,390221],[56282,391791],[56732,394147],[54604,393940],[53728,395970],[49535,395849],[49413,395826]]]},"properties":{"id":189,"statcode":"GM0664","jrstatcode":"2019GM0664","statnaam":"Goes","rubriek":"gemeente","FID":"gemeente_gegeneraliseerd_2019.9ecefbd2-fbf4-4a76-8872-8735d146dbda"},"id":"GM0664"},
{"type":"Feature","geometry":{"type":"Polygon","coordinates":[[[164923,434036],[163387,433487],[160281,433390],[158978,432854],[157464,430875],[156931,429248],[155926,427674],[156909,425853],[158600,424566],[160391,424749],[161800,426761],[165600,425310],[166770,426556],[169530,426626],[170344,427544],[168633,427854],[167480,432016],[164923,434036]]]},"properties":{"id":190,"statcode":"GM0668","jrstatcode":"2019GM0668","statnaam":"West Maas en Waal","rubriek":"gemeente","FID":"gemeente_gegeneraliseerd_2019.077993fe-5bc3-4518-93f5-8c22d17ac36a"},"id":"GM0668"},
{"type":"Feature","geometry":{"type":"Polygon","coordinates":[[[58533,362305],[62182,362409],[69830,367780],[74709,373839],[72789,376809],[71746,377042],[67918,375649],[66410,374463],[64381,375806],[62099,376027],[59608,380026],[56697,380680],[55551,376360],[54343,376132],[55404,376045],[55661,372488],[55018,369763],[56787,368897],[56911,363141],[58533,362305]]]},"properties":{"id":191,"statcode":"GM0677","jrstatcode":"2019GM0677","statnaam":"Hulst","rubriek":"gemeente","FID":"gemeente_gegeneraliseerd_2019.d2248b09-7569-4ecc-81e2-45612315bb22"},"id":"GM0677"},
{"type":"Feature","geometry":{"type":"Polygon","coordinates":[[[59668,393202],[56732,394147],[56282,391791],[53513,390221],[52586,388821],[52300,387568],[53396,385734],[53408,385729],[53938,385392],[56893,386872],[58092,385622],[59103,386414],[59020,391558],[59668,393202]]]},"properties":{"id":192,"statcode":"GM0678","jrstatcode":"2019GM0678","statnaam":"Kapelle","rubriek":"gemeente","FID":"gemeente_gegeneraliseerd_2019.81768240-9dea-47cd-b1a7-10cfb66af586"},"id":"GM0678"},
{"type":"Feature","geometry":{"type":"Polygon","coordinates":[[[36569,395333],[35047,393674],[30511,395220],[29833,393841],[29468,390465],[29950,389345],[31453,388905],[32888,389458],[34188,388195],[35518,388161],[38061,389486],[38244,391729],[41026,392780],[39870,394141],[37740,393207],[36569,395333]]]},"properties":{"id":193,"statcode":"GM0687","jrstatcode":"2019GM0687","statnaam":"Middelburg","rubriek":"gemeente","FID":"gemeente_gegeneraliseerd_2019.8f854430-1c52-411d-8245-c54e4bb32003"},"id":"GM0687"},
{"type":"Feature","geometry":{"type":"Polygon","coordinates":[[[73768,389389],[74059,383932],[71176,384570],[69207,383380],[67793,383227],[65049,384935],[62453,388901],[61650,391264],[59668,393202],[59020,391558],[59103,386414],[58092,385622],[62034,383156],[62802,381346],[65914,380045],[69366,379130],[72223,380421],[74578,379053],[75348,376806],[77733,376905],[77116,377750],[76849,381415],[77707,382359],[77007,383998],[74653,389512],[73768,389389]]]},"properties":{"id":194,"statcode":"GM0703","jrstatcode":"2019GM0703","statnaam":"Reimerswaal","rubriek":"gemeente","FID":"gemeente_gegeneraliseerd_2019.f71180af-903b-4ceb-844a-69d4314a47fd"},"id":"GM0703"},
{"type":"Feature","geometry":{"type":"Polygon","coordinates":[[[54343,376132],[49690,374101],[49058,373008],[44903,373322],[43665,374591],[39036,374701],[37023,376492],[37043,375065],[34643,374972],[33561,373953],[35034,371477],[36439,371643],[37614,370319],[37771,367965],[36854,366563],[41148,365720],[43890,364181],[43444,363048],[43485,359511],[45847,358894],[48259,359055],[50314,360366],[50105,357829],[55185,359468],[58533,362305],[56911,363141],[56787,368897],[55018,369763],[55661,372488],[55404,376045],[54343,376132]]]},"properties":{"id":195,"statcode":"GM0715","jrstatcode":"2019GM0715","statnaam":"Terneuzen","rubriek":"gemeente","FID":"gemeente_gegeneraliseerd_2019.09679e71-993a-4a46-8928-2ca3f6ec7bb7"},"id":"GM0715"},
{"type":"Feature","geometry":{"type":"Polygon","coordinates":[[[72347,406224],[67328,407959],[65945,406785],[67088,404741],[67755,402200],[64085,403552],[60534,401771],[58185,401343],[57735,400043],[59219,399438],[62196,396811],[63862,393969],[70106,393360],[70952,391015],[73768,389389],[74653,389512],[73890,391299],[75164,396342],[74633,397836],[72199,401234],[72190,402952],[73800,404965],[75394,405646],[72414,406252],[72347,406224]]]},"properties":{"id":196,"statcode":"GM0716","jrstatcode":"2019GM0716","statnaam":"Tholen","rubriek":"gemeente","FID":"gemeente_gegeneraliseerd_2019.92ac5529-3d50-49a5-9729-7696d2dab059"},"id":"GM0716"},
{"type":"Feature","geometry":{"type":"MultiPolygon","coordinates":[[[[33485,401517],[29461,402076],[27903,401584],[19813,396639],[19424,394980],[20615,393544],[23740,391136],[25728,387646],[29950,389345],[29468,390465],[29833,393841],[30511,395220],[35047,393674],[36569,395333],[35884,397108],[33206,399539],[33568,401236],[33485,401517]]],[[[36945,402700],[37290,405025],[39327,406633],[39780,408151],[39553,408156],[36962,405220],[36778,402630],[36945,402700]]]]},"properties":{"id":197,"statcode":"GM0717","jrstatcode":"2019GM0717","statnaam":"Veere","rubriek":"gemeente","FID":"gemeente_gegeneraliseerd_2019.e42876c6-acce-42a8-81f6-c9186a235047"},"id":"GM0717"},
{"type":"Feature","geometry":{"type":"Polygon","coordinates":[[[38185,388891],[38061,389486],[35518,388161],[34188,388195],[32888,389458],[31453,388905],[29950,389345],[25728,387646],[29008,384893],[33540,385281],[34857,386737],[36797,387142],[38216,388224],[37972,388659],[38185,388891]]]},"properties":{"id":198,"statcode":"GM0718","jrstatcode":"2019GM0718","statnaam":"Vlissingen","rubriek":"gemeente","FID":"gemeente_gegeneraliseerd_2019.a03255af-e387-46da-9e57-1df02b08fe9e"},"id":"GM0718"},
{"type":"Feature","geometry":{"type":"Polygon","coordinates":[[[130059,479450],[128409,477974],[127457,478119],[125521,476788],[124056,477085],[122481,473956],[119692,474042],[118449,472797],[116838,471538],[114509,471127],[115787,468348],[117851,465909],[121129,463853],[122323,463853],[123625,464437],[126245,468077],[127206,471053],[129057,471583],[130070,477247],[130059,479450]]]},"properties":{"id":199,"statcode":"GM0736","jrstatcode":"2019GM0736","statnaam":"De Ronde Venen","rubriek":"gemeente","FID":"gemeente_gegeneraliseerd_2019.83dc0939-4ef0-4cc5-8ac9-f3c914d6a758"},"id":"GM0736"},
{"type":"Feature","geometry":{"type":"Polygon","coordinates":[[[197233,584000],[194943,582839],[192983,582534],[192067,585022],[190947,585222],[188022,587920],[186581,589214],[185116,587697],[184705,584123],[186512,584183],[187899,583074],[189120,580350],[186440,579816],[186180,578131],[186745,576196],[191028,575883],[191433,575068],[189889,573242],[192239,570682],[196869,574384],[201271,574638],[203021,574137],[203635,576834],[201657,578845],[201700,581160],[197751,582808],[197233,584000]]]},"properties":{"id":200,"statcode":"GM0737","jrstatcode":"2019GM0737","statnaam":"Tytsjerksteradiel","rubriek":"gemeente","FID":"gemeente_gegeneraliseerd_2019.ea95d63e-8d35-4772-81be-ca0c51d3571b"},"id":"GM0737"},
{"type":"Feature","geometry":{"type":"Polygon","coordinates":[[[178018,383345],[176330,383394],[177088,380163],[179119,378137],[181709,371689],[186560,373172],[188657,373814],[187697,373945],[187508,376465],[185945,378997],[182924,380442],[180624,382861],[178018,383345]]]},"properties":{"id":201,"statcode":"GM0743","jrstatcode":"2019GM0743","statnaam":"Asten","rubriek":"gemeente","FID":"gemeente_gegeneraliseerd_2019.7ca7d944-3b3b-49a9-8fb3-223ad949d6f3"},"id":"GM0743"},
{"type":"Feature","geometry":{"type":"Polygon","coordinates":[[[125122,385732],[123373,385670],[120549,387802],[117119,388107],[116702,385942],[115805,384544],[116254,381496],[113233,382773],[111840,382559],[112297,380658],[113403,380154],[116887,380753],[120327,380819],[123110,378644],[125510,381549],[128360,383903],[128817,385531],[125295,385593],[125122,385732]]]},"properties":{"id":202,"statcode":"GM0744","jrstatcode":"2019GM0744","statnaam":"Baarle-Nassau","rubriek":"gemeente","FID":"gemeente_gegeneraliseerd_2019.3130a8c5-fb45-46b1-a545-14bb3a65fc22"},"id":"GM0744"},
{"type":"Feature","geometry":{"type":"Polygon","coordinates":[[[80842,396350],[76302,398582],[75164,396342],[73890,391299],[74653,389512],[77007,383998],[78240,383977],[80220,386230],[84093,385790],[83753,387981],[84535,389239],[82956,391009],[83176,392209],[81631,393782],[80842,396350]]]},"properties":{"id":203,"statcode":"GM0748","jrstatcode":"2019GM0748","statnaam":"Bergen op Zoom","rubriek":"gemeente","FID":"gemeente_gegeneraliseerd_2019.0193eb98-d21f-4e69-9066-2f7e3115a143"},"id":"GM0748"},
{"type":"Feature","geometry":{"type":"Polygon","coordinates":[[[157542,393898],[156181,395481],[152899,395084],[152382,392019],[152826,389676],[155230,388457],[155277,386966],[155572,388239],[158845,389434],[159186,391453],[157542,393898]]]},"properties":{"id":204,"statcode":"GM0753","jrstatcode":"2019GM0753","statnaam":"Best","rubriek":"gemeente","FID":"gemeente_gegeneraliseerd_2019.631a86fc-30a6-4d41-ab0e-e0d2b9303dcd"},"id":"GM0753"},
{"type":"Feature","geometry":{"type":"Polygon","coordinates":[[[180157,403820],[174230,404423],[171576,403864],[172715,401956],[173309,399305],[176637,399513],[180736,400626],[180157,403820]]]},"properties":{"id":205,"statcode":"GM0755","jrstatcode":"2019GM0755","statnaam":"Boekel","rubriek":"gemeente","FID":"gemeente_gegeneraliseerd_2019.1080310c-d21f-403c-9a6f-8800eceee2c8"},"id":"GM0755"},
{"type":"Feature","geometry":{"type":"Polygon","coordinates":[[[195797,406270],[194876,407769],[194937,409800],[194273,413528],[192772,414297],[190100,411198],[190136,410413],[187700,409118],[187421,408259],[192296,404934],[193244,402800],[192738,401026],[188968,398919],[188539,397189],[191028,396026],[193023,396215],[197779,398105],[199698,396129],[200833,396821],[200227,399391],[199282,400936],[198820,403863],[195797,406270]]]},"properties":{"id":206,"statcode":"GM0756","jrstatcode":"2019GM0756","statnaam":"Boxmeer","rubriek":"gemeente","FID":"gemeente_gegeneraliseerd_2019.f16c210d-5bdb-48a4-81ab-d19374203e22"},"id":"GM0756"},
{"type":"Feature","geometry":{"type":"Polygon","coordinates":[[[150191,405089],[149721,404983],[150103,403168],[148504,401549],[146399,401242],[145300,399801],[145225,398960],[147098,395991],[149534,395227],[151250,395796],[152899,395084],[156181,395481],[155929,398522],[154601,399854],[154538,401557],[152626,401311],[151177,402480],[151862,403482],[150191,405089]]]},"properties":{"id":207,"statcode":"GM0757","jrstatcode":"2019GM0757","statnaam":"Boxtel","rubriek":"gemeente","FID":"gemeente_gegeneraliseerd_2019.b747fa7d-9545-43aa-ac10-f6c62a09f561"},"id":"GM0757"},
{"type":"Feature","geometry":{"type":"Polygon","coordinates":[[[113485,405526],[112223,404678],[109638,406228],[107363,405695],[105006,405300],[104500,403762],[104890,401935],[106148,401347],[106919,397897],[106927,395327],[107613,395871],[110217,393766],[110314,391520],[109630,388704],[111454,390560],[110562,392026],[112177,393334],[116406,395858],[118646,396611],[118751,399037],[117258,399798],[117288,403264],[115610,404905],[113485,405526]]]},"properties":{"id":208,"statcode":"GM0758","jrstatcode":"2019GM0758","statnaam":"Breda","rubriek":"gemeente","FID":"gemeente_gegeneraliseerd_2019.e79cbe79-efa1-45d9-9c7d-63c82b32def3"},"id":"GM0758"},
{"type":"Feature","geometry":{"type":"Polygon","coordinates":[[[188908,384277],[187885,389323],[187311,390673],[181853,388917],[178235,388508],[179241,387044],[177942,386326],[178832,383974],[178018,383345],[180624,382861],[182924,380442],[185945,378997],[187508,376465],[187697,373945],[188657,373814],[192875,377429],[188908,384277]]]},"properties":{"id":209,"statcode":"GM0762","jrstatcode":"2019GM0762","statnaam":"Deurne","rubriek":"gemeente","FID":"gemeente_gegeneraliseerd_2019.668c2594-9473-401d-b819-80dd32ef24d3"},"id":"GM0762"},
{"type":"Feature","geometry":{"type":"Polygon","coordinates":[[[264974,571066],[262155,571115],[260669,570495],[260432,570400],[260399,568997],[260312,568718],[258436,566219],[258676,563637],[256982,562406],[258916,560304],[260267,559692],[263764,566430],[264125,566224],[265868,569616],[264974,571066]]]},"properties":{"id":210,"statcode":"GM0765","jrstatcode":"2019GM0765","statnaam":"Pekela","rubriek":"gemeente","FID":"gemeente_gegeneraliseerd_2019.ac41da56-6e39-4fab-8721-2ccf7bb22e27"},"id":"GM0765"},
{"type":"Feature","geometry":{"type":"Polygon","coordinates":[[[127324,407385],[125290,407054],[125015,409196],[123596,409870],[123031,409458],[123554,406972],[121961,404619],[122079,403054],[124567,402568],[128489,402181],[127324,407385]]]},"properties":{"id":211,"statcode":"GM0766","jrstatcode":"2019GM0766","statnaam":"Dongen","rubriek":"gemeente","FID":"gemeente_gegeneraliseerd_2019.6d1484f7-873c-4457-a317-05fa6e9fa290"},"id":"GM0766"},
{"type":"Feature","geometry":{"type":"Polygon","coordinates":[[[153766,386250],[151354,386313],[148805,385064],[145350,384069],[144603,382171],[147048,380043],[149440,379667],[149687,377953],[148181,377754],[147206,374842],[147946,371906],[146370,370011],[148375,369892],[152207,372026],[152114,374258],[155119,376365],[152716,379960],[150579,379674],[150282,381633],[151706,381828],[152894,383234],[152881,384947],[153766,386250]]]},"properties":{"id":212,"statcode":"GM0770","jrstatcode":"2019GM0770","statnaam":"Eersel","rubriek":"gemeente","FID":"gemeente_gegeneraliseerd_2019.b4ccb47f-49dc-49b3-a939-f32992e6a79c"},"id":"GM0770"},
{"type":"Feature","geometry":{"type":"Polygon","coordinates":[[[163626,389774],[158845,389434],[155572,388239],[155277,386966],[153766,386250],[152881,384947],[152894,383234],[155012,383189],[157721,382367],[157789,379279],[162839,379419],[163189,379007],[164645,379515],[164596,382096],[166229,382854],[164913,385523],[163466,386714],[163626,389774]]]},"properties":{"id":213,"statcode":"GM0772","jrstatcode":"2019GM0772","statnaam":"Eindhoven","rubriek":"gemeente","FID":"gemeente_gegeneraliseerd_2019.4aabbd0a-4463-4aa4-ad82-fa2f7002c9b0"},"id":"GM0772"},
{"type":"Feature","geometry":{"type":"Polygon","coordinates":[[[106927,395327],[106919,397897],[106148,401347],[104890,401935],[104500,403762],[105006,405300],[102512,404182],[100576,404335],[101432,402412],[100227,400457],[99842,397199],[102123,396213],[103056,393091],[104473,393197],[106927,395327]]]},"properties":{"id":214,"statcode":"GM0777","jrstatcode":"2019GM0777","statnaam":"Etten-Leur","rubriek":"gemeente","FID":"gemeente_gegeneraliseerd_2019.c4a3b1d8-7e92-4129-bcca-f3cd91966957"},"id":"GM0777"},
{"type":"Feature","geometry":{"type":"Polygon","coordinates":[[[122577,414684],[119472,414709],[116968,413906],[116048,413766],[117318,410236],[119951,409612],[123031,409458],[123596,409870],[122577,414684]]]},"properties":{"id":215,"statcode":"GM0779","jrstatcode":"2019GM0779","statnaam":"Geertruidenberg","rubriek":"gemeente","FID":"gemeente_gegeneraliseerd_2019.51f3f7b5-72fe-4c96-b04a-7d3c061f686b"},"id":"GM0779"},
{"type":"Feature","geometry":{"type":"Polygon","coordinates":[[[124567,402568],[122079,403054],[122199,401128],[118751,399037],[118646,396611],[117628,395033],[118856,394473],[121958,391342],[125116,392275],[125532,393072],[126435,394654],[124755,396882],[126006,398125],[126009,401546],[124567,402568]]]},"properties":{"id":216,"statcode":"GM0784","jrstatcode":"2019GM0784","statnaam":"Gilze en Rijen","rubriek":"gemeente","FID":"gemeente_gegeneraliseerd_2019.6a474aed-ba71-4304-ac9c-24f22e36cb10"},"id":"GM0784"},
{"type":"Feature","geometry":{"type":"Polygon","coordinates":[[[135756,394527],[134828,394039],[132322,394372],[130248,393452],[129698,394451],[126435,394654],[125532,393072],[127587,391545],[127270,388298],[129248,387442],[130823,387916],[131553,386949],[131689,388731],[134243,391408],[135756,394527]]]},"properties":{"id":217,"statcode":"GM0785","jrstatcode":"2019GM0785","statnaam":"Goirle","rubriek":"gemeente","FID":"gemeente_gegeneraliseerd_2019.26462c84-fd84-4a7a-8d82-543b0fe7b30c"},"id":"GM0785"},
{"type":"Feature","geometry":{"type":"Polygon","coordinates":[[[182850,418389],[179719,419000],[178642,420520],[177363,420757],[175965,418981],[176475,416689],[177519,415348],[180199,414765],[183002,414724],[183498,416263],[182850,418389]]]},"properties":{"id":218,"statcode":"GM0786","jrstatcode":"2019GM0786","statnaam":"Grave","rubriek":"gemeente","FID":"gemeente_gegeneraliseerd_2019.ca4beffb-8404-448d-9ca7-9885cdea70a5"},"id":"GM0786"},
{"type":"Feature","geometry":{"type":"Polygon","coordinates":[[[149721,404983],[149262,404010],[147234,403479],[145258,404888],[144989,406745],[142380,409017],[139753,408939],[138230,405769],[139903,403336],[140612,400994],[143009,399641],[145300,399801],[146399,401242],[148504,401549],[150103,403168],[149721,404983]]]},"properties":{"id":219,"statcode":"GM0788","jrstatcode":"2019GM0788","statnaam":"Haaren","rubriek":"gemeente","FID":"gemeente_gegeneraliseerd_2019.54b3805c-82a6-4473-9713-e56b4427e6d6"},"id":"GM0788"},
{"type":"Feature","geometry":{"type":"Polygon","coordinates":[[[175615,391007],[173689,390956],[172196,389569],[170443,391158],[168160,390065],[168795,387826],[170147,386903],[168726,385734],[170995,384492],[173715,385310],[174810,385443],[176330,383394],[178018,383345],[178832,383974],[177942,386326],[179241,387044],[178235,388508],[177254,390071],[177287,390361],[175615,391007]]]},"properties":{"id":220,"statcode":"GM0794","jrstatcode":"2019GM0794","statnaam":"Helmond","rubriek":"gemeente","FID":"gemeente_gegeneraliseerd_2019.cdd0ecbd-509b-4003-b8b3-5e1345c2f7f4"},"id":"GM0794"},
{"type":"Feature","geometry":{"type":"Polygon","coordinates":[[[161013,415585],[160250,415240],[158563,419595],[152674,418532],[148700,416448],[147822,416789],[145155,416198],[142519,416989],[144212,415043],[144133,413547],[145402,411812],[143864,411262],[145361,410534],[148141,410388],[148885,408725],[150286,409065],[151657,408355],[152682,409141],[153549,412022],[157945,412524],[159818,410981],[160715,411154],[161744,413844],[161013,415585]]]},"properties":{"id":221,"statcode":"GM0796","jrstatcode":"2019GM0796","statnaam":"'s-Hertogenbosch","rubriek":"gemeente","FID":"gemeente_gegeneraliseerd_2019.273b1d70-426c-4c2c-adf6-fb863b9704a8"},"id":"GM0796"},
{"type":"Feature","geometry":{"type":"Polygon","coordinates":[[[141083,417042],[137100,416575],[133895,414889],[135752,413401],[135240,409821],[135542,405271],[138230,405769],[139753,408939],[142380,409017],[143658,409455],[143864,411262],[145402,411812],[144133,413547],[144212,415043],[142519,416989],[141083,417042]]]},"properties":{"id":222,"statcode":"GM0797","jrstatcode":"2019GM0797","statnaam":"Heusden","rubriek":"gemeente","FID":"gemeente_gegeneraliseerd_2019.3b628c3e-66d4-4a42-bf87-73c37ad36260"},"id":"GM0797"},
{"type":"Feature","geometry":{"type":"Polygon","coordinates":[[[137166,393511],[135756,394527],[134243,391408],[131689,388731],[131553,386949],[133556,386977],[135167,382240],[141357,382363],[141357,382364],[142668,386298],[143413,387105],[143976,389976],[145562,391189],[143702,392029],[141286,391006],[139991,391307],[137166,393511]]]},"properties":{"id":223,"statcode":"GM0798","jrstatcode":"2019GM0798","statnaam":"Hilvarenbeek","rubriek":"gemeente","FID":"gemeente_gegeneraliseerd_2019.7a03f5eb-c624-4156-85d9-539f25a69c08"},"id":"GM0798"},
{"type":"Feature","geometry":{"type":"Polygon","coordinates":[[[135542,405271],[135240,409821],[132409,409196],[131552,408166],[127682,409791],[127324,407385],[128489,402181],[134673,402526],[135542,405271]]]},"properties":{"id":224,"statcode":"GM0809","jrstatcode":"2019GM0809","statnaam":"Loon op Zand","rubriek":"gemeente","FID":"gemeente_gegeneraliseerd_2019.97114a5a-fadc-4b63-ae3a-296c04734f51"},"id":"GM0809"},
{"type":"Feature","geometry":{"type":"Polygon","coordinates":[[[177519,415348],[176616,413680],[179011,409927],[179592,406863],[179957,404930],[182901,406867],[186510,410229],[185097,412394],[183906,412499],[183002,414724],[180199,414765],[177519,415348]]]},"properties":{"id":225,"statcode":"GM0815","jrstatcode":"2019GM0815","statnaam":"Mill en Sint Hubert","rubriek":"gemeente","FID":"gemeente_gegeneraliseerd_2019.69521053-7e9a-4a35-9463-e18a0eb97467"},"id":"GM0815"},
{"type":"Feature","geometry":{"type":"Polygon","coordinates":[[[168160,390065],[166833,391165],[166117,394319],[164970,392905],[166042,391533],[163626,389774],[163466,386714],[164913,385523],[166229,382854],[167440,383623],[168726,385734],[170147,386903],[168795,387826],[168160,390065]]]},"properties":{"id":226,"statcode":"GM0820","jrstatcode":"2019GM0820","statnaam":"Nuenen, Gerwen en Nederwetten","rubriek":"gemeente","FID":"gemeente_gegeneraliseerd_2019.49d2928d-a581-4a6f-abb0-065411661e7a"},"id":"GM0820"},
{"type":"Feature","geometry":{"type":"Polygon","coordinates":[[[152899,395084],[151250,395796],[149534,395227],[147098,395991],[145713,394604],[145063,392983],[143702,392029],[145562,391189],[143976,389976],[143413,387105],[142668,386298],[141357,382364],[142447,382859],[144603,382171],[145350,384069],[148805,385064],[151354,386313],[153766,386250],[155277,386966],[155230,388457],[152826,389676],[152382,392019],[152899,395084]]]},"properties":{"id":227,"statcode":"GM0823","jrstatcode":"2019GM0823","statnaam":"Oirschot","rubriek":"gemeente","FID":"gemeente_gegeneraliseerd_2019.b18a2981-b8f5-4aab-9533-a8f859485b5c"},"id":"GM0823"},
{"type":"Feature","geometry":{"type":"Polygon","coordinates":[[[145300,399801],[143009,399641],[140612,400994],[138633,399071],[137675,397100],[138371,395344],[137166,393511],[139991,391307],[141286,391006],[143702,392029],[145063,392983],[145713,394604],[147098,395991],[145225,398960],[145300,399801]]]},"properties":{"id":228,"statcode":"GM0824","jrstatcode":"2019GM0824","statnaam":"Oisterwijk","rubriek":"gemeente","FID":"gemeente_gegeneraliseerd_2019.a4f631ad-cb56-4870-a6fa-683bfde06fae"},"id":"GM0824"},
{"type":"Feature","geometry":{"type":"Polygon","coordinates":[[[123031,409458],[119951,409612],[117318,410236],[113065,408516],[113485,405526],[115610,404905],[117288,403264],[117258,399798],[118751,399037],[122199,401128],[122079,403054],[121961,404619],[123554,406972],[123031,409458]]]},"properties":{"id":229,"statcode":"GM0826","jrstatcode":"2019GM0826","statnaam":"Oosterhout","rubriek":"gemeente","FID":"gemeente_gegeneraliseerd_2019.271c3928-d24f-45ea-ae64-f3f5a104ee65"},"id":"GM0826"},
{"type":"Feature","geometry":{"type":"Polygon","coordinates":[[[169530,426626],[166770,426556],[165600,425310],[161800,426761],[160391,424749],[158600,424566],[156909,425853],[156000,425809],[153747,422352],[152674,418532],[158563,419595],[160250,415240],[161013,415585],[164803,416868],[168380,415876],[169461,417655],[173045,419528],[175965,418981],[177363,420757],[176061,422250],[173645,423300],[172602,425437],[169530,426626]]]},"properties":{"id":230,"statcode":"GM0828","jrstatcode":"2019GM0828","statnaam":"Oss","rubriek":"gemeente","FID":"gemeente_gegeneraliseerd_2019.7ae6ef35-84eb-403d-9c94-7dd7a7779d6d"},"id":"GM0828"},
{"type":"Feature","geometry":{"type":"Polygon","coordinates":[[[99842,397199],[95786,395937],[96025,397770],[94145,398102],[93490,396995],[93376,395467],[95063,395198],[94416,392462],[93571,392342],[92441,387975],[96025,388494],[96707,387475],[97274,388839],[99623,390048],[103056,393091],[102123,396213],[99842,397199]]]},"properties":{"id":231,"statcode":"GM0840","jrstatcode":"2019GM0840","statnaam":"Rucphen","rubriek":"gemeente","FID":"gemeente_gegeneraliseerd_2019.6b0ea247-00d7-409f-ad9d-1374ecd099ee"},"id":"GM0840"},
{"type":"Feature","geometry":{"type":"Polygon","coordinates":[[[159818,410981],[157945,412524],[153549,412022],[152682,409141],[151657,408355],[150286,409065],[149242,408529],[150290,406796],[150191,405089],[151862,403482],[151177,402480],[152626,401311],[154538,401557],[155530,401884],[154155,404982],[154473,406146],[157504,407218],[159002,408387],[159818,410981]]]},"properties":{"id":232,"statcode":"GM0845","jrstatcode":"2019GM0845","statnaam":"Sint-Michielsgestel","rubriek":"gemeente","FID":"gemeente_gegeneraliseerd_2019.5c118b72-51fb-49a2-803a-9800565e0f0f"},"id":"GM0845"},
{"type":"Feature","geometry":{"type":"Polygon","coordinates":[[[176330,383394],[174810,385443],[173715,385310],[172515,381512],[172523,377804],[173634,373886],[174864,369576],[181709,371689],[179119,378137],[177088,380163],[176330,383394]]]},"properties":{"id":233,"statcode":"GM0847","jrstatcode":"2019GM0847","statnaam":"Someren","rubriek":"gemeente","FID":"gemeente_gegeneraliseerd_2019.4b48c0ee-1944-47d0-8880-4cbb034cc198"},"id":"GM0847"},
{"type":"Feature","geometry":{"type":"Polygon","coordinates":[[[164970,392905],[162836,392493],[161933,394769],[157542,393898],[159186,391453],[158845,389434],[163626,389774],[166042,391533],[164970,392905]]]},"properties":{"id":234,"statcode":"GM0848","jrstatcode":"2019GM0848","statnaam":"Son en Breugel","rubriek":"gemeente","FID":"gemeente_gegeneraliseerd_2019.1cf76b3d-5a96-41e2-925e-642dc6b643d2"},"id":"GM0848"},
{"type":"Feature","geometry":{"type":"Polygon","coordinates":[[[89250,403567],[85049,407497],[80961,406926],[75394,405646],[73800,404965],[72190,402952],[72199,401234],[74633,397836],[75164,396342],[76302,398582],[80842,396350],[84810,395460],[89390,397042],[89608,398219],[88860,399753],[88470,402979],[89250,403567]]]},"properties":{"id":235,"statcode":"GM0851","jrstatcode":"2019GM0851","statnaam":"Steenbergen","rubriek":"gemeente","FID":"gemeente_gegeneraliseerd_2019.5226f9de-caa3-421d-83de-6a8b4efcff45"},"id":"GM0851"},
{"type":"Feature","geometry":{"type":"Polygon","coordinates":[[[128566,500852],[126923,498154],[125187,499677],[125328,494462],[125109,492730],[128683,493137],[132002,491977],[133302,492130],[133978,494353],[132031,494673],[131975,496425],[132894,497823],[132739,499817],[130370,499751],[128566,500852]]]},"properties":{"id":236,"statcode":"GM0852","jrstatcode":"2019GM0852","statnaam":"Waterland","rubriek":"gemeente","FID":"gemeente_gegeneraliseerd_2019.0ae81ea8-0624-47ef-9e11-76edef2880d2"},"id":"GM0852"},
{"type":"Feature","geometry":{"type":"Polygon","coordinates":[[[140612,400994],[139903,403336],[138230,405769],[135542,405271],[134673,402526],[128489,402181],[124567,402568],[126009,401546],[126006,398125],[124755,396882],[126435,394654],[129698,394451],[130248,393452],[132322,394372],[134828,394039],[135756,394527],[137166,393511],[138371,395344],[137675,397100],[138633,399071],[140612,400994]]]},"properties":{"id":237,"statcode":"GM0855","jrstatcode":"2019GM0855","statnaam":"Tilburg","rubriek":"gemeente","FID":"gemeente_gegeneraliseerd_2019.d6dd3345-22a0-46a8-aae0-5af1eb433fe5"},"id":"GM0855"},
{"type":"Feature","geometry":{"type":"Polygon","coordinates":[[[179592,406863],[178805,409516],[175165,408499],[171272,412285],[169506,412601],[169495,411370],[168086,410148],[167110,408274],[167671,406972],[171576,403864],[174230,404423],[180157,403820],[179957,404930],[179592,406863]]]},"properties":{"id":238,"statcode":"GM0856","jrstatcode":"2019GM0856","statnaam":"Uden","rubriek":"gemeente","FID":"gemeente_gegeneraliseerd_2019.fb565ced-2eb8-4503-b865-23c2354ba8c9"},"id":"GM0856"},
{"type":"Feature","geometry":{"type":"Polygon","coordinates":[[[163996,376581],[158623,375230],[157507,376188],[157264,374451],[157585,371281],[155506,368859],[155042,366216],[157109,363663],[158808,365869],[160416,366144],[161811,367863],[162263,369446],[161021,371643],[162582,373038],[162449,374037],[164748,375315],[163996,376581]]]},"properties":{"id":239,"statcode":"GM0858","jrstatcode":"2019GM0858","statnaam":"Valkenswaard","rubriek":"gemeente","FID":"gemeente_gegeneraliseerd_2019.f2d39f4b-ddf7-49c5-93ce-c900f2a3bacf"},"id":"GM0858"},
{"type":"Feature","geometry":{"type":"Polygon","coordinates":[[[157789,379279],[157721,382367],[155012,383189],[152894,383234],[151706,381828],[150282,381633],[150579,379674],[152716,379960],[155119,376365],[157409,377138],[157789,379279]]]},"properties":{"id":240,"statcode":"GM0861","jrstatcode":"2019GM0861","statnaam":"Veldhoven","rubriek":"gemeente","FID":"gemeente_gegeneraliseerd_2019.9cf5fa46-96a6-4fce-b4be-678a64768342"},"id":"GM0861"},
{"type":"Feature","geometry":{"type":"Polygon","coordinates":[[[150286,409065],[148885,408725],[148141,410388],[145361,410534],[143864,411262],[143658,409455],[142380,409017],[144989,406745],[145258,404888],[147234,403479],[149262,404010],[149721,404983],[150191,405089],[150290,406796],[149242,408529],[150286,409065]]]},"properties":{"id":241,"statcode":"GM0865","jrstatcode":"2019GM0865","statnaam":"Vught","rubriek":"gemeente","FID":"gemeente_gegeneraliseerd_2019.fd0ba3f3-df9f-4983-a315-478a7992d389"},"id":"GM0865"},
{"type":"Feature","geometry":{"type":"Polygon","coordinates":[[[163189,379007],[162839,379419],[157789,379279],[157409,377138],[157507,376188],[158623,375230],[163996,376581],[163189,379007]]]},"properties":{"id":242,"statcode":"GM0866","jrstatcode":"2019GM0866","statnaam":"Waalre","rubriek":"gemeente","FID":"gemeente_gegeneraliseerd_2019.a89df6cf-b61a-4ede-9bea-3f64026a19ea"},"id":"GM0866"},
{"type":"Feature","geometry":{"type":"Polygon","coordinates":[[[133895,414889],[131946,413727],[128893,413853],[125377,414964],[122577,414684],[123596,409870],[125015,409196],[125290,407054],[127324,407385],[127682,409791],[131552,408166],[132409,409196],[135240,409821],[135752,413401],[133895,414889]]]},"properties":{"id":243,"statcode":"GM0867","jrstatcode":"2019GM0867","statnaam":"Waalwijk","rubriek":"gemeente","FID":"gemeente_gegeneraliseerd_2019.3adf2877-0e27-46b6-9f0b-545989645951"},"id":"GM0867"},
{"type":"Feature","geometry":{"type":"Polygon","coordinates":[[[84093,385790],[80220,386230],[78240,383977],[77007,383998],[77707,382359],[76849,381415],[77116,377750],[77733,376905],[81710,377025],[82154,374784],[85158,374385],[87772,375560],[88472,376643],[85732,380365],[85761,385184],[84093,385790]]]},"properties":{"id":244,"statcode":"GM0873","jrstatcode":"2019GM0873","statnaam":"Woensdrecht","rubriek":"gemeente","FID":"gemeente_gegeneraliseerd_2019.11daf9db-1edb-4c27-8b9a-b1717fc1adf2"},"id":"GM0873"},
{"type":"Feature","geometry":{"type":"Polygon","coordinates":[[[109630,388704],[110314,391520],[110217,393766],[107613,395871],[106927,395327],[104473,393197],[103056,393091],[99623,390048],[97274,388839],[96707,387475],[95407,384843],[95755,381891],[98502,382953],[102344,382140],[105098,382162],[104904,384152],[106753,384968],[109630,388704]]]},"properties":{"id":245,"statcode":"GM0879","jrstatcode":"2019GM0879","statnaam":"Zundert","rubriek":"gemeente","FID":"gemeente_gegeneraliseerd_2019.e21c80de-e0ab-4bd6-809e-96999fb13aa0"},"id":"GM0879"},
{"type":"Feature","geometry":{"type":"Polygon","coordinates":[[[124257,502758],[118528,504288],[117462,505845],[114455,503674],[115040,500539],[117617,499270],[118667,498204],[122341,499231],[123312,500405],[124257,502758]]]},"properties":{"id":246,"statcode":"GM0880","jrstatcode":"2019GM0880","statnaam":"Wormerland","rubriek":"gemeente","FID":"gemeente_gegeneraliseerd_2019.29bf66d5-74d2-41db-b53e-edd64323c5ba"},"id":"GM0880"},
{"type":"Feature","geometry":{"type":"Polygon","coordinates":[[[203719,324231],[203865,325987],[199358,327410],[198908,326487],[197639,324653],[197879,322705],[199345,320264],[200329,320397],[201128,323611],[203719,324231]]]},"properties":{"id":247,"statcode":"GM0882","jrstatcode":"2019GM0882","statnaam":"Landgraaf","rubriek":"gemeente","FID":"gemeente_gegeneraliseerd_2019.cbd04408-850f-43c0-b80f-ec5c2f1ccd11"},"id":"GM0882"},
{"type":"Feature","geometry":{"type":"Polygon","coordinates":[[[186813,329041],[184886,329546],[183174,328843],[181980,326536],[182253,324686],[184152,325013],[186953,325665],[187984,328283],[186813,329041]]]},"properties":{"id":248,"statcode":"GM0888","jrstatcode":"2019GM0888","statnaam":"Beek","rubriek":"gemeente","FID":"gemeente_gegeneraliseerd_2019.a58e36d7-6f90-4899-ae3b-282858a27c78"},"id":"GM0888"},
{"type":"Feature","geometry":{"type":"Polygon","coordinates":[[[206463,365621],[206127,366459],[203648,367808],[201172,366613],[199735,364501],[198440,364234],[198186,363445],[200466,362065],[201365,362788],[202865,361693],[203764,362265],[206463,365621]]]},"properties":{"id":249,"statcode":"GM0889","jrstatcode":"2019GM0889","statnaam":"Beesel","rubriek":"gemeente","FID":"gemeente_gegeneraliseerd_2019.d2267aaf-f06d-4287-9457-b4b23b7f6560"},"id":"GM0889"},
{"type":"Feature","geometry":{"type":"Polygon","coordinates":[[[212355,391304],[211398,393469],[209787,394695],[208376,397797],[206524,399393],[205882,400683],[203784,402120],[205492,407776],[203511,408127],[199595,409905],[198462,408346],[195797,406270],[198820,403863],[199282,400936],[200227,399391],[200833,396821],[203105,395560],[205270,395505],[205825,393907],[207325,392551],[209294,390743],[212355,391304]]]},"properties":{"id":250,"statcode":"GM0893","jrstatcode":"2019GM0893","statnaam":"Bergen (L.)","rubriek":"gemeente","FID":"gemeente_gegeneraliseerd_2019.de84d57f-051f-4b72-a02f-2cc079cf9c4d"},"id":"GM0893"},
{"type":"Feature","geometry":{"type":"Polygon","coordinates":[[[198482,329943],[195620,330297],[193572,328657],[193048,327572],[198908,326487],[199358,327410],[198482,329943]]]},"properties":{"id":251,"statcode":"GM0899","jrstatcode":"2019GM0899","statnaam":"Brunssum","rubriek":"gemeente","FID":"gemeente_gegeneraliseerd_2019.6db31c87-6010-47d4-a4cf-50ec37cbbf07"},"id":"GM0899"},
{"type":"Feature","geometry":{"type":"Polygon","coordinates":[[[199595,409905],[199156,413520],[200453,414446],[196926,416796],[194230,416753],[194092,417854],[193063,417131],[191782,414460],[192772,414297],[194273,413528],[194937,409800],[194876,407769],[195797,406270],[198462,408346],[199595,409905]]]},"properties":{"id":252,"statcode":"GM0907","jrstatcode":"2019GM0907","statnaam":"Gennep","rubriek":"gemeente","FID":"gemeente_gegeneraliseerd_2019.f678ed17-3c4a-4e7a-ab93-c514be884548"},"id":"GM0907"},
{"type":"Feature","geometry":{"type":"Polygon","coordinates":[[[198908,326487],[193048,327572],[190744,325723],[192719,323987],[195991,319081],[198460,316608],[199738,314670],[199854,314500],[199858,314476],[199428,317298],[198190,318838],[199345,320264],[197879,322705],[197639,324653],[198908,326487]]]},"properties":{"id":253,"statcode":"GM0917","jrstatcode":"2019GM0917","statnaam":"Heerlen","rubriek":"gemeente","FID":"gemeente_gegeneraliseerd_2019.b8bcf277-2a5e-4a78-821c-54a18b9f9f5e"},"id":"GM0917"},
{"type":"Feature","geometry":{"type":"Polygon","coordinates":[[[199428,317298],[200571,318061],[203384,317638],[204338,320527],[203407,322802],[203719,324231],[201128,323611],[200329,320397],[199345,320264],[198190,318838],[199428,317298]]]},"properties":{"id":254,"statcode":"GM0928","jrstatcode":"2019GM0928","statnaam":"Kerkrade","rubriek":"gemeente","FID":"gemeente_gegeneraliseerd_2019.c3ef64e5-ec78-447f-a813-23757525b596"},"id":"GM0928"},
{"type":"Feature","geometry":{"type":"Polygon","coordinates":[[[181433,319701],[179344,320642],[178046,324351],[175781,322124],[173088,320203],[172750,317419],[173954,314971],[176612,313441],[180107,314667],[181065,318451],[181433,319701]]]},"properties":{"id":255,"statcode":"GM0935","jrstatcode":"2019GM0935","statnaam":"Maastricht","rubriek":"gemeente","FID":"gemeente_gegeneraliseerd_2019.a018fba2-c40d-47a9-9fcd-0552ab124558"},"id":"GM0935"},
{"type":"Feature","geometry":{"type":"Polygon","coordinates":[[[181980,326536],[180218,328250],[178046,324351],[179344,320642],[181433,319701],[182479,321622],[184039,321847],[184152,325013],[182253,324686],[181980,326536]]]},"properties":{"id":256,"statcode":"GM0938","jrstatcode":"2019GM0938","statnaam":"Meerssen","rubriek":"gemeente","FID":"gemeente_gegeneraliseerd_2019.e679cf69-67bd-4471-8b96-d524fc204a76"},"id":"GM0938"},
{"type":"Feature","geometry":{"type":"Polygon","coordinates":[[[193063,417131],[191454,418336],[189934,421142],[188175,420871],[187952,418885],[189000,418027],[189419,415627],[191782,414460],[193063,417131]]]},"properties":{"id":257,"statcode":"GM0944","jrstatcode":"2019GM0944","statnaam":"Mook en Middelaar","rubriek":"gemeente","FID":"gemeente_gegeneraliseerd_2019.3ccbd468-2c5e-4dee-a099-e907cac4a3eb"},"id":"GM0944"},
{"type":"Feature","geometry":{"type":"Polygon","coordinates":[[[183254,360988],[187556,361787],[186166,365166],[188016,369167],[189204,369818],[187411,370265],[186000,372186],[186560,373172],[181709,371689],[174864,369576],[172913,366841],[175048,365345],[177442,366080],[178890,365821],[179909,364059],[182591,362078],[183254,360988]]]},"properties":{"id":258,"statcode":"GM0946","jrstatcode":"2019GM0946","statnaam":"Nederweert","rubriek":"gemeente","FID":"gemeente_gegeneraliseerd_2019.daa06219-4149-4a72-866e-fe1668b87bbf"},"id":"GM0946"},
{"type":"Feature","geometry":{"type":"Polygon","coordinates":[[[202865,361693],[201365,362788],[200466,362065],[198186,363445],[197938,360691],[196412,359498],[194428,357015],[193063,355759],[192419,353775],[194754,352332],[196704,354259],[197715,353371],[200674,352548],[202309,353117],[202961,355048],[202561,359242],[203819,359489],[202865,361693]]]},"properties":{"id":259,"statcode":"GM0957","jrstatcode":"2019GM0957","statnaam":"Roermond","rubriek":"gemeente","FID":"gemeente_gegeneraliseerd_2019.bf2abe1d-c8c2-4fdb-878f-29f8db356546"},"id":"GM0957"},
{"type":"Feature","geometry":{"type":"Polygon","coordinates":[[[199738,314670],[198460,316608],[195991,319081],[194979,317498],[196033,314272],[197033,313487],[198463,312580],[199858,314476],[199854,314500],[199738,314670]]]},"properties":{"id":260,"statcode":"GM0965","jrstatcode":"2019GM0965","statnaam":"Simpelveld","rubriek":"gemeente","FID":"gemeente_gegeneraliseerd_2019.07d7162c-1e23-479c-b9e7-221437683256"},"id":"GM0965"},
{"type":"Feature","geometry":{"type":"Polygon","coordinates":[[[183174,328843],[182100,336669],[181599,334295],[178390,330356],[179930,330156],[180218,328250],[181980,326536],[183174,328843]]]},"properties":{"id":261,"statcode":"GM0971","jrstatcode":"2019GM0971","statnaam":"Stein","rubriek":"gemeente","FID":"gemeente_gegeneraliseerd_2019.1c997685-19ef-4970-b9b2-37db8ed57e39"},"id":"GM0971"},
{"type":"Feature","geometry":{"type":"Polygon","coordinates":[[[193710,307592],[195346,308204],[196421,307419],[199728,307342],[200194,309520],[198371,310655],[196557,312776],[194123,311323],[194230,309385],[193291,308160],[193337,308152],[193710,307592]]]},"properties":{"id":262,"statcode":"GM0981","jrstatcode":"2019GM0981","statnaam":"Vaals","rubriek":"gemeente","FID":"gemeente_gegeneraliseerd_2019.1337035b-d673-4b23-bad0-77da9785b8d1"},"id":"GM0981"},
{"type":"Feature","geometry":{"type":"Polygon","coordinates":[[[212355,391304],[209294,390743],[209170,388817],[209820,386118],[208508,384265],[208534,381393],[203029,381455],[202737,378733],[203066,376783],[204624,374457],[206284,372942],[205760,370559],[203648,367808],[206127,366459],[206463,365621],[208837,369884],[209484,371823],[210931,372556],[213448,374907],[211928,379249],[213105,387657],[212334,389466],[212355,391304]]]},"properties":{"id":263,"statcode":"GM0983","jrstatcode":"2019GM0983","statnaam":"Venlo","rubriek":"gemeente","FID":"gemeente_gegeneraliseerd_2019.77effb61-7f39-443e-a6eb-da8dd497c536"},"id":"GM0983"},
{"type":"Feature","geometry":{"type":"Polygon","coordinates":[[[200833,396821],[199698,396129],[197779,398105],[193023,396215],[191028,396026],[188539,397189],[186273,397594],[187311,390673],[187885,389323],[188908,384277],[194314,386204],[197181,387530],[200013,388345],[202677,389796],[202162,392965],[204933,392391],[206009,391498],[207325,392551],[205825,393907],[205270,395505],[203105,395560],[200833,396821]]]},"properties":{"id":264,"statcode":"GM0984","jrstatcode":"2019GM0984","statnaam":"Venray","rubriek":"gemeente","FID":"gemeente_gegeneraliseerd_2019.0fd95e16-997b-49ef-aaa4-9ae8f23d0e92"},"id":"GM0984"},
{"type":"Feature","geometry":{"type":"Polygon","coordinates":[[[195991,319081],[192719,323987],[189737,321532],[188388,321511],[188656,320781],[188924,320377],[188929,318651],[190271,317587],[194979,317498],[195991,319081]]]},"properties":{"id":265,"statcode":"GM0986","jrstatcode":"2019GM0986","statnaam":"Voerendaal","rubriek":"gemeente","FID":"gemeente_gegeneraliseerd_2019.d7b33eb0-7414-478a-8498-c7d5d8d33528"},"id":"GM0986"},
{"type":"Feature","geometry":{"type":"Polygon","coordinates":[[[183254,360988],[182591,362078],[179909,364059],[178890,365821],[177442,366080],[175048,365345],[172913,366841],[171662,364949],[171176,360033],[167495,359075],[173121,356759],[173937,355071],[177431,354786],[180059,355627],[180474,358311],[182566,359048],[183254,360988]]]},"properties":{"id":266,"statcode":"GM0988","jrstatcode":"2019GM0988","statnaam":"Weert","rubriek":"gemeente","FID":"gemeente_gegeneraliseerd_2019.0e2a3332-ea8a-43b6-8b3c-f9f35cf1b64f"},"id":"GM0988"},
{"type":"Feature","geometry":{"type":"Polygon","coordinates":[[[188388,321511],[184039,321847],[182479,321622],[181433,319701],[181065,318451],[184120,317695],[185575,316636],[188129,315912],[188271,316088],[190271,317587],[188929,318651],[188924,320377],[188656,320781],[188388,321511]]]},"properties":{"id":267,"statcode":"GM0994","jrstatcode":"2019GM0994","statnaam":"Valkenburg aan de Geul","rubriek":"gemeente","FID":"gemeente_gegeneraliseerd_2019.f3c06860-49fb-449f-aadd-fa365f7620fe"},"id":"GM0994"},
{"type":"Feature","geometry":{"type":"Polygon","coordinates":[[[167581,512082],[166622,511646],[162698,507616],[159662,506969],[159096,505287],[157771,505606],[158645,507677],[160472,509311],[159731,511710],[155835,517989],[153242,520775],[152731,521144],[149249,522689],[148254,522643],[148217,522501],[149476,522501],[153183,520748],[155796,517928],[159637,511756],[160396,509356],[158619,507733],[157712,505591],[157602,504675],[158216,502613],[146242,494190],[147423,492840],[152521,490264],[155703,492448],[158495,494985],[163289,489987],[165219,488582],[167983,491366],[168735,491504],[167202,494246],[168542,495567],[167110,498075],[169854,499667],[168863,501382],[168575,508447],[167581,512082]]]},"properties":{"id":268,"statcode":"GM0995","jrstatcode":"2019GM0995","statnaam":"Lelystad","rubriek":"gemeente","FID":"gemeente_gegeneraliseerd_2019.bc1a72e7-373f-4643-8994-daf40e2a0e8c"},"id":"GM0995"},
{"type":"Feature","geometry":{"type":"Polygon","coordinates":[[[207325,392551],[206009,391498],[204933,392391],[202162,392965],[202677,389796],[200013,388345],[197181,387530],[194314,386204],[188908,384277],[192875,377429],[194727,376702],[198967,377200],[202737,378733],[203029,381455],[208534,381393],[208508,384265],[209820,386118],[209170,388817],[209294,390743],[207325,392551]]]},"properties":{"id":269,"statcode":"GM1507","jrstatcode":"2019GM1507","statnaam":"Horst aan de Maas","rubriek":"gemeente","FID":"gemeente_gegeneraliseerd_2019.75516e14-e023-4a5a-880c-eac14fa8dc1b"},"id":"GM1507"},
{"type":"Feature","geometry":{"type":"Polygon","coordinates":[[[233348,442571],[229244,443865],[227860,442897],[225697,443190],[223270,439113],[221975,437614],[219941,437929],[218164,439328],[217075,437831],[218915,436436],[218570,435018],[220036,432231],[217799,431424],[218321,429345],[221003,429589],[222278,427847],[225332,427103],[225306,430026],[223939,430846],[224137,432078],[226729,431239],[228277,431280],[229209,430185],[229669,431220],[229700,431714],[230535,432840],[229671,435986],[230785,436601],[231837,440317],[233348,442571]]]},"properties":{"id":270,"statcode":"GM1509","jrstatcode":"2019GM1509","statnaam":"Oude IJsselstreek","rubriek":"gemeente","FID":"gemeente_gegeneraliseerd_2019.42d3bb31-954f-4d63-8c45-6749baa28747"},"id":"GM1509"},
{"type":"Feature","geometry":{"type":"Polygon","coordinates":[[[96929,466111],[98366,470403],[98062,470785],[96097,472305],[95343,474465],[92073,471194],[91914,470165],[91850,468412],[93767,468776],[94158,466578],[95579,466354],[96929,466111]]]},"properties":{"id":271,"statcode":"GM1525","jrstatcode":"2019GM1525","statnaam":"Teylingen","rubriek":"gemeente","FID":"gemeente_gegeneraliseerd_2019.a0c2351f-c42c-49ec-89cb-cbd5c7f86f06"},"id":"GM1525"},
{"type":"Feature","geometry":{"type":"Polygon","coordinates":[[[151233,455101],[150421,453562],[148417,455348],[145414,452270],[146492,448455],[147634,446934],[148410,446669],[150021,448742],[152055,447983],[154618,445974],[154397,444187],[155259,442479],[158792,444174],[161214,443901],[162349,445174],[163607,447803],[164753,450218],[163812,451773],[162590,452085],[159013,450773],[158289,451064],[158446,453749],[151233,455101]]]},"properties":{"id":272,"statcode":"GM1581","jrstatcode":"2019GM1581","statnaam":"Utrechtse Heuvelrug","rubriek":"gemeente","FID":"gemeente_gegeneraliseerd_2019.3ed3a815-59d4-4757-afe6-9cceb0782387"},"id":"GM1581"},
{"type":"Feature","geometry":{"type":"Polygon","coordinates":[[[244235,451471],[242425,452244],[242207,453514],[238588,453686],[237961,451684],[237945,451190],[237808,451127],[237551,450946],[236271,449847],[234058,449169],[232530,451058],[229992,449966],[228784,448696],[229772,444976],[229244,443865],[233348,442571],[235537,443533],[240317,442825],[241026,442310],[242148,443776],[242089,448006],[243965,449668],[244235,450969],[244235,451471]]]},"properties":{"id":273,"statcode":"GM1586","jrstatcode":"2019GM1586","statnaam":"Oost Gelre","rubriek":"gemeente","FID":"gemeente_gegeneraliseerd_2019.f8431ab1-e5d8-48ea-947b-bf2300753d73"},"id":"GM1586"},
{"type":"Feature","geometry":{"type":"Polygon","coordinates":[[[127408,521438],[125389,520871],[122394,522313],[122055,523463],[120453,522223],[119542,518906],[120209,516482],[120217,516450],[121203,515657],[120917,514074],[123493,513873],[123820,513338],[125366,512059],[129096,512292],[130106,513943],[130064,515886],[131308,517854],[131158,519958],[130247,519723],[127408,521438]]]},"properties":{"id":274,"statcode":"GM1598","jrstatcode":"2019GM1598","statnaam":"Koggenland","rubriek":"gemeente","FID":"gemeente_gegeneraliseerd_2019.61e5a87a-cb54-4ae4-bf95-b3422faf3d07"},"id":"GM1598"},
{"type":"Feature","geometry":{"type":"Polygon","coordinates":[[[98615,452571],[98079,452874],[94442,449656],[92520,449648],[91166,448606],[91244,446389],[89089,443552],[90360,442014],[91917,443968],[94866,441917],[97315,443043],[97246,445126],[97851,446725],[98615,452571]]]},"properties":{"id":275,"statcode":"GM1621","jrstatcode":"2019GM1621","statnaam":"Lansingerland","rubriek":"gemeente","FID":"gemeente_gegeneraliseerd_2019.ba095029-f9bc-45e2-b02b-b4ff34bcfc68"},"id":"GM1621"},
{"type":"Feature","geometry":{"type":"Polygon","coordinates":[[[198440,364234],[198335,365543],[194578,368044],[191276,369462],[189204,369818],[188016,369167],[186166,365166],[187556,361787],[183254,360988],[182566,359048],[180474,358311],[180059,355627],[182238,354413],[182442,352289],[185721,353136],[189012,355839],[189688,358338],[190422,358639],[192628,357287],[194428,357015],[196412,359498],[197938,360691],[198186,363445],[198440,364234]]]},"properties":{"id":276,"statcode":"GM1640","jrstatcode":"2019GM1640","statnaam":"Leudal","rubriek":"gemeente","FID":"gemeente_gegeneraliseerd_2019.a3577d68-0b51-44ae-b7d2-37049c10ddd3"},"id":"GM1640"},
{"type":"Feature","geometry":{"type":"Polygon","coordinates":[[[194428,357015],[192628,357287],[190422,358639],[189688,358338],[189012,355839],[185721,353136],[187779,350686],[186704,349138],[184593,347744],[186262,345654],[187487,346733],[188952,349627],[191866,349435],[194754,352332],[192419,353775],[193063,355759],[194428,357015]]]},"properties":{"id":277,"statcode":"GM1641","jrstatcode":"2019GM1641","statnaam":"Maasgouw","rubriek":"gemeente","FID":"gemeente_gegeneraliseerd_2019.2140f774-fead-460d-8f4b-acf5feaf385f"},"id":"GM1641"},
{"type":"Feature","geometry":{"type":"Polygon","coordinates":[[[186273,397594],[183654,398937],[182678,401110],[180736,400626],[176637,399513],[173309,399305],[173392,397894],[175615,391007],[177287,390361],[177254,390071],[178235,388508],[181853,388917],[187311,390673],[186273,397594]]]},"properties":{"id":278,"statcode":"GM1652","jrstatcode":"2019GM1652","statnaam":"Gemert-Bakel","rubriek":"gemeente","FID":"gemeente_gegeneraliseerd_2019.f9481061-cacb-43b5-95ce-abffc96c6449"},"id":"GM1652"},
{"type":"Feature","geometry":{"type":"Polygon","coordinates":[[[100576,404335],[97756,404765],[94868,402464],[92204,403818],[89250,403567],[88470,402979],[88860,399753],[89608,398219],[90536,397357],[93490,396995],[94145,398102],[96025,397770],[95786,395937],[99842,397199],[100227,400457],[101432,402412],[100576,404335]]]},"properties":{"id":279,"statcode":"GM1655","jrstatcode":"2019GM1655","statnaam":"Halderberge","rubriek":"gemeente","FID":"gemeente_gegeneraliseerd_2019.98635f78-0048-4009-88c5-62f77996e464"},"id":"GM1655"},
{"type":"Feature","geometry":{"type":"Polygon","coordinates":[[[173634,373886],[172523,377804],[172515,381512],[169713,381045],[167319,379541],[164645,379515],[163189,379007],[163996,376581],[164748,375315],[162449,374037],[162582,373038],[161021,371643],[162263,369446],[161811,367863],[163968,367333],[167598,370220],[170201,371419],[172013,370951],[172387,372431],[172629,372292],[173634,373886]]]},"properties":{"id":280,"statcode":"GM1658","jrstatcode":"2019GM1658","statnaam":"Heeze-Leende","rubriek":"gemeente","FID":"gemeente_gegeneraliseerd_2019.2252a845-0382-4d9a-8c54-fea5b8ffb515"},"id":"GM1658"},
{"type":"Feature","geometry":{"type":"Polygon","coordinates":[[[175615,391007],[173392,397894],[171270,396061],[168670,397106],[165117,396549],[166117,394319],[166833,391165],[168160,390065],[170443,391158],[172196,389569],[173689,390956],[175615,391007]]]},"properties":{"id":281,"statcode":"GM1659","jrstatcode":"2019GM1659","statnaam":"Laarbeek","rubriek":"gemeente","FID":"gemeente_gegeneraliseerd_2019.1bc70e6f-1e04-47f6-b084-2f00b8cb90d7"},"id":"GM1659"},
{"type":"Feature","geometry":{"type":"Polygon","coordinates":[[[141357,382363],[135167,382240],[133005,378307],[137200,373093],[137372,369613],[139342,369030],[141969,370396],[141530,372908],[141607,378996],[141357,382363]]]},"properties":{"id":282,"statcode":"GM1667","jrstatcode":"2019GM1667","statnaam":"Reusel-De Mierden","rubriek":"gemeente","FID":"gemeente_gegeneraliseerd_2019.b1d6ce96-9095-4029-8e82-4fef2f2166fd"},"id":"GM1667"},
{"type":"Feature","geometry":{"type":"Polygon","coordinates":[[[200482,345425],[204313,349730],[206697,350866],[209308,351315],[210141,352410],[207562,354038],[210478,355517],[209381,356402],[205735,354189],[203605,353809],[202961,355048],[202309,353117],[200674,352548],[197715,353371],[196704,354259],[194754,352332],[191866,349435],[192782,347280],[195959,347407],[196841,348077],[199451,347289],[200482,345425]]]},"properties":{"id":283,"statcode":"GM1669","jrstatcode":"2019GM1669","statnaam":"Roerdalen","rubriek":"gemeente","FID":"gemeente_gegeneraliseerd_2019.b62a00a4-3cd7-4afa-96b9-e76027e79d49"},"id":"GM1669"},
{"type":"Feature","geometry":{"type":"Polygon","coordinates":[[[93490,396995],[90536,397357],[89608,398219],[89390,397042],[84810,395460],[80842,396350],[81631,393782],[83176,392209],[82956,391009],[84535,389239],[83753,387981],[84093,385790],[85761,385184],[89355,387045],[92441,387975],[93571,392342],[94416,392462],[95063,395198],[93376,395467],[93490,396995]]]},"properties":{"id":284,"statcode":"GM1674","jrstatcode":"2019GM1674","statnaam":"Roosendaal","rubriek":"gemeente","FID":"gemeente_gegeneraliseerd_2019.2fe72534-6b8f-4086-bfce-1aecc14f17c5"},"id":"GM1674"},
{"type":"Feature","geometry":{"type":"Polygon","coordinates":[[[48350,419755],[48128,419974],[46529,418052],[44657,418478],[39602,417671],[37644,415938],[36955,414537],[37586,411292],[39823,409584],[39553,408156],[39780,408151],[39989,410171],[43999,412018],[44811,413083],[46484,413080],[46936,411686],[49200,411049],[50516,409779],[51373,405948],[53015,405519],[49919,402003],[49931,401998],[53028,405515],[54817,406055],[56712,403788],[59408,404086],[62409,405559],[63879,405672],[65677,407315],[66580,410217],[69428,410680],[70079,409683],[69536,408099],[72347,406224],[72414,406252],[70717,407993],[69949,411130],[69821,411235],[66602,410645],[65379,409494],[62132,411507],[60106,411773],[59600,413610],[57931,415270],[57333,416965],[53223,416877],[51432,418347],[48825,417653],[47157,417838],[48350,419755]]]},"properties":{"id":285,"statcode":"GM1676","jrstatcode":"2019GM1676","statnaam":"Schouwen-Duiveland","rubriek":"gemeente","FID":"gemeente_gegeneraliseerd_2019.071c1593-e535-4f44-b7ad-b9aebca95deb"},"id":"GM1676"},
{"type":"Feature","geometry":{"type":"Polygon","coordinates":[[[250623,565849],[248063,568447],[246196,566905],[242933,565057],[241095,565007],[239171,562848],[239629,560675],[238464,560629],[236203,554642],[235220,554046],[233930,551710],[235615,548712],[241076,547691],[241640,547208],[242474,543915],[244378,543155],[245822,544354],[245126,548395],[245085,552802],[249169,553777],[252508,555544],[258967,557381],[253864,562563],[250623,565849]]]},"properties":{"id":286,"statcode":"GM1680","jrstatcode":"2019GM1680","statnaam":"Aa en Hunze","rubriek":"gemeente","FID":"gemeente_gegeneraliseerd_2019.1bf76863-83cc-4d89-bc62-5036459ac70a"},"id":"GM1680"},
{"type":"Feature","geometry":{"type":"Polygon","coordinates":[[[265276,549247],[264511,549873],[258967,557381],[252508,555544],[249169,553777],[245085,552802],[245126,548395],[245822,544354],[247853,541190],[251339,538548],[253627,536263],[254943,537951],[260271,541318],[260758,542787],[264580,544106],[266539,548929],[265276,549247]]]},"properties":{"id":287,"statcode":"GM1681","jrstatcode":"2019GM1681","statnaam":"Borger-Odoorn","rubriek":"gemeente","FID":"gemeente_gegeneraliseerd_2019.281f82dd-97f0-4c57-840f-58fdf3e000b3"},"id":"GM1681"},
{"type":"Feature","geometry":{"type":"Polygon","coordinates":[[[192772,414297],[191782,414460],[189419,415627],[189000,418027],[187952,418885],[187100,419061],[182850,418389],[183498,416263],[183002,414724],[183906,412499],[185097,412394],[186510,410229],[187700,409118],[190136,410413],[190100,411198],[192772,414297]]]},"properties":{"id":288,"statcode":"GM1684","jrstatcode":"2019GM1684","statnaam":"Cuijk","rubriek":"gemeente","FID":"gemeente_gegeneraliseerd_2019.121f566f-1f5c-4c2f-a038-85159b0f437b"},"id":"GM1684"},
{"type":"Feature","geometry":{"type":"Polygon","coordinates":[[[177519,415348],[176475,416689],[175965,418981],[173045,419528],[169461,417655],[168380,415876],[169713,413325],[169506,412601],[171272,412285],[175165,408499],[178805,409516],[179592,406863],[179011,409927],[176616,413680],[177519,415348]]]},"properties":{"id":289,"statcode":"GM1685","jrstatcode":"2019GM1685","statnaam":"Landerd","rubriek":"gemeente","FID":"gemeente_gegeneraliseerd_2019.e921264e-5300-4158-a4f6-606f7dfcfc9c"},"id":"GM1685"},
{"type":"Feature","geometry":{"type":"Polygon","coordinates":[[[226492,533703],[222938,532713],[220693,533326],[219306,535059],[217201,534625],[216121,532736],[216439,531362],[213381,530459],[212013,528595],[211021,526013],[211080,524294],[213241,524883],[215803,523896],[214413,520420],[218267,520741],[218640,519439],[221119,517741],[222519,514322],[224010,515268],[227216,514579],[227915,515693],[231627,514661],[231250,518239],[232285,519169],[232333,521170],[230235,521257],[229283,523477],[226761,523457],[226906,524927],[223934,524864],[224959,528907],[224044,531330],[226456,532612],[226492,533703]]]},"properties":{"id":290,"statcode":"GM1690","jrstatcode":"2019GM1690","statnaam":"De Wolden","rubriek":"gemeente","FID":"gemeente_gegeneraliseerd_2019.4de64fdc-0cd3-416b-b2b4-f352c4ba185b"},"id":"GM1690"},
{"type":"Feature","geometry":{"type":"Polygon","coordinates":[[[49919,402003],[47465,403015],[45000,403029],[39112,401663],[36945,402700],[36778,402630],[33485,401517],[33568,401236],[34915,399247],[37198,397722],[38970,395389],[42181,397496],[45158,396617],[47213,397522],[49413,395826],[49535,395849],[49969,397346],[51660,397838],[49931,401998],[49919,402003]]]},"properties":{"id":291,"statcode":"GM1695","jrstatcode":"2019GM1695","statnaam":"Noord-Beveland","rubriek":"gemeente","FID":"gemeente_gegeneraliseerd_2019.85273e17-26d6-41f2-b420-d171f791b68b"},"id":"GM1695"},
{"type":"Feature","geometry":{"type":"Polygon","coordinates":[[[135541,476915],[132972,477020],[130830,476423],[130379,475192],[132492,471971],[131099,470798],[131408,470724],[131408,470721],[131406,470713],[130818,469141],[131025,469110],[131090,468598],[131364,466236],[131687,464252],[133895,465027],[136821,465902],[137006,465887],[138484,468071],[137883,474646],[135541,476915]]]},"properties":{"id":292,"statcode":"GM1696","jrstatcode":"2019GM1696","statnaam":"Wijdemeren","rubriek":"gemeente","FID":"gemeente_gegeneraliseerd_2019.92045a42-3263-463f-87d9-3449d39c3bc9"},"id":"GM1696"},
{"type":"Feature","geometry":{"type":"Polygon","coordinates":[[[230261,579509],[228401,580246],[226920,579805],[225564,578414],[223246,577313],[221595,574109],[219134,567129],[217162,567871],[216518,566431],[218321,565797],[220729,564947],[220425,561227],[223907,555883],[228905,558170],[229937,559370],[229352,561014],[229970,562744],[230476,565637],[228925,568342],[228179,571001],[232096,572372],[231807,576243],[230261,579509]]]},"properties":{"id":293,"statcode":"GM1699","jrstatcode":"2019GM1699","statnaam":"Noordenveld","rubriek":"gemeente","FID":"gemeente_gegeneraliseerd_2019.e64f7c18-aeed-4823-927b-da1cba1093f2"},"id":"GM1699"},
{"type":"Feature","geometry":{"type":"Polygon","coordinates":[[[244005,500648],[242067,501580],[240224,498918],[238190,498384],[237062,499860],[234282,500626],[230949,500948],[230837,499917],[228257,499144],[227237,497586],[228967,495367],[231411,494969],[233573,496568],[237340,495272],[235870,492853],[237491,489112],[241063,490849],[244263,490352],[242245,492945],[242447,495629],[243721,496317],[245389,499764],[244005,500648]]]},"properties":{"id":294,"statcode":"GM1700","jrstatcode":"2019GM1700","statnaam":"Twenterand","rubriek":"gemeente","FID":"gemeente_gegeneraliseerd_2019.6537df49-d52b-47c2-a2c1-25294f0f68a4"},"id":"GM1700"},
{"type":"Feature","geometry":{"type":"Polygon","coordinates":[[[221031,548771],[218650,547001],[216585,549046],[213462,549304],[212840,548819],[210167,545160],[204348,541032],[205511,539331],[209941,534357],[208022,532038],[210030,527192],[211134,529319],[212013,528595],[213381,530459],[216439,531362],[216121,532736],[217201,534625],[219306,535059],[220693,533326],[222938,532713],[226492,533703],[227043,535343],[228639,539417],[226680,540842],[225304,540870],[225288,542786],[224522,544406],[220436,545709],[222152,548071],[221031,548771]]]},"properties":{"id":295,"statcode":"GM1701","jrstatcode":"2019GM1701","statnaam":"Westerveld","rubriek":"gemeente","FID":"gemeente_gegeneraliseerd_2019.db5528a7-ef8f-4f93-b23c-161d15dfdc3e"},"id":"GM1701"},
{"type":"Feature","geometry":{"type":"Polygon","coordinates":[[[187700,409118],[186510,410229],[182901,406867],[179957,404930],[180157,403820],[180736,400626],[182678,401110],[183654,398937],[186273,397594],[188539,397189],[188968,398919],[192738,401026],[193244,402800],[192296,404934],[187421,408259],[187700,409118]]]},"properties":{"id":296,"statcode":"GM1702","jrstatcode":"2019GM1702","statnaam":"Sint Anthonis","rubriek":"gemeente","FID":"gemeente_gegeneraliseerd_2019.b3ab562b-30d9-4a3d-9075-84cd678c8898"},"id":"GM1702"},
{"type":"Feature","geometry":{"type":"Polygon","coordinates":[[[194052,440187],[192434,441368],[190123,438556],[189682,435538],[187346,434116],[188339,433459],[189409,430857],[191762,431925],[194136,429971],[195917,430321],[196759,432077],[198358,432682],[200390,431580],[198680,434392],[196273,436262],[194786,439082],[194052,440187]]]},"properties":{"id":297,"statcode":"GM1705","jrstatcode":"2019GM1705","statnaam":"Lingewaard","rubriek":"gemeente","FID":"gemeente_gegeneraliseerd_2019.1d968315-09c6-45cb-a419-adb16fc60370"},"id":"GM1705"},
{"type":"Feature","geometry":{"type":"Polygon","coordinates":[[[173634,373886],[172629,372292],[172387,372431],[172013,370951],[170201,371419],[167598,370220],[163968,367333],[166917,363696],[166707,361697],[167495,359075],[171176,360033],[171662,364949],[172913,366841],[174864,369576],[173634,373886]]]},"properties":{"id":298,"statcode":"GM1706","jrstatcode":"2019GM1706","statnaam":"Cranendonck","rubriek":"gemeente","FID":"gemeente_gegeneraliseerd_2019.125c0383-1bbe-4df0-ae5c-5ce191e02bf2"},"id":"GM1706"},
{"type":"Feature","geometry":{"type":"Polygon","coordinates":[[[208022,532038],[209941,534357],[205511,539331],[204348,541032],[198416,536610],[196077,536765],[194432,539573],[191589,538782],[191197,537508],[187985,534955],[185777,535406],[184160,536758],[182511,535552],[184106,533460],[186243,533127],[191097,529448],[192527,525435],[194073,523062],[191973,521036],[195388,519023],[197661,517509],[200183,518290],[202246,519763],[204541,520304],[207178,523027],[204503,529463],[208022,532038]]]},"properties":{"id":299,"statcode":"GM1708","jrstatcode":"2019GM1708","statnaam":"Steenwijkerland","rubriek":"gemeente","FID":"gemeente_gegeneraliseerd_2019.91d573be-7606-42cd-9708-5cf4df01b9ff"},"id":"GM1708"},
{"type":"Feature","geometry":{"type":"Polygon","coordinates":[[[107363,405695],[106420,408843],[108149,409603],[107295,411218],[105193,411103],[103722,414742],[103633,414716],[103148,414566],[103119,414557],[100691,412312],[95000,410904],[92969,410848],[89762,412357],[87005,412675],[86365,412133],[85864,409366],[85049,407497],[89250,403567],[92204,403818],[94868,402464],[97756,404765],[100576,404335],[102512,404182],[105006,405300],[107363,405695]]]},"properties":{"id":300,"statcode":"GM1709","jrstatcode":"2019GM1709","statnaam":"Moerdijk","rubriek":"gemeente","FID":"gemeente_gegeneraliseerd_2019.b5183511-973d-48f6-9d7b-f5c6e9103288"},"id":"GM1709"},
{"type":"Feature","geometry":{"type":"Polygon","coordinates":[[[191866,349435],[188952,349627],[187487,346733],[186262,345654],[183579,344534],[184223,343125],[183894,341248],[185596,341999],[185859,339867],[187356,339735],[187651,337849],[189359,338163],[188601,340281],[190059,340408],[191871,342057],[193645,338536],[195814,339849],[195857,341379],[198600,344776],[200482,345425],[199451,347289],[196841,348077],[195959,347407],[192782,347280],[191866,349435]]]},"properties":{"id":301,"statcode":"GM1711","jrstatcode":"2019GM1711","statnaam":"Echt-Susteren","rubriek":"gemeente","FID":"gemeente_gegeneraliseerd_2019.ac5ec777-6983-4933-82e4-f28a09915284"},"id":"GM1711"},
{"type":"Feature","geometry":{"type":"Polygon","coordinates":[[[37023,376492],[36645,377165],[33410,377758],[29549,379187],[28404,380631],[23915,381365],[22832,380650],[19221,379472],[18797,379849],[14510,377787],[14762,375190],[15501,373583],[13565,371491],[14814,370062],[14325,368905],[16807,364944],[19762,363157],[25195,363553],[24432,368103],[29739,369891],[33181,367990],[34392,368195],[36854,366563],[37771,367965],[37614,370319],[36439,371643],[35034,371477],[33561,373953],[34643,374972],[37043,375065],[37023,376492]]]},"properties":{"id":302,"statcode":"GM1714","jrstatcode":"2019GM1714","statnaam":"Sluis","rubriek":"gemeente","FID":"gemeente_gegeneraliseerd_2019.4174fd29-3911-4208-b3ab-c5ff4750e1f9"},"id":"GM1714"},
{"type":"Feature","geometry":{"type":"Polygon","coordinates":[[[116968,413906],[117672,415337],[118001,418745],[115993,418502],[111989,419203],[109856,416623],[107417,415031],[105883,415372],[103722,414742],[105193,411103],[107295,411218],[108149,409603],[106420,408843],[107363,405695],[109638,406228],[112223,404678],[113485,405526],[113065,408516],[117318,410236],[116048,413766],[116968,413906]]]},"properties":{"id":303,"statcode":"GM1719","jrstatcode":"2019GM1719","statnaam":"Drimmelen","rubriek":"gemeente","FID":"gemeente_gegeneraliseerd_2019.f31edccd-41a6-4522-96a3-1f51af6e935f"},"id":"GM1719"},
{"type":"Feature","geometry":{"type":"Polygon","coordinates":[[[168380,415876],[164803,416868],[161013,415585],[161744,413844],[160715,411154],[159818,410981],[159002,408387],[157504,407218],[160449,406010],[162617,404208],[164499,404629],[167671,406972],[167110,408274],[168086,410148],[169495,411370],[169506,412601],[169713,413325],[168380,415876]]]},"properties":{"id":304,"statcode":"GM1721","jrstatcode":"2019GM1721","statnaam":"Bernheze","rubriek":"gemeente","FID":"gemeente_gegeneraliseerd_2019.8f1bf905-962f-4e12-ab74-d9bfc5fd0bd0"},"id":"GM1721"},
{"type":"Feature","geometry":{"type":"Polygon","coordinates":[[[118646,396611],[116406,395858],[112177,393334],[110562,392026],[111454,390560],[115278,389688],[115681,388378],[117119,388107],[120549,387802],[123373,385670],[125122,385732],[125295,385593],[128817,385531],[129248,387442],[127270,388298],[127587,391545],[125532,393072],[125116,392275],[121958,391342],[118856,394473],[117628,395033],[118646,396611]]]},"properties":{"id":305,"statcode":"GM1723","jrstatcode":"2019GM1723","statnaam":"Alphen-Chaam","rubriek":"gemeente","FID":"gemeente_gegeneraliseerd_2019.f01a94d0-e22b-4606-98ea-fe7ceb085716"},"id":"GM1723"},
{"type":"Feature","geometry":{"type":"Polygon","coordinates":[[[157409,377138],[155119,376365],[152114,374258],[152207,372026],[148375,369892],[146370,370011],[146091,369143],[144912,368536],[144813,368499],[143748,364340],[144580,363570],[146340,364172],[148645,363577],[151460,363751],[152135,365163],[157109,363663],[155042,366216],[155506,368859],[157585,371281],[157264,374451],[157507,376188],[157409,377138]]]},"properties":{"id":306,"statcode":"GM1724","jrstatcode":"2019GM1724","statnaam":"Bergeijk","rubriek":"gemeente","FID":"gemeente_gegeneraliseerd_2019.c6a52173-08ee-43db-ab30-156ce6a77ad0"},"id":"GM1724"},
{"type":"Feature","geometry":{"type":"Polygon","coordinates":[[[144603,382171],[142447,382859],[141357,382364],[141357,382363],[141607,378996],[141530,372908],[141969,370396],[144813,368499],[144912,368536],[146091,369143],[146370,370011],[147946,371906],[147206,374842],[148181,377754],[149687,377953],[149440,379667],[147048,380043],[144603,382171]]]},"properties":{"id":307,"statcode":"GM1728","jrstatcode":"2019GM1728","statnaam":"Bladel","rubriek":"gemeente","FID":"gemeente_gegeneraliseerd_2019.3ddd66ab-855e-492d-b4e5-c223f00ed2f6"},"id":"GM1728"},
{"type":"Feature","geometry":{"type":"Polygon","coordinates":[[[194979,317498],[190271,317587],[188271,316088],[188290,315910],[188608,314940],[185572,312109],[187240,309503],[187303,308482],[190205,309021],[190464,307497],[192705,306960],[193710,307592],[193337,308152],[193291,308160],[194230,309385],[194123,311323],[196557,312776],[197033,313487],[196033,314272],[194979,317498]]]},"properties":{"id":308,"statcode":"GM1729","jrstatcode":"2019GM1729","statnaam":"Gulpen-Wittem","rubriek":"gemeente","FID":"gemeente_gegeneraliseerd_2019.9fa545d6-eef3-410a-bf84-4de00d62cc8d"},"id":"GM1729"},
{"type":"Feature","geometry":{"type":"Polygon","coordinates":[[[242575,571284],[238657,570287],[237112,572806],[233694,575190],[232615,577783],[231343,579332],[230261,579509],[231807,576243],[232096,572372],[228179,571001],[228925,568342],[230476,565637],[229970,562744],[231251,562711],[232818,561533],[233306,564161],[236316,564451],[236594,561360],[238464,560629],[239629,560675],[239171,562848],[241095,565007],[242933,565057],[246196,566905],[248063,568447],[245396,571145],[242575,571284]]]},"properties":{"id":309,"statcode":"GM1730","jrstatcode":"2019GM1730","statnaam":"Tynaarlo","rubriek":"gemeente","FID":"gemeente_gegeneraliseerd_2019.df0b5b9e-09dd-448a-ae1f-b49cd095733c"},"id":"GM1730"},
{"type":"Feature","geometry":{"type":"Polygon","coordinates":[[[233930,551710],[232671,552656],[232235,550118],[229585,552188],[228778,554560],[229505,555712],[228905,558170],[223907,555883],[224891,554372],[222656,550003],[221031,548771],[222152,548071],[220436,545709],[224522,544406],[225288,542786],[225304,540870],[226680,540842],[228639,539417],[227043,535343],[229507,534553],[229481,532077],[230977,531123],[234580,531567],[234030,529307],[236066,528266],[240895,535643],[241863,535204],[243001,536740],[242830,538064],[243974,539612],[243714,540785],[245338,541577],[244378,543155],[242474,543915],[241640,547208],[241076,547691],[235615,548712],[233930,551710]]]},"properties":{"id":310,"statcode":"GM1731","jrstatcode":"2019GM1731","statnaam":"Midden-Drenthe","rubriek":"gemeente","FID":"gemeente_gegeneraliseerd_2019.ae7d60d8-2952-4099-b1eb-a4907dc91ed7"},"id":"GM1731"},
{"type":"Feature","geometry":{"type":"Polygon","coordinates":[[[190123,438556],[188342,439336],[185440,439736],[185793,442889],[182397,441341],[179676,442461],[178051,441789],[175257,441233],[174165,440521],[172818,439213],[175023,437837],[176933,435573],[176990,433912],[178275,433261],[183448,431953],[184605,431389],[187346,434116],[189682,435538],[190123,438556]]]},"properties":{"id":311,"statcode":"GM1734","jrstatcode":"2019GM1734","statnaam":"Overbetuwe","rubriek":"gemeente","FID":"gemeente_gegeneraliseerd_2019.70370e0a-9a72-4743-9493-f70b6f454a90"},"id":"GM1734"},
{"type":"Feature","geometry":{"type":"Polygon","coordinates":[[[247505,478100],[245355,480348],[243910,480847],[241658,479301],[239521,478721],[238147,476555],[235604,476454],[234618,477898],[232470,477877],[230297,477017],[226185,474251],[225295,473178],[226208,471073],[229670,466614],[230594,466046],[232313,466506],[234886,466102],[237333,466698],[238810,464597],[241039,465863],[240293,467158],[242839,468564],[244583,468379],[245580,469520],[245523,471711],[246298,474694],[248257,474693],[247505,478100]]]},"properties":{"id":312,"statcode":"GM1735","jrstatcode":"2019GM1735","statnaam":"Hof van Twente","rubriek":"gemeente","FID":"gemeente_gegeneraliseerd_2019.6cdf5f40-cbc1-40f0-9582-3d25b0ae4a07"},"id":"GM1735"},
{"type":"Feature","geometry":{"type":"Polygon","coordinates":[[[174165,440521],[171717,438689],[170040,439431],[168709,440284],[168002,439402],[166156,439329],[166465,437178],[162317,436674],[159553,437144],[160866,435511],[159703,434926],[160281,433390],[163387,433487],[164923,434036],[166618,434739],[175499,434168],[176990,433912],[176933,435573],[175023,437837],[172818,439213],[174165,440521]]]},"properties":{"id":313,"statcode":"GM1740","jrstatcode":"2019GM1740","statnaam":"Neder-Betuwe","rubriek":"gemeente","FID":"gemeente_gegeneraliseerd_2019.c2fd8aeb-4d19-4f09-99cc-f3f59d77164c"},"id":"GM1740"},
{"type":"Feature","geometry":{"type":"Polygon","coordinates":[[[234618,477898],[233947,481789],[232542,482574],[228690,482608],[228205,481888],[225536,482476],[221056,481583],[219070,479711],[219257,477429],[222150,475120],[222928,473584],[225295,473178],[226185,474251],[230297,477017],[232470,477877],[234618,477898]]]},"properties":{"id":314,"statcode":"GM1742","jrstatcode":"2019GM1742","statnaam":"Rijssen-Holten","rubriek":"gemeente","FID":"gemeente_gegeneraliseerd_2019.31cb9748-d986-43c1-8d96-412003357745"},"id":"GM1742"},
{"type":"Feature","geometry":{"type":"Polygon","coordinates":[[[168726,385734],[167440,383623],[166229,382854],[164596,382096],[164645,379515],[167319,379541],[169713,381045],[172515,381512],[173715,385310],[170995,384492],[168726,385734]]]},"properties":{"id":315,"statcode":"GM1771","jrstatcode":"2019GM1771","statnaam":"Geldrop-Mierlo","rubriek":"gemeente","FID":"gemeente_gegeneraliseerd_2019.d8d64ddd-56e3-4373-bff3-54cacade8c1f"},"id":"GM1771"},
{"type":"Feature","geometry":{"type":"Polygon","coordinates":[[[212827,481658],[211947,484698],[210163,485220],[210605,489096],[212405,489573],[211774,491579],[212392,493187],[208743,493999],[207186,496434],[206162,495137],[204118,494995],[204801,494156],[204238,491356],[205552,490344],[205142,488417],[202348,487360],[202041,486492],[201793,482737],[202311,480665],[202449,480134],[203709,479490],[204890,479242],[205663,479551],[208511,480381],[210799,481749],[212827,481658]]]},"properties":{"id":316,"statcode":"GM1773","jrstatcode":"2019GM1773","statnaam":"Olst-Wijhe","rubriek":"gemeente","FID":"gemeente_gegeneraliseerd_2019.97cdb3bc-6175-4b59-be80-a8c6ce00472b"},"id":"GM1773"},
{"type":"Feature","geometry":{"type":"Polygon","coordinates":[[[269742,488549],[268756,491487],[267206,491814],[265419,494720],[264182,498738],[263069,498735],[262067,496379],[261084,495458],[261224,495043],[259813,495155],[257667,494959],[254727,494262],[255374,492114],[255557,487230],[252408,487310],[250104,486718],[248504,483566],[249541,482123],[251475,481567],[252767,479918],[254548,479159],[254180,477473],[256087,477138],[257079,478295],[259047,478596],[257825,479464],[255446,479987],[255535,480845],[258152,483914],[260667,483898],[262859,485718],[262306,487333],[262828,489177],[265381,487450],[269742,488549]]]},"properties":{"id":317,"statcode":"GM1774","jrstatcode":"2019GM1774","statnaam":"Dinkelland","rubriek":"gemeente","FID":"gemeente_gegeneraliseerd_2019.0b500a62-d367-42b5-ae26-16d55420e698"},"id":"GM1774"},
{"type":"Feature","geometry":{"type":"Polygon","coordinates":[[[80896,448306],[79472,448863],[78526,450318],[76830,449155],[75951,450730],[74390,450174],[73554,452046],[73316,452607],[72711,452208],[68331,446684],[69820,444392],[72555,442727],[72870,441383],[74711,439861],[76143,440002],[75724,441172],[78671,442431],[80435,444201],[77948,445867],[81042,448024],[80896,448306]]]},"properties":{"id":318,"statcode":"GM1783","jrstatcode":"2019GM1783","statnaam":"Westland","rubriek":"gemeente","FID":"gemeente_gegeneraliseerd_2019.529f06c8-5022-430a-a588-ea783bb9d923"},"id":"GM1783"},
{"type":"Feature","geometry":{"type":"Polygon","coordinates":[[[87359,442446],[82925,443383],[81981,445142],[83171,446554],[82145,447691],[81042,448024],[77948,445867],[80435,444201],[78671,442431],[75724,441172],[76143,440002],[77429,438327],[79702,437540],[81257,439249],[83744,440849],[85731,442145],[87359,442446]]]},"properties":{"id":319,"statcode":"GM1842","jrstatcode":"2019GM1842","statnaam":"Midden-Delfland","rubriek":"gemeente","FID":"gemeente_gegeneraliseerd_2019.02533e05-029a-40df-a2d8-c4acb0755d7e"},"id":"GM1842"},
{"type":"Feature","geometry":{"type":"Polygon","coordinates":[[[241039,465863],[238810,464597],[237333,466698],[234886,466102],[232313,466506],[230594,466046],[229893,462147],[230664,460108],[229214,458067],[228163,458288],[226043,457025],[224456,455545],[227254,449280],[228784,448696],[229992,449966],[232530,451058],[234058,449169],[236271,449847],[237551,450946],[237808,451127],[237945,451190],[237961,451684],[238588,453686],[242207,453514],[242425,452244],[244235,451471],[244799,454038],[247430,454898],[248478,456124],[249058,459841],[246025,459728],[242316,460984],[243109,462402],[242855,464947],[241039,465863]]]},"properties":{"id":320,"statcode":"GM1859","jrstatcode":"2019GM1859","statnaam":"Berkelland","rubriek":"gemeente","FID":"gemeente_gegeneraliseerd_2019.f3d6162e-3b4c-4ceb-81b3-1bb17577848f"},"id":"GM1859"},
{"type":"Feature","geometry":{"type":"Polygon","coordinates":[[[226043,457025],[222244,459983],[221444,461259],[219428,461475],[215971,459648],[214667,458363],[213134,458728],[211920,456952],[209215,456189],[208710,454804],[206454,452586],[204977,451410],[205386,449842],[207474,450694],[209088,450409],[209065,449556],[208018,445989],[208124,443909],[214266,443414],[214774,444150],[219004,445508],[221394,443360],[223937,442688],[225697,443190],[227860,442897],[229244,443865],[229772,444976],[228784,448696],[227254,449280],[224456,455545],[226043,457025]]]},"properties":{"id":321,"statcode":"GM1876","jrstatcode":"2019GM1876","statnaam":"Bronckhorst","rubriek":"gemeente","FID":"gemeente_gegeneraliseerd_2019.1411a127-0077-44ee-b2b0-0cd142bf8413"},"id":"GM1876"},
{"type":"Feature","geometry":{"type":"Polygon","coordinates":[[[189359,338163],[187651,337849],[187356,339735],[185859,339867],[185596,341999],[183894,341248],[182470,341550],[181011,338295],[182100,336669],[183174,328843],[184886,329546],[186813,329041],[187178,330574],[189165,330459],[189394,330676],[190813,331812],[191383,334854],[189486,336625],[189359,338163]]]},"properties":{"id":322,"statcode":"GM1883","jrstatcode":"2019GM1883","statnaam":"Sittard-Geleen","rubriek":"gemeente","FID":"gemeente_gegeneraliseerd_2019.959aaf9f-18ba-4a03-b7df-935aecc9b656"},"id":"GM1883"},
{"type":"Feature","geometry":{"type":"Polygon","coordinates":[[[109661,470039],[109704,471796],[107105,471182],[106026,471651],[103433,470056],[101390,469897],[98366,470403],[96929,466111],[97795,464227],[99175,463084],[106700,464607],[107254,467314],[108543,468750],[109996,469284],[109661,470039]]]},"properties":{"id":323,"statcode":"GM1884","jrstatcode":"2019GM1884","statnaam":"Kaag en Braassem","rubriek":"gemeente","FID":"gemeente_gegeneraliseerd_2019.5f8fa0bf-7e5a-4e6f-bb14-f7c52ebcc7ed"},"id":"GM1884"},
{"type":"Feature","geometry":{"type":"Polygon","coordinates":[[[198844,584303],[199490,589568],[200644,590722],[200282,593235],[197328,593252],[197255,591578],[194239,591322],[193426,593088],[190662,591926],[188981,590681],[189642,589162],[188022,587920],[190947,585222],[192067,585022],[192983,582534],[194943,582839],[197233,584000],[198844,584303]]]},"properties":{"id":324,"statcode":"GM1891","jrstatcode":"2019GM1891","statnaam":"Dantumadiel","rubriek":"gemeente","FID":"gemeente_gegeneraliseerd_2019.ad69df55-3412-4f79-ae77-1778d93e393c"},"id":"GM1891"},
{"type":"Feature","geometry":{"type":"Polygon","coordinates":[[[105530,447424],[104317,448282],[102658,447648],[100373,449939],[101500,451064],[101530,453313],[98615,452571],[97851,446725],[97246,445126],[97315,443043],[98978,442920],[99483,444916],[100843,444691],[99800,442188],[102202,438615],[103256,439103],[104049,440898],[103152,442694],[105578,443627],[107028,445550],[105530,447424]]]},"properties":{"id":325,"statcode":"GM1892","jrstatcode":"2019GM1892","statnaam":"Zuidplas","rubriek":"gemeente","FID":"gemeente_gegeneraliseerd_2019.ef1e9bb7-f9b2-4bd8-9db9-5841e7462d1d"},"id":"GM1892"},
{"type":"Feature","geometry":{"type":"Polygon","coordinates":[[[202737,378733],[198967,377200],[194727,376702],[192875,377429],[188657,373814],[186560,373172],[186000,372186],[187411,370265],[189204,369818],[191276,369462],[194578,368044],[198335,365543],[198440,364234],[199735,364501],[201172,366613],[203648,367808],[205760,370559],[206284,372942],[204624,374457],[203066,376783],[202737,378733]]]},"properties":{"id":326,"statcode":"GM1894","jrstatcode":"2019GM1894","statnaam":"Peel en Maas","rubriek":"gemeente","FID":"gemeente_gegeneraliseerd_2019.38dae64f-8db5-4548-8c81-ca12799c6295"},"id":"GM1894"},
{"type":"Feature","geometry":{"type":"Polygon","coordinates":[[[268850,586970],[267170,585288],[265311,587187],[262404,587933],[259442,586684],[257911,584489],[256745,585125],[257996,581820],[256417,576601],[258119,576921],[259554,575821],[260669,570495],[262155,571115],[264974,571066],[268283,574313],[270080,574449],[272254,575636],[274537,574949],[275540,575748],[277316,580573],[276469,584894],[273292,585847],[269554,586445],[268850,586970]]]},"properties":{"id":327,"statcode":"GM1895","jrstatcode":"2019GM1895","statnaam":"Oldambt","rubriek":"gemeente","FID":"gemeente_gegeneraliseerd_2019.9e2310a5-df7c-4653-96aa-ac3e91691134"},"id":"GM1895"},
{"type":"Feature","geometry":{"type":"Polygon","coordinates":[[[206523,511030],[205439,510667],[203684,513147],[202982,516172],[203490,518981],[204541,520304],[202246,519763],[200183,518290],[197661,517509],[195573,515446],[195889,514168],[194581,512004],[195382,510158],[197391,511079],[198796,508172],[200830,509067],[202626,507366],[203577,509102],[206093,507430],[207860,508912],[206523,511030]]]},"properties":{"id":328,"statcode":"GM1896","jrstatcode":"2019GM1896","statnaam":"Zwartewaterland","rubriek":"gemeente","FID":"gemeente_gegeneraliseerd_2019.c350a58b-971b-4d64-844d-8278b8897cee"},"id":"GM1896"},
{"type":"Feature","geometry":{"type":"Polygon","coordinates":[[[160686,573324],[156632,573913],[156151,570528],[154452,569030],[154374,567569],[152409,565652],[148701,564415],[140141,557012],[140200,556944],[148962,564491],[152030,565212],[154155,567134],[155364,564034],[154253,563097],[156402,559263],[155644,557318],[156719,552946],[155929,550236],[156317,547002],[153935,545810],[152761,544470],[153599,542933],[155732,541102],[157622,540105],[158624,540416],[158052,543056],[161053,542404],[162716,543662],[161050,546168],[163381,548885],[166915,551162],[168927,547611],[172000,548406],[172161,549931],[175233,549955],[175165,555052],[178613,557195],[178447,560417],[179694,562280],[180739,562300],[180739,566989],[181863,567828],[179792,569611],[179386,571145],[177927,570452],[175695,570305],[174998,571498],[173033,569543],[171745,570849],[170504,572177],[168999,571042],[167589,571965],[165952,571939],[164397,573255],[161499,572253],[160686,573324]]]},"properties":{"id":329,"statcode":"GM1900","jrstatcode":"2019GM1900","statnaam":"Súdwest-Fryslân","rubriek":"gemeente","FID":"gemeente_gegeneraliseerd_2019.4b470891-3919-4bc5-937c-9075cb97aa0c"},"id":"GM1900"},
{"type":"Feature","geometry":{"type":"Polygon","coordinates":[[[114244,459508],[110583,457784],[108508,456372],[108948,454971],[106318,453263],[105131,453117],[106299,450866],[108265,450418],[109199,448893],[111324,447473],[114607,448377],[116749,451428],[119411,452922],[119757,453509],[117506,453540],[116544,454189],[116507,457806],[114244,459508]]]},"properties":{"id":330,"statcode":"GM1901","jrstatcode":"2019GM1901","statnaam":"Bodegraven-Reeuwijk","rubriek":"gemeente","FID":"gemeente_gegeneraliseerd_2019.f533e049-8ffa-4638-b8c1-598b77688367"},"id":"GM1901"},
{"type":"Feature","geometry":{"type":"Polygon","coordinates":[[[188129,315912],[185575,316636],[184120,317695],[181065,318451],[180107,314667],[176612,313441],[176879,309533],[175860,307966],[176729,307247],[180389,309012],[182488,310379],[184648,307443],[187303,308482],[187240,309503],[185572,312109],[188608,314940],[188290,315910],[188129,315912]]]},"properties":{"id":331,"statcode":"GM1903","jrstatcode":"2019GM1903","statnaam":"Eijsden-Margraten","rubriek":"gemeente","FID":"gemeente_gegeneraliseerd_2019.843c962c-858f-4c2f-a9e7-d28425d29815"},"id":"GM1903"},
{"type":"Feature","geometry":{"type":"Polygon","coordinates":[[[132972,477020],[130070,477247],[129057,471583],[127206,471053],[126245,468077],[123625,464437],[122323,463853],[124645,460018],[126435,459440],[128679,461526],[130706,458794],[132674,459422],[134458,460873],[135821,460594],[136746,461962],[134996,463060],[136642,464951],[136402,465781],[133893,465027],[131687,464252],[131364,466236],[131090,468598],[131025,469110],[130818,469141],[131406,470713],[131408,470721],[131408,470724],[131099,470798],[132492,471971],[130379,475192],[130830,476423],[132972,477020]]]},"properties":{"id":332,"statcode":"GM1904","jrstatcode":"2019GM1904","statnaam":"Stichtse Vecht","rubriek":"gemeente","FID":"gemeente_gegeneraliseerd_2019.31b10b3d-adc2-4c10-b2f7-2f12b1c5e88d"},"id":"GM1904"},
{"type":"Feature","geometry":{"type":"Polygon","coordinates":[[[135899,531943],[136589,539883],[132219,548621],[131577,549412],[140200,556944],[140141,557012],[132610,550506],[126770,549306],[124651,546415],[120521,544695],[115952,547448],[115157,547439],[113512,543675],[112670,540350],[114269,540642],[116095,538939],[117735,535757],[117332,532148],[115840,531591],[118728,526575],[118547,526011],[121982,524493],[125241,529715],[128645,529486],[131896,529588],[133572,531246],[135899,531943]]]},"properties":{"id":333,"statcode":"GM1911","jrstatcode":"2019GM1911","statnaam":"Hollands Kroon","rubriek":"gemeente","FID":"gemeente_gegeneraliseerd_2019.f5652a35-81a6-4e69-b20e-63b247f79626"},"id":"GM1911"},
{"type":"Feature","geometry":{"type":"Polygon","coordinates":[[[92386,459364],[91817,460302],[89273,457459],[87457,458641],[85482,456766],[82880,454603],[84261,453808],[87595,454853],[88731,453139],[91218,454913],[93664,456128],[92386,459364]]]},"properties":{"id":334,"statcode":"GM1916","jrstatcode":"2019GM1916","statnaam":"Leidschendam-Voorburg","rubriek":"gemeente","FID":"gemeente_gegeneraliseerd_2019.ddfa7bf2-9670-4bfa-8aa4-820d0d11d020"},"id":"GM1916"},
{"type":"Feature","geometry":{"type":"MultiPolygon","coordinates":[[[[62735,427900],[61850,426979],[59437,429880],[49665,426137],[49350,424876],[49917,422151],[48128,419974],[48350,419755],[49248,419910],[50273,422483],[51376,422327],[52198,423824],[55837,424840],[58781,424611],[60800,422081],[61292,419569],[60743,418060],[63200,414492],[66795,414005],[69829,412700],[69821,411235],[69949,411130],[72147,411148],[74276,410089],[75106,408699],[78427,407882],[82456,408985],[83747,409661],[84518,411213],[86365,412133],[87005,412675],[86650,414084],[86627,414093],[85632,413070],[81882,413182],[79772,414789],[77321,416023],[75954,418011],[72297,421397],[70636,421904],[63709,425814],[62748,427880],[62735,427900]]],[[[56249,422013],[54764,423365],[52671,421314],[56249,422013]]]]},"properties":{"id":335,"statcode":"GM1924","jrstatcode":"2019GM1924","statnaam":"Goeree-Overflakkee","rubriek":"gemeente","FID":"gemeente_gegeneraliseerd_2019.d7455669-eb52-4c20-8cfa-c8c9e502f6f8"},"id":"GM1924"},
{"type":"Feature","geometry":{"type":"Polygon","coordinates":[[[88800,451925],[86909,452215],[85394,450775],[85858,449189],[86249,446747],[87704,442651],[89089,443552],[91244,446389],[91166,448606],[92520,449648],[90751,451625],[88800,451925]]]},"properties":{"id":336,"statcode":"GM1926","jrstatcode":"2019GM1926","statnaam":"Pijnacker-Nootdorp","rubriek":"gemeente","FID":"gemeente_gegeneraliseerd_2019.a4e176dd-880a-4fa5-9daa-af029735ff94"},"id":"GM1926"},
{"type":"Feature","geometry":{"type":"Polygon","coordinates":[[[85844,428647],[83785,429448],[82563,431162],[77708,431287],[75956,432228],[72187,429699],[72978,428039],[74559,427269],[73989,425699],[72722,424638],[75163,422789],[76302,422470],[77557,424460],[79722,424284],[80427,424995],[83784,426122],[84800,425865],[86721,427402],[89201,428038],[87947,428693],[85844,428647]]]},"properties":{"id":337,"statcode":"GM1930","jrstatcode":"2019GM1930","statnaam":"Nissewaard","rubriek":"gemeente","FID":"gemeente_gegeneraliseerd_2019.b0455a6f-43dc-4e71-95f4-4f35372df627"},"id":"GM1930"},
{"type":"Feature","geometry":{"type":"Polygon","coordinates":[[[117083,444338],[115898,445863],[118604,446531],[117911,447896],[114923,447470],[114607,448377],[111324,447473],[107028,445550],[105578,443627],[103152,442694],[104049,440898],[103256,439103],[102202,438615],[102076,438345],[103796,436270],[99196,435258],[102156,433723],[105860,433764],[108788,434373],[111968,436377],[115384,437499],[116842,439054],[119970,438964],[118797,442308],[117083,444338]]]},"properties":{"id":338,"statcode":"GM1931","jrstatcode":"2019GM1931","statnaam":"Krimpenerwaard","rubriek":"gemeente","FID":"gemeente_gegeneraliseerd_2019.ce314ac9-cc1d-4e55-9729-0b8f7cfa601e"},"id":"GM1931"},
{"type":"Feature","geometry":{"type":"Polygon","coordinates":[[[192042,547324],[189282,553017],[187504,553156],[187241,554733],[188586,555064],[187152,557088],[186567,559000],[182543,562626],[182433,563630],[180739,562300],[179694,562280],[178447,560417],[178613,557195],[175165,555052],[175233,549955],[172161,549931],[172000,548406],[168927,547611],[166915,551162],[163381,548885],[161050,546168],[162716,543662],[161053,542404],[158052,543056],[158624,540416],[159477,540838],[161668,540226],[165624,538440],[167139,538573],[168342,540261],[170579,540445],[172281,541569],[173218,539645],[175073,539902],[176959,539030],[179365,539225],[182511,535552],[184160,536758],[186630,542749],[188569,545351],[190258,545762],[192042,547324]]]},"properties":{"id":339,"statcode":"GM1940","jrstatcode":"2019GM1940","statnaam":"De Fryske Marren","rubriek":"gemeente","FID":"gemeente_gegeneraliseerd_2019.62b00e05-bc3f-41ad-ab2b-bce96fb3a828"},"id":"GM1940"},
{"type":"Feature","geometry":{"type":"Polygon","coordinates":[[[138033,482025],[134993,483467],[130488,483373],[129703,481906],[129824,481758],[131311,482402],[134847,480784],[135720,477525],[138218,476633],[137959,474648],[139632,474219],[142298,475585],[142080,479168],[144247,479317],[144176,480378],[139884,479688],[138067,481982],[138033,482025]]]},"properties":{"id":340,"statcode":"GM1942","jrstatcode":"2019GM1942","statnaam":"Gooise Meren","rubriek":"gemeente","FID":"gemeente_gegeneraliseerd_2019.28f8c6c9-7695-44ef-aa4a-8a58b3256a9d"},"id":"GM1942"},
{"type":"Feature","geometry":{"type":"Polygon","coordinates":[[[201581,430983],[200390,431580],[198358,432682],[196759,432077],[195917,430321],[194136,429971],[191762,431925],[189409,430857],[189450,429123],[190290,426347],[188924,424660],[189934,421142],[191454,418336],[193063,417131],[194092,417854],[196645,419905],[195827,423389],[193459,426251],[194683,427749],[196326,427067],[199687,428428],[201030,429521],[201581,430983]]]},"properties":{"id":341,"statcode":"GM1945","jrstatcode":"2019GM1945","statnaam":"Berg en Dal","rubriek":"gemeente","FID":"gemeente_gegeneraliseerd_2019.93c535f5-e642-4e44-bdb3-67de8b423eb7"},"id":"GM1945"},
{"type":"Feature","geometry":{"type":"Polygon","coordinates":[[[157504,407218],[154473,406146],[154155,404982],[155530,401884],[154538,401557],[154601,399854],[155929,398522],[156181,395481],[157542,393898],[161933,394769],[162836,392493],[164970,392905],[166117,394319],[165117,396549],[168670,397106],[171270,396061],[173392,397894],[173309,399305],[172715,401956],[171576,403864],[167671,406972],[164499,404629],[162617,404208],[160449,406010],[157504,407218]]]},"properties":{"id":342,"statcode":"GM1948","jrstatcode":"2019GM1948","statnaam":"Meierijstad","rubriek":"gemeente","FID":"gemeente_gegeneraliseerd_2019.7dd03c14-edad-4687-bf31-63adaf0b6134"},"id":"GM1948"},
{"type":"Feature","geometry":{"type":"Polygon","coordinates":[[[178216,589859],[179134,591960],[177336,592926],[176992,594772],[172076,592540],[168321,590461],[164349,585652],[161377,583787],[158393,580358],[159731,579272],[161543,579253],[161220,576590],[161653,575373],[160686,573324],[161499,572253],[164397,573255],[165952,571939],[167589,571965],[168999,571042],[170504,572177],[171745,570849],[171942,572986],[173382,573834],[173156,575770],[174885,577280],[178443,576263],[178883,579076],[178311,579995],[177873,583239],[178123,584716],[177289,588169],[178216,589859]]]},"properties":{"id":343,"statcode":"GM1949","jrstatcode":"2019GM1949","statnaam":"Waadhoeke","rubriek":"gemeente","FID":"gemeente_gegeneraliseerd_2019.5042f38e-dcc5-4d45-8484-c7a38b206eaa"},"id":"GM1949"},
{"type":"Feature","geometry":{"type":"Polygon","coordinates":[[[275540,575748],[274537,574949],[272254,575636],[270080,574449],[268283,574313],[264974,571066],[265868,569616],[264125,566224],[265362,565470],[268263,565419],[268938,563059],[268586,561648],[269938,560199],[268095,558747],[268084,553114],[267704,550632],[265885,550400],[265276,549247],[266539,548929],[264580,544106],[266297,544126],[268516,541104],[269919,540356],[269519,541648],[270634,543238],[275614,552003],[277529,559786],[276413,567587],[276562,571156],[275221,572043],[274897,573913],[275540,575748]]]},"properties":{"id":344,"statcode":"GM1950","jrstatcode":"2019GM1950","statnaam":"Westerwolde","rubriek":"gemeente","FID":"gemeente_gegeneraliseerd_2019.00602107-9215-4e06-a5be-934ae403bbf7"},"id":"GM1950"},
{"type":"Feature","geometry":{"type":"Polygon","coordinates":[[[255018,591197],[252265,590277],[250150,591066],[247394,589397],[242500,586307],[243821,584742],[243144,582918],[238708,578429],[239906,577870],[242174,574534],[242575,571284],[245396,571145],[248063,568447],[250623,565849],[249696,571196],[251114,572008],[255210,572024],[255336,572359],[260247,571526],[260432,570400],[260669,570495],[259554,575821],[258119,576921],[256417,576601],[257996,581820],[256745,585125],[256510,589126],[255059,589116],[255018,591197]]]},"properties":{"id":345,"statcode":"GM1952","jrstatcode":"2019GM1952","statnaam":"Midden-Groningen","rubriek":"gemeente","FID":"gemeente_gegeneraliseerd_2019.1a379054-0ab9-4c4c-9717-2f1cd147156e"},"id":"GM1952"},
{"type":"Feature","geometry":{"type":"Polygon","coordinates":[[[198482,329943],[199917,332601],[195671,332394],[194882,333350],[190813,331812],[189394,330676],[189165,330459],[187178,330574],[186813,329041],[187984,328283],[186953,325665],[184152,325013],[184039,321847],[188388,321511],[189737,321532],[192719,323987],[190744,325723],[193048,327572],[193572,328657],[195620,330297],[198482,329943]]]},"properties":{"id":346,"statcode":"GM1954","jrstatcode":"2019GM1954","statnaam":"Beekdaelen","rubriek":"gemeente","FID":"gemeente_gegeneraliseerd_2019.fcb635b3-e8aa-4a79-a61a-089bf3dd1a52"},"id":"GM1954"},
{"type":"Feature","geometry":{"type":"Polygon","coordinates":[[[218164,439328],[217903,439916],[212311,439898],[210426,439466],[208294,441111],[207040,443838],[204342,442274],[203324,442392],[203426,439153],[208731,435004],[210337,433988],[209829,432967],[212017,431333],[215265,431440],[216475,432103],[217799,431424],[220036,432231],[218570,435018],[218915,436436],[217075,437831],[218164,439328]]]},"properties":{"id":347,"statcode":"GM1955","jrstatcode":"2019GM1955","statnaam":"Montferland","rubriek":"gemeente","FID":"gemeente_gegeneraliseerd_2019.976dff87-66df-4bf3-8db1-362b78b41068"},"id":"GM1955"},
{"type":"Feature","geometry":{"type":"Polygon","coordinates":[[[128329,425884],[123275,426734],[120347,425437],[117667,423485],[114302,423624],[111391,421628],[110081,418742],[105883,415372],[107417,415031],[109856,416623],[111989,419203],[115993,418502],[118001,418745],[117672,415337],[116968,413906],[119472,414709],[122577,414684],[125377,414964],[128893,413853],[131946,413727],[133895,414889],[137100,416575],[137800,418032],[137771,420500],[134900,422150],[132901,421370],[131612,423329],[129398,424464],[128329,425884]]]},"properties":{"id":348,"statcode":"GM1959","jrstatcode":"2019GM1959","statnaam":"Altena","rubriek":"gemeente","FID":"gemeente_gegeneraliseerd_2019.b0e10403-982d-4e0a-8643-53849ccc6993"},"id":"GM1959"},
{"type":"Feature","geometry":{"type":"Polygon","coordinates":[[[151682,431722],[149827,434157],[148647,434620],[147191,436851],[147598,438309],[145913,438566],[144404,437245],[142652,437542],[140464,436979],[138163,437413],[136105,433286],[134565,433389],[133933,431985],[132174,431680],[132403,430005],[130180,430066],[128232,429372],[130481,428115],[130120,425644],[131800,425600],[134503,426490],[137985,425081],[140488,425324],[142316,424640],[147727,425849],[149305,426154],[151678,424219],[153199,424121],[155926,427674],[156931,429248],[154478,430328],[150942,429830],[151682,431722]]]},"properties":{"id":349,"statcode":"GM1960","jrstatcode":"2019GM1960","statnaam":"West Betuwe","rubriek":"gemeente","FID":"gemeente_gegeneraliseerd_2019.1dd89ad0-97e0-47ff-9ca3-a393ce1041a7"},"id":"GM1960"},
{"type":"Feature","geometry":{"type":"Polygon","coordinates":[[[140776,442134],[138753,442827],[138132,444800],[136621,445761],[133733,445497],[132707,444810],[130876,442604],[128265,443345],[126196,441295],[124252,441763],[123314,440377],[124189,437924],[125344,436432],[128006,434938],[128423,431898],[130180,430066],[132403,430005],[132174,431680],[133933,431985],[134565,433389],[136105,433286],[138163,437413],[140776,442134]]]},"properties":{"id":350,"statcode":"GM1961","jrstatcode":"2019GM1961","statnaam":"Vijfheerenlanden","rubriek":"gemeente","FID":"gemeente_gegeneraliseerd_2019.52251cd3-5fa1-47cd-bb63-14484f1f967c"},"id":"GM1961"},
{"type":"Feature","geometry":{"type":"MultiPolygon","coordinates":[[[[93100,427805],[90407,427480],[89201,428038],[86721,427402],[84800,425865],[83784,426122],[80427,424995],[79722,424284],[77557,424460],[76302,422470],[75205,421806],[76412,420302],[83333,417691],[87083,415417],[86627,414093],[86650,414084],[87214,415271],[91425,414438],[95769,412837],[97681,413181],[102237,415016],[102781,417275],[102535,422062],[102166,423852],[98620,425059],[97539,427140],[93100,427805]]],[[[80702,418150],[77421,418960],[77330,418144],[80642,415985],[82450,415844],[83582,416943],[80702,418150]]]]},"properties":{"id":351,"statcode":"GM1963","jrstatcode":"2019GM1963","statnaam":"Hoeksche Waard","rubriek":"gemeente","FID":"gemeente_gegeneraliseerd_2019.6535ff00-29c9-4419-b894-2a4cdc5b8dcd"},"id":"GM1963"},
{"type":"Feature","geometry":{"type":"MultiPolygon","coordinates":[[[[253887,603436],[254362,607008],[253055,608160],[249741,609501],[248741,608563],[245113,609714],[238638,608415],[233411,606077],[222036,604284],[220185,603788],[216596,601650],[213079,603422],[208993,602702],[208483,603053],[208453,603009],[208857,600788],[210259,597841],[211262,598166],[212592,597223],[211252,596440],[214038,595850],[214940,595434],[215285,595051],[217082,592732],[220291,593236],[222398,592990],[224550,594034],[225248,592776],[227956,592827],[229489,590451],[229812,586251],[232751,586811],[237239,585468],[239443,592096],[237153,592700],[235490,596313],[237605,596923],[237762,598072],[240005,598601],[242198,598186],[247525,603616],[248461,602833],[251827,604996],[253887,603436]]],[[[228680,618769],[227325,619167],[226062,617791],[226996,615845],[229452,617656],[228680,618769]]]]},"properties":{"id":352,"statcode":"GM1966","jrstatcode":"2019GM1966","statnaam":"Het Hogeland","rubriek":"gemeente","FID":"gemeente_gegeneraliseerd_2019.a148e42f-8b03-4f26-85b0-495a4e5a5370"},"id":"GM1966"},
{"type":"Feature","geometry":{"type":"Polygon","coordinates":[[[229812,586251],[229489,590451],[227956,592827],[225248,592776],[224550,594034],[222398,592990],[220291,593236],[217082,592732],[215285,595051],[215169,595155],[215031,595280],[214926,595331],[214539,592160],[215446,591703],[214483,591129],[212822,589475],[212356,587205],[211391,585908],[210462,584248],[211296,581574],[209310,579047],[207811,575044],[207769,572325],[208448,571680],[209797,570165],[213553,570079],[215507,568493],[217162,567871],[219134,567129],[221595,574109],[223246,577313],[225564,578414],[226920,579805],[227980,584880],[229812,586251]]]},"properties":{"id":353,"statcode":"GM1969","jrstatcode":"2019GM1969","statnaam":"Westerkwartier","rubriek":"gemeente","FID":"gemeente_gegeneraliseerd_2019.c1eadb14-4c18-4f2e-8d5b-183fc97ebfc7"},"id":"GM1969"},
{"type":"Feature","geometry":{"type":"Polygon","coordinates":[[[208483,603053],[207507,603439],[205007,602174],[202059,602650],[196799,602028],[191323,600357],[188310,600619],[184527,598377],[181927,597412],[176992,594772],[177336,592926],[179134,591960],[178216,589859],[180077,589843],[183664,587848],[185116,587697],[186581,589214],[188022,587920],[189642,589162],[188981,590681],[190662,591926],[193426,593088],[194239,591322],[197255,591578],[197328,593252],[200282,593235],[200644,590722],[199490,589568],[198844,584303],[205301,586690],[207762,586237],[208904,587311],[211391,585908],[212356,587205],[212822,589475],[214483,591129],[215446,591703],[214539,592160],[214926,595331],[213996,595760],[212701,596078],[210563,595414],[210293,596688],[207838,597059],[206076,600937],[206540,602724],[208453,603009],[208483,603053]]]},"properties":{"id":354,"statcode":"GM1970","jrstatcode":"2019GM1970","statnaam":"Noardeast-Fryslân","rubriek":"gemeente","FID":"gemeente_gegeneraliseerd_2019.4d237cbd-441d-4711-ad5d-f95c0cb1ddc9"},"id":"GM1970"},
{"type":"Feature","geometry":{"type":"Polygon","coordinates":[[[130180,430066],[128423,431898],[128006,434938],[125344,436432],[124189,437924],[123314,440377],[122463,439437],[119970,438964],[116842,439054],[115384,437499],[111968,436377],[108788,434373],[105860,433764],[102156,433723],[102615,432732],[105229,432070],[107699,432576],[106370,430276],[106491,429114],[108103,428273],[110589,428243],[114771,428803],[117174,430384],[117829,427256],[120071,427254],[123137,428005],[124371,428560],[124086,430659],[125526,430567],[128232,429372],[130180,430066]]]},"properties":{"id":355,"statcode":"GM1978","jrstatcode":"2019GM1978","statnaam":"Molenlanden","rubriek":"gemeente","FID":"gemeente_gegeneraliseerd_2019.7cc7668d-3fe3-4725-a2c4-d06e3d95ff3f"},"id":"GM1978"}
]}