{"type":"Topology","arcs":[[[241011,287612],[407,-2085]],[[241418,285527],[34,-1269]],[[241452,284258],[-3300,-911]],[[238152,283347],[-1571,753]],[[236581,284100],[-756,2037],[236,1110]],[[236061,287247],[1788,200],[-33,1768]],[[237816,289215],[2167,-121],[1226,395]],[[241209,289489],[-198,-1877]],[[221508,279177],[-97,638],[-2391,328]],[[219020,280143],[350,1130],[252,4380]],[[219622,285653],[408,3013]],[[220030,288666],[585,694]],[[220615,289360],[410,-417]],[[221025,288943],[895,405]],[[221920,289348],[1668,-3607],[2300,-606]],[[225888,285135],[-1762,-4641],[589,-1771]],[[224715,278723],[-1040,-216],[-2167,670]],[[256556,258717],[-799,2743],[316,1147],[1429,1513],[-413,633],[13,3151]],[[257102,267904],[1920,1463],[1942,-1372],[1011,799]],[[261975,268794],[-642,-1842],[309,-1860]],[[261642,265092],[378,-2414],[-4125,-4645],[-1339,684]],[[261642,265092],[1355,-896],[-149,-3569],[409,-2868]],[[263257,257759],[-1256,-191],[-3651,-1773],[-1921,2428]],[[256429,258223],[127,494]],[[256429,258223],[-1501,-16]],[[254928,258207],[-706,561],[-2168,-240]],[[252054,258528],[-1494,738]],[[250560,259266],[1737,3362],[-872,1485]],[[251425,264113],[1389,1718],[2294,1694]],[[255108,267525],[1994,379]],[[225888,285135],[40,-20]],[[225928,285115],[2355,-1168]],[[228283,283947],[2269,-1994],[445,-1234]],[[230997,280719],[-1437,-980]],[[229560,279739],[-4242,-2812]],[[225318,276927],[-603,1796]],[[231441,285697],[1063,-1543],[1300,-750],[27,-966]],[[233831,282438],[-2834,-1719]],[[228283,283947],[1267,1404],[1245,-530],[646,876]],[[241011,287612],[1555,2151]],[[242566,289763],[1942,-1558],[-290,-645]],[[244218,287560],[-322,-1765],[-2478,-268]],[[244218,287560],[3604,-1235],[1808,-994]],[[249630,285331],[-609,-879],[-637,-2601],[-1818,-408],[-1832,176],[-1731,-912]],[[243003,280707],[-56,1459],[-1495,2092]],[[242124,290151],[442,-388]],[[241209,289489],[915,662]],[[255132,279963],[-1524,-1640]],[[253608,278323],[-1864,1898],[-1211,-756],[-615,1498],[-1080,8],[-2955,-1241],[-1537,-2201]],[[244346,277529],[-1154,632]],[[243192,278161],[-189,2546]],[[249630,285331],[2611,-672],[2335,-158],[-237,-3668],[793,-870]],[[234896,295873],[3358,2161],[2068,-1559]],[[240322,296475],[949,-1323],[99,-1744],[754,-3257]],[[237816,289215],[-579,1396],[-1702,1099],[-1644,3517],[1005,646]],[[221138,274857],[-665,-522]],[[220473,274335],[-949,728]],[[219524,275063],[312,779]],[[219836,275842],[261,-5]],[[220097,275837],[1041,-980]],[[220473,274335],[55,-189]],[[220528,274146],[-672,-31]],[[219856,274115],[-1864,7]],[[217992,274122],[-655,421],[-267,1905],[682,281]],[[217752,276729],[1031,-1677],[741,11]],[[221508,279177],[-1244,-1871]],[[220264,277306],[-428,-1464]],[[217752,276729],[-1309,2150]],[[216443,278879],[-195,401]],[[216248,279280],[1470,104],[1302,759]],[[220264,277306],[1110,-623]],[[221374,276683],[-1277,-846]],[[222198,275393],[-1060,-536]],[[221374,276683],[824,-1290]],[[225185,271973],[-25,-508]],[[225160,271465],[-2457,1118]],[[222703,272583],[-2175,1563]],[[222198,275393],[3123,1492]],[[225321,276885],[315,-1754],[1306,-1847]],[[226942,273284],[-1757,-1311]],[[222703,272583],[-479,-702]],[[222224,271881],[-1337,-839]],[[220887,271042],[-523,470],[-508,2603]],[[220887,271042],[-1822,-246]],[[219065,270796],[-954,359],[-1259,1539]],[[216852,272694],[1140,1428]],[[216852,272694],[-159,-141]],[[216693,272553],[-1136,121]],[[215557,272674],[-787,622],[-1420,-444]],[[213350,272852],[67,837]],[[213417,273689],[994,4238],[2032,952]],[[225318,276927],[3,-42]],[[194831,270241],[900,2192],[1277,847],[651,1221]],[[197659,274501],[837,-173],[3277,1245],[1636,238]],[[203409,275811],[245,-2678]],[[203654,273133],[-201,-909],[-2201,-587],[156,-973],[-2627,-957]],[[198781,269707],[-1242,616],[-2708,-82]],[[203254,278038],[155,-2227]],[[197659,274501],[-312,1467]],[[197347,275968],[-418,1294]],[[196929,277262],[887,1602]],[[197816,278864],[2969,15],[143,-1186],[2326,345]],[[198781,269707],[-890,-2011],[-3687,-2329]],[[194204,265367],[46,2711]],[[194250,268078],[581,2163]],[[203254,278038],[2068,488]],[[205322,278526],[3156,-1909],[1024,-1943]],[[209502,274674],[-2060,-516]],[[207442,274158],[-868,-162]],[[206574,273996],[-2206,-822]],[[204368,273174],[-714,-41]],[[224453,264430],[-573,773]],[[223880,265203],[-1078,1345]],[[222802,266548],[-41,918],[-1874,3576]],[[222224,271881],[2161,-1118],[-170,-1734],[510,-1476],[-272,-3123]],[[225160,271465],[1193,-563]],[[226353,270902],[1514,-1905]],[[227867,268997],[737,-1424],[372,-3264]],[[228976,264309],[-3983,-1738]],[[224993,262571],[-540,1859]],[[222802,266548],[-1069,713]],[[221733,267261],[-442,1639],[-1388,270]],[[219903,269170],[-838,1626]],[[234218,268702],[-1340,53]],[[232878,268755],[-2114,102]],[[230764,268857],[384,1096]],[[231148,269953],[3058,-258]],[[234206,269695],[12,-993]],[[232878,268755],[226,-2005]],[[233104,266750],[-858,36]],[[232246,266786],[-781,35],[-701,2036]],[[235593,266147],[632,-1364]],[[236225,264783],[304,-2868]],[[236529,261915],[262,-1482]],[[236791,260433],[-3071,6529],[-616,-212]],[[234218,268702],[1375,-2555]],[[236791,260433],[258,-1536]],[[237049,258897],[-2551,2590]],[[234498,261487],[-2166,2241]],[[232332,263728],[-112,141]],[[232220,263869],[26,2917]],[[227867,268997],[1191,645]],[[229058,269642],[1706,-785]],[[232220,263869],[-3244,440]],[[230390,270168],[74,-21]],[[230464,270147],[684,-194]],[[229058,269642],[1332,526]],[[226353,270902],[-1168,1071]],[[226942,273284],[1052,-133],[2396,-2983]],[[236644,271647],[1014,-88]],[[237658,271559],[-625,-3384]],[[237033,268175],[208,-899],[-1648,-1129]],[[234206,269695],[-659,1170],[3097,782]],[[209511,270143],[-438,-1271]],[[209073,268872],[-645,-779]],[[208428,268093],[-471,-1149]],[[207957,266944],[-1379,114]],[[206578,267058],[789,3105]],[[207367,270163],[550,-582],[1594,562]],[[207957,266944],[-992,-2817]],[[206965,264127],[-45,-337]],[[206920,263790],[-112,-1326]],[[206808,262464],[-1239,-2295]],[[205569,260169],[-1967,742]],[[203602,260911],[-1268,471]],[[202334,261382],[-550,2322],[1219,1173],[2651,576],[-433,2143]],[[205221,267596],[1357,-538]],[[205221,267596],[-119,589]],[[205102,268185],[274,1528],[-270,2734],[-738,727]],[[206574,273996],[647,-390],[-208,-1827],[354,-1616]],[[207442,274158],[1128,-62]],[[208570,274096],[430,-610],[524,-3315]],[[209524,270171],[-13,-28]],[[210150,272586],[2305,-122]],[[212455,272464],[-452,-1002],[-2479,-1291]],[[208570,274096],[1268,88],[312,-1598]],[[211767,273956],[1650,-267]],[[213350,272852],[-895,-388]],[[210150,272586],[561,1432],[1056,-62]],[[209502,274674],[1386,824]],[[210888,275498],[879,-1542]],[[236581,284100],[-2750,-1662]],[[231441,285697],[-1131,472],[-990,1294],[987,3025]],[[230307,290488],[998,-1164],[1548,-438],[1832,-1315],[1376,-324]],[[230771,293306],[611,780]],[[231382,294086],[812,-2039],[-1621,-396],[-266,-1163]],[[225928,285115],[1918,4719],[784,1386]],[[228630,291220],[2141,2086]],[[221920,289348],[2006,436],[254,1321],[2282,536],[2168,-421]],[[231382,294086],[2603,2575],[911,-788]],[[205102,268185],[-994,-1202],[-5498,-1517],[-1893,-2280]],[[196717,263186],[-1834,1539]],[[194883,264725],[-679,642]],[[202334,261382],[-213,84]],[[202121,261466],[-2118,1648],[-3286,72]],[[124606,175126],[2524,1704]],[[127130,176830],[2105,1291],[3374,96]],[[132609,178217],[993,-2120],[4121,-2382]],[[137723,173715],[-1065,-1162]],[[136658,172553],[-3296,2092],[-5015,1587],[-3741,-1106]],[[124102,178572],[71,34]],[[124173,178606],[1028,-2066],[-616,-1360]],[[124585,175180],[-483,3392]],[[126627,179476],[434,1395],[-1201,1866]],[[125860,182737],[216,537],[3030,1807]],[[129106,185081],[1428,33],[2457,-3773],[1796,-915]],[[134787,180426],[-2178,-2209]],[[127130,176830],[-503,2646]],[[129106,185081],[3571,2149]],[[132677,187230],[1181,-1350],[5098,-2576]],[[138956,183304],[-3385,-2009]],[[135571,181295],[-784,-869]],[[124173,178606],[2454,870]],[[124606,175126],[-21,54]],[[135571,181295],[5315,-7571],[-1954,-542],[-1209,533]],[[124102,178572],[-696,1987],[419,839],[2035,1339]],[[248785,250511],[831,-1705]],[[249616,248806],[-1874,-1535]],[[247742,247271],[-1458,1977]],[[246284,249248],[-881,1173]],[[245403,250421],[-2655,2691]],[[242748,253112],[-2446,2481]],[[240302,255593],[1339,676],[1776,-826]],[[243417,255443],[1966,-2136],[1317,-581]],[[246700,252726],[932,-405]],[[247632,252321],[1153,-1810]],[[249616,248806],[2445,-5052],[-84,-818]],[[251977,242936],[-266,-651]],[[251711,242285],[-900,802]],[[250811,243087],[-2335,3173]],[[248476,246260],[-734,1011]],[[255854,252841],[-1329,-1048],[-14,-2294]],[[254511,249499],[-1630,311],[-1388,1998],[-2708,-1297]],[[247632,252321],[3720,3921],[702,2286]],[[254928,258207],[-216,-1138]],[[254712,257069],[313,-2384],[1200,-912],[-371,-932]],[[254511,249499],[5,-3343],[-377,-2483]],[[254139,243673],[-2162,-737]],[[246700,252726],[2898,5578]],[[249598,258304],[962,962]],[[238408,273860],[-1397,-783],[-367,-1430]],[[230464,270147],[-671,1156],[1918,2168],[366,1503],[-446,2317]],[[231631,277291],[1230,653]],[[232861,277944],[5547,-4084]],[[239805,275271],[-1397,-1411]],[[232861,277944],[1508,1781],[3491,1634]],[[237860,281359],[-24,-869],[1314,-2504],[655,-2715]],[[237860,281359],[292,1988]],[[243192,278161],[113,-1989]],[[243305,276172],[-1877,50],[-1623,-951]],[[229560,279739],[1056,-1759],[1015,-689]],[[239388,261750],[-414,2841],[1394,312]],[[240368,264903],[2299,453]],[[242667,265356],[27,-2280],[-807,-2571]],[[241887,260505],[-1053,1189],[-1446,56]],[[246750,261755],[-1975,-2614],[-279,-1568],[617,-898],[-1865,-703]],[[243248,255972],[-269,3215],[-1092,1318]],[[242667,265356],[283,-59]],[[242950,265297],[3734,-738],[185,-1115]],[[246869,263444],[-119,-1689]],[[239388,261750],[-2859,165]],[[236225,264783],[1332,263],[2811,-143]],[[237097,258847],[-48,50]],[[243248,255972],[169,-529]],[[240302,255593],[-1239,1260]],[[239063,256853],[-1966,1994]],[[260414,250093],[2799,-578]],[[263213,249515],[-1164,-4472],[-2016,-3551]],[[260033,241492],[-1672,232],[-1104,2363]],[[257257,244087],[719,1575],[1096,402],[103,3431]],[[259175,249495],[1239,598]],[[259175,249495],[-617,1254],[-1726,1800],[-978,292]],[[254712,257069],[1358,-348],[418,-1043],[1918,-1193],[-391,-843],[2264,-2417],[135,-1132]],[[263257,257759],[707,-4933],[-751,-3311]],[[257257,244087],[-3058,-1402]],[[254199,242685],[-60,988]],[[256354,233396],[-1426,81]],[[254928,233477],[284,1208]],[[255212,234685],[-387,2509],[-2093,-28]],[[252732,237166],[-1704,-20]],[[251028,237146],[1946,4822],[-1263,317]],[[254199,242685],[151,-3234],[1692,-106],[656,-814],[371,-2253]],[[257069,236278],[-1115,-1590],[400,-1292]],[[260033,241492],[-2964,-5214]],[[255212,234685],[-1941,1565]],[[253271,236250],[-539,916]],[[138956,183304],[4966,3600],[1010,1123],[4052,-4204],[2676,-2208],[2791,2818],[715,112]],[[155166,184545],[2318,-281],[-558,-4239]],[[156926,180025],[-2135,-845],[-1315,502],[-1819,-2263],[1058,-1446],[-38,-1444],[-1585,-5155],[-7633,-2426],[-1495,317],[-673,888],[-4633,4400]],[[171416,248276],[-1410,-4059]],[[170006,244217],[-137,118]],[[169869,244335],[-1138,944],[-1500,-515],[-1939,1173],[1105,1227],[1356,-1185],[407,1507]],[[168160,247486],[812,-98],[2163,3383],[281,-2495]],[[171229,243152],[-1223,1065]],[[171416,248276],[3387,302]],[[174803,248578],[208,-1156],[1223,-2220]],[[176234,245202],[-4564,-1513],[-441,-537]],[[175107,248990],[-304,-412]],[[168160,247486],[-783,2799],[341,2597]],[[167718,252882],[2050,220],[917,1310],[883,-818],[1000,853],[1034,-1677],[1931,-393]],[[175533,252377],[-721,-1465],[295,-1922]],[[169869,244335],[-1389,-1370],[-16,-1643]],[[168464,241322],[-2755,1995],[-1547,-455],[-1349,3616],[-974,-58]],[[161839,246420],[-11,2353]],[[161828,248773],[1031,-415],[660,1199],[2230,1412],[-1104,849]],[[164645,251818],[213,1621],[1002,1900]],[[165860,255339],[546,-2234],[1312,-223]],[[168464,241322],[-182,-1720],[1145,-366]],[[169427,239236],[-298,-795]],[[169129,238441],[-2581,-799],[-4023,1348],[-447,-729]],[[162078,238261],[-2034,-585]],[[160044,237676],[-1608,3709]],[[158436,241385],[165,1583],[2209,-313],[788,529],[241,3236]],[[171229,243152],[-1802,-3916]],[[176234,245202],[545,-1639],[1695,-3200]],[[178474,240363],[-1874,-1598],[-1297,-251]],[[175303,238514],[-487,-705]],[[174816,237809],[-2781,1531],[-2906,-899]],[[214207,291287],[638,-1502],[5185,-1119]],[[219622,285653],[-2587,-548],[-1305,-1273]],[[215730,283832],[-1329,1995],[-1955,1349]],[[212446,287176],[2097,1729],[-845,1945]],[[213698,290850],[509,437]],[[215730,283832],[324,-3284]],[[216054,280548],[-2020,220],[-266,865],[-2727,-128],[-399,712]],[[210642,282217],[-295,1466],[1144,2168]],[[211491,285851],[955,1325]],[[218577,298129],[-202,-2235],[-1356,-2409],[2262,-1606],[1334,-2519]],[[214207,291287],[-734,1922],[966,1730],[1516,178],[484,2892],[2138,120]],[[216248,279280],[-194,1268]],[[162549,258846],[441,1207],[3173,2946],[-50,637]],[[166113,263636],[-89,355]],[[166024,263991],[3369,34]],[[169393,264025],[1168,1284],[688,1662],[-690,1085]],[[170559,268056],[1253,859]],[[171812,268915],[1372,311]],[[173184,269226],[4707,-119]],[[177891,269107],[-26,-1006],[-1543,-1840],[951,-1457],[1409,-1066]],[[178682,263738],[-641,-1415],[-3461,-269],[271,-1384],[-1046,-1453],[3860,-299]],[[177665,258918],[172,-861],[1803,-1962]],[[179640,256095],[-936,-1313]],[[178704,254782],[-1383,-299]],[[177321,254483],[-484,-1004]],[[176837,253479],[-862,-1023]],[[175975,252456],[-442,-79]],[[165860,255339],[-1232,890]],[[164628,256229],[-2313,1599],[234,1018]],[[205424,280709],[1796,-552],[1425,1722],[889,-403]],[[209534,281476],[160,-1672],[1271,-708],[850,-3128],[-927,-470]],[[205322,278526],[102,2183]],[[197816,278864],[10,84]],[[197826,278948],[951,1292],[478,2278],[1089,315],[1270,1578]],[[201614,284411],[2041,290],[234,-1960],[817,-1902],[718,-130]],[[201360,288371],[360,-280]],[[201720,288091],[2594,-2565],[1284,289]],[[205598,285815],[1121,459],[2198,-253],[1052,1049],[1004,18],[518,-1237]],[[210642,282217],[-1108,-741]],[[201614,284411],[-641,785],[387,3175]],[[180333,285071],[70,874]],[[180403,285945],[732,1516]],[[181135,287461],[1841,339],[927,-1407]],[[183903,286393],[-213,-1774]],[[183690,284619],[-3357,452]],[[187062,292043],[-202,-1021],[869,-1489],[850,69]],[[188579,289602],[-2081,-2049],[522,-1153]],[[187020,286400],[-3117,-7]],[[181135,287461],[383,1289]],[[181518,288750],[2279,683],[-415,1551]],[[183382,290984],[3680,1059]],[[193003,285794],[-73,-175]],[[192930,285619],[-1692,-1864]],[[191238,283755],[-770,2039],[-2294,589],[-720,-284]],[[187454,286099],[-434,301]],[[188579,289602],[1664,472],[2985,-2427],[-225,-1853]],[[194904,296084],[-10,-26]],[[194894,296058],[-2001,-391],[-406,-1564],[671,-2115],[244,-2780],[762,-1109],[36,-1958],[-1197,-347]],[[187062,292043],[2669,3469]],[[189731,295512],[1695,-308],[2535,1267],[943,-387]],[[187877,295277],[1854,235]],[[183382,290984],[374,1440]],[[183756,292424],[1212,917],[1541,-83],[1368,2019]],[[183756,292424],[-1269,616],[-2383,-1853],[-1437,234]],[[178667,291421],[-1205,552],[284,1394]],[[177746,293367],[5488,1701],[3553,521],[1090,-312]],[[186112,302670],[-61,214]],[[186051,302884],[61,-214]],[[180403,285945],[-2480,-638]],[[177923,285307],[-1627,2104]],[[176296,287411],[-217,958],[-3975,3687]],[[172104,292056],[2079,1264],[3563,47]],[[178667,291421],[545,-2508],[554,-828],[1752,665]],[[187827,272796],[300,1407],[-3938,1639]],[[184189,275842],[-505,1204]],[[183684,277046],[1597,298]],[[185281,277344],[2050,582],[3492,1494]],[[190823,279420],[2086,246]],[[192909,279666],[1478,-277],[847,1002],[1579,-509],[1013,-934]],[[196929,277262],[-2434,-522],[-3083,-1832],[-1453,-200],[-2132,-1912]],[[189241,270559],[-1414,2237]],[[197347,275968],[-1443,-78],[-3192,-3176],[-2144,-411],[-1327,-1744]],[[194250,268078],[-3628,-1629],[-1164,727]],[[189458,267176],[604,2697],[-821,686]],[[157324,298162],[-936,1741],[1113,1777],[1759,670],[2175,-1043],[6399,93],[7401,766],[3513,135],[617,-1329],[-3479,69],[-832,-535],[-5868,-1689],[-4972,586],[-1769,-1482],[-2324,-1063],[-2797,1304]],[[161048,286180],[6,-3149],[570,-5594]],[[161624,277437],[-1515,-232]],[[160109,277205],[-258,507],[-3060,697]],[[156791,278409],[-2207,975],[-2215,-161]],[[152369,279223],[-884,393]],[[151485,279616],[1542,2118],[1717,1757],[4448,2238],[1856,451]],[[161048,286180],[2484,1182]],[[163532,287362],[237,-1396],[1801,-969],[-925,-2102]],[[164645,282895],[-904,-1685],[973,-3124]],[[164714,278086],[-160,-328]],[[164554,277758],[-1846,-543],[-1084,222]],[[156791,278409],[759,-1644],[-1871,-1132]],[[155679,275633],[-593,-382]],[[155086,275251],[-2717,3972]],[[152596,256517],[-279,-616]],[[152317,255901],[-950,-619]],[[151367,255282],[-828,1102],[-1370,-350],[-452,1470]],[[148717,257504],[500,1624],[1216,-767],[2162,-310],[1,-1534]],[[151729,272165],[1047,330]],[[152776,272495],[433,-1200],[1589,-13],[955,-892]],[[155753,270390],[-1465,-1992]],[[154288,268398],[-2041,807]],[[152247,269205],[-1515,873],[997,2087]],[[150549,272723],[228,-581]],[[150777,272142],[-1352,-1632]],[[149425,270510],[435,1876],[689,337]],[[151971,269229],[-799,182]],[[151172,269411],[799,-182]],[[155086,275251],[-1736,-747],[-574,-2009]],[[151729,272165],[-952,-23]],[[150549,272723],[-771,462],[-332,2163],[-1155,1648]],[[148291,276996],[2518,1719],[676,901]],[[155977,270519],[-224,-129]],[[155679,275633],[616,-969]],[[156295,274664],[745,-1442],[-1073,-415],[906,-1428],[-896,-860]],[[151971,269229],[276,-24]],[[154288,268398],[1697,-2269],[-2615,-1656],[-1204,840]],[[152166,265313],[-1314,983],[-1116,-568]],[[149736,265728],[-561,-337],[-2060,969]],[[147115,266360],[1465,3092]],[[148580,269452],[2592,-41]],[[149425,270510],[-695,-666]],[[148730,269844],[-1076,-173]],[[147654,269671],[132,988]],[[147786,270659],[495,1726],[-1525,-150],[-1933,1165]],[[144823,273400],[651,1076],[2817,2520]],[[148580,269452],[150,392]],[[143566,270000],[2181,-490],[1907,161]],[[147115,266360],[-710,-228],[-1793,995],[-1545,-173]],[[143067,266954],[499,3046]],[[143566,270000],[1061,1086]],[[144627,271086],[-1061,-1086]],[[144002,271324],[377,-141]],[[144379,271183],[-377,141]],[[144627,271086],[203,448]],[[144830,271534],[2956,-875]],[[144607,271693],[-228,-510]],[[144002,271324],[208,612]],[[144210,271936],[397,-243]],[[144830,271534],[-223,159]],[[144210,271936],[613,1464]],[[180065,245684],[-610,-1122],[385,-1586]],[[179840,242976],[309,-795]],[[180149,242181],[-1675,-1818]],[[175107,248990],[1606,-1685],[399,2022]],[[177112,249327],[661,-1497],[888,395]],[[178661,248225],[2188,928]],[[180849,249153],[-869,-2003]],[[179980,247150],[85,-1466]],[[183702,246478],[422,-1089]],[[184124,245389],[-2573,290]],[[181551,245679],[-1486,5]],[[179980,247150],[3722,-672]],[[196320,254578],[-240,-5476]],[[196080,249102],[-1694,-932]],[[194386,248170],[-1538,-880]],[[192848,247290],[-1497,4289]],[[191351,251579],[2703,966]],[[194054,252545],[2266,2033]],[[192848,247290],[-1659,-2204],[-988,-336]],[[190201,244750],[-2206,3387]],[[187995,248137],[1076,1297]],[[189071,249434],[2280,2145]],[[185045,244852],[1394,1173]],[[186439,246025],[1969,-2752]],[[188408,243273],[-17,-74]],[[188391,243199],[-1556,-1260]],[[186835,241939],[-1790,2913]],[[190201,244750],[-1793,-1477]],[[186439,246025],[695,1244]],[[187134,247269],[861,868]],[[184124,245389],[921,-537]],[[186835,241939],[-766,-497]],[[186069,241442],[-874,-327],[-2058,1535]],[[183137,242650],[-911,1912]],[[182226,244562],[-675,1117]],[[178704,254782],[2819,-1731],[-693,-2479],[56,-1363]],[[180886,249209],[-3565,5274]],[[176837,253479],[1824,-5254]],[[177112,249327],[-1137,3129]],[[180886,249209],[-37,-56]],[[182226,244562],[-869,-1065]],[[181357,243497],[-1517,-521]],[[183702,246478],[1880,-3],[1246,628]],[[186828,247103],[306,166]],[[183137,242650],[-1270,-321]],[[181867,242329],[-510,1168]],[[181867,242329],[-1718,-148]],[[190823,279420],[-10,1236]],[[190813,280656],[29,2547],[396,552]],[[192930,285619],[719,-3396],[1421,-274],[-2161,-2283]],[[192930,285619],[1385,382],[13,2008],[-428,1254],[2826,466],[267,-1269],[2142,658],[2225,-747]],[[190813,280656],[-2673,-396],[-974,786],[-3,1755]],[[187163,282801],[291,3298]],[[185281,277344],[499,2546],[144,2718]],[[185924,282608],[1239,193]],[[168882,273157],[267,-29]],[[169149,273128],[62,-112]],[[169211,273016],[-24,-699]],[[169187,272317],[-384,-301]],[[168803,272016],[-613,-160]],[[168190,271856],[4,303]],[[168194,272159],[34,697]],[[168228,272856],[654,301]],[[169180,273801],[-298,-644]],[[168228,272856],[-41,-9]],[[168187,272847],[-339,811]],[[167848,273658],[1332,143]],[[169544,274346],[-364,-545]],[[167848,273658],[-131,659]],[[167717,274317],[-66,952]],[[167651,275269],[1895,-209]],[[169546,275060],[-2,-714]],[[169544,274346],[936,-14]],[[170480,274332],[498,-32]],[[170978,274300],[-1027,-573]],[[169951,273727],[-771,74]],[[171123,277166],[1787,57]],[[172910,277223],[-396,-1431]],[[172514,275792],[-111,-898]],[[172403,274894],[-1923,-562]],[[169546,275060],[1577,2106]],[[172429,274264],[-1451,36]],[[172403,274894],[26,-630]],[[169951,273727],[-802,-599]],[[170317,273258],[-9,-342]],[[170308,272916],[-1097,100]],[[169951,273727],[366,-469]],[[170137,272415],[-950,-98]],[[170308,272916],[-171,-501]],[[170137,272415],[15,-129]],[[170152,272286],[-957,-189]],[[169195,272097],[-392,-81]],[[170978,274300],[105,-647]],[[171083,273653],[-766,-395]],[[171083,273653],[416,-1108]],[[171499,272545],[-474,-94]],[[171025,272451],[-888,-36]],[[172429,274264],[439,-1411]],[[172868,272853],[-4,-21]],[[172864,272832],[-1365,-287]],[[175300,274385],[273,-989],[-2705,-543]],[[172514,275792],[1819,322]],[[174333,276114],[967,-1729]],[[172864,272832],[-185,-1984]],[[172679,270848],[-1130,223]],[[171549,271071],[-107,518]],[[171442,271589],[-150,301]],[[171292,271890],[-267,561]],[[170152,272286],[-22,-447]],[[170130,271839],[-935,258]],[[171292,271890],[-1162,-51]],[[171442,271589],[-1342,-421]],[[170100,271168],[30,671]],[[170100,271168],[-1249,-306]],[[168851,270862],[-29,0]],[[168822,270862],[-19,1154]],[[168822,270862],[-1341,858]],[[167481,271720],[709,136]],[[170134,270675],[-1293,-158]],[[168841,270517],[10,345]],[[171549,271071],[-1415,-396]],[[168841,270517],[-1553,212]],[[167288,270729],[193,991]],[[171812,268915],[-759,-214],[-919,1974]],[[172679,270848],[505,-1622]],[[167681,269723],[593,-1932],[2285,265]],[[169393,264025],[-620,2141],[-2069,1028]],[[166704,267194],[15,2320]],[[166719,269514],[962,209]],[[166024,263991],[96,633]],[[166120,264624],[584,2570]],[[167681,269723],[-393,1006]],[[166719,269514],[-1844,-213]],[[164875,269301],[396,4348]],[[165271,273649],[909,-129]],[[166180,273520],[1010,-535]],[[167190,272985],[1004,-826]],[[167455,272985],[732,-138]],[[167190,272985],[265,0]],[[167455,272985],[393,673]],[[167190,272985],[160,1120]],[[167350,274105],[367,212]],[[166180,273520],[1170,585]],[[165246,276932],[1397,-146],[1008,-1517]],[[165271,273649],[-698,1080]],[[164573,274729],[-267,1552],[940,651]],[[171074,280789],[491,-57]],[[171565,280732],[-576,-1922],[142,-1254]],[[171131,277556],[-706,950],[-2350,245],[-1419,-633],[-1942,-32]],[[164645,282895],[1860,-12],[3613,-2004],[956,-90]],[[165246,276932],[-692,826]],[[171131,277556],[-8,-390]],[[163414,232065],[-959,650],[-2813,62],[-943,1749]],[[158699,234526],[-16,1421],[1361,1729]],[[162078,238261],[-193,-3166],[2422,-725],[1359,-2057]],[[165666,232313],[-1505,426],[-747,-674]],[[174816,237809],[-1772,-2345]],[[173044,235464],[-2490,-5008],[47,-653]],[[170601,229803],[-1657,-1213]],[[168944,228590],[-528,271]],[[168416,228861],[-215,959],[-2535,2493]],[[156295,274664],[869,869],[2274,335]],[[159438,275868],[1122,458],[1603,-1201],[-251,-1211]],[[161912,273914],[-410,-731],[402,-1895],[-504,-963]],[[161400,270325],[-2191,-1739]],[[159209,268586],[-313,230]],[[158896,268816],[-1665,-13],[-1254,1716]],[[164875,269301],[-973,-397],[-1603,520],[-899,901]],[[161912,273914],[2661,815]],[[160109,277205],[-671,-1337]],[[205658,254399],[1242,441]],[[206900,254840],[843,-1929]],[[207743,252911],[-3548,-2310],[352,-967],[-549,-1518],[-1194,-1322]],[[202804,246794],[-1165,668],[-1576,-311],[208,1500],[-1269,1179]],[[199002,249830],[1109,-29],[900,2783],[2516,500],[2131,1315]],[[199002,249830],[-2041,-127],[-881,-601]],[[196320,254578],[499,-187],[2586,1374]],[[199405,255765],[241,-1078],[1823,-292],[174,2223],[2328,-123],[1761,566],[-74,-2662]],[[202804,246794],[90,-617],[-1925,-1060],[1282,-1182],[-572,-1733]],[[201679,242202],[-2407,-345]],[[199272,241857],[-2262,252],[-890,1894]],[[196120,244003],[976,1119],[-2710,3048]],[[190093,240641],[-1702,2558]],[[196120,244003],[-3763,-1703],[-2264,-1659]],[[204754,258834],[1327,-464]],[[206081,258370],[1076,-387],[-257,-3143]],[[199405,255765],[1922,1122],[51,676],[3376,1271]],[[207743,252911],[2602,-3986]],[[210345,248925],[983,-1516],[-1629,-3188]],[[209699,244221],[-601,-1181],[-1630,-1229]],[[207468,241811],[-2380,-1766],[-2092,2053],[-1317,104]],[[187542,252146],[1529,-2712]],[[186828,247103],[-801,717],[-1375,2479],[574,809]],[[185226,251108],[2316,1038]],[[179640,256095],[952,436],[3451,-1524],[-1470,-1638],[-94,-2033],[2747,-228]],[[177665,258918],[309,301],[3328,-391],[1372,359],[1451,-784],[1778,-54]],[[185903,258349],[-1195,-3248],[2290,-546],[544,-2409]],[[185903,258349],[2591,-179]],[[188494,258170],[1344,1276]],[[189838,259446],[835,-29],[881,-2067]],[[191554,257350],[-77,-362],[2577,-4443]],[[189838,259446],[1498,2375]],[[191336,261821],[167,139]],[[191503,261960],[341,193]],[[191844,262153],[3039,2572]],[[202121,261466],[-3538,-952],[-646,-788],[-3207,-1978],[-1171,148],[-2005,-546]],[[203602,260911],[-645,-1446],[1797,-631]],[[202982,305866],[-2673,-1110],[-1213,-1123],[-4030,-718],[-2276,-71],[-630,-1542],[-1196,-880],[-623,1178],[993,3416],[1196,875],[2161,548],[7036,591],[2763,623],[1508,-926],[-3016,-861]],[[186051,302884],[61,-214]],[[188494,258170],[-192,1394],[-1825,316],[-1116,1723],[51,1223],[2124,810],[672,1702],[1641,-299],[1487,-3218]],[[191503,261960],[341,193]],[[178682,263738],[3817,3102]],[[182499,266840],[797,575],[2414,233]],[[185710,267648],[3010,-7],[738,-465]],[[157562,252903],[-398,302]],[[157164,253205],[-459,1180],[1926,2513]],[[158631,256898],[905,-693],[1742,2],[1850,-1623],[1500,1645]],[[164645,251818],[-2627,307],[-1057,-1069]],[[160961,251056],[-1710,-104]],[[159251,250952],[-1689,1951]],[[132391,294982],[-4,-2872],[369,-577]],[[132756,291533],[-2373,-939],[-1989,-1944],[-2545,653],[101,1100],[2931,3626],[3510,953]],[[132391,294982],[3075,803]],[[135466,295785],[177,-3929]],[[135643,291856],[-446,-582],[-2441,259]],[[137591,292361],[-1948,-505]],[[135466,295785],[1158,237]],[[136624,296022],[417,-1975]],[[137041,294047],[550,-1686]],[[138932,292897],[-1341,-536]],[[137041,294047],[1891,-1150]],[[136624,296022],[3318,820]],[[139942,296842],[450,-2668]],[[140392,294174],[-1460,-1277]],[[139942,296842],[9751,3073],[1827,-140],[369,-1408],[-2294,-593],[-1955,-1155],[-294,-1191],[-1423,-416],[-3140,74],[-2391,-912]],[[121878,283032],[-2137,-326],[-1995,-1370],[-4009,-1736],[-584,-1413],[-2069,-1686],[108,-1042],[-1668,-1408],[-2351,-109],[-1232,-930],[-142,1977],[4751,3116],[2372,2183],[2771,1990],[3999,2090],[2488,-393],[-302,-943]],[[126239,282861],[-2006,-1014],[303,1506],[1703,-492]],[[185646,235451],[-1592,-1319],[-1494,-474]],[[182560,233658],[-1806,3429],[2995,1136]],[[183749,238223],[1897,-2772]],[[182560,233658],[-1338,-500]],[[181222,233158],[-1924,2931],[919,665],[-4914,1760]],[[186069,241442],[802,-1377],[-1372,-1374],[-1750,-468]],[[181222,233158],[-325,-471]],[[180897,232687],[-2079,-747]],[[178818,231940],[-2059,2104],[-3715,1420]],[[178818,231940],[-1193,-1401]],[[177625,230539],[-835,-890]],[[176790,229649],[-1557,2116],[-2567,284],[-299,-1768],[-1766,-478]],[[176790,229649],[-2186,-1645]],[[174604,228004],[-2717,551],[-1286,1248]],[[190093,240641],[-460,-365]],[[189633,240276],[-1226,-737],[-1172,-1589],[-131,-1336],[-1256,-1098]],[[185848,235516],[-202,-65]],[[184849,229661],[-449,825],[-1776,-663],[-796,574],[-931,2290]],[[185848,235516],[1005,-3149]],[[186853,232367],[-78,-1462],[-1926,-1244]],[[189633,240276],[2582,-5124]],[[192215,235152],[-1432,-1074]],[[190783,234078],[-2599,-1754],[-1331,43]],[[199272,241857],[-319,-559]],[[198953,241298],[-905,-904]],[[198048,240394],[-1856,-2459]],[[196192,237935],[-2697,-1792]],[[193495,236143],[-1280,-991]],[[142756,251307],[1518,-2584],[1285,563]],[[145559,249286],[1969,-393],[1899,1131]],[[149427,250024],[24,-26]],[[149451,249998],[406,-471],[-1361,-2726]],[[148496,246801],[-1798,871],[-794,-1108],[670,-2557],[-3793,-3618]],[[142781,240389],[-406,2849],[845,2724],[-1140,4377],[676,968]],[[148496,246801],[4095,-2020]],[[152591,244781],[747,-570]],[[153338,244211],[-3593,-2341],[-2280,-2666]],[[147465,239204],[-2750,-1638],[-2440,-468],[-1475,134],[-603,1462]],[[140197,238694],[2167,896],[417,799]],[[147465,239204],[1048,-1332],[410,-1415]],[[148923,236457],[-1447,-1006],[-2955,651],[530,-2646]],[[145051,233456],[-979,-304],[-1943,1025],[-2950,3183],[1018,1334]],[[220680,248655],[-1219,-243],[-237,1618]],[[219224,250030],[670,326]],[[219894,250356],[991,285]],[[220885,250641],[107,-449]],[[220992,250192],[-312,-1537]],[[219224,250030],[-897,401]],[[218327,250431],[1161,1282]],[[219488,251713],[406,-1357]],[[219488,251713],[249,242]],[[219737,251955],[996,29]],[[220733,251984],[152,-1343]],[[220396,247257],[284,1398]],[[220992,250192],[1924,1612]],[[222916,251804],[539,-385],[-3059,-4162]],[[218327,250431],[-84,79]],[[218243,250510],[1199,2193]],[[219442,252703],[295,-748]],[[220396,247257],[-2186,1085],[-297,1121]],[[217913,249463],[330,1047]],[[219442,252703],[-44,124]],[[219398,252827],[1432,1206]],[[220830,254033],[-97,-2049]],[[220830,254033],[1859,-198],[227,-2031]],[[216090,249531],[-750,1679]],[[215340,251210],[1657,599]],[[216997,251809],[1758,179],[643,839]],[[217913,249463],[-1823,68]],[[224899,253669],[-1513,-3460],[-748,-2527],[-826,-514]],[[221812,247168],[-1448,-2417]],[[220364,244751],[-1223,919],[-471,-2512],[-1846,1573]],[[216824,244731],[-1332,811]],[[215492,245542],[415,1624],[-694,434],[877,1931]],[[216997,251809],[-1210,2245],[312,915]],[[216099,254969],[305,815]],[[216404,255784],[1292,-22],[1557,-1189],[488,2628],[970,155]],[[220711,257356],[2109,246]],[[222820,257602],[485,-1476]],[[223305,256126],[-276,-1726],[1870,-731]],[[235946,213586],[210,-1309]],[[236156,212277],[-3028,-834],[-2129,-1996]],[[230999,209447],[-478,797]],[[230521,210244],[-150,1690]],[[230371,211934],[690,471],[1171,2508]],[[232232,214913],[1252,185],[905,-1380],[1557,-132]],[[228567,214955],[3665,-42]],[[230371,211934],[-1057,331]],[[229314,212265],[-2067,918]],[[227247,213183],[1320,1772]],[[225626,215011],[2941,-56]],[[227247,213183],[-1786,824]],[[225461,214007],[165,1004]],[[235946,213586],[2359,-25]],[[238305,213561],[205,-1759]],[[238510,211802],[-2354,475]],[[240680,215032],[548,-2951]],[[241228,212081],[-1643,218],[-1075,-497]],[[238305,213561],[-28,614],[2403,857]],[[225626,215011],[-140,1329]],[[225486,216340],[5616,2179],[-365,405],[662,2473],[2526,893],[1489,-435]],[[235414,221855],[-100,-644],[1010,-3135],[3371,-475]],[[239695,217601],[635,-324]],[[240330,217277],[350,-2245]],[[225486,216340],[-73,2459],[-2308,23],[-604,2484]],[[222501,221306],[1360,2208]],[[223861,223514],[533,864]],[[224394,224378],[5115,73],[1481,1217],[2469,-1004],[893,-1174]],[[234352,223490],[1062,-1635]],[[230813,236195],[1444,1199]],[[232257,237394],[1107,-1700]],[[233364,235694],[924,-1464],[3486,-2642]],[[237774,231588],[2288,-2285]],[[240062,229303],[-1120,-2756],[536,-2113],[-431,-1896]],[[239047,222538],[-402,-1472],[1050,-3465]],[[234352,223490],[-155,2320],[539,4486],[-1451,2989],[-1512,1332]],[[231773,234617],[-960,1578]],[[224394,224378],[1494,2202]],[[225888,226580],[283,415]],[[226171,226995],[1159,1688],[968,-439],[1208,1950],[3,1485]],[[229509,231679],[882,946],[-242,1200],[1624,792]],[[241378,230991],[2732,1820]],[[244110,232811],[2915,-2457]],[[247025,230354],[933,-2031],[236,-1638]],[[248194,226685],[682,-1686]],[[248876,224999],[-2098,-1153]],[[246778,223846],[-1102,1735],[1110,1754],[-649,1415],[-1949,-1293],[154,1852],[-1942,-533],[352,-2482],[-979,-2163],[-1521,-814],[2190,-1538]],[[242442,221779],[-2622,-507]],[[239820,221272],[-773,1266]],[[240062,229303],[1316,1688]],[[245409,223114],[-1213,-545]],[[244196,222569],[-108,180]],[[244088,222749],[-1011,1445],[1098,433],[1083,-926]],[[245258,223701],[151,-587]],[[253271,236250],[-4834,-3307],[879,-2144]],[[249316,230799],[-2291,-445]],[[244110,232811],[190,117]],[[244300,232928],[2408,1439],[485,1460],[3835,1319]],[[254928,233477],[-2034,-1919],[-3578,-759]],[[256354,233396],[-1356,-3135],[-87,-3340]],[[254911,226921],[-3752,-309],[-2965,73]],[[254911,226921],[-184,-6356]],[[254727,220565],[-2886,1070]],[[251841,221635],[-135,2218],[-1384,75],[-800,-1374]],[[249522,222554],[-692,979],[46,1466]],[[245258,223701],[1520,145]],[[249522,222554],[165,-769],[-2215,-1937]],[[247472,219848],[-2063,3266]],[[242442,221779],[235,34]],[[242677,221813],[1180,-1313]],[[243857,220500],[-189,-1534],[-1251,146],[-157,-1626],[733,-408]],[[242993,217078],[-215,-1228],[-1922,1407]],[[240856,217257],[-1036,4015]],[[243857,220500],[1048,518],[-709,1551]],[[247472,219848],[-493,-2899],[794,-1238]],[[247773,215711],[-630,-552]],[[247143,215159],[-4150,1919]],[[252067,215495],[-4294,216]],[[251841,221635],[-36,-3183],[262,-2957]],[[254727,220565],[-256,-5180]],[[254471,215385],[-2404,110]],[[240330,217277],[526,-20]],[[247143,215159],[-86,-1628]],[[247057,213531],[-599,-1125],[-1549,-1157]],[[244909,211249],[-1304,1071],[-2377,-239]],[[244088,222749],[-1411,-936]],[[247057,213531],[5140,-618],[2156,114]],[[254353,213027],[4,-1325],[-913,-1245],[-1983,401],[-2510,1005],[-2516,-989],[-1526,375]],[[254471,215385],[-118,-2358]],[[215931,225118],[832,-159]],[[216763,224959],[646,-797],[3606,445]],[[221015,224607],[-246,-995]],[[220769,223612],[-304,-1265],[2036,-1041]],[[225461,214007],[-1013,478],[-2258,-555]],[[222190,213930],[-2253,-654]],[[219937,213276],[-1188,60]],[[218749,213336],[19,874],[-1904,80]],[[216864,214290],[-1207,1182],[60,1038]],[[215717,216510],[618,1947],[-2306,31],[-695,-537]],[[213334,217951],[-999,-95]],[[212335,217856],[-625,1751],[-900,-316]],[[210810,219291],[477,1366],[-415,1042]],[[210872,221699],[468,490]],[[211340,222189],[2075,1089],[1190,-2541],[3802,-446],[-463,1579],[-1143,-661],[-1581,445],[711,3464]],[[211340,222189],[-861,2181]],[[210479,224370],[2242,1117],[206,1256]],[[212927,226743],[551,1640]],[[213478,228383],[1562,-500]],[[215040,227883],[1208,-1054],[-317,-1711]],[[215717,216510],[-1531,-52]],[[214186,216458],[-852,1493]],[[212335,217856],[-2126,-191]],[[210209,217665],[601,1626]],[[219937,213276],[-1216,-1061]],[[218721,212215],[28,1121]],[[196465,220232],[1104,2127],[879,-724]],[[198448,221635],[-903,-2263],[20,-2058],[2626,261]],[[200191,217575],[-1300,-741],[321,-1392],[-1212,-366]],[[198000,215076],[-1824,-303]],[[196176,214773],[-905,-591],[-1315,486],[-349,1393]],[[193607,216061],[-153,33]],[[193454,216094],[1187,1223],[102,1431],[1722,1484]],[[193454,216094],[-2501,6413]],[[190953,222507],[797,935],[1622,471],[1083,1167]],[[194455,225080],[2010,-4848]],[[201387,217717],[857,-778],[-177,-1661]],[[202067,215278],[-947,-230],[-272,-1588]],[[200848,213460],[-1485,1178],[-1363,438]],[[200191,217575],[1196,142]],[[160846,258657],[-2509,-1144]],[[158337,257513],[-1036,927],[-1667,-750]],[[155634,257690],[-739,1755],[-1463,-7],[-455,1729],[-1001,95]],[[151976,261262],[3391,1996],[1414,-160],[745,1247]],[[157526,264345],[1007,-569],[1880,-2182],[433,-2937]],[[158896,268816],[-1173,-1131],[-1777,-101],[1580,-3239]],[[151976,261262],[-1173,1474],[1771,1747],[-408,830]],[[166113,263636],[-3110,-238],[-1011,827]],[[161992,264225],[512,1050],[3616,-651]],[[162549,258846],[-1703,-189]],[[159209,268586],[278,-1322],[1889,-1070],[616,-1969]],[[228835,178493],[-710,-2]],[[228125,178491],[-33,223]],[[228092,178714],[-459,728]],[[227633,179442],[1353,395]],[[228986,179837],[-151,-1344]],[[231375,176557],[-793,-620]],[[230582,175937],[-455,375]],[[230127,176312],[-1297,1125]],[[228830,177437],[-630,623]],[[228200,178060],[-75,431]],[[228835,178493],[2540,-1936]],[[228898,180401],[88,-564]],[[227633,179442],[-2131,455]],[[225502,179897],[444,775],[2000,1356]],[[227946,182028],[952,-1627]],[[228898,180401],[1411,1072],[-1426,1340]],[[228883,182813],[1815,580]],[[230698,183393],[1200,-2936]],[[231898,180457],[-1144,126],[-1768,-746]],[[228092,178714],[-946,-189]],[[227146,178525],[-656,-550]],[[226490,177975],[-2471,-682]],[[224019,177293],[857,1766]],[[224876,179059],[211,796]],[[225087,179855],[415,42]],[[228200,178060],[-1054,465]],[[228830,177437],[-1379,-136],[-961,674]],[[231898,180457],[40,-144]],[[231938,180313],[402,-2743]],[[232340,177570],[-965,-1013]],[[227946,182028],[412,849]],[[228358,182877],[525,-64]],[[225413,175766],[-945,923]],[[224468,176689],[-449,604]],[[230127,176312],[-2291,-162],[-72,-820],[-2351,436]],[[225017,182487],[2478,1399],[863,-1009]],[[225087,179855],[-310,340]],[[224777,180195],[-856,1952]],[[223921,182147],[1096,340]],[[230582,175937],[756,-961]],[[231338,174976],[-995,-1092]],[[230343,173884],[-2252,-1547],[-2126,-576]],[[225965,171761],[365,1323],[-1322,1174],[405,1508]],[[231338,174976],[1369,-1663],[809,1077],[1862,-231],[907,-1637]],[[236285,172522],[-2049,-1234]],[[234236,171288],[-307,-149]],[[233929,171139],[-2188,2284],[-1398,461]],[[237837,174032],[-342,-237]],[[237495,173795],[-201,-670]],[[237294,173125],[-805,-389]],[[236489,172736],[-204,-214]],[[232340,177570],[2599,-962]],[[234939,176608],[1028,-1441],[1947,-457]],[[237914,174710],[-4,-105]],[[237910,174605],[-73,-573]],[[199850,195954],[829,1102],[598,-1914],[-1084,-230],[-343,1042]],[[205541,197272],[894,-4457]],[[206435,192815],[0,-126]],[[206435,192689],[-4421,-1240],[-360,-547]],[[201654,190902],[-1695,393]],[[199959,191295],[-292,2643],[-3016,-234]],[[196651,193704],[-1862,3095],[894,432]],[[195683,197231],[677,2738]],[[196360,199969],[4963,2187],[996,-2600]],[[202319,199556],[1316,-2584],[1906,300]],[[202319,199556],[1351,910],[2745,319]],[[206415,200785],[529,-1493]],[[206944,199292],[609,-1731],[-1070,-470]],[[206483,197091],[-942,181]],[[199959,191295],[-96,-596]],[[199863,190699],[-3135,524]],[[196728,191223],[-969,1322]],[[195759,192545],[892,1159]],[[194114,191834],[1645,711]],[[196728,191223],[-2093,6],[-521,605]],[[201654,190902],[-208,-706]],[[201446,190196],[-1583,503]],[[208991,187050],[-3119,-593],[-841,653]],[[205031,187110],[-1344,63]],[[203687,187173],[-1645,1746],[-596,1277]],[[206435,192689],[-60,-2650],[2438,-20],[178,-2969]],[[203484,205605],[1390,-484]],[[204874,205121],[1541,-4336]],[[196360,199969],[908,2284],[-605,1916]],[[196663,204169],[1485,307]],[[198148,204476],[5336,1129]],[[194668,164768],[-704,-609]],[[193964,164159],[-2247,2865],[447,1012]],[[192164,168036],[1740,-129]],[[193904,167907],[580,-340]],[[194484,167567],[-221,-2059],[405,-740]],[[192164,168036],[-501,956]],[[191663,168992],[1476,-197]],[[193139,168795],[765,-888]],[[195318,168607],[2111,-464]],[[197429,168143],[-882,-912]],[[196547,167231],[-927,542],[-662,-225]],[[194958,167548],[-474,19]],[[193139,168795],[677,-82]],[[193816,168713],[1502,-106]],[[193905,170041],[-89,-1328]],[[191663,168992],[-136,312]],[[191527,169304],[2378,737]],[[193905,170041],[1413,-1434]],[[196547,167231],[-1589,317]],[[196547,167231],[78,-95]],[[196625,167136],[1317,-2285]],[[197942,164851],[-3274,-83]],[[197429,168143],[1380,776],[1963,-483],[459,-1291]],[[201231,167145],[-4606,-9]],[[201818,164499],[-711,72]],[[201107,164571],[-3165,280]],[[201231,167145],[158,10]],[[201389,167155],[551,-1009],[-122,-1647]],[[192807,172839],[2038,581],[874,726]],[[195719,174146],[1540,663],[2006,-106]],[[199265,174703],[-9,-612],[2211,-1480],[2641,7]],[[204108,172618],[1403,138]],[[205511,172756],[183,-2288]],[[205694,170468],[-148,-1747],[-4157,-1566]],[[191527,169304],[-1373,3229]],[[190154,172533],[1946,53]],[[192100,172586],[707,253]],[[205694,170468],[2873,-2310],[806,-1537]],[[209373,166621],[-2126,-521],[-806,-1620],[-2778,-224],[-1845,243]],[[245449,164845],[-103,-1308],[-1244,-330]],[[244102,163207],[-1023,1201]],[[243079,164408],[379,598]],[[243458,165006],[1348,187]],[[244806,165193],[643,-348]],[[246616,165300],[919,-272]],[[247535,165028],[-71,-1340]],[[247464,163688],[-1676,-225],[-128,-1046]],[[245660,162417],[-1444,-312]],[[244216,162105],[-114,1102]],[[245449,164845],[1167,455]],[[244216,162105],[-2192,179]],[[242024,162284],[-558,1764]],[[241466,164048],[1090,396]],[[242556,164444],[523,-36]],[[241798,165995],[1660,-989]],[[242556,164444],[-758,1551]],[[241798,165995],[-2038,1370]],[[239760,167365],[1042,664]],[[240802,168029],[1004,-1239],[4109,-114]],[[245915,166676],[-1109,-1483]],[[245915,166676],[701,-1376]],[[245660,162417],[-379,-1691],[-2197,-731],[-1678,919],[618,1370]],[[239182,166557],[578,808]],[[241466,164048],[-1323,-66],[-145,1449],[-816,1126]],[[247535,165028],[2055,272]],[[249590,165300],[747,-790]],[[250337,164510],[-645,-1969]],[[249692,162541],[-2228,1147]],[[249692,162541],[-1291,-2468],[-2716,-505],[-1448,-1796]],[[244237,157772],[-4239,1009],[-1526,-520]],[[238472,158261],[-2708,2665]],[[235764,160926],[-787,2927],[800,1954]],[[235777,165807],[1373,72]],[[237150,165879],[942,-332]],[[238092,165547],[1090,1010]],[[245479,171632],[1861,-149]],[[247340,171483],[761,-523]],[[248101,170960],[1303,-1236],[136,-2849]],[[249540,166875],[50,-1575]],[[240802,168029],[37,1403],[-814,749]],[[240025,170181],[383,376]],[[240408,170557],[206,-48]],[[240614,170509],[1916,-332],[768,954],[2181,501]],[[233185,158596],[2576,-583],[-405,-1509],[-2077,-108],[-883,1386]],[[232396,157782],[789,814]],[[234368,156955],[-648,218],[3,-597],[645,379]],[[233185,158596],[-528,1973]],[[232657,160569],[2895,451]],[[235552,161020],[212,-94]],[[238472,158261],[-729,-1964],[-2041,-3414]],[[235702,152883],[-208,-2]],[[235494,152881],[-3028,-120],[-3015,968]],[[229451,153729],[1642,2142],[-221,1258]],[[230872,157129],[1524,653]],[[231462,161759],[1195,-1190]],[[230872,157129],[-1533,786]],[[229339,157915],[-1576,848]],[[227763,158763],[2311,2751]],[[230074,161514],[1388,245]],[[244237,157772],[-516,-589],[-523,-2859],[-1210,-1129],[-2239,-273],[-4047,-39]],[[229451,153729],[-698,296]],[[228753,154025],[755,1238],[-169,2652]],[[227763,158763],[-285,135]],[[227478,158898],[-1412,1620]],[[226066,160518],[3458,1053]],[[229524,161571],[550,-57]],[[232011,162568],[3541,-1548]],[[231462,161759],[549,809]],[[225724,205034],[1278,436]],[[227002,205470],[632,-1043]],[[227634,204427],[-1010,-1625],[-314,-1764]],[[226310,201038],[-1512,739],[-1442,-555],[-1023,1063]],[[222333,202285],[380,1337],[2052,1330],[959,82]],[[226310,201038],[-500,-1888],[-3051,344],[-1261,-2183]],[[221498,197311],[-104,-195]],[[221394,197116],[-1642,575]],[[219752,197691],[-961,2871]],[[218791,200562],[3542,1723]],[[223905,207281],[1819,-2247]],[[218791,200562],[-1583,2875]],[[217208,203437],[744,1153],[2123,546],[-1294,1679]],[[218781,206815],[2528,-108],[2596,574]],[[227634,204427],[1453,-713],[1095,1683],[4670,-2933]],[[234852,202464],[-821,-613],[-1848,269],[-612,-1496],[-2188,457]],[[229383,201081],[-2044,-536],[-1029,493]],[[224639,191431],[-1130,1473]],[[223509,192904],[949,1371],[-2965,2076],[-99,765]],[[221498,197311],[4000,-2413],[3489,1671],[1175,2509]],[[230162,199078],[735,-1519],[-459,-3873]],[[230438,193686],[-1943,923],[-1831,-2649],[-2025,-529]],[[229383,201081],[779,-2003]],[[218781,206815],[-703,732]],[[218078,207547],[3100,840],[3723,2357]],[[224901,210744],[658,-775]],[[225559,209969],[-1654,-2688]],[[218078,207547],[-22,158]],[[218056,207705],[-362,3461]],[[217694,211166],[1027,1049]],[[222190,213930],[2711,-3186]],[[230999,209447],[1195,-1399],[-523,-2949],[3181,-2635]],[[227002,205470],[244,1794],[3021,1802],[254,1178]],[[229314,212265],[-3526,-1530],[-229,-766]],[[210133,205077],[390,1210],[2374,1511]],[[212897,207798],[1187,37],[665,1025]],[[214749,208860],[3307,-1155]],[[217208,203437],[-1083,-812],[-3451,21]],[[212674,202646],[-1566,68],[-975,2363]],[[203484,205605],[754,3424]],[[204238,209029],[835,3451]],[[205073,212480],[950,-547]],[[206023,211933],[1239,-884],[1649,-3680],[1864,974]],[[210775,208343],[1469,776],[653,-1321]],[[210133,205077],[-5259,44]],[[210450,184479],[4558,149],[168,-757]],[[215176,183871],[-483,-2729]],[[214693,181142],[-1389,-135]],[[213304,181007],[-1681,-221],[-53,1753],[-1566,350]],[[210004,182889],[446,1590]],[[214693,181142],[801,-1171]],[[215494,179971],[-203,19]],[[215291,179990],[-1750,154]],[[213541,180144],[-237,863]],[[215291,179990],[-308,-1342],[1363,-1193]],[[216346,177455],[-1215,-1810]],[[215131,175645],[-482,-730]],[[214649,174915],[-3103,491]],[[211546,175406],[846,2761],[1149,1977]],[[215494,179971],[1672,-160]],[[217166,179811],[912,-100]],[[218078,179711],[-1732,-2256]],[[213676,190616],[1724,-2213],[1718,-282]],[[217118,188121],[1132,-3563]],[[218250,184558],[-381,-1205]],[[217869,183353],[-1744,763],[-949,-245]],[[210450,184479],[234,1020],[-1003,1375]],[[209681,186874],[2626,1258],[1369,2484]],[[217869,183353],[285,-1521]],[[218154,181832],[-1252,-626],[264,-1395]],[[211546,175406],[-4069,-778]],[[207477,174628],[-1373,3107]],[[206104,177735],[-70,989]],[[206034,178724],[504,1647],[971,796]],[[207509,181167],[2094,328],[401,1394]],[[221398,189028],[716,-2490]],[[222114,186538],[192,-658]],[[222306,185880],[-4056,-1322]],[[217118,188121],[1932,327],[1260,1083]],[[220310,189531],[1088,-503]],[[223676,189464],[98,-1154],[-884,-834]],[[222890,187476],[-776,-938]],[[221398,189028],[2278,436]],[[237289,169398],[552,231]],[[237841,169629],[176,-710]],[[238017,168919],[-242,-136]],[[237775,168783],[-415,87]],[[237360,168870],[-153,-1]],[[237207,168869],[82,529]],[[236504,171150],[1776,69]],[[238280,171219],[364,-226]],[[238644,170993],[-803,-1364]],[[237289,169398],[-785,1752]],[[238644,170993],[1764,-436]],[[240025,170181],[-433,-276]],[[239592,169905],[-1575,-986]],[[238644,170993],[1056,1641]],[[239700,172634],[1702,-1127],[-788,-998]],[[239592,169905],[202,-1617],[-1246,-100]],[[238548,168188],[-773,595]],[[238548,168188],[-456,-2641]],[[237150,165879],[-179,2305],[389,686]],[[235777,165807],[-1189,1848]],[[234588,167655],[-70,1074]],[[234518,168729],[2689,140]],[[234518,168729],[-128,451]],[[234390,169180],[1526,1150],[-1680,958]],[[236489,172736],[671,-276]],[[237160,172460],[-656,-1310]],[[237294,173125],[201,670]],[[237837,174032],[1587,-413]],[[239424,173619],[276,-985]],[[238280,171219],[-1120,1241]],[[233078,167720],[1510,-65]],[[232011,162568],[-722,1129],[678,1071],[724,2887]],[[232691,167655],[387,65]],[[234390,169180],[-461,1959]],[[237910,174605],[1514,-986]],[[171448,203072],[643,507],[-528,2074],[829,1195]],[[172392,206848],[3521,807]],[[175913,207655],[1449,-583],[2529,992],[2131,409]],[[182022,208473],[343,-340]],[[182365,208133],[-32,-909],[-1315,-2182]],[[181018,205042],[-1975,-75],[-924,-807]],[[178119,204160],[-766,-2139],[1061,-2796]],[[178414,199225],[165,-153]],[[178579,199072],[-1986,-1935],[-1483,-473]],[[175110,196664],[-1190,-74]],[[173920,196590],[-650,3694],[-1822,2788]],[[181856,198893],[22,-97]],[[181878,198796],[-2277,1075],[-1187,-646]],[[178119,204160],[2934,769]],[[181053,204929],[766,-1733]],[[181819,203196],[-1629,-788],[1666,-3515]],[[184234,197429],[692,-1755]],[[184926,195674],[-1830,-1076]],[[183096,194598],[-2042,-2225]],[[181054,192373],[-831,2683],[195,1463]],[[180418,196519],[747,-34],[1579,1278]],[[182744,197763],[1490,-334]],[[181878,198796],[866,-1033]],[[180418,196519],[-407,1676],[-1432,877]],[[181018,205042],[35,-113]],[[181054,192373],[-1650,181]],[[179404,192554],[-1401,-898],[-1119,2666],[-1774,2342]],[[185066,198028],[-832,-599]],[[181856,198893],[1643,710]],[[183499,199603],[1591,-758],[-24,-817]],[[183850,204146],[1380,-2937]],[[185230,201209],[-1731,-1606]],[[181819,203196],[2031,950]],[[252088,166554],[-2548,321]],[[248101,170960],[696,742],[4514,172]],[[253311,171874],[725,-2369]],[[254036,169505],[-1094,-461],[-854,-2490]],[[252148,165385],[-1811,-875]],[[252088,166554],[60,-1169]],[[254036,169505],[2043,-2562],[-1788,-1562],[-2143,4]],[[248681,178536],[916,-964],[2227,-310],[3392,481]],[[255216,177743],[-649,-2445],[-1304,-2772],[48,-652]],[[247340,171483],[-231,782],[924,1950],[-47,1234],[-879,1482]],[[247107,176931],[1574,1605]],[[256166,181585],[68,-2324],[-1018,-1518]],[[248681,178536],[48,1861],[541,1819]],[[249270,182216],[2536,-1714],[4360,1083]],[[162300,221809],[589,-5]],[[162889,221804],[4234,-40],[2740,329]],[[169863,222093],[918,-456],[-1234,-2091],[1399,-803]],[[170946,218743],[-666,-1058],[-27,-2598]],[[170253,215087],[-2571,-964]],[[167682,214123],[-2398,-799],[-675,976]],[[164609,214300],[-1938,2606],[-450,1]],[[162221,216907],[79,4902]],[[169998,227017],[551,-834],[2933,-410]],[[173482,225773],[4045,-3280]],[[177527,222493],[-919,-1144],[-3199,-888],[-720,-2014],[-1743,296]],[[169863,222093],[-236,1557],[1243,773],[-1518,1020],[646,1574]],[[177527,222493],[1379,-3790]],[[178906,218703],[891,-1494]],[[179797,217209],[718,-1101],[-2119,-2045],[30,-563]],[[178426,213500],[-854,-250],[-2025,1239],[-858,1380],[-2768,-1752]],[[171921,214117],[-1668,970]],[[178426,213500],[2231,-408]],[[180657,213092],[1025,-895]],[[181682,212197],[-1186,-2175],[-5364,-1836]],[[175132,208186],[-1283,2904],[-1928,3027]],[[175132,208186],[-3484,-1155],[-4210,-8]],[[167438,207023],[288,3118],[-44,3982]],[[172392,206848],[2939,1068],[582,-261]],[[167438,207023],[-7297,-2],[-827,187]],[[159314,207208],[-79,93]],[[159235,207301],[-1388,2482]],[[157847,209783],[2017,513],[646,1100],[4099,2904]],[[155403,216942],[6818,-35]],[[157847,209783],[-938,1412]],[[156909,211195],[2229,-115],[-409,1222],[846,608],[-794,1842],[-2421,-107],[-985,-603]],[[155375,214042],[28,2900]],[[155458,222020],[6842,-211]],[[155403,216942],[55,5078]],[[168416,228861],[-2247,-1773],[-3441,-373],[161,-4911]],[[155458,222020],[109,2012],[4285,6939],[3562,1094]],[[168944,228590],[1054,-1573]],[[245479,171632],[-1221,869],[-2377,518],[87,862],[1621,1694]],[[243589,175575],[996,1376],[2150,-29]],[[246735,176922],[372,9]],[[209612,196148],[-687,266]],[[208925,196414],[1120,473],[869,1746],[1785,-450],[-761,-2585],[-918,-800],[-1408,1350]],[[206944,199292],[693,752],[3916,1517],[1121,1085]],[[219752,197691],[-1241,-485],[-1011,-1526],[-111,-1689]],[[217389,193991],[-118,-1033],[-3385,-1210]],[[213886,191748],[-37,613],[-3651,1266],[-1433,-905],[-640,618]],[[208125,193340],[1487,2808]],[[208925,196414],[-2442,677]],[[208125,193340],[-1690,-525]],[[213886,191748],[-210,-1132]],[[209681,186874],[-690,176]],[[223509,192904],[-4164,900]],[[219345,193804],[-1956,187]],[[202835,182235],[369,-406]],[[203204,181829],[-2486,-15],[1036,1138],[1081,-717]],[[203204,181829],[207,-2353]],[[203411,179476],[-1603,-386],[-1355,-1043],[-1358,-4]],[[199095,178043],[251,3932],[-512,644]],[[198834,182619],[-593,1934],[580,1675]],[[198821,186228],[4866,945]],[[205031,187110],[-237,-2475]],[[204794,184635],[-1959,-2400]],[[203411,179476],[2623,-752]],[[206104,177735],[-1039,-370],[-811,-1657],[425,-989],[-571,-2101]],[[199265,174703],[-753,2914]],[[198512,177617],[583,426]],[[207509,181167],[-744,1698],[-1170,270],[-801,1500]],[[196602,178268],[-566,1369],[1008,2496]],[[197044,182133],[1790,486]],[[198512,177617],[-1910,651]],[[207477,174628],[-1966,-1872]],[[197463,190218],[-735,1005]],[[198821,186228],[-695,116]],[[198126,186344],[-935,1310],[1481,976],[-1209,1588]],[[193465,190352],[-122,1106]],[[193343,191458],[771,376]],[[197463,190218],[-248,-995],[-2088,25],[-1662,1104]],[[198126,186344],[-2937,699],[-1591,2431]],[[193598,189474],[-133,878]],[[195874,209530],[-450,525]],[[195424,210055],[-195,239]],[[195229,210294],[2587,629],[956,-1518],[-785,-557],[-1281,1128],[-832,-446]],[[196084,204093],[-42,15]],[[196042,204108],[-1080,354]],[[194962,204462],[-234,5022],[696,571]],[[195874,209530],[313,-376]],[[196187,209154],[-172,-1805],[944,-808],[-875,-2448]],[[189927,212020],[2234,-54],[2315,-755],[753,-917]],[[194962,204462],[-1984,-311]],[[192978,204151],[-748,-116],[-1402,2618],[-57,3237],[-1261,-94]],[[189510,209796],[417,2224]],[[196663,204169],[-579,-76]],[[196187,209154],[1238,-1290],[1741,-777]],[[199166,207087],[-1018,-2611]],[[189927,212020],[1049,1323]],[[190976,213343],[2146,1797],[485,921]],[[196176,214773],[186,-1013],[1930,48],[1569,-1016]],[[199861,212792],[1153,-2572],[-1768,-1708]],[[199246,208512],[-80,-1425]],[[204238,209029],[-627,21],[-1489,-1875],[-2353,1584],[-523,-247]],[[199861,212792],[987,668]],[[200848,213460],[1600,-512],[2269,837],[356,-1305]],[[192978,204151],[-11,-83]],[[192967,204068],[-1092,-359],[-683,1657],[-1090,807]],[[190102,206173],[82,1254],[-674,2369]],[[238707,184604],[150,-989]],[[238857,183615],[-1117,-85],[-1408,-1271]],[[236332,182259],[-2301,861]],[[234031,183120],[-1067,185]],[[232964,183305],[853,1432],[1009,515],[804,2273],[-721,1605],[-970,781]],[[233939,189911],[595,1282]],[[234534,191193],[1186,-375],[3259,85]],[[238979,190903],[-66,-789],[-2382,-1831],[1541,-1580],[635,-2099]],[[236332,182259],[208,-2504]],[[236540,179755],[-1601,-3147]],[[231938,180313],[959,2183],[1134,624]],[[230698,183393],[2266,-88]],[[229959,189297],[458,491]],[[230417,189788],[1173,-912],[2113,358],[236,677]],[[230698,183393],[-2017,2593],[366,612]],[[229047,186598],[-84,247]],[[228963,186845],[149,2128],[847,324]],[[231826,192804],[2708,-1611]],[[230417,189788],[1409,3016]],[[241050,185908],[-1344,-137],[-999,-1167]],[[238979,190903],[2165,31],[530,-918],[5464,-1659],[378,140]],[[247516,188497],[152,-422]],[[247668,188075],[-145,-5]],[[247523,188070],[-3810,-158],[-2552,-608],[-111,-1396]],[[241050,185908],[758,-754],[169,-4897],[-522,-391]],[[241455,179866],[-2607,495]],[[238848,180361],[765,1004],[-756,2250]],[[238848,180361],[-191,-89]],[[238657,180272],[-2117,-517]],[[156909,211195],[-1571,1378],[37,1469]],[[224876,179059],[-1455,-874],[-1192,1922],[2099,733],[449,-645]],[[224468,176689],[-966,86]],[[223502,176775],[-2305,706],[-3119,2230]],[[218154,181832],[3180,-185],[2449,834]],[[223783,182481],[138,-334]],[[222306,185880],[376,-854]],[[222682,185026],[1101,-2545]],[[222715,173175],[482,-1966],[-1484,803],[1002,1163]],[[220390,174837],[2900,612],[212,1326]],[[225965,171761],[-1383,-2162]],[[224582,169599],[-2048,-211],[-1484,1547]],[[221050,170935],[-139,1298]],[[220911,172233],[-521,2604]],[[220390,174837],[-865,-146]],[[219525,174691],[-85,164]],[[219440,174855],[-464,766],[-2010,-232]],[[216966,175389],[-1835,256]],[[189065,196262],[819,-146]],[[189884,196116],[-1004,-305]],[[188880,195811],[185,451]],[[190099,195978],[-215,138]],[[189065,196262],[-344,263]],[[188721,196525],[847,642]],[[189568,197167],[1342,363]],[[190910,197530],[176,-817]],[[191086,196713],[-987,-735]],[[191086,196713],[829,-1818]],[[191915,194895],[-226,-176]],[[191689,194719],[-1590,1259]],[[191689,194719],[-1351,-189]],[[190338,194530],[-2024,380]],[[188314,194910],[566,901]],[[188314,194910],[-800,338]],[[187514,195248],[1207,1277]],[[187838,197449],[883,-924]],[[187514,195248],[-755,-680]],[[186759,194568],[-643,504]],[[186116,195072],[1393,1659]],[[187509,196731],[329,718]],[[186116,195072],[-1190,602]],[[185066,198028],[1535,-413],[908,-884]],[[185230,201209],[2033,895],[1809,-1692]],[[189072,200412],[-1006,-1797]],[[188066,198615],[-228,-1166]],[[188714,198429],[854,-1262]],[[188066,198615],[648,-186]],[[188714,198429],[709,881],[1258,-393],[229,-1387]],[[189072,200412],[1413,1018],[2043,-961],[1771,1488],[-1332,2111]],[[196042,204108],[-2052,-5237],[-1181,-923],[-1899,-418]],[[195683,197231],[-1147,-255],[-2621,-2081]],[[193343,191458],[-1439,1490]],[[191904,192948],[-1566,1582]],[[190338,194530],[-153,-1168],[594,-1859]],[[190779,191503],[-943,-189]],[[189836,191314],[-2470,1978]],[[187366,193292],[-607,1276]],[[191904,192948],[-1125,-1445]],[[190568,188040],[-445,1499]],[[190123,189539],[-287,1775]],[[193598,189474],[-459,-977]],[[193139,188497],[-2571,-457]],[[188018,124011],[-631,414]],[[187387,124425],[223,2443],[-1462,2050],[-1172,729]],[[184976,129647],[1227,-151]],[[186203,129496],[3231,-110]],[[189434,129386],[1305,-2331]],[[190739,127055],[2325,-718],[535,-1787],[1558,-886],[-13,-2321],[-2012,675],[-3245,553],[-1869,1440]],[[187387,124425],[-620,211]],[[186767,124636],[-977,922],[-670,1876],[-2402,1863]],[[182718,129297],[2258,350]],[[224860,131477],[2654,544]],[[227514,132021],[2092,-2051]],[[229606,129970],[-2118,-1082],[-5838,-2143],[-2577,-1480]],[[219073,125265],[-417,554],[1114,2666],[-955,957],[-2447,-1029]],[[216368,128413],[-278,631]],[[216090,129044],[1128,602],[1056,3709],[838,242],[686,2009]],[[219798,135606],[1422,791]],[[221220,136397],[3827,-218]],[[225047,136179],[-408,-1317],[190,-2687]],[[224829,132175],[-1797,43],[-632,-1624],[281,-1413],[1997,1187],[182,1109]],[[227468,135350],[-652,-1400],[698,-1929]],[[224860,131477],[-31,698]],[[225047,136179],[2421,-829]],[[219073,125265],[-967,-1225],[-2456,-823]],[[215650,123217],[1301,2745],[-583,2451]],[[180208,163403],[1092,-316]],[[181300,163087],[-18,-44]],[[181282,163043],[514,-842]],[[181796,162201],[-1364,-166]],[[180432,162035],[-224,1368]],[[180432,162035],[-2017,-1603]],[[178415,160432],[-119,-89]],[[178296,160343],[-2294,1773],[755,949],[-189,1288]],[[176568,164353],[1927,-154]],[[178495,164199],[1713,-796]],[[180432,162035],[331,-3895]],[[180763,158140],[-761,199]],[[180002,158339],[-912,458],[-1824,-253],[1149,1888]],[[182780,158995],[-612,-743]],[[182168,158252],[-1405,-112]],[[181796,162201],[984,-3206]],[[184624,161110],[261,-1245],[-2105,-870]],[[181796,162201],[2828,-1091]],[[181282,163043],[1108,-297],[2097,1594]],[[184487,164340],[396,-1512],[-259,-1718]],[[181300,163087],[463,3143]],[[181763,166230],[1932,555],[792,-2445]],[[178495,164199],[895,1096],[2373,935]],[[169181,160767],[-2888,-373]],[[166293,160394],[-1526,2418]],[[164767,162812],[892,486],[-1057,2515]],[[164602,165813],[2378,664],[-814,2217]],[[166166,168694],[4125,228],[2793,-151]],[[173084,168771],[692,-1427]],[[173776,167344],[1314,-2419]],[[175090,164925],[-1921,-335],[-2652,-1630],[507,-1024],[-1843,-1169]],[[173771,155405],[-3424,299]],[[170347,155704],[10,1694],[-562,1167],[696,856],[-1310,1346]],[[175090,164925],[1478,-572]],[[178296,160343],[-1016,-402],[-2055,455],[-1277,-1484],[262,-2783],[-439,-724]],[[173872,155055],[-101,350]],[[180002,158339],[-804,-313],[-551,-2250],[1428,-4289]],[[180075,151487],[-2,-1446]],[[180073,150041],[-2721,26],[-1912,655],[-1308,2144],[-260,2189]],[[188002,156096],[477,-588]],[[188479,155508],[111,-495]],[[188590,155013],[-240,-941]],[[188350,154072],[-1421,-1236]],[[186929,152836],[-1068,-1681],[-331,-1631],[-1475,-2343]],[[184055,147181],[-1281,564],[-2345,-669]],[[180429,147076],[-662,494]],[[179767,147570],[306,2471]],[[180075,151487],[1190,285],[2721,2211],[739,215]],[[184725,154198],[1445,795]],[[186170,154993],[1832,1103]],[[182168,158252],[77,-1212],[2480,-2842]],[[182780,158995],[705,-1828],[1915,-1092],[770,-1082]],[[184487,164340],[1152,362]],[[185639,164702],[878,-1104],[1485,-7502]],[[185760,168855],[-529,-2220],[408,-1933]],[[173776,167344],[1263,1042],[2905,777]],[[177944,169163],[7317,594],[499,-902]],[[176234,137322],[1154,-6]],[[177388,137316],[342,-814]],[[177730,136502],[-281,-415]],[[177449,136087],[-1332,919]],[[176117,137006],[117,316]],[[177388,137316],[247,15]],[[177635,137331],[465,-102]],[[178100,137229],[335,-132]],[[178435,137097],[-705,-595]],[[180545,133180],[-1414,1323]],[[179131,134503],[-1682,1584]],[[178435,137097],[46,-16]],[[178481,137081],[2019,-1272]],[[180500,135809],[257,-273]],[[180757,135536],[-667,-1174],[455,-1182]],[[178481,137081],[1074,429]],[[179555,137510],[941,-382],[4,-1319]],[[182851,136100],[-2094,-564]],[[179555,137510],[875,697]],[[180430,138207],[2421,-2107]],[[177388,137316],[-153,561]],[[177235,137877],[713,239]],[[177948,138116],[-313,-785]],[[177948,138116],[199,72]],[[178147,138188],[706,-99]],[[178853,138089],[-753,-860]],[[178853,138089],[462,613]],[[179315,138702],[460,383]],[[179775,139085],[277,282]],[[180052,139367],[138,-485]],[[180190,138882],[240,-675]],[[176522,139609],[1113,195]],[[177635,139804],[512,-1616]],[[177235,137877],[-713,1732]],[[179315,138702],[-352,818],[569,287],[243,-722]],[[177635,139804],[1998,229]],[[179633,140033],[419,-666]],[[176234,137322],[-458,541]],[[175776,137863],[-1118,621]],[[174658,138484],[1864,1125]],[[180429,147076],[-1275,-2773],[479,-4270]],[[174658,138484],[-499,-64]],[[174159,138420],[-3052,550]],[[171107,138970],[-1121,342],[690,2205]],[[170676,141517],[1694,2530],[803,565],[3398,-151],[691,1348],[2505,1761]],[[176117,137006],[-438,11]],[[175679,137017],[97,846]],[[175679,137017],[-1022,-899]],[[174657,136118],[-498,2302]],[[177049,135414],[-319,-426]],[[176730,134988],[-228,-201]],[[176502,134787],[-1318,417]],[[175184,135204],[-1705,202]],[[173479,135406],[37,132]],[[173516,135538],[1141,580]],[[177449,136087],[-400,-673]],[[179131,134503],[-273,-406]],[[178858,134097],[-1809,1317]],[[178858,134097],[-678,-651]],[[178180,133446],[-1450,1542]],[[178180,133446],[-720,-564]],[[177460,132882],[-1556,1379]],[[175904,134261],[598,526]],[[175904,134261],[-661,-845]],[[175243,133416],[-770,340]],[[174473,133756],[711,1448]],[[174473,133756],[-1101,108]],[[173372,133864],[107,1542]],[[173448,132657],[-76,1207]],[[175243,133416],[-29,-1331]],[[175214,132085],[-1766,572]],[[177460,132882],[-628,-1388]],[[176832,131494],[-266,96]],[[176566,131590],[-1352,495]],[[173448,132657],[-1602,114],[33,964]],[[171879,133735],[361,2195]],[[172240,135930],[1276,-392]],[[152612,150519],[-1290,-356]],[[151322,150163],[-1098,-61]],[[150224,150102],[163,1126],[1283,474],[-505,1487]],[[151165,153189],[58,1599]],[[151223,154788],[644,1216],[1847,1380]],[[153714,157384],[4777,639]],[[158491,158023],[-685,-1638],[782,-538],[23,-2024],[1302,-263]],[[159913,153560],[-5408,-1358],[-1112,130],[-781,-1813]],[[158255,161967],[1658,1234]],[[159913,163201],[1153,-1705]],[[161066,161496],[-1327,-2822]],[[159739,158674],[-1248,-651]],[[153714,157384],[-1203,893]],[[152511,158277],[1339,447],[613,1745],[1410,273],[1865,-500],[517,1725]],[[159739,158674],[500,-1117],[3052,787]],[[163291,158344],[279,-1566],[1743,-1489]],[[165313,155289],[-966,-1050],[-2581,-737]],[[161766,153502],[-1853,58]],[[164767,162812],[-852,29],[-2849,-1345]],[[159913,163201],[1612,685],[164,1706]],[[161689,165592],[2913,221]],[[152117,158430],[394,-153]],[[151223,154788],[-2136,389]],[[149087,155177],[-1191,361]],[[147896,155538],[-119,1689]],[[147777,157227],[341,653]],[[148118,157880],[1984,-608],[2015,1158]],[[166293,160394],[-3136,-412],[134,-1638]],[[148824,159482],[1793,637],[1500,-1689]],[[148118,157880],[38,1065]],[[148156,158945],[668,537]],[[150224,150102],[-1488,1033]],[[148736,151135],[-507,478]],[[148229,151613],[787,1655],[966,356]],[[149982,153624],[1183,-435]],[[170347,155704],[-2389,83],[-869,-541],[-1776,43]],[[149982,153624],[-895,1553]],[[167192,125616],[3379,-915]],[[170571,124701],[-774,-1501],[-1308,-670],[208,-1244]],[[168697,121286],[-1241,-1109]],[[167456,120177],[-3253,789]],[[164203,120966],[1004,2184],[1319,81],[666,2385]],[[164203,120966],[-546,71]],[[163657,121037],[-1746,996]],[[161911,122033],[1166,-87],[2400,4135]],[[165477,126081],[744,-121]],[[166221,125960],[971,-344]],[[171074,122122],[-689,252],[-1688,-1088]],[[170571,124701],[525,-312]],[[171096,124389],[547,-408]],[[171643,123981],[-569,-1859]],[[161929,127212],[1527,-267]],[[163456,126945],[2021,-864]],[[161911,122033],[-1151,1870]],[[160760,123903],[1169,3309]],[[193252,155213],[-3479,-867],[-1059,-558]],[[188714,153788],[-364,284]],[[188590,155013],[1993,918],[4211,1171],[1220,-66]],[[196014,157036],[-1760,-435],[-1002,-1388]],[[193252,155213],[1310,104]],[[194562,155317],[-820,-1450],[-2721,-897]],[[191021,152970],[-2307,818]],[[196157,152913],[462,-1127],[1453,-397],[284,-1399]],[[198356,149990],[-720,-628],[-1911,-110],[-1118,-1939]],[[194607,147313],[-3935,1574]],[[190672,148887],[-477,960],[2347,581],[-567,1907],[-954,635]],[[194562,155317],[1406,-1310],[189,-1094]],[[194607,147313],[-1723,-1694]],[[192884,145619],[-1025,443],[-1693,1760]],[[190166,147822],[506,1065]],[[190166,147822],[-882,259]],[[189284,148081],[260,1591],[-841,1915],[-1774,1249]],[[183877,146343],[178,838]],[[189284,148081],[-1213,724],[-2995,-2351],[-1199,-111]],[[139074,130915],[1358,-3497],[-2530,-618],[88,-1269]],[[137990,125531],[-2073,1697]],[[135917,127228],[-827,434],[-1470,2230],[535,1402]],[[134155,131294],[3031,464]],[[137186,131758],[1888,-843]],[[134155,131294],[-1788,309]],[[132367,131603],[-920,1163],[1935,2182]],[[133382,134948],[2819,-934]],[[136201,134014],[985,-2256]],[[139074,130915],[1809,326],[695,905]],[[141578,132146],[3974,-537]],[[145552,131609],[801,-946]],[[146353,130663],[114,-329]],[[146467,130334],[-487,-150]],[[145980,130184],[-1362,-348]],[[144618,129836],[-1522,-841],[-790,-1515]],[[142306,127480],[-4191,-2722]],[[138115,124758],[-125,773]],[[150446,135648],[43,-12]],[[150489,135636],[1482,-491],[1227,-1319],[1957,-517]],[[155155,133309],[-745,-903],[-1818,-35],[489,-2566]],[[153081,129805],[-3972,428],[-363,-529],[-2279,630]],[[146353,130663],[1695,2344],[2398,2641]],[[147308,136880],[351,51]],[[147659,136931],[2787,-1283]],[[145552,131609],[114,1897],[900,245],[742,3129]],[[141578,132146],[-3409,2295]],[[138169,134441],[1645,1105],[1879,-25]],[[141693,135521],[3562,1651],[2053,-292]],[[136201,134014],[1968,427]],[[132446,135543],[936,-595]],[[132367,131603],[-1515,-1312]],[[130852,130291],[-1764,288],[-2207,-567],[-2279,445]],[[124602,130457],[482,942]],[[125084,131399],[2102,3793]],[[127186,135192],[2305,-782],[1161,1693],[1794,-560]],[[195522,143448],[147,-2109],[-1080,-813],[-77,-1507]],[[194512,139019],[-3481,-406]],[[191031,138613],[1083,1462],[462,1656],[-573,1068]],[[192003,142799],[3519,649]],[[203960,134579],[-652,440]],[[203308,135019],[-590,413]],[[202718,135432],[201,354]],[[202919,135786],[1043,-68]],[[203962,135718],[298,-312]],[[204260,135406],[-300,-827]],[[206122,137984],[-88,-1495]],[[206034,136489],[-662,-912]],[[205372,135577],[-1112,-171]],[[203962,135718],[344,833],[1816,1433]],[[204012,134533],[-52,46]],[[205372,135577],[-1360,-1044]],[[212130,136229],[-1323,-2259]],[[210807,133970],[-1395,217],[-794,-941],[-1495,105],[-963,-1334]],[[206160,132017],[-1230,893],[-918,1623]],[[206034,136489],[1796,-86],[2555,-659],[795,1534],[950,-1049]],[[206160,132017],[-468,-39]],[[205692,131978],[-1104,392]],[[204588,132370],[-818,543]],[[203770,132913],[-477,1645]],[[203293,134558],[15,461]],[[203293,134558],[-2705,-14]],[[200588,134544],[-1272,1931]],[[199316,136475],[1316,-79]],[[200632,136396],[2086,-964]],[[201645,132792],[-584,29]],[[201061,132821],[-473,1723]],[[203770,132913],[-2125,-121]],[[200632,136396],[202,1271]],[[200834,137667],[2085,-1881]],[[200834,137667],[1861,-192],[880,954]],[[203575,138429],[1680,115],[867,-560]],[[210807,133970],[-801,-1274]],[[210006,132696],[-1603,-2050],[-1645,332],[-1066,1000]],[[193477,136876],[1095,74]],[[194572,136950],[3064,-52],[1680,-423]],[[201061,132821],[-2317,120],[-1885,-434]],[[196859,132507],[-2138,1650],[-1244,2719]],[[160760,123903],[-2179,127],[2,-2197],[-869,-771]],[[157714,121062],[-945,-483]],[[156769,120579],[-1734,588]],[[155035,121167],[-508,2520],[-1664,-181]],[[152863,123506],[1050,1549],[589,1771],[-2320,-455]],[[152182,126371],[-841,709]],[[151341,127080],[2584,797],[3934,-272]],[[157859,127605],[4070,-393]],[[183659,136455],[558,150]],[[184217,136605],[1676,-825],[909,1053],[1358,-583]],[[188160,136250],[-588,-1894],[341,-1029],[-1710,-3831]],[[182718,129297],[-809,1177]],[[181909,130474],[-687,1656]],[[181222,132130],[1262,478],[335,3240],[840,607]],[[160137,144509],[834,466],[1415,-1744],[-671,-1538]],[[161715,141693],[-920,272]],[[160795,141965],[-18,1976],[-640,568]],[[159455,144439],[682,70]],[[160795,141965],[-1111,325]],[[159684,142290],[-229,2149]],[[159684,142290],[-476,139]],[[159208,142429],[-1937,568],[192,856]],[[157463,143853],[176,55]],[[157639,143908],[1816,531]],[[157639,143908],[-384,897],[2200,-366]],[[161715,141693],[246,-72]],[[161961,141621],[-1640,-1291]],[[160321,140330],[-995,1125]],[[159326,141455],[-7,41]],[[159319,141496],[-111,933]],[[160321,140330],[-780,115]],[[159541,140445],[-215,1010]],[[159541,140445],[-798,182]],[[158743,140627],[-503,223]],[[158240,140850],[1079,646]],[[155684,142432],[493,1507]],[[156177,143939],[115,-13]],[[156292,143926],[1171,-73]],[[158240,140850],[-2556,1582]],[[161467,148400],[1009,656],[1392,-399],[1062,-1467]],[[164930,147190],[2712,-3172],[232,-1409],[2050,-1250]],[[169924,141359],[-3388,-195],[-793,-602]],[[165743,140562],[-7,-49]],[[165736,140513],[-3775,1108]],[[156292,143926],[260,2401]],[[156552,146327],[2048,587],[2867,1486]],[[155350,142611],[334,-179]],[[158743,140627],[-3598,-282]],[[155145,140345],[205,2266]],[[165736,140513],[-1149,-1617]],[[164587,138896],[-3360,-1089],[-1473,461],[-1145,-363],[-2160,244]],[[156449,138149],[-1119,1682]],[[155330,139831],[-248,271]],[[155082,140102],[63,243]],[[156552,146327],[-3256,171]],[[153296,146498],[182,999],[-866,3022]],[[161766,153502],[839,-808]],[[162605,152694],[-687,-1474],[-1453,-677],[1002,-2143]],[[156177,143939],[-2144,188]],[[154033,144127],[-878,97]],[[153155,144224],[141,2274]],[[155350,142611],[-1491,661]],[[153859,143272],[174,855]],[[173872,155055],[-3499,-1840],[-2133,-2040],[-1805,415],[-1708,-425]],[[164727,151165],[-1017,1312],[-1105,217]],[[164727,151165],[967,-472],[-88,-1920],[-676,-1583]],[[170676,141517],[-752,-158]],[[172333,191241],[2438,-1937],[-264,-685]],[[174507,188619],[155,-859]],[[174662,187760],[-1825,-859]],[[172837,186901],[-2077,-514],[-541,901]],[[170219,187288],[2114,3953]],[[177991,182451],[-845,-521],[-2414,-3211]],[[174732,178719],[-1780,1422]],[[172952,180141],[-1288,1451]],[[171664,181592],[2266,1436],[-1766,3306],[673,567]],[[174662,187760],[1578,-2053],[1751,-3256]],[[171664,181592],[-1339,2077],[-2783,-823],[-950,1248]],[[166592,184094],[3627,3194]],[[183485,180577],[2238,-1280]],[[185723,179297],[-838,-628],[-748,-3283],[-3143,803],[-3010,-28]],[[177984,176161],[-620,1173],[915,1684],[1020,-477],[1615,431],[1256,1488],[1315,117]],[[185723,179297],[2753,246]],[[188476,179543],[1162,-819]],[[189638,178724],[-1126,-504],[-282,-2444]],[[188230,175776],[-1431,-554],[-1045,-3017]],[[185754,172205],[-2422,466],[-4155,-93]],[[179177,172578],[9,1914],[-1674,-678],[-761,752],[1233,1595]],[[177944,169163],[368,3359],[865,56]],[[185754,172205],[463,-2563]],[[186217,169642],[-457,-787]],[[179811,183252],[435,-618],[3239,-2057]],[[173084,168771],[-709,3968],[1946,2032],[762,1416],[-1110,1811],[759,721]],[[177991,182451],[1820,801]],[[152401,171263],[822,2231],[1067,1637]],[[154290,175131],[104,-100]],[[154394,175031],[2145,-732],[977,947]],[[157516,175246],[495,-86],[3264,-2793]],[[161275,172367],[790,-1862],[-2762,-2005]],[[159303,168500],[-1917,963]],[[157386,169463],[-2291,361],[-2694,1439]],[[161689,165592],[-680,1317],[-1706,1591]],[[161275,172367],[1902,2996]],[[163177,175363],[2851,-1169]],[[166028,174194],[-202,-3292],[689,-642],[-349,-1566]],[[137360,123119],[-1320,-836],[-2131,603],[-2751,-152]],[[131158,122734],[1393,2940]],[[132551,125674],[1096,757],[1422,-304],[848,1101]],[[138115,124758],[-755,-1639]],[[125367,121828],[-229,1560],[-855,1271]],[[124283,124659],[1358,1099],[-39,1308],[2523,-1847],[442,1161],[1511,-244],[1400,747]],[[131478,126883],[1073,-1209]],[[131158,122734],[-2139,-593]],[[129019,122141],[-3652,-313]],[[130852,130291],[1093,-2734],[-467,-674]],[[124283,124659],[-1378,539]],[[122905,125198],[-262,1282]],[[122643,126480],[1959,3977]],[[177350,119922],[1184,-1270],[1573,-712]],[[180107,117940],[2122,-1533],[-246,-580]],[[181983,115827],[-1235,-466],[-622,-2522],[-688,20],[-1045,-1693]],[[178393,111166],[-506,210]],[[177887,111376],[-1501,2782]],[[176386,114158],[-1020,3547]],[[175366,117705],[118,1255],[1866,962]],[[181983,115827],[902,-1036],[200,-1840],[-2576,-2108]],[[180509,110843],[-1012,-684]],[[179497,110159],[-1104,1007]],[[157518,177871],[-98,-282]],[[157420,177589],[-323,-285]],[[157097,177304],[-326,151]],[[156771,177455],[747,416]],[[158001,178269],[-367,-372]],[[157634,177897],[127,635]],[[157761,178532],[240,-263]],[[158394,177946],[-313,-333]],[[158081,177613],[-661,-24]],[[157518,177871],[116,26]],[[158001,178269],[393,-323]],[[158081,177613],[-366,-381]],[[157715,177232],[-403,-507]],[[157312,176725],[-215,579]],[[158991,176814],[-908,-232]],[[158083,176582],[-368,650]],[[158394,177946],[597,-1132]],[[157420,176394],[-108,331]],[[158083,176582],[-663,-188]],[[157420,176394],[-590,-250]],[[156830,176144],[482,581]],[[156830,176144],[-155,-532]],[[156675,175612],[-2281,-581]],[[154290,175131],[2481,2324]],[[157420,176394],[-191,-872]],[[157229,175522],[-554,90]],[[158991,176814],[121,20]],[[159112,176834],[-1618,-1353]],[[157494,175481],[-265,41]],[[159758,176895],[-646,-61]],[[158394,177946],[1828,475]],[[160222,178421],[20,-110]],[[160242,178311],[-484,-1416]],[[157494,175481],[22,-235]],[[159559,179390],[622,-460]],[[160181,178930],[41,-509]],[[157761,178532],[1798,858]],[[163081,177111],[96,-1748]],[[159758,176895],[3323,216]],[[160181,178930],[61,-619]],[[159559,179390],[1730,1575]],[[161289,180965],[1792,-3854]],[[184639,188376],[501,1080]],[[185140,189456],[1591,1582],[-595,1328],[1230,926]],[[190123,189539],[-2904,-441],[-2580,-722]],[[185140,189456],[159,2755],[-2203,2387]],[[190678,184395],[1352,-870]],[[192030,183525],[-46,-141]],[[191984,183384],[-596,-2137]],[[191388,181247],[-2621,-851],[-291,-853]],[[179811,183252],[2925,3072]],[[182736,186324],[4625,-1948],[3317,19]],[[190568,188040],[670,-843]],[[191238,187197],[-560,-2802]],[[182736,186324],[1903,2052]],[[170887,115808],[716,582]],[[171603,116390],[851,907],[2730,437]],[[175184,117734],[182,-29]],[[176386,114158],[-1777,-248],[-174,-2015]],[[174435,111895],[-1553,148]],[[172882,112043],[-1462,-165]],[[171420,111878],[530,3271],[-1063,659]],[[165216,113464],[-139,100]],[[165077,113564],[743,560],[2764,713],[1395,1251]],[[169979,116088],[908,-280]],[[171420,111878],[-2139,-448]],[[169281,111430],[-1452,-143]],[[167829,111287],[-668,158]],[[167161,111445],[-1945,2019]],[[209554,157792],[787,317]],[[210341,158109],[2473,-251],[-540,-1969],[-1424,248],[-1296,1655]],[[217028,159119],[-541,-2270],[-1167,-1127]],[[215320,155722],[-469,-1013],[-2002,578],[-2571,-1408]],[[210278,153879],[-1599,-858],[-795,1280],[-2023,215]],[[205861,154516],[-314,1666]],[[205547,156182],[389,1491]],[[205936,157673],[3618,119]],[[210341,158109],[4167,3648]],[[214508,161757],[758,-134],[849,-2001],[913,-503]],[[205936,157673],[-586,4985],[1872,1590],[1368,1868],[3140,-192]],[[211730,165924],[914,-1813],[1864,-2354]],[[215320,155722],[1015,-570],[786,-1931],[-917,-2673]],[[216204,150548],[-1619,783],[-2113,-1277]],[[212472,150054],[-2235,1764],[41,2061]],[[196957,157211],[-404,772]],[[196553,157983],[-118,950],[-2395,2122]],[[194040,161055],[1949,811],[177,1488],[-1498,1414]],[[201107,164571],[523,-2079],[-1173,-2370],[427,-4028],[702,-503]],[[201586,155591],[-1925,-216]],[[199661,155375],[-2129,2263],[-575,-427]],[[209373,166621],[2375,-393]],[[211748,166228],[-18,-304]],[[205547,156182],[-3961,-591]],[[139113,111574],[-3403,-1863]],[[135710,109711],[-1452,121]],[[134258,109832],[738,823],[-1541,2049],[-114,969]],[[133341,113673],[-116,1006]],[[133225,114679],[4131,1360],[2102,37]],[[139458,116076],[725,-687]],[[140183,115389],[-605,-3185],[-465,-630]],[[130822,113287],[-169,-3287]],[[130653,110000],[-1685,31]],[[128968,110031],[-1457,45]],[[127511,110076],[-60,1383],[-744,1092]],[[126707,112551],[4115,736]],[[130822,113287],[2519,386]],[[134258,109832],[-1013,-11]],[[133245,109821],[-1619,-604],[-973,783]],[[143341,118893],[-153,94]],[[143188,118987],[-495,20],[-2510,-3618]],[[139458,116076],[-791,928]],[[138667,117004],[892,109],[2838,3653]],[[142397,120766],[944,-1873]],[[133225,114679],[-119,1096]],[[133106,115775],[996,959]],[[134102,116734],[65,2146]],[[134167,118880],[2371,54]],[[136538,118934],[2129,-1930]],[[184688,120884],[-539,735],[1324,1350],[-1091,1613],[-1719,-342]],[[182663,124240],[1397,1552]],[[184060,125792],[2707,-1156]],[[188018,124011],[-552,-1429],[-2778,-1698]],[[150147,164861],[-926,-769],[84,-1683],[-2206,-234]],[[147099,162175],[-1630,390]],[[145469,162565],[980,2285],[1258,1069]],[[147707,165919],[756,-894],[1684,-164]],[[150147,164861],[2463,-3558],[3916,324]],[[156526,161627],[1729,340]],[[148824,159482],[-1821,1523],[96,1170]],[[148156,158945],[-3126,1788]],[[145030,160733],[5,975]],[[145035,161708],[434,857]],[[142549,166228],[5123,1235]],[[147672,167463],[35,-1544]],[[145035,161708],[-2065,1388],[-964,83]],[[142006,163179],[543,3049]],[[147777,157227],[-2288,234]],[[145489,157461],[-453,355],[-24,2765]],[[145012,160581],[18,152]],[[174774,122369],[-1320,-1013]],[[173454,121356],[329,1061]],[[173783,122417],[991,-48]],[[174774,122369],[709,843]],[[175483,123212],[-29,-1531],[1896,-1759]],[[175184,117734],[9,1076]],[[175193,118810],[-1782,2359]],[[173411,121169],[43,187]],[[173411,121169],[-642,-817]],[[172769,120352],[-363,623],[550,1954]],[[172956,122929],[827,-512]],[[172769,120352],[-2289,-896]],[[170480,119456],[594,2666]],[[171643,123981],[1313,-1052]],[[170857,117977],[-377,1479]],[[175193,118810],[-2082,84],[-1099,-1014],[-1155,97]],[[171603,116390],[-746,1587]],[[169979,116088],[-1308,1407],[-456,1216]],[[168215,118711],[-63,168]],[[168152,118879],[2328,577]],[[168152,118879],[-696,1298]],[[173782,127201],[996,-709],[1084,-2606]],[[175862,123886],[-379,-674]],[[171096,124389],[1290,1540],[-456,1116]],[[171930,127045],[1852,156]],[[174507,188619],[4464,2756]],[[178971,191375],[1732,-2010],[2033,-3041]],[[178971,191375],[433,1179]],[[172333,191241],[1587,5349]],[[157386,169463],[432,-1742],[-1234,-1610],[-58,-4484]],[[147672,167463],[1609,747],[1768,-67],[1352,3120]],[[166106,135484],[-1625,-649]],[[164481,134835],[-613,451],[719,3610]],[[165743,140562],[2670,-813],[695,-2204],[-2682,-1461],[-320,-600]],[[172240,135930],[-1108,-170]],[[171132,135760],[-820,2403],[795,807]],[[171132,135760],[-2346,-1386],[-2680,1110]],[[183868,145872],[9,471]],[[192884,145619],[-1703,-1477],[822,-1343]],[[191031,138613],[-24,-23]],[[191007,138590],[308,1492],[-1663,1246],[-3323,3865],[-1033,-611],[-1428,1290]],[[191007,138590],[-1681,-169]],[[189326,138421],[-518,1694],[-1292,474],[-1035,-1362],[-2248,-850]],[[184233,138377],[-1298,2008],[203,1654]],[[183138,142039],[-1179,2949],[1509,6],[400,878]],[[184233,138377],[-366,-887]],[[183867,137490],[-197,-685]],[[183670,136805],[-819,-705]],[[180190,138882],[1509,366],[478,1764],[961,1027]],[[148927,146742],[-872,-209],[-1641,1377],[1787,1301],[535,1924]],[[151322,150163],[524,-498],[-1119,-2245],[-1800,-678]],[[145986,127981],[181,82]],[[146167,128063],[563,-1644]],[[146730,126419],[-2009,-1218]],[[144721,125201],[-73,-87]],[[144648,125114],[-2495,-152]],[[142153,124962],[713,689]],[[142866,125651],[3120,2330]],[[142866,125651],[-560,1829]],[[144618,129836],[1368,-1855]],[[140832,123570],[1321,1392]],[[144648,125114],[-1284,-2824]],[[143364,122290],[-1377,124],[-1155,1156]],[[140832,123570],[-1264,-553],[-2191,-147]],[[137377,122870],[-17,249]],[[145980,130184],[187,-2121]],[[184688,120884],[-1390,-745],[-2181,644],[-1219,-1497],[209,-1346]],[[175862,123886],[701,653],[1926,383]],[[178489,124922],[879,-373],[1403,-1702],[1548,444],[344,949]],[[188479,155508],[2250,2478],[-889,1091],[-632,2137]],[[189208,161214],[2936,638],[1896,-797]],[[196553,157983],[-539,-947]],[[193964,164159],[-4449,-1934]],[[189515,162225],[105,1075],[-1749,178],[100,4085],[-863,2239],[-891,-160]],[[188230,175776],[740,-3203],[1184,-40]],[[189515,162225],[-307,-1011]],[[159550,136015],[2046,494],[-461,-1579],[-1436,-692],[-149,1777]],[[164481,134835],[-3026,-653],[-868,-622]],[[160587,133560],[-952,130],[-848,-1758],[-2307,553]],[[156480,132485],[717,683]],[[157197,133168],[662,2732],[-1410,2249]],[[181222,132130],[-677,1050]],[[183670,136805],[-11,-350]],[[233464,138254],[977,-1260],[-458,-1946],[-2215,1],[71,1762],[1625,1443]],[[227468,135350],[1056,1370],[-19,4385],[1898,1609],[268,1295]],[[230671,144009],[1803,57],[2688,-1248],[4076,-3295],[1053,-488],[475,-2407],[-278,-863],[-2026,-640],[-285,-2611],[-1607,-2156],[-1094,-419],[-2176,-1881],[-2632,2200],[-1062,-288]],[[165077,113564],[-1286,229]],[[163791,113793],[-1792,1809],[-1520,355]],[[160479,115957],[-655,738]],[[159824,116695],[-506,1328]],[[159318,118023],[1833,-85]],[[161151,117938],[2282,242]],[[163433,118180],[126,-1870],[1921,37],[955,1309],[1780,1055]],[[163606,118345],[682,1655],[-631,1037]],[[168152,118879],[-1922,-642],[-2624,108]],[[163433,118180],[173,165]],[[161151,117938],[-896,1257],[-2541,1867]],[[159318,118023],[-3360,1647]],[[155958,119670],[811,909]],[[129943,117760],[1835,687]],[[131778,118447],[2389,433]],[[134102,116734],[-996,-959]],[[133106,115775],[-2519,-397],[-644,2382]],[[124278,112934],[-1553,1262]],[[122725,114196],[-1064,936],[-1285,-715]],[[120376,114417],[-980,-72],[-1331,1996]],[[118065,116341],[-653,348]],[[117412,116689],[-1830,1095]],[[115582,117784],[-777,1141]],[[114805,118925],[528,-21]],[[115333,118904],[1244,-234]],[[116577,118670],[1679,-43],[2682,905]],[[120938,119532],[2587,-1262],[1468,-57]],[[124993,118213],[1003,-1548],[-457,-3039]],[[125539,113626],[-1261,-692]],[[126707,112551],[-1168,1075]],[[124993,118213],[715,143]],[[125708,118356],[2810,-642],[1425,46]],[[127511,110076],[-1537,96],[-2439,-557]],[[123535,109615],[1038,1925],[-295,1394]],[[188160,136250],[3033,-705]],[[191193,135545],[-1430,-114],[106,-3239],[1464,-1200]],[[191333,130992],[-1482,-682],[-417,-924]],[[191333,130992],[2916,-1810]],[[194249,129182],[917,-1138]],[[195166,128044],[-730,454],[-3697,-1443]],[[194512,139019],[60,-2069]],[[193477,136876],[-2284,-1331]],[[184217,136605],[2311,756]],[[186528,137361],[2798,1060]],[[186528,137361],[-2661,129]],[[197586,155374],[-985,-1521]],[[196601,153853],[-444,-940]],[[196957,157211],[993,-438],[-364,-1399]],[[198177,155428],[269,-1595]],[[198446,153833],[-154,-582]],[[198292,153251],[-1691,602]],[[197586,155374],[591,54]],[[199661,155375],[-1484,53]],[[198292,153251],[213,-3006]],[[198505,150245],[137,-1270]],[[198642,148975],[-286,1015]],[[202755,152896],[-1638,-1493],[-1542,360],[-1070,-1518]],[[198446,153833],[1120,-543],[1667,662],[1522,-1056]],[[205861,154516],[-3106,-1620]],[[172952,180141],[-3940,-1957],[-1844,-1473],[-1140,-2517]],[[161289,180965],[1431,273],[3872,2856]],[[162364,197194],[-1008,427],[-103,1310]],[[161253,198931],[875,1302]],[[162128,200233],[1734,-1088]],[[163862,199145],[-572,-1412]],[[163290,197733],[-926,-539]],[[165042,197206],[-1752,527]],[[163862,199145],[1420,-495],[-240,-1444]],[[165042,197206],[-252,-1162]],[[164790,196044],[-2534,752]],[[162256,196796],[108,398]],[[164790,196044],[-1175,-601],[-1359,1353]],[[164365,204078],[2606,-779],[3190,-95],[2695,-2878],[488,-3623],[-491,-2571],[-2378,-4454]],[[170475,189678],[-618,1548],[-3241,2076],[-772,-645],[-2485,-41],[-4433,1816],[-2637,-1725]],[[156289,192707],[-995,1723],[-6,1568]],[[155288,195998],[4188,488],[-901,1743],[2678,702]],[[162128,200233],[2237,3845]],[[170475,189678],[-1157,-1912],[-3438,-2899],[-1671,303],[-4107,-2084],[-2339,-1853],[-837,-1208]],[[155166,184545],[-1527,2737],[1338,1325],[-1429,2510],[2741,1590]],[[159314,207208],[-757,-764],[1007,-1173],[4801,-1193]],[[155288,195998],[-279,5488],[-962,3524]],[[154047,205010],[-31,112]],[[154016,205122],[3752,1035],[1467,1144]],[[125708,118356],[-449,1713],[108,1759]],[[129019,122141],[2192,-2066],[567,-1628]],[[137377,122870],[75,-2808],[-914,-1128]],[[143364,122290],[-967,-1524]],[[113635,164092],[-823,2522],[-1955,387],[-535,-1100],[-1579,1092]],[[108743,166993],[1403,1947],[-163,1063],[1984,-174]],[[111967,169829],[1926,1335],[963,-130],[698,1351],[940,109]],[[116494,172494],[16,-2191]],[[116510,170303],[-175,-770]],[[116335,169533],[-858,-4912],[-1842,-529]],[[141253,156511],[196,258]],[[141449,156769],[728,-553]],[[142177,156216],[-334,-357]],[[141843,155859],[-467,-96]],[[141376,155763],[-286,536]],[[141090,156299],[163,212]],[[141376,155763],[-155,-420]],[[141221,155343],[-233,228]],[[140988,155571],[-330,303]],[[140658,155874],[432,425]],[[140658,155874],[-405,-53]],[[140253,155821],[-1556,961]],[[138697,156782],[735,320],[1658,-803]],[[138697,156782],[-168,195]],[[138529,156977],[344,1339]],[[138873,158316],[1695,-1087]],[[140568,157229],[152,-88]],[[140720,157141],[533,-630]],[[140253,155821],[-773,-1355]],[[139480,154466],[1026,-881]],[[140506,153585],[-129,-108]],[[140377,153477],[-1104,531],[-1518,-1877],[-1553,-1269]],[[136202,150862],[-295,190]],[[135907,151052],[1679,1817],[469,3153]],[[138055,156022],[474,955]],[[140720,157141],[1183,274]],[[141903,157415],[33,-20]],[[141936,157395],[-487,-626]],[[142732,156357],[-555,-141]],[[141936,157395],[796,-1038]],[[142183,157794],[-280,-379]],[[140568,157229],[-42,434]],[[140526,157663],[38,13]],[[140564,157676],[1619,118]],[[140564,157676],[132,412]],[[140696,158088],[1467,462]],[[142163,158550],[493,-231]],[[142656,158319],[-473,-525]],[[143358,156589],[-626,-232]],[[141936,157395],[668,532]],[[142604,157927],[754,-1338]],[[142604,157927],[1020,-1218]],[[143624,156709],[-266,-120]],[[147896,155538],[-1756,412]],[[146140,155950],[-919,789],[-1696,-747]],[[143525,155992],[99,717]],[[143624,156709],[1865,752]],[[143525,155992],[-244,-720]],[[143281,155272],[-549,1085]],[[143281,155272],[-19,-32]],[[143262,155240],[-576,-898]],[[142686,154342],[-843,1517]],[[142686,154342],[-369,-465]],[[142317,153877],[-1096,1466]],[[142317,153877],[-1940,-400]],[[140506,153585],[715,1758]],[[139480,154466],[1508,1105]],[[141415,160471],[-163,-879]],[[141252,159592],[-556,-1504]],[[140526,157663],[-411,2704]],[[140115,160367],[1300,104]],[[142120,159370],[432,315]],[[142552,159685],[104,-1366]],[[142163,158550],[-43,820]],[[141415,160471],[845,187]],[[142260,160658],[288,-337]],[[142548,160321],[4,-636]],[[142120,159370],[-868,222]],[[141534,161403],[726,-745]],[[141415,160471],[119,932]],[[141311,161726],[223,-323]],[[140115,160367],[-208,1695]],[[139907,162062],[1404,-336]],[[142548,160321],[1168,-997]],[[143716,159324],[924,-220],[-5,1111]],[[144635,160215],[377,366]],[[143716,159324],[919,891]],[[138873,158316],[-1872,1534],[-534,1511]],[[136467,161361],[1095,1302]],[[137562,162663],[2345,-601]],[[141311,161726],[695,1453]],[[135229,160831],[-891,1024]],[[134338,161855],[-602,1268]],[[133736,163123],[1729,-573],[-236,-1719]],[[132443,163757],[4042,-54],[-162,987]],[[136323,164690],[1589,-495],[-350,-1532]],[[136467,161361],[-1191,-607]],[[135276,160754],[-47,77]],[[133736,163123],[-934,64]],[[132802,163187],[-359,570]],[[134338,161855],[-1719,243],[183,1089]],[[129667,159799],[32,1717]],[[129699,161516],[235,882]],[[129934,162398],[391,1445]],[[130325,163843],[2118,-86]],[[135276,160754],[-1633,-855],[-2064,-2195]],[[131579,157704],[-1244,-482]],[[130335,157222],[-668,2577]],[[126012,150737],[1112,1755]],[[127124,152492],[591,256]],[[127715,152748],[2155,-1331]],[[129870,151417],[-122,-1239]],[[129748,150178],[-469,-1239]],[[129279,148939],[-1173,-569]],[[128106,148370],[-439,755],[-2056,624]],[[125611,149749],[401,988]],[[130620,154000],[90,-2245],[-840,-338]],[[127715,152748],[2905,1252]],[[127124,152492],[565,1494]],[[127689,153986],[1205,3486]],[[128894,157472],[773,2327]],[[130335,157222],[285,-3222]],[[128894,157472],[-2867,426]],[[126027,157898],[315,811]],[[126342,158709],[1775,-131],[1582,2938]],[[127689,153986],[-504,-239],[-2461,1137]],[[124724,154884],[1303,3014]],[[126012,150737],[-919,886]],[[125093,151623],[-1519,1052]],[[123574,152675],[1150,2209]],[[123442,158932],[2900,-223]],[[123574,152675],[-1318,964]],[[122256,153639],[937,1378],[-1759,1074],[1628,1901],[-218,831]],[[122844,158823],[598,109]],[[114723,159503],[759,139]],[[115482,159642],[560,-211]],[[116042,159431],[3,-1342],[735,-1304]],[[116780,156785],[10,-83]],[[116790,156702],[-807,-1497]],[[115983,155205],[-1085,1112],[-175,3186]],[[117189,159313],[911,-2035]],[[118100,157278],[-1320,-493]],[[116042,159431],[1147,-118]],[[113803,163597],[330,-3604],[590,-490]],[[115983,155205],[-52,-34]],[[115931,155171],[-788,-517]],[[115143,154654],[-587,-384]],[[114556,154270],[-1363,1760],[-1744,3523]],[[111449,159553],[155,1429],[1077,127],[486,2276],[636,212]],[[114556,154270],[-1698,-1790]],[[112858,152480],[-622,1212],[-1154,-635]],[[111082,153057],[-2328,3835]],[[108754,156892],[1287,578],[1204,2079]],[[111245,159549],[204,4]],[[128273,147397],[2036,-1393],[-402,-571]],[[129907,145433],[-1900,-1849]],[[128007,143584],[-2117,279],[-520,1251]],[[125370,145114],[520,2334],[2383,-51]],[[128649,142314],[-642,1270]],[[129907,145433],[1909,-132]],[[131816,145301],[299,-564]],[[132115,144737],[-846,-1203],[-2620,-1220]],[[132115,144737],[-159,-1266],[1551,-3066],[557,-431]],[[134064,139974],[-532,-1447],[-1988,123]],[[131544,138650],[-810,1222],[-2007,871]],[[128727,140743],[-78,1571]],[[136323,164690],[-118,1487],[864,718],[547,2324]],[[137616,169219],[2196,-576],[2737,-2415]],[[135929,169656],[1687,-437]],[[130325,163843],[1327,3282]],[[131652,167125],[1496,2994],[2781,-463]],[[123578,144918],[1792,196]],[[128727,140743],[-772,-1483]],[[127955,139260],[-2532,851],[-1633,1454]],[[123790,141565],[-576,653]],[[123214,142218],[364,2700]],[[123479,140657],[2523,-1612],[-134,-1788],[-1136,-406]],[[124732,136851],[-189,1069],[-1487,865]],[[123056,138785],[423,1872]],[[131544,138650],[754,-1421]],[[132298,137229],[-4343,2031]],[[132298,137229],[1169,-562]],[[133467,136667],[-1021,-1124]],[[127186,135192],[-1675,427]],[[125511,135619],[-779,1232]],[[123479,140657],[311,908]],[[145449,150665],[-1530,334]],[[143919,150999],[238,2468],[936,1137]],[[145093,154604],[2502,-1012],[-19,-2113]],[[147576,151479],[-327,-1415],[-1800,601]],[[143262,155240],[677,-147]],[[143939,155093],[192,-730],[675,266]],[[144806,154629],[287,-25]],[[143919,150999],[-1602,2878]],[[145449,150665],[-961,-1161],[-1864,842],[-226,-1628],[-4208,628],[-1195,763]],[[136995,150109],[-793,753]],[[148229,151613],[-653,-134]],[[145093,154604],[1047,1346]],[[144806,154629],[-867,464]],[[116498,161438],[5,-104]],[[116503,161334],[-1021,-1692]],[[113803,163597],[-168,495]],[[116335,169533],[251,-326]],[[116586,169207],[525,-1783],[1762,-2278]],[[118873,165146],[-985,-858]],[[117888,164288],[-385,-439]],[[117503,163849],[-1005,-2411]],[[116503,161334],[1001,-463],[-315,-1558]],[[117503,163849],[-123,-2172],[-882,-239]],[[116510,170303],[1424,-37],[1147,755],[335,-958]],[[119416,170063],[-299,478],[-2531,-1334]],[[113017,134626],[-860,-224]],[[112157,134402],[-1822,97],[-590,-1109]],[[109745,133390],[-984,-936],[-2349,-472]],[[106412,131982],[-824,2526]],[[105588,134508],[-2070,2873]],[[103518,137381],[3910,2060]],[[107428,139441],[1921,568]],[[109349,140009],[2478,783],[2702,472]],[[114529,141264],[1700,442],[956,-2433],[587,197],[1380,-1640]],[[119152,137830],[-1591,-1470]],[[117561,136360],[-701,-985],[-1923,967],[-1920,-1716]],[[118587,154683],[-414,-1390]],[[118173,153293],[-163,-127]],[[118010,153166],[-2079,2005]],[[116790,156702],[1648,-422],[149,-1597]],[[118010,153166],[-779,-1361]],[[117231,151805],[-89,30]],[[117142,151835],[-1386,1445],[-613,1374]],[[118587,154683],[1510,-1726]],[[120097,152957],[-220,-187]],[[119877,152770],[-763,-312]],[[119114,152458],[-941,835]],[[118100,157278],[4744,1545]],[[122256,153639],[-1358,276],[-801,-958]],[[112029,142719],[-1618,501]],[[110411,143220],[1419,1595],[199,-2096]],[[113389,143270],[-1360,-551]],[[110411,143220],[-1385,376]],[[109026,143596],[-2303,1723]],[[106723,145319],[-876,650]],[[105847,145969],[343,578]],[[106190,146547],[2212,149]],[[108402,146696],[1453,839]],[[109855,147535],[3842,-1452],[1150,125]],[[114847,146208],[1200,-566]],[[116047,145642],[-1783,-914],[-875,-1458]],[[113389,143270],[1140,-2006]],[[109349,140009],[-997,1823],[1478,386],[-804,1378]],[[153155,144224],[6,-38]],[[153161,144186],[-931,95],[-1060,-1031]],[[151170,143250],[-916,1561],[-1228,309]],[[149026,145120],[-99,1622]],[[153927,134224],[-4,-284]],[[153923,133940],[-461,267]],[[153462,134207],[465,17]],[[153927,134224],[39,155]],[[153966,134379],[660,482]],[[154626,134861],[200,36]],[[154826,134897],[262,-1464]],[[155088,133433],[-1165,507]],[[153462,134207],[-353,375]],[[153109,134582],[623,697]],[[153732,135279],[234,-900]],[[153732,135279],[-71,992]],[[153661,136271],[965,-1410]],[[155152,135235],[1488,-1462]],[[156640,133773],[-1552,-340]],[[154826,134897],[326,338]],[[151936,139573],[979,-761]],[[152915,138812],[2037,-2843]],[[154952,135969],[40,-555]],[[154992,135414],[160,-179]],[[153661,136271],[-501,1635],[-869,637]],[[152291,138543],[-481,941],[-2102,669]],[[149708,140153],[328,688]],[[150036,140841],[1594,-940]],[[151630,139901],[306,-328]],[[157197,133168],[-557,605]],[[154992,135414],[775,258],[-480,357],[-335,-60]],[[152915,138812],[1099,-382],[1316,1401]],[[150965,136134],[884,-769]],[[151849,135365],[1260,-783]],[[156480,132485],[-1325,824]],[[150489,135636],[451,542]],[[150940,136178],[25,-44]],[[151071,136178],[778,-813]],[[150965,136134],[106,44]],[[151071,136178],[-735,1566],[1955,799]],[[150940,136178],[-451,329]],[[150489,136507],[-1703,1711]],[[148786,138218],[922,1935]],[[147659,136931],[188,597]],[[147847,137528],[2642,-1021]],[[147847,137528],[939,690]],[[132486,154810],[-907,2894]],[[138055,156022],[-3245,389],[-2324,-1601]],[[135907,151052],[-1670,205]],[[134237,151257],[-1215,1447],[-536,2106]],[[119114,152458],[3070,-3236]],[[122184,149222],[-551,-925]],[[121633,148297],[-1166,-694]],[[120467,147603],[-278,2142],[-2958,2060]],[[119877,152770],[2872,-2046]],[[122749,150724],[49,-1106]],[[122798,149618],[-614,-396]],[[125093,151623],[-2344,-899]],[[125611,149749],[-2059,-370]],[[123552,149379],[-754,239]],[[128106,148370],[167,-973]],[[125370,145114],[-2089,2446]],[[123281,147560],[271,1819]],[[123281,147560],[-1648,737]],[[122510,145300],[771,2260]],[[123578,144918],[-1068,382]],[[122510,145300],[-475,-930]],[[122035,144370],[-482,1065]],[[121553,145435],[-3,172]],[[121550,145607],[-1083,1996]],[[121550,145607],[-2997,981],[-335,1457],[-1417,1877],[341,1913]],[[114847,146208],[395,2477],[-2384,3795]],[[121553,145435],[-1824,277],[-445,-1136],[-130,-2773]],[[119154,141803],[-760,369],[-2347,3470]],[[152511,141506],[853,753]],[[153364,142259],[144,-921]],[[153508,141338],[-668,36]],[[152840,141374],[-329,132]],[[155082,140102],[-1574,1236]],[[153364,142259],[495,1013]],[[151936,139573],[904,1801]],[[152003,141852],[508,-346]],[[151630,139901],[373,1951]],[[152003,141852],[1158,2334]],[[150036,140841],[1134,2409]],[[149026,145120],[-857,-84]],[[148169,145036],[-2522,-1437],[-919,510]],[[144728,144109],[210,2500],[-7273,1541]],[[137665,148150],[-2285,1376],[1615,583]],[[137092,135375],[530,1999],[1416,-763],[-183,-979],[-1763,-257]],[[140829,137227],[864,-1706]],[[133467,136667],[1459,242],[1303,-453],[1190,1234],[-208,1098]],[[137211,138788],[2183,-1795],[1435,234]],[[134064,139974],[777,-269]],[[134841,139705],[2370,-917]],[[134841,139705],[1613,2086]],[[136454,141791],[2033,-760],[1335,-1137]],[[139822,139894],[1231,-872],[2320,-609]],[[143373,138413],[-1045,-933],[-1499,-253]],[[119154,141803],[220,-891]],[[119374,140912],[450,-1201]],[[119824,139711],[330,-1166]],[[120154,138545],[-1002,-715]],[[131428,147463],[-514,871]],[[130914,148334],[1455,1745]],[[132369,150079],[474,362]],[[132843,150441],[818,-882],[-2233,-2096]],[[130914,148334],[-1635,605]],[[129748,150178],[2621,-99]],[[131428,147463],[1220,-1269]],[[132648,146194],[-232,-417]],[[132416,145777],[-600,-476]],[[132843,150441],[1394,816]],[[137665,148150],[26,-602]],[[137691,147548],[-828,-944],[-2040,1803],[-2175,-2213]],[[132648,146194],[-232,-417]],[[120043,140554],[-669,358]],[[122035,144370],[-928,-1960]],[[121107,142410],[-1064,-1856]],[[123056,138785],[-386,203]],[[122670,138988],[-2516,-443]],[[119824,139711],[219,843]],[[121107,142410],[1132,-2353],[975,2161]],[[97039,168687],[1357,784]],[[98396,169471],[2205,-1844]],[[100601,167627],[-1334,-964]],[[99267,166663],[-976,933],[-3722,-1442]],[[94569,166154],[886,1288],[1584,1245]],[[99267,166663],[232,-888],[-3437,-2699]],[[96062,163076],[88,1734],[-1390,195],[-1869,-859],[-430,545]],[[92461,164691],[1667,1350]],[[94128,166041],[441,113]],[[101069,167959],[-468,-332]],[[98396,169471],[1796,1173],[884,1580]],[[101076,172224],[978,729]],[[102054,172953],[945,-1769],[-1930,-3225]],[[96366,208241],[947,1584]],[[97313,209825],[1182,-1146]],[[98495,208679],[-994,-1288]],[[97501,207391],[-1135,850]],[[99913,211090],[1833,1312]],[[101746,212402],[-611,-2410]],[[101135,209992],[-1545,-2513]],[[99590,207479],[-961,1414]],[[98629,208893],[119,1338]],[[98748,210231],[1165,859]],[[98495,208679],[134,214]],[[99590,207479],[-901,-2696]],[[98689,204783],[-283,36]],[[98406,204819],[-997,229],[-228,1497]],[[97181,206545],[320,846]],[[96366,208241],[-477,263]],[[95889,208504],[-284,1971]],[[95605,210475],[1207,1769],[1230,495]],[[98042,212739],[19,-447]],[[98061,212292],[-149,-1372]],[[97912,210920],[165,-905]],[[98077,210015],[-764,-190]],[[97912,210920],[1388,386],[590,1420]],[[99890,212726],[90,240]],[[99980,212966],[-67,-1876]],[[98748,210231],[-671,-216]],[[98061,212292],[1829,434]],[[98042,212739],[454,939],[-712,1045]],[[97784,214723],[2518,-506],[-322,-1251]],[[102054,172953],[631,2187]],[[102685,175140],[2538,521],[38,-956],[2700,53]],[[107961,174758],[885,-430]],[[108846,174328],[-103,-1283],[-1999,-3116],[-621,-2845]],[[106123,167084],[-919,-773]],[[105204,166311],[-328,-471]],[[104876,165840],[-601,441]],[[104275,166281],[-1241,769]],[[103034,167050],[-1172,542]],[[101862,167592],[-793,367]],[[109009,181160],[1410,-1502]],[[110419,179658],[-1855,-808]],[[108564,178850],[-1537,328]],[[107027,179178],[-447,1266]],[[106580,180444],[643,1658],[750,49]],[[107973,182151],[1036,-991]],[[98111,186787],[2256,-362]],[[100367,186425],[1822,-402]],[[102189,186023],[2189,-504]],[[104378,185519],[971,-181]],[[105349,185338],[1864,-2023]],[[107213,183315],[-1716,-1151]],[[105497,182164],[-1367,-417]],[[104130,181747],[-1387,481],[-4115,-106]],[[98628,182122],[-21,996],[-1986,443],[743,3390]],[[97364,186951],[747,-164]],[[106580,180444],[-616,-198]],[[105964,180246],[-119,426]],[[105845,180672],[-348,1492]],[[107213,183315],[760,-1164]],[[107027,179178],[-1851,-456]],[[105176,178722],[788,1524]],[[116103,177529],[-1151,-646]],[[114952,176883],[-1980,1590]],[[112972,178473],[-1939,273],[-614,912]],[[109009,181160],[3320,151]],[[112329,181311],[3774,-3782]],[[104320,180315],[-474,121]],[[103846,180436],[284,1311]],[[105845,180672],[-1525,-357]],[[105176,178722],[-417,27]],[[104759,178749],[-439,1566]],[[111539,185773],[1941,260]],[[113480,186033],[1638,146],[3313,-1139],[1307,106]],[[119738,185146],[-1092,-344],[-1570,-1629],[-284,-1075],[-3069,-1670],[-1394,883]],[[105349,185338],[413,1412]],[[105762,186750],[2444,-639]],[[108206,186111],[2183,-1439],[1150,1101]],[[98673,181327],[-45,795]],[[103846,180436],[-1591,-1513]],[[102255,178923],[-459,1482],[-1660,-308],[-1463,1230]],[[102255,178923],[-984,-1226],[71,-1494]],[[101342,176203],[-1757,1602]],[[99585,177805],[-1079,1698]],[[98506,179503],[1,1500]],[[98507,181003],[166,324]],[[104759,178749],[-144,-2221]],[[104615,176528],[-2088,-1145]],[[102527,175383],[-1185,820]],[[116136,174946],[105,-139]],[[116241,174807],[253,-2313]],[[111967,169829],[-1745,3240],[1049,2195]],[[111271,175264],[539,-501],[1732,928],[1339,-1918],[1255,1173]],[[112972,178473],[-625,-895]],[[112347,177578],[-684,-1036]],[[111663,176542],[-2557,-888],[-260,-1326]],[[107961,174758],[1247,1999],[-221,1064]],[[108987,177821],[-423,1029]],[[108987,177821],[-4372,-1293]],[[102685,175140],[-158,243]],[[133653,221829],[-1191,72],[210,-3437]],[[132672,218464],[-1747,139]],[[130925,218603],[-1430,-57],[-1701,-725]],[[127794,217821],[-427,1162]],[[127367,218983],[-955,1925]],[[126412,220908],[788,193],[1102,1690],[4428,-173],[923,-789]],[[103902,198874],[-615,427]],[[103287,199301],[448,1839],[1616,1400]],[[105351,202540],[632,-38]],[[105983,202502],[-155,-921],[-1926,-2707]],[[103287,199301],[-1379,-1918]],[[101908,197383],[-1019,-670]],[[100889,196713],[-496,39]],[[100393,196752],[-313,1603]],[[100080,198355],[282,2579]],[[100362,200934],[814,1813],[2068,294],[2107,-501]],[[102746,240518],[283,-481],[3912,-2292]],[[106941,237745],[278,-170]],[[107219,237575],[2073,-1668],[-1201,-3518]],[[108091,232389],[-3054,555],[-2305,-1381]],[[102732,231563],[-2032,2123],[-1610,-318],[854,3345]],[[99944,236713],[1641,3757],[1161,48]],[[108091,232389],[1322,-2775],[-132,-1297]],[[109281,228317],[-1145,-493]],[[108136,227824],[-1293,-5],[-2681,986]],[[104162,228805],[-1430,2758]],[[113055,199040],[-812,-1299]],[[112243,197741],[-2451,929],[-843,-2253]],[[108949,196417],[-4069,925],[-978,1532]],[[105983,202502],[1553,1745]],[[107536,204247],[782,1543],[1908,628]],[[110226,206418],[1479,700]],[[111705,207118],[517,-214]],[[112222,206904],[-422,-1806]],[[111800,205098],[344,-1701],[1554,740]],[[113698,204137],[1296,-1312],[-1394,-1503],[59,-884]],[[113659,200438],[-604,-1398]],[[111593,195913],[-281,-22]],[[111312,195891],[-618,-96]],[[110694,195795],[-1745,622]],[[112243,197741],[-650,-1828]],[[95007,214999],[111,69]],[[95118,215068],[747,-666],[47,-2000],[-1970,241],[1065,2356]],[[90167,213225],[1064,71],[-128,-1200],[-1112,-85]],[[89991,212011],[176,1214]],[[96681,216182],[248,-277]],[[96929,215905],[855,-1182]],[[95605,210475],[-2163,259],[-3666,-500]],[[89776,210234],[215,1777]],[[90167,213225],[145,1007]],[[90312,214232],[4695,767]],[[95118,215068],[1563,1114]],[[90458,207322],[-1132,-496]],[[89326,206826],[275,1977]],[[89601,208803],[857,-1481]],[[93109,205878],[-54,-527]],[[93055,205351],[-45,-590]],[[93010,204761],[-1204,-876],[-3069,-1021]],[[88737,202864],[589,3962]],[[90458,207322],[1491,-63],[1160,-1381]],[[89601,208803],[175,1431]],[[95889,208504],[-1975,-591]],[[93914,207913],[-359,-1203]],[[93555,206710],[-446,-832]],[[91590,223181],[1387,-1678],[1393,-993]],[[94370,220510],[1666,-2470],[645,-1858]],[[90312,214232],[616,5834],[662,3115]],[[92051,193520],[290,-72]],[[92341,193448],[-69,-892]],[[92272,192556],[-655,-500]],[[91617,192056],[-163,159]],[[91454,192215],[-20,899]],[[91434,193114],[617,406]],[[91187,193380],[247,-266]],[[91454,192215],[-897,243]],[[90557,192458],[-619,874]],[[89938,193332],[683,-282]],[[90621,193050],[566,330]],[[92888,192903],[-616,-347]],[[92341,193448],[79,96]],[[92420,193544],[468,-641]],[[91187,193380],[110,353]],[[91297,193733],[641,525]],[[91938,194258],[113,-738]],[[90621,193050],[676,683]],[[89938,193332],[174,1187]],[[90112,194519],[1781,-36]],[[91893,194483],[45,-225]],[[92935,194297],[727,-467]],[[93662,193830],[-774,-927]],[[92420,193544],[515,753]],[[91893,194483],[-16,25]],[[91877,194508],[1058,-211]],[[90557,192458],[-1915,81],[-1869,955]],[[86773,193494],[341,1102]],[[87114,194596],[1166,-531],[1832,454]],[[93010,189687],[-878,708]],[[92132,190395],[-515,1661]],[[93662,193830],[770,-273]],[[94432,193557],[865,-435]],[[95297,193122],[-709,-1723],[-1578,-1712]],[[132079,170430],[510,257]],[[132589,170687],[929,471]],[[133518,171158],[222,268]],[[133740,171426],[916,465]],[[134656,171891],[1273,-2235]],[[131652,167125],[-1199,1470],[-1511,-40]],[[128942,168555],[463,1090]],[[129405,169645],[1147,-21],[1527,806]],[[89515,183304],[-2247,-688]],[[87268,182616],[-3365,1151]],[[83903,183767],[1333,4008]],[[85236,187775],[1770,-345],[2060,-1057]],[[89066,186373],[964,-1526]],[[90030,184847],[-515,-1543]],[[89464,182645],[-1494,-796],[-66,-1003]],[[87904,180846],[-1460,-531]],[[86444,180315],[824,2301]],[[89515,183304],[-51,-659]],[[87904,180846],[389,-942]],[[88293,179904],[-102,-415]],[[88191,179489],[-618,-1978]],[[87573,177511],[-2165,-106]],[[85408,177405],[1036,2910]],[[86639,174513],[-1369,-1013]],[[85270,173500],[-1114,537]],[[84156,174037],[1252,3368]],[[87573,177511],[-214,-856]],[[87359,176655],[-257,-1048]],[[87102,175607],[-463,-1094]],[[88542,174907],[10,-959]],[[88552,173948],[-1913,565]],[[87102,175607],[1440,-700]],[[126109,168443],[-330,1412]],[[125779,169855],[1134,-396]],[[126913,169459],[-804,-1016]],[[125779,169855],[-87,352]],[[125692,170207],[1908,-483]],[[127600,169724],[-687,-265]],[[128726,168634],[-518,-198]],[[128208,168436],[-1880,-961]],[[126328,167475],[-219,968]],[[127600,169724],[1126,-1090]],[[126328,167475],[-1919,223]],[[124409,167698],[281,1728]],[[124690,169426],[164,482]],[[124854,169908],[838,299]],[[92843,200155],[296,-776]],[[93139,199379],[-1196,670]],[[91943,200049],[37,436]],[[91980,200485],[863,-330]],[[91980,200485],[634,1154]],[[92614,201639],[738,-86]],[[93352,201553],[-509,-1398]],[[94307,199958],[-1168,-579]],[[93352,201553],[955,-1595]],[[94442,199588],[71,-1984]],[[94513,197604],[-1778,443]],[[92735,198047],[-1118,34]],[[91617,198081],[326,1968]],[[94307,199958],[135,-370]],[[91617,198081],[-3664,155]],[[87953,198236],[784,4628]],[[93010,204761],[445,-786]],[[93455,203975],[-841,-2336]],[[98692,201501],[-459,-2686]],[[98233,198815],[-2133,1547]],[[96100,200362],[8,3165]],[[96108,203527],[1463,-139],[835,1431]],[[98689,204783],[-237,-703]],[[98452,204080],[-582,-2004],[822,-575]],[[98692,201501],[1670,-567]],[[100080,198355],[-1847,460]],[[96100,200362],[-1658,-774]],[[93455,203975],[1289,-234]],[[94744,203741],[1364,-214]],[[115949,175641],[187,-695]],[[111271,175264],[392,1278]],[[111663,176542],[4286,-901]],[[116103,177529],[724,-1153]],[[116827,176376],[-878,-735]],[[112347,177578],[1610,-1013],[995,318]],[[119046,193429],[-1824,-271]],[[117222,193158],[763,2021],[-770,1432]],[[117215,196611],[1086,56]],[[118301,196667],[1306,695]],[[119607,197362],[1220,-2212]],[[120827,195150],[-1096,497],[-1698,-1217],[1013,-1001]],[[116831,196961],[384,-350]],[[117222,193158],[-417,-368]],[[116805,192790],[-1800,1095]],[[115005,193885],[1826,3076]],[[120827,195150],[-464,-1518],[-1190,-782]],[[119173,192850],[-127,579]],[[133937,215560],[370,2207],[-71,3639]],[[134236,221406],[495,-3093],[1074,-1118],[-1868,-1635]],[[133937,215560],[-1134,-307]],[[132803,215253],[-131,3211]],[[133653,221829],[583,-423]],[[89493,181053],[488,1211]],[[89981,182264],[195,130]],[[90176,182394],[899,-391]],[[91075,182003],[-414,-1072]],[[90661,180931],[-1168,122]],[[88520,179417],[-121,26]],[[88399,179443],[-208,46]],[[88293,179904],[529,1549],[1041,806]],[[89863,182259],[118,5]],[[89493,181053],[-973,-1636]],[[90550,180357],[111,574]],[[91075,182003],[952,1974]],[[92027,183977],[740,616]],[[92767,184593],[974,-2489],[-618,-1119]],[[93123,180985],[-435,-749]],[[92688,180236],[-2138,121]],[[90550,180357],[-250,-1102]],[[90300,179255],[-1780,162]],[[90176,182394],[1155,2208]],[[91331,184602],[696,-625]],[[89863,182259],[-399,386]],[[90030,184847],[511,298]],[[90541,185145],[790,-543]],[[91275,186571],[2149,-918]],[[93424,185653],[60,-658]],[[93484,184995],[-717,-402]],[[90541,185145],[370,663]],[[90911,185808],[364,763]],[[91434,177116],[-934,-371]],[[90500,176745],[-200,2510]],[[92688,180236],[330,-1625],[-1584,-1495]],[[93484,184995],[2780,2201]],[[96264,187196],[1100,-245]],[[98507,181003],[-1669,966],[-1652,-404]],[[95186,181565],[-2063,-580]],[[91290,175502],[1329,448]],[[92619,175950],[1198,1331],[1525,-1293],[1276,1405]],[[96618,177393],[777,-694]],[[97395,176699],[-510,-4585],[250,-228]],[[97135,171886],[-1514,-1676]],[[95621,170210],[-1328,-1490]],[[94293,168720],[-4509,4059]],[[89784,172779],[-469,385],[1975,2338]],[[94293,168720],[-1337,-1480]],[[92956,167240],[-2695,-2999]],[[90261,164241],[-3041,2689]],[[87220,166930],[-1050,1785],[830,945]],[[87000,169660],[1967,2204]],[[88967,171864],[817,915]],[[96082,179822],[-896,1743]],[[98506,179503],[-911,-1016],[-1513,1335]],[[99585,177805],[-2066,-2475],[-124,1369]],[[96618,177393],[563,637],[-1099,1792]],[[101076,172224],[-1065,-1171],[-652,1262],[-2224,-429]],[[97039,168687],[-1418,1523]],[[94128,166041],[-1172,1199]],[[92461,164691],[-1594,-1045]],[[90867,163646],[-1404,-631]],[[89463,163015],[798,1226]],[[89463,163015],[-290,-51]],[[89173,162964],[-4403,489]],[[84770,163453],[-280,385]],[[84490,163838],[158,1078]],[[84648,164916],[433,-395],[2139,2409]],[[84648,164916],[427,184],[763,4156]],[[85838,169256],[787,737]],[[86625,169993],[375,-333]],[[87917,172835],[1050,-971]],[[86625,169993],[1292,2842]],[[87917,172835],[635,1113]],[[88542,174907],[365,1026]],[[88907,175933],[239,245]],[[89146,176178],[2144,-676]],[[89146,176178],[1354,567]],[[91434,177116],[1185,-1166]],[[90945,175973],[662,351],[-459,394],[-618,-397],[415,-348]],[[104977,219055],[-1450,-308]],[[103527,218747],[-1463,-334],[-1846,1481]],[[100218,219894],[-2926,957]],[[97292,220851],[281,896],[1562,-256],[1064,1573],[1186,676]],[[101385,223740],[1256,59]],[[102641,223799],[300,-436]],[[102941,223363],[2166,-3759],[-130,-549]],[[97292,220851],[-1856,-175]],[[95436,220676],[1197,1786],[241,1374],[966,1418]],[[97840,225254],[2465,-140],[1080,-1374]],[[94370,220510],[1066,166]],[[100218,219894],[-680,-3253],[-2609,-736]],[[93162,195614],[-283,-160]],[[92879,195454],[-189,658]],[[92690,196112],[472,-498]],[[92326,197411],[716,-445]],[[93042,196966],[-595,-628]],[[92447,196338],[-202,-860]],[[92245,195478],[-552,-8]],[[91693,195470],[633,1941]],[[94018,195653],[647,-561]],[[94665,195092],[-1003,-1262]],[[92935,194297],[295,633]],[[93230,194930],[788,723]],[[91693,195470],[184,-962]],[[87114,194596],[839,3640]],[[92735,198047],[-409,-636]],[[93670,195910],[-508,-296]],[[92690,196112],[-243,226]],[[93042,196966],[628,-1056]],[[95049,195562],[-167,-671]],[[94882,194891],[-217,201]],[[94018,195653],[-348,257]],[[94513,197604],[-243,-1758],[779,-284]],[[92879,195454],[-355,-269]],[[92524,195185],[-279,293]],[[93230,194930],[-706,255]],[[94882,194891],[-450,-1334]],[[95049,195562],[1092,-1507]],[[96141,194055],[-844,-933]],[[88907,175933],[-1465,707]],[[87442,176640],[957,2803]],[[87359,176655],[83,-15]],[[103587,213365],[701,266]],[[104288,213631],[367,-419]],[[104655,213212],[-741,-545]],[[103914,212667],[-563,499]],[[103351,213166],[215,182]],[[103566,213348],[21,17]],[[105062,214496],[771,-43]],[[105833,214453],[-92,-1218]],[[105741,213235],[-687,366]],[[105054,213601],[8,895]],[[104373,214054],[-85,-423]],[[103587,213365],[786,689]],[[104310,211947],[-396,720]],[[104655,213212],[399,389]],[[105741,213235],[-1431,-1288]],[[104373,214054],[410,412]],[[104783,214466],[279,30]],[[103156,212999],[351,-771]],[[103507,212228],[-491,-352]],[[103016,211876],[-492,563]],[[102524,212439],[632,560]],[[103914,212667],[-390,-459]],[[103524,212208],[-17,20]],[[103156,212999],[195,167]],[[103378,213550],[-114,153]],[[103264,213703],[114,-153]],[[104310,211947],[-31,-27]],[[104279,211920],[-321,-307]],[[103958,211613],[-434,595]],[[103958,211613],[-437,-361]],[[103521,211252],[-529,603]],[[102992,211855],[24,21]],[[103566,213348],[-188,202]],[[103264,213703],[349,500],[-116,2215],[928,123],[358,-2075]],[[102992,211855],[-536,-468]],[[102456,211387],[68,1052]],[[104279,211920],[277,-321]],[[104556,211599],[-15,-451]],[[104541,211148],[-530,-460]],[[104011,210688],[-490,564]],[[103521,211252],[-783,-690]],[[102738,210562],[-169,195]],[[102569,210757],[-31,486]],[[102538,211243],[-82,144]],[[104011,210688],[-1273,-126]],[[102569,210757],[-825,-366],[0,860],[794,-8]],[[105209,217718],[259,-261],[-71,-982],[-589,1241],[401,2]],[[104977,219055],[711,335],[1319,-1278],[1435,-580]],[[108442,217532],[46,-817]],[[108488,216715],[7,-211]],[[108495,216504],[-1610,-1242],[84,-841]],[[106969,214421],[-1136,32]],[[103264,213703],[-36,51]],[[103228,213754],[314,389],[-136,2773],[-342,922],[463,909]],[[104556,211599],[613,-58],[-628,-393]],[[106969,214421],[-471,-1217]],[[106498,213204],[-521,-1268],[901,-1768]],[[106878,210168],[-264,-678]],[[106614,209490],[-607,112]],[[106007,209602],[-1701,1207],[-581,-1467]],[[103725,209342],[-2590,650]],[[101746,212402],[606,1443],[876,-91]],[[97181,206545],[-276,-606]],[[96905,205939],[-1383,831]],[[95522,206770],[-1608,1143]],[[95522,206770],[-520,-916]],[[95002,205854],[-355,419]],[[94647,206273],[-1092,437]],[[96905,205939],[-365,-853]],[[96540,205086],[-1068,482]],[[95472,205568],[-470,286]],[[94647,206273],[-1084,-1162]],[[93563,205111],[-508,240]],[[95472,205568],[-445,-1156]],[[95027,204412],[-1464,699]],[[96540,205086],[-432,-1559]],[[94744,203741],[283,671]],[[99446,244347],[-201,1942]],[[99245,246289],[1312,-1114],[1509,-212],[-685,-1849]],[[101381,243114],[-310,-262]],[[101071,242852],[-5,1364],[-1620,131]],[[99446,244347],[-60,-368]],[[99386,243979],[-842,997]],[[98544,244976],[-1292,988]],[[97252,245964],[1993,325]],[[97521,243152],[-1357,-432]],[[96164,242720],[354,2010],[734,1234]],[[98544,244976],[-1023,-1824]],[[97782,242356],[-261,796]],[[99386,243979],[350,-1892]],[[99736,242087],[-1954,269]],[[101071,242852],[-1335,-765]],[[99944,236713],[-102,36]],[[99842,236749],[-1121,757],[365,2983],[-1391,60]],[[97695,240549],[87,1807]],[[101381,243114],[1365,-2596]],[[96978,237139],[-1171,164]],[[95807,237303],[357,5417]],[[97695,240549],[-33,-1517],[-684,-1893]],[[99842,236749],[-2864,390]],[[126146,163241],[857,1628]],[[127003,164869],[117,-327]],[[127120,164542],[495,-990]],[[127615,163552],[-680,-443]],[[126935,163109],[-789,132]],[[126671,166029],[332,-1160]],[[126146,163241],[-470,292]],[[125676,163533],[-856,230]],[[124820,163763],[-172,1382]],[[124648,165145],[49,285]],[[124697,165430],[1974,599]],[[124574,162008],[-1227,1153]],[[123347,163161],[-5,215]],[[123342,163376],[1248,410]],[[124590,163786],[230,-23]],[[125676,163533],[-1102,-1525]],[[125705,161929],[-1012,92]],[[124693,162021],[-119,-13]],[[126935,163109],[-1230,-1180]],[[127615,163552],[1068,-371]],[[128683,163181],[-189,-1381],[-853,-766],[-1936,895]],[[127120,164542],[1209,635]],[[128329,165177],[275,336]],[[128604,165513],[28,-64]],[[128632,165449],[51,-2268]],[[126671,166029],[1658,-852]],[[128726,168634],[194,-142]],[[128920,168492],[-280,-604]],[[128640,167888],[-432,548]],[[124409,167698],[-97,-4]],[[124312,167694],[-250,10]],[[124062,167704],[628,1722]],[[123442,158932],[1457,1771],[-206,1318]],[[128632,165449],[1302,-3051]],[[128640,167888],[-724,-1546],[688,-829]],[[124697,165430],[-385,2264]],[[122180,170586],[2674,-678]],[[124062,167704],[-441,17]],[[123621,167721],[-470,1515],[-1171,717]],[[121980,169953],[200,633]],[[124590,163786],[58,1359]],[[118761,210195],[-193,457]],[[118568,210652],[649,-108]],[[119217,210544],[1111,-565]],[[120328,209979],[-1567,216]],[[120470,211045],[461,-589]],[[120931,210456],[-123,-185]],[[120808,210271],[-480,-292]],[[119217,210544],[1253,501]],[[117845,210832],[1810,641]],[[119655,211473],[534,17]],[[120189,211490],[281,-445]],[[118568,210652],[-1035,31]],[[117533,210683],[312,149]],[[116504,208947],[-365,41]],[[116139,208988],[1394,1695]],[[118761,210195],[-2257,-1248]],[[119343,212713],[228,-595]],[[119571,212118],[84,-645]],[[117845,210832],[23,1005]],[[117868,211837],[1475,876]],[[117868,211837],[-278,1161]],[[117590,212998],[1,61]],[[117591,213059],[1140,562]],[[118731,213621],[612,-908]],[[119571,212118],[425,171]],[[119996,212289],[403,-500]],[[120399,211789],[-210,-299]],[[118731,213621],[804,105]],[[119535,213726],[1027,344]],[[120562,214070],[431,-1113]],[[120993,212957],[-997,-668]],[[120993,212957],[1242,-201]],[[122235,212756],[-4,-112]],[[122231,212644],[-521,-474]],[[121710,212170],[-1311,-381]],[[121710,212170],[-1240,-1125]],[[122231,212644],[881,-1443]],[[123112,211201],[-985,-397]],[[122127,210804],[-1196,-348]],[[122127,210804],[-78,-1345]],[[122049,209459],[-1241,812]],[[120562,214070],[728,471]],[[121290,214541],[134,-183]],[[121424,214358],[501,-856]],[[121925,213502],[310,-746]],[[119535,213726],[1579,1237]],[[121114,214963],[176,-422]],[[131412,172141],[167,-1344]],[[131579,170797],[-215,273]],[[131364,171070],[-357,518]],[[131007,171588],[-488,704]],[[130519,172292],[209,480]],[[130728,172772],[684,-631]],[[129579,171995],[940,297]],[[131007,171588],[-1317,-281]],[[129690,171307],[-111,688]],[[127600,169724],[283,1601],[936,815]],[[128819,172140],[586,-2495]],[[128942,168555],[-22,-63]],[[131579,170797],[293,-157]],[[131872,170640],[207,-210]],[[128819,172140],[760,-145]],[[129690,171307],[1674,-237]],[[131692,172099],[-280,42]],[[130728,172772],[-117,641]],[[130611,173413],[1900,-491]],[[132511,172922],[-89,-75]],[[132422,172847],[-730,-748]],[[131692,172099],[612,-268]],[[132304,171831],[-432,-1191]],[[132304,171831],[568,-309]],[[132872,171522],[-283,-835]],[[133239,171917],[-288,-431]],[[132951,171486],[-79,36]],[[132422,172847],[817,-930]],[[132511,172922],[551,-126]],[[133062,172796],[177,-879]],[[132951,171486],[567,-328]],[[133062,172796],[925,-374]],[[133987,172422],[-247,-996]],[[133987,172422],[669,-531]],[[106044,225025],[2092,2799]],[[109281,228317],[258,-1488],[2182,-2973],[-46,-1085]],[[111675,222771],[-1316,-1892]],[[110359,220879],[-3376,2629],[-939,1517]],[[110359,220879],[-1782,-3115]],[[108577,217764],[-3015,4028],[-322,2050]],[[105240,223842],[804,1183]],[[108577,217764],[-135,-232]],[[102941,223363],[2299,479]],[[102641,223799],[1108,1401],[413,3605]],[[111630,188708],[-91,-2935]],[[108206,186111],[-123,2425]],[[108083,188536],[2555,-286],[992,458]],[[111653,193008],[-33,-287]],[[111620,192721],[10,-4013]],[[108083,188536],[-217,1208],[911,2522]],[[108777,192266],[968,1173]],[[109745,193439],[1908,-431]],[[123526,223096],[-1300,-1057],[526,-853]],[[122752,221186],[-2493,-264]],[[120259,220922],[-13,110]],[[120246,221032],[1132,1925],[-445,1498]],[[120933,224455],[1394,529]],[[122327,224984],[1118,-421],[81,-1467]],[[117300,216394],[2068,-1889]],[[119368,214505],[-1777,-1446]],[[117590,212998],[-1151,-63]],[[116439,212935],[-1024,1019],[-1574,530]],[[113841,214484],[480,2134]],[[114321,216618],[441,388],[2538,-612]],[[119076,216470],[1075,363]],[[120151,216833],[1208,-1067]],[[121359,215766],[-399,-546]],[[120960,215220],[-1592,-715]],[[117300,216394],[1776,76]],[[120960,215220],[154,-257]],[[122752,221186],[886,-1290]],[[123638,219896],[-3487,-3063]],[[119076,216470],[-162,2891]],[[118914,219361],[1462,469],[-117,1092]],[[114321,216618],[-950,1474],[1757,578]],[[115128,218670],[613,410]],[[115741,219080],[1228,-308]],[[116969,218772],[1945,589]],[[123638,219896],[457,-1324]],[[124095,218572],[-2736,-2806]],[[117574,222504],[1902,968]],[[119476,223472],[770,-2440]],[[116969,218772],[605,3732]],[[119476,223472],[1457,983]],[[115082,222529],[2492,-25]],[[115741,219080],[-701,1949],[42,1500]],[[121877,173332],[-1878,1083],[-3758,392]],[[116827,176376],[751,-405],[2740,654],[1111,-118],[2427,-1496]],[[123856,175011],[-1979,-1679]],[[122180,170586],[-553,1664],[250,1082]],[[123856,175011],[1461,-1464],[1561,-934],[1380,550],[2353,250]],[[105762,186750],[-185,263]],[[105577,187013],[-452,1146]],[[105125,188159],[-624,1122]],[[104501,189281],[598,1962]],[[105099,191243],[697,-214],[1895,1155],[1086,82]],[[112030,213613],[-1254,766]],[[110776,214379],[-1894,870],[-387,1255]],[[108488,216715],[4840,2488]],[[113328,219203],[1040,614],[760,-1147]],[[113841,214484],[-1811,-871]],[[111675,222771],[2769,-199]],[[114444,222572],[-1703,-1224],[587,-2145]],[[114444,222572],[638,-43]],[[108743,166993],[-2620,91]],[[111593,195913],[648,-616]],[[112241,195297],[-776,-897]],[[111465,194400],[-153,1491]],[[112243,197741],[2247,-1165]],[[114490,196576],[-55,-39]],[[114435,196537],[-2194,-1240]],[[114435,196537],[-1282,-1667]],[[113153,194870],[-912,427]],[[113153,194870],[-229,-347]],[[112924,194523],[-924,-1925]],[[112000,192598],[-380,123]],[[111653,193008],[-188,1392]],[[115623,197534],[1208,-573]],[[115005,193885],[-193,-312]],[[114812,193573],[-1888,950]],[[114490,196576],[1133,958]],[[114812,193573],[-1284,-2120]],[[113528,191453],[-1255,-163],[-273,1308]],[[109745,193439],[316,1683]],[[110061,195122],[633,673]],[[97840,225254],[677,1345],[2668,2262],[2977,-56]],[[106130,270551],[-1028,-1590],[-502,-2324],[-3473,-4586],[715,-463],[-1230,-3301],[146,-799],[4363,2742],[746,-73],[2823,1143]],[[108690,261300],[-101,-2414],[-1610,-1501],[-28,-1085],[-1772,-2360],[-1847,-517],[-2554,-3043],[-2334,-787],[-1743,-1084],[-785,4454],[934,4357],[988,2249],[7072,10991],[1220,-9]],[[92413,247912],[3517,-193],[-2469,-1816],[-867,55],[-181,1954]],[[106130,270551],[915,-1181],[301,-1608],[1029,-705],[535,-2185],[-220,-3572]],[[100393,196752],[-501,-4]],[[99892,196748],[-2408,-1960]],[[97484,194788],[-1281,-718]],[[96203,194070],[-62,-15]],[[103624,165144],[956,436]],[[104580,165580],[-1322,-1007]],[[103258,164573],[32,352]],[[103290,164925],[334,219]],[[102591,166114],[515,-459]],[[103106,165655],[518,-511]],[[103290,164925],[-863,856]],[[102427,165781],[164,333]],[[102591,166114],[443,936]],[[104275,166281],[-1169,-626]],[[102427,165781],[-453,432]],[[101974,166213],[-112,1379]],[[103258,164573],[-667,-198]],[[102591,164375],[-274,-161]],[[102317,164214],[-718,587],[375,1412]],[[104876,165840],[-296,-260]],[[102317,164214],[-1376,-47]],[[100941,164167],[-653,217],[-3484,-2396]],[[96804,161988],[-593,538]],[[96211,162526],[-149,550]],[[92132,190395],[-291,-865]],[[91841,189530],[-170,-356]],[[91671,189174],[-1524,-220]],[[90147,188954],[-23,1300]],[[90124,190254],[-49,543]],[[90075,190797],[2057,-402]],[[90124,190254],[-1786,-353]],[[88338,189901],[806,1079]],[[89144,190980],[931,-183]],[[90147,188954],[-1630,508]],[[88517,189462],[-179,439]],[[84843,190460],[3480,614]],[[88323,191074],[821,-94]],[[88338,189901],[-2152,-411],[-1343,970]],[[88517,189462],[-578,-697],[-2633,-285]],[[85306,188480],[-463,1980]],[[88323,191074],[-390,761],[-2341,-665],[1181,2324]],[[90911,185808],[-860,1007],[-985,-442]],[[85236,187775],[70,705]],[[91671,189174],[-396,-2603]],[[91841,189530],[1393,-2626],[190,-1251]],[[93010,189687],[2218,-1982],[1036,-509]],[[121980,169953],[-2559,-166]],[[119421,169787],[-5,276]],[[106007,209602],[-2282,-260]],[[107536,204247],[-1079,778]],[[106457,205025],[909,2088]],[[107366,207113],[2568,-195],[292,-500]],[[98452,204080],[1122,745],[2712,-1340],[615,1499],[3556,41]],[[106614,209490],[1102,-973],[-350,-1404]],[[123526,223096],[1682,-1848],[1204,-340]],[[127367,218983],[-3272,-411]],[[127794,217821],[111,-311]],[[127905,217510],[-2945,-1255]],[[124960,216255],[-3536,-1897]],[[106941,237745],[2193,561],[2127,1209],[1989,2846],[4025,896],[631,-1764]],[[117906,241493],[-1383,-1842],[-2884,-1574],[-2311,-182],[-1035,-684],[-1345,864],[-1729,-500]],[[126635,249984],[-58,68]],[[126577,250052],[58,-68]],[[117906,241493],[751,162],[4368,-8768],[-698,-7903]],[[82275,179785],[947,2324]],[[83222,182109],[808,-2429],[-1755,105]],[[84156,174037],[-268,115]],[[83888,174152],[-3350,1518]],[[80538,175670],[1737,4115]],[[83222,182109],[681,1658]],[[91590,223181],[1874,4987],[671,3032],[1672,6103]],[[111800,205098],[3731,240]],[[115531,205338],[165,-470]],[[115696,204868],[-1998,-731]],[[115696,204868],[1072,-236]],[[116768,204632],[627,-1984]],[[117395,202648],[-1600,230],[-811,-1664]],[[114984,201214],[-711,-739]],[[114273,200475],[-614,-37]],[[117395,202648],[2212,-5286]],[[118301,196667],[-77,973],[-1604,2605],[-1636,969]],[[115623,197534],[-493,1722]],[[115130,199256],[-857,1219]],[[113055,199040],[2075,216]],[[115661,206771],[880,202]],[[116541,206973],[227,-2341]],[[115531,205338],[130,1433]],[[103200,187899],[675,320]],[[103875,188219],[229,-340]],[[104104,187879],[1473,-866]],[[104378,185519],[-1178,2380]],[[104104,187879],[1021,280]],[[104291,189406],[210,-125]],[[103875,188219],[-392,1305]],[[103483,189524],[808,-118]],[[103200,187899],[-382,1298]],[[102818,189197],[665,327]],[[102386,190417],[1905,-1011]],[[102818,189197],[-455,466]],[[102363,189663],[23,754]],[[102386,190417],[51,872]],[[102437,191289],[-66,1291]],[[102371,192580],[-11,200]],[[102360,192780],[1690,-472]],[[104050,192308],[1049,-1065]],[[102189,186023],[271,1662]],[[102460,187685],[740,214]],[[102460,187685],[-538,1905]],[[101922,189590],[441,73]],[[100367,186425],[636,606],[-433,2321]],[[100570,189352],[1352,238]],[[101880,191203],[557,86]],[[101922,189590],[-42,1613]],[[100570,189352],[95,1583]],[[100665,190935],[1215,268]],[[101844,192390],[527,190]],[[101880,191203],[-36,1187]],[[100438,191876],[1406,514]],[[100665,190935],[-227,941]],[[100438,191876],[-859,1081]],[[99579,192957],[121,860]],[[99700,193817],[280,1279]],[[99980,195096],[-88,1652]],[[100889,196713],[326,-2610],[1145,-1323]],[[99700,193817],[-1226,220]],[[98474,194037],[1506,1059]],[[98474,194037],[-990,751]],[[96203,194070],[2947,-3437]],[[99150,190633],[-1039,-3846]],[[99579,192957],[-429,-2324]],[[90625,124485],[1708,-420]],[[92333,124065],[-957,-1758]],[[91376,122307],[-1040,1662]],[[90336,123969],[289,516]],[[90696,124823],[1637,-758]],[[90625,124485],[71,338]],[[89444,125588],[1252,-765]],[[90336,123969],[-691,597]],[[89645,124566],[-595,1200]],[[89050,125766],[394,-178]],[[89444,125588],[2817,-503],[1880,527]],[[94141,125612],[-1343,-2196],[130,-1260]],[[92928,122156],[-722,-1090]],[[92206,121066],[-830,1241]],[[92043,157093],[-95,-2497]],[[91948,154596],[-127,-50]],[[91821,154546],[-359,267]],[[91462,154813],[-1959,-350]],[[89503,154463],[-612,395],[-33,1853]],[[88858,156711],[3185,382]],[[93132,157648],[1261,-1171]],[[94393,156477],[-1822,-1942]],[[92571,154535],[-623,61]],[[92043,157093],[1089,555]],[[94393,156477],[274,-1399]],[[94667,155078],[-1039,-1205]],[[93628,153873],[-1057,662]],[[89221,153359],[-188,492]],[[89033,153851],[470,612]],[[91462,154813],[-271,-1547]],[[91191,153266],[-1970,93]],[[91821,154546],[124,-1913],[665,-361]],[[92610,152272],[-137,-515]],[[92473,151757],[-1282,1509]],[[93628,153873],[-918,-1445]],[[92710,152428],[-100,-156]],[[92710,152428],[3228,-1239]],[[95938,151189],[85,-1127]],[[96023,150062],[-1330,-528]],[[94693,149534],[-2831,568]],[[91862,150102],[482,1317]],[[92344,151419],[129,338]],[[89444,152643],[-223,716]],[[92344,151419],[-1540,-114],[-1360,1338]],[[91862,150102],[-1532,-211]],[[90330,149891],[-733,2284]],[[89597,152175],[-153,468]],[[97281,157073],[1173,-3209],[-1309,-2863]],[[97145,151001],[-1207,188]],[[94667,155078],[1582,1600],[1032,395]],[[97145,151001],[-131,-177]],[[97014,150824],[-282,-510]],[[96732,150314],[-709,-252]],[[82814,123180],[750,-515]],[[83564,122665],[-22,-201]],[[83542,122464],[-726,290]],[[82816,122754],[-2,426]],[[82814,123180],[-498,262]],[[82316,123442],[1,38]],[[82317,123480],[499,71]],[[82816,123551],[-2,-371]],[[82820,123965],[537,100]],[[83357,124065],[315,-605]],[[83672,123460],[-294,-382],[504,7]],[[83882,123085],[161,-276]],[[84043,122809],[-479,-144]],[[82816,123551],[4,414]],[[83672,123460],[210,-375]],[[84043,122809],[398,-469]],[[84441,122340],[-583,-615]],[[83858,121725],[-316,739]],[[83858,121725],[-280,-82]],[[83578,121643],[-779,376]],[[82799,122019],[15,709]],[[82814,122728],[2,26]],[[83578,121643],[-785,-145],[6,521]],[[82814,122728],[-513,10]],[[82301,122738],[-33,706]],[[82268,123444],[48,-2]],[[82799,122019],[-744,183]],[[82055,122202],[246,536]],[[81434,123200],[-6,167]],[[81428,123367],[840,77]],[[82055,122202],[-359,-1]],[[81696,122201],[-262,999]],[[82299,123999],[521,-34]],[[82317,123480],[-20,362]],[[82297,123842],[2,157]],[[81428,123367],[-1,36]],[[81427,123403],[870,439]],[[78974,123849],[81,343]],[[79055,124192],[491,-739]],[[79546,123453],[26,-121]],[[79572,123332],[-17,-97]],[[79555,123235],[-228,-426]],[[79327,122809],[-353,1040]],[[81434,123200],[-516,-123]],[[80918,123077],[-1028,1]],[[79890,123078],[-335,157]],[[79572,123332],[366,-117]],[[79938,123215],[1029,177]],[[80967,123392],[460,11]],[[80918,123077],[-54,-838]],[[80864,122239],[-550,-28]],[[80314,122211],[-405,198]],[[79909,122409],[-41,42]],[[79868,122451],[22,627]],[[80864,122239],[28,-364]],[[80892,121875],[-563,-36]],[[80329,121839],[-15,372]],[[80329,121839],[-449,132]],[[79880,121971],[29,438]],[[79880,121971],[-300,-3]],[[79580,121968],[43,651]],[[79623,122619],[245,-168]],[[79623,122619],[-296,190]],[[79982,124090],[-44,-875]],[[79546,123453],[436,637]],[[81410,124173],[-443,-781]],[[79982,124090],[1428,83]],[[81382,124563],[1986,290]],[[83368,124853],[-11,-788]],[[82299,123999],[-889,174]],[[79055,124192],[2327,371]],[[84690,122967],[505,-878]],[[85195,122089],[-508,-683]],[[84687,121406],[-457,-786]],[[84230,120620],[-269,-430]],[[83961,120190],[-1926,8],[-2506,657]],[[79529,120855],[51,1113]],[[80892,121875],[804,326]],[[84441,122340],[249,627]],[[83368,124853],[371,239]],[[83739,125092],[951,-2125]],[[97269,130842],[-1940,321]],[[95329,131163],[267,1636]],[[95596,132799],[1223,-4],[5260,1496],[-129,1234]],[[101950,135525],[1004,81]],[[102954,135606],[212,-2314]],[[103166,133292],[-1292,-1255],[-1714,-677],[-2891,-518]],[[103166,133292],[101,-1199]],[[103267,132093],[-1268,-1379]],[[101999,130714],[-862,-491]],[[101137,130223],[-2580,-705],[-1409,-1051]],[[97148,128467],[121,2375]],[[101999,130714],[-550,-393]],[[101449,130321],[-312,-98]],[[95329,131163],[-1747,309]],[[93582,131472],[-787,1305],[-27,1551]],[[92768,134328],[2083,2894]],[[94851,137222],[806,-670],[-1091,-1689],[1030,-2064]],[[100678,152556],[2202,-1893]],[[102880,150663],[-96,-38]],[[102784,150625],[-2558,-321],[73,-1955]],[[100299,148349],[-81,-37]],[[100218,148312],[-1689,-374]],[[98529,147938],[-1386,696]],[[97143,148634],[-411,1680]],[[97014,150824],[1158,289],[2506,1443]],[[98529,147938],[-1254,191],[-132,505]],[[100218,148312],[-165,-2143]],[[100053,146169],[-3212,-65]],[[96841,146104],[-1179,125],[-440,1320]],[[95222,147549],[-529,1985]],[[102784,150625],[163,-2824]],[[102947,147801],[-906,-182],[-1742,730]],[[102947,147801],[269,-1441]],[[103216,146360],[-1686,-337]],[[101530,146023],[-1477,146]],[[127905,217510],[1177,-3355]],[[129082,214155],[-2280,-499]],[[126802,213656],[-1842,2599]],[[126802,213656],[-1553,-959]],[[125249,212697],[-1027,1663],[-2297,-858]],[[125249,212697],[-557,-728]],[[124692,211969],[-1580,-768]],[[131020,215102],[900,-43]],[[131920,215059],[-731,-3164],[-1973,-1377]],[[129216,210518],[-772,440],[-1804,-707],[-67,1168],[-1731,471]],[[124842,211890],[-150,79]],[[129082,214155],[1938,947]],[[129216,210518],[-569,-896],[-1395,-260],[-1256,-1228],[-1143,-79]],[[124853,208055],[-11,3835]],[[124853,208055],[-1431,1135],[-1373,269]],[[95222,147549],[-2469,-1244],[-1201,-162]],[[91552,146143],[-1484,102],[-861,1309]],[[89207,147554],[1123,2337]],[[55996,131874],[1889,-1462]],[[57885,130412],[952,-1495]],[[58837,128917],[-1870,-2421]],[[56967,126496],[-1674,2603],[1230,1691],[-527,1084]],[[58837,128917],[1536,-901]],[[60373,128016],[-883,-1483],[325,-1174],[-1135,-1189]],[[58680,124170],[-1761,520],[-307,1634]],[[56612,126324],[355,172]],[[62385,125270],[-3769,-2531]],[[58616,122739],[64,1431]],[[60373,128016],[1326,-1324]],[[61699,126692],[686,-1422]],[[57885,130412],[2870,-2174],[944,-1546]],[[85137,130671],[719,-837]],[[85856,129834],[-2039,-1103]],[[83817,128731],[295,1080]],[[84112,129811],[1025,860]],[[86467,130376],[-611,-542]],[[85137,130671],[-189,161]],[[84948,130832],[-53,355]],[[84895,131187],[1010,853]],[[85905,132040],[562,-1664]],[[87007,131680],[395,-783]],[[87402,130897],[-935,-521]],[[85905,132040],[21,77]],[[85926,132117],[620,480]],[[86546,132597],[461,-917]],[[87007,131680],[1020,696]],[[88027,132376],[609,-722]],[[88636,131654],[-126,-270]],[[88510,131384],[-1108,-487]],[[87294,133248],[733,-872]],[[86546,132597],[748,651]],[[84895,131187],[519,1594]],[[85414,132781],[512,-664]],[[87008,134153],[286,-905]],[[85414,132781],[-528,791]],[[84886,133572],[2122,581]],[[86224,135243],[784,-1090]],[[84886,133572],[1338,1671]],[[84112,129811],[-1087,-113]],[[83025,129698],[-64,489]],[[82961,130187],[1987,645]],[[71492,140481],[-553,-619]],[[70939,139862],[-204,-163]],[[70735,139699],[-9,30]],[[70726,139729],[-911,1858]],[[69815,141587],[298,216]],[[70113,141803],[1379,-1322]],[[70786,142268],[169,-15]],[[70955,142253],[1431,-2034]],[[72386,140219],[-894,262]],[[70113,141803],[673,465]],[[69165,141134],[650,453]],[[70726,139729],[-617,-327]],[[70109,139402],[-944,1732]],[[70109,139402],[-744,-239]],[[69365,139163],[-785,1568]],[[68580,140731],[557,384]],[[69137,141115],[28,19]],[[73252,140582],[-376,-367]],[[72876,140215],[-490,4]],[[70955,142253],[150,102]],[[71105,142355],[1230,-94]],[[72335,142261],[917,-1679]],[[70572,136982],[-872,-397]],[[69700,136585],[-745,929]],[[68955,137514],[1396,342]],[[70351,137856],[33,7]],[[70384,137863],[188,-881]],[[70384,137863],[837,353]],[[71221,138216],[309,-1004]],[[71530,137212],[-958,-230]],[[70351,137856],[-242,1546]],[[70735,139699],[486,-1483]],[[68955,137514],[410,1649]],[[71530,137212],[402,-1274]],[[71932,135938],[-2232,647]],[[71626,138369],[855,-1808]],[[72481,136561],[-549,-623]],[[70939,139862],[687,-1493]],[[72876,140215],[44,-1353]],[[72920,138862],[-1294,-493]],[[74137,135689],[-343,-203]],[[73794,135486],[-1313,1075]],[[72920,138862],[144,-583]],[[73064,138279],[1073,-2590]],[[53004,111337],[517,-2215],[-1439,-993],[-2196,2360],[186,2507],[1967,787],[943,-684],[22,-1762]],[[53799,107686],[-1900,15],[-1892,1679],[-354,-1701]],[[49653,107679],[-2467,3396],[43,3078]],[[47229,114153],[3071,1340],[1237,2604]],[[51537,118097],[2842,-1613]],[[54379,116484],[-1242,-2896],[1001,-70],[301,-1405],[-571,-996],[915,-2109],[-984,-1322]],[[53799,107686],[-222,-715]],[[53577,106971],[-3199,129],[-725,579]],[[92190,117568],[21,-51]],[[92211,117517],[-817,154]],[[91394,117671],[-302,86]],[[91092,117757],[-460,294]],[[90632,118051],[571,574]],[[91203,118625],[893,471]],[[92096,119096],[94,-1528]],[[92096,119096],[1163,16]],[[93259,119112],[-22,-461]],[[93237,118651],[-1047,-1083]],[[91394,117671],[385,-1209]],[[91779,116462],[-566,-238]],[[91213,116224],[-637,713]],[[90576,116937],[516,820]],[[92211,117517],[197,-1091]],[[92408,116426],[-629,36]],[[93237,118651],[1309,-406]],[[94546,118245],[-636,-1052]],[[93910,117193],[-1502,-767]],[[96124,119224],[814,-34]],[[96938,119190],[-467,-1858]],[[96471,117332],[-1925,913]],[[93259,119112],[2865,112]],[[91213,116224],[500,-1165]],[[91713,115059],[-200,-352]],[[91513,114707],[-924,315],[-13,1915]],[[92408,116426],[-235,-557]],[[92173,115869],[-460,-810]],[[92173,115869],[908,-207],[59,-1743]],[[93140,113919],[-2644,-1093]],[[90496,112826],[1017,1881]],[[93910,117193],[2515,-1110]],[[96425,116083],[71,-554],[-3356,-1610]],[[96471,117332],[-46,-1249]],[[88601,116924],[2031,1127]],[[90496,112826],[-1269,-1582]],[[89227,111244],[-245,3857],[-381,1823]],[[92317,108411],[-2160,-629]],[[90157,107782],[-93,-27]],[[90064,107755],[-1393,301]],[[88671,108056],[219,775]],[[88890,108831],[337,2413]],[[96938,119190],[1105,-335]],[[98043,118855],[1424,-476]],[[99467,118379],[2268,375]],[[101735,118754],[5061,-266]],[[106796,118488],[-1734,-1536],[-1640,-528],[-2015,302],[-1734,-479],[-1847,-1579],[-1304,-2878],[-2296,-2061],[-1909,-1318]],[[44666,122063],[1747,117],[451,-846]],[[46864,121334],[-1117,-2843],[-783,-769]],[[44964,117722],[-1388,94]],[[43576,117816],[-237,1212],[1767,1478],[-440,1557]],[[44548,122343],[124,155]],[[44672,122498],[-124,-155]],[[43576,117816],[-4938,-945],[-149,-1007],[-1769,-336],[-741,-1755],[-1194,-978]],[[34785,112795],[-240,237]],[[34545,113032],[1352,1056],[523,2012],[-508,2830],[846,819],[2928,776],[4986,1973]],[[44548,122343],[118,-280]],[[41311,116436],[1373,-1383],[-1849,-236],[476,1619]],[[49170,120940],[13,-20]],[[49183,120920],[-309,-759],[2663,-2064]],[[47229,114153],[-1352,2839],[-913,730]],[[46864,121334],[1394,-1307],[912,913]],[[113403,120382],[287,-628]],[[113690,119754],[-509,-653]],[[113181,119101],[-537,138]],[[112644,119239],[-679,170]],[[111965,119409],[859,1026]],[[112824,120435],[419,85]],[[113243,120520],[160,-138]],[[114171,119671],[-481,83]],[[113403,120382],[418,476]],[[113821,120858],[350,-1187]],[[113318,121803],[570,-44]],[[113888,121759],[-645,-1239]],[[112824,120435],[136,192]],[[112960,120627],[358,1176]],[[112377,121785],[941,18]],[[112960,120627],[-733,-332]],[[112227,120295],[-56,505]],[[112171,120800],[206,985]],[[111342,121738],[1035,47]],[[112171,120800],[-929,578]],[[111242,121378],[100,360]],[[112227,120295],[-1169,466]],[[111058,120761],[184,617]],[[110985,120518],[73,243]],[[112824,120435],[-562,-466],[-1277,549]],[[111965,119409],[-1191,240]],[[110774,119649],[211,869]],[[109583,120843],[1402,-325]],[[110774,119649],[-1070,124]],[[109704,119773],[-121,1070]],[[109583,120843],[-28,200]],[[109555,121043],[1251,543]],[[110806,121586],[536,152]],[[115040,120826],[244,-849]],[[115284,119977],[-226,-571]],[[115058,119406],[-887,265]],[[113821,120858],[1219,-32]],[[115284,119977],[373,-190]],[[115657,119787],[-236,-561]],[[115421,119226],[-363,180]],[[116152,120809],[-495,-1022]],[[115040,120826],[1112,-17]],[[114670,121572],[78,-39]],[[114748,121533],[1465,-289]],[[116213,121244],[-61,-435]],[[113888,121759],[782,-187]],[[113467,122381],[1184,-57]],[[114651,122324],[19,-752]],[[113318,121803],[125,485]],[[113443,122288],[24,93]],[[112437,122174],[1006,114]],[[111342,121738],[111,374]],[[111453,122112],[984,62]],[[111453,122112],[251,858]],[[111704,122970],[733,-796]],[[110521,123697],[1274,-452]],[[111795,123245],[-91,-275]],[[110806,121586],[-285,2111]],[[111795,123245],[529,217]],[[112324,123462],[1143,-1081]],[[116213,121244],[699,-90],[-335,-2484]],[[115333,118904],[88,322]],[[114805,118925],[-1624,176]],[[93034,140985],[1864,-83]],[[94898,140902],[448,-1151]],[[95346,139751],[-215,-67]],[[95131,139684],[-2001,973]],[[93130,140657],[-96,328]],[[93589,138623],[-459,2034]],[[95131,139684],[-385,-494]],[[94746,139190],[-1157,-567]],[[94865,141643],[101,-744]],[[94966,140899],[-68,3]],[[93034,140985],[-814,-354]],[[92220,140631],[1676,2178]],[[93896,142809],[969,-1166]],[[93896,142809],[814,645]],[[94710,143454],[924,-1521]],[[95634,141933],[-769,-290]],[[95634,141933],[1633,-447],[428,-899]],[[97695,140587],[-1197,137]],[[96498,140724],[-1532,175]],[[96498,140724],[83,-830]],[[96581,139894],[-1235,-143]],[[96836,139740],[-255,154]],[[97695,140587],[49,-53]],[[97744,140534],[-908,-794]],[[96836,139740],[-749,-618]],[[96087,139122],[-1341,68]],[[93589,138623],[-125,-35]],[[93464,138588],[-1998,1026],[528,825]],[[91994,140439],[226,192]],[[66133,152537],[1112,1033]],[[67245,153570],[1674,-2113]],[[68919,151457],[-420,-166]],[[68499,151291],[-1265,370]],[[67234,151661],[-1101,876]],[[65659,152145],[474,392]],[[67234,151661],[-956,-261]],[[66278,151400],[-619,745]],[[68499,151291],[-1133,-1213]],[[67366,150078],[-428,230]],[[66938,150308],[-939,615]],[[65999,150923],[279,477]],[[68919,151457],[925,-1316]],[[69844,150141],[-1884,-1248]],[[67960,148893],[-209,432]],[[67751,149325],[-385,753]],[[67751,149325],[-801,-326]],[[66950,148999],[-334,161]],[[66616,149160],[-119,160]],[[66497,149320],[441,988]],[[66497,149320],[-520,704]],[[65977,150024],[-332,450]],[[65645,150474],[354,449]],[[64513,149565],[-29,-23]],[[64484,149542],[-594,736]],[[63890,150278],[1769,1867]],[[65645,150474],[-1132,-909]],[[64484,149542],[-1336,-349]],[[63148,149193],[742,1085]],[[65070,148841],[-24,35]],[[65046,148876],[-533,689]],[[65977,150024],[-460,-821]],[[65517,149203],[-447,-362]],[[66616,149160],[-203,-351]],[[66413,148809],[-896,394]],[[66413,148809],[-349,-361]],[[66064,148448],[-740,-328]],[[65324,148120],[-254,721]],[[63500,147085],[17,806]],[[63517,147891],[1529,985]],[[65324,148120],[-1042,-571]],[[64282,147549],[-782,-464]],[[63517,147891],[-696,-450]],[[62821,147441],[-608,679]],[[62213,148120],[935,1073]],[[61819,146275],[1002,1166]],[[63500,147085],[-309,-183]],[[63191,146902],[-1372,-627]],[[61819,146275],[-9,-436]],[[61810,145839],[174,-652]],[[61984,145187],[-1714,-775]],[[60270,144412],[-413,1094]],[[59857,145506],[2356,2614]],[[62691,144096],[-311,-333]],[[62380,143763],[-1564,-550],[-546,1199]],[[61984,145187],[707,-1091]],[[64086,146346],[142,-1258]],[[64228,145088],[-1537,-992]],[[61810,145839],[2276,507]],[[63191,146902],[895,-556]],[[64282,147549],[562,-747]],[[64844,146802],[-758,-456]],[[65324,148120],[485,-909]],[[65809,147211],[-965,-409]],[[66547,147849],[144,-283]],[[66691,147566],[-407,-138]],[[66284,147428],[-475,-217]],[[66064,148448],[483,-599]],[[66950,148999],[233,-333]],[[67183,148666],[-636,-817]],[[67960,148893],[26,-53]],[[67986,148840],[-803,-174]],[[69844,150141],[93,64]],[[69937,150205],[-106,-760]],[[69831,149445],[-1216,-876]],[[68615,148569],[-319,-204]],[[68296,148365],[-310,475]],[[71915,149807],[47,-272]],[[71962,149535],[-1142,-835]],[[70820,148700],[-308,-219]],[[70512,148481],[-681,964]],[[69937,150205],[1042,807],[936,-1205]],[[70512,148481],[-515,-357]],[[69997,148124],[-686,-479]],[[69311,147645],[-90,-2]],[[69221,147643],[-606,926]],[[69221,147643],[-543,-356]],[[68678,147287],[-711,-629]],[[67967,146658],[-287,667]],[[67680,147325],[616,1040]],[[67680,147325],[-989,241]],[[67967,146658],[-302,-419]],[[67665,146239],[-698,85]],[[66967,146324],[-683,1104]],[[66967,146324],[-629,-329]],[[66338,145995],[-529,1216]],[[66338,145995],[-2,-26]],[[66336,145969],[-646,230]],[[65690,146199],[-846,603]],[[65690,146199],[-543,-474]],[[65147,145725],[-919,-637]],[[65473,143831],[-520,-479]],[[64953,143352],[-1690,-1157]],[[63263,142195],[-883,1568]],[[64228,145088],[1245,-1257]],[[66068,144282],[-595,-451]],[[65147,145725],[726,-857]],[[65873,144868],[195,-586]],[[66336,145969],[-463,-1101]],[[66219,143982],[-151,300]],[[66336,145969],[1147,-169]],[[67483,145800],[56,-1061]],[[67539,144739],[-399,-220]],[[67140,144519],[-921,-537]],[[67665,146239],[-182,-439]],[[68678,147287],[966,-1102]],[[69644,146185],[-24,-20]],[[69620,146165],[-330,-227]],[[69290,145938],[-687,-461]],[[68603,145477],[-1064,-738]],[[69311,147645],[1352,-769]],[[70663,146876],[22,-16]],[[70685,146860],[-912,-766]],[[69773,146094],[-129,91]],[[67329,141351],[-1423,554],[-953,1447]],[[66219,143982],[514,-1335]],[[66733,142647],[596,-1296]],[[69773,146094],[1486,428]],[[71259,146522],[1741,-1002]],[[73000,145520],[-1265,207],[-1014,-1232],[384,-2140]],[[70786,142268],[-860,3030]],[[69926,145298],[-306,867]],[[73276,142920],[-941,-659]],[[73000,145520],[427,-222]],[[73427,145298],[388,-129]],[[73815,145169],[-1987,-1352],[1448,-897]],[[74030,147893],[140,-145]],[[74170,147748],[-1269,-1680],[526,-770]],[[71259,146522],[13,17]],[[71272,146539],[1424,1193]],[[72696,147732],[1334,161]],[[74170,147748],[995,-1566]],[[75165,146182],[69,-1215]],[[75234,144967],[-1419,202]],[[109704,119773],[-948,-208]],[[108756,119565],[-1960,-1077]],[[101735,118754],[-434,496]],[[101301,119250],[-94,2603]],[[101207,121853],[494,355]],[[101701,122208],[1909,1217]],[[103610,123425],[613,-2989]],[[104223,120436],[2284,-144],[1120,394]],[[107627,120686],[909,271]],[[108536,120957],[1019,86]],[[53932,121018],[1635,127]],[[55567,121145],[-166,-543]],[[55401,120602],[-437,-803]],[[54964,119799],[-425,-227]],[[54539,119572],[-607,1446]],[[55720,121154],[-153,-9]],[[53932,121018],[1542,1403]],[[55474,122421],[101,-348]],[[55575,122073],[145,-919]],[[56436,123148],[157,-447]],[[56593,122701],[-1018,-628]],[[55474,122421],[962,727]],[[55401,120602],[820,211]],[[56221,120813],[611,-945]],[[56832,119868],[-76,-241]],[[56756,119627],[-1792,172]],[[56972,121656],[108,72]],[[57080,121728],[390,-632]],[[57470,121096],[-281,-955]],[[57189,120141],[-357,-273]],[[56221,120813],[-145,239]],[[56076,121052],[896,604]],[[56076,121052],[-356,102]],[[56593,122701],[379,-1045]],[[57436,121964],[-356,-236]],[[56436,123148],[1000,-1184]],[[57436,121964],[34,-868]],[[58616,122739],[903,-11]],[[59519,122728],[-243,-599]],[[59276,122129],[-2087,-1988]],[[54539,119572],[-2225,957],[-1384,1547],[-1747,-1156]],[[49170,120940],[1327,1450]],[[50497,122390],[3455,1346],[966,2026]],[[54918,125762],[1694,562]],[[88745,121573],[485,1230]],[[89230,122803],[894,-14]],[[90124,122789],[800,-1011]],[[90924,121778],[-655,-479]],[[90269,121299],[-1524,274]],[[89435,119779],[-710,418]],[[88725,120197],[-571,341]],[[88154,120538],[591,1035]],[[90269,121299],[-834,-1520]],[[91312,120226],[-1565,-596]],[[89747,119630],[-312,149]],[[90924,121778],[388,-1552]],[[88154,120538],[-962,593]],[[87192,121131],[338,1069],[1700,603]],[[92206,121066],[-206,-1547]],[[92000,119519],[-688,707]],[[90124,122789],[-479,1777]],[[130925,218603],[95,-3501]],[[132803,215253],[-883,-194]],[[85838,169256],[-2033,1745]],[[83805,171001],[1465,2499]],[[76508,162573],[-935,-957]],[[75573,161616],[-969,622]],[[74604,162238],[-222,129]],[[74382,162367],[601,900]],[[74983,163267],[1525,-694]],[[76508,162573],[197,-306]],[[76705,162267],[-732,-1122]],[[75973,161145],[-400,471]],[[76051,159711],[-474,-153]],[[75577,159558],[-327,1456]],[[75250,161014],[323,602]],[[75973,161145],[78,-1434]],[[75250,161014],[-1017,-7]],[[74233,161007],[371,1231]],[[72845,161096],[968,1611]],[[73813,162707],[569,-340]],[[74233,161007],[-1388,89]],[[75577,159558],[-1391,-1583]],[[74186,157975],[-1995,2072]],[[72191,160047],[654,1049]],[[74383,163650],[600,-383]],[[73813,162707],[570,943]],[[76705,162267],[1646,940]],[[78351,163207],[-63,-1756]],[[78288,161451],[-361,-1865],[-1620,-253]],[[76307,159333],[-256,378]],[[76307,159333],[948,-644],[-59,-1487]],[[77196,157202],[-545,-686]],[[76651,156516],[-2465,1459]],[[88510,131384],[1719,-2066]],[[90229,129318],[-28,-19]],[[90201,129299],[-4555,-991]],[[85646,128308],[-40,-9]],[[85606,128299],[-1837,229]],[[83769,128528],[48,203]],[[122643,126480],[-1640,-52],[-310,-928]],[[120693,125500],[-2303,-1031],[86,-1474],[-1862,106]],[[116614,123101],[26,2600]],[[116640,125701],[2532,1144],[-570,1289]],[[118602,128134],[134,827],[1476,2050]],[[120212,131011],[1586,1797]],[[121798,132808],[1963,-1243],[1323,-166]],[[81003,156503],[-1090,-230]],[[79913,156273],[-496,787]],[[79417,157060],[54,22]],[[79471,157082],[1532,-579]],[[80015,157466],[1718,-433]],[[81733,157033],[-730,-530]],[[79471,157082],[-23,262]],[[79448,157344],[567,122]],[[79996,158284],[19,-818]],[[79448,157344],[-161,65]],[[79287,157409],[709,875]],[[79996,158284],[214,262]],[[80210,158546],[1564,-377]],[[81774,158169],[26,-189]],[[81800,157980],[-67,-947]],[[81733,157033],[616,-1487]],[[82349,155546],[23,-66]],[[82372,155480],[-778,-775]],[[81594,154705],[-1043,-852]],[[80551,153853],[-840,874],[202,1546]],[[77941,155830],[192,226]],[[78133,156056],[1284,1004]],[[80551,153853],[-1730,-1453]],[[78821,152400],[-400,1126]],[[78421,153526],[-480,2304]],[[78133,156056],[-937,1146]],[[77196,157202],[152,490]],[[77348,157692],[1939,-283]],[[80307,158713],[-97,-167]],[[77348,157692],[1953,1444],[1006,-423]],[[80605,159617],[1408,-225]],[[82013,159392],[-239,-1223]],[[80307,158713],[298,904]],[[76800,155362],[-149,1154]],[[77941,155830],[-1141,-468]],[[81800,157980],[318,55]],[[82118,158035],[1235,-278]],[[83353,157757],[772,-991],[-1776,-1220]],[[83353,157757],[290,489]],[[83643,158246],[1367,-682]],[[85010,157564],[611,-1440]],[[85621,156124],[-808,-2350]],[[84813,153774],[-639,731]],[[84174,154505],[-1802,975]],[[83364,159148],[131,-510]],[[83495,158638],[-1377,-603]],[[82013,159392],[1351,-244]],[[83495,158638],[148,-392]],[[84490,163838],[-52,12]],[[84438,163850],[-1915,1494]],[[82523,165344],[133,1288],[-895,871]],[[81761,167503],[2044,3498]],[[62578,133042],[1162,-1551],[2402,-907]],[[66142,130584],[-1098,-1103]],[[65044,129481],[-656,-644]],[[64388,128837],[-95,65]],[[64293,128902],[-1703,1020],[-1926,2133]],[[60664,132055],[482,847]],[[61146,132902],[616,725]],[[61762,133627],[816,-585]],[[56875,104587],[-611,1153],[-2687,1231]],[[54379,116484],[2635,-1527],[2014,-619],[1570,-1902],[1931,-1523],[1071,-1575]],[[63600,109338],[-1252,-1472]],[[62348,107866],[-4482,435],[-991,-3714]],[[63942,121335],[-2751,-1356]],[[61191,119979],[-1915,2150]],[[59519,122728],[2991,533]],[[62510,123261],[1432,-1926]],[[63269,124741],[-759,-1480]],[[62385,125270],[884,-529]],[[65435,124274],[153,-1652],[1260,-3074],[800,-1227]],[[67648,118321],[-1278,-800]],[[66370,117521],[-705,-64]],[[65665,117457],[-253,1726],[-1298,434],[-172,1718]],[[63269,124741],[2166,-467]],[[65665,117457],[-1754,-38],[-1173,-1909]],[[62738,115510],[-1145,327],[-1116,1324],[-1282,543]],[[59195,117704],[1996,2275]],[[59195,117704],[-883,53],[-1556,1870]],[[105853,158209],[1718,-1315]],[[107571,156894],[-1282,-631],[51,-1908],[-1315,-179]],[[105025,154176],[-1602,794],[-1458,-589],[-196,-1114],[-1091,-711]],[[97281,157073],[2161,839]],[[99442,157912],[1267,469],[4102,-966],[1042,794]],[[99169,158611],[-1938,879],[-427,2498]],[[100941,164167],[530,-2784]],[[101471,161383],[-2931,-926],[629,-1846]],[[101471,161383],[728,-15],[2012,-2334]],[[104211,159034],[1642,-825]],[[99442,157912],[-273,699]],[[93132,157648],[557,2706]],[[93689,160354],[1286,1437]],[[94975,161791],[1236,735]],[[89050,125766],[-465,1007]],[[88585,126773],[1376,132]],[[89961,126905],[2052,-173],[3798,892]],[[95811,127624],[1137,-1912]],[[96948,125712],[-24,-13]],[[96924,125699],[-2113,-447],[-670,360]],[[79292,165032],[-941,-1825]],[[74983,163267],[2848,4445]],[[77831,167712],[32,-1390],[1429,-1290]],[[83888,174152],[-1847,-2430],[-4210,-4010]],[[74383,163650],[2712,4908],[3443,7112]],[[81761,167503],[-2469,-2471]],[[78288,161451],[1044,482]],[[79332,161933],[785,-430]],[[80117,161503],[488,-1886]],[[73440,105715],[-624,-527]],[[72816,105188],[-1518,-26],[-1164,-2503],[-2635,-1070],[-3537,-559]],[[63962,101030],[297,3932],[1737,439],[1596,1169]],[[67592,106570],[744,-346],[3942,-64],[1162,-445]],[[63962,101030],[-2400,679]],[[61562,101709],[960,4102],[-174,2055]],[[63600,109338],[2644,-1531],[1348,-1237]],[[61562,101709],[-851,1420],[-2129,1059],[-1707,399]],[[75012,115387],[-723,-733]],[[74289,114654],[-2430,957],[771,2869],[-484,1202]],[[72146,119682],[1004,768],[1772,-121],[714,749]],[[75636,121078],[1199,-557]],[[76835,120521],[-81,-1323]],[[76754,119198],[-1291,-1073],[-101,-1292]],[[75362,116833],[-350,-1446]],[[76835,120521],[2694,334]],[[83961,120190],[485,-1244]],[[84446,118946],[-1082,-784]],[[83364,118162],[-3368,-4],[-1982,339],[-1260,701]],[[83364,118162],[662,-885]],[[84026,117277],[-1004,-1010],[-1415,658],[-615,-1085]],[[80992,115840],[-2410,49],[-3220,944]],[[80992,115840],[253,-384]],[[81245,115456],[-2191,-1095]],[[79054,114361],[-1173,1260],[-2083,-681],[-786,447]],[[85939,115895],[-912,-761],[48,-1400]],[[85075,113734],[-1536,177],[-2294,1545]],[[84026,117277],[1913,-1382]],[[86995,117528],[-1056,-1633]],[[84446,118946],[410,-673]],[[84856,118273],[2139,-745]],[[86995,117528],[1606,-604]],[[88890,108831],[-2318,2510],[1341,1058],[-2807,363],[-31,972]],[[74289,114654],[-177,-409]],[[74112,114245],[-1435,429],[-3751,346]],[[68926,115020],[1402,622],[756,1723],[-2483,1138]],[[68601,118503],[3545,1179]],[[67648,118321],[953,182]],[[68926,115020],[-1845,-283]],[[67081,114737],[-183,2171],[-528,613]],[[67561,111908],[-4721,1440],[-1200,1498],[1098,664]],[[67081,114737],[722,-1303],[-242,-1526]],[[66640,111342],[-926,-1446]],[[65714,109896],[-2190,1474],[332,649],[2784,-677]],[[74112,114245],[-499,-1143]],[[73613,113102],[-1435,-3782]],[[72178,109320],[-4617,2588]],[[66640,111342],[3374,-1344],[-1182,-1152],[-1301,63],[-1817,987]],[[105669,143201],[820,-2365]],[[106489,140836],[-1350,417]],[[105139,141253],[-605,1340],[1135,608]],[[106489,140836],[939,-1395]],[[103518,137381],[-568,714]],[[102950,138095],[-604,815],[2682,661],[-673,1355]],[[104355,140926],[784,327]],[[105669,143201],[1054,2118]],[[104355,140926],[-2999,-416],[-316,903]],[[101040,141413],[569,1223]],[[101609,142636],[1573,1835],[2665,1498]],[[96636,121893],[387,-603]],[[97023,121290],[-414,-842]],[[96609,120448],[-485,-1224]],[[92096,119096],[-96,423]],[[92928,122156],[1592,-842],[2116,579]],[[96841,146104],[-2255,-2613]],[[94586,143491],[-1853,416],[-1181,2236]],[[94710,143454],[-124,37]],[[100053,146169],[-416,-1893],[1403,-2863]],[[101040,141413],[-2214,-979],[-1082,100]],[[101530,146023],[-443,-1606],[522,-1781]],[[104182,146595],[2008,-48]],[[103216,146360],[966,235]],[[87192,121131],[-373,174]],[[86819,121305],[-1624,784]],[[83739,125092],[1370,502],[497,2705]],[[85646,128308],[847,-878],[2092,-657]],[[78156,128089],[-62,-21]],[[78094,128068],[-248,2491],[-542,65]],[[77304,130624],[2084,199]],[[79388,130823],[1031,-785]],[[80419,130038],[-2263,-1949]],[[78094,128068],[-497,-97]],[[77597,127971],[-1658,326]],[[75939,128297],[-343,1232],[-1162,122]],[[74434,129651],[266,717]],[[74700,130368],[1387,160]],[[76087,130528],[1217,96]],[[77501,135546],[209,-3085]],[[77710,132461],[-1954,-1478]],[[75756,130983],[-1191,1276]],[[74565,132259],[57,370]],[[74622,132629],[-1405,654]],[[73217,133283],[-399,-101]],[[72818,133182],[-651,2002]],[[72167,135184],[1627,302]],[[74137,135689],[1384,904]],[[75521,136593],[1274,-1530],[706,483]],[[75050,133945],[1372,831],[-435,674],[-1377,-668],[440,-837]],[[79465,132827],[-77,-2004]],[[76087,130528],[-331,455]],[[77710,132461],[1755,366]],[[82087,135113],[299,-1659]],[[82386,133454],[-2921,-627]],[[77501,135546],[343,863]],[[77844,136409],[612,510]],[[78456,136919],[874,-716]],[[79330,136203],[1988,-1258],[769,168]],[[82386,133454],[640,-2361],[-281,-855],[117,-898],[440,-932]],[[83302,128408],[-1740,-39]],[[81562,128369],[-1143,1669]],[[80757,125518],[-926,817],[222,1413],[-1897,341]],[[81562,128369],[568,-1835],[-1373,-1016]],[[83302,128408],[467,120]],[[81382,124563],[-625,955]],[[71979,127334],[1404,-140],[-899,-1478]],[[72484,125716],[-505,1618]],[[82087,135113],[1651,966]],[[83738,136079],[663,1193],[2578,1171],[299,-695]],[[87278,137748],[-1054,-2505]],[[82961,130187],[-79,-437],[143,-52]],[[78974,123849],[-2761,489]],[[76213,124338],[884,1305],[500,2328]],[[72279,121687],[-1570,505]],[[70709,122192],[-1435,1468]],[[69274,123660],[-275,542]],[[68999,124202],[-328,838]],[[68671,125040],[3764,631]],[[72435,125671],[185,-1079]],[[72620,124592],[-341,-2905]],[[59208,135674],[100,-1251],[1838,-1521]],[[60664,132055],[-1460,916]],[[59204,132971],[-4612,3631],[-2685,1514]],[[51907,138116],[889,-309],[2153,1778]],[[54949,139585],[1306,-2155],[2953,-1756]],[[74700,130368],[-132,310]],[[74568,130678],[-3,1581]],[[75939,128297],[-1515,-110]],[[74424,128187],[-82,182]],[[74342,128369],[-18,1218]],[[74324,129587],[110,64]],[[76213,124338],[-769,415]],[[75444,124753],[-2824,-161]],[[72435,125671],[49,45]],[[71979,127334],[-435,714]],[[71544,128048],[1505,-308],[1375,447]],[[71461,128069],[83,-21]],[[68671,125040],[-712,2544]],[[67959,127584],[2078,308]],[[70037,127892],[1424,177]],[[64388,128837],[1395,-777],[2176,-476]],[[68999,124202],[-3564,72]],[[55996,131874],[-2547,572],[-3014,-380],[-4691,-1666]],[[45744,130400],[-580,483],[1985,3497],[-628,1432],[603,1707],[2278,1475],[2505,-878]],[[59204,132971],[1875,-2162],[594,-2159],[2212,-781],[408,1033]],[[74622,132629],[-822,-367],[-583,1021]],[[69926,145298],[-119,-261]],[[69807,145037],[-517,901]],[[69807,145037],[22,-615]],[[69829,144422],[-656,-7]],[[69173,144415],[-570,1062]],[[69173,144415],[-811,-929]],[[68362,143486],[-823,1253]],[[68362,143486],[-439,-336]],[[67923,143150],[-783,1369]],[[67923,143150],[-1190,-503]],[[67923,143150],[891,-1513]],[[68814,141637],[323,-522]],[[68580,140731],[-1102,335]],[[67478,141066],[-149,285]],[[68362,143486],[452,-1849]],[[69829,144422],[284,-2619]],[[73662,130265],[-46,-607]],[[73616,129658],[-34,595]],[[73582,130253],[80,12]],[[73662,130265],[368,354]],[[74030,130619],[74,207]],[[74104,130826],[464,-148]],[[74324,129587],[-708,71]],[[73616,129658],[428,-524]],[[74044,129134],[-297,67]],[[73747,129201],[-737,852]],[[73010,130053],[572,200]],[[73747,129201],[-1723,136]],[[72024,129337],[986,716]],[[71461,128069],[-66,1045]],[[71395,129114],[125,20]],[[71520,129134],[504,203]],[[74044,129134],[298,-765]],[[71520,129134],[1392,1857],[1118,-372]],[[70895,130952],[54,1151]],[[70949,132103],[14,24]],[[70963,132127],[2211,-80]],[[73174,132047],[930,-1221]],[[71395,129114],[-133,588]],[[71262,129702],[-367,1250]],[[73174,132047],[-356,1135]],[[70963,132127],[-782,1757]],[[70181,133884],[1986,1300]],[[106412,131982],[-370,37]],[[106042,132019],[-635,200]],[[105407,132219],[-2140,-126]],[[102954,135606],[1717,-1716],[917,618]],[[96609,120448],[1946,-528]],[[98555,119920],[-512,-1065]],[[98555,119920],[1452,-267]],[[100007,119653],[-540,-1274]],[[100007,119653],[1294,-403]],[[97023,121290],[925,428],[3259,135]],[[80731,110268],[639,-2826],[1153,-1486]],[[82523,105956],[-1558,281],[-3103,1236],[-3543,541],[-2141,1306]],[[73613,113102],[2296,-911],[900,347],[2910,-1108],[1012,-1162]],[[79054,114361],[306,-2296],[1233,-512],[138,-1285]],[[69158,122409],[-528,-535]],[[68630,121874],[-228,-12]],[[68402,121862],[-1026,398]],[[67376,122260],[-111,467]],[[67265,122727],[1278,425]],[[68543,123152],[615,-743]],[[67265,122727],[-429,748],[1444,275],[263,-598]],[[70063,120698],[-460,647]],[[69603,121345],[-48,553]],[[69555,121898],[988,-49]],[[70543,121849],[-480,-1151]],[[68630,121874],[33,-583]],[[68663,121291],[-1149,-124]],[[67514,121167],[-192,868]],[[67322,122035],[1080,-173]],[[69158,122409],[397,-511]],[[69603,121345],[-882,-50]],[[68721,121295],[-58,-4]],[[68910,120417],[-189,878]],[[70063,120698],[-1153,-281]],[[67322,122035],[54,225]],[[68910,120417],[-1396,750]],[[68543,123152],[731,508]],[[70709,122192],[-166,-343]],[[72279,121687],[2724,-246]],[[75003,121441],[633,-363]],[[75003,121441],[-647,2668],[1088,644]],[[50497,122390],[-64,721],[-2329,3622],[-29,790],[1260,1820]],[[49335,129343],[5338,-1871],[245,-1710]],[[49335,129343],[-442,1775],[-3149,-718]],[[88671,108056],[-4527,-1825],[-1621,-275]],[[123884,135219],[-1301,-936],[-785,-1475]],[[121798,132808],[-3215,989]],[[118583,133797],[648,1075],[-680,1363],[-990,125]],[[122670,138988],[-1920,-3193],[1716,-681],[1418,105]],[[125511,135619],[-1627,-400]],[[69859,128575],[-1507,601]],[[68352,129176],[401,1006]],[[68753,130182],[689,258]],[[69442,130440],[98,-531]],[[69540,129909],[319,-1334]],[[66142,130584],[22,23]],[[66164,130607],[2589,-425]],[[68352,129176],[-147,-744],[-3161,1049]],[[69859,128575],[178,-683]],[[69540,129909],[1722,-207]],[[69442,130440],[1453,512]],[[69118,131561],[1831,542]],[[69442,130440],[-324,1121]],[[69118,131561],[-794,1259]],[[68324,132820],[1857,1064]],[[66164,130607],[2089,2338]],[[68253,132945],[71,-125]],[[102950,138095],[-2224,-69],[-814,-952]],[[99912,137074],[-3250,1635]],[[96662,138709],[-575,413]],[[99230,138597],[146,-371],[471,135],[-227,359],[-390,-123]],[[94851,137222],[1811,1487]],[[99912,137074],[2038,-1549]],[[78421,153526],[-2716,-3024]],[[75705,150502],[-1808,1183]],[[73897,151685],[833,1137]],[[74730,152822],[2070,2540]],[[91994,140439],[-278,1253],[-1800,-1355]],[[89916,140337],[-2711,2242]],[[87205,142579],[725,1522],[38,2256]],[[87968,146357],[-19,1282]],[[87949,147639],[1258,-85]],[[67245,153570],[3242,4136]],[[70487,157706],[4243,-4884]],[[73897,151685],[-1982,-1878]],[[70487,157706],[1704,2341]],[[107633,149593],[-145,-1277],[914,-1620]],[[104182,146595],[1227,718],[29,1880]],[[105438,149193],[2195,400]],[[102880,150663],[2566,-1169]],[[105446,149494],[-8,-301]],[[107633,149593],[892,811],[2191,145]],[[110716,150549],[296,-865],[-1157,-2149]],[[105025,154176],[169,-1911],[781,-1939],[-529,-832]],[[111082,153057],[-1141,-669],[775,-1839]],[[107571,156894],[1183,-2]],[[79982,144387],[-1097,117]],[[78885,144504],[429,1434]],[[79314,145938],[1238,426]],[[80552,146364],[1039,-905]],[[81591,145459],[-1609,-1072]],[[78885,144504],[-579,77]],[[78306,144581],[-821,634],[750,1191]],[[78235,146406],[1079,-468]],[[81296,147977],[-127,-147]],[[81169,147830],[-617,-1466]],[[78235,146406],[200,660],[2861,911]],[[82342,146455],[-751,-996]],[[81169,147830],[1173,-1375]],[[82919,147248],[-577,-793]],[[81296,147977],[1651,-504]],[[82947,147473],[-28,-225]],[[80198,142705],[-1242,-13]],[[78956,142692],[-1256,792]],[[77700,143484],[606,1097]],[[79982,144387],[216,-1682]],[[82827,144520],[-638,468]],[[82189,144988],[153,1467]],[[82919,147248],[1597,-1334]],[[84516,145914],[-852,-1378],[-837,-16]],[[82116,143948],[-1243,-1254]],[[80873,142694],[-675,11]],[[82189,144988],[-73,-1040]],[[77700,143484],[-1389,1309]],[[76311,144793],[-1077,174]],[[75165,146182],[2418,1728],[2518,1257]],[[80101,149167],[842,359],[1775,-1450]],[[82718,148076],[229,-603]],[[82827,144520],[-711,-572]],[[81594,154705],[2185,-1227]],[[83779,153478],[-672,-1140],[29,-1394]],[[83136,150944],[30,-2489],[-448,-379]],[[80101,149167],[-1280,3233]],[[84174,154505],[-395,-1027]],[[91203,118625],[-772,579]],[[90431,119204],[-684,426]],[[90632,118051],[-351,-49]],[[90281,118002],[-629,291]],[[89652,118293],[779,911]],[[89652,118293],[-690,938]],[[88962,119231],[-237,966]],[[88702,118528],[-1759,276]],[[86943,118804],[689,951],[1250,-548]],[[88882,119207],[-180,-679]],[[88882,119207],[80,24]],[[90281,118002],[-1584,-11]],[[88697,117991],[5,537]],[[88697,117991],[-1754,813]],[[84856,118273],[1157,518],[806,2514]],[[84687,121406],[532,-593],[-544,-495],[-445,302]],[[89961,126905],[240,2394]],[[90229,129318],[2250,1029],[1103,1125]],[[97148,128467],[-1337,-843]],[[88636,131654],[951,340],[913,1955],[-997,1456],[1180,625]],[[90683,136030],[86,43]],[[90769,136073],[1999,-1745]],[[90769,136073],[1300,579],[1395,1936]],[[155336,240689],[3100,696]],[[158699,234526],[-1963,-1028]],[[156736,233498],[-1368,1196],[-3180,1650]],[[152188,236344],[3289,3173],[-141,1172]],[[153338,244211],[360,-272]],[[153698,243939],[1638,-3250]],[[152188,236344],[-2044,-647]],[[150144,235697],[-1221,760]],[[150144,235697],[-763,-1016],[-345,-1794]],[[149036,232887],[-3146,1022],[-839,-453]],[[156736,233498],[-1988,-196],[-1176,-1692],[-1495,-126],[-3041,1403]],[[30670,82898],[-343,-1600],[691,-3306]],[[31018,77992],[-2241,-108],[-358,-1220],[2257,-277]],[[30676,76387],[-1213,-2077]],[[29463,74310],[-1582,623],[-1337,-365],[-1344,1769]],[[25200,76337],[-153,426]],[[25047,76763],[-372,512]],[[24675,77275],[-234,1737]],[[24441,79012],[437,438]],[[24878,79450],[343,981]],[[25221,80431],[-601,1500]],[[24620,81931],[-123,596]],[[24497,82527],[-262,894]],[[24235,83421],[445,1352]],[[24680,84773],[4315,-566],[1675,-1309]],[[24413,81686],[239,-424]],[[24652,81262],[-239,424]],[[39026,81861],[-377,-1056],[1413,-1226],[-233,-804]],[[39829,78775],[-309,-759]],[[39520,78016],[-2032,458],[-1782,-311],[-1057,-2319]],[[34649,75844],[-454,-138]],[[34195,75706],[-1020,2433],[-2157,-147]],[[30670,82898],[2136,-419]],[[32806,82479],[1296,172],[2669,-526]],[[36771,82125],[1208,-155]],[[37979,81970],[1047,-109]],[[39520,78016],[297,-1137],[-1011,-2031]],[[38806,74848],[-4157,996]],[[34195,75706],[-1739,-428],[-787,1306],[-993,-197]],[[38806,74848],[-839,-2338],[-2015,317],[-937,-664],[-3198,-549],[-2354,2696]],[[36017,86024],[2112,1123],[1424,26],[518,-1028]],[[40071,86145],[-1205,-551],[83,-1826],[-970,-1798]],[[36771,82125],[-630,403],[-124,3496]],[[36017,86024],[-26,2677]],[[35991,88701],[4144,383],[957,-2113]],[[41092,86971],[-616,-755]],[[40476,86216],[-405,-71]],[[40476,86216],[875,-958],[-154,-1421]],[[41197,83837],[-1220,-572],[-951,-1404]],[[41092,86971],[2092,209]],[[43184,87180],[-701,-2485]],[[42483,84695],[-1286,-858]],[[27586,86307],[1915,129],[269,-981],[2175,-1002]],[[31945,84453],[1164,-496]],[[33109,83957],[-303,-1478]],[[24680,84773],[2782,1048],[124,486]],[[32022,84445],[1087,-488]],[[31945,84453],[77,-8]],[[32022,84445],[3995,1579]],[[35862,88860],[113,7]],[[35975,88867],[16,-166]],[[27586,86307],[-1203,822]],[[26383,87129],[473,1799],[1313,766],[2633,-764],[1972,905],[3088,-975]],[[31264,87669],[398,604],[-567,-114],[169,-490]],[[29394,90102],[457,-311]],[[29851,89791],[-457,311]],[[148085,121565],[859,365]],[[148944,121930],[-410,-2008]],[[148534,119922],[-923,-1512]],[[147611,118410],[-1847,-805]],[[145764,117605],[-1412,177],[-775,808]],[[143577,118590],[2463,1950],[2045,1025]],[[155035,121167],[-3143,582]],[[151892,121749],[-1225,692]],[[150667,122441],[863,599]],[[151530,123040],[1333,466]],[[155958,119670],[-1464,2]],[[154494,119672],[-1687,-357]],[[152807,119315],[-196,1796],[-719,638]],[[149020,126450],[2321,630]],[[152182,126371],[-822,-878],[170,-2453]],[[150667,122441],[-992,-332]],[[149675,122109],[-747,1465],[92,2876]],[[144721,125201],[431,-1049],[2116,-1014],[817,-1573]],[[143577,118590],[-236,303]],[[152807,119315],[-1141,-929]],[[151666,118386],[-1284,311],[-1848,1225]],[[148944,121930],[731,179]],[[146730,126419],[2290,31]],[[45041,57770],[-1685,-66]],[[43356,57704],[-137,4230]],[[43219,61934],[1020,844],[2182,-1227],[883,897]],[[47304,62448],[2088,106]],[[49392,62554],[1889,-1533]],[[51281,61021],[-2390,-1330],[459,-2129]],[[49350,57562],[-384,-32]],[[48966,57530],[-2407,1289],[-1518,-1049]],[[49028,55821],[-1818,-202]],[[47210,55619],[-2169,2151]],[[48966,57530],[62,-1709]],[[49186,55969],[164,1593]],[[51281,61021],[201,80]],[[51482,61101],[1296,-2683]],[[52778,58418],[-3592,-2449]],[[54113,65744],[-108,-2348],[-2523,-2295]],[[49392,62554],[-263,1200]],[[49129,63754],[650,2955],[2750,991]],[[52529,67700],[1584,-1956]],[[47210,55619],[-2246,-276]],[[44964,55343],[-740,121]],[[44224,55464],[-867,720]],[[43357,56184],[-1,1520]],[[54113,65744],[1244,1403],[1443,111],[541,2176],[1834,455],[1972,-3006],[-4815,-5964],[-3554,-2501]],[[49186,55969],[-158,-148]],[[48358,69135],[-1381,-2048]],[[46977,67087],[-1940,2183]],[[45037,69270],[-49,1767],[-1586,2657]],[[43402,73694],[2770,-650],[2186,-3909]],[[48358,69135],[2446,-297],[1725,-1138]],[[49129,63754],[-2694,1260]],[[46435,65014],[394,1229]],[[46829,66243],[148,844]],[[47304,62448],[-924,1008],[55,1558]],[[43219,61934],[-1444,444]],[[41775,62378],[-232,751]],[[41543,63129],[552,2403],[-119,2037]],[[41976,67569],[1776,-1342],[3077,16]],[[41750,68469],[1992,49],[1295,752]],[[41976,67569],[-226,900]],[[41750,68469],[140,652]],[[41890,69121],[764,2274],[-137,1336],[885,963]],[[40780,69174],[1089,-45]],[[41869,69129],[-1089,45]],[[42483,84695],[2967,-1043]],[[45450,83652],[15,-1122]],[[45465,82530],[19,-1445]],[[45484,81085],[-2156,-1173]],[[43328,79912],[-2922,-1509],[-577,372]],[[43184,87180],[2923,-976]],[[46107,86204],[-657,-2552]],[[45484,81085],[53,-1649],[-1009,-775]],[[44528,78661],[-1200,1251]],[[156694,249769],[-485,1361],[1353,1773]],[[159251,250952],[-342,-1299],[-2215,116]],[[160961,251056],[867,-2283]],[[161839,246420],[-4249,-119],[96,-593],[-3765,-457],[-223,-1312]],[[152591,244781],[221,1855],[1145,-119],[724,2520]],[[154681,249037],[2013,732]],[[158631,256898],[-294,615]],[[149451,249998],[1685,63],[1175,706],[2308,-628],[62,-1102]],[[149427,250024],[-356,1552],[794,1102],[1457,335],[45,2269]],[[152317,255901],[1356,-560],[23,-1939],[3468,-197]],[[152596,256517],[1855,1064],[1183,109]],[[19166,84515],[-904,-514]],[[18262,84001],[-716,577]],[[17546,84578],[1620,-63]],[[17546,84578],[-1466,112]],[[16080,84690],[-127,123]],[[15953,84813],[-302,632],[1074,2781]],[[16725,88226],[1479,352]],[[18204,88578],[400,-1128],[1146,56]],[[19750,87506],[1731,-794]],[[21481,86712],[-1156,-1261]],[[20325,85451],[-1159,-936]],[[18262,84001],[-858,-1659]],[[17404,82342],[-163,-411]],[[17241,81931],[-851,449]],[[16390,82380],[-310,2310]],[[19828,82031],[-2424,311]],[[20325,85451],[1202,-1165]],[[21527,84286],[-1699,-2255]],[[21527,84286],[2708,-865]],[[24497,82527],[-2953,-1480]],[[21544,81047],[-1716,984]],[[21481,86712],[1523,1662]],[[23004,88374],[1395,-2390],[1984,1145]],[[106228,122006],[1578,1499]],[[107806,123505],[413,8]],[[108219,123513],[-1792,-1814]],[[106427,121699],[-199,307]],[[104223,120436],[1150,134],[855,1436]],[[106427,121699],[1200,-1013]],[[107627,120686],[855,658]],[[108482,121344],[54,-387]],[[109140,124789],[40,-161]],[[109180,124628],[30,-459]],[[109210,124169],[-991,-656]],[[107806,123505],[1334,1284]],[[107506,126129],[1161,279]],[[108667,126408],[473,-1619]],[[103610,123425],[1211,715]],[[104821,124140],[2685,1989]],[[109210,124169],[113,-838]],[[109323,123331],[176,-1448],[-1017,-539]],[[114413,125187],[2227,514]],[[116614,123101],[-1502,-66],[-461,-711]],[[112324,123462],[654,1323],[1435,402]],[[114440,127987],[-27,-2800]],[[110521,123697],[1545,606],[-8,1507]],[[112058,125810],[951,1606]],[[113009,127416],[1431,571]],[[110521,123697],[-1198,-366]],[[109180,124628],[1070,1540],[1808,-358]],[[111205,131489],[141,-235]],[[111346,131254],[432,-1763],[1205,-901],[26,-1174]],[[108667,126408],[1128,1533],[-522,1917]],[[109273,129858],[1348,1106]],[[110621,130964],[584,525]],[[98736,126098],[1651,-136],[520,-1410]],[[100907,124552],[552,-1647]],[[101459,122905],[-1802,344],[-3159,-632]],[[96498,122617],[-189,1058],[615,2024]],[[96948,125712],[1788,386]],[[104355,125943],[-3448,-1391]],[[98736,126098],[565,871],[3111,1373],[713,779]],[[103125,129121],[893,-1094]],[[104018,128027],[-637,-530],[974,-1554]],[[106899,128149],[-327,1131]],[[106572,129280],[2701,578]],[[107506,126129],[-607,2020]],[[104355,125943],[466,-1803]],[[101701,122208],[-242,697]],[[104018,128027],[410,-455],[2471,577]],[[96498,122617],[138,-724]],[[106325,130033],[247,-753]],[[103125,129121],[-1676,1200]],[[105407,132219],[918,-2186]],[[109745,133390],[876,-2426]],[[106325,130033],[-283,1986]],[[48842,84238],[149,-2210],[515,-1133]],[[49506,80895],[-2424,-136],[-750,1836],[-867,-65]],[[46107,86204],[2027,-1919],[708,-47]],[[48842,84238],[61,-69]],[[48903,84169],[-61,69]],[[49506,80895],[1098,-1538]],[[50604,79357],[-971,-2345]],[[49633,77012],[-1136,-834]],[[48497,76178],[-1174,381],[-2795,2102]],[[55282,76308],[-837,-1296],[-1230,-242],[-68,-1864]],[[53147,72906],[-2776,820]],[[50371,73726],[1662,1309],[-2400,1977]],[[50604,79357],[878,-1393],[2739,-1694],[1061,38]],[[50371,73726],[-1853,1373],[-21,1079]],[[61098,82533],[2347,-5495]],[[63445,77038],[695,-1625],[-868,-969],[706,-3871]],[[63978,70573],[337,-622]],[[64315,69951],[-2484,-87],[-818,2229],[-1760,557],[-484,798],[-2964,-1276],[-2658,734]],[[55282,76308],[2256,1259],[2956,-595],[-288,5433]],[[60206,82405],[892,128]],[[118583,133797],[-898,-1827]],[[117685,131970],[-648,-1062],[-1693,-872]],[[115344,130036],[-622,2564],[-570,599]],[[114152,133199],[-1135,1427]],[[114152,133199],[-2806,-1945]],[[111205,131489],[-131,1472],[1083,1441]],[[115344,130036],[495,-1869]],[[115839,128167],[-1399,-180]],[[120212,131011],[-2527,959]],[[118602,128134],[-2763,33]],[[145085,259589],[-2387,2328],[-344,1206]],[[142354,263123],[713,3831]],[[149736,265728],[379,-890],[-916,-1813],[1217,-1602],[-1652,-1599],[-1585,478],[-525,-1168],[-1569,455]],[[148717,257504],[-1885,-426],[-1772,605]],[[145060,257683],[25,1906]],[[145060,257683],[-300,-282]],[[144760,257401],[-3062,85]],[[141698,257486],[-785,2757],[-2452,-1995],[-3137,-765],[-8689,-7499]],[[126577,250052],[8559,7440],[3696,1192],[1977,1925],[74,1461],[1471,1053]],[[145559,249286],[3,1224],[801,3513],[-164,1369],[-1081,675]],[[145118,256067],[-358,1334]],[[145118,256067],[-1057,-530],[-1709,123]],[[142352,255660],[-654,1826]],[[142756,251307],[-1171,3278],[767,1075]],[[33306,66327],[-18,-415]],[[33288,65912],[-484,-562]],[[32804,65350],[-193,-706]],[[32611,64644],[-390,1471]],[[32221,66115],[1085,212]],[[32978,64939],[-57,-812]],[[32921,64127],[-246,177]],[[32675,64304],[-64,340]],[[32804,65350],[174,-411]],[[32978,64939],[205,-415]],[[33183,64524],[514,-1157]],[[33697,63367],[-776,760]],[[33697,63367],[-10,-38]],[[33687,63329],[214,-1646]],[[33901,61683],[-670,-325]],[[33231,61358],[-556,2946]],[[33687,63329],[804,-428]],[[34491,62901],[280,-463]],[[34771,62438],[-870,-755]],[[34083,63705],[109,-204]],[[34192,63501],[299,-600]],[[33697,63367],[386,338]],[[33183,64524],[412,277]],[[33595,64801],[174,-433]],[[33769,64368],[110,-232]],[[33879,64136],[204,-431]],[[32978,64939],[517,268]],[[33495,65207],[100,-406]],[[33288,65912],[207,-705]],[[34080,66000],[21,-545]],[[34101,65455],[-606,-248]],[[33306,66327],[774,-327]],[[34101,65455],[268,-636]],[[34369,64819],[-53,-169]],[[34316,64650],[-547,-282]],[[34316,64650],[22,-284]],[[34338,64366],[-459,-230]],[[34338,64366],[266,-651]],[[34604,63715],[-412,-214]],[[35174,63912],[530,-541]],[[35704,63371],[-933,-933]],[[34604,63715],[570,197]],[[34808,65200],[366,-1288]],[[34369,64819],[229,623]],[[34598,65442],[210,-242]],[[34806,65954],[-208,-512]],[[34080,66000],[726,-46]],[[34806,65954],[698,104]],[[35504,66058],[-696,-858]],[[35704,63371],[745,-1084]],[[36449,62287],[-77,-468]],[[36372,61819],[-590,-460]],[[35782,61359],[187,-208]],[[35969,61151],[31,-1814]],[[36000,59337],[-1229,3101]],[[35863,61414],[-81,-55]],[[36372,61819],[-509,-405]],[[22675,65739],[521,-196],[-422,-586],[-772,694],[673,88]],[[20165,67055],[198,49]],[[20363,67104],[643,162],[-93,-218],[-748,7]],[[23460,69421],[2331,-1761]],[[25791,67660],[532,-915]],[[26323,66745],[-1177,-1170],[-449,-1571]],[[24697,64004],[-1806,686],[-1421,-179],[-1472,2482]],[[19998,66993],[167,62]],[[20363,67104],[754,917],[2358,80],[-15,1320]],[[29319,62461],[-389,266]],[[28930,62727],[-164,1284],[1105,-148],[-552,-1402]],[[26323,66745],[2396,-1032]],[[28719,65713],[-1693,-876],[-811,-1201]],[[26215,63636],[-67,12]],[[26148,63648],[-1451,356]],[[25791,67660],[3075,67],[1910,-662]],[[30776,67065],[-578,-1606],[-1479,254]],[[26215,63636],[2715,-909]],[[29319,62461],[841,-547],[3071,-556]],[[33231,61358],[179,-1063]],[[33410,60295],[-919,-389]],[[32491,59906],[-2882,905]],[[29609,60811],[-2922,1747],[-539,1090]],[[30776,67065],[1445,-950]],[[33410,60295],[167,-983]],[[33577,59312],[-835,-517]],[[32742,58795],[-251,1111]],[[36000,59337],[-168,-815]],[[35832,58522],[-2255,790]],[[39294,63316],[-264,-602],[-838,660]],[[38192,63374],[1102,-58]],[[38512,65090],[518,-403],[-400,-148],[-118,551]],[[41869,69129],[21,-8]],[[41543,63129],[-650,88]],[[40893,63217],[-291,29]],[[40602,63246],[-1308,70]],[[38192,63374],[-2488,-3]],[[35504,66058],[3511,2662],[1765,454]],[[40893,63217],[-169,-189],[-122,218]],[[41775,62378],[-2307,-983],[-681,576],[-1451,-842]],[[37336,61129],[-887,1158]],[[38265,59465],[1250,-1684],[-869,-1019]],[[38646,56762],[-112,-25]],[[38534,56737],[-138,-31]],[[38396,56706],[-131,2759]],[[35863,61414],[106,-263]],[[37336,61129],[929,-1664]],[[38396,56706],[-3451,-746]],[[34945,55960],[887,2562]],[[43356,57704],[-4710,-942]],[[43591,54512],[-1550,-1089]],[[42041,53423],[-1253,1002]],[[40788,54425],[1280,356]],[[42068,54781],[1330,-91]],[[43398,54690],[193,-178]],[[44224,55464],[-826,-774]],[[42068,54781],[451,490]],[[42519,55271],[838,913]],[[44964,55343],[-1373,-831]],[[40788,54425],[-1359,-644]],[[39429,53781],[-567,1105]],[[38862,54886],[110,681]],[[38972,55567],[2559,179],[988,-475]],[[38972,55567],[-438,1170]],[[42041,53423],[-421,-915],[-1586,-404],[-443,936]],[[39591,53040],[-162,741]],[[36697,53369],[1651,1754]],[[38348,55123],[-1277,-2206]],[[37071,52917],[-374,452]],[[38862,54886],[-514,237]],[[36697,53369],[-1657,-997]],[[35040,52372],[-212,726],[1927,1494],[-1810,1368]],[[36256,51947],[765,-762]],[[37021,51185],[-494,-289],[-271,1051]],[[39591,53040],[-778,-1371],[-1792,-484]],[[36256,51947],[815,970]],[[29828,55173],[1414,-264]],[[31242,54909],[-92,-453]],[[31150,54456],[-89,-425]],[[31061,54031],[-69,-329]],[[30992,53702],[-1202,-123]],[[29790,53579],[38,1594]],[[32663,57594],[-625,616]],[[32038,58210],[697,-387],[-72,-229]],[[30992,53702],[-172,-1261]],[[30820,52441],[-1030,1138]],[[32742,58795],[-704,-585]],[[32663,57594],[-568,-1132]],[[32095,56462],[-1980,218]],[[30115,56680],[-1002,1284]],[[29113,57964],[496,2847]],[[32095,56462],[-853,-1553]],[[29828,55173],[287,1507]],[[31150,54456],[1949,667],[185,-807],[-1166,-586],[-1057,301]],[[33577,59312],[-914,-1718]],[[35040,52372],[-2761,-436],[-1459,505]],[[28331,60521],[-709,-807],[-454,737],[1163,70]],[[29113,57964],[-1527,790],[-4297,849]],[[23289,59603],[915,1390],[-138,2370],[631,641]],[[55747,93333],[1471,-146],[-170,-3479],[2088,136],[2208,-1940]],[[61344,87904],[-933,-2571]],[[60411,85333],[687,-2800]],[[60206,82405],[-238,496],[-2723,1271],[158,1325],[-831,900]],[[56572,86397],[-125,3650],[-781,712],[81,2574]],[[54599,95337],[281,-366]],[[54880,94971],[867,-1638]],[[56572,86397],[-1986,382]],[[54586,86779],[-184,1982],[-1964,1232]],[[52438,89993],[-838,1095],[558,1698]],[[52158,92786],[889,-110],[1800,1624],[-248,1037]],[[54586,86779],[-4005,48],[-574,732]],[[50007,87559],[571,1459],[1860,975]],[[50007,87559],[-1375,2265],[-1475,477],[-38,950]],[[47119,91251],[1043,1086],[-588,1153],[1531,472]],[[49105,93962],[2978,235],[75,-1411]],[[47119,91251],[-2947,1829],[433,1309],[2377,426],[1460,790]],[[48442,95605],[663,-1643]],[[48442,95605],[2175,960],[1791,-386],[817,-837],[1374,-5]],[[57431,95820],[1111,-190]],[[58542,95630],[539,-2245],[2095,-2677],[423,-1341]],[[61599,89367],[-236,-1413]],[[61363,87954],[-19,-50]],[[54880,94971],[2551,849]],[[53578,97673],[3203,1100],[205,821]],[[56986,99594],[1783,-659]],[[58769,98935],[73,-42]],[[58842,98893],[436,412],[2551,-619]],[[61829,98686],[-1594,-681],[-1610,-2013]],[[58625,95992],[-83,-362]],[[57431,95820],[-586,752],[-2719,-96],[-548,1197]],[[53578,97673],[-1228,835],[29,1313],[1372,1173],[1175,-137],[2060,-1263]],[[19949,91738],[428,-164]],[[20377,91574],[2131,-1779],[496,-1421]],[[19750,87506],[883,2483],[-684,1749]],[[19161,91497],[788,241]],[[18204,88578],[957,2919]],[[15896,95116],[1081,139],[2947,-767]],[[19924,94488],[79,-212]],[[20003,94276],[-509,-1357],[883,-1345]],[[19161,91497],[-2331,1065]],[[16830,92562],[-987,1171],[53,1383]],[[23319,95858],[-3,2120],[1066,1617],[1611,1589]],[[25993,101184],[196,-1]],[[26189,101183],[-399,-1475],[-2204,-1988],[-267,-1862]],[[16725,88226],[-1064,2861]],[[15661,91087],[1169,1475]],[[11599,92961],[472,-1742]],[[12071,91219],[-2769,-1203],[-525,-599]],[[8777,89417],[-1024,1087]],[[7753,90504],[3846,2457]],[[11599,92961],[2946,1721],[1351,434]],[[15661,91087],[-2711,-1104]],[[12950,89983],[-879,1236]],[[12950,89983],[24,-1433]],[[12974,88550],[-2400,-174],[-529,-1050]],[[10045,87326],[-791,504]],[[9254,87830],[-477,1587]],[[15953,84813],[-1793,-307]],[[14160,84506],[-677,1804]],[[13483,86310],[579,1002],[-1088,1238]],[[13483,86310],[-2097,-918]],[[11386,85392],[-1341,1934]],[[16390,82380],[-2112,-1193]],[[14278,81187],[-2115,-501]],[[12163,80686],[-1014,1838]],[[11149,82524],[1235,325],[1776,1657]],[[11149,82524],[-974,1652]],[[10175,84176],[1211,1216]],[[10175,84176],[-2498,1824]],[[7677,86000],[153,1370],[1424,460]],[[7677,86000],[-1780,1891],[238,1638],[1618,975]],[[16934,78276],[-1976,139]],[[14958,78415],[1289,643]],[[16247,79058],[687,-782]],[[14434,80108],[2130,-103]],[[16564,80005],[-317,-947]],[[14958,78415],[-766,753]],[[14192,79168],[242,940]],[[14278,81187],[156,-1079]],[[14192,79168],[-2029,1518]],[[17241,81931],[-677,-1926]],[[19828,82031],[-2908,-2146]],[[16920,79885],[-356,120]],[[21544,81047],[-151,-1067]],[[21393,79980],[-1397,-1652],[-2498,-99]],[[17498,78229],[-578,1656]],[[17498,78229],[-564,47]],[[24620,81931],[-207,-245]],[[24652,81262],[-1420,-1080],[-1839,-202]],[[24675,77275],[-234,1737]],[[24878,79450],[343,981]],[[25200,76337],[-153,426]],[[122905,125198],[-1612,-922]],[[121293,124276],[-600,1224]],[[121293,124276],[-3360,-1755],[-2464,268],[-721,-1256]],[[121293,124276],[59,-2796],[-414,-1948]],[[107205,162430],[-2994,-3396]],[[102591,164375],[972,-163],[1711,1996]],[[105274,166208],[1925,-2950],[6,-828]],[[105204,166311],[70,-103]],[[111245,159549],[-1546,267],[-250,2631],[-2244,-17]],[[181667,270855],[-1934,-186]],[[179733,270669],[-622,1213]],[[179111,271882],[969,356],[252,1356]],[[180332,273594],[2111,-57],[2057,1415]],[[184500,274952],[116,-3025]],[[184616,271927],[-2949,-1072]],[[174497,280939],[583,-624]],[[175080,280315],[1543,-1356]],[[176623,278959],[-527,-1321],[-3186,-415]],[[171565,280732],[1439,1504],[1493,-1297]],[[176623,278959],[1906,-882],[450,-1222]],[[178979,276855],[-1889,-46],[-2757,-695]],[[178979,276855],[311,-819]],[[179290,276036],[-1081,-143],[-632,-1474]],[[177577,274419],[-2277,-34]],[[177577,274419],[-320,-995],[1034,-1680],[820,138]],[[179733,270669],[-1842,-1562]],[[181667,270855],[367,-2927],[465,-1088]],[[184616,271927],[-192,-1771],[1286,-2508]],[[184500,274952],[-311,890]],[[180332,273594],[742,625],[305,1665]],[[181379,275884],[2305,1162]],[[179290,276036],[2089,-152]],[[123535,109615],[-647,-191]],[[122888,109424],[-2456,2454],[-1509,-701]],[[118923,111177],[-225,-148]],[[118698,111029],[-353,997]],[[118345,112026],[2751,747],[1629,1423]],[[118345,112026],[-269,985]],[[118076,113011],[2268,174],[32,1232]],[[122888,109424],[-2054,-1084]],[[120834,108340],[-1911,2837]],[[120834,108340],[-504,-417]],[[120330,107923],[-377,-311]],[[119953,107612],[-1910,816],[-1077,-181]],[[116966,108247],[-92,1915]],[[116874,110162],[1824,867]],[[116966,108247],[-1417,-112],[-184,-1241]],[[115365,106894],[-856,234]],[[114509,107128],[-622,225]],[[113887,107353],[827,2237],[-674,1140]],[[114040,110730],[1047,-683],[1787,115]],[[119953,107612],[-2523,-938]],[[117430,106674],[-1025,41]],[[116405,106715],[-1040,179]],[[114040,110730],[6,521]],[[114046,111251],[399,-22]],[[114445,111229],[1966,-50],[-165,2100]],[[116246,113279],[850,40]],[[117096,113319],[980,-308]],[[169359,73482],[179,-87]],[[169538,73395],[317,-159]],[[169855,73236],[402,-990]],[[170257,72246],[-2023,-344],[-2084,-814],[232,-2220]],[[166382,68868],[-427,411]],[[165955,69279],[-234,1655],[-2198,2269],[-281,931]],[[163242,74134],[-55,402]],[[163187,74536],[2984,-228],[3188,-826]],[[170257,72246],[1791,-1793]],[[172048,70453],[240,-2382],[1791,-1526]],[[174079,66545],[-1080,-328]],[[172999,66217],[-4855,-1485]],[[168144,64732],[-1762,4136]],[[163187,74536],[-422,1880]],[[162765,76416],[1688,-31]],[[164453,76385],[2633,-501],[2273,-2402]],[[172922,71360],[1022,-1859],[187,-2515],[962,-133]],[[175093,66853],[-1014,-308]],[[172048,70453],[874,907]],[[169855,73236],[2525,-1199]],[[172380,72037],[542,-677]],[[106405,80748],[575,81]],[[106980,80829],[2843,-2131],[861,-265],[2245,454],[2322,-316]],[[115251,78571],[-403,-1527],[-2900,-2451],[-2426,-2929],[-2949,2332],[-1791,-656],[-725,408]],[[104057,73748],[-710,633]],[[103347,74381],[-918,1204]],[[102429,75585],[3866,434],[530,1554],[1160,825],[-2039,1871],[459,479]],[[103553,81151],[2852,-403]],[[102429,75585],[-190,1998],[834,1119],[480,2449]],[[104057,73748],[-4217,-551],[-1417,1089],[-3,1159],[1440,44],[3487,-1108]],[[65621,81789],[-1114,575],[20,1324]],[[64527,83688],[1222,-133]],[[65749,83555],[-128,-1766]],[[66610,84756],[-861,-1201]],[[64527,83688],[-692,1255]],[[63835,84943],[1704,351],[1071,-538]],[[65838,89689],[1430,-298]],[[67268,89391],[-114,-635],[1659,-2656]],[[68813,86100],[798,-851],[-220,-1200],[976,-1382]],[[70367,82667],[-179,-1646],[343,-2198]],[[70531,78823],[-505,142]],[[70026,78965],[-2197,740],[-1099,-442]],[[66730,79263],[-1059,1197],[-50,1329]],[[66610,84756],[-68,2220],[-928,1570]],[[65614,88546],[224,1143]],[[66730,79263],[-2052,-2246],[-1233,21]],[[60411,85333],[1342,-325],[756,819],[1326,-884]],[[61363,87954],[794,-224],[3457,816]],[[61599,89367],[1138,2255]],[[62737,91622],[3179,-1351],[-78,-582]],[[143151,81445],[-1440,-1432]],[[141711,80013],[-11,1529],[-2438,1164],[-445,2353],[514,3069]],[[139331,88128],[1795,-142],[1490,533]],[[142616,88519],[1358,-1589]],[[143974,86930],[1643,-2403],[-337,-2053]],[[145280,82474],[-2129,-1029]],[[165156,93193],[-3044,-685]],[[162112,92508],[-2368,-164]],[[159744,92344],[-595,2647],[-1120,1916]],[[158029,96907],[448,132]],[[158477,97039],[3332,506]],[[161809,97545],[1925,-356]],[[163734,97189],[-312,-1689],[1734,-2307]],[[163734,97189],[2861,-323]],[[166595,96866],[576,-3198]],[[167171,93668],[-1798,-411]],[[165373,93257],[-217,-64]],[[181348,101941],[587,-2404]],[[181935,99537],[-1660,-1097],[-1545,-466]],[[178730,97974],[-2042,1375]],[[176688,99349],[1532,1666]],[[178220,101015],[3128,926]],[[181935,99537],[316,-188]],[[182251,99349],[1930,-1356]],[[184181,97993],[-1146,106]],[[183035,98099],[-3349,-2260]],[[179686,95839],[-481,757]],[[179205,96596],[-475,1378]],[[178220,101015],[-478,1832],[-1175,608]],[[176567,103455],[298,392]],[[176865,103847],[1796,517],[2478,-235]],[[181139,104129],[40,-146]],[[181179,103983],[169,-2042]],[[179224,107369],[892,-315]],[[180116,107054],[589,-463],[434,-2462]],[[176865,103847],[-46,672]],[[176819,104519],[2405,2850]],[[174148,102177],[2419,1278]],[[176688,99349],[-1631,-102]],[[175057,99247],[169,1027],[-1373,1020],[295,883]],[[183035,98099],[492,-1868],[-2213,-1448],[-900,510]],[[180414,95293],[-728,546]],[[184181,97993],[1380,-2169]],[[185561,95824],[667,-2503]],[[186228,93321],[-945,-525]],[[185283,92796],[-2264,-691]],[[183019,92105],[-1264,212],[-1467,2913]],[[180288,95230],[126,63]],[[174978,90232],[-5,1212],[1496,1357]],[[176469,92801],[1037,346]],[[177506,93147],[2782,2083]],[[183019,92105],[288,-1434]],[[183307,90671],[-1221,-571]],[[182086,90100],[-1455,-469]],[[180631,89631],[-3197,-559],[-1033,885],[-1423,275]],[[186228,93321],[389,-1240]],[[186617,92081],[626,-2216]],[[187243,89865],[-1106,-685],[-1415,1570]],[[184722,90750],[561,2046]],[[184722,90750],[-1415,-79]],[[140826,94540],[348,-498]],[[141174,94042],[-1762,-1127],[-527,-2123],[-642,-706]],[[138243,90086],[-879,1559],[-1094,-44],[-3564,-1654]],[[132706,89947],[-1053,2052],[80,842]],[[131733,92841],[1097,1434],[1282,529]],[[134112,94804],[840,-202],[1587,1607],[-381,1812]],[[136158,98021],[470,105]],[[136628,98126],[1800,-1302]],[[138428,96824],[-809,-1304],[1436,-1179],[1771,199]],[[138243,90086],[-1108,-1219]],[[137135,88867],[-1820,-385]],[[135315,88482],[-1783,550]],[[133532,89032],[-826,915]],[[141174,94042],[1325,-2917]],[[142499,91125],[117,-2606]],[[139331,88128],[-2196,739]],[[140826,94540],[161,52]],[[140987,94592],[187,-550]],[[98373,92587],[365,1206]],[[98738,93793],[1385,170]],[[100123,93963],[-986,-1658]],[[99137,92305],[-764,282]],[[101607,94085],[-1484,-122]],[[98738,93793],[-803,1414],[474,2494]],[[98409,97701],[1511,865]],[[99920,98566],[95,-293]],[[100015,98273],[-535,-1944],[1769,-616],[358,-1628]],[[103110,94131],[583,-1293]],[[103693,92838],[-2408,-665]],[[101285,92173],[-2047,-836]],[[99238,91337],[-101,968]],[[101607,94085],[1503,46]],[[99169,86601],[-101,-18]],[[99068,86583],[-547,-467]],[[98521,86116],[-1773,707],[-446,3228],[706,553]],[[97008,90604],[1782,-131],[448,864]],[[101285,92173],[589,-597],[-610,-1591]],[[101264,89985],[-1937,-1824],[-158,-1560]],[[97008,90604],[1365,1983]],[[98521,86116],[-1515,-992],[873,-1526]],[[97879,83598],[-937,-1427],[-1647,-1401]],[[95295,80770],[-314,240]],[[94981,81010],[1139,1190],[735,3105],[-373,1552],[-2415,2056],[-715,-558]],[[93352,88355],[-175,3265]],[[93177,91620],[-335,1521]],[[92842,93141],[4101,545],[-1464,1052]],[[95479,94738],[3259,-945]],[[93772,98733],[28,-1]],[[93800,98732],[2316,545],[1826,-689],[467,-887]],[[95479,94738],[-1707,3995]],[[103693,92838],[1492,-761]],[[105185,92077],[497,-1328],[-602,-1099]],[[105080,89650],[-2673,-1030]],[[102407,88620],[-1143,1365]],[[102407,88620],[-3238,-2019]],[[92842,93141],[-260,1246],[-1260,600],[-392,1827],[532,1523]],[[91462,98337],[2310,396]],[[100015,98273],[2100,-382],[1608,-1587],[49,-1458]],[[103772,94846],[-662,-715]],[[173747,83713],[571,-1348],[1017,-5060]],[[175335,77305],[31,-49]],[[175366,77256],[-867,-2317]],[[174499,74939],[-1743,754],[-1986,87],[-1274,-592]],[[169496,75188],[-2546,2974],[82,779],[-2265,622]],[[164767,79563],[67,312]],[[164834,79875],[-145,1650]],[[164689,81525],[3211,466]],[[167900,81991],[1623,288],[4224,1434]],[[169496,75188],[42,-1793]],[[164453,76385],[312,1609]],[[164765,77994],[2,1569]],[[174499,74939],[1466,-4375]],[[175965,70564],[-3585,1473]],[[175965,70564],[805,-2389]],[[176770,68175],[-1677,-1322]],[[179304,70452],[-2438,-2207]],[[176866,68245],[-96,-70]],[[175366,77256],[1936,-3252]],[[177302,74004],[2002,-3552]],[[249598,258304],[-1378,2632],[-1470,819]],[[246869,263444],[237,96]],[[247106,263540],[1489,627]],[[248595,264167],[2830,-54]],[[114906,95218],[-3736,525]],[[111170,95743],[-169,-135]],[[111001,95608],[-2487,487]],[[108514,96095],[-468,1015]],[[108046,97110],[1943,2902]],[[109989,100012],[85,-135]],[[110074,99877],[3437,-2899],[1028,-77]],[[114539,96901],[367,-1683]],[[111730,100090],[1447,245]],[[113177,100335],[581,87]],[[113758,100422],[348,-1565]],[[114106,98857],[433,-1956]],[[110074,99877],[1656,213]],[[109989,100012],[-523,2486]],[[109466,102498],[562,418]],[[110028,102916],[759,240]],[[110787,103156],[662,-911],[281,-2155]],[[139022,67780],[-404,-1592]],[[138618,66188],[13,-1117],[-3078,-1874]],[[135553,63197],[-2739,-156]],[[132814,63041],[1565,1897],[-465,1896]],[[133914,66834],[2516,1728],[-17,1494]],[[136413,70056],[1293,-56]],[[137706,70000],[1316,-2220]],[[133914,66834],[9,2295]],[[133923,69129],[693,1659],[1193,197]],[[135809,70985],[604,-929]],[[140512,70755],[1042,-1350]],[[141554,69405],[-2532,-1625]],[[137706,70000],[1481,747],[1325,8]],[[132917,77474],[1022,149]],[[133939,77623],[1209,-1403],[1409,-585],[199,-956]],[[136756,74679],[123,-1684]],[[136879,72995],[-1006,-284]],[[135873,72711],[-2384,375],[-2451,2125]],[[131038,75211],[1879,2263]],[[137723,79651],[1543,-696],[935,336]],[[140201,79291],[-845,-1284],[-26,-1746]],[[139330,76261],[-1191,-1391],[-1383,-191]],[[133939,77623],[3784,2028]],[[136879,72995],[2266,-11],[1144,-1173]],[[140289,71811],[223,-1056]],[[135809,70985],[64,1726]],[[148276,76219],[-486,-934]],[[147790,75285],[-489,678]],[[147301,75963],[-83,761]],[[147218,76724],[1634,1109]],[[148852,77833],[-576,-1614]],[[151507,75592],[-475,-445],[48,-2592]],[[151080,72555],[-1463,-514]],[[149617,72041],[-1933,556]],[[147684,72597],[106,2688]],[[148276,76219],[3231,-627]],[[148852,77833],[1420,1491]],[[150272,79324],[1132,-813],[1260,-2618]],[[152664,75893],[-1157,-301]],[[150066,79559],[206,-235]],[[147218,76724],[-2651,2966]],[[144567,79690],[1532,-762],[953,618],[3014,13]],[[144567,79690],[-1416,1755]],[[145280,82474],[4701,374]],[[149981,82848],[-146,-2534]],[[149835,80314],[231,-755]],[[147301,75963],[-3032,-1471]],[[144269,74492],[-929,878]],[[143340,75370],[-1263,428]],[[142077,75798],[-2747,463]],[[140201,79291],[1510,722]],[[147684,72597],[-3418,-274]],[[144266,72323],[3,2169]],[[88650,90936],[-210,480]],[[88440,91416],[2598,999]],[[91038,92415],[307,-978]],[[91345,91437],[-434,-69]],[[90911,91368],[-2261,-432]],[[87439,91126],[1001,290]],[[88650,90936],[-2366,-711]],[[86284,90225],[-12,34]],[[86272,90259],[216,607]],[[86488,90866],[951,260]],[[93177,91620],[-1559,-236]],[[91618,91384],[-273,53]],[[91038,92415],[739,288]],[[91777,92703],[1065,438]],[[88440,91416],[-230,359]],[[88210,91775],[1975,2119],[1271,51],[321,-1242]],[[87439,91126],[771,649]],[[86488,90866],[174,2631],[1207,1967],[-849,1917]],[[87020,97381],[1597,-131]],[[88617,97250],[1315,873],[1530,214]],[[90911,91368],[240,-456]],[[91151,90912],[-841,-1155],[-1338,-416]],[[88972,89341],[-322,1595]],[[88972,89341],[-408,-100]],[[88564,89241],[-1023,160]],[[87541,89401],[-1257,824]],[[91618,91384],[-467,-472]],[[89495,86132],[-218,1993],[-713,1116]],[[93352,88355],[-884,-431],[-2057,-2098],[-916,306]],[[107079,107707],[-693,-5055]],[[106386,102652],[-56,-240]],[[106330,102412],[-2501,1572]],[[103829,103984],[1536,1210],[-634,1742],[-1055,105]],[[103676,107041],[3403,666]],[[109009,107722],[1019,-4806]],[[109466,102498],[-3080,154]],[[107079,107707],[1930,15]],[[103829,103984],[-55,-699]],[[103774,103285],[-21,-9]],[[103753,103276],[-922,1982]],[[102831,105258],[572,1703]],[[103403,106961],[273,80]],[[111001,95608],[1359,-912],[396,-1148]],[[112756,93548],[-1735,-218],[-234,-1907],[374,-1210]],[[111161,90213],[-192,-841],[-2352,776]],[[108617,90148],[-290,1901],[-1343,1125]],[[106984,93174],[1987,1382],[-457,1539]],[[111393,90143],[1478,-2452]],[[112871,87691],[-904,-1577]],[[111967,86114],[-427,-804],[-3150,-958]],[[108390,84352],[-1585,1613]],[[106805,85965],[125,1979],[1687,2204]],[[111161,90213],[232,-70]],[[106805,85965],[-1493,1566],[-2543,-1127]],[[102769,86404],[355,1199]],[[103124,87603],[2041,1464],[-85,583]],[[105185,92077],[1799,1097]],[[112378,90942],[-985,-799]],[[112756,93548],[-378,-2606]],[[119488,85906],[-225,-609]],[[119263,85297],[-237,453]],[[119026,85750],[116,98]],[[119142,85848],[346,58]],[[119722,86515],[50,-642]],[[119772,85873],[-284,33]],[[119142,85848],[-182,532]],[[118960,86380],[762,135]],[[120341,86117],[-286,-301]],[[120055,85816],[-283,57]],[[119722,86515],[31,40]],[[119753,86555],[545,122]],[[120298,86677],[43,-560]],[[120298,86677],[391,122]],[[120689,86799],[-348,-682]],[[120055,85816],[-663,-755]],[[119392,85061],[-129,236]],[[119392,85061],[-671,-439]],[[118721,84622],[-233,649]],[[118488,85271],[283,346]],[[118771,85617],[255,133]],[[118771,85617],[-357,368]],[[118414,85985],[-161,462]],[[118253,86447],[707,-67]],[[118253,86447],[-41,64]],[[118212,86511],[1541,44]],[[117678,86613],[534,-102]],[[118414,85985],[-567,-577]],[[117847,85408],[-403,330]],[[117444,85738],[234,875]],[[117847,85408],[-217,-388]],[[117630,85020],[-186,718]],[[118488,85271],[-232,-163]],[[118256,85108],[-409,300]],[[118256,85108],[-512,-438]],[[117744,84670],[-114,350]],[[118721,84622],[-977,48]],[[121509,86687],[59,-1217],[-3443,-3699],[-137,-1781]],[[117988,79990],[-1214,1631],[-1097,-1132]],[[115677,80489],[-1155,562]],[[114522,81051],[1051,1700],[792,3005]],[[116365,85756],[333,750]],[[116698,86506],[980,107]],[[120689,86799],[820,-112]],[[116476,86927],[222,-421]],[[116365,85756],[-361,-290]],[[116004,85466],[-132,58],[-135,-266],[133,-75]],[[115870,85183],[-201,-56],[-33,290]],[[115636,85417],[124,61],[-184,313],[-175,-224]],[[115401,85567],[-240,1522],[1315,-162]],[[115636,85417],[-235,150]],[[116004,85466],[-134,-283]],[[114522,81051],[-871,1674],[444,1832],[-2128,1557]],[[112871,87691],[3127,-145],[478,-619]],[[167161,111445],[-1721,-556]],[[165440,110889],[-725,634],[501,1941]],[[164152,108324],[1030,1068],[258,1497]],[[167829,111287],[-478,-2138],[284,-1095]],[[167635,108054],[-450,-111]],[[167185,107943],[-2129,-257],[-904,638]],[[164152,108324],[-204,58]],[[163948,108382],[-1038,1343],[366,1333],[-881,961]],[[162395,112019],[1396,1774]],[[169281,111430],[-301,-1032],[945,-1092]],[[169925,109306],[-490,-1545]],[[169435,107761],[-1800,293]],[[127561,94483],[-444,460],[2070,1755]],[[129187,96698],[1103,-649],[1256,298],[1105,1070]],[[132651,97417],[1191,-1004]],[[133842,96413],[270,-1609]],[[131733,92841],[-2307,-150],[-1865,1792]],[[131973,98642],[678,-1225]],[[129187,96698],[-1168,1002],[-115,975],[-2183,15]],[[125721,98690],[-400,1708],[864,1573]],[[126185,101971],[2630,84]],[[128815,102055],[2614,-2278],[544,-1135]],[[133842,96413],[1854,636],[462,972]],[[124707,98810],[1014,-120]],[[127561,94483],[-512,-451]],[[127049,94032],[-707,2341],[-1635,2437]],[[161079,80513],[-715,-819]],[[160364,79694],[-968,1098]],[[159396,80792],[405,757]],[[159801,81549],[1492,148]],[[161293,81697],[-214,-1184]],[[161293,81697],[590,338]],[[161883,82035],[144,-392]],[[162027,81643],[491,-1445]],[[162518,80198],[12,-62]],[[162530,80136],[-1451,377]],[[161427,83071],[456,-1036]],[[159801,81549],[65,2077]],[[159866,83626],[1561,-555]],[[156904,80044],[1599,314]],[[158503,80358],[2062,-949]],[[160565,79409],[683,-924]],[[161248,78485],[-1097,-135]],[[160151,78350],[-2460,-730]],[[157691,77620],[701,1122],[-1488,1302]],[[162518,80198],[2316,-323]],[[164765,77994],[-2059,-35],[-176,2177]],[[160364,79694],[201,-285]],[[158503,80358],[243,125]],[[158746,80483],[650,309]],[[158746,80483],[-664,2279]],[[158082,82762],[1784,864]],[[156904,80044],[-451,-157]],[[156453,79887],[-1233,972]],[[155220,80859],[-608,2248]],[[154612,83107],[2266,1091]],[[156878,84198],[1204,-1436]],[[164078,82128],[611,-603]],[[162027,81643],[2051,485]],[[162054,84047],[1664,-645],[360,-1274]],[[161427,83071],[627,976]],[[157691,77620],[-2529,1154]],[[155162,78774],[1291,1113]],[[162765,76416],[-824,1137]],[[161941,77553],[-693,932]],[[135225,105241],[1258,-703]],[[136483,104538],[146,-167]],[[136629,104371],[-1487,-810],[-292,-997]],[[134850,102564],[-507,556]],[[134343,103120],[882,2121]],[[135677,101790],[-827,774]],[[136629,104371],[2338,894]],[[138967,105265],[399,-97]],[[139366,105168],[766,-1916]],[[140132,103252],[-1824,-1712]],[[138308,101540],[-1583,564]],[[136725,102104],[-1048,-314]],[[136483,104538],[271,943]],[[136754,105481],[1854,832]],[[138608,106313],[359,-1048]],[[135225,105241],[54,131]],[[135279,105372],[1475,109]],[[138608,106313],[4306,2063]],[[142914,108376],[989,-1511]],[[143903,106865],[469,-1303]],[[144372,105562],[-5006,-394]],[[138608,106313],[-603,935]],[[138005,107248],[2861,2019],[-1236,1302]],[[139630,110569],[192,552]],[[139822,111121],[3308,1182]],[[143130,112303],[888,-2255]],[[144018,110048],[-1312,-391],[208,-1281]],[[138005,107248],[-403,388]],[[137602,107636],[204,1761],[1824,1172]],[[139113,111574],[709,-453]],[[137602,107636],[-447,381]],[[137155,108017],[-1445,1694]],[[135279,105372],[-685,1914]],[[134594,107286],[2561,731]],[[134594,107286],[-1349,2535]],[[134343,103120],[-1330,592],[-1391,-132],[-1322,720]],[[130300,104300],[1753,1034]],[[132053,105334],[1463,1635],[1078,317]],[[132053,105334],[-1489,1270]],[[130564,106604],[83,1485],[-1536,1161]],[[129111,109250],[-143,781]],[[126216,105190],[71,-169]],[[126287,105021],[207,-818],[-315,-971],[765,116],[-759,-1377]],[[124707,98810],[-2726,-481]],[[121981,98329],[-231,2047]],[[121750,100376],[-85,2475]],[[121665,102851],[263,1460]],[[121928,104311],[4288,879]],[[125981,106029],[87,-385]],[[126068,105644],[148,-454]],[[121928,104311],[329,1965]],[[122257,106276],[2434,985],[1290,-1232]],[[126068,105644],[4496,960]],[[130300,104300],[-213,-1806],[-1272,-439]],[[126287,105021],[437,-1133],[1438,888],[-1946,414]],[[125981,106029],[756,1577],[1497,99],[877,1545]],[[122257,106276],[-1927,1647]],[[122856,88198],[745,-1647]],[[123601,86551],[1022,-983]],[[124623,85568],[-950,-829],[1814,-2418]],[[125487,82321],[-144,-2246]],[[125343,80075],[-2542,-226],[-1135,915],[-1551,-989]],[[120115,79775],[-2127,215]],[[121509,86687],[1305,1603]],[[122814,88290],[42,-92]],[[125343,80075],[1135,-3354],[1256,-1329]],[[127734,75392],[-1164,-205],[-4956,102]],[[121614,75289],[169,262],[-1668,4224]],[[124623,85568],[2380,-1462]],[[127003,84106],[46,-1189]],[[127049,82917],[-1562,-596]],[[127049,82917],[105,-1255],[1735,528],[1296,-321]],[[130185,81869],[-149,-757]],[[130036,81112],[-929,-1775],[-1316,-3934]],[[127791,75403],[-57,-11]],[[131997,84229],[-290,-1196],[-1296,-17],[-226,-1147]],[[127003,84106],[2459,361],[679,603]],[[130141,85070],[1856,-841]],[[145764,117605],[-219,-2825],[-932,-2234]],[[144613,112546],[-738,-129]],[[143875,112417],[93,1098],[-792,3325],[12,2147]],[[147611,118410],[3699,-1010]],[[151310,117400],[-991,-1395]],[[150319,116005],[-2580,-1543],[-1296,-1168]],[[146443,113294],[-1830,-748]],[[151666,118386],[-356,-986]],[[143875,112417],[-745,-114]],[[121981,98329],[-345,-2172]],[[121636,96157],[-514,-590],[-3390,-3],[-318,-536]],[[117414,95028],[-353,2100],[159,1770]],[[117220,98898],[1677,358],[1333,1003],[1520,117]],[[117220,98898],[-2330,-407],[-784,366]],[[113758,100422],[227,1532]],[[113985,101954],[1926,142]],[[115911,102096],[528,-219]],[[116439,101877],[1602,-689],[618,738]],[[118659,101926],[3006,925]],[[117414,95028],[-2508,190]],[[114584,102639],[1327,-543]],[[113985,101954],[599,685]],[[169055,102438],[-3276,-1202]],[[165779,101236],[-259,1350]],[[165520,102586],[1951,4624],[-286,733]],[[169435,107761],[907,-2224],[1209,-175]],[[171551,105362],[660,-988]],[[172211,104374],[-2426,-924],[-730,-1012]],[[165520,102586],[-1499,2625]],[[164021,105211],[-962,1503],[635,1561]],[[163694,108275],[254,107]],[[172948,103276],[-3665,-3405]],[[169283,99871],[-228,2567]],[[172211,104374],[737,-1098]],[[168524,99355],[-2127,-1393]],[[166397,97962],[-362,1940]],[[166035,99902],[-256,1334]],[[169283,99871],[-759,-516]],[[153878,76659],[-1214,-766]],[[149835,80314],[1928,372],[366,1161]],[[152129,81847],[611,-771],[2480,-217]],[[155162,78774],[-1284,-2115]],[[151409,85946],[1146,1414]],[[152555,87360],[484,-2086]],[[153039,85274],[839,-1923],[734,-244]],[[152129,81847],[-587,1893]],[[151542,83740],[934,832],[-1067,1374]],[[149946,83002],[1596,738]],[[149981,82848],[-35,154]],[[137723,79651],[-1344,583],[-2870,2801]],[[133509,83035],[1154,1268],[652,4179]],[[133509,83035],[-1512,1194]],[[130141,85070],[728,1549]],[[130869,86619],[2663,2413]],[[131038,75211],[-561,-319]],[[130477,74892],[-427,-56]],[[130050,74836],[-536,1004],[-1723,-437]],[[130036,81112],[1124,111],[1628,-1535],[129,-2214]],[[130869,86619],[-1170,2750],[-2976,357],[-1892,-1307]],[[124831,88419],[-719,1723],[774,1716],[1506,1580]],[[126392,93438],[657,594]],[[123601,86551],[1230,1868]],[[105543,99706],[24,-808]],[[105567,98898],[-1313,90]],[[104254,98988],[165,651]],[[104419,99639],[1124,67]],[[106515,98670],[-122,-303]],[[106393,98367],[-477,-670]],[[105916,97697],[-1989,746]],[[103927,98443],[327,545]],[[105567,98898],[948,-228]],[[104340,99850],[79,-211]],[[103927,98443],[-199,126]],[[103728,98569],[269,1587]],[[103997,100156],[343,-306]],[[105644,100079],[-101,-373]],[[104340,99850],[154,671]],[[104494,100521],[1150,-442]],[[106501,99911],[14,-1241]],[[105644,100079],[857,-168]],[[105916,97697],[-963,-1462]],[[104953,96235],[-1624,1159],[598,1049]],[[104494,100521],[162,1594]],[[104656,102115],[1725,-580]],[[106381,101535],[120,-1624]],[[103728,98569],[-1381,1103]],[[102347,99672],[617,922]],[[102964,100594],[1033,-438]],[[107084,97377],[-2387,-1559]],[[104697,95818],[256,417]],[[106393,98367],[691,-990]],[[102964,100594],[-631,2150]],[[102333,102744],[1420,532]],[[103774,103285],[882,-1170]],[[104697,95818],[-925,-972]],[[99920,98566],[620,451]],[[100540,99017],[1807,655]],[[106330,102412],[51,-877]],[[100540,99017],[-1020,2478]],[[99520,101495],[26,90]],[[99546,101585],[2787,1159]],[[108046,97110],[-962,267]],[[150322,112182],[-404,642]],[[149918,112824],[1039,662]],[[150957,113486],[400,-836]],[[151357,112650],[-190,-86]],[[151167,112564],[-845,-382]],[[151390,114372],[398,-217]],[[151788,114155],[1079,-551]],[[152867,113604],[14,-796]],[[152881,112808],[-1524,-158]],[[150957,113486],[433,886]],[[153292,111399],[-880,52]],[[152412,111451],[-1245,1113]],[[152881,112808],[411,-1409]],[[152412,111451],[-898,-795]],[[151514,110656],[-1192,1526]],[[149918,112824],[-524,1662]],[[149394,114486],[1996,-114]],[[152181,115577],[1231,859]],[[153412,116436],[-33,-2365],[-512,-467]],[[151788,114155],[393,1422]],[[149147,110451],[-847,849]],[[148300,111300],[704,307]],[[149004,111607],[1318,575]],[[151514,110656],[-1202,-633],[-1165,428]],[[149004,111607],[-521,1143],[911,1736]],[[150319,116005],[1862,-428]],[[148300,111300],[-1857,1994]],[[154325,108879],[-266,-4]],[[154059,108875],[-2516,1031],[-2388,-559]],[[149155,109347],[-8,1104]],[[153292,111399],[1033,-2520]],[[154502,110415],[315,-1500]],[[154817,108915],[-492,-36]],[[153412,116436],[1807,-1363]],[[155219,115073],[957,-223]],[[156176,114850],[-1674,-4435]],[[153412,116436],[127,935]],[[153539,117371],[1745,1089]],[[155284,118460],[886,-1664],[-951,-1723]],[[151666,118386],[909,-1142],[964,127]],[[154494,119672],[790,-1212]],[[160479,115957],[206,-2332]],[[160685,113625],[-3666,1084]],[[157019,114709],[2805,1986]],[[160937,112178],[-166,-926]],[[160771,111252],[-1280,1327],[-892,-661],[-4097,-1503]],[[156176,114850],[843,-141]],[[160685,113625],[252,-1447]],[[162395,112019],[-1458,159]],[[84543,89695],[1232,-1793]],[[85775,87902],[-801,-575],[147,-2120]],[[85121,85207],[-2254,185],[-975,-862],[-2159,-818]],[[79733,83712],[269,1672]],[[80002,85384],[848,119],[136,2791]],[[80986,88294],[1235,683]],[[82221,88977],[2322,718]],[[87541,89401],[-1766,-1499]],[[84543,89695],[82,25]],[[84625,89720],[1647,539]],[[89495,86132],[-960,-361],[-1003,-1408]],[[87532,84363],[-2162,288]],[[85370,84651],[-249,556]],[[85370,84651],[688,-1563],[-1228,-1551]],[[84830,81537],[-1122,340],[-569,-1370]],[[83139,80507],[-676,1026],[-3587,-513]],[[78876,81020],[763,2520]],[[79639,83540],[94,172]],[[82486,90806],[-265,-1829]],[[80986,88294],[-143,-112]],[[80843,88182],[-1075,907]],[[79768,89089],[157,946]],[[79925,90035],[655,1107],[1906,-336]],[[146884,99050],[-1843,-2027]],[[145041,97023],[-2746,-748],[-745,366]],[[141550,96641],[-1223,1295]],[[140327,97936],[477,1528]],[[140804,99464],[1249,-149],[1851,972]],[[143904,100287],[48,-23]],[[143952,100264],[2932,-1214]],[[145956,94061],[-1546,-639]],[[144410,93422],[-2749,1445]],[[141661,94867],[-111,1774]],[[145041,97023],[-462,-1182],[1377,-1780]],[[148708,92826],[-1641,1705],[-1111,-470]],[[146884,99050],[2165,-1801]],[[149049,97249],[244,-848]],[[149293,96401],[-1034,-1111],[449,-2464]],[[147582,96190],[-615,266],[-335,-472],[498,-89],[452,295]],[[140327,97936],[-1899,-1112]],[[136628,98126],[94,1710],[-1045,1746],[1048,522]],[[138308,101540],[1896,-978],[600,-1098]],[[141661,94867],[-674,-275]],[[140132,103252],[2141,-1819]],[[142273,101433],[1631,-1146]],[[144372,105562],[1083,-1439]],[[145455,104123],[-623,-1377],[-1514,-231],[-1045,-1082]],[[145455,104123],[799,-93]],[[146254,104030],[-823,-2603],[-1479,-1163]],[[148708,92826],[620,67]],[[149328,92893],[55,-11]],[[149383,92882],[1578,-399],[1708,-1969]],[[152669,90514],[-1586,61],[-2439,-721],[-1536,236],[-693,-1748]],[[146415,88342],[-1006,1710],[-1238,186]],[[144171,90238],[685,1480],[-446,1704]],[[149273,85538],[-895,2263],[-2132,-433]],[[146246,87368],[169,974]],[[152669,90514],[-290,-889]],[[152379,89625],[176,-2265]],[[151409,85946],[-2136,-408]],[[146246,87368],[-2272,-438]],[[142499,91125],[1672,-887]],[[163333,68165],[-560,878],[-2158,668],[-418,1592]],[[160197,71303],[1520,576],[1525,2255]],[[165955,69279],[-2622,-1114]],[[160197,71303],[-1239,-459]],[[158958,70844],[11,3711]],[[158969,74555],[290,1973],[861,1679]],[[160120,78207],[607,-990],[1214,336]],[[168144,64732],[-733,-228]],[[167411,64504],[-931,-290]],[[166480,64214],[-2287,-712]],[[164193,63502],[-1075,3169],[215,1494]],[[164193,63502],[-2899,-894]],[[161294,62608],[-1221,4320]],[[160073,66928],[-1115,3916]],[[160120,78207],[31,143]],[[149273,85538],[-239,-1266],[912,-1270]],[[71074,94384],[-2748,-1003],[26,-949],[1940,-3682]],[[70292,88750],[-3024,641]],[[62737,91622],[716,1355],[-1045,2268]],[[62408,95245],[1215,250],[1736,-1527],[1220,635],[358,1116]],[[66937,95719],[1103,-759],[2537,288],[497,-864]],[[75084,93625],[950,-2354]],[[76034,91271],[-219,-1177],[-2054,-756]],[[73761,89338],[-2325,-776]],[[71436,88562],[-279,-41]],[[71157,88521],[-865,229]],[[71074,94384],[2532,350],[1478,-1109]],[[61829,98686],[1204,-900]],[[63033,97786],[1953,-1574],[1951,-493]],[[62408,95245],[-3783,747]],[[71492,100567],[3577,-3272]],[[75069,97295],[606,-691]],[[75675,96604],[-770,-586],[155,-1989]],[[75060,94029],[24,-404]],[[63033,97786],[1172,1300],[3178,878],[4109,603]],[[118389,188639],[-2687,671],[-2709,-503]],[[112993,188807],[-213,362]],[[112780,189169],[1079,1100],[-331,1184]],[[116805,192790],[-774,-1435],[1343,-672]],[[117374,190683],[1015,-2044]],[[119173,192850],[157,-1987],[-1956,-180]],[[121566,188711],[-38,11]],[[121528,188722],[601,2196],[1254,-1425],[-1817,-782]],[[118389,188639],[77,-926],[2232,-304],[830,1313]],[[121566,188711],[-211,-1232],[-1061,-942],[-556,-1391]],[[113480,186033],[-487,2774]],[[112780,189169],[-1150,-461]],[[120934,89860],[-84,-824],[-787,62],[-114,907]],[[119949,90005],[985,-145]],[[120934,89860],[1193,243]],[[122127,90103],[401,-1048]],[[122528,89055],[-1525,-995],[-2493,399]],[[118510,88459],[594,1741]],[[119104,90200],[845,-195]],[[119104,90200],[84,1748]],[[119188,91948],[2086,-516]],[[121274,91432],[853,-1329]],[[118510,88459],[-1078,1195],[-1604,398]],[[115828,90052],[708,2393]],[[116536,92445],[2652,-497]],[[116536,92445],[-5366,3298]],[[121636,96157],[1893,-2442]],[[123529,93715],[-880,-1529]],[[122649,92186],[-1375,-754]],[[122814,88290],[-286,765]],[[122649,92186],[853,-2368],[-646,-1620]],[[112378,90942],[3450,-890]],[[123529,93715],[602,737],[1784,8],[477,-1022]],[[158029,96907],[-1705,661]],[[156324,97568],[-1114,1577]],[[155210,99145],[-1104,864]],[[154106,100009],[-556,1312],[703,1386]],[[154253,102707],[1683,1699],[-1,1236]],[[155935,105642],[1867,177]],[[157802,105819],[-95,-490],[3452,-3598]],[[161159,101731],[-241,-1312],[-2712,-1500],[271,-1880]],[[161159,101731],[3038,536]],[[164197,102267],[-231,-1999],[-1995,-1065],[-162,-1658]],[[164197,102267],[1047,290],[791,-2655]],[[166397,97962],[198,-1096]],[[150431,69621],[752,-1266],[-2320,-1439]],[[148863,66916],[160,-825],[-1567,-1408],[1152,-1924]],[[148608,62759],[-924,-254],[-2981,1090]],[[144703,63595],[-790,1333]],[[143913,64928],[1413,1103],[-471,2240]],[[144855,68271],[5576,1350]],[[143913,64928],[-24,1911]],[[143889,66839],[54,2389]],[[143943,69228],[912,-957]],[[148608,62759],[-362,-1855]],[[148246,60904],[-1391,-1719],[-1604,-273],[-1707,-2209]],[[143544,56703],[-2063,2544],[626,3025]],[[142107,62272],[948,837],[1072,-873],[576,1359]],[[149049,97249],[517,1049],[1359,-622],[1229,1065]],[[152154,98741],[1952,1268]],[[155210,99145],[-1223,-752],[-17,-1026],[1341,-1235]],[[155311,96132],[-643,-2577]],[[154668,93555],[-987,-179]],[[153681,93376],[-1768,1484],[-1147,-1703],[-1383,-275]],[[149328,92893],[704,1670],[-739,1838]],[[156324,97568],[-1013,-1436]],[[153681,93376],[-259,-2122],[1685,-1112]],[[155107,90142],[-2728,-517]],[[159744,92344],[326,-976]],[[160070,91368],[-2297,127]],[[157773,91495],[-1004,2175],[-2101,-115]],[[156728,89810],[-1621,332]],[[157773,91495],[-1364,-119],[319,-1566]],[[160070,91368],[-241,-432]],[[159829,90936],[-2133,-1827],[-516,139]],[[157180,89248],[-452,562]],[[144266,72323],[-419,-2150]],[[143847,70173],[-2293,-768]],[[140289,71811],[1042,840],[-222,1577]],[[141109,74228],[2231,1142]],[[141109,74228],[-100,1690],[1068,-120]],[[133028,99471],[-798,1058],[-85,1394],[-3330,132]],[[135677,101790],[-112,-636],[138,-1134],[-2675,-549]],[[131973,98642],[1055,829]],[[149617,72041],[814,-2420]],[[143943,69228],[-96,945]],[[118659,101926],[-127,366]],[[118532,102292],[316,1343],[-1293,349]],[[117555,103984],[-37,197]],[[117518,104181],[1939,589],[-199,1835],[-1826,-415]],[[117432,106190],[-2,484]],[[117518,104181],[-86,2009]],[[118532,102292],[-977,1692]],[[116439,101877],[-34,4838]],[[114584,102639],[-75,4489]],[[113177,100335],[-954,2888]],[[112223,103223],[446,1678],[-70,2931]],[[112599,107832],[1288,-479]],[[109009,107722],[205,44]],[[109214,107766],[3385,66]],[[112223,103223],[-1436,-67]],[[110489,116776],[-427,-1791]],[[110062,114985],[-1487,612],[-255,-1295],[-1587,-1987]],[[106733,112315],[-2181,-1043]],[[104552,111272],[-4632,521],[-1501,446],[-2129,-2570],[-2467,-1617],[-1506,359]],[[108756,119565],[21,-1706],[1712,-1083]],[[111719,116257],[-1230,519]],[[112644,119239],[-925,-2982]],[[110062,114985],[33,-3408]],[[110095,111577],[-2750,295],[-612,443]],[[103403,106961],[703,1420],[446,2891]],[[110095,111577],[39,-12]],[[110134,111565],[-920,-3799]],[[110134,111565],[1587,-408],[2325,94]],[[70026,78965],[-64,-4750]],[[69962,74215],[-2745,273],[-1331,-349],[-1088,-1327],[-820,-2239]],[[70531,78823],[1659,-602]],[[72190,78221],[207,-2607],[-765,-768],[536,-1426]],[[72168,73420],[-2206,795]],[[72168,73420],[-116,-2289],[-3736,-1963]],[[68316,69168],[-170,897],[-3831,-114]],[[72168,73420],[2739,-3745],[-681,-1077],[-2622,-1172],[-2350,515],[-938,1227]],[[115582,117784],[-2679,-1894]],[[112903,115890],[-95,-121]],[[112808,115769],[-1089,488]],[[112808,115769],[982,-975],[655,-3565]],[[117412,116689],[-1632,-747]],[[115780,115942],[-2877,-52]],[[118065,116341],[-969,-3022]],[[116246,113279],[-466,2663]],[[87717,78423],[-382,1024]],[[87335,79447],[468,523],[2342,489],[3367,2083]],[[93512,82542],[1469,-1532]],[[95295,80770],[-1385,-1072],[-734,-1693],[-1846,-798]],[[91330,77207],[-962,1951],[-2076,-92],[-575,-643]],[[87335,79447],[-2505,2090]],[[87532,84363],[3595,-381],[2385,-1440]],[[91330,77207],[201,-2003],[-2752,-21],[-2292,492]],[[86487,75675],[949,797],[281,1951]],[[86487,75675],[-1551,316],[-2743,-1061],[-352,2955],[1298,2622]],[[101908,197383],[2068,-418],[-230,-1161],[1025,-1009],[2014,171]],[[106785,194966],[-2735,-2658]],[[106785,194966],[2236,711],[1040,-555]],[[182667,23081],[-579,409],[-1644,-1491]],[[180444,21999],[-1742,857],[115,2369]],[[178817,25225],[2500,1165],[777,-945],[3687,470],[571,-274],[-1434,-2651]],[[184918,22990],[-2251,91]],[[184492,15638],[-485,1618]],[[184007,17256],[1058,103],[2453,-1289]],[[187518,16070],[235,-587]],[[187753,15483],[-990,-2044],[-983,-153]],[[185780,13286],[-544,917]],[[185236,14203],[-744,1435]],[[184007,17256],[-111,21]],[[183896,17277],[1442,2257]],[[185338,19534],[35,58]],[[185373,19592],[1620,-1625],[757,-1363]],[[187750,16604],[-232,-534]],[[185373,19592],[420,858]],[[185793,20450],[4508,-1423],[-150,-1787]],[[190151,17240],[-2401,-636]],[[173252,22059],[1174,-737],[-639,-1942]],[[173787,19380],[-400,-675]],[[173387,18705],[-536,18]],[[172851,18723],[-816,1640],[-3078,168]],[[168957,20531],[659,1367]],[[169616,21898],[1713,700],[1923,-539]],[[172851,18723],[-2268,-667]],[[170583,18056],[-1882,-327],[-1417,-1189]],[[167284,16540],[1150,3042]],[[168434,19582],[523,949]],[[190083,60848],[2481,-1354],[334,-833]],[[192898,58661],[-2065,-2639]],[[190833,56022],[-1730,2019],[-1987,1111]],[[187116,59152],[2967,1696]],[[190833,56022],[-1533,-1290]],[[189300,54732],[-1507,1087],[-1660,-773],[-1541,1417]],[[184592,56463],[335,833]],[[184927,57296],[1269,307],[920,1549]],[[190901,97565],[-2450,1060]],[[188451,98625],[-401,1555],[-2522,972]],[[185528,101152],[502,1793]],[[186030,102945],[3307,-1591],[2673,-599],[-1109,-3190]],[[188451,98625],[281,-1073],[-2185,-837],[-986,-891]],[[182251,99349],[2629,1995],[648,-192]],[[190901,97565],[-684,-2387],[2331,-1920]],[[192548,93258],[-2214,161],[-2537,-1297],[-1180,-41]],[[192548,93258],[2267,-2434]],[[194815,90824],[-3218,-2205]],[[191597,88619],[-2222,21],[-2132,1225]],[[198790,84344],[-3040,-588]],[[195750,83756],[-600,1046],[-1381,803]],[[193769,85605],[-1503,1326],[-669,1688]],[[194815,90824],[1407,-3089],[1611,-1226],[957,-2165]],[[181318,21213],[539,-800]],[[181857,20413],[9,-68]],[[181866,20345],[-1180,-627]],[[180686,19718],[-251,-156]],[[180435,19562],[-336,272]],[[180099,19834],[-632,770]],[[179467,20604],[977,1395]],[[180444,21999],[874,-786]],[[182764,22501],[-1446,-1288]],[[182667,23081],[97,-580]],[[185618,21553],[-595,-888],[-1979,445]],[[183044,21110],[-280,1391]],[[184918,22990],[700,-1437]],[[185618,21553],[175,-1103]],[[185338,19534],[-2559,240]],[[182779,19774],[-913,571]],[[181857,20413],[1187,697]],[[163238,6270],[1443,-264]],[[164681,6006],[1733,-1347]],[[166414,4659],[653,-2425]],[[167067,2234],[-1402,-1653],[-1056,281],[-1442,-575],[-835,789],[1245,2372],[-696,1475],[357,1347]],[[164681,6006],[16,921],[1844,780]],[[166541,7707],[57,-245]],[[166598,7462],[-184,-2803]],[[180509,110843],[155,-1050],[1417,120]],[[182081,109913],[-277,-1986]],[[181804,107927],[-1688,-873]],[[179224,107369],[-1013,118]],[[178211,107487],[1286,2672]],[[182081,109913],[2163,-692]],[[184244,109221],[-265,-1219],[791,-3133],[991,-431]],[[185761,104438],[154,-739]],[[185915,103699],[-2702,313]],[[183213,104012],[109,1314],[-913,647],[-605,1954]],[[184244,109221],[2644,-1735],[-1273,-849],[146,-2199]],[[183213,104012],[-2034,-29]],[[185915,103699],[115,-754]],[[178731,19932],[361,-570]],[[179092,19362],[-210,-614]],[[178882,18748],[-810,-493]],[[178072,18255],[659,1677]],[[180099,19834],[-1007,-472]],[[178731,19932],[90,285]],[[178821,20217],[646,387]],[[179958,18666],[-1076,82]],[[180435,19562],[311,-1094]],[[180746,18468],[-788,198]],[[178883,17509],[-235,129]],[[178648,17638],[-822,402]],[[177826,18040],[246,215]],[[179958,18666],[-1075,-1157]],[[180746,18468],[18,-11]],[[180764,18457],[138,-1243]],[[180902,17214],[-892,-530],[-1127,825]],[[182779,19774],[93,-1038]],[[182872,18736],[-834,-85]],[[182038,18651],[-1352,1067]],[[182038,18651],[-319,-516]],[[181719,18135],[-955,322]],[[182872,18736],[-197,-905]],[[182675,17831],[-956,304]],[[183896,17277],[-1272,-556]],[[182624,16721],[-58,117]],[[182566,16838],[109,993]],[[182566,16838],[-607,-101]],[[181959,16737],[-903,436]],[[181056,17173],[-154,41]],[[182644,15620],[-25,-94]],[[182619,15526],[-1026,168]],[[181593,15694],[-544,342]],[[181049,16036],[7,1137]],[[181959,16737],[685,-1117]],[[182624,16721],[793,-1278]],[[183417,15443],[-773,177]],[[184492,15638],[-1075,-195]],[[182666,14287],[-374,711]],[[182292,14998],[327,528]],[[183417,15443],[153,-763]],[[183570,14680],[-904,-393]],[[182292,14998],[-699,696]],[[181049,16036],[-794,-567]],[[180255,15469],[-587,872]],[[179668,16341],[-515,684]],[[179153,17025],[-505,613]],[[182666,14287],[182,-503]],[[182848,13784],[544,-710]],[[183392,13074],[-805,-1198]],[[182587,11876],[-144,261]],[[182443,12137],[-2188,3332]],[[183570,14680],[232,-447]],[[183802,14233],[-954,-449]],[[184421,13851],[-1029,-777]],[[183802,14233],[619,-382]],[[185236,14203],[-815,-352]],[[185657,12831],[-561,-596]],[[185096,12235],[-606,815],[532,394],[635,-613]],[[185780,13286],[-123,-455]],[[185096,12235],[-477,-361]],[[184619,11874],[-1493,-944]],[[183126,10930],[-539,946]],[[184619,11874],[1244,-1536]],[[185863,10338],[433,-2800]],[[186296,7538],[-1313,1875]],[[184983,9413],[-1857,1517]],[[187753,15483],[884,-1938]],[[188637,13545],[-106,-1693]],[[188531,11852],[-2668,-1514]],[[188637,13545],[2009,-78]],[[190646,13467],[-827,-2789],[-1288,1174]],[[190151,17240],[-292,-1674],[787,-2099]],[[161897,10861],[1388,1152]],[[163285,12013],[384,-2125]],[[163669,9888],[-256,-64]],[[163413,9824],[-1261,458]],[[162152,10282],[-255,579]],[[159909,9051],[2243,1231]],[[163413,9824],[-444,-3241]],[[162969,6583],[-2731,960],[-329,1508]],[[159909,9051],[-747,1562],[362,2631],[1181,675]],[[160705,13919],[1276,-2196],[-84,-862]],[[162005,14274],[1370,-1566]],[[163375,12708],[-90,-695]],[[160705,13919],[1300,355]],[[167874,12743],[-370,-1245]],[[167504,11498],[-691,-1619]],[[166813,9879],[-1828,355],[-1316,-346]],[[163375,12708],[2552,1386]],[[165927,14094],[1947,-1351]],[[162005,14274],[1146,2023],[1366,1097]],[[164517,17394],[718,-1927]],[[165235,15467],[692,-1373]],[[163238,6270],[-269,313]],[[166813,9879],[-272,-2172]],[[173609,9131],[1083,-32]],[[174692,9099],[277,-735]],[[174969,8364],[-1667,-2138],[-1389,-279]],[[171913,5947],[-1039,433]],[[170874,6380],[-210,1967],[-2275,1566],[668,1021]],[[169057,10934],[1583,-57]],[[170640,10877],[1368,-1196],[1601,-550]],[[167504,11498],[1553,-564]],[[170874,6380],[-2006,435],[-354,951],[-1916,-304]],[[171913,5947],[19,-50]],[[171932,5897],[-2960,-1550],[4,-904]],[[168976,3443],[-1909,-1209]],[[173006,3428],[729,-1909]],[[173735,1519],[-999,-766],[-1669,-253],[-2091,2943]],[[171932,5897],[1074,-2469]],[[170312,15943],[162,-1062]],[[170474,14881],[-1563,-217],[-303,-1260]],[[168608,13404],[-734,-661]],[[165235,15467],[726,-357],[1137,1297]],[[167098,16407],[668,-961],[2546,497]],[[170583,18056],[-271,-2113]],[[167098,16407],[186,133]],[[164517,17394],[2123,3890]],[[166640,21284],[195,-846],[1599,-856]],[[177887,111376],[-652,-1092],[-1476,-824]],[[175759,109460],[-247,987]],[[175512,110447],[-1077,1448]],[[178211,107487],[-1871,547]],[[176340,108034],[-581,1426]],[[167257,58447],[2059,-3388]],[[169316,55059],[-18,-421]],[[169298,54638],[-2590,2053],[-609,967]],[[166099,57658],[-248,675]],[[165851,58333],[-2249,763],[-1724,-512]],[[161878,58584],[-1495,21],[-1035,1272]],[[159348,59877],[549,803]],[[159897,60680],[1397,1928]],[[166480,64214],[777,-5767]],[[168677,59057],[-1420,-610]],[[167411,64504],[511,-848],[-469,-2745],[1224,-1854]],[[172999,66217],[-560,-1003],[1403,-1915],[1766,-453]],[[175608,62846],[-1158,-638]],[[174450,62208],[-5773,-3151]],[[174450,62208],[-681,-2136],[-1164,-1869]],[[172605,58203],[-1514,-682],[-490,-1872],[-1285,-590]],[[169906,53971],[-220,46]],[[169686,54017],[-388,621]],[[172605,58203],[1295,-3470]],[[173900,54733],[-1370,-290]],[[172530,54443],[-2624,-472]],[[174380,16934],[-859,385]],[[173521,17319],[-134,1386]],[[173787,19380],[1357,-109],[1648,1108],[2029,-162]],[[177826,18040],[-3446,-1106]],[[179153,17025],[-2317,-1794]],[[176836,15231],[-2456,1703]],[[176836,15231],[-2022,-690]],[[174814,14541],[-1891,-211]],[[172923,14330],[-103,1296]],[[172820,15626],[701,1693]],[[172820,15626],[-858,-701],[-1488,-44]],[[184325,50054],[-598,-1462]],[[183727,48592],[-617,-1319]],[[183110,47273],[-593,-583]],[[182517,46690],[-213,1646],[-1560,578],[-1160,-510],[1866,-2782]],[[181450,45622],[-260,-255]],[[181190,45367],[-2683,1059]],[[178507,46426],[344,390]],[[178851,46816],[-66,755]],[[178785,47571],[2070,2485]],[[180855,50056],[1376,1336]],[[182231,51392],[771,1319]],[[183002,52711],[675,-630]],[[183677,52081],[648,-2027]],[[184325,50054],[311,-906]],[[184636,49148],[-25,-1194]],[[184611,47954],[-884,638]],[[184611,47954],[533,-408]],[[185144,47546],[2777,-616]],[[187921,46930],[-198,-1254],[-2391,511],[-890,-402]],[[184442,45785],[-1332,1488]],[[185197,49056],[-561,92]],[[183677,52081],[2505,-1531]],[[186182,50550],[35,-1320]],[[186217,49230],[-1020,-174]],[[185197,49056],[100,-944]],[[185297,48112],[-153,-566]],[[186217,49230],[-920,-1118]],[[186182,50550],[1539,-655],[1370,1575]],[[189091,51470],[305,-3385]],[[189396,48085],[-1238,156],[-237,-1311]],[[182517,46690],[-1067,-1068]],[[189300,54732],[954,-2203],[-1163,-1059]],[[183002,52711],[1363,1019]],[[184365,53730],[227,2733]],[[173252,22059],[851,2016]],[[174103,24075],[1492,-572],[1535,1355]],[[177130,24858],[-562,-2035],[1231,-1362],[1668,-857]],[[177248,24852],[1569,373]],[[177130,24858],[118,-6]],[[184983,9413],[-2349,-1619]],[[182634,7794],[-924,902],[-297,1847]],[[181413,10543],[1030,1594]],[[183451,6509],[-981,797]],[[182470,7306],[164,488]],[[186296,7538],[-1403,-1922],[-1442,893]],[[169438,23149],[-2027,-167],[-1698,1484]],[[165713,24466],[1850,2337]],[[167563,26803],[332,-1047],[1310,-175]],[[169205,25581],[233,-2432]],[[169438,23149],[178,-1251]],[[166640,21284],[858,858],[-1785,2324]],[[169278,26551],[-73,-970]],[[167563,26803],[971,2885]],[[168534,29688],[897,23]],[[169431,29711],[-788,-1649],[635,-1511]],[[182983,5821],[1722,-2008]],[[184705,3813],[961,-3352]],[[185666,461],[-2645,-97],[-1276,872],[-1612,-588]],[[180133,648],[-844,2014]],[[179289,2662],[1382,-231],[-110,1919],[1106,872]],[[181667,5222],[1316,599]],[[184705,3813],[1917,-1299],[-956,-2053]],[[194046,67197],[-326,-312]],[[193720,66885],[-1527,4339],[-1810,-178]],[[190383,71046],[-1211,727]],[[189172,71773],[287,2660]],[[189459,74433],[5,77]],[[189464,74510],[2711,139],[1299,-566],[407,-2360],[852,127]],[[194733,71850],[937,-2620],[-1624,-2033]],[[190390,70692],[57,-1592]],[[190447,69100],[-57,1592]],[[194733,71850],[1226,51]],[[195959,71901],[426,-1045],[1960,-1251],[-594,-1831],[-1167,-1187],[-1815,621]],[[194769,67208],[-723,-11]],[[193720,66885],[-1007,-895]],[[192713,65990],[-1654,1507]],[[191059,67497],[-612,1603]],[[190390,70692],[-7,354]],[[196608,64933],[-1839,2275]],[[195959,71901],[2509,1046]],[[198468,72947],[1384,-557],[-839,-1193],[870,-3250],[-3275,-3014]],[[192338,64178],[375,1812]],[[196608,64933],[-1353,-2033]],[[195255,62900],[-2321,1442],[-596,-164]],[[195255,62900],[-2357,-4239]],[[190083,60848],[1686,2078]],[[191769,62926],[569,1252]],[[195566,82303],[184,1453]],[[198790,84344],[-21,-1838],[771,-1809],[-622,-3174]],[[198918,77523],[-2612,-786],[-1531,115]],[[194775,76852],[1483,2304],[-123,1769]],[[196135,80925],[-569,1378]],[[194733,71850],[-297,1374],[641,1659],[-275,1282]],[[194802,76165],[-27,687]],[[198918,77523],[63,-1403],[-513,-3173]],[[182086,90100],[1359,-1148],[680,-3283],[-3615,-980],[-622,932],[234,1724],[802,763],[-293,1523]],[[189043,83063],[-279,-1041]],[[188764,82022],[-1321,247],[-1725,-1173]],[[185718,81096],[-2954,-961]],[[182764,80135],[-4549,-1789]],[[178215,78346],[-2880,-1041]],[[173747,83713],[-354,2351]],[[173393,86064],[-697,4576]],[[172696,90640],[2282,-408]],[[193769,85605],[-616,-893]],[[193153,84712],[-1229,302]],[[191924,85014],[-1323,773],[-2004,218],[446,-2942]],[[181413,10543],[-1765,-652]],[[179648,9891],[-894,955]],[[178754,10846],[-1461,3984],[2375,1511]],[[178754,10846],[-2037,-224]],[[176717,10622],[-1370,1059],[15,1742]],[[175362,13423],[-548,1118]],[[163173,56610],[359,-345]],[[163532,56265],[-180,-105]],[[163352,56160],[-1379,-764]],[[161973,55396],[-2381,-1306]],[[159592,54090],[-4468,-2457]],[[155124,51633],[-1181,476]],[[153943,52109],[3653,951],[342,2204]],[[157938,55264],[132,2648],[1278,1965]],[[161878,58584],[128,-1179],[1167,-795]],[[165851,58333],[-2678,-1723]],[[166099,57658],[-1698,-933]],[[164401,56725],[-640,-340]],[[163761,56385],[-229,-120]],[[164365,55857],[78,-674]],[[164443,55183],[-137,14]],[[164306,55197],[-753,51]],[[163553,55248],[-213,10]],[[163340,55258],[12,902]],[[163761,56385],[604,-528]],[[164823,56416],[-458,-559]],[[164401,56725],[422,-309]],[[165162,55099],[-719,84]],[[164823,56416],[339,-1317]],[[163340,55258],[-785,81]],[[162555,55339],[-582,57]],[[163553,55248],[1088,-2645]],[[164641,52603],[-357,46]],[[164284,52649],[-1817,801]],[[162467,53450],[88,1889]],[[165162,55099],[1650,-172]],[[166812,54927],[-809,-1847]],[[166003,53080],[-1362,-477]],[[164306,55197],[856,-98]],[[169298,54638],[-2486,289]],[[162467,53450],[-2875,640]],[[164284,52649],[-363,-1003],[737,-1338]],[[164658,50308],[-4570,-1141]],[[160088,49167],[-644,691],[-4320,1775]],[[166003,53080],[2011,-1570]],[[168014,51510],[-1306,-761]],[[166708,50749],[-2050,-441]],[[169686,54017],[-670,-1917],[-1002,-590]],[[166708,50749],[-209,-2076]],[[166499,48673],[-2409,-903],[-3271,512],[-731,885]],[[171219,12749],[1704,1581]],[[175362,13423],[-2087,-1788]],[[173275,11635],[-1715,361]],[[171560,11996],[-341,753]],[[171219,12749],[-2611,655]],[[176717,10622],[-2025,-1523]],[[173609,9131],[690,1583],[-1024,921]],[[170640,10877],[920,1119]],[[147622,195826],[-417,-117]],[[147205,195709],[114,2028]],[[147319,197737],[303,-1911]],[[151132,194446],[-1325,-93],[9,1252],[-2009,75]],[[147807,195680],[-185,146]],[[147319,197737],[1099,2173],[617,32]],[[149035,199942],[2160,-187]],[[151195,199755],[157,-4238],[-220,-1071]],[[147205,195709],[-1,-477]],[[147204,195232],[-1354,-97]],[[145850,195135],[-2022,-50]],[[143828,195085],[829,572],[46,2112],[810,550],[668,2060],[2964,289]],[[149145,200668],[-110,-726]],[[142766,210082],[-730,1118],[-2418,2588],[-435,318],[-3484,1525],[53,72],[3300,-1465],[479,-292],[2673,-2836],[562,-1028]],[[154047,205010],[-1079,-579],[-1336,-1912],[-437,-2764]],[[149145,200668],[3814,3934],[1057,520]],[[147831,193645],[-577,102]],[[147254,193747],[46,602]],[[147300,194349],[-37,627]],[[147263,194976],[414,53]],[[147677,195029],[154,-1384]],[[147204,195232],[59,-256]],[[147300,194349],[-1450,786]],[[143297,191900],[-982,1793]],[[142315,193693],[1513,1392]],[[147254,193747],[-1939,-29],[-2018,-1818]],[[151132,194446],[-1818,-2212]],[[149314,192234],[-1483,1411]],[[147677,195029],[130,651]],[[149314,192234],[-2269,-1912],[-2139,-2234],[-1310,1621],[-299,2191]],[[132677,187230],[8596,6057],[1042,406]],[[178215,78346],[860,-2606],[-232,-1476]],[[178843,74264],[-1541,-260]],[[182764,80135],[593,-2297],[1377,65],[-333,-1808]],[[184401,76095],[-407,-1057]],[[183994,75038],[-3075,-412]],[[180919,74626],[-2076,-362]],[[185718,81096],[978,-2372],[-296,-1627]],[[186400,77097],[-1999,-1002]],[[189527,74993],[-63,-483]],[[189459,74433],[-2024,768],[-2431,-96]],[[185004,75105],[-1010,-67]],[[186400,77097],[3127,-2104]],[[190262,81669],[-1841,-2463],[827,-1362],[1157,-562]],[[190405,77282],[-878,-2289]],[[188764,82022],[1498,-353]],[[190458,81661],[1352,-1526]],[[191810,80135],[280,-310]],[[192090,79825],[-1362,-2336]],[[190728,77489],[-323,-207]],[[190262,81669],[196,-8]],[[195566,82303],[-1885,-19]],[[193681,82284],[-528,2428]],[[194802,76165],[-1609,-11],[-2465,1335]],[[192090,79825],[2320,327],[1725,773]],[[191810,80135],[1871,2149]],[[182059,72004],[915,828],[1266,50],[905,838],[-141,1385]],[[189172,71773],[-3860,-1581],[-2458,-432]],[[182854,69760],[-1467,471],[672,1773]],[[182059,72004],[-1140,2622]],[[182854,69760],[-1695,-11]],[[181159,69749],[-1855,703]],[[191924,85014],[-519,-1666]],[[191405,83348],[-2362,-285]],[[191405,83348],[-947,-1687]],[[206134,126376],[165,1117],[-1318,583],[-2,2282],[-1481,447],[1117,1360]],[[204615,132165],[-86,-968],[2458,-646],[1434,-1490],[1154,250],[1310,-2103]],[[210885,127208],[-643,-1356],[-1337,-402],[-2771,926]],[[212999,127141],[3091,1903]],[[215650,123217],[-938,1103],[-3763,499],[-655,-592],[1551,-1383],[-1332,-2139],[-1834,254],[-1255,1668],[-2669,-241],[-522,2072]],[[204233,124458],[1515,106],[386,1812]],[[210885,127208],[912,-1222],[1202,1155]],[[210006,132696],[2684,-2687],[309,-2868]],[[204615,132165],[-27,205]],[[212130,136229],[2218,-252],[1318,919]],[[215666,136896],[1880,-816],[2252,-474]],[[84438,163850],[-1506,-1006],[-966,401],[-1849,-1742]],[[79332,161933],[3191,3411]],[[84770,163453],[97,-2049],[-887,-158],[-616,-2098]],[[141757,142785],[-748,-1794],[-1187,-1097]],[[136454,141791],[-1262,675],[762,2160],[2117,2033]],[[138071,146659],[95,-1371],[3591,-2503]],[[137691,147548],[380,-889]],[[141757,142785],[1458,-759],[1513,2083]],[[148169,145036],[157,-1738],[-737,-2072],[-2142,-2687],[-1258,590],[-816,-716]],[[225001,145211],[1507,711]],[[226508,145922],[559,-257]],[[227067,145665],[612,-1915],[-1482,-1227],[-2108,417],[-353,736]],[[223736,143676],[1265,1535]],[[221220,136397],[-466,1034],[117,1956],[814,734],[-1202,2095]],[[220483,142216],[2425,785],[828,675]],[[227067,145665],[739,1143],[1050,-1531],[1814,-761]],[[230670,144516],[1,-507]],[[225001,145211],[19,1519]],[[225020,146730],[1488,-808]],[[219347,143626],[1136,-1410]],[[215666,136896],[525,1117],[-973,3723]],[[215218,141736],[1209,1269],[2920,621]],[[110915,209433],[1491,1065],[2159,202],[-222,1018]],[[114343,211718],[491,865],[1605,352]],[[116139,208988],[-3255,-1021],[-1367,399],[-684,-638]],[[110833,207728],[82,1705]],[[112030,213613],[404,-2140],[1909,245]],[[110915,209433],[-527,1103]],[[110388,210536],[-750,2140]],[[109638,212676],[1256,687],[-118,1016]],[[106878,210168],[3510,368]],[[110833,207728],[872,-610]],[[116504,208947],[37,-1974]],[[115661,206771],[-240,540],[-3199,-407]],[[109638,212676],[-3140,528]],[[80452,138020],[1148,303]],[[81600,138323],[-1238,-1285]],[[80362,137038],[90,982]],[[80452,138020],[-704,542]],[[79748,138562],[-177,275]],[[79571,138837],[902,612]],[[80473,139449],[1127,-1126]],[[79217,137928],[531,634]],[[80362,137038],[-15,-15]],[[80347,137023],[-1130,905]],[[80347,137023],[-1017,-820]],[[78456,136919],[761,1009]],[[80686,139709],[2504,-2023],[565,181]],[[83755,137867],[-17,-1788]],[[80473,139449],[213,260]],[[79217,137928],[-541,308]],[[78676,138236],[-504,144]],[[78172,138380],[-8,93]],[[78164,138473],[1079,660]],[[79243,139133],[328,-296]],[[80645,139918],[41,-209]],[[79243,139133],[140,797]],[[79383,139930],[1262,-12]],[[77358,138926],[2025,1004]],[[78164,138473],[-806,453]],[[80873,142694],[-228,-2776]],[[77358,138926],[-97,-48]],[[77261,138878],[625,1717],[-251,1047],[1321,1050]],[[78676,138236],[-901,-1531]],[[77775,136705],[-124,573]],[[77651,137278],[521,1102]],[[77844,136409],[-69,296]],[[77651,137278],[-523,1447]],[[77128,138725],[133,153]],[[75521,136593],[1607,2132]],[[83625,140973],[-868,-1660]],[[82757,139313],[-519,667],[1387,993]],[[83625,140973],[-131,-1878],[-737,218]],[[84516,145914],[531,-300]],[[85047,145614],[-138,-2259]],[[84909,143355],[-565,-3595],[-589,-1893]],[[176256,62654],[415,-5183],[1668,-1963]],[[178339,55508],[-817,-943]],[[177522,54565],[-2477,-282],[-1145,450]],[[175608,62846],[648,-192]],[[177522,54565],[1054,-1799]],[[178576,52766],[-1714,-1086]],[[176862,51680],[-181,-206]],[[176681,51474],[-793,-316]],[[175888,51158],[-1753,1282],[-1605,2003]],[[175888,51158],[-2182,-3565]],[[173706,47593],[-3800,6378]],[[173706,47593],[257,-545]],[[173963,47048],[-1796,-873]],[[172167,46175],[-3290,-840],[-701,1076],[492,1049],[-2169,1213]],[[178576,52766],[2152,-355],[1503,-1019]],[[180855,50056],[-1653,258],[-2340,1366]],[[180912,56144],[1506,-834]],[[182418,55310],[-244,-204]],[[182174,55106],[-497,520],[-648,-948],[985,-482]],[[182014,54196],[-287,-1076],[1275,-409]],[[178339,55508],[2573,636]],[[182174,55106],[-160,-910]],[[182418,55310],[1762,-284],[185,-1296]],[[176256,62654],[1454,-121]],[[177710,62533],[852,-405]],[[178562,62128],[1607,-1847],[743,-4137]],[[178562,62128],[2450,-1053],[2239,-1496]],[[183251,59579],[1537,-1012],[139,-1271]],[[178035,46149],[1407,-2532]],[[179442,43617],[-1153,-1142]],[[178289,42475],[-1442,235]],[[176847,42710],[-1421,-59]],[[175426,42651],[-826,1494]],[[174600,44145],[1578,306],[709,1412],[1148,286]],[[181190,45367],[-1748,-1750]],[[178035,46149],[472,277]],[[173934,39757],[-1142,464],[-1101,1314]],[[171691,41535],[1480,658],[1042,1532]],[[174213,43725],[387,420]],[[175426,42651],[-1492,-2894]],[[173934,39757],[-1268,-1050]],[[172666,38707],[-1749,1569],[774,1259]],[[173963,47048],[499,-282]],[[174462,46766],[1119,-486],[-981,-2135]],[[174213,43725],[-1350,990],[-696,1460]],[[178851,46816],[-1303,-450],[-3086,400]],[[176681,51474],[1017,-3734],[1087,-169]],[[228639,294698],[-1021,-496],[-826,1026],[-2389,-147]],[[224403,295081],[1127,1824],[-1044,4174]],[[224486,301079],[2041,806],[3940,709]],[[230467,302594],[-1724,-5787],[-104,-2109]],[[230467,302594],[1911,92],[2704,-1115],[1086,968],[3248,-1291],[1448,-1107],[-542,-3666]],[[230771,293306],[-1535,276],[-597,1116]],[[221025,288943],[352,2880],[-243,1351]],[[221134,293174],[1680,1388],[1589,519]],[[221134,293174],[-1131,3832],[-281,2143]],[[219722,299149],[4764,1930]],[[218436,298759],[1286,390]],[[218577,298129],[-141,630]],[[215309,310314],[-1357,-272],[-659,-1605],[-1294,2501],[814,1261],[1647,-259],[849,-1626]],[[161917,86257],[-18,20]],[[161899,86277],[-1068,1430]],[[160831,87707],[-1002,3229]],[[162112,92508],[-222,-980],[1710,-781],[2491,807]],[[166091,91554],[628,-1621]],[[166719,89933],[-3186,-1026],[-1616,-2650]],[[165373,93257],[718,-1703]],[[166719,89933],[763,-1925]],[[167482,88008],[-855,-716]],[[166627,87292],[-1158,-954],[-2501,-409],[-1051,328]],[[167171,93668],[1940,480]],[[169111,94148],[1597,-2682]],[[170708,91466],[-3226,-3458]],[[166939,87117],[513,-1185],[-538,-1556],[73,-1649],[913,-736]],[[162054,84047],[-155,2230]],[[166627,87292],[312,-175]],[[166939,87117],[4336,-2394],[2118,1341]],[[170708,91466],[929,-627]],[[171637,90839],[1059,-199]],[[79167,96847],[963,-1226]],[[80130,95621],[-876,-2726],[-1375,-1754],[215,-731]],[[78094,90410],[-1167,110]],[[76927,90520],[-893,751]],[[75060,94029],[1439,62],[890,878],[-76,1315]],[[77313,96284],[1854,563]],[[75675,96604],[1638,-320]],[[82546,96525],[1061,-739],[-466,-1330],[645,-2061]],[[83786,92395],[-1300,-1589]],[[79925,90035],[-923,223]],[[79002,90258],[-908,152]],[[80130,95621],[1163,-135],[1253,1039]],[[84625,89720],[-839,2675]],[[82546,96525],[2383,1447]],[[84929,97972],[457,-90]],[[85386,97882],[1634,-501]],[[156148,74085],[2821,470]],[[158958,70844],[-2773,-3038],[-731,-1262]],[[155454,66544],[-1189,1242],[-1953,389],[-3449,-1259]],[[151080,72555],[2229,96],[2839,1434]],[[155454,66544],[1000,-2167]],[[156454,64377],[-1200,-547]],[[155254,63830],[-1221,-569]],[[154033,63261],[-1685,2099],[-1233,-1151],[18,-1505],[787,-949]],[[151920,61755],[-626,-543]],[[151294,61212],[-885,-858]],[[150409,60354],[-2163,550]],[[154033,63261],[-2113,-1506]],[[160073,66928],[-1017,-786],[86,-1422],[-694,-729],[-1994,386]],[[155983,86903],[-666,1744],[1863,601]],[[160831,87707],[-80,-1423],[-1308,-865],[-1895,616]],[[157548,86035],[-1565,868]],[[156878,84198],[670,1837]],[[153039,85274],[542,657],[2402,972]],[[194904,296084],[524,-342],[2997,839],[1089,-119],[2702,-1773]],[[202216,294689],[1344,-2150],[2630,-726],[513,335]],[[206703,292148],[22,-1329],[-1109,-3001],[-18,-2003]],[[201720,288091],[-345,383],[-1018,469],[-1270,330],[-1392,1938],[-991,-350],[-1438,2938],[-1135,437],[763,1822]],[[210775,290418],[1550,-565],[1373,997]],[[206703,292148],[2713,294],[1359,-2024]],[[210775,290418],[104,2385],[-867,285],[238,3082],[-609,910]],[[209641,297080],[4533,1052],[2280,116],[1982,511]],[[202216,294689],[5361,2202],[2064,189]],[[128400,63435],[-2621,-1364],[-1972,580],[-172,3482],[-1050,1599]],[[122585,67732],[2620,1856]],[[125205,69588],[2029,-241]],[[127234,69347],[515,-431],[651,-5481]],[[125313,70550],[-108,-962]],[[122585,67732],[-3145,3615],[1703,3220]],[[121143,74567],[2191,-2290],[975,432],[1004,-2159]],[[121143,74567],[471,722]],[[127791,75403],[258,-3367]],[[128049,72036],[-2293,-174],[-443,-1312]],[[128049,72036],[269,-704]],[[128318,71332],[-126,-1576],[-958,-409]],[[189396,48085],[644,-1236],[1212,-176],[1614,1294],[2950,1475],[1097,-885],[-2409,-1796]],[[194504,46761],[-660,-1033],[-1745,-40],[-2959,-2135],[-1767,312]],[[187373,43865],[-3090,415],[159,1505]],[[189165,40884],[-1152,786],[-640,2195]],[[194504,46761],[2072,-1311],[-1008,-1018],[-2455,-532],[-2359,-1126],[-1589,-1890]],[[186926,38467],[-1604,2368],[-2048,281],[-883,-671],[-2056,-220]],[[180335,40225],[-1118,95],[-928,2155]],[[189165,40884],[-2239,-2417]],[[147499,108546],[-744,-320]],[[146755,108226],[-792,1635],[-1584,-749],[-361,936]],[[149155,109347],[-1656,-801]],[[146755,108226],[-2852,-1361]],[[147499,108546],[667,-1635],[1007,-705]],[[149173,106206],[-1442,-643],[-499,-1131]],[[147232,104432],[-978,-402]],[[87949,147639],[-3792,178],[-94,3058],[-927,69]],[[83779,153478],[2668,-823],[1180,-1077],[1970,597]],[[84813,153774],[1351,-430],[2869,507]],[[85621,156124],[3237,587]],[[87968,146357],[-2921,-743]],[[77112,88183],[309,-586]],[[77421,87597],[44,-1233]],[[77465,86364],[-1110,377]],[[76355,86741],[212,603]],[[76567,87344],[545,839]],[[78042,86545],[-577,-181]],[[77421,87597],[1261,246]],[[78682,87843],[52,-273]],[[78734,87570],[-692,-1025]],[[77112,88183],[1890,2075]],[[79768,89089],[-1086,-1246]],[[76355,86741],[-1275,179],[-842,-1448],[-837,-125]],[[73401,85347],[360,3991]],[[76927,90520],[-807,-2237],[447,-939]],[[78647,83359],[-2559,-509]],[[76088,82850],[104,2898]],[[76192,85748],[30,461]],[[76222,86209],[133,532]],[[77465,86364],[1182,-3005]],[[79639,83540],[-992,-181]],[[78042,86545],[1960,-1161]],[[78734,87570],[1463,-489],[646,1101]],[[76222,86209],[-30,-461]],[[76088,82850],[-1717,-134]],[[74371,82716],[-967,1867]],[[73404,84583],[-3,764]],[[78876,81020],[-3085,-931]],[[75791,80089],[54,629],[-1474,1998]],[[73404,84583],[-2244,-106]],[[71160,84477],[361,981],[-85,3104]],[[71160,84477],[-793,-1810]],[[68813,86100],[786,90],[1558,2331]],[[75791,80089],[-3601,-1868]],[[36956,102842],[2248,917],[1756,-70]],[[40960,103689],[2157,301]],[[43117,103990],[506,-562]],[[43623,103428],[-1100,-2059],[100,-1757]],[[42623,99612],[-802,-1543]],[[41821,98069],[-4055,893],[88,1176],[-898,2704]],[[40203,109971],[-486,-2402]],[[39717,107569],[-1116,729]],[[38601,108298],[-1724,2809]],[[36877,111107],[1290,218],[1002,-1190],[1034,-164]],[[44366,108322],[-2246,-2269]],[[42120,106053],[-2208,1145]],[[39912,107198],[-195,371]],[[40203,109971],[3565,34],[598,-1683]],[[44366,108322],[1669,-1672],[505,-1834],[1012,-500]],[[47552,104316],[-636,-707]],[[46916,103609],[-3293,-181]],[[43117,103990],[-997,2063]],[[40960,103689],[-516,433],[-532,3076]],[[48844,98599],[1326,1525],[219,2274],[-1056,1542]],[[49333,103940],[2122,-887],[1270,-1540],[-656,-1216],[-1755,-1585],[-1470,-113]],[[58769,98935],[-56,647],[-2735,1558],[372,633],[2317,-1869],[175,-1011]],[[46916,103609],[593,-1146],[-506,-3039]],[[47003,99424],[-4380,188]],[[48844,98599],[-2358,-1139]],[[46486,97460],[517,1964]],[[47552,104316],[1781,-376]],[[46486,97460],[-3339,-632],[-1326,1241]],[[38601,108298],[-1449,-693],[-2253,-345]],[[34899,107260],[-599,1740],[-1563,1220]],[[32737,110220],[448,875]],[[33185,111095],[247,1065],[1113,872]],[[34785,112795],[-1055,-798],[-132,-1122],[3279,232]],[[36956,102842],[-1296,1224],[-2289,660]],[[33371,104726],[732,914],[-266,1328]],[[33837,106968],[1062,292]],[[33837,106968],[-1447,950]],[[32390,107918],[-717,1736],[1064,566]],[[26037,110711],[1760,-2870],[1514,659]],[[29311,108500],[1798,-1633]],[[31109,106867],[137,-744]],[[31246,106123],[-812,-1065],[-1938,-1132],[-2060,-710],[-247,-2033]],[[25993,101184],[135,1624],[-2104,1520],[-667,3079],[838,1730],[1842,1574]],[[31709,111371],[-890,-1618],[-1508,-1253]],[[26037,110711],[1385,22],[2487,753],[1800,-115]],[[31709,111371],[1476,-276]],[[32390,107918],[-1281,-1051]],[[33371,104726],[-663,1579],[-1462,-182]],[[232631,259945],[856,-528]],[[233487,259417],[312,-157]],[[233799,259260],[914,-1778]],[[234713,257482],[-28,-328]],[[234685,257154],[-1287,-899]],[[233398,256255],[-1995,-1395]],[[231403,254860],[-1753,2794]],[[229650,257654],[-282,443]],[[229368,258097],[3263,1848]],[[233398,256255],[864,-1403],[196,-1708]],[[234458,253144],[-772,-767],[-2130,-781],[-944,-3112]],[[230612,248484],[-1003,242]],[[229609,248726],[440,1796],[-881,2731]],[[229168,253253],[335,175]],[[229503,253428],[1900,1432]],[[227702,256313],[1948,1341]],[[229503,253428],[-1801,2885]],[[226914,257052],[788,-739]],[[229168,253253],[-2151,-544]],[[227017,252709],[-988,1176]],[[226029,253885],[-472,1698],[1357,1469]],[[229609,248726],[-1643,1206],[-949,-170],[-372,1837],[372,1110]],[[227979,259376],[612,-500]],[[228591,258876],[777,-779]],[[226914,257052],[616,995],[-1491,1593]],[[226039,259640],[-66,290]],[[225973,259930],[2006,-554]],[[237240,255277],[-1881,613],[-674,1264]],[[234713,257482],[1488,1003]],[[236201,258485],[238,-253]],[[236439,258232],[1967,-2110]],[[238406,256122],[-1166,-845]],[[234767,260020],[-968,-760]],[[233487,259417],[1094,803]],[[234581,260220],[186,-200]],[[234767,260020],[1434,-1535]],[[232416,260326],[1338,782]],[[233754,261108],[827,-888]],[[232631,259945],[-215,381]],[[233754,261108],[744,379]],[[237097,258847],[-658,-615]],[[239063,256853],[-657,-731]],[[237240,255277],[-2782,-2133]],[[237158,247628],[-1554,-811],[-3978,-949]],[[231626,245868],[-448,1775]],[[231178,247643],[-102,399]],[[231076,248042],[3110,808],[486,907],[3733,1152]],[[238405,250909],[533,-2275]],[[238938,248634],[11,-47]],[[238949,248587],[-1791,-959]],[[240081,252027],[1090,-2800]],[[241171,249227],[-1203,-341]],[[239968,248886],[-1030,-252]],[[238405,250909],[-37,374]],[[238368,251283],[1713,744]],[[240081,252027],[2667,1085]],[[245403,250421],[-4232,-1194]],[[237240,255277],[441,-813],[-715,-1632],[1402,-1549]],[[231076,248042],[-464,442]],[[224899,253669],[1130,216]],[[231178,247643],[-1310,-1206],[-2488,-433],[-1717,-1170],[-912,408]],[[224751,245242],[803,2445],[-3742,-519]],[[231626,245868],[154,-1764]],[[231780,244104],[-430,-203],[787,-5912]],[[232137,237989],[120,-595]],[[230813,236195],[-1904,760]],[[228909,236955],[-834,3293],[-564,483],[-2775,325]],[[224736,241056],[-729,601]],[[224007,241657],[88,2000],[656,1585]],[[224007,241657],[-1957,95]],[[222050,241752],[-1686,2999]],[[231780,244104],[3890,131],[446,-257]],[[236116,243978],[916,-647]],[[237032,243331],[261,-1767]],[[237293,241564],[-3417,-1789],[-440,-2075],[-1299,289]],[[238103,245088],[1898,-133]],[[240001,244955],[266,-1666],[1288,-1780]],[[241555,241509],[-2605,-1928]],[[238950,239581],[-1657,1983]],[[237032,243331],[1071,1757]],[[236116,243978],[157,1223],[1632,713]],[[237905,245914],[198,-826]],[[237158,247628],[747,-1714]],[[238949,248587],[1228,-1629],[179,-1338]],[[240356,245620],[-355,-665]],[[239968,248886],[1579,-2924]],[[241547,245962],[-85,-59]],[[241462,245903],[-1106,-283]],[[246284,249248],[-4737,-3286]],[[248476,246260],[-5333,-3670]],[[243143,242590],[-1264,1804],[-417,1509]],[[243143,242590],[-1588,-1081]],[[238950,239581],[-758,-1540]],[[238192,238041],[-2493,-1258]],[[235699,236783],[-2335,-1089]],[[240172,233034],[-1108,-364]],[[239064,232670],[-569,1549],[-1011,-361],[-1797,1355],[12,1570]],[[238192,238041],[2793,-2676]],[[240985,235365],[175,-2536]],[[241160,232829],[-988,205]],[[241555,241509],[1674,-4155],[-29,-1028]],[[243200,236326],[-406,-199]],[[242794,236127],[-1809,-762]],[[242794,236127],[1506,-3199]],[[241378,230991],[-218,1838]],[[237774,231588],[1290,1082]],[[250811,243087],[-230,-544],[-7381,-6217]],[[173076,109435],[183,807]],[[173259,110242],[2253,205]],[[176340,108034],[-9,-1502],[-1058,-376]],[[175273,106156],[-846,451]],[[174427,106607],[-36,1427],[-1137,299]],[[173254,108333],[-178,1102]],[[174427,106607],[-1849,386]],[[172578,106993],[676,1340]],[[176819,104519],[-1546,1637]],[[173259,110242],[-377,1801]],[[174148,102177],[-1200,1099]],[[171551,105362],[1027,1631]],[[169925,109306],[1500,392],[1651,-263]],[[160908,107840],[-570,-978],[-2536,-1043]],[[155935,105642],[219,708],[-1337,2565]],[[160771,111252],[137,-3412]],[[163694,108275],[-2786,-435]],[[164021,105211],[-676,-1321],[852,-1623]],[[214186,216458],[-2,-3277]],[[214184,213181],[-79,-1119]],[[214105,212062],[-1454,336],[-1290,-439]],[[211361,211959],[-1059,1492],[-820,-26]],[[209482,213425],[461,2057],[-777,713]],[[209166,216195],[1043,1470]],[[216864,214290],[-2680,-1109]],[[217694,211166],[-2112,418]],[[215582,211584],[-1477,478]],[[214749,208860],[833,2724]],[[210775,208343],[586,3616]],[[207499,212828],[1983,597]],[[206023,211933],[1476,895]],[[207499,212828],[-1483,1897]],[[206016,214725],[2167,777]],[[208183,215502],[983,693]],[[207505,220430],[3367,1269]],[[208183,215502],[-1309,2221],[1377,797],[-746,1910]],[[207505,220430],[-2450,-779]],[[205055,219651],[-1389,752],[724,1585],[-1421,2443]],[[202969,224431],[15,251]],[[202984,224682],[3663,1545]],[[206647,226227],[1626,373],[1535,-461]],[[209808,226139],[671,-1769]],[[209808,226139],[3119,604]],[[202984,224682],[-417,1145],[1069,1838]],[[203636,227665],[2105,434],[906,-1872]],[[205055,219651],[-3668,-1934]],[[198448,221635],[1368,1864],[1982,537]],[[201798,224036],[1171,395]],[[206016,214725],[-1361,-182],[-2588,735]],[[35862,88860],[-1943,1653],[-2335,-854],[-1948,779]],[[29636,90438],[358,1888]],[[29994,92326],[186,977]],[[30180,93303],[2438,-357],[2472,-1233]],[[35090,91713],[1230,-1521]],[[36320,90192],[-345,-1325]],[[29394,90102],[457,-311]],[[36236,94880],[-1380,-1921],[234,-1246]],[[30180,93303],[939,2481]],[[31119,95784],[2775,269],[2342,-1173]],[[36236,94880],[1799,-3458],[-1715,-1230]],[[19924,94488],[3395,1370]],[[23319,95858],[2773,-1210],[928,317]],[[27020,94965],[-830,-1114],[766,-1777]],[[26956,92074],[402,-1177],[1248,-347]],[[28606,90550],[-3209,-2130],[-2881,3313],[-1341,715],[-1172,1828]],[[29994,92326],[-3038,-252]],[[27020,94965],[2695,239],[1404,580]],[[29636,90438],[-1030,112]],[[123342,163376],[-101,3111]],[[123241,166487],[380,1234]],[[121387,167236],[1854,-749]],[[123347,163161],[-3329,-410],[-2130,1537]],[[118873,165146],[1901,179],[613,1911]],[[121387,167236],[-1733,1153],[-233,1398]],[[206965,264127],[1697,686],[131,1339],[1659,861],[3073,953],[-1195,-2052],[-1697,-1385],[-1849,102],[-1864,-841]],[[209073,268872],[-645,-779]],[[215557,272674],[158,-2043],[-1062,-2481],[-1372,-1079],[-335,-2370],[1741,-917]],[[214687,263784],[673,-2401]],[[215360,261383],[-649,-450]],[[214711,260933],[-1081,1535],[-1549,177],[-2064,-1923],[-3209,1742]],[[215360,261383],[906,-1480]],[[216266,259903],[557,-1054]],[[216823,258849],[-54,-555],[-3802,-1765],[-614,1003],[-1359,-45],[-1187,729],[572,2063],[3469,-512],[863,1166]],[[215340,251210],[-1478,-678]],[[213862,250532],[-489,1899],[1979,1297],[747,1241]],[[205569,260169],[512,-1799]],[[209313,253635],[-1147,653],[672,1309],[1028,-1036],[-553,-926]],[[216823,258849],[175,-972],[-594,-2093]],[[213862,250532],[-3495,-1597]],[[210367,248935],[-22,-10]],[[218396,268277],[188,-2172]],[[218584,266105],[-53,-693]],[[218531,265412],[-3844,-1628]],[[216693,272553],[1672,-3594],[31,-682]],[[229047,186598],[-2608,-1418],[-1422,-2693]],[[222682,185026],[2616,735],[2493,1140],[1172,-56]],[[222890,187476],[2361,916],[2706,385],[904,841],[1098,-321]],[[230438,193686],[1388,-882]],[[223676,189464],[1544,633],[-581,1334]],[[219345,193804],[1046,-2788],[-81,-1485]],[[203475,229525],[-2390,1032]],[[201085,230557],[-141,1697]],[[200944,232254],[2139,3067],[-2955,2338]],[[200128,237659],[1458,2130]],[[201586,239789],[1065,-2082],[1389,192],[931,-702],[1900,1552]],[[206871,238749],[928,-462],[-288,-1475]],[[207511,236812],[-1401,-2497]],[[206110,234315],[-1015,-2164]],[[205095,232151],[-1620,-2626]],[[200944,232254],[-3438,347]],[[197506,232601],[654,2389],[690,899]],[[198850,235889],[1278,1770]],[[207468,241811],[1112,-711],[-1709,-2351]],[[201586,239789],[-2633,1509]],[[203636,227665],[-161,1860]],[[205095,232151],[1963,638]],[[207058,232789],[347,90]],[[207405,232879],[1039,206]],[[208444,233085],[379,-3691],[-374,-1359],[1026,-829],[2864,1551],[1139,-374]],[[208444,233085],[3295,825]],[[211739,233910],[1393,-25],[1700,-1892]],[[214832,231993],[-1080,-2107],[-274,-1503]],[[210964,237413],[760,-1229],[15,-2274]],[[207405,232879],[50,1238],[1205,1531],[2304,1765]],[[207058,232789],[-948,1526]],[[207511,236812],[839,1404],[2607,-770]],[[210957,237446],[7,-33]],[[194455,225080],[1741,2552]],[[196196,227632],[1676,615]],[[197872,228247],[599,302],[2492,-2979],[835,-1534]],[[197872,228247],[-306,1444],[3519,866]],[[194373,229817],[1372,2038]],[[195745,231855],[695,439]],[[196440,232294],[1066,307]],[[196196,227632],[-1823,2185]],[[196953,237194],[1068,-621]],[[198021,236573],[829,-684]],[[196440,232294],[-2123,2216]],[[194317,234510],[-46,241]],[[194271,234751],[337,727],[2345,1716]],[[195745,231855],[-2173,1824]],[[193572,233679],[745,831]],[[192215,235152],[1357,-1473]],[[194373,229817],[-2859,3107],[-731,1154]],[[196192,237935],[761,-741]],[[194271,234751],[-776,1392]],[[198021,236573],[1003,1479],[-115,1745],[-861,597]],[[179205,96596],[-1901,-939]],[[177304,95657],[-1463,326],[-2355,-1005],[-3415,8]],[[170071,94986],[1896,2543]],[[171967,97529],[456,613],[1965,385],[669,720]],[[177304,95657],[-642,-1874],[844,-636]],[[176469,92801],[-1133,978],[-1562,-760],[-2137,-2180]],[[169111,94148],[960,838]],[[171967,97529],[-1185,1073],[-1591,-452],[-667,1205]],[[173782,127201],[1199,279],[1140,1097],[445,3013]],[[176832,131494],[1553,-1576],[2122,1078],[1402,-522]],[[184060,125792],[-1357,130],[-685,2041],[-1028,-468],[-1242,-2027],[-1259,-546]],[[153264,56183],[-2855,4171]],[[150409,60354],[2031,-1787],[1985,972]],[[154425,59539],[1980,1091]],[[156405,60630],[1201,471],[2291,-421]],[[157938,55264],[-2505,-115]],[[155433,55149],[-665,1535],[-1504,-501]],[[153235,54275],[29,1908]],[[155433,55149],[-2198,-874]],[[153943,52109],[-708,2166]],[[156405,60630],[-17,1476],[-1134,1724]],[[154425,59539],[-1128,1333],[-2003,340]],[[190953,222507],[-783,-428]],[[190170,222079],[-1314,1311],[-245,1517],[-2261,-730]],[[186350,224177],[-562,2863],[-2645,284]],[[183143,227324],[-396,211]],[[182747,227535],[2102,2126]],[[182747,227535],[-2018,184],[-1895,1046],[-1209,1774]],[[183143,227324],[-2919,-2840],[-204,-993]],[[180020,223491],[-838,-2],[-2604,1963],[-1480,1772]],[[175098,227224],[-494,780]],[[175098,227224],[-1616,-1451]],[[180020,223491],[1142,-2304]],[[181162,221187],[-739,624],[-1603,-2377],[86,-731]],[[186350,224177],[-894,-1123],[-2898,-1266]],[[182558,221788],[-1396,-601]],[[180899,213609],[-242,-517]],[[179797,217209],[1738,166]],[[181535,217375],[163,-2561],[-799,-1205]],[[181535,217375],[1598,163],[761,753]],[[183894,218291],[2366,-610]],[[186260,217681],[1471,-621]],[[187731,217060],[-3792,-1239],[890,-765]],[[184829,215056],[-2859,-1495],[-1071,48]],[[184829,215056],[379,-521]],[[185208,214535],[351,-2608],[1283,-369]],[[186842,211558],[-2488,-1231]],[[184354,210327],[-963,1068],[-1709,802]],[[189058,214021],[408,-1066]],[[189466,212955],[-2624,-1397]],[[185208,214535],[3090,696],[760,-1210]],[[187731,217060],[610,134],[1974,2569]],[[190315,219763],[398,155],[1343,-4048],[-158,-578],[-2840,-1271]],[[190976,213343],[-1510,-388]],[[190315,219763],[-203,1411]],[[190112,221174],[58,905]],[[186260,217681],[47,2502]],[[186307,220183],[3805,991]],[[186307,220183],[-94,1017],[-3036,-1044]],[[183177,220156],[-619,1632]],[[183894,218291],[-717,1865]],[[85386,97882],[-620,2433],[2161,1828]],[[86927,102143],[847,-603],[1599,838]],[[89373,102378],[1528,-1267]],[[90901,101111],[-1510,-365],[372,-2523],[-1146,-973]],[[91127,105291],[502,-1147],[2101,114]],[[93730,104258],[854,-1615],[-1733,-745],[680,-958]],[[93531,100940],[-402,-603]],[[93129,100337],[-798,-365],[-1430,1139]],[[89373,102378],[2047,1074],[-293,1839]],[[93129,100337],[671,-1605]],[[79556,103760],[2228,269],[5329,1320],[1407,844]],[[88520,106193],[-307,-3053],[-1286,-997]],[[84929,97972],[-1101,1275]],[[83828,99247],[-2789,424]],[[81039,99671],[490,785],[-1805,1140]],[[79724,101596],[-168,2164]],[[88520,106193],[1544,1562]],[[90157,107782],[227,-578]],[[90384,107204],[743,-1913]],[[83828,99247],[-1369,-1111],[-2279,381]],[[80180,98517],[859,1154]],[[79167,96847],[1013,1670]],[[75069,97295],[749,2750],[-1073,653],[943,1509]],[[75688,102207],[2094,-1681]],[[77782,100526],[1276,155],[666,915]],[[71492,100567],[-245,523],[1899,2948]],[[73146,104038],[1322,-20]],[[74468,104018],[1220,-1811]],[[77782,100526],[-3314,3492]],[[73146,104038],[1797,1457],[4613,-1735]],[[73440,105715],[-624,-527]],[[174645,33826],[-1283,-1035]],[[173362,32791],[-1068,116],[-541,2804]],[[171753,35711],[840,618]],[[172593,36329],[913,-1587],[1720,1970]],[[175226,36712],[116,-125]],[[175342,36587],[26,-18]],[[175368,36569],[-723,-2743]],[[172593,36329],[546,1607]],[[173139,37936],[2087,-1224]],[[175368,36569],[2938,-1473]],[[178306,35096],[-1812,-1648],[-1463,-129]],[[175031,33319],[-386,507]],[[171753,35711],[-1333,-1497]],[[170420,34214],[-162,48]],[[170258,34262],[421,1967],[-596,1517],[2521,730]],[[172604,38476],[535,-540]],[[175739,37683],[-397,-1096]],[[172604,38476],[62,231]],[[176847,42710],[214,-1450],[-932,-1447]],[[176129,39813],[-390,-2130]],[[176723,39911],[138,-1107]],[[176861,38804],[-138,1107]],[[182894,35223],[-1451,1116],[-1778,163],[-368,680]],[[179297,37182],[-72,76]],[[179225,37258],[-370,188]],[[178855,37446],[1480,2779]],[[186926,38467],[-2707,-1392],[-1325,-1852]],[[176129,39813],[594,98]],[[176861,38804],[1994,-1358]],[[179225,37258],[-2025,-657],[-1461,1082]],[[179297,37182],[-611,-2400]],[[178686,34782],[-380,314]],[[175031,33319],[764,-2110]],[[175795,31209],[-1421,-393]],[[174374,30816],[-1012,1975]],[[182894,35223],[-799,-2623],[-2015,-1024],[-1394,3206]],[[1936,66623],[1727,-2397]],[[3663,64226],[634,-622],[567,-4233],[-1014,-1071]],[[3850,58300],[-613,-311],[-1309,1844],[-679,3269],[-1249,1429],[1936,2092]],[[4149,68069],[-704,-2401],[1946,-116]],[[5391,65552],[-944,-1153]],[[4447,64399],[-784,-173]],[[1936,66623],[-739,1611],[-78,2790]],[[1119,71024],[1125,-630],[169,-1528],[1736,-797]],[[4447,64399],[3516,-1352],[1055,-762],[715,1319],[2106,-740]],[[11839,62864],[1885,-1436]],[[13724,61428],[-2857,-285],[135,-734]],[[11002,60409],[-2151,1132],[-594,-2068],[944,-708],[-260,-1195]],[[8941,57570],[-1149,611],[-3308,-906]],[[4484,57275],[-634,1025]],[[8941,57570],[2689,-977]],[[11630,56593],[-5681,-387],[-1465,1069]],[[11002,60409],[628,-3816]],[[10667,68003],[1638,-1772]],[[12305,66231],[-888,-527],[422,-2840]],[[5391,65552],[1534,276],[1856,2687]],[[8781,68515],[667,200]],[[9448,68715],[1219,-712]],[[4149,68069],[2710,1752]],[[6859,69821],[1922,-1306]],[[5417,72770],[253,-1982],[1189,-967]],[[1119,71024],[3635,1760],[663,-14]],[[8215,73301],[1158,-2804],[75,-1782]],[[5417,72770],[2798,531]],[[10155,74106],[1687,-1977],[1596,-843],[75,-1033]],[[13513,70253],[-1212,-1749],[-1634,-501]],[[8215,73301],[1940,805]],[[16284,72089],[-688,-1396]],[[15596,70693],[-2083,-440]],[[10155,74106],[1226,436],[3483,-1061],[1420,-1392]],[[19998,66993],[-1815,2622],[-1385,-1338]],[[16798,68277],[-1202,2416]],[[16284,72089],[3643,-1307],[3157,-583],[376,-778]],[[23289,59603],[-2462,1632],[-1204,-201],[-3511,2055]],[[16112,63089],[-1197,3329],[-892,195]],[[14023,66613],[2775,1664]],[[14023,66613],[-1718,-382]],[[16112,63089],[-1006,-1958],[-1382,297]],[[99546,101585],[-574,1010]],[[98972,102595],[-667,2431]],[[98305,105026],[850,443],[3676,-211]],[[98305,105026],[-338,1162]],[[97967,106188],[-1873,1835],[-5710,-819]],[[93531,100940],[2130,918]],[[95661,101858],[1207,-1247],[2652,884]],[[95661,101858],[3311,737]],[[97967,106188],[-1532,-498],[-1852,-1712],[-853,280]],[[154059,108875],[-2783,-2233]],[[151276,106642],[-2103,-436]],[[154253,102707],[-2494,981]],[[151759,103688],[-1123,1837],[640,1117]],[[152154,98741],[-1564,629],[-394,1661]],[[150196,101031],[1828,1901],[-265,756]],[[150196,101031],[-1884,997],[621,1463],[-1701,941]],[[171372,283649],[-2890,1844],[-1610,-312],[-1472,1042],[2239,1627],[-966,1356]],[[166673,289206],[2230,978],[3201,1872]],[[176296,287411],[-2720,-421],[112,-1460],[-1436,233],[-871,-565],[-9,-1549]],[[171372,283649],[355,-1565],[-653,-1295]],[[163532,287362],[3141,1844]],[[177923,285307],[-2520,-1557],[672,-1550],[-1578,-1261]],[[115677,80489],[-426,-1918]],[[106980,80829],[1218,1800],[192,1723]],[[103553,81151],[-876,117]],[[102677,81268],[-198,2225]],[[102479,83493],[-183,1975],[473,936]],[[102677,81268],[-983,1475],[-3815,855]],[[99068,86583],[640,-1329],[2771,-1761]],[[102407,88620],[717,-1017]],[[136264,61127],[-711,2070]],[[138618,66188],[1857,-1134]],[[140475,65054],[1632,-2782]],[[143544,56703],[-4967,1505]],[[138577,58208],[85,1970],[-689,785],[-1709,164]],[[130921,56699],[-730,728],[1058,4112]],[[131249,61539],[199,414]],[[131448,61953],[1366,1088]],[[136264,61127],[-2822,-1432],[-2521,-2996]],[[138577,58208],[-682,-1417],[-2823,-168],[-2280,585],[-1871,-509]],[[143889,66839],[-3414,-1785]],[[130430,71365],[277,-851]],[[130707,70514],[1275,-4127],[-1825,-1573],[-63,-790],[1354,-2071]],[[131249,61539],[-2849,1896]],[[128318,71332],[2112,33]],[[130050,74836],[380,-3471]],[[130707,70514],[1458,220]],[[132165,70734],[1758,-1605]],[[132165,70734],[-370,1695],[-1318,2463]],[[178729,5811],[-699,-225],[-1475,-2137]],[[176555,3449],[-2800,394],[-749,-415]],[[174969,8364],[2516,-724]],[[177485,7640],[1244,-1829]],[[179648,9891],[-1434,-2037]],[[178214,7854],[-729,-214]],[[182470,7306],[-3156,173],[-1100,375]],[[183451,6509],[-468,-688]],[[181667,5222],[-2174,964],[-764,-375]],[[179289,2662],[-282,571],[-2110,-352],[-374,-612]],[[176523,2269],[32,1180]],[[180133,648],[-992,-648],[-2244,539],[-257,1522]],[[176640,2061],[-117,208]],[[176640,2061],[-2373,-1411],[-532,869]],[[227979,259376],[-738,2223]],[[227241,261599],[2384,1043]],[[229625,262642],[971,27]],[[230596,262669],[1011,-1534]],[[231607,261135],[-2288,-910],[-728,-1349]],[[232332,263728],[-1736,-1059]],[[229625,262642],[-649,1667]],[[232416,260326],[-809,809]],[[227241,261599],[-1742,-142]],[[225499,261457],[-461,1013]],[[225038,262470],[-45,101]],[[225973,259930],[-474,1527]],[[221733,267261],[-1149,-830],[-2000,-326]],[[218396,268277],[1507,893]],[[223880,265203],[-3628,-1598]],[[220252,263605],[-1030,-364]],[[219222,263241],[-691,2171]],[[220654,261445],[1833,-477]],[[222487,260968],[-138,-2454],[471,-912]],[[220711,257356],[-1561,1020],[164,1630]],[[219314,260006],[1340,1439]],[[220252,263605],[402,-2160]],[[219314,260006],[-2491,-1157]],[[216266,259903],[734,1059],[2514,1295],[-292,984]],[[225038,262470],[-2551,-1502]],[[226039,259640],[-1415,-1158],[-533,-2424],[-786,68]],[[218216,238618],[2092,-399]],[[220308,238219],[-244,-2927]],[[220064,235292],[-12,-398]],[[220052,234894],[1805,-2746],[-1516,-1521]],[[220341,230627],[-1511,1731],[-2398,-98],[-489,-1265]],[[215943,230995],[-1111,998]],[[210957,237446],[-204,2341]],[[210753,239787],[3278,-2121],[1810,-264],[1121,-789],[1254,2005]],[[215425,242525],[2984,-2641],[-193,-1266]],[[210753,239787],[2170,2375]],[[212923,242162],[1392,1137],[1110,-774]],[[222050,241752],[-1586,-2206],[-156,-1327]],[[215425,242525],[1399,2206]],[[220341,230627],[1087,-483],[529,-1533]],[[221957,228611],[-3378,-506],[-208,-2111],[-1608,-1035]],[[215040,227883],[903,3112]],[[221534,226646],[-519,-2039]],[[221957,228611],[-423,-1965]],[[212923,242162],[-3224,2059]],[[210367,248935],[5125,-3393]],[[224272,236395],[1585,-1628]],[[225857,234767],[637,-986],[-463,-1293]],[[226031,232488],[-1491,-908]],[[224540,231580],[-1397,601],[-3091,2713]],[[220064,235292],[2421,86],[1787,1017]],[[228909,236955],[-3052,-2188]],[[224272,236395],[19,3336],[445,1325]],[[226031,232488],[2069,101],[1409,-910]],[[226171,226995],[-609,2478],[690,1393],[-1712,714]],[[221534,226646],[2650,242],[1704,-308]],[[223861,223514],[-1422,641],[-1670,-543]],[[171930,127045],[-1443,-293],[-1568,777]],[[168919,127529],[1572,1356],[-1912,3300]],[[168579,132185],[2859,766],[441,784]],[[163521,131723],[-1295,-110]],[[162226,131613],[-2030,-198]],[[160196,131415],[391,2145]],[[168579,132185],[-1346,-712],[-1043,1221],[-2669,-971]],[[168919,127529],[-2607,-824],[-91,-745]],[[163456,126945],[-87,1669],[-780,1454]],[[162589,130068],[932,1655]],[[162589,130068],[-363,1545]],[[222328,164196],[-344,1004]],[[221984,165200],[870,1591]],[[222854,166791],[627,462]],[[223481,167253],[1199,-1400],[-195,-1126]],[[224485,164727],[-2157,-531]],[[223481,167253],[288,696]],[[223769,167949],[1922,-1919]],[[225691,166030],[138,-722]],[[225829,165308],[-1344,-581]],[[222361,167030],[493,-239]],[[221984,165200],[-628,958],[1005,872]],[[215484,169336],[3240,-1535],[2260,-149],[1377,-622]],[[222328,164196],[-551,-174]],[[221777,164022],[-2203,-1531],[-826,-2947]],[[218748,159544],[-1720,-425]],[[211748,166228],[3736,3108]],[[225829,165308],[690,-1568]],[[226519,163740],[-751,-76],[-1376,-1714]],[[224392,161950],[-2615,2072]],[[224582,169599],[-813,-1650]],[[215484,169336],[339,247]],[[215823,169583],[3080,1331],[2147,21]],[[224392,161950],[1674,-1432]],[[227478,158898],[-2657,-158],[-1049,984],[-2451,-583]],[[221321,159141],[-2573,403]],[[232691,167655],[-1695,-17]],[[230996,167638],[0,1751]],[[230996,169389],[2364,-277],[-282,-1392]],[[230996,167638],[-1682,561]],[[229314,168199],[1682,1190]],[[229314,168199],[-1763,-713],[-1860,-1456]],[[226519,163740],[1385,5],[1620,-2174]],[[160196,131415],[-1171,-792],[-1780,-337]],[[157245,130286],[-2215,-29],[-1949,-452]],[[157245,130286],[614,-2681]],[[218542,174019],[898,836]],[[219525,174691],[-983,-672]],[[220911,172233],[-4015,-93],[-45,2256]],[[216851,174396],[1691,-377]],[[215823,169583],[-1024,2972],[-150,2360]],[[216966,175389],[-115,-993]],[[210776,169498],[74,1040]],[[210850,170538],[339,976],[1713,-359],[-218,-907],[-1908,-750]],[[210776,169498],[-547,-333],[-486,1038],[1107,335]],[[214163,168788],[395,1143],[-1178,-123],[783,-1020]],[[153878,76659],[2270,-2574]],[[190154,172533],[-645,2186],[805,2857]],[[190314,177576],[1401,-581]],[[191715,176995],[-468,-1815],[853,-2594]],[[192952,179631],[-1564,1616]],[[191984,183384],[1892,402]],[[193876,183786],[65,-421]],[[193941,183365],[-989,-3734]],[[195719,174146],[-750,1604],[448,1054]],[[195417,176804],[586,1468]],[[196003,178272],[599,-4]],[[191715,176995],[811,638]],[[192526,177633],[417,-1363]],[[192943,176270],[-605,-1008],[469,-2423]],[[196003,178272],[-3051,1359]],[[193941,183365],[3103,-1232]],[[189638,178724],[676,-1148]],[[192952,179631],[-426,-1998]],[[192943,176270],[740,619],[1734,-85]],[[193876,183786],[414,1474],[-847,1581],[-304,1656]],[[191238,187197],[1096,-2141],[-304,-1531]],[[255552,183564],[614,-1979]],[[249270,182216],[-1446,687]],[[247824,182903],[1009,2076]],[[248833,184979],[725,17]],[[249558,184996],[1866,-1899],[1631,565],[567,-653],[1930,555]],[[247516,188497],[980,912],[1007,2358],[1114,11],[1238,-4019],[1215,-1700]],[[253070,186059],[-3512,-1063]],[[248833,184979],[-181,1614],[-984,1482]],[[247824,182903],[-1744,-242]],[[246080,182661],[219,2436]],[[246299,185097],[-50,287]],[[246249,185384],[1274,2686]],[[246249,185384],[-1116,882],[-1979,-1438],[1566,-649],[1579,918]],[[246080,182661],[-1625,-1506],[-2899,-1396]],[[241556,179759],[-101,107]],[[253070,186059],[574,-1207],[1547,-325],[361,-963]],[[241556,179759],[1573,-103],[3077,-2706],[529,-28]],[[243589,175575],[-2574,510]],[[241015,176085],[565,1190],[-2253,1622],[-670,1375]],[[241015,176085],[-3101,-1375]],[[61137,136858],[-126,-409]],[[61011,136449],[-390,-174]],[[60621,136275],[-515,1514],[-1152,1235],[-440,1546]],[[58514,140570],[2331,1081]],[[60845,141651],[-93,-1618],[758,-955],[-373,-2220]],[[60845,141651],[1954,-46]],[[62799,141605],[2130,-2330]],[[64929,139275],[-545,-368]],[[64384,138907],[-3247,-2049]],[[61011,136449],[873,-1609],[-122,-1213]],[[59208,135674],[1413,601]],[[54949,139585],[1902,2425]],[[56851,142010],[1663,-1440]],[[63263,142195],[-464,-590]],[[56851,142010],[3006,3496]],[[67478,141066],[-2549,-1791]],[[64384,138907],[2505,-1691],[-1378,-1224]],[[65511,135992],[-1313,-1059],[-2039,-721],[419,-1170]],[[68253,132945],[-608,1888],[-1127,-242],[-1007,1401]],[[224715,152894],[-96,-1138],[-1514,-1897]],[[223105,149859],[-1592,540],[-3051,-1950]],[[218462,148449],[-1059,1515],[-1199,584]],[[221321,159141],[-849,-3544],[1175,-938],[687,-1814],[2381,49]],[[235494,152881],[-581,-3717],[-1048,-1226],[-2756,-575],[-439,-2847]],[[225020,146730],[-1915,3129]],[[224715,152894],[3062,297],[976,834]],[[219347,143626],[489,2687],[-1374,2136]],[[215218,141736],[-1721,402],[-898,1866]],[[212599,144004],[-967,2559]],[[211632,146563],[-599,2476],[1439,1015]],[[212599,144004],[-6493,-1204],[-614,-936],[-4239,-5]],[[201253,141859],[-235,2744],[1129,2707]],[[202147,147310],[4044,467],[3879,-532],[1562,-682]],[[203575,138429],[-2322,3430]],[[202147,147310],[-1563,1620],[-1942,45]],[[201253,141859],[-2078,471],[-2764,1165],[-889,-47]],[[174190,30381],[219,102]],[[174409,30483],[243,-2176]],[[174652,28307],[-1359,-2157]],[[173293,26150],[-168,867]],[[173125,27017],[1065,3364]],[[174100,25660],[-807,490]],[[174652,28307],[1060,-1100],[1987,-985]],[[177699,26222],[-760,-778]],[[176939,25444],[-2839,216]],[[175795,31209],[126,-1551],[1897,-1764],[-119,-1672]],[[174409,30483],[-35,333]],[[176939,25444],[309,-592]],[[174103,24075],[-3,1585]],[[173125,27017],[-1853,-245]],[[171272,26772],[-673,2353],[1040,1421],[835,-644],[1716,479]],[[169278,26551],[1994,221]],[[169431,29711],[989,4503]],[[168534,29688],[-1003,1887],[947,2906],[1780,-219]],[[90867,163646],[274,-1453]],[[91141,162193],[-41,-907],[-1173,-1700]],[[89927,159586],[-1300,-1035]],[[88627,158551],[-40,1968],[586,2445]],[[88627,158551],[-1443,572],[-2174,-1559]],[[89927,159586],[3762,768]],[[91141,162193],[2161,300],[1673,-702]],[[183690,284619],[-15,-3556],[618,-679]],[[184293,280384],[-1444,-2229],[-1807,333],[-664,1157],[-1512,-502],[-277,1019]],[[178589,280162],[904,584],[840,4325]],[[185924,282608],[-1631,-2224]],[[175080,280315],[2052,1083],[1457,-1236]],[[87205,142579],[-1379,906],[-917,-130]],[[89916,140337],[-1381,-1374]],[[88535,138963],[-1257,-1215]],[[90683,136030],[140,636],[-2288,2297]],[[177949,66569],[-1083,1676]],[[181159,69749],[197,-581],[2559,47],[1839,-3086]],[[185754,66129],[-2055,-156],[-3443,797],[-2307,-201]],[[185754,66129],[1096,-1541]],[[186850,64588],[472,-1255]],[[187322,63333],[-1273,-1324],[-2677,-1898],[-121,-532]],[[177710,62533],[-183,1418],[422,2618]],[[187322,63333],[1740,-966],[2707,559]],[[191059,67497],[-1613,-1159],[-286,-822],[-2310,-928]],[[248595,264167],[1467,3555]],[[250062,267722],[586,999],[-409,1413]],[[250239,270134],[3022,-188]],[[253261,269946],[353,-279]],[[253614,269667],[1494,-2142]],[[253261,269946],[702,6847]],[[253963,276793],[-355,1530]],[[255132,279963],[3980,-1192]],[[259112,278771],[453,-4312]],[[259565,274459],[-838,-1670],[-3535,-983],[-1578,-2139]],[[263147,272577],[-691,-465]],[[262456,272112],[-616,1001],[-2275,1346]],[[259112,278771],[3684,-850],[868,-2423],[87,-1885],[-604,-1036]],[[262456,272112],[239,-1259]],[[262695,270853],[-720,-2059]],[[259675,272777],[463,-624],[481,170],[-392,514],[-552,-60]],[[263147,272577],[1306,-881],[-1758,-843]],[[250062,267722],[-1359,1146],[-2586,993]],[[246117,269861],[486,1145],[1365,1108]],[[247968,272114],[1183,-2120],[1088,140]],[[247106,263540],[-1117,5322],[-564,823]],[[245425,269685],[692,176]],[[246282,275814],[1686,-3700]],[[245425,269685],[-2596,-51]],[[242829,269634],[673,1868]],[[243502,271502],[960,3333],[-1157,1337]],[[244346,277529],[1936,-1715]],[[246282,275814],[2422,446],[1489,2429],[1202,-2179],[2568,283]],[[188282,207718],[-1315,-651]],[[186967,207067],[-383,706],[-2674,-537],[-1545,897]],[[182022,208473],[2256,1317]],[[184278,209790],[1331,-694],[2216,801],[457,-2179]],[[186967,207067],[695,-1113],[-3812,-1808]],[[189159,206006],[-84,-107]],[[189075,205899],[1336,-406],[-436,-2363],[-1180,407],[-144,1983],[508,486]],[[189075,205899],[1027,274]],[[188282,207718],[877,-1712]],[[184278,209790],[76,537]],[[69997,148124],[340,-529]],[[70337,147595],[326,-719]],[[70820,148700],[623,-300]],[[71443,148400],[-1106,-805]],[[70685,146860],[587,-321]],[[71443,148400],[1253,-668]],[[72571,148857],[489,-627]],[[73060,148230],[-364,-498]],[[71962,149535],[77,53]],[[72039,149588],[532,-731]],[[73386,149428],[108,-824]],[[73494,148604],[-434,-374]],[[72571,148857],[815,571]],[[74165,148814],[-135,-921]],[[73494,148604],[671,210]],[[72039,149588],[1347,-160]],[[75705,150502],[-1343,-1383]],[[74362,149119],[18,829]],[[74380,149948],[-316,590],[-782,-552],[290,-410]],[[73572,149576],[-186,-148]],[[74380,149948],[-808,-372]],[[74362,149119],[-197,-305]],[[73064,138279],[1001,241],[-813,2062]],[[73276,142920],[802,-446],[2494,1644],[-261,675]],[[204233,124458],[-1320,683],[-1229,-671],[-3232,-97],[-859,446]],[[197593,124819],[1832,2306],[1279,-1256],[587,1908],[-1096,3244],[1435,887],[15,884]],[[194249,129182],[971,486],[1639,2839]],[[197593,124819],[-1329,1188],[507,1021],[-1605,1016]],[[242829,269634],[-237,-186]],[[242592,269448],[-2471,-1393],[-3088,120]],[[237658,271559],[5844,-57]],[[242950,265297],[-358,4151]]],"transform":{"scale":[1,1],"translate":[13565,306960]},"objects":{"wijk_2010":{"type":"GeometryCollection","geometries":[{"arcs":[[0,1,2,3,4,5,6,7]],"type":"Polygon","properties":{"id":116333,"statcode":"WK000300","statnaam":"Wijk 00","jrstatcode":"2010WK000300","rubriek":"wijk","FID":"wijk_gegeneraliseerd_2010.63d0569d-e5b5-469b-85ba-5def6c5f623b"},"id":"WK000300"},{"arcs":[[8,9,10,11,12,13,14,15,16]],"type":"Polygon","properties":{"id":116334,"statcode":"WK000500","statnaam":"Wijk 00","jrstatcode":"2010WK000500","rubriek":"wijk","FID":"wijk_gegeneraliseerd_2010.535fc413-343c-4a9d-afb0-cfd41f60486a"},"id":"WK000500"},{"arcs":[[17,18,19,20]],"type":"Polygon","properties":{"id":116335,"statcode":"WK000700","statnaam":"Wijk 00 Bellingwolde","jrstatcode":"2010WK000700","rubriek":"wijk","FID":"wijk_gegeneraliseerd_2010.f74dd353-f827-4641-b4f5-87f2ce239143"},"id":"WK000700"},{"arcs":[[21,22,23,-21]],"type":"Polygon","properties":{"id":116336,"statcode":"WK000701","statnaam":"Wijk 01 Oost","jrstatcode":"2010WK000701","rubriek":"wijk","FID":"wijk_gegeneraliseerd_2010.634ee1cf-5006-43d8-9fde-16e24873d11e"},"id":"WK000701"},{"arcs":[[-24,24,25,26,27,28,29,-18]],"type":"Polygon","properties":{"id":116337,"statcode":"WK000702","statnaam":"Wijk 02 Blijham","jrstatcode":"2010WK000702","rubriek":"wijk","FID":"wijk_gegeneraliseerd_2010.2a0764bd-ebf6-409a-ab88-6708c12c179e"},"id":"WK000702"},{"arcs":[[30,31,32,33,34,35,-16]],"type":"Polygon","properties":{"id":116338,"statcode":"WK000900","statnaam":"Wijk 00 West","jrstatcode":"2010WK000900","rubriek":"wijk","FID":"wijk_gegeneraliseerd_2010.fc6fbb5b-4347-47d4-ab5f-4bb150ae3c0d"},"id":"WK000900"},{"arcs":[[36,37,-33,38]],"type":"Polygon","properties":{"id":116339,"statcode":"WK000901","statnaam":"Wijk 01 Oost","jrstatcode":"2010WK000901","rubriek":"wijk","FID":"wijk_gegeneraliseerd_2010.eadba839-eaf4-452d-9d2d-5e6e66340db7"},"id":"WK000901"},{"arcs":[[39,40,41,-1]],"type":"Polygon","properties":{"id":116340,"statcode":"WK001000","statnaam":"Wijk 00 Stad","jrstatcode":"2010WK001000","rubriek":"wijk","FID":"wijk_gegeneraliseerd_2010.71e29c9f-88cb-47c1-b880-404900b40659"},"id":"WK001000"},{"arcs":[[[42,43,44,-2,-42]],[[45,-40,-8,46]]],"type":"MultiPolygon","properties":{"id":116341,"statcode":"WK001001","statnaam":"Wijk 01 Land","jrstatcode":"2010WK001001","rubriek":"wijk","FID":"wijk_gegeneraliseerd_2010.159ccf97-14f1-495b-9c31-4534733aeee3"},"id":"WK001001"},{"arcs":[[47,48,49,50,-44,51]],"type":"Polygon","properties":{"id":116342,"statcode":"WK001002","statnaam":"Wijk 02","jrstatcode":"2010WK001002","rubriek":"wijk","FID":"wijk_gegeneraliseerd_2010.89227738-d248-4441-a48f-45071742bf28"},"id":"WK001002"},{"arcs":[[52,53,-47,-7,54]],"type":"Polygon","properties":{"id":116343,"statcode":"WK001003","statnaam":"Wijk 03","jrstatcode":"2010WK001003","rubriek":"wijk","FID":"wijk_gegeneraliseerd_2010.33ddead6-9fc6-4228-88f5-4e93b59ec4be"},"id":"WK001003"},{"arcs":[[55,56,57,58,59]],"type":"Polygon","properties":{"id":116344,"statcode":"WK001400","statnaam":"Wijk 00 Binnenstad","jrstatcode":"2010WK001400","rubriek":"wijk","FID":"wijk_gegeneraliseerd_2010.992181aa-80d2-4072-bd26-f1c758efa467"},"id":"WK001400"},{"arcs":[[60,61,62,63,64,-57]],"type":"Polygon","properties":{"id":116345,"statcode":"WK001401","statnaam":"Wijk 01 Schilders- en Zeeheldenwijk","jrstatcode":"2010WK001401","rubriek":"wijk","FID":"wijk_gegeneraliseerd_2010.5e1d0d1c-eaff-4d88-a84e-6c4d11b4a11c"},"id":"WK001401"},{"arcs":[[65,66,-58,-65,67,68,69,-9]],"type":"Polygon","properties":{"id":116346,"statcode":"WK001402","statnaam":"Wijk 02 Oranjewijk","jrstatcode":"2010WK001402","rubriek":"wijk","FID":"wijk_gegeneraliseerd_2010.82553406-bdb8-48db-ad14-dda9d7ea1bf1"},"id":"WK001402"},{"arcs":[[70,71,-59,-67]],"type":"Polygon","properties":{"id":116347,"statcode":"WK001403","statnaam":"Wijk 03 Korrewegwijk","jrstatcode":"2010WK001403","rubriek":"wijk","FID":"wijk_gegeneraliseerd_2010.2b2e68c9-2f99-47ba-a456-7ee03717a33f"},"id":"WK001403"},{"arcs":[[72,-60,-72,73]],"type":"Polygon","properties":{"id":116348,"statcode":"WK001404","statnaam":"Wijk 04 Oosterparkwijk","jrstatcode":"2010WK001404","rubriek":"wijk","FID":"wijk_gegeneraliseerd_2010.d2c162bb-1f79-4e02-b914-dc13d1150065"},"id":"WK001404"},{"arcs":[[74,75,76,-61,-56,-73,77,78,79]],"type":"Polygon","properties":{"id":116349,"statcode":"WK001405","statnaam":"Wijk 05 Oosterpoortwijk","jrstatcode":"2010WK001405","rubriek":"wijk","FID":"wijk_gegeneraliseerd_2010.6fb7da3c-21dd-46de-b975-8d8d9d74cc87"},"id":"WK001405"},{"arcs":[[80,81,82,-62,-77]],"type":"Polygon","properties":{"id":116350,"statcode":"WK001406","statnaam":"Wijk 06 Herewegwijk en Helpman","jrstatcode":"2010WK001406","rubriek":"wijk","FID":"wijk_gegeneraliseerd_2010.4afb3a1b-7ae8-4ec0-856b-b49debe732f2"},"id":"WK001406"},{"arcs":[[-63,-83,83,84,85]],"type":"Polygon","properties":{"id":116351,"statcode":"WK001407","statnaam":"Wijk 07 Stadsparkwijk","jrstatcode":"2010WK001407","rubriek":"wijk","FID":"wijk_gegeneraliseerd_2010.55be962d-440a-42a5-863a-b728a994f16e"},"id":"WK001407"},{"arcs":[[-68,-64,-86,86,87,88,89,90]],"type":"Polygon","properties":{"id":116352,"statcode":"WK001408","statnaam":"Wijk 08 Hoogkerk","jrstatcode":"2010WK001408","rubriek":"wijk","FID":"wijk_gegeneraliseerd_2010.1c81b782-0bd0-4f52-809c-0ea7926ff585"},"id":"WK001408"},{"arcs":[[-71,-66,-17,-36,91,-78,-74]],"type":"Polygon","properties":{"id":116353,"statcode":"WK001409","statnaam":"Wijk 09 Noorddijk","jrstatcode":"2010WK001409","rubriek":"wijk","FID":"wijk_gegeneraliseerd_2010.62db3df7-074c-4a94-bef5-1c689241fde2"},"id":"WK001409"},{"arcs":[[92,93,94,95,96]],"type":"Polygon","properties":{"id":116354,"statcode":"WK001500","statnaam":"Wijk 00 Grootegast","jrstatcode":"2010WK001500","rubriek":"wijk","FID":"wijk_gegeneraliseerd_2010.8df86ae2-8025-40ab-805c-ceab11e17ed7"},"id":"WK001500"},{"arcs":[[97,-94,98,99,100,101]],"type":"Polygon","properties":{"id":116355,"statcode":"WK001501","statnaam":"Wijk 01 Lutjegast","jrstatcode":"2010WK001501","rubriek":"wijk","FID":"wijk_gegeneraliseerd_2010.ec3a9a39-fd12-4ca0-b6f6-a4dda92ed7d4"},"id":"WK001501"},{"arcs":[[102,103,104,-97]],"type":"Polygon","properties":{"id":116356,"statcode":"WK001502","statnaam":"Wijk 02 Opende","jrstatcode":"2010WK001502","rubriek":"wijk","FID":"wijk_gegeneraliseerd_2010.84a839cc-0acb-4f9d-956d-dc041abcf80b"},"id":"WK001502"},{"arcs":[[-98,105,106,107,108,109,110,-95]],"type":"Polygon","properties":{"id":116357,"statcode":"WK001503","statnaam":"Wijk 03 Oldekerk","jrstatcode":"2010WK001503","rubriek":"wijk","FID":"wijk_gegeneraliseerd_2010.a4356dfe-551d-4e63-91d6-e85ffe8e1df5"},"id":"WK001503"},{"arcs":[[111,112,113,-82,114]],"type":"Polygon","properties":{"id":116358,"statcode":"WK001700","statnaam":"Wijk 00 Centrum","jrstatcode":"2010WK001700","rubriek":"wijk","FID":"wijk_gegeneraliseerd_2010.c0151f53-4538-4547-a686-489d043a6b71"},"id":"WK001700"},{"arcs":[[[-76,115,116,117,118,119,-115,-81]],[[-84,-114,120,121,122]]],"type":"MultiPolygon","properties":{"id":116359,"statcode":"WK001701","statnaam":"Wijk 01 Land","jrstatcode":"2010WK001701","rubriek":"wijk","FID":"wijk_gegeneraliseerd_2010.4506613c-b8a8-4c91-91dd-9343c8b4f6d6"},"id":"WK001701"},{"arcs":[[123,124,125,126,127]],"type":"Polygon","properties":{"id":116360,"statcode":"WK001801","statnaam":"Wijk 01 Foxham en Hoogezand-Noord","jrstatcode":"2010WK001801","rubriek":"wijk","FID":"wijk_gegeneraliseerd_2010.df42b3b9-e9a1-43f5-813f-61c36d7f10b4"},"id":"WK001801"},{"arcs":[[-125,128,129,130]],"type":"Polygon","properties":{"id":116361,"statcode":"WK001802","statnaam":"Wijk 02 Hoogezand-Zuid","jrstatcode":"2010WK001802","rubriek":"wijk","FID":"wijk_gegeneraliseerd_2010.fe77869c-d156-4daf-aa72-c59491273189"},"id":"WK001802"},{"arcs":[[131,132,133,134,-129,-124,135]],"type":"Polygon","properties":{"id":116362,"statcode":"WK001803","statnaam":"Wijk 03 Kalkwijk","jrstatcode":"2010WK001803","rubriek":"wijk","FID":"wijk_gegeneraliseerd_2010.2012c8b9-38d1-49c1-88bf-72817f3b1e55"},"id":"WK001803"},{"arcs":[[-130,-135,136,137,138,139,140]],"type":"Polygon","properties":{"id":116363,"statcode":"WK001805","statnaam":"Wijk 05 Kiel-Windeweer","jrstatcode":"2010WK001805","rubriek":"wijk","FID":"wijk_gegeneraliseerd_2010.28b7e6ec-b181-4f39-96bf-8ebcd4a1f26a"},"id":"WK001805"},{"arcs":[[-118,141,142,-131,-141,143]],"type":"Polygon","properties":{"id":116364,"statcode":"WK001806","statnaam":"Wijk 06 Kropswolde","jrstatcode":"2010WK001806","rubriek":"wijk","FID":"wijk_gegeneraliseerd_2010.3828a364-e3e2-41d2-93c7-66f6c4e5baf2"},"id":"WK001806"},{"arcs":[[144,145,-126,-143,146]],"type":"Polygon","properties":{"id":116365,"statcode":"WK001807","statnaam":"Wijk 07 Foxhol","jrstatcode":"2010WK001807","rubriek":"wijk","FID":"wijk_gegeneraliseerd_2010.68c90626-e83e-4815-8305-7eea79f336ee"},"id":"WK001807"},{"arcs":[[-142,-117,147,-80,148,-147]],"type":"Polygon","properties":{"id":116366,"statcode":"WK001808","statnaam":"Wijk 08 Westerbroek","jrstatcode":"2010WK001808","rubriek":"wijk","FID":"wijk_gegeneraliseerd_2010.d56b9f0b-ee2a-421b-97dc-e9382f4b76b5"},"id":"WK001808"},{"arcs":[[-148,-116,-75]],"type":"Polygon","properties":{"id":116367,"statcode":"WK001809","statnaam":"Wijk 09 Waterhuizen","jrstatcode":"2010WK001809","rubriek":"wijk","FID":"wijk_gegeneraliseerd_2010.4519eb22-1364-417c-90a6-ec351eeaca5b"},"id":"WK001809"},{"arcs":[[149,150,151,-136,-128,152]],"type":"Polygon","properties":{"id":116368,"statcode":"WK001811","statnaam":"Wijk 11 Sappemeer","jrstatcode":"2010WK001811","rubriek":"wijk","FID":"wijk_gegeneraliseerd_2010.29f98459-da86-4cbc-a490-bbce7d7f537f"},"id":"WK001811"},{"arcs":[[153,154,155,156,157,158]],"type":"Polygon","properties":{"id":116369,"statcode":"WK002200","statnaam":"Wijk 00 Leek","jrstatcode":"2010WK002200","rubriek":"wijk","FID":"wijk_gegeneraliseerd_2010.8826e0bf-ed97-4eb6-87b3-e3e49cc758bf"},"id":"WK002200"},{"arcs":[[159,160,161,162,163,164,165,166,-157]],"type":"Polygon","properties":{"id":116370,"statcode":"WK002201","statnaam":"Wijk 01 Zevenhuizen","jrstatcode":"2010WK002201","rubriek":"wijk","FID":"wijk_gegeneraliseerd_2010.67e415e2-9baf-493a-a03b-a874bba1f998"},"id":"WK002201"},{"arcs":[[-167,167,168,-110,169,-158]],"type":"Polygon","properties":{"id":116371,"statcode":"WK002202","statnaam":"Wijk 02 Tolbert","jrstatcode":"2010WK002202","rubriek":"wijk","FID":"wijk_gegeneraliseerd_2010.c6cef68b-42a5-445a-907e-9b8fc4006de6"},"id":"WK002202"},{"arcs":[[-170,-109,170,171,172,-159]],"type":"Polygon","properties":{"id":116372,"statcode":"WK002204","statnaam":"Wijk 04 Midwolde","jrstatcode":"2010WK002204","rubriek":"wijk","FID":"wijk_gegeneraliseerd_2010.f07d3b53-f19a-465a-8ba7-c012016b983e"},"id":"WK002204"},{"arcs":[[173,174,-172,175]],"type":"Polygon","properties":{"id":116373,"statcode":"WK002205","statnaam":"Wijk 05 Lettelbert","jrstatcode":"2010WK002205","rubriek":"wijk","FID":"wijk_gegeneraliseerd_2010.91eeb3a3-1d85-49d5-9ec7-eac42d50f98e"},"id":"WK002205"},{"arcs":[[176,-90,177,-174,178]],"type":"Polygon","properties":{"id":116374,"statcode":"WK002206","statnaam":"Wijk 06 Oostwold","jrstatcode":"2010WK002206","rubriek":"wijk","FID":"wijk_gegeneraliseerd_2010.29e17232-c679-4f84-b1c8-69a5c30b6169"},"id":"WK002206"},{"arcs":[[179,180,-179,-176,-171,-108]],"type":"Polygon","properties":{"id":116375,"statcode":"WK002207","statnaam":"Wijk 07 Enumatil","jrstatcode":"2010WK002207","rubriek":"wijk","FID":"wijk_gegeneraliseerd_2010.9b44b0c7-05d1-46d8-89c3-eddd4b8402ba"},"id":"WK002207"},{"arcs":[[181,-37,182,183,-5]],"type":"Polygon","properties":{"id":116376,"statcode":"WK002400","statnaam":"Wijk 00","jrstatcode":"2010WK002400","rubriek":"wijk","FID":"wijk_gegeneraliseerd_2010.eaa12f5f-a55b-41dd-aaa7-5ff8b744c756"},"id":"WK002400"},{"arcs":[[184,185,-183,-39,-32,186,187]],"type":"Polygon","properties":{"id":116377,"statcode":"WK002401","statnaam":"Wijk 01 Stedum","jrstatcode":"2010WK002401","rubriek":"wijk","FID":"wijk_gegeneraliseerd_2010.03d67c30-75c0-495f-8eb2-d187f4602084"},"id":"WK002401"},{"arcs":[[-187,-31,-15,188]],"type":"Polygon","properties":{"id":116378,"statcode":"WK002402","statnaam":"Wijk 02 Middelstum","jrstatcode":"2010WK002402","rubriek":"wijk","FID":"wijk_gegeneraliseerd_2010.61131bc4-cfb3-4640-bf55-5936e6f913bc"},"id":"WK002402"},{"arcs":[[-55,-6,-184,-186,189]],"type":"Polygon","properties":{"id":116379,"statcode":"WK002403","statnaam":"Wijk 03 't Zandt","jrstatcode":"2010WK002403","rubriek":"wijk","FID":"wijk_gegeneraliseerd_2010.a67dc2da-370f-44c8-8554-1c6f63b803aa"},"id":"WK002403"},{"arcs":[[190,191,192,-103,-96,-111,-169]],"type":"Polygon","properties":{"id":116380,"statcode":"WK002500","statnaam":"Wijk 00 Marum","jrstatcode":"2010WK002500","rubriek":"wijk","FID":"wijk_gegeneraliseerd_2010.facf9b1f-ab14-4abc-aa2d-4892e31ab44a"},"id":"WK002500"},{"arcs":[[193,194,-191,-168,-166]],"type":"Polygon","properties":{"id":116381,"statcode":"WK002501","statnaam":"Wijk 01 De Wilp","jrstatcode":"2010WK002501","rubriek":"wijk","FID":"wijk_gegeneraliseerd_2010.e2762bf2-059f-4484-94e0-a63e06379589"},"id":"WK002501"},{"arcs":[[[195,196,197,198,199]],[[200,201,202]]],"type":"MultiPolygon","properties":{"id":116382,"statcode":"WK003401","statnaam":"Wijk 01 Almere-Haven","jrstatcode":"2010WK003401","rubriek":"wijk","FID":"wijk_gegeneraliseerd_2010.3cd30bc3-d65d-4f76-9a7b-8aec998ab05a"},"id":"WK003401"},{"arcs":[[203,204,205,206,-197,207]],"type":"Polygon","properties":{"id":116383,"statcode":"WK003402","statnaam":"Wijk 02 Almere-Stad","jrstatcode":"2010WK003402","rubriek":"wijk","FID":"wijk_gegeneraliseerd_2010.db0046c0-b2d0-4c16-97c0-35a0fffa6417"},"id":"WK003402"},{"arcs":[[208,209,210,211,-206]],"type":"Polygon","properties":{"id":116384,"statcode":"WK003403","statnaam":"Wijk 03 Almere-Buiten","jrstatcode":"2010WK003403","rubriek":"wijk","FID":"wijk_gegeneraliseerd_2010.0c6e0e58-60d8-4990-b464-48a0dafcbcd7"},"id":"WK003403"},{"arcs":[[212,-208,-196,213,-202]],"type":"Polygon","properties":{"id":116385,"statcode":"WK003404","statnaam":"Wijk 04 Almere-Poort","jrstatcode":"2010WK003404","rubriek":"wijk","FID":"wijk_gegeneraliseerd_2010.6917c3ea-4949-4a00-9b9d-e9531d9c7391"},"id":"WK003404"},{"arcs":[[-212,214,-198,-207]],"type":"Polygon","properties":{"id":116386,"statcode":"WK003405","statnaam":"Wijk 05 Almere-Hout","jrstatcode":"2010WK003405","rubriek":"wijk","FID":"wijk_gegeneraliseerd_2010.f0708c9d-55c4-428a-847c-100607b5f92a"},"id":"WK003405"},{"arcs":[[-213,-201,215,-204]],"type":"Polygon","properties":{"id":116387,"statcode":"WK003406","statnaam":"Wijk 06 Almere-Pampus","jrstatcode":"2010WK003406","rubriek":"wijk","FID":"wijk_gegeneraliseerd_2010.241fef58-a394-4b25-987b-e169daa063e4"},"id":"WK003406"},{"arcs":[[216,217,218,219,220,221,222,223,224,225]],"type":"Polygon","properties":{"id":116388,"statcode":"WK003701","statnaam":"Wijk 01 Stadskanaal","jrstatcode":"2010WK003701","rubriek":"wijk","FID":"wijk_gegeneraliseerd_2010.8ddeefdc-f013-47fa-9cb4-22ce146004e9"},"id":"WK003701"},{"arcs":[[226,227,228,229,230,-218]],"type":"Polygon","properties":{"id":116389,"statcode":"WK003702","statnaam":"Wijk 02 Musselkanaal","jrstatcode":"2010WK003702","rubriek":"wijk","FID":"wijk_gegeneraliseerd_2010.aaa56014-3af4-44e3-9a37-bc062b2a4a09"},"id":"WK003702"},{"arcs":[[231,232,-226,233,-26,234,235]],"type":"Polygon","properties":{"id":116390,"statcode":"WK003703","statnaam":"Wijk 03 Onstwedde","jrstatcode":"2010WK003703","rubriek":"wijk","FID":"wijk_gegeneraliseerd_2010.65649fcb-3976-4e73-945a-92c1fa1f2db9"},"id":"WK003703"},{"arcs":[[-233,236,237,-227,-217]],"type":"Polygon","properties":{"id":116391,"statcode":"WK003704","statnaam":"Wijk 04 Mussel","jrstatcode":"2010WK003704","rubriek":"wijk","FID":"wijk_gegeneraliseerd_2010.363cb554-6632-485e-a3b1-911131ea0035"},"id":"WK003704"},{"arcs":[[-225,238,239,-27,-234]],"type":"Polygon","properties":{"id":116392,"statcode":"WK003705","statnaam":"Wijk 05 Alteveer","jrstatcode":"2010WK003705","rubriek":"wijk","FID":"wijk_gegeneraliseerd_2010.7b54d20f-4791-4514-9967-bbb468637b29"},"id":"WK003705"},{"arcs":[[240,-153,-127,-146,241,242,243]],"type":"Polygon","properties":{"id":116393,"statcode":"WK004000","statnaam":"Wijk 00 Slochteren-Kolham","jrstatcode":"2010WK004000","rubriek":"wijk","FID":"wijk_gegeneraliseerd_2010.04e5343f-721a-40aa-8630-63dde83bd0ea"},"id":"WK004000"},{"arcs":[[244,-244,245,246]],"type":"Polygon","properties":{"id":116394,"statcode":"WK004001","statnaam":"Wijk 01 Schildwolde-Hellum","jrstatcode":"2010WK004001","rubriek":"wijk","FID":"wijk_gegeneraliseerd_2010.0437a495-13ee-4996-9c00-565f0be8d771"},"id":"WK004001"},{"arcs":[[247,-3,-45,-51,248,249,-247]],"type":"Polygon","properties":{"id":116395,"statcode":"WK004002","statnaam":"Wijk 02 Siddeburen","jrstatcode":"2010WK004002","rubriek":"wijk","FID":"wijk_gegeneraliseerd_2010.e6e9e469-1924-4a7b-ba2c-f1b52bf41ca9"},"id":"WK004002"},{"arcs":[[-145,-149,-79,-92,-35,250,-242]],"type":"Polygon","properties":{"id":116396,"statcode":"WK004003","statnaam":"Wijk 03 Harkstede","jrstatcode":"2010WK004003","rubriek":"wijk","FID":"wijk_gegeneraliseerd_2010.4440dd98-702e-42ec-9741-e8de94f69c1b"},"id":"WK004003"},{"arcs":[[-4,-248,-246,-243,-251,-34,-38,-182]],"type":"Polygon","properties":{"id":116397,"statcode":"WK004004","statnaam":"Wijk 04 Overschild","jrstatcode":"2010WK004004","rubriek":"wijk","FID":"wijk_gegeneraliseerd_2010.19a851a0-d394-470c-a7ac-ea7b59628145"},"id":"WK004004"},{"arcs":[[251,252,253,254]],"type":"Polygon","properties":{"id":116398,"statcode":"WK004700","statnaam":"Wijk 00 Veendam-kern","jrstatcode":"2010WK004700","rubriek":"wijk","FID":"wijk_gegeneraliseerd_2010.612aab1e-b098-4878-bc19-2538ef7106c8"},"id":"WK004700"},{"arcs":[[[255,256,-254,257,258,259]],[[-252,260,-133,261]]],"type":"MultiPolygon","properties":{"id":116399,"statcode":"WK004701","statnaam":"Wijk 01 Veendam-buitengebied","jrstatcode":"2010WK004701","rubriek":"wijk","FID":"wijk_gegeneraliseerd_2010.587ff6ab-1d45-44df-aa33-0dfcf8c59b95"},"id":"WK004701"},{"arcs":[[262,-137,-134,-261,-255,-257,263,-223,264,265]],"type":"Polygon","properties":{"id":116400,"statcode":"WK004702","statnaam":"Wijk 02 Wildervank","jrstatcode":"2010WK004702","rubriek":"wijk","FID":"wijk_gegeneraliseerd_2010.a4e0bd04-f127-4df8-b5c8-d1a2a7cc88d7"},"id":"WK004702"},{"arcs":[[266,267,268,269,270]],"type":"Polygon","properties":{"id":116401,"statcode":"WK004800","statnaam":"Wijk 00 Sellingen","jrstatcode":"2010WK004800","rubriek":"wijk","FID":"wijk_gegeneraliseerd_2010.21eb394d-66e3-47b1-b9af-6fc2593a19b5"},"id":"WK004800"},{"arcs":[[-271,271,-236,272]],"type":"Polygon","properties":{"id":116402,"statcode":"WK004801","statnaam":"Wijk 01 Vlagtwedde","jrstatcode":"2010WK004801","rubriek":"wijk","FID":"wijk_gegeneraliseerd_2010.7fb9e6ee-3baf-4c57-be68-a29931e95851"},"id":"WK004801"},{"arcs":[[273,-267,-273,-235,-25,-23]],"type":"Polygon","properties":{"id":116403,"statcode":"WK004802","statnaam":"Wijk 02 Bourtange","jrstatcode":"2010WK004802","rubriek":"wijk","FID":"wijk_gegeneraliseerd_2010.20006b40-b222-423b-b39e-9c6d2b01706c"},"id":"WK004802"},{"arcs":[[-232,-272,-270,274,275,-237]],"type":"Polygon","properties":{"id":116404,"statcode":"WK004803","statnaam":"Wijk 03 Sellingerbeetse","jrstatcode":"2010WK004803","rubriek":"wijk","FID":"wijk_gegeneraliseerd_2010.0bb9c396-3804-4cb6-a75b-02a8655f743a"},"id":"WK004803"},{"arcs":[[276,277,278,279,280,-228,-238,-276,281,282]],"type":"Polygon","properties":{"id":116405,"statcode":"WK004804","statnaam":"Wijk 04 Ter Apel","jrstatcode":"2010WK004804","rubriek":"wijk","FID":"wijk_gegeneraliseerd_2010.fd5790a5-f3ef-456b-b9b8-1c2a0c7ec6a6"},"id":"WK004804"},{"arcs":[[-269,283,-282,-275]],"type":"Polygon","properties":{"id":116406,"statcode":"WK004805","statnaam":"Wijk 05 Ter Wisch","jrstatcode":"2010WK004805","rubriek":"wijk","FID":"wijk_gegeneraliseerd_2010.e1ee624b-a561-4e0d-8261-47ce65d70d52"},"id":"WK004805"},{"arcs":[[284,285,-279]],"type":"Polygon","properties":{"id":116407,"statcode":"WK004806","statnaam":"Wijk 06 de Maten","jrstatcode":"2010WK004806","rubriek":"wijk","FID":"wijk_gegeneraliseerd_2010.66eb0068-e068-4887-8a54-461e9474e51c"},"id":"WK004806"},{"arcs":[[-199,-215,-211,286,287,288]],"type":"Polygon","properties":{"id":116408,"statcode":"WK005000","statnaam":"Wijk 00","jrstatcode":"2010WK005000","rubriek":"wijk","FID":"wijk_gegeneraliseerd_2010.7ae7a38d-dee7-4ede-b8ee-6d3f52d762b5"},"id":"WK005000"},{"arcs":[[289,290,291,292]],"type":"Polygon","properties":{"id":116409,"statcode":"WK005100","statnaam":"Wijk 00 Joure","jrstatcode":"2010WK005100","rubriek":"wijk","FID":"wijk_gegeneraliseerd_2010.ad9554ba-34e5-4bb6-ba16-61ac396e63dc"},"id":"WK005100"},{"arcs":[[293,-290,294,295,296]],"type":"Polygon","properties":{"id":116410,"statcode":"WK005101","statnaam":"Wijk 01 Oud Haskerland","jrstatcode":"2010WK005101","rubriek":"wijk","FID":"wijk_gegeneraliseerd_2010.b794a9b3-7747-4672-8a4f-06233b870ee3"},"id":"WK005101"},{"arcs":[[297,-295,-293,298,299,300]],"type":"Polygon","properties":{"id":116411,"statcode":"WK005102","statnaam":"Wijk 02","jrstatcode":"2010WK005102","rubriek":"wijk","FID":"wijk_gegeneraliseerd_2010.752b30b4-0dbb-4688-8b75-af6f019b7173"},"id":"WK005102"},{"arcs":[[-292,301,302,303,304,305,306,-299]],"type":"Polygon","properties":{"id":116412,"statcode":"WK005103","statnaam":"Wijk 03","jrstatcode":"2010WK005103","rubriek":"wijk","FID":"wijk_gegeneraliseerd_2010.9aa35f29-e9cb-4660-9835-ad35fa96e57c"},"id":"WK005103"},{"arcs":[[-303,307,308,309,310,311,312]],"type":"Polygon","properties":{"id":116413,"statcode":"WK005104","statnaam":"Wijk 04","jrstatcode":"2010WK005104","rubriek":"wijk","FID":"wijk_gegeneraliseerd_2010.f546d93d-e961-4552-a8ef-223abada3e17"},"id":"WK005104"},{"arcs":[[-302,-291,-294,313,-308]],"type":"Polygon","properties":{"id":116414,"statcode":"WK005105","statnaam":"Wijk 05","jrstatcode":"2010WK005105","rubriek":"wijk","FID":"wijk_gegeneraliseerd_2010.9569d280-85c7-486a-8a01-d676a5a95e72"},"id":"WK005105"},{"arcs":[[314,315,316,317,-309,-314,-297]],"type":"Polygon","properties":{"id":116415,"statcode":"WK005106","statnaam":"Wijk 06","jrstatcode":"2010WK005106","rubriek":"wijk","FID":"wijk_gegeneraliseerd_2010.a1029954-3344-4f75-9018-af140fe402b8"},"id":"WK005106"},{"arcs":[[318,-11,319,320,321,322]],"type":"Polygon","properties":{"id":116416,"statcode":"WK005300","statnaam":"Wijk 00","jrstatcode":"2010WK005300","rubriek":"wijk","FID":"wijk_gegeneraliseerd_2010.5ef2e017-ed24-4550-a25e-90ff27fddc56"},"id":"WK005300"},{"arcs":[[-321,323,324,325,326]],"type":"Polygon","properties":{"id":116417,"statcode":"WK005301","statnaam":"Wijk 01","jrstatcode":"2010WK005301","rubriek":"wijk","FID":"wijk_gegeneraliseerd_2010.81ff7792-5896-43c4-9606-72e4c73b10dc"},"id":"WK005301"},{"arcs":[[327,-12,-319,328]],"type":"Polygon","properties":{"id":116418,"statcode":"WK005302","statnaam":"Wijk 02","jrstatcode":"2010WK005302","rubriek":"wijk","FID":"wijk_gegeneraliseerd_2010.402e3df6-c003-457f-a7fc-db1687392d6d"},"id":"WK005302"},{"arcs":[[-320,-10,-70,329,-324]],"type":"Polygon","properties":{"id":116419,"statcode":"WK005303","statnaam":"Wijk 03","jrstatcode":"2010WK005303","rubriek":"wijk","FID":"wijk_gegeneraliseerd_2010.4b5ede3e-46b3-4163-8db8-6a6a71a1cf41"},"id":"WK005303"},{"arcs":[[330,331,332,333,334,335,336,337,338,339,340,341,342,343,344,-300,-307,345,346]],"type":"Polygon","properties":{"id":116420,"statcode":"WK005500","statnaam":"Wijk 00","jrstatcode":"2010WK005500","rubriek":"wijk","FID":"wijk_gegeneraliseerd_2010.7a4a287b-8371-4352-acd3-34855f478f15"},"id":"WK005500"},{"arcs":[[347,348,-180,-107,349]],"type":"Polygon","properties":{"id":116421,"statcode":"WK005600","statnaam":"Wijk 00","jrstatcode":"2010WK005600","rubriek":"wijk","FID":"wijk_gegeneraliseerd_2010.0cf82f79-a8a6-4327-a77f-24d9703637c4"},"id":"WK005600"},{"arcs":[[-350,-106,-102,350,351,352]],"type":"Polygon","properties":{"id":116422,"statcode":"WK005601","statnaam":"Wijk 01","jrstatcode":"2010WK005601","rubriek":"wijk","FID":"wijk_gegeneraliseerd_2010.35955e50-2410-414f-a802-77338a794a2d"},"id":"WK005601"},{"arcs":[[353,354,355,-326,356,-348,-353,357]],"type":"Polygon","properties":{"id":116423,"statcode":"WK005602","statnaam":"Wijk 02","jrstatcode":"2010WK005602","rubriek":"wijk","FID":"wijk_gegeneraliseerd_2010.c5aac4bd-55e8-444d-b894-d0f949204cc0"},"id":"WK005602"},{"arcs":[[-357,-325,-330,-69,-91,-177,-181,-349]],"type":"Polygon","properties":{"id":116424,"statcode":"WK005603","statnaam":"Wijk 03","jrstatcode":"2010WK005603","rubriek":"wijk","FID":"wijk_gegeneraliseerd_2010.a029949c-402d-45bb-8734-33c9c6e151d0"},"id":"WK005603"},{"arcs":[[358,359,360,361,362]],"type":"Polygon","properties":{"id":116425,"statcode":"WK005800","statnaam":"Wijk 00","jrstatcode":"2010WK005800","rubriek":"wijk","FID":"wijk_gegeneraliseerd_2010.109233af-605b-4314-ae00-a2dc337c96e2"},"id":"WK005800"},{"arcs":[[363,364,365,-361,366,367,368]],"type":"Polygon","properties":{"id":116426,"statcode":"WK005801","statnaam":"Wijk 01","jrstatcode":"2010WK005801","rubriek":"wijk","FID":"wijk_gegeneraliseerd_2010.94717a95-d464-44da-af5c-86e7bd7db57e"},"id":"WK005801"},{"arcs":[[369,370,371,372,-365,373]],"type":"Polygon","properties":{"id":116427,"statcode":"WK005802","statnaam":"Wijk 02 Zuidoost","jrstatcode":"2010WK005802","rubriek":"wijk","FID":"wijk_gegeneraliseerd_2010.6256aff6-adc0-4484-ae53-33cddc228c93"},"id":"WK005802"},{"arcs":[[374,375,-374,-364,376,377]],"type":"Polygon","properties":{"id":116428,"statcode":"WK005803","statnaam":"Wijk 03 Noordoost","jrstatcode":"2010WK005803","rubriek":"wijk","FID":"wijk_gegeneraliseerd_2010.b93c666d-ecb8-4bda-b531-b2b66e10b18e"},"id":"WK005803"},{"arcs":[[378,-377,-369,379,380]],"type":"Polygon","properties":{"id":116429,"statcode":"WK005804","statnaam":"Wijk 04 Noordwest","jrstatcode":"2010WK005804","rubriek":"wijk","FID":"wijk_gegeneraliseerd_2010.b861a4df-56ab-466f-8e32-a9b76516d3f1"},"id":"WK005804"},{"arcs":[[-381,381,382,383]],"type":"Polygon","properties":{"id":116430,"statcode":"WK005805","statnaam":"Wijk 05","jrstatcode":"2010WK005805","rubriek":"wijk","FID":"wijk_gegeneraliseerd_2010.a22b9279-707a-43e2-bf5a-969e27b19709"},"id":"WK005805"},{"arcs":[[-367,-360,386,387,388,389,-383,390]],"type":"Polygon","properties":{"id":116431,"statcode":"WK005806","statnaam":"Wijk 06","jrstatcode":"2010WK005806","rubriek":"wijk","FID":"wijk_gegeneraliseerd_2010.29e60ca9-35ea-4d86-8181-f4ca42f21209"},"id":"WK005806"},{"arcs":[[-391,-382,-380,-368]],"type":"Polygon","properties":{"id":116432,"statcode":"WK005807","statnaam":"Wijk 07","jrstatcode":"2010WK005807","rubriek":"wijk","FID":"wijk_gegeneraliseerd_2010.68d68eab-09fe-4761-b39c-845d84074def"},"id":"WK005807"},{"arcs":[[391,392,393,394,395,396,-351,-101,397]],"type":"Polygon","properties":{"id":116433,"statcode":"WK005900","statnaam":"Wijk 00 Noord","jrstatcode":"2010WK005900","rubriek":"wijk","FID":"wijk_gegeneraliseerd_2010.b1d05160-336e-4cd7-9371-2c890b9085c5"},"id":"WK005900"},{"arcs":[[398,-398,-100,399]],"type":"Polygon","properties":{"id":116434,"statcode":"WK005901","statnaam":"Wijk 01 Centrum","jrstatcode":"2010WK005901","rubriek":"wijk","FID":"wijk_gegeneraliseerd_2010.e58cbf0d-e902-4d8d-967f-24cdc69d1fc0"},"id":"WK005901"},{"arcs":[[-99,-93,-105,400,401,-400]],"type":"Polygon","properties":{"id":116435,"statcode":"WK005902","statnaam":"Wijk 02 Zuid","jrstatcode":"2010WK005902","rubriek":"wijk","FID":"wijk_gegeneraliseerd_2010.378aeb40-23ab-44e1-b665-18eaf46cfce7"},"id":"WK005902"},{"arcs":[[402]],"type":"Polygon","properties":{"id":116436,"statcode":"WK006000","statnaam":"Wijk 00","jrstatcode":"2010WK006000","rubriek":"wijk","FID":"wijk_gegeneraliseerd_2010.fff9de76-dc45-4028-8010-246992ce854b"},"id":"WK006000"},{"arcs":[[403,404,405,406,407,408]],"type":"Polygon","properties":{"id":116437,"statcode":"WK006300","statnaam":"Wijk 00 West","jrstatcode":"2010WK006300","rubriek":"wijk","FID":"wijk_gegeneraliseerd_2010.4bcc2094-ee01-453f-8b5a-f7abe47f15d5"},"id":"WK006300"},{"arcs":[[409,410,411,412,413,-404]],"type":"Polygon","properties":{"id":116438,"statcode":"WK006301","statnaam":"Wijk 01 Oost","jrstatcode":"2010WK006301","rubriek":"wijk","FID":"wijk_gegeneraliseerd_2010.eae1252e-de5f-4a48-8258-9b441c77c4bc"},"id":"WK006301"},{"arcs":[[414,415,416,-407]],"type":"Polygon","properties":{"id":116439,"statcode":"WK006302","statnaam":"Wijk 02 Zuid","jrstatcode":"2010WK006302","rubriek":"wijk","FID":"wijk_gegeneraliseerd_2010.4d53e41d-1770-48d4-985f-a68942afd8fa"},"id":"WK006302"},{"arcs":[[417,418,419,420]],"type":"Polygon","properties":{"id":116440,"statcode":"WK006400","statnaam":"Wijk 00","jrstatcode":"2010WK006400","rubriek":"wijk","FID":"wijk_gegeneraliseerd_2010.23909772-37f0-4e4c-8a1b-53cfee616b16"},"id":"WK006400"},{"arcs":[[[421,422,423,424,425]],[[426,427,428]]],"type":"MultiPolygon","properties":{"id":116441,"statcode":"WK007000","statnaam":"Wijk 00 Franeker","jrstatcode":"2010WK007000","rubriek":"wijk","FID":"wijk_gegeneraliseerd_2010.fbc4f58e-a5dd-4318-9d94-d2e99fa9716e"},"id":"WK007000"},{"arcs":[[-408,-417,431,-422,432,-427,433,434]],"type":"Polygon","properties":{"id":116442,"statcode":"WK007001","statnaam":"Wijk 01 Noord","jrstatcode":"2010WK007001","rubriek":"wijk","FID":"wijk_gegeneraliseerd_2010.f3b645b0-16bb-416f-bc58-007e6aed7594"},"id":"WK007001"},{"arcs":[[435,-423,-432,-416,436,437]],"type":"Polygon","properties":{"id":116443,"statcode":"WK007002","statnaam":"Wijk 02 Noordoost","jrstatcode":"2010WK007002","rubriek":"wijk","FID":"wijk_gegeneraliseerd_2010.f8611bd9-da23-425d-b924-cbd1229ac647"},"id":"WK007002"},{"arcs":[[-430,438,-425,439,440,441,442,443]],"type":"Polygon","properties":{"id":116444,"statcode":"WK007003","statnaam":"Wijk 03 Zuid","jrstatcode":"2010WK007003","rubriek":"wijk","FID":"wijk_gegeneraliseerd_2010.7a054461-7558-4425-82af-1bf49fce8dad"},"id":"WK007003"},{"arcs":[[444,445,446,447,448,-434,-429]],"type":"Polygon","properties":{"id":116445,"statcode":"WK007004","statnaam":"Wijk 04 West","jrstatcode":"2010WK007004","rubriek":"wijk","FID":"wijk_gegeneraliseerd_2010.d74f13fa-f343-4c02-99d9-37c1f04e8821"},"id":"WK007004"},{"arcs":[[-439,-431,-444,449,-445,-428,-433,-426]],"type":"Polygon","properties":{"id":116446,"statcode":"WK007005","statnaam":"Wijk 05 Franeker Zuidoost","jrstatcode":"2010WK007005","rubriek":"wijk","FID":"wijk_gegeneraliseerd_2010.8e6e3672-8058-465e-8eeb-6b40dde5d02d"},"id":"WK007005"},{"arcs":[[450,-446,-450,-443,451,452]],"type":"Polygon","properties":{"id":116447,"statcode":"WK007200","statnaam":"Wijk 00 Harlingen","jrstatcode":"2010WK007200","rubriek":"wijk","FID":"wijk_gegeneraliseerd_2010.f3ccaca5-739e-4407-9168-cf83e30dc590"},"id":"WK007200"},{"arcs":[[[457,458,-447,-451,-455]],[[459,-456,460,461]]],"type":"MultiPolygon","properties":{"id":116448,"statcode":"WK007201","statnaam":"Wijk 01 Midlum","jrstatcode":"2010WK007201","rubriek":"wijk","FID":"wijk_gegeneraliseerd_2010.b28cc4e2-dc08-4012-bd42-b3001b3e87b1"},"id":"WK007201"},{"arcs":[[-448,-459,462,-462,463]],"type":"Polygon","properties":{"id":116449,"statcode":"WK007202","statnaam":"Wijk 02 Wijnaldum","jrstatcode":"2010WK007202","rubriek":"wijk","FID":"wijk_gegeneraliseerd_2010.d177cd51-c2e7-485d-b65d-91d0e59413b9"},"id":"WK007202"},{"arcs":[[464,465,466,-315,-296,-298,467,468,469,470,471]],"type":"Polygon","properties":{"id":116450,"statcode":"WK007401","statnaam":"Wijk 01 Heerenveen","jrstatcode":"2010WK007401","rubriek":"wijk","FID":"wijk_gegeneraliseerd_2010.0188d6d1-0e80-4b31-91b3-f69742a9d0d4"},"id":"WK007401"},{"arcs":[[472,473,474,-472,475]],"type":"Polygon","properties":{"id":116451,"statcode":"WK007402","statnaam":"Wijk 02 De Knipe","jrstatcode":"2010WK007402","rubriek":"wijk","FID":"wijk_gegeneraliseerd_2010.8ff698a5-24da-4db0-bf23-e3505f57d900"},"id":"WK007402"},{"arcs":[[476,477,478,479,480,481]],"type":"Polygon","properties":{"id":116452,"statcode":"WK007403","statnaam":"Wijk 03 Hoornsterzwaag","jrstatcode":"2010WK007403","rubriek":"wijk","FID":"wijk_gegeneraliseerd_2010.29da91a6-eac8-4c76-911e-130e28da267b"},"id":"WK007403"},{"arcs":[[-480,482,483,484,485]],"type":"Polygon","properties":{"id":116453,"statcode":"WK007404","statnaam":"Wijk 04 Jubbega","jrstatcode":"2010WK007404","rubriek":"wijk","FID":"wijk_gegeneraliseerd_2010.ab205d68-66a4-46f2-8333-3b5acfa2b556"},"id":"WK007404"},{"arcs":[[486,487,488,489,490]],"type":"Polygon","properties":{"id":116454,"statcode":"WK007405","statnaam":"Wijk 05 Nieuwehorne","jrstatcode":"2010WK007405","rubriek":"wijk","FID":"wijk_gegeneraliseerd_2010.196a69b8-bb6b-4d25-8ef6-c8bb9deeb00d"},"id":"WK007405"},{"arcs":[[-484,491,-488,492,493]],"type":"Polygon","properties":{"id":116455,"statcode":"WK007406","statnaam":"Wijk 06 Oudehorne","jrstatcode":"2010WK007406","rubriek":"wijk","FID":"wijk_gegeneraliseerd_2010.0f00db17-ceaf-40f6-ac84-5d889354997b"},"id":"WK007406"},{"arcs":[[494,-491,495,496,497,498,-474]],"type":"Polygon","properties":{"id":116456,"statcode":"WK007407","statnaam":"Wijk 07 Katlijk","jrstatcode":"2010WK007407","rubriek":"wijk","FID":"wijk_gegeneraliseerd_2010.66dc0029-3eb2-456b-bdc8-97e8f72bf399"},"id":"WK007407"},{"arcs":[[-342,499,500]],"type":"Polygon","properties":{"id":116457,"statcode":"WK007408","statnaam":"Wijk 08 Gersloot","jrstatcode":"2010WK007408","rubriek":"wijk","FID":"wijk_gegeneraliseerd_2010.b6d1effe-88fe-4d89-a831-f55c3be79976"},"id":"WK007408"},{"arcs":[[-344,501,-469,502]],"type":"Polygon","properties":{"id":116458,"statcode":"WK007409","statnaam":"Wijk 09 Luinjeberd","jrstatcode":"2010WK007409","rubriek":"wijk","FID":"wijk_gegeneraliseerd_2010.2d4a2f94-c511-4a53-81ca-ef0ecd25093d"},"id":"WK007409"},{"arcs":[[-345,-503,-468,-301]],"type":"Polygon","properties":{"id":116459,"statcode":"WK007410","statnaam":"Wijk 10 Terband","jrstatcode":"2010WK007410","rubriek":"wijk","FID":"wijk_gegeneraliseerd_2010.384ad3de-c0bc-4719-9af1-5894e9eafcc2"},"id":"WK007410"},{"arcs":[[-343,-501,503,-470,-502]],"type":"Polygon","properties":{"id":116460,"statcode":"WK007411","statnaam":"Wijk 11 Tjalleberd","jrstatcode":"2010WK007411","rubriek":"wijk","FID":"wijk_gegeneraliseerd_2010.68647013-faf4-43eb-93b3-ad720fac17d9"},"id":"WK007411"},{"arcs":[[-499,504,505,-465,-475]],"type":"Polygon","properties":{"id":116461,"statcode":"WK007412","statnaam":"Wijk 12 Oranjewoud","jrstatcode":"2010WK007412","rubriek":"wijk","FID":"wijk_gegeneraliseerd_2010.d945e851-1938-4192-b939-d35e853a96b8"},"id":"WK007412"},{"arcs":[[-493,-487,-495,-473,506,507]],"type":"Polygon","properties":{"id":116462,"statcode":"WK007413","statnaam":"Wijk 13 Bontebok","jrstatcode":"2010WK007413","rubriek":"wijk","FID":"wijk_gegeneraliseerd_2010.74e257e6-43b7-436d-922e-926bddd9c8a6"},"id":"WK007413"},{"arcs":[[-505,-498,508,509]],"type":"Polygon","properties":{"id":116463,"statcode":"WK007414","statnaam":"Wijk 14 Mildam","jrstatcode":"2010WK007414","rubriek":"wijk","FID":"wijk_gegeneraliseerd_2010.1e528068-948d-4e41-825f-c7b43ede3b06"},"id":"WK007414"},{"arcs":[[-506,-510,510,-466]],"type":"Polygon","properties":{"id":116464,"statcode":"WK007415","statnaam":"Wijk 15 Oudeschoot","jrstatcode":"2010WK007415","rubriek":"wijk","FID":"wijk_gegeneraliseerd_2010.78daaa38-ce14-4213-b78e-55d8975f230a"},"id":"WK007415"},{"arcs":[[-396,511,512,-371,513]],"type":"Polygon","properties":{"id":116465,"statcode":"WK007900","statnaam":"Wijk 00 Kollum","jrstatcode":"2010WK007900","rubriek":"wijk","FID":"wijk_gegeneraliseerd_2010.9635bbeb-48c9-41ec-aba7-b5ec630e7eb5"},"id":"WK007900"},{"arcs":[[-358,-352,-397,-514,514]],"type":"Polygon","properties":{"id":116466,"statcode":"WK007901","statnaam":"Wijk 01 Oost","jrstatcode":"2010WK007901","rubriek":"wijk","FID":"wijk_gegeneraliseerd_2010.c05d2249-d168-416d-8232-d5a7f8e90eea"},"id":"WK007901"},{"arcs":[[515,516,-372,-513]],"type":"Polygon","properties":{"id":116467,"statcode":"WK007902","statnaam":"Wijk 02 Noordwest","jrstatcode":"2010WK007902","rubriek":"wijk","FID":"wijk_gegeneraliseerd_2010.e943e6dc-8266-422f-a443-716329cd0044"},"id":"WK007902"},{"arcs":[[-516,-512,-395,517,518]],"type":"Polygon","properties":{"id":116468,"statcode":"WK007903","statnaam":"Wijk 03 Zuidwest","jrstatcode":"2010WK007903","rubriek":"wijk","FID":"wijk_gegeneraliseerd_2010.e7ee40ab-5b54-4d84-a9a9-11783a2c1e39"},"id":"WK007903"},{"arcs":[[519,520,521,522,523,524,525,526]],"type":"Polygon","properties":{"id":116469,"statcode":"WK008010","statnaam":"Wijk 10 Binnenstad","jrstatcode":"2010WK008010","rubriek":"wijk","FID":"wijk_gegeneraliseerd_2010.d3b3b0fc-ee9d-419b-8093-065aeda4d8d7"},"id":"WK008010"},{"arcs":[[527,-527,528,529,530]],"type":"Polygon","properties":{"id":116470,"statcode":"WK008020","statnaam":"Wijk 20 Transvaalwijk & Rengerspark","jrstatcode":"2010WK008020","rubriek":"wijk","FID":"wijk_gegeneraliseerd_2010.cd9408be-8d6a-4aa4-94b8-dfa48ce8608b"},"id":"WK008020"},{"arcs":[[531,-531,532,533,534,535]],"type":"Polygon","properties":{"id":116471,"statcode":"WK008021","statnaam":"Wijk 21 Bilgaard & Havankpark en omgeving","jrstatcode":"2010WK008021","rubriek":"wijk","FID":"wijk_gegeneraliseerd_2010.395cb184-afa4-47ac-aeeb-9893b8fdb8fe"},"id":"WK008021"},{"arcs":[[536,537,538,539,-532]],"type":"Polygon","properties":{"id":116472,"statcode":"WK008022","statnaam":"Wijk 22 Vrijheidswijk","jrstatcode":"2010WK008022","rubriek":"wijk","FID":"wijk_gegeneraliseerd_2010.ce292d3e-d56e-4e50-b2cb-b4056ccd0890"},"id":"WK008022"},{"arcs":[[540,541,542,543,-537,-536,544]],"type":"Polygon","properties":{"id":116473,"statcode":"WK008023","statnaam":"Wijk 23 Lekkum en omgeving","jrstatcode":"2010WK008023","rubriek":"wijk","FID":"wijk_gegeneraliseerd_2010.af04630a-adac-4601-a620-f559463f36a8"},"id":"WK008023"},{"arcs":[[545,-538,-544,546]],"type":"Polygon","properties":{"id":116474,"statcode":"WK008024","statnaam":"Wijk 24 Blitsaerd","jrstatcode":"2010WK008024","rubriek":"wijk","FID":"wijk_gegeneraliseerd_2010.53c4d011-fad8-445a-bbe2-cf59bee3bc76"},"id":"WK008024"},{"arcs":[[547,-520,-528,-540]],"type":"Polygon","properties":{"id":116475,"statcode":"WK008030","statnaam":"Wijk 30 Oldegalileën & Bloemenbuurt","jrstatcode":"2010WK008030","rubriek":"wijk","FID":"wijk_gegeneraliseerd_2010.869ee1b2-d78f-4a86-a035-bf790010f884"},"id":"WK008030"},{"arcs":[[548,549,-521,-548,550]],"type":"Polygon","properties":{"id":116476,"statcode":"WK008031","statnaam":"Wijk 31 Tjerk Hiddes & Cambuursterhoek","jrstatcode":"2010WK008031","rubriek":"wijk","FID":"wijk_gegeneraliseerd_2010.d92182a4-a2ba-4182-8fda-461000f1ce9b"},"id":"WK008031"},{"arcs":[[551,-522,-550,552]],"type":"Polygon","properties":{"id":116477,"statcode":"WK008032","statnaam":"Wijk 32 't Vliet","jrstatcode":"2010WK008032","rubriek":"wijk","FID":"wijk_gegeneraliseerd_2010.4243f97d-743b-4c4e-a512-77b9ff47fcf7"},"id":"WK008032"},{"arcs":[[553,554,555,-523,-552]],"type":"Polygon","properties":{"id":116478,"statcode":"WK008033","statnaam":"Wijk 33 Oranjewijk & Tulpenburg","jrstatcode":"2010WK008033","rubriek":"wijk","FID":"wijk_gegeneraliseerd_2010.186bcffd-1c5d-464a-ba3d-7c4180d3178d"},"id":"WK008033"},{"arcs":[[-539,556,557,-551]],"type":"Polygon","properties":{"id":116479,"statcode":"WK008034","statnaam":"Wijk 34 Heechterp","jrstatcode":"2010WK008034","rubriek":"wijk","FID":"wijk_gegeneraliseerd_2010.11134ffd-40d6-4955-becd-136a29b83db5"},"id":"WK008034"},{"arcs":[[558,559,560,-553,-549,-558]],"type":"Polygon","properties":{"id":116480,"statcode":"WK008035","statnaam":"Wijk 35 Schieringen & De Centrale","jrstatcode":"2010WK008035","rubriek":"wijk","FID":"wijk_gegeneraliseerd_2010.e5a007c1-c08b-4853-92ac-a24239b51e16"},"id":"WK008035"},{"arcs":[[561,562,563,-559,-557,-546]],"type":"Polygon","properties":{"id":116481,"statcode":"WK008036","statnaam":"Wijk 36 Camminghaburen","jrstatcode":"2010WK008036","rubriek":"wijk","FID":"wijk_gegeneraliseerd_2010.f500b198-e0cc-455e-8c44-c434c99ac3f1"},"id":"WK008036"},{"arcs":[[564,-562,-547,-543,565,566]],"type":"Polygon","properties":{"id":116482,"statcode":"WK008037","statnaam":"Wijk 37 Grote Wielen & Kleine Wielen","jrstatcode":"2010WK008037","rubriek":"wijk","FID":"wijk_gegeneraliseerd_2010.83be12b5-28b2-48ef-9ad0-5ce416f88f47"},"id":"WK008037"},{"arcs":[[567,568,569,570,571,-560,-564]],"type":"Polygon","properties":{"id":116483,"statcode":"WK008038","statnaam":"Wijk 38 Bedrijventerrein-Oost","jrstatcode":"2010WK008038","rubriek":"wijk","FID":"wijk_gegeneraliseerd_2010.9dcb2699-9dde-4f81-a330-1e9cea031972"},"id":"WK008038"},{"arcs":[[572,573,-555]],"type":"Polygon","properties":{"id":116484,"statcode":"WK008040","statnaam":"Wijk 40 Achter de Hoven","jrstatcode":"2010WK008040","rubriek":"wijk","FID":"wijk_gegeneraliseerd_2010.a38df25c-58ce-44e1-b230-c5eaadee4931"},"id":"WK008040"},{"arcs":[[-572,574,-573,-554,-561]],"type":"Polygon","properties":{"id":116485,"statcode":"WK008041","statnaam":"Wijk 41 Schepenbuurt","jrstatcode":"2010WK008041","rubriek":"wijk","FID":"wijk_gegeneraliseerd_2010.bb1a2671-c66c-41eb-8f36-519dce99073e"},"id":"WK008041"},{"arcs":[[-571,575,576,-575]],"type":"Polygon","properties":{"id":116486,"statcode":"WK008042","statnaam":"Wijk 42 Wielenpôlle","jrstatcode":"2010WK008042","rubriek":"wijk","FID":"wijk_gegeneraliseerd_2010.36a69709-af65-4e18-92cb-034c46b3d1f3"},"id":"WK008042"},{"arcs":[[-574,-577,577,578,579,-556]],"type":"Polygon","properties":{"id":116487,"statcode":"WK008043","statnaam":"Wijk 43 Huizum-Oost","jrstatcode":"2010WK008043","rubriek":"wijk","FID":"wijk_gegeneraliseerd_2010.d2d85340-9ead-40dd-afd0-301c096494df"},"id":"WK008043"},{"arcs":[[580,581,-524,-580]],"type":"Polygon","properties":{"id":116488,"statcode":"WK008044","statnaam":"Wijk 44 Huizum-West","jrstatcode":"2010WK008044","rubriek":"wijk","FID":"wijk_gegeneraliseerd_2010.b74c9b34-a26b-4cf1-a961-8de0461ef42a"},"id":"WK008044"},{"arcs":[[582,583,-578,-576,-570,584]],"type":"Polygon","properties":{"id":116489,"statcode":"WK008045","statnaam":"Wijk 45 Aldlân","jrstatcode":"2010WK008045","rubriek":"wijk","FID":"wijk_gegeneraliseerd_2010.4d3caff8-d510-42fa-baa0-5d67a22f7275"},"id":"WK008045"},{"arcs":[[-581,-579,-584,585,586]],"type":"Polygon","properties":{"id":116490,"statcode":"WK008046","statnaam":"Wijk 46 Nijlân","jrstatcode":"2010WK008046","rubriek":"wijk","FID":"wijk_gegeneraliseerd_2010.5eb4808a-0222-4f71-97d4-d85bd3429a6b"},"id":"WK008046"},{"arcs":[[587,-585,-569,588,-336]],"type":"Polygon","properties":{"id":116491,"statcode":"WK008050","statnaam":"Wijk 50 Hempens. Teerns en omgeving","jrstatcode":"2010WK008050","rubriek":"wijk","FID":"wijk_gegeneraliseerd_2010.d40b8892-3c71-4eb5-94f8-41b3cd47dbc7"},"id":"WK008050"},{"arcs":[[589,-334,590,591,592]],"type":"Polygon","properties":{"id":116492,"statcode":"WK008051","statnaam":"Wijk 51 Wirdum & Swichum","jrstatcode":"2010WK008051","rubriek":"wijk","FID":"wijk_gegeneraliseerd_2010.8d88a543-90a1-4d74-9a1f-d5a7f8784a59"},"id":"WK008051"},{"arcs":[[-591,-333,593,594]],"type":"Polygon","properties":{"id":116493,"statcode":"WK008052","statnaam":"Wijk 52 Wytgaard en omgeving","jrstatcode":"2010WK008052","rubriek":"wijk","FID":"wijk_gegeneraliseerd_2010.9f705f36-7fb0-4ad6-90b1-1efcf341ca86"},"id":"WK008052"},{"arcs":[[-335,-590,595,-586,-583,-588]],"type":"Polygon","properties":{"id":116494,"statcode":"WK008053","statnaam":"Wijk 53 Goutum en De Zuidlanden","jrstatcode":"2010WK008053","rubriek":"wijk","FID":"wijk_gegeneraliseerd_2010.04e973d6-8186-43d3-88c3-bf05a45a9d5b"},"id":"WK008053"},{"arcs":[[-525,-582,-587,-596,-593,596,597,598,599,600]],"type":"Polygon","properties":{"id":116495,"statcode":"WK008060","statnaam":"Wijk 60 Bedrijventerrein West","jrstatcode":"2010WK008060","rubriek":"wijk","FID":"wijk_gegeneraliseerd_2010.e0639910-f4ec-4724-9299-8f3540d433e0"},"id":"WK008060"},{"arcs":[[601,-529,-526,-601,602]],"type":"Polygon","properties":{"id":116496,"statcode":"WK008061","statnaam":"Wijk 61 Vossepark & Helicon","jrstatcode":"2010WK008061","rubriek":"wijk","FID":"wijk_gegeneraliseerd_2010.dba89362-201d-48e1-8993-0ab386d9e702"},"id":"WK008061"},{"arcs":[[-602,603,-530]],"type":"Polygon","properties":{"id":116497,"statcode":"WK008062","statnaam":"Wijk 62 Vogelwijk & Muziekwijk","jrstatcode":"2010WK008062","rubriek":"wijk","FID":"wijk_gegeneraliseerd_2010.cc0d4ee0-5357-454e-8834-6de5c41cdef1"},"id":"WK008062"},{"arcs":[[-533,-604,-603,604,605]],"type":"Polygon","properties":{"id":116498,"statcode":"WK008063","statnaam":"Wijk 63 Valeriuskwartier & Magere Weide","jrstatcode":"2010WK008063","rubriek":"wijk","FID":"wijk_gegeneraliseerd_2010.b5ff9f7b-5225-474f-9d77-bee07555cdca"},"id":"WK008063"},{"arcs":[[-605,-600,606]],"type":"Polygon","properties":{"id":116499,"statcode":"WK008064","statnaam":"Wijk 64 Westeinde","jrstatcode":"2010WK008064","rubriek":"wijk","FID":"wijk_gegeneraliseerd_2010.c973c364-1c5e-42f8-b3f0-538ccacb63b7"},"id":"WK008064"},{"arcs":[[607,-534,-606,-607,-599,608,609]],"type":"Polygon","properties":{"id":116500,"statcode":"WK008065","statnaam":"Wijk 65 Buitengebied Noordwest","jrstatcode":"2010WK008065","rubriek":"wijk","FID":"wijk_gegeneraliseerd_2010.179e012e-82c6-4c28-aa66-5ceba39d0b26"},"id":"WK008065"},{"arcs":[[610,611,612,-412,613]],"type":"Polygon","properties":{"id":116501,"statcode":"WK008100","statnaam":"Wijk 00 Noord","jrstatcode":"2010WK008100","rubriek":"wijk","FID":"wijk_gegeneraliseerd_2010.f58a5552-2f90-47a7-afe9-8102b955fc10"},"id":"WK008100"},{"arcs":[[-545,-535,-608,614,-413,-613,615]],"type":"Polygon","properties":{"id":116502,"statcode":"WK008101","statnaam":"Wijk 01 Zuid","jrstatcode":"2010WK008101","rubriek":"wijk","FID":"wijk_gegeneraliseerd_2010.7f2129d5-2e21-45b5-9fbc-c013c75ac722"},"id":"WK008101"},{"arcs":[[616,617,-311,618,619]],"type":"Polygon","properties":{"id":116503,"statcode":"WK008200","statnaam":"Wijk 00 Lemmer","jrstatcode":"2010WK008200","rubriek":"wijk","FID":"wijk_gegeneraliseerd_2010.0ff8d1dd-e6d2-4812-bf81-d26558603db9"},"id":"WK008200"},{"arcs":[[-318,620,621,622,623,624,-619,-310]],"type":"Polygon","properties":{"id":116504,"statcode":"WK008201","statnaam":"Wijk 01 Buitendorpen","jrstatcode":"2010WK008201","rubriek":"wijk","FID":"wijk_gegeneraliseerd_2010.2920e6a4-74ba-4b5f-936e-c3234749f41f"},"id":"WK008201"},{"arcs":[[625,626,627,628,629,630,-438]],"type":"Polygon","properties":{"id":116505,"statcode":"WK008300","statnaam":"Wijk 00 Bouwhoek West","jrstatcode":"2010WK008300","rubriek":"wijk","FID":"wijk_gegeneraliseerd_2010.5b0dd0f5-e26b-4e91-b814-e42bd834147f"},"id":"WK008300"},{"arcs":[[631,-628,632,-609,-598]],"type":"Polygon","properties":{"id":116506,"statcode":"WK008301","statnaam":"Wijk 01 Greidhoek","jrstatcode":"2010WK008301","rubriek":"wijk","FID":"wijk_gegeneraliseerd_2010.e4740dd9-8f64-4bb5-a1f3-ed08f708da42"},"id":"WK008301"},{"arcs":[[-406,633,-626,-437,-415]],"type":"Polygon","properties":{"id":116507,"statcode":"WK008302","statnaam":"Wijk 02 Tuinbouwgebied","jrstatcode":"2010WK008302","rubriek":"wijk","FID":"wijk_gegeneraliseerd_2010.1d23eba3-e281-478b-a15a-a65336952fa9"},"id":"WK008302"},{"arcs":[[-633,-627,-634,-405,-414,-615,-610]],"type":"Polygon","properties":{"id":116508,"statcode":"WK008303","statnaam":"Wijk 03 Bouwhoek Noord","jrstatcode":"2010WK008303","rubriek":"wijk","FID":"wijk_gegeneraliseerd_2010.4c2fdeec-8602-4dca-9b3c-1bf7f28984db"},"id":"WK008303"},{"arcs":[[634,635,636,637,638]],"type":"Polygon","properties":{"id":116509,"statcode":"WK008500","statnaam":"Wijk 00 Oosterwolde","jrstatcode":"2010WK008500","rubriek":"wijk","FID":"wijk_gegeneraliseerd_2010.42d3a41d-cec4-40dc-b498-46f6c624f5b5"},"id":"WK008500"},{"arcs":[[639,-477,640,641,-639]],"type":"Polygon","properties":{"id":116510,"statcode":"WK008501","statnaam":"Wijk 01 Donkerbroek","jrstatcode":"2010WK008501","rubriek":"wijk","FID":"wijk_gegeneraliseerd_2010.8b0c03b5-db8e-4709-a219-5450ada37dd4"},"id":"WK008501"},{"arcs":[[-640,-638,642,643,644,645,-478]],"type":"Polygon","properties":{"id":116511,"statcode":"WK008502","statnaam":"Wijk 02 Makkinga","jrstatcode":"2010WK008502","rubriek":"wijk","FID":"wijk_gegeneraliseerd_2010.ae199899-3c96-4302-b7ee-0e9c8abda027"},"id":"WK008502"},{"arcs":[[646,-489,-492,-483,-479,-646,647]],"type":"Polygon","properties":{"id":116512,"statcode":"WK008503","statnaam":"Wijk 03 Oldeberkoop","jrstatcode":"2010WK008503","rubriek":"wijk","FID":"wijk_gegeneraliseerd_2010.6950800d-97fc-4047-a841-fb6e3d7e8f6a"},"id":"WK008503"},{"arcs":[[648,649,-635,-642,650]],"type":"Polygon","properties":{"id":116513,"statcode":"WK008504","statnaam":"Wijk 04 Haulerwijk","jrstatcode":"2010WK008504","rubriek":"wijk","FID":"wijk_gegeneraliseerd_2010.203f88d1-f5fb-48fe-91da-479d2abf9ff9"},"id":"WK008504"},{"arcs":[[651,652,653,654,-643,-637]],"type":"Polygon","properties":{"id":116514,"statcode":"WK008505","statnaam":"Wijk 05 Appelscha","jrstatcode":"2010WK008505","rubriek":"wijk","FID":"wijk_gegeneraliseerd_2010.76efd4ca-9ef2-4d1b-bf84-8880056eaac0"},"id":"WK008505"},{"arcs":[[655,-485,-494,-508,656,657]],"type":"Polygon","properties":{"id":116515,"statcode":"WK008600","statnaam":"Wijk 00 Gorredijk","jrstatcode":"2010WK008600","rubriek":"wijk","FID":"wijk_gegeneraliseerd_2010.3835b461-202c-4a94-a01c-dd8be4674c73"},"id":"WK008600"},{"arcs":[[-657,-507,-476,-471,-504,-500,-341,658]],"type":"Polygon","properties":{"id":116516,"statcode":"WK008601","statnaam":"Wijk 01 Langezwaag","jrstatcode":"2010WK008601","rubriek":"wijk","FID":"wijk_gegeneraliseerd_2010.07f62ff3-1530-46bc-86b0-9ca4bf285180"},"id":"WK008601"},{"arcs":[[-658,-659,-340,659,660]],"type":"Polygon","properties":{"id":116517,"statcode":"WK008602","statnaam":"Wijk 02 Terwispel","jrstatcode":"2010WK008602","rubriek":"wijk","FID":"wijk_gegeneraliseerd_2010.a3f408e8-01e4-4d53-ba77-02a47b7f3cb5"},"id":"WK008602"},{"arcs":[[-481,-486,-656,-661,661,662,663,664]],"type":"Polygon","properties":{"id":116518,"statcode":"WK008603","statnaam":"Wijk 03 Beetsterzwaag","jrstatcode":"2010WK008603","rubriek":"wijk","FID":"wijk_gegeneraliseerd_2010.b4485de9-7f8a-497d-b8e0-469b702218f4"},"id":"WK008603"},{"arcs":[[-664,665,666,667,668,-192,-195,669]],"type":"Polygon","properties":{"id":116519,"statcode":"WK008604","statnaam":"Wijk 04 Ureterp","jrstatcode":"2010WK008604","rubriek":"wijk","FID":"wijk_gegeneraliseerd_2010.bc8e1054-369d-4fad-a096-cba5bf725a84"},"id":"WK008604"},{"arcs":[[-482,-665,-670,-194,-165,670,-651,-641]],"type":"Polygon","properties":{"id":116520,"statcode":"WK008605","statnaam":"Wijk 05 Bakkeveen","jrstatcode":"2010WK008605","rubriek":"wijk","FID":"wijk_gegeneraliseerd_2010.6e1827dc-4424-49eb-9271-a767c3333611"},"id":"WK008605"},{"arcs":[[671]],"type":"Polygon","properties":{"id":116521,"statcode":"WK008800","statnaam":"Wijk 00","jrstatcode":"2010WK008800","rubriek":"wijk","FID":"wijk_gegeneraliseerd_2010.0577a29c-ded4-4663-8dab-91a2eb98231c"},"id":"WK008800"},{"arcs":[[-666,-663,673]],"type":"Polygon","properties":{"id":116522,"statcode":"WK009000","statnaam":"Wijk 00 Drachten","jrstatcode":"2010WK009000","rubriek":"wijk","FID":"wijk_gegeneraliseerd_2010.10fb1de1-d775-4f90-b94a-027c5d674f3e"},"id":"WK009000"},{"arcs":[[-193,-669,-675,-667,-674,-662,-660,-339,675,676,677,-401,-104]],"type":"Polygon","properties":{"id":116523,"statcode":"WK009001","statnaam":"Wijk 01 Overig Smallingerland","jrstatcode":"2010WK009001","rubriek":"wijk","FID":"wijk_gegeneraliseerd_2010.beef7197-292e-4ee4-95af-d51a0d0702d7"},"id":"WK009001"},{"arcs":[[678,679,680,-346,-306,681,682,683]],"type":"Polygon","properties":{"id":116524,"statcode":"WK009100","statnaam":"Wijk 00 Sneek","jrstatcode":"2010WK009100","rubriek":"wijk","FID":"wijk_gegeneraliseerd_2010.633b3cc4-113b-49bc-9d64-aa428588ad18"},"id":"WK009100"},{"arcs":[[684,685]],"type":"Polygon","properties":{"id":116525,"statcode":"WK009300","statnaam":"Wijk 00 West-Terschelling","jrstatcode":"2010WK009300","rubriek":"wijk","FID":"wijk_gegeneraliseerd_2010.8120b8df-f9fd-466a-9232-b50e9d9b84a8"},"id":"WK009300"},{"arcs":[[686,687,688,-685]],"type":"Polygon","properties":{"id":116526,"statcode":"WK009301","statnaam":"Wijk 01 Midsland","jrstatcode":"2010WK009301","rubriek":"wijk","FID":"wijk_gegeneraliseerd_2010.a4357cc8-f859-4180-a456-d15642f0dcaf"},"id":"WK009301"},{"arcs":[[689,-688,690,691,692]],"type":"Polygon","properties":{"id":116527,"statcode":"WK009302","statnaam":"Wijk 02 Formerum","jrstatcode":"2010WK009302","rubriek":"wijk","FID":"wijk_gegeneraliseerd_2010.b6790eaf-e005-4f23-b9d1-81ad1f38f083"},"id":"WK009302"},{"arcs":[[693,-693,694]],"type":"Polygon","properties":{"id":116528,"statcode":"WK009303","statnaam":"Wijk 03 Lies","jrstatcode":"2010WK009303","rubriek":"wijk","FID":"wijk_gegeneraliseerd_2010.1dd2bc36-e041-492b-b82f-bfb06a661e21"},"id":"WK009303"},{"arcs":[[695,696,697,-695,-692]],"type":"Polygon","properties":{"id":116529,"statcode":"WK009304","statnaam":"Wijk 04 Hoorn","jrstatcode":"2010WK009304","rubriek":"wijk","FID":"wijk_gegeneraliseerd_2010.fa6b2d88-4d26-48d7-8297-02bcad370051"},"id":"WK009304"},{"arcs":[[-697,698]],"type":"Polygon","properties":{"id":116530,"statcode":"WK009305","statnaam":"Wijk 05 Oosterend","jrstatcode":"2010WK009305","rubriek":"wijk","FID":"wijk_gegeneraliseerd_2010.6a603d60-618b-4908-8a0e-253d70d492b0"},"id":"WK009305"},{"arcs":[[[699]],[[700]]],"type":"MultiPolygon","properties":{"id":116531,"statcode":"WK009600","statnaam":"Wijk 00","jrstatcode":"2010WK009600","rubriek":"wijk","FID":"wijk_gegeneraliseerd_2010.2c5b19ee-9e60-4e9e-9628-a946a24dc141"},"id":"WK009600"},{"arcs":[[701,702,703]],"type":"Polygon","properties":{"id":116532,"statcode":"WK009800","statnaam":"Wijk 00 Wolvega","jrstatcode":"2010WK009800","rubriek":"wijk","FID":"wijk_gegeneraliseerd_2010.719c5a5b-2077-460f-8487-d4e783bcf01d"},"id":"WK009800"},{"arcs":[[-703,704,705,-316,-467,-511,-509,-497,706]],"type":"Polygon","properties":{"id":116533,"statcode":"WK009801","statnaam":"Wijk 01 Sonnega","jrstatcode":"2010WK009801","rubriek":"wijk","FID":"wijk_gegeneraliseerd_2010.2a6fcfdf-a081-4b9b-b779-7bc5a2855a64"},"id":"WK009801"},{"arcs":[[-706,707,708,709,-621,-317]],"type":"Polygon","properties":{"id":116534,"statcode":"WK009802","statnaam":"Wijk 02 Helomavaart","jrstatcode":"2010WK009802","rubriek":"wijk","FID":"wijk_gegeneraliseerd_2010.c4febbb8-1cbe-41b2-bae4-97bae298f955"},"id":"WK009802"},{"arcs":[[710,711,712,-622,-710]],"type":"Polygon","properties":{"id":116535,"statcode":"WK009803","statnaam":"Wijk 03 Munnekeburen","jrstatcode":"2010WK009803","rubriek":"wijk","FID":"wijk_gegeneraliseerd_2010.c37cf67d-5895-4f0c-b493-738da5393680"},"id":"WK009803"},{"arcs":[[713,714,-713]],"type":"Polygon","properties":{"id":116536,"statcode":"WK009804","statnaam":"Wijk 04 Scherpenzeel","jrstatcode":"2010WK009804","rubriek":"wijk","FID":"wijk_gegeneraliseerd_2010.fac13c2c-bfd1-4b00-9052-3e377630d304"},"id":"WK009804"},{"arcs":[[715,716,717,-704,-707,-496,-490,-647]],"type":"Polygon","properties":{"id":116537,"statcode":"WK009805","statnaam":"Wijk 05 Oldeholtpade","jrstatcode":"2010WK009805","rubriek":"wijk","FID":"wijk_gegeneraliseerd_2010.0fb6277e-0efc-42e5-b69a-935213546878"},"id":"WK009805"},{"arcs":[[718,-708,-705,-702,-718,719,720]],"type":"Polygon","properties":{"id":116538,"statcode":"WK009806","statnaam":"Wijk 06 Blesdijke","jrstatcode":"2010WK009806","rubriek":"wijk","FID":"wijk_gegeneraliseerd_2010.21c35316-780c-44e6-9a07-6fdc4f79ee9c"},"id":"WK009806"},{"arcs":[[721,722,723,-720,-717]],"type":"Polygon","properties":{"id":116539,"statcode":"WK009807","statnaam":"Wijk 07 Steggerda","jrstatcode":"2010WK009807","rubriek":"wijk","FID":"wijk_gegeneraliseerd_2010.4a9795dd-8762-471c-b58b-3dd5ba6a30c9"},"id":"WK009807"},{"arcs":[[-648,-645,724,725,726,727,728,-722,-716]],"type":"Polygon","properties":{"id":116540,"statcode":"WK009808","statnaam":"Wijk 08 Noordwolde","jrstatcode":"2010WK009808","rubriek":"wijk","FID":"wijk_gegeneraliseerd_2010.261605f8-b360-4893-98c6-e87dc0904e9e"},"id":"WK009808"},{"arcs":[[729,730,731,732,733,734]],"type":"Polygon","properties":{"id":116541,"statcode":"WK010400","statnaam":"Wijk 00","jrstatcode":"2010WK010400","rubriek":"wijk","FID":"wijk_gegeneraliseerd_2010.532a3801-4b5b-45be-a2d3-6acd5ee2f261"},"id":"WK010400"},{"arcs":[[735,736,737,738,739,-734]],"type":"Polygon","properties":{"id":116542,"statcode":"WK010401","statnaam":"Wijk 01","jrstatcode":"2010WK010401","rubriek":"wijk","FID":"wijk_gegeneraliseerd_2010.01040c88-73c4-45ca-80c2-abeeee56b994"},"id":"WK010401"},{"arcs":[[740,741,742,-739]],"type":"Polygon","properties":{"id":116543,"statcode":"WK010402","statnaam":"Wijk 02","jrstatcode":"2010WK010402","rubriek":"wijk","FID":"wijk_gegeneraliseerd_2010.0ade398e-e4ff-49ed-be1d-c88ae3ba6a5c"},"id":"WK010402"},{"arcs":[[743,744,745,746,747]],"type":"Polygon","properties":{"id":116544,"statcode":"WK010600","statnaam":"Wijk 00 Assen centrum","jrstatcode":"2010WK010600","rubriek":"wijk","FID":"wijk_gegeneraliseerd_2010.0a03d56a-2901-4ef7-bb21-0f9d3ed71501"},"id":"WK010600"},{"arcs":[[-745,748,749,750]],"type":"Polygon","properties":{"id":116545,"statcode":"WK010601","statnaam":"Wijk 01 Lariks","jrstatcode":"2010WK010601","rubriek":"wijk","FID":"wijk_gegeneraliseerd_2010.8c10b74f-6223-46a9-94e6-c9b83a37c345"},"id":"WK010601"},{"arcs":[[-751,751,752,753,-746]],"type":"Polygon","properties":{"id":116546,"statcode":"WK010602","statnaam":"Wijk 02 Noorderpark","jrstatcode":"2010WK010602","rubriek":"wijk","FID":"wijk_gegeneraliseerd_2010.6a64e902-6c5e-49fb-b63a-c7c3fd1cd607"},"id":"WK010602"},{"arcs":[[754,-748,755,756]],"type":"Polygon","properties":{"id":116547,"statcode":"WK010603","statnaam":"Wijk 03 Assen Oost","jrstatcode":"2010WK010603","rubriek":"wijk","FID":"wijk_gegeneraliseerd_2010.1810137d-0e27-49fd-b568-be53301c798c"},"id":"WK010603"},{"arcs":[[757,758,759,-752,-750]],"type":"Polygon","properties":{"id":116548,"statcode":"WK010604","statnaam":"Wijk 04 Pittelo","jrstatcode":"2010WK010604","rubriek":"wijk","FID":"wijk_gegeneraliseerd_2010.4e18926a-c457-4edf-b46c-303ad47611be"},"id":"WK010604"},{"arcs":[[-755,760,761,-758,-749,-744]],"type":"Polygon","properties":{"id":116549,"statcode":"WK010605","statnaam":"Wijk 05 Assen West","jrstatcode":"2010WK010605","rubriek":"wijk","FID":"wijk_gegeneraliseerd_2010.b0a88257-69b3-489e-b49d-564889d91b97"},"id":"WK010605"},{"arcs":[[-753,-760,762,763,764]],"type":"Polygon","properties":{"id":116550,"statcode":"WK010606","statnaam":"Wijk 06 Peelo","jrstatcode":"2010WK010606","rubriek":"wijk","FID":"wijk_gegeneraliseerd_2010.6ada9620-0466-472a-8e60-448f5e3c75f1"},"id":"WK010606"},{"arcs":[[-756,-747,-754,-765,765]],"type":"Polygon","properties":{"id":116551,"statcode":"WK010607","statnaam":"Wijk 07 Marsdijk","jrstatcode":"2010WK010607","rubriek":"wijk","FID":"wijk_gegeneraliseerd_2010.cd81fdbf-2be5-43e1-9002-0776b70ef91e"},"id":"WK010607"},{"arcs":[[766,767,768,-763,-759,-762,769]],"type":"Polygon","properties":{"id":116552,"statcode":"WK010608","statnaam":"Wijk 08 Kloosterveen","jrstatcode":"2010WK010608","rubriek":"wijk","FID":"wijk_gegeneraliseerd_2010.1704e1db-21f8-49c9-91a7-cc2648d8c604"},"id":"WK010608"},{"arcs":[[770,771,772,773,774,-770,-761,-757,-766,-764,-769,775,776,777,778,779,780]],"type":"Polygon","properties":{"id":116553,"statcode":"WK010699","statnaam":"Wijk 99 Buitengebied","jrstatcode":"2010WK010699","rubriek":"wijk","FID":"wijk_gegeneraliseerd_2010.ece18e4f-f28f-4bfa-a6b2-d9497e595ad2"},"id":"WK010699"},{"arcs":[[781,782,783,784,785,786]],"type":"Polygon","properties":{"id":116554,"statcode":"WK010910","statnaam":"Wijk 10 Coevorden","jrstatcode":"2010WK010910","rubriek":"wijk","FID":"wijk_gegeneraliseerd_2010.8eaa3757-dd45-4ea6-9dbd-d87afcce6af0"},"id":"WK010910"},{"arcs":[[787,-786,788,789,790]],"type":"Polygon","properties":{"id":116555,"statcode":"WK010911","statnaam":"Wijk 11 Steenwijksmoer","jrstatcode":"2010WK010911","rubriek":"wijk","FID":"wijk_gegeneraliseerd_2010.cc58bc71-9f19-473a-abe9-f0b3b9a20f2f"},"id":"WK010911"},{"arcs":[[791,-791,792,793]],"type":"Polygon","properties":{"id":116556,"statcode":"WK010912","statnaam":"Wijk 12 Nieuwe Krim","jrstatcode":"2010WK010912","rubriek":"wijk","FID":"wijk_gegeneraliseerd_2010.093f68d6-55ae-4e69-923d-b42cec27e4e4"},"id":"WK010912"},{"arcs":[[794,795,796,-782]],"type":"Polygon","properties":{"id":116557,"statcode":"WK010913","statnaam":"Wijk 13 Weijerswold","jrstatcode":"2010WK010913","rubriek":"wijk","FID":"wijk_gegeneraliseerd_2010.e7f7e767-acd0-4d1e-8518-5717d2c0f3be"},"id":"WK010913"},{"arcs":[[797,798,-796,799]],"type":"Polygon","properties":{"id":116558,"statcode":"WK010914","statnaam":"Wijk 14 Vlieghuis en Padhuis","jrstatcode":"2010WK010914","rubriek":"wijk","FID":"wijk_gegeneraliseerd_2010.f36bb6e2-6103-48af-9968-b6a97a7d6654"},"id":"WK010914"},{"arcs":[[-788,-792,800,801,802,803,804,-800,-795,-787]],"type":"Polygon","properties":{"id":116559,"statcode":"WK010920","statnaam":"Wijk 20 Dalen","jrstatcode":"2010WK010920","rubriek":"wijk","FID":"wijk_gegeneraliseerd_2010.f9abe42f-27a0-4dcf-8316-33f52f75438e"},"id":"WK010920"},{"arcs":[[805,806,807,808,809,-802]],"type":"Polygon","properties":{"id":116560,"statcode":"WK010930","statnaam":"Wijk 30 Oosterhesselen","jrstatcode":"2010WK010930","rubriek":"wijk","FID":"wijk_gegeneraliseerd_2010.f3b120af-fc4e-4ce8-b5b8-0af6c860f217"},"id":"WK010930"},{"arcs":[[810,811,812,813,814,815,-803,-810,816,817]],"type":"Polygon","properties":{"id":116561,"statcode":"WK010940","statnaam":"Wijk 40 Sleen","jrstatcode":"2010WK010940","rubriek":"wijk","FID":"wijk_gegeneraliseerd_2010.c5667b6a-3846-4f1a-b325-5d300069661b"},"id":"WK010940"},{"arcs":[[-817,-809,818,819,820,821]],"type":"Polygon","properties":{"id":116562,"statcode":"WK010950","statnaam":"Wijk 50 Zweeloo","jrstatcode":"2010WK010950","rubriek":"wijk","FID":"wijk_gegeneraliseerd_2010.323fb78b-ec2f-4d0d-a2d6-eb08ab2a35fe"},"id":"WK010950"},{"arcs":[[[822,823,824,825,826,827,828,829,-815,830]],[[831,832,833,834]]],"type":"MultiPolygon","properties":{"id":116563,"statcode":"WK011400","statnaam":"Wijk 00 Emmen","jrstatcode":"2010WK011400","rubriek":"wijk","FID":"wijk_gegeneraliseerd_2010.2ae7a781-1275-4647-98de-457e0ca976bb"},"id":"WK011400"},{"arcs":[[-280,-286,835,836,-824,837,838]],"type":"Polygon","properties":{"id":116564,"statcode":"WK011401","statnaam":"Wijk 01 Nieuw-Weerdinge","jrstatcode":"2010WK011401","rubriek":"wijk","FID":"wijk_gegeneraliseerd_2010.1081057c-ed4f-487c-a5c7-e730fadf4b5c"},"id":"WK011401"},{"arcs":[[-836,-285,-278,839]],"type":"Polygon","properties":{"id":116565,"statcode":"WK011402","statnaam":"Wijk 02 Roswinkel","jrstatcode":"2010WK011402","rubriek":"wijk","FID":"wijk_gegeneraliseerd_2010.0122a469-3b72-4366-8d41-03c78c8d1ef5"},"id":"WK011402"},{"arcs":[[-840,-277,840,841,-825,-837]],"type":"Polygon","properties":{"id":116566,"statcode":"WK011403","statnaam":"Wijk 03 Emmer-Compascuum","jrstatcode":"2010WK011403","rubriek":"wijk","FID":"wijk_gegeneraliseerd_2010.24c26ec4-d767-4ec0-84c4-a3f2ef376f97"},"id":"WK011403"},{"arcs":[[842,843,844,845,-826,-842]],"type":"Polygon","properties":{"id":116567,"statcode":"WK011404","statnaam":"Wijk 04 Barger-Compascuum","jrstatcode":"2010WK011404","rubriek":"wijk","FID":"wijk_gegeneraliseerd_2010.bb5bd113-02b1-4e8d-80cc-5a5f69b46ecf"},"id":"WK011404"},{"arcs":[[846,-827,-846,847,848,-835]],"type":"Polygon","properties":{"id":116568,"statcode":"WK011405","statnaam":"Wijk 05 Nieuw-Dordrecht","jrstatcode":"2010WK011405","rubriek":"wijk","FID":"wijk_gegeneraliseerd_2010.d8073787-cb02-496a-ac1b-8ad7921d7dee"},"id":"WK011405"},{"arcs":[[849,850,851,852,853,-829]],"type":"Polygon","properties":{"id":116569,"statcode":"WK011406","statnaam":"Wijk 06 Nieuw-Amsterdam","jrstatcode":"2010WK011406","rubriek":"wijk","FID":"wijk_gegeneraliseerd_2010.13f31d39-4495-4c59-9080-f8774b5f76d4"},"id":"WK011406"},{"arcs":[[854,-832,-849,855,856,857,-852]],"type":"Polygon","properties":{"id":116570,"statcode":"WK011407","statnaam":"Wijk 07 Erica","jrstatcode":"2010WK011407","rubriek":"wijk","FID":"wijk_gegeneraliseerd_2010.20665105-4310-4b98-b4ec-3e1a88084a82"},"id":"WK011407"},{"arcs":[[858,-856,-848,-845,859]],"type":"Polygon","properties":{"id":116571,"statcode":"WK011408","statnaam":"Wijk 08 Klazienaveen","jrstatcode":"2010WK011408","rubriek":"wijk","FID":"wijk_gegeneraliseerd_2010.56698236-6445-482a-81bb-4a7667f3932d"},"id":"WK011408"},{"arcs":[[860,861,-860,-844]],"type":"Polygon","properties":{"id":116572,"statcode":"WK011409","statnaam":"Wijk 09 Zwartemeer","jrstatcode":"2010WK011409","rubriek":"wijk","FID":"wijk_gegeneraliseerd_2010.1bc454ce-1593-4a6f-a859-55c41bf8dde6"},"id":"WK011409"},{"arcs":[[-805,862,-853,-858,863,864,865,-798]],"type":"Polygon","properties":{"id":116573,"statcode":"WK011410","statnaam":"Wijk 10 Schoonebeek","jrstatcode":"2010WK011410","rubriek":"wijk","FID":"wijk_gegeneraliseerd_2010.c0cfb6ed-971b-4b98-82d3-a8e7be683b7d"},"id":"WK011410"},{"arcs":[[-847,-834,866,-850,-828]],"type":"Polygon","properties":{"id":116574,"statcode":"WK011411","statnaam":"Wijk 11 Emmen","jrstatcode":"2010WK011411","rubriek":"wijk","FID":"wijk_gegeneraliseerd_2010.167c29a8-e6f0-470c-96e4-7e0252a78556"},"id":"WK011411"},{"arcs":[[-833,-855,-851,-867]],"type":"Polygon","properties":{"id":116575,"statcode":"WK011412","statnaam":"Wijk 12 Emmen","jrstatcode":"2010WK011412","rubriek":"wijk","FID":"wijk_gegeneraliseerd_2010.efe7b3c7-8057-41d9-bb5c-53de3cf2f26f"},"id":"WK011412"},{"arcs":[[-863,-804,-816,-830,-854]],"type":"Polygon","properties":{"id":116576,"statcode":"WK011413","statnaam":"Wijk 13 Veenoord","jrstatcode":"2010WK011413","rubriek":"wijk","FID":"wijk_gegeneraliseerd_2010.3530cd34-3dcd-4f5a-8216-bc4194c18aa8"},"id":"WK011413"},{"arcs":[[-865,867,868]],"type":"Polygon","properties":{"id":116577,"statcode":"WK011421","statnaam":"Wijk 21 Nieuw-Schoonebeek","jrstatcode":"2010WK011421","rubriek":"wijk","FID":"wijk_gegeneraliseerd_2010.6fba7988-06a4-449c-9804-feb16dd53162"},"id":"WK011421"},{"arcs":[[-862,869,-868,-864,-857,-859]],"type":"Polygon","properties":{"id":116578,"statcode":"WK011432","statnaam":"Wijk 32 Weiteveen","jrstatcode":"2010WK011432","rubriek":"wijk","FID":"wijk_gegeneraliseerd_2010.06b536e1-7f79-4ec2-8d4f-7e0447e09b51"},"id":"WK011432"},{"arcs":[[870,871,872,873,-806,-801,-794,874,875,876,877,878,879,880,881,882,883,884]],"type":"Polygon","properties":{"id":116579,"statcode":"WK011805","statnaam":"Wijk 05 Hoogeveen","jrstatcode":"2010WK011805","rubriek":"wijk","FID":"wijk_gegeneraliseerd_2010.8f3a3315-ef27-4ebf-a4e2-5570e0d79d41"},"id":"WK011805"},{"arcs":[[[885,886,887,888,889,-885]],[[890,891,-880]],[[892,893,-882]],[[894,895,-877]]],"type":"MultiPolygon","properties":{"id":116580,"statcode":"WK011806","statnaam":"Wijk 06 Pesse","jrstatcode":"2010WK011806","rubriek":"wijk","FID":"wijk_gegeneraliseerd_2010.d5a2d88e-af55-4415-8b41-b8d237150f09"},"id":"WK011806"},{"arcs":[[896,897,898,899,900,901,902]],"type":"Polygon","properties":{"id":116581,"statcode":"WK011900","statnaam":"Wijk 00 Meppel","jrstatcode":"2010WK011900","rubriek":"wijk","FID":"wijk_gegeneraliseerd_2010.5170a39c-fb27-4e1a-a093-798a0a23e4f9"},"id":"WK011900"},{"arcs":[[-903,903,904,905]],"type":"Polygon","properties":{"id":116582,"statcode":"WK011901","statnaam":"Wijk 01 Nijeveen","jrstatcode":"2010WK011901","rubriek":"wijk","FID":"wijk_gegeneraliseerd_2010.2455a658-fab0-4bb1-b662-b18d87320610"},"id":"WK011901"},{"arcs":[[906,907,908,-899,909]],"type":"Polygon","properties":{"id":116583,"statcode":"WK011902","statnaam":"Wijk 02 Rogat","jrstatcode":"2010WK011902","rubriek":"wijk","FID":"wijk_gegeneraliseerd_2010.9fb49587-51ac-4b70-b891-b019cd3e2224"},"id":"WK011902"},{"arcs":[[910,911,912,913,914]],"type":"Polygon","properties":{"id":116584,"statcode":"WK014000","statnaam":"Wijk 00 Zuid","jrstatcode":"2010WK014000","rubriek":"wijk","FID":"wijk_gegeneraliseerd_2010.fae1739f-6dbb-410c-a1eb-bc9f5373f458"},"id":"WK014000"},{"arcs":[[-424,-436,-631,915,-914,916,-440]],"type":"Polygon","properties":{"id":116585,"statcode":"WK014001","statnaam":"Wijk 01 Noord","jrstatcode":"2010WK014001","rubriek":"wijk","FID":"wijk_gegeneraliseerd_2010.41811582-c97f-4614-b878-351a26b48bb9"},"id":"WK014001"},{"arcs":[[-594,-332,917,918]],"type":"Polygon","properties":{"id":116586,"statcode":"WK014002","statnaam":"Wijk 02 Mantgum","jrstatcode":"2010WK014002","rubriek":"wijk","FID":"wijk_gegeneraliseerd_2010.1bcdcd3e-401d-44bb-968d-4386fc44d6e1"},"id":"WK014002"},{"arcs":[[919,-915,-916,-630,920,-918,-331]],"type":"Polygon","properties":{"id":116587,"statcode":"WK014003","statnaam":"Wijk 03","jrstatcode":"2010WK014003","rubriek":"wijk","FID":"wijk_gegeneraliseerd_2010.b659ad65-3dde-479d-9d6f-b39d0ef081fe"},"id":"WK014003"},{"arcs":[[-629,-632,-597,-592,-595,-919,-921]],"type":"Polygon","properties":{"id":116588,"statcode":"WK014004","statnaam":"Wijk 04","jrstatcode":"2010WK014004","rubriek":"wijk","FID":"wijk_gegeneraliseerd_2010.ad075449-97f0-4e2f-b7b1-b1083d88ef0f"},"id":"WK014004"},{"arcs":[[921,922,923,924,925]],"type":"Polygon","properties":{"id":116589,"statcode":"WK014110","statnaam":"Wijk 10 Binnenstad","jrstatcode":"2010WK014110","rubriek":"wijk","FID":"wijk_gegeneraliseerd_2010.14790d4e-0e6a-4d24-a5f8-ca94afec1a82"},"id":"WK014110"},{"arcs":[[926,927,928,929,930,-922,931]],"type":"Polygon","properties":{"id":116590,"statcode":"WK014111","statnaam":"Wijk 11 De Riet","jrstatcode":"2010WK014111","rubriek":"wijk","FID":"wijk_gegeneraliseerd_2010.da54d7a8-78ba-4db5-a10c-0ef05ff8c8b1"},"id":"WK014111"},{"arcs":[[932,-925,933,934,935]],"type":"Polygon","properties":{"id":116591,"statcode":"WK014112","statnaam":"Wijk 12 Noorderkwartier","jrstatcode":"2010WK014112","rubriek":"wijk","FID":"wijk_gegeneraliseerd_2010.6ba71bfc-d172-4fa6-983e-44f1e4c3c7e5"},"id":"WK014112"},{"arcs":[[-933,936,937,938,939]],"type":"Polygon","properties":{"id":116592,"statcode":"WK014113","statnaam":"Wijk 13 Sluitersveld","jrstatcode":"2010WK014113","rubriek":"wijk","FID":"wijk_gegeneraliseerd_2010.878dedf0-fe64-4f4f-b3c1-5698fb400799"},"id":"WK014113"},{"arcs":[[-924,940,941,942,943,944,945,-934]],"type":"Polygon","properties":{"id":116593,"statcode":"WK014114","statnaam":"Wijk 14 Wierdense Hoek","jrstatcode":"2010WK014114","rubriek":"wijk","FID":"wijk_gegeneraliseerd_2010.d1c83197-7263-43b1-baed-efbb169c414e"},"id":"WK014114"},{"arcs":[[-941,-923,-931,946]],"type":"Polygon","properties":{"id":116594,"statcode":"WK014115","statnaam":"Wijk 15 Nieuwstraat-Kwartier","jrstatcode":"2010WK014115","rubriek":"wijk","FID":"wijk_gegeneraliseerd_2010.a6f3c49e-e129-433d-bb50-fe63c740cbbd"},"id":"WK014115"},{"arcs":[[947,-942,-947,-930]],"type":"Polygon","properties":{"id":116595,"statcode":"WK014116","statnaam":"Wijk 16 Ossenkoppelerhoek","jrstatcode":"2010WK014116","rubriek":"wijk","FID":"wijk_gegeneraliseerd_2010.e1276121-720a-4151-bca4-5af6f8f13787"},"id":"WK014116"},{"arcs":[[-940,948,949,950,-932,-926]],"type":"Polygon","properties":{"id":116596,"statcode":"WK014117","statnaam":"Wijk 17 Hofkamp","jrstatcode":"2010WK014117","rubriek":"wijk","FID":"wijk_gegeneraliseerd_2010.47673327-f4d2-430c-a6a2-882669157e1c"},"id":"WK014117"},{"arcs":[[-936,951,952,-937]],"type":"Polygon","properties":{"id":116597,"statcode":"WK014118","statnaam":"Wijk 18 Schelfhorst","jrstatcode":"2010WK014118","rubriek":"wijk","FID":"wijk_gegeneraliseerd_2010.d8479431-1171-4d23-81be-fa17c06b1e66"},"id":"WK014118"},{"arcs":[[953,954,-943,-948,-929,955]],"type":"Polygon","properties":{"id":116598,"statcode":"WK014119","statnaam":"Wijk 19 Windmolenbroek","jrstatcode":"2010WK014119","rubriek":"wijk","FID":"wijk_gegeneraliseerd_2010.e1ded2c7-8ce3-4caa-90df-0f99a98ee5e8"},"id":"WK014119"},{"arcs":[[956,-952,-935,-946,957,958,959]],"type":"Polygon","properties":{"id":116599,"statcode":"WK014120","statnaam":"Wijk 20 Aadorp","jrstatcode":"2010WK014120","rubriek":"wijk","FID":"wijk_gegeneraliseerd_2010.c41f93ed-d260-4c2b-b7bc-158a94171b34"},"id":"WK014120"},{"arcs":[[-928,960,961,962,963,-956]],"type":"Polygon","properties":{"id":116600,"statcode":"WK014121","statnaam":"Wijk 21 Bornerbroek","jrstatcode":"2010WK014121","rubriek":"wijk","FID":"wijk_gegeneraliseerd_2010.1971930c-dde3-4759-9e6f-92ad94d0ff04"},"id":"WK014121"},{"arcs":[[964,965,966,967,-962]],"type":"Polygon","properties":{"id":116601,"statcode":"WK014700","statnaam":"Wijk 00 Borne","jrstatcode":"2010WK014700","rubriek":"wijk","FID":"wijk_gegeneraliseerd_2010.3b540418-e158-486b-ab1a-b3331113c4f1"},"id":"WK014700"},{"arcs":[[968,969,970,971,-965,-961,-927,-951,972,973,974,975]],"type":"Polygon","properties":{"id":116602,"statcode":"WK014701","statnaam":"Wijk 01 Buitengebied Borne","jrstatcode":"2010WK014701","rubriek":"wijk","FID":"wijk_gegeneraliseerd_2010.e70b4b07-db3f-45b3-b8f6-78163059cfde"},"id":"WK014701"},{"arcs":[[976]],"type":"Polygon","properties":{"id":116603,"statcode":"WK014800","statnaam":"Wijk 00 Dalfsen (kern)","jrstatcode":"2010WK014800","rubriek":"wijk","FID":"wijk_gegeneraliseerd_2010.8511a84a-8b66-409f-a1cb-b577ebc3d3b1"},"id":"WK014800"},{"arcs":[[977,978,979,980,981,982,983,984,985],[-977]],"type":"Polygon","properties":{"id":116604,"statcode":"WK014801","statnaam":"Wijk 01 Dalfsen - buitengebied","jrstatcode":"2010WK014801","rubriek":"wijk","FID":"wijk_gegeneraliseerd_2010.d779d8f8-66f2-4fa6-a056-39efeb215141"},"id":"WK014801"},{"arcs":[[986,987,988,989,-986]],"type":"Polygon","properties":{"id":116605,"statcode":"WK014802","statnaam":"Wijk 02 Oudleusen","jrstatcode":"2010WK014802","rubriek":"wijk","FID":"wijk_gegeneraliseerd_2010.fb6807da-ce44-4e13-b263-c47058055ce7"},"id":"WK014802"},{"arcs":[[990,991,992,993,-982]],"type":"Polygon","properties":{"id":116606,"statcode":"WK014803","statnaam":"Wijk 03 Hoonhorst","jrstatcode":"2010WK014803","rubriek":"wijk","FID":"wijk_gegeneraliseerd_2010.69bd30c2-c469-4416-bef1-a72d8abe66e3"},"id":"WK014803"},{"arcs":[[994,-993,995]],"type":"Polygon","properties":{"id":116607,"statcode":"WK014804","statnaam":"Wijk 04 Lenthe-2","jrstatcode":"2010WK014804","rubriek":"wijk","FID":"wijk_gegeneraliseerd_2010.c48bf6ce-e8f2-4df5-89c7-6f01884f06ee"},"id":"WK014804"},{"arcs":[[-981,996,997,-991]],"type":"Polygon","properties":{"id":116608,"statcode":"WK014805","statnaam":"Wijk 05 Kluinhaar","jrstatcode":"2010WK014805","rubriek":"wijk","FID":"wijk_gegeneraliseerd_2010.8e163946-fa05-4821-863b-d2ff61524fb9"},"id":"WK014805"},{"arcs":[[998,999,1000,-997,-980,1001]],"type":"Polygon","properties":{"id":116609,"statcode":"WK014806","statnaam":"Wijk 06 Lemelerveld","jrstatcode":"2010WK014806","rubriek":"wijk","FID":"wijk_gegeneraliseerd_2010.cd99e41b-179d-4110-9c92-d7cec4aa572e"},"id":"WK014806"},{"arcs":[[1002,1003,-987,-985,1004,1005,1006]],"type":"Polygon","properties":{"id":116610,"statcode":"WK014807","statnaam":"Wijk 07 Leusenerveld","jrstatcode":"2010WK014807","rubriek":"wijk","FID":"wijk_gegeneraliseerd_2010.6c424fb9-10c6-4b8a-b2fe-2a7b2fa23905"},"id":"WK014807"},{"arcs":[[1007,1008,1009,1010,1011]],"type":"Polygon","properties":{"id":116611,"statcode":"WK015000","statnaam":"Wijk 00 Binnenstad","jrstatcode":"2010WK015000","rubriek":"wijk","FID":"wijk_gegeneraliseerd_2010.f2914c7a-7409-42f7-adc1-cb101a9d5bcd"},"id":"WK015000"},{"arcs":[[1012,1013,1014,-1010]],"type":"Polygon","properties":{"id":116612,"statcode":"WK015001","statnaam":"Wijk 01 Zwolsewijk","jrstatcode":"2010WK015001","rubriek":"wijk","FID":"wijk_gegeneraliseerd_2010.2be49327-1b96-4fec-85e1-912ee43c0587"},"id":"WK015001"},{"arcs":[[1015,1016,1017,1018,-1011,-1015,1019,1020]],"type":"Polygon","properties":{"id":116613,"statcode":"WK015002","statnaam":"Wijk 02 Voorstad","jrstatcode":"2010WK015002","rubriek":"wijk","FID":"wijk_gegeneraliseerd_2010.8b8751be-7648-4ed7-a4a8-b51ae2253236"},"id":"WK015002"},{"arcs":[[1021,-1020,-1014,1022,1023]],"type":"Polygon","properties":{"id":116614,"statcode":"WK015003","statnaam":"Wijk 03 Borgele en Platvoet","jrstatcode":"2010WK015003","rubriek":"wijk","FID":"wijk_gegeneraliseerd_2010.d9b8caed-844f-4324-8ab5-ce6a38c0ab4a"},"id":"WK015003"},{"arcs":[[-1022,1024,-1021]],"type":"Polygon","properties":{"id":116615,"statcode":"WK015004","statnaam":"Wijk 04 Keizerslanden","jrstatcode":"2010WK015004","rubriek":"wijk","FID":"wijk_gegeneraliseerd_2010.aa8b9afb-e7eb-49fe-a759-1857504e9a51"},"id":"WK015004"},{"arcs":[[1025,-1018]],"type":"Polygon","properties":{"id":116616,"statcode":"WK015005","statnaam":"Wijk 05 Rivierenwijk","jrstatcode":"2010WK015005","rubriek":"wijk","FID":"wijk_gegeneraliseerd_2010.3d204b80-bf8f-40c6-9bce-6bca91ee2a00"},"id":"WK015005"},{"arcs":[[-1019,-1026,1026,1027,1028,-1012]],"type":"Polygon","properties":{"id":116617,"statcode":"WK015006","statnaam":"Wijk 06 Bergweide","jrstatcode":"2010WK015006","rubriek":"wijk","FID":"wijk_gegeneraliseerd_2010.773ad118-6792-48a8-a6e6-99557ec41c38"},"id":"WK015006"},{"arcs":[[-1027,-1017,1029,1030]],"type":"Polygon","properties":{"id":116618,"statcode":"WK015007","statnaam":"Wijk 07 Colmschate-Noord","jrstatcode":"2010WK015007","rubriek":"wijk","FID":"wijk_gegeneraliseerd_2010.5bfc1dac-a16c-480b-aee7-4c004de1bd27"},"id":"WK015007"},{"arcs":[[1031,1032,-1028,-1031,1033,1034]],"type":"Polygon","properties":{"id":116619,"statcode":"WK015008","statnaam":"Wijk 08 Colmschate-Zuid","jrstatcode":"2010WK015008","rubriek":"wijk","FID":"wijk_gegeneraliseerd_2010.1778d9e1-5554-4e33-a96e-13847ed864dc"},"id":"WK015008"},{"arcs":[[1035,1036,1037,1038,1039,1040,-1034,-1030,-1016,-1025,-1024,1041,1042,1043]],"type":"Polygon","properties":{"id":116620,"statcode":"WK015009","statnaam":"Wijk 09 Diepenveen","jrstatcode":"2010WK015009","rubriek":"wijk","FID":"wijk_gegeneraliseerd_2010.6054c62e-5636-4514-965e-1284f9cc06d4"},"id":"WK015009"},{"arcs":[[1044,1045,-1035,-1041]],"type":"Polygon","properties":{"id":116621,"statcode":"WK015010","statnaam":"Wijk 10 Bathmen","jrstatcode":"2010WK015010","rubriek":"wijk","FID":"wijk_gegeneraliseerd_2010.8b6e6d56-f679-4f9f-b6c1-5670ae8cf187"},"id":"WK015010"},{"arcs":[[1046,1047,1048,1049,1050]],"type":"Polygon","properties":{"id":116622,"statcode":"WK015300","statnaam":"Wijk 00 Binnensingelgebied","jrstatcode":"2010WK015300","rubriek":"wijk","FID":"wijk_gegeneraliseerd_2010.ea117f3f-044f-4b85-93e0-326726d81a98"},"id":"WK015300"},{"arcs":[[1051,1052,1053,1054,1055,-1047,1056]],"type":"Polygon","properties":{"id":116623,"statcode":"WK015301","statnaam":"Wijk 01 Hogeland - Velve","jrstatcode":"2010WK015301","rubriek":"wijk","FID":"wijk_gegeneraliseerd_2010.eacc4a9b-f053-4b7f-b251-7409a0c236cc"},"id":"WK015301"},{"arcs":[[-1056,1057,1058,1059,1060,-1048]],"type":"Polygon","properties":{"id":116624,"statcode":"WK015302","statnaam":"Wijk 02 Boswinkel - Stadsveld","jrstatcode":"2010WK015302","rubriek":"wijk","FID":"wijk_gegeneraliseerd_2010.d600269b-34f5-434e-baa5-0551ad645cd5"},"id":"WK015302"},{"arcs":[[1061,-1049,-1061,1062]],"type":"Polygon","properties":{"id":116625,"statcode":"WK015303","statnaam":"Wijk 03 Twekkelerveld - T.H.T.","jrstatcode":"2010WK015303","rubriek":"wijk","FID":"wijk_gegeneraliseerd_2010.09850200-315a-4dbd-a22f-86ba39218c32"},"id":"WK015303"},{"arcs":[[-1062,1063,1064,1065,1066,-1050]],"type":"Polygon","properties":{"id":116626,"statcode":"WK015304","statnaam":"Wijk 04 Enschede-Noord","jrstatcode":"2010WK015304","rubriek":"wijk","FID":"wijk_gegeneraliseerd_2010.c4c19fd9-3275-4987-a8cb-16092c49e116"},"id":"WK015304"},{"arcs":[[-1057,-1051,-1067,1067]],"type":"Polygon","properties":{"id":116627,"statcode":"WK015305","statnaam":"Wijk 05 Ribbelt - Stokhorst","jrstatcode":"2010WK015305","rubriek":"wijk","FID":"wijk_gegeneraliseerd_2010.aa259861-0066-44f6-b4f1-bb9018698430"},"id":"WK015305"},{"arcs":[[-1058,-1055,1068]],"type":"Polygon","properties":{"id":116628,"statcode":"WK015306","statnaam":"Wijk 06 Enschede-Zuid","jrstatcode":"2010WK015306","rubriek":"wijk","FID":"wijk_gegeneraliseerd_2010.5e6bc3a3-70da-4142-8b80-6f720c17217d"},"id":"WK015306"},{"arcs":[[1069,-1064,-1063,-1060,1070]],"type":"Polygon","properties":{"id":116629,"statcode":"WK015307","statnaam":"Wijk 07 Bedrijfsterreinen Enschede-West","jrstatcode":"2010WK015307","rubriek":"wijk","FID":"wijk_gegeneraliseerd_2010.559b7739-81e1-48ea-a474-fa94574061c5"},"id":"WK015307"},{"arcs":[[1071,1072,1073,1074,-1053]],"type":"Polygon","properties":{"id":116630,"statcode":"WK015308","statnaam":"Wijk 08 Glanerbrug en omgeving","jrstatcode":"2010WK015308","rubriek":"wijk","FID":"wijk_gegeneraliseerd_2010.8e8d4ba2-112d-445b-bc12-11e8c885adf2"},"id":"WK015308"},{"arcs":[[[-1075,1075,1076,1077,1078,1079,1080,1081,-1071,-1059,-1069,-1054]],[[1082,1083,1084,1085,-1072,-1052,-1068,-1066,1086,1087,1088,1089]]],"type":"MultiPolygon","properties":{"id":116631,"statcode":"WK015309","statnaam":"Wijk 09 Landelijk gebied en kernen","jrstatcode":"2010WK015309","rubriek":"wijk","FID":"wijk_gegeneraliseerd_2010.3e135ca0-150b-45be-9e36-78ba82bda5d4"},"id":"WK015309"},{"arcs":[[1090,1091],[1092]],"type":"Polygon","properties":{"id":116632,"statcode":"WK015800","statnaam":"Wijk 00 Haaksbergen (dorp)","jrstatcode":"2010WK015800","rubriek":"wijk","FID":"wijk_gegeneraliseerd_2010.26470ce2-1e77-4113-8fe7-a852096b9ffb"},"id":"WK015800"},{"arcs":[[-1091,1093,1094,1095,-1078,1096,1097,1098,1099,1100]],"type":"Polygon","properties":{"id":116633,"statcode":"WK015801","statnaam":"Wijk 01 Haaksbergen (buitengebied)","jrstatcode":"2010WK015801","rubriek":"wijk","FID":"wijk_gegeneraliseerd_2010.67fa71b6-db5f-4189-938d-2d8ddba6bcbf"},"id":"WK015801"},{"arcs":[[1101,-1094,-1092,-1101,1102,1103,1104,1105]],"type":"Polygon","properties":{"id":116634,"statcode":"WK015802","statnaam":"Wijk 02 Sint Isidorushoeve","jrstatcode":"2010WK015802","rubriek":"wijk","FID":"wijk_gegeneraliseerd_2010.798ec6df-62a5-4e46-8245-aec637704005"},"id":"WK015802"},{"arcs":[[-1077,1106,-1097]],"type":"Polygon","properties":{"id":116635,"statcode":"WK015803","statnaam":"Wijk 03 Buurse","jrstatcode":"2010WK015803","rubriek":"wijk","FID":"wijk_gegeneraliseerd_2010.701ec665-2199-4eab-aaca-d48c79474880"},"id":"WK015803"},{"arcs":[[-1103,-1100,1107,1108]],"type":"Polygon","properties":{"id":116636,"statcode":"WK015804","statnaam":"Wijk 04 Rietmolen","jrstatcode":"2010WK015804","rubriek":"wijk","FID":"wijk_gegeneraliseerd_2010.846026e5-d053-4dd3-a3d5-644291e4e27c"},"id":"WK015804"},{"arcs":[[-1105,1109,1110,1111,1112]],"type":"Polygon","properties":{"id":116637,"statcode":"WK015805","statnaam":"Wijk 05 Hengevelde","jrstatcode":"2010WK015805","rubriek":"wijk","FID":"wijk_gegeneraliseerd_2010.155b4b09-bd44-468a-87f9-c646e8c90650"},"id":"WK015805"},{"arcs":[[1113,-1095,-1102,1114]],"type":"Polygon","properties":{"id":116638,"statcode":"WK015806","statnaam":"Wijk 06 Beckum","jrstatcode":"2010WK015806","rubriek":"wijk","FID":"wijk_gegeneraliseerd_2010.43966bb7-8cc4-4f20-91c8-a0ed7233577e"},"id":"WK015806"},{"arcs":[[-1093]],"type":"Polygon","properties":{"id":116639,"statcode":"WK015809","statnaam":"Wijk 09 Haaksbergen-kern","jrstatcode":"2010WK015809","rubriek":"wijk","FID":"wijk_gegeneraliseerd_2010.45c89bf1-0370-4fa0-86a9-561076684326"},"id":"WK015809"},{"arcs":[[1115,1116,1117,1118,1119]],"type":"Polygon","properties":{"id":116640,"statcode":"WK016000","statnaam":"Wijk 00 Hardenberg","jrstatcode":"2010WK016000","rubriek":"wijk","FID":"wijk_gegeneraliseerd_2010.e69aa57a-ac11-4ed9-b194-5e3fa87f3d47"},"id":"WK016000"},{"arcs":[[1120,1121,1122,1123,1124,-1119]],"type":"Polygon","properties":{"id":116641,"statcode":"WK016001","statnaam":"Wijk 01 Buitengebied van Hardenberg West","jrstatcode":"2010WK016001","rubriek":"wijk","FID":"wijk_gegeneraliseerd_2010.fb532ab8-ea21-4da6-a21c-6eceb7021ec8"},"id":"WK016001"},{"arcs":[[1125,-1120,-1125,1126,1127,1128]],"type":"Polygon","properties":{"id":116642,"statcode":"WK016002","statnaam":"Wijk 02 Buitengebied Hardenberg Noord","jrstatcode":"2010WK016002","rubriek":"wijk","FID":"wijk_gegeneraliseerd_2010.d11ed1cd-cf01-4bc0-a48f-0027e4c12189"},"id":"WK016002"},{"arcs":[[1129,1130,1131,-1118]],"type":"Polygon","properties":{"id":116643,"statcode":"WK016003","statnaam":"Wijk 03 Buitengebied van Hardenberg Oost","jrstatcode":"2010WK016003","rubriek":"wijk","FID":"wijk_gegeneraliseerd_2010.6d827840-bcb6-41a0-9d1a-245063b0134b"},"id":"WK016003"},{"arcs":[[1132,1133,-1122,1134,1135,1136]],"type":"Polygon","properties":{"id":116644,"statcode":"WK016004","statnaam":"Wijk 04 Zuidrand","jrstatcode":"2010WK016004","rubriek":"wijk","FID":"wijk_gegeneraliseerd_2010.d7c46048-3f1c-4e95-9bcf-9e862059b5ef"},"id":"WK016004"},{"arcs":[[-1132,1137,-1135,-1121]],"type":"Polygon","properties":{"id":116645,"statcode":"WK016005","statnaam":"Wijk 05 Bergentheim","jrstatcode":"2010WK016005","rubriek":"wijk","FID":"wijk_gegeneraliseerd_2010.e975beea-d73d-4ada-8404-36331241eabe"},"id":"WK016005"},{"arcs":[[1138,1139,1140,1141,-1129]],"type":"Polygon","properties":{"id":116646,"statcode":"WK016006","statnaam":"Wijk 06 Lutten","jrstatcode":"2010WK016006","rubriek":"wijk","FID":"wijk_gegeneraliseerd_2010.b7246ed0-4923-4e76-8b35-dd41c440c4f0"},"id":"WK016006"},{"arcs":[[-1140,1142,1143,1144,-895,-876,1145]],"type":"Polygon","properties":{"id":116647,"statcode":"WK016007","statnaam":"Wijk 07 Slagharen","jrstatcode":"2010WK016007","rubriek":"wijk","FID":"wijk_gegeneraliseerd_2010.90bcfc57-572f-4688-a20a-d6b0c57829d8"},"id":"WK016007"},{"arcs":[[-784,1146,-1130,-1117,1147]],"type":"Polygon","properties":{"id":116648,"statcode":"WK016008","statnaam":"Wijk 08 Gramsbergen","jrstatcode":"2010WK016008","rubriek":"wijk","FID":"wijk_gegeneraliseerd_2010.92f833ee-54c5-4925-af83-d91b260b2830"},"id":"WK016008"},{"arcs":[[-875,-793,-790,1148,-1141,-1146]],"type":"Polygon","properties":{"id":116649,"statcode":"WK016009","statnaam":"Wijk 09 De Krim","jrstatcode":"2010WK016009","rubriek":"wijk","FID":"wijk_gegeneraliseerd_2010.79be7b4b-0acb-4438-9826-b2442033c643"},"id":"WK016009"},{"arcs":[[-1116,-1126,-1142,-1149,-789,-785,-1148]],"type":"Polygon","properties":{"id":116650,"statcode":"WK016010","statnaam":"Wijk 10 Ane","jrstatcode":"2010WK016010","rubriek":"wijk","FID":"wijk_gegeneraliseerd_2010.5420598a-f08f-4e0c-aceb-482faf9fb6b4"},"id":"WK016010"},{"arcs":[[1149,1150,1151,-1143,-1139,-1128,1152,1153]],"type":"Polygon","properties":{"id":116651,"statcode":"WK016011","statnaam":"Wijk 11 Dedemsvaart","jrstatcode":"2010WK016011","rubriek":"wijk","FID":"wijk_gegeneraliseerd_2010.2695f74f-f850-45ff-9d64-c3a0a35f9a61"},"id":"WK016011"},{"arcs":[[-1003,1154,1155,1156,1157,1158,-1150,1159]],"type":"Polygon","properties":{"id":116652,"statcode":"WK016012","statnaam":"Wijk 12 Balkbrug","jrstatcode":"2010WK016012","rubriek":"wijk","FID":"wijk_gegeneraliseerd_2010.354e20ae-8d72-41de-be6a-31635c650143"},"id":"WK016012"},{"arcs":[[1160,1161,1162,1163,1164]],"type":"Polygon","properties":{"id":116653,"statcode":"WK016301","statnaam":"Wijk 01 Hellendoorn","jrstatcode":"2010WK016301","rubriek":"wijk","FID":"wijk_gegeneraliseerd_2010.10eb5f86-6f4b-4789-849b-86534d86ea15"},"id":"WK016301"},{"arcs":[[1165,1166,1167,1168,-1163]],"type":"Polygon","properties":{"id":116654,"statcode":"WK016302","statnaam":"Wijk 02 Nijverdal Noord","jrstatcode":"2010WK016302","rubriek":"wijk","FID":"wijk_gegeneraliseerd_2010.daaae97d-d7d7-49e3-8fdd-04e8c4e2d777"},"id":"WK016302"},{"arcs":[[-1168,1169,1170,1171,1172,1173]],"type":"Polygon","properties":{"id":116655,"statcode":"WK016303","statnaam":"Wijk 03 Nijverdal West","jrstatcode":"2010WK016303","rubriek":"wijk","FID":"wijk_gegeneraliseerd_2010.2e890fce-ef1c-4b0b-b761-c16a38a9d8bf"},"id":"WK016303"},{"arcs":[[-1167,1174,1175,1176,-1170]],"type":"Polygon","properties":{"id":116656,"statcode":"WK016304","statnaam":"Wijk 04 Nijverdal Oost","jrstatcode":"2010WK016304","rubriek":"wijk","FID":"wijk_gegeneraliseerd_2010.489687a2-2227-443c-b0fc-637840965e32"},"id":"WK016304"},{"arcs":[[1177,1178,1179,1180,-1161,1181,1182]],"type":"Polygon","properties":{"id":116657,"statcode":"WK016305","statnaam":"Wijk 05 Buitengebied Marle","jrstatcode":"2010WK016305","rubriek":"wijk","FID":"wijk_gegeneraliseerd_2010.c77a82e2-6366-4d32-9709-c38976001a07"},"id":"WK016305"},{"arcs":[[-1181,1183,1184,-1175,-1166,-1162]],"type":"Polygon","properties":{"id":116658,"statcode":"WK016306","statnaam":"Wijk 06 Kruidenwijk","jrstatcode":"2010WK016306","rubriek":"wijk","FID":"wijk_gegeneraliseerd_2010.167f7cb3-f5fb-4822-9563-5a332a6d8b03"},"id":"WK016306"},{"arcs":[[-1164,-1169,-1174,1185,1186,1187,1188,1189]],"type":"Polygon","properties":{"id":116659,"statcode":"WK016307","statnaam":"Wijk 07 Haarle","jrstatcode":"2010WK016307","rubriek":"wijk","FID":"wijk_gegeneraliseerd_2010.5d8a9cd2-a3d0-41b0-af6f-b693bcdc604a"},"id":"WK016307"},{"arcs":[[1190,1191,1192,-1179,1193,1194]],"type":"Polygon","properties":{"id":116660,"statcode":"WK016308","statnaam":"Wijk 08 Daarle","jrstatcode":"2010WK016308","rubriek":"wijk","FID":"wijk_gegeneraliseerd_2010.f3db0867-81a8-4043-8138-d1b31e56c0e6"},"id":"WK016308"},{"arcs":[[1195,1196,-1191,1197]],"type":"Polygon","properties":{"id":116661,"statcode":"WK016309","statnaam":"Wijk 09 Daarlerveen","jrstatcode":"2010WK016309","rubriek":"wijk","FID":"wijk_gegeneraliseerd_2010.5580c85b-8621-404e-9972-bb8593410d2e"},"id":"WK016309"},{"arcs":[[1198,1199,1200,1201,1202,1203]],"type":"Polygon","properties":{"id":116662,"statcode":"WK016400","statnaam":"Wijk 00 Binnenstad","jrstatcode":"2010WK016400","rubriek":"wijk","FID":"wijk_gegeneraliseerd_2010.5a490ac4-3ca0-4f05-aa58-15a45ef5a41f"},"id":"WK016400"},{"arcs":[[1204,1205,1206,-1199,1207]],"type":"Polygon","properties":{"id":116663,"statcode":"WK016401","statnaam":"Wijk 01 Hengelose Es","jrstatcode":"2010WK016401","rubriek":"wijk","FID":"wijk_gegeneraliseerd_2010.9dd678e1-e0be-48e4-8bd5-3f596463748d"},"id":"WK016401"},{"arcs":[[-1200,-1207,1208,-1088,1209,1210]],"type":"Polygon","properties":{"id":116664,"statcode":"WK016402","statnaam":"Wijk 02 Noord","jrstatcode":"2010WK016402","rubriek":"wijk","FID":"wijk_gegeneraliseerd_2010.0bb6c164-3692-4738-b995-cce4f679c466"},"id":"WK016402"},{"arcs":[[-1209,1211,1212,-1089]],"type":"Polygon","properties":{"id":116665,"statcode":"WK016403","statnaam":"Wijk 03 Hasseler Es","jrstatcode":"2010WK016403","rubriek":"wijk","FID":"wijk_gegeneraliseerd_2010.f8e4bdea-f786-437f-a9cb-32d575dfc771"},"id":"WK016403"},{"arcs":[[1213,1214,-1201,-1211]],"type":"Polygon","properties":{"id":116666,"statcode":"WK016404","statnaam":"Wijk 04 Groot Driene","jrstatcode":"2010WK016404","rubriek":"wijk","FID":"wijk_gegeneraliseerd_2010.049b1f7f-0aae-4d37-b8d4-6a5e7fd0f4ae"},"id":"WK016404"},{"arcs":[[-1202,-1215,1215,-1081,1216]],"type":"Polygon","properties":{"id":116667,"statcode":"WK016405","statnaam":"Wijk 05 Berflo Es","jrstatcode":"2010WK016405","rubriek":"wijk","FID":"wijk_gegeneraliseerd_2010.985e5140-5197-4d13-9cba-3a8df547cb69"},"id":"WK016405"},{"arcs":[[-1080,1217,1218,1219,-1203,-1217]],"type":"Polygon","properties":{"id":116668,"statcode":"WK016406","statnaam":"Wijk 06 Wilderinkshoek","jrstatcode":"2010WK016406","rubriek":"wijk","FID":"wijk_gegeneraliseerd_2010.9c4fa740-a18d-47f4-bb7a-d10d28611632"},"id":"WK016406"},{"arcs":[[-1204,-1220,1220,1221,-966,-972,1222,1223,-1208]],"type":"Polygon","properties":{"id":116669,"statcode":"WK016407","statnaam":"Wijk 07 Woolde","jrstatcode":"2010WK016407","rubriek":"wijk","FID":"wijk_gegeneraliseerd_2010.a49cfa07-0ef3-4374-a6e0-c6d2d710757f"},"id":"WK016407"},{"arcs":[[1224,-969,1225,1226,-1212,-1206,1227,-1223,-971]],"type":"Polygon","properties":{"id":116670,"statcode":"WK016408","statnaam":"Wijk 08 Slangenbeek","jrstatcode":"2010WK016408","rubriek":"wijk","FID":"wijk_gegeneraliseerd_2010.c12fa9a1-0922-4a63-8044-732b9e5f1285"},"id":"WK016408"},{"arcs":[[[1228,-1218,-1079,-1096,-1114,1229,1230]],[[-1210,-1087,-1065,-1070,-1082,-1216,-1214]],[[-1222,1231,-967]],[[-1205,-1224,-1228]],[[-1226,-976,1232]]],"type":"MultiPolygon","properties":{"id":116671,"statcode":"WK016409","statnaam":"Wijk 09 Buitengebied","jrstatcode":"2010WK016409","rubriek":"wijk","FID":"wijk_gegeneraliseerd_2010.d6dc6028-de8a-4b86-b5ce-d0e8fb767652"},"id":"WK016409"},{"arcs":[[1233,1234,1235,1236,1237,1238,1239,1240,1241,1242,1243]],"type":"Polygon","properties":{"id":116672,"statcode":"WK016600","statnaam":"Wijk 00 Kampen","jrstatcode":"2010WK016600","rubriek":"wijk","FID":"wijk_gegeneraliseerd_2010.49083de9-6a7c-4215-a1de-7daecb1d21ce"},"id":"WK016600"},{"arcs":[[1244,1245,-1240,1246,1247,1248]],"type":"Polygon","properties":{"id":116673,"statcode":"WK016603","statnaam":"Wijk 03 IJsselmuiden","jrstatcode":"2010WK016603","rubriek":"wijk","FID":"wijk_gegeneraliseerd_2010.443b2d5d-6be9-4dd4-a076-008ddecfafb8"},"id":"WK016603"},{"arcs":[[1249,1250,1251,1252,1253,1254]],"type":"Polygon","properties":{"id":116674,"statcode":"WK016604","statnaam":"Wijk 04 Zalk","jrstatcode":"2010WK016604","rubriek":"wijk","FID":"wijk_gegeneraliseerd_2010.529d6660-fdae-4a1a-8fb8-92fa88f70f73"},"id":"WK016604"},{"arcs":[[1255,-1254,1256,-1241,-1246]],"type":"Polygon","properties":{"id":116675,"statcode":"WK016605","statnaam":"Wijk 05 Wilsum","jrstatcode":"2010WK016605","rubriek":"wijk","FID":"wijk_gegeneraliseerd_2010.bb393b62-c858-4098-b0bf-e5a6eee362dc"},"id":"WK016605"},{"arcs":[[-1247,-1239,1257]],"type":"Polygon","properties":{"id":116676,"statcode":"WK016606","statnaam":"Wijk 06 Grafhorst","jrstatcode":"2010WK016606","rubriek":"wijk","FID":"wijk_gegeneraliseerd_2010.c0d64da7-725e-4690-a162-73edf421f143"},"id":"WK016606"},{"arcs":[[-1257,-1253,1258,1259,-1242]],"type":"Polygon","properties":{"id":116677,"statcode":"WK016607","statnaam":"Wijk 07 Kamperveen","jrstatcode":"2010WK016607","rubriek":"wijk","FID":"wijk_gegeneraliseerd_2010.b5643ea2-5f97-4ce4-95ba-9dac6e1ed24c"},"id":"WK016607"},{"arcs":[[1260,-1255,-1256,-1245,1261,1262]],"type":"Polygon","properties":{"id":116678,"statcode":"WK016608","statnaam":"Wijk 08 's-Heerenhoek","jrstatcode":"2010WK016608","rubriek":"wijk","FID":"wijk_gegeneraliseerd_2010.279830d3-5b6a-412a-bf65-fec674116c3f"},"id":"WK016608"},{"arcs":[[1263,1264,-1262,-1249,1265]],"type":"Polygon","properties":{"id":116679,"statcode":"WK016609","statnaam":"Wijk 09 Verspreide huizen","jrstatcode":"2010WK016609","rubriek":"wijk","FID":"wijk_gegeneraliseerd_2010.7478b729-05bf-4056-a1a0-0e15f6830ab5"},"id":"WK016609"},{"arcs":[[1266,-1085,1267,1268,1269]],"type":"Polygon","properties":{"id":116680,"statcode":"WK016800","statnaam":"Wijk 00 Losser","jrstatcode":"2010WK016800","rubriek":"wijk","FID":"wijk_gegeneraliseerd_2010.3a149c79-bdc4-40c7-aa16-02544b18e3cc"},"id":"WK016800"},{"arcs":[[1270,-1073,-1086,-1267,1271]],"type":"Polygon","properties":{"id":116681,"statcode":"WK016801","statnaam":"Wijk 01 Glane","jrstatcode":"2010WK016801","rubriek":"wijk","FID":"wijk_gegeneraliseerd_2010.de2032f6-830a-4ead-8a9f-9fcc438b8b84"},"id":"WK016801"},{"arcs":[[1272,-1272,-1270]],"type":"Polygon","properties":{"id":116682,"statcode":"WK016802","statnaam":"Wijk 02 Overdinkel","jrstatcode":"2010WK016802","rubriek":"wijk","FID":"wijk_gegeneraliseerd_2010.cda51146-d5e8-406f-ba95-2b132b9d6720"},"id":"WK016802"},{"arcs":[[1273,1274,-1268,-1084,1275,1276]],"type":"Polygon","properties":{"id":116683,"statcode":"WK016803","statnaam":"Wijk 03 De Lutte","jrstatcode":"2010WK016803","rubriek":"wijk","FID":"wijk_gegeneraliseerd_2010.4a67fdd0-93d7-4b07-a9e6-a67e158b8f54"},"id":"WK016803"},{"arcs":[[1277,-1274,1278,1279]],"type":"Polygon","properties":{"id":116684,"statcode":"WK016804","statnaam":"Wijk 04 Beuningen","jrstatcode":"2010WK016804","rubriek":"wijk","FID":"wijk_gegeneraliseerd_2010.9b42ede7-2efb-423a-a4e8-b8fae4bfa55e"},"id":"WK016804"},{"arcs":[[1280,1281,1282,1283,1284,1285,1286,1287]],"type":"Polygon","properties":{"id":116685,"statcode":"WK017100","statnaam":"Wijk 00 Emmeloord","jrstatcode":"2010WK017100","rubriek":"wijk","FID":"wijk_gegeneraliseerd_2010.a9000d51-a88d-4f24-9a1a-015e72bc840c"},"id":"WK017100"},{"arcs":[[1288,1289,1290,-1283,1291]],"type":"Polygon","properties":{"id":116686,"statcode":"WK017101","statnaam":"Wijk 01 Luttelgeest","jrstatcode":"2010WK017101","rubriek":"wijk","FID":"wijk_gegeneraliseerd_2010.34804c7f-d36b-46a0-ae7f-d93288cf1166"},"id":"WK017101"},{"arcs":[[1292,1293,1294,1295,1296,-1284,-1291]],"type":"Polygon","properties":{"id":116687,"statcode":"WK017102","statnaam":"Wijk 02 Marknesse","jrstatcode":"2010WK017102","rubriek":"wijk","FID":"wijk_gegeneraliseerd_2010.7ec385c4-fa98-4d10-8f63-8412d04f80b0"},"id":"WK017102"},{"arcs":[[-1296,1297,1298,1299,1300]],"type":"Polygon","properties":{"id":116688,"statcode":"WK017103","statnaam":"Wijk 03 Kraggenburg","jrstatcode":"2010WK017103","rubriek":"wijk","FID":"wijk_gegeneraliseerd_2010.2cf40c82-d95e-44f4-8c78-b6d8c97c87a9"},"id":"WK017103"},{"arcs":[[[-1285,-1297,-1301,1301,1302]],[[-1235,1303]]],"type":"MultiPolygon","properties":{"id":116689,"statcode":"WK017104","statnaam":"Wijk 04 Ens","jrstatcode":"2010WK017104","rubriek":"wijk","FID":"wijk_gegeneraliseerd_2010.5914d7ce-cfb0-4ca1-8393-b0ec4ff4eafe"},"id":"WK017104"},{"arcs":[[-1286,-1303,1304,1305,1306,1307]],"type":"Polygon","properties":{"id":116690,"statcode":"WK017105","statnaam":"Wijk 05 Nagele","jrstatcode":"2010WK017105","rubriek":"wijk","FID":"wijk_gegeneraliseerd_2010.b437bb00-af9e-443d-ab02-de35055c1675"},"id":"WK017105"},{"arcs":[[1308,-1287,-1308,1309,1310,1311]],"type":"Polygon","properties":{"id":116691,"statcode":"WK017106","statnaam":"Wijk 06 Tollebeek","jrstatcode":"2010WK017106","rubriek":"wijk","FID":"wijk_gegeneraliseerd_2010.66990ecc-8f32-4ed0-b18f-f0ead4cc39d4"},"id":"WK017106"},{"arcs":[[1312,-1288,-1309,1313]],"type":"Polygon","properties":{"id":116692,"statcode":"WK017107","statnaam":"Wijk 07 Espel","jrstatcode":"2010WK017107","rubriek":"wijk","FID":"wijk_gegeneraliseerd_2010.5de4ee23-68e0-4fca-823c-0042711b9ea5"},"id":"WK017107"},{"arcs":[[-625,1314,-1281,-1313,1315,-620]],"type":"Polygon","properties":{"id":116693,"statcode":"WK017108","statnaam":"Wijk 08 Rutten-Creil","jrstatcode":"2010WK017108","rubriek":"wijk","FID":"wijk_gegeneraliseerd_2010.05694b03-9367-4f07-a04a-86ed89587168"},"id":"WK017108"},{"arcs":[[-624,1316,-1292,-1282,-1315]],"type":"Polygon","properties":{"id":116694,"statcode":"WK017109","statnaam":"Wijk 09 Bant","jrstatcode":"2010WK017109","rubriek":"wijk","FID":"wijk_gegeneraliseerd_2010.e15023f5-4c0b-46e2-8aed-818d542e34a1"},"id":"WK017109"},{"arcs":[[-1083,1317,1318,1319,-1276]],"type":"Polygon","properties":{"id":116695,"statcode":"WK017300","statnaam":"Wijk 00 Oldenzaal","jrstatcode":"2010WK017300","rubriek":"wijk","FID":"wijk_gegeneraliseerd_2010.e59bc576-c4bf-489d-b181-e689c5dc2f8a"},"id":"WK017300"},{"arcs":[[1320,1321]],"type":"Polygon","properties":{"id":116696,"statcode":"WK017500","statnaam":"Wijk 00 Ommen (kern)","jrstatcode":"2010WK017500","rubriek":"wijk","FID":"wijk_gegeneraliseerd_2010.cb1e7613-0ffa-4e54-b32b-92f65b768aeb"},"id":"WK017500"},{"arcs":[[1322,-1153,-1127,-1124,1323,1324,1325,1326,-1322,1327,-989]],"type":"Polygon","properties":{"id":116697,"statcode":"WK017501","statnaam":"Wijk 01 Ommen (buitengebied)","jrstatcode":"2010WK017501","rubriek":"wijk","FID":"wijk_gegeneraliseerd_2010.755bd1f2-79ad-4fa7-835c-861f8d08ae89"},"id":"WK017501"},{"arcs":[[-1328,-1321,-1327,1328,-978,-990]],"type":"Polygon","properties":{"id":116698,"statcode":"WK017502","statnaam":"Wijk 02 Vilsteren","jrstatcode":"2010WK017502","rubriek":"wijk","FID":"wijk_gegeneraliseerd_2010.c4cbba3b-fdbd-4475-9615-a72cb2a05249"},"id":"WK017502"},{"arcs":[[-1329,-1326,1329,-1183,1330,-1002,-979]],"type":"Polygon","properties":{"id":116699,"statcode":"WK017503","statnaam":"Wijk 03 Lemele en Lemelerveld","jrstatcode":"2010WK017503","rubriek":"wijk","FID":"wijk_gegeneraliseerd_2010.c7d01d8f-4c5c-4046-bb7d-24b6b4799180"},"id":"WK017503"},{"arcs":[[-1123,-1134,1331,1332,-1324]],"type":"Polygon","properties":{"id":116700,"statcode":"WK017504","statnaam":"Wijk 04 Beerze en Beerzerveld","jrstatcode":"2010WK017504","rubriek":"wijk","FID":"wijk_gegeneraliseerd_2010.4e98929d-19ca-45b5-86d7-0911c2747849"},"id":"WK017504"},{"arcs":[[-1154,-1323,-988,-1004,-1160]],"type":"Polygon","properties":{"id":116701,"statcode":"WK017506","statnaam":"Wijk 06 Vinkenbuurt","jrstatcode":"2010WK017506","rubriek":"wijk","FID":"wijk_gegeneraliseerd_2010.b644680e-76de-47e7-979c-182f8f35f400"},"id":"WK017506"},{"arcs":[[1333,1334]],"type":"Polygon","properties":{"id":116702,"statcode":"WK017700","statnaam":"Wijk 00 Raalte-Kern","jrstatcode":"2010WK017700","rubriek":"wijk","FID":"wijk_gegeneraliseerd_2010.de17ed9a-8491-4315-86c3-0f134ca3c567"},"id":"WK017700"},{"arcs":[[1335,1336,1337,1338,1339,-1000,1340,1341,-1335]],"type":"Polygon","properties":{"id":116703,"statcode":"WK017701","statnaam":"Wijk 01 Raalte-overig en buitengebied","jrstatcode":"2010WK017701","rubriek":"wijk","FID":"wijk_gegeneraliseerd_2010.a99f681f-520e-4915-aef4-afda138a0704"},"id":"WK017701"},{"arcs":[[1342,-1188,1343,-1038,1344,1345,-1337]],"type":"Polygon","properties":{"id":116704,"statcode":"WK017702","statnaam":"Wijk 02 Heeten","jrstatcode":"2010WK017702","rubriek":"wijk","FID":"wijk_gegeneraliseerd_2010.3936571a-8cc5-4c55-92bb-94b2d8c0a309"},"id":"WK017702"},{"arcs":[[-1165,-1190,1346,-1341,-999,-1331,-1182]],"type":"Polygon","properties":{"id":116705,"statcode":"WK017703","statnaam":"Wijk 03 Luttenberg","jrstatcode":"2010WK017703","rubriek":"wijk","FID":"wijk_gegeneraliseerd_2010.98c97c4a-3d63-461d-8b15-c81cc2288095"},"id":"WK017703"},{"arcs":[[1347,1348,-1338,-1346,1349]],"type":"Polygon","properties":{"id":116706,"statcode":"WK017704","statnaam":"Wijk 04 Broekland","jrstatcode":"2010WK017704","rubriek":"wijk","FID":"wijk_gegeneraliseerd_2010.ca2da2c9-f8b5-4667-af64-1223b4b687b6"},"id":"WK017704"},{"arcs":[[-1342,-1347,-1189,-1343,-1336,-1334]],"type":"Polygon","properties":{"id":116707,"statcode":"WK017705","statnaam":"Wijk 05 Mariënheem","jrstatcode":"2010WK017705","rubriek":"wijk","FID":"wijk_gegeneraliseerd_2010.e49a2440-454c-4f94-8bbe-2c2e733b5547"},"id":"WK017705"},{"arcs":[[1350,-1039,-1344,-1187]],"type":"Polygon","properties":{"id":116708,"statcode":"WK017706","statnaam":"Wijk 06 Nieuw Heeten","jrstatcode":"2010WK017706","rubriek":"wijk","FID":"wijk_gegeneraliseerd_2010.f43975fe-5d81-449c-a628-3783d48053ef"},"id":"WK017706"},{"arcs":[[1351,-992,-998,-1001,-1340,1352,1353]],"type":"Polygon","properties":{"id":116709,"statcode":"WK017708","statnaam":"Wijk 08 Heino","jrstatcode":"2010WK017708","rubriek":"wijk","FID":"wijk_gegeneraliseerd_2010.78054f12-fed9-4ce8-99f5-141e071bc1e7"},"id":"WK017708"},{"arcs":[[1354,1355,-996,-1352,1356]],"type":"Polygon","properties":{"id":116710,"statcode":"WK017709","statnaam":"Wijk 09 Laag Zuthem","jrstatcode":"2010WK017709","rubriek":"wijk","FID":"wijk_gegeneraliseerd_2010.27062c98-f355-4595-8a11-a5a19086895d"},"id":"WK017709"},{"arcs":[[-1354,1357,1358,-1357]],"type":"Polygon","properties":{"id":116711,"statcode":"WK017710","statnaam":"Wijk 10 Lierderholthuis","jrstatcode":"2010WK017710","rubriek":"wijk","FID":"wijk_gegeneraliseerd_2010.61541e6a-7bb4-4b21-94b7-66219b5fef20"},"id":"WK017710"},{"arcs":[[1359,1360,1361]],"type":"Polygon","properties":{"id":116712,"statcode":"WK018000","statnaam":"Wijk 00 Staphorst (kern)","jrstatcode":"2010WK018000","rubriek":"wijk","FID":"wijk_gegeneraliseerd_2010.129e0b7f-6cdd-4ccb-879e-507ac3bb43e8"},"id":"WK018000"},{"arcs":[[1362,1363,1364,-1360,1365,1366]],"type":"Polygon","properties":{"id":116713,"statcode":"WK018001","statnaam":"Wijk 01 Rouveen (kern)","jrstatcode":"2010WK018001","rubriek":"wijk","FID":"wijk_gegeneraliseerd_2010.9d6d4d4c-4dba-46ae-b833-acdb2dfd561a"},"id":"WK018001"},{"arcs":[[[1367,-1361,-1365,1368,1369,1370]],[[-1006,1371,-1367,1372,1373]]],"type":"MultiPolygon","properties":{"id":116714,"statcode":"WK018002","statnaam":"Wijk 02 Rouveen (buitengebied)","jrstatcode":"2010WK018002","rubriek":"wijk","FID":"wijk_gegeneraliseerd_2010.84abf11f-4eb0-4e2b-b0a7-94b83d4ed3cd"},"id":"WK018002"},{"arcs":[[-1362,-1368,1374,1375,-901,1376,1377,1378,-1373,-1366]],"type":"Polygon","properties":{"id":116715,"statcode":"WK018003","statnaam":"Wijk 03 Staphorst (buitengebied)","jrstatcode":"2010WK018003","rubriek":"wijk","FID":"wijk_gegeneraliseerd_2010.1f334700-fff1-42af-83a4-9d5cf429d888"},"id":"WK018003"},{"arcs":[[-1156,1379,-1378,1380,1381]],"type":"Polygon","properties":{"id":116716,"statcode":"WK018004","statnaam":"Wijk 04 Ijhorst","jrstatcode":"2010WK018004","rubriek":"wijk","FID":"wijk_gegeneraliseerd_2010.94799727-dc47-44ce-88c0-720a74c5a5e0"},"id":"WK018004"},{"arcs":[[-1379,-1380,-1155,-1007,-1374]],"type":"Polygon","properties":{"id":116717,"statcode":"WK018005","statnaam":"Wijk 05 Punthorst","jrstatcode":"2010WK018005","rubriek":"wijk","FID":"wijk_gegeneraliseerd_2010.80cbe55c-b1ae-494c-ad29-35399588b2f5"},"id":"WK018005"},{"arcs":[[-909,-1381,-1377,-900]],"type":"Polygon","properties":{"id":116718,"statcode":"WK018006","statnaam":"Wijk 06 Lankhorst","jrstatcode":"2010WK018006","rubriek":"wijk","FID":"wijk_gegeneraliseerd_2010.e2f31202-8831-4127-9e57-513cfe92ced1"},"id":"WK018006"},{"arcs":[[-1370,1382,1383,1384]],"type":"Polygon","properties":{"id":116719,"statcode":"WK018007","statnaam":"Wijk 07 Klooster","jrstatcode":"2010WK018007","rubriek":"wijk","FID":"wijk_gegeneraliseerd_2010.2836a3a0-cd1c-4f22-b943-c2581bdb0839"},"id":"WK018007"},{"arcs":[[1385,1386,1387,1388,1389,1390,1391,1392]],"type":"Polygon","properties":{"id":116720,"statcode":"WK018300","statnaam":"Wijk 00 Tubbergen","jrstatcode":"2010WK018300","rubriek":"wijk","FID":"wijk_gegeneraliseerd_2010.b99877ab-bd72-4ba0-9b10-5d26af8c7768"},"id":"WK018300"},{"arcs":[[-1388,1393,1394,-973,-950,1395]],"type":"Polygon","properties":{"id":116721,"statcode":"WK018301","statnaam":"Wijk 01 Albergen","jrstatcode":"2010WK018301","rubriek":"wijk","FID":"wijk_gegeneraliseerd_2010.987d74e3-d3a8-435c-b04a-9001a1e76653"},"id":"WK018301"},{"arcs":[[1396,-1389,-1396,-949,-939]],"type":"Polygon","properties":{"id":116722,"statcode":"WK018302","statnaam":"Wijk 02 Harbrinkhoek","jrstatcode":"2010WK018302","rubriek":"wijk","FID":"wijk_gegeneraliseerd_2010.f836757c-44fe-40ca-8767-a86790cf5a5f"},"id":"WK018302"},{"arcs":[[1397,1398,-1390,-1397,1399,1400,1401]],"type":"Polygon","properties":{"id":116723,"statcode":"WK018303","statnaam":"Wijk 03 Geesteren","jrstatcode":"2010WK018303","rubriek":"wijk","FID":"wijk_gegeneraliseerd_2010.1237f3d0-c291-48b9-9061-b7606a03c932"},"id":"WK018303"},{"arcs":[[1402,-1391,-1399,1403]],"type":"Polygon","properties":{"id":116724,"statcode":"WK018304","statnaam":"Wijk 04 Langeveen","jrstatcode":"2010WK018304","rubriek":"wijk","FID":"wijk_gegeneraliseerd_2010.422738c1-e7bf-4aa6-aa14-e2bc81eb00be"},"id":"WK018304"},{"arcs":[[1404,-1393,1405,1406,1407,1408]],"type":"Polygon","properties":{"id":116725,"statcode":"WK018305","statnaam":"Wijk 05 Vasse","jrstatcode":"2010WK018305","rubriek":"wijk","FID":"wijk_gegeneraliseerd_2010.e947b476-de36-4127-aa67-05212e9a2f08"},"id":"WK018305"},{"arcs":[[1409,1410,1411,-1386,-1405]],"type":"Polygon","properties":{"id":116726,"statcode":"WK018306","statnaam":"Wijk 06 Reutum","jrstatcode":"2010WK018306","rubriek":"wijk","FID":"wijk_gegeneraliseerd_2010.ab88112f-35a3-4993-b075-cdd06b1e4318"},"id":"WK018306"},{"arcs":[[-1387,-1412,1412,1413,-1394]],"type":"Polygon","properties":{"id":116727,"statcode":"WK018307","statnaam":"Wijk 07 Fleringen","jrstatcode":"2010WK018307","rubriek":"wijk","FID":"wijk_gegeneraliseerd_2010.4875aef5-34e2-4e5e-9e68-e0b32d8d1561"},"id":"WK018307"},{"arcs":[[-1311,1414]],"type":"Polygon","properties":{"id":116728,"statcode":"WK018400","statnaam":"Wijk 00 Urk","jrstatcode":"2010WK018400","rubriek":"wijk","FID":"wijk_gegeneraliseerd_2010.dbe40b83-26bb-443b-b06d-333419784293"},"id":"WK018400"},{"arcs":[[-958,-945,1415]],"type":"Polygon","properties":{"id":116729,"statcode":"WK018900","statnaam":"Wijk 00 Wierden (kern)","jrstatcode":"2010WK018900","rubriek":"wijk","FID":"wijk_gegeneraliseerd_2010.dde00de9-04f2-403b-8c3c-ccbae9354046"},"id":"WK018900"},{"arcs":[[-944,-955,1416,1417,-1176,-1185,1418,1419,-959,-1416]],"type":"Polygon","properties":{"id":116730,"statcode":"WK018901","statnaam":"Wijk 01 Landelijk gebied Wierden","jrstatcode":"2010WK018901","rubriek":"wijk","FID":"wijk_gegeneraliseerd_2010.8f6d4092-26cb-4d8c-8db6-451e0e686a23"},"id":"WK018901"},{"arcs":[[1420,1421,-1419,-1184,-1180,-1193]],"type":"Polygon","properties":{"id":116731,"statcode":"WK018902","statnaam":"Wijk 02 Hooge-Hexel","jrstatcode":"2010WK018902","rubriek":"wijk","FID":"wijk_gegeneraliseerd_2010.293c22ac-fbbb-4914-8219-88e5a1f3132a"},"id":"WK018902"},{"arcs":[[1422]],"type":"Polygon","properties":{"id":116732,"statcode":"WK018903","statnaam":"Wijk 03 Enter (kern)","jrstatcode":"2010WK018903","rubriek":"wijk","FID":"wijk_gegeneraliseerd_2010.996bda59-0b52-4754-b1d7-159a1f453b53"},"id":"WK018903"},{"arcs":[[1423,-1417,-954,-964,1424,1425,1426,1427],[-1423]],"type":"Polygon","properties":{"id":116733,"statcode":"WK018904","statnaam":"Wijk 04 Landelijk gebied Enter","jrstatcode":"2010WK018904","rubriek":"wijk","FID":"wijk_gegeneraliseerd_2010.f7fabebb-8f5f-44bb-ba95-ee8b43d97fc0"},"id":"WK018904"},{"arcs":[[-1424,1428,1429,1430,1431,-1171,-1177,-1418]],"type":"Polygon","properties":{"id":116734,"statcode":"WK018905","statnaam":"Wijk 05 Rectum - Notter - Zuna","jrstatcode":"2010WK018905","rubriek":"wijk","FID":"wijk_gegeneraliseerd_2010.b5d21478-62e0-4f9f-bbb0-6f964982db66"},"id":"WK018905"},{"arcs":[[1432,1433,1434]],"type":"Polygon","properties":{"id":116735,"statcode":"WK019310","statnaam":"Wijk 10 Binnenstad","jrstatcode":"2010WK019310","rubriek":"wijk","FID":"wijk_gegeneraliseerd_2010.7b814383-d4d0-4b14-9437-36cbab74f54d"},"id":"WK019310"},{"arcs":[[1435,-1433,1436,1437,1438,1439,1440]],"type":"Polygon","properties":{"id":116736,"statcode":"WK019311","statnaam":"Wijk 11 Diezerpoort","jrstatcode":"2010WK019311","rubriek":"wijk","FID":"wijk_gegeneraliseerd_2010.2faabeba-352a-46cd-a72b-bbda357c0971"},"id":"WK019311"},{"arcs":[[1441,1442,1443,-1441]],"type":"Polygon","properties":{"id":116737,"statcode":"WK019312","statnaam":"Wijk 12 Wipstrik","jrstatcode":"2010WK019312","rubriek":"wijk","FID":"wijk_gegeneraliseerd_2010.faeb15df-0fe7-4802-a634-655d4e4f0d9c"},"id":"WK019312"},{"arcs":[[1444,1445,1446,-1434,-1436,-1444]],"type":"Polygon","properties":{"id":116738,"statcode":"WK019313","statnaam":"Wijk 13 Assendorp","jrstatcode":"2010WK019313","rubriek":"wijk","FID":"wijk_gegeneraliseerd_2010.5a70c213-c143-4721-8220-aed540e84233"},"id":"WK019313"},{"arcs":[[-1437,-1435,-1447,1447,1448]],"type":"Polygon","properties":{"id":116739,"statcode":"WK019314","statnaam":"Wijk 14 Kamperpoort-Veerallee","jrstatcode":"2010WK019314","rubriek":"wijk","FID":"wijk_gegeneraliseerd_2010.4cf6e3eb-15d4-4d50-b7cf-e171595d1302"},"id":"WK019314"},{"arcs":[[1449,-1449,1450,1451,1452,1453]],"type":"Polygon","properties":{"id":116740,"statcode":"WK019320","statnaam":"Wijk 20 Poort van Zwolle","jrstatcode":"2010WK019320","rubriek":"wijk","FID":"wijk_gegeneraliseerd_2010.6fdcb607-58d1-470d-9767-19ad3834987a"},"id":"WK019320"},{"arcs":[[-1453,1454,-1250,-1261,1455]],"type":"Polygon","properties":{"id":116741,"statcode":"WK019321","statnaam":"Wijk 21 Westenholte","jrstatcode":"2010WK019321","rubriek":"wijk","FID":"wijk_gegeneraliseerd_2010.ddafa7e0-7e0a-4851-82a0-0ba4f0122e50"},"id":"WK019321"},{"arcs":[[-1454,-1456,-1263,-1265,1456,1457,1458]],"type":"Polygon","properties":{"id":116742,"statcode":"WK019322","statnaam":"Wijk 22 Stadshagen","jrstatcode":"2010WK019322","rubriek":"wijk","FID":"wijk_gegeneraliseerd_2010.069dfc3c-47c7-43a0-8cf8-257a2730b839"},"id":"WK019322"},{"arcs":[[1459,-1438,-1450,-1459,1460]],"type":"Polygon","properties":{"id":116743,"statcode":"WK019330","statnaam":"Wijk 30 Holtenbroek","jrstatcode":"2010WK019330","rubriek":"wijk","FID":"wijk_gegeneraliseerd_2010.89ef5f18-9cf3-4b03-8f14-109dce35f4e6"},"id":"WK019330"},{"arcs":[[-1439,-1460,1461]],"type":"Polygon","properties":{"id":116744,"statcode":"WK019331","statnaam":"Wijk 31 Aalanden","jrstatcode":"2010WK019331","rubriek":"wijk","FID":"wijk_gegeneraliseerd_2010.db57aee7-dd2c-496e-a8b2-baed6d9ca488"},"id":"WK019331"},{"arcs":[[1462,-1383,-1369,-1364,1463,-1462,-1461,-1458]],"type":"Polygon","properties":{"id":116745,"statcode":"WK019332","statnaam":"Wijk 32 Vechtlanden","jrstatcode":"2010WK019332","rubriek":"wijk","FID":"wijk_gegeneraliseerd_2010.8c13e79f-521b-4a97-b256-be389dcc7602"},"id":"WK019332"},{"arcs":[[-1442,-1440,-1464,-1363,-1372,-1005,-984,1464]],"type":"Polygon","properties":{"id":116746,"statcode":"WK019340","statnaam":"Wijk 40 Berkum","jrstatcode":"2010WK019340","rubriek":"wijk","FID":"wijk_gegeneraliseerd_2010.b1b356e5-6ea4-42f4-bc78-3ad303dda8b5"},"id":"WK019340"},{"arcs":[[-994,-995,-1356,1465,1466,-1445,-1443,-1465,-983]],"type":"Polygon","properties":{"id":116747,"statcode":"WK019341","statnaam":"Wijk 41 Marsweteringlanden","jrstatcode":"2010WK019341","rubriek":"wijk","FID":"wijk_gegeneraliseerd_2010.59c32938-4374-4a64-9836-51a64082155b"},"id":"WK019341"},{"arcs":[[1467,1468,1469,1470,-1451,-1448,-1446]],"type":"Polygon","properties":{"id":116748,"statcode":"WK019350","statnaam":"Wijk 50 Schelle","jrstatcode":"2010WK019350","rubriek":"wijk","FID":"wijk_gegeneraliseerd_2010.b16e932c-dfa8-4a7c-8434-4fa2af0d4b70"},"id":"WK019350"},{"arcs":[[1471,-1468,-1467]],"type":"Polygon","properties":{"id":116749,"statcode":"WK019351","statnaam":"Wijk 51 Ittersum","jrstatcode":"2010WK019351","rubriek":"wijk","FID":"wijk_gegeneraliseerd_2010.33e33abd-d027-4fc2-93b7-9f326bbf67a3"},"id":"WK019351"},{"arcs":[[1472,1473,-1469,-1472,-1466,-1355,-1359,1474,1475]],"type":"Polygon","properties":{"id":116750,"statcode":"WK019352","statnaam":"Wijk 52 Soestweteringlanden","jrstatcode":"2010WK019352","rubriek":"wijk","FID":"wijk_gegeneraliseerd_2010.6973853e-142b-4788-b85a-b829a98140ec"},"id":"WK019352"},{"arcs":[[1476,1477,1478,1479,1480,1481]],"type":"Polygon","properties":{"id":116751,"statcode":"WK019600","statnaam":"Wijk 00 Herwen en Aerdt","jrstatcode":"2010WK019600","rubriek":"wijk","FID":"wijk_gegeneraliseerd_2010.c9991286-a56c-4b9f-bea4-2d38bbc6818a"},"id":"WK019600"},{"arcs":[[-1478,1482,1483,1484]],"type":"Polygon","properties":{"id":116752,"statcode":"WK019601","statnaam":"Wijk 01 Pannerden","jrstatcode":"2010WK019601","rubriek":"wijk","FID":"wijk_gegeneraliseerd_2010.3b2a2f00-3062-4b1e-b57a-b37536cb6b13"},"id":"WK019601"},{"arcs":[[1485,1486,1487,1488,1489,1490,1491,1492,1493,1494]],"type":"Polygon","properties":{"id":116753,"statcode":"WK019701","statnaam":"Wijk 01 Buitengebied Aalten","jrstatcode":"2010WK019701","rubriek":"wijk","FID":"wijk_gegeneraliseerd_2010.0e86ed06-84f6-4c2f-b7d1-2e352139c23c"},"id":"WK019701"},{"arcs":[[1495,-1486,1496,-1494,1497]],"type":"Polygon","properties":{"id":116754,"statcode":"WK019702","statnaam":"Wijk 02 Bredevoort","jrstatcode":"2010WK019702","rubriek":"wijk","FID":"wijk_gegeneraliseerd_2010.4ad9afdc-45d3-42c7-bc34-36db433b92b9"},"id":"WK019702"},{"arcs":[[-1497,-1495]],"type":"Polygon","properties":{"id":116755,"statcode":"WK019703","statnaam":"Wijk 03 Aalten Kern","jrstatcode":"2010WK019703","rubriek":"wijk","FID":"wijk_gegeneraliseerd_2010.55eaa3ab-e8ee-49a9-a837-7ab4a5339c20"},"id":"WK019703"},{"arcs":[[1498,1499,-1489]],"type":"Polygon","properties":{"id":116756,"statcode":"WK019704","statnaam":"Wijk 04 Dinxperlo","jrstatcode":"2010WK019704","rubriek":"wijk","FID":"wijk_gegeneraliseerd_2010.b9e15052-3f29-482d-b3b1-f41a9f2469dc"},"id":"WK019704"},{"arcs":[[1500,1501,1502,1503,1504]],"type":"Polygon","properties":{"id":116757,"statcode":"WK020001","statnaam":"Wijk 01 Apeldoorn Centrum","jrstatcode":"2010WK020001","rubriek":"wijk","FID":"wijk_gegeneraliseerd_2010.61814962-81c4-4285-9d73-07c0a9967c19"},"id":"WK020001"},{"arcs":[[1505,1506,1507,1508,1509,-1505]],"type":"Polygon","properties":{"id":116758,"statcode":"WK020002","statnaam":"Wijk 02 Apeldoorn West","jrstatcode":"2010WK020002","rubriek":"wijk","FID":"wijk_gegeneraliseerd_2010.e9b30413-7776-4bdd-8132-15421ecdab02"},"id":"WK020002"},{"arcs":[[-1506,1510,1511,1512]],"type":"Polygon","properties":{"id":116759,"statcode":"WK020003","statnaam":"Wijk 03 Apeldoorn Zuidwest","jrstatcode":"2010WK020003","rubriek":"wijk","FID":"wijk_gegeneraliseerd_2010.e6d334ed-c7bb-4de5-9807-fee9867387e1"},"id":"WK020003"},{"arcs":[[1513,1514,-1511,-1504,1515]],"type":"Polygon","properties":{"id":116760,"statcode":"WK020004","statnaam":"Wijk 04 Apeldoorn Zuid","jrstatcode":"2010WK020004","rubriek":"wijk","FID":"wijk_gegeneraliseerd_2010.60129923-741f-455f-9066-94dbc681c492"},"id":"WK020004"},{"arcs":[[1516,-1516,1517]],"type":"Polygon","properties":{"id":116761,"statcode":"WK020005","statnaam":"Wijk 05 Apeldoorn Zuidoost","jrstatcode":"2010WK020005","rubriek":"wijk","FID":"wijk_gegeneraliseerd_2010.a56a14c5-29cf-4ce8-a2c0-e874d4ebc7ce"},"id":"WK020005"},{"arcs":[[-1518,-1503,1518,1519]],"type":"Polygon","properties":{"id":116762,"statcode":"WK020006","statnaam":"Wijk 06 Apeldoorn Oost","jrstatcode":"2010WK020006","rubriek":"wijk","FID":"wijk_gegeneraliseerd_2010.a3ec72c2-6df5-49c0-97f8-35e2da19cd46"},"id":"WK020006"},{"arcs":[[-1519,-1502,1520,1521]],"type":"Polygon","properties":{"id":116763,"statcode":"WK020007","statnaam":"Wijk 07 Apeldoorn Noordoost","jrstatcode":"2010WK020007","rubriek":"wijk","FID":"wijk_gegeneraliseerd_2010.4ffe5d08-1567-43bf-ba75-6cd2209e0b72"},"id":"WK020007"},{"arcs":[[-1501,-1510,1522,-1521]],"type":"Polygon","properties":{"id":116764,"statcode":"WK020008","statnaam":"Wijk 08 Apeldoorn Noord","jrstatcode":"2010WK020008","rubriek":"wijk","FID":"wijk_gegeneraliseerd_2010.45724306-7885-49af-a043-dbd12efd31d4"},"id":"WK020008"},{"arcs":[[1523,1524,1525,1526,1527,1528,1529,1530]],"type":"Polygon","properties":{"id":116765,"statcode":"WK020010","statnaam":"Wijk 10 Uddel en omgeving","jrstatcode":"2010WK020010","rubriek":"wijk","FID":"wijk_gegeneraliseerd_2010.ac1a2561-e59f-4b9d-b7b7-bcff903eaa7b"},"id":"WK020010"},{"arcs":[[1531,1532,-1531,1533,-1508,1534]],"type":"Polygon","properties":{"id":116766,"statcode":"WK020011","statnaam":"Wijk 11 Hoog Soeren en omgeving","jrstatcode":"2010WK020011","rubriek":"wijk","FID":"wijk_gegeneraliseerd_2010.a8942971-f65a-4498-a917-c9c9b94717c1"},"id":"WK020011"},{"arcs":[[1535,-1535,-1507,-1513,1536,1537,1538]],"type":"Polygon","properties":{"id":116767,"statcode":"WK020012","statnaam":"Wijk 12 Hoenderloo en omgeving","jrstatcode":"2010WK020012","rubriek":"wijk","FID":"wijk_gegeneraliseerd_2010.8b1ee469-09f1-4e03-ae7e-d01cf5aa9888"},"id":"WK020012"},{"arcs":[[1539,1540,1541,1542,1543,1544,1545,1546,-1538,1547,1548,1549]],"type":"Polygon","properties":{"id":116768,"statcode":"WK020013","statnaam":"Wijk 13 Loenen en omgeving","jrstatcode":"2010WK020013","rubriek":"wijk","FID":"wijk_gegeneraliseerd_2010.fb82bc9e-e562-4aef-b273-bb6688d08cff"},"id":"WK020013"},{"arcs":[[-1512,-1515,1550,-1548,-1537]],"type":"Polygon","properties":{"id":116769,"statcode":"WK020014","statnaam":"Wijk 14 Beekbergen en omgeving","jrstatcode":"2010WK020014","rubriek":"wijk","FID":"wijk_gegeneraliseerd_2010.2070b093-5460-42db-a05d-62ea2ba17a53"},"id":"WK020014"},{"arcs":[[-1514,1551,-1549,-1551]],"type":"Polygon","properties":{"id":116770,"statcode":"WK020015","statnaam":"Wijk 15 Lieren en omgeving","jrstatcode":"2010WK020015","rubriek":"wijk","FID":"wijk_gegeneraliseerd_2010.f1c81eb1-1c6b-4d3b-b8e1-2c1a14922551"},"id":"WK020015"},{"arcs":[[-1550,-1552,-1517,-1520,1552,1553]],"type":"Polygon","properties":{"id":116771,"statcode":"WK020016","statnaam":"Wijk 16 Klarenbeek en omgeving","jrstatcode":"2010WK020016","rubriek":"wijk","FID":"wijk_gegeneraliseerd_2010.522694c7-7335-4415-8145-43a261169e85"},"id":"WK020016"},{"arcs":[[1554,-1553,-1522,-1523,-1509,-1534,-1530,1555,1556]],"type":"Polygon","properties":{"id":116772,"statcode":"WK020017","statnaam":"Wijk 17 Wenum. Wiesel en Beemte","jrstatcode":"2010WK020017","rubriek":"wijk","FID":"wijk_gegeneraliseerd_2010.0b4848ca-6079-4648-b632-5ad3b6538c75"},"id":"WK020017"},{"arcs":[[1557,1558,1559,1560,1561]],"type":"Polygon","properties":{"id":116773,"statcode":"WK020201","statnaam":"Wijk 01 Centrum","jrstatcode":"2010WK020201","rubriek":"wijk","FID":"wijk_gegeneraliseerd_2010.8fd5fafd-d4f4-45d2-a20d-63b002786eeb"},"id":"WK020201"},{"arcs":[[-1559,1562,1563,1564,1565]],"type":"Polygon","properties":{"id":116774,"statcode":"WK020202","statnaam":"Wijk 02 Spijkerkwartier","jrstatcode":"2010WK020202","rubriek":"wijk","FID":"wijk_gegeneraliseerd_2010.6dd25c24-67c7-46f4-aed7-99e1a3c7d565"},"id":"WK020202"},{"arcs":[[1566,1567,-1560,-1566,1568,1569,1570,1571]],"type":"Polygon","properties":{"id":116775,"statcode":"WK020203","statnaam":"Wijk 03 Arnhemse broek","jrstatcode":"2010WK020203","rubriek":"wijk","FID":"wijk_gegeneraliseerd_2010.5f7d0c27-47c4-476d-8746-04122f9052a6"},"id":"WK020203"},{"arcs":[[1572,1573,-1570]],"type":"Polygon","properties":{"id":116776,"statcode":"WK020204","statnaam":"Wijk 04 Presikhaaf West","jrstatcode":"2010WK020204","rubriek":"wijk","FID":"wijk_gegeneraliseerd_2010.61b600c0-6dac-4ecd-9f5f-ffd6b01285c6"},"id":"WK020204"},{"arcs":[[1574,-1571,-1574,1575,1576]],"type":"Polygon","properties":{"id":116777,"statcode":"WK020205","statnaam":"Wijk 05 Presikhaaf Oost","jrstatcode":"2010WK020205","rubriek":"wijk","FID":"wijk_gegeneraliseerd_2010.0ea46cce-ef07-4be1-a569-0e4c94f5b311"},"id":"WK020205"},{"arcs":[[-1563,1577,1578,1579]],"type":"Polygon","properties":{"id":116778,"statcode":"WK020206","statnaam":"Wijk 06 Sint Marten en Sonsbeek-Zuid","jrstatcode":"2010WK020206","rubriek":"wijk","FID":"wijk_gegeneraliseerd_2010.f7c8b07e-77cc-4140-8a91-ef75e30aae89"},"id":"WK020206"},{"arcs":[[-1564,-1580,1580,1581,1582]],"type":"Polygon","properties":{"id":116779,"statcode":"WK020207","statnaam":"Wijk 07 Klarendal","jrstatcode":"2010WK020207","rubriek":"wijk","FID":"wijk_gegeneraliseerd_2010.f3fd96ff-260d-46a3-b120-6ce83e5bf9cd"},"id":"WK020207"},{"arcs":[[-1569,-1565,-1583,1583,1584,1585,1586,1587,-1576,-1573]],"type":"Polygon","properties":{"id":116780,"statcode":"WK020208","statnaam":"Wijk 08 Velperweg en omgeving","jrstatcode":"2010WK020208","rubriek":"wijk","FID":"wijk_gegeneraliseerd_2010.70ad8be0-ea82-44ca-b610-08814df96e53"},"id":"WK020208"},{"arcs":[[1588,1589,-1581,-1579,1590]],"type":"Polygon","properties":{"id":116781,"statcode":"WK020209","statnaam":"Wijk 09 Alteveer en Cranevelt","jrstatcode":"2010WK020209","rubriek":"wijk","FID":"wijk_gegeneraliseerd_2010.921aec15-96a0-499d-9053-8c248aebfb40"},"id":"WK020209"},{"arcs":[[-1585,1591]],"type":"Polygon","properties":{"id":116782,"statcode":"WK020210","statnaam":"Wijk 10 Geitenkamp","jrstatcode":"2010WK020210","rubriek":"wijk","FID":"wijk_gegeneraliseerd_2010.2e714912-81f2-48b1-b0cc-8b334b9a0fe5"},"id":"WK020210"},{"arcs":[[-1584,-1582,-1590,1592,1593,-1586,-1592]],"type":"Polygon","properties":{"id":116783,"statcode":"WK020211","statnaam":"Wijk 11 Monnikenhuizen","jrstatcode":"2010WK020211","rubriek":"wijk","FID":"wijk_gegeneraliseerd_2010.4f0cf3c1-5e14-420b-add6-717b0cbc64e2"},"id":"WK020211"},{"arcs":[[-1591,-1578,-1558,1594,1595,1596]],"type":"Polygon","properties":{"id":116784,"statcode":"WK020212","statnaam":"Wijk 12 Burgemeesterswijk en Hoogkamp","jrstatcode":"2010WK020212","rubriek":"wijk","FID":"wijk_gegeneraliseerd_2010.5fb3d2e9-876b-4bb4-852b-df15361589d9"},"id":"WK020212"},{"arcs":[[1597,-1593,-1589,-1597,1598,1599,1600,1601,-1546]],"type":"Polygon","properties":{"id":116785,"statcode":"WK020213","statnaam":"Wijk 13 Schaarsbergen en omgeving","jrstatcode":"2010WK020213","rubriek":"wijk","FID":"wijk_gegeneraliseerd_2010.620df872-9800-4408-8586-0a8d76b86195"},"id":"WK020213"},{"arcs":[[-1595,-1562,1602,1603]],"type":"Polygon","properties":{"id":116786,"statcode":"WK020214","statnaam":"Wijk 14 Heijenoord en Lombok","jrstatcode":"2010WK020214","rubriek":"wijk","FID":"wijk_gegeneraliseerd_2010.bfda8acc-1de3-4313-a931-24a4f9674040"},"id":"WK020214"},{"arcs":[[1604,1605,-1599,-1596,-1604]],"type":"Polygon","properties":{"id":116787,"statcode":"WK020215","statnaam":"Wijk 15 Klingelbeek","jrstatcode":"2010WK020215","rubriek":"wijk","FID":"wijk_gegeneraliseerd_2010.a8c5cec2-77a2-42be-9210-38fb8bb1711c"},"id":"WK020215"},{"arcs":[[1606,1607,1608,1609,1610,1611,-1605,-1603,-1561,1612]],"type":"Polygon","properties":{"id":116788,"statcode":"WK020216","statnaam":"Wijk 16 Malburgen West","jrstatcode":"2010WK020216","rubriek":"wijk","FID":"wijk_gegeneraliseerd_2010.672411c1-9613-4cca-8841-8235af237668"},"id":"WK020216"},{"arcs":[[-1568,1613,1614,-1613]],"type":"Polygon","properties":{"id":116789,"statcode":"WK020217","statnaam":"Wijk 17 Malburgen Oost (Noord)","jrstatcode":"2010WK020217","rubriek":"wijk","FID":"wijk_gegeneraliseerd_2010.92d61f48-d51d-4416-8626-0824e02a82ec"},"id":"WK020217"},{"arcs":[[-1615,1615,1616,-1607]],"type":"Polygon","properties":{"id":116790,"statcode":"WK020218","statnaam":"Wijk 18 Malburgen Oost (Zuid)","jrstatcode":"2010WK020218","rubriek":"wijk","FID":"wijk_gegeneraliseerd_2010.c194487e-67c7-4260-931a-7232214778fd"},"id":"WK020218"},{"arcs":[[1617,1618,1619,-1608,-1617]],"type":"Polygon","properties":{"id":116791,"statcode":"WK020219","statnaam":"Wijk 19 Vredenburg en Kronenburg","jrstatcode":"2010WK020219","rubriek":"wijk","FID":"wijk_gegeneraliseerd_2010.2df6a780-f4b1-4184-a7f8-597202ac6024"},"id":"WK020219"},{"arcs":[[-1620,1620,1621,1622,-1609]],"type":"Polygon","properties":{"id":116792,"statcode":"WK020220","statnaam":"Wijk 20 Elden","jrstatcode":"2010WK020220","rubriek":"wijk","FID":"wijk_gegeneraliseerd_2010.cf877979-a2fa-426b-8eec-d8fb3998aee5"},"id":"WK020220"},{"arcs":[[-1623,1623,1624,-1610]],"type":"Polygon","properties":{"id":116793,"statcode":"WK020221","statnaam":"Wijk 21 Elderveld","jrstatcode":"2010WK020221","rubriek":"wijk","FID":"wijk_gegeneraliseerd_2010.0253d432-c705-4c64-8822-1bca309247bc"},"id":"WK020221"},{"arcs":[[1625,-1624,-1622,1626,1627]],"type":"Polygon","properties":{"id":116794,"statcode":"WK020222","statnaam":"Wijk 22 De Laar","jrstatcode":"2010WK020222","rubriek":"wijk","FID":"wijk_gegeneraliseerd_2010.8ef854a0-a707-4b2e-a6dd-6bd4f4d0b8fb"},"id":"WK020222"},{"arcs":[[-1627,-1621,-1619,1628,1629,1630]],"type":"Polygon","properties":{"id":116795,"statcode":"WK020223","statnaam":"Wijk 23 Rijkerswoerd","jrstatcode":"2010WK020223","rubriek":"wijk","FID":"wijk_gegeneraliseerd_2010.c6ee03b1-8084-4061-a532-de913c5a2247"},"id":"WK020223"},{"arcs":[[1631,1632,1633,-1611,-1625,-1626]],"type":"Polygon","properties":{"id":116796,"statcode":"WK020224","statnaam":"Wijk 24 Schuytgraaf","jrstatcode":"2010WK020224","rubriek":"wijk","FID":"wijk_gegeneraliseerd_2010.d54f08cb-d155-4c42-a12c-c4c5331a1deb"},"id":"WK020224"},{"arcs":[[1634,1635,1636,1637,1638,1639,1640,1641]],"type":"Polygon","properties":{"id":116797,"statcode":"WK020354","statnaam":"Wijk 54 Barneveld","jrstatcode":"2010WK020354","rubriek":"wijk","FID":"wijk_gegeneraliseerd_2010.21a7ee4a-baef-4b21-8440-0b90a001c6dd"},"id":"WK020354"},{"arcs":[[1642,1643,1644,1645,-1640,1646,1647]],"type":"Polygon","properties":{"id":116798,"statcode":"WK020355","statnaam":"Wijk 55 Voorthuizen","jrstatcode":"2010WK020355","rubriek":"wijk","FID":"wijk_gegeneraliseerd_2010.ea2f0ed3-3bec-44d9-ac2d-9ca04658fb32"},"id":"WK020355"},{"arcs":[[1648,1649,1650,1651,-1641,-1646]],"type":"Polygon","properties":{"id":116799,"statcode":"WK020356","statnaam":"Wijk 56 Kootwijkerbroek","jrstatcode":"2010WK020356","rubriek":"wijk","FID":"wijk_gegeneraliseerd_2010.fb474afa-18e5-43fb-9511-502e6c40f93c"},"id":"WK020356"},{"arcs":[[-1526,1652,-1644,1653,1654]],"type":"Polygon","properties":{"id":116800,"statcode":"WK020357","statnaam":"Wijk 57 Garderen","jrstatcode":"2010WK020357","rubriek":"wijk","FID":"wijk_gegeneraliseerd_2010.72f07512-1aa4-4dd6-afa0-5a93cd3a30f7"},"id":"WK020357"},{"arcs":[[1655,-1647,-1639,1656,1657,1658,1659,1660]],"type":"Polygon","properties":{"id":116801,"statcode":"WK020358","statnaam":"Wijk 58 Terschuur","jrstatcode":"2010WK020358","rubriek":"wijk","FID":"wijk_gegeneraliseerd_2010.2c4e1dd1-2ddf-44d7-ac41-a1b1299dac10"},"id":"WK020358"},{"arcs":[[-1525,1661,-1649,-1645,-1653]],"type":"Polygon","properties":{"id":116802,"statcode":"WK020359","statnaam":"Wijk 59 Stroe","jrstatcode":"2010WK020359","rubriek":"wijk","FID":"wijk_gegeneraliseerd_2010.89310b62-c419-4522-8845-0ad85258b872"},"id":"WK020359"},{"arcs":[[1662,-1661,1663,1664]],"type":"Polygon","properties":{"id":116803,"statcode":"WK020360","statnaam":"Wijk 60 Zwartebroek","jrstatcode":"2010WK020360","rubriek":"wijk","FID":"wijk_gegeneraliseerd_2010.f3d38767-9f7b-4bc3-b6ce-dff627de3f7c"},"id":"WK020360"},{"arcs":[[-1637,1665,1666,1667,1668]],"type":"Polygon","properties":{"id":116804,"statcode":"WK020361","statnaam":"Wijk 61 De Glind","jrstatcode":"2010WK020361","rubriek":"wijk","FID":"wijk_gegeneraliseerd_2010.c8f8dee0-fef2-4647-bbe6-f002561769c9"},"id":"WK020361"},{"arcs":[[-1524,-1533,1669,-1650,-1662]],"type":"Polygon","properties":{"id":116805,"statcode":"WK020362","statnaam":"Wijk 62 Kootwijk","jrstatcode":"2010WK020362","rubriek":"wijk","FID":"wijk_gegeneraliseerd_2010.b545c5f1-f86e-414b-ac6e-91410db00878"},"id":"WK020362"},{"arcs":[[-1657,-1638,-1669,1670]],"type":"Polygon","properties":{"id":116806,"statcode":"WK020363","statnaam":"Wijk 63 Achterveld","jrstatcode":"2010WK020363","rubriek":"wijk","FID":"wijk_gegeneraliseerd_2010.97b4b4f0-8e11-4e55-96e7-f1e1df39aefe"},"id":"WK020363"},{"arcs":[[1671,1672,1673,1674,1675]],"type":"Polygon","properties":{"id":116807,"statcode":"WK020901","statnaam":"Wijk 01 Beuningen","jrstatcode":"2010WK020901","rubriek":"wijk","FID":"wijk_gegeneraliseerd_2010.fb8903a6-dcc1-4a08-b1bc-3d19951c7593"},"id":"WK020901"},{"arcs":[[1676,1677,1678,1679,1680,-1676]],"type":"Polygon","properties":{"id":116808,"statcode":"WK020902","statnaam":"Wijk 02 Ewijk","jrstatcode":"2010WK020902","rubriek":"wijk","FID":"wijk_gegeneraliseerd_2010.be55e5be-f338-4fb2-8863-08bcb2098fef"},"id":"WK020902"},{"arcs":[[1681,-1673,1682,1683,1684]],"type":"Polygon","properties":{"id":116809,"statcode":"WK020903","statnaam":"Wijk 03 Weurt","jrstatcode":"2010WK020903","rubriek":"wijk","FID":"wijk_gegeneraliseerd_2010.eb36aa3c-0f2d-4ac6-a5b1-1914a855d049"},"id":"WK020903"},{"arcs":[[1685,1686,-1679,1687,1688]],"type":"Polygon","properties":{"id":116810,"statcode":"WK020904","statnaam":"Wijk 04 Winssen","jrstatcode":"2010WK020904","rubriek":"wijk","FID":"wijk_gegeneraliseerd_2010.29a358e8-9bf3-4546-962c-374182e62924"},"id":"WK020904"},{"arcs":[[1689,1690,-1542,1691,1692]],"type":"Polygon","properties":{"id":116811,"statcode":"WK021301","statnaam":"Wijk 01 Empe","jrstatcode":"2010WK021301","rubriek":"wijk","FID":"wijk_gegeneraliseerd_2010.2eee271e-fb5a-490d-935e-ecd91c151cb0"},"id":"WK021301"},{"arcs":[[1693,1694,1695,-1690]],"type":"Polygon","properties":{"id":116812,"statcode":"WK021302","statnaam":"Wijk 02 Tonden","jrstatcode":"2010WK021302","rubriek":"wijk","FID":"wijk_gegeneraliseerd_2010.3bf8ea48-2000-4c84-90ed-4d13268eb71b"},"id":"WK021302"},{"arcs":[[1696,1697,1698,1699,-1695,1700]],"type":"Polygon","properties":{"id":116813,"statcode":"WK021303","statnaam":"Wijk 03 Brummen","jrstatcode":"2010WK021303","rubriek":"wijk","FID":"wijk_gegeneraliseerd_2010.42ec92b6-2261-4e4e-bb4a-372a59d2ea51"},"id":"WK021303"},{"arcs":[[1701,1702,1703,-1699]],"type":"Polygon","properties":{"id":116814,"statcode":"WK021304","statnaam":"Wijk 04 Leuvenheim","jrstatcode":"2010WK021304","rubriek":"wijk","FID":"wijk_gegeneraliseerd_2010.a2c4d5df-24c7-4635-9979-af6070ba2da7"},"id":"WK021304"},{"arcs":[[-1696,-1700,-1704,1704,1705,-1543,-1691]],"type":"Polygon","properties":{"id":116815,"statcode":"WK021305","statnaam":"Wijk 05 Hall","jrstatcode":"2010WK021305","rubriek":"wijk","FID":"wijk_gegeneraliseerd_2010.204479b1-4c3d-4e33-9a3a-63ad6ce8c6b9"},"id":"WK021305"},{"arcs":[[1706,-1544,-1706,1707]],"type":"Polygon","properties":{"id":116816,"statcode":"WK021306","statnaam":"Wijk 06 Eerbeek","jrstatcode":"2010WK021306","rubriek":"wijk","FID":"wijk_gegeneraliseerd_2010.fc0c5635-967a-4cb4-a7be-c2c76519f043"},"id":"WK021306"},{"arcs":[[1708,1709,1710,1711,1712]],"type":"Polygon","properties":{"id":116817,"statcode":"WK021400","statnaam":"Wijk 00 Buren","jrstatcode":"2010WK021400","rubriek":"wijk","FID":"wijk_gegeneraliseerd_2010.1cdf78c0-a3e5-4f96-bbcf-3b3430f0d721"},"id":"WK021400"},{"arcs":[[-1712,1713,1714,1715,1716]],"type":"Polygon","properties":{"id":116818,"statcode":"WK021401","statnaam":"Wijk 01 Beusichem","jrstatcode":"2010WK021401","rubriek":"wijk","FID":"wijk_gegeneraliseerd_2010.0658897c-f428-45e1-9102-ca569a9517df"},"id":"WK021401"},{"arcs":[[1717,1718,1719,1720,1721,1722,1723,1724,1725,-1709]],"type":"Polygon","properties":{"id":116819,"statcode":"WK021402","statnaam":"Wijk 02 Zoelen","jrstatcode":"2010WK021402","rubriek":"wijk","FID":"wijk_gegeneraliseerd_2010.29d4c629-3ea2-4395-b717-e8e5a4f00e88"},"id":"WK021402"},{"arcs":[[1726,1727,1728,1729,-1721,1730]],"type":"Polygon","properties":{"id":116820,"statcode":"WK021403","statnaam":"Wijk 03 Lienden","jrstatcode":"2010WK021403","rubriek":"wijk","FID":"wijk_gegeneraliseerd_2010.dc56b36a-d6e1-4683-af6b-5986dceb46bf"},"id":"WK021403"},{"arcs":[[1731,1732,-1731,-1720,1733]],"type":"Polygon","properties":{"id":116821,"statcode":"WK021404","statnaam":"Wijk 04 Ingen","jrstatcode":"2010WK021404","rubriek":"wijk","FID":"wijk_gegeneraliseerd_2010.776dee04-32a5-44d9-a755-9fb3d2a0078d"},"id":"WK021404"},{"arcs":[[-1719,1734,1735,1736,-1734]],"type":"Polygon","properties":{"id":116822,"statcode":"WK021405","statnaam":"Wijk 05 Maurik","jrstatcode":"2010WK021405","rubriek":"wijk","FID":"wijk_gegeneraliseerd_2010.c682f7b4-4482-4cac-b692-702c71f05c05"},"id":"WK021405"},{"arcs":[[1737,-1735,-1718,-1713,-1717]],"type":"Polygon","properties":{"id":116823,"statcode":"WK021406","statnaam":"Wijk 06 Ravenswaaij","jrstatcode":"2010WK021406","rubriek":"wijk","FID":"wijk_gegeneraliseerd_2010.c44e0399-18fb-4598-95fd-c29a5cb7e43a"},"id":"WK021406"},{"arcs":[[1738,-1715,1739,1740,1741,1742,1743]],"type":"Polygon","properties":{"id":116824,"statcode":"WK021600","statnaam":"Wijk 00","jrstatcode":"2010WK021600","rubriek":"wijk","FID":"wijk_gegeneraliseerd_2010.e14df4c9-196e-45f1-a29c-f794f4e6ac40"},"id":"WK021600"},{"arcs":[[1744,1745,1746,1747]],"type":"Polygon","properties":{"id":116825,"statcode":"WK022101","statnaam":"Wijk 01","jrstatcode":"2010WK022101","rubriek":"wijk","FID":"wijk_gegeneraliseerd_2010.86d17f88-c260-4f98-99ba-bd5eebbb8df4"},"id":"WK022101"},{"arcs":[[1748,1749,1750,1751,1752,1753]],"type":"Polygon","properties":{"id":116826,"statcode":"WK022201","statnaam":"Wijk 01 Doetinchem Centrum","jrstatcode":"2010WK022201","rubriek":"wijk","FID":"wijk_gegeneraliseerd_2010.9f6bfb5a-8b66-41d9-8793-92394a175073"},"id":"WK022201"},{"arcs":[[1754,1755,1756,-1753,1757]],"type":"Polygon","properties":{"id":116827,"statcode":"WK022202","statnaam":"Wijk 02","jrstatcode":"2010WK022202","rubriek":"wijk","FID":"wijk_gegeneraliseerd_2010.5c13979d-a8d3-4fd6-970a-63a7d85c6f57"},"id":"WK022202"},{"arcs":[[1758,-1754,-1757,1759]],"type":"Polygon","properties":{"id":116828,"statcode":"WK022203","statnaam":"Wijk 03","jrstatcode":"2010WK022203","rubriek":"wijk","FID":"wijk_gegeneraliseerd_2010.f056e123-24ed-498a-9d34-eb50f8f01be0"},"id":"WK022203"},{"arcs":[[1760,1761,1762,-1760,-1756,1763]],"type":"Polygon","properties":{"id":116829,"statcode":"WK022204","statnaam":"Wijk 04","jrstatcode":"2010WK022204","rubriek":"wijk","FID":"wijk_gegeneraliseerd_2010.5f35f5d3-b9e5-4dd2-baab-7df8392e4362"},"id":"WK022204"},{"arcs":[[1764,1765,1766,1767,1768,-1749,-1759,-1763]],"type":"Polygon","properties":{"id":116830,"statcode":"WK022205","statnaam":"Wijk 05","jrstatcode":"2010WK022205","rubriek":"wijk","FID":"wijk_gegeneraliseerd_2010.69b38800-f822-49e2-b428-793b6323a391"},"id":"WK022205"},{"arcs":[[-1750,-1769,1769,1770,1771,1772]],"type":"Polygon","properties":{"id":116831,"statcode":"WK022206","statnaam":"Wijk 06","jrstatcode":"2010WK022206","rubriek":"wijk","FID":"wijk_gegeneraliseerd_2010.e1107cb3-a173-4fa3-a739-1864e3306eb3"},"id":"WK022206"},{"arcs":[[1773,1774,-1770,-1768,1775]],"type":"Polygon","properties":{"id":116832,"statcode":"WK022207","statnaam":"Wijk 07","jrstatcode":"2010WK022207","rubriek":"wijk","FID":"wijk_gegeneraliseerd_2010.445c8e68-cfae-4201-9b7f-62527120f2ab"},"id":"WK022207"},{"arcs":[[-1751,-1773,1776,1777]],"type":"Polygon","properties":{"id":116833,"statcode":"WK022208","statnaam":"Wijk 08","jrstatcode":"2010WK022208","rubriek":"wijk","FID":"wijk_gegeneraliseerd_2010.c41e5192-a830-4d83-9a55-9699774d11cd"},"id":"WK022208"},{"arcs":[[-1758,-1752,-1778,1778,1779]],"type":"Polygon","properties":{"id":116834,"statcode":"WK022209","statnaam":"Wijk 09","jrstatcode":"2010WK022209","rubriek":"wijk","FID":"wijk_gegeneraliseerd_2010.f516f7a0-f23c-4676-a6f8-192911bb515f"},"id":"WK022209"},{"arcs":[[1780,1781,-1765,-1762]],"type":"Polygon","properties":{"id":116835,"statcode":"WK022211","statnaam":"Wijk 11 Buitengebied Doetinchem","jrstatcode":"2010WK022211","rubriek":"wijk","FID":"wijk_gegeneraliseerd_2010.ed3b1dee-0002-47f0-b7ab-9847c18d6e33"},"id":"WK022211"},{"arcs":[[1782,1783,-1771,-1775,1784,1785]],"type":"Polygon","properties":{"id":116836,"statcode":"WK022231","statnaam":"Wijk 31 Wehl","jrstatcode":"2010WK022231","rubriek":"wijk","FID":"wijk_gegeneraliseerd_2010.520d634f-6956-43c4-8515-69cdaaa15ad8"},"id":"WK022231"},{"arcs":[[1786,1787,1788,1789,1790,1791,1792,1793,-1689]],"type":"Polygon","properties":{"id":116837,"statcode":"WK022501","statnaam":"Wijk 01 Druten","jrstatcode":"2010WK022501","rubriek":"wijk","FID":"wijk_gegeneraliseerd_2010.50e0f903-abea-45fa-9900-dd55f05a356c"},"id":"WK022501"},{"arcs":[[1794,1795,1796,-1479,-1485,1797,1798,1799]],"type":"Polygon","properties":{"id":116838,"statcode":"WK022600","statnaam":"Wijk 00","jrstatcode":"2010WK022600","rubriek":"wijk","FID":"wijk_gegeneraliseerd_2010.fe041221-26f3-46c4-90ea-be64ce2469ef"},"id":"WK022600"},{"arcs":[[1800,1801,1802]],"type":"Polygon","properties":{"id":116839,"statcode":"WK022801","statnaam":"Wijk 01 Ede Oost","jrstatcode":"2010WK022801","rubriek":"wijk","FID":"wijk_gegeneraliseerd_2010.8a9725be-d81c-431a-9835-1e63ed3d20d2"},"id":"WK022801"},{"arcs":[[1803,-1803,1804,1805]],"type":"Polygon","properties":{"id":116840,"statcode":"WK022802","statnaam":"Wijk 02 Ede West","jrstatcode":"2010WK022802","rubriek":"wijk","FID":"wijk_gegeneraliseerd_2010.60ffe449-fa5d-4eb7-bc1e-8e8cedbb2a50"},"id":"WK022802"},{"arcs":[[1806,1807,1808,1809,-1806]],"type":"Polygon","properties":{"id":116841,"statcode":"WK022803","statnaam":"Wijk 03 Veldhuizen","jrstatcode":"2010WK022803","rubriek":"wijk","FID":"wijk_gegeneraliseerd_2010.d281238e-dbf7-4792-a4ac-c00d19fd2ff9"},"id":"WK022803"},{"arcs":[[1810,-1810]],"type":"Polygon","properties":{"id":116842,"statcode":"WK022804","statnaam":"Wijk 04 Kernhem","jrstatcode":"2010WK022804","rubriek":"wijk","FID":"wijk_gegeneraliseerd_2010.d2cda3d2-00b5-44d4-9101-8326c1ef245a"},"id":"WK022804"},{"arcs":[[-1807,-1805,-1802,1811,1812,1813,1814,1815]],"type":"Polygon","properties":{"id":116843,"statcode":"WK022810","statnaam":"Wijk 10 Ede Zuid","jrstatcode":"2010WK022810","rubriek":"wijk","FID":"wijk_gegeneraliseerd_2010.389db8e0-a0c3-47b3-ad54-9f75a5fdd8b8"},"id":"WK022810"},{"arcs":[[1816,1817,-1814]],"type":"Polygon","properties":{"id":116844,"statcode":"WK022811","statnaam":"Wijk 11","jrstatcode":"2010WK022811","rubriek":"wijk","FID":"wijk_gegeneraliseerd_2010.df911b0a-411a-4240-94c6-4220438d7a7f"},"id":"WK022811"},{"arcs":[[1818,1819,1820,-1815,-1818]],"type":"Polygon","properties":{"id":116845,"statcode":"WK022812","statnaam":"Wijk 12","jrstatcode":"2010WK022812","rubriek":"wijk","FID":"wijk_gegeneraliseerd_2010.b6ab4516-dc87-4800-b63c-bfb3efee94dc"},"id":"WK022812"},{"arcs":[[1821,1822,1823,-1808,-1816,-1821,1824]],"type":"Polygon","properties":{"id":116846,"statcode":"WK022813","statnaam":"Wijk 13 Bedrijventerrein","jrstatcode":"2010WK022813","rubriek":"wijk","FID":"wijk_gegeneraliseerd_2010.bcf804ed-ce1a-4b15-9520-45b3faf9200d"},"id":"WK022813"},{"arcs":[[[1825,1826,1827,1828,1829,-1812,-1801,-1804,-1811,-1809,-1824,1830,1831]],[[1832,-1825,-1820,1833,1834]]],"type":"MultiPolygon","properties":{"id":116847,"statcode":"WK022820","statnaam":"Wijk 20 Buitengebied Ede","jrstatcode":"2010WK022820","rubriek":"wijk","FID":"wijk_gegeneraliseerd_2010.619b5417-14ac-493d-9bd2-14e83ba97d93"},"id":"WK022820"},{"arcs":[[-1830,1835,1836,1837,1838,1839,-1834,-1819,-1817,-1813]],"type":"Polygon","properties":{"id":116848,"statcode":"WK022830","statnaam":"Wijk 30 Bennekom","jrstatcode":"2010WK022830","rubriek":"wijk","FID":"wijk_gegeneraliseerd_2010.f57e68b7-9941-4376-b59c-16fa96e447f1"},"id":"WK022830"},{"arcs":[[-1832,1840,1841,-1642,-1652,1842,1843]],"type":"Polygon","properties":{"id":116849,"statcode":"WK022840","statnaam":"Wijk 40 Lunteren","jrstatcode":"2010WK022840","rubriek":"wijk","FID":"wijk_gegeneraliseerd_2010.910f21b5-e2ec-4ebb-8031-16556bb018b6"},"id":"WK022840"},{"arcs":[[-1841,-1831,-1823,1844,1845,1846]],"type":"Polygon","properties":{"id":116850,"statcode":"WK022850","statnaam":"Wijk 50 Ederveen","jrstatcode":"2010WK022850","rubriek":"wijk","FID":"wijk_gegeneraliseerd_2010.d51c26b2-4bd9-4735-b7f1-e17947d9c89f"},"id":"WK022850"},{"arcs":[[-1845,-1822,-1833,1847,1848]],"type":"Polygon","properties":{"id":116851,"statcode":"WK022860","statnaam":"Wijk 60","jrstatcode":"2010WK022860","rubriek":"wijk","FID":"wijk_gegeneraliseerd_2010.d10854f0-a1b4-42c3-8574-38e4365e0b23"},"id":"WK022860"},{"arcs":[[-1532,-1536,1849,1850,-1843,-1651,-1670]],"type":"Polygon","properties":{"id":116852,"statcode":"WK022870","statnaam":"Wijk 70 Harskamp","jrstatcode":"2010WK022870","rubriek":"wijk","FID":"wijk_gegeneraliseerd_2010.e3bcaad1-e73c-4bd4-bb57-d6eff8a82cb4"},"id":"WK022870"},{"arcs":[[1851,-1826,-1844,-1851]],"type":"Polygon","properties":{"id":116853,"statcode":"WK022880","statnaam":"Wijk 80","jrstatcode":"2010WK022880","rubriek":"wijk","FID":"wijk_gegeneraliseerd_2010.ee1e638b-3d78-4a3e-92ea-043aa3e4c18d"},"id":"WK022880"},{"arcs":[[-1539,-1547,-1602,1852,-1827,-1852,-1850]],"type":"Polygon","properties":{"id":116854,"statcode":"WK022890","statnaam":"Wijk 90","jrstatcode":"2010WK022890","rubriek":"wijk","FID":"wijk_gegeneraliseerd_2010.d5f76d10-bb6a-419a-8f83-2090cd1004c4"},"id":"WK022890"},{"arcs":[[1853,1854,1855,1856,1857]],"type":"Polygon","properties":{"id":116855,"statcode":"WK023001","statnaam":"Wijk 01 Elburg","jrstatcode":"2010WK023001","rubriek":"wijk","FID":"wijk_gegeneraliseerd_2010.36eea3ac-0c81-4e7f-918c-aa5119035deb"},"id":"WK023001"},{"arcs":[[1858,1859,1860,1861,-1856,1862]],"type":"Polygon","properties":{"id":116856,"statcode":"WK023002","statnaam":"Wijk 02","jrstatcode":"2010WK023002","rubriek":"wijk","FID":"wijk_gegeneraliseerd_2010.c744fdce-9f99-4b68-8026-1800b9791e78"},"id":"WK023002"},{"arcs":[[-1857,-1862,1863,1864]],"type":"Polygon","properties":{"id":116857,"statcode":"WK023003","statnaam":"Wijk 03 Doornspijk","jrstatcode":"2010WK023003","rubriek":"wijk","FID":"wijk_gegeneraliseerd_2010.65f4eb57-a901-435f-91eb-273aee2985ef"},"id":"WK023003"},{"arcs":[[1865,1866,1867]],"type":"Polygon","properties":{"id":116858,"statcode":"WK023200","statnaam":"Wijk 00 Epe","jrstatcode":"2010WK023200","rubriek":"wijk","FID":"wijk_gegeneraliseerd_2010.0e36117f-f75b-4a27-9bad-68d5c031d272"},"id":"WK023200"},{"arcs":[[-1867,1868,1869,1870,1871,1872,1873]],"type":"Polygon","properties":{"id":116859,"statcode":"WK023201","statnaam":"Wijk 01 Emst","jrstatcode":"2010WK023201","rubriek":"wijk","FID":"wijk_gegeneraliseerd_2010.dd53b45c-b52d-4938-a3d6-1c35cc769477"},"id":"WK023201"},{"arcs":[[1874,-1873,1875,1876,-1557]],"type":"Polygon","properties":{"id":116860,"statcode":"WK023202","statnaam":"Wijk 02 Vaassen","jrstatcode":"2010WK023202","rubriek":"wijk","FID":"wijk_gegeneraliseerd_2010.e66b0d78-d216-4086-8510-3d9a3d4d4a55"},"id":"WK023202"},{"arcs":[[1877,-1868,-1874,-1875,-1556,-1529,1878,-1859,1879]],"type":"Polygon","properties":{"id":116861,"statcode":"WK023203","statnaam":"Wijk 03 Bosgebied","jrstatcode":"2010WK023203","rubriek":"wijk","FID":"wijk_gegeneraliseerd_2010.3817880a-a309-4d8d-a624-e0b477f68e5a"},"id":"WK023203"},{"arcs":[[1880,1881,1882,1883,1884,1885,1886]],"type":"Polygon","properties":{"id":116862,"statcode":"WK023300","statnaam":"Wijk 00 Ermelo","jrstatcode":"2010WK023300","rubriek":"wijk","FID":"wijk_gegeneraliseerd_2010.254c1428-d535-43e0-8d59-47200d2894b6"},"id":"WK023300"},{"arcs":[[-1527,-1655,1887,-1885,1888,1889,1890]],"type":"Polygon","properties":{"id":116863,"statcode":"WK023301","statnaam":"Wijk 01 Speuld","jrstatcode":"2010WK023301","rubriek":"wijk","FID":"wijk_gegeneraliseerd_2010.3de65240-2e8b-41a8-bc66-1140ddf0c361"},"id":"WK023301"},{"arcs":[[1891,1892,1893,-1710,-1726,1894]],"type":"Polygon","properties":{"id":116864,"statcode":"WK023600","statnaam":"Wijk 00 Geldermalsen","jrstatcode":"2010WK023600","rubriek":"wijk","FID":"wijk_gegeneraliseerd_2010.00f6a3d6-fd16-49de-a9fd-5815c1bf4ecf"},"id":"WK023600"},{"arcs":[[1895,1896,1897,-1893,1898,1899]],"type":"Polygon","properties":{"id":116865,"statcode":"WK023601","statnaam":"Wijk 01 Deil","jrstatcode":"2010WK023601","rubriek":"wijk","FID":"wijk_gegeneraliseerd_2010.ed980b19-c721-479e-b44c-b2f7b5c16815"},"id":"WK023601"},{"arcs":[[1900,-1897,1901,1902,1903,-1741]],"type":"Polygon","properties":{"id":116866,"statcode":"WK023602","statnaam":"Wijk 02 Beesd","jrstatcode":"2010WK023602","rubriek":"wijk","FID":"wijk_gegeneraliseerd_2010.fe5d1255-528b-4391-976b-ee097d3d422b"},"id":"WK023602"},{"arcs":[[-1711,-1894,-1898,-1901,-1740,-1714]],"type":"Polygon","properties":{"id":116867,"statcode":"WK023603","statnaam":"Wijk 03 Buurmalsen","jrstatcode":"2010WK023603","rubriek":"wijk","FID":"wijk_gegeneraliseerd_2010.662f7568-734a-49f0-9e84-aa2a9d54c7f2"},"id":"WK023603"},{"arcs":[[1904,1905,1906,1907,1908,1909,1910]],"type":"Polygon","properties":{"id":116868,"statcode":"WK024100","statnaam":"Wijk 00 Groesbeek","jrstatcode":"2010WK024100","rubriek":"wijk","FID":"wijk_gegeneraliseerd_2010.d3ba63b1-4a9f-4779-948f-80e78919dd45"},"id":"WK024100"},{"arcs":[[1911,1912,1913,-1907]],"type":"Polygon","properties":{"id":116869,"statcode":"WK024101","statnaam":"Wijk 01 Breedeweg-Horst","jrstatcode":"2010WK024101","rubriek":"wijk","FID":"wijk_gegeneraliseerd_2010.0915a394-745b-4c26-aa1d-2a751332fabb"},"id":"WK024101"},{"arcs":[[1914,1915,1916,1917]],"type":"Polygon","properties":{"id":116870,"statcode":"WK024301","statnaam":"Wijk 01 Binnenstad","jrstatcode":"2010WK024301","rubriek":"wijk","FID":"wijk_gegeneraliseerd_2010.cf360596-c965-43a7-a21b-7dc7a6a2a667"},"id":"WK024301"},{"arcs":[[1918,1919,1920]],"type":"Polygon","properties":{"id":116871,"statcode":"WK024302","statnaam":"Wijk 02 Waterfront","jrstatcode":"2010WK024302","rubriek":"wijk","FID":"wijk_gegeneraliseerd_2010.678b2a8b-4daf-4e81-b7f0-84b6a5395d11"},"id":"WK024302"},{"arcs":[[1921,1922,-1915,1923,-1919,1924]],"type":"Polygon","properties":{"id":116872,"statcode":"WK024303","statnaam":"Wijk 03 Zeebuurt","jrstatcode":"2010WK024303","rubriek":"wijk","FID":"wijk_gegeneraliseerd_2010.525902e2-216c-43a4-8a4b-1c62bab6ae69"},"id":"WK024303"},{"arcs":[[1925,1926,1927,-1916,-1923]],"type":"Polygon","properties":{"id":116873,"statcode":"WK024304","statnaam":"Wijk 04 Friese Gracht","jrstatcode":"2010WK024304","rubriek":"wijk","FID":"wijk_gegeneraliseerd_2010.fd3f4bd9-ac08-4986-8d0f-f6ac8edeaaf7"},"id":"WK024304"},{"arcs":[[1928,1929,-1926,-1922,1930]],"type":"Polygon","properties":{"id":116874,"statcode":"WK024305","statnaam":"Wijk 05 Stadsdennen","jrstatcode":"2010WK024305","rubriek":"wijk","FID":"wijk_gegeneraliseerd_2010.c1c19eac-1af5-4927-94ac-cd58d2247bd1"},"id":"WK024305"},{"arcs":[[1931,-1927,-1930,1932]],"type":"Polygon","properties":{"id":116875,"statcode":"WK024306","statnaam":"Wijk 06 Sypel","jrstatcode":"2010WK024306","rubriek":"wijk","FID":"wijk_gegeneraliseerd_2010.b91e378f-7529-4dd8-91d3-eb0ee81078db"},"id":"WK024306"},{"arcs":[[-1932,1933,1934]],"type":"Polygon","properties":{"id":116876,"statcode":"WK024307","statnaam":"Wijk 07 Weiburg","jrstatcode":"2010WK024307","rubriek":"wijk","FID":"wijk_gegeneraliseerd_2010.6ab757f9-3bc9-4967-b10d-ee2ea93d4690"},"id":"WK024307"},{"arcs":[[1935,1936,-1882,1937,-1917,-1928,-1935]],"type":"Polygon","properties":{"id":116877,"statcode":"WK024308","statnaam":"Wijk 08 Stadsweiden","jrstatcode":"2010WK024308","rubriek":"wijk","FID":"wijk_gegeneraliseerd_2010.148d6e1f-8cf1-42b0-9104-4a9139279ee2"},"id":"WK024308"},{"arcs":[[1938,1939,-1936,-1934]],"type":"Polygon","properties":{"id":116878,"statcode":"WK024309","statnaam":"Wijk 09 Slingerbos","jrstatcode":"2010WK024309","rubriek":"wijk","FID":"wijk_gegeneraliseerd_2010.1777e0b4-8451-4a49-85df-ee13ae7a3723"},"id":"WK024309"},{"arcs":[[-1929,1940,1941,1942,-1939,-1933]],"type":"Polygon","properties":{"id":116879,"statcode":"WK024310","statnaam":"Wijk 10 Tweelingstad","jrstatcode":"2010WK024310","rubriek":"wijk","FID":"wijk_gegeneraliseerd_2010.07e18d1f-496b-412f-865a-31887f469c10"},"id":"WK024310"},{"arcs":[[1943,-1941,-1931,1944,1945,1946]],"type":"Polygon","properties":{"id":116880,"statcode":"WK024311","statnaam":"Wijk 11 Frankrijk","jrstatcode":"2010WK024311","rubriek":"wijk","FID":"wijk_gegeneraliseerd_2010.0fabe6f7-9233-480c-a117-f0f356a0e0f6"},"id":"WK024311"},{"arcs":[[-1883,-1937,-1940,-1943,1947]],"type":"Polygon","properties":{"id":116881,"statcode":"WK024312","statnaam":"Wijk 12 Drielanden","jrstatcode":"2010WK024312","rubriek":"wijk","FID":"wijk_gegeneraliseerd_2010.cbb4f370-e6fe-4611-bd91-e817af1947e4"},"id":"WK024312"},{"arcs":[[1948,1949,-1945,-1925,-1921,1950]],"type":"Polygon","properties":{"id":116882,"statcode":"WK024313","statnaam":"Wijk 13 Industriegebied","jrstatcode":"2010WK024313","rubriek":"wijk","FID":"wijk_gegeneraliseerd_2010.be8c0563-ffb3-4ba4-ae63-f6398ba38de3"},"id":"WK024313"},{"arcs":[[1951,-1889,-1884,-1948,-1942,-1944,1952]],"type":"Polygon","properties":{"id":116883,"statcode":"WK024314","statnaam":"Wijk 14 Buitengebied Harderwijk","jrstatcode":"2010WK024314","rubriek":"wijk","FID":"wijk_gegeneraliseerd_2010.67841ca2-c6de-47b6-a6f5-b81be9f08e72"},"id":"WK024314"},{"arcs":[[-1946,-1950,1953]],"type":"Polygon","properties":{"id":116884,"statcode":"WK024315","statnaam":"Wijk 15 Hierden","jrstatcode":"2010WK024315","rubriek":"wijk","FID":"wijk_gegeneraliseerd_2010.ee940d74-9d55-4ab3-a4a5-8ac675351c24"},"id":"WK024315"},{"arcs":[[-1947,-1954,-1949,1954,1955,-1953]],"type":"Polygon","properties":{"id":116885,"statcode":"WK024316","statnaam":"Wijk 16 Buitengebeid Hierden","jrstatcode":"2010WK024316","rubriek":"wijk","FID":"wijk_gegeneraliseerd_2010.0620e17d-b21a-4298-831f-99bfd31c7aca"},"id":"WK024316"},{"arcs":[[1956,1957,-1470,-1474,1958]],"type":"Polygon","properties":{"id":116886,"statcode":"WK024400","statnaam":"Wijk 00 Hattem","jrstatcode":"2010WK024400","rubriek":"wijk","FID":"wijk_gegeneraliseerd_2010.7a7c35f1-c6b7-4497-bc07-650d3fc32e76"},"id":"WK024400"},{"arcs":[[1959,-1251,-1455,-1452,-1471,-1958]],"type":"Polygon","properties":{"id":116887,"statcode":"WK024401","statnaam":"Wijk 01 Polder Hattem en Molecaten","jrstatcode":"2010WK024401","rubriek":"wijk","FID":"wijk_gegeneraliseerd_2010.24711d38-30ec-4f83-8ab0-5b07aabdd3f0"},"id":"WK024401"},{"arcs":[[1960,1961,1962,1963,-1869,-1866,-1878,1964,1965]],"type":"Polygon","properties":{"id":116888,"statcode":"WK024600","statnaam":"Wijk 00 Heerde","jrstatcode":"2010WK024600","rubriek":"wijk","FID":"wijk_gegeneraliseerd_2010.4db7777d-b5ae-4b9f-b30e-51fdd8e4ff70"},"id":"WK024600"},{"arcs":[[-1473,1966,1967,-1966,1968,-1959]],"type":"Polygon","properties":{"id":116889,"statcode":"WK024601","statnaam":"Wijk 01 Wapenveld","jrstatcode":"2010WK024601","rubriek":"wijk","FID":"wijk_gegeneraliseerd_2010.5cc36a5c-d8fa-4fbe-bdc6-dc4851755d52"},"id":"WK024601"},{"arcs":[[1969,1970,1971,-1910,1972,1973,1974,1975]],"type":"Polygon","properties":{"id":116890,"statcode":"WK025200","statnaam":"Wijk 00 Heumen","jrstatcode":"2010WK025200","rubriek":"wijk","FID":"wijk_gegeneraliseerd_2010.80556252-0571-4051-88d4-a435961d6f68"},"id":"WK025200"},{"arcs":[[1976,1977,1978,-1976,1979,1980,1981,1982]],"type":"Polygon","properties":{"id":116891,"statcode":"WK025201","statnaam":"Wijk 01 Overasselt","jrstatcode":"2010WK025201","rubriek":"wijk","FID":"wijk_gegeneraliseerd_2010.b3a3aa6a-05fb-46c8-a18d-82483dba7eab"},"id":"WK025201"},{"arcs":[[1983,1984]],"type":"Polygon","properties":{"id":116892,"statcode":"WK026200","statnaam":"Wijk 00 Lochem kern","jrstatcode":"2010WK026200","rubriek":"wijk","FID":"wijk_gegeneraliseerd_2010.b8362104-bb76-45a2-9540-c2c800bffce6"},"id":"WK026200"},{"arcs":[[1985,1986,1987,1988,1989,1990,-1985,1991,1992]],"type":"Polygon","properties":{"id":116893,"statcode":"WK026201","statnaam":"Wijk 01 Lochem buitengebied","jrstatcode":"2010WK026201","rubriek":"wijk","FID":"wijk_gegeneraliseerd_2010.2d1d8cd3-1c48-447a-8733-3c35dbedf4d4"},"id":"WK026201"},{"arcs":[[-1992,-1984,-1991,1993,1994]],"type":"Polygon","properties":{"id":116894,"statcode":"WK026202","statnaam":"Wijk 02 Laren","jrstatcode":"2010WK026202","rubriek":"wijk","FID":"wijk_gegeneraliseerd_2010.1df99dad-571c-4fbc-b034-2d58e92c6063"},"id":"WK026202"},{"arcs":[[-1987,1995,1996,1997]],"type":"Polygon","properties":{"id":116895,"statcode":"WK026203","statnaam":"Wijk 03 Barchem","jrstatcode":"2010WK026203","rubriek":"wijk","FID":"wijk_gegeneraliseerd_2010.5fe58ebc-a9fb-4343-9d4e-f4af3987aa95"},"id":"WK026203"},{"arcs":[[1998,1999,2000,-1029,-1033,2001,2002,2003]],"type":"Polygon","properties":{"id":116896,"statcode":"WK026204","statnaam":"Wijk 04 Gorssel","jrstatcode":"2010WK026204","rubriek":"wijk","FID":"wijk_gegeneraliseerd_2010.edf80879-a365-4e50-953e-4d951e06eb83"},"id":"WK026204"},{"arcs":[[-1032,-1046,2004,2005,-1994,-1990,2006,-2002]],"type":"Polygon","properties":{"id":116897,"statcode":"WK026205","statnaam":"Wijk 01 Almen-Harfsen","jrstatcode":"2010WK026205","rubriek":"wijk","FID":"wijk_gegeneraliseerd_2010.f403c836-269d-4658-950b-735ca3784f60"},"id":"WK026205"},{"arcs":[[2007,2008,2009,2010,2011,2012,2013]],"type":"Polygon","properties":{"id":116898,"statcode":"WK026300","statnaam":"Wijk 00 Kerkdriel","jrstatcode":"2010WK026300","rubriek":"wijk","FID":"wijk_gegeneraliseerd_2010.2e59fedc-dabc-4e3a-8721-2b77e9f526ad"},"id":"WK026300"},{"arcs":[[2014,2015,2016,2017,2018]],"type":"Polygon","properties":{"id":116899,"statcode":"WK026301","statnaam":"Wijk 01 Ammerzoden","jrstatcode":"2010WK026301","rubriek":"wijk","FID":"wijk_gegeneraliseerd_2010.e15d0174-fe73-40e3-a7c1-aee94caa6060"},"id":"WK026301"},{"arcs":[[2019,-2010,2020,2021,-2015]],"type":"Polygon","properties":{"id":116900,"statcode":"WK026302","statnaam":"Wijk 02 Hedel","jrstatcode":"2010WK026302","rubriek":"wijk","FID":"wijk_gegeneraliseerd_2010.f307be62-3a50-4e6c-96d4-454ab34a9905"},"id":"WK026302"},{"arcs":[[2022,2023,-2013,2024,2025,2026]],"type":"Polygon","properties":{"id":116901,"statcode":"WK026303","statnaam":"Wijk 03 Heerewaarden","jrstatcode":"2010WK026303","rubriek":"wijk","FID":"wijk_gegeneraliseerd_2010.53b5d37d-b274-4e2b-a476-77de24cef87e"},"id":"WK026303"},{"arcs":[[-2025,-2012,2027,2028,2029,2030,2031]],"type":"Polygon","properties":{"id":116902,"statcode":"WK026304","statnaam":"Wijk 04 Rossum","jrstatcode":"2010WK026304","rubriek":"wijk","FID":"wijk_gegeneraliseerd_2010.9646b488-8283-4625-be30-be8c59894275"},"id":"WK026304"},{"arcs":[[2032,2033,2034,-1483,-1477,2035]],"type":"Polygon","properties":{"id":116903,"statcode":"WK026500","statnaam":"Wijk 00","jrstatcode":"2010WK026500","rubriek":"wijk","FID":"wijk_gegeneraliseerd_2010.de7dcddf-c18f-4bbf-a5b8-d4d5c9e5b69e"},"id":"WK026500"},{"arcs":[[2036,2037,2038,2039]],"type":"Polygon","properties":{"id":116904,"statcode":"WK026701","statnaam":"Wijk 01 Nijkerk","jrstatcode":"2010WK026701","rubriek":"wijk","FID":"wijk_gegeneraliseerd_2010.99ecfecb-0a6f-4db4-8d5d-ded68dabce44"},"id":"WK026701"},{"arcs":[[2040,2041,-1648,-1656,-1663,2042,-2037]],"type":"Polygon","properties":{"id":116905,"statcode":"WK026702","statnaam":"Wijk 02 't Woud","jrstatcode":"2010WK026702","rubriek":"wijk","FID":"wijk_gegeneraliseerd_2010.4fc1d30a-4eb0-4f35-9afc-0993c6afd003"},"id":"WK026702"},{"arcs":[[-2043,-1665,2043,2044,2045,-2038]],"type":"Polygon","properties":{"id":116906,"statcode":"WK026703","statnaam":"Wijk 03 Nijkerkerveen","jrstatcode":"2010WK026703","rubriek":"wijk","FID":"wijk_gegeneraliseerd_2010.f252d775-6a5c-4ce8-bddd-6fca105756c9"},"id":"WK026703"},{"arcs":[[2046,2047,-2039,-2046,2048,2049]],"type":"Polygon","properties":{"id":116907,"statcode":"WK026704","statnaam":"Wijk 04 Verspreide huizen Nijkerk","jrstatcode":"2010WK026704","rubriek":"wijk","FID":"wijk_gegeneraliseerd_2010.dfdfe31a-9efc-460f-816c-e780d6565d50"},"id":"WK026704"},{"arcs":[[-1660,2050,2051,2052,-2044,-1664]],"type":"Polygon","properties":{"id":116908,"statcode":"WK026705","statnaam":"Wijk 05 Hoevelaken","jrstatcode":"2010WK026705","rubriek":"wijk","FID":"wijk_gegeneraliseerd_2010.3be3ade7-5626-478d-b240-ae69ee58b02b"},"id":"WK026705"},{"arcs":[[2053,2054,2055]],"type":"Polygon","properties":{"id":116909,"statcode":"WK026801","statnaam":"Wijk 01 Nijmegen-Centrum","jrstatcode":"2010WK026801","rubriek":"wijk","FID":"wijk_gegeneraliseerd_2010.b29e1995-9044-4b1c-9f97-f390d9b3b8be"},"id":"WK026801"},{"arcs":[[2056,2057,-1911,-1972,2058,2059,2060,-2054]],"type":"Polygon","properties":{"id":116910,"statcode":"WK026802","statnaam":"Wijk 02 Nijmegen-Oost","jrstatcode":"2010WK026802","rubriek":"wijk","FID":"wijk_gegeneraliseerd_2010.26f515e6-f06a-4f20-867f-31cfb0518519"},"id":"WK026802"},{"arcs":[[-2061,2061,2062,2063,-2055]],"type":"Polygon","properties":{"id":116911,"statcode":"WK026803","statnaam":"Wijk 03 Nijmegen-Oud-West","jrstatcode":"2010WK026803","rubriek":"wijk","FID":"wijk_gegeneraliseerd_2010.567cd01e-31a4-4f65-aca1-eb9c8d001274"},"id":"WK026803"},{"arcs":[[2064,2065,-1685,2066,-2063]],"type":"Polygon","properties":{"id":116912,"statcode":"WK026804","statnaam":"Wijk 04 Nijmegen-Nieuw-West","jrstatcode":"2010WK026804","rubriek":"wijk","FID":"wijk_gegeneraliseerd_2010.96e5967a-d6ad-4484-990d-de20fbe4057a"},"id":"WK026804"},{"arcs":[[2067,-2065,-2062,-2060,2068]],"type":"Polygon","properties":{"id":116913,"statcode":"WK026805","statnaam":"Wijk 05 Nijmegen-Midden","jrstatcode":"2010WK026805","rubriek":"wijk","FID":"wijk_gegeneraliseerd_2010.906d07ac-6c25-4732-b4c6-bd3660820fe4"},"id":"WK026805"},{"arcs":[[-2059,-1971,2069,-2069]],"type":"Polygon","properties":{"id":116914,"statcode":"WK026806","statnaam":"Wijk 06 Nijmegen-Zuid","jrstatcode":"2010WK026806","rubriek":"wijk","FID":"wijk_gegeneraliseerd_2010.9a81e509-4ec8-4786-be55-e368141cda80"},"id":"WK026806"},{"arcs":[[-1970,-1979,2070,2071,2072,-2068,-2070]],"type":"Polygon","properties":{"id":116915,"statcode":"WK026807","statnaam":"Wijk 07 Dukenburg","jrstatcode":"2010WK026807","rubriek":"wijk","FID":"wijk_gegeneraliseerd_2010.a5dee6f3-db2c-430f-85a0-60dd6710e4be"},"id":"WK026807"},{"arcs":[[-1682,-2066,-2073,2073,-1674]],"type":"Polygon","properties":{"id":116916,"statcode":"WK026808","statnaam":"Wijk 08 Lindenholt","jrstatcode":"2010WK026808","rubriek":"wijk","FID":"wijk_gegeneraliseerd_2010.25fee5eb-4090-4b7a-9521-701d70ac990f"},"id":"WK026808"},{"arcs":[[2074,2075,-2057,-2056,-2064,-2067,-1684,2076,2077]],"type":"Polygon","properties":{"id":116917,"statcode":"WK026809","statnaam":"Wijk 09 Nijmegen-Noord","jrstatcode":"2010WK026809","rubriek":"wijk","FID":"wijk_gegeneraliseerd_2010.ed87dfd8-7876-4c35-a72e-cbeaedc2c18d"},"id":"WK026809"},{"arcs":[[-1880,-1863,-1855,2078,2079,-1965]],"type":"Polygon","properties":{"id":116918,"statcode":"WK026900","statnaam":"Wijk 00 Oldebroek","jrstatcode":"2010WK026900","rubriek":"wijk","FID":"wijk_gegeneraliseerd_2010.8a900dc6-211a-4e67-8169-a228d659478d"},"id":"WK026900"},{"arcs":[[-1960,-1957,-1969,-2080,2080,-1259,-1252]],"type":"Polygon","properties":{"id":116919,"statcode":"WK026901","statnaam":"Wijk 01 Wezep","jrstatcode":"2010WK026901","rubriek":"wijk","FID":"wijk_gegeneraliseerd_2010.47e3cca7-e091-42e4-8645-a31fc6a26f80"},"id":"WK026901"},{"arcs":[[-1260,-2081,-2079,-1854,2081,-1243]],"type":"Polygon","properties":{"id":116920,"statcode":"WK026902","statnaam":"Wijk 02 Oosterwolde","jrstatcode":"2010WK026902","rubriek":"wijk","FID":"wijk_gegeneraliseerd_2010.3263f287-c3d5-4b18-a617-4a3267e756c2"},"id":"WK026902"},{"arcs":[[2082,-2041,-2040,-2048,2083,-1887]],"type":"Polygon","properties":{"id":116921,"statcode":"WK027300","statnaam":"Wijk 00 Putten","jrstatcode":"2010WK027300","rubriek":"wijk","FID":"wijk_gegeneraliseerd_2010.e0ba0df1-edb7-4aa2-ae41-9c726381e06e"},"id":"WK027300"},{"arcs":[[-1888,-1654,-1643,-2042,-2083,-1886]],"type":"Polygon","properties":{"id":116922,"statcode":"WK027301","statnaam":"Wijk 01 Bosgebied en Krachtighuizen","jrstatcode":"2010WK027301","rubriek":"wijk","FID":"wijk_gegeneraliseerd_2010.e01fe8be-c886-48cb-a16b-4f977b0280f0"},"id":"WK027301"},{"arcs":[[2084,2085,-1836,-1829,2086]],"type":"Polygon","properties":{"id":116923,"statcode":"WK027400","statnaam":"Wijk 00 Renkum","jrstatcode":"2010WK027400","rubriek":"wijk","FID":"wijk_gegeneraliseerd_2010.2c402268-153c-4fb5-9f8f-4a2abe9a1899"},"id":"WK027400"},{"arcs":[[-1612,-1634,2087,2088,-1600,-1606]],"type":"Polygon","properties":{"id":116924,"statcode":"WK027401","statnaam":"Wijk 01 Oosterbeek","jrstatcode":"2010WK027401","rubriek":"wijk","FID":"wijk_gegeneraliseerd_2010.3e9f9138-5e24-46a8-be93-566c1598458c"},"id":"WK027401"},{"arcs":[[-1828,-1853,-1601,-2089,2089,-2087]],"type":"Polygon","properties":{"id":116925,"statcode":"WK027402","statnaam":"Wijk 02 Doorwerth","jrstatcode":"2010WK027402","rubriek":"wijk","FID":"wijk_gegeneraliseerd_2010.986353c2-1089-4461-a467-cea802f7ca38"},"id":"WK027402"},{"arcs":[[2090,-1708,-1705,-1703,2091,-1747,2092,2093]],"type":"Polygon","properties":{"id":116926,"statcode":"WK027500","statnaam":"Wijk 00 Dieren","jrstatcode":"2010WK027500","rubriek":"wijk","FID":"wijk_gegeneraliseerd_2010.9a092a85-010e-4560-abed-49ce07f1c498"},"id":"WK027500"},{"arcs":[[2094,2095,2096,2097,-2094]],"type":"Polygon","properties":{"id":116927,"statcode":"WK027501","statnaam":"Wijk 01 Rheden","jrstatcode":"2010WK027501","rubriek":"wijk","FID":"wijk_gegeneraliseerd_2010.1d86f87b-ce00-4a16-a6bf-aad55cd44be9"},"id":"WK027501"},{"arcs":[[2098,2099,2100,-1577,-1588,2101,-2097]],"type":"Polygon","properties":{"id":116928,"statcode":"WK027502","statnaam":"Wijk 02 Velp","jrstatcode":"2010WK027502","rubriek":"wijk","FID":"wijk_gegeneraliseerd_2010.e3ed785b-1f68-43d8-ad3d-8e5b678fccc8"},"id":"WK027502"},{"arcs":[[-1545,-1707,-2091,-2098,-2102,-1587,-1594,-1598]],"type":"Polygon","properties":{"id":116929,"statcode":"WK027700","statnaam":"Wijk 00","jrstatcode":"2010WK027700","rubriek":"wijk","FID":"wijk_gegeneraliseerd_2010.f22a0ab0-395b-4c03-93b1-25638c0aeacf"},"id":"WK027700"},{"arcs":[[2102,-1666,-1636,2103]],"type":"Polygon","properties":{"id":116930,"statcode":"WK027900","statnaam":"Wijk 00","jrstatcode":"2010WK027900","rubriek":"wijk","FID":"wijk_gegeneraliseerd_2010.cb5d85fb-526f-465e-b230-06e128b8a5f6"},"id":"WK027900"},{"arcs":[[2104,2105,2106,2107,2108,2109,2110]],"type":"Polygon","properties":{"id":116931,"statcode":"WK028100","statnaam":"Wijk 00 Tiel kern","jrstatcode":"2010WK028100","rubriek":"wijk","FID":"wijk_gegeneraliseerd_2010.0f6255e7-32a6-475e-8c9d-ac4458b4340a"},"id":"WK028100"},{"arcs":[[[2111,-1724,2112,-2111]],[[2113,-2109,2114,2115]]],"type":"MultiPolygon","properties":{"id":116932,"statcode":"WK028101","statnaam":"Wijk 01 Tiel overig gebied","jrstatcode":"2010WK028101","rubriek":"wijk","FID":"wijk_gegeneraliseerd_2010.c2bb5d21-6395-4a38-96b4-3e93882c812e"},"id":"WK028101"},{"arcs":[[[-2112,-2110,-2114,2116,2117,-1895,-1725]],[[-1723,2118,-2105,-2113]]],"type":"MultiPolygon","properties":{"id":116933,"statcode":"WK028102","statnaam":"Wijk 02 Wadenoijen en omgeving","jrstatcode":"2010WK028102","rubriek":"wijk","FID":"wijk_gegeneraliseerd_2010.18db1970-85f6-47e7-9bec-ce0241fc78a4"},"id":"WK028102"},{"arcs":[[2119,-1905,-2058,-2076,2120,2121,-2033]],"type":"Polygon","properties":{"id":116934,"statcode":"WK028200","statnaam":"Wijk 00","jrstatcode":"2010WK028200","rubriek":"wijk","FID":"wijk_gegeneraliseerd_2010.1eb9a9ed-5373-43c1-a9dc-95d1e976ad71"},"id":"WK028200"},{"arcs":[[-1541,2122,2123,-2000,2124,-1692]],"type":"Polygon","properties":{"id":116935,"statcode":"WK028500","statnaam":"Wijk 00 Voorst","jrstatcode":"2010WK028500","rubriek":"wijk","FID":"wijk_gegeneraliseerd_2010.b47339d2-4f88-48ee-a4cb-4379fd392485"},"id":"WK028500"},{"arcs":[[2125,2126,-1876,-1872,2127,-1042,-1023,-1013,-1009]],"type":"Polygon","properties":{"id":116936,"statcode":"WK028501","statnaam":"Wijk 01 Twello-Nijbroek","jrstatcode":"2010WK028501","rubriek":"wijk","FID":"wijk_gegeneraliseerd_2010.3d88dfb0-6cc2-4e0e-b82e-dcb1235fd9ea"},"id":"WK028501"},{"arcs":[[-1555,-1877,-2127,2128,-2123,-1540,-1554]],"type":"Polygon","properties":{"id":116937,"statcode":"WK028502","statnaam":"Wijk 02 Klarenbeek-Teuge","jrstatcode":"2010WK028502","rubriek":"wijk","FID":"wijk_gegeneraliseerd_2010.7faa3d45-9c1e-45c7-8721-a1f4541e30a5"},"id":"WK028502"},{"arcs":[[-1008,-2001,-2124,-2129,-2126]],"type":"Polygon","properties":{"id":116938,"statcode":"WK028503","statnaam":"Wijk 03 Wilp","jrstatcode":"2010WK028503","rubriek":"wijk","FID":"wijk_gegeneraliseerd_2010.98b4f01f-62fc-4682-b74a-47184aee2ab8"},"id":"WK028503"},{"arcs":[[2129]],"type":"Polygon","properties":{"id":116939,"statcode":"WK028900","statnaam":"Wijk 00 Stedelijk gebied","jrstatcode":"2010WK028900","rubriek":"wijk","FID":"wijk_gegeneraliseerd_2010.5b58ff59-60a7-4e92-baee-a259fb442d30"},"id":"WK028900"},{"arcs":[[-1837,-2086,2130,2131,2132,2133],[-2130]],"type":"Polygon","properties":{"id":116940,"statcode":"WK028901","statnaam":"Wijk 01 Landelijk gebied","jrstatcode":"2010WK028901","rubriek":"wijk","FID":"wijk_gegeneraliseerd_2010.c6c0ce46-1bcd-4064-a49d-7208eb953255"},"id":"WK028901"},{"arcs":[[2134,-1572,-1575,-2101,2135,-1800]],"type":"Polygon","properties":{"id":116941,"statcode":"WK029300","statnaam":"Wijk 00","jrstatcode":"2010WK029300","rubriek":"wijk","FID":"wijk_gegeneraliseerd_2010.fd6beabf-3d08-49fd-99ad-b7442c7c903e"},"id":"WK029300"},{"arcs":[[2136]],"type":"Polygon","properties":{"id":116942,"statcode":"WK029400","statnaam":"Wijk 00 Stad","jrstatcode":"2010WK029400","rubriek":"wijk","FID":"wijk_gegeneraliseerd_2010.17ae6229-9c1f-4854-87d8-692fef42ddfd"},"id":"WK029400"},{"arcs":[[-1487,-1496,2137,2138],[-2137]],"type":"Polygon","properties":{"id":116943,"statcode":"WK029401","statnaam":"Wijk 01 Land","jrstatcode":"2010WK029401","rubriek":"wijk","FID":"wijk_gegeneraliseerd_2010.15e64777-9447-4a58-8ec2-48bad430d9f5"},"id":"WK029401"},{"arcs":[[[-1978,2139,2140,2141,2142,2143,2144,2145,-2071]],[[2146,-1677,-1675,-2074,2147]]],"type":"MultiPolygon","properties":{"id":116944,"statcode":"WK029600","statnaam":"Wijk 00 Wijchen buitengebied","jrstatcode":"2010WK029600","rubriek":"wijk","FID":"wijk_gegeneraliseerd_2010.987bb57f-3e89-4308-a8dc-b0c463663f14"},"id":"WK029600"},{"arcs":[[-2072,-2146,2148,-2148]],"type":"Polygon","properties":{"id":116945,"statcode":"WK029601","statnaam":"Wijk 01 Wijchen kern","jrstatcode":"2010WK029601","rubriek":"wijk","FID":"wijk_gegeneraliseerd_2010.42a7e8d5-8bf7-4587-92b0-2ff2ddc865f9"},"id":"WK029601"},{"arcs":[[-2149,-2145,2149,-1787,-1688,-1678,-2147]],"type":"Polygon","properties":{"id":116946,"statcode":"WK029602","statnaam":"Wijk 02 Bergharen","jrstatcode":"2010WK029602","rubriek":"wijk","FID":"wijk_gegeneraliseerd_2010.9f1e695f-2fb2-4548-a55b-67c1fab5fc0e"},"id":"WK029602"},{"arcs":[[-2150,-2144,2150,2151,-1788]],"type":"Polygon","properties":{"id":116947,"statcode":"WK029603","statnaam":"Wijk 03 Batenburg","jrstatcode":"2010WK029603","rubriek":"wijk","FID":"wijk_gegeneraliseerd_2010.56fc8e30-8ed5-4de1-aa50-b77c543b33dc"},"id":"WK029603"},{"arcs":[[2152,2153,-2030,2154,2155]],"type":"Polygon","properties":{"id":116948,"statcode":"WK029700","statnaam":"Wijk 00 Zaltbommel","jrstatcode":"2010WK029700","rubriek":"wijk","FID":"wijk_gegeneraliseerd_2010.b319ed1c-2c10-4141-a25b-4d1487c6839c"},"id":"WK029700"},{"arcs":[[2156,2157,2158,2159,2160,2161,2162,2163,2164,2165,2166,2167]],"type":"Polygon","properties":{"id":116949,"statcode":"WK029701","statnaam":"Wijk 01 Brakel","jrstatcode":"2010WK029701","rubriek":"wijk","FID":"wijk_gegeneraliseerd_2010.3148006e-7131-4485-875e-2f28d673ccdd"},"id":"WK029701"},{"arcs":[[-2028,-2011,-2020,-2019,2168,-2167,2169,2170,-2156]],"type":"Polygon","properties":{"id":116950,"statcode":"WK029702","statnaam":"Wijk 02 Kerkwijk","jrstatcode":"2010WK029702","rubriek":"wijk","FID":"wijk_gegeneraliseerd_2010.0181d15d-e436-4097-85db-aa0f8b87b84e"},"id":"WK029702"},{"arcs":[[-2018,2171,2172,-2168,-2169]],"type":"Polygon","properties":{"id":116951,"statcode":"WK029703","statnaam":"Wijk 03 Nederhemert","jrstatcode":"2010WK029703","rubriek":"wijk","FID":"wijk_gegeneraliseerd_2010.2f3c4763-0deb-48b3-ac21-c3e1f46e58f4"},"id":"WK029703"},{"arcs":[[-1480,-1797,2173,2174,2175]],"type":"Polygon","properties":{"id":116952,"statcode":"WK029900","statnaam":"Wijk 00 Zevenaar","jrstatcode":"2010WK029900","rubriek":"wijk","FID":"wijk_gegeneraliseerd_2010.cac6d378-ef74-4c64-be42-f319ede2263f"},"id":"WK029900"},{"arcs":[[-2176,2176,2177,2178,-1481]],"type":"Polygon","properties":{"id":116953,"statcode":"WK029901","statnaam":"Wijk 01 Babberich","jrstatcode":"2010WK029901","rubriek":"wijk","FID":"wijk_gegeneraliseerd_2010.af746532-b6cd-4076-8acf-7dc68c4783f9"},"id":"WK029901"},{"arcs":[[-1746,2179,-1783,2180,-2174,-1796,2181,2182,-2095,-2093]],"type":"Polygon","properties":{"id":116954,"statcode":"WK029902","statnaam":"Wijk 02 Angerlo","jrstatcode":"2010WK029902","rubriek":"wijk","FID":"wijk_gegeneraliseerd_2010.0113907f-34cb-4464-88b7-a555cd0b6db4"},"id":"WK029902"},{"arcs":[[-2183,2183,-2099,-2096]],"type":"Polygon","properties":{"id":116955,"statcode":"WK029903","statnaam":"Wijk 03 Giesbeek","jrstatcode":"2010WK029903","rubriek":"wijk","FID":"wijk_gegeneraliseerd_2010.9e70ad53-46e1-48b4-a9b2-e4394ca9148c"},"id":"WK029903"},{"arcs":[[-2182,-1795,-2136,-2100,-2184]],"type":"Polygon","properties":{"id":116956,"statcode":"WK029904","statnaam":"Wijk 04 Lathum","jrstatcode":"2010WK029904","rubriek":"wijk","FID":"wijk_gegeneraliseerd_2010.1516d58b-b7ca-400e-9cb6-75d91c0cfd3e"},"id":"WK029904"},{"arcs":[[2184,2185,-1701,-1694,-1693,-2125,-1999,2186]],"type":"Polygon","properties":{"id":116957,"statcode":"WK030100","statnaam":"Wijk 00 Centrum - De Hoven","jrstatcode":"2010WK030100","rubriek":"wijk","FID":"wijk_gegeneraliseerd_2010.bd8b9261-b327-41e7-b1ed-09bfd2d41cc1"},"id":"WK030100"},{"arcs":[[2187,2188,2189,-2185,2190]],"type":"Polygon","properties":{"id":116958,"statcode":"WK030101","statnaam":"Wijk 01 Waterkwartier","jrstatcode":"2010WK030101","rubriek":"wijk","FID":"wijk_gegeneraliseerd_2010.a85ed098-e742-4492-b3ac-e3571906d63c"},"id":"WK030101"},{"arcs":[[2191,-2191,-2187,-2004]],"type":"Polygon","properties":{"id":116959,"statcode":"WK030102","statnaam":"Wijk 02 Noordveen","jrstatcode":"2010WK030102","rubriek":"wijk","FID":"wijk_gegeneraliseerd_2010.42233fdd-387b-4078-b43e-645b16db8013"},"id":"WK030102"},{"arcs":[[2192,2193,2194,-1697,-2186,-2190]],"type":"Polygon","properties":{"id":116960,"statcode":"WK030103","statnaam":"Wijk 03 Zuidwijken","jrstatcode":"2010WK030103","rubriek":"wijk","FID":"wijk_gegeneraliseerd_2010.8cc7ac83-26d4-47f6-b289-901a5b74f3e0"},"id":"WK030103"},{"arcs":[[2195,-2193,-2189,2196]],"type":"Polygon","properties":{"id":116961,"statcode":"WK030104","statnaam":"Wijk 04 Leesten","jrstatcode":"2010WK030104","rubriek":"wijk","FID":"wijk_gegeneraliseerd_2010.c5d035fc-d277-4762-949c-4aaa2a421861"},"id":"WK030104"},{"arcs":[[-2007,-1989,2197,-2197,-2188,-2192,-2003]],"type":"Polygon","properties":{"id":116962,"statcode":"WK030105","statnaam":"Wijk 05 Warnsveld","jrstatcode":"2010WK030105","rubriek":"wijk","FID":"wijk_gegeneraliseerd_2010.ca15f4fc-db03-4979-9632-bfcffe472a77"},"id":"WK030105"},{"arcs":[[-1864,-1861,2198,-1890,-1952,-1956,2199]],"type":"Polygon","properties":{"id":116963,"statcode":"WK030200","statnaam":"Wijk 00 Nunspeet","jrstatcode":"2010WK030200","rubriek":"wijk","FID":"wijk_gegeneraliseerd_2010.9e48c160-8365-48f4-8032-c8f37b28f4da"},"id":"WK030200"},{"arcs":[[-1879,-1528,-1891,-2199,-1860]],"type":"Polygon","properties":{"id":116964,"statcode":"WK030201","statnaam":"Wijk 01 Elspeet-Vierhouten","jrstatcode":"2010WK030201","rubriek":"wijk","FID":"wijk_gegeneraliseerd_2010.9745ea4d-78a7-4515-8636-cf84f6e6f5f6"},"id":"WK030201"},{"arcs":[[2200,2201,2202,2203,2204]],"type":"Polygon","properties":{"id":116965,"statcode":"WK030301","statnaam":"Wijk 01 Dronten west","jrstatcode":"2010WK030301","rubriek":"wijk","FID":"wijk_gegeneraliseerd_2010.c159326b-2ec7-49df-b8cf-c5c5db99174e"},"id":"WK030301"},{"arcs":[[2205,-2204,2206]],"type":"Polygon","properties":{"id":116966,"statcode":"WK030302","statnaam":"Wijk 02 Dronten Noord","jrstatcode":"2010WK030302","rubriek":"wijk","FID":"wijk_gegeneraliseerd_2010.7093f312-1787-4861-8784-8a829489fc6d"},"id":"WK030302"},{"arcs":[[-2206,2207,2208,2209,-2205]],"type":"Polygon","properties":{"id":116967,"statcode":"WK030303","statnaam":"Wijk 03 Dronten Midden","jrstatcode":"2010WK030303","rubriek":"wijk","FID":"wijk_gegeneraliseerd_2010.998fa4b7-3925-4b19-bf71-7b881d8a9b5e"},"id":"WK030303"},{"arcs":[[-2209,2210]],"type":"Polygon","properties":{"id":116968,"statcode":"WK030304","statnaam":"Wijk 04 Dronten Zuid","jrstatcode":"2010WK030304","rubriek":"wijk","FID":"wijk_gegeneraliseerd_2010.170c0e7e-7dde-4817-828f-147791d006e5"},"id":"WK030304"},{"arcs":[[2211,2212,2213,2214,-2201,-2210,-2211,-2208,-2207,-2203,2215]],"type":"Polygon","properties":{"id":116969,"statcode":"WK030305","statnaam":"Wijk 05 Buitengebied Dronten","jrstatcode":"2010WK030305","rubriek":"wijk","FID":"wijk_gegeneraliseerd_2010.a58c38de-ed59-4a6c-ae44-227353834545"},"id":"WK030305"},{"arcs":[[-2213,2216,-288,2217]],"type":"Polygon","properties":{"id":116970,"statcode":"WK030306","statnaam":"Wijk 06 Biddinghuizen","jrstatcode":"2010WK030306","rubriek":"wijk","FID":"wijk_gegeneraliseerd_2010.791de5b4-e4ac-43ac-81f1-9da1d540e2e1"},"id":"WK030306"},{"arcs":[[-1306,2218,-2216,-2202,-2215,2219,2220,2221]],"type":"Polygon","properties":{"id":116971,"statcode":"WK030307","statnaam":"Wijk 07 Swifterbant","jrstatcode":"2010WK030307","rubriek":"wijk","FID":"wijk_gegeneraliseerd_2010.14676641-fec2-493a-aebb-7aed5f41ebdb"},"id":"WK030307"},{"arcs":[[2222,-1900,2223,-2153,-2171]],"type":"Polygon","properties":{"id":116972,"statcode":"WK030400","statnaam":"Wijk 00 Haaften","jrstatcode":"2010WK030400","rubriek":"wijk","FID":"wijk_gegeneraliseerd_2010.8b59711c-c354-47e5-8203-83bc8e547a3e"},"id":"WK030400"},{"arcs":[[-2031,-2154,-2224,-1899,-1892,-2118,2224]],"type":"Polygon","properties":{"id":116973,"statcode":"WK030401","statnaam":"Wijk 01 Waardenburg en Opijnen","jrstatcode":"2010WK030401","rubriek":"wijk","FID":"wijk_gegeneraliseerd_2010.1fb8cbba-ef6e-42be-bff1-8a5e0bdff503"},"id":"WK030401"},{"arcs":[[-2032,-2225,-2117,-2116,2225,-2026]],"type":"Polygon","properties":{"id":116974,"statcode":"WK030402","statnaam":"Wijk 02 Varik en Ophemert","jrstatcode":"2010WK030402","rubriek":"wijk","FID":"wijk_gegeneraliseerd_2010.83fcf674-2abe-4e68-811a-96edd4d6772b"},"id":"WK030402"},{"arcs":[[2226,2227,2228,2229,2230,2231]],"type":"Polygon","properties":{"id":116975,"statcode":"WK030500","statnaam":"Wijk 00","jrstatcode":"2010WK030500","rubriek":"wijk","FID":"wijk_gegeneraliseerd_2010.c9bc6934-0644-4f6c-af94-12f959b17247"},"id":"WK030500"},{"arcs":[[2232,2233,2234,2235,2236,2237]],"type":"Polygon","properties":{"id":116976,"statcode":"WK030701","statnaam":"Wijk 01 Stadskern","jrstatcode":"2010WK030701","rubriek":"wijk","FID":"wijk_gegeneraliseerd_2010.9ba99c61-34d3-407a-bb75-a7b2065b586d"},"id":"WK030701"},{"arcs":[[2238,2239,2240,2241,-2237]],"type":"Polygon","properties":{"id":116977,"statcode":"WK030702","statnaam":"Wijk 02 Zonnehof","jrstatcode":"2010WK030702","rubriek":"wijk","FID":"wijk_gegeneraliseerd_2010.9d0de4b2-b4ec-40e9-9107-c283bd92af07"},"id":"WK030702"},{"arcs":[[-2242,2242,2243,2244]],"type":"Polygon","properties":{"id":116978,"statcode":"WK030703","statnaam":"Wijk 03 Soesterkwartier","jrstatcode":"2010WK030703","rubriek":"wijk","FID":"wijk_gegeneraliseerd_2010.e4108a98-36c7-4571-8bcc-b59e85a62e7f"},"id":"WK030703"},{"arcs":[[2245,2246,2247,2248,2249,-2238,-2245]],"type":"Polygon","properties":{"id":116979,"statcode":"WK030704","statnaam":"Wijk 04 Industriekwartier","jrstatcode":"2010WK030704","rubriek":"wijk","FID":"wijk_gegeneraliseerd_2010.ccd3cb5c-1765-4b53-a577-8c111224754b"},"id":"WK030704"},{"arcs":[[-2246,-2244,2250,2251,2252,2253,2254,2255,2256]],"type":"Polygon","properties":{"id":116980,"statcode":"WK030705","statnaam":"Wijk 05 Bosgebied","jrstatcode":"2010WK030705","rubriek":"wijk","FID":"wijk_gegeneraliseerd_2010.1106a043-8c67-4770-92ea-e5722ab6f805"},"id":"WK030705"},{"arcs":[[-2233,-2250,2257,2258,2259]],"type":"Polygon","properties":{"id":116981,"statcode":"WK030706","statnaam":"Wijk 06 De Koppel","jrstatcode":"2010WK030706","rubriek":"wijk","FID":"wijk_gegeneraliseerd_2010.e9ab113b-8f12-48b7-a8bc-ed9f3dbb33df"},"id":"WK030706"},{"arcs":[[2260,-2234,-2260,2261]],"type":"Polygon","properties":{"id":116982,"statcode":"WK030707","statnaam":"Wijk 07 De Kruiskamp","jrstatcode":"2010WK030707","rubriek":"wijk","FID":"wijk_gegeneraliseerd_2010.baaa49a6-6a52-47a2-871e-da7359b0b9ed"},"id":"WK030707"},{"arcs":[[2262,-2258,-2249,2263,2264,2265]],"type":"Polygon","properties":{"id":116983,"statcode":"WK030708","statnaam":"Wijk 08 Schothorst Zuid","jrstatcode":"2010WK030708","rubriek":"wijk","FID":"wijk_gegeneraliseerd_2010.463e31b4-b621-434f-bd90-508ebe860184"},"id":"WK030708"},{"arcs":[[2266,2267,2268,2269,-2266]],"type":"Polygon","properties":{"id":116984,"statcode":"WK030709","statnaam":"Wijk 09 Schothorst Noord","jrstatcode":"2010WK030709","rubriek":"wijk","FID":"wijk_gegeneraliseerd_2010.be533cce-c493-4157-84a2-6f87818d759e"},"id":"WK030709"},{"arcs":[[2270,-2262,2271,2272]],"type":"Polygon","properties":{"id":116985,"statcode":"WK030710","statnaam":"Wijk 10 Liendert","jrstatcode":"2010WK030710","rubriek":"wijk","FID":"wijk_gegeneraliseerd_2010.ce52d0a6-a0aa-4f35-96cf-564f0e72cc52"},"id":"WK030710"},{"arcs":[[2273,2274,-2273]],"type":"Polygon","properties":{"id":116986,"statcode":"WK030711","statnaam":"Wijk 11 Rustenburg","jrstatcode":"2010WK030711","rubriek":"wijk","FID":"wijk_gegeneraliseerd_2010.087dfd28-14f5-43fa-aef2-492b9215becb"},"id":"WK030711"},{"arcs":[[-2051,-1659,2275,2276,2277,2278]],"type":"Polygon","properties":{"id":116987,"statcode":"WK030712","statnaam":"Wijk 12 Buitengebied Oost","jrstatcode":"2010WK030712","rubriek":"wijk","FID":"wijk_gegeneraliseerd_2010.e9905cef-e720-45b9-ba5f-5996a9ee49e1"},"id":"WK030712"},{"arcs":[[-2275,-2278,2279,2280,-2271]],"type":"Polygon","properties":{"id":116988,"statcode":"WK030713","statnaam":"Wijk 13 Schuilenburg","jrstatcode":"2010WK030713","rubriek":"wijk","FID":"wijk_gegeneraliseerd_2010.35fe7897-1502-4258-88a4-234b3f97ede2"},"id":"WK030713"},{"arcs":[[-2261,-2281,2281,2282,2283,-2235]],"type":"Polygon","properties":{"id":116989,"statcode":"WK030714","statnaam":"Wijk 14 Randenbroek","jrstatcode":"2010WK030714","rubriek":"wijk","FID":"wijk_gegeneraliseerd_2010.f000ab45-51a9-4c24-8477-8c63360842d4"},"id":"WK030714"},{"arcs":[[2284,2285,-2239,-2236,-2284]],"type":"Polygon","properties":{"id":116990,"statcode":"WK030715","statnaam":"Wijk 15 Dorrestein","jrstatcode":"2010WK030715","rubriek":"wijk","FID":"wijk_gegeneraliseerd_2010.26145444-f710-404c-9b4c-78ef17e8765a"},"id":"WK030715"},{"arcs":[[2286,-2253,2287,-2286]],"type":"Polygon","properties":{"id":116991,"statcode":"WK030716","statnaam":"Wijk 16 Leusderkwartier","jrstatcode":"2010WK030716","rubriek":"wijk","FID":"wijk_gegeneraliseerd_2010.c984cc15-cbbb-4b9d-bdac-778d33a9cbfc"},"id":"WK030716"},{"arcs":[[-2252,2288,-2240,-2288]],"type":"Polygon","properties":{"id":116992,"statcode":"WK030717","statnaam":"Wijk 17 De Berg Zuid","jrstatcode":"2010WK030717","rubriek":"wijk","FID":"wijk_gegeneraliseerd_2010.129692d3-0463-4da0-b3cd-f3d5fd50aafa"},"id":"WK030717"},{"arcs":[[-2251,-2243,-2241,-2289]],"type":"Polygon","properties":{"id":116993,"statcode":"WK030718","statnaam":"Wijk 18 De Berg Noord","jrstatcode":"2010WK030718","rubriek":"wijk","FID":"wijk_gegeneraliseerd_2010.525b13d5-e4e5-43f9-ab15-eb18e6915ba2"},"id":"WK030718"},{"arcs":[[2289,2290,-2267,-2265,2291,2292]],"type":"Polygon","properties":{"id":116994,"statcode":"WK030719","statnaam":"Wijk 19 Hoogland","jrstatcode":"2010WK030719","rubriek":"wijk","FID":"wijk_gegeneraliseerd_2010.888457cf-354a-45a0-a849-0be6305034dd"},"id":"WK030719"},{"arcs":[[2293,2294,-2269,2295]],"type":"Polygon","properties":{"id":116995,"statcode":"WK030720","statnaam":"Wijk 20 Zielhorst","jrstatcode":"2010WK030720","rubriek":"wijk","FID":"wijk_gegeneraliseerd_2010.b935cc04-75fd-4ee4-b7d5-859c5af123bc"},"id":"WK030720"},{"arcs":[[2296,2297,2298,-2294,2299,-2290]],"type":"Polygon","properties":{"id":116996,"statcode":"WK030721","statnaam":"Wijk 21 Kattenbroek","jrstatcode":"2010WK030721","rubriek":"wijk","FID":"wijk_gegeneraliseerd_2010.ae1c5cb1-4f1c-4259-8b34-be38054e4919"},"id":"WK030721"},{"arcs":[[2300,-2297,2301]],"type":"Polygon","properties":{"id":116997,"statcode":"WK030722","statnaam":"Wijk 22 De Brand","jrstatcode":"2010WK030722","rubriek":"wijk","FID":"wijk_gegeneraliseerd_2010.941bd67a-2abc-4344-9139-0ae89b1f8a86"},"id":"WK030722"},{"arcs":[[-2268,-2291,-2300,-2296]],"type":"Polygon","properties":{"id":116998,"statcode":"WK030723","statnaam":"Wijk 23 Park Schothorst","jrstatcode":"2010WK030723","rubriek":"wijk","FID":"wijk_gegeneraliseerd_2010.a28fbf87-a559-438e-8124-e0274173fa9b"},"id":"WK030723"},{"arcs":[[2302,-2302,-2293,2303,2304]],"type":"Polygon","properties":{"id":116999,"statcode":"WK030724","statnaam":"Wijk 24 Nieuwland","jrstatcode":"2010WK030724","rubriek":"wijk","FID":"wijk_gegeneraliseerd_2010.38efa920-9d72-4648-952b-e5999b8d3ead"},"id":"WK030724"},{"arcs":[[-2279,-2274,-2272,-2259,-2263,-2270,-2295,-2299,2305,2306,2307,-2052]],"type":"Polygon","properties":{"id":117000,"statcode":"WK030725","statnaam":"Wijk 25 De Hoef","jrstatcode":"2010WK030725","rubriek":"wijk","FID":"wijk_gegeneraliseerd_2010.4715f9c3-a384-4735-87c8-cec5451e0187"},"id":"WK030725"},{"arcs":[[-2307,2308]],"type":"Polygon","properties":{"id":117001,"statcode":"WK030726","statnaam":"Wijk 26 Hooglanderveen","jrstatcode":"2010WK030726","rubriek":"wijk","FID":"wijk_gegeneraliseerd_2010.2ac960dc-a79f-4151-97a8-139d87e52711"},"id":"WK030726"},{"arcs":[[-2264,-2248,2309,2310,2311,-2304,-2292]],"type":"Polygon","properties":{"id":117002,"statcode":"WK030727","statnaam":"Wijk 27 Buitengebied West","jrstatcode":"2010WK030727","rubriek":"wijk","FID":"wijk_gegeneraliseerd_2010.0af9c4a7-e948-4b49-a044-bfff83a39e9e"},"id":"WK030727"},{"arcs":[[-2045,-2053,-2308,-2309,-2306,-2298,-2301,-2303,2312,-2049]],"type":"Polygon","properties":{"id":117003,"statcode":"WK030728","statnaam":"Wijk 28 Vathorst","jrstatcode":"2010WK030728","rubriek":"wijk","FID":"wijk_gegeneraliseerd_2010.1b76ae53-6dfa-41cb-9080-35cb571c4a6b"},"id":"WK030728"},{"arcs":[[2313,2314,2315]],"type":"Polygon","properties":{"id":117004,"statcode":"WK030800","statnaam":"Wijk 00 Baarn","jrstatcode":"2010WK030800","rubriek":"wijk","FID":"wijk_gegeneraliseerd_2010.c3d73390-b6ce-47dc-8b3b-844edeb7c3fa"},"id":"WK030800"},{"arcs":[[2316,2317,-2311,2318,2319,-2316,2320,2321]],"type":"Polygon","properties":{"id":117005,"statcode":"WK030801","statnaam":"Wijk 01 Baarn-Noord. Eemdal en Eemland","jrstatcode":"2010WK030801","rubriek":"wijk","FID":"wijk_gegeneraliseerd_2010.a03a2cba-70cc-4d50-9ac8-dc6506876587"},"id":"WK030801"},{"arcs":[[2322,-2321,-2315]],"type":"Polygon","properties":{"id":117006,"statcode":"WK030802","statnaam":"Wijk 02 P.H.W.park","jrstatcode":"2010WK030802","rubriek":"wijk","FID":"wijk_gegeneraliseerd_2010.56fce1a9-fe2b-463d-b60f-33ab608a3fe4"},"id":"WK030802"},{"arcs":[[2323,2324,2325,2326,-2322,-2323,-2314,-2320,2327,2328,2329]],"type":"Polygon","properties":{"id":117007,"statcode":"WK030803","statnaam":"Wijk 03 Lage Vuursche","jrstatcode":"2010WK030803","rubriek":"wijk","FID":"wijk_gegeneraliseerd_2010.1c874cd5-2b9d-40bf-b8d2-285672613407"},"id":"WK030803"},{"arcs":[[2330,2331,2332,2333,2334,2335,2336,2337]],"type":"Polygon","properties":{"id":117008,"statcode":"WK031000","statnaam":"Wijk 00 De Bilt","jrstatcode":"2010WK031000","rubriek":"wijk","FID":"wijk_gegeneraliseerd_2010.2bd0443e-59b2-4802-9f66-d98bd3756018"},"id":"WK031000"},{"arcs":[[2338,-2333,2339]],"type":"Polygon","properties":{"id":117009,"statcode":"WK031001","statnaam":"Wijk 01 Bilthoven-Zuid","jrstatcode":"2010WK031001","rubriek":"wijk","FID":"wijk_gegeneraliseerd_2010.e5e511b0-bb11-45f3-8293-d7dd5321e4de"},"id":"WK031001"},{"arcs":[[-2340,-2332,2340,2341,2342,-2330,2343]],"type":"Polygon","properties":{"id":117010,"statcode":"WK031002","statnaam":"Wijk 02 Bilthoven-Noord","jrstatcode":"2010WK031002","rubriek":"wijk","FID":"wijk_gegeneraliseerd_2010.fe0fe5b0-6bf7-4980-84d0-da134361a09c"},"id":"WK031002"},{"arcs":[[-2324,-2343,2344,2345,2346]],"type":"Polygon","properties":{"id":117011,"statcode":"WK031003","statnaam":"Wijk 03 Hollandsche Rading","jrstatcode":"2010WK031003","rubriek":"wijk","FID":"wijk_gegeneraliseerd_2010.1dc1081f-56bd-48a2-807c-7e356adeb6be"},"id":"WK031003"},{"arcs":[[-2345,-2342,2347,2348]],"type":"Polygon","properties":{"id":117012,"statcode":"WK031004","statnaam":"Wijk 04 Maartensdijk","jrstatcode":"2010WK031004","rubriek":"wijk","FID":"wijk_gegeneraliseerd_2010.29f334f9-6199-4af4-b045-dc0cb6398e82"},"id":"WK031004"},{"arcs":[[-2348,-2341,-2331,2349,2350,2351]],"type":"Polygon","properties":{"id":117013,"statcode":"WK031005","statnaam":"Wijk 05 Groenekan","jrstatcode":"2010WK031005","rubriek":"wijk","FID":"wijk_gegeneraliseerd_2010.445783e9-4b9f-4064-a47f-072fee690e27"},"id":"WK031005"},{"arcs":[[2352,-2346,-2349,-2352,2353,2354,2355]],"type":"Polygon","properties":{"id":117014,"statcode":"WK031006","statnaam":"Wijk 06 Achttienhoven-Westbroek","jrstatcode":"2010WK031006","rubriek":"wijk","FID":"wijk_gegeneraliseerd_2010.fe3c59e6-798f-4ce0-8f11-719d5027a595"},"id":"WK031006"},{"arcs":[[2356,2357,2358,2359,2360,2361]],"type":"Polygon","properties":{"id":117015,"statcode":"WK031100","statnaam":"Wijk 00 Breukelen","jrstatcode":"2010WK031100","rubriek":"wijk","FID":"wijk_gegeneraliseerd_2010.a5f4b816-28c3-4d47-81f0-91335566064c"},"id":"WK031100"},{"arcs":[[2362,2363,-2359,2364]],"type":"Polygon","properties":{"id":117016,"statcode":"WK031101","statnaam":"Wijk 01 Plassengebied","jrstatcode":"2010WK031101","rubriek":"wijk","FID":"wijk_gegeneraliseerd_2010.fb0d718f-3fb5-4059-b97b-02b47dc54d7e"},"id":"WK031101"},{"arcs":[[2365,-2362,2366,2367,2368,2369,2370]],"type":"Polygon","properties":{"id":117017,"statcode":"WK031102","statnaam":"Wijk 02 West van het Amsterdam-Rijnkanaal","jrstatcode":"2010WK031102","rubriek":"wijk","FID":"wijk_gegeneraliseerd_2010.4b6b0076-aab2-4903-a240-a13202126143"},"id":"WK031102"},{"arcs":[[-2370,2371,2372,2373,2374,2375]],"type":"Polygon","properties":{"id":117018,"statcode":"WK031103","statnaam":"Wijk 03 Kockengen","jrstatcode":"2010WK031103","rubriek":"wijk","FID":"wijk_gegeneraliseerd_2010.d5421953-bd55-4bf6-ab49-a44a83bd3198"},"id":"WK031103"},{"arcs":[[2376,2377,2378,2379]],"type":"Polygon","properties":{"id":117019,"statcode":"WK031200","statnaam":"Wijk 00 Bunnik","jrstatcode":"2010WK031200","rubriek":"wijk","FID":"wijk_gegeneraliseerd_2010.9ff6276f-9005-4586-9b88-b00af5f64f50"},"id":"WK031200"},{"arcs":[[2380,-2378,2381,2382,2383]],"type":"Polygon","properties":{"id":117020,"statcode":"WK031201","statnaam":"Wijk 01 Odijk","jrstatcode":"2010WK031201","rubriek":"wijk","FID":"wijk_gegeneraliseerd_2010.12f5df19-8aa8-4e47-accf-a617512fc824"},"id":"WK031201"},{"arcs":[[2384,2385,2386,2387,-2384]],"type":"Polygon","properties":{"id":117021,"statcode":"WK031202","statnaam":"Wijk 02 Werkhoven","jrstatcode":"2010WK031202","rubriek":"wijk","FID":"wijk_gegeneraliseerd_2010.7f0f04f0-b975-46fa-a408-1bd5cecbf5fb"},"id":"WK031202"},{"arcs":[[-2313,-2305,-2312,-2318,2388,2389,-2050]],"type":"Polygon","properties":{"id":117022,"statcode":"WK031300","statnaam":"Wijk 00","jrstatcode":"2010WK031300","rubriek":"wijk","FID":"wijk_gegeneraliseerd_2010.1ff6459e-5c28-451c-bfd5-490d42558f0a"},"id":"WK031300"},{"arcs":[[2390,-2389,-2317,-2327,2391,2392]],"type":"Polygon","properties":{"id":117023,"statcode":"WK031700","statnaam":"Wijk 00","jrstatcode":"2010WK031700","rubriek":"wijk","FID":"wijk_gegeneraliseerd_2010.59036c01-8ef2-4030-aed1-19edc7bbb34d"},"id":"WK031700"},{"arcs":[[2393,-2379,-2381,-2388,2394,2395,2396,2397]],"type":"Polygon","properties":{"id":117024,"statcode":"WK032101","statnaam":"Wijk 01 Houten","jrstatcode":"2010WK032101","rubriek":"wijk","FID":"wijk_gegeneraliseerd_2010.e9919f5b-e004-4f8d-b484-83c19f91e3b4"},"id":"WK032101"},{"arcs":[[2398,2399,2400]],"type":"Polygon","properties":{"id":117025,"statcode":"WK032102","statnaam":"Wijk 02 Tull en 't Waal","jrstatcode":"2010WK032102","rubriek":"wijk","FID":"wijk_gegeneraliseerd_2010.87ec36bc-bda0-4530-a5f6-16cfbf1b30e1"},"id":"WK032102"},{"arcs":[[-2387,2401,2402,-2395]],"type":"Polygon","properties":{"id":117026,"statcode":"WK032103","statnaam":"Wijk 03 't Goy","jrstatcode":"2010WK032103","rubriek":"wijk","FID":"wijk_gegeneraliseerd_2010.4b30a8b6-0fad-4a2b-a992-87fd2587fc58"},"id":"WK032103"},{"arcs":[[-2396,-2403,2403,2404,-1744,2405,2406,-2399,2407]],"type":"Polygon","properties":{"id":117027,"statcode":"WK032104","statnaam":"Wijk 04 Schalkwijk","jrstatcode":"2010WK032104","rubriek":"wijk","FID":"wijk_gegeneraliseerd_2010.e77a75bf-1445-402d-82ed-7b560c219d95"},"id":"WK032104"},{"arcs":[[2408,2409,2410,2411]],"type":"Polygon","properties":{"id":117028,"statcode":"WK032700","statnaam":"Wijk 00 Leusden-Centrum Oost","jrstatcode":"2010WK032700","rubriek":"wijk","FID":"wijk_gegeneraliseerd_2010.4f143c37-a707-4753-ae89-54283bc6fa88"},"id":"WK032700"},{"arcs":[[2412,2413,2414,-2410,2415,-2285,-2283]],"type":"Polygon","properties":{"id":117029,"statcode":"WK032701","statnaam":"Wijk 01 Leusden-Centrum West","jrstatcode":"2010WK032701","rubriek":"wijk","FID":"wijk_gegeneraliseerd_2010.a7313ec7-2aa4-4698-a8b0-f94fd48661cc"},"id":"WK032701"},{"arcs":[[-2287,-2416,-2409,2416,2417,-2254]],"type":"Polygon","properties":{"id":117030,"statcode":"WK032702","statnaam":"Wijk 02 Leusden-Zuid","jrstatcode":"2010WK032702","rubriek":"wijk","FID":"wijk_gegeneraliseerd_2010.0b2b10ba-3ab2-49dc-a7c6-b778f9531fe5"},"id":"WK032702"},{"arcs":[[-1668,2418,-2411,2419,-2276,-1658,-1671]],"type":"Polygon","properties":{"id":117031,"statcode":"WK032703","statnaam":"Wijk 03 Achterveld","jrstatcode":"2010WK032703","rubriek":"wijk","FID":"wijk_gegeneraliseerd_2010.ccb68d43-9e21-48bb-b5d7-3a68b7b635ba"},"id":"WK032703"},{"arcs":[[-2277,-2420,-2415,2420,-2413,-2282,-2280]],"type":"Polygon","properties":{"id":117032,"statcode":"WK032704","statnaam":"Wijk 04 Stoutenburg","jrstatcode":"2010WK032704","rubriek":"wijk","FID":"wijk_gegeneraliseerd_2010.88df5f1a-060f-4227-967a-13b0e1b79040"},"id":"WK032704"},{"arcs":[[-2421,-2414]],"type":"Polygon","properties":{"id":117033,"statcode":"WK032705","statnaam":"Wijk 05 't Ruige Veld","jrstatcode":"2010WK032705","rubriek":"wijk","FID":"wijk_gegeneraliseerd_2010.96b98551-0669-47e1-a7da-13f6b73eb4cd"},"id":"WK032705"},{"arcs":[[2421,2422,-2357,-2366,2423,-2232,2424,2425,2426,2427,2428]],"type":"Polygon","properties":{"id":117034,"statcode":"WK032900","statnaam":"Wijk 00 Loenen","jrstatcode":"2010WK032900","rubriek":"wijk","FID":"wijk_gegeneraliseerd_2010.353108c0-3f7f-4d1d-b14d-91ec23bcf4c2"},"id":"WK032900"},{"arcs":[[[2429,-2365,-2358,-2423]],[[2430,-2429]]],"type":"MultiPolygon","properties":{"id":117035,"statcode":"WK032901","statnaam":"Wijk 01 Oud-over en Mijnden","jrstatcode":"2010WK032901","rubriek":"wijk","FID":"wijk_gegeneraliseerd_2010.4a9082d6-b8c9-4644-9fea-31bc8af0a4eb"},"id":"WK032901"},{"arcs":[[-2425,-2231,2431,2432]],"type":"Polygon","properties":{"id":117036,"statcode":"WK032902","statnaam":"Wijk 02 Nigtevecht","jrstatcode":"2010WK032902","rubriek":"wijk","FID":"wijk_gegeneraliseerd_2010.b67b671d-b8f5-4917-bad3-1b87ad80edb2"},"id":"WK032902"},{"arcs":[[2433,2434,2435,2436,2437,2438,2439,2440,2441,2442,2443]],"type":"Polygon","properties":{"id":117037,"statcode":"WK033100","statnaam":"Wijk 00 Lopik. Benschop en Polsbroek","jrstatcode":"2010WK033100","rubriek":"wijk","FID":"wijk_gegeneraliseerd_2010.6240d7b4-5eb0-4653-8315-996440d4af9b"},"id":"WK033100"},{"arcs":[[2444,2445,2446,-2367,-2361,2447]],"type":"Polygon","properties":{"id":117038,"statcode":"WK033300","statnaam":"Wijk 00 Maarssen","jrstatcode":"2010WK033300","rubriek":"wijk","FID":"wijk_gegeneraliseerd_2010.61a1151e-db17-4869-bf5a-344c60f2062b"},"id":"WK033300"},{"arcs":[[2448,2449,2450,-2368,-2447]],"type":"Polygon","properties":{"id":117039,"statcode":"WK033301","statnaam":"Wijk 01 Maarssenbroek","jrstatcode":"2010WK033301","rubriek":"wijk","FID":"wijk_gegeneraliseerd_2010.e40bdf59-42a0-461f-9b2d-b227af9cc4cd"},"id":"WK033301"},{"arcs":[[2451,2452,2453,2454,-2445]],"type":"Polygon","properties":{"id":117040,"statcode":"WK033302","statnaam":"Wijk 02 Oud-Zuilen","jrstatcode":"2010WK033302","rubriek":"wijk","FID":"wijk_gegeneraliseerd_2010.f0fa70d4-a59b-41ac-b785-77bd3e0f3349"},"id":"WK033302"},{"arcs":[[2455,-2355,2456,-2452,-2448,-2360,-2364]],"type":"Polygon","properties":{"id":117041,"statcode":"WK033303","statnaam":"Wijk 03 Plassengebied","jrstatcode":"2010WK033303","rubriek":"wijk","FID":"wijk_gegeneraliseerd_2010.cf90d4a3-e4f9-45f8-b6c1-bec9e337d29d"},"id":"WK033303"},{"arcs":[[2457,2458]],"type":"Polygon","properties":{"id":117042,"statcode":"WK033500","statnaam":"Wijk 00","jrstatcode":"2010WK033500","rubriek":"wijk","FID":"wijk_gegeneraliseerd_2010.020f2227-038c-4247-b079-2eecc6b210fb"},"id":"WK033500"},{"arcs":[[2459,-2459,2460,2461,2462,2463,2464,2465,2466,2467,2468]],"type":"Polygon","properties":{"id":117043,"statcode":"WK033501","statnaam":"Wijk 01 Linschoten","jrstatcode":"2010WK033501","rubriek":"wijk","FID":"wijk_gegeneraliseerd_2010.ad9b921b-9d63-45ae-b1e7-e5c6fbae6b7c"},"id":"WK033501"},{"arcs":[[-2458,-2460,2469,-2441,2470,-2461]],"type":"Polygon","properties":{"id":117044,"statcode":"WK033502","statnaam":"Wijk 02 Willeskop","jrstatcode":"2010WK033502","rubriek":"wijk","FID":"wijk_gegeneraliseerd_2010.b933abe8-5347-4f71-a501-33cb610ef5c2"},"id":"WK033502"},{"arcs":[[-1635,-1842,-1847,2471,2472,2473,2474,-2104]],"type":"Polygon","properties":{"id":117045,"statcode":"WK033900","statnaam":"Wijk 00","jrstatcode":"2010WK033900","rubriek":"wijk","FID":"wijk_gegeneraliseerd_2010.a1e219b2-0099-4bd7-8fff-4ed3b89536cd"},"id":"WK033900"},{"arcs":[[2475,2476,2477]],"type":"Polygon","properties":{"id":117046,"statcode":"WK034000","statnaam":"Wijk 00 Rhenen","jrstatcode":"2010WK034000","rubriek":"wijk","FID":"wijk_gegeneraliseerd_2010.abc74528-454f-4a8e-a8b9-7f3863528bda"},"id":"WK034000"},{"arcs":[[2478,2479,2480,2481,2482,-2476]],"type":"Polygon","properties":{"id":117047,"statcode":"WK034001","statnaam":"Wijk 01 Rhenen Oost","jrstatcode":"2010WK034001","rubriek":"wijk","FID":"wijk_gegeneraliseerd_2010.dfb2453a-80da-490c-b678-f4932209f483"},"id":"WK034001"},{"arcs":[[-2479,-2478,2483,2484,2485]],"type":"Polygon","properties":{"id":117048,"statcode":"WK034002","statnaam":"Wijk 02 Rhenen West","jrstatcode":"2010WK034002","rubriek":"wijk","FID":"wijk_gegeneraliseerd_2010.e16a1a66-d5d6-45a2-95d5-110e4fd0be98"},"id":"WK034002"},{"arcs":[[2486,2487,-2480,-2486]],"type":"Polygon","properties":{"id":117049,"statcode":"WK034003","statnaam":"Wijk 03 Rhenen Noord","jrstatcode":"2010WK034003","rubriek":"wijk","FID":"wijk_gegeneraliseerd_2010.85b30213-c764-42b4-a0c9-1f7c13be73e9"},"id":"WK034003"},{"arcs":[[2488,2489,-2482,2490]],"type":"Polygon","properties":{"id":117050,"statcode":"WK034004","statnaam":"Wijk 04 Grebbeberg","jrstatcode":"2010WK034004","rubriek":"wijk","FID":"wijk_gegeneraliseerd_2010.5237cf51-e7f6-4313-b679-9bc723edd30a"},"id":"WK034004"},{"arcs":[[2491,2492,2493,2494,-2491,-2481,-2488,2495,2496,2497,2498,2499]],"type":"Polygon","properties":{"id":117051,"statcode":"WK034005","statnaam":"Wijk 05 Randzone","jrstatcode":"2010WK034005","rubriek":"wijk","FID":"wijk_gegeneraliseerd_2010.78b111e6-c555-4ae7-8369-51932755898b"},"id":"WK034005"},{"arcs":[[-1838,-2134,2500,-2489,-2495,2501,-2493,2502]],"type":"Polygon","properties":{"id":117052,"statcode":"WK034006","statnaam":"Wijk 06 Binnenveld","jrstatcode":"2010WK034006","rubriek":"wijk","FID":"wijk_gegeneraliseerd_2010.3d5d54d4-b2f8-417e-9b31-7c2c471a846d"},"id":"WK034006"},{"arcs":[[-2494,-2502]],"type":"Polygon","properties":{"id":117053,"statcode":"WK034007","statnaam":"Wijk 07 Achterberg","jrstatcode":"2010WK034007","rubriek":"wijk","FID":"wijk_gegeneraliseerd_2010.0d9b3661-4f20-4358-bc8b-3b677dbf3262"},"id":"WK034007"},{"arcs":[[2503,2504,-2484,-2477,-2483,-2490,-2501,-2133,2505,-1728,2506,2507]],"type":"Polygon","properties":{"id":117054,"statcode":"WK034008","statnaam":"Wijk 08 Uiterwaarden Rhenen","jrstatcode":"2010WK034008","rubriek":"wijk","FID":"wijk_gegeneraliseerd_2010.53946c7e-201d-441b-be95-0638592b00f4"},"id":"WK034008"},{"arcs":[[2508,-2504,2509]],"type":"Polygon","properties":{"id":117055,"statcode":"WK034009","statnaam":"Wijk 09 Remmerden","jrstatcode":"2010WK034009","rubriek":"wijk","FID":"wijk_gegeneraliseerd_2010.c9631e51-b8e7-48aa-b7c4-03a7dc17349d"},"id":"WK034009"},{"arcs":[[-2496,-2487,-2485,-2505,-2509,2510]],"type":"Polygon","properties":{"id":117056,"statcode":"WK034010","statnaam":"Wijk 10 Heuvelrug Rhenen","jrstatcode":"2010WK034010","rubriek":"wijk","FID":"wijk_gegeneraliseerd_2010.e8b44101-f053-48f0-a83c-8ca390fc69d5"},"id":"WK034010"},{"arcs":[[-2511,-2510,-2508,2511,2512,2513,-2497]],"type":"Polygon","properties":{"id":117057,"statcode":"WK034011","statnaam":"Wijk 11 Heuvelrug Elst","jrstatcode":"2010WK034011","rubriek":"wijk","FID":"wijk_gegeneraliseerd_2010.e6bc8e54-236c-4b18-88ec-1faf6d1f83f7"},"id":"WK034011"},{"arcs":[[-2512,-2507,-1727,-1733,2514,2515]],"type":"Polygon","properties":{"id":117058,"statcode":"WK034012","statnaam":"Wijk 12 Uiterwaarden Elst","jrstatcode":"2010WK034012","rubriek":"wijk","FID":"wijk_gegeneraliseerd_2010.a767cef7-c7ef-454e-a5a7-b423bf61fe18"},"id":"WK034012"},{"arcs":[[2516,-2513,-2516]],"type":"Polygon","properties":{"id":117059,"statcode":"WK034013","statnaam":"Wijk 13 Elst","jrstatcode":"2010WK034013","rubriek":"wijk","FID":"wijk_gegeneraliseerd_2010.b31212b8-ae7a-4d0c-8c61-934f52207812"},"id":"WK034013"},{"arcs":[[2517,-2328,-2319,-2310,-2247,-2257,2518]],"type":"Polygon","properties":{"id":117060,"statcode":"WK034200","statnaam":"Wijk 00 Soest","jrstatcode":"2010WK034200","rubriek":"wijk","FID":"wijk_gegeneraliseerd_2010.8e384052-1701-44ba-b2d3-30a2511137ed"},"id":"WK034200"},{"arcs":[[-2256,2519,2520,-2519]],"type":"Polygon","properties":{"id":117061,"statcode":"WK034201","statnaam":"Wijk 01 Soesterberg-Soestduinen","jrstatcode":"2010WK034201","rubriek":"wijk","FID":"wijk_gegeneraliseerd_2010.fb241ad7-729e-4fd2-b3e8-ee29541a96bc"},"id":"WK034201"},{"arcs":[[-2455,2521,2522,2523,2524,-2449,-2446]],"type":"Polygon","properties":{"id":117062,"statcode":"WK034401","statnaam":"Wijk 01 West","jrstatcode":"2010WK034401","rubriek":"wijk","FID":"wijk_gegeneraliseerd_2010.a4ac0f1d-df8a-42a7-a653-da0de5bc504f"},"id":"WK034401"},{"arcs":[[-2454,2525,2526,2527,-2522]],"type":"Polygon","properties":{"id":117063,"statcode":"WK034402","statnaam":"Wijk 02 Noordwest","jrstatcode":"2010WK034402","rubriek":"wijk","FID":"wijk_gegeneraliseerd_2010.7b0290b5-570b-4663-b861-2e7c52c0f6c1"},"id":"WK034402"},{"arcs":[[-2453,-2457,-2354,-2351,2528,-2526]],"type":"Polygon","properties":{"id":117064,"statcode":"WK034403","statnaam":"Wijk 03 Overvecht","jrstatcode":"2010WK034403","rubriek":"wijk","FID":"wijk_gegeneraliseerd_2010.ed1ce267-45b4-44b0-b698-f678965b20c5"},"id":"WK034403"},{"arcs":[[-2529,-2350,-2338,2529,2530,-2527]],"type":"Polygon","properties":{"id":117065,"statcode":"WK034404","statnaam":"Wijk 04 Noordoost","jrstatcode":"2010WK034404","rubriek":"wijk","FID":"wijk_gegeneraliseerd_2010.9d7b48c0-fc27-411e-885f-173544da3931"},"id":"WK034404"},{"arcs":[[-2530,-2337,2531,-2380,2532,2533]],"type":"Polygon","properties":{"id":117066,"statcode":"WK034405","statnaam":"Wijk 05 Oost","jrstatcode":"2010WK034405","rubriek":"wijk","FID":"wijk_gegeneraliseerd_2010.aaa8de55-1b62-4338-b25f-01bb7809cb80"},"id":"WK034405"},{"arcs":[[-2534,2534,-2523,-2528,-2531]],"type":"Polygon","properties":{"id":117067,"statcode":"WK034406","statnaam":"Wijk 06 Binnenstad","jrstatcode":"2010WK034406","rubriek":"wijk","FID":"wijk_gegeneraliseerd_2010.b61183ea-1f52-48db-87b2-8eb45676ef10"},"id":"WK034406"},{"arcs":[[2535,-2533,-2394,2536]],"type":"Polygon","properties":{"id":117068,"statcode":"WK034407","statnaam":"Wijk 07 Zuid","jrstatcode":"2010WK034407","rubriek":"wijk","FID":"wijk_gegeneraliseerd_2010.098326fa-99cd-429f-bcb3-9a0148d24c76"},"id":"WK034407"},{"arcs":[[-2536,2537,2538,2539,2540,-2524,-2535]],"type":"Polygon","properties":{"id":117069,"statcode":"WK034408","statnaam":"Wijk 08 Zuidwest","jrstatcode":"2010WK034408","rubriek":"wijk","FID":"wijk_gegeneraliseerd_2010.3ae623c0-d5cd-4890-a0f7-052cfc0c4513"},"id":"WK034408"},{"arcs":[[-2450,-2525,-2541,2541]],"type":"Polygon","properties":{"id":117070,"statcode":"WK034409","statnaam":"Wijk 09 Leidsche Rijn","jrstatcode":"2010WK034409","rubriek":"wijk","FID":"wijk_gegeneraliseerd_2010.9c4f182c-d6f2-429c-a1b6-637185fb8b5f"},"id":"WK034409"},{"arcs":[[2542,-2372,-2369,-2451,-2542,-2540,2543,2544,-2468]],"type":"Polygon","properties":{"id":117071,"statcode":"WK034410","statnaam":"Wijk 10 Vleuten-De Meern","jrstatcode":"2010WK034410","rubriek":"wijk","FID":"wijk_gegeneraliseerd_2010.f7968c47-eb52-41e4-a4d7-6b9533baad39"},"id":"WK034410"},{"arcs":[[2545,2546,2547,2548]],"type":"Polygon","properties":{"id":117072,"statcode":"WK034500","statnaam":"Wijk 00 Centrum","jrstatcode":"2010WK034500","rubriek":"wijk","FID":"wijk_gegeneraliseerd_2010.b03a4bc6-052f-4a02-881a-386982cdcee6"},"id":"WK034500"},{"arcs":[[-1848,-1835,-1840,2549,-2547,2550]],"type":"Polygon","properties":{"id":117073,"statcode":"WK034501","statnaam":"Wijk 01 Noordoost","jrstatcode":"2010WK034501","rubriek":"wijk","FID":"wijk_gegeneraliseerd_2010.06aa178e-13f0-4c38-a1ee-19abf534dc07"},"id":"WK034501"},{"arcs":[[-2492,2551,-2548,-2550,-1839,-2503]],"type":"Polygon","properties":{"id":117074,"statcode":"WK034502","statnaam":"Wijk 02 Zuidoost","jrstatcode":"2010WK034502","rubriek":"wijk","FID":"wijk_gegeneraliseerd_2010.c35ab7e6-117c-412e-a53a-db26dbecf8df"},"id":"WK034502"},{"arcs":[[2552,-2549,-2552,-2500,2553]],"type":"Polygon","properties":{"id":117075,"statcode":"WK034503","statnaam":"Wijk 03 Zuidwest","jrstatcode":"2010WK034503","rubriek":"wijk","FID":"wijk_gegeneraliseerd_2010.0e17ed04-1053-4de2-925f-875adaaa86cd"},"id":"WK034503"},{"arcs":[[-2553,2554,-2472,-1846,-1849,-2551,-2546]],"type":"Polygon","properties":{"id":117076,"statcode":"WK034504","statnaam":"Wijk 04 Noordwest","jrstatcode":"2010WK034504","rubriek":"wijk","FID":"wijk_gegeneraliseerd_2010.de46f00e-80f1-4ace-b0c5-b47f895d7ead"},"id":"WK034504"},{"arcs":[[-2554,-2499,2555,-2473,-2555]],"type":"Polygon","properties":{"id":117077,"statcode":"WK034505","statnaam":"Wijk 05 West","jrstatcode":"2010WK034505","rubriek":"wijk","FID":"wijk_gegeneraliseerd_2010.bad051f7-7b8c-462b-b801-28f9c851e4f2"},"id":"WK034505"},{"arcs":[[-2412,-2419,-1667,-2103,-2475,2556,2557,2558,2559,-2417]],"type":"Polygon","properties":{"id":117078,"statcode":"WK035100","statnaam":"Wijk 00","jrstatcode":"2010WK035100","rubriek":"wijk","FID":"wijk_gegeneraliseerd_2010.61093c88-0777-44c7-b28b-57b4b298cb13"},"id":"WK035100"},{"arcs":[[2560]],"type":"Polygon","properties":{"id":117079,"statcode":"WK035200","statnaam":"Wijk 00 Wijk bij Duurstede","jrstatcode":"2010WK035200","rubriek":"wijk","FID":"wijk_gegeneraliseerd_2010.899931aa-71a7-4ce1-bd69-18fc1779350a"},"id":"WK035200"},{"arcs":[[2561,-1736,-1738,-1716,-1739,-2405,2562,2563],[-2561]],"type":"Polygon","properties":{"id":117080,"statcode":"WK035201","statnaam":"Wijk 01 Landelijk gebied","jrstatcode":"2010WK035201","rubriek":"wijk","FID":"wijk_gegeneraliseerd_2010.7559d257-98a6-42a4-ab4a-3e8830926cdf"},"id":"WK035201"},{"arcs":[[2564,2565,-2563,-2404,-2402,-2386]],"type":"Polygon","properties":{"id":117081,"statcode":"WK035202","statnaam":"Wijk 02 Cothen","jrstatcode":"2010WK035202","rubriek":"wijk","FID":"wijk_gegeneraliseerd_2010.1f35a9f1-35c1-484e-baae-3fc8d0b4cf60"},"id":"WK035202"},{"arcs":[[-2564,-2566,2566,2567,2568,2569]],"type":"Polygon","properties":{"id":117082,"statcode":"WK035203","statnaam":"Wijk 03 Langbroek","jrstatcode":"2010WK035203","rubriek":"wijk","FID":"wijk_gegeneraliseerd_2010.fd69ac4e-dee0-4734-9e33-f14a0b6ee3fe"},"id":"WK035203"},{"arcs":[[-2470,-2469,-2545,2570,2571,2572,2573,-2442]],"type":"Polygon","properties":{"id":117083,"statcode":"WK035300","statnaam":"Wijk 00 IJsselstein","jrstatcode":"2010WK035300","rubriek":"wijk","FID":"wijk_gegeneraliseerd_2010.24892029-35da-4780-a8ca-453f9bea27d2"},"id":"WK035300"},{"arcs":[[2574,2575,2576,2577]],"type":"Polygon","properties":{"id":117084,"statcode":"WK035501","statnaam":"Wijk 01 Centrum Zeist","jrstatcode":"2010WK035501","rubriek":"wijk","FID":"wijk_gegeneraliseerd_2010.66df02d2-d561-49f3-baf9-b2080717e06d"},"id":"WK035501"},{"arcs":[[-2576,2578,-2335,2579]],"type":"Polygon","properties":{"id":117085,"statcode":"WK035502","statnaam":"Wijk 02 Zeist-Noord","jrstatcode":"2010WK035502","rubriek":"wijk","FID":"wijk_gegeneraliseerd_2010.47948fb4-6cd3-432a-98d3-ced2e6ffc5a1"},"id":"WK035502"},{"arcs":[[-2575,2580,2581,2582,-2382,-2377,-2532,-2336,-2579]],"type":"Polygon","properties":{"id":117086,"statcode":"WK035503","statnaam":"Wijk 03 Zeist-West","jrstatcode":"2010WK035503","rubriek":"wijk","FID":"wijk_gegeneraliseerd_2010.f9a78cae-3187-41d3-a30b-7db2ffd335b8"},"id":"WK035503"},{"arcs":[[-2581,-2578,2583,-2520,-2255,-2418,-2560,2584,2585]],"type":"Polygon","properties":{"id":117087,"statcode":"WK035504","statnaam":"Wijk 04 Zeist-Oost. Zeister Bos en omgeving","jrstatcode":"2010WK035504","rubriek":"wijk","FID":"wijk_gegeneraliseerd_2010.068f2961-ec6f-4382-a0f0-b363e979887b"},"id":"WK035504"},{"arcs":[[-2521,-2584,-2577,-2580,-2334,-2339,-2344,-2329,-2518]],"type":"Polygon","properties":{"id":117088,"statcode":"WK035505","statnaam":"Wijk 05 Huis Ter Heide. Bosch en Duin","jrstatcode":"2010WK035505","rubriek":"wijk","FID":"wijk_gegeneraliseerd_2010.e27c5c1f-6f36-4e57-879f-f886c911677b"},"id":"WK035505"},{"arcs":[[2587,-2571,-2544,-2539,2588,2589]],"type":"Polygon","properties":{"id":117089,"statcode":"WK035600","statnaam":"Wijk 00 Nieuwegein-Noord","jrstatcode":"2010WK035600","rubriek":"wijk","FID":"wijk_gegeneraliseerd_2010.20991df0-e1d7-4f49-96e9-389d2400dbfb"},"id":"WK035600"},{"arcs":[[-2397,-2408,-2401,2590,2591,-2573,2592,-2590,2593]],"type":"Polygon","properties":{"id":117090,"statcode":"WK035601","statnaam":"Wijk 01 Nieuwegein-Zuid","jrstatcode":"2010WK035601","rubriek":"wijk","FID":"wijk_gegeneraliseerd_2010.617d190b-f4e4-40f4-b019-c920ec244fbf"},"id":"WK035601"},{"arcs":[[[-2589,-2538,-2537,-2398,-2594]],[[-2588,-2593,-2572]]],"type":"MultiPolygon","properties":{"id":117091,"statcode":"WK035602","statnaam":"Wijk 02 Industriewijk","jrstatcode":"2010WK035602","rubriek":"wijk","FID":"wijk_gegeneraliseerd_2010.ed40717a-b0db-44d2-99d4-87bb2282e75f"},"id":"WK035602"},{"arcs":[[2594,2595,2596,2597,2598]],"type":"Polygon","properties":{"id":117092,"statcode":"WK035800","statnaam":"Wijk 00 Aalsmeer","jrstatcode":"2010WK035800","rubriek":"wijk","FID":"wijk_gegeneraliseerd_2010.c3dc4d43-103f-4920-a918-ed93a4bc77af"},"id":"WK035800"},{"arcs":[[2599,2600,2601,2602,-2598]],"type":"Polygon","properties":{"id":117093,"statcode":"WK035801","statnaam":"Wijk 01 Kudelstraat en Kalslagen","jrstatcode":"2010WK035801","rubriek":"wijk","FID":"wijk_gegeneraliseerd_2010.c3e3d53c-c1ce-4c48-a331-1ce826ca74ad"},"id":"WK035801"},{"arcs":[[2603,-2596,2604,2605,2606]],"type":"Polygon","properties":{"id":117094,"statcode":"WK035802","statnaam":"Wijk 02 Oosteinde","jrstatcode":"2010WK035802","rubriek":"wijk","FID":"wijk_gegeneraliseerd_2010.01c7eaa1-1c27-4041-8f02-63811d4eebe2"},"id":"WK035802"},{"arcs":[[2607,2608,2609,2610]],"type":"Polygon","properties":{"id":117095,"statcode":"WK036101","statnaam":"Wijk 01 Zuid","jrstatcode":"2010WK036101","rubriek":"wijk","FID":"wijk_gegeneraliseerd_2010.fa12de6f-1c45-494b-96a2-aedb58fe0ae5"},"id":"WK036101"},{"arcs":[[2611,2612,2613,2614,2615,2616]],"type":"Polygon","properties":{"id":117096,"statcode":"WK036102","statnaam":"Wijk 02 Oudorp","jrstatcode":"2010WK036102","rubriek":"wijk","FID":"wijk_gegeneraliseerd_2010.1c4b5d9e-f2c1-4619-9a60-f2ff85a73878"},"id":"WK036102"},{"arcs":[[2617,-2615,2618,2619,2620,2621,-2610]],"type":"Polygon","properties":{"id":117097,"statcode":"WK036103","statnaam":"Wijk 03 Overdie","jrstatcode":"2010WK036103","rubriek":"wijk","FID":"wijk_gegeneraliseerd_2010.e44eb4cc-7c77-4ae6-bcf5-4f746733bc80"},"id":"WK036103"},{"arcs":[[2622,2623,2624,2625,2626,2627,2628,-2608]],"type":"Polygon","properties":{"id":117098,"statcode":"WK036104","statnaam":"Wijk 04 West","jrstatcode":"2010WK036104","rubriek":"wijk","FID":"wijk_gegeneraliseerd_2010.1be7ebe4-040f-4b63-9da5-4cf1a493b9c5"},"id":"WK036104"},{"arcs":[[2629,2630,2631,-2617,2632,-2628]],"type":"Polygon","properties":{"id":117099,"statcode":"WK036105","statnaam":"Wijk 05 Huiswaard-Zuid","jrstatcode":"2010WK036105","rubriek":"wijk","FID":"wijk_gegeneraliseerd_2010.97b4b7e9-1971-437a-892f-fdc43e73a553"},"id":"WK036105"},{"arcs":[[-2630,-2627,2633]],"type":"Polygon","properties":{"id":117100,"statcode":"WK036106","statnaam":"Wijk 06 Huiswaard-Noord","jrstatcode":"2010WK036106","rubriek":"wijk","FID":"wijk_gegeneraliseerd_2010.5755310b-e91e-4a5a-997d-db2e0e64935f"},"id":"WK036106"},{"arcs":[[-2631,-2634,-2626,2634,2635]],"type":"Polygon","properties":{"id":117101,"statcode":"WK036107","statnaam":"Wijk 07 Daalmeer en Koedijk","jrstatcode":"2010WK036107","rubriek":"wijk","FID":"wijk_gegeneraliseerd_2010.c04309eb-b550-4a2f-9bdd-c47b5b1fbad8"},"id":"WK036107"},{"arcs":[[-2633,-2616,-2618,-2609,-2629]],"type":"Polygon","properties":{"id":117102,"statcode":"WK036108","statnaam":"Wijk 08 Binnenstad","jrstatcode":"2010WK036108","rubriek":"wijk","FID":"wijk_gegeneraliseerd_2010.9e3b1e03-8cba-42ef-91d8-b6d6caeb3080"},"id":"WK036108"},{"arcs":[[2636,2637,2638,2639,2640,2641,2642,2643,2644,2645,-2607]],"type":"Polygon","properties":{"id":117103,"statcode":"WK036200","statnaam":"Wijk 00 Amstelveen","jrstatcode":"2010WK036200","rubriek":"wijk","FID":"wijk_gegeneraliseerd_2010.d7a42153-3413-49f3-bbed-2b948e9a76e9"},"id":"WK036200"},{"arcs":[[2646,2647,2648,2649,2650,2651]],"type":"Polygon","properties":{"id":117104,"statcode":"WK036300","statnaam":"Stadsdeel Binnenstad","jrstatcode":"2010WK036300","rubriek":"wijk","FID":"wijk_gegeneraliseerd_2010.961f4b47-c253-4286-b5ce-530243c9ffa8"},"id":"WK036300"},{"arcs":[[2652,2653,2654,2655,2656,2657,2658,2659,2660,2661]],"type":"Polygon","properties":{"id":117105,"statcode":"WK036301","statnaam":"Stadsdeel Westerpoort","jrstatcode":"2010WK036301","rubriek":"wijk","FID":"wijk_gegeneraliseerd_2010.d22b1386-84c6-48a9-8c08-c605fcbafb48"},"id":"WK036301"},{"arcs":[[2662,2663,2664,-2658,2665,-2651]],"type":"Polygon","properties":{"id":117106,"statcode":"WK036302","statnaam":"Stadsdeel Westerpark","jrstatcode":"2010WK036302","rubriek":"wijk","FID":"wijk_gegeneraliseerd_2010.44eff6e5-2cc4-41cf-9417-83faaa95b98e"},"id":"WK036302"},{"arcs":[[2666,2667,-2663,-2650]],"type":"Polygon","properties":{"id":117107,"statcode":"WK036303","statnaam":"Stadsdeel Oud-West","jrstatcode":"2010WK036303","rubriek":"wijk","FID":"wijk_gegeneraliseerd_2010.bce6c54b-ab65-4186-bdd2-9d614709e9c5"},"id":"WK036303"},{"arcs":[[2668,2669,2670,-2647,2671,2672]],"type":"Polygon","properties":{"id":117108,"statcode":"WK036304","statnaam":"Stadsdeel Zeeburg","jrstatcode":"2010WK036304","rubriek":"wijk","FID":"wijk_gegeneraliseerd_2010.b782d570-d7de-4fec-8033-ca385349c9a7"},"id":"WK036304"},{"arcs":[[2673,2674,-2659,-2665,2675]],"type":"Polygon","properties":{"id":117109,"statcode":"WK036305","statnaam":"Stadsdeel Bos en Lommer","jrstatcode":"2010WK036305","rubriek":"wijk","FID":"wijk_gegeneraliseerd_2010.563ffb86-1c83-4a77-a120-c3083e092298"},"id":"WK036305"},{"arcs":[[-2676,-2664,-2668,2676,2677]],"type":"Polygon","properties":{"id":117110,"statcode":"WK036306","statnaam":"Stadsdeel De Baarsjes","jrstatcode":"2010WK036306","rubriek":"wijk","FID":"wijk_gegeneraliseerd_2010.4b48fc5a-3deb-4b4b-85f4-f2f2e0aeaa6a"},"id":"WK036306"},{"arcs":[[2678,2679,2680,-2672,-2652,-2666,-2657,2681,2682,2683]],"type":"Polygon","properties":{"id":117111,"statcode":"WK036307","statnaam":"Stadsdeel Amsterdam-Noord","jrstatcode":"2010WK036307","rubriek":"wijk","FID":"wijk_gegeneraliseerd_2010.e78cfed8-b5f2-49d3-87a9-b520c776f6e8"},"id":"WK036307"},{"arcs":[[2684,-2660,-2675,2685,2686]],"type":"Polygon","properties":{"id":117112,"statcode":"WK036308","statnaam":"Stadsdeel Geuzenveld en Slotermeer","jrstatcode":"2010WK036308","rubriek":"wijk","FID":"wijk_gegeneraliseerd_2010.e86ef98b-a1c9-49da-920c-0a166a6b8c86"},"id":"WK036308"},{"arcs":[[2687,2688,2689,2690,2691,-2687]],"type":"Polygon","properties":{"id":117113,"statcode":"WK036309","statnaam":"Stadsdeel Osdorp","jrstatcode":"2010WK036309","rubriek":"wijk","FID":"wijk_gegeneraliseerd_2010.0d8a0a70-f271-4fa9-9b40-77d05f49958f"},"id":"WK036309"},{"arcs":[[2692,2693,2694,-2688,-2686,-2674,-2678]],"type":"Polygon","properties":{"id":117114,"statcode":"WK036310","statnaam":"Stadsdeel Slotervaart en Overtoomse Veld","jrstatcode":"2010WK036310","rubriek":"wijk","FID":"wijk_gegeneraliseerd_2010.dc2b9823-98c9-4e1b-a1df-8a025dd46111"},"id":"WK036310"},{"arcs":[[2695,2696,-2229,2697,2698]],"type":"Polygon","properties":{"id":117115,"statcode":"WK036311","statnaam":"Stadsdeel Zuidoost","jrstatcode":"2010WK036311","rubriek":"wijk","FID":"wijk_gegeneraliseerd_2010.35dfcc8c-a90d-45e2-aef5-b817b6e9be5c"},"id":"WK036311"},{"arcs":[[-2671,2699,2700,2701,-2639,2702,2703,-2648]],"type":"Polygon","properties":{"id":117116,"statcode":"WK036312","statnaam":"Stadsdeel Oost en Watergraafsmeer","jrstatcode":"2010WK036312","rubriek":"wijk","FID":"wijk_gegeneraliseerd_2010.7bb926e2-c7d0-4c2a-b8d6-debddcd9dbbb"},"id":"WK036312"},{"arcs":[[-2704,2704,-2693,-2677,-2667,-2649]],"type":"Polygon","properties":{"id":117117,"statcode":"WK036313","statnaam":"Stadsdeel Amsterdam Oud-Zuid","jrstatcode":"2010WK036313","rubriek":"wijk","FID":"wijk_gegeneraliseerd_2010.cd5c878f-6f8f-4257-b777-73c2ddb0adf2"},"id":"WK036313"},{"arcs":[[-2703,-2638,2705,-2694,-2705]],"type":"Polygon","properties":{"id":117118,"statcode":"WK036314","statnaam":"Stadsdeel Zuideramstel","jrstatcode":"2010WK036314","rubriek":"wijk","FID":"wijk_gegeneraliseerd_2010.8a30eade-5652-46f3-829a-cfd3d7c9e5c4"},"id":"WK036314"},{"arcs":[[2706,2707,2708,2709,2710,2711]],"type":"Polygon","properties":{"id":117119,"statcode":"WK036400","statnaam":"Wijk 00","jrstatcode":"2010WK036400","rubriek":"wijk","FID":"wijk_gegeneraliseerd_2010.826e679a-5e9f-44c2-af1d-13f58dd57a3e"},"id":"WK036400"},{"arcs":[[2712,2713,2714,2715]],"type":"Polygon","properties":{"id":117120,"statcode":"WK036500","statnaam":"Wijk 00 De Rijp","jrstatcode":"2010WK036500","rubriek":"wijk","FID":"wijk_gegeneraliseerd_2010.c7880936-b47e-468e-a2bc-8ef8ee97e501"},"id":"WK036500"},{"arcs":[[2716,2717,2718,2719,2720,2721,-2714]],"type":"Polygon","properties":{"id":117121,"statcode":"WK036501","statnaam":"Wijk 01 Graft en omgeving","jrstatcode":"2010WK036501","rubriek":"wijk","FID":"wijk_gegeneraliseerd_2010.80bfaa07-3613-4e2b-85aa-37c3db95435b"},"id":"WK036501"},{"arcs":[[2722,2723,2724,2725,2726,2727]],"type":"Polygon","properties":{"id":117122,"statcode":"WK036600","statnaam":"Wijk 00","jrstatcode":"2010WK036600","rubriek":"wijk","FID":"wijk_gegeneraliseerd_2010.b4f5d6fd-9ba2-48ad-a091-21720973712c"},"id":"WK036600"},{"arcs":[[2728,2729,2730,2731,-2726]],"type":"Polygon","properties":{"id":117123,"statcode":"WK036601","statnaam":"Wijk 01 Wieringerwaard en omgeving","jrstatcode":"2010WK036601","rubriek":"wijk","FID":"wijk_gegeneraliseerd_2010.f182178c-5981-4ac0-a17e-fb80e342d165"},"id":"WK036601"},{"arcs":[[2732,2733,2734,-2716,2735,2736,2737,2738,2739,2740,2741,2742]],"type":"Polygon","properties":{"id":117124,"statcode":"WK037000","statnaam":"Wijk 00 Beemster","jrstatcode":"2010WK037000","rubriek":"wijk","FID":"wijk_gegeneraliseerd_2010.2271c0c2-ef6c-4063-bda7-dc096dc09aa2"},"id":"WK037000"},{"arcs":[[2743,2744,2745,-2734,2746]],"type":"Polygon","properties":{"id":117125,"statcode":"WK037001","statnaam":"Wijk 01 Zuidoostbeemster","jrstatcode":"2010WK037001","rubriek":"wijk","FID":"wijk_gegeneraliseerd_2010.e427b2db-32ee-4515-b255-633bea6ab717"},"id":"WK037001"},{"arcs":[[2747,2748]],"type":"Polygon","properties":{"id":117126,"statcode":"WK037301","statnaam":"Wijk 01 Bergen Binnen","jrstatcode":"2010WK037301","rubriek":"wijk","FID":"wijk_gegeneraliseerd_2010.d3381eb9-22ff-4a66-9e6e-ca7c69416a02"},"id":"WK037301"},{"arcs":[[2749,2750]],"type":"Polygon","properties":{"id":117127,"statcode":"WK037302","statnaam":"Wijk 02 Bergen aan Zee","jrstatcode":"2010WK037302","rubriek":"wijk","FID":"wijk_gegeneraliseerd_2010.f29a0889-0e33-4928-b558-c181c86b0a9a"},"id":"WK037302"},{"arcs":[[2751,2752,-2635,-2625,2753,2754,-2750,2755,2756,-2749,2757]],"type":"Polygon","properties":{"id":117128,"statcode":"WK037303","statnaam":"Wijk 03 Buitengebied Bergen","jrstatcode":"2010WK037303","rubriek":"wijk","FID":"wijk_gegeneraliseerd_2010.3bc0763f-b004-40b9-88a1-6acae9e0046f"},"id":"WK037303"},{"arcs":[[2758,2759,2760]],"type":"Polygon","properties":{"id":117129,"statcode":"WK037304","statnaam":"Wijk 04 Egmond aan Zee","jrstatcode":"2010WK037304","rubriek":"wijk","FID":"wijk_gegeneraliseerd_2010.39e52a61-27d8-4500-abdf-6e8a504e7c07"},"id":"WK037304"},{"arcs":[[2761,2762,2763,2764,-2759,2765]],"type":"Polygon","properties":{"id":117130,"statcode":"WK037305","statnaam":"Wijk 05 Egmond-Binnen","jrstatcode":"2010WK037305","rubriek":"wijk","FID":"wijk_gegeneraliseerd_2010.aa7e5a4a-a7cd-4736-837d-bfbef7d6252f"},"id":"WK037305"},{"arcs":[[-2761,2766,-2754,-2624,2767,2768,2769,-2766]],"type":"Polygon","properties":{"id":117131,"statcode":"WK037306","statnaam":"Wijk 06 Egmond aan den Hoef","jrstatcode":"2010WK037306","rubriek":"wijk","FID":"wijk_gegeneraliseerd_2010.41cc6321-00f8-4392-a7ac-146f3a58a9a5"},"id":"WK037306"},{"arcs":[[2770,2771,-2758,-2748,-2757,2772]],"type":"Polygon","properties":{"id":117132,"statcode":"WK037307","statnaam":"Wijk 07 Schoorl","jrstatcode":"2010WK037307","rubriek":"wijk","FID":"wijk_gegeneraliseerd_2010.763825ae-e47b-4ed2-8eee-c5824dbd6f40"},"id":"WK037307"},{"arcs":[[2773,2774,2775,2776,2777,2778]],"type":"Polygon","properties":{"id":117133,"statcode":"WK037500","statnaam":"Wijk 00 Centrum","jrstatcode":"2010WK037500","rubriek":"wijk","FID":"wijk_gegeneraliseerd_2010.54e9c13f-7aa2-4f26-a4f1-318f5a07d9bb"},"id":"WK037500"},{"arcs":[[2779,-2778,2780,2781,2782,2783]],"type":"Polygon","properties":{"id":117134,"statcode":"WK037501","statnaam":"Wijk 01 Vondelkwartier","jrstatcode":"2010WK037501","rubriek":"wijk","FID":"wijk_gegeneraliseerd_2010.68bb250f-34e7-4cd0-8787-43045105694d"},"id":"WK037501"},{"arcs":[[2784,-2775,2785,2786]],"type":"Polygon","properties":{"id":117135,"statcode":"WK037502","statnaam":"Wijk 02 Oranjebuurt","jrstatcode":"2010WK037502","rubriek":"wijk","FID":"wijk_gegeneraliseerd_2010.ae836c1e-82aa-40a5-8215-a35529edcd1c"},"id":"WK037502"},{"arcs":[[-2779,-2780,2787,2788,2789]],"type":"Polygon","properties":{"id":117136,"statcode":"WK037503","statnaam":"Wijk 03 Kuenenkwartier","jrstatcode":"2010WK037503","rubriek":"wijk","FID":"wijk_gegeneraliseerd_2010.6b028071-8281-43f9-a080-74943c2662b2"},"id":"WK037503"},{"arcs":[[-2788,-2784,2790]],"type":"Polygon","properties":{"id":117137,"statcode":"WK037504","statnaam":"Wijk 04 Warande","jrstatcode":"2010WK037504","rubriek":"wijk","FID":"wijk_gegeneraliseerd_2010.724cd383-e7e6-42f1-a1d1-c74120ff9769"},"id":"WK037504"},{"arcs":[[-2783,2791,2792,2793,-2789,-2791]],"type":"Polygon","properties":{"id":117138,"statcode":"WK037505","statnaam":"Wijk 05 Noordwestelijk tuinbouwgebied","jrstatcode":"2010WK037505","rubriek":"wijk","FID":"wijk_gegeneraliseerd_2010.809a55c3-0591-40fd-9fee-cdcddf7f1891"},"id":"WK037505"},{"arcs":[[2794,2795,-2787,2796]],"type":"Polygon","properties":{"id":117139,"statcode":"WK037506","statnaam":"Wijk 06 Oosterwijk en Zwaansmeer","jrstatcode":"2010WK037506","rubriek":"wijk","FID":"wijk_gegeneraliseerd_2010.b04a8f82-399c-42bb-b381-8d80b19367c1"},"id":"WK037506"},{"arcs":[[-2794,2797,2798,-2797,-2786,-2774,-2790]],"type":"Polygon","properties":{"id":117140,"statcode":"WK037507","statnaam":"Wijk 07 Meerestein","jrstatcode":"2010WK037507","rubriek":"wijk","FID":"wijk_gegeneraliseerd_2010.1953e6d3-7351-44c5-b076-20a8d945ea4c"},"id":"WK037507"},{"arcs":[[-2792,-2782,2799,2800,2801]],"type":"Polygon","properties":{"id":117141,"statcode":"WK037508","statnaam":"Wijk 08 Wijk aan Zee","jrstatcode":"2010WK037508","rubriek":"wijk","FID":"wijk_gegeneraliseerd_2010.d18b8d8a-2ef3-42c2-b5e1-28e3198384db"},"id":"WK037508"},{"arcs":[[2802,2803,-2776,-2785,-2796,2804,2805,2806]],"type":"Polygon","properties":{"id":117142,"statcode":"WK037509","statnaam":"Wijk 09 De Pijp en Wijkerbroek","jrstatcode":"2010WK037509","rubriek":"wijk","FID":"wijk_gegeneraliseerd_2010.59fd3ff8-1f91-4b39-8bcc-11b234bf90a8"},"id":"WK037509"},{"arcs":[[2807,2808,2809,2810,2811,-2393,2812,2813,2814]],"type":"Polygon","properties":{"id":117143,"statcode":"WK037600","statnaam":"Wijk 00","jrstatcode":"2010WK037600","rubriek":"wijk","FID":"wijk_gegeneraliseerd_2010.6c49a13c-76ce-49f9-9320-01e8acbea01d"},"id":"WK037600"},{"arcs":[[2815,2816,2817,2818,2819,2820]],"type":"Polygon","properties":{"id":117144,"statcode":"WK037700","statnaam":"Wijk 00 Bloemendaal","jrstatcode":"2010WK037700","rubriek":"wijk","FID":"wijk_gegeneraliseerd_2010.f28c9ab9-9b84-4229-b8ca-16b93747b6ca"},"id":"WK037700"},{"arcs":[[2821,2822,2823,-2816,2824]],"type":"Polygon","properties":{"id":117145,"statcode":"WK037701","statnaam":"Wijk 01 Overveen","jrstatcode":"2010WK037701","rubriek":"wijk","FID":"wijk_gegeneraliseerd_2010.e518c670-f76e-40ac-9ba8-b9e482426797"},"id":"WK037701"},{"arcs":[[-2823,2825,2826,2827,2828,2829]],"type":"Polygon","properties":{"id":117146,"statcode":"WK037702","statnaam":"Wijk 02 Aerdenhout","jrstatcode":"2010WK037702","rubriek":"wijk","FID":"wijk_gegeneraliseerd_2010.f2d65f56-a116-435c-b2d5-81cfda13ce20"},"id":"WK037702"},{"arcs":[[2830,2831,2832,-2829,2833,2834,2835]],"type":"Polygon","properties":{"id":117147,"statcode":"WK037703","statnaam":"Wijk 03 Vogelenzang","jrstatcode":"2010WK037703","rubriek":"wijk","FID":"wijk_gegeneraliseerd_2010.fed92011-0701-4c85-a6fe-995996b20a40"},"id":"WK037703"},{"arcs":[[2836,2837,-2836,2838]],"type":"Polygon","properties":{"id":117148,"statcode":"WK037704","statnaam":"Wijk 04 Bennebroek","jrstatcode":"2010WK037704","rubriek":"wijk","FID":"wijk_gegeneraliseerd_2010.3c644f54-d443-439e-ac93-5ca40f1b2ded"},"id":"WK037704"},{"arcs":[[2839,2840,2841]],"type":"Polygon","properties":{"id":117149,"statcode":"WK038100","statnaam":"Wijk 00 Centrum","jrstatcode":"2010WK038100","rubriek":"wijk","FID":"wijk_gegeneraliseerd_2010.35da3418-d6d0-4391-b20f-fe32df0040bf"},"id":"WK038100"},{"arcs":[[2842,2843,2844,-2841]],"type":"Polygon","properties":{"id":117150,"statcode":"WK038101","statnaam":"Wijk 01 Brediuskwartier","jrstatcode":"2010WK038101","rubriek":"wijk","FID":"wijk_gegeneraliseerd_2010.f99e0f51-27b6-4c05-9df6-7e285ddbea79"},"id":"WK038101"},{"arcs":[[2845,2846,2847,-2842,-2845,2848]],"type":"Polygon","properties":{"id":117151,"statcode":"WK038102","statnaam":"Wijk 02 Eng","jrstatcode":"2010WK038102","rubriek":"wijk","FID":"wijk_gegeneraliseerd_2010.4afc8d7c-fe0f-48a7-9fe7-cf06b753212f"},"id":"WK038102"},{"arcs":[[-2848,2849,2850,2851,2852,-2843,-2840]],"type":"Polygon","properties":{"id":117152,"statcode":"WK038103","statnaam":"Wijk 03 Spiegel","jrstatcode":"2010WK038103","rubriek":"wijk","FID":"wijk_gegeneraliseerd_2010.1b75f485-97e0-4c60-a2de-7177baee5474"},"id":"WK038103"},{"arcs":[[2853,2854,2855,2856]],"type":"Polygon","properties":{"id":117153,"statcode":"WK038300","statnaam":"Wijk 00 Centrum","jrstatcode":"2010WK038300","rubriek":"wijk","FID":"wijk_gegeneraliseerd_2010.1bc3ca94-5969-4889-ba6b-566bfde1c4b9"},"id":"WK038300"},{"arcs":[[-2857,2857,2858,2859]],"type":"Polygon","properties":{"id":117154,"statcode":"WK038301","statnaam":"Wijk 01 Castricum-Noord","jrstatcode":"2010WK038301","rubriek":"wijk","FID":"wijk_gegeneraliseerd_2010.71345dc4-cad5-40c4-b2ae-ed75ba955280"},"id":"WK038301"},{"arcs":[[2860,-2854,-2860,2861]],"type":"Polygon","properties":{"id":117155,"statcode":"WK038302","statnaam":"Wijk 02 Castricum-Oost","jrstatcode":"2010WK038302","rubriek":"wijk","FID":"wijk_gegeneraliseerd_2010.441ccd1c-3fa0-4430-806f-fe388c28dd41"},"id":"WK038302"},{"arcs":[[2862,2863,2864,2865,-2855,-2861,2866]],"type":"Polygon","properties":{"id":117156,"statcode":"WK038303","statnaam":"Wijk 03 Castricum-Zuid","jrstatcode":"2010WK038303","rubriek":"wijk","FID":"wijk_gegeneraliseerd_2010.58877e4a-bf88-4e06-afc3-72a33b1616fb"},"id":"WK038303"},{"arcs":[[-2858,-2856,-2866,2867,2868,-2764,2869,2870]],"type":"Polygon","properties":{"id":117157,"statcode":"WK038304","statnaam":"Wijk 04 Bakkum","jrstatcode":"2010WK038304","rubriek":"wijk","FID":"wijk_gegeneraliseerd_2010.feff66cb-49ed-4342-9640-698c2fca0998"},"id":"WK038304"},{"arcs":[[2871,2872,2873,2874,-2620,2875,2876]],"type":"Polygon","properties":{"id":117158,"statcode":"WK038305","statnaam":"Wijk 05 Akersloot","jrstatcode":"2010WK038305","rubriek":"wijk","FID":"wijk_gegeneraliseerd_2010.4dc46633-e270-4c44-b752-f0187d6b8829"},"id":"WK038305"},{"arcs":[[2877,-2721,2878,-2872]],"type":"Polygon","properties":{"id":117159,"statcode":"WK038306","statnaam":"Wijk 06 De Woude","jrstatcode":"2010WK038306","rubriek":"wijk","FID":"wijk_gegeneraliseerd_2010.2b8be00b-cf4a-44bf-8241-a36673447eef"},"id":"WK038306"},{"arcs":[[-2874,2879,-2867,-2862,-2859,-2871,2880,2881]],"type":"Polygon","properties":{"id":117160,"statcode":"WK038307","statnaam":"Wijk 07 Limmen","jrstatcode":"2010WK038307","rubriek":"wijk","FID":"wijk_gegeneraliseerd_2010.e79d7f0f-98d7-47cd-9756-823b77832969"},"id":"WK038307"},{"arcs":[[2882,-2699,2883,2884]],"type":"Polygon","properties":{"id":117161,"statcode":"WK038400","statnaam":"Wijk 00 Diemen-Zuid","jrstatcode":"2010WK038400","rubriek":"wijk","FID":"wijk_gegeneraliseerd_2010.ef7f7f64-91a2-4899-894c-b02fddbfb9c9"},"id":"WK038400"},{"arcs":[[2885,2886,-2885,-2701,2887,-2669]],"type":"Polygon","properties":{"id":117162,"statcode":"WK038401","statnaam":"Wijk 01 Diemen-Centrum","jrstatcode":"2010WK038401","rubriek":"wijk","FID":"wijk_gegeneraliseerd_2010.4ef6893e-e47e-43ab-8382-dfe077ab562d"},"id":"WK038401"},{"arcs":[[-2888,-2700,-2670]],"type":"Polygon","properties":{"id":117163,"statcode":"WK038402","statnaam":"Wijk 02 Diemen-Noord","jrstatcode":"2010WK038402","rubriek":"wijk","FID":"wijk_gegeneraliseerd_2010.7bfe5523-c56e-4ce2-aa87-a1805f7b0de3"},"id":"WK038402"},{"arcs":[[2888,2889,2890,2891,2892,2893]],"type":"Polygon","properties":{"id":117164,"statcode":"WK038500","statnaam":"Wijk 00 Edam","jrstatcode":"2010WK038500","rubriek":"wijk","FID":"wijk_gegeneraliseerd_2010.db30bf5f-fa8a-434e-9fc4-7db7ed15a66b"},"id":"WK038500"},{"arcs":[[2894,-2890,2895,2896,2897]],"type":"Polygon","properties":{"id":117165,"statcode":"WK038501","statnaam":"Wijk 01 Purmer","jrstatcode":"2010WK038501","rubriek":"wijk","FID":"wijk_gegeneraliseerd_2010.c8b4e24a-7934-44f6-b902-63b9885727b8"},"id":"WK038501"},{"arcs":[[2898,2899,-2894]],"type":"Polygon","properties":{"id":117166,"statcode":"WK038502","statnaam":"Wijk 02 Volendam","jrstatcode":"2010WK038502","rubriek":"wijk","FID":"wijk_gegeneraliseerd_2010.691833aa-41d6-44bb-acb9-57d47e0a727a"},"id":"WK038502"},{"arcs":[[2900,2901]],"type":"Polygon","properties":{"id":117167,"statcode":"WK038800","statnaam":"Wijk 00","jrstatcode":"2010WK038800","rubriek":"wijk","FID":"wijk_gegeneraliseerd_2010.3210015c-262c-44f6-b244-84890cda12d2"},"id":"WK038800"},{"arcs":[[2902,2903,-2707,2904,-2901]],"type":"Polygon","properties":{"id":117168,"statcode":"WK038801","statnaam":"Wijk 01","jrstatcode":"2010WK038801","rubriek":"wijk","FID":"wijk_gegeneraliseerd_2010.fd418a97-d526-4f8a-a3ca-81b3141e1fdf"},"id":"WK038801"},{"arcs":[[2905,2906,2907,2908,2909]],"type":"Polygon","properties":{"id":117169,"statcode":"WK039201","statnaam":"Wijk 01 Oude stad","jrstatcode":"2010WK039201","rubriek":"wijk","FID":"wijk_gegeneraliseerd_2010.4c438da8-d010-4abb-b6f9-d2f5beb1dd21"},"id":"WK039201"},{"arcs":[[2910,2911,-2827,2912,2913,-2906,2914]],"type":"Polygon","properties":{"id":117170,"statcode":"WK039202","statnaam":"Wijk 02 Spoorbaan Leiden","jrstatcode":"2010WK039202","rubriek":"wijk","FID":"wijk_gegeneraliseerd_2010.bf2dca29-f0b4-4867-9938-d5bc055f4d6b"},"id":"WK039202"},{"arcs":[[2915,-2909,2916,2917,2918,2919,2920]],"type":"Polygon","properties":{"id":117171,"statcode":"WK039203","statnaam":"Wijk 03 Haarlem-Oost","jrstatcode":"2010WK039203","rubriek":"wijk","FID":"wijk_gegeneraliseerd_2010.5877522f-f8a2-4773-bac2-fb1987a84f41"},"id":"WK039203"},{"arcs":[[-2916,2921,2922,-2915,-2910]],"type":"Polygon","properties":{"id":117172,"statcode":"WK039204","statnaam":"Wijk 04 Haarlemmerhoutkwartier","jrstatcode":"2010WK039204","rubriek":"wijk","FID":"wijk_gegeneraliseerd_2010.8464a140-0f6a-4877-8cfc-c4ceb680f442"},"id":"WK039204"},{"arcs":[[2923,2924,-2917,-2908]],"type":"Polygon","properties":{"id":117173,"statcode":"WK039205","statnaam":"Wijk 05 Westoever Noord Buitenspaarne","jrstatcode":"2010WK039205","rubriek":"wijk","FID":"wijk_gegeneraliseerd_2010.446111e3-a26e-48b8-9a47-cd9f2585de6f"},"id":"WK039205"},{"arcs":[[-2907,-2914,2925,-2825,-2821,2926,2927,-2924]],"type":"Polygon","properties":{"id":117174,"statcode":"WK039206","statnaam":"Wijk 06 Ter Kleef en Te Zaanen","jrstatcode":"2010WK039206","rubriek":"wijk","FID":"wijk_gegeneraliseerd_2010.8a84cbe2-33e7-42a3-99ee-c6a259a71fc7"},"id":"WK039206"},{"arcs":[[2928,2929,2930,-2918,-2925,-2928,2931,2932]],"type":"Polygon","properties":{"id":117175,"statcode":"WK039207","statnaam":"Wijk 07 Oud Schoten en Spaarndam","jrstatcode":"2010WK039207","rubriek":"wijk","FID":"wijk_gegeneraliseerd_2010.a8840020-d8b5-48b7-9670-4ddd75996894"},"id":"WK039207"},{"arcs":[[-2826,-2822,-2926,-2913]],"type":"Polygon","properties":{"id":117176,"statcode":"WK039208","statnaam":"Wijk 08 Duinwijk","jrstatcode":"2010WK039208","rubriek":"wijk","FID":"wijk_gegeneraliseerd_2010.3b8c80d1-640e-448a-a732-fe1eb91f6779"},"id":"WK039208"},{"arcs":[[2933,2934,-2922,-2921,2935]],"type":"Polygon","properties":{"id":117177,"statcode":"WK039209","statnaam":"Wijk 09 Schalkwijk","jrstatcode":"2010WK039209","rubriek":"wijk","FID":"wijk_gegeneraliseerd_2010.ab14797d-9720-46ac-9779-1ff4cf759009"},"id":"WK039209"},{"arcs":[[-2919,-2931,2936,2937,-2661,-2685,-2692,2938,2939]],"type":"Polygon","properties":{"id":117178,"statcode":"WK039300","statnaam":"Wijk 00","jrstatcode":"2010WK039300","rubriek":"wijk","FID":"wijk_gegeneraliseerd_2010.09d3d52f-079c-4296-b86b-c81691761bfb"},"id":"WK039300"},{"arcs":[[2940,2941,2942,2943,2944,2945,2946,2947]],"type":"Polygon","properties":{"id":117179,"statcode":"WK039401","statnaam":"Wijk 01 Hoofddorp en omgeving","jrstatcode":"2010WK039401","rubriek":"wijk","FID":"wijk_gegeneraliseerd_2010.2a8050cb-9fc7-49fb-ab70-b259e753a452"},"id":"WK039401"},{"arcs":[[2948,2949,2950,2951,2952,2953,-2947]],"type":"Polygon","properties":{"id":117180,"statcode":"WK039402","statnaam":"Wijk 02 Nieuw-Vennep en omgeving","jrstatcode":"2010WK039402","rubriek":"wijk","FID":"wijk_gegeneraliseerd_2010.e27788a1-45e8-4292-9098-798a729de138"},"id":"WK039402"},{"arcs":[[2954,-2939,-2691,2955]],"type":"Polygon","properties":{"id":117181,"statcode":"WK039403","statnaam":"Wijk 03 Zwanenburg en omgeving","jrstatcode":"2010WK039403","rubriek":"wijk","FID":"wijk_gegeneraliseerd_2010.a3ccd6d8-bc03-4bce-a3f3-780d2c318d91"},"id":"WK039403"},{"arcs":[[-2690,2956,-2943,2957,-2956]],"type":"Polygon","properties":{"id":117182,"statcode":"WK039404","statnaam":"Wijk 04 Lijnden en omgeving","jrstatcode":"2010WK039404","rubriek":"wijk","FID":"wijk_gegeneraliseerd_2010.4b4baf1c-5361-49e3-b9e2-8779675678c6"},"id":"WK039404"},{"arcs":[[-2695,-2706,-2637,-2606,2958,-2944,-2957,-2689]],"type":"Polygon","properties":{"id":117183,"statcode":"WK039405","statnaam":"Wijk 05 Badhoevedorp en omgeving","jrstatcode":"2010WK039405","rubriek":"wijk","FID":"wijk_gegeneraliseerd_2010.241df0c2-d131-40df-9cc6-59d44ef9b334"},"id":"WK039405"},{"arcs":[[-2959,-2605,-2595,2959,-2945]],"type":"Polygon","properties":{"id":117184,"statcode":"WK039406","statnaam":"Wijk 06 Rijk en omgeving","jrstatcode":"2010WK039406","rubriek":"wijk","FID":"wijk_gegeneraliseerd_2010.2c23cd01-0f95-4da9-841e-3c14fb643824"},"id":"WK039406"},{"arcs":[[-2949,-2946,-2960,-2599,-2603,2960]],"type":"Polygon","properties":{"id":117185,"statcode":"WK039407","statnaam":"Wijk 07 Rijsenhout en omgeving","jrstatcode":"2010WK039407","rubriek":"wijk","FID":"wijk_gegeneraliseerd_2010.2ebc8ed4-a9e7-4eaa-8fb6-6ed98206339f"},"id":"WK039407"},{"arcs":[[-2602,2961,2962,2963,-2950,-2961]],"type":"Polygon","properties":{"id":117186,"statcode":"WK039408","statnaam":"Wijk 08 Burgerveen en Weteringbrug","jrstatcode":"2010WK039408","rubriek":"wijk","FID":"wijk_gegeneraliseerd_2010.66b8c61a-a3d6-4f2c-87db-8866d53f538d"},"id":"WK039408"},{"arcs":[[2964,2965,2966,2967,2968,-2951,-2964]],"type":"Polygon","properties":{"id":117187,"statcode":"WK039409","statnaam":"Wijk 09 Abbenes en omgeving","jrstatcode":"2010WK039409","rubriek":"wijk","FID":"wijk_gegeneraliseerd_2010.b849d9ca-b9fc-4d19-9cd5-569f916c9590"},"id":"WK039409"},{"arcs":[[-2952,-2969,2969,2970,2971]],"type":"Polygon","properties":{"id":117188,"statcode":"WK039410","statnaam":"Wijk 10 Lisserbroek","jrstatcode":"2010WK039410","rubriek":"wijk","FID":"wijk_gegeneraliseerd_2010.c0155bc8-ef82-46ac-a48f-a710825d0958"},"id":"WK039410"},{"arcs":[[2972,-2953,-2972,2973]],"type":"Polygon","properties":{"id":117189,"statcode":"WK039411","statnaam":"Wijk 11 Beinsdorp","jrstatcode":"2010WK039411","rubriek":"wijk","FID":"wijk_gegeneraliseerd_2010.9442b549-33a5-475b-9144-7350047c2b85"},"id":"WK039411"},{"arcs":[[-2948,-2954,-2973,2974,-2837,2975,2976,2977]],"type":"Polygon","properties":{"id":117190,"statcode":"WK039412","statnaam":"Wijk 12 Zwaanshoek","jrstatcode":"2010WK039412","rubriek":"wijk","FID":"wijk_gegeneraliseerd_2010.15f223c5-59ac-4336-b86d-862ea4269a6a"},"id":"WK039412"},{"arcs":[[-2941,-2978,2978,-2934,2979],[2980]],"type":"Polygon","properties":{"id":117191,"statcode":"WK039413","statnaam":"Wijk 13 Cruquius","jrstatcode":"2010WK039413","rubriek":"wijk","FID":"wijk_gegeneraliseerd_2010.358740a8-328b-4764-b22a-a0e43f64bba6"},"id":"WK039413"},{"arcs":[[-2981]],"type":"Polygon","properties":{"id":117192,"statcode":"WK039414","statnaam":"Wijk 14 Cruquiushoeve","jrstatcode":"2010WK039414","rubriek":"wijk","FID":"wijk_gegeneraliseerd_2010.16937860-471c-4416-98ec-f841bc7b09a9"},"id":"WK039414"},{"arcs":[[-2958,-2942,-2980,-2936,-2920,-2940,-2955]],"type":"Polygon","properties":{"id":117193,"statcode":"WK039415","statnaam":"Wijk 15 Vijfhuizen en omgeving","jrstatcode":"2010WK039415","rubriek":"wijk","FID":"wijk_gegeneraliseerd_2010.424467c2-47ff-4023-8384-ac66cabcc013"},"id":"WK039415"},{"arcs":[[2981,2982,2983,2984,2985,2986,2987]],"type":"Polygon","properties":{"id":117194,"statcode":"WK039501","statnaam":"Wijk 01 Harenkarspel","jrstatcode":"2010WK039501","rubriek":"wijk","FID":"wijk_gegeneraliseerd_2010.ba4acd4f-c7b5-478a-8430-5e4e8f0f9bb9"},"id":"WK039501"},{"arcs":[[2988,2989,2990,-2985]],"type":"Polygon","properties":{"id":117195,"statcode":"WK039502","statnaam":"Wijk 02 Sint Maarten","jrstatcode":"2010WK039502","rubriek":"wijk","FID":"wijk_gegeneraliseerd_2010.d5cb0dcd-95de-4f68-8067-3def041d4a7e"},"id":"WK039502"},{"arcs":[[2991,-2989,-2984,2992,-2752,-2772]],"type":"Polygon","properties":{"id":117196,"statcode":"WK039503","statnaam":"Wijk 03 Warmenhuizen","jrstatcode":"2010WK039503","rubriek":"wijk","FID":"wijk_gegeneraliseerd_2010.06cd82b6-54e7-4203-b10d-723943007ea7"},"id":"WK039503"},{"arcs":[[2993,2994,2995]],"type":"Polygon","properties":{"id":117197,"statcode":"WK039601","statnaam":"Wijk 01 Heemskerk-Dorp","jrstatcode":"2010WK039601","rubriek":"wijk","FID":"wijk_gegeneraliseerd_2010.4746863b-680c-4484-9e97-f2f02affc3ed"},"id":"WK039601"},{"arcs":[[2996,2997,2998,2999,3000]],"type":"Polygon","properties":{"id":117198,"statcode":"WK039602","statnaam":"Wijk 02 Commandeurs en Marquette","jrstatcode":"2010WK039602","rubriek":"wijk","FID":"wijk_gegeneraliseerd_2010.a87c993c-3436-4645-b9fe-6a670c9ed5db"},"id":"WK039602"},{"arcs":[[3001,3002,-2795,3003,3004]],"type":"Polygon","properties":{"id":117199,"statcode":"WK039603","statnaam":"Wijk 03 Hofland. Oosterwijk en Zuidbroek","jrstatcode":"2010WK039603","rubriek":"wijk","FID":"wijk_gegeneraliseerd_2010.9c68c646-31cb-41b9-8f66-223d36af216b"},"id":"WK039603"},{"arcs":[[3005,-2798,-2793,-2802,3006,-2868,-2865,3007,-3001]],"type":"Polygon","properties":{"id":117200,"statcode":"WK039604","statnaam":"Wijk 04 Heemskerkerduin en Noorddorp","jrstatcode":"2010WK039604","rubriek":"wijk","FID":"wijk_gegeneraliseerd_2010.ba75fcd4-d521-40d2-9ba9-f1b6cc75c4b7"},"id":"WK039604"},{"arcs":[[3008,-2996,3009,-2998,3010]],"type":"Polygon","properties":{"id":117201,"statcode":"WK039605","statnaam":"Wijk 05 Poelenburg en Oosterzij","jrstatcode":"2010WK039605","rubriek":"wijk","FID":"wijk_gegeneraliseerd_2010.0b135409-a4f7-454c-a2c6-3fe8a70891c1"},"id":"WK039605"},{"arcs":[[3011,3012,-3002,3013,-3011,-2997,-3008,-2864,3014]],"type":"Polygon","properties":{"id":117202,"statcode":"WK039606","statnaam":"Wijk 06 Noordbroek en De Trompet","jrstatcode":"2010WK039606","rubriek":"wijk","FID":"wijk_gegeneraliseerd_2010.4adae7c2-a08d-45d5-854d-76aaf313b0b5"},"id":"WK039606"},{"arcs":[[-2995,3015,3016,-2999,-3010]],"type":"Polygon","properties":{"id":117203,"statcode":"WK039607","statnaam":"Wijk 07 Kerkbeek","jrstatcode":"2010WK039607","rubriek":"wijk","FID":"wijk_gegeneraliseerd_2010.a3aaab3c-b0d4-4108-bf66-f23a1d022321"},"id":"WK039607"},{"arcs":[[-3014,-3005,3017,-3016,-2994,-3009]],"type":"Polygon","properties":{"id":117204,"statcode":"WK039608","statnaam":"Wijk 08 Assumburg","jrstatcode":"2010WK039608","rubriek":"wijk","FID":"wijk_gegeneraliseerd_2010.31a696d1-5029-4a25-b478-98c5a0efa318"},"id":"WK039608"},{"arcs":[[-3017,-3018,-3004,-2799,-3006,-3000]],"type":"Polygon","properties":{"id":117205,"statcode":"WK039609","statnaam":"Wijk 09 Hoogdorp en Waterakkers","jrstatcode":"2010WK039609","rubriek":"wijk","FID":"wijk_gegeneraliseerd_2010.e0062de6-0417-4ad9-9591-2cfc7150740a"},"id":"WK039609"},{"arcs":[[3018,-2805,-3003,-3013]],"type":"Polygon","properties":{"id":117206,"statcode":"WK039610","statnaam":"Wijk 10 Broekpolder","jrstatcode":"2010WK039610","rubriek":"wijk","FID":"wijk_gegeneraliseerd_2010.a9448a58-28e1-4ef6-aa1b-bb42687772e0"},"id":"WK039610"},{"arcs":[[-3012,3019,3020,-2806,-3019]],"type":"Polygon","properties":{"id":117207,"statcode":"WK039611","statnaam":"Wijk 11 Oostelijk Heemskerk","jrstatcode":"2010WK039611","rubriek":"wijk","FID":"wijk_gegeneraliseerd_2010.aa7b2cf5-21a2-4f0e-aa0f-436a94b6e749"},"id":"WK039611"},{"arcs":[[-2935,-2979,-2977,3021,3022,-2911,-2923]],"type":"Polygon","properties":{"id":117208,"statcode":"WK039700","statnaam":"Wijk 00 Heemstede-Centrum","jrstatcode":"2010WK039700","rubriek":"wijk","FID":"wijk_gegeneraliseerd_2010.d11d244e-7b31-45bd-b96b-50654ae4db5e"},"id":"WK039700"},{"arcs":[[-2976,-2839,-2835,3023,-3022]],"type":"Polygon","properties":{"id":117209,"statcode":"WK039701","statnaam":"Wijk 01 Heemstede-Zuid","jrstatcode":"2010WK039701","rubriek":"wijk","FID":"wijk_gegeneraliseerd_2010.cb2198ec-4ab1-4ed7-af41-a7b5737ae30f"},"id":"WK039701"},{"arcs":[[-3023,-3024,-2834,-2828,-2912]],"type":"Polygon","properties":{"id":117210,"statcode":"WK039702","statnaam":"Wijk 02 Heemstede west van de spoorbaan","jrstatcode":"2010WK039702","rubriek":"wijk","FID":"wijk_gegeneraliseerd_2010.3df5741e-b166-4696-abad-cb900df021d7"},"id":"WK039702"},{"arcs":[[3024,3025,3026,3027,3028,3029]],"type":"Polygon","properties":{"id":117211,"statcode":"WK039801","statnaam":"Wijk 01 Schrijverswijk","jrstatcode":"2010WK039801","rubriek":"wijk","FID":"wijk_gegeneraliseerd_2010.eb5d41e6-8812-4b01-b732-59edda292967"},"id":"WK039801"},{"arcs":[[3030,3031,3032,3033]],"type":"Polygon","properties":{"id":117212,"statcode":"WK039802","statnaam":"Wijk 02 Schilderswijk","jrstatcode":"2010WK039802","rubriek":"wijk","FID":"wijk_gegeneraliseerd_2010.5699709a-8b15-49fa-aa1f-38a6ebb7be2c"},"id":"WK039802"},{"arcs":[[3034,-3025,3035]],"type":"Polygon","properties":{"id":117213,"statcode":"WK039804","statnaam":"Wijk 04 Planetenwijk","jrstatcode":"2010WK039804","rubriek":"wijk","FID":"wijk_gegeneraliseerd_2010.bfc905d8-d425-41a3-a625-de95eb01a662"},"id":"WK039804"},{"arcs":[[3036,-3027,3037,-3033,3038]],"type":"Polygon","properties":{"id":117214,"statcode":"WK039806","statnaam":"Wijk 06 Bomen- en Recreatiewijk","jrstatcode":"2010WK039806","rubriek":"wijk","FID":"wijk_gegeneraliseerd_2010.31de1236-f817-4f42-bbe1-ed0c10ee9bfb"},"id":"WK039806"},{"arcs":[[-3035,3039,3040,-3034,-3038,-3026]],"type":"Polygon","properties":{"id":117215,"statcode":"WK039807","statnaam":"Wijk 07 Centrumwaard","jrstatcode":"2010WK039807","rubriek":"wijk","FID":"wijk_gegeneraliseerd_2010.7cc92bac-d767-4c6b-aa47-b9c1a929ae27"},"id":"WK039807"},{"arcs":[[3041,3042,3043,3044]],"type":"Polygon","properties":{"id":117216,"statcode":"WK039808","statnaam":"Wijk 08 Edelstenenwijk","jrstatcode":"2010WK039808","rubriek":"wijk","FID":"wijk_gegeneraliseerd_2010.c26aefa1-5213-4b88-8fc6-72152f2baf69"},"id":"WK039808"},{"arcs":[[-3028,3045,3046,-3042,3047]],"type":"Polygon","properties":{"id":117217,"statcode":"WK039809","statnaam":"Wijk 09 Centrum en Stationsplein","jrstatcode":"2010WK039809","rubriek":"wijk","FID":"wijk_gegeneraliseerd_2010.276191d5-2a20-4c86-949a-fa291010290e"},"id":"WK039809"},{"arcs":[[-3046,-3037,3050,3051,3052]],"type":"Polygon","properties":{"id":117218,"statcode":"WK039810","statnaam":"Wijk 10 Molenwijk","jrstatcode":"2010WK039810","rubriek":"wijk","FID":"wijk_gegeneraliseerd_2010.f6a4b514-5715-40b9-9690-c7040657bed4"},"id":"WK039810"},{"arcs":[[-3053,3053,3054,3055,-3043,-3047]],"type":"Polygon","properties":{"id":117219,"statcode":"WK039811","statnaam":"Wijk 11 Rivierenwijk","jrstatcode":"2010WK039811","rubriek":"wijk","FID":"wijk_gegeneraliseerd_2010.b4d63a8a-0189-47f1-84a5-ed5899965705"},"id":"WK039811"},{"arcs":[[-3040,-3036,-3030,3056,-3050,3057]],"type":"Polygon","properties":{"id":117220,"statcode":"WK039812","statnaam":"Wijk 12 Industrieterrein","jrstatcode":"2010WK039812","rubriek":"wijk","FID":"wijk_gegeneraliseerd_2010.f5cb5c8e-8f10-4cf0-9073-7778230e9d84"},"id":"WK039812"},{"arcs":[[-3044,-3056,3058,3059]],"type":"Polygon","properties":{"id":117221,"statcode":"WK039813","statnaam":"Wijk 13 Butterhuizen","jrstatcode":"2010WK039813","rubriek":"wijk","FID":"wijk_gegeneraliseerd_2010.337a829d-a89d-45b5-92c9-c50b2a65c02a"},"id":"WK039813"},{"arcs":[[3060,3061,3062,3063,-3054,-3052]],"type":"Polygon","properties":{"id":117222,"statcode":"WK039814","statnaam":"Wijk 14 Oostertocht","jrstatcode":"2010WK039814","rubriek":"wijk","FID":"wijk_gegeneraliseerd_2010.bc3225bf-2bba-4f2d-af69-4bc70c2eca03"},"id":"WK039814"},{"arcs":[[-3055,3064,3065,3066,3067,-3059]],"type":"Polygon","properties":{"id":117223,"statcode":"WK039815","statnaam":"Wijk 15 Zuidwijk","jrstatcode":"2010WK039815","rubriek":"wijk","FID":"wijk_gegeneraliseerd_2010.6339cacb-7a2a-4781-bb3d-32bab54ca61f"},"id":"WK039815"},{"arcs":[[-3064,3068,-3065]],"type":"Polygon","properties":{"id":117224,"statcode":"WK039816","statnaam":"Wijk16 Huygenhoek","jrstatcode":"2010WK039816","rubriek":"wijk","FID":"wijk_gegeneraliseerd_2010.9755369b-321a-454c-a600-42f1f4a1e202"},"id":"WK039816"},{"arcs":[[-3067,3069]],"type":"Polygon","properties":{"id":117225,"statcode":"WK039817","statnaam":"Wijk 17 Stad van de Zon","jrstatcode":"2010WK039817","rubriek":"wijk","FID":"wijk_gegeneraliseerd_2010.5dc74241-8326-4eda-8f2e-321b8d07fbb9"},"id":"WK039817"},{"arcs":[[3070]],"type":"Polygon","properties":{"id":117226,"statcode":"WK039820","statnaam":"Wijk 20 De Noord","jrstatcode":"2010WK039820","rubriek":"wijk","FID":"wijk_gegeneraliseerd_2010.921af400-f6b0-4a08-8f32-2923c866d8ef"},"id":"WK039820"},{"arcs":[[3071,3072,3073,3074,3075,-3031,-3041,-3058,3076,3077,-2982],[-3071]],"type":"Polygon","properties":{"id":117227,"statcode":"WK039830","statnaam":"Wijk 30 Buitengebied Noord","jrstatcode":"2010WK039830","rubriek":"wijk","FID":"wijk_gegeneraliseerd_2010.97bbe8fa-3f42-404f-b26a-1c617363b218"},"id":"WK039830"},{"arcs":[[3078,-3062]],"type":"Polygon","properties":{"id":117228,"statcode":"WK039840","statnaam":"Wijk 40 't Kruis","jrstatcode":"2010WK039840","rubriek":"wijk","FID":"wijk_gegeneraliseerd_2010.83e67e8b-849e-42e6-9700-f4c9eab42979"},"id":"WK039840"},{"arcs":[[-3076,3079,3080,3081,3082,3083,3084,-2613,3085,-3077,-3049,-3057,-3029,-3048,-3045,-3060,-3068,-3070,-3066,-3069,-3063,-3079,-3061,-3051,-3039,-3032]],"type":"Polygon","properties":{"id":117229,"statcode":"WK039850","statnaam":"Wijk 50 Buitengebied Zuid","jrstatcode":"2010WK039850","rubriek":"wijk","FID":"wijk_gegeneraliseerd_2010.515cfa8f-8f1f-4848-a0b8-2748df36585c"},"id":"WK039850"},{"arcs":[[-2623,-2611,-2622,3086,3087,3088,-2768]],"type":"Polygon","properties":{"id":117230,"statcode":"WK039901","statnaam":"Wijk 01 Blockhovepark","jrstatcode":"2010WK039901","rubriek":"wijk","FID":"wijk_gegeneraliseerd_2010.05fd6cbc-070a-486f-9aff-cb6bac75b32f"},"id":"WK039901"},{"arcs":[[3089,3090,3091,-2769,-3089]],"type":"Polygon","properties":{"id":117231,"statcode":"WK039902","statnaam":"Wijk 02 Heiloo Noord-West","jrstatcode":"2010WK039902","rubriek":"wijk","FID":"wijk_gegeneraliseerd_2010.a441741e-b295-4c59-97f4-4b169930a04b"},"id":"WK039902"},{"arcs":[[3092,3093,3094,-3090,-3088]],"type":"Polygon","properties":{"id":117232,"statcode":"WK039903","statnaam":"Wijk 03 Heiloo-Midden","jrstatcode":"2010WK039903","rubriek":"wijk","FID":"wijk_gegeneraliseerd_2010.4e6329ce-574f-43f9-b169-63a553e7f627"},"id":"WK039903"},{"arcs":[[3095,3096,-2762,-2770,-3092]],"type":"Polygon","properties":{"id":117233,"statcode":"WK039904","statnaam":"Wijk 04 Heiloo-West","jrstatcode":"2010WK039904","rubriek":"wijk","FID":"wijk_gegeneraliseerd_2010.b70bf90a-4c62-4fe6-8e4b-4f6b949b30a0"},"id":"WK039904"},{"arcs":[[-3095,3097,3098,-3096,-3091]],"type":"Polygon","properties":{"id":117234,"statcode":"WK039905","statnaam":"Wijk 05 Stationsomgeving","jrstatcode":"2010WK039905","rubriek":"wijk","FID":"wijk_gegeneraliseerd_2010.bad4f987-13ab-4c46-9caa-1ff8390767e7"},"id":"WK039905"},{"arcs":[[3099,-2882,3100,-3098,-3094]],"type":"Polygon","properties":{"id":117235,"statcode":"WK039906","statnaam":"Wijk 06 Ypestein","jrstatcode":"2010WK039906","rubriek":"wijk","FID":"wijk_gegeneraliseerd_2010.288f0ba1-7fe9-4952-a691-b22f2c322c89"},"id":"WK039906"},{"arcs":[[-2621,-2875,-3100,-3093,-3087]],"type":"Polygon","properties":{"id":117236,"statcode":"WK039907","statnaam":"Wijk 07 Heiloo-Oost","jrstatcode":"2010WK039907","rubriek":"wijk","FID":"wijk_gegeneraliseerd_2010.939650a2-c558-4bf8-8cdd-c19d09850f18"},"id":"WK039907"},{"arcs":[[-3099,-3101,-2881,-2870,-2763,-3097]],"type":"Polygon","properties":{"id":117237,"statcode":"WK039908","statnaam":"Wijk 08 Heiloo Zuid-West","jrstatcode":"2010WK039908","rubriek":"wijk","FID":"wijk_gegeneraliseerd_2010.069b763a-26b9-4f7f-8760-952a204f7df9"},"id":"WK039908"},{"arcs":[[3101,3102,3103,3104]],"type":"Polygon","properties":{"id":117238,"statcode":"WK040001","statnaam":"Wijk 01 Stad binnen de Linie-Oost","jrstatcode":"2010WK040001","rubriek":"wijk","FID":"wijk_gegeneraliseerd_2010.fed64691-4b08-432b-b890-495ef75eb687"},"id":"WK040001"},{"arcs":[[3105,3106,3107,3108,-3102]],"type":"Polygon","properties":{"id":117239,"statcode":"WK040002","statnaam":"Wijk 02 Stad binnen de Linie-West","jrstatcode":"2010WK040002","rubriek":"wijk","FID":"wijk_gegeneraliseerd_2010.771b0524-d148-4c88-905b-56b92d524dbd"},"id":"WK040002"},{"arcs":[[3109,3110,-3108,3111]],"type":"Polygon","properties":{"id":117240,"statcode":"WK040003","statnaam":"Wijk 03 Nieuw Den Helder-West","jrstatcode":"2010WK040003","rubriek":"wijk","FID":"wijk_gegeneraliseerd_2010.07dd4641-80a8-4de9-bf57-bc36ab1cbeca"},"id":"WK040003"},{"arcs":[[3112,-3112,-3107,3113,3114]],"type":"Polygon","properties":{"id":117241,"statcode":"WK040004","statnaam":"Wijk 04 Nieuw Den Helder-Oost","jrstatcode":"2010WK040004","rubriek":"wijk","FID":"wijk_gegeneraliseerd_2010.1b407336-eeb8-4590-ab06-5e04d3cb1086"},"id":"WK040004"},{"arcs":[[-3114,-3106,-3105,3115]],"type":"Polygon","properties":{"id":117242,"statcode":"WK040005","statnaam":"Wijk 05 De Schooten","jrstatcode":"2010WK040005","rubriek":"wijk","FID":"wijk_gegeneraliseerd_2010.3de3a231-48ee-4a5f-8ceb-cf9d86d08a9e"},"id":"WK040005"},{"arcs":[[3116,3117,3118,-3115,-3116,-3104,3119,-2728]],"type":"Polygon","properties":{"id":117243,"statcode":"WK040006","statnaam":"Wijk 06 Het Koegras","jrstatcode":"2010WK040006","rubriek":"wijk","FID":"wijk_gegeneraliseerd_2010.0467f11a-7644-4c1b-b6d9-011347e636d3"},"id":"WK040006"},{"arcs":[[3120,3121,-3110,-3113,-3119,3122]],"type":"Polygon","properties":{"id":117244,"statcode":"WK040007","statnaam":"Wijk 07 Duinzoom","jrstatcode":"2010WK040007","rubriek":"wijk","FID":"wijk_gegeneraliseerd_2010.c88fb996-5bdf-45f6-9de2-cd4d7acf3a33"},"id":"WK040007"},{"arcs":[[3123,-3123,-3118]],"type":"Polygon","properties":{"id":117245,"statcode":"WK040008","statnaam":"Wijk 08 Julianadorp","jrstatcode":"2010WK040008","rubriek":"wijk","FID":"wijk_gegeneraliseerd_2010.2a81d893-0b37-42af-a589-9e845c4af2ad"},"id":"WK040008"},{"arcs":[[3124,3125,3126,3127,3128]],"type":"Polygon","properties":{"id":117246,"statcode":"WK040201","statnaam":"Wijk 01 Centrum","jrstatcode":"2010WK040201","rubriek":"wijk","FID":"wijk_gegeneraliseerd_2010.808e89bc-8ea1-48c9-898f-f542e39e38ab"},"id":"WK040201"},{"arcs":[[3129,-3125,3130,3131,3132,3133,3134]],"type":"Polygon","properties":{"id":117247,"statcode":"WK040202","statnaam":"Wijk 02 Noordwest","jrstatcode":"2010WK040202","rubriek":"wijk","FID":"wijk_gegeneraliseerd_2010.35a1cf8a-b1d0-4778-b9ae-957cd120af45"},"id":"WK040202"},{"arcs":[[3135,3136,3137,3138,-3132,3139]],"type":"Polygon","properties":{"id":117248,"statcode":"WK040203","statnaam":"Wijk 03 Zuidwest","jrstatcode":"2010WK040203","rubriek":"wijk","FID":"wijk_gegeneraliseerd_2010.18ad4a1b-a401-49db-a240-b8d5e540214a"},"id":"WK040203"},{"arcs":[[3140,3141,-3140,-3131,-3129,3142]],"type":"Polygon","properties":{"id":117249,"statcode":"WK040204","statnaam":"Wijk 04 Zuid","jrstatcode":"2010WK040204","rubriek":"wijk","FID":"wijk_gegeneraliseerd_2010.83e89242-0299-4e7f-831a-49ae103c02ba"},"id":"WK040204"},{"arcs":[[3143,3144,-3143,-3128]],"type":"Polygon","properties":{"id":117250,"statcode":"WK040205","statnaam":"Wijk 05 Zuidoost","jrstatcode":"2010WK040205","rubriek":"wijk","FID":"wijk_gegeneraliseerd_2010.8c0479ce-63bd-4b57-9fc8-ec5ae561620d"},"id":"WK040205"},{"arcs":[[-3144,-3127,3145,3146,3147,3148]],"type":"Polygon","properties":{"id":117251,"statcode":"WK040206","statnaam":"Wijk 06 Oost","jrstatcode":"2010WK040206","rubriek":"wijk","FID":"wijk_gegeneraliseerd_2010.6e59a497-67c3-487a-8bee-037094f2c07d"},"id":"WK040206"},{"arcs":[[[-3126,-3130,3149,-3146]],[[3150,3151,3152,-2846]]],"type":"MultiPolygon","properties":{"id":117252,"statcode":"WK040207","statnaam":"Wijk 07 Noordoost","jrstatcode":"2010WK040207","rubriek":"wijk","FID":"wijk_gegeneraliseerd_2010.ea770cff-a39b-46c2-a291-277726f11856"},"id":"WK040207"},{"arcs":[[-2851,3153,3154,3155]],"type":"Polygon","properties":{"id":117253,"statcode":"WK040208","statnaam":"Wijk 08 Hilversumse Meent","jrstatcode":"2010WK040208","rubriek":"wijk","FID":"wijk_gegeneraliseerd_2010.f045325a-3edc-49eb-97d8-1f6ee3c957b0"},"id":"WK040208"},{"arcs":[[[-2325,-2347,-2353,3156,-3141,-3145,-3149,3157]],[[-3153,3158,-3147,-3150,-3135,3159,-3154,-2850,-2847]],[[3160,-2852,-3156,3161,3162,3163]],[[-3133,-3139,3164]]],"type":"MultiPolygon","properties":{"id":117254,"statcode":"WK040209","statnaam":"Wijk 09 Landelijk gebied","jrstatcode":"2010WK040209","rubriek":"wijk","FID":"wijk_gegeneraliseerd_2010.e079198d-a2a0-48c0-acc4-9c22cde1b972"},"id":"WK040209"},{"arcs":[[3165,3166,3167,3168]],"type":"Polygon","properties":{"id":117255,"statcode":"WK040510","statnaam":"Wijk 10 Binnenstad","jrstatcode":"2010WK040510","rubriek":"wijk","FID":"wijk_gegeneraliseerd_2010.36b380e3-8332-42cf-82d0-c49902125ff1"},"id":"WK040510"},{"arcs":[[3169,3170,3171,-3168,3172]],"type":"Polygon","properties":{"id":117256,"statcode":"WK040511","statnaam":"Wijk 11 Venenlaan-kwartier","jrstatcode":"2010WK040511","rubriek":"wijk","FID":"wijk_gegeneraliseerd_2010.6ee3851c-b483-4a3e-ac6e-910a65fdf20a"},"id":"WK040511"},{"arcs":[[3173,3174,3175,-3173,-3167,3176,3177]],"type":"Polygon","properties":{"id":117257,"statcode":"WK040512","statnaam":"Wijk 12 Hoorn-Noord","jrstatcode":"2010WK040512","rubriek":"wijk","FID":"wijk_gegeneraliseerd_2010.02ed51f7-aceb-4636-bf9b-d5ff64476422"},"id":"WK040512"},{"arcs":[[3178,3179,-3177,-3166,3180]],"type":"Polygon","properties":{"id":117258,"statcode":"WK040513","statnaam":"Wijk 13 Grote Waal","jrstatcode":"2010WK040513","rubriek":"wijk","FID":"wijk_gegeneraliseerd_2010.ff60d91d-5195-4cdc-8c39-700d17883cb9"},"id":"WK040513"},{"arcs":[[3181,3182,-3174,3183,3184]],"type":"Polygon","properties":{"id":117259,"statcode":"WK040520","statnaam":"Wijk 20 Risdam-Zuid","jrstatcode":"2010WK040520","rubriek":"wijk","FID":"wijk_gegeneraliseerd_2010.df6bd2c9-c57b-4732-bf2b-ab218f660d75"},"id":"WK040520"},{"arcs":[[3185,3186,3187,3188,-3185]],"type":"Polygon","properties":{"id":117260,"statcode":"WK040521","statnaam":"Wijk 21 Risdam-Noord","jrstatcode":"2010WK040521","rubriek":"wijk","FID":"wijk_gegeneraliseerd_2010.5c691866-1d98-4c5c-aba9-80ba0a804bc8"},"id":"WK040521"},{"arcs":[[-3183,3189,3190,3191,-3175]],"type":"Polygon","properties":{"id":117261,"statcode":"WK040522","statnaam":"Wijk 22 Nieuwe Steen","jrstatcode":"2010WK040522","rubriek":"wijk","FID":"wijk_gegeneraliseerd_2010.6a6641bc-af42-4307-a539-ab8b56cec8a6"},"id":"WK040522"},{"arcs":[[-3190,-3182,-3189,3192,3193,3194,3195]],"type":"Polygon","properties":{"id":117262,"statcode":"WK040530","statnaam":"Wijk 30 Zwaag","jrstatcode":"2010WK040530","rubriek":"wijk","FID":"wijk_gegeneraliseerd_2010.249f09e1-f18d-4dce-9447-cf4b8cbfe59b"},"id":"WK040530"},{"arcs":[[-3191,-3196,3196,3197,3198,3199]],"type":"Polygon","properties":{"id":117263,"statcode":"WK040531","statnaam":"Wijk 31 Blokker","jrstatcode":"2010WK040531","rubriek":"wijk","FID":"wijk_gegeneraliseerd_2010.2df1ae7a-d1d1-4b19-9445-655b6de71107"},"id":"WK040531"},{"arcs":[[3200,-3176,-3192,-3200]],"type":"Polygon","properties":{"id":117264,"statcode":"WK040532","statnaam":"Wijk 32 Kersenboogerd-Noord","jrstatcode":"2010WK040532","rubriek":"wijk","FID":"wijk_gegeneraliseerd_2010.8ca49471-f5e1-4b74-b093-4dfd31fc2007"},"id":"WK040532"},{"arcs":[[-3199,3201,3202,3203,-3170,-3201]],"type":"Polygon","properties":{"id":117265,"statcode":"WK040533","statnaam":"Wijk 33 Kersenboogerd-Zuid","jrstatcode":"2010WK040533","rubriek":"wijk","FID":"wijk_gegeneraliseerd_2010.ae2bc2de-f682-456f-9b2f-a04f1cf6dcaa"},"id":"WK040533"},{"arcs":[[-3204,3204,3205,-3171]],"type":"Polygon","properties":{"id":117266,"statcode":"WK040534","statnaam":"Wijk 34 Hoorn 80","jrstatcode":"2010WK040534","rubriek":"wijk","FID":"wijk_gegeneraliseerd_2010.0ec67b12-7a3d-4586-a1ae-12bbd5793371"},"id":"WK040534"},{"arcs":[[-3195,3206,3207,3208,3209,-3197]],"type":"Polygon","properties":{"id":117267,"statcode":"WK040535","statnaam":"Wijk 35 Bangert en Oosterpolder","jrstatcode":"2010WK040535","rubriek":"wijk","FID":"wijk_gegeneraliseerd_2010.b3765dbc-79ed-4752-88a9-0515c62abd57"},"id":"WK040535"},{"arcs":[[-3207,-3194,3210,3211]],"type":"Polygon","properties":{"id":117268,"statcode":"WK040536","statnaam":"Wijk 36 Noord","jrstatcode":"2010WK040536","rubriek":"wijk","FID":"wijk_gegeneraliseerd_2010.f284f07c-254a-4338-b702-b3fa29727db7"},"id":"WK040536"},{"arcs":[[3212,3213,3214,3215,3216,3217]],"type":"Polygon","properties":{"id":117269,"statcode":"WK040600","statnaam":"Wijk 00 Oude Dorp","jrstatcode":"2010WK040600","rubriek":"wijk","FID":"wijk_gegeneraliseerd_2010.e442abfd-7884-48d0-a81d-c0efc6c6738d"},"id":"WK040600"},{"arcs":[[3218,-3216,3219,3220]],"type":"Polygon","properties":{"id":117270,"statcode":"WK040601","statnaam":"Wijk 01 Westereng","jrstatcode":"2010WK040601","rubriek":"wijk","FID":"wijk_gegeneraliseerd_2010.f750ebaa-36c7-4d40-a4ef-855d797daf18"},"id":"WK040601"},{"arcs":[[3221,3222,-2814,3223,-3151,-2849]],"type":"Polygon","properties":{"id":117271,"statcode":"WK040602","statnaam":"Wijk 02 Buitenwijken","jrstatcode":"2010WK040602","rubriek":"wijk","FID":"wijk_gegeneraliseerd_2010.791a9daa-8ede-4ca0-a2dc-29658efa22d8"},"id":"WK040602"},{"arcs":[[3224,3225,-2815,-3223,3226,-3221,3227,-3214]],"type":"Polygon","properties":{"id":117272,"statcode":"WK040603","statnaam":"Wijk 03 Erica en Tafelberg","jrstatcode":"2010WK040603","rubriek":"wijk","FID":"wijk_gegeneraliseerd_2010.f1c98f5e-0e2a-4c4b-912b-4409c17c251f"},"id":"WK040603"},{"arcs":[[-3215,-3228,-3220]],"type":"Polygon","properties":{"id":117273,"statcode":"WK040604","statnaam":"Wijk 04 Staatslieden en Componistenbuurt","jrstatcode":"2010WK040604","rubriek":"wijk","FID":"wijk_gegeneraliseerd_2010.640f2c3b-0376-4b65-a562-4bd408416505"},"id":"WK040604"},{"arcs":[[3228,-3218,3229,3230,3231,3232]],"type":"Polygon","properties":{"id":117274,"statcode":"WK040605","statnaam":"Wijk 05 Havengebied","jrstatcode":"2010WK040605","rubriek":"wijk","FID":"wijk_gegeneraliseerd_2010.3598c382-b1b4-4509-b1e7-90116aff78f7"},"id":"WK040605"},{"arcs":[[-3225,-3213,-3229,3233,3234]],"type":"Polygon","properties":{"id":117275,"statcode":"WK040606","statnaam":"Wijk 06 Zenderwijk en Bovenweg","jrstatcode":"2010WK040606","rubriek":"wijk","FID":"wijk_gegeneraliseerd_2010.1c0d83d8-d293-4bc9-bc99-e12199e9e12d"},"id":"WK040606"},{"arcs":[[3235,3236,-2808,-3226,-3235]],"type":"Polygon","properties":{"id":117276,"statcode":"WK040607","statnaam":"Wijk 07 Stad en Lande","jrstatcode":"2010WK040607","rubriek":"wijk","FID":"wijk_gegeneraliseerd_2010.4da028c3-f728-4a30-a06b-75e3f28ae0c0"},"id":"WK040607"},{"arcs":[[3237,3238,-3236,-3234,-3233,3239]],"type":"Polygon","properties":{"id":117277,"statcode":"WK040608","statnaam":"Wijk 08 Huizermaat West en Zuid","jrstatcode":"2010WK040608","rubriek":"wijk","FID":"wijk_gegeneraliseerd_2010.67b78f74-9ee0-4903-b283-baf3b6928b0d"},"id":"WK040608"},{"arcs":[[-3232,3240,3241,-3240]],"type":"Polygon","properties":{"id":117278,"statcode":"WK040609","statnaam":"Wijk 09 Huizermaat Noord","jrstatcode":"2010WK040609","rubriek":"wijk","FID":"wijk_gegeneraliseerd_2010.1ba70056-6e44-4fe4-8e3c-bff076278d1f"},"id":"WK040609"},{"arcs":[[-3237,-3239,3242,-2809]],"type":"Polygon","properties":{"id":117279,"statcode":"WK040610","statnaam":"Wijk 10 Bijvanck","jrstatcode":"2010WK040610","rubriek":"wijk","FID":"wijk_gegeneraliseerd_2010.d5cd3f72-741f-4827-b4f8-5506de0ab1c6"},"id":"WK040610"},{"arcs":[[-2810,-3243,-3238,-3242,3243,3244]],"type":"Polygon","properties":{"id":117280,"statcode":"WK040611","statnaam":"Wijk 11 Bovenmaten","jrstatcode":"2010WK040611","rubriek":"wijk","FID":"wijk_gegeneraliseerd_2010.2eb786ae-6bf7-41ec-9f2f-2cacf4f5b41a"},"id":"WK040611"},{"arcs":[[-2811,-3245,3245]],"type":"Polygon","properties":{"id":117281,"statcode":"WK040612","statnaam":"Wijk 12 Hogemaat","jrstatcode":"2010WK040612","rubriek":"wijk","FID":"wijk_gegeneraliseerd_2010.5bb25902-63e9-44dd-8e91-5cdda776e6e2"},"id":"WK040612"},{"arcs":[[3246,-2730,3247,3248,3249]],"type":"Polygon","properties":{"id":117282,"statcode":"WK041200","statnaam":"Wijk 00 Winkel","jrstatcode":"2010WK041200","rubriek":"wijk","FID":"wijk_gegeneraliseerd_2010.7f586540-4628-459f-be76-207808aeb6bb"},"id":"WK041200"},{"arcs":[[3250,3251,3252,-3250]],"type":"Polygon","properties":{"id":117283,"statcode":"WK041201","statnaam":"Wijk 01 Nieuwe-Niedorp","jrstatcode":"2010WK041201","rubriek":"wijk","FID":"wijk_gegeneraliseerd_2010.a409adc7-095f-44f9-b1ab-b1ae2a55d4b7"},"id":"WK041201"},{"arcs":[[3253,-3072,-2988,3254,-3252]],"type":"Polygon","properties":{"id":117284,"statcode":"WK041202","statnaam":"Wijk 02 Oude-Niedorp","jrstatcode":"2010WK041202","rubriek":"wijk","FID":"wijk_gegeneraliseerd_2010.58d7b74a-6e44-4e22-a206-187952d83087"},"id":"WK041202"},{"arcs":[[-3247,-3253,-3255,-2987,3255,-2731]],"type":"Polygon","properties":{"id":117285,"statcode":"WK041203","statnaam":"Wijk 03 Barsingerhorn en omgeving","jrstatcode":"2010WK041203","rubriek":"wijk","FID":"wijk_gegeneraliseerd_2010.8984f198-4f61-4f6d-9a67-384649afa91c"},"id":"WK041203"},{"arcs":[[3256,-2684,3257,3258]],"type":"Polygon","properties":{"id":117286,"statcode":"WK041500","statnaam":"Wijk 00 Landsmeer","jrstatcode":"2010WK041500","rubriek":"wijk","FID":"wijk_gegeneraliseerd_2010.35a3023c-d377-4650-aaab-f63039dac1ba"},"id":"WK041500"},{"arcs":[[3259,3260,-3259,3261,3262,3263]],"type":"Polygon","properties":{"id":117287,"statcode":"WK041501","statnaam":"Wijk 01 Ilpendam","jrstatcode":"2010WK041501","rubriek":"wijk","FID":"wijk_gegeneraliseerd_2010.07199de3-a21f-470b-b9c2-50c71cbcd344"},"id":"WK041501"},{"arcs":[[-2612,-2632,-2636,-2753,-2993,-2983,-3078,-3086]],"type":"Polygon","properties":{"id":117288,"statcode":"WK041600","statnaam":"Wijk 00","jrstatcode":"2010WK041600","rubriek":"wijk","FID":"wijk_gegeneraliseerd_2010.1adc5cd8-2828-49d8-93b8-bbe1c926e92e"},"id":"WK041600"},{"arcs":[[-2392,-2326,-3158,-3148,-3159,-3152,-3224,-2813]],"type":"Polygon","properties":{"id":117289,"statcode":"WK041700","statnaam":"Wijk 00","jrstatcode":"2010WK041700","rubriek":"wijk","FID":"wijk_gegeneraliseerd_2010.b7521624-65c0-4af5-9e71-522c29564906"},"id":"WK041700"},{"arcs":[[3264,3265,3266,3267,3268,3269]],"type":"Polygon","properties":{"id":117290,"statcode":"WK042000","statnaam":"Wijk 00","jrstatcode":"2010WK042000","rubriek":"wijk","FID":"wijk_gegeneraliseerd_2010.466b0246-4dd3-4240-b791-6c5c4052558c"},"id":"WK042000"},{"arcs":[[3270,3271,-3187,3272,3273,3274,3275]],"type":"Polygon","properties":{"id":117291,"statcode":"WK042001","statnaam":"Wijk 01 Wognum","jrstatcode":"2010WK042001","rubriek":"wijk","FID":"wijk_gegeneraliseerd_2010.20aa1607-54a5-4ec6-8d73-5b2fa95c3ed1"},"id":"WK042001"},{"arcs":[[3276,3277,3278,3279,-3271,3280]],"type":"Polygon","properties":{"id":117292,"statcode":"WK042002","statnaam":"Wijk 02 Nibbixwoud en Wijzend","jrstatcode":"2010WK042002","rubriek":"wijk","FID":"wijk_gegeneraliseerd_2010.0782e614-f079-40d7-a8cf-adf15adce1eb"},"id":"WK042002"},{"arcs":[[-3211,-3193,-3188,-3272,-3280,3281]],"type":"Polygon","properties":{"id":117293,"statcode":"WK042003","statnaam":"Wijk 03 Zwaagdijk-West","jrstatcode":"2010WK042003","rubriek":"wijk","FID":"wijk_gegeneraliseerd_2010.40c7c162-2b5d-405c-ad6a-2c1d59a15f4f"},"id":"WK042003"},{"arcs":[[-3266,3282,3283,-3277,3284,3285]],"type":"Polygon","properties":{"id":117294,"statcode":"WK042004","statnaam":"Wijk 04 Noorder Koggenland","jrstatcode":"2010WK042004","rubriek":"wijk","FID":"wijk_gegeneraliseerd_2010.3dd9ddea-688e-4f9d-98fd-1cae77aa82eb"},"id":"WK042004"},{"arcs":[[-3276,3286,3287,3288,3289,-3285,-3281]],"type":"Polygon","properties":{"id":117295,"statcode":"WK042005","statnaam":"Wijk 05 Sijbekarspel","jrstatcode":"2010WK042005","rubriek":"wijk","FID":"wijk_gegeneraliseerd_2010.81c53748-c122-4607-953c-b6742d610395"},"id":"WK042005"},{"arcs":[[3290,3291,-3278,-3284]],"type":"Polygon","properties":{"id":117296,"statcode":"WK042006","statnaam":"Wijk 06 Hauwert","jrstatcode":"2010WK042006","rubriek":"wijk","FID":"wijk_gegeneraliseerd_2010.33d7e5bb-1d31-43bd-9de3-0d78567bee82"},"id":"WK042006"},{"arcs":[[3292,3293,-3267,-3286,-3290,3294]],"type":"Polygon","properties":{"id":117297,"statcode":"WK042007","statnaam":"Wijk 07 Twisk","jrstatcode":"2010WK042007","rubriek":"wijk","FID":"wijk_gegeneraliseerd_2010.bc065cb9-430c-4f28-9fcc-99687d6c97d5"},"id":"WK042007"},{"arcs":[[3295,-3268,-3294]],"type":"Polygon","properties":{"id":117298,"statcode":"WK042008","statnaam":"Wijk 08 Opperdoes","jrstatcode":"2010WK042008","rubriek":"wijk","FID":"wijk_gegeneraliseerd_2010.9b96001a-3666-41ac-9873-497289df8b3c"},"id":"WK042008"},{"arcs":[[3296,-3295,-3289,3297]],"type":"Polygon","properties":{"id":117299,"statcode":"WK042009","statnaam":"Wijk 09 Abbebroek","jrstatcode":"2010WK042009","rubriek":"wijk","FID":"wijk_gegeneraliseerd_2010.4881499f-3d90-45af-8acd-c4d19191bda8"},"id":"WK042009"},{"arcs":[[3298,-2696,-2883,-2887,3299,3300]],"type":"Polygon","properties":{"id":117300,"statcode":"WK042400","statnaam":"Wijk 00","jrstatcode":"2010WK042400","rubriek":"wijk","FID":"wijk_gegeneraliseerd_2010.102af8fe-ccd2-4dd2-9c15-0a923d3e6999"},"id":"WK042400"},{"arcs":[[-3230,-3217,-3219,-3227,-3222,-2844,-2853,-3161,3301,-3301,3302]],"type":"Polygon","properties":{"id":117301,"statcode":"WK042500","statnaam":"Wijk 00","jrstatcode":"2010WK042500","rubriek":"wijk","FID":"wijk_gegeneraliseerd_2010.f71e6b83-5778-465e-a183-10b353e6096d"},"id":"WK042500"},{"arcs":[[-3258,-2683,3303,3304,3305,3306,3307,-3262]],"type":"Polygon","properties":{"id":117302,"statcode":"WK043100","statnaam":"Wijk 00","jrstatcode":"2010WK043100","rubriek":"wijk","FID":"wijk_gegeneraliseerd_2010.b0eb455b-1ea7-4aec-b22b-e2cdfd67a270"},"id":"WK043100"},{"arcs":[[3308,3309,-3074,3310,3311,-3287,-3275,3312]],"type":"Polygon","properties":{"id":117303,"statcode":"WK043200","statnaam":"Wijk 00","jrstatcode":"2010WK043200","rubriek":"wijk","FID":"wijk_gegeneraliseerd_2010.6f003095-f055-46d3-87b7-c4525ec94f57"},"id":"WK043200"},{"arcs":[[-3311,-3073,-3254,-3251,-3249,3313,3314]],"type":"Polygon","properties":{"id":117304,"statcode":"WK043201","statnaam":"Wijk 01","jrstatcode":"2010WK043201","rubriek":"wijk","FID":"wijk_gegeneraliseerd_2010.8c7ad7e3-1642-40aa-ad02-990b6797a8ff"},"id":"WK043201"},{"arcs":[[-3298,-3288,-3312,-3315,3315]],"type":"Polygon","properties":{"id":117305,"statcode":"WK043202","statnaam":"Wijk 02","jrstatcode":"2010WK043202","rubriek":"wijk","FID":"wijk_gegeneraliseerd_2010.8c62967a-84f7-4c92-b362-00e64bd6b944"},"id":"WK043202"},{"arcs":[[-2228,3316,-2640,-2702,-2884,-2698]],"type":"Polygon","properties":{"id":117306,"statcode":"WK043700","statnaam":"Wijk 00","jrstatcode":"2010WK043700","rubriek":"wijk","FID":"wijk_gegeneraliseerd_2010.b518449c-0542-4a23-b167-c2f9b32a1fa1"},"id":"WK043700"},{"arcs":[[3317,3318,3319,-2744]],"type":"Polygon","properties":{"id":117307,"statcode":"WK043901","statnaam":"Wijk 01 Centrum","jrstatcode":"2010WK043901","rubriek":"wijk","FID":"wijk_gegeneraliseerd_2010.2ffa162f-ce18-4c3f-b04b-74d04642f4bb"},"id":"WK043901"},{"arcs":[[-3318,-2747,3320,3321,3322]],"type":"Polygon","properties":{"id":117308,"statcode":"WK043902","statnaam":"Wijk 02 Overwhere","jrstatcode":"2010WK043902","rubriek":"wijk","FID":"wijk_gegeneraliseerd_2010.77addcdd-e737-4b3c-9a2f-f03230e2a9ee"},"id":"WK043902"},{"arcs":[[3323,3324,-3323]],"type":"Polygon","properties":{"id":117309,"statcode":"WK043903","statnaam":"Wijk 03 Wheermolen","jrstatcode":"2010WK043903","rubriek":"wijk","FID":"wijk_gegeneraliseerd_2010.e4cc3929-a0ff-4ce1-bb0a-8c826d3cd370"},"id":"WK043903"},{"arcs":[[-3319,-3325,3325,3326,3327,-3260,3328]],"type":"Polygon","properties":{"id":117310,"statcode":"WK043904","statnaam":"Wijk 04 Gors","jrstatcode":"2010WK043904","rubriek":"wijk","FID":"wijk_gegeneraliseerd_2010.2f412a00-cdc0-4251-b306-ed3f89522e5a"},"id":"WK043904"},{"arcs":[[3329,-2898,3330,3331,-3326,-3324,-3322,3332]],"type":"Polygon","properties":{"id":117311,"statcode":"WK043905","statnaam":"Wijk 05 Purmer-Noord","jrstatcode":"2010WK043905","rubriek":"wijk","FID":"wijk_gegeneraliseerd_2010.dadb3ffb-2004-4c9d-9506-3c2a98278633"},"id":"WK043905"},{"arcs":[[-3332,3333,3334,-3327]],"type":"Polygon","properties":{"id":117312,"statcode":"WK043906","statnaam":"Wijk 06 Purmer-Zuid","jrstatcode":"2010WK043906","rubriek":"wijk","FID":"wijk_gegeneraliseerd_2010.d1e0b1b9-ca0d-4b69-a311-2329fb057560"},"id":"WK043906"},{"arcs":[[-3264,3335,3336,-2745,-3320,-3329]],"type":"Polygon","properties":{"id":117313,"statcode":"WK043907","statnaam":"Wijk 07 Weidevenne","jrstatcode":"2010WK043907","rubriek":"wijk","FID":"wijk_gegeneraliseerd_2010.c57f2bfd-c7e9-4818-95a8-30bee937ffa2"},"id":"WK043907"},{"arcs":[[3337,-3256,-2986,-2991]],"type":"Polygon","properties":{"id":117314,"statcode":"WK044100","statnaam":"Wijk 00","jrstatcode":"2010WK044100","rubriek":"wijk","FID":"wijk_gegeneraliseerd_2010.3b5f9a80-e48c-4424-9eca-5bd2a7b02ec3"},"id":"WK044100"},{"arcs":[[[3338,3339]],[[3340]]],"type":"MultiPolygon","properties":{"id":117315,"statcode":"WK044800","statnaam":"Wijk 00 Het Oude Land en duingebied","jrstatcode":"2010WK044800","rubriek":"wijk","FID":"wijk_gegeneraliseerd_2010.6f1f047f-a1f1-4523-b55d-c05783ec2f07"},"id":"WK044800"},{"arcs":[[3341,-3339]],"type":"Polygon","properties":{"id":117316,"statcode":"WK044801","statnaam":"Wijk 01 Het Nieuwe Land","jrstatcode":"2010WK044801","rubriek":"wijk","FID":"wijk_gegeneraliseerd_2010.5008ca6a-8c12-41c1-a5b9-48e7004e5416"},"id":"WK044801"},{"arcs":[[-2880,-2873,-2879,-2720,3342,3343,3344,3345,-3020,-3015,-2863]],"type":"Polygon","properties":{"id":117317,"statcode":"WK045000","statnaam":"Wijk 00","jrstatcode":"2010WK045000","rubriek":"wijk","FID":"wijk_gegeneraliseerd_2010.316fbd39-39a7-48f8-9600-cc6189652d22"},"id":"WK045000"},{"arcs":[[3346,3347,3348,3349]],"type":"Polygon","properties":{"id":117318,"statcode":"WK045101","statnaam":"Wijk 01 Centrum","jrstatcode":"2010WK045101","rubriek":"wijk","FID":"wijk_gegeneraliseerd_2010.1c91a900-b6dc-443b-a31a-e48bd4bc343f"},"id":"WK045101"},{"arcs":[[3350,3351,-3350,3352,3353]],"type":"Polygon","properties":{"id":117319,"statcode":"WK045102","statnaam":"Wijk 02 Thamerdal","jrstatcode":"2010WK045102","rubriek":"wijk","FID":"wijk_gegeneraliseerd_2010.2cb7c23a-dd98-4154-844a-9d1f6d0059d8"},"id":"WK045102"},{"arcs":[[3354,-2644,3355,-3351]],"type":"Polygon","properties":{"id":117320,"statcode":"WK045103","statnaam":"Wijk 03 Zijdelwaard","jrstatcode":"2010WK045103","rubriek":"wijk","FID":"wijk_gegeneraliseerd_2010.f6875799-66be-4ade-a52d-3ba00159135c"},"id":"WK045103"},{"arcs":[[-2645,-3355,-3354,3356,3357]],"type":"Polygon","properties":{"id":117321,"statcode":"WK045104","statnaam":"Wijk 04 Legmeer","jrstatcode":"2010WK045104","rubriek":"wijk","FID":"wijk_gegeneraliseerd_2010.21972c56-5982-482d-93da-153cff607bff"},"id":"WK045104"},{"arcs":[[-3357,-3353,-3349,3358,3359,3360]],"type":"Polygon","properties":{"id":117322,"statcode":"WK045106","statnaam":"Wijk 06 Meerwijk","jrstatcode":"2010WK045106","rubriek":"wijk","FID":"wijk_gegeneraliseerd_2010.c45f8a06-a637-409d-ba7f-c0bef3ce405f"},"id":"WK045106"},{"arcs":[[-2643,3361,-3347,-3352,-3356]],"type":"Polygon","properties":{"id":117323,"statcode":"WK045107","statnaam":"Wijk 07 Amsteldijk","jrstatcode":"2010WK045107","rubriek":"wijk","FID":"wijk_gegeneraliseerd_2010.27330ebe-f487-423d-8672-d31a2fda094b"},"id":"WK045107"},{"arcs":[[3362,3363,3364,3365,-2600,-2597,-2604,-2646,-3358,-3361]],"type":"Polygon","properties":{"id":117324,"statcode":"WK045108","statnaam":"Wijk 08 De Kwakel","jrstatcode":"2010WK045108","rubriek":"wijk","FID":"wijk_gegeneraliseerd_2010.97927aa5-6842-4d33-8345-3f34e9174f21"},"id":"WK045108"},{"arcs":[[3366,3367,3368,3369,3370,3371]],"type":"Polygon","properties":{"id":117325,"statcode":"WK045300","statnaam":"Wijk 00 Velsen-Zuid en Driehuis","jrstatcode":"2010WK045300","rubriek":"wijk","FID":"wijk_gegeneraliseerd_2010.43e25d89-a354-491e-a9af-8978014f0b2c"},"id":"WK045300"},{"arcs":[[3372,3373,3374,-3371]],"type":"Polygon","properties":{"id":117326,"statcode":"WK045301","statnaam":"Wijk 01 Ten noorden van De lange Nieuwstraat","jrstatcode":"2010WK045301","rubriek":"wijk","FID":"wijk_gegeneraliseerd_2010.2c3c6bb7-5ca5-4d56-94e6-ea8b4a9d9e22"},"id":"WK045301"},{"arcs":[[3375,3376,-3373,-3370]],"type":"Polygon","properties":{"id":117327,"statcode":"WK045302","statnaam":"Wijk 02 Ten zuiden van De lange Nieuwstraat","jrstatcode":"2010WK045302","rubriek":"wijk","FID":"wijk_gegeneraliseerd_2010.206f7d55-e083-4325-8ec5-dd638d057472"},"id":"WK045302"},{"arcs":[[3377,3378,-3374,3379]],"type":"Polygon","properties":{"id":117328,"statcode":"WK045303","statnaam":"Wijk 03 IJmuiden-West","jrstatcode":"2010WK045303","rubriek":"wijk","FID":"wijk_gegeneraliseerd_2010.b7b86bc9-dacb-4cac-98aa-3b7226d6e5ce"},"id":"WK045303"},{"arcs":[[-3377,3380,3381,-3380]],"type":"Polygon","properties":{"id":117329,"statcode":"WK045304","statnaam":"Wijk 04 Duin-en Zeewijk","jrstatcode":"2010WK045304","rubriek":"wijk","FID":"wijk_gegeneraliseerd_2010.c1ee3f94-576f-4756-a915-6adbfb91f58e"},"id":"WK045304"},{"arcs":[[-2781,-2777,-2804,-3372,-3375,-3379,3382,-2800]],"type":"Polygon","properties":{"id":117330,"statcode":"WK045305","statnaam":"Wijk 05 Velsen-Noord","jrstatcode":"2010WK045305","rubriek":"wijk","FID":"wijk_gegeneraliseerd_2010.2575d5bc-f0e9-4b2a-8713-4b969f75f5ec"},"id":"WK045305"},{"arcs":[[-2933,3383,-2819,3384,-3381,-3376,-3369,3385]],"type":"Polygon","properties":{"id":117331,"statcode":"WK045306","statnaam":"Wijk 06 Santpoort-Noord","jrstatcode":"2010WK045306","rubriek":"wijk","FID":"wijk_gegeneraliseerd_2010.e6a04499-3167-4dd2-af05-0b0ea4e2fb2d"},"id":"WK045306"},{"arcs":[[-2932,-2927,-2820,-3384]],"type":"Polygon","properties":{"id":117332,"statcode":"WK045307","statnaam":"Wijk 07 Santpoort-Zuid","jrstatcode":"2010WK045307","rubriek":"wijk","FID":"wijk_gegeneraliseerd_2010.c9b37733-4109-4e4d-a908-7614511511e9"},"id":"WK045307"},{"arcs":[[-3368,3386,-2929,-3386]],"type":"Polygon","properties":{"id":117333,"statcode":"WK045308","statnaam":"Wijk 08 Velserbroek","jrstatcode":"2010WK045308","rubriek":"wijk","FID":"wijk_gegeneraliseerd_2010.f346c415-9f34-4061-a338-8fe3da57d5f9"},"id":"WK045308"},{"arcs":[[-2937,-2930,-3387,-3367,-2803,3387]],"type":"Polygon","properties":{"id":117334,"statcode":"WK045309","statnaam":"Wijk 09 Spaarndammerpolders","jrstatcode":"2010WK045309","rubriek":"wijk","FID":"wijk_gegeneraliseerd_2010.fde98abe-7f1c-4743-b0df-bfb4bc04a02e"},"id":"WK045309"},{"arcs":[[-2697,-3299,-3302,-3164,3388,3389,-2432,-2230]],"type":"Polygon","properties":{"id":117335,"statcode":"WK045700","statnaam":"Wijk 00","jrstatcode":"2010WK045700","rubriek":"wijk","FID":"wijk_gegeneraliseerd_2010.726d834b-af1d-430e-976d-5529bb95176c"},"id":"WK045700"},{"arcs":[[-3084,3390]],"type":"Polygon","properties":{"id":117336,"statcode":"WK045800","statnaam":"Wijk 00 Oterleek","jrstatcode":"2010WK045800","rubriek":"wijk","FID":"wijk_gegeneraliseerd_2010.5d9f7580-fd41-4d8b-a35a-6968ffbdbfcc"},"id":"WK045800"},{"arcs":[[3391,3392,3393,-2737]],"type":"Polygon","properties":{"id":117337,"statcode":"WK045801","statnaam":"Wijk 01 Schermerhorn","jrstatcode":"2010WK045801","rubriek":"wijk","FID":"wijk_gegeneraliseerd_2010.7b9e8292-e0ff-42ab-bde8-a85a84854ede"},"id":"WK045801"},{"arcs":[[-3392,-2736,-2715,-2722,-2878,-2877,3394]],"type":"Polygon","properties":{"id":117338,"statcode":"WK045802","statnaam":"Wijk 02 Zuid- en Noord-Schermer","jrstatcode":"2010WK045802","rubriek":"wijk","FID":"wijk_gegeneraliseerd_2010.f5c483e0-c892-4f73-a3c4-cace723ac9a1"},"id":"WK045802"},{"arcs":[[-2876,-2619,-2614,-3085,-3391,-3083,3395,-3393,-3395]],"type":"Polygon","properties":{"id":117339,"statcode":"WK045803","statnaam":"Wijk 03 Schermeer","jrstatcode":"2010WK045803","rubriek":"wijk","FID":"wijk_gegeneraliseerd_2010.e7ca757d-8dd9-4e75-ba70-fd98bea114e9"},"id":"WK045803"},{"arcs":[[-3291,-3283,-3265,3396,-2711,3397]],"type":"Polygon","properties":{"id":117340,"statcode":"WK045900","statnaam":"Wijk 00","jrstatcode":"2010WK045900","rubriek":"wijk","FID":"wijk_gegeneraliseerd_2010.23760f81-b557-4851-8fef-3c97895347a2"},"id":"WK045900"},{"arcs":[[-2710,3398,3399,3400,-3208,-3212,-3282,-3279,-3292,-3398]],"type":"Polygon","properties":{"id":117341,"statcode":"WK045901","statnaam":"Wijk 01","jrstatcode":"2010WK045901","rubriek":"wijk","FID":"wijk_gegeneraliseerd_2010.c9c4d96c-a8f0-4809-b555-888864d3adf7"},"id":"WK045901"},{"arcs":[[-2724,3401,3402]],"type":"Polygon","properties":{"id":117342,"statcode":"WK046200","statnaam":"Wijk 00","jrstatcode":"2010WK046200","rubriek":"wijk","FID":"wijk_gegeneraliseerd_2010.2fe61588-a43e-4d4d-976b-6ffe28b5c093"},"id":"WK046200"},{"arcs":[[3405,-3269,-3296,-3293,-3297,-3316,-3314,-3248,-2729,-2725,-3403]],"type":"Polygon","properties":{"id":117343,"statcode":"WK046300","statnaam":"Wijk 00","jrstatcode":"2010WK046300","rubriek":"wijk","FID":"wijk_gegeneraliseerd_2010.1596884f-ae4d-465c-b774-23db58409ae4"},"id":"WK046300"},{"arcs":[[3406,3407]],"type":"Polygon","properties":{"id":117344,"statcode":"WK047300","statnaam":"Wijk 00","jrstatcode":"2010WK047300","rubriek":"wijk","FID":"wijk_gegeneraliseerd_2010.24ba0fee-f57d-4dd0-8162-6ec47cfcb602"},"id":"WK047300"},{"arcs":[[-2833,3408,3409,3410,-3408,3411,-2817,-2824,-2830]],"type":"Polygon","properties":{"id":117345,"statcode":"WK047301","statnaam":"Wijk 01","jrstatcode":"2010WK047301","rubriek":"wijk","FID":"wijk_gegeneraliseerd_2010.4b28f7f8-0fdb-4b55-b2ab-0920f861e61a"},"id":"WK047301"},{"arcs":[[-2732,-3338,-2990,-2992,-2771,3412,-3121,-3124,-3117,-2727]],"type":"Polygon","properties":{"id":117346,"statcode":"WK047600","statnaam":"Wijk 00 Zijpe","jrstatcode":"2010WK047600","rubriek":"wijk","FID":"wijk_gegeneraliseerd_2010.36797108-d984-4633-a634-23eb79b85fb8"},"id":"WK047600"},{"arcs":[[3413,3414,3415,-2741]],"type":"Polygon","properties":{"id":117347,"statcode":"WK047800","statnaam":"Wijk 00 Beets","jrstatcode":"2010WK047800","rubriek":"wijk","FID":"wijk_gegeneraliseerd_2010.8aeba7d8-5482-4629-b093-e9dcae5749d3"},"id":"WK047800"},{"arcs":[[3416,3417,3418,3419,3420,-2742,-3416]],"type":"Polygon","properties":{"id":117348,"statcode":"WK047801","statnaam":"Wijk 01 Oosthuizen","jrstatcode":"2010WK047801","rubriek":"wijk","FID":"wijk_gegeneraliseerd_2010.f10bff8c-a71e-437a-b109-4c1a6d72ceb4"},"id":"WK047801"},{"arcs":[[3421,-2892,3422,-3419]],"type":"Polygon","properties":{"id":117349,"statcode":"WK047802","statnaam":"Wijk 02 Warder","jrstatcode":"2010WK047802","rubriek":"wijk","FID":"wijk_gegeneraliseerd_2010.69c77b4e-2946-4de1-a95e-e199aee89c11"},"id":"WK047802"},{"arcs":[[-3420,-3423,-2891,-2895,-3330,3423,3424]],"type":"Polygon","properties":{"id":117350,"statcode":"WK047803","statnaam":"Wijk 03 Middelie","jrstatcode":"2010WK047803","rubriek":"wijk","FID":"wijk_gegeneraliseerd_2010.4a8974b6-ed29-447d-8c0e-933a840abb34"},"id":"WK047803"},{"arcs":[[3425,-3424,-3333,-3321,-2733]],"type":"Polygon","properties":{"id":117351,"statcode":"WK047804","statnaam":"Wijk 04 Kwadijk","jrstatcode":"2010WK047804","rubriek":"wijk","FID":"wijk_gegeneraliseerd_2010.ce7d736e-8399-4e2b-8ac0-54ea99d61043"},"id":"WK047804"},{"arcs":[[3426,3427,-3417,-3415,3428]],"type":"Polygon","properties":{"id":117352,"statcode":"WK047805","statnaam":"Wijk 05 Schardam","jrstatcode":"2010WK047805","rubriek":"wijk","FID":"wijk_gegeneraliseerd_2010.da4ed992-7a53-4a83-a804-8e0cb3fd3c26"},"id":"WK047805"},{"arcs":[[-3421,-3425,-3426,-2743]],"type":"Polygon","properties":{"id":117353,"statcode":"WK047806","statnaam":"Wijk 06 Hobrede","jrstatcode":"2010WK047806","rubriek":"wijk","FID":"wijk_gegeneraliseerd_2010.8e69d19d-b7bf-463e-985c-99f61e545bbd"},"id":"WK047806"},{"arcs":[[3429,3430,3431,-3304,-2682,-2656,3432]],"type":"Polygon","properties":{"id":117354,"statcode":"WK047911","statnaam":"Wijk 11 Zaandam Zuid","jrstatcode":"2010WK047911","rubriek":"wijk","FID":"wijk_gegeneraliseerd_2010.42645b3d-d4f4-4776-a4b8-f4e2b2c57e91"},"id":"WK047911"},{"arcs":[[-3432,3433,-3305]],"type":"Polygon","properties":{"id":117355,"statcode":"WK047912","statnaam":"Wijk 12 Poelenburg","jrstatcode":"2010WK047912","rubriek":"wijk","FID":"wijk_gegeneraliseerd_2010.39e56836-f3d8-4bbb-89cb-2872bbd7ade8"},"id":"WK047912"},{"arcs":[[3434,-3306,-3434,-3431,3435,3436]],"type":"Polygon","properties":{"id":117356,"statcode":"WK047913","statnaam":"Wijk 13 Pelders- en Hoornseveld","jrstatcode":"2010WK047913","rubriek":"wijk","FID":"wijk_gegeneraliseerd_2010.8b06dfc3-6ffc-4917-8a66-cc279070fa70"},"id":"WK047913"},{"arcs":[[-3436,-3430,3437,3438]],"type":"Polygon","properties":{"id":117357,"statcode":"WK047914","statnaam":"Wijk 14 Rosmolenwijk","jrstatcode":"2010WK047914","rubriek":"wijk","FID":"wijk_gegeneraliseerd_2010.62597511-165d-4bd3-8aa9-6e77dd2533ff"},"id":"WK047914"},{"arcs":[[3439,-3437,-3439,3440,3441]],"type":"Polygon","properties":{"id":117358,"statcode":"WK047915","statnaam":"Wijk 15 Kogerveldwijk","jrstatcode":"2010WK047915","rubriek":"wijk","FID":"wijk_gegeneraliseerd_2010.02e94a6d-af0c-4649-acfe-974756396b98"},"id":"WK047915"},{"arcs":[[-3307,-3435,-3440,3442,3443,3444,3445,3446]],"type":"Polygon","properties":{"id":117359,"statcode":"WK047916","statnaam":"Wijk 16 Zaandam Noord","jrstatcode":"2010WK047916","rubriek":"wijk","FID":"wijk_gegeneraliseerd_2010.1a61fabc-86ea-4ab9-af17-32098b78b014"},"id":"WK047916"},{"arcs":[[-3433,-2655,3447,3448]],"type":"Polygon","properties":{"id":117360,"statcode":"WK047921","statnaam":"Wijk 21 Oude Haven","jrstatcode":"2010WK047921","rubriek":"wijk","FID":"wijk_gegeneraliseerd_2010.cdaa2634-9dcf-43b5-bb84-73bbe37d91ee"},"id":"WK047921"},{"arcs":[[-3438,-3449,3449,3450,-3441]],"type":"Polygon","properties":{"id":117361,"statcode":"WK047922","statnaam":"Wijk 22 Zaandam West","jrstatcode":"2010WK047922","rubriek":"wijk","FID":"wijk_gegeneraliseerd_2010.fae7fd5d-5a93-4349-8b45-3230ba1ea605"},"id":"WK047922"},{"arcs":[[-3448,-2654,3451,3452,-3450]],"type":"Polygon","properties":{"id":117362,"statcode":"WK047923","statnaam":"Wijk 23 Nieuw West","jrstatcode":"2010WK047923","rubriek":"wijk","FID":"wijk_gegeneraliseerd_2010.16aff0f9-69b0-48e7-a91e-6156b01c224e"},"id":"WK047923"},{"arcs":[[3453,-3443,-3442,-3451,3454]],"type":"Polygon","properties":{"id":117363,"statcode":"WK047931","statnaam":"Wijk 31 Oud Koog a/d Zaan","jrstatcode":"2010WK047931","rubriek":"wijk","FID":"wijk_gegeneraliseerd_2010.f369f5d3-c586-4d00-ba41-e01f2de1ed75"},"id":"WK047931"},{"arcs":[[-3455,-3453,3455,3456]],"type":"Polygon","properties":{"id":117364,"statcode":"WK047932","statnaam":"Wijk 32 Westerkoog","jrstatcode":"2010WK047932","rubriek":"wijk","FID":"wijk_gegeneraliseerd_2010.aec5bd0f-140a-410f-81ae-c71b32757d1d"},"id":"WK047932"},{"arcs":[[3457,-3444,-3454,3458]],"type":"Polygon","properties":{"id":117365,"statcode":"WK047941","statnaam":"Wijk 41 Oud Zaandijk","jrstatcode":"2010WK047941","rubriek":"wijk","FID":"wijk_gegeneraliseerd_2010.678156e6-347c-46b5-9194-9788aa31f74d"},"id":"WK047941"},{"arcs":[[3459,-3459,-3457,3460]],"type":"Polygon","properties":{"id":117366,"statcode":"WK047942","statnaam":"Wijk 42 Rooswijk","jrstatcode":"2010WK047942","rubriek":"wijk","FID":"wijk_gegeneraliseerd_2010.6bfc92db-58c7-44ec-97b6-35d1e83e9ba4"},"id":"WK047942"},{"arcs":[[-3445,-3458,-3460,3461,3462,3463,3464,-3343,-2719,3465]],"type":"Polygon","properties":{"id":117367,"statcode":"WK047951","statnaam":"Wijk 51 Wormerveer","jrstatcode":"2010WK047951","rubriek":"wijk","FID":"wijk_gegeneraliseerd_2010.72aec891-c664-4008-8f00-56ecd7166d5e"},"id":"WK047951"},{"arcs":[[3466,3467,-3464]],"type":"Polygon","properties":{"id":117368,"statcode":"WK047961","statnaam":"Wijk 61 Krommenie Oost","jrstatcode":"2010WK047961","rubriek":"wijk","FID":"wijk_gegeneraliseerd_2010.d68b41a2-e455-471d-84c0-ad36dd0194bc"},"id":"WK047961"},{"arcs":[[-3468,3468,-3344,-3465]],"type":"Polygon","properties":{"id":117369,"statcode":"WK047962","statnaam":"Wijk 62 Krommenie West","jrstatcode":"2010WK047962","rubriek":"wijk","FID":"wijk_gegeneraliseerd_2010.4cea9897-f8fe-4a83-833b-f5431b313217"},"id":"WK047962"},{"arcs":[[-3021,-3346,3469,3470,-2662,-2938,-3388,-2807]],"type":"Polygon","properties":{"id":117370,"statcode":"WK047971","statnaam":"Wijk 71 Assendelft-Zuid","jrstatcode":"2010WK047971","rubriek":"wijk","FID":"wijk_gegeneraliseerd_2010.e7944264-19bc-4378-9866-0f5b71dc14e5"},"id":"WK047971"},{"arcs":[[-3463,3471,-3470,-3345,-3469,-3467]],"type":"Polygon","properties":{"id":117371,"statcode":"WK047972","statnaam":"Wijk 72 Assendelft-Noord","jrstatcode":"2010WK047972","rubriek":"wijk","FID":"wijk_gegeneraliseerd_2010.3de759ec-cd87-49c6-89ab-f1ae300cebcf"},"id":"WK047972"},{"arcs":[[-2653,-3471,-3472,-3462,-3461,-3456,-3452]],"type":"Polygon","properties":{"id":117372,"statcode":"WK047981","statnaam":"Wijk 81 Westzaan","jrstatcode":"2010WK047981","rubriek":"wijk","FID":"wijk_gegeneraliseerd_2010.4faa8d78-8ff1-47bf-9b17-0947a95cc7dc"},"id":"WK047981"},{"arcs":[[3472,3473,3474,3475]],"type":"Polygon","properties":{"id":117373,"statcode":"WK048201","statnaam":"Wijk 01 Centrum","jrstatcode":"2010WK048201","rubriek":"wijk","FID":"wijk_gegeneraliseerd_2010.0c43a4ea-4e04-4871-b7e9-ed40f9dc6a96"},"id":"WK048201"},{"arcs":[[3476,-3473,3477]],"type":"Polygon","properties":{"id":117374,"statcode":"WK048202","statnaam":"Wijk 02 Blokweer","jrstatcode":"2010WK048202","rubriek":"wijk","FID":"wijk_gegeneraliseerd_2010.4765b98e-fccd-4cfc-9db0-bf6507822a02"},"id":"WK048202"},{"arcs":[[3478,-3478,-3476,3479,3480,3481]],"type":"Polygon","properties":{"id":117375,"statcode":"WK048203","statnaam":"Wijk 03 Kinderdijk","jrstatcode":"2010WK048203","rubriek":"wijk","FID":"wijk_gegeneraliseerd_2010.a0a93c43-e7af-48f2-a87d-d245027e6b6f"},"id":"WK048203"},{"arcs":[[3482,3483,3484,3485,-3474,-3477,-3479]],"type":"Polygon","properties":{"id":117376,"statcode":"WK048204","statnaam":"Wijk 04 Souburgh","jrstatcode":"2010WK048204","rubriek":"wijk","FID":"wijk_gegeneraliseerd_2010.354532d0-2fe3-41a5-8cbb-27a80fdb0997"},"id":"WK048204"},{"arcs":[[3486,3487,3488,3489,3490,3491]],"type":"Polygon","properties":{"id":117377,"statcode":"WK048401","statnaam":"Wijk 01 Oudshoorn","jrstatcode":"2010WK048401","rubriek":"wijk","FID":"wijk_gegeneraliseerd_2010.ccb55f35-913b-4e7a-829d-4ff8beea8498"},"id":"WK048401"},{"arcs":[[3492,3493,3494,-3487,3495]],"type":"Polygon","properties":{"id":117378,"statcode":"WK048402","statnaam":"Wijk 02 Ridderveld","jrstatcode":"2010WK048402","rubriek":"wijk","FID":"wijk_gegeneraliseerd_2010.890829f2-b5ad-403a-8a9c-09ba593c1644"},"id":"WK048402"},{"arcs":[[3496,3497,3498,-3494]],"type":"Polygon","properties":{"id":117379,"statcode":"WK048403","statnaam":"Wijk 03 Zegersloot","jrstatcode":"2010WK048403","rubriek":"wijk","FID":"wijk_gegeneraliseerd_2010.587ad5cb-caba-4514-a700-b68d60e1a1b9"},"id":"WK048403"},{"arcs":[[3499,3500,-3490,3501,3502]],"type":"Polygon","properties":{"id":117380,"statcode":"WK048404","statnaam":"Wijk 04 Hoorn","jrstatcode":"2010WK048404","rubriek":"wijk","FID":"wijk_gegeneraliseerd_2010.8d5dce98-cf9c-46cb-9384-49b8e7ae0780"},"id":"WK048404"},{"arcs":[[-3489,3503,3504,3505,-3502]],"type":"Polygon","properties":{"id":117381,"statcode":"WK048405","statnaam":"Wijk 05 Hoge Zijde","jrstatcode":"2010WK048405","rubriek":"wijk","FID":"wijk_gegeneraliseerd_2010.e13c517d-0388-4555-9ccb-ceeddd45a829"},"id":"WK048405"},{"arcs":[[-3488,-3495,-3499,3506,3507,-3504]],"type":"Polygon","properties":{"id":117382,"statcode":"WK048406","statnaam":"Wijk 06 Lage Zijde","jrstatcode":"2010WK048406","rubriek":"wijk","FID":"wijk_gegeneraliseerd_2010.50689619-0612-4229-acfd-7467c9317547"},"id":"WK048406"},{"arcs":[[3508,3509,3510,3511,3512,3513,-3505,-3508]],"type":"Polygon","properties":{"id":117383,"statcode":"WK048407","statnaam":"Wijk 07 Steekterpolder","jrstatcode":"2010WK048407","rubriek":"wijk","FID":"wijk_gegeneraliseerd_2010.1f0ccc1b-9ba5-41a0-9c34-d88c82e5359d"},"id":"WK048407"},{"arcs":[[3514,-3503,-3506,-3514,3515]],"type":"Polygon","properties":{"id":117384,"statcode":"WK048408","statnaam":"Wijk 08 Kerk en Zanen","jrstatcode":"2010WK048408","rubriek":"wijk","FID":"wijk_gegeneraliseerd_2010.08a6715e-0252-4f7b-8d7e-ec873b6b6686"},"id":"WK048408"},{"arcs":[[-3513,3516,3517,3518,-3516]],"type":"Polygon","properties":{"id":117385,"statcode":"WK048409","statnaam":"Wijk 09 Rietveld","jrstatcode":"2010WK048409","rubriek":"wijk","FID":"wijk_gegeneraliseerd_2010.43651166-6ace-4184-bf6e-73749312b336"},"id":"WK048409"},{"arcs":[[3519,3520,-3509,-3507,-3498,3521]],"type":"Polygon","properties":{"id":117386,"statcode":"WK048445","statnaam":"Wijk 45 Aarlanderveen","jrstatcode":"2010WK048445","rubriek":"wijk","FID":"wijk_gegeneraliseerd_2010.c155a0a1-5865-4b52-8a71-bd3f42fa8cd8"},"id":"WK048445"},{"arcs":[[-3521,3522,3523,3524,-3510]],"type":"Polygon","properties":{"id":117387,"statcode":"WK048471","statnaam":"Wijk 71 Zwammerdam","jrstatcode":"2010WK048471","rubriek":"wijk","FID":"wijk_gegeneraliseerd_2010.85c30cd7-d72d-4f65-b2aa-617cbe803310"},"id":"WK048471"},{"arcs":[[[3525,3526,3527,3528]],[[3529,3530,3531,3532]]],"type":"MultiPolygon","properties":{"id":117388,"statcode":"WK048901","statnaam":"Wijk 01 Centrum","jrstatcode":"2010WK048901","rubriek":"wijk","FID":"wijk_gegeneraliseerd_2010.8548cdc0-2a31-4ed5-8335-dab9b732c3d3"},"id":"WK048901"},{"arcs":[[3533,3534,3535,3536,3537,-3526,-3533,3538]],"type":"Polygon","properties":{"id":117389,"statcode":"WK048902","statnaam":"Wijk 02 Noord","jrstatcode":"2010WK048902","rubriek":"wijk","FID":"wijk_gegeneraliseerd_2010.fd751020-26d7-4fd1-b948-a63c59d285c4"},"id":"WK048902"},{"arcs":[[3539,-3536]],"type":"Polygon","properties":{"id":117390,"statcode":"WK048903","statnaam":"Wijk 03 Binnenland","jrstatcode":"2010WK048903","rubriek":"wijk","FID":"wijk_gegeneraliseerd_2010.5c2a66a7-28d6-43be-9d7d-59089bfeec56"},"id":"WK048903"},{"arcs":[[3540,3541,3542,-3527,-3538]],"type":"Polygon","properties":{"id":117391,"statcode":"WK048904","statnaam":"Wijk 04 Oranjewijk","jrstatcode":"2010WK048904","rubriek":"wijk","FID":"wijk_gegeneraliseerd_2010.8830eb0d-f6bf-4d54-8736-2ca93c38baad"},"id":"WK048904"},{"arcs":[[-3543,3543,3544,3545,3546,-3528]],"type":"Polygon","properties":{"id":117392,"statcode":"WK048905","statnaam":"Wijk 05 Buitenoord","jrstatcode":"2010WK048905","rubriek":"wijk","FID":"wijk_gegeneraliseerd_2010.90440083-4906-4e61-851e-65490354a705"},"id":"WK048905"},{"arcs":[[-3545,3547]],"type":"Polygon","properties":{"id":117393,"statcode":"WK048906","statnaam":"Wijk 06 Ter Leede","jrstatcode":"2010WK048906","rubriek":"wijk","FID":"wijk_gegeneraliseerd_2010.72c856ca-88a0-40a3-8942-175951a0c0cb"},"id":"WK048906"},{"arcs":[[-3530,-3529,-3547,3548,3549,3550]],"type":"Polygon","properties":{"id":117394,"statcode":"WK048907","statnaam":"Wijk 07 Paddewei","jrstatcode":"2010WK048907","rubriek":"wijk","FID":"wijk_gegeneraliseerd_2010.c654b25e-c3fe-4698-9ca8-7ce903f90bf3"},"id":"WK048907"},{"arcs":[[-3549,-3546,3551,3552]],"type":"Polygon","properties":{"id":117395,"statcode":"WK048908","statnaam":"Wijk 08 Molenvliet","jrstatcode":"2010WK048908","rubriek":"wijk","FID":"wijk_gegeneraliseerd_2010.6b2bd5e8-0759-481f-a675-77297c4208fd"},"id":"WK048908"},{"arcs":[[3553,3554,-3550,-3553,3555,3556]],"type":"Polygon","properties":{"id":117396,"statcode":"WK048909","statnaam":"Wijk 09 Nieuweland","jrstatcode":"2010WK048909","rubriek":"wijk","FID":"wijk_gegeneraliseerd_2010.f9e02eaf-d3fd-40dc-80b5-014d72e57319"},"id":"WK048909"},{"arcs":[[3557,-3539,-3532,3558,3559]],"type":"Polygon","properties":{"id":117397,"statcode":"WK048910","statnaam":"Wijk 10 Dorpzicht","jrstatcode":"2010WK048910","rubriek":"wijk","FID":"wijk_gegeneraliseerd_2010.0db8d582-9517-4943-9d14-fa47c106991d"},"id":"WK048910"},{"arcs":[[-3559,-3531,-3551,-3555,3560,3561]],"type":"Polygon","properties":{"id":117398,"statcode":"WK048911","statnaam":"Wijk 11 Bijdorp","jrstatcode":"2010WK048911","rubriek":"wijk","FID":"wijk_gegeneraliseerd_2010.afdb6719-ba5e-4b81-a1cd-9a29a251e686"},"id":"WK048911"},{"arcs":[[3562,3563,3564,3565,3566,3567]],"type":"Polygon","properties":{"id":117399,"statcode":"WK048912","statnaam":"Wijk 12 Smitshoek","jrstatcode":"2010WK048912","rubriek":"wijk","FID":"wijk_gegeneraliseerd_2010.90f3229e-bd20-4161-a67d-ba7e1a314c3e"},"id":"WK048912"},{"arcs":[[-3561,-3554,3568,3569,3570,-3566,3571,3572,3573]],"type":"Polygon","properties":{"id":117400,"statcode":"WK048913","statnaam":"Wijk 13 Voordijk","jrstatcode":"2010WK048913","rubriek":"wijk","FID":"wijk_gegeneraliseerd_2010.f7747359-b534-4e44-9f73-2d601b141828"},"id":"WK048913"},{"arcs":[[-3570,3574,3575,3576,3577,3578]],"type":"Polygon","properties":{"id":117401,"statcode":"WK048914","statnaam":"Wijk 14 Meerwede","jrstatcode":"2010WK048914","rubriek":"wijk","FID":"wijk_gegeneraliseerd_2010.5243fa5b-8b4d-4bb5-a79e-9deb8ae605af"},"id":"WK048914"},{"arcs":[[3579,3580,3581,-3576]],"type":"Polygon","properties":{"id":117402,"statcode":"WK048915","statnaam":"Wijk 15 Waterkant","jrstatcode":"2010WK048915","rubriek":"wijk","FID":"wijk_gegeneraliseerd_2010.6216bb21-421e-4ec0-b805-de5d6e9e28d1"},"id":"WK048915"},{"arcs":[[-3577,-3582,3582,3583]],"type":"Polygon","properties":{"id":117403,"statcode":"WK048916","statnaam":"Wijk 16 Havenkwartier","jrstatcode":"2010WK048916","rubriek":"wijk","FID":"wijk_gegeneraliseerd_2010.c96659b4-38a4-4ba0-bc02-8f2dbbccfc34"},"id":"WK048916"},{"arcs":[[-3578,-3584,3584,3585,3586]],"type":"Polygon","properties":{"id":117404,"statcode":"WK048917","statnaam":"Wijk 17 Gaatkensoog","jrstatcode":"2010WK048917","rubriek":"wijk","FID":"wijk_gegeneraliseerd_2010.fd2e696e-1bc6-40ca-bde5-7f85d720a223"},"id":"WK048917"},{"arcs":[[-3571,-3579,-3587,3587,-3567]],"type":"Polygon","properties":{"id":117405,"statcode":"WK048918","statnaam":"Wijk 18 Riederhoek","jrstatcode":"2010WK048918","rubriek":"wijk","FID":"wijk_gegeneraliseerd_2010.9ba63940-9457-4660-9951-666e2922defa"},"id":"WK048918"},{"arcs":[[3588,-3572,-3565,3589]],"type":"Polygon","properties":{"id":117406,"statcode":"WK048919","statnaam":"Wijk 19 Vrijheidsakker","jrstatcode":"2010WK048919","rubriek":"wijk","FID":"wijk_gegeneraliseerd_2010.837666b5-b914-48df-80c6-e45724f3143c"},"id":"WK048919"},{"arcs":[[3590,-3573,-3589,3591]],"type":"Polygon","properties":{"id":117407,"statcode":"WK048920","statnaam":"Wijk 20 Vrijenburg","jrstatcode":"2010WK048920","rubriek":"wijk","FID":"wijk_gegeneraliseerd_2010.e41140c2-5aaf-46f0-93bc-b963a6f3ec17"},"id":"WK048920"},{"arcs":[[3592,3593,-3534,-3558,3594,-3592,-3590,-3564,3595]],"type":"Polygon","properties":{"id":117408,"statcode":"WK048930","statnaam":"Wijk 30 Buitengebied Noord","jrstatcode":"2010WK048930","rubriek":"wijk","FID":"wijk_gegeneraliseerd_2010.cd0f92a1-ffcc-418a-a035-4c8535b40a3b"},"id":"WK048930"},{"arcs":[[3596,3597,3598,3599,3600,3601,-3585,-3583,-3581,3602,-3556,-3552,-3548,-3544,-3542,3603]],"type":"Polygon","properties":{"id":117409,"statcode":"WK048931","statnaam":"Wijk 31 Buitengebied Zuid","jrstatcode":"2010WK048931","rubriek":"wijk","FID":"wijk_gegeneraliseerd_2010.83bf6049-4a81-4160-baa1-06f5a634ec3a"},"id":"WK048931"},{"arcs":[[[-3541,-3537,-3540,-3535,-3594,3604,3605,-3604]],[[-3557,-3603,-3580,-3575,-3569]],[[-3574,-3591,-3595,-3560,-3562]]],"type":"MultiPolygon","properties":{"id":117410,"statcode":"WK048950","statnaam":"Wijk 50 Bedrijventerreinen","jrstatcode":"2010WK048950","rubriek":"wijk","FID":"wijk_gegeneraliseerd_2010.0c8555fd-49e9-4511-b89d-44a4e1aab3b2"},"id":"WK048950"},{"arcs":[[3606,3607,3608,3609,3610,3611]],"type":"Polygon","properties":{"id":117411,"statcode":"WK049100","statnaam":"Wijk 00 Bergambacht","jrstatcode":"2010WK049100","rubriek":"wijk","FID":"wijk_gegeneraliseerd_2010.4fe7ea42-06c4-4bd6-9aa4-17841a137390"},"id":"WK049100"},{"arcs":[[3612,3613,3614,3615,3616,-3612]],"type":"Polygon","properties":{"id":117412,"statcode":"WK049101","statnaam":"Wijk 01 Bergstoep","jrstatcode":"2010WK049101","rubriek":"wijk","FID":"wijk_gegeneraliseerd_2010.978a74da-dbeb-41ec-b585-811e262b46cf"},"id":"WK049101"},{"arcs":[[3617,3618,-3615]],"type":"Polygon","properties":{"id":117413,"statcode":"WK049102","statnaam":"Wijk 02 Ammerstol","jrstatcode":"2010WK049102","rubriek":"wijk","FID":"wijk_gegeneraliseerd_2010.fcaadc6b-eb21-4434-9263-934a1ffb708c"},"id":"WK049102"},{"arcs":[[-3608,3619,3620,3621,3622]],"type":"Polygon","properties":{"id":117414,"statcode":"WK049103","statnaam":"Wijk 03 Berkenwoude","jrstatcode":"2010WK049103","rubriek":"wijk","FID":"wijk_gegeneraliseerd_2010.a6f39882-ba4b-42ff-bf0e-0ad906bc454c"},"id":"WK049103"},{"arcs":[[3623,3624,3625,3626,3627,3628,3629,-3524,3630]],"type":"Polygon","properties":{"id":117415,"statcode":"WK049701","statnaam":"Wijk 01 Bodegraven Noord","jrstatcode":"2010WK049701","rubriek":"wijk","FID":"wijk_gegeneraliseerd_2010.59c95714-41d6-4edb-ae01-c34eb12947a3"},"id":"WK049701"},{"arcs":[[-3629,3631]],"type":"Polygon","properties":{"id":117416,"statcode":"WK049702","statnaam":"Wijk 02 Bodegraven Centrum","jrstatcode":"2010WK049702","rubriek":"wijk","FID":"wijk_gegeneraliseerd_2010.0a9e9ee3-0f6d-4c8b-ab4d-edd1dae48d60"},"id":"WK049702"},{"arcs":[[-3511,-3525,-3630,-3632,-3628,3632,3633,3634,3635]],"type":"Polygon","properties":{"id":117417,"statcode":"WK049703","statnaam":"Wijk 03 Bodegraven Zuid","jrstatcode":"2010WK049703","rubriek":"wijk","FID":"wijk_gegeneraliseerd_2010.8f299789-d792-43ea-b398-c2914af2f24d"},"id":"WK049703"},{"arcs":[[3636,3637,-3626]],"type":"Polygon","properties":{"id":117418,"statcode":"WK049704","statnaam":"Wijk 04 Nieuwerbrug Noord","jrstatcode":"2010WK049704","rubriek":"wijk","FID":"wijk_gegeneraliseerd_2010.85e8747a-80bc-4156-b8bd-3872f4133c3a"},"id":"WK049704"},{"arcs":[[-3638,3638,3639,3640,-3633,-3627]],"type":"Polygon","properties":{"id":117419,"statcode":"WK049705","statnaam":"Wijk 05 Nieuwerbrug Zuid","jrstatcode":"2010WK049705","rubriek":"wijk","FID":"wijk_gegeneraliseerd_2010.021194a2-377f-4f50-9e68-bc943e0ede94"},"id":"WK049705"},{"arcs":[[3641,3642,3643,-3400]],"type":"Polygon","properties":{"id":117420,"statcode":"WK049800","statnaam":"Wijk 00 Hoogkarspel","jrstatcode":"2010WK049800","rubriek":"wijk","FID":"wijk_gegeneraliseerd_2010.fc113aed-63a4-48f1-9c49-81d5bc3f406f"},"id":"WK049800"},{"arcs":[[3644,3645,-3209,-3401,-3644]],"type":"Polygon","properties":{"id":117421,"statcode":"WK049801","statnaam":"Wijk 01 Westwoud","jrstatcode":"2010WK049801","rubriek":"wijk","FID":"wijk_gegeneraliseerd_2010.b81fbd58-905a-40c3-9e41-36ed7ae5962d"},"id":"WK049801"},{"arcs":[[3646,3647,-3202,-3198,-3210,-3646]],"type":"Polygon","properties":{"id":117422,"statcode":"WK049802","statnaam":"Wijk 02 Oosterblokker","jrstatcode":"2010WK049802","rubriek":"wijk","FID":"wijk_gegeneraliseerd_2010.8bc27f74-a355-4b80-863a-06a5fbfc9230"},"id":"WK049802"},{"arcs":[[3648,3649,3650,3651,-3647,-3645,-3643,3652]],"type":"Polygon","properties":{"id":117423,"statcode":"WK049803","statnaam":"Wijk 03 Venhuizen","jrstatcode":"2010WK049803","rubriek":"wijk","FID":"wijk_gegeneraliseerd_2010.02d7637b-fe4f-433e-8bcd-9096db5a897a"},"id":"WK049803"},{"arcs":[[-3651,3653,3654]],"type":"Polygon","properties":{"id":117424,"statcode":"WK049804","statnaam":"Wijk 04 Wijdenes","jrstatcode":"2010WK049804","rubriek":"wijk","FID":"wijk_gegeneraliseerd_2010.9b74edbc-66e8-4a4f-8ae2-e7a5109c8206"},"id":"WK049804"},{"arcs":[[-3652,-3655,3655,-3205,-3203,-3648]],"type":"Polygon","properties":{"id":117425,"statcode":"WK049805","statnaam":"Wijk 05 Schellinkhout","jrstatcode":"2010WK049805","rubriek":"wijk","FID":"wijk_gegeneraliseerd_2010.eaaac3a9-6965-4d64-b953-09bbc5b5f9d3"},"id":"WK049805"},{"arcs":[[-3636,3656,3657,3658,-3517,-3512]],"type":"Polygon","properties":{"id":117426,"statcode":"WK049900","statnaam":"Wijk 00 Boskoop","jrstatcode":"2010WK049900","rubriek":"wijk","FID":"wijk_gegeneraliseerd_2010.d7924dab-298b-4671-b16a-6e1eea571a22"},"id":"WK049900"},{"arcs":[[3659,3660,3661,3662]],"type":"Polygon","properties":{"id":117427,"statcode":"WK050100","statnaam":"Wijk 00 Brielle","jrstatcode":"2010WK050100","rubriek":"wijk","FID":"wijk_gegeneraliseerd_2010.cc585b18-2b5e-4f51-914c-2dd319205192"},"id":"WK050100"},{"arcs":[[3663,3664,3665,3666,-3662]],"type":"Polygon","properties":{"id":117428,"statcode":"WK050101","statnaam":"Wijk 01 Vierpolders","jrstatcode":"2010WK050101","rubriek":"wijk","FID":"wijk_gegeneraliseerd_2010.f9ece8b6-3445-49b6-adc3-4a8dd9c02b86"},"id":"WK050101"},{"arcs":[[3667,3668,-3665,3669,3670]],"type":"Polygon","properties":{"id":117429,"statcode":"WK050102","statnaam":"Wijk 02 Zwartewaal","jrstatcode":"2010WK050102","rubriek":"wijk","FID":"wijk_gegeneraliseerd_2010.d1cbda51-b09e-45cc-bfac-17d86a64cb2a"},"id":"WK050102"},{"arcs":[[-3661,3671,-3670,-3664]],"type":"Polygon","properties":{"id":117430,"statcode":"WK050103","statnaam":"Wijk 03 Recreatiestrook Brielse Maas","jrstatcode":"2010WK050103","rubriek":"wijk","FID":"wijk_gegeneraliseerd_2010.01445ede-cafa-4a30-835c-05eec6e12453"},"id":"WK050103"},{"arcs":[[3672,3673,3674,3675]],"type":"Polygon","properties":{"id":117431,"statcode":"WK050201","statnaam":"Wijk 01 Capelle-West en 's-Gravenland","jrstatcode":"2010WK050201","rubriek":"wijk","FID":"wijk_gegeneraliseerd_2010.c7ef3035-bcb5-42db-8860-fe37c2a52cbb"},"id":"WK050201"},{"arcs":[[3676,-3673,3677,3678,3679,3680]],"type":"Polygon","properties":{"id":117432,"statcode":"WK050202","statnaam":"Wijk 02 Middelwatering-West","jrstatcode":"2010WK050202","rubriek":"wijk","FID":"wijk_gegeneraliseerd_2010.befbfd08-1609-4432-8694-f252db010830"},"id":"WK050202"},{"arcs":[[3681,3682,-3681,3683,3684,3685]],"type":"Polygon","properties":{"id":117433,"statcode":"WK050203","statnaam":"Wijk 03 Middelwatering-Oost","jrstatcode":"2010WK050203","rubriek":"wijk","FID":"wijk_gegeneraliseerd_2010.1d91cc77-0cfa-44b7-a589-84c70ee1cff0"},"id":"WK050203"},{"arcs":[[-3682,3686,3687,3688,3689]],"type":"Polygon","properties":{"id":117434,"statcode":"WK050204","statnaam":"Wijk 04 Oostgaarde-Zuid","jrstatcode":"2010WK050204","rubriek":"wijk","FID":"wijk_gegeneraliseerd_2010.44be012d-1308-4215-bc1f-44c8fdd63120"},"id":"WK050204"},{"arcs":[[3690,-3687,-3686,3691]],"type":"Polygon","properties":{"id":117435,"statcode":"WK050205","statnaam":"Wijk 05 Oostgaarde-Noord","jrstatcode":"2010WK050205","rubriek":"wijk","FID":"wijk_gegeneraliseerd_2010.f2c85b61-697c-4904-9b15-a9437be111fc"},"id":"WK050205"},{"arcs":[[-3684,-3680,3692,3693]],"type":"Polygon","properties":{"id":117436,"statcode":"WK050206","statnaam":"Wijk 06 Schenkel","jrstatcode":"2010WK050206","rubriek":"wijk","FID":"wijk_gegeneraliseerd_2010.6e42cd06-9f19-46d8-9ba9-ed67318fb831"},"id":"WK050206"},{"arcs":[[3694,-3692,-3685,-3694,3695,3696]],"type":"Polygon","properties":{"id":117437,"statcode":"WK050207","statnaam":"Wijk 07 Schollevaar-Zuid","jrstatcode":"2010WK050207","rubriek":"wijk","FID":"wijk_gegeneraliseerd_2010.5800e09b-c875-4bdd-82ad-b9e322d30940"},"id":"WK050207"},{"arcs":[[3697,-3697,3698]],"type":"Polygon","properties":{"id":117438,"statcode":"WK050208","statnaam":"Wijk 08 Schollevaar-Noord en Hoofdweg","jrstatcode":"2010WK050208","rubriek":"wijk","FID":"wijk_gegeneraliseerd_2010.1e79feb8-f5b9-4d32-9b7c-128e3d9a4cbd"},"id":"WK050208"},{"arcs":[[-3676,3699,3700,3701,-3678]],"type":"Polygon","properties":{"id":117439,"statcode":"WK050209","statnaam":"Wijk 09 Rivium en Fascinatio","jrstatcode":"2010WK050209","rubriek":"wijk","FID":"wijk_gegeneraliseerd_2010.42e3e32b-81b8-4ec2-a63f-afa94d35aac2"},"id":"WK050209"},{"arcs":[[3702,3703,3704,3705,3706,3707]],"type":"Polygon","properties":{"id":117440,"statcode":"WK050311","statnaam":"Wijk 11 Binnenstad","jrstatcode":"2010WK050311","rubriek":"wijk","FID":"wijk_gegeneraliseerd_2010.ceccadd1-d1a0-4069-85bf-906375e14a27"},"id":"WK050311"},{"arcs":[[3708,3709,3710,-3708,3711]],"type":"Polygon","properties":{"id":117441,"statcode":"WK050312","statnaam":"Wijk 12 Vrijenban","jrstatcode":"2010WK050312","rubriek":"wijk","FID":"wijk_gegeneraliseerd_2010.126e6406-8d7b-49d1-87eb-eee2a6459814"},"id":"WK050312"},{"arcs":[[3712,-3706,3713,3714]],"type":"Polygon","properties":{"id":117442,"statcode":"WK050313","statnaam":"Wijk 13 Hof van Delft","jrstatcode":"2010WK050313","rubriek":"wijk","FID":"wijk_gegeneraliseerd_2010.049b3c5f-eecf-40ee-8e29-902eba978c57"},"id":"WK050313"},{"arcs":[[3715,3716,3717,3718,-3715]],"type":"Polygon","properties":{"id":117443,"statcode":"WK050314","statnaam":"Wijk 14 Voordijkshoorn","jrstatcode":"2010WK050314","rubriek":"wijk","FID":"wijk_gegeneraliseerd_2010.3bb49fdf-12bd-4675-a685-85ec4c7dfce1"},"id":"WK050314"},{"arcs":[[3719,3720,-3710,3721,3722,3723]],"type":"Polygon","properties":{"id":117444,"statcode":"WK050316","statnaam":"Wijk 16 Delftse Hout","jrstatcode":"2010WK050316","rubriek":"wijk","FID":"wijk_gegeneraliseerd_2010.d2e3f8fb-ea5e-446d-a8b3-331c96e03cd8"},"id":"WK050316"},{"arcs":[[3724,3725,3726,3727,3728]],"type":"Polygon","properties":{"id":117445,"statcode":"WK050322","statnaam":"Wijk 22 Tanthof-West","jrstatcode":"2010WK050322","rubriek":"wijk","FID":"wijk_gegeneraliseerd_2010.4ee00402-2f4e-4d78-b152-3dc29440e0dd"},"id":"WK050322"},{"arcs":[[-3729,3729,3730,3731]],"type":"Polygon","properties":{"id":117446,"statcode":"WK050323","statnaam":"Wijk 23 Tanthof-Oost","jrstatcode":"2010WK050323","rubriek":"wijk","FID":"wijk_gegeneraliseerd_2010.be2c39f0-a504-49ec-8ac2-968e5622e6e7"},"id":"WK050323"},{"arcs":[[-3730,-3728,3732,-3714,-3705,3733]],"type":"Polygon","properties":{"id":117447,"statcode":"WK050324","statnaam":"Wijk 24 Voorhof","jrstatcode":"2010WK050324","rubriek":"wijk","FID":"wijk_gegeneraliseerd_2010.f4f001f2-7a88-4af4-a9c1-8ce324adc45b"},"id":"WK050324"},{"arcs":[[-3727,3734,-3716,-3733]],"type":"Polygon","properties":{"id":117448,"statcode":"WK050325","statnaam":"Wijk 25 Buitenhof","jrstatcode":"2010WK050325","rubriek":"wijk","FID":"wijk_gegeneraliseerd_2010.724f2817-8f2d-41f2-ba45-b33cc916e3d5"},"id":"WK050325"},{"arcs":[[3735,3736,-3725,-3732]],"type":"Polygon","properties":{"id":117449,"statcode":"WK050326","statnaam":"Wijk 26 Abtswoude","jrstatcode":"2010WK050326","rubriek":"wijk","FID":"wijk_gegeneraliseerd_2010.90e4c361-cf9f-4513-9f1f-a41487d2006c"},"id":"WK050326"},{"arcs":[[3737,3738,-3736,-3731,-3734,-3704,3739]],"type":"Polygon","properties":{"id":117450,"statcode":"WK050327","statnaam":"Wijk 27 Schieweg","jrstatcode":"2010WK050327","rubriek":"wijk","FID":"wijk_gegeneraliseerd_2010.766bf691-0c35-49af-b8f5-4cc2a7bd1138"},"id":"WK050327"},{"arcs":[[-3711,-3721,3740,3741,-3740,-3703]],"type":"Polygon","properties":{"id":117451,"statcode":"WK050328","statnaam":"Wijk 28 Wippolder","jrstatcode":"2010WK050328","rubriek":"wijk","FID":"wijk_gegeneraliseerd_2010.8e3c56eb-a9f4-48ac-bcc7-155701ac8217"},"id":"WK050328"},{"arcs":[[3742,3743,-3738,-3742,3744,3745]],"type":"Polygon","properties":{"id":117452,"statcode":"WK050329","statnaam":"Wijk 29 Ruiven","jrstatcode":"2010WK050329","rubriek":"wijk","FID":"wijk_gegeneraliseerd_2010.0ac89e38-732a-4964-91b8-644717ef4310"},"id":"WK050329"},{"arcs":[[3746]],"type":"Polygon","properties":{"id":117453,"statcode":"WK050400","statnaam":"Wijk 00 Dirksland","jrstatcode":"2010WK050400","rubriek":"wijk","FID":"wijk_gegeneraliseerd_2010.8feb5ec9-99b7-47e7-8e06-08b88954b8e7"},"id":"WK050400"},{"arcs":[[3747,3748,3749,3750,3751],[-3747]],"type":"Polygon","properties":{"id":117454,"statcode":"WK050401","statnaam":"Wijk 01 Melissant","jrstatcode":"2010WK050401","rubriek":"wijk","FID":"wijk_gegeneraliseerd_2010.168d9bf0-0b1c-46dc-85b8-978e6041d154"},"id":"WK050401"},{"arcs":[[3752,3753,-3748]],"type":"Polygon","properties":{"id":117455,"statcode":"WK050402","statnaam":"Wijk 02 Herkingen","jrstatcode":"2010WK050402","rubriek":"wijk","FID":"wijk_gegeneraliseerd_2010.f222033b-e329-43d2-a23c-028b12eb22c3"},"id":"WK050402"},{"arcs":[[3754,3755,3756,3757,3758,3759,3760]],"type":"Polygon","properties":{"id":117456,"statcode":"WK050501","statnaam":"Wijk 01 Binnenstad","jrstatcode":"2010WK050501","rubriek":"wijk","FID":"wijk_gegeneraliseerd_2010.6c5d67fc-964d-423f-af33-fda41cba9911"},"id":"WK050501"},{"arcs":[[-3761,3761,3762,3763]],"type":"Polygon","properties":{"id":117457,"statcode":"WK050502","statnaam":"Wijk 02 Noordflank","jrstatcode":"2010WK050502","rubriek":"wijk","FID":"wijk_gegeneraliseerd_2010.4bce6b96-5ea3-46e6-ba08-d8bdd7c3bc58"},"id":"WK050502"},{"arcs":[[-3757,3764,3765,3766,3767]],"type":"Polygon","properties":{"id":117458,"statcode":"WK050503","statnaam":"Wijk 03 Oud Krispijn","jrstatcode":"2010WK050503","rubriek":"wijk","FID":"wijk_gegeneraliseerd_2010.36f43db3-74a9-4acb-9211-8ea8df49f405"},"id":"WK050503"},{"arcs":[[-3756,3768,3769,-3765]],"type":"Polygon","properties":{"id":117459,"statcode":"WK050504","statnaam":"Wijk 04 Nieuw-krispijn","jrstatcode":"2010WK050504","rubriek":"wijk","FID":"wijk_gegeneraliseerd_2010.13ffa8a8-c9fd-4b27-8cb0-5d2a037cc23a"},"id":"WK050504"},{"arcs":[[3770,3771,3772,-3769,-3755,-3764]],"type":"Polygon","properties":{"id":117460,"statcode":"WK050505","statnaam":"Wijk 05 Het Reeland","jrstatcode":"2010WK050505","rubriek":"wijk","FID":"wijk_gegeneraliseerd_2010.3da1ad53-9b90-4d5d-911f-b40f99d19471"},"id":"WK050505"},{"arcs":[[3773,3774,3775,-3771,-3763,3776]],"type":"Polygon","properties":{"id":117461,"statcode":"WK050506","statnaam":"Wijk 06 Staart","jrstatcode":"2010WK050506","rubriek":"wijk","FID":"wijk_gegeneraliseerd_2010.12cd34b5-b9e2-442f-9d8c-31d21f7d697a"},"id":"WK050506"},{"arcs":[[-3767,3777,3778,3779]],"type":"Polygon","properties":{"id":117462,"statcode":"WK050507","statnaam":"Wijk 07 Wielwijk","jrstatcode":"2010WK050507","rubriek":"wijk","FID":"wijk_gegeneraliseerd_2010.f634e8f8-9a42-4752-8d8f-75779e581c26"},"id":"WK050507"},{"arcs":[[-3770,3780,3781,-3778,-3766]],"type":"Polygon","properties":{"id":117463,"statcode":"WK050508","statnaam":"Wijk 08 Crabbehof/Zuidhoven","jrstatcode":"2010WK050508","rubriek":"wijk","FID":"wijk_gegeneraliseerd_2010.258a99d8-3dd2-4f15-ab92-2468881113b6"},"id":"WK050508"},{"arcs":[[-3779,-3782,3782,3783,3784]],"type":"Polygon","properties":{"id":117464,"statcode":"WK050509","statnaam":"Wijk 09 Sterrenburg","jrstatcode":"2010WK050509","rubriek":"wijk","FID":"wijk_gegeneraliseerd_2010.37ef4cdc-8c48-4813-880c-e03fa9243529"},"id":"WK050509"},{"arcs":[[-3781,-3773,3785,3786,-3783]],"type":"Polygon","properties":{"id":117465,"statcode":"WK050510","statnaam":"Wijk 10 Dubbeldam","jrstatcode":"2010WK050510","rubriek":"wijk","FID":"wijk_gegeneraliseerd_2010.873cae3d-284d-4d7f-baf5-f0af7c45e798"},"id":"WK050510"},{"arcs":[[3787,-3786,-3772,-3776]],"type":"Polygon","properties":{"id":117466,"statcode":"WK050511","statnaam":"Wijk 11 Stadspolders","jrstatcode":"2010WK050511","rubriek":"wijk","FID":"wijk_gegeneraliseerd_2010.4b9f81a3-9b8c-4e6e-a796-b4c663eb50d3"},"id":"WK050511"},{"arcs":[[3788,-3758,-3768,-3780,-3785,3789,3790]],"type":"Polygon","properties":{"id":117467,"statcode":"WK050519","statnaam":"Wijk 19 Industriegebied West","jrstatcode":"2010WK050519","rubriek":"wijk","FID":"wijk_gegeneraliseerd_2010.b73cd5a2-4f77-43ce-a543-0beefd3821bd"},"id":"WK050519"},{"arcs":[[3791,3792,3793,3794,3795,-3790,-3784,-3787,-3788,-3775,3796,3797,3798,3799,3800]],"type":"Polygon","properties":{"id":117468,"statcode":"WK050598","statnaam":"Wijk 98 Verspreide bebouwing","jrstatcode":"2010WK050598","rubriek":"wijk","FID":"wijk_gegeneraliseerd_2010.3eb7e960-0fd1-458a-9b2e-78dba7d0d9c0"},"id":"WK050598"},{"arcs":[[3801,3802,3803,3804]],"type":"Polygon","properties":{"id":117469,"statcode":"WK051100","statnaam":"Wijk 00 Goedereede","jrstatcode":"2010WK051100","rubriek":"wijk","FID":"wijk_gegeneraliseerd_2010.d09a7e19-45bc-49f2-b206-6dd6d6e13fe9"},"id":"WK051100"},{"arcs":[[[3807,3808,3809,-3806,3810,-3805]],[[3811]]],"type":"MultiPolygon","properties":{"id":117470,"statcode":"WK051101","statnaam":"Wijk 01 Ouddorp","jrstatcode":"2010WK051101","rubriek":"wijk","FID":"wijk_gegeneraliseerd_2010.610602cb-7f38-4c5b-bfb7-cf67b7aaf36d"},"id":"WK051101"},{"arcs":[[3812,3813,-3750,3814,-3803,3815]],"type":"Polygon","properties":{"id":117471,"statcode":"WK051102","statnaam":"Wijk 02 Stellendam","jrstatcode":"2010WK051102","rubriek":"wijk","FID":"wijk_gegeneraliseerd_2010.0b27f21c-55aa-45a7-92da-11720967b9cb"},"id":"WK051102"},{"arcs":[[3816,3817,3818,3819,3820,3821,3822]],"type":"Polygon","properties":{"id":117472,"statcode":"WK051201","statnaam":"Wijk 01 Gorinchem binnenstad","jrstatcode":"2010WK051201","rubriek":"wijk","FID":"wijk_gegeneraliseerd_2010.7cd0a35f-b6a6-4658-ae8b-eeda793f07af"},"id":"WK051201"},{"arcs":[[3823,-3817,3824,3825]],"type":"Polygon","properties":{"id":117473,"statcode":"WK051202","statnaam":"Wijk 02 Wijdschild","jrstatcode":"2010WK051202","rubriek":"wijk","FID":"wijk_gegeneraliseerd_2010.b8a7d305-c4f7-484b-bf5c-cf1c7546ef53"},"id":"WK051202"},{"arcs":[[3826,3827,-3822,3828,3829]],"type":"Polygon","properties":{"id":117474,"statcode":"WK051203","statnaam":"Wijk 03 Lingewijk","jrstatcode":"2010WK051203","rubriek":"wijk","FID":"wijk_gegeneraliseerd_2010.78abd294-5ec9-4ee2-9196-981d531018c0"},"id":"WK051203"},{"arcs":[[3830,-3830,3831,3832,3833]],"type":"Polygon","properties":{"id":117475,"statcode":"WK051204","statnaam":"Wijk 04 haarwijk","jrstatcode":"2010WK051204","rubriek":"wijk","FID":"wijk_gegeneraliseerd_2010.b8d2dda1-ae18-4cb8-b1ca-65a505f104cb"},"id":"WK051204"},{"arcs":[[3834,-3834,3835,3836]],"type":"Polygon","properties":{"id":117476,"statcode":"WK051205","statnaam":"Wijk 05 Stalkaarsen","jrstatcode":"2010WK051205","rubriek":"wijk","FID":"wijk_gegeneraliseerd_2010.29b0a535-e11d-451e-a567-82982ca08432"},"id":"WK051205"},{"arcs":[[-3836,-3833,3837,3838]],"type":"Polygon","properties":{"id":117477,"statcode":"WK051206","statnaam":"Wijk 06 Gildenwijk","jrstatcode":"2010WK051206","rubriek":"wijk","FID":"wijk_gegeneraliseerd_2010.9db9361d-b99f-4a39-94f8-86bcf33678ed"},"id":"WK051206"},{"arcs":[[3839,-3838,-3832,-3829,3840]],"type":"Polygon","properties":{"id":117478,"statcode":"WK051207","statnaam":"Wijk 07 Schelluinsestraat","jrstatcode":"2010WK051207","rubriek":"wijk","FID":"wijk_gegeneraliseerd_2010.05892f95-ab38-47e1-b684-0d575522eed4"},"id":"WK051207"},{"arcs":[[-3841,-3821,3841,3842]],"type":"Polygon","properties":{"id":117479,"statcode":"WK051208","statnaam":"Wijk 08 Avelingen Oost","jrstatcode":"2010WK051208","rubriek":"wijk","FID":"wijk_gegeneraliseerd_2010.8deb2a03-0bfd-49d3-8da7-2ee1917de7bf"},"id":"WK051208"},{"arcs":[[3843,-3843,3844,3845]],"type":"Polygon","properties":{"id":117480,"statcode":"WK051209","statnaam":"Wijk 09 Avelingen West","jrstatcode":"2010WK051209","rubriek":"wijk","FID":"wijk_gegeneraliseerd_2010.6ba9d514-9d11-4fff-bf60-ef47f34ef9b0"},"id":"WK051209"},{"arcs":[[-3837,-3839,-3840,-3844,3846,3847,3848]],"type":"Polygon","properties":{"id":117481,"statcode":"WK051210","statnaam":"Wijk 10 Molenvliet","jrstatcode":"2010WK051210","rubriek":"wijk","FID":"wijk_gegeneraliseerd_2010.dfb33adb-c111-42f9-8aeb-71cd86d29e65"},"id":"WK051210"},{"arcs":[[3849,3850,3851,-3826,3852]],"type":"Polygon","properties":{"id":117482,"statcode":"WK051211","statnaam":"Wijk 11 laag Dalem","jrstatcode":"2010WK051211","rubriek":"wijk","FID":"wijk_gegeneraliseerd_2010.4a777a58-72e3-40dd-928c-69546a4169d9"},"id":"WK051211"},{"arcs":[[3853,3854,3855,-3851]],"type":"Polygon","properties":{"id":117483,"statcode":"WK051212","statnaam":"Wijk 12 Dalem","jrstatcode":"2010WK051212","rubriek":"wijk","FID":"wijk_gegeneraliseerd_2010.de85fce6-2eed-41b8-9fe6-04b3c4e69c92"},"id":"WK051212"},{"arcs":[[3856,-3854,-3850,3857]],"type":"Polygon","properties":{"id":117484,"statcode":"WK051213","statnaam":"Wijk 13 Hoog Dalem","jrstatcode":"2010WK051213","rubriek":"wijk","FID":"wijk_gegeneraliseerd_2010.3f948513-f646-4ec9-8760-bedef966b4bc"},"id":"WK051213"},{"arcs":[[3858,3859,3860,-3858,-3853,-3825,-3823,-3828,3861]],"type":"Polygon","properties":{"id":117485,"statcode":"WK051214","statnaam":"Wijk 14 Bedrijventerrein Oost","jrstatcode":"2010WK051214","rubriek":"wijk","FID":"wijk_gegeneraliseerd_2010.d18d3de4-de94-4682-8850-fa7074a2c25a"},"id":"WK051214"},{"arcs":[[3862,3863,-3862,-3827,3864,3865]],"type":"Polygon","properties":{"id":117486,"statcode":"WK051215","statnaam":"Wijk 15 Papland","jrstatcode":"2010WK051215","rubriek":"wijk","FID":"wijk_gegeneraliseerd_2010.83486f3b-8863-430e-8c24-8f8934d40e3e"},"id":"WK051215"},{"arcs":[[3866,-3865,-3831,-3835,3867,3868]],"type":"Polygon","properties":{"id":117487,"statcode":"WK051216","statnaam":"Wijk 16 schotdeuren","jrstatcode":"2010WK051216","rubriek":"wijk","FID":"wijk_gegeneraliseerd_2010.e693cbfa-81e7-4c88-94b9-4b62a241ecbf"},"id":"WK051216"},{"arcs":[[-3869,3869,3870]],"type":"Polygon","properties":{"id":117488,"statcode":"WK051217","statnaam":"Wijk 17 Bedrijventerrein Noord","jrstatcode":"2010WK051217","rubriek":"wijk","FID":"wijk_gegeneraliseerd_2010.f06197c6-f950-46a5-a0d1-e6520138e285"},"id":"WK051217"},{"arcs":[[3871,3872,-3870,-3868,-3849,3873]],"type":"Polygon","properties":{"id":117489,"statcode":"WK051218","statnaam":"Wijk 18 Landelijk gebied West","jrstatcode":"2010WK051218","rubriek":"wijk","FID":"wijk_gegeneraliseerd_2010.88bedca5-2dbd-44e4-8ed5-61b1a378bdd6"},"id":"WK051218"},{"arcs":[[3874,3875,-3866,-3867,-3871,-3873]],"type":"Polygon","properties":{"id":117490,"statcode":"WK051219","statnaam":"Wijk 19 Landelijk gebied Noord","jrstatcode":"2010WK051219","rubriek":"wijk","FID":"wijk_gegeneraliseerd_2010.44500f3e-56dd-4b5e-9d84-a27cbe0ab7aa"},"id":"WK051219"},{"arcs":[[-3861,3876,-2164,3877,-3855,-3857]],"type":"Polygon","properties":{"id":117491,"statcode":"WK051220","statnaam":"Wijk 20 Landelijk gebied Oost","jrstatcode":"2010WK051220","rubriek":"wijk","FID":"wijk_gegeneraliseerd_2010.53e7730a-c6fc-4de1-b319-722e863117ed"},"id":"WK051220"},{"arcs":[[-3824,-3852,-3856,-3878,-2163,3878,-3818]],"type":"Polygon","properties":{"id":117492,"statcode":"WK051221","statnaam":"Wijk 21 Landelijk gebied Zuid","jrstatcode":"2010WK051221","rubriek":"wijk","FID":"wijk_gegeneraliseerd_2010.62a57112-1ea0-41c8-bd6d-a446d6676fff"},"id":"WK051221"},{"arcs":[[3879,3880,3881,3882,3883]],"type":"Polygon","properties":{"id":117493,"statcode":"WK051301","statnaam":"Wijk 01 Binnenstad","jrstatcode":"2010WK051301","rubriek":"wijk","FID":"wijk_gegeneraliseerd_2010.f35ffd77-d069-4a70-b5b6-40cfb02a914d"},"id":"WK051301"},{"arcs":[[3884,-3883,3885,3886]],"type":"Polygon","properties":{"id":117494,"statcode":"WK051302","statnaam":"Wijk 02 De Korte Akkeren","jrstatcode":"2010WK051302","rubriek":"wijk","FID":"wijk_gegeneraliseerd_2010.04b8d442-deac-4b5d-ac6b-62a8f09b5cbc"},"id":"WK051302"},{"arcs":[[3887,3888,-3880,3889,3890,3891]],"type":"Polygon","properties":{"id":117495,"statcode":"WK051303","statnaam":"Wijk 03 Bloemendaal","jrstatcode":"2010WK051303","rubriek":"wijk","FID":"wijk_gegeneraliseerd_2010.0de987a3-83d6-42d5-af91-4e393e1b9b10"},"id":"WK051303"},{"arcs":[[3892,3893,3894,-3892]],"type":"Polygon","properties":{"id":117496,"statcode":"WK051304","statnaam":"Wijk 04 Plaswijck","jrstatcode":"2010WK051304","rubriek":"wijk","FID":"wijk_gegeneraliseerd_2010.da633fc6-9605-4c94-9a42-4964f22ccecc"},"id":"WK051304"},{"arcs":[[3895,3896,3897,-3888,-3895]],"type":"Polygon","properties":{"id":117497,"statcode":"WK051305","statnaam":"Wijk 05 Noord","jrstatcode":"2010WK051305","rubriek":"wijk","FID":"wijk_gegeneraliseerd_2010.10343138-99ff-4e41-969a-c01242b304c3"},"id":"WK051305"},{"arcs":[[-3881,-3889,-3898,3898,3899]],"type":"Polygon","properties":{"id":117498,"statcode":"WK051306","statnaam":"Wijk 06 Kort Haarlem","jrstatcode":"2010WK051306","rubriek":"wijk","FID":"wijk_gegeneraliseerd_2010.7d7e66f4-d0d9-4981-804d-e2a8cde9995e"},"id":"WK051306"},{"arcs":[[3900,-3899,-3897,3901,3902]],"type":"Polygon","properties":{"id":117499,"statcode":"WK051307","statnaam":"Wijk 07 Goverwelle","jrstatcode":"2010WK051307","rubriek":"wijk","FID":"wijk_gegeneraliseerd_2010.9abc13f2-5a3c-47c2-9037-1e0006f23b49"},"id":"WK051307"},{"arcs":[[-3901,3903,3904,-3886,-3882,-3900]],"type":"Polygon","properties":{"id":117500,"statcode":"WK051308","statnaam":"Wijk 08 Stolwijkersluis","jrstatcode":"2010WK051308","rubriek":"wijk","FID":"wijk_gegeneraliseerd_2010.3e66f541-77e7-4d40-be22-5d1b72981550"},"id":"WK051308"},{"arcs":[[-3884,-3885,3905,3906,3907,-3890]],"type":"Polygon","properties":{"id":117501,"statcode":"WK051309","statnaam":"Wijk 09 Oostpolder in Schieland","jrstatcode":"2010WK051309","rubriek":"wijk","FID":"wijk_gegeneraliseerd_2010.76c27c5b-2165-4a04-ac2a-9de19c2d34c5"},"id":"WK051309"},{"arcs":[[3908,3909,3910,3911,3912]],"type":"Polygon","properties":{"id":117502,"statcode":"WK051801","statnaam":"Wijk 01 Oostduinen","jrstatcode":"2010WK051801","rubriek":"wijk","FID":"wijk_gegeneraliseerd_2010.c0396a83-5213-4df9-95fc-9f451f865677"},"id":"WK051801"},{"arcs":[[3913,-3913,3914,3915]],"type":"Polygon","properties":{"id":117503,"statcode":"WK051802","statnaam":"Wijk 02 Belgisch Park","jrstatcode":"2010WK051802","rubriek":"wijk","FID":"wijk_gegeneraliseerd_2010.539d7a40-aa49-460c-a162-707c39edfe14"},"id":"WK051802"},{"arcs":[[3916,3917,3918,3919,-3915,-3912]],"type":"Polygon","properties":{"id":117504,"statcode":"WK051803","statnaam":"Wijk 03 Westbroekpark en Duttendel","jrstatcode":"2010WK051803","rubriek":"wijk","FID":"wijk_gegeneraliseerd_2010.869d6f8d-880f-42fe-8079-9fbe238d9177"},"id":"WK051803"},{"arcs":[[3920,3921,3922,3923,-3917,-3911]],"type":"Polygon","properties":{"id":117505,"statcode":"WK051804","statnaam":"Wijk 04 Benoordenhout","jrstatcode":"2010WK051804","rubriek":"wijk","FID":"wijk_gegeneraliseerd_2010.da65fb24-8f43-4a37-acc1-19a61a01214a"},"id":"WK051804"},{"arcs":[[-3918,-3924,3924,3925,3926,3927]],"type":"Polygon","properties":{"id":117506,"statcode":"WK051805","statnaam":"Wijk 05 Archipelbuurt","jrstatcode":"2010WK051805","rubriek":"wijk","FID":"wijk_gegeneraliseerd_2010.f4724fb3-18d1-4bdb-b73d-d99f7347deb8"},"id":"WK051805"},{"arcs":[[-3919,-3928,3928,3929,3930]],"type":"Polygon","properties":{"id":117507,"statcode":"WK051806","statnaam":"Wijk 06 Van Stolkpark en Scheveningse Bosjes","jrstatcode":"2010WK051806","rubriek":"wijk","FID":"wijk_gegeneraliseerd_2010.7eeaa203-71ee-4ba6-8248-763d4a4937db"},"id":"WK051806"},{"arcs":[[3931,3932,3933,-3916,-3920,-3931,3934]],"type":"Polygon","properties":{"id":117508,"statcode":"WK051807","statnaam":"Wijk 07 Scheveningen","jrstatcode":"2010WK051807","rubriek":"wijk","FID":"wijk_gegeneraliseerd_2010.a3fd0b53-6683-4c49-a943-9915062635bd"},"id":"WK051807"},{"arcs":[[3935,3936,-3933]],"type":"Polygon","properties":{"id":117509,"statcode":"WK051808","statnaam":"Wijk 08 Duindorp","jrstatcode":"2010WK051808","rubriek":"wijk","FID":"wijk_gegeneraliseerd_2010.ea99b9ff-d3f0-4a85-b48a-c2b7679d50c3"},"id":"WK051808"},{"arcs":[[3937,3938,-3935,-3930,3939,3940]],"type":"Polygon","properties":{"id":117510,"statcode":"WK051809","statnaam":"Wijk 09 Geuzen- en Statenkwartier","jrstatcode":"2010WK051809","rubriek":"wijk","FID":"wijk_gegeneraliseerd_2010.8d9401ac-8665-464d-a3f5-43001cc6a984"},"id":"WK051809"},{"arcs":[[-3927,3941,3942,-3940,-3929]],"type":"Polygon","properties":{"id":117511,"statcode":"WK051810","statnaam":"Wijk 10 Zorgvliet","jrstatcode":"2010WK051810","rubriek":"wijk","FID":"wijk_gegeneraliseerd_2010.4b7381f2-72e5-43af-9520-a39f9046a3df"},"id":"WK051810"},{"arcs":[[-3943,3943,3944,3945,-3941]],"type":"Polygon","properties":{"id":117512,"statcode":"WK051811","statnaam":"Wijk 11 Duinoord","jrstatcode":"2010WK051811","rubriek":"wijk","FID":"wijk_gegeneraliseerd_2010.b07608a1-bbb2-4fba-9966-acb199c21770"},"id":"WK051811"},{"arcs":[[3946,3947,-3938,-3946,3948,3949]],"type":"Polygon","properties":{"id":117513,"statcode":"WK051812","statnaam":"Wijk 12 Bomen- en Bloemenbuurt","jrstatcode":"2010WK051812","rubriek":"wijk","FID":"wijk_gegeneraliseerd_2010.30085099-53d9-4b84-99b0-43d567be7d87"},"id":"WK051812"},{"arcs":[[-3939,-3948,3950,3951,3952,-3936,-3932]],"type":"Polygon","properties":{"id":117514,"statcode":"WK051813","statnaam":"Wijk 13 Vogelwijk","jrstatcode":"2010WK051813","rubriek":"wijk","FID":"wijk_gegeneraliseerd_2010.2a80083d-61d3-4b18-9a1d-30fffb8c23c0"},"id":"WK051813"},{"arcs":[[3953,-3951,-3947,3954,3955]],"type":"Polygon","properties":{"id":117515,"statcode":"WK051814","statnaam":"Wijk 14 Bohemen en Meer en Bos","jrstatcode":"2010WK051814","rubriek":"wijk","FID":"wijk_gegeneraliseerd_2010.71b8646c-8c57-42fd-bcf7-c8c48dc2349a"},"id":"WK051814"},{"arcs":[[-3954,3956,3957,3958,3959,3960,-3952]],"type":"Polygon","properties":{"id":117516,"statcode":"WK051815","statnaam":"Wijk 15 Kijkduin en Ockenburgh","jrstatcode":"2010WK051815","rubriek":"wijk","FID":"wijk_gegeneraliseerd_2010.9ec0489f-17e5-4e57-b7ac-9ea5f757d72c"},"id":"WK051815"},{"arcs":[[3961,3962,-3959,3963]],"type":"Polygon","properties":{"id":117517,"statcode":"WK051816","statnaam":"Wijk 16 Kraayenstein en de Uithof","jrstatcode":"2010WK051816","rubriek":"wijk","FID":"wijk_gegeneraliseerd_2010.22d3b041-c70e-40ea-a7ba-6a7cba79c305"},"id":"WK051816"},{"arcs":[[3964,3965,-3964,-3958,3966]],"type":"Polygon","properties":{"id":117518,"statcode":"WK051817","statnaam":"Wijk 17 Loosduinen","jrstatcode":"2010WK051817","rubriek":"wijk","FID":"wijk_gegeneraliseerd_2010.b58735e5-63d7-4b34-b769-0409d9680fb1"},"id":"WK051817"},{"arcs":[[3967,-3967,-3957,-3956]],"type":"Polygon","properties":{"id":117519,"statcode":"WK051818","statnaam":"Wijk 18 Waldeck","jrstatcode":"2010WK051818","rubriek":"wijk","FID":"wijk_gegeneraliseerd_2010.9300a7ea-a3bc-41bf-8807-29f5d0c08424"},"id":"WK051818"},{"arcs":[[3968,3969,-3968,-3955,-3950]],"type":"Polygon","properties":{"id":117520,"statcode":"WK051819","statnaam":"Wijk 19 Vruchtenbuurt","jrstatcode":"2010WK051819","rubriek":"wijk","FID":"wijk_gegeneraliseerd_2010.dea59912-d38e-4d99-bfb8-c73f8e16d389"},"id":"WK051819"},{"arcs":[[3970,3971,-3969,-3949]],"type":"Polygon","properties":{"id":117521,"statcode":"WK051820","statnaam":"Wijk 20 Valkenboskwartier","jrstatcode":"2010WK051820","rubriek":"wijk","FID":"wijk_gegeneraliseerd_2010.34ce2ebd-f3f5-444d-9aa6-8beeae9530ab"},"id":"WK051820"},{"arcs":[[3972,3973,3974,-3971,-3945,3975]],"type":"Polygon","properties":{"id":117522,"statcode":"WK051821","statnaam":"Wijk 21 Regentessekwartier","jrstatcode":"2010WK051821","rubriek":"wijk","FID":"wijk_gegeneraliseerd_2010.8e432db8-52b5-488d-8ec4-6b47bc83829d"},"id":"WK051821"},{"arcs":[[-3926,3976,3977,-3976,-3944,-3942]],"type":"Polygon","properties":{"id":117523,"statcode":"WK051822","statnaam":"Wijk 22 Zeeheldenkwartier","jrstatcode":"2010WK051822","rubriek":"wijk","FID":"wijk_gegeneraliseerd_2010.78a798f9-ad05-44d4-a938-179cb2bb3711"},"id":"WK051822"},{"arcs":[[-3923,3978,3979,-3977,-3925]],"type":"Polygon","properties":{"id":117524,"statcode":"WK051823","statnaam":"Wijk 23 Willemspark","jrstatcode":"2010WK051823","rubriek":"wijk","FID":"wijk_gegeneraliseerd_2010.bcbadcbf-e92f-45f0-80e2-903fc7765ace"},"id":"WK051823"},{"arcs":[[3980,3981,3982,3983,3984,-3979,-3922]],"type":"Polygon","properties":{"id":117525,"statcode":"WK051824","statnaam":"Wijk 24 Haagse Bos","jrstatcode":"2010WK051824","rubriek":"wijk","FID":"wijk_gegeneraliseerd_2010.4b453aee-4370-41a7-a719-435747b1dc2f"},"id":"WK051824"},{"arcs":[[3985,3986,3987,3988,-3982,3989]],"type":"Polygon","properties":{"id":117526,"statcode":"WK051825","statnaam":"Wijk 25 Mariahoeve en Marlot","jrstatcode":"2010WK051825","rubriek":"wijk","FID":"wijk_gegeneraliseerd_2010.205ca44a-598e-4e02-8703-e232a6f19bf4"},"id":"WK051825"},{"arcs":[[-3989,3990,3991,3992,3993,-3983]],"type":"Polygon","properties":{"id":117527,"statcode":"WK051826","statnaam":"Wijk 26 Bezuidenhout","jrstatcode":"2010WK051826","rubriek":"wijk","FID":"wijk_gegeneraliseerd_2010.6f280654-8b79-4cc8-8a17-60a8246bef7e"},"id":"WK051826"},{"arcs":[[3994,3995,3996,3997,-3984,-3994]],"type":"Polygon","properties":{"id":117528,"statcode":"WK051827","statnaam":"Wijk 27 Stationsbuurt","jrstatcode":"2010WK051827","rubriek":"wijk","FID":"wijk_gegeneraliseerd_2010.e03f203a-a277-45d3-a2b8-0cc53cc05cc7"},"id":"WK051827"},{"arcs":[[-3985,-3998,3998,-3973,-3978,-3980]],"type":"Polygon","properties":{"id":117529,"statcode":"WK051828","statnaam":"Wijk 28 Centrum","jrstatcode":"2010WK051828","rubriek":"wijk","FID":"wijk_gegeneraliseerd_2010.e7e97b58-7267-4bad-9c72-312970b52b5e"},"id":"WK051828"},{"arcs":[[-3997,3999,4000,4001,-3974,-3999]],"type":"Polygon","properties":{"id":117530,"statcode":"WK051829","statnaam":"Wijk 29 Schildersbuurt","jrstatcode":"2010WK051829","rubriek":"wijk","FID":"wijk_gegeneraliseerd_2010.1d3c07f4-e1ec-4a05-97fd-d53dbaff813b"},"id":"WK051829"},{"arcs":[[-4002,4002,4003,-3975]],"type":"Polygon","properties":{"id":117531,"statcode":"WK051830","statnaam":"Wijk 30 Transvaalkwartier","jrstatcode":"2010WK051830","rubriek":"wijk","FID":"wijk_gegeneraliseerd_2010.d8472d0d-44c0-4d92-9d97-9c965dc9ab86"},"id":"WK051830"},{"arcs":[[4004,4005,4006,-3972,-4004]],"type":"Polygon","properties":{"id":117532,"statcode":"WK051831","statnaam":"Wijk 31 Rustenburg en Oostbroek","jrstatcode":"2010WK051831","rubriek":"wijk","FID":"wijk_gegeneraliseerd_2010.e43aa51e-1903-4b33-b162-2d228f4ca804"},"id":"WK051831"},{"arcs":[[-4007,4007,4008,-3965,-3970]],"type":"Polygon","properties":{"id":117533,"statcode":"WK051832","statnaam":"Wijk 32 Leyenburg","jrstatcode":"2010WK051832","rubriek":"wijk","FID":"wijk_gegeneraliseerd_2010.d935a831-48a6-4f12-8df5-102c4c8e8e9c"},"id":"WK051832"},{"arcs":[[4009,4010,4011,-3962,-3966,4012]],"type":"Polygon","properties":{"id":117534,"statcode":"WK051833","statnaam":"Wijk 33 Bouwlust en Vrederust","jrstatcode":"2010WK051833","rubriek":"wijk","FID":"wijk_gegeneraliseerd_2010.6ffdea14-ed78-41f9-82df-94b2ce4d5b78"},"id":"WK051833"},{"arcs":[[4013,-4013,-4009,4014,4015]],"type":"Polygon","properties":{"id":117535,"statcode":"WK051834","statnaam":"Wijk 34 Morgenstond","jrstatcode":"2010WK051834","rubriek":"wijk","FID":"wijk_gegeneraliseerd_2010.b5261875-4422-47b8-8c8e-7d0cca1e0c25"},"id":"WK051834"},{"arcs":[[4016,-4015,-4008,-4006]],"type":"Polygon","properties":{"id":117536,"statcode":"WK051835","statnaam":"Wijk 35 Zuiderpark","jrstatcode":"2010WK051835","rubriek":"wijk","FID":"wijk_gegeneraliseerd_2010.328c1d6d-c3f8-4b74-90c6-3a923cfe28f3"},"id":"WK051835"},{"arcs":[[4017,-4016,-4017,4018,4019,4020,4021]],"type":"Polygon","properties":{"id":117537,"statcode":"WK051836","statnaam":"Wijk 36 Moerwijk","jrstatcode":"2010WK051836","rubriek":"wijk","FID":"wijk_gegeneraliseerd_2010.eebd4f43-fb64-4015-a4a0-10386f0403cc"},"id":"WK051836"},{"arcs":[[4022,-4019,-4005,-4003,-4001]],"type":"Polygon","properties":{"id":117538,"statcode":"WK051837","statnaam":"Wijk 37 Groente- en Fruitmarkt","jrstatcode":"2010WK051837","rubriek":"wijk","FID":"wijk_gegeneraliseerd_2010.8aa02d40-6808-4ef5-80a2-5d314220f2c0"},"id":"WK051837"},{"arcs":[[4023,4024,4025,4026,4027,-4020,-4023,-4000,-3996]],"type":"Polygon","properties":{"id":117539,"statcode":"WK051838","statnaam":"Wijk 38 Laakkwartier en Spoorwijk","jrstatcode":"2010WK051838","rubriek":"wijk","FID":"wijk_gegeneraliseerd_2010.7d1203d6-ed23-40bb-b08a-4cd1a87c4448"},"id":"WK051838"},{"arcs":[[-3993,4028,4029,4030,4031,-4024,-3995]],"type":"Polygon","properties":{"id":117540,"statcode":"WK051839","statnaam":"Wijk 39 Binckhorst","jrstatcode":"2010WK051839","rubriek":"wijk","FID":"wijk_gegeneraliseerd_2010.a300b5f2-1ef6-4ff2-aafe-26a138a1a4b0"},"id":"WK051839"},{"arcs":[[4032,-4010,-4014,-4018,4033,4034]],"type":"Polygon","properties":{"id":117541,"statcode":"WK051840","statnaam":"Wijk 40 Wateringse Veld","jrstatcode":"2010WK051840","rubriek":"wijk","FID":"wijk_gegeneraliseerd_2010.ee134e32-cb90-4739-ac27-0bb210fe6b29"},"id":"WK051840"},{"arcs":[[-4032,4035,4036,4037,-3722,-3709,4038,4039,-4025]],"type":"Polygon","properties":{"id":117542,"statcode":"WK051841","statnaam":"Wijk 41 Hoornwijk","jrstatcode":"2010WK051841","rubriek":"wijk","FID":"wijk_gegeneraliseerd_2010.56051c87-4636-4899-8fae-5c41ecdbc709"},"id":"WK051841"},{"arcs":[[4040,-3723,-4038,4041,4042,4043]],"type":"Polygon","properties":{"id":117543,"statcode":"WK051842","statnaam":"Wijk 42 Ypenburg","jrstatcode":"2010WK051842","rubriek":"wijk","FID":"wijk_gegeneraliseerd_2010.b51bc486-b2b8-4a2c-9612-bc056d9ae45e"},"id":"WK051842"},{"arcs":[[4044,4045,-4042,-4037,4046,4047,4048]],"type":"Polygon","properties":{"id":117544,"statcode":"WK051843","statnaam":"Wijk 43 Forepark","jrstatcode":"2010WK051843","rubriek":"wijk","FID":"wijk_gegeneraliseerd_2010.6d9b1bae-1427-412a-8020-0e9f67911c52"},"id":"WK051843"},{"arcs":[[4049,4050,4051,-4043,-4046]],"type":"Polygon","properties":{"id":117545,"statcode":"WK051844","statnaam":"Wijk 44 Leidschenveen","jrstatcode":"2010WK051844","rubriek":"wijk","FID":"wijk_gegeneraliseerd_2010.c02f6c1e-0bd5-4829-a627-7db319b2a449"},"id":"WK051844"},{"arcs":[[-3847,-3846,4052,4053,-3800,4054,4055,4056,4057,4058,4059,4060,4061]],"type":"Polygon","properties":{"id":117546,"statcode":"WK052300","statnaam":"Wijk 00","jrstatcode":"2010WK052300","rubriek":"wijk","FID":"wijk_gegeneraliseerd_2010.e5fe8bb5-72ed-40e6-beaa-f2dc5bdf6cc5"},"id":"WK052300"},{"arcs":[[4062,4063,4064,4065,4066]],"type":"Polygon","properties":{"id":117547,"statcode":"WK053000","statnaam":"Wijk 00 Hellevoet","jrstatcode":"2010WK053000","rubriek":"wijk","FID":"wijk_gegeneraliseerd_2010.7d0741b1-4297-46bc-a77b-b82a785e169f"},"id":"WK053000"},{"arcs":[[4067,-4063,4068,4069,4070]],"type":"Polygon","properties":{"id":117548,"statcode":"WK053001","statnaam":"Wijk 01 Nieuw-Helvoet","jrstatcode":"2010WK053001","rubriek":"wijk","FID":"wijk_gegeneraliseerd_2010.e3c258a7-ee36-45e5-ab59-7e0f8f65427f"},"id":"WK053001"},{"arcs":[[4071,4072,-4070,4073]],"type":"Polygon","properties":{"id":117549,"statcode":"WK053002","statnaam":"Wijk 02 Nieuwenhoorn","jrstatcode":"2010WK053002","rubriek":"wijk","FID":"wijk_gegeneraliseerd_2010.2e36094a-86e5-4e22-9461-a2fcd67ae87c"},"id":"WK053002"},{"arcs":[[4074,4075,4076,4077,-4065]],"type":"Polygon","properties":{"id":117550,"statcode":"WK053003","statnaam":"Wijk 03 De Struyten","jrstatcode":"2010WK053003","rubriek":"wijk","FID":"wijk_gegeneraliseerd_2010.f2b757b5-8602-4034-bd87-f5deda4af2b1"},"id":"WK053003"},{"arcs":[[4078,4079,4080,4081,-4076,4082,4083]],"type":"Polygon","properties":{"id":117551,"statcode":"WK053004","statnaam":"Wijk 04 De Kooistee","jrstatcode":"2010WK053004","rubriek":"wijk","FID":"wijk_gegeneraliseerd_2010.1fe423d0-f74b-40c9-bb62-fcc2c67f6bfa"},"id":"WK053004"},{"arcs":[[4084,-4071,-4073,4085,-4084]],"type":"Polygon","properties":{"id":117552,"statcode":"WK053005","statnaam":"Wijk 05 Den Bonsen Hoek","jrstatcode":"2010WK053005","rubriek":"wijk","FID":"wijk_gegeneraliseerd_2010.31292996-d751-482b-98f1-dd96ccf1f524"},"id":"WK053005"},{"arcs":[[4086,-4079,-4086,-4072,4087]],"type":"Polygon","properties":{"id":117553,"statcode":"WK053006","statnaam":"Wijk 06 Ravense Hoek","jrstatcode":"2010WK053006","rubriek":"wijk","FID":"wijk_gegeneraliseerd_2010.ef5b703d-586e-47aa-a945-f0114a848ab6"},"id":"WK053006"},{"arcs":[[-4083,-4075,-4064,-4068,-4085]],"type":"Polygon","properties":{"id":117554,"statcode":"WK053007","statnaam":"Wijk 07 Centrumgebied","jrstatcode":"2010WK053007","rubriek":"wijk","FID":"wijk_gegeneraliseerd_2010.fe411616-ad32-4dfc-8597-9d5cf8d26ba0"},"id":"WK053007"},{"arcs":[[4088,-4080,-4087]],"type":"Polygon","properties":{"id":117555,"statcode":"WK053008","statnaam":"Wijk 08 Kickers Bloem","jrstatcode":"2010WK053008","rubriek":"wijk","FID":"wijk_gegeneraliseerd_2010.6a5c3cc2-f1a6-4146-acbb-0c3fcd4ddf47"},"id":"WK053008"},{"arcs":[[-3666,-3669,4089,4090,4091,-4081,-4089,-4088,-4074,-4069,-4067,4092,-3813,4093,4094,4095]],"type":"Polygon","properties":{"id":117556,"statcode":"WK053009","statnaam":"Wijk 09 Buitengebied","jrstatcode":"2010WK053009","rubriek":"wijk","FID":"wijk_gegeneraliseerd_2010.94d7f341-27fb-479f-bfba-6e86b878c0a0"},"id":"WK053009"},{"arcs":[[4096,4097,4098,4099,4100]],"type":"Polygon","properties":{"id":117557,"statcode":"WK053101","statnaam":"Wijk 01 Centrum","jrstatcode":"2010WK053101","rubriek":"wijk","FID":"wijk_gegeneraliseerd_2010.71a782d0-a99f-4c2b-8d4b-a47c89aaa5c1"},"id":"WK053101"},{"arcs":[[4101,4102,4103,-4101,4104]],"type":"Polygon","properties":{"id":117558,"statcode":"WK053102","statnaam":"Wijk 02 Krommeweg","jrstatcode":"2010WK053102","rubriek":"wijk","FID":"wijk_gegeneraliseerd_2010.991270ce-bf2c-44fe-9730-773ec808dd4a"},"id":"WK053102"},{"arcs":[[4105,4106,-4105,-4100,4107]],"type":"Polygon","properties":{"id":117559,"statcode":"WK053103","statnaam":"Wijk 03 De Volgerlanden","jrstatcode":"2010WK053103","rubriek":"wijk","FID":"wijk_gegeneraliseerd_2010.84c1dbc1-e39f-406e-ae64-728a6d7f4ac7"},"id":"WK053103"},{"arcs":[[-4097,-4104,4108,4109]],"type":"Polygon","properties":{"id":117560,"statcode":"WK053104","statnaam":"Wijk 04 Sandelingen-Ambacht","jrstatcode":"2010WK053104","rubriek":"wijk","FID":"wijk_gegeneraliseerd_2010.471d43ef-818c-4f41-a097-7b5366655a8d"},"id":"WK053104"},{"arcs":[[4110,4111,-4108,-4099,4112,-3480,-3475,-3486]],"type":"Polygon","properties":{"id":117561,"statcode":"WK053105","statnaam":"Wijk 05 De Oevers","jrstatcode":"2010WK053105","rubriek":"wijk","FID":"wijk_gegeneraliseerd_2010.622b6d7b-fd4b-481c-a16e-2f219b5b5b64"},"id":"WK053105"},{"arcs":[[-2709,4113,-3653,-3642,-3399]],"type":"Polygon","properties":{"id":117562,"statcode":"WK053200","statnaam":"Wijk 00","jrstatcode":"2010WK053200","rubriek":"wijk","FID":"wijk_gegeneraliseerd_2010.46c43e82-58b7-4959-b6f8-fc3ecb8253c5"},"id":"WK053200"},{"arcs":[[-2708,-2904,4114,-3649,-4114]],"type":"Polygon","properties":{"id":117563,"statcode":"WK053201","statnaam":"Wijk 01","jrstatcode":"2010WK053201","rubriek":"wijk","FID":"wijk_gegeneraliseerd_2010.bf1bb475-b07d-487e-bdcb-26c2be06b017"},"id":"WK053201"},{"arcs":[[-2971,4115,4116,-2831,-2838,-2975,-2974]],"type":"Polygon","properties":{"id":117564,"statcode":"WK053400","statnaam":"Wijk 00","jrstatcode":"2010WK053400","rubriek":"wijk","FID":"wijk_gegeneraliseerd_2010.e58622fa-6068-4559-9002-7052cffed8d6"},"id":"WK053400"},{"arcs":[[4117,4118,4119,4120,4121]],"type":"Polygon","properties":{"id":117565,"statcode":"WK053701","statnaam":"Wijk 01 Katwijk Noord","jrstatcode":"2010WK053701","rubriek":"wijk","FID":"wijk_gegeneraliseerd_2010.c6374c23-5ae0-4334-8a25-a7ea8b8cd37f"},"id":"WK053701"},{"arcs":[[-4118,4122,4123,4124]],"type":"Polygon","properties":{"id":117566,"statcode":"WK053702","statnaam":"Wijk 02 't Heen","jrstatcode":"2010WK053702","rubriek":"wijk","FID":"wijk_gegeneraliseerd_2010.9e60dfef-b278-4cce-b693-baec8de47052"},"id":"WK053702"},{"arcs":[[4125,4126,4127,-4125,4128]],"type":"Polygon","properties":{"id":117567,"statcode":"WK053703","statnaam":"Wijk 03 Katwijk aan den Rijn","jrstatcode":"2010WK053703","rubriek":"wijk","FID":"wijk_gegeneraliseerd_2010.cc7a15af-ef99-4a94-90db-21aeba089e7d"},"id":"WK053703"},{"arcs":[[-4128,4129,4130,-4119]],"type":"Polygon","properties":{"id":117568,"statcode":"WK053704","statnaam":"Wijk 04 Katwijk Midden","jrstatcode":"2010WK053704","rubriek":"wijk","FID":"wijk_gegeneraliseerd_2010.53aa1ad9-1de3-4ed5-ad03-cab4a865940c"},"id":"WK053704"},{"arcs":[[4131,4132,-4120,-4131,4133]],"type":"Polygon","properties":{"id":117569,"statcode":"WK053705","statnaam":"Wijk 05 Katwijk aan Zee","jrstatcode":"2010WK053705","rubriek":"wijk","FID":"wijk_gegeneraliseerd_2010.1cadbd23-f83f-4a54-a604-ad121c32f996"},"id":"WK053705"},{"arcs":[[[-4127,4134,4135,4136,-4134,-4130]],[[4137,-4121,-4133,4138]]],"type":"MultiPolygon","properties":{"id":117570,"statcode":"WK053706","statnaam":"Wijk 06 Landelijk gebied Katwijk","jrstatcode":"2010WK053706","rubriek":"wijk","FID":"wijk_gegeneraliseerd_2010.1a95a6e6-cf87-4508-bf82-6a710de3f18d"},"id":"WK053706"},{"arcs":[[4139,4140,4141,4142,-4129,-4124]],"type":"Polygon","properties":{"id":117571,"statcode":"WK053707","statnaam":"Wijk 07 Rijnsburg","jrstatcode":"2010WK053707","rubriek":"wijk","FID":"wijk_gegeneraliseerd_2010.cb771413-f36e-4c14-adb4-57e9bc6e5b5e"},"id":"WK053707"},{"arcs":[[-4126,-4143,4143,4144,4145,-4135]],"type":"Polygon","properties":{"id":117572,"statcode":"WK053708","statnaam":"Wijk 08 Valkenburg","jrstatcode":"2010WK053708","rubriek":"wijk","FID":"wijk_gegeneraliseerd_2010.bd2c2753-ba83-4df5-8b89-802df9337614"},"id":"WK053708"},{"arcs":[[-3677,-3683,-3690,4146,4147,4148,4149,4150,4151,-3674]],"type":"Polygon","properties":{"id":117573,"statcode":"WK054200","statnaam":"Wijk 00 Krimpen aan den IJssel","jrstatcode":"2010WK054200","rubriek":"wijk","FID":"wijk_gegeneraliseerd_2010.3584e4eb-4703-4560-85fe-3a2afc787a14"},"id":"WK054200"},{"arcs":[[4152,4153,4154,4155,4156,4157,4158,-1742,-1904]],"type":"Polygon","properties":{"id":117574,"statcode":"WK054500","statnaam":"Wijk 00 Leerdam","jrstatcode":"2010WK054500","rubriek":"wijk","FID":"wijk_gegeneraliseerd_2010.94834c95-55eb-4f7d-8589-9e2f0c55031c"},"id":"WK054500"},{"arcs":[[4159,4160,4161,4162]],"type":"Polygon","properties":{"id":117575,"statcode":"WK054600","statnaam":"Wijk 00 Binnenstad-Zuid","jrstatcode":"2010WK054600","rubriek":"wijk","FID":"wijk_gegeneraliseerd_2010.21e1ece8-aa7e-41f8-91c3-7cadff1e398f"},"id":"WK054600"},{"arcs":[[4163,4164,-4163,4165,4166]],"type":"Polygon","properties":{"id":117576,"statcode":"WK054601","statnaam":"Wijk 01 Binnenstad-Noord","jrstatcode":"2010WK054601","rubriek":"wijk","FID":"wijk_gegeneraliseerd_2010.787e5d9a-774d-4952-a940-743aab74cbf2"},"id":"WK054601"},{"arcs":[[4167,-4167,4168,4169]],"type":"Polygon","properties":{"id":117577,"statcode":"WK054602","statnaam":"Wijk 02 Stationsdistrict","jrstatcode":"2010WK054602","rubriek":"wijk","FID":"wijk_gegeneraliseerd_2010.ffdf91c7-1047-415e-981a-87eb29b9912d"},"id":"WK054602"},{"arcs":[[-4168,4170,4171,4172,4173,-4164]],"type":"Polygon","properties":{"id":117578,"statcode":"WK054603","statnaam":"Wijk 03 Leiden-Noord","jrstatcode":"2010WK054603","rubriek":"wijk","FID":"wijk_gegeneraliseerd_2010.78fcdbd1-947d-4512-80fa-5ce1aa355efd"},"id":"WK054603"},{"arcs":[[4174,4175,4176,4177,4178,-4160,-4165]],"type":"Polygon","properties":{"id":117579,"statcode":"WK054604","statnaam":"Wijk 04 Roodenburgerdistrict","jrstatcode":"2010WK054604","rubriek":"wijk","FID":"wijk_gegeneraliseerd_2010.97830506-d694-430c-a522-2f2a155a7859"},"id":"WK054604"},{"arcs":[[4179,4180,-4161,-4179,4181,4182,4183]],"type":"Polygon","properties":{"id":117580,"statcode":"WK054605","statnaam":"Wijk 05 Bos- en Gasthuisdistrict","jrstatcode":"2010WK054605","rubriek":"wijk","FID":"wijk_gegeneraliseerd_2010.83d6fad5-6889-4059-ae8a-bc3bf4e75997"},"id":"WK054605"},{"arcs":[[4184,4185,4186,-4169,-4166,-4162,-4181]],"type":"Polygon","properties":{"id":117581,"statcode":"WK054606","statnaam":"Wijk 06 Morsdistrict","jrstatcode":"2010WK054606","rubriek":"wijk","FID":"wijk_gegeneraliseerd_2010.c5ff964b-fa8e-44d1-9d77-b01b3fa0c240"},"id":"WK054606"},{"arcs":[[4187,-4171,-4170,-4187,4188]],"type":"Polygon","properties":{"id":117582,"statcode":"WK054607","statnaam":"Wijk 07 Boerhaavedistrict","jrstatcode":"2010WK054607","rubriek":"wijk","FID":"wijk_gegeneraliseerd_2010.263b6a4f-f3c0-45db-85ce-65799b812ffe"},"id":"WK054607"},{"arcs":[[4189,4190,-4172,-4188,4191]],"type":"Polygon","properties":{"id":117583,"statcode":"WK054608","statnaam":"Wijk 08 Merenwijkdistrict","jrstatcode":"2010WK054608","rubriek":"wijk","FID":"wijk_gegeneraliseerd_2010.c36683cf-f2c1-4014-9f85-6ea635c724c0"},"id":"WK054608"},{"arcs":[[4192,-4145,-4185,-4180,4193]],"type":"Polygon","properties":{"id":117584,"statcode":"WK054609","statnaam":"Wijk 09 Stevenshofdistrict","jrstatcode":"2010WK054609","rubriek":"wijk","FID":"wijk_gegeneraliseerd_2010.1ad526c5-19db-4d9c-a160-861170244318"},"id":"WK054609"},{"arcs":[[-4175,-4174,4194,4195,4196]],"type":"Polygon","properties":{"id":117585,"statcode":"WK054700","statnaam":"Wijk 00","jrstatcode":"2010WK054700","rubriek":"wijk","FID":"wijk_gegeneraliseerd_2010.b55b5feb-9f5c-4271-9ab0-657bdbe4c55b"},"id":"WK054700"},{"arcs":[[[4197,4198,4199,4200,4201,4202,-4176,-4197]],[[4203,4204,-4195,-4173,-4191,4205]]],"type":"MultiPolygon","properties":{"id":117586,"statcode":"WK054701","statnaam":"Wijk 01","jrstatcode":"2010WK054701","rubriek":"wijk","FID":"wijk_gegeneraliseerd_2010.fe1ba0a0-133d-4689-ac80-943d9dc96abb"},"id":"WK054701"},{"arcs":[[-4205,4206,-4198,-4196]],"type":"Polygon","properties":{"id":117587,"statcode":"WK054702","statnaam":"Wijk 02","jrstatcode":"2010WK054702","rubriek":"wijk","FID":"wijk_gegeneraliseerd_2010.6428e50f-c4d6-4b3d-bb3d-5f83564e7747"},"id":"WK054702"},{"arcs":[[-2970,-2968,4207,4208,4209,4210,-4116]],"type":"Polygon","properties":{"id":117588,"statcode":"WK055302","statnaam":"Wijk 02","jrstatcode":"2010WK055302","rubriek":"wijk","FID":"wijk_gegeneraliseerd_2010.99642175-164f-463a-96de-ca6516891139"},"id":"WK055302"},{"arcs":[[4211,4212,4213,4214,4215,4216,4217,4218]],"type":"Polygon","properties":{"id":117589,"statcode":"WK055600","statnaam":"Wijk 00","jrstatcode":"2010WK055600","rubriek":"wijk","FID":"wijk_gegeneraliseerd_2010.135bf60a-de8b-41da-a531-72cfe0a8c51b"},"id":"WK055600"},{"arcs":[[4219,-3753,-3752,4220,4221,4222]],"type":"Polygon","properties":{"id":117590,"statcode":"WK055900","statnaam":"Wijk 00","jrstatcode":"2010WK055900","rubriek":"wijk","FID":"wijk_gegeneraliseerd_2010.3813d6e9-3af9-4a4a-93c4-9d0c86d03410"},"id":"WK055900"},{"arcs":[[4223,4224,-4091,4225,4226]],"type":"Polygon","properties":{"id":117591,"statcode":"WK056800","statnaam":"Wijk 00 Abbenbroek","jrstatcode":"2010WK056800","rubriek":"wijk","FID":"wijk_gegeneraliseerd_2010.0acd89bb-da3d-427d-a02e-4736e68b93c9"},"id":"WK056800"},{"arcs":[[4227,-4226,-4090,-3668,4228]],"type":"Polygon","properties":{"id":117592,"statcode":"WK056801","statnaam":"Wijk 01 Heenvliet","jrstatcode":"2010WK056801","rubriek":"wijk","FID":"wijk_gegeneraliseerd_2010.3f0c3c54-92fa-415b-a4e7-1daf929d87fb"},"id":"WK056801"},{"arcs":[[4229,4230,4231,4232,-4227,-4228,4233]],"type":"Polygon","properties":{"id":117593,"statcode":"WK056802","statnaam":"Wijk 02 Geervliet","jrstatcode":"2010WK056802","rubriek":"wijk","FID":"wijk_gegeneraliseerd_2010.b4103fb0-421e-4407-870e-7c2925b0cb82"},"id":"WK056802"},{"arcs":[[4234,4235,4236,-4224,-4233]],"type":"Polygon","properties":{"id":117594,"statcode":"WK056803","statnaam":"Wijk 03 Zuidland","jrstatcode":"2010WK056803","rubriek":"wijk","FID":"wijk_gegeneraliseerd_2010.f8fbe807-c453-425f-b172-1b180ec04bfe"},"id":"WK056803"},{"arcs":[[-4077,-4082,-4092,-4225,-4237,4237]],"type":"Polygon","properties":{"id":117595,"statcode":"WK056804","statnaam":"Wijk 04 Oudenhoorn","jrstatcode":"2010WK056804","rubriek":"wijk","FID":"wijk_gegeneraliseerd_2010.13ffbbed-ba04-4159-946e-cc9ff5ddf936"},"id":"WK056804"},{"arcs":[[4238,4239,4240,-3631,-3523,-3520,4241,4242]],"type":"Polygon","properties":{"id":117596,"statcode":"WK056900","statnaam":"Wijk 00","jrstatcode":"2010WK056900","rubriek":"wijk","FID":"wijk_gegeneraliseerd_2010.4bf3cc0b-7339-4137-b330-377e05c830b8"},"id":"WK056900"},{"arcs":[[4243,-3364,4244,4245]],"type":"Polygon","properties":{"id":117597,"statcode":"WK056901","statnaam":"Wijk 01 Nieuwveen","jrstatcode":"2010WK056901","rubriek":"wijk","FID":"wijk_gegeneraliseerd_2010.b080aaf0-ada6-46c0-a7f6-479f09a8c3e1"},"id":"WK056901"},{"arcs":[[4246,4247,-4243,4248,-4246]],"type":"Polygon","properties":{"id":117598,"statcode":"WK056902","statnaam":"Wijk 02 Zevenhoven","jrstatcode":"2010WK056902","rubriek":"wijk","FID":"wijk_gegeneraliseerd_2010.ee58e38a-63bf-42ca-8c1c-ea03171b4a08"},"id":"WK056902"},{"arcs":[[-3497,-3493,4249,4250,4251,-3365,-4244,-4249,-4242,-3522]],"type":"Polygon","properties":{"id":117599,"statcode":"WK056903","statnaam":"Wijk 03 Ter Aar","jrstatcode":"2010WK056903","rubriek":"wijk","FID":"wijk_gegeneraliseerd_2010.f7dc6c2c-700b-4ded-ac60-7ac42fc7bcc5"},"id":"WK056903"},{"arcs":[[4252,4253,4254,4255,4256,4257,-3483,-3482]],"type":"Polygon","properties":{"id":117600,"statcode":"WK057100","statnaam":"Wijk 00","jrstatcode":"2010WK057100","rubriek":"wijk","FID":"wijk_gegeneraliseerd_2010.ac46872e-89ae-4d63-a00e-1e03a1bbdb92"},"id":"WK057100"},{"arcs":[[4258,-4140,-4123,-4122,4259,4260]],"type":"Polygon","properties":{"id":117601,"statcode":"WK057500","statnaam":"Wijk 00 Noordwijk-Binnen","jrstatcode":"2010WK057500","rubriek":"wijk","FID":"wijk_gegeneraliseerd_2010.f3768644-038a-4ace-8da8-44eee225ae70"},"id":"WK057500"},{"arcs":[[-3410,4261,-4260,-4138,4262]],"type":"Polygon","properties":{"id":117602,"statcode":"WK057501","statnaam":"Wijk 01 Noordwijk Aan Zee","jrstatcode":"2010WK057501","rubriek":"wijk","FID":"wijk_gegeneraliseerd_2010.22fffadb-2562-469e-bd83-bd865f8164e8"},"id":"WK057501"},{"arcs":[[-2832,-4117,-4211,4263,-4261,-4262,-3409]],"type":"Polygon","properties":{"id":117603,"statcode":"WK057600","statnaam":"Wijk 00","jrstatcode":"2010WK057600","rubriek":"wijk","FID":"wijk_gegeneraliseerd_2010.0ab930f8-9811-4dae-a106-1711cc2afda8"},"id":"WK057600"},{"arcs":[[-4142,4264,4265,4266,-4192,-4189,-4186,-4144]],"type":"Polygon","properties":{"id":117604,"statcode":"WK057900","statnaam":"Wijk 00 Oegstgeest","jrstatcode":"2010WK057900","rubriek":"wijk","FID":"wijk_gegeneraliseerd_2010.81160a8d-f137-4e85-904f-5e7bbbdd8810"},"id":"WK057900"},{"arcs":[[4267,4268,4269,4270]],"type":"Polygon","properties":{"id":117605,"statcode":"WK058000","statnaam":"Wijk 00 Ooltgensplaat","jrstatcode":"2010WK058000","rubriek":"wijk","FID":"wijk_gegeneraliseerd_2010.2ce09c75-52b0-48a0-b226-ab5581dcca29"},"id":"WK058000"},{"arcs":[[4271,4272,-4222,4273,-4270]],"type":"Polygon","properties":{"id":117606,"statcode":"WK058001","statnaam":"Wijk 01 Den Bommel","jrstatcode":"2010WK058001","rubriek":"wijk","FID":"wijk_gegeneraliseerd_2010.abb2d447-b0c6-4767-952f-847b1fda3ea5"},"id":"WK058001"},{"arcs":[[-4273,4274,-4223]],"type":"Polygon","properties":{"id":117607,"statcode":"WK058002","statnaam":"Wijk 02 Oude-Tonge","jrstatcode":"2010WK058002","rubriek":"wijk","FID":"wijk_gegeneraliseerd_2010.fdf31445-a0d1-48e2-a438-2cc54d50354f"},"id":"WK058002"},{"arcs":[[4275,4276,4277,4278,4279,4280,4281]],"type":"Polygon","properties":{"id":117608,"statcode":"WK058400","statnaam":"Wijk 00","jrstatcode":"2010WK058400","rubriek":"wijk","FID":"wijk_gegeneraliseerd_2010.dc5bc8b9-1107-433e-b752-456d487141c5"},"id":"WK058400"},{"arcs":[[4282,-3601,4283,4284,4285,-4280]],"type":"Polygon","properties":{"id":117609,"statcode":"WK058500","statnaam":"Wijk 00 Heinenoord","jrstatcode":"2010WK058500","rubriek":"wijk","FID":"wijk_gegeneraliseerd_2010.716f9eae-c502-4d74-8352-07dfe42e59b9"},"id":"WK058500"},{"arcs":[[4286,4287,4288,-4281,-4286]],"type":"Polygon","properties":{"id":117610,"statcode":"WK058501","statnaam":"Wijk 01 Mijnsheerenland","jrstatcode":"2010WK058501","rubriek":"wijk","FID":"wijk_gegeneraliseerd_2010.5f722fc3-200b-4fa5-9d3b-ad080ece835a"},"id":"WK058501"},{"arcs":[[-4282,-4289,4289,4290,4291]],"type":"Polygon","properties":{"id":117611,"statcode":"WK058502","statnaam":"Wijk 02 Westmaas","jrstatcode":"2010WK058502","rubriek":"wijk","FID":"wijk_gegeneraliseerd_2010.a1fb2e99-dc46-47b7-b7fc-c6b13b8e2e57"},"id":"WK058502"},{"arcs":[[4292,4293,-4290,-4288,4294]],"type":"Polygon","properties":{"id":117612,"statcode":"WK058503","statnaam":"Wijk 03 Maasdam","jrstatcode":"2010WK058503","rubriek":"wijk","FID":"wijk_gegeneraliseerd_2010.4d9ee8a6-54e7-40cb-89ed-f2600d282880"},"id":"WK058503"},{"arcs":[[4295,-4295,-4287,-4285,4296,4297]],"type":"Polygon","properties":{"id":117613,"statcode":"WK058504","statnaam":"Wijk 04 Puttershoek","jrstatcode":"2010WK058504","rubriek":"wijk","FID":"wijk_gegeneraliseerd_2010.17d3c87a-c264-4b4e-9554-709b22c795eb"},"id":"WK058504"},{"arcs":[[-4293,-4296,4298,-3791,-3796,4299]],"type":"Polygon","properties":{"id":117614,"statcode":"WK058505","statnaam":"Wijk 05 's-Gravendeel","jrstatcode":"2010WK058505","rubriek":"wijk","FID":"wijk_gegeneraliseerd_2010.dc8a90e8-560d-4286-aca4-409148246c52"},"id":"WK058505"},{"arcs":[[-4277,4300,4301,4302,4303]],"type":"Polygon","properties":{"id":117615,"statcode":"WK058800","statnaam":"Wijk 00 Nieuw-Beijerland","jrstatcode":"2010WK058800","rubriek":"wijk","FID":"wijk_gegeneraliseerd_2010.50c50fae-2bb2-495c-9977-c3260acdefb4"},"id":"WK058800"},{"arcs":[[4304,-4303,4305,4306,-4231]],"type":"Polygon","properties":{"id":117616,"statcode":"WK058801","statnaam":"Wijk 01 Piershil","jrstatcode":"2010WK058801","rubriek":"wijk","FID":"wijk_gegeneraliseerd_2010.babe48a8-e419-4012-a82d-5dca202b9435"},"id":"WK058801"},{"arcs":[[[4307,-4235,-4232,-4307,4308]],[[4309,4310]]],"type":"MultiPolygon","properties":{"id":117617,"statcode":"WK058802","statnaam":"Wijk 02 Goudswaard","jrstatcode":"2010WK058802","rubriek":"wijk","FID":"wijk_gegeneraliseerd_2010.152426fb-b59f-4a15-a71a-201a899d602e"},"id":"WK058802"},{"arcs":[[[-4302,4311,4312,4313,-4309,-4306]],[[4314,-4310]]],"type":"MultiPolygon","properties":{"id":117618,"statcode":"WK058803","statnaam":"Wijk 03 Zuid-Beijerland","jrstatcode":"2010WK058803","rubriek":"wijk","FID":"wijk_gegeneraliseerd_2010.219a6bcf-a8fd-481e-9bcf-962bafe75e98"},"id":"WK058803"},{"arcs":[[4315,4316,4317]],"type":"Polygon","properties":{"id":117619,"statcode":"WK058900","statnaam":"Wijk 00 Oudewater","jrstatcode":"2010WK058900","rubriek":"wijk","FID":"wijk_gegeneraliseerd_2010.b184d640-0a39-4e57-956a-26820b9b3edf"},"id":"WK058900"},{"arcs":[[4318,-2439,4319,4320,4321,-4317]],"type":"Polygon","properties":{"id":117620,"statcode":"WK058901","statnaam":"Wijk 01 Hoenkoop","jrstatcode":"2010WK058901","rubriek":"wijk","FID":"wijk_gegeneraliseerd_2010.6ad7fce4-521c-4904-8aa9-89edfa6bbded"},"id":"WK058901"},{"arcs":[[-2440,-4319,-4316,4322,-2462,-2471]],"type":"Polygon","properties":{"id":117621,"statcode":"WK058902","statnaam":"Wijk 02 Snelrewaard","jrstatcode":"2010WK058902","rubriek":"wijk","FID":"wijk_gegeneraliseerd_2010.3c688e10-4828-4580-9bdb-52e1590e3664"},"id":"WK058902"},{"arcs":[[-4322,4323,4324,4325,-2463,-4323,-4318]],"type":"Polygon","properties":{"id":117622,"statcode":"WK058903","statnaam":"Wijk 03 Driebruggen-Zuid","jrstatcode":"2010WK058903","rubriek":"wijk","FID":"wijk_gegeneraliseerd_2010.12d30c0f-e156-45df-9261-96fdd35fdf7f"},"id":"WK058903"},{"arcs":[[4326,4327,4328,-3777,-3762,4329,-4111,-3485,4330]],"type":"Polygon","properties":{"id":117623,"statcode":"WK059000","statnaam":"Wijk 00 Papendrecht","jrstatcode":"2010WK059000","rubriek":"wijk","FID":"wijk_gegeneraliseerd_2010.e061785e-2ac6-4b2a-8c5e-072c40c0ad25"},"id":"WK059000"},{"arcs":[[-3657,-3635,4331,4332]],"type":"Polygon","properties":{"id":117624,"statcode":"WK059500","statnaam":"Wijk 00 Reeuwijk Dorp","jrstatcode":"2010WK059500","rubriek":"wijk","FID":"wijk_gegeneraliseerd_2010.7bf6d42f-1184-403b-b89e-99f1619173cf"},"id":"WK059500"},{"arcs":[[4333,-4332,-3634,4334,4335,-3902,-3896,-3894]],"type":"Polygon","properties":{"id":117625,"statcode":"WK059501","statnaam":"Wijk 01 Reeuwijk Brug","jrstatcode":"2010WK059501","rubriek":"wijk","FID":"wijk_gegeneraliseerd_2010.f96551ae-fe8e-4f32-b22a-e49ea79e1d6e"},"id":"WK059501"},{"arcs":[[-4335,-3641,4336,-4325]],"type":"Polygon","properties":{"id":117626,"statcode":"WK059502","statnaam":"Wijk 02 Driebruggen","jrstatcode":"2010WK059502","rubriek":"wijk","FID":"wijk_gegeneraliseerd_2010.b163824f-0c43-487f-92be-7f61d5daca6d"},"id":"WK059502"},{"arcs":[[4337,-2464,-4326,-4337,-3640,4338]],"type":"Polygon","properties":{"id":117627,"statcode":"WK059503","statnaam":"Wijk 03 Waarder","jrstatcode":"2010WK059503","rubriek":"wijk","FID":"wijk_gegeneraliseerd_2010.5fe301f2-625d-4b1d-9d71-1f7e40ae53bd"},"id":"WK059503"},{"arcs":[[4339,4340,-3597,-3606,4341,-4150,4342,-4253,-3481,-4113,-4098,-4110]],"type":"Polygon","properties":{"id":117628,"statcode":"WK059700","statnaam":"Wijk 00 Ridderkerk","jrstatcode":"2010WK059700","rubriek":"wijk","FID":"wijk_gegeneraliseerd_2010.436cc402-10c7-4f39-86e5-63ae4386b189"},"id":"WK059700"},{"arcs":[[4343,4344,4345,4346,4347]],"type":"Polygon","properties":{"id":117629,"statcode":"WK059901","statnaam":"Wijk 01 Stadscentrum","jrstatcode":"2010WK059901","rubriek":"wijk","FID":"wijk_gegeneraliseerd_2010.803125a8-daa2-4e1c-8a23-5c5098884afc"},"id":"WK059901"},{"arcs":[[4348,4349,4350,4351,4352,4353,-4345]],"type":"Polygon","properties":{"id":117630,"statcode":"WK059903","statnaam":"Wijk 03 Delfshaven","jrstatcode":"2010WK059903","rubriek":"wijk","FID":"wijk_gegeneraliseerd_2010.a58e2892-b682-4b65-8e32-fdc24446b5d4"},"id":"WK059903"},{"arcs":[[4354,4355,4356,4357,4358,4359,4360,4361,-3743,4362,4363],[4364]],"type":"Polygon","properties":{"id":117631,"statcode":"WK059904","statnaam":"Wijk 04 Overschie","jrstatcode":"2010WK059904","rubriek":"wijk","FID":"wijk_gegeneraliseerd_2010.eff42928-8c0c-4a66-afe0-13196d222290"},"id":"WK059904"},{"arcs":[[4365,-4346,-4354,4366,-4356,4367]],"type":"Polygon","properties":{"id":117632,"statcode":"WK059905","statnaam":"Wijk 05 Noord","jrstatcode":"2010WK059905","rubriek":"wijk","FID":"wijk_gegeneraliseerd_2010.62848549-183e-4e3d-87a5-ff434ea37c1d"},"id":"WK059905"},{"arcs":[[4368,4369,-4368,-4355,4370,4371,4372,4373]],"type":"Polygon","properties":{"id":117633,"statcode":"WK059906","statnaam":"Wijk 06 Hillegersberg-Schiebroek","jrstatcode":"2010WK059906","rubriek":"wijk","FID":"wijk_gegeneraliseerd_2010.df3ffda4-d46e-4115-a4cc-6fd09462ec9d"},"id":"WK059906"},{"arcs":[[-4347,-4366,-4370,4374,4375,4376]],"type":"Polygon","properties":{"id":117634,"statcode":"WK059908","statnaam":"Wijk 08 Kralingen-Crooswijk","jrstatcode":"2010WK059908","rubriek":"wijk","FID":"wijk_gegeneraliseerd_2010.9437ac8c-38c2-44a6-b306-18a75cfc4611"},"id":"WK059908"},{"arcs":[[4377,-4348,-4377,4378]],"type":"Polygon","properties":{"id":117635,"statcode":"WK059910","statnaam":"Wijk 10 Feijenoord","jrstatcode":"2010WK059910","rubriek":"wijk","FID":"wijk_gegeneraliseerd_2010.534c53f0-a3dd-42b3-aca8-4a6db0edc994"},"id":"WK059910"},{"arcs":[[4379,-4151,-4342,-3605,-3593,4380,-4379,-4376]],"type":"Polygon","properties":{"id":117636,"statcode":"WK059912","statnaam":"Wijk 12 IJsselmonde","jrstatcode":"2010WK059912","rubriek":"wijk","FID":"wijk_gegeneraliseerd_2010.7c4c6354-4b42-4998-8779-74610a9a9a08"},"id":"WK059912"},{"arcs":[[4381,4382]],"type":"Polygon","properties":{"id":117637,"statcode":"WK059913","statnaam":"Wijk 13 Pernis","jrstatcode":"2010WK059913","rubriek":"wijk","FID":"wijk_gegeneraliseerd_2010.4d7a283f-fd9a-4be7-b767-794c28755ea0"},"id":"WK059913"},{"arcs":[[-3700,-3675,-4152,-4380,-4375,-4369,4383,4384,4385,-3699,-3696,-3693,-3679,-3702,4386]],"type":"Polygon","properties":{"id":117638,"statcode":"WK059914","statnaam":"Wijk 14 Prins Alexander","jrstatcode":"2010WK059914","rubriek":"wijk","FID":"wijk_gegeneraliseerd_2010.f1f1d024-c2c0-431f-84bc-d1989c58adc9"},"id":"WK059914"},{"arcs":[[-3563,4387,4388,-4349,-4344,-4378,-4381,-3596]],"type":"Polygon","properties":{"id":117639,"statcode":"WK059915","statnaam":"Wijk 15 Charlois","jrstatcode":"2010WK059915","rubriek":"wijk","FID":"wijk_gegeneraliseerd_2010.b11a2d54-de81-48f1-ab9c-8611f0bb1fa8"},"id":"WK059915"},{"arcs":[[4389,4390,4391,4392,4393,4394,4395]],"type":"Polygon","properties":{"id":117640,"statcode":"WK059916","statnaam":"Wijk 16 Hoogvliet","jrstatcode":"2010WK059916","rubriek":"wijk","FID":"wijk_gegeneraliseerd_2010.4e3a5646-417d-4fbf-8c57-2045da326cf5"},"id":"WK059916"},{"arcs":[[4396,-4217,4397,4398,4399,4400]],"type":"Polygon","properties":{"id":117641,"statcode":"WK059917","statnaam":"Wijk 17 Hoek van Holland","jrstatcode":"2010WK059917","rubriek":"wijk","FID":"wijk_gegeneraliseerd_2010.2cb982e3-c462-429e-bfd6-cd8ddd7663e7"},"id":"WK059917"},{"arcs":[[-4367,-4353,4401,4402,-4357]],"type":"Polygon","properties":{"id":117642,"statcode":"WK059918","statnaam":"Wijk 18 Spaanse Polder","jrstatcode":"2010WK059918","rubriek":"wijk","FID":"wijk_gegeneraliseerd_2010.3b77ca31-88c7-48ef-b5d7-75aad643f312"},"id":"WK059918"},{"arcs":[[-4351,4403,4404,4405,4406]],"type":"Polygon","properties":{"id":117643,"statcode":"WK059919","statnaam":"Wijk 19 Nieuw Mathenesse","jrstatcode":"2010WK059919","rubriek":"wijk","FID":"wijk_gegeneraliseerd_2010.d91d24aa-44fb-40ba-a64e-ca1a68e6d8f8"},"id":"WK059919"},{"arcs":[[-4350,-4389,4407,4408,-4395,4409,-4382,4410,4411,-4404]],"type":"Polygon","properties":{"id":117644,"statcode":"WK059921","statnaam":"Wijk 21 Waalhaven","jrstatcode":"2010WK059921","rubriek":"wijk","FID":"wijk_gegeneraliseerd_2010.7ab9813c-524a-42dd-aff9-793221df1689"},"id":"WK059921"},{"arcs":[[4412,-4411,-4383,-4410,-4394,4413,4414,4415]],"type":"Polygon","properties":{"id":117645,"statcode":"WK059922","statnaam":"Wijk 22 Vondelingenplaat","jrstatcode":"2010WK059922","rubriek":"wijk","FID":"wijk_gegeneraliseerd_2010.bd56ce9e-3f32-4ca0-a1d4-03baa60c7350"},"id":"WK059922"},{"arcs":[[4416,-4414,-4393,4417,-4234,-4229,-3671,-3672,-3660,4418,4419,-4399,4420,-4215]],"type":"Polygon","properties":{"id":117646,"statcode":"WK059923","statnaam":"Wijk 23 Botlek","jrstatcode":"2010WK059923","rubriek":"wijk","FID":"wijk_gegeneraliseerd_2010.0adc6854-d389-4ff2-b7f6-dfb36fdc734a"},"id":"WK059923"},{"arcs":[[4421,-4359]],"type":"Polygon","properties":{"id":117647,"statcode":"WK059924","statnaam":"Wijk 24 Bedrijvenpark Noord-West","jrstatcode":"2010WK059924","rubriek":"wijk","FID":"wijk_gegeneraliseerd_2010.21a1f77d-ce2a-41d9-8aae-c80241d8ce96"},"id":"WK059924"},{"arcs":[[-3701,-4387]],"type":"Polygon","properties":{"id":117648,"statcode":"WK059925","statnaam":"Wijk 25 Rivium","jrstatcode":"2010WK059925","rubriek":"wijk","FID":"wijk_gegeneraliseerd_2010.5a0f1aee-ee26-4c4b-84a7-d7a70df1cc0b"},"id":"WK059925"},{"arcs":[[-4365]],"type":"Polygon","properties":{"id":117649,"statcode":"WK059926","statnaam":"Wijk 26 Bedrijventerrein Schieveen","jrstatcode":"2010WK059926","rubriek":"wijk","FID":"wijk_gegeneraliseerd_2010.422ca887-765b-48b4-bc0a-2bab4bf3bb75"},"id":"WK059926"},{"arcs":[[-4398,-4216,-4421]],"type":"Polygon","properties":{"id":117650,"statcode":"WK060000","statnaam":"Wijk 00","jrstatcode":"2010WK060000","rubriek":"wijk","FID":"wijk_gegeneraliseerd_2010.35d992eb-d668-4e16-8571-8153747c2df9"},"id":"WK060000"},{"arcs":[[-4040,4422,4423,-4026]],"type":"Polygon","properties":{"id":117651,"statcode":"WK060301","statnaam":"Wijk 01","jrstatcode":"2010WK060301","rubriek":"wijk","FID":"wijk_gegeneraliseerd_2010.532ae459-71a7-4f41-8369-b8aa9f223089"},"id":"WK060301"},{"arcs":[[4424,4425,4426,-4027,-4424]],"type":"Polygon","properties":{"id":117652,"statcode":"WK060302","statnaam":"Wijk 02","jrstatcode":"2010WK060302","rubriek":"wijk","FID":"wijk_gegeneraliseerd_2010.3ccdb07f-84f4-44d6-9046-3bb8dec4f14a"},"id":"WK060302"},{"arcs":[[-4427,4427,4428,-4028]],"type":"Polygon","properties":{"id":117653,"statcode":"WK060303","statnaam":"Wijk 03","jrstatcode":"2010WK060303","rubriek":"wijk","FID":"wijk_gegeneraliseerd_2010.b6d7d5c8-129a-4514-b2c0-7b86811cf955"},"id":"WK060303"},{"arcs":[[4429,4430,-4021,-4429]],"type":"Polygon","properties":{"id":117654,"statcode":"WK060304","statnaam":"Wijk 04","jrstatcode":"2010WK060304","rubriek":"wijk","FID":"wijk_gegeneraliseerd_2010.616a271b-d4a4-41c6-bec1-7d03a519d3f9"},"id":"WK060304"},{"arcs":[[4431,-4034,-4022,-4431]],"type":"Polygon","properties":{"id":117655,"statcode":"WK060305","statnaam":"Wijk 05","jrstatcode":"2010WK060305","rubriek":"wijk","FID":"wijk_gegeneraliseerd_2010.1e80d0c7-ba22-4fb7-a132-6c8817bb57da"},"id":"WK060305"},{"arcs":[[-4432,4432,4433,-3718,4434,4435,-4035]],"type":"Polygon","properties":{"id":117656,"statcode":"WK060306","statnaam":"Wijk 06","jrstatcode":"2010WK060306","rubriek":"wijk","FID":"wijk_gegeneraliseerd_2010.755e2b71-46d2-4080-ae40-e3071bb496ad"},"id":"WK060306"},{"arcs":[[-4430,4436,-4433]],"type":"Polygon","properties":{"id":117657,"statcode":"WK060307","statnaam":"Wijk 07","jrstatcode":"2010WK060307","rubriek":"wijk","FID":"wijk_gegeneraliseerd_2010.4e12a8cb-ead2-4101-9d58-3bde49d0fd26"},"id":"WK060307"},{"arcs":[[4437,-3707,-3713,-3719,-4434,-4437,-4428,-4426]],"type":"Polygon","properties":{"id":117658,"statcode":"WK060308","statnaam":"Wijk 08","jrstatcode":"2010WK060308","rubriek":"wijk","FID":"wijk_gegeneraliseerd_2010.a4fae211-5d7a-4adc-8812-66af53e529c2"},"id":"WK060308"},{"arcs":[[-3712,-4438,-4425,-4423,-4039]],"type":"Polygon","properties":{"id":117659,"statcode":"WK060309","statnaam":"Wijk 09","jrstatcode":"2010WK060309","rubriek":"wijk","FID":"wijk_gegeneraliseerd_2010.4eb3bd14-6a60-4368-962e-b89355fa5cef"},"id":"WK060309"},{"arcs":[[4438,4439,4440]],"type":"Polygon","properties":{"id":117660,"statcode":"WK060600","statnaam":"Wijk 00 Centrum","jrstatcode":"2010WK060600","rubriek":"wijk","FID":"wijk_gegeneraliseerd_2010.6f66d410-175b-44e5-addb-437f5bbc8f81"},"id":"WK060600"},{"arcs":[[4441,4442,4443,-4402,-4352,-4407,4444,-4439]],"type":"Polygon","properties":{"id":117661,"statcode":"WK060601","statnaam":"Wijk 01 Schiedam-Oost","jrstatcode":"2010WK060601","rubriek":"wijk","FID":"wijk_gegeneraliseerd_2010.09a8f955-0b09-4548-b753-e221498183a8"},"id":"WK060601"},{"arcs":[[4445,4446,4447,4448,-4440]],"type":"Polygon","properties":{"id":117662,"statcode":"WK060602","statnaam":"Wijk 02 Tussen Havens en Grachten","jrstatcode":"2010WK060602","rubriek":"wijk","FID":"wijk_gegeneraliseerd_2010.dc89dc74-25d5-43ee-bd12-65378e2594f2"},"id":"WK060602"},{"arcs":[[4449,4450,-4448]],"type":"Polygon","properties":{"id":117663,"statcode":"WK060603","statnaam":"Wijk 03 Schiedam-West","jrstatcode":"2010WK060603","rubriek":"wijk","FID":"wijk_gegeneraliseerd_2010.a1172f4e-bcd7-4165-8aaf-e666d4d3318f"},"id":"WK060603"},{"arcs":[[-4405,-4412,-4413,4451,4452,4453,-4450,-4447,4454]],"type":"Polygon","properties":{"id":117664,"statcode":"WK060604","statnaam":"Wijk 04 Schiedam-Zuid","jrstatcode":"2010WK060604","rubriek":"wijk","FID":"wijk_gegeneraliseerd_2010.c243b80b-43d8-4c37-900b-8d1035906a5f"},"id":"WK060604"},{"arcs":[[-4445,-4406,-4455,-4446]],"type":"Polygon","properties":{"id":117665,"statcode":"WK060605","statnaam":"Wijk 05 Nieuw Mathenesse","jrstatcode":"2010WK060605","rubriek":"wijk","FID":"wijk_gegeneraliseerd_2010.9ec80441-2a45-4883-a72c-ba73cb48d8e9"},"id":"WK060605"},{"arcs":[[-4442,-4441,-4449,-4451,-4454,4455]],"type":"Polygon","properties":{"id":117666,"statcode":"WK060606","statnaam":"Wijk 06 Nieuwland","jrstatcode":"2010WK060606","rubriek":"wijk","FID":"wijk_gegeneraliseerd_2010.a260fe06-b65d-489b-adfe-0636bd29e839"},"id":"WK060606"},{"arcs":[[4456,4457,4458,4459,-4443,-4456,-4453,4460,4461]],"type":"Polygon","properties":{"id":117667,"statcode":"WK060607","statnaam":"Wijk 07 Kethel-Bijdorp-Groenoord","jrstatcode":"2010WK060607","rubriek":"wijk","FID":"wijk_gegeneraliseerd_2010.059d2f84-25cf-4b68-8c17-7fc946d1e3b6"},"id":"WK060607"},{"arcs":[[-4422,-4358,-4403,-4444,-4460,4462,-4360]],"type":"Polygon","properties":{"id":117668,"statcode":"WK060608","statnaam":"Wijk 08 Industriegebied ten noorden van Rijksweg 20","jrstatcode":"2010WK060608","rubriek":"wijk","FID":"wijk_gegeneraliseerd_2010.89bd23be-2516-4829-ac73-47765b157f8d"},"id":"WK060608"},{"arcs":[[-4459,4463,4464,-4361,-4463]],"type":"Polygon","properties":{"id":117669,"statcode":"WK060609","statnaam":"Wijk 09 Landbouwgebied/Woudhoek-Spaland","jrstatcode":"2010WK060609","rubriek":"wijk","FID":"wijk_gegeneraliseerd_2010.93058377-af96-4a00-8391-3f20f6cb45b4"},"id":"WK060609"},{"arcs":[[-2437,4465,4466,4467,-3613,-3611,4468]],"type":"Polygon","properties":{"id":117670,"statcode":"WK060800","statnaam":"Wijk 00","jrstatcode":"2010WK060800","rubriek":"wijk","FID":"wijk_gegeneraliseerd_2010.776549eb-642e-4d43-8748-49db7bc03978"},"id":"WK060800"},{"arcs":[[-3797,-3774,-4329,4469,4470]],"type":"Polygon","properties":{"id":117671,"statcode":"WK061001","statnaam":"Wijk 01 Sliedrecht-West","jrstatcode":"2010WK061001","rubriek":"wijk","FID":"wijk_gegeneraliseerd_2010.fdb436e1-1393-4f6d-85b7-8c5529d3948a"},"id":"WK061001"},{"arcs":[[4471,4472,-3798,-4471]],"type":"Polygon","properties":{"id":117672,"statcode":"WK061002","statnaam":"Wijk 02 Sliedrecht-Centrum","jrstatcode":"2010WK061002","rubriek":"wijk","FID":"wijk_gegeneraliseerd_2010.0e2ab631-14dc-48a8-b864-088806dd7c88"},"id":"WK061002"},{"arcs":[[-4473,4473,-4055,-3799]],"type":"Polygon","properties":{"id":117673,"statcode":"WK061003","statnaam":"Wijk 03 Sliedrecht-Oost","jrstatcode":"2010WK061003","rubriek":"wijk","FID":"wijk_gegeneraliseerd_2010.58e1056c-d052-4d26-8f47-9935e2bc80e0"},"id":"WK061003"},{"arcs":[[-4474,-4472,-4470,-4328,4474,-4056]],"type":"Polygon","properties":{"id":117674,"statcode":"WK061004","statnaam":"Wijk 04 Sliedrecht-Noord","jrstatcode":"2010WK061004","rubriek":"wijk","FID":"wijk_gegeneraliseerd_2010.f68cdc13-200c-4996-a5be-3b7cdf0efaf5"},"id":"WK061004"},{"arcs":[[4475,4476,-4313,4477]],"type":"Polygon","properties":{"id":117675,"statcode":"WK061100","statnaam":"Wijk 00 Numansdorp","jrstatcode":"2010WK061100","rubriek":"wijk","FID":"wijk_gegeneraliseerd_2010.fb27e1bf-fca1-4639-8c23-7413fdfe077c"},"id":"WK061100"},{"arcs":[[4478,-4478,-4312,-4301,-4276,-4292]],"type":"Polygon","properties":{"id":117676,"statcode":"WK061101","statnaam":"Wijk 01 Klaaswaal","jrstatcode":"2010WK061101","rubriek":"wijk","FID":"wijk_gegeneraliseerd_2010.67e8683b-8f7e-4b61-bbd4-f4b3df343d71"},"id":"WK061101"},{"arcs":[[4479,4480,4481,4482,4483,4484]],"type":"Polygon","properties":{"id":117677,"statcode":"WK061200","statnaam":"Wijk 00 Centrum","jrstatcode":"2010WK061200","rubriek":"wijk","FID":"wijk_gegeneraliseerd_2010.63a279f2-ef21-4d06-9f88-7ee699b32c08"},"id":"WK061200"},{"arcs":[[-4484,4485]],"type":"Polygon","properties":{"id":117678,"statcode":"WK061201","statnaam":"Wijk 01 Schiekamp","jrstatcode":"2010WK061201","rubriek":"wijk","FID":"wijk_gegeneraliseerd_2010.d6e04b79-0fcd-4a8a-86e7-8a265742dfde"},"id":"WK061201"},{"arcs":[[4486,4487,4488,4489]],"type":"Polygon","properties":{"id":117679,"statcode":"WK061202","statnaam":"Wijk 02 Maaswijk","jrstatcode":"2010WK061202","rubriek":"wijk","FID":"wijk_gegeneraliseerd_2010.e96c4ccf-9aae-4fc9-943e-038392a86072"},"id":"WK061202"},{"arcs":[[4490,4491,4492,4493,-4481]],"type":"Polygon","properties":{"id":117680,"statcode":"WK061203","statnaam":"Wijk 03 Sterrenkwartier","jrstatcode":"2010WK061203","rubriek":"wijk","FID":"wijk_gegeneraliseerd_2010.fd8a0562-74b6-45db-a856-7eb32eeab351"},"id":"WK061203"},{"arcs":[[4494,-4488,4495,4496,-4491,-4480]],"type":"Polygon","properties":{"id":117681,"statcode":"WK061204","statnaam":"Wijk 04 Groenewoud en Gildenwijk","jrstatcode":"2010WK061204","rubriek":"wijk","FID":"wijk_gegeneraliseerd_2010.3624e5d3-7745-4cc6-9f56-0a541b73c59d"},"id":"WK061204"},{"arcs":[[4497,-4496,-4487,4498]],"type":"Polygon","properties":{"id":117682,"statcode":"WK061205","statnaam":"Wijk 05 Waterland","jrstatcode":"2010WK061205","rubriek":"wijk","FID":"wijk_gegeneraliseerd_2010.832b5985-201a-4274-af2f-a9fcdc4091ca"},"id":"WK061205"},{"arcs":[[-4494,4499,-4482]],"type":"Polygon","properties":{"id":117683,"statcode":"WK061206","statnaam":"Wijk 06 De Hoek","jrstatcode":"2010WK061206","rubriek":"wijk","FID":"wijk_gegeneraliseerd_2010.4cb27b10-ef1b-4bed-bab7-77c776bc1807"},"id":"WK061206"},{"arcs":[[-4492,-4497,-4498,4500]],"type":"Polygon","properties":{"id":117684,"statcode":"WK061207","statnaam":"Wijk 07 Akkers-Vriesland-Vogelenzang","jrstatcode":"2010WK061207","rubriek":"wijk","FID":"wijk_gegeneraliseerd_2010.d7c1af4d-3981-48c7-828a-cb55fdc366f1"},"id":"WK061207"},{"arcs":[[-4495,-4485,4501,-4391,4502,-4489]],"type":"Polygon","properties":{"id":117685,"statcode":"WK061208","statnaam":"Wijk 08 Schenkel en De Elementen","jrstatcode":"2010WK061208","rubriek":"wijk","FID":"wijk_gegeneraliseerd_2010.fcf4c8e4-4243-4218-981c-fe3192c69a42"},"id":"WK061208"},{"arcs":[[-4483,-4500,-4493,-4501,-4499,-4490,-4503,-4390,4503,4504,-4278,-4304,-4305,-4230,-4418,-4392,-4502,-4486]],"type":"Polygon","properties":{"id":117686,"statcode":"WK061209","statnaam":"Wijk 09 Hekelingen en buitengebied","jrstatcode":"2010WK061209","rubriek":"wijk","FID":"wijk_gegeneraliseerd_2010.97e08637-3c0c-4ea2-9a91-237ccce7ae3b"},"id":"WK061209"},{"arcs":[[-3602,-4283,-4279,-4505,4505,-4408,-4388,-3568,-3588,-3586]],"type":"Polygon","properties":{"id":117687,"statcode":"WK061300","statnaam":"Wijk 00 Rhoon","jrstatcode":"2010WK061300","rubriek":"wijk","FID":"wijk_gegeneraliseerd_2010.d67f7958-1453-452b-9727-dfcde52300e2"},"id":"WK061300"},{"arcs":[[-4396,-4409,-4506,-4504]],"type":"Polygon","properties":{"id":117688,"statcode":"WK061302","statnaam":"Wijk 02 Poortugaal","jrstatcode":"2010WK061302","rubriek":"wijk","FID":"wijk_gegeneraliseerd_2010.15437624-932a-4f6c-8e14-089ba700e314"},"id":"WK061302"},{"arcs":[[-4095,4506,4507]],"type":"Polygon","properties":{"id":117689,"statcode":"WK061400","statnaam":"Wijk 00 Rockanje","jrstatcode":"2010WK061400","rubriek":"wijk","FID":"wijk_gegeneraliseerd_2010.af2b5b17-cc7c-4c5f-b034-874eb4dc680f"},"id":"WK061400"},{"arcs":[[4508,-4419,-3663,-3667,-4096,-4508]],"type":"Polygon","properties":{"id":117690,"statcode":"WK061401","statnaam":"Wijk 01 Oostvoorne","jrstatcode":"2010WK061401","rubriek":"wijk","FID":"wijk_gegeneraliseerd_2010.c5c2c56f-7f2b-457e-9e22-ca7087b816f2"},"id":"WK061401"},{"arcs":[[-4479,-4291,-4294,-4300,-3795,4509,-4476]],"type":"Polygon","properties":{"id":117691,"statcode":"WK061700","statnaam":"Wijk 00 Strijen en buitengebied","jrstatcode":"2010WK061700","rubriek":"wijk","FID":"wijk_gegeneraliseerd_2010.08aa9094-2585-4d1f-b943-1d6501693749"},"id":"WK061700"},{"arcs":[[4510,4511,4512,-2443,-2574,-2592,4513]],"type":"Polygon","properties":{"id":117692,"statcode":"WK062000","statnaam":"Wijk 00 Vianen","jrstatcode":"2010WK062000","rubriek":"wijk","FID":"wijk_gegeneraliseerd_2010.9b89b081-3004-4c6e-a001-e7a409ce5085"},"id":"WK062000"},{"arcs":[[-2591,-2400,-2407,4514,-4514]],"type":"Polygon","properties":{"id":117693,"statcode":"WK062001","statnaam":"Wijk 01 Hagestein","jrstatcode":"2010WK062001","rubriek":"wijk","FID":"wijk_gegeneraliseerd_2010.675e9cef-4520-4f98-8ca5-8370f5ae7cbe"},"id":"WK062001"},{"arcs":[[-4159,-4511,-4515,-2406,-1743]],"type":"Polygon","properties":{"id":117694,"statcode":"WK062002","statnaam":"Wijk 02 Everdingen","jrstatcode":"2010WK062002","rubriek":"wijk","FID":"wijk_gegeneraliseerd_2010.59161165-2934-4b2d-b162-d736b462c35c"},"id":"WK062002"},{"arcs":[[4515,4516,4517,4518,4519]],"type":"Polygon","properties":{"id":117695,"statcode":"WK062201","statnaam":"Wijk 01 Centrum","jrstatcode":"2010WK062201","rubriek":"wijk","FID":"wijk_gegeneraliseerd_2010.df2731c0-063b-4be4-9a32-bb5920998f53"},"id":"WK062201"},{"arcs":[[-4213,4520,4521,-4517,4522]],"type":"Polygon","properties":{"id":117696,"statcode":"WK062202","statnaam":"Wijk 02 Westwijk","jrstatcode":"2010WK062202","rubriek":"wijk","FID":"wijk_gegeneraliseerd_2010.406e6a1c-6139-4356-8298-267a2f23e6f0"},"id":"WK062202"},{"arcs":[[-4214,-4523,-4516,4523,-4415,-4417]],"type":"Polygon","properties":{"id":117697,"statcode":"WK062203","statnaam":"Wijk 03 Vettenoordse Polder","jrstatcode":"2010WK062203","rubriek":"wijk","FID":"wijk_gegeneraliseerd_2010.9307c024-ff3c-42de-96b5-7984d6bcfcc1"},"id":"WK062203"},{"arcs":[[-4461,-4452,-4416,-4524,-4520,4524]],"type":"Polygon","properties":{"id":117698,"statcode":"WK062204","statnaam":"Wijk 04 Oostwijk","jrstatcode":"2010WK062204","rubriek":"wijk","FID":"wijk_gegeneraliseerd_2010.104b9686-fcec-4851-b489-24634b9e66b1"},"id":"WK062204"},{"arcs":[[-4462,-4525,-4519,4525]],"type":"Polygon","properties":{"id":117699,"statcode":"WK062205","statnaam":"Wijk 05 Vlaardinger Ambacht","jrstatcode":"2010WK062205","rubriek":"wijk","FID":"wijk_gegeneraliseerd_2010.66c4405a-6a29-4fe3-a44c-1efa8a78655b"},"id":"WK062205"},{"arcs":[[4526,-4457,-4526,4527]],"type":"Polygon","properties":{"id":117700,"statcode":"WK062206","statnaam":"Wijk 06 Holy-Zuid","jrstatcode":"2010WK062206","rubriek":"wijk","FID":"wijk_gegeneraliseerd_2010.556eae44-ce03-4416-a984-2b7eee28bd99"},"id":"WK062206"},{"arcs":[[4528,4529,-4464,-4458,-4527]],"type":"Polygon","properties":{"id":117701,"statcode":"WK062207","statnaam":"Wijk 07 Holy-Noord","jrstatcode":"2010WK062207","rubriek":"wijk","FID":"wijk_gegeneraliseerd_2010.856a19c2-8e37-434f-9262-154fe2e449aa"},"id":"WK062207"},{"arcs":[[-4529,-4528,-4518,-4522,4530,4531]],"type":"Polygon","properties":{"id":117702,"statcode":"WK062208","statnaam":"Wijk 08 Broekpolder","jrstatcode":"2010WK062208","rubriek":"wijk","FID":"wijk_gegeneraliseerd_2010.c1c52d03-ab42-48fc-8a3f-35aac6997208"},"id":"WK062208"},{"arcs":[[-4321,4532,4533,4534,-3904,-3903,-4336,-4324],[4535]],"type":"Polygon","properties":{"id":117703,"statcode":"WK062300","statnaam":"Wijk 00 Haastrecht","jrstatcode":"2010WK062300","rubriek":"wijk","FID":"wijk_gegeneraliseerd_2010.80ee458c-9b3b-4136-8b67-82b2d2cd7469"},"id":"WK062300"},{"arcs":[[-4536]],"type":"Polygon","properties":{"id":117704,"statcode":"WK062301","statnaam":"Wijk 01 Bergvliet","jrstatcode":"2010WK062301","rubriek":"wijk","FID":"wijk_gegeneraliseerd_2010.a79270f9-a462-4edc-ac7a-61aee1e09e5d"},"id":"WK062301"},{"arcs":[[-3609,-3623,4536,-4534,4537]],"type":"Polygon","properties":{"id":117705,"statcode":"WK062302","statnaam":"Wijk 02 Stolwijk","jrstatcode":"2010WK062302","rubriek":"wijk","FID":"wijk_gegeneraliseerd_2010.3b6bd8c8-5fa1-4298-b8c1-59aec78d93ef"},"id":"WK062302"},{"arcs":[[-2438,-4469,-3610,-4538,-4533,-4320]],"type":"Polygon","properties":{"id":117706,"statcode":"WK062303","statnaam":"Wijk 03 Vlist","jrstatcode":"2010WK062303","rubriek":"wijk","FID":"wijk_gegeneraliseerd_2010.4b986996-3c22-4722-bc0a-fca97e725685"},"id":"WK062303"},{"arcs":[[-4184,4538,4539,4540,4541,-4194]],"type":"Polygon","properties":{"id":117707,"statcode":"WK062600","statnaam":"Wijk 00","jrstatcode":"2010WK062600","rubriek":"wijk","FID":"wijk_gegeneraliseerd_2010.cacd025a-35e3-4733-ba50-b8083901b2e6"},"id":"WK062600"},{"arcs":[[-4334,-3893,-3891,-3908,4542,4543,4544,4545,4546,-3658,-4333]],"type":"Polygon","properties":{"id":117708,"statcode":"WK062700","statnaam":"Wijk 00","jrstatcode":"2010WK062700","rubriek":"wijk","FID":"wijk_gegeneraliseerd_2010.b8d5e3cb-be61-476a-b82d-279709f375e4"},"id":"WK062700"},{"arcs":[[-3981,-3921,-3910,4547,4548,-4541,4549,-3990]],"type":"Polygon","properties":{"id":117709,"statcode":"WK062900","statnaam":"Wijk 00 Zuidwestelijk deel der gemeente","jrstatcode":"2010WK062900","rubriek":"wijk","FID":"wijk_gegeneraliseerd_2010.6b95b476-682a-42d8-8830-936c82d7580b"},"id":"WK062900"},{"arcs":[[4550,-4136,-4146,-4193,-4542,-4549]],"type":"Polygon","properties":{"id":117710,"statcode":"WK062901","statnaam":"Wijk 01 Noordoostelijk deel der gemeente","jrstatcode":"2010WK062901","rubriek":"wijk","FID":"wijk_gegeneraliseerd_2010.b2001c69-077d-4d0d-a920-18d888713aa1"},"id":"WK062901"},{"arcs":[[4551,-2465,-4338,4552,4553]],"type":"Polygon","properties":{"id":117711,"statcode":"WK063200","statnaam":"Wijk 00 Woerden-Midden","jrstatcode":"2010WK063200","rubriek":"wijk","FID":"wijk_gegeneraliseerd_2010.59871ce4-a752-4b79-81b9-c7584ad10c5c"},"id":"WK063200"},{"arcs":[[-4339,-3639,-3637,-3625,4554,4555,-4553]],"type":"Polygon","properties":{"id":117712,"statcode":"WK063201","statnaam":"Wijk 01 Woerden-West","jrstatcode":"2010WK063201","rubriek":"wijk","FID":"wijk_gegeneraliseerd_2010.153ec0b4-fb39-4ba0-8e79-2ad33c277ccb"},"id":"WK063201"},{"arcs":[[-2466,-4552,4556,4557]],"type":"Polygon","properties":{"id":117713,"statcode":"WK063202","statnaam":"Wijk 02 Woerden-Oost","jrstatcode":"2010WK063202","rubriek":"wijk","FID":"wijk_gegeneraliseerd_2010.db894695-f806-4c04-a074-916ff307c93c"},"id":"WK063202"},{"arcs":[[4558,-4555,-3624,-4241]],"type":"Polygon","properties":{"id":117714,"statcode":"WK063203","statnaam":"Wijk 03 Zegveld","jrstatcode":"2010WK063203","rubriek":"wijk","FID":"wijk_gegeneraliseerd_2010.3f6d5836-79c2-4f4e-b41b-2f1c7e5d7c27"},"id":"WK063203"},{"arcs":[[4559,-4557,-4554,-4556,-4559,-4240,4560,-2374]],"type":"Polygon","properties":{"id":117715,"statcode":"WK063204","statnaam":"Wijk 04 Kamerik","jrstatcode":"2010WK063204","rubriek":"wijk","FID":"wijk_gegeneraliseerd_2010.c1376534-b52a-4fa1-883f-f04f54ea8c23"},"id":"WK063204"},{"arcs":[[-4560,-2373,-2543,-2467,-4558]],"type":"Polygon","properties":{"id":117716,"statcode":"WK063205","statnaam":"Wijk 05 Harmelen","jrstatcode":"2010WK063205","rubriek":"wijk","FID":"wijk_gegeneraliseerd_2010.31d55f4c-9445-43f7-9d5f-03c9fdf7aa6b"},"id":"WK063205"},{"arcs":[[4561,4562,4563,4564,4565]],"type":"Polygon","properties":{"id":117717,"statcode":"WK063700","statnaam":"Wijk 00 Centrum","jrstatcode":"2010WK063700","rubriek":"wijk","FID":"wijk_gegeneraliseerd_2010.9ecda3ba-6a20-4751-9e49-e40e70367de7"},"id":"WK063700"},{"arcs":[[-4563,4566,4567,4568]],"type":"Polygon","properties":{"id":117718,"statcode":"WK063701","statnaam":"Wijk 01 Meerzicht","jrstatcode":"2010WK063701","rubriek":"wijk","FID":"wijk_gegeneraliseerd_2010.6e405934-155b-4c8c-b681-a0907aa77dfd"},"id":"WK063701"},{"arcs":[[4569,4570,-4564,-4569,4571]],"type":"Polygon","properties":{"id":117719,"statcode":"WK063702","statnaam":"Wijk 02 Buytenwegh - De Leyens","jrstatcode":"2010WK063702","rubriek":"wijk","FID":"wijk_gegeneraliseerd_2010.7fe4cfda-5367-4ef7-b2f6-4389b5cdfd10"},"id":"WK063702"},{"arcs":[[4572,-4565,-4571,4573]],"type":"Polygon","properties":{"id":117720,"statcode":"WK063703","statnaam":"Wijk 03 Seghwaert","jrstatcode":"2010WK063703","rubriek":"wijk","FID":"wijk_gegeneraliseerd_2010.01c7ad14-32bd-4571-af05-f85ef24e8246"},"id":"WK063703"},{"arcs":[[4574,-4574,-4570,4575,4576]],"type":"Polygon","properties":{"id":117721,"statcode":"WK063704","statnaam":"Wijk 04 Noordhove","jrstatcode":"2010WK063704","rubriek":"wijk","FID":"wijk_gegeneraliseerd_2010.53fe3ac2-e70a-4bb6-a834-26a43f10cbb7"},"id":"WK063704"},{"arcs":[[4577,4578,4579,-4567,-4562,4580]],"type":"Polygon","properties":{"id":117722,"statcode":"WK063705","statnaam":"Wijk 05 Rokkeveen","jrstatcode":"2010WK063705","rubriek":"wijk","FID":"wijk_gegeneraliseerd_2010.7f02ab23-bb21-4cf9-8f77-4f7213312023"},"id":"WK063705"},{"arcs":[[4581,4582,-4575,4583,4584]],"type":"Polygon","properties":{"id":117723,"statcode":"WK063706","statnaam":"Wijk 06 Oosterheem","jrstatcode":"2010WK063706","rubriek":"wijk","FID":"wijk_gegeneraliseerd_2010.decc1809-b5a2-4c18-bd4a-88fc9bc731d8"},"id":"WK063706"},{"arcs":[[4585,4586,-4581,-4566,-4573,-4583,4587]],"type":"Polygon","properties":{"id":117724,"statcode":"WK063708","statnaam":"Wijk 08 Industriegebied","jrstatcode":"2010WK063708","rubriek":"wijk","FID":"wijk_gegeneraliseerd_2010.67fc84f8-a234-498e-b537-68378e2374b4"},"id":"WK063708"},{"arcs":[[[-4568,-4580,4588,4589,-4051,4590,4591,4592,-4576,-4572]],[[-4582,4593,-4588]]],"type":"MultiPolygon","properties":{"id":117725,"statcode":"WK063709","statnaam":"Wijk 09 Buitengebied","jrstatcode":"2010WK063709","rubriek":"wijk","FID":"wijk_gegeneraliseerd_2010.5c0ef3d5-83d1-4a6f-bcb4-bbf9d82042ad"},"id":"WK063709"},{"arcs":[[-4178,4594,4595,4596,-4592,4597,-4182]],"type":"Polygon","properties":{"id":117726,"statcode":"WK063800","statnaam":"Wijk 00 Zoeterwoude","jrstatcode":"2010WK063800","rubriek":"wijk","FID":"wijk_gegeneraliseerd_2010.9701b2f2-2164-4e2c-af9c-0e0000fd29be"},"id":"WK063800"},{"arcs":[[-4203,4598,-4595,-4177]],"type":"Polygon","properties":{"id":117727,"statcode":"WK063801","statnaam":"Wijk 01 Hoge Rijndijk","jrstatcode":"2010WK063801","rubriek":"wijk","FID":"wijk_gegeneraliseerd_2010.d302d419-76c9-4bd9-a61b-8969992fed8e"},"id":"WK063801"},{"arcs":[[-4330,-3760,4599,4600,-4106,-4112]],"type":"Polygon","properties":{"id":117728,"statcode":"WK064201","statnaam":"Wijk 01 Walburg","jrstatcode":"2010WK064201","rubriek":"wijk","FID":"wijk_gegeneraliseerd_2010.2fbb1d86-e020-482a-9232-cda0c885df40"},"id":"WK064201"},{"arcs":[[-4600,-3759,4601,4602,4603]],"type":"Polygon","properties":{"id":117729,"statcode":"WK064202","statnaam":"Wijk 02 Centrum","jrstatcode":"2010WK064202","rubriek":"wijk","FID":"wijk_gegeneraliseerd_2010.3695451e-0416-4e82-9c68-e9bdf9687d23"},"id":"WK064202"},{"arcs":[[-4107,-4601,-4604,4604,4605,-4102]],"type":"Polygon","properties":{"id":117730,"statcode":"WK064203","statnaam":"Wijk 03 Noord","jrstatcode":"2010WK064203","rubriek":"wijk","FID":"wijk_gegeneraliseerd_2010.cdefd482-7cc4-4d0d-8eb0-0a9f6f3bfe02"},"id":"WK064203"},{"arcs":[[4606,4607,4608]],"type":"Polygon","properties":{"id":117731,"statcode":"WK064204","statnaam":"Wijk 04 Heer Oudelands Ambacht","jrstatcode":"2010WK064204","rubriek":"wijk","FID":"wijk_gegeneraliseerd_2010.ca9a8574-2bcc-46cf-908f-50a207f92bf9"},"id":"WK064204"},{"arcs":[[4609,-4605,-4603,4610,4611,-4609]],"type":"Polygon","properties":{"id":117732,"statcode":"WK064205","statnaam":"Wijk 05 Kort Ambacht","jrstatcode":"2010WK064205","rubriek":"wijk","FID":"wijk_gegeneraliseerd_2010.3c32c2b5-bc67-4383-b623-5ac9c1737fca"},"id":"WK064205"},{"arcs":[[4612,-4607,-4612]],"type":"Polygon","properties":{"id":117733,"statcode":"WK064206","statnaam":"Wijk 06 Nederhoven","jrstatcode":"2010WK064206","rubriek":"wijk","FID":"wijk_gegeneraliseerd_2010.c6505938-5568-4f87-890b-ac711092714c"},"id":"WK064206"},{"arcs":[[-4611,-4602,-3789,-4299,-4298,4613,-4340,-4109,-4103,-4606,-4610,-4608,-4613]],"type":"Polygon","properties":{"id":117734,"statcode":"WK064207","statnaam":"Wijk 07 Verspreide bebouwing","jrstatcode":"2010WK064207","rubriek":"wijk","FID":"wijk_gegeneraliseerd_2010.0452a7c3-d488-4f16-8862-23875c1926aa"},"id":"WK064207"},{"arcs":[[-3599,4614]],"type":"Polygon","properties":{"id":117735,"statcode":"WK064208","statnaam":"Wijk 08 Bebouwde kom Heerjansdam","jrstatcode":"2010WK064208","rubriek":"wijk","FID":"wijk_gegeneraliseerd_2010.77ae1095-5b09-4ede-a4bf-f35aaf5846b4"},"id":"WK064208"},{"arcs":[[-3598,-4341,-4614,-4297,-4284,-3600,-4615]],"type":"Polygon","properties":{"id":117736,"statcode":"WK064209","statnaam":"Wijk 09 Landelijk gebied Heerjansdam","jrstatcode":"2010WK064209","rubriek":"wijk","FID":"wijk_gegeneraliseerd_2010.c680a6ad-e95e-4e3c-b78c-8c574a901ee9"},"id":"WK064209"},{"arcs":[[4615,-4148,4616,-3620,-3607,-3617,4617,-4255]],"type":"Polygon","properties":{"id":117737,"statcode":"WK064300","statnaam":"Wijk 00 Lekkerkerk","jrstatcode":"2010WK064300","rubriek":"wijk","FID":"wijk_gegeneraliseerd_2010.a9b17301-13f0-4cc3-a222-7a801ed7176f"},"id":"WK064300"},{"arcs":[[-4254,-4343,-4149,-4616]],"type":"Polygon","properties":{"id":117738,"statcode":"WK064301","statnaam":"Wijk 01 Krimpen aan de Lek","jrstatcode":"2010WK064301","rubriek":"wijk","FID":"wijk_gegeneraliseerd_2010.93cea91d-15d3-4133-a5f9-2b492b3c35c9"},"id":"WK064301"},{"arcs":[[-3621,-4617,-4147,-3689,4618,4619,4620]],"type":"Polygon","properties":{"id":117739,"statcode":"WK064400","statnaam":"Wijk 00 Ouderkerk aan de Ijssel","jrstatcode":"2010WK064400","rubriek":"wijk","FID":"wijk_gegeneraliseerd_2010.58cd7659-f774-493f-838a-2b6e139c0d9f"},"id":"WK064400"},{"arcs":[[-4535,-4537,-3622,-4621,4621,-3906,-3887,-3905]],"type":"Polygon","properties":{"id":117740,"statcode":"WK064401","statnaam":"Wijk 01 Gouderak","jrstatcode":"2010WK064401","rubriek":"wijk","FID":"wijk_gegeneraliseerd_2010.38fe9499-7008-4133-9abf-8307dd798a5f"},"id":"WK064401"},{"arcs":[[4622,-312,-618,4623,4624,4625]],"type":"Polygon","properties":{"id":117741,"statcode":"WK065300","statnaam":"Wijk 00 Noordoost","jrstatcode":"2010WK065300","rubriek":"wijk","FID":"wijk_gegeneraliseerd_2010.635f5a46-cc77-4601-a303-8978f8d53698"},"id":"WK065300"},{"arcs":[[4626,4627,-4626,4628,4629,-741,-738]],"type":"Polygon","properties":{"id":117742,"statcode":"WK065301","statnaam":"Wijk 01","jrstatcode":"2010WK065301","rubriek":"wijk","FID":"wijk_gegeneraliseerd_2010.be86aadb-8de5-49b2-a3a7-05761f67a933"},"id":"WK065301"},{"arcs":[[-4630,4630,4631,-742]],"type":"Polygon","properties":{"id":117743,"statcode":"WK065302","statnaam":"Wijk 02 Noordwest","jrstatcode":"2010WK065302","rubriek":"wijk","FID":"wijk_gegeneraliseerd_2010.a0ae1196-e7fe-47ad-a0ef-be9484548e8c"},"id":"WK065302"},{"arcs":[[4632,-4631,-4629,-4625]],"type":"Polygon","properties":{"id":117744,"statcode":"WK065303","statnaam":"Wijk 03 Zuid","jrstatcode":"2010WK065303","rubriek":"wijk","FID":"wijk_gegeneraliseerd_2010.302eae1f-df4a-4ef3-a3d6-750d6761d182"},"id":"WK065303"},{"arcs":[[4633,4634,4635,4636,4637,4638,4639,4640,4641,4642,4643,4644,4645,4646]],"type":"Polygon","properties":{"id":117745,"statcode":"WK065400","statnaam":"Wijk 00 Borsele-West","jrstatcode":"2010WK065400","rubriek":"wijk","FID":"wijk_gegeneraliseerd_2010.8c7e9851-bf63-43d3-afe0-2924d25cfba0"},"id":"WK065400"},{"arcs":[[4649,4650,4651,4652,4653,-4634,4654,4655,4656,4657]],"type":"Polygon","properties":{"id":117746,"statcode":"WK065401","statnaam":"Wijk 01 Borsele-Oost","jrstatcode":"2010WK065401","rubriek":"wijk","FID":"wijk_gegeneraliseerd_2010.94ceacef-bca6-41eb-a1c8-59c68574ed6b"},"id":"WK065401"},{"arcs":[[[4658,4659,-4652]],[[-4654,4660,-4635]]],"type":"MultiPolygon","properties":{"id":117747,"statcode":"WK065402","statnaam":"Wijk 02 Borsele-Midden en -Oost","jrstatcode":"2010WK065402","rubriek":"wijk","FID":"wijk_gegeneraliseerd_2010.559110f0-16e2-4e06-937f-7738803610d6"},"id":"WK065402"},{"arcs":[[-4653,-4660,4661,-4636,-4661]],"type":"Polygon","properties":{"id":117748,"statcode":"WK065403","statnaam":"Wijk 03 Borsele-Zuidoost","jrstatcode":"2010WK065403","rubriek":"wijk","FID":"wijk_gegeneraliseerd_2010.75c02c00-03a6-40dc-8650-f3937be12198"},"id":"WK065403"},{"arcs":[[4662,4663,-4657,4664]],"type":"Polygon","properties":{"id":117749,"statcode":"WK066401","statnaam":"Wijk 01 Goes","jrstatcode":"2010WK066401","rubriek":"wijk","FID":"wijk_gegeneraliseerd_2010.68ea1715-c4ec-42e8-b047-b0ceb10864dc"},"id":"WK066401"},{"arcs":[[4665,4666,4667,4668,-4663]],"type":"Polygon","properties":{"id":117750,"statcode":"WK066402","statnaam":"Wijk 02 Wilhelminadorp","jrstatcode":"2010WK066402","rubriek":"wijk","FID":"wijk_gegeneraliseerd_2010.45640052-dadd-4a38-ad20-36e00fba4682"},"id":"WK066402"},{"arcs":[[-4658,-4664,-4669,4669,4670]],"type":"Polygon","properties":{"id":117751,"statcode":"WK066403","statnaam":"Wijk 03 Kloetinge","jrstatcode":"2010WK066403","rubriek":"wijk","FID":"wijk_gegeneraliseerd_2010.0a1ad3cc-2adb-4265-b49d-410e4db5a861"},"id":"WK066403"},{"arcs":[[4671,4672,4673,-4670,-4668]],"type":"Polygon","properties":{"id":117752,"statcode":"WK066404","statnaam":"Wijk 04 Kattendijke","jrstatcode":"2010WK066404","rubriek":"wijk","FID":"wijk_gegeneraliseerd_2010.170d130e-acac-4a68-83ce-efebdcfa98c0"},"id":"WK066404"},{"arcs":[[4674,4675,4676,-4655,-4647,4677]],"type":"Polygon","properties":{"id":117753,"statcode":"WK066405","statnaam":"Wijk 05 's-Heer-Arendskerke","jrstatcode":"2010WK066405","rubriek":"wijk","FID":"wijk_gegeneraliseerd_2010.5af7edd5-87e7-4b29-895b-c0f852419f86"},"id":"WK066405"},{"arcs":[[4678,-4676,4679]],"type":"Polygon","properties":{"id":117754,"statcode":"WK066406","statnaam":"Wijk 06 Eindewege","jrstatcode":"2010WK066406","rubriek":"wijk","FID":"wijk_gegeneraliseerd_2010.5382d3b3-8954-44a4-8147-f935ffed7907"},"id":"WK066406"},{"arcs":[[-4665,-4656,-4677,-4679,4680]],"type":"Polygon","properties":{"id":117755,"statcode":"WK066407","statnaam":"Wijk 07 's-Heer-Hendrikskinderen","jrstatcode":"2010WK066407","rubriek":"wijk","FID":"wijk_gegeneraliseerd_2010.dffffe45-aa0a-44a4-b490-c7975115dbc1"},"id":"WK066407"},{"arcs":[[4681,4682,-4666,-4681,-4680,-4675,4683,4684],[4685]],"type":"Polygon","properties":{"id":117756,"statcode":"WK066408","statnaam":"Wijk 08 Wolphaartsdijk","jrstatcode":"2010WK066408","rubriek":"wijk","FID":"wijk_gegeneraliseerd_2010.2a35e92d-fc54-4a35-af72-4504bbf8edf8"},"id":"WK066408"},{"arcs":[[-4686]],"type":"Polygon","properties":{"id":117757,"statcode":"WK066409","statnaam":"Wijk 09 Oud-Sabbinge","jrstatcode":"2010WK066409","rubriek":"wijk","FID":"wijk_gegeneraliseerd_2010.90dc5c5c-1efe-44f5-bb1b-f718f019d330"},"id":"WK066409"},{"arcs":[[4688,4689,4690,4691,4692,4693]],"type":"Polygon","properties":{"id":117758,"statcode":"WK066801","statnaam":"Wijk 01 Alphen","jrstatcode":"2010WK066801","rubriek":"wijk","FID":"wijk_gegeneraliseerd_2010.589828c3-3580-4ea4-baca-c314b327f1b4"},"id":"WK066801"},{"arcs":[[-1790,4694,4695,4696,4697]],"type":"Polygon","properties":{"id":117759,"statcode":"WK066802","statnaam":"Wijk 02 Altforst","jrstatcode":"2010WK066802","rubriek":"wijk","FID":"wijk_gegeneraliseerd_2010.90efae35-80a5-4d8d-ae44-bcade9057562"},"id":"WK066802"},{"arcs":[[-4695,-1789,-2152,4698,4699,4700]],"type":"Polygon","properties":{"id":117760,"statcode":"WK066803","statnaam":"Wijk 03 Appeltern","jrstatcode":"2010WK066803","rubriek":"wijk","FID":"wijk_gegeneraliseerd_2010.6bad5671-f17e-4183-9433-87d5a1bd1aa8"},"id":"WK066803"},{"arcs":[[4701,-1792,4702,-4697,4703,4704]],"type":"Polygon","properties":{"id":117761,"statcode":"WK066804","statnaam":"Wijk 04 Beneden-Leeuwen","jrstatcode":"2010WK066804","rubriek":"wijk","FID":"wijk_gegeneraliseerd_2010.b25048e3-92a4-45cc-8633-04830967e498"},"id":"WK066804"},{"arcs":[[-1791,-4698,-4703]],"type":"Polygon","properties":{"id":117762,"statcode":"WK066805","statnaam":"Wijk 05 Boven-Leeuwen","jrstatcode":"2010WK066805","rubriek":"wijk","FID":"wijk_gegeneraliseerd_2010.1624220a-94ee-49cc-b765-396318a8cbec"},"id":"WK066805"},{"arcs":[[4705,-4694,4706,-2027,-2226,-2115,-2108]],"type":"Polygon","properties":{"id":117763,"statcode":"WK066806","statnaam":"Wijk 06 Dreumel","jrstatcode":"2010WK066806","rubriek":"wijk","FID":"wijk_gegeneraliseerd_2010.4b96ad4b-e076-4546-b3c0-fcf34424491d"},"id":"WK066806"},{"arcs":[[-4704,-4696,-4701,4707,4708,-4690,4709]],"type":"Polygon","properties":{"id":117764,"statcode":"WK066807","statnaam":"Wijk 07 Maasbommel","jrstatcode":"2010WK066807","rubriek":"wijk","FID":"wijk_gegeneraliseerd_2010.8c71b6d4-e9a4-4e43-804f-996663b4006c"},"id":"WK066807"},{"arcs":[[-4705,-4710,-4689,-4706,-2107,4710]],"type":"Polygon","properties":{"id":117765,"statcode":"WK066808","statnaam":"Wijk 08 Wamel","jrstatcode":"2010WK066808","rubriek":"wijk","FID":"wijk_gegeneraliseerd_2010.f0d30eb5-e1ee-437b-9db4-f44515374da1"},"id":"WK066808"},{"arcs":[[4711,4712,4713,4714,4715,4716,4717,4718]],"type":"Polygon","properties":{"id":117766,"statcode":"WK067701","statnaam":"Wijk 01 Hulst","jrstatcode":"2010WK067701","rubriek":"wijk","FID":"wijk_gegeneraliseerd_2010.3e5a2359-34ef-4b49-8d71-fe8ade95bebd"},"id":"WK067701"},{"arcs":[[4719,4720,-4719,4721]],"type":"Polygon","properties":{"id":117767,"statcode":"WK067702","statnaam":"Wijk 02 St. Jansteen","jrstatcode":"2010WK067702","rubriek":"wijk","FID":"wijk_gegeneraliseerd_2010.1f1738f9-6a87-45c7-bf8e-68625b957993"},"id":"WK067702"},{"arcs":[[4722,-4717,4723,4724,4725]],"type":"Polygon","properties":{"id":117768,"statcode":"WK067703","statnaam":"Wijk 03 Clinge","jrstatcode":"2010WK067703","rubriek":"wijk","FID":"wijk_gegeneraliseerd_2010.675fcfa0-cce2-49b8-ba5f-1183391c5839"},"id":"WK067703"},{"arcs":[[4726,-4724,-4716,4727,4728,4729]],"type":"Polygon","properties":{"id":117769,"statcode":"WK067704","statnaam":"Wijk 04 Grauw","jrstatcode":"2010WK067704","rubriek":"wijk","FID":"wijk_gegeneraliseerd_2010.3a40b144-8000-4b8d-906e-8ed5567c1900"},"id":"WK067704"},{"arcs":[[4730,4731,4732,4733,-4712,-4721]],"type":"Polygon","properties":{"id":117770,"statcode":"WK067705","statnaam":"Wijk 05 Heikant","jrstatcode":"2010WK067705","rubriek":"wijk","FID":"wijk_gegeneraliseerd_2010.bcc80f89-3262-48c5-8e5b-9dbc85209f69"},"id":"WK067705"},{"arcs":[[-4725,-4727,4734]],"type":"Polygon","properties":{"id":117771,"statcode":"WK067706","statnaam":"Wijk 06 Nieuw Namen","jrstatcode":"2010WK067706","rubriek":"wijk","FID":"wijk_gegeneraliseerd_2010.3a2b5814-4496-4714-bcab-393bd9425da2"},"id":"WK067706"},{"arcs":[[-4723,4735,-4722,-4718]],"type":"Polygon","properties":{"id":117772,"statcode":"WK067707","statnaam":"Wijk 07 Kapellebrug","jrstatcode":"2010WK067707","rubriek":"wijk","FID":"wijk_gegeneraliseerd_2010.41ec8cfc-f728-4d79-a641-14268106018d"},"id":"WK067707"},{"arcs":[[4736,4737,4738,4739]],"type":"Polygon","properties":{"id":117773,"statcode":"WK067708","statnaam":"Wijk 08 Kloosterzande","jrstatcode":"2010WK067708","rubriek":"wijk","FID":"wijk_gegeneraliseerd_2010.c4051fe9-0f62-4ae1-8329-9d3582d6c8dd"},"id":"WK067708"},{"arcs":[[4740,-4729,4741,4742,4743,-4737]],"type":"Polygon","properties":{"id":117774,"statcode":"WK067709","statnaam":"Wijk 09 Lamswaarde","jrstatcode":"2010WK067709","rubriek":"wijk","FID":"wijk_gegeneraliseerd_2010.5e764aca-654a-459c-8c96-269713dc3d8d"},"id":"WK067709"},{"arcs":[[-4728,-4715,4744,-4742]],"type":"Polygon","properties":{"id":117775,"statcode":"WK067710","statnaam":"Wijk 10 Ter Hole","jrstatcode":"2010WK067710","rubriek":"wijk","FID":"wijk_gegeneraliseerd_2010.4d7e2655-6f2e-4e5d-a00b-3792aca63d5c"},"id":"WK067710"},{"arcs":[[-4743,-4745,-4714,4745,4746,4747,4748]],"type":"Polygon","properties":{"id":117776,"statcode":"WK067711","statnaam":"Wijk 11 Vogelwaarde","jrstatcode":"2010WK067711","rubriek":"wijk","FID":"wijk_gegeneraliseerd_2010.442467a4-89e4-46e1-b074-511a1f254f7c"},"id":"WK067711"},{"arcs":[[4749,-4738,-4744,-4749,4750]],"type":"Polygon","properties":{"id":117777,"statcode":"WK067712","statnaam":"Wijk 12 Hengstdijk","jrstatcode":"2010WK067712","rubriek":"wijk","FID":"wijk_gegeneraliseerd_2010.e083035b-f9c4-4aff-a197-0f54744157ea"},"id":"WK067712"},{"arcs":[[-4739,-4750,4751,4752]],"type":"Polygon","properties":{"id":117778,"statcode":"WK067713","statnaam":"Wijk 13 Ossenisse","jrstatcode":"2010WK067713","rubriek":"wijk","FID":"wijk_gegeneraliseerd_2010.1ae1bfbf-2bc2-49e3-af8d-6dcc24b807d2"},"id":"WK067713"},{"arcs":[[4755,4756,4757,4758,4759,-4650,-4671,-4674]],"type":"Polygon","properties":{"id":117779,"statcode":"WK067800","statnaam":"Wijk 00 Kapelle","jrstatcode":"2010WK067800","rubriek":"wijk","FID":"wijk_gegeneraliseerd_2010.8f9fc66b-deb8-4549-989e-0e19497348c2"},"id":"WK067800"},{"arcs":[[4760,4761,-4756,-4673]],"type":"Polygon","properties":{"id":117780,"statcode":"WK067801","statnaam":"Wijk 01 Wemeldinge","jrstatcode":"2010WK067801","rubriek":"wijk","FID":"wijk_gegeneraliseerd_2010.d6d7472a-4f25-4246-9426-50542040ce18"},"id":"WK067801"},{"arcs":[[-4759,4762,4763]],"type":"Polygon","properties":{"id":117781,"statcode":"WK067802","statnaam":"Wijk 02 Schore","jrstatcode":"2010WK067802","rubriek":"wijk","FID":"wijk_gegeneraliseerd_2010.0b3a5681-7bec-4346-986d-e53cbd68e185"},"id":"WK067802"},{"arcs":[[4764,-684,4765]],"type":"Polygon","properties":{"id":117782,"statcode":"WK068300","statnaam":"Wijk 00 IJlst","jrstatcode":"2010WK068300","rubriek":"wijk","FID":"wijk_gegeneraliseerd_2010.4dba1d9d-19fb-4d89-bccb-118bdce55f08"},"id":"WK068300"},{"arcs":[[-683,4766,-304,4767,-4627,-737,4768,4769,-4766]],"type":"Polygon","properties":{"id":117783,"statcode":"WK068301","statnaam":"Wijk 01 Zuid","jrstatcode":"2010WK068301","rubriek":"wijk","FID":"wijk_gegeneraliseerd_2010.3540d183-55b6-47f2-bc01-84644c609f34"},"id":"WK068301"},{"arcs":[[-920,-347,-681,4770,-911]],"type":"Polygon","properties":{"id":117784,"statcode":"WK068302","statnaam":"Wijk 02 Oost","jrstatcode":"2010WK068302","rubriek":"wijk","FID":"wijk_gegeneraliseerd_2010.2252c1f1-3a08-4ff3-afee-58675bd8de75"},"id":"WK068302"},{"arcs":[[4771,-4769,-736,-733]],"type":"Polygon","properties":{"id":117785,"statcode":"WK068303","statnaam":"Wijk 03 West","jrstatcode":"2010WK068303","rubriek":"wijk","FID":"wijk_gegeneraliseerd_2010.d8b15c72-c9c5-4760-980d-1b81b61e8344"},"id":"WK068303"},{"arcs":[[-679,-4765,-4770,-4772,-732,4772,-419,4773]],"type":"Polygon","properties":{"id":117786,"statcode":"WK068304","statnaam":"Wijk 04 Oosthem","jrstatcode":"2010WK068304","rubriek":"wijk","FID":"wijk_gegeneraliseerd_2010.01b72001-049c-4314-8c74-18dc32ba501a"},"id":"WK068304"},{"arcs":[[-4771,-680,-4774,-418,4774,-912]],"type":"Polygon","properties":{"id":117787,"statcode":"WK068305","statnaam":"Wijk 05 Noordwest","jrstatcode":"2010WK068305","rubriek":"wijk","FID":"wijk_gegeneraliseerd_2010.80808a34-4526-4cce-bc1b-aaab8aa46085"},"id":"WK068305"},{"arcs":[[-4767,-682,-305]],"type":"Polygon","properties":{"id":117788,"statcode":"WK068306","statnaam":"Wijk 06 Zuidoost","jrstatcode":"2010WK068306","rubriek":"wijk","FID":"wijk_gegeneraliseerd_2010.30cb91db-5e15-49d1-945e-301089a1daec"},"id":"WK068306"},{"arcs":[[-313,-4623,-4628,-4768]],"type":"Polygon","properties":{"id":117789,"statcode":"WK068307","statnaam":"Wijk 07 Woudsend","jrstatcode":"2010WK068307","rubriek":"wijk","FID":"wijk_gegeneraliseerd_2010.737b46ac-01fb-4c66-9ab4-e948d3a5610e"},"id":"WK068307"},{"arcs":[[4775,4776,4777]],"type":"Polygon","properties":{"id":117790,"statcode":"WK068700","statnaam":"Wijk 00 Middelburg-Centrum","jrstatcode":"2010WK068700","rubriek":"wijk","FID":"wijk_gegeneraliseerd_2010.90ae9d00-d9d7-4cf6-8987-976f8e96a2b7"},"id":"WK068700"},{"arcs":[[4778,4779,4780,4781,4782,4783,4784,4785,-4778]],"type":"Polygon","properties":{"id":117791,"statcode":"WK068701","statnaam":"Wijk 01 Middelburg-Noord","jrstatcode":"2010WK068701","rubriek":"wijk","FID":"wijk_gegeneraliseerd_2010.2b7a0d75-e261-4a69-b06d-725e1f990187"},"id":"WK068701"},{"arcs":[[-4779,-4777,4786,4787,4788,4789]],"type":"Polygon","properties":{"id":117792,"statcode":"WK068702","statnaam":"Wijk 02 Middelburg-Zuidwest","jrstatcode":"2010WK068702","rubriek":"wijk","FID":"wijk_gegeneraliseerd_2010.62098cc5-ee05-41d4-99cb-1b71ebe24cc7"},"id":"WK068702"},{"arcs":[[4790,-4787,-4776,-4786,4791,4792]],"type":"Polygon","properties":{"id":117793,"statcode":"WK068703","statnaam":"Wijk 03 Middelburg-Zuidoost","jrstatcode":"2010WK068703","rubriek":"wijk","FID":"wijk_gegeneraliseerd_2010.a6de77a9-002f-445d-b665-7a3675eb2169"},"id":"WK068703"},{"arcs":[[4793,-4645,4794,4795,-4793]],"type":"Polygon","properties":{"id":117794,"statcode":"WK068704","statnaam":"Wijk 04 Nieuw- en Sint Joosland","jrstatcode":"2010WK068704","rubriek":"wijk","FID":"wijk_gegeneraliseerd_2010.264a479a-f308-4f29-83e4-aead73e6da41"},"id":"WK068704"},{"arcs":[[-4684,-4678,-4646,-4794,-4792,-4785,4796,4797]],"type":"Polygon","properties":{"id":117795,"statcode":"WK068705","statnaam":"Wijk 05 Arnemuiden","jrstatcode":"2010WK068705","rubriek":"wijk","FID":"wijk_gegeneraliseerd_2010.64f78623-dae7-40f5-ad5b-2e9f1ccf5dde"},"id":"WK068705"},{"arcs":[[4798,4799,4800,4801]],"type":"Polygon","properties":{"id":117796,"statcode":"WK068900","statnaam":"Wijk 00 Kern Giessenburg","jrstatcode":"2010WK068900","rubriek":"wijk","FID":"wijk_gegeneraliseerd_2010.4b8ae77c-50c2-48bf-8a4a-4970bbf2adc2"},"id":"WK068900"},{"arcs":[[[-4060,4802,-4802,4803]],[[4804,4805,-4061]]],"type":"MultiPolygon","properties":{"id":117797,"statcode":"WK068901","statnaam":"Wijk 01 Giessenburg-West en -Zuid","jrstatcode":"2010WK068901","rubriek":"wijk","FID":"wijk_gegeneraliseerd_2010.b8ae6dfe-5c58-4541-8c43-4f934d7206df"},"id":"WK068901"},{"arcs":[[4806,4807,4808,-4800,4809]],"type":"Polygon","properties":{"id":117798,"statcode":"WK068902","statnaam":"Wijk 02 Giessenburg-Oost","jrstatcode":"2010WK068902","rubriek":"wijk","FID":"wijk_gegeneraliseerd_2010.ee7d06c0-8626-428f-8841-5ffc6f97bccd"},"id":"WK068902"},{"arcs":[[[4810,4811,-4810,-4799,-4803,-4059,4812,4813]],[[-4809,4814,4815,-4805,-4804,-4801]]],"type":"MultiPolygon","properties":{"id":117799,"statcode":"WK068903","statnaam":"Wijk 03 Verspreide huizen Giessenburg","jrstatcode":"2010WK068903","rubriek":"wijk","FID":"wijk_gegeneraliseerd_2010.97dfc1e9-c233-4f19-9d03-fffd25fdd70c"},"id":"WK068903"},{"arcs":[[4816,-4155,4817,-3863,-3876,4818]],"type":"Polygon","properties":{"id":117800,"statcode":"WK068904","statnaam":"Wijk 04 Arkel","jrstatcode":"2010WK068904","rubriek":"wijk","FID":"wijk_gegeneraliseerd_2010.3ba5d169-bdc6-430a-90d5-44013be13045"},"id":"WK068904"},{"arcs":[[4819,-4819,-3875,-3872,4820,4821,4822]],"type":"Polygon","properties":{"id":117801,"statcode":"WK068905","statnaam":"Wijk 05 Hoogblokland","jrstatcode":"2010WK068905","rubriek":"wijk","FID":"wijk_gegeneraliseerd_2010.77816f5a-8ea0-4eb9-9e76-ec5da2d3eaed"},"id":"WK068905"},{"arcs":[[-4821,4823,-4815,-4808,4824]],"type":"Polygon","properties":{"id":117802,"statcode":"WK068906","statnaam":"Wijk 06 Hoornaar","jrstatcode":"2010WK068906","rubriek":"wijk","FID":"wijk_gegeneraliseerd_2010.7d982939-8484-4b49-928f-450825f17fde"},"id":"WK068906"},{"arcs":[[4825,4826,-4822,-4825,-4807,-4812,4827,4828,4829]],"type":"Polygon","properties":{"id":117803,"statcode":"WK068907","statnaam":"Wijk 07 Noordeloos","jrstatcode":"2010WK068907","rubriek":"wijk","FID":"wijk_gegeneraliseerd_2010.094b3e0f-1338-4d44-823e-67e68934b4fc"},"id":"WK068907"},{"arcs":[[-4824,-3874,-3848,-4062,-4806,-4816]],"type":"Polygon","properties":{"id":117804,"statcode":"WK068908","statnaam":"Wijk 08 Schelluinen","jrstatcode":"2010WK068908","rubriek":"wijk","FID":"wijk_gegeneraliseerd_2010.66fae369-5efc-4fea-89b8-82015709193a"},"id":"WK068908"},{"arcs":[[4830,4831,4832,4833,-4257,4834]],"type":"Polygon","properties":{"id":117805,"statcode":"WK069300","statnaam":"Wijk 00 Bleskensgraaf","jrstatcode":"2010WK069300","rubriek":"wijk","FID":"wijk_gegeneraliseerd_2010.1e25518b-9fa0-4a35-bbb8-b8e29845e164"},"id":"WK069300"},{"arcs":[[4835,-4831,4836,4837,4838]],"type":"Polygon","properties":{"id":117806,"statcode":"WK069301","statnaam":"Wijk 01 Brandwijk","jrstatcode":"2010WK069301","rubriek":"wijk","FID":"wijk_gegeneraliseerd_2010.63c53e3b-50a6-4f71-a37c-a80409f9c4c4"},"id":"WK069301"},{"arcs":[[4839,4840,-4828,-4811,4841]],"type":"Polygon","properties":{"id":117807,"statcode":"WK069302","statnaam":"Wijk 02 Goudriaan","jrstatcode":"2010WK069302","rubriek":"wijk","FID":"wijk_gegeneraliseerd_2010.68764a85-1031-4e4b-8424-cb92654810a1"},"id":"WK069302"},{"arcs":[[4842,-4813,-4058,4843,-4832,-4836]],"type":"Polygon","properties":{"id":117808,"statcode":"WK069303","statnaam":"Wijk 03 Molenaarsgraaf","jrstatcode":"2010WK069303","rubriek":"wijk","FID":"wijk_gegeneraliseerd_2010.7606b992-dd72-4629-b782-c1619396a950"},"id":"WK069303"},{"arcs":[[-4843,-4839,4844,-4842,-4814]],"type":"Polygon","properties":{"id":117809,"statcode":"WK069304","statnaam":"Wijk 04 Ottoland","jrstatcode":"2010WK069304","rubriek":"wijk","FID":"wijk_gegeneraliseerd_2010.ff422e12-dc48-485c-b953-a97e0eb40444"},"id":"WK069304"},{"arcs":[[-4258,-4834,4845,-4331,-3484]],"type":"Polygon","properties":{"id":117810,"statcode":"WK069305","statnaam":"Wijk 05 Oud-Alblas","jrstatcode":"2010WK069305","rubriek":"wijk","FID":"wijk_gegeneraliseerd_2010.472c9af0-94be-4b43-b6bb-83b0f55f6ce6"},"id":"WK069305"},{"arcs":[[-4833,-4844,-4057,-4475,-4327,-4846]],"type":"Polygon","properties":{"id":117811,"statcode":"WK069306","statnaam":"Wijk 06 Wijngaarden","jrstatcode":"2010WK069306","rubriek":"wijk","FID":"wijk_gegeneraliseerd_2010.d5e9504f-10f5-4d0a-aa70-3b8203b78ac8"},"id":"WK069306"},{"arcs":[[4846,-4840,-4845,-4838,4847,-3618,-3614,-4468,4848]],"type":"Polygon","properties":{"id":117812,"statcode":"WK069400","statnaam":"Wijk 00 Groot-Ammers","jrstatcode":"2010WK069400","rubriek":"wijk","FID":"wijk_gegeneraliseerd_2010.4dc8b1d1-7370-4786-b858-5361be18faf3"},"id":"WK069400"},{"arcs":[[4849,-4829,-4841,-4847,4850,-4466,-2436]],"type":"Polygon","properties":{"id":117813,"statcode":"WK069401","statnaam":"Wijk 01 Langerak","jrstatcode":"2010WK069401","rubriek":"wijk","FID":"wijk_gegeneraliseerd_2010.e0ad1452-c5ed-48f5-8763-67316d0ef519"},"id":"WK069401"},{"arcs":[[-4851,-4849,-4467]],"type":"Polygon","properties":{"id":117814,"statcode":"WK069402","statnaam":"Wijk 02 Nieuwpoort","jrstatcode":"2010WK069402","rubriek":"wijk","FID":"wijk_gegeneraliseerd_2010.7fa80507-da18-4b15-8f5f-34c31a862e5f"},"id":"WK069402"},{"arcs":[[-3616,-3619,-4848,-4837,-4835,-4256,-4618]],"type":"Polygon","properties":{"id":117815,"statcode":"WK069403","statnaam":"Wijk 03 Streefkerk","jrstatcode":"2010WK069403","rubriek":"wijk","FID":"wijk_gegeneraliseerd_2010.1109ed36-a863-40dc-a8c8-925081e2dd5f"},"id":"WK069403"},{"arcs":[[4851,4852,-4757,-4762,4853]],"type":"Polygon","properties":{"id":117816,"statcode":"WK070300","statnaam":"Wijk 00 Yerseke","jrstatcode":"2010WK070300","rubriek":"wijk","FID":"wijk_gegeneraliseerd_2010.ac4f58f5-a39d-4691-8aa3-1646623a6023"},"id":"WK070300"},{"arcs":[[-4763,-4758,-4853,4856,4857,4858,4859]],"type":"Polygon","properties":{"id":117817,"statcode":"WK070301","statnaam":"Wijk 01 Kruiningen","jrstatcode":"2010WK070301","rubriek":"wijk","FID":"wijk_gegeneraliseerd_2010.e02a461f-737d-45f8-988d-2cf1d4331705"},"id":"WK070301"},{"arcs":[[4860,4861,4862,-4858,4863]],"type":"Polygon","properties":{"id":117818,"statcode":"WK070302","statnaam":"Wijk 02 Krabbendijke","jrstatcode":"2010WK070302","rubriek":"wijk","FID":"wijk_gegeneraliseerd_2010.04c12b2f-f08d-45ef-b2ce-3253addbad0f"},"id":"WK070302"},{"arcs":[[-4859,-4863,4864]],"type":"Polygon","properties":{"id":117819,"statcode":"WK070303","statnaam":"Wijk 03 Waarde","jrstatcode":"2010WK070303","rubriek":"wijk","FID":"wijk_gegeneraliseerd_2010.ced9a032-8a77-45bc-94c9-243e770d05fc"},"id":"WK070303"},{"arcs":[[4865,4866,4867,4868,-4861,4869,4870]],"type":"Polygon","properties":{"id":117820,"statcode":"WK070304","statnaam":"Wijk 04 Rilland-Bath","jrstatcode":"2010WK070304","rubriek":"wijk","FID":"wijk_gegeneraliseerd_2010.fb38c677-8959-4dfb-b8c4-dee5a2ecb1ae"},"id":"WK070304"},{"arcs":[[-4513,4871,4872,4873,4874,-2444]],"type":"Polygon","properties":{"id":117821,"statcode":"WK070701","statnaam":"Wijk 01 Lexmond","jrstatcode":"2010WK070701","rubriek":"wijk","FID":"wijk_gegeneraliseerd_2010.d98d8c65-bd10-4f20-875d-99eeca43379c"},"id":"WK070701"},{"arcs":[[4875,-4826,4876,-2434,-4875]],"type":"Polygon","properties":{"id":117822,"statcode":"WK070702","statnaam":"Wijk 02 Ameide","jrstatcode":"2010WK070702","rubriek":"wijk","FID":"wijk_gegeneraliseerd_2010.42a354f8-a293-4334-9bb1-92afcfbe2d7c"},"id":"WK070702"},{"arcs":[[-4830,-4850,-2435,-4877]],"type":"Polygon","properties":{"id":117823,"statcode":"WK070703","statnaam":"Wijk 03 Tienhoven","jrstatcode":"2010WK070703","rubriek":"wijk","FID":"wijk_gegeneraliseerd_2010.7d38b39b-f7b0-41fb-bb2a-8fc8f11c1154"},"id":"WK070703"},{"arcs":[[-4874,4877,4878,-4823,-4827,-4876]],"type":"Polygon","properties":{"id":117824,"statcode":"WK070704","statnaam":"Wijk 04 Meerkerk","jrstatcode":"2010WK070704","rubriek":"wijk","FID":"wijk_gegeneraliseerd_2010.9f867249-ddf2-479e-9ed4-5d04043c4705"},"id":"WK070704"},{"arcs":[[-4512,-4158,4879,-4872]],"type":"Polygon","properties":{"id":117825,"statcode":"WK070705","statnaam":"Wijk 05 Hei- en Boeicop","jrstatcode":"2010WK070705","rubriek":"wijk","FID":"wijk_gegeneraliseerd_2010.33581d3b-701c-4dc8-8e5e-1497cf929dde"},"id":"WK070705"},{"arcs":[[-4157,4880,-4878,-4873,-4880]],"type":"Polygon","properties":{"id":117826,"statcode":"WK070706","statnaam":"Wijk 06 Leerbroek","jrstatcode":"2010WK070706","rubriek":"wijk","FID":"wijk_gegeneraliseerd_2010.cea3fcf6-62a5-4ee8-a52b-bc4d6e9ca671"},"id":"WK070706"},{"arcs":[[-4156,-4817,-4820,-4879,-4881]],"type":"Polygon","properties":{"id":117827,"statcode":"WK070707","statnaam":"Wijk 07 Nieuwland","jrstatcode":"2010WK070707","rubriek":"wijk","FID":"wijk_gegeneraliseerd_2010.056aec08-537f-4954-b6ae-25984ab9d768"},"id":"WK070707"},{"arcs":[[4881,4882,-452,-442,4883]],"type":"Polygon","properties":{"id":117828,"statcode":"WK071000","statnaam":"Wijk 00 Bouwhoek","jrstatcode":"2010WK071000","rubriek":"wijk","FID":"wijk_gegeneraliseerd_2010.f0e9ec12-9fde-44ae-ba47-13fbb666f44b"},"id":"WK071000"},{"arcs":[[-441,-917,-913,-4775,-421,4884,4885,-4884]],"type":"Polygon","properties":{"id":117829,"statcode":"WK071001","statnaam":"Wijk 01 Weidestreek Oost","jrstatcode":"2010WK071001","rubriek":"wijk","FID":"wijk_gegeneraliseerd_2010.8ac407ea-6d2e-4454-80ce-d7fe91dafd1d"},"id":"WK071001"},{"arcs":[[-4882,-4886,4886,4887,4888,-3405,4889]],"type":"Polygon","properties":{"id":117830,"statcode":"WK071002","statnaam":"Wijk 02 Weidestreek West","jrstatcode":"2010WK071002","rubriek":"wijk","FID":"wijk_gegeneraliseerd_2010.8b3e7bf2-d843-4cf9-8301-284e4033e9fd"},"id":"WK071002"},{"arcs":[[-731,4890,4891,-4887,-4885,-420,-4773]],"type":"Polygon","properties":{"id":117831,"statcode":"WK071003","statnaam":"Wijk 03 Weidestreek Zuid","jrstatcode":"2010WK071003","rubriek":"wijk","FID":"wijk_gegeneraliseerd_2010.4c4e00d3-9f8c-42c5-bbee-66a2b4536543"},"id":"WK071003"},{"arcs":[[-4892,4892,4893,-4888]],"type":"Polygon","properties":{"id":117832,"statcode":"WK071004","statnaam":"Wijk 04 Makkum","jrstatcode":"2010WK071004","rubriek":"wijk","FID":"wijk_gegeneraliseerd_2010.0aa46a7b-698e-48ed-ac28-85071ab42780"},"id":"WK071004"},{"arcs":[[-730,4894,-4893,-4891]],"type":"Polygon","properties":{"id":117833,"statcode":"WK071005","statnaam":"Wijk 05 Weidestreek Zuidwest","jrstatcode":"2010WK071005","rubriek":"wijk","FID":"wijk_gegeneraliseerd_2010.72d18ad8-e431-409d-8a46-e4bf76864cbc"},"id":"WK071005"},{"arcs":[[4895,4896,4897,4898,4899]],"type":"Polygon","properties":{"id":117834,"statcode":"WK071510","statnaam":"Wijk 10 Binnenstad (Terneuzen)","jrstatcode":"2010WK071510","rubriek":"wijk","FID":"wijk_gegeneraliseerd_2010.29cf5a95-08b5-4661-b226-3016f1b7ab61"},"id":"WK071510"},{"arcs":[[4900,4901,4902,-4898,4903]],"type":"Polygon","properties":{"id":117835,"statcode":"WK071511","statnaam":"Wijk 11 Noorderdokken (Terneuzen)","jrstatcode":"2010WK071511","rubriek":"wijk","FID":"wijk_gegeneraliseerd_2010.b8f706e6-0195-4f7d-99f8-56f2418cc14d"},"id":"WK071511"},{"arcs":[[4904,4905,4906,-4901]],"type":"Polygon","properties":{"id":117836,"statcode":"WK071512","statnaam":"Wijk 12 Haarmanweg (Terneuzen)","jrstatcode":"2010WK071512","rubriek":"wijk","FID":"wijk_gegeneraliseerd_2010.cee03116-80f8-4706-90b8-98cf51132421"},"id":"WK071512"},{"arcs":[[-4907,4907,4908,4909,4910,-4902]],"type":"Polygon","properties":{"id":117837,"statcode":"WK071513","statnaam":"Wijk 13 Zevenaar (Kern Terneuzen)","jrstatcode":"2010WK071513","rubriek":"wijk","FID":"wijk_gegeneraliseerd_2010.c15b8841-253d-4323-83f8-873f41a48cad"},"id":"WK071513"},{"arcs":[[4911,4912,4913,-4909]],"type":"Polygon","properties":{"id":117838,"statcode":"WK071514","statnaam":"Wijk 14 Handelspoort (Terneuzen)","jrstatcode":"2010WK071514","rubriek":"wijk","FID":"wijk_gegeneraliseerd_2010.a4a87a19-c6da-453d-ab2e-affcc1d34473"},"id":"WK071514"},{"arcs":[[4914,4915,-4912,-4908,4916]],"type":"Polygon","properties":{"id":117839,"statcode":"WK071515","statnaam":"Wijk 15 Driewegen en Hugersluys (Terneuzen)","jrstatcode":"2010WK071515","rubriek":"wijk","FID":"wijk_gegeneraliseerd_2010.fedda1f0-348f-4dcc-aa5c-1e0832b3aae0"},"id":"WK071515"},{"arcs":[[4917,4918,4919,4920,-4917,-4906]],"type":"Polygon","properties":{"id":117840,"statcode":"WK071516","statnaam":"Wijk 16 Oude Vaart (Terneuzen)","jrstatcode":"2010WK071516","rubriek":"wijk","FID":"wijk_gegeneraliseerd_2010.bb685f47-9ebe-4dea-b335-5d0eb6d9f308"},"id":"WK071516"},{"arcs":[[4921,4922,-4918,-4905]],"type":"Polygon","properties":{"id":117841,"statcode":"WK071517","statnaam":"Wijk 17 Triniteit (Terneuzen)","jrstatcode":"2010WK071517","rubriek":"wijk","FID":"wijk_gegeneraliseerd_2010.4aada1dc-910f-42e7-a76b-9d2e7ba2c153"},"id":"WK071517"},{"arcs":[[4923,-4922,-4904,-4897]],"type":"Polygon","properties":{"id":117842,"statcode":"WK071518","statnaam":"Wijk 18 Lievenspolder (Terneuzen)","jrstatcode":"2010WK071518","rubriek":"wijk","FID":"wijk_gegeneraliseerd_2010.29123876-7d35-4da9-814a-dff833f2b59f"},"id":"WK071518"},{"arcs":[[4924,4925,-4924,-4896,4926]],"type":"Polygon","properties":{"id":117843,"statcode":"WK071519","statnaam":"Wijk 19 Noordpolder (Terneuzen)","jrstatcode":"2010WK071519","rubriek":"wijk","FID":"wijk_gegeneraliseerd_2010.0c91e20b-501d-40bb-98bd-bd54ffa957bd"},"id":"WK071519"},{"arcs":[[4927,4928,4929,-4919,-4923,-4926]],"type":"Polygon","properties":{"id":117844,"statcode":"WK071520","statnaam":"Wijk 20 Zuiderpark (Terneuzen)","jrstatcode":"2010WK071520","rubriek":"wijk","FID":"wijk_gegeneraliseerd_2010.42d103f1-ce26-4af4-b8a6-312379303d4b"},"id":"WK071520"},{"arcs":[[-4930,4930,4931,-4920]],"type":"Polygon","properties":{"id":117845,"statcode":"WK071521","statnaam":"Wijk 21 Zuidpolder (Terneuzen)","jrstatcode":"2010WK071521","rubriek":"wijk","FID":"wijk_gegeneraliseerd_2010.583f302d-4940-4160-8f2e-3d4db8022aee"},"id":"WK071521"},{"arcs":[[4932,4933,-4915,-4921,-4932]],"type":"Polygon","properties":{"id":117846,"statcode":"WK071522","statnaam":"Wijk 22 Oudelandse Hoeve (Terneuzen)","jrstatcode":"2010WK071522","rubriek":"wijk","FID":"wijk_gegeneraliseerd_2010.1561c9af-4154-42f8-ba1c-26a561b14f99"},"id":"WK071522"},{"arcs":[[4934,4935,-4913,-4916,-4934,4936]],"type":"Polygon","properties":{"id":117847,"statcode":"WK071523","statnaam":"Wijk 23 Zeldenrust (Terneuzen)","jrstatcode":"2010WK071523","rubriek":"wijk","FID":"wijk_gegeneraliseerd_2010.a3717557-e378-42e7-b3e1-717e7baa1909"},"id":"WK071523"},{"arcs":[[4937,-4937,-4933,-4931,-4929,4938,4939]],"type":"Polygon","properties":{"id":117848,"statcode":"WK071524","statnaam":"Wijk 24 Katspolder (Terneuzen)","jrstatcode":"2010WK071524","rubriek":"wijk","FID":"wijk_gegeneraliseerd_2010.61d7e7ff-faaa-459d-990d-93f13a5e4970"},"id":"WK071524"},{"arcs":[[4940,-4939,-4928,-4925,4941]],"type":"Polygon","properties":{"id":117849,"statcode":"WK071525","statnaam":"Wijk 25 Serlippenspolder (Terneuzen)","jrstatcode":"2010WK071525","rubriek":"wijk","FID":"wijk_gegeneraliseerd_2010.97b8b3b6-6db5-45ad-94a6-7d73c8f6e47a"},"id":"WK071525"},{"arcs":[[4942,4943,-4940,-4941]],"type":"Polygon","properties":{"id":117850,"statcode":"WK071526","statnaam":"Wijk 26 Othenepolder (Terneuzen)","jrstatcode":"2010WK071526","rubriek":"wijk","FID":"wijk_gegeneraliseerd_2010.ea449879-dab9-43c5-a5bd-955faa47f135"},"id":"WK071526"},{"arcs":[[-4936,4944,4945,4946,4947,4948,4949]],"type":"Polygon","properties":{"id":117851,"statcode":"WK071528","statnaam":"Wijk 28 Buitengebied Zuid (Terneuzen)","jrstatcode":"2010WK071528","rubriek":"wijk","FID":"wijk_gegeneraliseerd_2010.7eb3acf5-4bae-469f-9027-8f78745e860f"},"id":"WK071528"},{"arcs":[[4950,-4947,4951]],"type":"Polygon","properties":{"id":117852,"statcode":"WK071529","statnaam":"Wijk 29 Spui (Terneuzen)","jrstatcode":"2010WK071529","rubriek":"wijk","FID":"wijk_gegeneraliseerd_2010.93fecd9a-cd3d-4990-9e42-6a2bfa811df1"},"id":"WK071529"},{"arcs":[[4952]],"type":"Polygon","properties":{"id":117853,"statcode":"WK071530","statnaam":"Wijk 30 Biervliet (Terneuzen)","jrstatcode":"2010WK071530","rubriek":"wijk","FID":"wijk_gegeneraliseerd_2010.29e74fb6-5281-40ab-b91c-40a4831bedaf"},"id":"WK071530"},{"arcs":[[4953,4954]],"type":"Polygon","properties":{"id":117854,"statcode":"WK071531","statnaam":"Wijk 31 Driewegen (Terneuzen)","jrstatcode":"2010WK071531","rubriek":"wijk","FID":"wijk_gegeneraliseerd_2010.8664701d-230d-4963-b079-cc98f0b6c540"},"id":"WK071531"},{"arcs":[[4955,4956,4957,4958,4959,-4955,4960],[-4953]],"type":"Polygon","properties":{"id":117855,"statcode":"WK071534","statnaam":"Wijk 34 Biervliet - Buitengebied (Terneuzen)","jrstatcode":"2010WK071534","rubriek":"wijk","FID":"wijk_gegeneraliseerd_2010.2a5f48e1-a67e-4879-b655-d020ff9934bf"},"id":"WK071534"},{"arcs":[[4961,4962]],"type":"Polygon","properties":{"id":117856,"statcode":"WK071535","statnaam":"Wijk 35 Hoek (Terneuzen)","jrstatcode":"2010WK071535","rubriek":"wijk","FID":"wijk_gegeneraliseerd_2010.36b30d61-fe20-4b36-9b9f-23aa47ba9909"},"id":"WK071535"},{"arcs":[[4963,4964,4965,4966,-4958]],"type":"Polygon","properties":{"id":117857,"statcode":"WK071536","statnaam":"Wijk 36 Hoek-Braakman (Terneuzen)","jrstatcode":"2010WK071536","rubriek":"wijk","FID":"wijk_gegeneraliseerd_2010.3e192604-93c8-4c15-9b29-e3e017279752"},"id":"WK071536"},{"arcs":[[4967,4968,-4964,-4957]],"type":"Polygon","properties":{"id":117858,"statcode":"WK071537","statnaam":"Wijk 37 Hoek-Dow-complex (Terneuzen)","jrstatcode":"2010WK071537","rubriek":"wijk","FID":"wijk_gegeneraliseerd_2010.89446cc6-4635-451a-aa29-192113fa87dc"},"id":"WK071537"},{"arcs":[[4969,-4962,4970,4971,4972,4973,4974,-4966]],"type":"Polygon","properties":{"id":117859,"statcode":"WK071538","statnaam":"Wijk 38 Hoek - Buitengebied Zuid (Terneuzen)","jrstatcode":"2010WK071538","rubriek":"wijk","FID":"wijk_gegeneraliseerd_2010.a866f7aa-3c44-479d-9a8b-b8fea7aa1826"},"id":"WK071538"},{"arcs":[[-4969,4975,-4899,-4903,-4911,-4971,-4963,-4970,-4965]],"type":"Polygon","properties":{"id":117860,"statcode":"WK071539","statnaam":"Wijk 39 Hoek - Buitengebied Noord (Terneuzen)","jrstatcode":"2010WK071539","rubriek":"wijk","FID":"wijk_gegeneraliseerd_2010.429d1477-259f-4b30-b39b-23aee3c3e2f7"},"id":"WK071539"},{"arcs":[[-4973,4976,4977,4978]],"type":"Polygon","properties":{"id":117861,"statcode":"WK071540","statnaam":"Wijk 40 Sluiskil (Terneuzen)","jrstatcode":"2010WK071540","rubriek":"wijk","FID":"wijk_gegeneraliseerd_2010.40d6a5e5-9134-4426-9480-8824a712750e"},"id":"WK071540"},{"arcs":[[-4914,-4950,4979,4980,-4977,-4972,-4910]],"type":"Polygon","properties":{"id":117862,"statcode":"WK071541","statnaam":"Wijk 41 Sluiskil-Buiten Oost (Terneuzen)","jrstatcode":"2010WK071541","rubriek":"wijk","FID":"wijk_gegeneraliseerd_2010.d7e806d0-4e73-4e6c-b156-bd7316060ffd"},"id":"WK071541"},{"arcs":[[4981,4982]],"type":"Polygon","properties":{"id":117863,"statcode":"WK071545","statnaam":"Wijk 45 Zaamslag (Terneuzen)","jrstatcode":"2010WK071545","rubriek":"wijk","FID":"wijk_gegeneraliseerd_2010.ec84939b-6e4a-46f5-9da2-4a220b106cff"},"id":"WK071545"},{"arcs":[[4983]],"type":"Polygon","properties":{"id":117864,"statcode":"WK071546","statnaam":"Wijk 46 Reuzenhoek (Terneuzen)","jrstatcode":"2010WK071546","rubriek":"wijk","FID":"wijk_gegeneraliseerd_2010.e68bf8fd-0ed8-40b8-ad20-1c633da81cf0"},"id":"WK071546"},{"arcs":[[-4755,4984,-4752,-4751,-4748,4985,4986,4987,-4983,4988,-4935,-4938,-4944,4989],[-4984]],"type":"Polygon","properties":{"id":117865,"statcode":"WK071547","statnaam":"Wijk 47 Zaamslag - Buiten Noord (Terneuzen)","jrstatcode":"2010WK071547","rubriek":"wijk","FID":"wijk_gegeneraliseerd_2010.839bdc30-13cd-4221-9bc4-0421c726a854"},"id":"WK071547"},{"arcs":[[4990,-4987]],"type":"Polygon","properties":{"id":117866,"statcode":"WK071548","statnaam":"Wijk 48 Zaamslagveer (Terneuzen)","jrstatcode":"2010WK071548","rubriek":"wijk","FID":"wijk_gegeneraliseerd_2010.5fab2878-545e-41de-8cfa-bfd131f818a5"},"id":"WK071548"},{"arcs":[[-4989,-4982,-4988,-4991,-4986,-4747,4991,4992,-4945]],"type":"Polygon","properties":{"id":117867,"statcode":"WK071549","statnaam":"Wijk 49 Zaamslag - Buiten Zuid (Terneuzen)","jrstatcode":"2010WK071549","rubriek":"wijk","FID":"wijk_gegeneraliseerd_2010.90557097-c59f-4d16-ae11-afba77de6171"},"id":"WK071549"},{"arcs":[[4993,4994,4995,4996]],"type":"Polygon","properties":{"id":117868,"statcode":"WK071550","statnaam":"Wijk 50 Kern Axel (Axel)","jrstatcode":"2010WK071550","rubriek":"wijk","FID":"wijk_gegeneraliseerd_2010.d83e6923-a1a8-4522-accf-26a10d08d34c"},"id":"WK071550"},{"arcs":[[-4951,4997,-4948]],"type":"Polygon","properties":{"id":117869,"statcode":"WK071551","statnaam":"Wijk 51 Spui (Axel)","jrstatcode":"2010WK071551","rubriek":"wijk","FID":"wijk_gegeneraliseerd_2010.8910b643-bfdb-428f-b771-913e661c1852"},"id":"WK071551"},{"arcs":[[-4993,4998,-4997,4999,5000,-4980,-4949,-4998,-4952,-4946]],"type":"Polygon","properties":{"id":117870,"statcode":"WK071553","statnaam":"Wijk 53 Verspreide huizen West Axel (Axel)","jrstatcode":"2010WK071553","rubriek":"wijk","FID":"wijk_gegeneraliseerd_2010.c17c28e0-67af-4290-94c2-1fdf53a492ee"},"id":"WK071553"},{"arcs":[[-4746,-4713,5001,-4994,-4999,-4992]],"type":"Polygon","properties":{"id":117871,"statcode":"WK071554","statnaam":"Wijk 54 Verspreide huizen Oost Axel (Axel)","jrstatcode":"2010WK071554","rubriek":"wijk","FID":"wijk_gegeneraliseerd_2010.64ab57a7-e83a-4ec9-ad32-293f4f5478b4"},"id":"WK071554"},{"arcs":[[5002,5003,5004,5005,5006]],"type":"Polygon","properties":{"id":117872,"statcode":"WK071555","statnaam":"Wijk 55 Kern Koewacht (Koewacht)","jrstatcode":"2010WK071555","rubriek":"wijk","FID":"wijk_gegeneraliseerd_2010.287e872d-8d82-41bd-b361-0836cf7083ea"},"id":"WK071555"},{"arcs":[[-4733,5007,-5006,5008,5009]],"type":"Polygon","properties":{"id":117873,"statcode":"WK071556","statnaam":"Wijk 56 Emmabaan-West (Koewacht)","jrstatcode":"2010WK071556","rubriek":"wijk","FID":"wijk_gegeneraliseerd_2010.0e47343b-be89-4410-a8de-954ac2eddd8c"},"id":"WK071556"},{"arcs":[[-4732,5010,-5007,-5008]],"type":"Polygon","properties":{"id":117874,"statcode":"WK071557","statnaam":"Wijk 57 Emmabaan-Oost (Koewacht)","jrstatcode":"2010WK071557","rubriek":"wijk","FID":"wijk_gegeneraliseerd_2010.5da5e25a-e82b-40b0-aa7e-4cbc9b458ece"},"id":"WK071557"},{"arcs":[[-5009,-5005,5011,5012,5013,5014]],"type":"Polygon","properties":{"id":117875,"statcode":"WK071558","statnaam":"Wijk 58 Hazelarenstraat en omgeving (Koewacht)","jrstatcode":"2010WK071558","rubriek":"wijk","FID":"wijk_gegeneraliseerd_2010.db045536-9461-4d66-b218-1db37a6f1c1c"},"id":"WK071558"},{"arcs":[[[-5002,-4734,-5010,-5015,5015,-4995]],[[-5012,-5004,5016,5017]]],"type":"MultiPolygon","properties":{"id":117876,"statcode":"WK071559","statnaam":"Wijk 59 Koewacht-Buitengebied (Koewacht)","jrstatcode":"2010WK071559","rubriek":"wijk","FID":"wijk_gegeneraliseerd_2010.adf2126b-1097-4d4f-a217-07dd2202da5e"},"id":"WK071559"},{"arcs":[[5018,5019,5020]],"type":"Polygon","properties":{"id":117877,"statcode":"WK071560","statnaam":"Wijk 60 Kern Zuiddorpe (Zuiddorpe)","jrstatcode":"2010WK071560","rubriek":"wijk","FID":"wijk_gegeneraliseerd_2010.f8bf460e-9add-42db-b099-af04c7c59443"},"id":"WK071560"},{"arcs":[[-5016,-5014,5021,-5019,5022,5023,-5000,-4996]],"type":"Polygon","properties":{"id":117878,"statcode":"WK071564","statnaam":"Wijk 64 Zuiddorpe-Buitengebied (Zuiddorpe)","jrstatcode":"2010WK071564","rubriek":"wijk","FID":"wijk_gegeneraliseerd_2010.ce617b14-68e2-4a4e-83ec-2997bdc9f7af"},"id":"WK071564"},{"arcs":[[5024,5025]],"type":"Polygon","properties":{"id":117879,"statcode":"WK071565","statnaam":"Wijk 65 Kern Overslag (Overslag)","jrstatcode":"2010WK071565","rubriek":"wijk","FID":"wijk_gegeneraliseerd_2010.15695a24-0c3c-4265-b381-ef85a4ec80b2"},"id":"WK071565"},{"arcs":[[-5022,-5013,-5018,5026,-5025,5027,-5020]],"type":"Polygon","properties":{"id":117880,"statcode":"WK071569","statnaam":"Wijk 69 Overslag-Buitengebied (Overslag)","jrstatcode":"2010WK071569","rubriek":"wijk","FID":"wijk_gegeneraliseerd_2010.7246738f-7025-4764-8fdb-2896e630e963"},"id":"WK071569"},{"arcs":[[5028,5029,5030,5031,5032,5033]],"type":"Polygon","properties":{"id":117881,"statcode":"WK071570","statnaam":"Wijk 70 Kern Sas van Gent (Sas van Gent)","jrstatcode":"2010WK071570","rubriek":"wijk","FID":"wijk_gegeneraliseerd_2010.144f9144-119e-4ce4-b805-cb3e26a90c5a"},"id":"WK071570"},{"arcs":[[5034,5035]],"type":"Polygon","properties":{"id":117882,"statcode":"WK071571","statnaam":"Wijk 71 Zandstraat (Sas van Gent)","jrstatcode":"2010WK071571","rubriek":"wijk","FID":"wijk_gegeneraliseerd_2010.553343e8-1ecf-401f-a13a-42d03143138e"},"id":"WK071571"},{"arcs":[[-5033,5036,5037]],"type":"Polygon","properties":{"id":117883,"statcode":"WK071572","statnaam":"Wijk 72 Buitengebied-Zuid (Sas van Gent)","jrstatcode":"2010WK071572","rubriek":"wijk","FID":"wijk_gegeneraliseerd_2010.6a09e355-a8c4-494e-a803-49eadf1d3d64"},"id":"WK071572"},{"arcs":[[-4974,-4979,5038,-5035,5039,5040,5041,5042]],"type":"Polygon","properties":{"id":117884,"statcode":"WK071573","statnaam":"Wijk 73 Zandstraat-Buiten (Sas van Gent)","jrstatcode":"2010WK071573","rubriek":"wijk","FID":"wijk_gegeneraliseerd_2010.12632ea0-3b35-413f-93a4-805c7d96fffe"},"id":"WK071573"},{"arcs":[[-5041,5043,-5029,5044]],"type":"Polygon","properties":{"id":117885,"statcode":"WK071574","statnaam":"Wijk 74 Buitengebied-Noord (Sas van Gent)","jrstatcode":"2010WK071574","rubriek":"wijk","FID":"wijk_gegeneraliseerd_2010.3b8936ea-d759-4660-802a-5dc742f73785"},"id":"WK071574"},{"arcs":[[5045,-5031]],"type":"Polygon","properties":{"id":117886,"statcode":"WK071575","statnaam":"Wijk 75 Kern Westdorpe (Westdorpe)","jrstatcode":"2010WK071575","rubriek":"wijk","FID":"wijk_gegeneraliseerd_2010.2ce65a2f-82fc-47bb-ac36-00b1ea617d8d"},"id":"WK071575"},{"arcs":[[5046,-5036,-5039,-4978]],"type":"Polygon","properties":{"id":117887,"statcode":"WK071576","statnaam":"Wijk 76 Stroodorpe (Westdorpe)","jrstatcode":"2010WK071576","rubriek":"wijk","FID":"wijk_gegeneraliseerd_2010.0c4217f6-c29f-41a8-9d1d-4fb33e7d930b"},"id":"WK071576"},{"arcs":[[-4981,-5001,-5024,5047,-5037,-5032,-5046,-5030,-5044,-5040,-5047]],"type":"Polygon","properties":{"id":117888,"statcode":"WK071579","statnaam":"Wijk 79 Buitengebied (Westdorpe)","jrstatcode":"2010WK071579","rubriek":"wijk","FID":"wijk_gegeneraliseerd_2010.31cc6d37-8bd3-4234-85c2-f2b5021246eb"},"id":"WK071579"},{"arcs":[[5048]],"type":"Polygon","properties":{"id":117889,"statcode":"WK071580","statnaam":"Wijk 80 Philippine (Westdorpe)","jrstatcode":"2010WK071580","rubriek":"wijk","FID":"wijk_gegeneraliseerd_2010.2817bb64-d7e3-4ffc-aa08-d2486c56d877"},"id":"WK071580"},{"arcs":[[-4975,-5043,5049,5050,-4967],[-5049]],"type":"Polygon","properties":{"id":117890,"statcode":"WK071584","statnaam":"Wijk 84 Buitengebied Philippine (Westdorpe)","jrstatcode":"2010WK071584","rubriek":"wijk","FID":"wijk_gegeneraliseerd_2010.a0e9fbe1-2d5a-437f-83e8-bf4cbd20df3a"},"id":"WK071584"},{"arcs":[[5051,5052,5053,-4871,5054,5055]],"type":"Polygon","properties":{"id":117891,"statcode":"WK071600","statnaam":"Wijk 00 Tholen","jrstatcode":"2010WK071600","rubriek":"wijk","FID":"wijk_gegeneraliseerd_2010.da08ec17-fe6e-47cf-8cd9-70ecc35b355e"},"id":"WK071600"},{"arcs":[[5056,5057,-5056,5058,5059,5060,5061]],"type":"Polygon","properties":{"id":117892,"statcode":"WK071601","statnaam":"Wijk 01 Poortvliet","jrstatcode":"2010WK071601","rubriek":"wijk","FID":"wijk_gegeneraliseerd_2010.7a475d0b-7c95-47f2-9a47-39049ce148f1"},"id":"WK071601"},{"arcs":[[5062,5063,-5060]],"type":"Polygon","properties":{"id":117893,"statcode":"WK071602","statnaam":"Wijk 02 Scherpenisse","jrstatcode":"2010WK071602","rubriek":"wijk","FID":"wijk_gegeneraliseerd_2010.ca838b11-36ac-49e3-bc08-a0f42834879b"},"id":"WK071602"},{"arcs":[[5064,5065,5066,-5061,-5064]],"type":"Polygon","properties":{"id":117894,"statcode":"WK071603","statnaam":"Wijk 03 Sint Maartensdijk","jrstatcode":"2010WK071603","rubriek":"wijk","FID":"wijk_gegeneraliseerd_2010.23f2fb5c-247e-49b8-aba6-e18736275400"},"id":"WK071603"},{"arcs":[[-5066,5067,5068]],"type":"Polygon","properties":{"id":117895,"statcode":"WK071604","statnaam":"Wijk 04 Stavenisse","jrstatcode":"2010WK071604","rubriek":"wijk","FID":"wijk_gegeneraliseerd_2010.3d84bb98-1cef-42d9-a35a-1df0e0c59929"},"id":"WK071604"},{"arcs":[[5069,-5062,-5067,-5069]],"type":"Polygon","properties":{"id":117896,"statcode":"WK071605","statnaam":"Wijk 05 Sint Annaland","jrstatcode":"2010WK071605","rubriek":"wijk","FID":"wijk_gegeneraliseerd_2010.b1ed2861-3ed7-4271-b9d9-bca48665eb7b"},"id":"WK071605"},{"arcs":[[5070,5071,5072,5073,-5052,-5058,5074]],"type":"Polygon","properties":{"id":117897,"statcode":"WK071606","statnaam":"Wijk 06 Oud-Vossemeer","jrstatcode":"2010WK071606","rubriek":"wijk","FID":"wijk_gegeneraliseerd_2010.38b6d699-2141-4390-ae54-78ec4f7db28b"},"id":"WK071606"},{"arcs":[[5075,5076,5077,5078,5079,5080,-5071,5081]],"type":"Polygon","properties":{"id":117898,"statcode":"WK071607","statnaam":"Wijk 07 Sint Philipsland","jrstatcode":"2010WK071607","rubriek":"wijk","FID":"wijk_gegeneraliseerd_2010.1b197921-467e-46b4-b549-6b0cabfd38c5"},"id":"WK071607"},{"arcs":[[-5076,5082]],"type":"Polygon","properties":{"id":117899,"statcode":"WK071608","statnaam":"Wijk 08 Anna Jacobapolder","jrstatcode":"2010WK071608","rubriek":"wijk","FID":"wijk_gegeneraliseerd_2010.e56b8f92-3b96-4e12-9260-458b3c2255b7"},"id":"WK071608"},{"arcs":[[5083,5084,-4797,-4784,5085]],"type":"Polygon","properties":{"id":117900,"statcode":"WK071700","statnaam":"Wijk 00 Veere","jrstatcode":"2010WK071700","rubriek":"wijk","FID":"wijk_gegeneraliseerd_2010.ff964234-46b2-49fc-92a7-6f48cf920815"},"id":"WK071700"},{"arcs":[[5086,-5086,-4783,5087]],"type":"Polygon","properties":{"id":117901,"statcode":"WK071701","statnaam":"Wijk 01 Gapinge","jrstatcode":"2010WK071701","rubriek":"wijk","FID":"wijk_gegeneraliseerd_2010.cbb47e2b-b5dd-4547-9867-2a4d9f3e8a27"},"id":"WK071701"},{"arcs":[[[5088,5089,5090,-5084,-5087,5091,5092]],[[5093,5094,5095]]],"type":"MultiPolygon","properties":{"id":117902,"statcode":"WK071702","statnaam":"Wijk 02 Vrouwenpolder","jrstatcode":"2010WK071702","rubriek":"wijk","FID":"wijk_gegeneraliseerd_2010.dc5615bc-afff-475c-a40c-e18ad0da3f2f"},"id":"WK071702"},{"arcs":[[-5092,-5088,-4782,5096,5097]],"type":"Polygon","properties":{"id":117903,"statcode":"WK071703","statnaam":"Wijk 03 Serooskerke","jrstatcode":"2010WK071703","rubriek":"wijk","FID":"wijk_gegeneraliseerd_2010.f4d4f947-8c9f-44c5-847e-79392cffe98a"},"id":"WK071703"},{"arcs":[[5098,5099,5100,5101]],"type":"Polygon","properties":{"id":117904,"statcode":"WK071704","statnaam":"Wijk 04 Domburg","jrstatcode":"2010WK071704","rubriek":"wijk","FID":"wijk_gegeneraliseerd_2010.86726620-9f24-401a-8496-fd801223c3ec"},"id":"WK071704"},{"arcs":[[5102,-5093,-5098,5103,5104,-5099]],"type":"Polygon","properties":{"id":117905,"statcode":"WK071705","statnaam":"Wijk 05 Oostkapelle","jrstatcode":"2010WK071705","rubriek":"wijk","FID":"wijk_gegeneraliseerd_2010.9cb89c70-4cc5-4c3e-8767-a5af3d8e3b41"},"id":"WK071705"},{"arcs":[[-5105,5105,5106,5107,5108,-5100]],"type":"Polygon","properties":{"id":117906,"statcode":"WK071706","statnaam":"Wijk 06 Aagtekerke","jrstatcode":"2010WK071706","rubriek":"wijk","FID":"wijk_gegeneraliseerd_2010.67a3857c-4ce5-4dec-9ea4-5e3a7327d3ea"},"id":"WK071706"},{"arcs":[[-5104,-5097,-4781,5109,5110,5111,-5106]],"type":"Polygon","properties":{"id":117907,"statcode":"WK071707","statnaam":"Wijk 07 Grijpskerke","jrstatcode":"2010WK071707","rubriek":"wijk","FID":"wijk_gegeneraliseerd_2010.31c57464-7e22-4194-9c41-e843307a6a40"},"id":"WK071707"},{"arcs":[[-5107,-5112,5112,5113]],"type":"Polygon","properties":{"id":117908,"statcode":"WK071708","statnaam":"Wijk 08 Meliskerke","jrstatcode":"2010WK071708","rubriek":"wijk","FID":"wijk_gegeneraliseerd_2010.3670d9f4-cf5f-4161-8ae8-4a05002d4a83"},"id":"WK071708"},{"arcs":[[-4790,5114,5115,5116,5117,-5110,-4780]],"type":"Polygon","properties":{"id":117909,"statcode":"WK071709","statnaam":"Wijk 09 Koudekerke","jrstatcode":"2010WK071709","rubriek":"wijk","FID":"wijk_gegeneraliseerd_2010.6c068a7f-afec-41bc-a599-36e01f646344"},"id":"WK071709"},{"arcs":[[5118,5119,-5113,-5111,-5118]],"type":"Polygon","properties":{"id":117910,"statcode":"WK071710","statnaam":"Wijk 10 Biggekerke","jrstatcode":"2010WK071710","rubriek":"wijk","FID":"wijk_gegeneraliseerd_2010.5424f668-c7ad-48ed-8433-2680216311b7"},"id":"WK071710"},{"arcs":[[-5114,-5120,5120,5121,-5108]],"type":"Polygon","properties":{"id":117911,"statcode":"WK071711","statnaam":"Wijk 11 Zoutelande","jrstatcode":"2010WK071711","rubriek":"wijk","FID":"wijk_gegeneraliseerd_2010.36e7d771-35df-4203-b623-0f73970c5cb1"},"id":"WK071711"},{"arcs":[[-5101,-5109,-5122,5122]],"type":"Polygon","properties":{"id":117912,"statcode":"WK071712","statnaam":"Wijk 12 Westkapelle","jrstatcode":"2010WK071712","rubriek":"wijk","FID":"wijk_gegeneraliseerd_2010.ebc80e3f-6f45-4a40-8624-2846e5d94ce7"},"id":"WK071712"},{"arcs":[[5123,5124,5125]],"type":"Polygon","properties":{"id":117913,"statcode":"WK071801","statnaam":"Wijk 01 Binnenstad","jrstatcode":"2010WK071801","rubriek":"wijk","FID":"wijk_gegeneraliseerd_2010.7a124643-a419-4b59-bfb6-c26e48ad5485"},"id":"WK071801"},{"arcs":[[5126,5127,-5125,5128,5129]],"type":"Polygon","properties":{"id":117914,"statcode":"WK071802","statnaam":"Wijk 02 Middengebied","jrstatcode":"2010WK071802","rubriek":"wijk","FID":"wijk_gegeneraliseerd_2010.f1ae78c7-70ee-49ec-ade4-daa4ee9c03e3"},"id":"WK071802"},{"arcs":[[-5116,5130,-5130,5131]],"type":"Polygon","properties":{"id":117915,"statcode":"WK071803","statnaam":"Wijk 03 Paauwenburg-Westduin","jrstatcode":"2010WK071803","rubriek":"wijk","FID":"wijk_gegeneraliseerd_2010.fe532218-9dd7-4ef1-924d-19db3bd7f30f"},"id":"WK071803"},{"arcs":[[-5131,-5115,-4789,5132,-5127]],"type":"Polygon","properties":{"id":117916,"statcode":"WK071804","statnaam":"Wijk 04 Lammerenburg","jrstatcode":"2010WK071804","rubriek":"wijk","FID":"wijk_gegeneraliseerd_2010.5a2231a2-6149-41e2-8e0c-c980621e9aca"},"id":"WK071804"},{"arcs":[[-4788,-4791,5133,5134,-5133]],"type":"Polygon","properties":{"id":117917,"statcode":"WK071805","statnaam":"Wijk 05 Oost-Souburg","jrstatcode":"2010WK071805","rubriek":"wijk","FID":"wijk_gegeneraliseerd_2010.4f213f6b-7e2d-4548-bcaa-d070b96b129f"},"id":"WK071805"},{"arcs":[[-4796,5135,5136,5137,-5134]],"type":"Polygon","properties":{"id":117918,"statcode":"WK071806","statnaam":"Wijk 06 Ritthem en omgeving","jrstatcode":"2010WK071806","rubriek":"wijk","FID":"wijk_gegeneraliseerd_2010.0aa30795-2807-4e7a-8aa7-964672dbbecc"},"id":"WK071806"},{"arcs":[[-5135,-5138,5138,-5126,-5128]],"type":"Polygon","properties":{"id":117919,"statcode":"WK071807","statnaam":"Wijk 07 Binnen- en Buitenhavens","jrstatcode":"2010WK071807","rubriek":"wijk","FID":"wijk_gegeneraliseerd_2010.4a1f9890-a8bc-480a-b7a4-1c0b82fbdd80"},"id":"WK071807"},{"arcs":[[-4644,5139,-4649,5140,-5136,-4795]],"type":"Polygon","properties":{"id":117920,"statcode":"WK071808","statnaam":"Wijk 08 Sloegebied","jrstatcode":"2010WK071808","rubriek":"wijk","FID":"wijk_gegeneraliseerd_2010.4efb2cf3-4d72-4583-944e-ba63c0eccacd"},"id":"WK071808"},{"arcs":[[-1903,5144,5145,-4153]],"type":"Polygon","properties":{"id":117921,"statcode":"WK073300","statnaam":"Wijk 00 Asperen","jrstatcode":"2010WK073300","rubriek":"wijk","FID":"wijk_gegeneraliseerd_2010.75897ae4-aa0a-4e7c-ad30-18e14891e6b5"},"id":"WK073300"},{"arcs":[[-5146,5146,-3859,-3864,-4818,-4154]],"type":"Polygon","properties":{"id":117922,"statcode":"WK073301","statnaam":"Wijk 01 Heukelum","jrstatcode":"2010WK073301","rubriek":"wijk","FID":"wijk_gegeneraliseerd_2010.150288d2-b6c4-4e2e-b5fb-e9ab98959c67"},"id":"WK073301"},{"arcs":[[-2165,-3877,-3860,-5147,5147]],"type":"Polygon","properties":{"id":117923,"statcode":"WK073302","statnaam":"Wijk 02 Vuren","jrstatcode":"2010WK073302","rubriek":"wijk","FID":"wijk_gegeneraliseerd_2010.f8db79b5-9c5e-402b-96f7-fbc309b4e06b"},"id":"WK073302"},{"arcs":[[-2170,-2166,-5148,-5145,-1902,-1896,-2223]],"type":"Polygon","properties":{"id":117924,"statcode":"WK073303","statnaam":"Wijk 03 Herwijnen","jrstatcode":"2010WK073303","rubriek":"wijk","FID":"wijk_gegeneraliseerd_2010.50f2e3c7-55c1-4ae3-abdb-626b6345f4ff"},"id":"WK073303"},{"arcs":[[5148,-4247,-4245,-3363,-3360,5149,5150]],"type":"Polygon","properties":{"id":117925,"statcode":"WK073600","statnaam":"Wijk 00 Mijdrecht","jrstatcode":"2010WK073600","rubriek":"wijk","FID":"wijk_gegeneraliseerd_2010.0fab7bab-e5f6-45f8-8b99-b8cb108c9a2b"},"id":"WK073600"},{"arcs":[[-3359,-3348,-3362,-2642,5151,-5150]],"type":"Polygon","properties":{"id":117926,"statcode":"WK073601","statnaam":"Wijk 01 Gebied bij Uithoorn","jrstatcode":"2010WK073601","rubriek":"wijk","FID":"wijk_gegeneraliseerd_2010.e21cf781-c172-47ee-9c1f-3a11316a900e"},"id":"WK073601"},{"arcs":[[-2424,-2371,-2376,5152,-5151,-5152,-2641,-3317,-2227]],"type":"Polygon","properties":{"id":117927,"statcode":"WK073602","statnaam":"Wijk 02 Vinkeveen","jrstatcode":"2010WK073602","rubriek":"wijk","FID":"wijk_gegeneraliseerd_2010.b6641a47-318c-4e9a-b558-3cc15201dfc1"},"id":"WK073602"},{"arcs":[[-2375,-4561,-4239,-4248,-5149,-5153]],"type":"Polygon","properties":{"id":117928,"statcode":"WK073603","statnaam":"Wijk 03 Wilnis","jrstatcode":"2010WK073603","rubriek":"wijk","FID":"wijk_gegeneraliseerd_2010.68f2521e-c4ed-4aeb-a315-24b8ad0c2132"},"id":"WK073603"},{"arcs":[[5153,5154,5155,5156,5157,5158]],"type":"Polygon","properties":{"id":117929,"statcode":"WK073700","statnaam":"Wijk 00 Burgum","jrstatcode":"2010WK073700","rubriek":"wijk","FID":"wijk_gegeneraliseerd_2010.d365de30-d8d1-44b1-817a-f77c7318559e"},"id":"WK073700"},{"arcs":[[5159,5160,5161,-541,-616,-612,5162]],"type":"Polygon","properties":{"id":117930,"statcode":"WK073701","statnaam":"Wijk 01 Aldtsjerk","jrstatcode":"2010WK073701","rubriek":"wijk","FID":"wijk_gegeneraliseerd_2010.7f6f0c59-5665-4064-bbe6-6633cd352d0e"},"id":"WK073701"},{"arcs":[[5163,5164,-566,-542,-5162]],"type":"Polygon","properties":{"id":117931,"statcode":"WK073702","statnaam":"Wijk 02 Mûnein","jrstatcode":"2010WK073702","rubriek":"wijk","FID":"wijk_gegeneraliseerd_2010.d3a9ae0a-8991-4e8b-bd8c-74b3e8ccfc41"},"id":"WK073702"},{"arcs":[[5165,5166,5167,-567,-5165]],"type":"Polygon","properties":{"id":117932,"statcode":"WK073703","statnaam":"Wijk 03 Ryptsjerk","jrstatcode":"2010WK073703","rubriek":"wijk","FID":"wijk_gegeneraliseerd_2010.70b1af6e-e25e-4889-82e4-36a488239c99"},"id":"WK073703"},{"arcs":[[-337,-589,-568,-563,-565,-5168,5168,-5155,5169]],"type":"Polygon","properties":{"id":117933,"statcode":"WK073704","statnaam":"Wijk 04 Tytsjerk","jrstatcode":"2010WK073704","rubriek":"wijk","FID":"wijk_gegeneraliseerd_2010.a7cf3208-9358-4db3-8350-1c50b78e3d83"},"id":"WK073704"},{"arcs":[[-5170,-5154,5170,-676,-338]],"type":"Polygon","properties":{"id":117934,"statcode":"WK073705","statnaam":"Wijk 05 Earnewâld","jrstatcode":"2010WK073705","rubriek":"wijk","FID":"wijk_gegeneraliseerd_2010.ced09d52-3186-4a64-be81-7a40590e6339"},"id":"WK073705"},{"arcs":[[-5159,5171,-677,-5171]],"type":"Polygon","properties":{"id":117935,"statcode":"WK073706","statnaam":"Wijk 06 Sumar","jrstatcode":"2010WK073706","rubriek":"wijk","FID":"wijk_gegeneraliseerd_2010.21105ef1-629a-431d-927d-99e088d036f4"},"id":"WK073706"},{"arcs":[[-399,-402,-678,-5172,-5158,5172,-392]],"type":"Polygon","properties":{"id":117936,"statcode":"WK073707","statnaam":"Wijk 07 Eastermar","jrstatcode":"2010WK073707","rubriek":"wijk","FID":"wijk_gegeneraliseerd_2010.600caa2a-99df-4bb1-adb4-a4a050e1fbce"},"id":"WK073707"},{"arcs":[[-393,-5173,-5157,5173,5174]],"type":"Polygon","properties":{"id":117937,"statcode":"WK073708","statnaam":"Wijk 08 Noordburgum","jrstatcode":"2010WK073708","rubriek":"wijk","FID":"wijk_gegeneraliseerd_2010.15ee8535-4b05-4219-a31a-b4880bd162f6"},"id":"WK073708"},{"arcs":[[5175,-5174,-5156,-5169,-5167]],"type":"Polygon","properties":{"id":117938,"statcode":"WK073709","statnaam":"Wijk 09 Hurdegaryp","jrstatcode":"2010WK073709","rubriek":"wijk","FID":"wijk_gegeneraliseerd_2010.550c7ba8-dfbb-4163-896c-bc6f0b10fc1b"},"id":"WK073709"},{"arcs":[[5176,5177,5178,5179,5180,-2157,-2173]],"type":"Polygon","properties":{"id":117939,"statcode":"WK073800","statnaam":"Wijk 00 Wijk en Aalburg","jrstatcode":"2010WK073800","rubriek":"wijk","FID":"wijk_gegeneraliseerd_2010.fe5f2d28-b627-4726-bcf9-1f8d544c606d"},"id":"WK073800"},{"arcs":[[5181,5182,-2158,-5181]],"type":"Polygon","properties":{"id":117940,"statcode":"WK073801","statnaam":"Wijk 01 Veen","jrstatcode":"2010WK073801","rubriek":"wijk","FID":"wijk_gegeneraliseerd_2010.20b0ddbf-eec5-4fb2-b0cb-4e4588eb676d"},"id":"WK073801"},{"arcs":[[-5178,5183,5184]],"type":"Polygon","properties":{"id":117941,"statcode":"WK073802","statnaam":"Wijk 02 Genderen","jrstatcode":"2010WK073802","rubriek":"wijk","FID":"wijk_gegeneraliseerd_2010.8ecc260c-575a-4e61-b42c-ae50f0aa32f9"},"id":"WK073802"},{"arcs":[[-5185,5185,5186,5187,5188,5189,-5179]],"type":"Polygon","properties":{"id":117942,"statcode":"WK073803","statnaam":"Wijk 03 Eethen","jrstatcode":"2010WK073803","rubriek":"wijk","FID":"wijk_gegeneraliseerd_2010.76578e7f-867c-499a-951d-f5c453063dd3"},"id":"WK073803"},{"arcs":[[-5189,5190,5191,5192,5193,5194]],"type":"Polygon","properties":{"id":117943,"statcode":"WK073804","statnaam":"Wijk 04 Meeuwen","jrstatcode":"2010WK073804","rubriek":"wijk","FID":"wijk_gegeneraliseerd_2010.4be61d3a-3fcf-4936-8afa-08c424cdb303"},"id":"WK073804"},{"arcs":[[5195,5196,5197,-5191,-5188]],"type":"Polygon","properties":{"id":117944,"statcode":"WK073805","statnaam":"Wijk 05 Drongelen","jrstatcode":"2010WK073805","rubriek":"wijk","FID":"wijk_gegeneraliseerd_2010.86001c63-b177-461c-b4ce-8fd607de696d"},"id":"WK073805"},{"arcs":[[-5195,5198,5199,5200,5201,5202,-5182,-5180,-5190]],"type":"Polygon","properties":{"id":117945,"statcode":"WK073806","statnaam":"Wijk 06 Babyloniënbroek","jrstatcode":"2010WK073806","rubriek":"wijk","FID":"wijk_gegeneraliseerd_2010.2970a806-71da-409e-b7f2-5445148b0945"},"id":"WK073806"},{"arcs":[[5203,5204,5205,5206,5207,5208,5209,5210]],"type":"Polygon","properties":{"id":117946,"statcode":"WK074300","statnaam":"Wijk 00 Asten","jrstatcode":"2010WK074300","rubriek":"wijk","FID":"wijk_gegeneraliseerd_2010.5f8d61dd-37fa-4a2b-bf88-8b76803d5e39"},"id":"WK074300"},{"arcs":[[5211,5212,5213,5214,5215,-5207]],"type":"Polygon","properties":{"id":117947,"statcode":"WK074301","statnaam":"Wijk 01 Heusden","jrstatcode":"2010WK074301","rubriek":"wijk","FID":"wijk_gegeneraliseerd_2010.c9daccae-b610-4b2b-ad5e-b84397d834c9"},"id":"WK074301"},{"arcs":[[5216,5217,5218,-5211]],"type":"Polygon","properties":{"id":117948,"statcode":"WK074302","statnaam":"Wijk 02 Ommel","jrstatcode":"2010WK074302","rubriek":"wijk","FID":"wijk_gegeneraliseerd_2010.4904de9b-b6fd-4754-a4bb-290fa02b4f24"},"id":"WK074302"},{"arcs":[[5219,5220,-5213,5221]],"type":"Polygon","properties":{"id":117949,"statcode":"WK074308","statnaam":"Wijk 08","jrstatcode":"2010WK074308","rubriek":"wijk","FID":"wijk_gegeneraliseerd_2010.d26b26eb-4ac5-4ce1-84a4-4c75c9394565"},"id":"WK074308"},{"arcs":[[5222,5223,-5222,-5212,-5206]],"type":"Polygon","properties":{"id":117950,"statcode":"WK074309","statnaam":"Wijk 09","jrstatcode":"2010WK074309","rubriek":"wijk","FID":"wijk_gegeneraliseerd_2010.a3df8be2-cab4-4f30-8bcc-7bffbadba590"},"id":"WK074309"},{"arcs":[[5224,5225,5226,5227,5228,5229]],"type":"Polygon","properties":{"id":117951,"statcode":"WK074400","statnaam":"Wijk 00 Baarle - Nassau","jrstatcode":"2010WK074400","rubriek":"wijk","FID":"wijk_gegeneraliseerd_2010.0a146ab0-6112-4516-b08c-321cdd522194"},"id":"WK074400"},{"arcs":[[5230,-5230,5231]],"type":"Polygon","properties":{"id":117952,"statcode":"WK074401","statnaam":"Wijk 01 Ulicoten","jrstatcode":"2010WK074401","rubriek":"wijk","FID":"wijk_gegeneraliseerd_2010.1aff3f72-b2a2-44a2-97df-0cdfd9ab0d74"},"id":"WK074401"},{"arcs":[[5232,-5228]],"type":"Polygon","properties":{"id":117953,"statcode":"WK074402","statnaam":"Wijk 02","jrstatcode":"2010WK074402","rubriek":"wijk","FID":"wijk_gegeneraliseerd_2010.dc96dfb7-2c50-4fe7-bdea-df8f91bf6b39"},"id":"WK074402"},{"arcs":[[5233,5234,5235]],"type":"Polygon","properties":{"id":117954,"statcode":"WK074800","statnaam":"Wijk 00 Bergen op Zoom-Oude stad en omgeving","jrstatcode":"2010WK074800","rubriek":"wijk","FID":"wijk_gegeneraliseerd_2010.653b148d-4d65-4777-aa94-9ccf80845436"},"id":"WK074800"},{"arcs":[[5236,-5235,5237,5238]],"type":"Polygon","properties":{"id":117955,"statcode":"WK074801","statnaam":"Wijk 01 Bergen op Zoom-Noord","jrstatcode":"2010WK074801","rubriek":"wijk","FID":"wijk_gegeneraliseerd_2010.95c4a034-1c78-4ed7-aa3c-9afe1e4bf31a"},"id":"WK074801"},{"arcs":[[5239,5240,5241,5242,5243,5244,5245,-5236,-5237,5246,5247]],"type":"Polygon","properties":{"id":117956,"statcode":"WK074802","statnaam":"Wijk 02 Bergen op Zoom-Oost","jrstatcode":"2010WK074802","rubriek":"wijk","FID":"wijk_gegeneraliseerd_2010.11b8a381-c4a0-483a-a81b-020fd20133a0"},"id":"WK074802"},{"arcs":[[-5238,-5234,-5246,5248,-4866,-5054,5249]],"type":"Polygon","properties":{"id":117957,"statcode":"WK074803","statnaam":"Wijk 03 Bergen op Zoom-West","jrstatcode":"2010WK074803","rubriek":"wijk","FID":"wijk_gegeneraliseerd_2010.baf0736e-282b-4e94-95ee-6eb3cd452d65"},"id":"WK074803"},{"arcs":[[-5239,-5250,-5053,-5074,5250,-5247]],"type":"Polygon","properties":{"id":117958,"statcode":"WK074804","statnaam":"Wijk 04 Halsteren","jrstatcode":"2010WK074804","rubriek":"wijk","FID":"wijk_gegeneraliseerd_2010.aaa4b592-87e7-41b3-bc11-444e58491757"},"id":"WK074804"},{"arcs":[[-5248,-5251,-5073,5251,5252]],"type":"Polygon","properties":{"id":117959,"statcode":"WK074805","statnaam":"Wijk 05 Lepelstraat","jrstatcode":"2010WK074805","rubriek":"wijk","FID":"wijk_gegeneraliseerd_2010.cc09525b-6004-44e0-ad8d-e0a0a2ad7abf"},"id":"WK074805"},{"arcs":[[5253,5254,5255,5256,5257,5258]],"type":"Polygon","properties":{"id":117960,"statcode":"WK075300","statnaam":"Wijk 00 Best","jrstatcode":"2010WK075300","rubriek":"wijk","FID":"wijk_gegeneraliseerd_2010.ac127ad4-d06e-441b-b976-f0f381b600e4"},"id":"WK075300"},{"arcs":[[5259,5260,5261,5262,5263,5264,5265]],"type":"Polygon","properties":{"id":117961,"statcode":"WK075500","statnaam":"Wijk 00 Boekel","jrstatcode":"2010WK075500","rubriek":"wijk","FID":"wijk_gegeneraliseerd_2010.f3665320-e8dd-4907-ad00-9a3da4fe9a85"},"id":"WK075500"},{"arcs":[[5266,5267,5268,5269,-5266]],"type":"Polygon","properties":{"id":117962,"statcode":"WK075501","statnaam":"Wijk 01 Venhorst","jrstatcode":"2010WK075501","rubriek":"wijk","FID":"wijk_gegeneraliseerd_2010.29b7af2e-d2dd-4f92-8045-72f876a5e768"},"id":"WK075501"},{"arcs":[[5270,5271,5272,5273,5274]],"type":"Polygon","properties":{"id":117963,"statcode":"WK075600","statnaam":"Wijk 00 Boxmeer","jrstatcode":"2010WK075600","rubriek":"wijk","FID":"wijk_gegeneraliseerd_2010.20f2b434-47f1-455b-a96e-ee46cbe6e254"},"id":"WK075600"},{"arcs":[[5275,5276,5277,5278,5279,5280,-5272]],"type":"Polygon","properties":{"id":117964,"statcode":"WK075601","statnaam":"Wijk 01 Sambeek","jrstatcode":"2010WK075601","rubriek":"wijk","FID":"wijk_gegeneraliseerd_2010.638e0c7c-10eb-4d72-bf60-498ce80621e9"},"id":"WK075601"},{"arcs":[[5281,5282,5283,5284,5285,-5275]],"type":"Polygon","properties":{"id":117965,"statcode":"WK075602","statnaam":"Wijk 02 Beugen","jrstatcode":"2010WK075602","rubriek":"wijk","FID":"wijk_gegeneraliseerd_2010.cc1de011-2b40-4729-a69d-5bf1579d1991"},"id":"WK075602"},{"arcs":[[5286,5287,-5284,5288,5289]],"type":"Polygon","properties":{"id":117966,"statcode":"WK075603","statnaam":"Wijk 03 Oeffelt","jrstatcode":"2010WK075603","rubriek":"wijk","FID":"wijk_gegeneraliseerd_2010.dcc77056-bb1e-4828-842c-b90a8a83443f"},"id":"WK075603"},{"arcs":[[5290,-5282,-5274,5291,5292]],"type":"Polygon","properties":{"id":117967,"statcode":"WK075604","statnaam":"Wijk 04 Rijkevoort","jrstatcode":"2010WK075604","rubriek":"wijk","FID":"wijk_gegeneraliseerd_2010.57d7c7c0-f4c4-4c68-9afa-7767e8f4eb9b"},"id":"WK075604"},{"arcs":[[5293,5294,-5279]],"type":"Polygon","properties":{"id":117968,"statcode":"WK075605","statnaam":"Wijk 05 Vortum-Mullem","jrstatcode":"2010WK075605","rubriek":"wijk","FID":"wijk_gegeneraliseerd_2010.f3ca1084-a340-468e-b5e8-6fc4061b21be"},"id":"WK075605"},{"arcs":[[5295,5296,5297,5298,5299,5300,-5294,-5278]],"type":"Polygon","properties":{"id":117969,"statcode":"WK075606","statnaam":"Wijk 06 Vierlingsbeek","jrstatcode":"2010WK075606","rubriek":"wijk","FID":"wijk_gegeneraliseerd_2010.0090c0af-4336-4b42-82e1-6411e449abd8"},"id":"WK075606"},{"arcs":[[5301,5302,5303,-5300,5304,5305,5306,5307]],"type":"Polygon","properties":{"id":117970,"statcode":"WK075607","statnaam":"Wijk 07 Overloon","jrstatcode":"2010WK075607","rubriek":"wijk","FID":"wijk_gegeneraliseerd_2010.fa8294f7-62c6-426f-8a9e-ca66ac9a4f35"},"id":"WK075607"},{"arcs":[[5308,5309,5310,5311,-5298]],"type":"Polygon","properties":{"id":117971,"statcode":"WK075608","statnaam":"Wijk 08 Maashees","jrstatcode":"2010WK075608","rubriek":"wijk","FID":"wijk_gegeneraliseerd_2010.3a263038-7aa8-42ba-ba91-b1cb453c7731"},"id":"WK075608"},{"arcs":[[-5312,5312,-5305,-5299]],"type":"Polygon","properties":{"id":117972,"statcode":"WK075609","statnaam":"Wijk 09 Holthees","jrstatcode":"2010WK075609","rubriek":"wijk","FID":"wijk_gegeneraliseerd_2010.4686ddeb-be33-4205-8a59-b344bc82aa10"},"id":"WK075609"},{"arcs":[[5313,5314,5315,5316,5317,5318,5319,5320,5321]],"type":"Polygon","properties":{"id":117973,"statcode":"WK075700","statnaam":"Wijk 00 Boxtel","jrstatcode":"2010WK075700","rubriek":"wijk","FID":"wijk_gegeneraliseerd_2010.b42fa35b-da12-4a07-a832-05849657b1fa"},"id":"WK075700"},{"arcs":[[5322,5323,5324,5325,-5316]],"type":"Polygon","properties":{"id":117974,"statcode":"WK075701","statnaam":"Wijk 01 Lennisheuvel","jrstatcode":"2010WK075701","rubriek":"wijk","FID":"wijk_gegeneraliseerd_2010.7fc4a470-d439-47d6-a180-39332d819167"},"id":"WK075701"},{"arcs":[[[5326,5327,-5256,5328,-5323,-5315]],[[-5314,5329,5330]]],"type":"MultiPolygon","properties":{"id":117975,"statcode":"WK075702","statnaam":"Wijk 02 Liempde","jrstatcode":"2010WK075702","rubriek":"wijk","FID":"wijk_gegeneraliseerd_2010.08701009-8805-4e3a-b30d-2ab93aec389b"},"id":"WK075702"},{"arcs":[[5331,5332,5333,5334]],"type":"Polygon","properties":{"id":117976,"statcode":"WK075800","statnaam":"Wijk 00 Breda Centrum","jrstatcode":"2010WK075800","rubriek":"wijk","FID":"wijk_gegeneraliseerd_2010.66aece2d-483a-4d9e-85df-6d76733f3b47"},"id":"WK075800"},{"arcs":[[5335,-5333,5336,5337,5338,5339]],"type":"Polygon","properties":{"id":117977,"statcode":"WK075801","statnaam":"Wijk 01 Breda Noord","jrstatcode":"2010WK075801","rubriek":"wijk","FID":"wijk_gegeneraliseerd_2010.9353afc3-2578-41c0-a7b4-ec9cd70c2d5b"},"id":"WK075801"},{"arcs":[[5340,5341,5342,5343,-5334,-5336,5344]],"type":"Polygon","properties":{"id":117978,"statcode":"WK075802","statnaam":"Wijk 02 Breda Oost","jrstatcode":"2010WK075802","rubriek":"wijk","FID":"wijk_gegeneraliseerd_2010.622fbf73-21e9-4131-b5f2-0beea22cb21f"},"id":"WK075802"},{"arcs":[[5345,5346,5347,5348,-5343,5349,5350]],"type":"Polygon","properties":{"id":117979,"statcode":"WK075803","statnaam":"Wijk 03 Breda Zuid-Oost","jrstatcode":"2010WK075803","rubriek":"wijk","FID":"wijk_gegeneraliseerd_2010.ffbe36d4-c84c-4a96-9bf0-30eae9e47d7b"},"id":"WK075803"},{"arcs":[[5351,-5335,-5344,-5349]],"type":"Polygon","properties":{"id":117980,"statcode":"WK075804","statnaam":"Wijk 04 Breda Zuid","jrstatcode":"2010WK075804","rubriek":"wijk","FID":"wijk_gegeneraliseerd_2010.7ed18c65-e3c3-4446-9224-03c278612f5e"},"id":"WK075804"},{"arcs":[[5352,5353,5354,5355,5356,5357,5358,5359,-5332,-5352,-5348]],"type":"Polygon","properties":{"id":117981,"statcode":"WK075805","statnaam":"Wijk 05 Breda West","jrstatcode":"2010WK075805","rubriek":"wijk","FID":"wijk_gegeneraliseerd_2010.41fb4887-803d-4135-8945-eb85d292cc27"},"id":"WK075805"},{"arcs":[[5360,5361,-5337,-5360,5362]],"type":"Polygon","properties":{"id":117982,"statcode":"WK075806","statnaam":"Wijk 06 Breda Noord-West","jrstatcode":"2010WK075806","rubriek":"wijk","FID":"wijk_gegeneraliseerd_2010.7c71ab41-6dbc-4e6d-a8a0-1a31428fccd6"},"id":"WK075806"},{"arcs":[[-5350,-5342,5363,5364,5365,5366]],"type":"Polygon","properties":{"id":117983,"statcode":"WK075807","statnaam":"Wijk 07 Bavel","jrstatcode":"2010WK075807","rubriek":"wijk","FID":"wijk_gegeneraliseerd_2010.685a0d6e-a0c4-48c1-8a92-14ea147d8fed"},"id":"WK075807"},{"arcs":[[-5367,5367,-5351]],"type":"Polygon","properties":{"id":117984,"statcode":"WK075808","statnaam":"Wijk 08 Ulvenhout","jrstatcode":"2010WK075808","rubriek":"wijk","FID":"wijk_gegeneraliseerd_2010.d5671588-ef03-4ef1-ae52-7700b56e40db"},"id":"WK075808"},{"arcs":[[-5359,5368,5369,-5363]],"type":"Polygon","properties":{"id":117985,"statcode":"WK075809","statnaam":"Wijk 09 Prinsenbeek","jrstatcode":"2010WK075809","rubriek":"wijk","FID":"wijk_gegeneraliseerd_2010.e9542710-cbca-4782-9877-ba73a09851ac"},"id":"WK075809"},{"arcs":[[5370,5371,-5345,-5340]],"type":"Polygon","properties":{"id":117986,"statcode":"WK075810","statnaam":"Wijk 10 Teteringen","jrstatcode":"2010WK075810","rubriek":"wijk","FID":"wijk_gegeneraliseerd_2010.daab7795-124a-493a-9a05-3227add35a5f"},"id":"WK075810"},{"arcs":[[5372,5373,5374,5375,5376,5377,5378,5379,5380]],"type":"Polygon","properties":{"id":117987,"statcode":"WK076200","statnaam":"Wijk 00 Deurne","jrstatcode":"2010WK076200","rubriek":"wijk","FID":"wijk_gegeneraliseerd_2010.8f6e21ce-404b-48ea-84eb-0b36890c1147"},"id":"WK076200"},{"arcs":[[-5377,5381,-5204,-5219,5382,5383]],"type":"Polygon","properties":{"id":117988,"statcode":"WK076201","statnaam":"Wijk 01 Vlierden","jrstatcode":"2010WK076201","rubriek":"wijk","FID":"wijk_gegeneraliseerd_2010.f09f8d40-1e00-4406-965c-f1b35fcfcd5c"},"id":"WK076201"},{"arcs":[[5384,5385,-5223,-5205,-5382,-5376]],"type":"Polygon","properties":{"id":117989,"statcode":"WK076202","statnaam":"Wijk 02 Liessel","jrstatcode":"2010WK076202","rubriek":"wijk","FID":"wijk_gegeneraliseerd_2010.ae75764d-8835-4a77-9bbb-ebfd1353569a"},"id":"WK076202"},{"arcs":[[-5386,5386,5387,-5220,-5224]],"type":"Polygon","properties":{"id":117990,"statcode":"WK076203","statnaam":"Wijk 03 Neerkant","jrstatcode":"2010WK076203","rubriek":"wijk","FID":"wijk_gegeneraliseerd_2010.9dc9ee47-d24e-4d4f-bbb0-1b15c59941b0"},"id":"WK076203"},{"arcs":[[5388,5389,-5387,-5385,-5375,5390,5391]],"type":"Polygon","properties":{"id":117991,"statcode":"WK076204","statnaam":"Wijk 04 Helenaveen","jrstatcode":"2010WK076204","rubriek":"wijk","FID":"wijk_gegeneraliseerd_2010.dbe4bf59-d33b-4a5d-91f6-ebfcc285f518"},"id":"WK076204"},{"arcs":[[-240,5392,-260,5393,5394,5395,-28]],"type":"Polygon","properties":{"id":117992,"statcode":"WK076500","statnaam":"Wijk 00","jrstatcode":"2010WK076500","rubriek":"wijk","FID":"wijk_gegeneraliseerd_2010.e794ed69-98b9-4f05-98b0-ff6f7733d5dd"},"id":"WK076500"},{"arcs":[[-239,-224,-264,-256,-5393]],"type":"Polygon","properties":{"id":117993,"statcode":"WK076501","statnaam":"Wijk 01","jrstatcode":"2010WK076501","rubriek":"wijk","FID":"wijk_gegeneraliseerd_2010.ee073a0b-a871-4f9d-bbb6-906f4cb27cbb"},"id":"WK076501"},{"arcs":[[5396,5397,5398,5399,5400,5401,5402,5403]],"type":"Polygon","properties":{"id":117994,"statcode":"WK076600","statnaam":"Wijk 00 Dongen-Centrum","jrstatcode":"2010WK076600","rubriek":"wijk","FID":"wijk_gegeneraliseerd_2010.3ce99e2b-d85c-49ba-bb44-2bdaef29d1ba"},"id":"WK076600"},{"arcs":[[5404,5405,5406,5407,-5403,5408]],"type":"Polygon","properties":{"id":117995,"statcode":"WK076601","statnaam":"Wijk 01 Dongense Vaart","jrstatcode":"2010WK076601","rubriek":"wijk","FID":"wijk_gegeneraliseerd_2010.4ad4f7b0-c64c-4c77-9569-135833627d94"},"id":"WK076601"},{"arcs":[[-5409,-5402,5409,5410,5411,5412]],"type":"Polygon","properties":{"id":117996,"statcode":"WK076602","statnaam":"Wijk 02 's-Gravenmoer","jrstatcode":"2010WK076602","rubriek":"wijk","FID":"wijk_gegeneraliseerd_2010.7869be3c-0b0e-4422-92fb-a28509794099"},"id":"WK076602"},{"arcs":[[5413,5414,5415,5416,5417,5418,5419]],"type":"Polygon","properties":{"id":117997,"statcode":"WK077000","statnaam":"Wijk 00 Eersel","jrstatcode":"2010WK077000","rubriek":"wijk","FID":"wijk_gegeneraliseerd_2010.d5e82253-e714-4ac3-a9c6-7707745b78dd"},"id":"WK077000"},{"arcs":[[5420,5421,5422,-5418]],"type":"Polygon","properties":{"id":117998,"statcode":"WK077001","statnaam":"Wijk 01 Duizel","jrstatcode":"2010WK077001","rubriek":"wijk","FID":"wijk_gegeneraliseerd_2010.dfa99305-8a30-4bba-92be-f0414ad39296"},"id":"WK077001"},{"arcs":[[5423,5424,-5420,5425]],"type":"Polygon","properties":{"id":117999,"statcode":"WK077002","statnaam":"Wijk 02 Steensel","jrstatcode":"2010WK077002","rubriek":"wijk","FID":"wijk_gegeneraliseerd_2010.25703e99-c044-4edc-9226-b437996ffba3"},"id":"WK077002"},{"arcs":[[5426,5427,5428,5429,5430,5431]],"type":"Polygon","properties":{"id":118000,"statcode":"WK077003","statnaam":"Wijk 03 Vessem","jrstatcode":"2010WK077003","rubriek":"wijk","FID":"wijk_gegeneraliseerd_2010.7cc324e3-7e1a-4e63-858b-c8dd9352a5ce"},"id":"WK077003"},{"arcs":[[5432,5433,5434,-5428,5435]],"type":"Polygon","properties":{"id":118001,"statcode":"WK077004","statnaam":"Wijk 04 Wintelre","jrstatcode":"2010WK077004","rubriek":"wijk","FID":"wijk_gegeneraliseerd_2010.098efb8e-9c59-4ab4-9c09-e6bbede5a29b"},"id":"WK077004"},{"arcs":[[5436,5437,-5426,-5419,-5423,5438,-5430]],"type":"Polygon","properties":{"id":118002,"statcode":"WK077005","statnaam":"Wijk 05 Knegsel","jrstatcode":"2010WK077005","rubriek":"wijk","FID":"wijk_gegeneraliseerd_2010.33f823c2-a015-4d0f-b7f7-18a1ce5122f5"},"id":"WK077005"},{"arcs":[[5439,5440,5441,5442,5443]],"type":"Polygon","properties":{"id":118003,"statcode":"WK077211","statnaam":"Wijk 11 Stadsdeel Centrum","jrstatcode":"2010WK077211","rubriek":"wijk","FID":"wijk_gegeneraliseerd_2010.d5b57335-2d2a-4616-a300-c00cd366bb4e"},"id":"WK077211"},{"arcs":[[5444,5445,5446,5447,-5440,5448]],"type":"Polygon","properties":{"id":118004,"statcode":"WK077212","statnaam":"Wijk 12 Stadsdeel Stratum","jrstatcode":"2010WK077212","rubriek":"wijk","FID":"wijk_gegeneraliseerd_2010.29726d44-736e-4c7f-b647-2cab06d92181"},"id":"WK077212"},{"arcs":[[5449,5450,5451,-5449,-5444]],"type":"Polygon","properties":{"id":118005,"statcode":"WK077213","statnaam":"Wijk 13 Stadsdeel Tongelre","jrstatcode":"2010WK077213","rubriek":"wijk","FID":"wijk_gegeneraliseerd_2010.904d0312-47d9-4b5e-956b-c01a61dc791e"},"id":"WK077213"},{"arcs":[[5452,-5450,-5443,5453,5454]],"type":"Polygon","properties":{"id":118006,"statcode":"WK077214","statnaam":"Wijk 14 Stadsdeel Woensel-Zuid","jrstatcode":"2010WK077214","rubriek":"wijk","FID":"wijk_gegeneraliseerd_2010.b5b2fd45-dfe7-4b3d-a63c-60d4c94dd85d"},"id":"WK077214"},{"arcs":[[5455,-5259,5456,5457,5458,-5455]],"type":"Polygon","properties":{"id":118007,"statcode":"WK077215","statnaam":"Wijk 15 Stadsdeel Woensel-Noord","jrstatcode":"2010WK077215","rubriek":"wijk","FID":"wijk_gegeneraliseerd_2010.62a3ae41-f02a-480b-984b-fcc2e75199fe"},"id":"WK077215"},{"arcs":[[5459,5460,5461,5462,-5434,5463,-5254,-5456,-5454,-5442]],"type":"Polygon","properties":{"id":118008,"statcode":"WK077216","statnaam":"Wijk 16 Stadsdeel Strijp","jrstatcode":"2010WK077216","rubriek":"wijk","FID":"wijk_gegeneraliseerd_2010.877597bd-06e2-4cef-923f-e35c9ae7fa5c"},"id":"WK077216"},{"arcs":[[-5441,-5448,5464,5465,-5460]],"type":"Polygon","properties":{"id":118009,"statcode":"WK077217","statnaam":"Wijk 17 Stadsdeel Gestel","jrstatcode":"2010WK077217","rubriek":"wijk","FID":"wijk_gegeneraliseerd_2010.68ced563-4253-436c-b016-a28dcb1f8675"},"id":"WK077217"},{"arcs":[[5466,5467,5468,5469,5470]],"type":"Polygon","properties":{"id":118010,"statcode":"WK077700","statnaam":"Wijk 00 Etten-Leur Midden woongebied","jrstatcode":"2010WK077700","rubriek":"wijk","FID":"wijk_gegeneraliseerd_2010.cc0df0cd-07ab-4e93-9a03-0e8e752b32aa"},"id":"WK077700"},{"arcs":[[5471,-5467,5472,5473,5474,5475]],"type":"Polygon","properties":{"id":118011,"statcode":"WK077701","statnaam":"Wijk 01 Etten-Leur Midden. Bedrijventerrein Vosdonk","jrstatcode":"2010WK077701","rubriek":"wijk","FID":"wijk_gegeneraliseerd_2010.8888537d-8489-4981-a934-d2f8ed41af89"},"id":"WK077701"},{"arcs":[[-5358,5476,5477,-5469,5478,5479]],"type":"Polygon","properties":{"id":118012,"statcode":"WK077702","statnaam":"Wijk 02 Etten-Leur landelijk gebied","jrstatcode":"2010WK077702","rubriek":"wijk","FID":"wijk_gegeneraliseerd_2010.2d1bac93-6249-457d-a079-e97305b35f40"},"id":"WK077702"},{"arcs":[[-5479,-5468,5480,5481]],"type":"Polygon","properties":{"id":118013,"statcode":"WK077710","statnaam":"Wijk 10 Etten-Leur Noord woongebied","jrstatcode":"2010WK077710","rubriek":"wijk","FID":"wijk_gegeneraliseerd_2010.4e6922c9-d35a-4b0d-806a-e4bb9e0f40b9"},"id":"WK077710"},{"arcs":[[-5481,-5472,5482]],"type":"Polygon","properties":{"id":118014,"statcode":"WK077711","statnaam":"Wijk 11 Etten-Leur Noord bedrijventerrein","jrstatcode":"2010WK077711","rubriek":"wijk","FID":"wijk_gegeneraliseerd_2010.a18a47ae-74ff-4a44-b1bb-0f8a06723523"},"id":"WK077711"},{"arcs":[[-5483,-5476,5483,5484,5485,-5369,-5480,-5482]],"type":"Polygon","properties":{"id":118015,"statcode":"WK077712","statnaam":"Wijk 12 Etten-Leur Noord verspreide huizen","jrstatcode":"2010WK077712","rubriek":"wijk","FID":"wijk_gegeneraliseerd_2010.d32c96fc-6fee-4bc1-9e27-bb0318cb6098"},"id":"WK077712"},{"arcs":[[-5471,5486,5487,5488]],"type":"Polygon","properties":{"id":118016,"statcode":"WK077720","statnaam":"Wijk 20 Etten-Leur Zuid woongebied","jrstatcode":"2010WK077720","rubriek":"wijk","FID":"wijk_gegeneraliseerd_2010.ce83c9b4-4fd5-437c-bf1b-5125f391f641"},"id":"WK077720"},{"arcs":[[-5489,5489,5490,5491,-5473]],"type":"Polygon","properties":{"id":118017,"statcode":"WK077721","statnaam":"Wijk 21 Etten-Leur Zuid bedrijventerrein","jrstatcode":"2010WK077721","rubriek":"wijk","FID":"wijk_gegeneraliseerd_2010.e8aa0c1f-6d9b-454c-af21-daa361f0f2da"},"id":"WK077721"},{"arcs":[[5492,-5487,-5470,-5478]],"type":"Polygon","properties":{"id":118018,"statcode":"WK077722","statnaam":"Wijk 22 Etten-Leur Zuid bedrijventerrein Trivium","jrstatcode":"2010WK077722","rubriek":"wijk","FID":"wijk_gegeneraliseerd_2010.bef09f09-f0cb-438a-8fb8-e69e0fdb9853"},"id":"WK077722"},{"arcs":[[5493,-5490,-5488,-5493,-5477,-5357,5494]],"type":"Polygon","properties":{"id":118019,"statcode":"WK077723","statnaam":"Wijk 23 Etten-Leur Zuid verspreide huizen","jrstatcode":"2010WK077723","rubriek":"wijk","FID":"wijk_gegeneraliseerd_2010.a61a50f1-67d8-49a3-bd80-4401e9480b3e"},"id":"WK077723"},{"arcs":[[5495,5496,5497,5498,5499]],"type":"Polygon","properties":{"id":118020,"statcode":"WK077900","statnaam":"Wijk 00 Raamsdonksveer","jrstatcode":"2010WK077900","rubriek":"wijk","FID":"wijk_gegeneraliseerd_2010.572c9bf9-5e63-4bf8-9b92-959fccdde5ea"},"id":"WK077900"},{"arcs":[[5500,-5411,5501,-5496,5502]],"type":"Polygon","properties":{"id":118021,"statcode":"WK077901","statnaam":"Wijk 01 Raamsdonk","jrstatcode":"2010WK077901","rubriek":"wijk","FID":"wijk_gegeneraliseerd_2010.c86f9a3d-5fa1-410f-9e62-7f17d0165c58"},"id":"WK077901"},{"arcs":[[5503,5504,5505,5506,5507,-5499]],"type":"Polygon","properties":{"id":118022,"statcode":"WK077902","statnaam":"Wijk 02 Geertruidenberg","jrstatcode":"2010WK077902","rubriek":"wijk","FID":"wijk_gegeneraliseerd_2010.7176f2b0-bca0-413a-becf-80e0708bcdd0"},"id":"WK077902"},{"arcs":[[-5399,5508,5509,5510,5511,5512]],"type":"Polygon","properties":{"id":118023,"statcode":"WK078400","statnaam":"Wijk 00 Rijen","jrstatcode":"2010WK078400","rubriek":"wijk","FID":"wijk_gegeneraliseerd_2010.63b91125-3a06-4978-a487-6685bef825b0"},"id":"WK078400"},{"arcs":[[5513,5514,5515,5516,5517,-5511,5518]],"type":"Polygon","properties":{"id":118024,"statcode":"WK078401","statnaam":"Wijk 01 Gilze","jrstatcode":"2010WK078401","rubriek":"wijk","FID":"wijk_gegeneraliseerd_2010.0bad9296-3031-4e66-bf69-edd0ad84370d"},"id":"WK078401"},{"arcs":[[-5512,-5518,5519,5520,5521,-5365,5522]],"type":"Polygon","properties":{"id":118025,"statcode":"WK078402","statnaam":"Wijk 02 Molenschot","jrstatcode":"2010WK078402","rubriek":"wijk","FID":"wijk_gegeneraliseerd_2010.e6838769-8c06-443f-8376-d005fc3fe15e"},"id":"WK078402"},{"arcs":[[5523,-5519,-5510,5524]],"type":"Polygon","properties":{"id":118026,"statcode":"WK078403","statnaam":"Wijk 03 Hulten","jrstatcode":"2010WK078403","rubriek":"wijk","FID":"wijk_gegeneraliseerd_2010.8a4666d8-ba96-42ee-9d70-204b2f97beb9"},"id":"WK078403"},{"arcs":[[5525,5526,5527,5528]],"type":"Polygon","properties":{"id":118027,"statcode":"WK078501","statnaam":"Wijk 01 Goirle-Centrum","jrstatcode":"2010WK078501","rubriek":"wijk","FID":"wijk_gegeneraliseerd_2010.a54609c6-6b67-405c-9945-0e33b5e0111c"},"id":"WK078501"},{"arcs":[[5529,5530,-5529,5531,5532]],"type":"Polygon","properties":{"id":118028,"statcode":"WK078502","statnaam":"Wijk 02 Grobbendonck","jrstatcode":"2010WK078502","rubriek":"wijk","FID":"wijk_gegeneraliseerd_2010.68b04156-6b84-4981-923a-ec8926967cd0"},"id":"WK078502"},{"arcs":[[5533,5534,-5530,5535,5536,5537]],"type":"Polygon","properties":{"id":118029,"statcode":"WK078503","statnaam":"Wijk 03 De Groote Akkers","jrstatcode":"2010WK078503","rubriek":"wijk","FID":"wijk_gegeneraliseerd_2010.f279a813-14ae-47ba-a8da-9e19e5b736e1"},"id":"WK078503"},{"arcs":[[5538,5539,-5538]],"type":"Polygon","properties":{"id":118030,"statcode":"WK078504","statnaam":"Wijk 04 De Hoge Wal","jrstatcode":"2010WK078504","rubriek":"wijk","FID":"wijk_gegeneraliseerd_2010.2a023480-0e74-4eed-9b87-7fe98ca12484"},"id":"WK078504"},{"arcs":[[-5535,5540,5541,-5526,-5531]],"type":"Polygon","properties":{"id":118031,"statcode":"WK078505","statnaam":"Wijk 05 Abcoven","jrstatcode":"2010WK078505","rubriek":"wijk","FID":"wijk_gegeneraliseerd_2010.f6f81821-b20c-4f7d-86f2-900d4cec29a5"},"id":"WK078505"},{"arcs":[[-5527,-5542,5542,5543,5544,5545]],"type":"Polygon","properties":{"id":118032,"statcode":"WK078506","statnaam":"Wijk 06 Wildackers","jrstatcode":"2010WK078506","rubriek":"wijk","FID":"wijk_gegeneraliseerd_2010.7431efed-371c-4983-a39d-9fe7c2df2aed"},"id":"WK078506"},{"arcs":[[-5532,-5528,-5546,5546,5547,5548]],"type":"Polygon","properties":{"id":118033,"statcode":"WK078507","statnaam":"Wijk 07 't Ven","jrstatcode":"2010WK078507","rubriek":"wijk","FID":"wijk_gegeneraliseerd_2010.8731445c-2929-4224-824e-dd72b5543e06"},"id":"WK078507"},{"arcs":[[-5536,-5533,-5549,5549,5550]],"type":"Polygon","properties":{"id":118034,"statcode":"WK078508","statnaam":"Wijk 08 De Boschkens","jrstatcode":"2010WK078508","rubriek":"wijk","FID":"wijk_gegeneraliseerd_2010.78529d88-0881-4fe8-aac7-d911c16fde42"},"id":"WK078508"},{"arcs":[[5551,-5550,-5548,5552,5553,5554]],"type":"Polygon","properties":{"id":118035,"statcode":"WK078509","statnaam":"Wijk 09 De Hellen","jrstatcode":"2010WK078509","rubriek":"wijk","FID":"wijk_gegeneraliseerd_2010.a0106abf-a99f-40c9-8e58-30d21f7b46ec"},"id":"WK078509"},{"arcs":[[5555,5556,-5554]],"type":"Polygon","properties":{"id":118036,"statcode":"WK078510","statnaam":"Wijk 10 De Nieuwe Erven","jrstatcode":"2010WK078510","rubriek":"wijk","FID":"wijk_gegeneraliseerd_2010.2a2281c0-ae64-4067-bb97-4f3944f9c407"},"id":"WK078510"},{"arcs":[[5557,5558,-5553,-5547,-5545]],"type":"Polygon","properties":{"id":118037,"statcode":"WK078511","statnaam":"Wijk 11 Hoogeind","jrstatcode":"2010WK078511","rubriek":"wijk","FID":"wijk_gegeneraliseerd_2010.549a5702-e17d-4196-b658-673cedd92220"},"id":"WK078511"},{"arcs":[[5559,5560,-5556,-5559]],"type":"Polygon","properties":{"id":118038,"statcode":"WK078512","statnaam":"Wijk 12 Sportpark Van den Wildenberg","jrstatcode":"2010WK078512","rubriek":"wijk","FID":"wijk_gegeneraliseerd_2010.dcccca18-2e5e-46ea-b59d-eb5ef52753d3"},"id":"WK078512"},{"arcs":[[-5560,-5558,-5544,5561]],"type":"Polygon","properties":{"id":118039,"statcode":"WK078513","statnaam":"Wijk 13 Bedrijventerrein Tijvoort","jrstatcode":"2010WK078513","rubriek":"wijk","FID":"wijk_gegeneraliseerd_2010.5a81f12a-2b3b-4a34-8a37-c2020ed7d45f"},"id":"WK078513"},{"arcs":[[5562,5563,5564,5565,5566,5567,-5555,-5557,-5561,-5562,-5543,-5541,-5534,-5540,5568]],"type":"Polygon","properties":{"id":118040,"statcode":"WK078514","statnaam":"Wijk 14 Verspreide huizen Goirle","jrstatcode":"2010WK078514","rubriek":"wijk","FID":"wijk_gegeneraliseerd_2010.946e9fa6-2f65-4af5-83fc-660fdd27b559"},"id":"WK078514"},{"arcs":[[5569,-5567,5570,5571,5572,5573,5574]],"type":"Polygon","properties":{"id":118041,"statcode":"WK078520","statnaam":"Wijk 20 Riel","jrstatcode":"2010WK078520","rubriek":"wijk","FID":"wijk_gegeneraliseerd_2010.b821c2fd-d877-4c65-ba56-5e8fc1f3acef"},"id":"WK078520"},{"arcs":[[5575,-5574]],"type":"Polygon","properties":{"id":118042,"statcode":"WK078521","statnaam":"Wijk 21 Bedrijventerrein Riel","jrstatcode":"2010WK078521","rubriek":"wijk","FID":"wijk_gegeneraliseerd_2010.5dfd9dfb-6883-4357-a236-ca99e9aa84fb"},"id":"WK078521"},{"arcs":[[-5572,5576]],"type":"Polygon","properties":{"id":118043,"statcode":"WK078522","statnaam":"Wijk 22 Sportpark De Krim","jrstatcode":"2010WK078522","rubriek":"wijk","FID":"wijk_gegeneraliseerd_2010.c1b89b03-95c6-4600-aac0-a015c9caea39"},"id":"WK078522"},{"arcs":[[-5575,-5576,-5573,-5577,-5571,-5566,5577,-5515,5578]],"type":"Polygon","properties":{"id":118044,"statcode":"WK078523","statnaam":"Wijk 23 Verspriede huizen Riel","jrstatcode":"2010WK078523","rubriek":"wijk","FID":"wijk_gegeneraliseerd_2010.a9f8de32-da28-45ec-b787-20bac85ad12a"},"id":"WK078523"},{"arcs":[[-1983,5579,5580]],"type":"Polygon","properties":{"id":118045,"statcode":"WK078600","statnaam":"Wijk 00 Grave","jrstatcode":"2010WK078600","rubriek":"wijk","FID":"wijk_gegeneraliseerd_2010.501defbb-c618-4832-acc9-004c1d2d589d"},"id":"WK078600"},{"arcs":[[5581,-5580,-1982,5582,5583,5584]],"type":"Polygon","properties":{"id":118046,"statcode":"WK078601","statnaam":"Wijk 01 Escharen","jrstatcode":"2010WK078601","rubriek":"wijk","FID":"wijk_gegeneraliseerd_2010.e313c752-12ee-4661-942e-f85c6672c5c7"},"id":"WK078601"},{"arcs":[[-5582,5585,5586,5587,-2140,-1977,-5581]],"type":"Polygon","properties":{"id":118047,"statcode":"WK078602","statnaam":"Wijk 02 Velp","jrstatcode":"2010WK078602","rubriek":"wijk","FID":"wijk_gegeneraliseerd_2010.7b934460-e751-40a0-b269-f50155a8844d"},"id":"WK078602"},{"arcs":[[5588,5589,5590,-5583,-1981]],"type":"Polygon","properties":{"id":118048,"statcode":"WK078603","statnaam":"Wijk 03 Gassel","jrstatcode":"2010WK078603","rubriek":"wijk","FID":"wijk_gegeneraliseerd_2010.d7cb1b7a-479a-449f-a39e-075abca0ec8f"},"id":"WK078603"},{"arcs":[[5591,5592,5593,5594,-5318,5595]],"type":"Polygon","properties":{"id":118049,"statcode":"WK078800","statnaam":"Wijk 00 Haaren","jrstatcode":"2010WK078800","rubriek":"wijk","FID":"wijk_gegeneraliseerd_2010.1f0a301c-a192-433a-9828-df74de025d0d"},"id":"WK078800"},{"arcs":[[5596,-5593,5597,5598,5599,5600]],"type":"Polygon","properties":{"id":118050,"statcode":"WK078801","statnaam":"Wijk 01 Helvoirt","jrstatcode":"2010WK078801","rubriek":"wijk","FID":"wijk_gegeneraliseerd_2010.2fd28a8b-fbab-4376-9904-e46c4096f2f0"},"id":"WK078801"},{"arcs":[[-5319,-5595,5601]],"type":"Polygon","properties":{"id":118051,"statcode":"WK078802","statnaam":"Wijk 02 Esch","jrstatcode":"2010WK078802","rubriek":"wijk","FID":"wijk_gegeneraliseerd_2010.a98790b0-c332-4e8e-9272-beefbcbeca9a"},"id":"WK078802"},{"arcs":[[5602,-5598,-5592,5603,5604]],"type":"Polygon","properties":{"id":118052,"statcode":"WK078803","statnaam":"Wijk 03 Biezenmortel","jrstatcode":"2010WK078803","rubriek":"wijk","FID":"wijk_gegeneraliseerd_2010.afecfd73-26c9-4c35-b13e-5e7d873f2d35"},"id":"WK078803"},{"arcs":[[5605,5606,5607,5608,5609]],"type":"Polygon","properties":{"id":118053,"statcode":"WK079410","statnaam":"Wijk 10 Binnenstad","jrstatcode":"2010WK079410","rubriek":"wijk","FID":"wijk_gegeneraliseerd_2010.36dd129b-b9ba-44f2-9381-56fe69f2f3d4"},"id":"WK079410"},{"arcs":[[5610,5611,5612,5613,5614,-5610]],"type":"Polygon","properties":{"id":118054,"statcode":"WK079411","statnaam":"Wijk 11 Helmond-Oost","jrstatcode":"2010WK079411","rubriek":"wijk","FID":"wijk_gegeneraliseerd_2010.269277ee-ea70-4836-85f1-18754a9451bb"},"id":"WK079411"},{"arcs":[[5615,-5611,-5609,5616,5617]],"type":"Polygon","properties":{"id":118055,"statcode":"WK079412","statnaam":"Wijk 12 Helmond-Noord","jrstatcode":"2010WK079412","rubriek":"wijk","FID":"wijk_gegeneraliseerd_2010.ce601a2b-4262-49a7-8e37-b85b6f67bdf2"},"id":"WK079412"},{"arcs":[[5618,5619,5620,5621,5622,5623]],"type":"Polygon","properties":{"id":118056,"statcode":"WK079413","statnaam":"Wijk 13 't Hout","jrstatcode":"2010WK079413","rubriek":"wijk","FID":"wijk_gegeneraliseerd_2010.39d4e44d-d410-4a82-90b9-0360ff10ac77"},"id":"WK079413"},{"arcs":[[5624,-5378,-5384,5625,-5614]],"type":"Polygon","properties":{"id":118057,"statcode":"WK079414","statnaam":"Wijk 14 Brouwhuis","jrstatcode":"2010WK079414","rubriek":"wijk","FID":"wijk_gegeneraliseerd_2010.856ff143-3ea2-4f8a-9ae1-b0883f8c87f4"},"id":"WK079414"},{"arcs":[[5626,-5620,5627,5628,-5607]],"type":"Polygon","properties":{"id":118058,"statcode":"WK079415","statnaam":"Wijk 15 Helmond-West","jrstatcode":"2010WK079415","rubriek":"wijk","FID":"wijk_gegeneraliseerd_2010.5b13c97e-83b7-427b-9460-ee268f744c5e"},"id":"WK079415"},{"arcs":[[-5629,5629,5630,-5617,-5608]],"type":"Polygon","properties":{"id":118059,"statcode":"WK079416","statnaam":"Wijk 16 Warande","jrstatcode":"2010WK079416","rubriek":"wijk","FID":"wijk_gegeneraliseerd_2010.7257e34d-ebb6-43b7-9133-2a1d998f2cda"},"id":"WK079416"},{"arcs":[[-5628,-5619,5631,5632,5633,5634,5635,-5630]],"type":"Polygon","properties":{"id":118060,"statcode":"WK079417","statnaam":"Wijk 17 Stiphout","jrstatcode":"2010WK079417","rubriek":"wijk","FID":"wijk_gegeneraliseerd_2010.7197a1d0-e25c-41a7-9d68-2d0898c25131"},"id":"WK079417"},{"arcs":[[5636,-5379,-5625,-5613,5637]],"type":"Polygon","properties":{"id":118061,"statcode":"WK079418","statnaam":"Wijk 18 Rijpelberg","jrstatcode":"2010WK079418","rubriek":"wijk","FID":"wijk_gegeneraliseerd_2010.5967403e-ded1-41ea-a8eb-9e7e76ea22b3"},"id":"WK079418"},{"arcs":[[5638,-5638,-5612,-5616,5639]],"type":"Polygon","properties":{"id":118062,"statcode":"WK079419","statnaam":"Wijk 19 Dierdonk","jrstatcode":"2010WK079419","rubriek":"wijk","FID":"wijk_gegeneraliseerd_2010.971f7238-ffbc-47ab-9fe7-f168e8203294"},"id":"WK079419"},{"arcs":[[5640,5641,-5632,-5624]],"type":"Polygon","properties":{"id":118063,"statcode":"WK079421","statnaam":"Wijk 21 Brandevoort","jrstatcode":"2010WK079421","rubriek":"wijk","FID":"wijk_gegeneraliseerd_2010.ad9d058f-8baa-49a3-9af4-51018cf0cca4"},"id":"WK079421"},{"arcs":[[-5615,-5626,-5383,-5218,5642,5643,-5621,-5627,-5606]],"type":"Polygon","properties":{"id":118064,"statcode":"WK079429","statnaam":"Wijk 29 Industriegebied Zuid","jrstatcode":"2010WK079429","rubriek":"wijk","FID":"wijk_gegeneraliseerd_2010.12089826-8658-4b0b-ba4c-3a5d6a80d524"},"id":"WK079429"},{"arcs":[[5644,5645,5646,5647,5648]],"type":"Polygon","properties":{"id":118065,"statcode":"WK079601","statnaam":"Wijk 01 Binnenstad","jrstatcode":"2010WK079601","rubriek":"wijk","FID":"wijk_gegeneraliseerd_2010.270e9143-7500-4684-ba29-9d7d7f8995e3"},"id":"WK079601"},{"arcs":[[5649,-5647,5650,5651,5652,5653,5654,5655]],"type":"Polygon","properties":{"id":118066,"statcode":"WK079602","statnaam":"Wijk 02 Zuidoost","jrstatcode":"2010WK079602","rubriek":"wijk","FID":"wijk_gegeneraliseerd_2010.bec2cb2d-2dc0-403f-8c97-8c2f87cff314"},"id":"WK079602"},{"arcs":[[-5646,5656,5657,5658,-5651]],"type":"Polygon","properties":{"id":118067,"statcode":"WK079603","statnaam":"Wijk 03 Graafsepoort","jrstatcode":"2010WK079603","rubriek":"wijk","FID":"wijk_gegeneraliseerd_2010.6b081f2f-29b1-462c-b7d3-e6c8cb74a555"},"id":"WK079603"},{"arcs":[[-5645,5659,5660,-5657]],"type":"Polygon","properties":{"id":118068,"statcode":"WK079604","statnaam":"Wijk 04 Muntel en Vliert","jrstatcode":"2010WK079604","rubriek":"wijk","FID":"wijk_gegeneraliseerd_2010.06e1088d-8fa7-443b-a28b-2df7cd859035"},"id":"WK079604"},{"arcs":[[-5652,-5659,5661,5662,5663,5664]],"type":"Polygon","properties":{"id":118069,"statcode":"WK079605","statnaam":"Wijk 05 Rosmalen-Zuid","jrstatcode":"2010WK079605","rubriek":"wijk","FID":"wijk_gegeneraliseerd_2010.46586900-88ec-42f9-8439-81bd56432069"},"id":"WK079605"},{"arcs":[[5665,5666,5667,5668,5669,5670,-5662]],"type":"Polygon","properties":{"id":118070,"statcode":"WK079606","statnaam":"Wijk 06 Rosmalen-Noord","jrstatcode":"2010WK079606","rubriek":"wijk","FID":"wijk_gegeneraliseerd_2010.5a1f6295-b30a-4dbe-b7eb-bdcb44f94c4b"},"id":"WK079606"},{"arcs":[[5671,5672,-5667]],"type":"Polygon","properties":{"id":118071,"statcode":"WK079607","statnaam":"Wijk 07 De Groote Wielen","jrstatcode":"2010WK079607","rubriek":"wijk","FID":"wijk_gegeneraliseerd_2010.11f87861-9eee-4a7a-8677-495068b97069"},"id":"WK079607"},{"arcs":[[5673,-5668,-5673,5674,5675,-2008]],"type":"Polygon","properties":{"id":118072,"statcode":"WK079608","statnaam":"Wijk 08 Empel","jrstatcode":"2010WK079608","rubriek":"wijk","FID":"wijk_gegeneraliseerd_2010.f328ebe9-6070-411b-a4dc-e0cec575c710"},"id":"WK079608"},{"arcs":[[-5661,5676,5677,-5675,-5672,-5666,-5658]],"type":"Polygon","properties":{"id":118073,"statcode":"WK079609","statnaam":"Wijk 09 Noord","jrstatcode":"2010WK079609","rubriek":"wijk","FID":"wijk_gegeneraliseerd_2010.2431802b-73f5-4bab-882c-fbd4ceb25092"},"id":"WK079609"},{"arcs":[[-5678,5678,-2021,-2009,-5676]],"type":"Polygon","properties":{"id":118074,"statcode":"WK079610","statnaam":"Wijk 10 Maaspoort","jrstatcode":"2010WK079610","rubriek":"wijk","FID":"wijk_gegeneraliseerd_2010.f090f3fc-1ace-4ff4-b4b4-b7405eb50fb6"},"id":"WK079610"},{"arcs":[[-5677,-5660,-5649,5679,5680,5681]],"type":"Polygon","properties":{"id":118075,"statcode":"WK079611","statnaam":"Wijk 11 West","jrstatcode":"2010WK079611","rubriek":"wijk","FID":"wijk_gegeneraliseerd_2010.c1ca3af0-1456-4d29-852d-d57ad24c73cb"},"id":"WK079611"},{"arcs":[[-5679,-5682,5682,5683,5684,-2016,-2022]],"type":"Polygon","properties":{"id":118076,"statcode":"WK079612","statnaam":"Wijk 12 Engelen","jrstatcode":"2010WK079612","rubriek":"wijk","FID":"wijk_gegeneraliseerd_2010.7f7dd490-59c0-4907-a150-5dae1aadf20a"},"id":"WK079612"},{"arcs":[[5685,5686,-5599,-5603,5687,5688,5689,5690,5691]],"type":"Polygon","properties":{"id":118077,"statcode":"WK079700","statnaam":"Wijk 00 Drunen","jrstatcode":"2010WK079700","rubriek":"wijk","FID":"wijk_gegeneraliseerd_2010.6c483b6f-e077-4fb4-b4ed-5093348deffc"},"id":"WK079700"},{"arcs":[[5692,5693,-5692,5694,5695]],"type":"Polygon","properties":{"id":118078,"statcode":"WK079701","statnaam":"Wijk 01 Elshout","jrstatcode":"2010WK079701","rubriek":"wijk","FID":"wijk_gegeneraliseerd_2010.2b7400bb-f2c3-431f-bffe-c531fe892aa6"},"id":"WK079701"},{"arcs":[[-5694,5696,-5683,-5681,5697,-5600,-5687,5698]],"type":"Polygon","properties":{"id":118079,"statcode":"WK079702","statnaam":"Wijk 02 Vlijmen","jrstatcode":"2010WK079702","rubriek":"wijk","FID":"wijk_gegeneraliseerd_2010.fbd0da25-dc80-47c2-a9b7-3b37a4ec1727"},"id":"WK079702"},{"arcs":[[-5699,-5686]],"type":"Polygon","properties":{"id":118080,"statcode":"WK079703","statnaam":"Wijk 03 Nieuwkuijk","jrstatcode":"2010WK079703","rubriek":"wijk","FID":"wijk_gegeneraliseerd_2010.9f71f3ca-88ac-48d4-ab01-35792e20d291"},"id":"WK079703"},{"arcs":[[-5684,-5697,-5693,5699]],"type":"Polygon","properties":{"id":118081,"statcode":"WK079704","statnaam":"Wijk 04 Haarsteeg","jrstatcode":"2010WK079704","rubriek":"wijk","FID":"wijk_gegeneraliseerd_2010.905d9bab-5e5f-4ae5-b2ed-5222d976079b"},"id":"WK079704"},{"arcs":[[-2017,-5685,-5700,-5696,5700,-5186,-5184,-5177,-2172]],"type":"Polygon","properties":{"id":118082,"statcode":"WK079705","statnaam":"Wijk 00 Heusden","jrstatcode":"2010WK079705","rubriek":"wijk","FID":"wijk_gegeneraliseerd_2010.58cb09df-d82c-47ab-9698-0ad5e17ccc7c"},"id":"WK079705"},{"arcs":[[5701,5702,5703,5704,5705,5706,-5563,5707,5708]],"type":"Polygon","properties":{"id":118083,"statcode":"WK079800","statnaam":"Wijk 00 Hilvarenbeek","jrstatcode":"2010WK079800","rubriek":"wijk","FID":"wijk_gegeneraliseerd_2010.a8ebdb42-db9b-4888-831a-88c3f02bec53"},"id":"WK079800"},{"arcs":[[5709,5710,5711,-5706]],"type":"Polygon","properties":{"id":118084,"statcode":"WK079801","statnaam":"Wijk 01 Esbeek","jrstatcode":"2010WK079801","rubriek":"wijk","FID":"wijk_gegeneraliseerd_2010.ddfbb43d-12c4-4438-8fbc-bdb9d2213e8b"},"id":"WK079801"},{"arcs":[[5712,5713,5714,-5704]],"type":"Polygon","properties":{"id":118085,"statcode":"WK079802","statnaam":"Wijk 02 Biest-Houtakker","jrstatcode":"2010WK079802","rubriek":"wijk","FID":"wijk_gegeneraliseerd_2010.2fe5bde9-5bd0-4dd2-8c26-fafcbaf6280d"},"id":"WK079802"},{"arcs":[[-5710,-5705,-5715,5715,5716,5717,5718]],"type":"Polygon","properties":{"id":118086,"statcode":"WK079803","statnaam":"Wijk 03 Diessen","jrstatcode":"2010WK079803","rubriek":"wijk","FID":"wijk_gegeneraliseerd_2010.9ef6a9ef-2e4b-4980-b817-0dbb9a005770"},"id":"WK079803"},{"arcs":[[5719,-5716,-5714,5720,5721]],"type":"Polygon","properties":{"id":118087,"statcode":"WK079804","statnaam":"Wijk 04 Haghorst","jrstatcode":"2010WK079804","rubriek":"wijk","FID":"wijk_gegeneraliseerd_2010.bb69d942-d742-4ec6-8ba6-75077e7c0015"},"id":"WK079804"},{"arcs":[[-4707,-4693,5722,5723,5724,-2023]],"type":"Polygon","properties":{"id":118088,"statcode":"WK080800","statnaam":"Wijk 00 Lith","jrstatcode":"2010WK080800","rubriek":"wijk","FID":"wijk_gegeneraliseerd_2010.e49c0d17-a9df-4394-bd8a-21f0dfedd790"},"id":"WK080800"},{"arcs":[[-4692,5725,5726,5727,5728,-5723]],"type":"Polygon","properties":{"id":118089,"statcode":"WK080801","statnaam":"Wijk 01 Lithoijen","jrstatcode":"2010WK080801","rubriek":"wijk","FID":"wijk_gegeneraliseerd_2010.31aa8795-e313-4bc8-ade6-c8622489677f"},"id":"WK080801"},{"arcs":[[-4709,5729,-5726,-4691]],"type":"Polygon","properties":{"id":118090,"statcode":"WK080802","statnaam":"Wijk 02 Oijen","jrstatcode":"2010WK080802","rubriek":"wijk","FID":"wijk_gegeneraliseerd_2010.8e6ca96f-97a1-4cb9-971e-8ba56eb161eb"},"id":"WK080802"},{"arcs":[[-5725,5730,-5669,-5674,-2014,-2024]],"type":"Polygon","properties":{"id":118091,"statcode":"WK080803","statnaam":"Wijk 03 Maren - Kessel","jrstatcode":"2010WK080803","rubriek":"wijk","FID":"wijk_gegeneraliseerd_2010.9763cada-699e-4966-8e82-3b95228d8069"},"id":"WK080803"},{"arcs":[[-5689,5731,5732,5733,5734]],"type":"Polygon","properties":{"id":118092,"statcode":"WK080900","statnaam":"Wijk 00 Loon op Zand","jrstatcode":"2010WK080900","rubriek":"wijk","FID":"wijk_gegeneraliseerd_2010.234c0153-916f-4fb1-a4d9-dab009ed928d"},"id":"WK080900"},{"arcs":[[-5690,-5735,5735,-5407,5736,5737,5738,5739,5740]],"type":"Polygon","properties":{"id":118093,"statcode":"WK080901","statnaam":"Wijk 01 Kaatsheuvel","jrstatcode":"2010WK080901","rubriek":"wijk","FID":"wijk_gegeneraliseerd_2010.02304772-4d5f-4739-b070-8081134f6884"},"id":"WK080901"},{"arcs":[[-5734,5741,-5404,-5408,-5736]],"type":"Polygon","properties":{"id":118094,"statcode":"WK080902","statnaam":"Wijk 02 De Moer","jrstatcode":"2010WK080902","rubriek":"wijk","FID":"wijk_gegeneraliseerd_2010.5899d139-4b98-4ffa-853c-3c1c5764c92b"},"id":"WK080902"},{"arcs":[[5742,-5738,5743]],"type":"Polygon","properties":{"id":118095,"statcode":"WK080909","statnaam":"Wijk 09","jrstatcode":"2010WK080909","rubriek":"wijk","FID":"wijk_gegeneraliseerd_2010.3d261105-0c1d-43c9-811b-57df811b278a"},"id":"WK080909"},{"arcs":[[5744,5745,5746,-5584,-5591,5747,5748,5749]],"type":"Polygon","properties":{"id":118096,"statcode":"WK081500","statnaam":"Wijk 00 Mill","jrstatcode":"2010WK081500","rubriek":"wijk","FID":"wijk_gegeneraliseerd_2010.f96f5b89-b2a6-4369-a31b-20b802414d62"},"id":"WK081500"},{"arcs":[[-5586,-5585,-5747,5750,5751,5752]],"type":"Polygon","properties":{"id":118097,"statcode":"WK081501","statnaam":"Wijk 01 Langenboom","jrstatcode":"2010WK081501","rubriek":"wijk","FID":"wijk_gegeneraliseerd_2010.92c6b60a-b138-4129-b7b8-226b3e71ae14"},"id":"WK081501"},{"arcs":[[5753,5754,-5750,5755]],"type":"Polygon","properties":{"id":118098,"statcode":"WK081502","statnaam":"Wijk 02 Sint Hubert","jrstatcode":"2010WK081502","rubriek":"wijk","FID":"wijk_gegeneraliseerd_2010.9e73eb8e-cf61-45d4-af7f-e92a5af3507f"},"id":"WK081502"},{"arcs":[[5756,5757,5758,-5745,-5755,5759]],"type":"Polygon","properties":{"id":118099,"statcode":"WK081503","statnaam":"Wijk 03 Wilbertoord","jrstatcode":"2010WK081503","rubriek":"wijk","FID":"wijk_gegeneraliseerd_2010.f0a2232c-fa98-4eb6-b9c8-8d71226442ca"},"id":"WK081503"},{"arcs":[[5760,-5451,-5453,-5459,5761,5762,-5633,-5642,5763]],"type":"Polygon","properties":{"id":118100,"statcode":"WK082000","statnaam":"Wijk 00 Nuenen","jrstatcode":"2010WK082000","rubriek":"wijk","FID":"wijk_gegeneraliseerd_2010.c69fba51-4b86-4964-9e5a-580e9afb2241"},"id":"WK082000"},{"arcs":[[5764,5765,5766,-5634,-5763,5767,5768]],"type":"Polygon","properties":{"id":118101,"statcode":"WK082001","statnaam":"Wijk 01 Gerwen","jrstatcode":"2010WK082001","rubriek":"wijk","FID":"wijk_gegeneraliseerd_2010.212e0acf-86e8-4004-b7f3-6803a19fba5d"},"id":"WK082001"},{"arcs":[[5769,-5768,-5762,-5458,5770]],"type":"Polygon","properties":{"id":118102,"statcode":"WK082002","statnaam":"Wijk 02 Nederwetten","jrstatcode":"2010WK082002","rubriek":"wijk","FID":"wijk_gegeneraliseerd_2010.e781b390-ecfd-4ceb-8bcc-1ad5e6ac6a0e"},"id":"WK082002"},{"arcs":[[-5464,-5433,5771,5772,-5324,-5329,-5255]],"type":"Polygon","properties":{"id":118103,"statcode":"WK082300","statnaam":"Wijk 00 Oirschot","jrstatcode":"2010WK082300","rubriek":"wijk","FID":"wijk_gegeneraliseerd_2010.9ad880b9-2ee9-4631-b458-2c217cf9d9c0"},"id":"WK082300"},{"arcs":[[-5325,-5773,5773,-5722,5774,5775]],"type":"Polygon","properties":{"id":118104,"statcode":"WK082301","statnaam":"Wijk 01 Spoordonk","jrstatcode":"2010WK082301","rubriek":"wijk","FID":"wijk_gegeneraliseerd_2010.6ac0de7c-a010-402a-a99c-0bc10c3b4e0c"},"id":"WK082301"},{"arcs":[[5776,5777,5778,-5718,5779,-5432]],"type":"Polygon","properties":{"id":118105,"statcode":"WK082302","statnaam":"Wijk 02 Middelbeers en Westelbeers","jrstatcode":"2010WK082302","rubriek":"wijk","FID":"wijk_gegeneraliseerd_2010.e41b4b4c-daac-468c-917c-cbff33126cbd"},"id":"WK082302"},{"arcs":[[-5772,-5436,-5427,-5780,-5717,-5720,-5774]],"type":"Polygon","properties":{"id":118106,"statcode":"WK082303","statnaam":"Wijk 03 Oostelbeers","jrstatcode":"2010WK082303","rubriek":"wijk","FID":"wijk_gegeneraliseerd_2010.7a63484b-cefd-45a5-aa92-5bdfd6a3e091"},"id":"WK082303"},{"arcs":[[5780,5781,5782,-5604,-5596,-5317,-5326,-5776]],"type":"Polygon","properties":{"id":118107,"statcode":"WK082400","statnaam":"Wijk 00 Oisterwijk","jrstatcode":"2010WK082400","rubriek":"wijk","FID":"wijk_gegeneraliseerd_2010.945beb09-fd4b-424c-9a04-306f21fb8666"},"id":"WK082400"},{"arcs":[[-5775,-5721,-5713,-5703,5783,-5781]],"type":"Polygon","properties":{"id":118108,"statcode":"WK082401","statnaam":"Wijk 01 Moergestel","jrstatcode":"2010WK082401","rubriek":"wijk","FID":"wijk_gegeneraliseerd_2010.f0ca31fe-4ee3-4396-80c9-13f486dd4634"},"id":"WK082401"},{"arcs":[[5784,5785,5786,5787]],"type":"Polygon","properties":{"id":118109,"statcode":"WK082600","statnaam":"Wijk 00 Oosterhout-Centrum","jrstatcode":"2010WK082600","rubriek":"wijk","FID":"wijk_gegeneraliseerd_2010.24709711-c0e5-494d-9b8b-639631af81a8"},"id":"WK082600"},{"arcs":[[5788,5789,5790,5791,-5786,5792]],"type":"Polygon","properties":{"id":118110,"statcode":"WK082601","statnaam":"Wijk 01 Slotjes","jrstatcode":"2010WK082601","rubriek":"wijk","FID":"wijk_gegeneraliseerd_2010.f62e6aea-0984-46c3-9851-fc29d795e111"},"id":"WK082601"},{"arcs":[[5793,-5787,-5792,5794,5795,5796]],"type":"Polygon","properties":{"id":118111,"statcode":"WK082602","statnaam":"Wijk 02 West","jrstatcode":"2010WK082602","rubriek":"wijk","FID":"wijk_gegeneraliseerd_2010.a87a7301-2eb0-44b0-86db-0c8fe9a48b6f"},"id":"WK082602"},{"arcs":[[5797,-5788,-5794,5798,5799]],"type":"Polygon","properties":{"id":118112,"statcode":"WK082603","statnaam":"Wijk 03 Strijen","jrstatcode":"2010WK082603","rubriek":"wijk","FID":"wijk_gegeneraliseerd_2010.25f96bcd-0ed2-4a68-9551-6ec3069da5ad"},"id":"WK082603"},{"arcs":[[5800,-5793,-5785,-5798,5801]],"type":"Polygon","properties":{"id":118113,"statcode":"WK082604","statnaam":"Wijk 04 Leijsenakkers","jrstatcode":"2010WK082604","rubriek":"wijk","FID":"wijk_gegeneraliseerd_2010.c73f7aa3-eece-4c91-947a-74fd3a44c35d"},"id":"WK082604"},{"arcs":[[5802,5803,-5791]],"type":"Polygon","properties":{"id":118114,"statcode":"WK082605","statnaam":"Wijk 05 Oosterheid","jrstatcode":"2010WK082605","rubriek":"wijk","FID":"wijk_gegeneraliseerd_2010.1e96e96c-c11b-49a1-a22c-c0749bb9aad1"},"id":"WK082605"},{"arcs":[[-5802,-5800,5804,5805,5806]],"type":"Polygon","properties":{"id":118115,"statcode":"WK082606","statnaam":"Wijk 06 Dommelbergen","jrstatcode":"2010WK082606","rubriek":"wijk","FID":"wijk_gegeneraliseerd_2010.7591ff03-cdce-4db0-a3c4-5ec12add4aa1"},"id":"WK082606"},{"arcs":[[5807,5808,5809,-5796]],"type":"Polygon","properties":{"id":118116,"statcode":"WK082607","statnaam":"Wijk 07 Vrachelen","jrstatcode":"2010WK082607","rubriek":"wijk","FID":"wijk_gegeneraliseerd_2010.dbfcc525-1d1a-4cd7-93cf-d91c813a2f9d"},"id":"WK082607"},{"arcs":[[5810,5811,-5803,-5790,5812]],"type":"Polygon","properties":{"id":118117,"statcode":"WK082608","statnaam":"Wijk 08 Industrieterrein Zuid","jrstatcode":"2010WK082608","rubriek":"wijk","FID":"wijk_gegeneraliseerd_2010.f01e1d09-aa98-4e46-96ee-cff7ea4fe0d8"},"id":"WK082608"},{"arcs":[[-5805,-5799,-5797,-5810,5813,5814,-5505,5815]],"type":"Polygon","properties":{"id":118118,"statcode":"WK082609","statnaam":"Wijk 09 Industrieterrein Noord","jrstatcode":"2010WK082609","rubriek":"wijk","FID":"wijk_gegeneraliseerd_2010.11033285-f723-430f-bdbb-7b3d20bfc732"},"id":"WK082609"},{"arcs":[[[-5808,-5795,-5804,-5812,5816,-5371,-5339,5817,5818]],[[-5504,-5498,5819,-5806,-5816]]],"type":"MultiPolygon","properties":{"id":118119,"statcode":"WK082610","statnaam":"Wijk 10 Buitengebied Oosterhout","jrstatcode":"2010WK082610","rubriek":"wijk","FID":"wijk_gegeneraliseerd_2010.398e344e-5017-48c8-8add-0c98d964113e"},"id":"WK082610"},{"arcs":[[-5814,-5809,-5819,5820,5821,5822]],"type":"Polygon","properties":{"id":118120,"statcode":"WK082611","statnaam":"Wijk 11 Den Hout","jrstatcode":"2010WK082611","rubriek":"wijk","FID":"wijk_gegeneraliseerd_2010.c4241aee-49ef-4e14-a3c7-e915a47020cb"},"id":"WK082611"},{"arcs":[[-5502,-5410,-5401,5823,-5813,-5789,-5801,-5807,-5820,-5497]],"type":"Polygon","properties":{"id":118121,"statcode":"WK082612","statnaam":"Wijk 12 Oosteind","jrstatcode":"2010WK082612","rubriek":"wijk","FID":"wijk_gegeneraliseerd_2010.91e5b73b-1066-4b78-b269-86c5b666eaf5"},"id":"WK082612"},{"arcs":[[-5523,-5364,-5341,-5372,-5817,-5811,-5824,-5400,-5513]],"type":"Polygon","properties":{"id":118122,"statcode":"WK082613","statnaam":"Wijk 13 Dorst","jrstatcode":"2010WK082613","rubriek":"wijk","FID":"wijk_gegeneraliseerd_2010.0a49fe13-ba44-407e-a644-4cf3e7d0df6b"},"id":"WK082613"},{"arcs":[[5824,5825,5826,5827,5828]],"type":"Polygon","properties":{"id":118123,"statcode":"WK082800","statnaam":"Wijk 00 Centrum","jrstatcode":"2010WK082800","rubriek":"wijk","FID":"wijk_gegeneraliseerd_2010.70271864-8f68-48ee-8c67-f87da13b4cdc"},"id":"WK082800"},{"arcs":[[5829,5830,5831,5832,-5827,5833]],"type":"Polygon","properties":{"id":118124,"statcode":"WK082801","statnaam":"Wijk 01 Schadewijk","jrstatcode":"2010WK082801","rubriek":"wijk","FID":"wijk_gegeneraliseerd_2010.5ab2a4dd-c227-415c-823d-262b14f71fc0"},"id":"WK082801"},{"arcs":[[5834,5835,-5828,-5833,5836]],"type":"Polygon","properties":{"id":118125,"statcode":"WK082802","statnaam":"Wijk 02 Industrieterreinen-Zuid","jrstatcode":"2010WK082802","rubriek":"wijk","FID":"wijk_gegeneraliseerd_2010.f616009e-39a2-4464-a327-5007fd6b3eb7"},"id":"WK082802"},{"arcs":[[5837,5838,-5829,-5836]],"type":"Polygon","properties":{"id":118126,"statcode":"WK082803","statnaam":"Wijk 03 Oss-Zuid","jrstatcode":"2010WK082803","rubriek":"wijk","FID":"wijk_gegeneraliseerd_2010.b4580f72-7b83-46cc-ae24-5403c770ce4b"},"id":"WK082803"},{"arcs":[[-5826,5839,5840,-5834]],"type":"Polygon","properties":{"id":118127,"statcode":"WK082804","statnaam":"Wijk 04 Krinkelhoek","jrstatcode":"2010WK082804","rubriek":"wijk","FID":"wijk_gegeneraliseerd_2010.1c9c4d0b-bf21-43e8-b1ea-81cc43c7d8e8"},"id":"WK082804"},{"arcs":[[5841,5842,-5831,5843]],"type":"Polygon","properties":{"id":118128,"statcode":"WK082805","statnaam":"Wijk 05 Industrieterreinen-Noord","jrstatcode":"2010WK082805","rubriek":"wijk","FID":"wijk_gegeneraliseerd_2010.3c92433f-b00a-41c5-a916-66b76faa37d0"},"id":"WK082805"},{"arcs":[[5844,5845,5846,-5839,5847]],"type":"Polygon","properties":{"id":118129,"statcode":"WK082806","statnaam":"Wijk 06 Ruwaard","jrstatcode":"2010WK082806","rubriek":"wijk","FID":"wijk_gegeneraliseerd_2010.5598590f-166a-417d-bb44-13f667c9bb0a"},"id":"WK082806"},{"arcs":[[-5840,-5825,-5847,5848]],"type":"Polygon","properties":{"id":118130,"statcode":"WK082807","statnaam":"Wijk 07 Ussen","jrstatcode":"2010WK082807","rubriek":"wijk","FID":"wijk_gegeneraliseerd_2010.23a020fa-2cb3-458f-be1d-72702dd20bd4"},"id":"WK082807"},{"arcs":[[5849,-5844,-5830,-5841,-5849,-5846,5850,-5728]],"type":"Polygon","properties":{"id":118131,"statcode":"WK082808","statnaam":"Wijk 08 Buitengebied-Noord","jrstatcode":"2010WK082808","rubriek":"wijk","FID":"wijk_gegeneraliseerd_2010.1ea58cc5-411d-4a4c-a0bf-3d6841ede1ce"},"id":"WK082808"},{"arcs":[[5851,5852,5853,-5848,-5838,-5835,5854]],"type":"Polygon","properties":{"id":118132,"statcode":"WK082809","statnaam":"Wijk 09 Buitengebied-Zuid","jrstatcode":"2010WK082809","rubriek":"wijk","FID":"wijk_gegeneraliseerd_2010.3d5c0725-8915-4fc3-80be-ad7acee259c4"},"id":"WK082809"},{"arcs":[[5855,5856,-5855,-5837,-5832,-5843,5857,5858,5859]],"type":"Polygon","properties":{"id":118133,"statcode":"WK082810","statnaam":"Wijk 10 Berghem","jrstatcode":"2010WK082810","rubriek":"wijk","FID":"wijk_gegeneraliseerd_2010.91a4dd15-e834-44c5-87e4-73e12e2de4e6"},"id":"WK082810"},{"arcs":[[-5858,5860,5861,5862]],"type":"Polygon","properties":{"id":118134,"statcode":"WK082811","statnaam":"Wijk 11 Haren","jrstatcode":"2010WK082811","rubriek":"wijk","FID":"wijk_gegeneraliseerd_2010.eaa6062e-af5b-4a22-8626-5e48e194df79"},"id":"WK082811"},{"arcs":[[-5730,5863,-5861,-5842,-5850,-5727]],"type":"Polygon","properties":{"id":118135,"statcode":"WK082812","statnaam":"Wijk 12 Macharen","jrstatcode":"2010WK082812","rubriek":"wijk","FID":"wijk_gegeneraliseerd_2010.d68cf933-b1cb-4a87-8b69-e5dc5e7d1b88"},"id":"WK082812"},{"arcs":[[-4708,-4700,5864,-5862,-5864]],"type":"Polygon","properties":{"id":118136,"statcode":"WK082813","statnaam":"Wijk 13 Megen","jrstatcode":"2010WK082813","rubriek":"wijk","FID":"wijk_gegeneraliseerd_2010.1718a08f-4d4f-455d-8a38-47b88cdd8211"},"id":"WK082813"},{"arcs":[[-2142,5865,5866,5867]],"type":"Polygon","properties":{"id":118137,"statcode":"WK082814","statnaam":"Wijk 14 Ravenstein","jrstatcode":"2010WK082814","rubriek":"wijk","FID":"wijk_gegeneraliseerd_2010.f1b2b444-2bc4-4562-b778-32d06f9cb2c5"},"id":"WK082814"},{"arcs":[[5868,5869,-5860,5870,-5867,5871]],"type":"Polygon","properties":{"id":118138,"statcode":"WK082815","statnaam":"Wijk 15 Herpen","jrstatcode":"2010WK082815","rubriek":"wijk","FID":"wijk_gegeneraliseerd_2010.5519ce1d-87df-4816-ab63-104577c8c2fc"},"id":"WK082815"},{"arcs":[[-5872,-5866,-2141,-5588,5872]],"type":"Polygon","properties":{"id":118139,"statcode":"WK082816","statnaam":"Wijk 16 Overlangel","jrstatcode":"2010WK082816","rubriek":"wijk","FID":"wijk_gegeneraliseerd_2010.9e61579e-f801-4050-8472-c3eecd6f2b27"},"id":"WK082816"},{"arcs":[[-2143,-5868,-5871,-5859,-5863,-5865,-4699,-2151]],"type":"Polygon","properties":{"id":118140,"statcode":"WK082817","statnaam":"Wijk 17 Deursen en Dennenburg","jrstatcode":"2010WK082817","rubriek":"wijk","FID":"wijk_gegeneraliseerd_2010.4a42598b-fc6e-45d2-8419-e86ea31089c5"},"id":"WK082817"},{"arcs":[[5873,5874,5875,5876,5877,5878,5879]],"type":"Polygon","properties":{"id":118141,"statcode":"WK084000","statnaam":"Wijk 00 Rucphen","jrstatcode":"2010WK084000","rubriek":"wijk","FID":"wijk_gegeneraliseerd_2010.a960ad92-cafc-4edd-8ae3-9a4bd1464d90"},"id":"WK084000"},{"arcs":[[5880,-5874,5881,5882,-5474,-5492]],"type":"Polygon","properties":{"id":118142,"statcode":"WK084001","statnaam":"Wijk 01 Sint Willebrord","jrstatcode":"2010WK084001","rubriek":"wijk","FID":"wijk_gegeneraliseerd_2010.a7938578-a611-43a0-90d7-481851829111"},"id":"WK084001"},{"arcs":[[-5881,-5491,-5494,5883,5884,5885,-5875]],"type":"Polygon","properties":{"id":118143,"statcode":"WK084002","statnaam":"Wijk 02 Sprundel","jrstatcode":"2010WK084002","rubriek":"wijk","FID":"wijk_gegeneraliseerd_2010.22d2e58f-da1e-4a1e-8998-3babb0e3ffc8"},"id":"WK084002"},{"arcs":[[5886,5887,5888,5889,5890,-5876,-5886]],"type":"Polygon","properties":{"id":118144,"statcode":"WK084003","statnaam":"Wijk 03 Schijf","jrstatcode":"2010WK084003","rubriek":"wijk","FID":"wijk_gegeneraliseerd_2010.11c6e96c-f407-426f-a22e-1820c5280836"},"id":"WK084003"},{"arcs":[[5891,-5879,5892,5893,5894,5895]],"type":"Polygon","properties":{"id":118145,"statcode":"WK084004","statnaam":"Wijk 04 Zegge","jrstatcode":"2010WK084004","rubriek":"wijk","FID":"wijk_gegeneraliseerd_2010.a282a426-ed0e-4a61-8139-8969ed39b158"},"id":"WK084004"},{"arcs":[[5896,5897,5898,5899,5900,5901,5902]],"type":"Polygon","properties":{"id":118146,"statcode":"WK084400","statnaam":"Wijk 00 West","jrstatcode":"2010WK084400","rubriek":"wijk","FID":"wijk_gegeneraliseerd_2010.6a6da877-36b0-429c-8605-76abd085a53d"},"id":"WK084400"},{"arcs":[[5903,5904,5905,-5898,5906]],"type":"Polygon","properties":{"id":118147,"statcode":"WK084401","statnaam":"Wijk 01 Centrum","jrstatcode":"2010WK084401","rubriek":"wijk","FID":"wijk_gegeneraliseerd_2010.94b288b2-8f6f-4143-9bc3-9378a3679a4b"},"id":"WK084401"},{"arcs":[[5907,-5907,-5897,5908,5909,5910],[5911]],"type":"Polygon","properties":{"id":118148,"statcode":"WK084402","statnaam":"Wijk 02 Oost","jrstatcode":"2010WK084402","rubriek":"wijk","FID":"wijk_gegeneraliseerd_2010.0fb6ec31-59c4-4516-ba69-d84dde78881d"},"id":"WK084402"},{"arcs":[[-5912]],"type":"Polygon","properties":{"id":118149,"statcode":"WK084403","statnaam":"Wijk 03 Wijbosch","jrstatcode":"2010WK084403","rubriek":"wijk","FID":"wijk_gegeneraliseerd_2010.a14e46b0-09e1-4f00-8e29-33164ad49e90"},"id":"WK084403"},{"arcs":[[-5900,5912,-5321,5913,-5655,5914]],"type":"Polygon","properties":{"id":118150,"statcode":"WK084500","statnaam":"Wijk 00 Sint-Michielsgestel","jrstatcode":"2010WK084500","rubriek":"wijk","FID":"wijk_gegeneraliseerd_2010.57551b8b-af3a-462c-8694-04511bba1116"},"id":"WK084500"},{"arcs":[[-5899,-5906,5915,-5330,-5322,-5913]],"type":"Polygon","properties":{"id":118151,"statcode":"WK084501","statnaam":"Wijk 01 Gemonde","jrstatcode":"2010WK084501","rubriek":"wijk","FID":"wijk_gegeneraliseerd_2010.3d37adf1-5aca-4a23-8cdc-c98cd5417863"},"id":"WK084501"},{"arcs":[[-5654,5916,5917,-5901,-5915]],"type":"Polygon","properties":{"id":118152,"statcode":"WK084502","statnaam":"Wijk 02 Den Dungen","jrstatcode":"2010WK084502","rubriek":"wijk","FID":"wijk_gegeneraliseerd_2010.18f74717-d5f0-43f8-ab7f-7fd9bb33dced"},"id":"WK084502"},{"arcs":[[-5917,-5653,-5665,5918,5919]],"type":"Polygon","properties":{"id":118153,"statcode":"WK084503","statnaam":"Wijk 03 Berlicum","jrstatcode":"2010WK084503","rubriek":"wijk","FID":"wijk_gegeneraliseerd_2010.f4a0ddd8-a84f-47ae-ae16-c8076c8363ea"},"id":"WK084503"},{"arcs":[[5920,5921,-5902,-5918,-5920]],"type":"Polygon","properties":{"id":118154,"statcode":"WK084504","statnaam":"Wijk 04 Middelrode","jrstatcode":"2010WK084504","rubriek":"wijk","FID":"wijk_gegeneraliseerd_2010.1faa74e7-26a7-4b24-aa43-0026817cb9d8"},"id":"WK084504"},{"arcs":[[5922,5923,5924,5925,5926,5927,-5904,-5908]],"type":"Polygon","properties":{"id":118155,"statcode":"WK084600","statnaam":"Wijk 00 Sint-Oedenrode","jrstatcode":"2010WK084600","rubriek":"wijk","FID":"wijk_gegeneraliseerd_2010.a48e139c-bfd1-426e-b50a-82c03208e8c0"},"id":"WK084600"},{"arcs":[[5928,5929,-5926,5930,5931,-5765,5932]],"type":"Polygon","properties":{"id":118156,"statcode":"WK084601","statnaam":"Wijk 01 Nijnsel","jrstatcode":"2010WK084601","rubriek":"wijk","FID":"wijk_gegeneraliseerd_2010.fcf36315-6440-4367-89ac-c281d7f1670c"},"id":"WK084601"},{"arcs":[[-5927,-5930,5933,-5257,-5328,5934]],"type":"Polygon","properties":{"id":118157,"statcode":"WK084602","statnaam":"Wijk 02 Boskant","jrstatcode":"2010WK084602","rubriek":"wijk","FID":"wijk_gegeneraliseerd_2010.10df14fb-d8e0-4240-b311-f777e5919a5d"},"id":"WK084602"},{"arcs":[[-5916,-5905,-5928,-5935,-5327,-5331]],"type":"Polygon","properties":{"id":118158,"statcode":"WK084603","statnaam":"Wijk 03 Olland","jrstatcode":"2010WK084603","rubriek":"wijk","FID":"wijk_gegeneraliseerd_2010.02718eca-f0de-4b59-865a-c3b60f92f979"},"id":"WK084603"},{"arcs":[[5935,5936,-5209,5937]],"type":"Polygon","properties":{"id":118159,"statcode":"WK084700","statnaam":"Wijk 00 Someren","jrstatcode":"2010WK084700","rubriek":"wijk","FID":"wijk_gegeneraliseerd_2010.d8ec5f97-d4e0-4734-91b3-4a0ccc013d46"},"id":"WK084700"},{"arcs":[[5938,5939,5940,5941,-5643,-5217,-5210,-5937]],"type":"Polygon","properties":{"id":118160,"statcode":"WK084701","statnaam":"Wijk 01 Lierop","jrstatcode":"2010WK084701","rubriek":"wijk","FID":"wijk_gegeneraliseerd_2010.a526c499-0b29-4933-82f8-9211b44ba95d"},"id":"WK084701"},{"arcs":[[-5216,5942,5943,5944,5945,-5938,-5208]],"type":"Polygon","properties":{"id":118161,"statcode":"WK084702","statnaam":"Wijk 02 Someren-Eind","jrstatcode":"2010WK084702","rubriek":"wijk","FID":"wijk_gegeneraliseerd_2010.de000050-4896-4137-9ea8-30ea9ec37f9b"},"id":"WK084702"},{"arcs":[[-5936,-5946,5946,5947,5948,-5939]],"type":"Polygon","properties":{"id":118162,"statcode":"WK084703","statnaam":"Wijk 03 Somerense Heide","jrstatcode":"2010WK084703","rubriek":"wijk","FID":"wijk_gegeneraliseerd_2010.b54584f8-81ca-408a-84f3-7a9d8fe8f569"},"id":"WK084703"},{"arcs":[[-5622,-5644,-5942,5949]],"type":"Polygon","properties":{"id":118163,"statcode":"WK084709","statnaam":"Wijk 09","jrstatcode":"2010WK084709","rubriek":"wijk","FID":"wijk_gegeneraliseerd_2010.0555152d-6b25-4736-8a24-4d3706cbeb7f"},"id":"WK084709"},{"arcs":[[-5771,-5457,-5258,-5934,-5929,5950]],"type":"Polygon","properties":{"id":118164,"statcode":"WK084800","statnaam":"Wijk 00 Son","jrstatcode":"2010WK084800","rubriek":"wijk","FID":"wijk_gegeneraliseerd_2010.e71b5cf6-c6a2-4a9d-b4c6-492f726d1131"},"id":"WK084800"},{"arcs":[[-5769,-5770,-5951,-5933]],"type":"Polygon","properties":{"id":118165,"statcode":"WK084801","statnaam":"Wijk 01 Breugel","jrstatcode":"2010WK084801","rubriek":"wijk","FID":"wijk_gegeneraliseerd_2010.f554a58d-4058-4914-a87d-44c01e0d8f30"},"id":"WK084801"},{"arcs":[[5951,5952,-5240,-5253,5953,5954,5955]],"type":"Polygon","properties":{"id":118166,"statcode":"WK085100","statnaam":"Wijk 00 Steenbergen","jrstatcode":"2010WK085100","rubriek":"wijk","FID":"wijk_gegeneraliseerd_2010.a136b017-85ea-4307-9151-380d55c91e41"},"id":"WK085100"},{"arcs":[[5956,5957,5958,5959,5960,-5952,5961]],"type":"Polygon","properties":{"id":118167,"statcode":"WK085101","statnaam":"Wijk 01 Kruisland","jrstatcode":"2010WK085101","rubriek":"wijk","FID":"wijk_gegeneraliseerd_2010.3f7257dd-fe25-4f9e-b125-21fba7c8d3b8"},"id":"WK085101"},{"arcs":[[5962,5963,-5955,5964,-5080]],"type":"Polygon","properties":{"id":118168,"statcode":"WK085102","statnaam":"Wijk 02 De Heen","jrstatcode":"2010WK085102","rubriek":"wijk","FID":"wijk_gegeneraliseerd_2010.317a64a1-4123-4f61-aaa7-a37a85ebf2e8"},"id":"WK085102"},{"arcs":[[5965,5966,5967,5968,-5962,-5956,-5964,5969]],"type":"Polygon","properties":{"id":118169,"statcode":"WK085103","statnaam":"Wijk 03 Dinteloord","jrstatcode":"2010WK085103","rubriek":"wijk","FID":"wijk_gegeneraliseerd_2010.41a02033-b0e7-4ba4-85a7-41c956cafb0f"},"id":"WK085103"},{"arcs":[[-5965,-5954,-5252,-5072,-5081]],"type":"Polygon","properties":{"id":118170,"statcode":"WK085104","statnaam":"Wijk 04 Nieuw-Vossemeer","jrstatcode":"2010WK085104","rubriek":"wijk","FID":"wijk_gegeneraliseerd_2010.e2830ff1-38ed-4a25-8d41-c5654cbee75e"},"id":"WK085104"},{"arcs":[[5970,5971,5972,-3334,-3331,-2897,5973,5974]],"type":"Polygon","properties":{"id":118171,"statcode":"WK085200","statnaam":"Wijk 00 Monnickendam","jrstatcode":"2010WK085200","rubriek":"wijk","FID":"wijk_gegeneraliseerd_2010.f9d80e12-ec06-4b3c-bbeb-15bffcd1c1c3"},"id":"WK085200"},{"arcs":[[-2889,-2900,5975,-5974,-2896]],"type":"Polygon","properties":{"id":118172,"statcode":"WK085201","statnaam":"Wijk 01 Katwoude","jrstatcode":"2010WK085201","rubriek":"wijk","FID":"wijk_gegeneraliseerd_2010.33d376f1-743a-42f9-a655-6d042ce1d8e8"},"id":"WK085201"},{"arcs":[[5976,5977]],"type":"Polygon","properties":{"id":118173,"statcode":"WK085202","statnaam":"Wijk 02 Marken","jrstatcode":"2010WK085202","rubriek":"wijk","FID":"wijk_gegeneraliseerd_2010.219f33ea-5a14-492a-a40a-2d081478e40b"},"id":"WK085202"},{"arcs":[[5978,-5977,5979,-2680,5980,-5971]],"type":"Polygon","properties":{"id":118174,"statcode":"WK085203","statnaam":"Wijk 03 Broek in Waterland","jrstatcode":"2010WK085203","rubriek":"wijk","FID":"wijk_gegeneraliseerd_2010.c789b69d-5660-40d4-9541-984b2a39c36d"},"id":"WK085203"},{"arcs":[[-5973,5981,-3261,-3328,-3335]],"type":"Polygon","properties":{"id":118175,"statcode":"WK085204","statnaam":"Wijk 04 Ilpendam","jrstatcode":"2010WK085204","rubriek":"wijk","FID":"wijk_gegeneraliseerd_2010.2f430c68-a801-4707-ba47-6f6de105dff6"},"id":"WK085204"},{"arcs":[[-5981,-2679,-3257,-5982,-5972]],"type":"Polygon","properties":{"id":118176,"statcode":"WK085205","statnaam":"Wijk 05 Watergang","jrstatcode":"2010WK085205","rubriek":"wijk","FID":"wijk_gegeneraliseerd_2010.4dc1ed0e-ed2b-4ec7-8a1a-cc9a1c983894"},"id":"WK085205"},{"arcs":[[5982,5983]],"type":"Polygon","properties":{"id":118177,"statcode":"WK085500","statnaam":"Wijk 00 Centrum","jrstatcode":"2010WK085500","rubriek":"wijk","FID":"wijk_gegeneraliseerd_2010.904f18f5-32ac-4a75-8b8c-72609de28239"},"id":"WK085500"},{"arcs":[[-5983,5984,5985,5986,5987,5988]],"type":"Polygon","properties":{"id":118178,"statcode":"WK085501","statnaam":"Wijk 01 Oud-Zuid","jrstatcode":"2010WK085501","rubriek":"wijk","FID":"wijk_gegeneraliseerd_2010.0a0bb201-2378-4d8c-88bc-826b92564bc6"},"id":"WK085501"},{"arcs":[[-5984,-5989,5989,5990,5991,-5985]],"type":"Polygon","properties":{"id":118179,"statcode":"WK085502","statnaam":"Wijk 02 Oud-Noord","jrstatcode":"2010WK085502","rubriek":"wijk","FID":"wijk_gegeneraliseerd_2010.35ed52c7-bfc8-4afe-943e-76e0da49ab57"},"id":"WK085502"},{"arcs":[[5992,5993,5994,-5990,-5988]],"type":"Polygon","properties":{"id":118180,"statcode":"WK085503","statnaam":"Wijk 03 West","jrstatcode":"2010WK085503","rubriek":"wijk","FID":"wijk_gegeneraliseerd_2010.60db9491-4986-4982-95ef-1d72e9a1da18"},"id":"WK085503"},{"arcs":[[5995,-5397,-5742,-5733,5996,5997,5998,-5991,-5995]],"type":"Polygon","properties":{"id":118181,"statcode":"WK085504","statnaam":"Wijk 04 Noord","jrstatcode":"2010WK085504","rubriek":"wijk","FID":"wijk_gegeneraliseerd_2010.9358dbba-ae01-4c30-9184-274a1d58fae7"},"id":"WK085504"},{"arcs":[[-5709,5999,-5986,-5992,-5999,6000]],"type":"Polygon","properties":{"id":118182,"statcode":"WK085505","statnaam":"Wijk 05 Oost","jrstatcode":"2010WK085505","rubriek":"wijk","FID":"wijk_gegeneraliseerd_2010.9847f464-6445-4ae8-a344-24b829e5bc76"},"id":"WK085505"},{"arcs":[[-5993,-5987,-6000,-5708,-5569,-5539,-5537,-5551,-5552,-5568,-5570,-5579,-5514,-5524,6001]],"type":"Polygon","properties":{"id":118183,"statcode":"WK085506","statnaam":"Wijk 06 Zuid","jrstatcode":"2010WK085506","rubriek":"wijk","FID":"wijk_gegeneraliseerd_2010.1ff8d80b-1427-4d9f-8bae-f120bb060b6b"},"id":"WK085506"},{"arcs":[[-5784,-5702,-6001,-5998,6002,-5782]],"type":"Polygon","properties":{"id":118184,"statcode":"WK085507","statnaam":"Wijk 07 Berkel-Enschot","jrstatcode":"2010WK085507","rubriek":"wijk","FID":"wijk_gegeneraliseerd_2010.c16f86c7-e381-415f-93e7-36412843788a"},"id":"WK085507"},{"arcs":[[-5398,-5996,-5994,-6002,-5525,-5509]],"type":"Polygon","properties":{"id":118185,"statcode":"WK085508","statnaam":"Wijk 08 Reeshof","jrstatcode":"2010WK085508","rubriek":"wijk","FID":"wijk_gegeneraliseerd_2010.412b8cb3-3df3-4e30-9639-178625e0dadd"},"id":"WK085508"},{"arcs":[[-5688,-5605,-5783,-6003,-5997,-5732]],"type":"Polygon","properties":{"id":118186,"statcode":"WK085509","statnaam":"Wijk 09 Udenhout","jrstatcode":"2010WK085509","rubriek":"wijk","FID":"wijk_gegeneraliseerd_2010.300574a5-daa9-46d3-affc-df581503d9a0"},"id":"WK085509"},{"arcs":[[-5263,6003,6004,6005,6006,6007,6008,6009,6010]],"type":"Polygon","properties":{"id":118187,"statcode":"WK085601","statnaam":"Wijk 01 Uden","jrstatcode":"2010WK085601","rubriek":"wijk","FID":"wijk_gegeneraliseerd_2010.eb25a739-8d02-4abb-a787-0c95fd7e47ce"},"id":"WK085601"},{"arcs":[[-5264,-6011,6011,6012]],"type":"Polygon","properties":{"id":118188,"statcode":"WK085602","statnaam":"Wijk 02 Volkel","jrstatcode":"2010WK085602","rubriek":"wijk","FID":"wijk_gegeneraliseerd_2010.8edaae47-0d47-40e8-b784-13d376d29813"},"id":"WK085602"},{"arcs":[[6013,-5758,6014,-5267,-5265,-6013]],"type":"Polygon","properties":{"id":118189,"statcode":"WK085603","statnaam":"Wijk 03 Odiliapeel","jrstatcode":"2010WK085603","rubriek":"wijk","FID":"wijk_gegeneraliseerd_2010.acbdff63-4297-432c-92c6-a98adacdb2ca"},"id":"WK085603"},{"arcs":[[6015,6016,6017,6018,6019,6020]],"type":"Polygon","properties":{"id":118190,"statcode":"WK085800","statnaam":"Wijk 00 Valkenswaard","jrstatcode":"2010WK085800","rubriek":"wijk","FID":"wijk_gegeneraliseerd_2010.bb586fee-5783-44bf-ae83-95900e722ba7"},"id":"WK085800"},{"arcs":[[6021,6022,6023,-6020]],"type":"Polygon","properties":{"id":118191,"statcode":"WK085801","statnaam":"Wijk 01 Kloosterakkers en Dommelen","jrstatcode":"2010WK085801","rubriek":"wijk","FID":"wijk_gegeneraliseerd_2010.438ae9bd-5fc2-4158-ae8f-1e842fffea93"},"id":"WK085801"},{"arcs":[[6024,6025,6026,6027,-6018]],"type":"Polygon","properties":{"id":118192,"statcode":"WK085802","statnaam":"Wijk 02 Borkel en Schaft","jrstatcode":"2010WK085802","rubriek":"wijk","FID":"wijk_gegeneraliseerd_2010.fc82c107-2e0a-49d4-be55-149bf7f50df7"},"id":"WK085802"},{"arcs":[[-5910,6028,6029,-6006,6030,6031,6032,6033,-5924,6034]],"type":"Polygon","properties":{"id":118193,"statcode":"WK086000","statnaam":"Wijk 00 Veghel","jrstatcode":"2010WK086000","rubriek":"wijk","FID":"wijk_gegeneraliseerd_2010.8c477acf-1d94-4758-9f9d-9bf5d6affe1e"},"id":"WK086000"},{"arcs":[[-6005,6035,-6031]],"type":"Polygon","properties":{"id":118194,"statcode":"WK086001","statnaam":"Wijk 01 Mariaheide","jrstatcode":"2010WK086001","rubriek":"wijk","FID":"wijk_gegeneraliseerd_2010.3b591cb9-f1e2-4a2c-a82e-3398a748eb5b"},"id":"WK086001"},{"arcs":[[6036,6037,-5931,-5925,-6034]],"type":"Polygon","properties":{"id":118195,"statcode":"WK086002","statnaam":"Wijk 02 Zijtaart","jrstatcode":"2010WK086002","rubriek":"wijk","FID":"wijk_gegeneraliseerd_2010.3e3fd051-8bf7-406f-ba0c-f163fa70fc1b"},"id":"WK086002"},{"arcs":[[-6035,-5923,-5911]],"type":"Polygon","properties":{"id":118196,"statcode":"WK086003","statnaam":"Wijk 03 Eerde","jrstatcode":"2010WK086003","rubriek":"wijk","FID":"wijk_gegeneraliseerd_2010.bf309983-caef-4ec6-b28e-4ce26c6c3e80"},"id":"WK086003"},{"arcs":[[-5262,6038,6039,6040,-6032,-6036,-6004]],"type":"Polygon","properties":{"id":118197,"statcode":"WK086004","statnaam":"Wijk 04 Erp","jrstatcode":"2010WK086004","rubriek":"wijk","FID":"wijk_gegeneraliseerd_2010.3c77f172-7bca-42c9-b2c2-b5a5150fdade"},"id":"WK086004"},{"arcs":[[6041,-6037,-6033,-6041,6042]],"type":"Polygon","properties":{"id":118198,"statcode":"WK086005","statnaam":"Wijk 05 Keldonk","jrstatcode":"2010WK086005","rubriek":"wijk","FID":"wijk_gegeneraliseerd_2010.6cf495cc-d943-485b-bba8-15c1c0f61cc9"},"id":"WK086005"},{"arcs":[[6043,6044,6045,-6043,-6040]],"type":"Polygon","properties":{"id":118199,"statcode":"WK086006","statnaam":"Wijk 06 Boerdonk","jrstatcode":"2010WK086006","rubriek":"wijk","FID":"wijk_gegeneraliseerd_2010.29f49c38-ccc7-4a06-b437-f31c868e5402"},"id":"WK086006"},{"arcs":[[6046,6047,-5424,-5438,6048,6049,-5461,-5466]],"type":"Polygon","properties":{"id":118200,"statcode":"WK086100","statnaam":"Wijk 00 Veldhoven","jrstatcode":"2010WK086100","rubriek":"wijk","FID":"wijk_gegeneraliseerd_2010.635271c9-4c1b-4e70-994f-1a64c1c5fc76"},"id":"WK086100"},{"arcs":[[-6050,6050,-5462]],"type":"Polygon","properties":{"id":118201,"statcode":"WK086101","statnaam":"Wijk 01 Noordelijk Woongebied","jrstatcode":"2010WK086101","rubriek":"wijk","FID":"wijk_gegeneraliseerd_2010.617c1fea-a175-43dd-859e-61f248e5a544"},"id":"WK086101"},{"arcs":[[-5463,-6051,-6049,-5437,-5429,-5435]],"type":"Polygon","properties":{"id":118202,"statcode":"WK086102","statnaam":"Wijk 02 Oerle","jrstatcode":"2010WK086102","rubriek":"wijk","FID":"wijk_gegeneraliseerd_2010.d1193d6e-5327-462f-8cc4-983ebb1cbcb7"},"id":"WK086102"},{"arcs":[[6051,-5698,-5680,-5648,-5650,6052]],"type":"Polygon","properties":{"id":118203,"statcode":"WK086500","statnaam":"Wijk 00 Vught","jrstatcode":"2010WK086500","rubriek":"wijk","FID":"wijk_gegeneraliseerd_2010.9cf501ce-b3d2-4ffd-bde4-c55a16bd4ee4"},"id":"WK086500"},{"arcs":[[-5656,-5914,-5320,-5602,-5594,-5597,6053,-6053]],"type":"Polygon","properties":{"id":118204,"statcode":"WK086501","statnaam":"Wijk 01 Vught-Zuid","jrstatcode":"2010WK086501","rubriek":"wijk","FID":"wijk_gegeneraliseerd_2010.348f8386-cf34-474f-b4c1-cd1175671cce"},"id":"WK086501"},{"arcs":[[-6052,-6054,-5601]],"type":"Polygon","properties":{"id":118205,"statcode":"WK086502","statnaam":"Wijk 02 Cromvoirt","jrstatcode":"2010WK086502","rubriek":"wijk","FID":"wijk_gegeneraliseerd_2010.7ffff9ba-c1d3-495b-abcb-e41d790db17b"},"id":"WK086502"},{"arcs":[[-5447,6054,-6021,-6024,6055,-6047,-5465]],"type":"Polygon","properties":{"id":118206,"statcode":"WK086600","statnaam":"Wijk 00 Waalre","jrstatcode":"2010WK086600","rubriek":"wijk","FID":"wijk_gegeneraliseerd_2010.dbbc4b1d-8501-4f7b-b7ca-5c5d86860287"},"id":"WK086600"},{"arcs":[[-5691,-5741,6056,6057,6058,6059,6060,-5196,-5187,-5701,-5695]],"type":"Polygon","properties":{"id":118207,"statcode":"WK086700","statnaam":"Wijk 00 Waalwijk","jrstatcode":"2010WK086700","rubriek":"wijk","FID":"wijk_gegeneraliseerd_2010.0ba04734-91c5-4137-a888-36362a0017c1"},"id":"WK086700"},{"arcs":[[[6061,-6060]],[[-6058,6062]]],"type":"MultiPolygon","properties":{"id":118208,"statcode":"WK086701","statnaam":"Wijk 01 Bedrijventerreinen Waalwijk","jrstatcode":"2010WK086701","rubriek":"wijk","FID":"wijk_gegeneraliseerd_2010.a7fcef0d-c146-4fe8-a3f1-5dfce3cd12fa"},"id":"WK086701"},{"arcs":[[-6057,-5740,6063,-5197,-6061,-6062,-6059,-6063]],"type":"Polygon","properties":{"id":118209,"statcode":"WK086702","statnaam":"Wijk 02 Sprang","jrstatcode":"2010WK086702","rubriek":"wijk","FID":"wijk_gegeneraliseerd_2010.f71c28d3-9140-4a09-853e-8bfd84308730"},"id":"WK086702"},{"arcs":[[-5739,-5743,6064,-5192,-5198,-6064]],"type":"Polygon","properties":{"id":118210,"statcode":"WK086703","statnaam":"Wijk 03 Vrijhoeve","jrstatcode":"2010WK086703","rubriek":"wijk","FID":"wijk_gegeneraliseerd_2010.818d73f7-e2db-44ba-b461-bb4b8cb221a3"},"id":"WK086703"},{"arcs":[[-5744,-5737,-5406,6065,6066,6067,-5193,-6065]],"type":"Polygon","properties":{"id":118211,"statcode":"WK086704","statnaam":"Wijk 04 Capelle en Nieuwe Vaart","jrstatcode":"2010WK086704","rubriek":"wijk","FID":"wijk_gegeneraliseerd_2010.7e901ba8-7baa-4b33-8569-938c1e2f0806"},"id":"WK086704"},{"arcs":[[6068,6069,-6067,6070,-5412,-5501]],"type":"Polygon","properties":{"id":118212,"statcode":"WK086705","statnaam":"Wijk 05 Waspik","jrstatcode":"2010WK086705","rubriek":"wijk","FID":"wijk_gegeneraliseerd_2010.f68866ac-ff8d-406a-8e6e-78717bb8de9b"},"id":"WK086705"},{"arcs":[[-6066,-5405,-5413,-6071]],"type":"Polygon","properties":{"id":118213,"statcode":"WK086706","statnaam":"Wijk 06 Waspik-Zuid","jrstatcode":"2010WK086706","rubriek":"wijk","FID":"wijk_gegeneraliseerd_2010.d663481e-0adb-42f7-a973-194621ff07ef"},"id":"WK086706"},{"arcs":[[6071,6072,6073,6074,-3801,-4054,6075]],"type":"Polygon","properties":{"id":118214,"statcode":"WK087001","statnaam":"Wijk 01 Werkendam","jrstatcode":"2010WK087001","rubriek":"wijk","FID":"wijk_gegeneraliseerd_2010.4eebce44-0a5e-4a04-9407-698ad3c65ed4"},"id":"WK087001"},{"arcs":[[6076,-6076,-4053,-3845,-3842,-3820,6077]],"type":"Polygon","properties":{"id":118215,"statcode":"WK087002","statnaam":"Wijk 02 Sleeuwijk","jrstatcode":"2010WK087002","rubriek":"wijk","FID":"wijk_gegeneraliseerd_2010.67fe9529-2fba-41fa-aa0f-e4c368be50da"},"id":"WK087002"},{"arcs":[[6078,6079,-6073]],"type":"Polygon","properties":{"id":118216,"statcode":"WK087003","statnaam":"Wijk 03 Nieuwendijk","jrstatcode":"2010WK087003","rubriek":"wijk","FID":"wijk_gegeneraliseerd_2010.e4a2005f-078b-4d9f-847c-c2b81db03368"},"id":"WK087003"},{"arcs":[[-5508,6080,-6074,-6080,6081,6082,-6069,-5503,-5500]],"type":"Polygon","properties":{"id":118217,"statcode":"WK087004","statnaam":"Wijk 04 Hank","jrstatcode":"2010WK087004","rubriek":"wijk","FID":"wijk_gegeneraliseerd_2010.8819d972-1cc9-4c77-8ca4-25505dd31939"},"id":"WK087004"},{"arcs":[[6083,-5199,-5194,-6068,-6070,-6083]],"type":"Polygon","properties":{"id":118218,"statcode":"WK087005","statnaam":"Wijk 05 Dussen","jrstatcode":"2010WK087005","rubriek":"wijk","FID":"wijk_gegeneraliseerd_2010.ddd88451-817c-4594-936f-0de2639debb0"},"id":"WK087005"},{"arcs":[[6084,6085,-4867,-5249,-5245]],"type":"Polygon","properties":{"id":118219,"statcode":"WK087300","statnaam":"Wijk 00 Hoogerheide en Woensdrecht","jrstatcode":"2010WK087300","rubriek":"wijk","FID":"wijk_gegeneraliseerd_2010.0b28d79b-50c1-402f-94b5-49a2256ae546"},"id":"WK087300"},{"arcs":[[-5244,6086,6087,6088,-6085]],"type":"Polygon","properties":{"id":118220,"statcode":"WK087301","statnaam":"Wijk 01 Huijbergen","jrstatcode":"2010WK087301","rubriek":"wijk","FID":"wijk_gegeneraliseerd_2010.e81b1ed2-99b4-407c-95e8-d651c8eaaf4a"},"id":"WK087301"},{"arcs":[[-4868,-6086,-6089,6089,6090]],"type":"Polygon","properties":{"id":118221,"statcode":"WK087302","statnaam":"Wijk 02 Ossendrecht","jrstatcode":"2010WK087302","rubriek":"wijk","FID":"wijk_gegeneraliseerd_2010.870dd342-90f1-47bb-92e4-d4d7a8d4fbcb"},"id":"WK087302"},{"arcs":[[6091,-6090]],"type":"Polygon","properties":{"id":118222,"statcode":"WK087303","statnaam":"Wijk 03 Putte","jrstatcode":"2010WK087303","rubriek":"wijk","FID":"wijk_gegeneraliseerd_2010.d55b913b-0154-4e3a-b373-a2afec38b3c3"},"id":"WK087303"},{"arcs":[[6092,6093,6094,-6078,-3819,-3879,-2162]],"type":"Polygon","properties":{"id":118223,"statcode":"WK087400","statnaam":"Wijk 00 Woudrichem","jrstatcode":"2010WK087400","rubriek":"wijk","FID":"wijk_gegeneraliseerd_2010.962ca836-19c1-40b7-8212-14334d1b1a1e"},"id":"WK087400"},{"arcs":[[-5200,-6084,-6082,-6079,-6072,-6077,-6095,6095]],"type":"Polygon","properties":{"id":118224,"statcode":"WK087401","statnaam":"Wijk 01 Almkerk","jrstatcode":"2010WK087401","rubriek":"wijk","FID":"wijk_gegeneraliseerd_2010.f2665d1f-ce96-4935-b54f-1ff68166bb84"},"id":"WK087401"},{"arcs":[[6096,6097,-6093,-2161]],"type":"Polygon","properties":{"id":118225,"statcode":"WK087402","statnaam":"Wijk 02 Rijswijk","jrstatcode":"2010WK087402","rubriek":"wijk","FID":"wijk_gegeneraliseerd_2010.ab27820d-fb8f-4c5d-840c-8234972337c4"},"id":"WK087402"},{"arcs":[[-2160,6098,-5202,6099,-6097]],"type":"Polygon","properties":{"id":118226,"statcode":"WK087403","statnaam":"Wijk 03 Giessen","jrstatcode":"2010WK087403","rubriek":"wijk","FID":"wijk_gegeneraliseerd_2010.81107e27-0d84-4950-8832-8b057da7e268"},"id":"WK087403"},{"arcs":[[-2159,-5183,-5203,-6099]],"type":"Polygon","properties":{"id":118227,"statcode":"WK087404","statnaam":"Wijk 04 Andel","jrstatcode":"2010WK087404","rubriek":"wijk","FID":"wijk_gegeneraliseerd_2010.d5e08ab0-988b-4e18-8a4e-2721af62a06d"},"id":"WK087404"},{"arcs":[[-6100,-5201,-6096,-6094,-6098]],"type":"Polygon","properties":{"id":118228,"statcode":"WK087405","statnaam":"Wijk 05 Uitwijk en Waardhuizen","jrstatcode":"2010WK087405","rubriek":"wijk","FID":"wijk_gegeneraliseerd_2010.8dd78358-0e01-483f-a029-feaad65909b5"},"id":"WK087405"},{"arcs":[[6100,6101,6102,-5355,6103,6104]],"type":"Polygon","properties":{"id":118229,"statcode":"WK087900","statnaam":"Wijk 00 Zundert","jrstatcode":"2010WK087900","rubriek":"wijk","FID":"wijk_gegeneraliseerd_2010.6e00b88b-5818-462a-9225-bbe54b21249f"},"id":"WK087900"},{"arcs":[[6105,-5887,-5885,6106,-6102]],"type":"Polygon","properties":{"id":118230,"statcode":"WK087901","statnaam":"Wijk 01 Klein - Zundert","jrstatcode":"2010WK087901","rubriek":"wijk","FID":"wijk_gegeneraliseerd_2010.2bfd6305-f6d8-4daa-83fa-c7d24e3dd805"},"id":"WK087901"},{"arcs":[[6107,6108,-6105]],"type":"Polygon","properties":{"id":118231,"statcode":"WK087902","statnaam":"Wijk 02 Wernhout","jrstatcode":"2010WK087902","rubriek":"wijk","FID":"wijk_gegeneraliseerd_2010.7c805ad1-9dfb-4d92-9e13-997f90b55a55"},"id":"WK087902"},{"arcs":[[-5888,-6106,-6101,-6109,6109]],"type":"Polygon","properties":{"id":118232,"statcode":"WK087903","statnaam":"Wijk 03 Achtmaal","jrstatcode":"2010WK087903","rubriek":"wijk","FID":"wijk_gegeneraliseerd_2010.6e72cefe-2742-495a-99df-36810f086252"},"id":"WK087903"},{"arcs":[[-6103,-6107,-5884,-5495,-5356]],"type":"Polygon","properties":{"id":118233,"statcode":"WK087904","statnaam":"Wijk 04 Rijsbergen","jrstatcode":"2010WK087904","rubriek":"wijk","FID":"wijk_gegeneraliseerd_2010.daa82d90-b3f9-4592-a88a-51b37ba9a9c8"},"id":"WK087904"},{"arcs":[[-2718,6110,6111,-3446,-3466]],"type":"Polygon","properties":{"id":118234,"statcode":"WK088000","statnaam":"Wijk 00 Wormer","jrstatcode":"2010WK088000","rubriek":"wijk","FID":"wijk_gegeneraliseerd_2010.4095e402-c149-4d91-8cbb-b4f50e76f032"},"id":"WK088000"},{"arcs":[[-3263,-3308,-3447,-6112,6112,-3336]],"type":"Polygon","properties":{"id":118235,"statcode":"WK088001","statnaam":"Wijk 01 Wijdewormer","jrstatcode":"2010WK088001","rubriek":"wijk","FID":"wijk_gegeneraliseerd_2010.e23a3cc7-053c-41ee-98a8-437ccaa485dd"},"id":"WK088001"},{"arcs":[[-2717,-2713,-2735,-2746,-3337,-6113,-6111]],"type":"Polygon","properties":{"id":118236,"statcode":"WK088002","statnaam":"Wijk 02 Jisp","jrstatcode":"2010WK088002","rubriek":"wijk","FID":"wijk_gegeneraliseerd_2010.86971ab0-6fbe-46dc-8d73-8dd0eee3f5d4"},"id":"WK088002"},{"arcs":[[6113,6114,6115,6116]],"type":"Polygon","properties":{"id":118237,"statcode":"WK088100","statnaam":"Wijk 00 Onderbanken","jrstatcode":"2010WK088100","rubriek":"wijk","FID":"wijk_gegeneraliseerd_2010.bea5f200-1614-4c9d-b91a-145ab1635882"},"id":"WK088100"},{"arcs":[[6117,6118,6119,6120,6121,6122]],"type":"Polygon","properties":{"id":118238,"statcode":"WK088200","statnaam":"Wijk 00 Schaesberg","jrstatcode":"2010WK088200","rubriek":"wijk","FID":"wijk_gegeneraliseerd_2010.40b1a0a5-c364-4038-a0eb-57d6b97ec917"},"id":"WK088200"},{"arcs":[[6123,6124,6125,6126,6127,-6119]],"type":"Polygon","properties":{"id":118239,"statcode":"WK088201","statnaam":"Wijk 01 Nieuwenhagen","jrstatcode":"2010WK088201","rubriek":"wijk","FID":"wijk_gegeneraliseerd_2010.47a5287d-6500-449c-9fb0-70d544a2959a"},"id":"WK088201"},{"arcs":[[-6127,6128,6129,6130]],"type":"Polygon","properties":{"id":118240,"statcode":"WK088202","statnaam":"Wijk 02 Ubach over Worms","jrstatcode":"2010WK088202","rubriek":"wijk","FID":"wijk_gegeneraliseerd_2010.2e2d2e3c-f9a3-412f-be2c-054150c3b023"},"id":"WK088202"},{"arcs":[[6131,6132,6133,6134,6135,6136]],"type":"Polygon","properties":{"id":118241,"statcode":"WK088800","statnaam":"Wijk 00 Beek - Spaubeek","jrstatcode":"2010WK088800","rubriek":"wijk","FID":"wijk_gegeneraliseerd_2010.c895c077-d73f-442c-b517-66f29ff25f0a"},"id":"WK088800"},{"arcs":[[6137,6138,6139,6140,-6135]],"type":"Polygon","properties":{"id":118242,"statcode":"WK088801","statnaam":"Wijk 01 Beek-Zuid","jrstatcode":"2010WK088801","rubriek":"wijk","FID":"wijk_gegeneraliseerd_2010.01fd4135-1f13-4f54-b9d8-fedbb1f6928f"},"id":"WK088801"},{"arcs":[[6141,6142,6143,6144]],"type":"Polygon","properties":{"id":118243,"statcode":"WK088900","statnaam":"Wijk 00 Reuver","jrstatcode":"2010WK088900","rubriek":"wijk","FID":"wijk_gegeneraliseerd_2010.81e5f5c1-a921-46eb-ac42-1749ad1af0c8"},"id":"WK088900"},{"arcs":[[-6144,6145,6146,6147,6148]],"type":"Polygon","properties":{"id":118244,"statcode":"WK088901","statnaam":"Wijk 01 Beesel","jrstatcode":"2010WK088901","rubriek":"wijk","FID":"wijk_gegeneraliseerd_2010.3603bb6c-a46f-4026-8192-a299c0f43fe5"},"id":"WK088901"},{"arcs":[[6149,6150,6151,6152]],"type":"Polygon","properties":{"id":118245,"statcode":"WK089300","statnaam":"Wijk 00 Siebengewald","jrstatcode":"2010WK089300","rubriek":"wijk","FID":"wijk_gegeneraliseerd_2010.3aa65860-9797-484e-bb33-f569ce9619d8"},"id":"WK089300"},{"arcs":[[6153,-5296,-5277,6154,-6151]],"type":"Polygon","properties":{"id":118246,"statcode":"WK089301","statnaam":"Wijk 01 Afferden","jrstatcode":"2010WK089301","rubriek":"wijk","FID":"wijk_gegeneraliseerd_2010.9bbe580f-177e-4d08-9cae-e758b7fc1759"},"id":"WK089301"},{"arcs":[[-5309,-5297,-6154,-6150,6155,6156]],"type":"Polygon","properties":{"id":118247,"statcode":"WK089302","statnaam":"Wijk 02 Bergen","jrstatcode":"2010WK089302","rubriek":"wijk","FID":"wijk_gegeneraliseerd_2010.a4f17cdf-ea37-4248-8de5-32def1109b85"},"id":"WK089302"},{"arcs":[[6157,6158,6159,-5310,-6157]],"type":"Polygon","properties":{"id":118248,"statcode":"WK089303","statnaam":"Wijk 03 Well","jrstatcode":"2010WK089303","rubriek":"wijk","FID":"wijk_gegeneraliseerd_2010.177d93c7-3b6f-4835-ba95-4234fd49316f"},"id":"WK089303"},{"arcs":[[6160,6161,6162,-6159,6163]],"type":"Polygon","properties":{"id":118249,"statcode":"WK089304","statnaam":"Wijk 04 Wellerlooi","jrstatcode":"2010WK089304","rubriek":"wijk","FID":"wijk_gegeneraliseerd_2010.7da81d58-c1e4-43bf-9a8e-136b73bf760d"},"id":"WK089304"},{"arcs":[[6164,6165,6166,6167,6168,6169,6170,6171]],"type":"Polygon","properties":{"id":118250,"statcode":"WK089901","statnaam":"Wijk 01 Brunssum-West","jrstatcode":"2010WK089901","rubriek":"wijk","FID":"wijk_gegeneraliseerd_2010.169f8ef0-9271-43ae-96b0-557785186c8a"},"id":"WK089901"},{"arcs":[[6172,-6172,-6114,6173]],"type":"Polygon","properties":{"id":118251,"statcode":"WK089902","statnaam":"Wijk 02 Brunssum-Noord","jrstatcode":"2010WK089902","rubriek":"wijk","FID":"wijk_gegeneraliseerd_2010.3f138392-f6b9-455c-886a-d26e7f404c04"},"id":"WK089902"},{"arcs":[[6174,6175,-6174,-6117,6176]],"type":"Polygon","properties":{"id":118252,"statcode":"WK089903","statnaam":"Wijk 03 Brunssum-Oost","jrstatcode":"2010WK089903","rubriek":"wijk","FID":"wijk_gegeneraliseerd_2010.792d02ed-1692-41c3-a2fb-826bd378f595"},"id":"WK089903"},{"arcs":[[6177,-6129,-6126,6178,6179,-6166,6180,-6175]],"type":"Polygon","properties":{"id":118253,"statcode":"WK089904","statnaam":"Wijk 04 Brunssum-Zuid","jrstatcode":"2010WK089904","rubriek":"wijk","FID":"wijk_gegeneraliseerd_2010.eef2d317-5a7d-44e3-8570-b439091f9890"},"id":"WK089904"},{"arcs":[[-6181,-6165,-6173,-6176]],"type":"Polygon","properties":{"id":118254,"statcode":"WK089905","statnaam":"Wijk 05 Brunssum-Centrum","jrstatcode":"2010WK089905","rubriek":"wijk","FID":"wijk_gegeneraliseerd_2010.4f49c4cb-ff70-41f9-a13b-4f4820c85b3d"},"id":"WK089905"},{"arcs":[[6181,6182,6183,6184]],"type":"Polygon","properties":{"id":118255,"statcode":"WK090500","statnaam":"Wijk 00 Eijsden","jrstatcode":"2010WK090500","rubriek":"wijk","FID":"wijk_gegeneraliseerd_2010.8899b55e-0aaf-4670-8d30-0a1e5933389e"},"id":"WK090500"},{"arcs":[[-6183,6185,6186,6187]],"type":"Polygon","properties":{"id":118256,"statcode":"WK090501","statnaam":"Wijk 01 Gronsveld","jrstatcode":"2010WK090501","rubriek":"wijk","FID":"wijk_gegeneraliseerd_2010.219fca2e-95ee-468e-8d13-7a35aaceba75"},"id":"WK090501"},{"arcs":[[-1913,6188,6189,6190,-5287,6191,6192]],"type":"Polygon","properties":{"id":118257,"statcode":"WK090700","statnaam":"Wijk 00 Milsbeek","jrstatcode":"2010WK090700","rubriek":"wijk","FID":"wijk_gegeneraliseerd_2010.b5be9621-a5b4-4eee-8b56-32baa5944714"},"id":"WK090700"},{"arcs":[[-6190,6193,6194,6195,6196,6197]],"type":"Polygon","properties":{"id":118258,"statcode":"WK090701","statnaam":"Wijk 01 Ottersum","jrstatcode":"2010WK090701","rubriek":"wijk","FID":"wijk_gegeneraliseerd_2010.9b09ffb4-573d-4080-9d70-8180efe4fdce"},"id":"WK090701"},{"arcs":[[-6195,6198]],"type":"Polygon","properties":{"id":118259,"statcode":"WK090702","statnaam":"Wijk 02 Ven-Zelderheide","jrstatcode":"2010WK090702","rubriek":"wijk","FID":"wijk_gegeneraliseerd_2010.835a601d-0a81-4a2a-9cf8-95a32bffd1c1"},"id":"WK090702"},{"arcs":[[6199,-5285,-5288,-6191,-6198]],"type":"Polygon","properties":{"id":118260,"statcode":"WK090703","statnaam":"Wijk 03 Gennep","jrstatcode":"2010WK090703","rubriek":"wijk","FID":"wijk_gegeneraliseerd_2010.4d95bb42-4b41-4c97-b477-c77b2a713c0c"},"id":"WK090703"},{"arcs":[[-6200,-6197,6200,-6152,-6155,-5276,-5271,-5286]],"type":"Polygon","properties":{"id":118261,"statcode":"WK090704","statnaam":"Wijk 04 Heijen","jrstatcode":"2010WK090704","rubriek":"wijk","FID":"wijk_gegeneraliseerd_2010.2a4d70fd-4292-4b28-992b-a895d1bfa808"},"id":"WK090704"},{"arcs":[[6201,6202,6203,6204]],"type":"Polygon","properties":{"id":118262,"statcode":"WK091710","statnaam":"Wijk 10 Maria Gewanden en Terschuren","jrstatcode":"2010WK091710","rubriek":"wijk","FID":"wijk_gegeneraliseerd_2010.a7181ff6-df75-4fed-be7c-9e00fb81ef71"},"id":"WK091710"},{"arcs":[[6205,-6202,6206,6207,-6170]],"type":"Polygon","properties":{"id":118263,"statcode":"WK091711","statnaam":"Wijk 11 Mariarade","jrstatcode":"2010WK091711","rubriek":"wijk","FID":"wijk_gegeneraliseerd_2010.28b86a20-5514-4606-88c7-3f17b86d8d9f"},"id":"WK091711"},{"arcs":[[6208,-6203,-6206,-6169,6209,6210]],"type":"Polygon","properties":{"id":118264,"statcode":"WK091712","statnaam":"Wijk 12 Hoensbroek-De Dem","jrstatcode":"2010WK091712","rubriek":"wijk","FID":"wijk_gegeneraliseerd_2010.e0df82f6-fe7a-4e31-b554-9436908b43d6"},"id":"WK091712"},{"arcs":[[6211,6212,6213,-6204,-6209,6214]],"type":"Polygon","properties":{"id":118265,"statcode":"WK091713","statnaam":"Wijk 13 Nieuw Lotbroek","jrstatcode":"2010WK091713","rubriek":"wijk","FID":"wijk_gegeneraliseerd_2010.32d96216-0de8-41d2-a94c-d93e3c1490db"},"id":"WK091713"},{"arcs":[[6215,6216,6217,-6215,-6211]],"type":"Polygon","properties":{"id":118266,"statcode":"WK091714","statnaam":"Wijk 14 De Koumen","jrstatcode":"2010WK091714","rubriek":"wijk","FID":"wijk_gegeneraliseerd_2010.4e6dd8c7-403b-478b-baaf-716ebe6da740"},"id":"WK091714"},{"arcs":[[6218,6219,6220,-6167,-6180]],"type":"Polygon","properties":{"id":118267,"statcode":"WK091720","statnaam":"Wijk 20 Vrieheide-De Stack","jrstatcode":"2010WK091720","rubriek":"wijk","FID":"wijk_gegeneraliseerd_2010.f1fb216e-b3f5-47bf-b416-8a00ed9e9996"},"id":"WK091720"},{"arcs":[[-6221,6221,6222,-6216,-6210,-6168]],"type":"Polygon","properties":{"id":118268,"statcode":"WK091721","statnaam":"Wijk 21 Heerlerheide-Passart","jrstatcode":"2010WK091721","rubriek":"wijk","FID":"wijk_gegeneraliseerd_2010.013d0bda-d12a-4855-8d14-ed6f90252e95"},"id":"WK091721"},{"arcs":[[6223,6224,-6222,-6220]],"type":"Polygon","properties":{"id":118269,"statcode":"WK091722","statnaam":"Wijk 22 Heksenberg","jrstatcode":"2010WK091722","rubriek":"wijk","FID":"wijk_gegeneraliseerd_2010.afce197d-1697-4fa5-8d77-221d3df5cf4b"},"id":"WK091722"},{"arcs":[[-6179,-6125,6225,6226,6227,-6224,-6219]],"type":"Polygon","properties":{"id":118270,"statcode":"WK091723","statnaam":"Wijk 23 De Hei","jrstatcode":"2010WK091723","rubriek":"wijk","FID":"wijk_gegeneraliseerd_2010.29cd3025-6022-46a4-8eaf-e8207e469743"},"id":"WK091723"},{"arcs":[[-6228,6228,6229,6230,-6217,-6223,-6225]],"type":"Polygon","properties":{"id":118271,"statcode":"WK091724","statnaam":"Wijk 24 Rennemig-Beersdal","jrstatcode":"2010WK091724","rubriek":"wijk","FID":"wijk_gegeneraliseerd_2010.1eb4e2f5-c053-4d91-9381-efba366566d7"},"id":"WK091724"},{"arcs":[[6231,6232,6233,6234,-6230,6235]],"type":"Polygon","properties":{"id":118272,"statcode":"WK091730","statnaam":"Wijk 30 Zeswegen-Nieuw Husken","jrstatcode":"2010WK091730","rubriek":"wijk","FID":"wijk_gegeneraliseerd_2010.220a6d10-a3a9-4758-a25a-518e6a10cad9"},"id":"WK091730"},{"arcs":[[-6236,-6229,-6227,6236,6237]],"type":"Polygon","properties":{"id":118273,"statcode":"WK091731","statnaam":"Wijk 31 Schandelen-Grasbroek","jrstatcode":"2010WK091731","rubriek":"wijk","FID":"wijk_gegeneraliseerd_2010.ebcc8e1e-e2d7-43f5-b406-6c4adb8266cf"},"id":"WK091731"},{"arcs":[[6238,-6237,-6226,-6124,-6118]],"type":"Polygon","properties":{"id":118274,"statcode":"WK091732","statnaam":"Wijk 32 Meezenbroek-Schaesbergerveld","jrstatcode":"2010WK091732","rubriek":"wijk","FID":"wijk_gegeneraliseerd_2010.012e9b8e-ed61-48e4-b313-93e0b55dbe03"},"id":"WK091732"},{"arcs":[[6239,6240,-6232,-6238,6241,6242]],"type":"Polygon","properties":{"id":118275,"statcode":"WK091733","statnaam":"Wijk 33 Heerlen-Centrum","jrstatcode":"2010WK091733","rubriek":"wijk","FID":"wijk_gegeneraliseerd_2010.b2db2d00-6cc8-4bdc-89ed-dac414c2ea02"},"id":"WK091733"},{"arcs":[[-6241,6243,-6233]],"type":"Polygon","properties":{"id":118276,"statcode":"WK091734","statnaam":"Wijk 34 Eikenderveld","jrstatcode":"2010WK091734","rubriek":"wijk","FID":"wijk_gegeneraliseerd_2010.07748ac2-7c0c-49e6-925c-201538fa2238"},"id":"WK091734"},{"arcs":[[-6218,-6231,-6235,6244,6245,6246,6247,-6212]],"type":"Polygon","properties":{"id":118277,"statcode":"WK091735","statnaam":"Wijk 35 Woonboulevard-Ten Esschen","jrstatcode":"2010WK091735","rubriek":"wijk","FID":"wijk_gegeneraliseerd_2010.8ac4a50b-e6d9-4b2b-906f-d540379ed368"},"id":"WK091735"},{"arcs":[[-6234,-6244,-6240,6248,6249,6250,6251,6252,-6245]],"type":"Polygon","properties":{"id":118278,"statcode":"WK091736","statnaam":"Wijk 36 Welten-Benzenrade","jrstatcode":"2010WK091736","rubriek":"wijk","FID":"wijk_gegeneraliseerd_2010.2f0f45d6-b9cd-49e6-ba61-f8f0714e61be"},"id":"WK091736"},{"arcs":[[-6249,-6243,6253,6254]],"type":"Polygon","properties":{"id":118279,"statcode":"WK091737","statnaam":"Wijk 37 Bekkerveld","jrstatcode":"2010WK091737","rubriek":"wijk","FID":"wijk_gegeneraliseerd_2010.034a14cd-4c2a-405e-baac-1669813c8205"},"id":"WK091737"},{"arcs":[[6255,-6250,-6255,6256]],"type":"Polygon","properties":{"id":118280,"statcode":"WK091738","statnaam":"Wijk 38 Caumerveld-Douve Weien","jrstatcode":"2010WK091738","rubriek":"wijk","FID":"wijk_gegeneraliseerd_2010.a6e8cf14-48b4-4ddf-a42a-1eca0532c01b"},"id":"WK091738"},{"arcs":[[6257,-6257,-6254,-6242,-6239,-6123]],"type":"Polygon","properties":{"id":118281,"statcode":"WK091739","statnaam":"Wijk 39 Molenberg","jrstatcode":"2010WK091739","rubriek":"wijk","FID":"wijk_gegeneraliseerd_2010.8e5abaa2-0497-4b84-b5ea-2778f7af3227"},"id":"WK091739"},{"arcs":[[6258,6259]],"type":"Polygon","properties":{"id":118282,"statcode":"WK091740","statnaam":"Wijk 40 Heerlerbaan-Centrum","jrstatcode":"2010WK091740","rubriek":"wijk","FID":"wijk_gegeneraliseerd_2010.8d89206c-022d-47b7-9b2c-1cf87e0d77b0"},"id":"WK091740"},{"arcs":[[6260,-6260,6261,6262,6263,-6251,-6256,-6258,-6122]],"type":"Polygon","properties":{"id":118283,"statcode":"WK091741","statnaam":"Wijk 41 Heerlerbaan-Schil","jrstatcode":"2010WK091741","rubriek":"wijk","FID":"wijk_gegeneraliseerd_2010.f65cb8fb-e30f-459e-b838-9d800796b419"},"id":"WK091741"},{"arcs":[[6264,6265,6266,6267,-6263]],"type":"Polygon","properties":{"id":118284,"statcode":"WK091742","statnaam":"Wijk 41 De Beitel","jrstatcode":"2010WK091742","rubriek":"wijk","FID":"wijk_gegeneraliseerd_2010.9152b6e6-2282-4c87-8d3b-0866d9eecc66"},"id":"WK091742"},{"arcs":[[6268,6269,6270,-6265,-6262,-6259,-6261,-6121]],"type":"Polygon","properties":{"id":118285,"statcode":"WK092800","statnaam":"Wijk 00 Kerkrade-West","jrstatcode":"2010WK092800","rubriek":"wijk","FID":"wijk_gegeneraliseerd_2010.5b14f47f-a132-4d18-a547-a0dde3d5e405"},"id":"WK092800"},{"arcs":[[-6270,6271,6272]],"type":"Polygon","properties":{"id":118286,"statcode":"WK092801","statnaam":"Wijk 01 Kerkrade-Oost","jrstatcode":"2010WK092801","rubriek":"wijk","FID":"wijk_gegeneraliseerd_2010.5a861854-2ede-4b8c-a213-d07fcc2bee87"},"id":"WK092801"},{"arcs":[[-6272,-6269,-6120,-6128,-6131,6273]],"type":"Polygon","properties":{"id":118287,"statcode":"WK092802","statnaam":"Wijk 02 Kerkrade-Noord","jrstatcode":"2010WK092802","rubriek":"wijk","FID":"wijk_gegeneraliseerd_2010.606ede98-c846-448f-96a8-d8b52280a800"},"id":"WK092802"},{"arcs":[[6274,6275,6276,6277,6278]],"type":"Polygon","properties":{"id":118288,"statcode":"WK093500","statnaam":"Wijk 00 Centrum","jrstatcode":"2010WK093500","rubriek":"wijk","FID":"wijk_gegeneraliseerd_2010.3cbc5988-6b31-4350-b16d-6ac769d656a1"},"id":"WK093500"},{"arcs":[[6279,-6278,6280,6281]],"type":"Polygon","properties":{"id":118289,"statcode":"WK093501","statnaam":"Wijk 01 Buitenwijk Zuidwest","jrstatcode":"2010WK093501","rubriek":"wijk","FID":"wijk_gegeneraliseerd_2010.f2c127dc-b6e0-4b72-823d-c620a09aa121"},"id":"WK093501"},{"arcs":[[-6279,-6280,6282,6283]],"type":"Polygon","properties":{"id":118290,"statcode":"WK093502","statnaam":"Wijk 02 Buitenwijk West","jrstatcode":"2010WK093502","rubriek":"wijk","FID":"wijk_gegeneraliseerd_2010.b1c9008f-f99d-4f50-892f-2609e6cf9aed"},"id":"WK093502"},{"arcs":[[6284,6285,-6275,-6284,6286]],"type":"Polygon","properties":{"id":118291,"statcode":"WK093503","statnaam":"Wijk 03 Buitenwijk Noordwest","jrstatcode":"2010WK093503","rubriek":"wijk","FID":"wijk_gegeneraliseerd_2010.a4b2960f-a74c-475e-8cf1-509840b520e8"},"id":"WK093503"},{"arcs":[[6287,6288,6289,-6276,-6286,6290,6291]],"type":"Polygon","properties":{"id":118292,"statcode":"WK093504","statnaam":"Wijk 04 Buitenwijk Oost","jrstatcode":"2010WK093504","rubriek":"wijk","FID":"wijk_gegeneraliseerd_2010.8ef677aa-f647-4668-b70e-cafb84c94565"},"id":"WK093504"},{"arcs":[[-6285,6292,6293,6294,-6291]],"type":"Polygon","properties":{"id":118293,"statcode":"WK093505","statnaam":"Wijk 05 Buitenwijk Noordoost","jrstatcode":"2010WK093505","rubriek":"wijk","FID":"wijk_gegeneraliseerd_2010.0a5a2e94-7d42-430f-8294-3c66902e9aaf"},"id":"WK093505"},{"arcs":[[-6186,-6182,6295,-6281,-6277,-6290,6296]],"type":"Polygon","properties":{"id":118294,"statcode":"WK093506","statnaam":"Wijk 06 Buitenwijk Zuidoost","jrstatcode":"2010WK093506","rubriek":"wijk","FID":"wijk_gegeneraliseerd_2010.69f88ffb-12fc-4464-b368-87cd0d9845de"},"id":"WK093506"},{"arcs":[[6297,6298,6299,6300,6301,6302,6303]],"type":"Polygon","properties":{"id":118295,"statcode":"WK093600","statnaam":"Wijk 00 Margraten","jrstatcode":"2010WK093600","rubriek":"wijk","FID":"wijk_gegeneraliseerd_2010.1ad0b79c-97b7-49e7-9bca-102b2a1c6ec7"},"id":"WK093600"},{"arcs":[[6304,-6302,6305,-6187,-6297,-6289]],"type":"Polygon","properties":{"id":118296,"statcode":"WK093601","statnaam":"Wijk 01 Cadier en Keer","jrstatcode":"2010WK093601","rubriek":"wijk","FID":"wijk_gegeneraliseerd_2010.79cdaa0b-3457-4786-a6e0-b5d50d0024df"},"id":"WK093601"},{"arcs":[[-6301,6306,6307,6308,-6184,-6188,-6306]],"type":"Polygon","properties":{"id":118297,"statcode":"WK093602","statnaam":"Wijk 02 Sint Geertruid","jrstatcode":"2010WK093602","rubriek":"wijk","FID":"wijk_gegeneraliseerd_2010.a5a2e67a-1b44-49f9-9911-e646e0359263"},"id":"WK093602"},{"arcs":[[6309,6310,-6308,6311]],"type":"Polygon","properties":{"id":118298,"statcode":"WK093603","statnaam":"Wijk 03 Mheer - Noorbeek","jrstatcode":"2010WK093603","rubriek":"wijk","FID":"wijk_gegeneraliseerd_2010.3ec50a00-d8c1-4548-924c-6d1abaf695f2"},"id":"WK093603"},{"arcs":[[6312,6313,6314,-6292,-6295,6315,6316]],"type":"Polygon","properties":{"id":118299,"statcode":"WK093800","statnaam":"Wijk 00 Meerssen","jrstatcode":"2010WK093800","rubriek":"wijk","FID":"wijk_gegeneraliseerd_2010.a75e1e3d-d783-4326-a76a-3228f691809e"},"id":"WK093800"},{"arcs":[[6317,-6317,6318,-6139]],"type":"Polygon","properties":{"id":118300,"statcode":"WK093801","statnaam":"Wijk 01 Ulestraten","jrstatcode":"2010WK093801","rubriek":"wijk","FID":"wijk_gegeneraliseerd_2010.76dc5532-9cdc-4eaf-92bf-0e45d5f4def5"},"id":"WK093801"},{"arcs":[[-6319,-6316,-6294,6319,6320,-6140]],"type":"Polygon","properties":{"id":118301,"statcode":"WK093802","statnaam":"Wijk 02 Bunde - Geulle","jrstatcode":"2010WK093802","rubriek":"wijk","FID":"wijk_gegeneraliseerd_2010.ea974a64-eef8-4d79-9d3a-6c71e89e7272"},"id":"WK093802"},{"arcs":[[6321,6322,6323,-1973,-1909]],"type":"Polygon","properties":{"id":118302,"statcode":"WK094400","statnaam":"Wijk 00 Mook","jrstatcode":"2010WK094400","rubriek":"wijk","FID":"wijk_gegeneraliseerd_2010.2cf17bc5-cd93-4c10-b326-7631bfd9a3ec"},"id":"WK094400"},{"arcs":[[-6322,-1908,-1914,-6193,6324,6325]],"type":"Polygon","properties":{"id":118303,"statcode":"WK094401","statnaam":"Wijk 01 Middelaar","jrstatcode":"2010WK094401","rubriek":"wijk","FID":"wijk_gegeneraliseerd_2010.dba5a0f8-fe49-4eee-8d76-afa4f36c33c3"},"id":"WK094401"},{"arcs":[[6326,6327,6328,6329,6330,6331,6332,6333,-5947,-5945,6334]],"type":"Polygon","properties":{"id":118304,"statcode":"WK094600","statnaam":"Wijk 00 Nederweert","jrstatcode":"2010WK094600","rubriek":"wijk","FID":"wijk_gegeneraliseerd_2010.b8da3e28-1bb4-479c-aa2b-175da86e3506"},"id":"WK094600"},{"arcs":[[6335,-6335,-5944,6336]],"type":"Polygon","properties":{"id":118305,"statcode":"WK094601","statnaam":"Wijk 01 Budschop","jrstatcode":"2010WK094601","rubriek":"wijk","FID":"wijk_gegeneraliseerd_2010.4cdcb0dc-20aa-4219-92d9-850978d24526"},"id":"WK094601"},{"arcs":[[-5943,-5215,6337,6338,6339,-6337]],"type":"Polygon","properties":{"id":118306,"statcode":"WK094602","statnaam":"Wijk 02 Ospel","jrstatcode":"2010WK094602","rubriek":"wijk","FID":"wijk_gegeneraliseerd_2010.0de1249a-1967-4228-afe7-e9888a7f1803"},"id":"WK094602"},{"arcs":[[6340,6341,-6327,-6336,-6340]],"type":"Polygon","properties":{"id":118307,"statcode":"WK094603","statnaam":"Wijk 03 Nederweer-Eind","jrstatcode":"2010WK094603","rubriek":"wijk","FID":"wijk_gegeneraliseerd_2010.ed061489-8ff4-43d1-82c1-e5ae903bcd4d"},"id":"WK094603"},{"arcs":[[6342,6343,-6328,-6342,6344,6345,6346]],"type":"Polygon","properties":{"id":118308,"statcode":"WK094604","statnaam":"Wijk 04 Leveroy","jrstatcode":"2010WK094604","rubriek":"wijk","FID":"wijk_gegeneraliseerd_2010.50c1ac49-6d0a-48f8-9b2d-f566852b2dc1"},"id":"WK094604"},{"arcs":[[6347,6348,-6133,6349,-6207,-6205,-6214,6350]],"type":"Polygon","properties":{"id":118309,"statcode":"WK095100","statnaam":"Wijk 00 Nuth","jrstatcode":"2010WK095100","rubriek":"wijk","FID":"wijk_gegeneraliseerd_2010.209c8943-cb2d-411a-b9a8-7e654912732d"},"id":"WK095100"},{"arcs":[[-6213,-6248,6351,6352,-6351]],"type":"Polygon","properties":{"id":118310,"statcode":"WK095101","statnaam":"Wijk 01 Wijnandsrade","jrstatcode":"2010WK095101","rubriek":"wijk","FID":"wijk_gegeneraliseerd_2010.ea772748-e406-49b6-82fe-8f1315915d2a"},"id":"WK095101"},{"arcs":[[-6353,6353,6354,6355,6356,-6348]],"type":"Polygon","properties":{"id":118311,"statcode":"WK095102","statnaam":"Wijk 02 Hulsberg","jrstatcode":"2010WK095102","rubriek":"wijk","FID":"wijk_gegeneraliseerd_2010.ddd53f17-423b-4014-99a6-cfbae0099373"},"id":"WK095102"},{"arcs":[[6357,-6313,-6318,-6138,-6134,-6349,-6357]],"type":"Polygon","properties":{"id":118312,"statcode":"WK095103","statnaam":"Wijk 03 Schimmert","jrstatcode":"2010WK095103","rubriek":"wijk","FID":"wijk_gegeneraliseerd_2010.2220a147-1725-4088-9335-648c622ed79d"},"id":"WK095103"},{"arcs":[[6358,6359,6360,6361,6362,6363,6364,6365,6366,6367,6368,6369,6370]],"type":"Polygon","properties":{"id":118313,"statcode":"WK095700","statnaam":"Wijk 00 Centrum","jrstatcode":"2010WK095700","rubriek":"wijk","FID":"wijk_gegeneraliseerd_2010.92f15f4a-890f-4541-ac48-1dd90c0f26c3"},"id":"WK095700"},{"arcs":[[6371,6372,6373,-6359]],"type":"Polygon","properties":{"id":118314,"statcode":"WK095701","statnaam":"Wijk 01 Roermond-Oost","jrstatcode":"2010WK095701","rubriek":"wijk","FID":"wijk_gegeneraliseerd_2010.63726699-be6b-44cb-b87c-406efb54fde7"},"id":"WK095701"},{"arcs":[[6374,6375,6376,6377,-6360,-6374]],"type":"Polygon","properties":{"id":118315,"statcode":"WK095702","statnaam":"Wijk 02 Roermond-Zuid","jrstatcode":"2010WK095702","rubriek":"wijk","FID":"wijk_gegeneraliseerd_2010.d45a8123-8236-4246-aa45-85abeb25d69b"},"id":"WK095702"},{"arcs":[[6378,-6372,-6371,6379,6380,6381]],"type":"Polygon","properties":{"id":118316,"statcode":"WK095703","statnaam":"Wijk 03 Maasniel","jrstatcode":"2010WK095703","rubriek":"wijk","FID":"wijk_gegeneraliseerd_2010.ca4f7539-a227-48d9-95a3-cdb65c536274"},"id":"WK095703"},{"arcs":[[-6379,6382,6383,-6375,-6373]],"type":"Polygon","properties":{"id":118317,"statcode":"WK095704","statnaam":"Wijk 04 Donderberg en Roosendael","jrstatcode":"2010WK095704","rubriek":"wijk","FID":"wijk_gegeneraliseerd_2010.459e1361-94fe-452e-802a-526007d11a36"},"id":"WK095704"},{"arcs":[[6384,-6383,-6382]],"type":"Polygon","properties":{"id":118318,"statcode":"WK095705","statnaam":"Wijk 05 Donderberg en Hoogvonderen","jrstatcode":"2010WK095705","rubriek":"wijk","FID":"wijk_gegeneraliseerd_2010.4bf8adb0-85b1-48a0-9964-fefc78c22cb6"},"id":"WK095705"},{"arcs":[[6385,6386,6387,-6376,-6384,-6385,-6381]],"type":"Polygon","properties":{"id":118319,"statcode":"WK095706","statnaam":"Wijk 06 Asenray","jrstatcode":"2010WK095706","rubriek":"wijk","FID":"wijk_gegeneraliseerd_2010.3a276ff7-b4bf-479d-b806-850cefc12e62"},"id":"WK095706"},{"arcs":[[6388,-6362]],"type":"Polygon","properties":{"id":118320,"statcode":"WK095707","statnaam":"Wijk 07 Herten","jrstatcode":"2010WK095707","rubriek":"wijk","FID":"wijk_gegeneraliseerd_2010.f47071c5-dda7-4fa1-8fcb-774ecdd92b94"},"id":"WK095707"},{"arcs":[[6389,-6386,-6380,-6370,6390,6391,-6147]],"type":"Polygon","properties":{"id":118321,"statcode":"WK095708","statnaam":"Wijk 08 Swalmen","jrstatcode":"2010WK095708","rubriek":"wijk","FID":"wijk_gegeneraliseerd_2010.3fb04c4a-a26b-4564-8b9f-ebbafa23edf0"},"id":"WK095708"},{"arcs":[[-6208,-6350,-6132,6392,6393,6394]],"type":"Polygon","properties":{"id":118322,"statcode":"WK096200","statnaam":"Wijk 00","jrstatcode":"2010WK096200","rubriek":"wijk","FID":"wijk_gegeneraliseerd_2010.815342ec-6531-4bbe-950b-f317183e5ff8"},"id":"WK096200"},{"arcs":[[6395,-6115,-6171,-6395,6396]],"type":"Polygon","properties":{"id":118323,"statcode":"WK096201","statnaam":"Wijk 01 Amstenrade - Oirsbeek","jrstatcode":"2010WK096201","rubriek":"wijk","FID":"wijk_gegeneraliseerd_2010.086aa2d3-2cc3-45ab-b1e3-72fd48d0d6fd"},"id":"WK096201"},{"arcs":[[6397,6398,6399,-6252,-6264,-6268]],"type":"Polygon","properties":{"id":118324,"statcode":"WK096500","statnaam":"Wijk 00 Simpelveld","jrstatcode":"2010WK096500","rubriek":"wijk","FID":"wijk_gegeneraliseerd_2010.27a9e0dd-181b-48ef-8f7f-db0c27260ee3"},"id":"WK096500"},{"arcs":[[6400,6401,-6398,-6267,6402]],"type":"Polygon","properties":{"id":118325,"statcode":"WK096501","statnaam":"Wijk 01 Bocholtz","jrstatcode":"2010WK096501","rubriek":"wijk","FID":"wijk_gegeneraliseerd_2010.47677e94-d85a-4ada-adc3-133f8e3ee2dc"},"id":"WK096501"},{"arcs":[[6403,6404,6405,6406]],"type":"Polygon","properties":{"id":118326,"statcode":"WK097100","statnaam":"Wijk 00 Stein","jrstatcode":"2010WK097100","rubriek":"wijk","FID":"wijk_gegeneraliseerd_2010.062173e5-cb2f-4b6f-9362-8e863c812f66"},"id":"WK097100"},{"arcs":[[6407,-6136,-6141,-6321,6408,-6404]],"type":"Polygon","properties":{"id":118327,"statcode":"WK097101","statnaam":"Wijk 01 Elsloo","jrstatcode":"2010WK097101","rubriek":"wijk","FID":"wijk_gegeneraliseerd_2010.b78ca92c-8363-42de-8639-bc4b351fc516"},"id":"WK097101"},{"arcs":[[6409,-6406,6410,6411,6412]],"type":"Polygon","properties":{"id":118328,"statcode":"WK097102","statnaam":"Wijk 02 Urmond","jrstatcode":"2010WK097102","rubriek":"wijk","FID":"wijk_gegeneraliseerd_2010.50f2caf3-0349-444b-a8d4-ce29f1d3c116"},"id":"WK097102"},{"arcs":[[6413,6414,6415,6416,6417,6418]],"type":"Polygon","properties":{"id":118329,"statcode":"WK098100","statnaam":"Wijk 00 Vijlen-Lemiers","jrstatcode":"2010WK098100","rubriek":"wijk","FID":"wijk_gegeneraliseerd_2010.bfb99f90-afb9-4fb6-9a4c-507be86d887b"},"id":"WK098100"},{"arcs":[[6419,-6415]],"type":"Polygon","properties":{"id":118330,"statcode":"WK098101","statnaam":"Wijk 01 Vaals","jrstatcode":"2010WK098101","rubriek":"wijk","FID":"wijk_gegeneraliseerd_2010.05e09bbf-fcdc-4e59-9a66-dd2b00ecd867"},"id":"WK098101"},{"arcs":[[6420,6421,6422,6423,6424,6425,6426]],"type":"Polygon","properties":{"id":118331,"statcode":"WK098300","statnaam":"Wijk 00 Blerick-stad","jrstatcode":"2010WK098300","rubriek":"wijk","FID":"wijk_gegeneraliseerd_2010.88f6fc70-5a33-4446-b3fc-af41a04e8cf7"},"id":"WK098300"},{"arcs":[[6429,6430,6431,-6427]],"type":"Polygon","properties":{"id":118332,"statcode":"WK098301","statnaam":"Wijk 01 Venlo-stad","jrstatcode":"2010WK098301","rubriek":"wijk","FID":"wijk_gegeneraliseerd_2010.941e6da1-2c0e-401c-9f89-9cda9bb41d71"},"id":"WK098301"},{"arcs":[[6432,6433,6434,-6428,6435,-6422]],"type":"Polygon","properties":{"id":118333,"statcode":"WK098302","statnaam":"Wijk 02 Blerick-randgebied","jrstatcode":"2010WK098302","rubriek":"wijk","FID":"wijk_gegeneraliseerd_2010.63d82176-0faa-4dd3-9d18-6b819b0d4714"},"id":"WK098302"},{"arcs":[[6436,-6431,6437,6438]],"type":"Polygon","properties":{"id":118334,"statcode":"WK098303","statnaam":"Wijk 03 Venlo-randgebied","jrstatcode":"2010WK098303","rubriek":"wijk","FID":"wijk_gegeneraliseerd_2010.5e1e6c3e-273a-4939-a22e-72965d77d1fe"},"id":"WK098303"},{"arcs":[[6439,-6433,-6421,-6432,-6437,6440,6441]],"type":"Polygon","properties":{"id":118335,"statcode":"WK098304","statnaam":"Wijk 04 Tegelen","jrstatcode":"2010WK098304","rubriek":"wijk","FID":"wijk_gegeneraliseerd_2010.b7530d63-365b-4368-8249-6b5833acbed4"},"id":"WK098304"},{"arcs":[[6442,-6142,6443,6444,-6442]],"type":"Polygon","properties":{"id":118336,"statcode":"WK098305","statnaam":"Wijk 05 Geloo-Belfeld","jrstatcode":"2010WK098305","rubriek":"wijk","FID":"wijk_gegeneraliseerd_2010.9cc8c563-e470-4ad4-8d2d-4822c1ee729c"},"id":"WK098305"},{"arcs":[[6445,-6161,6446,6447,6448,6449]],"type":"Polygon","properties":{"id":118337,"statcode":"WK098306","statnaam":"Wijk 06 Arcen-Lomm","jrstatcode":"2010WK098306","rubriek":"wijk","FID":"wijk_gegeneraliseerd_2010.b6080c4b-d112-46c3-b536-8dd0a13eebe6"},"id":"WK098306"},{"arcs":[[-6430,6450,6451,-6448,6452,-6438]],"type":"Polygon","properties":{"id":118338,"statcode":"WK098307","statnaam":"Wijk 07 Velden","jrstatcode":"2010WK098307","rubriek":"wijk","FID":"wijk_gegeneraliseerd_2010.18788929-1703-4a18-af2a-47c88b54b016"},"id":"WK098307"},{"arcs":[[-5307,6453]],"type":"Polygon","properties":{"id":118339,"statcode":"WK098410","statnaam":"Wijk 10 Venray","jrstatcode":"2010WK098410","rubriek":"wijk","FID":"wijk_gegeneraliseerd_2010.81a1436c-64bc-4f85-996e-4866f09c069e"},"id":"WK098410"},{"arcs":[[6454,6455,6456,6457,6458,-5373,6459,6460,6461,-5308,-6454,-5306,-5313,-5311,-6160,-6163,6462,6463,6464]],"type":"Polygon","properties":{"id":118340,"statcode":"WK098420","statnaam":"Wijk 20 Overige kernen","jrstatcode":"2010WK098420","rubriek":"wijk","FID":"wijk_gegeneraliseerd_2010.a3697341-4bbb-4698-968c-99b6c9aeb9d5"},"id":"WK098420"},{"arcs":[[-6246,-6253,-6400,6465,6466,6467]],"type":"Polygon","properties":{"id":118341,"statcode":"WK098600","statnaam":"Wijk 00 Voerendaal","jrstatcode":"2010WK098600","rubriek":"wijk","FID":"wijk_gegeneraliseerd_2010.84a3b91f-5f90-4d17-9f6b-bf0bfe8349a2"},"id":"WK098600"},{"arcs":[[-6354,-6352,-6247,-6468,6468,6469,6470]],"type":"Polygon","properties":{"id":118342,"statcode":"WK098601","statnaam":"Wijk 01 Klimmen","jrstatcode":"2010WK098601","rubriek":"wijk","FID":"wijk_gegeneraliseerd_2010.4f0fc166-5de9-47d5-ab18-650c4c8beca3"},"id":"WK098601"},{"arcs":[[6471,6472,6473,6474,6475,6476,6477,6478,-6332,6479]],"type":"Polygon","properties":{"id":118343,"statcode":"WK098801","statnaam":"Wijk 01 Boshoven","jrstatcode":"2010WK098801","rubriek":"wijk","FID":"wijk_gegeneraliseerd_2010.9a49e116-612c-43a3-a4ea-eb106f0dc16f"},"id":"WK098801"},{"arcs":[[-6331,6480,-6480]],"type":"Polygon","properties":{"id":118344,"statcode":"WK098802","statnaam":"Wijk 02 Laar en Hushoven","jrstatcode":"2010WK098802","rubriek":"wijk","FID":"wijk_gegeneraliseerd_2010.e65eb483-5533-46d0-b210-5150829ddde9"},"id":"WK098802"},{"arcs":[[-6330,6481,6482,6483,-6472,-6481]],"type":"Polygon","properties":{"id":118345,"statcode":"WK098803","statnaam":"Wijk 03 Molenakker en Kampershoek","jrstatcode":"2010WK098803","rubriek":"wijk","FID":"wijk_gegeneraliseerd_2010.e21e07a4-4e21-46ec-a623-651152a585d5"},"id":"WK098803"},{"arcs":[[6484,6485,6486,6487,6488,-6473,-6484,6489]],"type":"Polygon","properties":{"id":118346,"statcode":"WK098811","statnaam":"Wijk 11 Weert-Centrum","jrstatcode":"2010WK098811","rubriek":"wijk","FID":"wijk_gegeneraliseerd_2010.71f97032-1c90-430e-a858-74385a28ec67"},"id":"WK098811"},{"arcs":[[6490,-6490,-6483,6491]],"type":"Polygon","properties":{"id":118347,"statcode":"WK098812","statnaam":"Wijk 12 Biest","jrstatcode":"2010WK098812","rubriek":"wijk","FID":"wijk_gegeneraliseerd_2010.3a92ebf1-9f41-4bd3-aa68-ab716466ecab"},"id":"WK098812"},{"arcs":[[6492,-6485,-6491,6493]],"type":"Polygon","properties":{"id":118348,"statcode":"WK098813","statnaam":"Wijk 13 Groenewoud","jrstatcode":"2010WK098813","rubriek":"wijk","FID":"wijk_gegeneraliseerd_2010.4d1efffc-a21b-4f2d-abad-00b19d4c6928"},"id":"WK098813"},{"arcs":[[-6489,6494,6495,-6474]],"type":"Polygon","properties":{"id":118349,"statcode":"WK098814","statnaam":"Wijk 14 Fatima","jrstatcode":"2010WK098814","rubriek":"wijk","FID":"wijk_gegeneraliseerd_2010.b6b94033-a4eb-4b54-9a0c-e5c7f183b999"},"id":"WK098814"},{"arcs":[[-6495,-6488,6496,6497,6498,6499]],"type":"Polygon","properties":{"id":118350,"statcode":"WK098821","statnaam":"Wijk 21 Keent","jrstatcode":"2010WK098821","rubriek":"wijk","FID":"wijk_gegeneraliseerd_2010.f0ac9647-429f-44cb-b024-60ef649c616b"},"id":"WK098821"},{"arcs":[[6500,6501,6502,-6497,-6487,6503]],"type":"Polygon","properties":{"id":118351,"statcode":"WK098822","statnaam":"Wijk 22 Moesel","jrstatcode":"2010WK098822","rubriek":"wijk","FID":"wijk_gegeneraliseerd_2010.c6aca7b8-abfe-4f78-b5d0-66ad884987d5"},"id":"WK098822"},{"arcs":[[-6486,-6493,-6504]],"type":"Polygon","properties":{"id":118352,"statcode":"WK098823","statnaam":"Wijk 23 Graswinkel","jrstatcode":"2010WK098823","rubriek":"wijk","FID":"wijk_gegeneraliseerd_2010.3e59d750-651e-47f3-abf2-f81eb31e95e3"},"id":"WK098823"},{"arcs":[[6504,-6501,-6494,-6492,-6482,-6329]],"type":"Polygon","properties":{"id":118353,"statcode":"WK098824","statnaam":"Wijk 24 Leuken","jrstatcode":"2010WK098824","rubriek":"wijk","FID":"wijk_gegeneraliseerd_2010.466c71f3-bb26-46ed-b3f1-8da4af11ac92"},"id":"WK098824"},{"arcs":[[-6496,-6500,6505,-6475]],"type":"Polygon","properties":{"id":118354,"statcode":"WK098825","statnaam":"Wijk 25 Kazernelaan","jrstatcode":"2010WK098825","rubriek":"wijk","FID":"wijk_gegeneraliseerd_2010.ac6be13c-0d88-40cf-98d0-6948fe3dd15b"},"id":"WK098825"},{"arcs":[[-6499,6506,6507,6508,-6476,-6506]],"type":"Polygon","properties":{"id":118355,"statcode":"WK098831","statnaam":"Wijk 31 Altweerderheide","jrstatcode":"2010WK098831","rubriek":"wijk","FID":"wijk_gegeneraliseerd_2010.5b115f76-0d89-4028-bcb4-bd91448a7861"},"id":"WK098831"},{"arcs":[[-6503,6509,6510,6511,-6507,-6498]],"type":"Polygon","properties":{"id":118356,"statcode":"WK098832","statnaam":"Wijk 32 Tungelroy","jrstatcode":"2010WK098832","rubriek":"wijk","FID":"wijk_gegeneraliseerd_2010.58f6f7e4-d331-40d5-aea0-c7cf84554de7"},"id":"WK098832"},{"arcs":[[-6344,6512,-6510,-6502,-6505]],"type":"Polygon","properties":{"id":118357,"statcode":"WK098833","statnaam":"Wijk 33 Swartbroek","jrstatcode":"2010WK098833","rubriek":"wijk","FID":"wijk_gegeneraliseerd_2010.91228f43-57e3-4200-ab72-456c20105697"},"id":"WK098833"},{"arcs":[[-6512,6513,6514,-6508]],"type":"Polygon","properties":{"id":118358,"statcode":"WK098834","statnaam":"Wijk 34 Stramproy","jrstatcode":"2010WK098834","rubriek":"wijk","FID":"wijk_gegeneraliseerd_2010.b57d02ae-c630-49f6-a743-fd4dfb7d32ff"},"id":"WK098834"},{"arcs":[[6515,-6355,-6471,6516,6517,6518]],"type":"Polygon","properties":{"id":118359,"statcode":"WK099400","statnaam":"Wijk 00 Valkenburg","jrstatcode":"2010WK099400","rubriek":"wijk","FID":"wijk_gegeneraliseerd_2010.fc553b69-c481-42ed-8ba0-6fd0a36dba31"},"id":"WK099400"},{"arcs":[[6519,-6314,-6358,-6356,-6516]],"type":"Polygon","properties":{"id":118360,"statcode":"WK099401","statnaam":"Wijk 01 Houthem - Sint Gerlach","jrstatcode":"2010WK099401","rubriek":"wijk","FID":"wijk_gegeneraliseerd_2010.583a02b2-32e0-4235-b02a-90bce928fd8a"},"id":"WK099401"},{"arcs":[[6520,-6298,6521,-6517,-6470]],"type":"Polygon","properties":{"id":118361,"statcode":"WK099402","statnaam":"Wijk 02 Schin op Geul","jrstatcode":"2010WK099402","rubriek":"wijk","FID":"wijk_gegeneraliseerd_2010.761a912a-6732-4e63-a5c2-a14c53e09ce5"},"id":"WK099402"},{"arcs":[[-6304,6522,-6518,-6522]],"type":"Polygon","properties":{"id":118362,"statcode":"WK099403","statnaam":"Wijk 03 Sibbe","jrstatcode":"2010WK099403","rubriek":"wijk","FID":"wijk_gegeneraliseerd_2010.661a19bd-d102-4974-929f-4ef721a00162"},"id":"WK099403"},{"arcs":[[-6523,-6303,-6305,-6288,-6315,-6520,-6519]],"type":"Polygon","properties":{"id":118363,"statcode":"WK099404","statnaam":"Wijk 04 Berg en Terblijt","jrstatcode":"2010WK099404","rubriek":"wijk","FID":"wijk_gegeneraliseerd_2010.4fe36bfd-9345-4563-9b09-7999d35ba607"},"id":"WK099404"},{"arcs":[[6523,6524,6525]],"type":"Polygon","properties":{"id":118364,"statcode":"WK099510","statnaam":"Gebied 10 Centrum Noordzijde","jrstatcode":"2010WK099510","rubriek":"wijk","FID":"wijk_gegeneraliseerd_2010.bd8e302e-01b4-4d76-be21-e5c94203fc84"},"id":"WK099510"},{"arcs":[[6526,6527,-6526,6528,6529,6530]],"type":"Polygon","properties":{"id":118365,"statcode":"WK099511","statnaam":"Gebied 11 Lelystad Noordoost","jrstatcode":"2010WK099511","rubriek":"wijk","FID":"wijk_gegeneraliseerd_2010.d45ac9f9-7aa4-49de-90a8-e65769f62871"},"id":"WK099511"},{"arcs":[[[6531,6532,6533,6534,6535,-6529,-6525]],[[6536]]],"type":"MultiPolygon","properties":{"id":118366,"statcode":"WK099522","statnaam":"Gebied 22 Lelystad Noordwest","jrstatcode":"2010WK099522","rubriek":"wijk","FID":"wijk_gegeneraliseerd_2010.9a44d813-eb3c-4cef-989a-2141a59b38a0"},"id":"WK099522"},{"arcs":[[-2221,6537,-6530,-6536,6538]],"type":"Polygon","properties":{"id":118367,"statcode":"WK099527","statnaam":"Gebied 27 Visvijverbos","jrstatcode":"2010WK099527","rubriek":"wijk","FID":"wijk_gegeneraliseerd_2010.a70b5997-b0d4-467f-90c9-866100c3ca50"},"id":"WK099527"},{"arcs":[[6539,6540,6541,6542,6543]],"type":"Polygon","properties":{"id":118368,"statcode":"WK099530","statnaam":"Gebied 30 Centrum Zuidzijde","jrstatcode":"2010WK099530","rubriek":"wijk","FID":"wijk_gegeneraliseerd_2010.3e4a5766-53f2-4d51-9909-9a14c433c5f6"},"id":"WK099530"},{"arcs":[[-6533,6544,-6542,6545]],"type":"Polygon","properties":{"id":118369,"statcode":"WK099532","statnaam":"Gebied 32 Botter-Tjalk-Schoener","jrstatcode":"2010WK099532","rubriek":"wijk","FID":"wijk_gegeneraliseerd_2010.58211c4b-4f24-4162-abcc-a8247c388c37"},"id":"WK099532"},{"arcs":[[6546,6547,-6534,-6546,-6541,6548]],"type":"Polygon","properties":{"id":118370,"statcode":"WK099533","statnaam":"Gebied 33 Haven-Noordersluis","jrstatcode":"2010WK099533","rubriek":"wijk","FID":"wijk_gegeneraliseerd_2010.009ccceb-19a2-423f-8dc1-9a8f07196c6f"},"id":"WK099533"},{"arcs":[[6549,6550,-6544,6551,-6527]],"type":"Polygon","properties":{"id":118371,"statcode":"WK099544","statnaam":"Gebied 44 Lelystad Zuidoost","jrstatcode":"2010WK099544","rubriek":"wijk","FID":"wijk_gegeneraliseerd_2010.c5303299-6470-4630-a522-fde21488d900"},"id":"WK099544"},{"arcs":[[-6528,-6552,-6543,-6545,-6532,-6524]],"type":"Polygon","properties":{"id":118372,"statcode":"WK099550","statnaam":"Gebied 50 Stadshart","jrstatcode":"2010WK099550","rubriek":"wijk","FID":"wijk_gegeneraliseerd_2010.cbc5a282-e626-4131-85ac-9f293006e384"},"id":"WK099550"},{"arcs":[[6552,-6549,-6540,-6551]],"type":"Polygon","properties":{"id":118373,"statcode":"WK099565","statnaam":"Gebied 65 Lelystad-Zuid/ Flevopoort","jrstatcode":"2010WK099565","rubriek":"wijk","FID":"wijk_gegeneraliseerd_2010.4642d3d4-d11c-4776-a783-d23b02624440"},"id":"WK099565"},{"arcs":[[-2214,-2218,-287,-210,6553,-6547,-6553,-6550,-6531,-6538,-2220]],"type":"Polygon","properties":{"id":118374,"statcode":"WK099577","statnaam":"Gebied 77 Oostelijk buitengebied","jrstatcode":"2010WK099577","rubriek":"wijk","FID":"wijk_gegeneraliseerd_2010.f5e63af7-ecb5-4bb3-8a29-6d281d34d716"},"id":"WK099577"},{"arcs":[[-5374,-6459,6554,6555,-5391]],"type":"Polygon","properties":{"id":118375,"statcode":"WK150700","statnaam":"Wijk 00 Griendtsveen","jrstatcode":"2010WK150700","rubriek":"wijk","FID":"wijk_gegeneraliseerd_2010.b9d700ce-fd5e-4d67-84fa-66475381aa16"},"id":"WK150700"},{"arcs":[[6556,6557,6558,6559,-6555,-6458]],"type":"Polygon","properties":{"id":118376,"statcode":"WK150701","statnaam":"Wijk 01 America","jrstatcode":"2010WK150701","rubriek":"wijk","FID":"wijk_gegeneraliseerd_2010.50eefeb0-344d-40a9-9c12-a0441ff94392"},"id":"WK150701"},{"arcs":[[6560,6561,-6557,-6457]],"type":"Polygon","properties":{"id":118377,"statcode":"WK150702","statnaam":"Wijk 02 Meterik","jrstatcode":"2010WK150702","rubriek":"wijk","FID":"wijk_gegeneraliseerd_2010.a700883a-a849-432e-aee2-88cc8e5a5652"},"id":"WK150702"},{"arcs":[[6562,-6425,6563,6564,-6558,-6562,6565]],"type":"Polygon","properties":{"id":118378,"statcode":"WK150703","statnaam":"Wijk 03 Hegelsom","jrstatcode":"2010WK150703","rubriek":"wijk","FID":"wijk_gegeneraliseerd_2010.c49b09b3-e147-4e0c-ad25-8af1478a5b11"},"id":"WK150703"},{"arcs":[[6566,6567,-6566,-6561,-6456,6568]],"type":"Polygon","properties":{"id":118379,"statcode":"WK150704","statnaam":"Wijk 04 Horst","jrstatcode":"2010WK150704","rubriek":"wijk","FID":"wijk_gegeneraliseerd_2010.a1dfb1c9-2a4c-4c19-9083-ca494a1e8a39"},"id":"WK150704"},{"arcs":[[6569,6570,6571,6572,-6567,6573]],"type":"Polygon","properties":{"id":118380,"statcode":"WK150705","statnaam":"Wijk 05 Melderslo","jrstatcode":"2010WK150705","rubriek":"wijk","FID":"wijk_gegeneraliseerd_2010.04e3125d-eb41-4e84-8fc8-380246227be2"},"id":"WK150705"},{"arcs":[[-6446,6574,6575,-6463,-6162]],"type":"Polygon","properties":{"id":118381,"statcode":"WK150706","statnaam":"Wijk 06 Broekhuizen","jrstatcode":"2010WK150706","rubriek":"wijk","FID":"wijk_gegeneraliseerd_2010.fcc61b4b-e68f-4fb3-998d-578da0344590"},"id":"WK150706"},{"arcs":[[-6452,6576,-6572,6577,-6449]],"type":"Polygon","properties":{"id":118382,"statcode":"WK150707","statnaam":"Wijk 07 Lottum","jrstatcode":"2010WK150707","rubriek":"wijk","FID":"wijk_gegeneraliseerd_2010.c67cecc2-eca0-4774-a672-03e4350f2649"},"id":"WK150707"},{"arcs":[[-6573,-6577,-6451,-6426,-6563,-6568]],"type":"Polygon","properties":{"id":118383,"statcode":"WK150708","statnaam":"Wijk 08 Grubbenvorst","jrstatcode":"2010WK150708","rubriek":"wijk","FID":"wijk_gegeneraliseerd_2010.b202c88f-e01c-4be6-8c4e-1f3e5d1c0f0b"},"id":"WK150708"},{"arcs":[[-6571,6578,-6575,-6450,-6578]],"type":"Polygon","properties":{"id":118384,"statcode":"WK150709","statnaam":"Wijk 09 Broekhuizen","jrstatcode":"2010WK150709","rubriek":"wijk","FID":"wijk_gegeneraliseerd_2010.f83c7674-f37b-4581-bc7b-fc00556c6e80"},"id":"WK150709"},{"arcs":[[6579,-6564,-6424,6580,6581]],"type":"Polygon","properties":{"id":118385,"statcode":"WK150710","statnaam":"Wijk 10 Sevenum","jrstatcode":"2010WK150710","rubriek":"wijk","FID":"wijk_gegeneraliseerd_2010.b3555a7f-da70-4964-8666-860421d4a1f1"},"id":"WK150710"},{"arcs":[[-6565,-6580,6582,-6559]],"type":"Polygon","properties":{"id":118386,"statcode":"WK150711","statnaam":"Wijk 11 Kronenberg","jrstatcode":"2010WK150711","rubriek":"wijk","FID":"wijk_gegeneraliseerd_2010.6c2dce02-8ec8-47c0-8787-39154d4304d2"},"id":"WK150711"},{"arcs":[[-6560,-6583,-6582,6583,6584,-5392,-6556]],"type":"Polygon","properties":{"id":118387,"statcode":"WK150712","statnaam":"Wijk 12 Evertsoorsd","jrstatcode":"2010WK150712","rubriek":"wijk","FID":"wijk_gegeneraliseerd_2010.8182f8cd-ec84-4443-8bc9-24813b35d18f"},"id":"WK150712"},{"arcs":[[6585,6586,-6465]],"type":"Polygon","properties":{"id":118388,"statcode":"WK150713","statnaam":"Wijk 13 Meerlo","jrstatcode":"2010WK150713","rubriek":"wijk","FID":"wijk_gegeneraliseerd_2010.284a67fe-603e-4d64-a392-94e9abc0ccf7"},"id":"WK150713"},{"arcs":[[6587,-6574,-6569,-6455,-6587]],"type":"Polygon","properties":{"id":118389,"statcode":"WK150714","statnaam":"Wijk 14 Tienray","jrstatcode":"2010WK150714","rubriek":"wijk","FID":"wijk_gegeneraliseerd_2010.65a4ae66-bf57-46d2-b4e5-98662dcc3563"},"id":"WK150714"},{"arcs":[[-6576,-6579,-6570,-6588,-6586,-6464]],"type":"Polygon","properties":{"id":118390,"statcode":"WK150715","statnaam":"Wijk 15 Swolgen","jrstatcode":"2010WK150715","rubriek":"wijk","FID":"wijk_gegeneraliseerd_2010.5682f4d1-51ec-4d8c-9f2f-aca8c299f829"},"id":"WK150715"},{"arcs":[[6588,6589,6590]],"type":"Polygon","properties":{"id":118391,"statcode":"WK150900","statnaam":"Wijk 00 Ulft-Etten","jrstatcode":"2010WK150900","rubriek":"wijk","FID":"wijk_gegeneraliseerd_2010.5dfd486b-401a-4c10-b2e0-b704c14ec88b"},"id":"WK150900"},{"arcs":[[6591,-1490,-1500,6592,6593,-6591,6594]],"type":"Polygon","properties":{"id":118392,"statcode":"WK150901","statnaam":"Wijk 01 Overig Gendringen","jrstatcode":"2010WK150901","rubriek":"wijk","FID":"wijk_gegeneraliseerd_2010.462c25a6-0ecf-440e-b7e8-5886c4e6e5d4"},"id":"WK150901"},{"arcs":[[6595,-6595,-6590,6596,-1766,-1782]],"type":"Polygon","properties":{"id":118393,"statcode":"WK150902","statnaam":"Wijk 02 Silvolde-Terborg","jrstatcode":"2010WK150902","rubriek":"wijk","FID":"wijk_gegeneraliseerd_2010.d8a089c4-614a-4cd6-b049-2bba0a56b3b3"},"id":"WK150902"},{"arcs":[[-6592,-6596,-1781,-1761,6597,6598,-1491]],"type":"Polygon","properties":{"id":118394,"statcode":"WK150903","statnaam":"Wijk 03 Varsseveld","jrstatcode":"2010WK150903","rubriek":"wijk","FID":"wijk_gegeneraliseerd_2010.71dc5e54-7f7f-4721-b6f5-282d7538c3a9"},"id":"WK150903"},{"arcs":[[-4209,6599,-4266,6600]],"type":"Polygon","properties":{"id":118395,"statcode":"WK152500","statnaam":"Wijk 00 Sassenheim","jrstatcode":"2010WK152500","rubriek":"wijk","FID":"wijk_gegeneraliseerd_2010.a6e0a284-2c59-4ac5-b8c2-8a1e6b9086b5"},"id":"WK152500"},{"arcs":[[-4210,-6601,-4265,-4141,-4259,-4264]],"type":"Polygon","properties":{"id":118396,"statcode":"WK152501","statnaam":"Wijk 01 Voorhout","jrstatcode":"2010WK152501","rubriek":"wijk","FID":"wijk_gegeneraliseerd_2010.29a93739-e59c-4b89-bf4f-6ceb2f4ddb26"},"id":"WK152501"},{"arcs":[[-4208,-2967,6601,-4206,-4190,-4267,-6600]],"type":"Polygon","properties":{"id":118397,"statcode":"WK152502","statnaam":"Wijk 02 Warmond","jrstatcode":"2010WK152502","rubriek":"wijk","FID":"wijk_gegeneraliseerd_2010.1ba38f63-e91f-4f6a-ac2a-5c8722493878"},"id":"WK152502"},{"arcs":[[6602,-2568,6603,6604]],"type":"Polygon","properties":{"id":118398,"statcode":"WK158100","statnaam":"Wijk 00 Doorn","jrstatcode":"2010WK158100","rubriek":"wijk","FID":"wijk_gegeneraliseerd_2010.5b44ec8a-f055-4577-8984-0f92e6767e86"},"id":"WK158100"},{"arcs":[[6605,-6604,-2567,-2565,-2385,-2383,-2583,-2587,-2586]],"type":"Polygon","properties":{"id":118399,"statcode":"WK158101","statnaam":"Wijk 01 Driebergen-Rijssenburg","jrstatcode":"2010WK158101","rubriek":"wijk","FID":"wijk_gegeneraliseerd_2010.2d0c2d80-e28e-43be-9d88-e3bb5b12e09a"},"id":"WK158101"},{"arcs":[[-2569,-6603,6606,-2558,6607]],"type":"Polygon","properties":{"id":118400,"statcode":"WK158102","statnaam":"Wijk 02 Leersum","jrstatcode":"2010WK158102","rubriek":"wijk","FID":"wijk_gegeneraliseerd_2010.8445a0b6-4708-4f02-99e5-d13d260a0bd9"},"id":"WK158102"},{"arcs":[[-2515,-1732,-1737,-2562,-2570,-6608,-2557,-2474,-2556,-2498,-2514,-2517]],"type":"Polygon","properties":{"id":118401,"statcode":"WK158103","statnaam":"Wijk 03 Amerongen","jrstatcode":"2010WK158103","rubriek":"wijk","FID":"wijk_gegeneraliseerd_2010.9c3bf754-a3e4-4cd4-8c50-e3da7a3322d5"},"id":"WK158103"},{"arcs":[[-6605,-6606,-2585,-2559,-6607]],"type":"Polygon","properties":{"id":118402,"statcode":"WK158104","statnaam":"Wijk 04 Maarn","jrstatcode":"2010WK158104","rubriek":"wijk","FID":"wijk_gegeneraliseerd_2010.5e0a7b8e-6a96-495a-80f9-281f489847a6"},"id":"WK158104"},{"arcs":[[6608,6609,6610,6611]],"type":"Polygon","properties":{"id":118403,"statcode":"WK158600","statnaam":"Wijk 00 Groenlo","jrstatcode":"2010WK158600","rubriek":"wijk","FID":"wijk_gegeneraliseerd_2010.ee387147-f7d5-4ed8-98a9-5e64e019b739"},"id":"WK158600"},{"arcs":[[[6612,6613,-6611,6614,6615,-2138,-1498,-1493]],[[-6609,6616,6617]]],"type":"MultiPolygon","properties":{"id":118404,"statcode":"WK158601","statnaam":"Wijk 01 Lichtenvoorde. Vragender en Lievelde","jrstatcode":"2010WK158601","rubriek":"wijk","FID":"wijk_gegeneraliseerd_2010.e69c96f7-b9a3-408a-a484-cb941387e2f9"},"id":"WK158601"},{"arcs":[[6618,-6613,-1492,-6599,6619,6620]],"type":"Polygon","properties":{"id":118405,"statcode":"WK158602","statnaam":"Wijk 02 Harreveld-Zieuwent","jrstatcode":"2010WK158602","rubriek":"wijk","FID":"wijk_gegeneraliseerd_2010.6e9d5c0e-ac08-4016-b79a-07ea1412c0c5"},"id":"WK158602"},{"arcs":[[6621,6622,-3273,-3186,-3184,-3178,-3180,6623,6624]],"type":"Polygon","properties":{"id":118406,"statcode":"WK159800","statnaam":"Wijk 00 Westerkoggenland","jrstatcode":"2010WK159800","rubriek":"wijk","FID":"wijk_gegeneraliseerd_2010.042bcc7c-2cab-4ad3-8364-2b70354a6993"},"id":"WK159800"},{"arcs":[[6625,-6622,6626,6627,6628,-3309]],"type":"Polygon","properties":{"id":118407,"statcode":"WK159801","statnaam":"Wijk 01 Spierdijk","jrstatcode":"2010WK159801","rubriek":"wijk","FID":"wijk_gegeneraliseerd_2010.f3121ddd-1c29-43dc-b683-a168971457ad"},"id":"WK159801"},{"arcs":[[-3274,-6623,-6626,-3313]],"type":"Polygon","properties":{"id":118408,"statcode":"WK159802","statnaam":"Wijk 02 Zuidermeer","jrstatcode":"2010WK159802","rubriek":"wijk","FID":"wijk_gegeneraliseerd_2010.92a1ef57-7732-429d-b536-1edcbf9963c4"},"id":"WK159802"},{"arcs":[[-2738,-3394,-3396,-3082,6629,-6627,-6625,6630]],"type":"Polygon","properties":{"id":118409,"statcode":"WK159803","statnaam":"Wijk 03 Ursem","jrstatcode":"2010WK159803","rubriek":"wijk","FID":"wijk_gegeneraliseerd_2010.23e4dc13-499a-476d-95c6-105b9c68ffed"},"id":"WK159803"},{"arcs":[[-6624,-3179,6631,-3427,6632,-2739,-6631]],"type":"Polygon","properties":{"id":118410,"statcode":"WK159804","statnaam":"Wijk 04 Avenhorn","jrstatcode":"2010WK159804","rubriek":"wijk","FID":"wijk_gegeneraliseerd_2010.9aa2dc73-1490-4f0f-841f-6c9cfd07e119"},"id":"WK159804"},{"arcs":[[-3429,-3414,-2740,-6633]],"type":"Polygon","properties":{"id":118411,"statcode":"WK159805","statnaam":"Wijk 05 Oudendijk","jrstatcode":"2010WK159805","rubriek":"wijk","FID":"wijk_gegeneraliseerd_2010.1f985dca-5408-4bb9-bec8-e834208cb38f"},"id":"WK159805"},{"arcs":[[-6629,6633,-3080,-3075,-3310]],"type":"Polygon","properties":{"id":118412,"statcode":"WK159806","statnaam":"Wijk 06 Obdam","jrstatcode":"2010WK159806","rubriek":"wijk","FID":"wijk_gegeneraliseerd_2010.8cabc2d2-c983-449d-8eea-4e11cc1aba60"},"id":"WK159806"},{"arcs":[[-6628,-6630,-3081,-6634]],"type":"Polygon","properties":{"id":118413,"statcode":"WK159807","statnaam":"Wijk 07 Hensbroek","jrstatcode":"2010WK159807","rubriek":"wijk","FID":"wijk_gegeneraliseerd_2010.ade5c5de-2e0b-43db-b113-17a889e3f74a"},"id":"WK159807"},{"arcs":[[6634,6635,6636]],"type":"Polygon","properties":{"id":118414,"statcode":"WK162111","statnaam":"Wijk 11 Bergschenhoek","jrstatcode":"2010WK162111","rubriek":"wijk","FID":"wijk_gegeneraliseerd_2010.74a188d3-cd49-403c-a8a8-173201d02b1d"},"id":"WK162111"},{"arcs":[[6637,6638,6639,6640,-6635]],"type":"Polygon","properties":{"id":118415,"statcode":"WK162112","statnaam":"Wijk 12 De Ackers","jrstatcode":"2010WK162112","rubriek":"wijk","FID":"wijk_gegeneraliseerd_2010.49bdfebc-5078-42dc-a669-4d9e7a51637f"},"id":"WK162112"},{"arcs":[[6641,-6638,-6637,6642,6643]],"type":"Polygon","properties":{"id":118416,"statcode":"WK162113","statnaam":"Wijk 13 Boterdorp","jrstatcode":"2010WK162113","rubriek":"wijk","FID":"wijk_gegeneraliseerd_2010.716c0b2d-c4ba-4722-abd9-0de1987637d6"},"id":"WK162113"},{"arcs":[[6644,-4373,6645,-6644]],"type":"Polygon","properties":{"id":118417,"statcode":"WK162114","statnaam":"Wijk 14","jrstatcode":"2010WK162114","rubriek":"wijk","FID":"wijk_gegeneraliseerd_2010.928200b5-3bf6-45c1-8ef5-94fa17962c7d"},"id":"WK162114"},{"arcs":[[6646,6647,-4384,-4374,-6645,-6643,-6636,-6641,6648]],"type":"Polygon","properties":{"id":118418,"statcode":"WK162115","statnaam":"Wijk 15 Oosteindsche Polder","jrstatcode":"2010WK162115","rubriek":"wijk","FID":"wijk_gegeneraliseerd_2010.6b202c1a-89c9-4416-8f41-d7566714107a"},"id":"WK162115"},{"arcs":[[-6639,-6642,6649,6650,6651,6652,6653]],"type":"Polygon","properties":{"id":118419,"statcode":"WK162121","statnaam":"Wijk 21 Berkel","jrstatcode":"2010WK162121","rubriek":"wijk","FID":"wijk_gegeneraliseerd_2010.c0da900a-5a00-4041-9cbd-96f615d566fe"},"id":"WK162121"},{"arcs":[[6654,-6649,-6640,-6654,6655,6656]],"type":"Polygon","properties":{"id":118420,"statcode":"WK162122","statnaam":"Wijk 22 Noordpolder","jrstatcode":"2010WK162122","rubriek":"wijk","FID":"wijk_gegeneraliseerd_2010.f237e3b9-33d3-4ff2-a573-c7e914b9dd05"},"id":"WK162122"},{"arcs":[[6657,-6656,-6653,6658]],"type":"Polygon","properties":{"id":118421,"statcode":"WK162123","statnaam":"Wijk 23 Meerpolder","jrstatcode":"2010WK162123","rubriek":"wijk","FID":"wijk_gegeneraliseerd_2010.1fcfc81e-f3e0-49af-b7e7-186ba0b6e9e7"},"id":"WK162123"},{"arcs":[[-4587,6659,-6657,-6658,6660,6661,-4578]],"type":"Polygon","properties":{"id":118422,"statcode":"WK162124","statnaam":"Wijk 24 Noordeinde","jrstatcode":"2010WK162124","rubriek":"wijk","FID":"wijk_gegeneraliseerd_2010.9ae7f737-5592-41d2-bf5d-f3ef7467ce4d"},"id":"WK162124"},{"arcs":[[6662,6663,6664,-6651]],"type":"Polygon","properties":{"id":118423,"statcode":"WK162125","statnaam":"Wijk 25 Zuidpolder","jrstatcode":"2010WK162125","rubriek":"wijk","FID":"wijk_gegeneraliseerd_2010.bf328316-3684-4a1d-a9a4-422f305f7a30"},"id":"WK162125"},{"arcs":[[-6646,-4372,6665,-6663,-6650]],"type":"Polygon","properties":{"id":118424,"statcode":"WK162126","statnaam":"Wijk 26 De Wadden","jrstatcode":"2010WK162126","rubriek":"wijk","FID":"wijk_gegeneraliseerd_2010.9201c0e0-4393-459f-a028-136764c251c8"},"id":"WK162126"},{"arcs":[[-6652,-6665,6666,6667,-6661,-6659]],"type":"Polygon","properties":{"id":118425,"statcode":"WK162127","statnaam":"Wijk 27 Westpolder","jrstatcode":"2010WK162127","rubriek":"wijk","FID":"wijk_gegeneraliseerd_2010.a3f3e96f-0fad-41b8-a66c-8a99b52a9a74"},"id":"WK162127"},{"arcs":[[-6666,-4371,-4364,6668,-6667,-6664]],"type":"Polygon","properties":{"id":118426,"statcode":"WK162128","statnaam":"Wijk 28 Rodenrijs","jrstatcode":"2010WK162128","rubriek":"wijk","FID":"wijk_gegeneraliseerd_2010.77bea575-a1c4-46c9-9f99-211dc29e96f7"},"id":"WK162128"},{"arcs":[[6669,6670]],"type":"Polygon","properties":{"id":118427,"statcode":"WK162131","statnaam":"Wijk 31 Bleiswijk","jrstatcode":"2010WK162131","rubriek":"wijk","FID":"wijk_gegeneraliseerd_2010.ac9a456e-d01a-405a-a0d5-9aa8de728625"},"id":"WK162131"},{"arcs":[[6671,-6670]],"type":"Polygon","properties":{"id":118428,"statcode":"WK162132","statnaam":"Wijk 32 Hoekeindse Zoom","jrstatcode":"2010WK162132","rubriek":"wijk","FID":"wijk_gegeneraliseerd_2010.a7a78872-f273-4d0c-93b8-b749c9d786a8"},"id":"WK162132"},{"arcs":[[-4586,-4594,-4585,6672,6673,6674,-6647,-6655,-6660],[-6672,-6671]],"type":"Polygon","properties":{"id":118429,"statcode":"WK162133","statnaam":"Wijk 33 Bleiswijk Buiten","jrstatcode":"2010WK162133","rubriek":"wijk","FID":"wijk_gegeneraliseerd_2010.210e139a-97da-462f-be36-7757747fcea8"},"id":"WK162133"},{"arcs":[[6675,6676,6677,-6345,-6341,-6339,6678]],"type":"Polygon","properties":{"id":118430,"statcode":"WK164000","statnaam":"Wijk 00 Heythuysen","jrstatcode":"2010WK164000","rubriek":"wijk","FID":"wijk_gegeneraliseerd_2010.adba139d-3735-4951-9405-8a88f184ccc9"},"id":"WK164000"},{"arcs":[[6679,6680,6681,6682,6683,-6346,-6678]],"type":"Polygon","properties":{"id":118431,"statcode":"WK164001","statnaam":"Wijk 01 Baexem","jrstatcode":"2010WK164001","rubriek":"wijk","FID":"wijk_gegeneraliseerd_2010.cd0ff6e0-c928-4faa-856b-ab709c8a75bd"},"id":"WK164001"},{"arcs":[[-6684,6684,6685,-6347]],"type":"Polygon","properties":{"id":118432,"statcode":"WK164002","statnaam":"Wijk 02 Grathem","jrstatcode":"2010WK164002","rubriek":"wijk","FID":"wijk_gegeneraliseerd_2010.805d549c-ecdd-447a-bb16-f99ecb006b3b"},"id":"WK164002"},{"arcs":[[6686,6687,6688,-6514,-6511,-6513,-6343,-6686]],"type":"Polygon","properties":{"id":118433,"statcode":"WK164003","statnaam":"Wijk 03 Hunsel en omgeving","jrstatcode":"2010WK164003","rubriek":"wijk","FID":"wijk_gegeneraliseerd_2010.191e120b-aecc-40c8-936f-4471bb9372f7"},"id":"WK164003"},{"arcs":[[6689,-6368,6690,-6681]],"type":"Polygon","properties":{"id":118434,"statcode":"WK164004","statnaam":"Wijk 04 Horn","jrstatcode":"2010WK164004","rubriek":"wijk","FID":"wijk_gegeneraliseerd_2010.ab61f38c-b39b-4e55-9042-135687bb96dd"},"id":"WK164004"},{"arcs":[[6691,6692,6693,6694,-6369,-6690,-6680,-6677,6695]],"type":"Polygon","properties":{"id":118435,"statcode":"WK164005","statnaam":"Wijk 05 Haelen","jrstatcode":"2010WK164005","rubriek":"wijk","FID":"wijk_gegeneraliseerd_2010.59e3a151-56e8-46b6-8512-0d24c8ae91fc"},"id":"WK164005"},{"arcs":[[-6694,6696]],"type":"Polygon","properties":{"id":118436,"statcode":"WK164006","statnaam":"Wijk 06 Nunhem","jrstatcode":"2010WK164006","rubriek":"wijk","FID":"wijk_gegeneraliseerd_2010.d3b65d2f-7934-4e32-84de-ab56ddeffb30"},"id":"WK164006"},{"arcs":[[-6693,6697,-6391,-6695,-6697]],"type":"Polygon","properties":{"id":118437,"statcode":"WK164007","statnaam":"Wijk 07 Buggenum","jrstatcode":"2010WK164007","rubriek":"wijk","FID":"wijk_gegeneraliseerd_2010.e4a760ef-031f-4ec2-8acf-6cf66621d3f1"},"id":"WK164007"},{"arcs":[[6698,6699,6700,-6696,-6676]],"type":"Polygon","properties":{"id":118438,"statcode":"WK164008","statnaam":"Wijk 08 Roggel","jrstatcode":"2010WK164008","rubriek":"wijk","FID":"wijk_gegeneraliseerd_2010.4301a0c6-af99-4967-9892-a32530fe57ed"},"id":"WK164008"},{"arcs":[[6701,6702,-6148,-6392,-6698,-6692,-6701]],"type":"Polygon","properties":{"id":118439,"statcode":"WK164009","statnaam":"Wijk 09 Neer","jrstatcode":"2010WK164009","rubriek":"wijk","FID":"wijk_gegeneraliseerd_2010.f3fd7d69-1e58-4de2-8e25-b0165967261a"},"id":"WK164009"},{"arcs":[[6703,6704,6705,6706,6707,6708]],"type":"Polygon","properties":{"id":118440,"statcode":"WK164100","statnaam":"Wijk 00 Maasbracht","jrstatcode":"2010WK164100","rubriek":"wijk","FID":"wijk_gegeneraliseerd_2010.11827d80-c04e-4163-ae62-8d867d59158a"},"id":"WK164100"},{"arcs":[[6709,-6704,6710,-6364]],"type":"Polygon","properties":{"id":118441,"statcode":"WK164101","statnaam":"Wijk 01 Linne","jrstatcode":"2010WK164101","rubriek":"wijk","FID":"wijk_gegeneraliseerd_2010.f9977665-0b19-420d-a451-661ee5bd21da"},"id":"WK164101"},{"arcs":[[6711,6712,6713,-6708,6714]],"type":"Polygon","properties":{"id":118442,"statcode":"WK164102","statnaam":"Wijk 02 Stevensweert","jrstatcode":"2010WK164102","rubriek":"wijk","FID":"wijk_gegeneraliseerd_2010.177a0b2d-12eb-4e09-ab34-de9ebd6be1f2"},"id":"WK164102"},{"arcs":[[-6712,6715,6716]],"type":"Polygon","properties":{"id":118443,"statcode":"WK164103","statnaam":"Wijk 03 Ohé en Laak","jrstatcode":"2010WK164103","rubriek":"wijk","FID":"wijk_gegeneraliseerd_2010.41826492-4384-4375-a1e4-77ca8b71402b"},"id":"WK164103"},{"arcs":[[-6688,6717,6718,-6714,6719]],"type":"Polygon","properties":{"id":118444,"statcode":"WK164104","statnaam":"Wijk 04 Thorn","jrstatcode":"2010WK164104","rubriek":"wijk","FID":"wijk_gegeneraliseerd_2010.8a22f0f7-71ba-443b-8ccf-9221cac0d007"},"id":"WK164104"},{"arcs":[[-6366,6720,-6718,-6687,-6685,-6683,6721]],"type":"Polygon","properties":{"id":118445,"statcode":"WK164105","statnaam":"Wijk 05 Heel","jrstatcode":"2010WK164105","rubriek":"wijk","FID":"wijk_gegeneraliseerd_2010.6eb46ac0-9536-4845-8bfe-03a8760eabca"},"id":"WK164105"},{"arcs":[[-6682,-6691,-6367,-6722]],"type":"Polygon","properties":{"id":118446,"statcode":"WK164106","statnaam":"Wijk 06 Beegden","jrstatcode":"2010WK164106","rubriek":"wijk","FID":"wijk_gegeneraliseerd_2010.125945b7-7dba-4793-b713-1c7f11918eb4"},"id":"WK164106"},{"arcs":[[-6365,-6711,-6709,-6719,-6721]],"type":"Polygon","properties":{"id":118447,"statcode":"WK164107","statnaam":"Wijk 07 Wessem","jrstatcode":"2010WK164107","rubriek":"wijk","FID":"wijk_gegeneraliseerd_2010.54354d98-549d-460b-b85c-ee92e3298e06"},"id":"WK164107"},{"arcs":[[6722,6723,6724,6725]],"type":"Polygon","properties":{"id":118448,"statcode":"WK165100","statnaam":"Wijk 00","jrstatcode":"2010WK165100","rubriek":"wijk","FID":"wijk_gegeneraliseerd_2010.963f2c86-a94c-4e02-96b3-7f3894e0bed0"},"id":"WK165100"},{"arcs":[[6726,-53,-190,-185,6727,-6726]],"type":"Polygon","properties":{"id":118449,"statcode":"WK165101","statnaam":"Wijk 01","jrstatcode":"2010WK165101","rubriek":"wijk","FID":"wijk_gegeneraliseerd_2010.dd6d5fb1-8043-45d2-a725-ac9ed9827346"},"id":"WK165101"},{"arcs":[[-6728,-188,-189,-14,6728,6729,-6723]],"type":"Polygon","properties":{"id":118450,"statcode":"WK165102","statnaam":"Wijk 02","jrstatcode":"2010WK165102","rubriek":"wijk","FID":"wijk_gegeneraliseerd_2010.49deb55f-925b-4de1-b460-c72edc0bd52a"},"id":"WK165102"},{"arcs":[[-6730,6730,6731,-6724]],"type":"Polygon","properties":{"id":118451,"statcode":"WK165103","statnaam":"Wijk 03","jrstatcode":"2010WK165103","rubriek":"wijk","FID":"wijk_gegeneraliseerd_2010.64b1fcdb-d833-4cd3-9804-b7ec34043eab"},"id":"WK165103"},{"arcs":[[[6732,-6731,-6729,-13,-328,6733]],[[6734]]],"type":"MultiPolygon","properties":{"id":118452,"statcode":"WK165104","statnaam":"Wijk 04","jrstatcode":"2010WK165104","rubriek":"wijk","FID":"wijk_gegeneraliseerd_2010.3047a774-1617-43f8-9d82-3798bc35eb37"},"id":"WK165104"},{"arcs":[[6735,6736,6737,-6044,-6039,-5261,6738,6739,6740]],"type":"Polygon","properties":{"id":118453,"statcode":"WK165200","statnaam":"Wijk 00 Gemert","jrstatcode":"2010WK165200","rubriek":"wijk","FID":"wijk_gegeneraliseerd_2010.71138b80-25a9-4dc3-933c-20552bc4a9d7"},"id":"WK165200"},{"arcs":[[-5270,6741,-6739,-5260]],"type":"Polygon","properties":{"id":118454,"statcode":"WK165201","statnaam":"Wijk 01 Handel","jrstatcode":"2010WK165201","rubriek":"wijk","FID":"wijk_gegeneraliseerd_2010.2b4ad637-bc70-489d-b242-976c3f33e7eb"},"id":"WK165201"},{"arcs":[[-6741,6742,6743,6744]],"type":"Polygon","properties":{"id":118455,"statcode":"WK165202","statnaam":"Wijk 02 De Mortel","jrstatcode":"2010WK165202","rubriek":"wijk","FID":"wijk_gegeneraliseerd_2010.89e76713-0718-4e82-b623-f5958b4650f9"},"id":"WK165202"},{"arcs":[[6745,6746,6747,-6743,-6740,-6742,-5269]],"type":"Polygon","properties":{"id":118456,"statcode":"WK165203","statnaam":"Wijk 03 Elsendorp","jrstatcode":"2010WK165203","rubriek":"wijk","FID":"wijk_gegeneraliseerd_2010.c49490b4-9da0-416a-ae8c-58a0ca36559e"},"id":"WK165203"},{"arcs":[[6748,-5380,-5637,-5639,6749,-6736,-6745,6750]],"type":"Polygon","properties":{"id":118457,"statcode":"WK165204","statnaam":"Wijk 04 Bakel","jrstatcode":"2010WK165204","rubriek":"wijk","FID":"wijk_gegeneraliseerd_2010.74812b04-9392-4636-92bc-7e345ddcaf69"},"id":"WK165204"},{"arcs":[[-6749,6751,-6460,-5381]],"type":"Polygon","properties":{"id":118458,"statcode":"WK165205","statnaam":"Wijk 05 Milheeze","jrstatcode":"2010WK165205","rubriek":"wijk","FID":"wijk_gegeneraliseerd_2010.b7d8040d-87a5-4276-8b23-3e1a6a7ca588"},"id":"WK165205"},{"arcs":[[6752,6753,-6461,-6752,-6751,-6744,-6748]],"type":"Polygon","properties":{"id":118459,"statcode":"WK165206","statnaam":"Wijk 06 De Rips","jrstatcode":"2010WK165206","rubriek":"wijk","FID":"wijk_gegeneraliseerd_2010.ad935d2b-5072-4bc3-ae29-23f0a55dbe5a"},"id":"WK165206"},{"arcs":[[6754,6755,6756,6757,-5957,-5969,6758,6759]],"type":"Polygon","properties":{"id":118460,"statcode":"WK165501","statnaam":"Wijk 01 Oud Gastel","jrstatcode":"2010WK165501","rubriek":"wijk","FID":"wijk_gegeneraliseerd_2010.8a644944-84fd-4823-af91-21fa93f422ba"},"id":"WK165501"},{"arcs":[[-5968,6760,-6759]],"type":"Polygon","properties":{"id":118461,"statcode":"WK165502","statnaam":"Wijk 02 Stampersgat","jrstatcode":"2010WK165502","rubriek":"wijk","FID":"wijk_gegeneraliseerd_2010.d576d9fa-c270-49eb-8de5-9be4cb0edac4"},"id":"WK165502"},{"arcs":[[6761,6762,-5896,6763,6764,-6756,6765]],"type":"Polygon","properties":{"id":118462,"statcode":"WK165503","statnaam":"Wijk 03 Oudenbosch","jrstatcode":"2010WK165503","rubriek":"wijk","FID":"wijk_gegeneraliseerd_2010.93333bb2-0075-4b3c-82bc-5d922a18f00d"},"id":"WK165503"},{"arcs":[[-5475,-5883,6766,-6762,6767,6768,6769,-5484]],"type":"Polygon","properties":{"id":118463,"statcode":"WK165504","statnaam":"Wijk 04 Hoeven","jrstatcode":"2010WK165504","rubriek":"wijk","FID":"wijk_gegeneraliseerd_2010.ff97c37c-57db-4626-9a1b-61c5013922bb"},"id":"WK165504"},{"arcs":[[-5892,-6763,-6767,-5882,-5880]],"type":"Polygon","properties":{"id":118464,"statcode":"WK165505","statnaam":"Wijk 05 Bosschenhoofd","jrstatcode":"2010WK165505","rubriek":"wijk","FID":"wijk_gegeneraliseerd_2010.576272cb-533c-4718-9cd7-3c58f9a89e08"},"id":"WK165505"},{"arcs":[[6770,-5940,6771,6772,-6016,-6055,-5446,6773]],"type":"Polygon","properties":{"id":118465,"statcode":"WK165800","statnaam":"Wijk 00 Heeze","jrstatcode":"2010WK165800","rubriek":"wijk","FID":"wijk_gegeneraliseerd_2010.bffac07b-b4e1-4bcc-9fd1-c3c77e5f7634"},"id":"WK165800"},{"arcs":[[6774,6775,6776,6777,6778,6779,6780,-6025,-6017,-6773]],"type":"Polygon","properties":{"id":118466,"statcode":"WK165801","statnaam":"Wijk 01 Leende","jrstatcode":"2010WK165801","rubriek":"wijk","FID":"wijk_gegeneraliseerd_2010.b05cc0ac-232b-42af-8c87-417cd4caa1de"},"id":"WK165801"},{"arcs":[[6781,-6778]],"type":"Polygon","properties":{"id":118467,"statcode":"WK165802","statnaam":"Wijk 02 Leenderstrijp","jrstatcode":"2010WK165802","rubriek":"wijk","FID":"wijk_gegeneraliseerd_2010.3abb4635-34da-42f5-8a89-d413e73de683"},"id":"WK165802"},{"arcs":[[-5949,6782,-6775,-6772]],"type":"Polygon","properties":{"id":118468,"statcode":"WK165803","statnaam":"Wijk 03 Sterksel","jrstatcode":"2010WK165803","rubriek":"wijk","FID":"wijk_gegeneraliseerd_2010.ffe9a2ae-039c-4595-bee9-b7d7e51a1037"},"id":"WK165803"},{"arcs":[[6783,-6045,-6738,6784,6785]],"type":"Polygon","properties":{"id":118469,"statcode":"WK165900","statnaam":"Wijk 00 Beek en Donk","jrstatcode":"2010WK165900","rubriek":"wijk","FID":"wijk_gegeneraliseerd_2010.892cd714-3d3d-4b12-9f3f-914a27e34ce5"},"id":"WK165900"},{"arcs":[[-5636,6786,-6785,-6737,-6750,-5640,-5618,-5631]],"type":"Polygon","properties":{"id":118470,"statcode":"WK165901","statnaam":"Wijk 01 Aarle-Rixtel","jrstatcode":"2010WK165901","rubriek":"wijk","FID":"wijk_gegeneraliseerd_2010.b6c2634e-d567-42b5-b8e2-581dcbd3b348"},"id":"WK165901"},{"arcs":[[-5635,-5767,6787,-6786,-6787]],"type":"Polygon","properties":{"id":118471,"statcode":"WK165902","statnaam":"Wijk 02 Lieshout","jrstatcode":"2010WK165902","rubriek":"wijk","FID":"wijk_gegeneraliseerd_2010.fe5755de-0614-4679-bf1c-ea6503d18a4a"},"id":"WK165902"},{"arcs":[[-6042,-6046,-6784,-6788,-5766,-5932,-6038]],"type":"Polygon","properties":{"id":118472,"statcode":"WK165903","statnaam":"Wijk 03 Mariahout","jrstatcode":"2010WK165903","rubriek":"wijk","FID":"wijk_gegeneraliseerd_2010.410c6125-39af-4d1b-88c9-e372bca374f1"},"id":"WK165903"},{"arcs":[[6788,6789,6790,-355,6791,-375]],"type":"Polygon","properties":{"id":118473,"statcode":"WK166300","statnaam":"Wijk 00","jrstatcode":"2010WK166300","rubriek":"wijk","FID":"wijk_gegeneraliseerd_2010.4b2d21bc-4d1e-4be1-bb19-ec0e489518cb"},"id":"WK166300"},{"arcs":[[6792,-322,-327,-356,-6791,6793]],"type":"Polygon","properties":{"id":118474,"statcode":"WK166301","statnaam":"Wijk 01","jrstatcode":"2010WK166301","rubriek":"wijk","FID":"wijk_gegeneraliseerd_2010.9fc892ab-0d77-47c4-b145-d8920ab98c9d"},"id":"WK166301"},{"arcs":[[-329,-323,-6793,6794,6795,-6734]],"type":"Polygon","properties":{"id":118475,"statcode":"WK166302","statnaam":"Wijk 02","jrstatcode":"2010WK166302","rubriek":"wijk","FID":"wijk_gegeneraliseerd_2010.5922a19b-7870-4982-92bd-9ea51d8cea2c"},"id":"WK166302"},{"arcs":[[6796,-6795,-6794,-6790]],"type":"Polygon","properties":{"id":118476,"statcode":"WK166303","statnaam":"Wijk 03","jrstatcode":"2010WK166303","rubriek":"wijk","FID":"wijk_gegeneraliseerd_2010.29e805c6-2d73-42b6-a8df-f31bff120e19"},"id":"WK166303"},{"arcs":[[6797,6798,6799,6800]],"type":"Polygon","properties":{"id":118477,"statcode":"WK166700","statnaam":"Wijk 00 Reusel","jrstatcode":"2010WK166700","rubriek":"wijk","FID":"wijk_gegeneraliseerd_2010.7d387cfd-5672-4657-9a40-3a83bd6a3945"},"id":"WK166700"},{"arcs":[[6801,-6799,6802,6803]],"type":"Polygon","properties":{"id":118478,"statcode":"WK166701","statnaam":"Wijk 01 Hooge Mierde","jrstatcode":"2010WK166701","rubriek":"wijk","FID":"wijk_gegeneraliseerd_2010.97df96a3-c9b2-423f-8735-90143e095b3b"},"id":"WK166701"},{"arcs":[[6804,-5711,-5719,6805,6806,-6804]],"type":"Polygon","properties":{"id":118479,"statcode":"WK166702","statnaam":"Wijk 02 Lage Mierde","jrstatcode":"2010WK166702","rubriek":"wijk","FID":"wijk_gegeneraliseerd_2010.f2006e07-a76a-48ca-83f2-349979591902"},"id":"WK166702"},{"arcs":[[6807,6808,-6800,-6802,-6807]],"type":"Polygon","properties":{"id":118480,"statcode":"WK166703","statnaam":"Wijk 03 Hulsel","jrstatcode":"2010WK166703","rubriek":"wijk","FID":"wijk_gegeneraliseerd_2010.beeefce0-d085-45ff-b4ed-b31f197854da"},"id":"WK166703"},{"arcs":[[-6377,-6388,6809,6810,6811]],"type":"Polygon","properties":{"id":118481,"statcode":"WK166900","statnaam":"Wijk 00 Melick en Herkenbosch","jrstatcode":"2010WK166900","rubriek":"wijk","FID":"wijk_gegeneraliseerd_2010.00a3caef-76ac-4cda-b43c-d2c3475906af"},"id":"WK166900"},{"arcs":[[6812,-6811,6813]],"type":"Polygon","properties":{"id":118482,"statcode":"WK166901","statnaam":"Wijk 01 Vlodrop","jrstatcode":"2010WK166901","rubriek":"wijk","FID":"wijk_gegeneraliseerd_2010.9b467cf4-1b83-4331-986e-4ad15fe119bf"},"id":"WK166901"},{"arcs":[[6814,6815,-6705,-6710,-6363,-6389,-6361,-6378,-6812,-6813,6816]],"type":"Polygon","properties":{"id":118483,"statcode":"WK166902","statnaam":"Wijk 02 Posterholt","jrstatcode":"2010WK166902","rubriek":"wijk","FID":"wijk_gegeneraliseerd_2010.fcb5e4bf-a2b7-497a-8b75-f03e07dacdf9"},"id":"WK166902"},{"arcs":[[6817,6818,-5670,-5731,-5724,-5729,-5851,-5845,-5854,6819]],"type":"Polygon","properties":{"id":118484,"statcode":"WK167100","statnaam":"Wijk 00 Geffen","jrstatcode":"2010WK167100","rubriek":"wijk","FID":"wijk_gegeneraliseerd_2010.48ab9ded-0e43-4e35-9e0b-e4fa457ef8a9"},"id":"WK167100"},{"arcs":[[6820,-5663,-5671,-6819]],"type":"Polygon","properties":{"id":118485,"statcode":"WK167101","statnaam":"Wijk 01 Nuland","jrstatcode":"2010WK167101","rubriek":"wijk","FID":"wijk_gegeneraliseerd_2010.f3ab153d-76c9-4327-add9-d55cf2a334b4"},"id":"WK167101"},{"arcs":[[6821,6822,6823,-5921,-5919,-5664,-6821,-6818]],"type":"Polygon","properties":{"id":118486,"statcode":"WK167102","statnaam":"Wijk 02 Vinkel","jrstatcode":"2010WK167102","rubriek":"wijk","FID":"wijk_gegeneraliseerd_2010.9edcdf51-12d5-4f48-8510-4ab3e32fb8fe"},"id":"WK167102"},{"arcs":[[-3659,-4547,6824,-4596,6825,-3518]],"type":"Polygon","properties":{"id":118487,"statcode":"WK167201","statnaam":"Wijk 01 Hazerswoude-Dorp","jrstatcode":"2010WK167201","rubriek":"wijk","FID":"wijk_gegeneraliseerd_2010.f4712cd3-effb-47a7-b89b-7a870ad1076c"},"id":"WK167201"},{"arcs":[[-4599,-4202,6826,-3500,-3515,-3519,-6826]],"type":"Polygon","properties":{"id":118488,"statcode":"WK167202","statnaam":"Wijk 02 Hazerswoude-De Rijndijk","jrstatcode":"2010WK167202","rubriek":"wijk","FID":"wijk_gegeneraliseerd_2010.f9311796-3631-4abc-b67d-f513c1f805b7"},"id":"WK167202"},{"arcs":[[-4201,6827,-3491,-3501,-6827]],"type":"Polygon","properties":{"id":118489,"statcode":"WK167203","statnaam":"Wijk 03 Koudekerk aan den Rijn","jrstatcode":"2010WK167203","rubriek":"wijk","FID":"wijk_gegeneraliseerd_2010.bfe4702e-5bbb-468b-8f93-23abcb783953"},"id":"WK167203"},{"arcs":[[-6825,-4546,6828,-6673,-4584,-4577,-4593,-4597]],"type":"Polygon","properties":{"id":118490,"statcode":"WK167204","statnaam":"Wijk 04 Benthuizen","jrstatcode":"2010WK167204","rubriek":"wijk","FID":"wijk_gegeneraliseerd_2010.374cdb37-56e5-4dfb-ac92-3df8a1db2e0c"},"id":"WK167204"},{"arcs":[[6829,6830,6831,6832,6833]],"type":"Polygon","properties":{"id":118491,"statcode":"WK167400","statnaam":"Wijk 00 Centrum","jrstatcode":"2010WK167400","rubriek":"wijk","FID":"wijk_gegeneraliseerd_2010.c2703e46-f226-444f-a858-04e215adf1dc"},"id":"WK167400"},{"arcs":[[6834,-6831,6835,6836,6837]],"type":"Polygon","properties":{"id":118492,"statcode":"WK167401","statnaam":"Wijk 01 Oost","jrstatcode":"2010WK167401","rubriek":"wijk","FID":"wijk_gegeneraliseerd_2010.000f5718-f87c-4969-8094-f772eba1c68a"},"id":"WK167401"},{"arcs":[[-6836,-6830,6838,-6764,-5895,6839]],"type":"Polygon","properties":{"id":118493,"statcode":"WK167402","statnaam":"Wijk 02 Noord","jrstatcode":"2010WK167402","rubriek":"wijk","FID":"wijk_gegeneraliseerd_2010.c5bda5c5-1ab9-46ea-ad1e-1e3489c87eda"},"id":"WK167402"},{"arcs":[[-6833,6840,6841,-5958,-6758,6842]],"type":"Polygon","properties":{"id":118494,"statcode":"WK167403","statnaam":"Wijk 03 West","jrstatcode":"2010WK167403","rubriek":"wijk","FID":"wijk_gegeneraliseerd_2010.8720f096-d242-44ac-aedb-69184382d11a"},"id":"WK167403"},{"arcs":[[6843,6844,6845,6846,-6832,6847]],"type":"Polygon","properties":{"id":118495,"statcode":"WK167404","statnaam":"Wijk 04 Groot Kroeven","jrstatcode":"2010WK167404","rubriek":"wijk","FID":"wijk_gegeneraliseerd_2010.c76ae4e0-c29a-493a-b994-5572a9acd4f0"},"id":"WK167404"},{"arcs":[[-5877,-5891,6848,-6848,-6835,6849]],"type":"Polygon","properties":{"id":118496,"statcode":"WK167405","statnaam":"Wijk 05 Langdonk","jrstatcode":"2010WK167405","rubriek":"wijk","FID":"wijk_gegeneraliseerd_2010.adf9946d-5bda-4070-9c21-076bebfc2e4e"},"id":"WK167405"},{"arcs":[[6850,-5893,-5878,-6850,-6838]],"type":"Polygon","properties":{"id":118497,"statcode":"WK167406","statnaam":"Wijk 06 Kortendijk","jrstatcode":"2010WK167406","rubriek":"wijk","FID":"wijk_gegeneraliseerd_2010.5b531428-e206-417a-b921-84984128fc15"},"id":"WK167406"},{"arcs":[[-6847,6851,-6845,6852,6853,6854,-6841]],"type":"Polygon","properties":{"id":118498,"statcode":"WK167407","statnaam":"Wijk 07 Tolberg","jrstatcode":"2010WK167407","rubriek":"wijk","FID":"wijk_gegeneraliseerd_2010.4987bc7a-6715-40c3-b614-c9e1e87d13f7"},"id":"WK167407"},{"arcs":[[[-6757,-6765,-6839,-6834,-6843]],[[-5894,-6851,-6837,-6840]]],"type":"MultiPolygon","properties":{"id":118499,"statcode":"WK167408","statnaam":"Wijk 08 Industriegebieden","jrstatcode":"2010WK167408","rubriek":"wijk","FID":"wijk_gegeneraliseerd_2010.fe27c2c0-5706-48cc-ac6a-e55759b793d8"},"id":"WK167408"},{"arcs":[[-5890,6855,6856,-6853,-6844,-6849]],"type":"Polygon","properties":{"id":118500,"statcode":"WK167410","statnaam":"Wijk 10 Nispen","jrstatcode":"2010WK167410","rubriek":"wijk","FID":"wijk_gegeneraliseerd_2010.8874436c-967f-45dd-9749-353fcc4e99d2"},"id":"WK167410"},{"arcs":[[-6855,6857,6858,-5959,-6842]],"type":"Polygon","properties":{"id":118501,"statcode":"WK167411","statnaam":"Wijk 11 Wouw","jrstatcode":"2010WK167411","rubriek":"wijk","FID":"wijk_gegeneraliseerd_2010.7bbe6091-affe-4e59-92f3-cec7f668ce1a"},"id":"WK167411"},{"arcs":[[-6859,6859,-5242,6860,-5960]],"type":"Polygon","properties":{"id":118502,"statcode":"WK167412","statnaam":"Wijk 12 Heerle","jrstatcode":"2010WK167412","rubriek":"wijk","FID":"wijk_gegeneraliseerd_2010.2bd5b59e-3b2b-42e9-b757-3144317fc378"},"id":"WK167412"},{"arcs":[[-5961,-6861,-5241,-5953]],"type":"Polygon","properties":{"id":118503,"statcode":"WK167413","statnaam":"Wijk 13 Moerstraten","jrstatcode":"2010WK167413","rubriek":"wijk","FID":"wijk_gegeneraliseerd_2010.8be13bea-67ce-44a6-a2f4-65177128dee6"},"id":"WK167413"},{"arcs":[[-6854,-6857,6861,-6087,-5243,-6860,-6858]],"type":"Polygon","properties":{"id":118504,"statcode":"WK167414","statnaam":"Wijk 14 Wouwse Plantage","jrstatcode":"2010WK167414","rubriek":"wijk","FID":"wijk_gegeneraliseerd_2010.99652ee1-c6bd-4f5c-ba94-25f0eb5ad237"},"id":"WK167414"},{"arcs":[[6862,6863,6864,6865,6866,6867]],"type":"Polygon","properties":{"id":118505,"statcode":"WK167600","statnaam":"Wijk 00 Zierikzee","jrstatcode":"2010WK167600","rubriek":"wijk","FID":"wijk_gegeneraliseerd_2010.ff9e3615-e4bc-4861-a5c8-9dcd40afcea2"},"id":"WK167600"},{"arcs":[[6868,6869,6870,6871]],"type":"Polygon","properties":{"id":118506,"statcode":"WK167601","statnaam":"Wijk 01 Brouwershaven","jrstatcode":"2010WK167601","rubriek":"wijk","FID":"wijk_gegeneraliseerd_2010.3c737671-8d3d-4a27-833b-4bdf0d439a80"},"id":"WK167601"},{"arcs":[[6872,6873,6874,-6869,6875]],"type":"Polygon","properties":{"id":118507,"statcode":"WK167602","statnaam":"Wijk 02 Zonnemaire","jrstatcode":"2010WK167602","rubriek":"wijk","FID":"wijk_gegeneraliseerd_2010.a25264a9-9b30-402b-af5a-9bd33c247ace"},"id":"WK167602"},{"arcs":[[-6873,6876,6877,6878,-6865,6879]],"type":"Polygon","properties":{"id":118508,"statcode":"WK167603","statnaam":"Wijk 03 Dreischor","jrstatcode":"2010WK167603","rubriek":"wijk","FID":"wijk_gegeneraliseerd_2010.621f0756-4154-49e1-b47a-6c2c7add6bbd"},"id":"WK167603"},{"arcs":[[6880,-6874,-6880,-6864]],"type":"Polygon","properties":{"id":118509,"statcode":"WK167604","statnaam":"Wijk 04 Noordgouwe","jrstatcode":"2010WK167604","rubriek":"wijk","FID":"wijk_gegeneraliseerd_2010.581be72d-99aa-4ac6-93cd-735b2677c862"},"id":"WK167604"},{"arcs":[[[6881,6882]],[[-5078,6883]]],"type":"MultiPolygon","properties":{"id":118510,"statcode":"WK167605","statnaam":"Wijk 05 Bruinisse","jrstatcode":"2010WK167605","rubriek":"wijk","FID":"wijk_gegeneraliseerd_2010.33017bed-31bd-477a-b18b-3ab1691e36e7"},"id":"WK167605"},{"arcs":[[-6879,6884,6885,-6866]],"type":"Polygon","properties":{"id":118511,"statcode":"WK167606","statnaam":"Wijk 06 Nieuwerkerk","jrstatcode":"2010WK167606","rubriek":"wijk","FID":"wijk_gegeneraliseerd_2010.f2088230-2ae9-4604-93c9-f2f5eba61eda"},"id":"WK167606"},{"arcs":[[6886,6887,-6885,-6878,6888,-6882]],"type":"Polygon","properties":{"id":118512,"statcode":"WK167607","statnaam":"Wijk 07 Oosterland","jrstatcode":"2010WK167607","rubriek":"wijk","FID":"wijk_gegeneraliseerd_2010.bfc92be3-c5c6-402d-9604-6f492d7e7474"},"id":"WK167607"},{"arcs":[[-6886,-6888,6889,-6867]],"type":"Polygon","properties":{"id":118513,"statcode":"WK167608","statnaam":"Wijk 08 Ouwerkerk","jrstatcode":"2010WK167608","rubriek":"wijk","FID":"wijk_gegeneraliseerd_2010.c56100b9-c748-473d-bd5d-29c39be5c113"},"id":"WK167608"},{"arcs":[[-6871,6890,6891,6892,6893,-3809,6894]],"type":"Polygon","properties":{"id":118514,"statcode":"WK167609","statnaam":"Wijk 09 Scharendijke","jrstatcode":"2010WK167609","rubriek":"wijk","FID":"wijk_gegeneraliseerd_2010.76ab6c2f-a782-4397-9caa-507326976ac5"},"id":"WK167609"},{"arcs":[[-6875,-6881,-6863,6895,6896,6897,-6891,-6870]],"type":"Polygon","properties":{"id":118515,"statcode":"WK167610","statnaam":"Wijk 10 Kerkwerve","jrstatcode":"2010WK167610","rubriek":"wijk","FID":"wijk_gegeneraliseerd_2010.9ee2d931-2846-45da-9286-400365f43080"},"id":"WK167610"},{"arcs":[[-6898,6898,6899,-6892]],"type":"Polygon","properties":{"id":118516,"statcode":"WK167611","statnaam":"Wijk 11 Ellemeet","jrstatcode":"2010WK167611","rubriek":"wijk","FID":"wijk_gegeneraliseerd_2010.c27d76a3-c1b1-4a9f-80be-bf2175306ed5"},"id":"WK167611"},{"arcs":[[6900,6901,6902,6903,-5095,6904]],"type":"Polygon","properties":{"id":118517,"statcode":"WK167612","statnaam":"Wijk 12 Haamstede","jrstatcode":"2010WK167612","rubriek":"wijk","FID":"wijk_gegeneraliseerd_2010.c2b6909c-4f5c-4ef9-871b-1e37dd05d10a"},"id":"WK167612"},{"arcs":[[6905,-6901,6906]],"type":"Polygon","properties":{"id":118518,"statcode":"WK167613","statnaam":"Wijk 13 Renesse","jrstatcode":"2010WK167613","rubriek":"wijk","FID":"wijk_gegeneraliseerd_2010.5ba6bd29-adf5-4d7a-b4aa-c3827cbd0082"},"id":"WK167613"},{"arcs":[[6907,-6893,-6900,6908,-6902,-6906]],"type":"Polygon","properties":{"id":118519,"statcode":"WK167614","statnaam":"Wijk 14 Noordwelle","jrstatcode":"2010WK167614","rubriek":"wijk","FID":"wijk_gegeneraliseerd_2010.8fe7510c-4f06-4744-8943-b07a33730f8b"},"id":"WK167614"},{"arcs":[[-6909,-6899,-6897,6909,-6903]],"type":"Polygon","properties":{"id":118520,"statcode":"WK167615","statnaam":"Wijk 15 Serooskerke","jrstatcode":"2010WK167615","rubriek":"wijk","FID":"wijk_gegeneraliseerd_2010.df185bc5-1bed-4b01-badf-ef4d864ba91f"},"id":"WK167615"},{"arcs":[[6910,6911,6912,6913,6914,6915,6916,6917,6918]],"type":"Polygon","properties":{"id":118521,"statcode":"WK168000","statnaam":"Wijk 00 Annen","jrstatcode":"2010WK168000","rubriek":"wijk","FID":"wijk_gegeneraliseerd_2010.de10183e-9a7e-4554-939e-640b9f033e58"},"id":"WK168000"},{"arcs":[[-6916,6919,6920,6921,6922,6923,6924]],"type":"Polygon","properties":{"id":118522,"statcode":"WK168001","statnaam":"Wijk 01 Eext","jrstatcode":"2010WK168001","rubriek":"wijk","FID":"wijk_gegeneraliseerd_2010.ccc5d809-2704-490b-91c8-35d2d01c6c00"},"id":"WK168001"},{"arcs":[[6925,-6917,-6925,6926]],"type":"Polygon","properties":{"id":118523,"statcode":"WK168002","statnaam":"Wijk 02 Anloo","jrstatcode":"2010WK168002","rubriek":"wijk","FID":"wijk_gegeneraliseerd_2010.f9ad6478-90c2-4d89-aba4-87c085c477b3"},"id":"WK168002"},{"arcs":[[6927,-6927,-6924,6928,6929,6930]],"type":"Polygon","properties":{"id":118524,"statcode":"WK168003","statnaam":"Wijk 03 Gasteren","jrstatcode":"2010WK168003","rubriek":"wijk","FID":"wijk_gegeneraliseerd_2010.55562fbf-6c8c-4372-a9cb-9f63e54bf868"},"id":"WK168003"},{"arcs":[[-6929,-6923,6931]],"type":"Polygon","properties":{"id":118525,"statcode":"WK168004","statnaam":"Wijk 04 Anderen","jrstatcode":"2010WK168004","rubriek":"wijk","FID":"wijk_gegeneraliseerd_2010.f4fe31a8-61ff-4ee8-9142-9075ef0949da"},"id":"WK168004"},{"arcs":[[6932,6933,-6918,-6926,-6928,6934,6935,6936]],"type":"Polygon","properties":{"id":118526,"statcode":"WK168005","statnaam":"Wijk 05 Schipborg","jrstatcode":"2010WK168005","rubriek":"wijk","FID":"wijk_gegeneraliseerd_2010.5f9e46ac-230e-4680-9c8f-2842b51deebf"},"id":"WK168005"},{"arcs":[[6937,-6914,6938,6939,6940,6941]],"type":"Polygon","properties":{"id":118527,"statcode":"WK168006","statnaam":"Wijk 06 Eexterveen","jrstatcode":"2010WK168006","rubriek":"wijk","FID":"wijk_gegeneraliseerd_2010.1332442e-7cb3-4cf8-96f9-1d498adca73b"},"id":"WK168006"},{"arcs":[[6942,-6912,6943,6944]],"type":"Polygon","properties":{"id":118528,"statcode":"WK168007","statnaam":"Wijk 07 Spijkerboor","jrstatcode":"2010WK168007","rubriek":"wijk","FID":"wijk_gegeneraliseerd_2010.acbc13d4-a90e-4723-91f3-e786a8520709"},"id":"WK168007"},{"arcs":[[6945,-6939,-6913,-6943]],"type":"Polygon","properties":{"id":118529,"statcode":"WK168008","statnaam":"Wijk 08 Nieuw-Annerveen","jrstatcode":"2010WK168008","rubriek":"wijk","FID":"wijk_gegeneraliseerd_2010.461292c8-4d6c-4b0f-ad31-42899d619c43"},"id":"WK168008"},{"arcs":[[6946,6947,-6944,-6911,6948]],"type":"Polygon","properties":{"id":118530,"statcode":"WK168009","statnaam":"Wijk 09 Oud-Annerveen","jrstatcode":"2010WK168009","rubriek":"wijk","FID":"wijk_gegeneraliseerd_2010.99bb493e-a7e6-4821-a519-086727149fc3"},"id":"WK168009"},{"arcs":[[6949,-138,-263,6950,-6940,-6946,-6945,-6948]],"type":"Polygon","properties":{"id":118531,"statcode":"WK168011","statnaam":"Wijk 11 Annerveenschekanaal","jrstatcode":"2010WK168011","rubriek":"wijk","FID":"wijk_gegeneraliseerd_2010.ef24221a-186b-430c-ac2b-6e3b97dc6b95"},"id":"WK168011"},{"arcs":[[-266,6951,-6941,-6951]],"type":"Polygon","properties":{"id":118532,"statcode":"WK168012","statnaam":"Wijk 12 Eexterveenschekanaal","jrstatcode":"2010WK168012","rubriek":"wijk","FID":"wijk_gegeneraliseerd_2010.93855555-3785-4c41-8cd0-686af3dc1557"},"id":"WK168012"},{"arcs":[[-6915,-6938,6952,-6920]],"type":"Polygon","properties":{"id":118533,"statcode":"WK168013","statnaam":"Wijk 13 Eexterzandvoort","jrstatcode":"2010WK168013","rubriek":"wijk","FID":"wijk_gegeneraliseerd_2010.09df4db5-1ff4-4539-8084-677ccafdbf3b"},"id":"WK168013"},{"arcs":[[6953,6954,6955,6956,6957,6958,6959]],"type":"Polygon","properties":{"id":118534,"statcode":"WK168014","statnaam":"Wijk 14 Gasselte","jrstatcode":"2010WK168014","rubriek":"wijk","FID":"wijk_gegeneraliseerd_2010.1607ac89-5990-4880-afb5-823125c70d81"},"id":"WK168014"},{"arcs":[[6960,6961,6962,-6958,6963,6964]],"type":"Polygon","properties":{"id":118535,"statcode":"WK168015","statnaam":"Wijk 15 Gasselternijveen","jrstatcode":"2010WK168015","rubriek":"wijk","FID":"wijk_gegeneraliseerd_2010.f7c9c3c4-4343-464d-bef3-3b1dd0f94e3e"},"id":"WK168015"},{"arcs":[[-6961,6965,-221,6966]],"type":"Polygon","properties":{"id":118536,"statcode":"WK168016","statnaam":"Wijk 16 Gasselternijveenschemond","jrstatcode":"2010WK168016","rubriek":"wijk","FID":"wijk_gegeneraliseerd_2010.9da433f3-0338-4f92-9046-abe96369abc9"},"id":"WK168016"},{"arcs":[[-6953,6967,-6964,-6957,6968,-6921]],"type":"Polygon","properties":{"id":118537,"statcode":"WK168017","statnaam":"Wijk 17 Gieten","jrstatcode":"2010WK168017","rubriek":"wijk","FID":"wijk_gegeneraliseerd_2010.efb63130-a69f-4247-b9f8-5a0de408b013"},"id":"WK168017"},{"arcs":[[-6952,-265,-222,-6966,-6965,-6968,-6942]],"type":"Polygon","properties":{"id":118538,"statcode":"WK168018","statnaam":"Wijk 18 Gieterveen","jrstatcode":"2010WK168018","rubriek":"wijk","FID":"wijk_gegeneraliseerd_2010.9344c145-e824-4abc-ab3e-dd25460785cf"},"id":"WK168018"},{"arcs":[[-771,6969,-6930,-6932,-6922,-6969,-6956,6970,6971]],"type":"Polygon","properties":{"id":118539,"statcode":"WK168019","statnaam":"Wijk 19 Rolde","jrstatcode":"2010WK168019","rubriek":"wijk","FID":"wijk_gegeneraliseerd_2010.4091f32b-0034-4e3b-b54c-6f10a13215dd"},"id":"WK168019"},{"arcs":[[-6955,6972,6973,6974,-811,6975,6976,6977,6978,-6971]],"type":"Polygon","properties":{"id":118540,"statcode":"WK168020","statnaam":"Wijk 20 Grolloo","jrstatcode":"2010WK168020","rubriek":"wijk","FID":"wijk_gegeneraliseerd_2010.2c45ba54-09f0-4fa7-bee0-ddbea6ccc8a5"},"id":"WK168020"},{"arcs":[[-6979,6979,6980,-772,-6972]],"type":"Polygon","properties":{"id":118541,"statcode":"WK168021","statnaam":"Wijk 21 Ekehaar","jrstatcode":"2010WK168021","rubriek":"wijk","FID":"wijk_gegeneraliseerd_2010.8b2bedd1-6ded-40ae-b4c9-39c9c7c4d4a4"},"id":"WK168021"},{"arcs":[[-6974,6981,6982,6983,6984]],"type":"Polygon","properties":{"id":118542,"statcode":"WK168100","statnaam":"Wijk 00 Borger","jrstatcode":"2010WK168100","rubriek":"wijk","FID":"wijk_gegeneraliseerd_2010.ac71081a-b585-4010-9c06-9e1140460adb"},"id":"WK168100"},{"arcs":[[6985,6986,6987,6988,-6984,6989]],"type":"Polygon","properties":{"id":118543,"statcode":"WK168101","statnaam":"Wijk 01 Buinen","jrstatcode":"2010WK168101","rubriek":"wijk","FID":"wijk_gegeneraliseerd_2010.040ac4af-11a3-4e8d-bccd-203b72b46643"},"id":"WK168101"},{"arcs":[[-6990,-6983,6990,6991]],"type":"Polygon","properties":{"id":118544,"statcode":"WK168102","statnaam":"Wijk 02 Bronneger","jrstatcode":"2010WK168102","rubriek":"wijk","FID":"wijk_gegeneraliseerd_2010.68744b74-1f4d-4cd3-a388-4b86a218f678"},"id":"WK168102"},{"arcs":[[6992,-6991,-6982,-6973,-6954]],"type":"Polygon","properties":{"id":118545,"statcode":"WK168103","statnaam":"Wijk 03 Drouwen","jrstatcode":"2010WK168103","rubriek":"wijk","FID":"wijk_gegeneraliseerd_2010.de2657e9-e079-4d17-ad94-b37d94e5ab55"},"id":"WK168103"},{"arcs":[[6993,6994,-6986,-6992,-6993,-6960]],"type":"Polygon","properties":{"id":118546,"statcode":"WK168104","statnaam":"Wijk 04 Bronnegerveen","jrstatcode":"2010WK168104","rubriek":"wijk","FID":"wijk_gegeneraliseerd_2010.c4fe1b59-ca68-4277-bb3a-18d49e0020b9"},"id":"WK168104"},{"arcs":[[6995,6996,6997,-6994,-6959,-6963]],"type":"Polygon","properties":{"id":118547,"statcode":"WK168105","statnaam":"Wijk 05 Drouwenerveen","jrstatcode":"2010WK168105","rubriek":"wijk","FID":"wijk_gegeneraliseerd_2010.cfba9257-7506-4933-837a-f6f4f815e5be"},"id":"WK168105"},{"arcs":[[-220,6998,-6996,-6962,-6967]],"type":"Polygon","properties":{"id":118548,"statcode":"WK168106","statnaam":"Wijk 06 Drouwenermond","jrstatcode":"2010WK168106","rubriek":"wijk","FID":"wijk_gegeneraliseerd_2010.1ef1c39e-cf21-4359-b797-b0c503865a50"},"id":"WK168106"},{"arcs":[[6999,7000,-6997,-6999,-219,-231]],"type":"Polygon","properties":{"id":118549,"statcode":"WK168107","statnaam":"Wijk 07 Nieuw-Buinen","jrstatcode":"2010WK168107","rubriek":"wijk","FID":"wijk_gegeneraliseerd_2010.8fb9cea3-65e9-4093-90e5-1fa997b9f254"},"id":"WK168107"},{"arcs":[[7001,-6987,-6995,-6998,-7001]],"type":"Polygon","properties":{"id":118550,"statcode":"WK168108","statnaam":"Wijk 08 Buinerveen","jrstatcode":"2010WK168108","rubriek":"wijk","FID":"wijk_gegeneraliseerd_2010.2dbba78d-8520-49f1-829c-4a8a1768f8a3"},"id":"WK168108"},{"arcs":[[-6989,7002,7003,7004,-812,-6975,-6985]],"type":"Polygon","properties":{"id":118551,"statcode":"WK168109","statnaam":"Wijk 09 Ees","jrstatcode":"2010WK168109","rubriek":"wijk","FID":"wijk_gegeneraliseerd_2010.47ee6a26-66bc-478a-bd31-7ea7b943572e"},"id":"WK168109"},{"arcs":[[7005,7006,-7004,7007,7008,7009]],"type":"Polygon","properties":{"id":118552,"statcode":"WK168110","statnaam":"Wijk 10 Odoorn","jrstatcode":"2010WK168110","rubriek":"wijk","FID":"wijk_gegeneraliseerd_2010.2a65993b-7aae-429e-a641-f00bcd875a56"},"id":"WK168110"},{"arcs":[[7010,7011,7012,-7008,-7003,-6988]],"type":"Polygon","properties":{"id":118553,"statcode":"WK168111","statnaam":"Wijk 11 Exloo","jrstatcode":"2010WK168111","rubriek":"wijk","FID":"wijk_gegeneraliseerd_2010.c5eaea80-1186-4df4-976a-a15766fdb843"},"id":"WK168111"},{"arcs":[[-7013,7013,-838,-823,7014,-7009]],"type":"Polygon","properties":{"id":118554,"statcode":"WK168112","statnaam":"Wijk 12 Valthe","jrstatcode":"2010WK168112","rubriek":"wijk","FID":"wijk_gegeneraliseerd_2010.309d9fb5-0540-49a4-9c51-b9971368923c"},"id":"WK168112"},{"arcs":[[-7010,-7015,-831,-814,7015,-7006]],"type":"Polygon","properties":{"id":118555,"statcode":"WK168113","statnaam":"Wijk 13 Klijndijk","jrstatcode":"2010WK168113","rubriek":"wijk","FID":"wijk_gegeneraliseerd_2010.70391296-6266-403b-868f-ca8eaa596f73"},"id":"WK168113"},{"arcs":[[-7005,-7007,-7016,-813]],"type":"Polygon","properties":{"id":118556,"statcode":"WK168114","statnaam":"Wijk 14 Odoornerveen","jrstatcode":"2010WK168114","rubriek":"wijk","FID":"wijk_gegeneraliseerd_2010.31b6f98b-d5b9-4650-8d07-de3305438b99"},"id":"WK168114"},{"arcs":[[7016,-7011,-7002,-7000,-230]],"type":"Polygon","properties":{"id":118557,"statcode":"WK168115","statnaam":"Wijk 15 Tweede Exloërmond","jrstatcode":"2010WK168115","rubriek":"wijk","FID":"wijk_gegeneraliseerd_2010.f7c3af30-430f-40e3-bfa5-5800bdcc6601"},"id":"WK168115"},{"arcs":[[-281,-839,-7014,-7012,-7017,-229]],"type":"Polygon","properties":{"id":118558,"statcode":"WK168116","statnaam":"Wijk 16 Valthermond","jrstatcode":"2010WK168116","rubriek":"wijk","FID":"wijk_gegeneraliseerd_2010.bb234099-e444-4a8c-98f9-6d34053b53a7"},"id":"WK168116"},{"arcs":[[7017,7018,-6323,-6326,7019,7020,7021,7022]],"type":"Polygon","properties":{"id":118559,"statcode":"WK168400","statnaam":"Wijk 00 Cuijk","jrstatcode":"2010WK168400","rubriek":"wijk","FID":"wijk_gegeneraliseerd_2010.1a7f8626-a232-41e8-b3c1-cc66b783b27d"},"id":"WK168400"},{"arcs":[[7023,7024,-7022]],"type":"Polygon","properties":{"id":118560,"statcode":"WK168401","statnaam":"Wijk 01 Vianen","jrstatcode":"2010WK168401","rubriek":"wijk","FID":"wijk_gegeneraliseerd_2010.263b076d-61f3-4f7e-a503-277302480ad8"},"id":"WK168401"},{"arcs":[[-6325,-6192,-5290,7025,-7020]],"type":"Polygon","properties":{"id":118561,"statcode":"WK168402","statnaam":"Wijk 02 Sint Agatha","jrstatcode":"2010WK168402","rubriek":"wijk","FID":"wijk_gegeneraliseerd_2010.8715533a-a9b3-40f5-accb-828323ba392e"},"id":"WK168402"},{"arcs":[[-7019,7026,-1974,-6324]],"type":"Polygon","properties":{"id":118562,"statcode":"WK168403","statnaam":"Wijk 03 Katwijk","jrstatcode":"2010WK168403","rubriek":"wijk","FID":"wijk_gegeneraliseerd_2010.3e294a8f-c6ae-4ef9-9e5e-51f95a7f5855"},"id":"WK168403"},{"arcs":[[-7021,-7026,-5289,-5283,-5291,7027,-5756,-5749,7028,-7024]],"type":"Polygon","properties":{"id":118563,"statcode":"WK168404","statnaam":"Wijk 04 Haps","jrstatcode":"2010WK168404","rubriek":"wijk","FID":"wijk_gegeneraliseerd_2010.b4728c28-4b3e-46a3-a9ad-f4b123b407e0"},"id":"WK168404"},{"arcs":[[-7023,-7025,-7029,-5748,-5590,7029]],"type":"Polygon","properties":{"id":118564,"statcode":"WK168405","statnaam":"Wijk 05 Beers","jrstatcode":"2010WK168405","rubriek":"wijk","FID":"wijk_gegeneraliseerd_2010.c214b9a9-352d-412a-bf26-f74706a6ec15"},"id":"WK168405"},{"arcs":[[-7027,-7018,-7030,-5589,-1980,-1975]],"type":"Polygon","properties":{"id":118565,"statcode":"WK168406","statnaam":"Wijk 06 Linden","jrstatcode":"2010WK168406","rubriek":"wijk","FID":"wijk_gegeneraliseerd_2010.d24e31fa-50e9-4141-96b8-8c0cd5e4d566"},"id":"WK168406"},{"arcs":[[7030,-6009,7031,-5856,-5870,7032]],"type":"Polygon","properties":{"id":118566,"statcode":"WK168500","statnaam":"Wijk 00 Schaijk","jrstatcode":"2010WK168500","rubriek":"wijk","FID":"wijk_gegeneraliseerd_2010.b9a0cc89-48a1-428b-9480-8f415b46a03c"},"id":"WK168500"},{"arcs":[[-5753,7033,-7033,-5869,-5873,-5587]],"type":"Polygon","properties":{"id":118567,"statcode":"WK168501","statnaam":"Wijk 01 Reek","jrstatcode":"2010WK168501","rubriek":"wijk","FID":"wijk_gegeneraliseerd_2010.97acdacd-7352-4012-9d25-07891ea72fcf"},"id":"WK168501"},{"arcs":[[7034,-6012,-6010,-7031,-7034,-5752]],"type":"Polygon","properties":{"id":118568,"statcode":"WK168502","statnaam":"Wijk 02 Zeeland","jrstatcode":"2010WK168502","rubriek":"wijk","FID":"wijk_gegeneraliseerd_2010.9cfae075-e6c9-4da9-9467-8d799b34e1ab"},"id":"WK168502"},{"arcs":[[-5746,-5759,-6014,-7035,-5751]],"type":"Polygon","properties":{"id":118569,"statcode":"WK168509","statnaam":"Wijk 09 Verspreide huizen Zeeland","jrstatcode":"2010WK168509","rubriek":"wijk","FID":"wijk_gegeneraliseerd_2010.b0e293b2-25d8-4afd-8aa5-df148e96435f"},"id":"WK168509"},{"arcs":[[-892,7035,7036,7037,7038,7039,7040,-893,-881]],"type":"Polygon","properties":{"id":118570,"statcode":"WK169000","statnaam":"Wijk 00 Zuidwolde","jrstatcode":"2010WK169000","rubriek":"wijk","FID":"wijk_gegeneraliseerd_2010.3292594b-8d52-4af5-8feb-de666e97ded9"},"id":"WK169000"},{"arcs":[[-879,7041,-7036,-891]],"type":"Polygon","properties":{"id":118571,"statcode":"WK169001","statnaam":"Wijk 01 Alteveer","jrstatcode":"2010WK169001","rubriek":"wijk","FID":"wijk_gegeneraliseerd_2010.1f0a0ec6-a571-4416-950d-a927b229fee3"},"id":"WK169001"},{"arcs":[[-878,-896,-1145,7042,7043,-7037,-7042]],"type":"Polygon","properties":{"id":118572,"statcode":"WK169002","statnaam":"Wijk 02 Kerkenveld","jrstatcode":"2010WK169002","rubriek":"wijk","FID":"wijk_gegeneraliseerd_2010.b81abb27-d58d-47c0-b599-b1e50e5ddc22"},"id":"WK169002"},{"arcs":[[-1152,7044,-7043,-1144]],"type":"Polygon","properties":{"id":118573,"statcode":"WK169003","statnaam":"Wijk 03 Drogteropslagen","jrstatcode":"2010WK169003","rubriek":"wijk","FID":"wijk_gegeneraliseerd_2010.1455f8c8-1860-41d5-8ee5-2cfc83687be3"},"id":"WK169003"},{"arcs":[[-7044,-7045,-1151,-1159,7045,-7038]],"type":"Polygon","properties":{"id":118574,"statcode":"WK169004","statnaam":"Wijk 04 Linde","jrstatcode":"2010WK169004","rubriek":"wijk","FID":"wijk_gegeneraliseerd_2010.aa526d6b-8d44-418c-b0fe-6a91e157390b"},"id":"WK169004"},{"arcs":[[7046,-7039,-7046,-1158,7047]],"type":"Polygon","properties":{"id":118575,"statcode":"WK169005","statnaam":"Wijk 05 Fort","jrstatcode":"2010WK169005","rubriek":"wijk","FID":"wijk_gegeneraliseerd_2010.24b1ff15-04e1-48d6-8d5b-5a262b4080d1"},"id":"WK169005"},{"arcs":[[-7040,-7047,7048,7049,7050]],"type":"Polygon","properties":{"id":118576,"statcode":"WK169006","statnaam":"Wijk 06 Veeningen","jrstatcode":"2010WK169006","rubriek":"wijk","FID":"wijk_gegeneraliseerd_2010.7da443d9-04bf-421d-890e-dd14a9579759"},"id":"WK169006"},{"arcs":[[7051,-883,-894,-7041,-7051,7052]],"type":"Polygon","properties":{"id":118577,"statcode":"WK169007","statnaam":"Wijk 07 Echten","jrstatcode":"2010WK169007","rubriek":"wijk","FID":"wijk_gegeneraliseerd_2010.dfe02af6-a759-4f48-a82e-b900ddb3ae4a"},"id":"WK169007"},{"arcs":[[-886,-884,-7052,7053,7054,7055,7056,7057,7058]],"type":"Polygon","properties":{"id":118578,"statcode":"WK169008","statnaam":"Wijk 08 Ruinen","jrstatcode":"2010WK169008","rubriek":"wijk","FID":"wijk_gegeneraliseerd_2010.c3822e39-4e70-47fa-a1ad-53060a311c85"},"id":"WK169008"},{"arcs":[[-7059,7059,-887]],"type":"Polygon","properties":{"id":118579,"statcode":"WK169009","statnaam":"Wijk 09 Eursinge","jrstatcode":"2010WK169009","rubriek":"wijk","FID":"wijk_gegeneraliseerd_2010.f0ae3379-9703-4fb6-a034-68b95dee9d14"},"id":"WK169009"},{"arcs":[[-7057,7060,7061]],"type":"Polygon","properties":{"id":118580,"statcode":"WK169010","statnaam":"Wijk 10 Ansen","jrstatcode":"2010WK169010","rubriek":"wijk","FID":"wijk_gegeneraliseerd_2010.bbc1406f-f1f2-4ec9-833b-06ca27adaa31"},"id":"WK169010"},{"arcs":[[7062,-910,-898,7063,7064,-7055]],"type":"Polygon","properties":{"id":118581,"statcode":"WK169011","statnaam":"Wijk 11 Ruinerwold","jrstatcode":"2010WK169011","rubriek":"wijk","FID":"wijk_gegeneraliseerd_2010.e860fb6e-5ccb-48c5-9943-e3bab0194991"},"id":"WK169011"},{"arcs":[[-7054,-7053,-7050,7065,-907,-7063]],"type":"Polygon","properties":{"id":118582,"statcode":"WK169012","statnaam":"Wijk 12 Koekange","jrstatcode":"2010WK169012","rubriek":"wijk","FID":"wijk_gegeneraliseerd_2010.7f4074df-ed8e-4a39-bac4-66e69fa996fb"},"id":"WK169012"},{"arcs":[[-7066,-7049,-7048,-1157,-1382,-908]],"type":"Polygon","properties":{"id":118583,"statcode":"WK169013","statnaam":"Wijk 13 De Wijk","jrstatcode":"2010WK169013","rubriek":"wijk","FID":"wijk_gegeneraliseerd_2010.a3e8f918-fa70-4ba6-801f-0f3ff4638d61"},"id":"WK169013"},{"arcs":[[-4682,7066,7067,7068,7069,7070,7071]],"type":"Polygon","properties":{"id":118584,"statcode":"WK169500","statnaam":"Wijk 00 Kortgene","jrstatcode":"2010WK169500","rubriek":"wijk","FID":"wijk_gegeneraliseerd_2010.dabf6b2e-d080-4425-b9c8-dc8342e0ee5c"},"id":"WK169500"},{"arcs":[[7073,-7070,7074,7075]],"type":"Polygon","properties":{"id":118585,"statcode":"WK169501","statnaam":"Wijk 01 Colijnsplaat","jrstatcode":"2010WK169501","rubriek":"wijk","FID":"wijk_gegeneraliseerd_2010.00737ab1-d9d2-43b2-acc4-b4457d044810"},"id":"WK169501"},{"arcs":[[-7074,7076,-7071]],"type":"Polygon","properties":{"id":118586,"statcode":"WK169502","statnaam":"Wijk 02 Kats","jrstatcode":"2010WK169502","rubriek":"wijk","FID":"wijk_gegeneraliseerd_2010.54538a04-570e-4a5c-baf9-bce387c2ef09"},"id":"WK169502"},{"arcs":[[-5090,7077,7078,7079,7080,7081]],"type":"Polygon","properties":{"id":118587,"statcode":"WK169503","statnaam":"Wijk 03 Kamperland","jrstatcode":"2010WK169503","rubriek":"wijk","FID":"wijk_gegeneraliseerd_2010.e052012b-3d95-45c1-b251-ac6e5ac312bf"},"id":"WK169503"},{"arcs":[[-7075,-7069,7082,-7080,7083]],"type":"Polygon","properties":{"id":118588,"statcode":"WK169504","statnaam":"Wijk 04 Wissenkerke","jrstatcode":"2010WK169504","rubriek":"wijk","FID":"wijk_gegeneraliseerd_2010.940043db-3117-4714-bd47-0686000bb72a"},"id":"WK169504"},{"arcs":[[-7083,-7068,7084,-7081]],"type":"Polygon","properties":{"id":118589,"statcode":"WK169505","statnaam":"Wijk 05 Geersdijk","jrstatcode":"2010WK169505","rubriek":"wijk","FID":"wijk_gegeneraliseerd_2010.53e481ad-fe85-480c-832f-9ff6c8805cab"},"id":"WK169505"},{"arcs":[[-3155,-3160,-3134,-3165,-3138,7085,7086,-3162]],"type":"Polygon","properties":{"id":118590,"statcode":"WK169600","statnaam":"Wijk 00 's-Graveland","jrstatcode":"2010WK169600","rubriek":"wijk","FID":"wijk_gegeneraliseerd_2010.c65728a0-2ac4-4f65-a7d7-0059895ab628"},"id":"WK169600"},{"arcs":[[7087,-7086,-3137,7088,-2427,7089]],"type":"Polygon","properties":{"id":118591,"statcode":"WK169601","statnaam":"Wijk 01 Kortenhoef","jrstatcode":"2010WK169601","rubriek":"wijk","FID":"wijk_gegeneraliseerd_2010.32b95105-5970-4328-8f72-a22d10c2898d"},"id":"WK169601"},{"arcs":[[-7088,7090,-3389,-3163,-7087]],"type":"Polygon","properties":{"id":118592,"statcode":"WK169602","statnaam":"Wijk 02 Ankeveen","jrstatcode":"2010WK169602","rubriek":"wijk","FID":"wijk_gegeneraliseerd_2010.68d224d4-912f-4872-93da-a8d63a038f42"},"id":"WK169602"},{"arcs":[[-2456,-2363,-2430,-2422,-2431,-2428,-7089,-3136,-3142,-3157,-2356]],"type":"Polygon","properties":{"id":118593,"statcode":"WK169603","statnaam":"Wijk 03 Loosdrecht","jrstatcode":"2010WK169603","rubriek":"wijk","FID":"wijk_gegeneraliseerd_2010.e8279a9e-f91a-44b1-b6f9-ca732c8716b8"},"id":"WK169603"},{"arcs":[[-3390,-7091,-7090,-2426,-2433]],"type":"Polygon","properties":{"id":118594,"statcode":"WK169604","statnaam":"Wijk 04 Nederhorst den Berg","jrstatcode":"2010WK169604","rubriek":"wijk","FID":"wijk_gegeneraliseerd_2010.19e8285e-7465-4c96-8e1b-5df04e8f7dd6"},"id":"WK169604"},{"arcs":[[-161,7091]],"type":"Polygon","properties":{"id":118595,"statcode":"WK169900","statnaam":"Wijk 00 Roden","jrstatcode":"2010WK169900","rubriek":"wijk","FID":"wijk_gegeneraliseerd_2010.28555614-69ee-4820-9e6d-4b400fc7f8ab"},"id":"WK169900"},{"arcs":[[7093,7094,7095,7096,-162,-7092,-160,-156,-7093,-154,-173,-175,-178,-89]],"type":"Polygon","properties":{"id":118596,"statcode":"WK169901","statnaam":"Wijk 01 Roden","jrstatcode":"2010WK169901","rubriek":"wijk","FID":"wijk_gegeneraliseerd_2010.0982a8c8-39cf-4665-97ea-ddab67cf8777"},"id":"WK169901"},{"arcs":[[[-7096,7097,7098,7099]],[[-776,-768,7100,7101]],[[-164,7102,-649,-671]],[[7103]]],"type":"MultiPolygon","properties":{"id":118597,"statcode":"WK169903","statnaam":"Wijk 03 Norg","jrstatcode":"2010WK169903","rubriek":"wijk","FID":"wijk_gegeneraliseerd_2010.fec13bf8-9993-426d-83e6-e6860d59cd73"},"id":"WK169903"},{"arcs":[[7104,-777,-7102,7105,7106,-652,-636,-650,-7103,-163,-7097,-7100],[-7104]],"type":"Polygon","properties":{"id":118598,"statcode":"WK169904","statnaam":"Wijk 04 Norg","jrstatcode":"2010WK169904","rubriek":"wijk","FID":"wijk_gegeneraliseerd_2010.6c855895-36ae-4ed4-97eb-559bb5f08571"},"id":"WK169904"},{"arcs":[[7107,7108,7109,-7094,-88,7110]],"type":"Polygon","properties":{"id":118599,"statcode":"WK169906","statnaam":"Wijk 06 Peize","jrstatcode":"2010WK169906","rubriek":"wijk","FID":"wijk_gegeneraliseerd_2010.c7ffac36-f24f-476e-b637-c51e42a46168"},"id":"WK169906"},{"arcs":[[-1401,7111,-960,-1420,-1422,7112]],"type":"Polygon","properties":{"id":118600,"statcode":"WK170000","statnaam":"Wijk 00 Vriezenveen (kern)","jrstatcode":"2010WK170000","rubriek":"wijk","FID":"wijk_gegeneraliseerd_2010.d0de5b5f-8abb-4158-9184-07107e8caa80"},"id":"WK170000"},{"arcs":[[[-1402,-7113,-1421,-1192,-1197,7113]],[[-1400,-938,-953,-957,-7112]]],"type":"MultiPolygon","properties":{"id":118601,"statcode":"WK170001","statnaam":"Wijk 01 Vriezenveen (buitengebied)","jrstatcode":"2010WK170001","rubriek":"wijk","FID":"wijk_gegeneraliseerd_2010.83931e70-d597-4cbc-a6fd-a4c3f807e985"},"id":"WK170001"},{"arcs":[[7114,-1404,-1398,-7114,-1196,7115,-1137]],"type":"Polygon","properties":{"id":118602,"statcode":"WK170002","statnaam":"Wijk 02 Westerhaar-Vriezenveensewijk","jrstatcode":"2010WK170002","rubriek":"wijk","FID":"wijk_gegeneraliseerd_2010.58bbd21a-3a06-4b23-bc44-3572a8ca5183"},"id":"WK170002"},{"arcs":[[-1194,-1178,-1330,-1325,-1333,7116]],"type":"Polygon","properties":{"id":118603,"statcode":"WK170003","statnaam":"Wijk 03 Kloosterhaar","jrstatcode":"2010WK170003","rubriek":"wijk","FID":"wijk_gegeneraliseerd_2010.94c902f2-3b05-4927-a828-251e946d90f1"},"id":"WK170003"},{"arcs":[[-1195,-7117,-1332,-1133,-7116,-1198]],"type":"Polygon","properties":{"id":118604,"statcode":"WK170004","statnaam":"Wijk 04 Bruinehaar","jrstatcode":"2010WK170004","rubriek":"wijk","FID":"wijk_gegeneraliseerd_2010.10cde3ca-189d-42c8-98c6-b1077cd87fbc"},"id":"WK170004"},{"arcs":[[7117,7118,7119,7120,7121,7122,7123,7124,7125]],"type":"Polygon","properties":{"id":118605,"statcode":"WK170100","statnaam":"Wijk 00 Diever","jrstatcode":"2010WK170100","rubriek":"wijk","FID":"wijk_gegeneraliseerd_2010.c03c4f04-4981-4d81-937c-9f8f85961394"},"id":"WK170100"},{"arcs":[[-7120,7126,7127,7128]],"type":"Polygon","properties":{"id":118606,"statcode":"WK170101","statnaam":"Wijk 01 Wapse","jrstatcode":"2010WK170101","rubriek":"wijk","FID":"wijk_gegeneraliseerd_2010.b4d72078-beff-4de2-9547-32dcc76a04e8"},"id":"WK170101"},{"arcs":[[-644,-655,7129,-7122,7130,-725]],"type":"Polygon","properties":{"id":118607,"statcode":"WK170102","statnaam":"Wijk 02 Zorgvlied","jrstatcode":"2010WK170102","rubriek":"wijk","FID":"wijk_gegeneraliseerd_2010.fd9315c3-9032-46f7-94ec-0c2cbe0855c1"},"id":"WK170102"},{"arcs":[[-888,-7060,-7058,-7062,7131,-7126,7132,7133,7134,7135]],"type":"Polygon","properties":{"id":118608,"statcode":"WK170103","statnaam":"Wijk 03 Dwingeloo","jrstatcode":"2010WK170103","rubriek":"wijk","FID":"wijk_gegeneraliseerd_2010.188aba80-89b4-4af8-8528-f896eb6df669"},"id":"WK170103"},{"arcs":[[7136,7137,7138,-7136]],"type":"Polygon","properties":{"id":118609,"statcode":"WK170104","statnaam":"Wijk 04 Lhee","jrstatcode":"2010WK170104","rubriek":"wijk","FID":"wijk_gegeneraliseerd_2010.b0849a22-b489-4179-aed8-0eebec2d9f4f"},"id":"WK170104"},{"arcs":[[7139,-7137,-7135,7140]],"type":"Polygon","properties":{"id":118610,"statcode":"WK170105","statnaam":"Wijk 05 Eemster","jrstatcode":"2010WK170105","rubriek":"wijk","FID":"wijk_gegeneraliseerd_2010.71d84068-c249-4690-84aa-26bd1f59a75e"},"id":"WK170105"},{"arcs":[[-7134,7141,-7124,7142,7143,-7141]],"type":"Polygon","properties":{"id":118611,"statcode":"WK170106","statnaam":"Wijk 06 Geeuwenbrug","jrstatcode":"2010WK170106","rubriek":"wijk","FID":"wijk_gegeneraliseerd_2010.2472bea8-ea57-42c6-a56b-7cd9625d12a2"},"id":"WK170106"},{"arcs":[[-7142,-7133,-7125]],"type":"Polygon","properties":{"id":118612,"statcode":"WK170107","statnaam":"Wijk 07 Dieverbrug","jrstatcode":"2010WK170107","rubriek":"wijk","FID":"wijk_gegeneraliseerd_2010.bbd7b017-f098-4a78-a0dd-3b47a83bcbce"},"id":"WK170107"},{"arcs":[[7144,7145,7146,-7064,-897,-906]],"type":"Polygon","properties":{"id":118613,"statcode":"WK170108","statnaam":"Wijk 08 Havelte","jrstatcode":"2010WK170108","rubriek":"wijk","FID":"wijk_gegeneraliseerd_2010.a700c3ae-3432-4c0c-bb6f-1338a0936aa9"},"id":"WK170108"},{"arcs":[[-7118,-7132,-7061,-7056,-7065,-7147,7147]],"type":"Polygon","properties":{"id":118614,"statcode":"WK170109","statnaam":"Wijk 09 Uffelte","jrstatcode":"2010WK170109","rubriek":"wijk","FID":"wijk_gegeneraliseerd_2010.d9454472-1c9c-42a4-8ae8-885fc1fd1fad"},"id":"WK170109"},{"arcs":[[7148,7149,7150,-7127,-7119,-7148,-7146,7151]],"type":"Polygon","properties":{"id":118615,"statcode":"WK170110","statnaam":"Wijk 10 Wapserveen","jrstatcode":"2010WK170110","rubriek":"wijk","FID":"wijk_gegeneraliseerd_2010.480d8cc4-c21b-4a10-b40d-427c54053e24"},"id":"WK170110"},{"arcs":[[7152,7153,-7128,-7151,7154,7155,7156]],"type":"Polygon","properties":{"id":118616,"statcode":"WK170111","statnaam":"Wijk 11 Vledder","jrstatcode":"2010WK170111","rubriek":"wijk","FID":"wijk_gegeneraliseerd_2010.57fdbec9-4539-4025-95c0-3d34066d964e"},"id":"WK170111"},{"arcs":[[-7150,7157,7158,-7155]],"type":"Polygon","properties":{"id":118617,"statcode":"WK170112","statnaam":"Wijk 12 Frederiksoord","jrstatcode":"2010WK170112","rubriek":"wijk","FID":"wijk_gegeneraliseerd_2010.26cb53ee-5d66-4e34-8b49-1b74b66dd79a"},"id":"WK170112"},{"arcs":[[7159,-7158,-7149,7160,-723]],"type":"Polygon","properties":{"id":118618,"statcode":"WK170113","statnaam":"Wijk 13 Nijensleek","jrstatcode":"2010WK170113","rubriek":"wijk","FID":"wijk_gegeneraliseerd_2010.6b28e4b2-fedd-409f-a163-b6c88c0cc8d2"},"id":"WK170113"},{"arcs":[[7161,-7157,7162,-728]],"type":"Polygon","properties":{"id":118619,"statcode":"WK170114","statnaam":"Wijk 14 Vledderveen","jrstatcode":"2010WK170114","rubriek":"wijk","FID":"wijk_gegeneraliseerd_2010.a0882d66-6363-4077-ad1b-09d5dede213e"},"id":"WK170114"},{"arcs":[[-7160,-729,-7163,-7156,-7159]],"type":"Polygon","properties":{"id":118620,"statcode":"WK170115","statnaam":"Wijk 15 Wilhelminaoord","jrstatcode":"2010WK170115","rubriek":"wijk","FID":"wijk_gegeneraliseerd_2010.a641507c-b42a-4f61-9a50-d0101f2c7f54"},"id":"WK170115"},{"arcs":[[-726,-7131,-7121,-7129,-7154,7163]],"type":"Polygon","properties":{"id":118621,"statcode":"WK170116","statnaam":"Wijk 16 Doldersum","jrstatcode":"2010WK170116","rubriek":"wijk","FID":"wijk_gegeneraliseerd_2010.5170a210-39c3-4cec-8499-28a150b8353f"},"id":"WK170116"},{"arcs":[[-727,-7164,-7153,-7162]],"type":"Polygon","properties":{"id":118622,"statcode":"WK170117","statnaam":"Wijk 17 Boschoord","jrstatcode":"2010WK170117","rubriek":"wijk","FID":"wijk_gegeneraliseerd_2010.c4b62d37-956a-4af5-b5e6-1e7d13ed4dc6"},"id":"WK170117"},{"arcs":[[-5273,-5281,7164,7165,7166,7167,-5292]],"type":"Polygon","properties":{"id":118623,"statcode":"WK170200","statnaam":"Wijk 00 Sint Anthonis","jrstatcode":"2010WK170200","rubriek":"wijk","FID":"wijk_gegeneraliseerd_2010.b4cde0b2-b37e-4c2b-9ac5-20409f96ce3f"},"id":"WK170200"},{"arcs":[[7168,-5303,7169,-6753,-6747,7170,-7166]],"type":"Polygon","properties":{"id":118624,"statcode":"WK170201","statnaam":"Wijk 01 Oploo","jrstatcode":"2010WK170201","rubriek":"wijk","FID":"wijk_gegeneraliseerd_2010.63fb2174-9466-4dfe-9082-bfc6ff8374d2"},"id":"WK170201"},{"arcs":[[-7170,-5302,-6462,-6754]],"type":"Polygon","properties":{"id":118625,"statcode":"WK170202","statnaam":"Wijk 02 Westerbeek","jrstatcode":"2010WK170202","rubriek":"wijk","FID":"wijk_gegeneraliseerd_2010.d596e1fa-506b-4cc8-96c6-153ee3a05b6b"},"id":"WK170202"},{"arcs":[[-5280,-5295,-5301,-5304,-7169,-7165]],"type":"Polygon","properties":{"id":118626,"statcode":"WK170203","statnaam":"Wijk 03 Stevensbeek","jrstatcode":"2010WK170203","rubriek":"wijk","FID":"wijk_gegeneraliseerd_2010.30aabd52-70d1-49ae-a414-e66a22eb930b"},"id":"WK170203"},{"arcs":[[-7028,-5293,-7168,7171,-5760,-5754]],"type":"Polygon","properties":{"id":118627,"statcode":"WK170204","statnaam":"Wijk 04 Wanroij","jrstatcode":"2010WK170204","rubriek":"wijk","FID":"wijk_gegeneraliseerd_2010.2fa90a51-427c-460f-bf5a-0b810f575203"},"id":"WK170204"},{"arcs":[[-7172,-7167,-7171,-6746,-5268,-6015,-5757]],"type":"Polygon","properties":{"id":118628,"statcode":"WK170205","statnaam":"Wijk 05 Landhorst","jrstatcode":"2010WK170205","rubriek":"wijk","FID":"wijk_gegeneraliseerd_2010.0e00d637-47a1-40c0-ba4a-6936665f6679"},"id":"WK170205"},{"arcs":[[-2121,-2075,7172,-1630,7173,-1798,-1484,-2035,7174]],"type":"Polygon","properties":{"id":118629,"statcode":"WK170500","statnaam":"Wijk 00 Bemmel","jrstatcode":"2010WK170500","rubriek":"wijk","FID":"wijk_gegeneraliseerd_2010.f809f834-ce44-4371-92ad-4afe2f518ee0"},"id":"WK170500"},{"arcs":[[-2122,-7175,-2034]],"type":"Polygon","properties":{"id":118630,"statcode":"WK170501","statnaam":"Wijk 01 Gendt","jrstatcode":"2010WK170501","rubriek":"wijk","FID":"wijk_gegeneraliseerd_2010.9303eb73-3fc0-42dd-8822-fea0b27b7d2f"},"id":"WK170501"},{"arcs":[[-1629,-1618,-1616,-1614,-1567,-2135,-1799,-7174]],"type":"Polygon","properties":{"id":118631,"statcode":"WK170502","statnaam":"Wijk 02 Huissen","jrstatcode":"2010WK170502","rubriek":"wijk","FID":"wijk_gegeneraliseerd_2010.f6557e43-35bc-4f60-8db0-a4d956b001cd"},"id":"WK170502"},{"arcs":[[7175,7176,7177,7178,-6333,-6479,7179,7180]],"type":"Polygon","properties":{"id":118632,"statcode":"WK170600","statnaam":"Wijk 00 Budel","jrstatcode":"2010WK170600","rubriek":"wijk","FID":"wijk_gegeneraliseerd_2010.06a61b14-f17c-4a25-94d5-86509e400108"},"id":"WK170600"},{"arcs":[[7181,-7181,7182]],"type":"Polygon","properties":{"id":118633,"statcode":"WK170601","statnaam":"Wijk 01 Schoot","jrstatcode":"2010WK170601","rubriek":"wijk","FID":"wijk_gegeneraliseerd_2010.a37f7863-db52-406e-9320-dbe2a7c2056b"},"id":"WK170601"},{"arcs":[[7183,-7183,-7180,-6478]],"type":"Polygon","properties":{"id":118634,"statcode":"WK170602","statnaam":"Wijk 02 Dorplein","jrstatcode":"2010WK170602","rubriek":"wijk","FID":"wijk_gegeneraliseerd_2010.54203a67-df92-4f0e-8bf3-3f2b8a31190d"},"id":"WK170602"},{"arcs":[[7184,-6776,-6783,-5948,-6334,-7179]],"type":"Polygon","properties":{"id":118635,"statcode":"WK170603","statnaam":"Wijk 03 Maarheeze","jrstatcode":"2010WK170603","rubriek":"wijk","FID":"wijk_gegeneraliseerd_2010.de4501d9-5c5e-4b75-aac8-4ef0fcb67a85"},"id":"WK170603"},{"arcs":[[7185,-6779,-6782,-6777,-7185,-7178]],"type":"Polygon","properties":{"id":118636,"statcode":"WK170604","statnaam":"Wijk 04 Soerendonk","jrstatcode":"2010WK170604","rubriek":"wijk","FID":"wijk_gegeneraliseerd_2010.6c415be4-7ef6-48a5-87f7-8a45a3924f00"},"id":"WK170604"},{"arcs":[[-7177,-6780,-7186]],"type":"Polygon","properties":{"id":118637,"statcode":"WK170605","statnaam":"Wijk 05 Gastel","jrstatcode":"2010WK170605","rubriek":"wijk","FID":"wijk_gegeneraliseerd_2010.25669ded-cf96-4fbc-87ab-060d4b222c89"},"id":"WK170605"},{"arcs":[[-7152,-7145,-905,7186,7187,7188,7189,7190,-721,-724,-7161]],"type":"Polygon","properties":{"id":118638,"statcode":"WK170800","statnaam":"Wijk 00 Stad-Steenwijk","jrstatcode":"2010WK170800","rubriek":"wijk","FID":"wijk_gegeneraliseerd_2010.786ab161-7eef-4efb-a785-cebb4886472d"},"id":"WK170800"},{"arcs":[[-7191,7191,-711,-709,-719]],"type":"Polygon","properties":{"id":118639,"statcode":"WK170802","statnaam":"Wijk 02 Oldemarkt","jrstatcode":"2010WK170802","rubriek":"wijk","FID":"wijk_gegeneraliseerd_2010.df062f0b-80c8-4e80-903e-6c9a9b5e6fec"},"id":"WK170802"},{"arcs":[[-7190,7192,7193,7194,-714,-712,-7192]],"type":"Polygon","properties":{"id":118640,"statcode":"WK170803","statnaam":"Wijk 03 Kalenberg","jrstatcode":"2010WK170803","rubriek":"wijk","FID":"wijk_gegeneraliseerd_2010.9e10a61b-9d64-47de-b2e0-271423c099ef"},"id":"WK170803"},{"arcs":[[-715,-7195,7195,-1289,-1317,-623]],"type":"Polygon","properties":{"id":118641,"statcode":"WK170804","statnaam":"Wijk 04 Kuinre","jrstatcode":"2010WK170804","rubriek":"wijk","FID":"wijk_gegeneraliseerd_2010.8a70a3d1-1489-423b-898d-58f3b7395f5e"},"id":"WK170804"},{"arcs":[[-7194,7196,7197,-1293,-1290,-7196]],"type":"Polygon","properties":{"id":118642,"statcode":"WK170805","statnaam":"Wijk 05 Blankenham","jrstatcode":"2010WK170805","rubriek":"wijk","FID":"wijk_gegeneraliseerd_2010.8a0a6902-76b8-49d2-b16b-52f65d5cf6d3"},"id":"WK170805"},{"arcs":[[-7189,7198,7199,-7197,-7193]],"type":"Polygon","properties":{"id":118643,"statcode":"WK170806","statnaam":"Wijk 06 Scheerwolde","jrstatcode":"2010WK170806","rubriek":"wijk","FID":"wijk_gegeneraliseerd_2010.1d32c610-9354-470c-a3fa-66c0c92c8815"},"id":"WK170806"},{"arcs":[[7200,-1298,-1295,7201,7202]],"type":"Polygon","properties":{"id":118644,"statcode":"WK170807","statnaam":"Wijk 07 Vollenhove","jrstatcode":"2010WK170807","rubriek":"wijk","FID":"wijk_gegeneraliseerd_2010.5adaa371-7a51-40eb-bb83-b89833c1050f"},"id":"WK170807"},{"arcs":[[-7203,7203,7204,7205,7206,7207]],"type":"Polygon","properties":{"id":118645,"statcode":"WK170808","statnaam":"Wijk 08 Sint Jansklooster","jrstatcode":"2010WK170808","rubriek":"wijk","FID":"wijk_gegeneraliseerd_2010.1f3eac55-3e3a-4602-b89f-1e89eff33a5e"},"id":"WK170808"},{"arcs":[[-7208,7208,7209,7210,7211,-1299,-7201]],"type":"Polygon","properties":{"id":118646,"statcode":"WK170809","statnaam":"Wijk 09 Heetveld","jrstatcode":"2010WK170809","rubriek":"wijk","FID":"wijk_gegeneraliseerd_2010.5839e18f-76ca-4786-bfd0-2c9eff18c814"},"id":"WK170809"},{"arcs":[[7212,7213,-7210,7214]],"type":"Polygon","properties":{"id":118647,"statcode":"WK170810","statnaam":"Wijk 10 Belt-Schutsloot","jrstatcode":"2010WK170810","rubriek":"wijk","FID":"wijk_gegeneraliseerd_2010.ac4b0746-4695-47e8-b115-bea09d5e704f"},"id":"WK170810"},{"arcs":[[7215,7216,-7215,-7209,-7207]],"type":"Polygon","properties":{"id":118648,"statcode":"WK170811","statnaam":"Wijk 11 Wanneperveen","jrstatcode":"2010WK170811","rubriek":"wijk","FID":"wijk_gegeneraliseerd_2010.4c7c6f51-cc4d-4950-878c-02ebc4fe060d"},"id":"WK170811"},{"arcs":[[-902,-1376,7217,-7213,-7217,7218,7219,-7187,-904]],"type":"Polygon","properties":{"id":118649,"statcode":"WK170812","statnaam":"Wijk 12 Dinxterveen","jrstatcode":"2010WK170812","rubriek":"wijk","FID":"wijk_gegeneraliseerd_2010.0fb59b91-f2d3-4097-8758-5d9ecdd15d5a"},"id":"WK170812"},{"arcs":[[7220,7221,-7219,-7216,-7206]],"type":"Polygon","properties":{"id":118650,"statcode":"WK170813","statnaam":"Wijk 13 Giethoorn-Zuid","jrstatcode":"2010WK170813","rubriek":"wijk","FID":"wijk_gegeneraliseerd_2010.bf51e071-bda7-4800-b738-01b88dd24ab3"},"id":"WK170813"},{"arcs":[[-7220,-7222,7222,7223,-7199,-7188]],"type":"Polygon","properties":{"id":118651,"statcode":"WK170814","statnaam":"Wijk 14 Giethoorn-Noord","jrstatcode":"2010WK170814","rubriek":"wijk","FID":"wijk_gegeneraliseerd_2010.9462e971-df0f-4b03-86a4-6b02f66afd43"},"id":"WK170814"},{"arcs":[[7224,-7223,-7221,-7205]],"type":"Polygon","properties":{"id":118652,"statcode":"WK170815","statnaam":"Wijk 15 Dwarsgracht","jrstatcode":"2010WK170815","rubriek":"wijk","FID":"wijk_gegeneraliseerd_2010.b76f35be-1254-472b-9d79-fd2237693ca0"},"id":"WK170815"},{"arcs":[[-7224,-7225,-7204,-7202,-1294,-7198,-7200]],"type":"Polygon","properties":{"id":118653,"statcode":"WK170816","statnaam":"Wijk 16 Blokzijl","jrstatcode":"2010WK170816","rubriek":"wijk","FID":"wijk_gegeneraliseerd_2010.75470631-6c22-4777-9700-a23a0ecb8890"},"id":"WK170816"},{"arcs":[[-5485,-6770,7225,7226,7227,7228]],"type":"Polygon","properties":{"id":118654,"statcode":"WK170900","statnaam":"Wijk 00 Zevenbergen","jrstatcode":"2010WK170900","rubriek":"wijk","FID":"wijk_gegeneraliseerd_2010.2faa3176-3a70-44d0-8cec-aa1ee3d400b0"},"id":"WK170900"},{"arcs":[[7229,7230,7231,7232,-7228,7233]],"type":"Polygon","properties":{"id":118655,"statcode":"WK170901","statnaam":"Wijk 01 Zevenbergschen Hoek","jrstatcode":"2010WK170901","rubriek":"wijk","FID":"wijk_gegeneraliseerd_2010.31d3d4dd-c278-48da-a35a-39486bc70fd0"},"id":"WK170901"},{"arcs":[[-7233,7234,-5361,-5370,-5486,-7229]],"type":"Polygon","properties":{"id":118656,"statcode":"WK170902","statnaam":"Wijk 02 Langeweg","jrstatcode":"2010WK170902","rubriek":"wijk","FID":"wijk_gegeneraliseerd_2010.5c178742-4f6a-49b6-9914-69855417976e"},"id":"WK170902"},{"arcs":[[7235,7236,-7226,-6769,7237,7238,7239,7240]],"type":"Polygon","properties":{"id":118657,"statcode":"WK170903","statnaam":"Wijk 03 Klundert","jrstatcode":"2010WK170903","rubriek":"wijk","FID":"wijk_gegeneraliseerd_2010.e6ec7b0c-cf03-429b-b44c-2035fc4224d0"},"id":"WK170903"},{"arcs":[[7241,-3793,7242,7243,-7234,-7227,-7237]],"type":"Polygon","properties":{"id":118658,"statcode":"WK170904","statnaam":"Wijk 04 Moerdijk","jrstatcode":"2010WK170904","rubriek":"wijk","FID":"wijk_gegeneraliseerd_2010.53cae1da-eb5a-4fc2-b813-72bfe642eba6"},"id":"WK170904"},{"arcs":[[7244,7245,-7239]],"type":"Polygon","properties":{"id":118659,"statcode":"WK170905","statnaam":"Wijk 05 Noordhoek","jrstatcode":"2010WK170905","rubriek":"wijk","FID":"wijk_gegeneraliseerd_2010.4bd050c0-bc51-4fb2-a8f3-c864e91775f6"},"id":"WK170905"},{"arcs":[[-7238,-6768,-6766,-6755,7246,-7245]],"type":"Polygon","properties":{"id":118660,"statcode":"WK170906","statnaam":"Wijk 06 Standdaarbuiten","jrstatcode":"2010WK170906","rubriek":"wijk","FID":"wijk_gegeneraliseerd_2010.44782a65-cbaa-4c4d-8918-9aed6a2be118"},"id":"WK170906"},{"arcs":[[-7246,-7247,-6760,-6761,-5967,7247,7248,7249,-7240]],"type":"Polygon","properties":{"id":118661,"statcode":"WK170907","statnaam":"Wijk 07 Fijnaart","jrstatcode":"2010WK170907","rubriek":"wijk","FID":"wijk_gegeneraliseerd_2010.c5c11117-03b2-4226-8598-86c60cead81f"},"id":"WK170907"},{"arcs":[[-5966,7250,7251,7252,-7248]],"type":"Polygon","properties":{"id":118662,"statcode":"WK170908","statnaam":"Wijk 08 Heijningen","jrstatcode":"2010WK170908","rubriek":"wijk","FID":"wijk_gegeneraliseerd_2010.219d1bf0-41b5-4d92-a4b3-ba1b7b61dc16"},"id":"WK170908"},{"arcs":[[-7241,-7250,7253,-7252,7254]],"type":"Polygon","properties":{"id":118663,"statcode":"WK170909","statnaam":"Wijk 09 Willemstad","jrstatcode":"2010WK170909","rubriek":"wijk","FID":"wijk_gegeneraliseerd_2010.0b40c6a2-8480-4cc9-afaf-0ae3e96d2975"},"id":"WK170909"},{"arcs":[[-7249,-7253,-7254]],"type":"Polygon","properties":{"id":118664,"statcode":"WK170910","statnaam":"Wijk 10 Helwijk","jrstatcode":"2010WK170910","rubriek":"wijk","FID":"wijk_gegeneraliseerd_2010.41f729f5-3bcf-4ca5-902d-a51fe91718d9"},"id":"WK170910"},{"arcs":[[7256,7257,7258,7259,7260,7261,7262]],"type":"Polygon","properties":{"id":118665,"statcode":"WK171101","statnaam":"Wijk 01 Susteren","jrstatcode":"2010WK171101","rubriek":"wijk","FID":"wijk_gegeneraliseerd_2010.3238e1b1-4889-4673-ba1c-49301f0ccf5c"},"id":"WK171101"},{"arcs":[[-7260,7263,7264]],"type":"Polygon","properties":{"id":118666,"statcode":"WK171102","statnaam":"Wijk 02 Dieteren","jrstatcode":"2010WK171102","rubriek":"wijk","FID":"wijk_gegeneraliseerd_2010.6150cc2c-5c2a-4c68-bdb5-ed2d9e6a54f3"},"id":"WK171102"},{"arcs":[[7265,7266,7267,-7263]],"type":"Polygon","properties":{"id":118667,"statcode":"WK171103","statnaam":"Wijk 03 Heide","jrstatcode":"2010WK171103","rubriek":"wijk","FID":"wijk_gegeneraliseerd_2010.c50a45f0-8bd9-4d95-be9a-f566c6c860e1"},"id":"WK171103"},{"arcs":[[7268,7269,7270,7271,-7264,-7259]],"type":"Polygon","properties":{"id":118668,"statcode":"WK171104","statnaam":"Wijk 04 Roosteren","jrstatcode":"2010WK171104","rubriek":"wijk","FID":"wijk_gegeneraliseerd_2010.6ab59cd1-989c-47b3-a7f0-b7ac095e7837"},"id":"WK171104"},{"arcs":[[7272,-7261,-7265,-7272,7273,-6716,-6715,-6707,7274,7275]],"type":"Polygon","properties":{"id":118669,"statcode":"WK171105","statnaam":"Wijk 05 Echt","jrstatcode":"2010WK171105","rubriek":"wijk","FID":"wijk_gegeneraliseerd_2010.164a28c6-8d7c-42cb-a80f-c0a1c5f7fc5d"},"id":"WK171105"},{"arcs":[[7278,7279,7280,7281,-6815,7282]],"type":"Polygon","properties":{"id":118670,"statcode":"WK171106","statnaam":"Wijk 06 Echterbosch","jrstatcode":"2010WK171106","rubriek":"wijk","FID":"wijk_gegeneraliseerd_2010.9b43863a-8d83-4f49-bdf9-79cc777e5222"},"id":"WK171106"},{"arcs":[[7283,-7278,7284,-7281,7285,-7276]],"type":"Polygon","properties":{"id":118671,"statcode":"WK171107","statnaam":"Wijk 07 Peij","jrstatcode":"2010WK171107","rubriek":"wijk","FID":"wijk_gegeneraliseerd_2010.6d018937-e119-41f8-acb7-6414134f8a1a"},"id":"WK171107"},{"arcs":[[-7280,7286,7287,-7266,-7262,-7273,-7286]],"type":"Polygon","properties":{"id":118672,"statcode":"WK171108","statnaam":"Wijk 08 Liboscherveld","jrstatcode":"2010WK171108","rubriek":"wijk","FID":"wijk_gegeneraliseerd_2010.ea40c022-7776-4c4a-8a9a-ed0d2566228c"},"id":"WK171108"},{"arcs":[[-7257,-7268,7288,7289,7290]],"type":"Polygon","properties":{"id":118673,"statcode":"WK171109","statnaam":"Wijk 09 Nieuwstadt","jrstatcode":"2010WK171109","rubriek":"wijk","FID":"wijk_gegeneraliseerd_2010.2825239c-3d2b-4583-b708-83e51621dec7"},"id":"WK171109"},{"arcs":[[-7284,-7275,-6706,-6816,-7282,-7285,-7277]],"type":"Polygon","properties":{"id":118674,"statcode":"WK171110","statnaam":"Wijk 10 Sint Joost","jrstatcode":"2010WK171110","rubriek":"wijk","FID":"wijk_gegeneraliseerd_2010.8def8ba0-e478-493e-a526-883f181f8634"},"id":"WK171110"},{"arcs":[[-7287,-7279,7291]],"type":"Polygon","properties":{"id":118675,"statcode":"WK171111","statnaam":"Wijk 11 Koningsbosch","jrstatcode":"2010WK171111","rubriek":"wijk","FID":"wijk_gegeneraliseerd_2010.86e3588e-8f51-4354-975a-33f5cc13a2d5"},"id":"WK171111"},{"arcs":[[7292,7293,7294]],"type":"Polygon","properties":{"id":118676,"statcode":"WK171400","statnaam":"Wijk 00 Sluis","jrstatcode":"2010WK171400","rubriek":"wijk","FID":"wijk_gegeneraliseerd_2010.bc5ab975-6c0c-4b82-ab0e-38e7e0c0cda7"},"id":"WK171400"},{"arcs":[[7295,7296,7297,-7293,7298,7299]],"type":"Polygon","properties":{"id":118677,"statcode":"WK171401","statnaam":"Wijk 01 Retranchement","jrstatcode":"2010WK171401","rubriek":"wijk","FID":"wijk_gegeneraliseerd_2010.15e3d594-f88d-45c4-9c1b-ddb154098039"},"id":"WK171401"},{"arcs":[[-7298,7300,7301,7302,7303,7304,7305,-7294]],"type":"Polygon","properties":{"id":118678,"statcode":"WK171402","statnaam":"Wijk 02 Aardenburg","jrstatcode":"2010WK171402","rubriek":"wijk","FID":"wijk_gegeneraliseerd_2010.d7b862d4-0832-4b4f-9060-5c7bbd67be27"},"id":"WK171402"},{"arcs":[[-7305,7306,7307]],"type":"Polygon","properties":{"id":118679,"statcode":"WK171403","statnaam":"Wijk 03 Eede","jrstatcode":"2010WK171403","rubriek":"wijk","FID":"wijk_gegeneraliseerd_2010.a2c615f8-1fcb-4fd6-a7e6-45ac283664eb"},"id":"WK171403"},{"arcs":[[-7304,7308,-7307]],"type":"Polygon","properties":{"id":118680,"statcode":"WK171404","statnaam":"Wijk 04 Sint Kruis","jrstatcode":"2010WK171404","rubriek":"wijk","FID":"wijk_gegeneraliseerd_2010.177e23cf-95c9-4f5a-8240-8cce9bd97bc1"},"id":"WK171404"},{"arcs":[[7309,7310,-7301,-7297,7311,7312,7313]],"type":"Polygon","properties":{"id":118681,"statcode":"WK171405","statnaam":"Wijk 05 Oostburg","jrstatcode":"2010WK171405","rubriek":"wijk","FID":"wijk_gegeneraliseerd_2010.34f65cda-25e0-4330-945e-4d92daa30a13"},"id":"WK171405"},{"arcs":[[-7296,7314,7315,-7312]],"type":"Polygon","properties":{"id":118682,"statcode":"WK171406","statnaam":"Wijk 06 Zuidzande","jrstatcode":"2010WK171406","rubriek":"wijk","FID":"wijk_gegeneraliseerd_2010.a9c324a8-a104-44ce-82e3-66ddfa626070"},"id":"WK171406"},{"arcs":[[7316,-7315,-7300,7317]],"type":"Polygon","properties":{"id":118683,"statcode":"WK171407","statnaam":"Wijk 07 Cadzand","jrstatcode":"2010WK171407","rubriek":"wijk","FID":"wijk_gegeneraliseerd_2010.cf854380-17b1-47b7-89bf-ba5c44319e8d"},"id":"WK171407"},{"arcs":[[7318,-7313,-7316,-7317,7319]],"type":"Polygon","properties":{"id":118684,"statcode":"WK171408","statnaam":"Wijk 08 Nieuwvliet","jrstatcode":"2010WK171408","rubriek":"wijk","FID":"wijk_gegeneraliseerd_2010.9c2c0e4b-c094-49d0-855b-4363b36daea9"},"id":"WK171408"},{"arcs":[[7320,7321,-7314,-7319,7322]],"type":"Polygon","properties":{"id":118685,"statcode":"WK171409","statnaam":"Wijk 09 Groede","jrstatcode":"2010WK171409","rubriek":"wijk","FID":"wijk_gegeneraliseerd_2010.3f863ee8-f682-4b0c-9718-26cd41300da5"},"id":"WK171409"},{"arcs":[[7323,7324,-7321,7325]],"type":"Polygon","properties":{"id":118686,"statcode":"WK171410","statnaam":"Wijk 10 Breskens","jrstatcode":"2010WK171410","rubriek":"wijk","FID":"wijk_gegeneraliseerd_2010.27af4206-da89-4b6e-86e5-2323dced1136"},"id":"WK171410"},{"arcs":[[-4961,-4954,-4960,7326,7327,-7324,7328]],"type":"Polygon","properties":{"id":118687,"statcode":"WK171411","statnaam":"Wijk 11 Hoofdplaat","jrstatcode":"2010WK171411","rubriek":"wijk","FID":"wijk_gegeneraliseerd_2010.c28fad5f-b750-4ad0-b226-217c464bfaa8"},"id":"WK171411"},{"arcs":[[-4959,-5051,7329,7330,7331,-7327]],"type":"Polygon","properties":{"id":118688,"statcode":"WK171412","statnaam":"Wijk 12 IJzendijke","jrstatcode":"2010WK171412","rubriek":"wijk","FID":"wijk_gegeneraliseerd_2010.e8e681f3-a96c-4202-b330-4420b9ba3bf6"},"id":"WK171412"},{"arcs":[[-7332,7332,-7310,-7322,-7325,-7328]],"type":"Polygon","properties":{"id":118689,"statcode":"WK171413","statnaam":"Wijk 13 Schoondijke","jrstatcode":"2010WK171413","rubriek":"wijk","FID":"wijk_gegeneraliseerd_2010.79fd28a9-1a28-4a23-b5bc-1bd9aafc9383"},"id":"WK171413"},{"arcs":[[-7333,-7331,7333,-7302,-7311]],"type":"Polygon","properties":{"id":118690,"statcode":"WK171414","statnaam":"Wijk 14 Waterlandkerkje","jrstatcode":"2010WK171414","rubriek":"wijk","FID":"wijk_gegeneraliseerd_2010.eb59a388-7acb-4caa-9d1f-4b18406deac9"},"id":"WK171414"},{"arcs":[[7334,7335,7336,-5506,-5815,-5823]],"type":"Polygon","properties":{"id":118691,"statcode":"WK171900","statnaam":"Wijk 00 Made","jrstatcode":"2010WK171900","rubriek":"wijk","FID":"wijk_gegeneraliseerd_2010.b0fef55b-4e5d-488a-86c8-d261428651c9"},"id":"WK171900"},{"arcs":[[-7243,-3792,-6075,-6081,-5507,-7337,7337,7338]],"type":"Polygon","properties":{"id":118692,"statcode":"WK171901","statnaam":"Wijk 01 Drimmelen","jrstatcode":"2010WK171901","rubriek":"wijk","FID":"wijk_gegeneraliseerd_2010.e4fee574-5995-497e-a276-69d3634ac9ae"},"id":"WK171901"},{"arcs":[[-7235,-7232,7339,7340,-5821,-5818,-5338,-5362]],"type":"Polygon","properties":{"id":118693,"statcode":"WK171902","statnaam":"Wijk 02 Terheijden","jrstatcode":"2010WK171902","rubriek":"wijk","FID":"wijk_gegeneraliseerd_2010.be733c0b-639c-4f2b-8d51-e8a6ded8f803"},"id":"WK171902"},{"arcs":[[7341,-7335,-5822,-7341]],"type":"Polygon","properties":{"id":118694,"statcode":"WK171903","statnaam":"Wijk 03 Wagenberg","jrstatcode":"2010WK171903","rubriek":"wijk","FID":"wijk_gegeneraliseerd_2010.d7fbc44b-1c1c-4d6d-9250-f9e9f209ce50"},"id":"WK171903"},{"arcs":[[7342,-7230,-7244,-7339]],"type":"Polygon","properties":{"id":118695,"statcode":"WK171904","statnaam":"Wijk 04 Lage Zwaluwe","jrstatcode":"2010WK171904","rubriek":"wijk","FID":"wijk_gegeneraliseerd_2010.db80a051-43eb-4968-8369-3fb9229436aa"},"id":"WK171904"},{"arcs":[[-7336,-7342,-7340,-7231,-7343,-7338]],"type":"Polygon","properties":{"id":118696,"statcode":"WK171905","statnaam":"Wijk 05 Hooge Zwaluwe","jrstatcode":"2010WK171905","rubriek":"wijk","FID":"wijk_gegeneraliseerd_2010.99d18fe1-10d3-4704-9494-76a477efdd4f"},"id":"WK171905"},{"arcs":[[-6822,-6820,-5853,7343,7344]],"type":"Polygon","properties":{"id":118697,"statcode":"WK172100","statnaam":"Wijk 00 Heesch","jrstatcode":"2010WK172100","rubriek":"wijk","FID":"wijk_gegeneraliseerd_2010.3876990e-a5b8-4982-bf1f-a847c15f492e"},"id":"WK172100"},{"arcs":[[-5857,-7032,-6008,7345,7346,-7344,-5852]],"type":"Polygon","properties":{"id":118698,"statcode":"WK172101","statnaam":"Wijk 01 Nistelrode","jrstatcode":"2010WK172101","rubriek":"wijk","FID":"wijk_gegeneraliseerd_2010.d5aa24f1-8891-4fee-b835-29cba71acfe4"},"id":"WK172101"},{"arcs":[[-6007,-6030,7347,7348,-7346]],"type":"Polygon","properties":{"id":118699,"statcode":"WK172102","statnaam":"Wijk 02 Vorstenbosch","jrstatcode":"2010WK172102","rubriek":"wijk","FID":"wijk_gegeneraliseerd_2010.7d29647a-10eb-4312-b702-99bb869e0332"},"id":"WK172102"},{"arcs":[[-7349,7349,-6823,-7345,-7347]],"type":"Polygon","properties":{"id":118700,"statcode":"WK172103","statnaam":"Wijk 03 Loosbroek","jrstatcode":"2010WK172103","rubriek":"wijk","FID":"wijk_gegeneraliseerd_2010.a4b7572a-60e0-48b2-9beb-95d7ca799359"},"id":"WK172103"},{"arcs":[[-7348,-6029,-5909,-5903,-5922,-6824,-7350]],"type":"Polygon","properties":{"id":118701,"statcode":"WK172104","statnaam":"Wijk 04 Heeswijk-Dinther","jrstatcode":"2010WK172104","rubriek":"wijk","FID":"wijk_gegeneraliseerd_2010.44a8bb0b-2ce7-4854-811f-708cd876dd39"},"id":"WK172104"},{"arcs":[[7350,7351,-389,7352]],"type":"Polygon","properties":{"id":118702,"statcode":"WK172200","statnaam":"Wijk 00 Bouwstreek","jrstatcode":"2010WK172200","rubriek":"wijk","FID":"wijk_gegeneraliseerd_2010.abb9cd5d-9505-4967-a408-358ba28e048b"},"id":"WK172200"},{"arcs":[[7353,-614,-411,7354,-7351]],"type":"Polygon","properties":{"id":118703,"statcode":"WK172201","statnaam":"Wijk 01 Zuidwest","jrstatcode":"2010WK172201","rubriek":"wijk","FID":"wijk_gegeneraliseerd_2010.89e11e36-b290-4510-9419-49a351c0b203"},"id":"WK172201"},{"arcs":[[-388,7355,-5163,-611,-7354,-7353]],"type":"Polygon","properties":{"id":118704,"statcode":"WK172202","statnaam":"Wijk 02","jrstatcode":"2010WK172202","rubriek":"wijk","FID":"wijk_gegeneraliseerd_2010.b1abcfa9-a5c1-42ef-ae78-e35ddaebc748"},"id":"WK172202"},{"arcs":[[-5516,-5578,-5565,7356,-5226,7357]],"type":"Polygon","properties":{"id":118705,"statcode":"WK172300","statnaam":"Wijk 00 Alphen","jrstatcode":"2010WK172300","rubriek":"wijk","FID":"wijk_gegeneraliseerd_2010.47e0dfb8-63b0-47ee-bb57-34e7bc6e8e3b"},"id":"WK172300"},{"arcs":[[-5517,-7358,-5225,-5231,7358,7359,7360,-5520]],"type":"Polygon","properties":{"id":118706,"statcode":"WK172301","statnaam":"Wijk 01 Chaam","jrstatcode":"2010WK172301","rubriek":"wijk","FID":"wijk_gegeneraliseerd_2010.94e23845-23b5-4512-999e-de8b6df5e0ca"},"id":"WK172301"},{"arcs":[[-7360,7361,-5353,-5347,7362]],"type":"Polygon","properties":{"id":118707,"statcode":"WK172302","statnaam":"Wijk 02 Galder","jrstatcode":"2010WK172302","rubriek":"wijk","FID":"wijk_gegeneraliseerd_2010.89b05f22-49f2-461d-9398-c8c6ee671e53"},"id":"WK172302"},{"arcs":[[-5521,-7361,-7363,-5346,-5368,7363]],"type":"Polygon","properties":{"id":118708,"statcode":"WK172308","statnaam":"Wijk 08 Verspreide huizen","jrstatcode":"2010WK172308","rubriek":"wijk","FID":"wijk_gegeneraliseerd_2010.71f5680b-2a03-46b4-b0dd-42b0eb13030c"},"id":"WK172308"},{"arcs":[[-5366,-5522,-7364]],"type":"Polygon","properties":{"id":118709,"statcode":"WK172309","statnaam":"Wijk 09 Verspreide huizen","jrstatcode":"2010WK172309","rubriek":"wijk","FID":"wijk_gegeneraliseerd_2010.d1c7e554-568b-4b35-8e9f-b75cfb669f8b"},"id":"WK172309"},{"arcs":[[7364,-5415,7365,7366,-6027,7367,7368]],"type":"Polygon","properties":{"id":118710,"statcode":"WK172400","statnaam":"Wijk 00 Bergeijk","jrstatcode":"2010WK172400","rubriek":"wijk","FID":"wijk_gegeneraliseerd_2010.7377c64f-e5ab-4453-9811-ffb40784c581"},"id":"WK172400"},{"arcs":[[7369,7370,7371,-5416,-7365,7372]],"type":"Polygon","properties":{"id":118711,"statcode":"WK172401","statnaam":"Wijk 01 Weebosch","jrstatcode":"2010WK172401","rubriek":"wijk","FID":"wijk_gegeneraliseerd_2010.6f8f0942-55fa-4aff-b258-2f1e49d4b889"},"id":"WK172401"},{"arcs":[[7373,-7373,-7369]],"type":"Polygon","properties":{"id":118712,"statcode":"WK172402","statnaam":"Wijk 02 Luyksgestel","jrstatcode":"2010WK172402","rubriek":"wijk","FID":"wijk_gegeneraliseerd_2010.9c5ba39f-0349-40c9-b3f0-8d95ea1656c5"},"id":"WK172402"},{"arcs":[[-6056,-6023,7374,-7366,-5414,-5425,-6048]],"type":"Polygon","properties":{"id":118713,"statcode":"WK172403","statnaam":"Wijk 03 Riethoven","jrstatcode":"2010WK172403","rubriek":"wijk","FID":"wijk_gegeneraliseerd_2010.4d711d85-56be-47ed-94f4-000a2c93a533"},"id":"WK172403"},{"arcs":[[-7375,-6022,-6019,-6028,-7367]],"type":"Polygon","properties":{"id":118714,"statcode":"WK172404","statnaam":"Wijk 04 Westerhoven","jrstatcode":"2010WK172404","rubriek":"wijk","FID":"wijk_gegeneraliseerd_2010.431e8775-72f6-4f1e-8fa2-18cbb8c23c8d"},"id":"WK172404"},{"arcs":[[7375,7376,-7371,7377,-6801,-6809,7378]],"type":"Polygon","properties":{"id":118715,"statcode":"WK172800","statnaam":"Wijk 00 Bladel","jrstatcode":"2010WK172800","rubriek":"wijk","FID":"wijk_gegeneraliseerd_2010.7dfb1c26-6c28-4860-8d1c-39f6bc0f263f"},"id":"WK172800"},{"arcs":[[7379,-7379,-6808,-6806,-5779]],"type":"Polygon","properties":{"id":118716,"statcode":"WK172801","statnaam":"Wijk 01 Netersel","jrstatcode":"2010WK172801","rubriek":"wijk","FID":"wijk_gegeneraliseerd_2010.68cf523f-a344-4f26-bc72-886b2d756743"},"id":"WK172801"},{"arcs":[[-5417,-7372,-7377,7380,7381,-5421]],"type":"Polygon","properties":{"id":118717,"statcode":"WK172802","statnaam":"Wijk 02 Hapert","jrstatcode":"2010WK172802","rubriek":"wijk","FID":"wijk_gegeneraliseerd_2010.e3454222-7cc2-4c24-a073-1ac9986b1b4a"},"id":"WK172802"},{"arcs":[[-5439,-5422,-7382,7382,-5777,-5431]],"type":"Polygon","properties":{"id":118718,"statcode":"WK172803","statnaam":"Wijk 03 Hoogeloon","jrstatcode":"2010WK172803","rubriek":"wijk","FID":"wijk_gegeneraliseerd_2010.c74fbee2-7683-47db-944f-b407a7966d0a"},"id":"WK172803"},{"arcs":[[-7381,-7376,-7380,-5778,-7383]],"type":"Polygon","properties":{"id":118719,"statcode":"WK172804","statnaam":"Wijk 04 Casteren","jrstatcode":"2010WK172804","rubriek":"wijk","FID":"wijk_gegeneraliseerd_2010.b7cbed5b-2d19-4f84-b156-cc7a98436f1c"},"id":"WK172804"},{"arcs":[[7383,7384,-6312,-6307,-6300,7385,7386]],"type":"Polygon","properties":{"id":118720,"statcode":"WK172900","statnaam":"Wijk 00 Gulpen","jrstatcode":"2010WK172900","rubriek":"wijk","FID":"wijk_gegeneraliseerd_2010.b9100c86-ff0c-4c89-a21d-24b250f1cadf"},"id":"WK172900"},{"arcs":[[-6467,7387,7388,-7386,-6299,-6521,-6469]],"type":"Polygon","properties":{"id":118721,"statcode":"WK172901","statnaam":"Wijk 01 Wijlre","jrstatcode":"2010WK172901","rubriek":"wijk","FID":"wijk_gegeneraliseerd_2010.5ea135a7-d2bf-45e5-bf43-4c0da8b7a5c7"},"id":"WK172901"},{"arcs":[[-6399,-6402,7389,-7388,-6466]],"type":"Polygon","properties":{"id":118722,"statcode":"WK172902","statnaam":"Wijk 02 Eys","jrstatcode":"2010WK172902","rubriek":"wijk","FID":"wijk_gegeneraliseerd_2010.31828eba-5ae7-4683-b8c3-06599d09aab1"},"id":"WK172902"},{"arcs":[[-7390,-6401,7390,-6419,7391,-7387,-7389]],"type":"Polygon","properties":{"id":118723,"statcode":"WK172903","statnaam":"Wijk 03 Wittem","jrstatcode":"2010WK172903","rubriek":"wijk","FID":"wijk_gegeneraliseerd_2010.2ba72bb1-a215-41e6-9c33-ab0d11ab6f39"},"id":"WK172903"},{"arcs":[[7392,7393,-7384,-7392,-6418]],"type":"Polygon","properties":{"id":118724,"statcode":"WK172904","statnaam":"Wijk 04 Mechelen","jrstatcode":"2010WK172904","rubriek":"wijk","FID":"wijk_gegeneraliseerd_2010.7a87bbe3-09d8-408f-83d4-507ae9580c93"},"id":"WK172904"},{"arcs":[[-6417,7394,7395,-7393]],"type":"Polygon","properties":{"id":118725,"statcode":"WK172905","statnaam":"Wijk 05 Epen","jrstatcode":"2010WK172905","rubriek":"wijk","FID":"wijk_gegeneraliseerd_2010.bf99765a-f569-4757-9600-d905686e2e29"},"id":"WK172905"},{"arcs":[[-6310,-7385,-7394,-7396,7396]],"type":"Polygon","properties":{"id":118726,"statcode":"WK172906","statnaam":"Wijk 06 Slenaken","jrstatcode":"2010WK172906","rubriek":"wijk","FID":"wijk_gegeneraliseerd_2010.90b5b7bc-0714-4e99-af3a-b515e95a564e"},"id":"WK172906"},{"arcs":[[-6933,7397,7398,7399,7400,7401]],"type":"Polygon","properties":{"id":118727,"statcode":"WK173000","statnaam":"Wijk 00 Zuidlaren","jrstatcode":"2010WK173000","rubriek":"wijk","FID":"wijk_gegeneraliseerd_2010.0307af8a-ddf1-478f-9610-6d079850e1c5"},"id":"WK173000"},{"arcs":[[-140,7402,-7400,7403,-144]],"type":"Polygon","properties":{"id":118728,"statcode":"WK173001","statnaam":"Wijk 01 De Groeve","jrstatcode":"2010WK173001","rubriek":"wijk","FID":"wijk_gegeneraliseerd_2010.77565e08-341d-4455-830a-ba9eceae646b"},"id":"WK173001"},{"arcs":[[-139,-6950,-6947,7404,-7401,-7403]],"type":"Polygon","properties":{"id":118729,"statcode":"WK173002","statnaam":"Wijk 02 Zuidlaarderveen","jrstatcode":"2010WK173002","rubriek":"wijk","FID":"wijk_gegeneraliseerd_2010.24327b86-790f-4c62-af4f-7078239c9f97"},"id":"WK173002"},{"arcs":[[-7404,-7399,7405,7406,7407,-119]],"type":"Polygon","properties":{"id":118730,"statcode":"WK173003","statnaam":"Wijk 03 Midlaren","jrstatcode":"2010WK173003","rubriek":"wijk","FID":"wijk_gegeneraliseerd_2010.a1b0b1f4-6e8a-479b-8955-299429b91722"},"id":"WK173003"},{"arcs":[[-6937,7408,-7406,-7398]],"type":"Polygon","properties":{"id":118731,"statcode":"WK173004","statnaam":"Wijk 04 Westlaren","jrstatcode":"2010WK173004","rubriek":"wijk","FID":"wijk_gegeneraliseerd_2010.c2975fa3-73a1-4f76-9d1f-79e1a8489567"},"id":"WK173004"},{"arcs":[[-6949,-6919,-6934,-7402,-7405]],"type":"Polygon","properties":{"id":118732,"statcode":"WK173005","statnaam":"Wijk 05 Schuilingsoord","jrstatcode":"2010WK173005","rubriek":"wijk","FID":"wijk_gegeneraliseerd_2010.4d9fe2ca-f7f1-4dfc-a8db-30539d5a4946"},"id":"WK173005"},{"arcs":[[7409,-7108,7410,-122]],"type":"Polygon","properties":{"id":118733,"statcode":"WK173006","statnaam":"Wijk 06 Paterswolde","jrstatcode":"2010WK173006","rubriek":"wijk","FID":"wijk_gegeneraliseerd_2010.d7d59ecb-325e-4a8c-9997-02cbc6e94d2b"},"id":"WK173006"},{"arcs":[[-7410,-121,-113,7411,7412,7413,-7109]],"type":"Polygon","properties":{"id":118734,"statcode":"WK173007","statnaam":"Wijk 07 Eelde","jrstatcode":"2010WK173007","rubriek":"wijk","FID":"wijk_gegeneraliseerd_2010.eaaba7fc-658e-42e7-bd13-60a4d28544f7"},"id":"WK173007"},{"arcs":[[-85,-123,-7411,-7111,-87]],"type":"Polygon","properties":{"id":118735,"statcode":"WK173008","statnaam":"Wijk 08 Eelderwolde","jrstatcode":"2010WK173008","rubriek":"wijk","FID":"wijk_gegeneraliseerd_2010.bea81f06-362b-4d0f-8c3d-e116f697835e"},"id":"WK173008"},{"arcs":[[7414,7415,-779,7416,7417]],"type":"Polygon","properties":{"id":118736,"statcode":"WK173009","statnaam":"Wijk 09 Vries","jrstatcode":"2010WK173009","rubriek":"wijk","FID":"wijk_gegeneraliseerd_2010.99e53f07-0322-49f0-9c08-7edd1b5da3ae"},"id":"WK173009"},{"arcs":[[7418,-7418,7419,-7099,7420,-7413]],"type":"Polygon","properties":{"id":118737,"statcode":"WK173010","statnaam":"Wijk 10 Donderen","jrstatcode":"2010WK173010","rubriek":"wijk","FID":"wijk_gegeneraliseerd_2010.db030b87-3b36-4cca-aa5f-37409258a88d"},"id":"WK173010"},{"arcs":[[-7414,-7421,-7098,-7095,-7110]],"type":"Polygon","properties":{"id":118738,"statcode":"WK173011","statnaam":"Wijk 11 Bunne","jrstatcode":"2010WK173011","rubriek":"wijk","FID":"wijk_gegeneraliseerd_2010.31fd7981-2226-4436-b08f-73bc436ca81e"},"id":"WK173011"},{"arcs":[[-112,-120,-7408,7421,-7415,-7419,-7412]],"type":"Polygon","properties":{"id":118739,"statcode":"WK173012","statnaam":"Wijk 12 Yde","jrstatcode":"2010WK173012","rubriek":"wijk","FID":"wijk_gegeneraliseerd_2010.dd9270aa-33c1-4783-84ac-d8ed087eac09"},"id":"WK173012"},{"arcs":[[-780,-7416,-7422,-7407,-7409,-6936,7422]],"type":"Polygon","properties":{"id":118740,"statcode":"WK173013","statnaam":"Wijk 13 Tynaarlo","jrstatcode":"2010WK173013","rubriek":"wijk","FID":"wijk_gegeneraliseerd_2010.5d610c5c-2dc3-47db-8fb0-6f4c2379af0b"},"id":"WK173013"},{"arcs":[[-7423,-6935,-6931,-6970,-781]],"type":"Polygon","properties":{"id":118741,"statcode":"WK173014","statnaam":"Wijk 14 Zeegse","jrstatcode":"2010WK173014","rubriek":"wijk","FID":"wijk_gegeneraliseerd_2010.4ae380dc-1559-47d5-af14-1c0524fdc581"},"id":"WK173014"},{"arcs":[[-7105,-7420,-7417,-778]],"type":"Polygon","properties":{"id":118742,"statcode":"WK173015","statnaam":"Wijk 15 Zeijen","jrstatcode":"2010WK173015","rubriek":"wijk","FID":"wijk_gegeneraliseerd_2010.690f6f6e-3956-4d5c-bcdd-94c323d59f2d"},"id":"WK173015"},{"arcs":[[7423,7424,7425,7426,7427,7428,-7138,-7140,-7144,7429,7430]],"type":"Polygon","properties":{"id":118743,"statcode":"WK173100","statnaam":"Wijk 00 Beilen","jrstatcode":"2010WK173100","rubriek":"wijk","FID":"wijk_gegeneraliseerd_2010.03365fd2-1335-448d-9c2b-08434a683638"},"id":"WK173100"},{"arcs":[[7431,-7431,7432,7433]],"type":"Polygon","properties":{"id":118744,"statcode":"WK173101","statnaam":"Wijk 01 Hijken","jrstatcode":"2010WK173101","rubriek":"wijk","FID":"wijk_gegeneraliseerd_2010.98c6d220-8163-4286-8678-f457d734eddd"},"id":"WK173101"},{"arcs":[[-6981,7434,-7424,-7432,7435,-773]],"type":"Polygon","properties":{"id":118745,"statcode":"WK173102","statnaam":"Wijk 02 Hooghalen","jrstatcode":"2010WK173102","rubriek":"wijk","FID":"wijk_gegeneraliseerd_2010.04e4441e-b379-473e-b728-01c5b63bae30"},"id":"WK173102"},{"arcs":[[-7428,7436,7437,-871,-890,7438]],"type":"Polygon","properties":{"id":118746,"statcode":"WK173103","statnaam":"Wijk 03 Wijster","jrstatcode":"2010WK173103","rubriek":"wijk","FID":"wijk_gegeneraliseerd_2010.16957132-dc4e-4d5c-890e-40d8ab5b7147"},"id":"WK173103"},{"arcs":[[-7429,-7439,-889,-7139]],"type":"Polygon","properties":{"id":118747,"statcode":"WK173104","statnaam":"Wijk 04 Spier","jrstatcode":"2010WK173104","rubriek":"wijk","FID":"wijk_gegeneraliseerd_2010.c456d7d2-ee19-4137-99f8-447e4425a77b"},"id":"WK173104"},{"arcs":[[7439,-872,-7438,7440]],"type":"Polygon","properties":{"id":118748,"statcode":"WK173105","statnaam":"Wijk 05 Drijber","jrstatcode":"2010WK173105","rubriek":"wijk","FID":"wijk_gegeneraliseerd_2010.50121629-b9cf-4232-8290-0106da3425b1"},"id":"WK173105"},{"arcs":[[-774,-7436,-7434,7441,-653,-7107,7442]],"type":"Polygon","properties":{"id":118749,"statcode":"WK173106","statnaam":"Wijk 06 Smilde","jrstatcode":"2010WK173106","rubriek":"wijk","FID":"wijk_gegeneraliseerd_2010.d33aae53-97cc-47ee-b8c5-aebd20a26249"},"id":"WK173106"},{"arcs":[[-775,-7443,-7106,-7101,-767]],"type":"Polygon","properties":{"id":118750,"statcode":"WK173107","statnaam":"Wijk 07 Bovensmilde","jrstatcode":"2010WK173107","rubriek":"wijk","FID":"wijk_gegeneraliseerd_2010.eabac5a9-d801-4951-a71a-68d45d5267b7"},"id":"WK173107"},{"arcs":[[-7433,-7430,-7143,-7123,-7130,-654,-7442]],"type":"Polygon","properties":{"id":118751,"statcode":"WK173108","statnaam":"Wijk 08 Hoogersmilde","jrstatcode":"2010WK173108","rubriek":"wijk","FID":"wijk_gegeneraliseerd_2010.8b99a5f4-3c64-46e3-a8d9-8e8fb8c34cef"},"id":"WK173108"},{"arcs":[[7443,7444,7445,7446,-7426,7447]],"type":"Polygon","properties":{"id":118752,"statcode":"WK173109","statnaam":"Wijk 09 Westerbork","jrstatcode":"2010WK173109","rubriek":"wijk","FID":"wijk_gegeneraliseerd_2010.3babe544-457d-4234-baca-89e7980bb558"},"id":"WK173109"},{"arcs":[[-6977,7448,-7444,7449]],"type":"Polygon","properties":{"id":118753,"statcode":"WK173110","statnaam":"Wijk 10 Elp","jrstatcode":"2010WK173110","rubriek":"wijk","FID":"wijk_gegeneraliseerd_2010.852a55c1-a13b-4046-a874-c56e59df4c42"},"id":"WK173110"},{"arcs":[[7450,-821,7451,-7446]],"type":"Polygon","properties":{"id":118754,"statcode":"WK173111","statnaam":"Wijk 11 Witteveen","jrstatcode":"2010WK173111","rubriek":"wijk","FID":"wijk_gegeneraliseerd_2010.d09e9689-2279-4e19-a36a-fc5d54a18eae"},"id":"WK173111"},{"arcs":[[7452,-819,-808,7453,-873,-7440]],"type":"Polygon","properties":{"id":118755,"statcode":"WK173112","statnaam":"Wijk 12 Nieuw-Balinge","jrstatcode":"2010WK173112","rubriek":"wijk","FID":"wijk_gegeneraliseerd_2010.4d2b9da3-26e7-4b63-97d0-041c9146edad"},"id":"WK173112"},{"arcs":[[-807,-874,-7454]],"type":"Polygon","properties":{"id":118756,"statcode":"WK173113","statnaam":"Wijk 13 Nieuweroord","jrstatcode":"2010WK173113","rubriek":"wijk","FID":"wijk_gegeneraliseerd_2010.3e3e8b6d-f6cc-4fbc-a9f2-49e6d9d6e3ab"},"id":"WK173113"},{"arcs":[[-6980,-6978,-7450,-7448,-7425,-7435]],"type":"Polygon","properties":{"id":118757,"statcode":"WK173114","statnaam":"Wijk 14 Zwiggelte","jrstatcode":"2010WK173114","rubriek":"wijk","FID":"wijk_gegeneraliseerd_2010.fa5ca81a-b16f-4fca-bfe3-f5a5dbed9a17"},"id":"WK173114"},{"arcs":[[-6976,-818,-822,-7451,-7445,-7449]],"type":"Polygon","properties":{"id":118758,"statcode":"WK173115","statnaam":"Wijk 15 Orvelte","jrstatcode":"2010WK173115","rubriek":"wijk","FID":"wijk_gegeneraliseerd_2010.7af6b64f-c055-4192-afdb-c65098f71068"},"id":"WK173115"},{"arcs":[[-820,-7453,-7441,-7437,-7427,-7447,-7452]],"type":"Polygon","properties":{"id":118759,"statcode":"WK173116","statnaam":"Wijk 16 De Broekstreek","jrstatcode":"2010WK173116","rubriek":"wijk","FID":"wijk_gegeneraliseerd_2010.4a9b97a3-7094-45cb-a84d-ac0e10a62f75"},"id":"WK173116"},{"arcs":[[-1632,-1628,-1631,-7173,-2078,7454,7455,7456]],"type":"Polygon","properties":{"id":118760,"statcode":"WK173400","statnaam":"Wijk 00 Elst","jrstatcode":"2010WK173400","rubriek":"wijk","FID":"wijk_gegeneraliseerd_2010.a0361b2a-ac36-4031-87ef-7c20e496506c"},"id":"WK173400"},{"arcs":[[7457,7458,7459,-2131,-2085,-2090,-2088,-1633,-7457,7460]],"type":"Polygon","properties":{"id":118761,"statcode":"WK173401","statnaam":"Wijk 01 Driel","jrstatcode":"2010WK173401","rubriek":"wijk","FID":"wijk_gegeneraliseerd_2010.05df9604-06a7-4604-bb1e-1a4330f67c0d"},"id":"WK173401"},{"arcs":[[-7456,7461,-1680,-1687,7462,7463,-7461]],"type":"Polygon","properties":{"id":118762,"statcode":"WK173402","statnaam":"Wijk 02 Zetten","jrstatcode":"2010WK173402","rubriek":"wijk","FID":"wijk_gegeneraliseerd_2010.f1dbe7bc-933c-44c0-8bfd-b20027b1221b"},"id":"WK173402"},{"arcs":[[-1683,-1672,-1681,-7462,-7455,-2077]],"type":"Polygon","properties":{"id":118763,"statcode":"WK173403","statnaam":"Wijk 03 Oosterhout","jrstatcode":"2010WK173403","rubriek":"wijk","FID":"wijk_gegeneraliseerd_2010.5291d141-e8c8-457e-8c1c-56372ccb5bae"},"id":"WK173403"},{"arcs":[[-7464,7464,-7458]],"type":"Polygon","properties":{"id":118764,"statcode":"WK173404","statnaam":"Wijk 04 Hemmen","jrstatcode":"2010WK173404","rubriek":"wijk","FID":"wijk_gegeneraliseerd_2010.c864d64e-f24c-4bd4-8cbb-5259b4bcb583"},"id":"WK173404"},{"arcs":[[7465,7466,7467,7468,7469]],"type":"Polygon","properties":{"id":118765,"statcode":"WK173500","statnaam":"Wijk 00 Goor","jrstatcode":"2010WK173500","rubriek":"wijk","FID":"wijk_gegeneraliseerd_2010.3d1199ac-ab32-4bc5-835d-86abd42d64bc"},"id":"WK173500"},{"arcs":[[[7470,7471,7472,7473,-7469]],[[7474,-7467,7475]]],"type":"MultiPolygon","properties":{"id":118766,"statcode":"WK173501","statnaam":"Wijk 01 De Whee II","jrstatcode":"2010WK173501","rubriek":"wijk","FID":"wijk_gegeneraliseerd_2010.b03a6136-30d6-48dc-81b5-ae3fb867a0bd"},"id":"WK173501"},{"arcs":[[7476,-7476,-7466,7477,7478,7479,-1993,-1995,-2006,7480]],"type":"Polygon","properties":{"id":118767,"statcode":"WK173502","statnaam":"Wijk 02 Markelo","jrstatcode":"2010WK173502","rubriek":"wijk","FID":"wijk_gegeneraliseerd_2010.f0d74c96-0414-4796-8253-cf4b12c51651"},"id":"WK173502"},{"arcs":[[7481,7482,7483,-7478,-7470,-7474]],"type":"Polygon","properties":{"id":118768,"statcode":"WK173503","statnaam":"Wijk 03 Verspreide huizen Kerspel en omgeving","jrstatcode":"2010WK173503","rubriek":"wijk","FID":"wijk_gegeneraliseerd_2010.56c9f09e-0e62-46bb-b83d-dff629dc1d34"},"id":"WK173503"},{"arcs":[[-1426,7484,-7471,-7468,-7475,-7477,7485,7486]],"type":"Polygon","properties":{"id":118769,"statcode":"WK173504","statnaam":"Wijk 04 Elsen","jrstatcode":"2010WK173504","rubriek":"wijk","FID":"wijk_gegeneraliseerd_2010.4eead23f-8474-4781-bfe5-07c291986fdb"},"id":"WK173504"},{"arcs":[[7487,-1111,7488,7489,-7479,-7484]],"type":"Polygon","properties":{"id":118770,"statcode":"WK173505","statnaam":"Wijk 05 Diepenheim","jrstatcode":"2010WK173505","rubriek":"wijk","FID":"wijk_gegeneraliseerd_2010.e014b2d2-17b4-4efc-b985-8d4b810a647a"},"id":"WK173505"},{"arcs":[[-1231,7490,7491,7492]],"type":"Polygon","properties":{"id":118771,"statcode":"WK173506","statnaam":"Wijk 06 Delden","jrstatcode":"2010WK173506","rubriek":"wijk","FID":"wijk_gegeneraliseerd_2010.08845380-9918-48c6-a697-ac666685dd37"},"id":"WK173506"},{"arcs":[[7493,7494,-7492]],"type":"Polygon","properties":{"id":118772,"statcode":"WK173507","statnaam":"Wijk 07 Overig Delden","jrstatcode":"2010WK173507","rubriek":"wijk","FID":"wijk_gegeneraliseerd_2010.a3bdd9ff-e787-4b74-a9c2-c9b71a203878"},"id":"WK173507"},{"arcs":[[[7495,-7472,-7485,-1425,-963,-968,-1232,-1221,-1219,-1229,-7493,-7495]],[[7496,-1112,-7488,-7483]]],"type":"MultiPolygon","properties":{"id":118773,"statcode":"WK173508","statnaam":"Wijk 08 Hengevelde","jrstatcode":"2010WK173508","rubriek":"wijk","FID":"wijk_gegeneraliseerd_2010.8de27466-0757-4698-9753-fe568f74193b"},"id":"WK173508"},{"arcs":[[-7494,-7491,-1230,-1115,-1106,-1113,-7497,-7482,-7473,-7496]],"type":"Polygon","properties":{"id":118774,"statcode":"WK173509","statnaam":"Wijk 09 Bentelo","jrstatcode":"2010WK173509","rubriek":"wijk","FID":"wijk_gegeneraliseerd_2010.8fbd8e3e-d054-4006-a398-b2e0e70db906"},"id":"WK173509"},{"arcs":[[7497,7498,-1729,-2506,-2132,-7460]],"type":"Polygon","properties":{"id":118775,"statcode":"WK174000","statnaam":"Wijk 00 Kesteren","jrstatcode":"2010WK174000","rubriek":"wijk","FID":"wijk_gegeneraliseerd_2010.e7dcf284-a0c3-4105-a56c-c37b4737ef87"},"id":"WK174000"},{"arcs":[[-4702,-4711,-2106,-2119,-1722,-1730,-7499,7499,-1793]],"type":"Polygon","properties":{"id":118776,"statcode":"WK174001","statnaam":"Wijk 01 Echteld","jrstatcode":"2010WK174001","rubriek":"wijk","FID":"wijk_gegeneraliseerd_2010.84f7180e-7cc2-4dde-a9dd-b0c3f9e15f0b"},"id":"WK174001"},{"arcs":[[-7465,-7463,-1686,-1794,-7500,-7498,-7459]],"type":"Polygon","properties":{"id":118777,"statcode":"WK174002","statnaam":"Wijk 02 Dodewaard","jrstatcode":"2010WK174002","rubriek":"wijk","FID":"wijk_gegeneraliseerd_2010.21af9340-a655-4dba-a14a-6d0685b92a72"},"id":"WK174002"},{"arcs":[[7500,-1430,7501]],"type":"Polygon","properties":{"id":118778,"statcode":"WK174200","statnaam":"Wijk 00 Stad Rijssen","jrstatcode":"2010WK174200","rubriek":"wijk","FID":"wijk_gegeneraliseerd_2010.57528d07-4f8d-4110-9b61-7dfe5874e179"},"id":"WK174200"},{"arcs":[[-1429,-1428,7502,7503,-7502]],"type":"Polygon","properties":{"id":118779,"statcode":"WK174201","statnaam":"Wijk 01 Stadsrand","jrstatcode":"2010WK174201","rubriek":"wijk","FID":"wijk_gegeneraliseerd_2010.8b1ab859-93f5-4f5f-baa8-8d087a1bbf78"},"id":"WK174201"},{"arcs":[[-1427,-7487,7504,-1172,-1432,7505,-7503]],"type":"Polygon","properties":{"id":118780,"statcode":"WK174202","statnaam":"Wijk 02 Buitengebied Rijssen","jrstatcode":"2010WK174202","rubriek":"wijk","FID":"wijk_gegeneraliseerd_2010.539c5a4e-601c-47fb-83f7-93845c6e7c56"},"id":"WK174202"},{"arcs":[[7506,7507]],"type":"Polygon","properties":{"id":118781,"statcode":"WK174203","statnaam":"Wijk 03 Holten","jrstatcode":"2010WK174203","rubriek":"wijk","FID":"wijk_gegeneraliseerd_2010.8203c430-1c05-443f-867a-028f6b4d4623"},"id":"WK174203"},{"arcs":[[7508,-7507]],"type":"Polygon","properties":{"id":118782,"statcode":"WK174204","statnaam":"Wijk 04 Bedrijventerrein Holten","jrstatcode":"2010WK174204","rubriek":"wijk","FID":"wijk_gegeneraliseerd_2010.70b7c0b0-d2e5-4073-bcc5-5e492ecf9dfb"},"id":"WK174204"},{"arcs":[[-1186,-1173,-7505,-7486,-7481,-2005,-1045,-1040,-1351],[-7509,-7508],[7509]],"type":"Polygon","properties":{"id":118783,"statcode":"WK174205","statnaam":"Wijk 05 Buitengebied Holten","jrstatcode":"2010WK174205","rubriek":"wijk","FID":"wijk_gegeneraliseerd_2010.e5a8ac87-9215-44ff-904c-84ddfeb494fd"},"id":"WK174205"},{"arcs":[[-1431,-7501,-7504,-7506]],"type":"Polygon","properties":{"id":118784,"statcode":"WK174207","statnaam":"Wijk 07 Bedrijventerrein Rijssen","jrstatcode":"2010WK174207","rubriek":"wijk","FID":"wijk_gegeneraliseerd_2010.e02a15e5-ec1e-4006-905a-860d7a9baf75"},"id":"WK174207"},{"arcs":[[-7510]],"type":"Polygon","properties":{"id":118785,"statcode":"WK174208","statnaam":"Wijk 08 Recreatiegebied De Borkeld","jrstatcode":"2010WK174208","rubriek":"wijk","FID":"wijk_gegeneraliseerd_2010.0d676f8b-574c-4713-98a4-b6aaeef10039"},"id":"WK174208"},{"arcs":[[-5761,7510,-6774,-5445,-5452]],"type":"Polygon","properties":{"id":118786,"statcode":"WK177100","statnaam":"Wijk 00 Geldrop","jrstatcode":"2010WK177100","rubriek":"wijk","FID":"wijk_gegeneraliseerd_2010.158d947c-af66-425e-b428-6e079759611a"},"id":"WK177100"},{"arcs":[[-5623,-5950,-5941,-6771,-7511,-5764,-5641]],"type":"Polygon","properties":{"id":118787,"statcode":"WK177101","statnaam":"Wijk 01 Mierlo","jrstatcode":"2010WK177101","rubriek":"wijk","FID":"wijk_gegeneraliseerd_2010.e8085de4-4740-4ca1-908b-f834ef8210ee"},"id":"WK177101"},{"arcs":[[-1043,7511,7512,7513]],"type":"Polygon","properties":{"id":118788,"statcode":"WK177301","statnaam":"Wijk 01 Olst","jrstatcode":"2010WK177301","rubriek":"wijk","FID":"wijk_gegeneraliseerd_2010.b5c0b803-ebf6-472d-a2df-d692edbd0f63"},"id":"WK177301"},{"arcs":[[7514,-1963,7515,7516,7517]],"type":"Polygon","properties":{"id":118789,"statcode":"WK177302","statnaam":"Wijk 02 Wijhe","jrstatcode":"2010WK177302","rubriek":"wijk","FID":"wijk_gegeneraliseerd_2010.cf3f0fd0-c8aa-489f-a081-e90a176bc9c7"},"id":"WK177302"},{"arcs":[[-1350,-1345,-1037,7518,7519,7520]],"type":"Polygon","properties":{"id":118790,"statcode":"WK177303","statnaam":"Wijk 03 Wesepe","jrstatcode":"2010WK177303","rubriek":"wijk","FID":"wijk_gegeneraliseerd_2010.b3309783-7530-4bac-9c3b-5ae1c8511ea2"},"id":"WK177303"},{"arcs":[[7521,7522,7523,-1044,-7514]],"type":"Polygon","properties":{"id":118791,"statcode":"WK177304","statnaam":"Wijk 04 Boskamp","jrstatcode":"2010WK177304","rubriek":"wijk","FID":"wijk_gegeneraliseerd_2010.ab616c57-eeb9-4fce-bd28-5641184f1251"},"id":"WK177304"},{"arcs":[[-1348,-7521,7524,-7518,7525]],"type":"Polygon","properties":{"id":118792,"statcode":"WK177305","statnaam":"Wijk 05 Boerhaar","jrstatcode":"2010WK177305","rubriek":"wijk","FID":"wijk_gegeneraliseerd_2010.e8c65dc6-ccff-41c3-9ff7-5f300aefa02b"},"id":"WK177305"},{"arcs":[[-7512,-2128,-1871,7526]],"type":"Polygon","properties":{"id":118793,"statcode":"WK177306","statnaam":"Wijk 06 Welsum","jrstatcode":"2010WK177306","rubriek":"wijk","FID":"wijk_gegeneraliseerd_2010.d2dc7393-de71-46dc-8218-7184cc1dec25"},"id":"WK177306"},{"arcs":[[-7515,7527,-7522,-7513,-7527,-1870,-1964]],"type":"Polygon","properties":{"id":118794,"statcode":"WK177307","statnaam":"Wijk 07 Den Nul","jrstatcode":"2010WK177307","rubriek":"wijk","FID":"wijk_gegeneraliseerd_2010.871b1b7f-e4c9-482f-a1c7-da68cb6efa70"},"id":"WK177307"},{"arcs":[[7528,-7519,-1036,-7524]],"type":"Polygon","properties":{"id":118795,"statcode":"WK177308","statnaam":"Wijk 08 Eikelhof","jrstatcode":"2010WK177308","rubriek":"wijk","FID":"wijk_gegeneraliseerd_2010.2d23d823-aa6e-4f9a-8573-14e00bdeab0c"},"id":"WK177308"},{"arcs":[[-1475,-1358,-1353,-1339,-1349,-7526,-7517,7529]],"type":"Polygon","properties":{"id":118796,"statcode":"WK177309","statnaam":"Wijk 09 Elshof","jrstatcode":"2010WK177309","rubriek":"wijk","FID":"wijk_gegeneraliseerd_2010.fe1360ea-1eea-49f3-b90a-777febc8b9a6"},"id":"WK177309"},{"arcs":[[7530,-1961,-1968]],"type":"Polygon","properties":{"id":118797,"statcode":"WK177310","statnaam":"Wijk 10 Marle","jrstatcode":"2010WK177310","rubriek":"wijk","FID":"wijk_gegeneraliseerd_2010.a8ebbefb-be3c-4963-a772-0f9f9ce8f517"},"id":"WK177310"},{"arcs":[[-7520,-7529,-7523,-7528,-7525]],"type":"Polygon","properties":{"id":118798,"statcode":"WK177311","statnaam":"Wijk 11 Middel","jrstatcode":"2010WK177311","rubriek":"wijk","FID":"wijk_gegeneraliseerd_2010.ebf56a54-6eae-431d-af78-be90d9a50112"},"id":"WK177311"},{"arcs":[[-7530,-7516,-1962,-7531,-1967,-1476]],"type":"Polygon","properties":{"id":118799,"statcode":"WK177312","statnaam":"Wijk 12 Herxen","jrstatcode":"2010WK177312","rubriek":"wijk","FID":"wijk_gegeneraliseerd_2010.9eb7d34b-be9c-4d6d-8326-362d055cb54f"},"id":"WK177312"},{"arcs":[[7531,-1280,7532,7533,7534,7535]],"type":"Polygon","properties":{"id":118800,"statcode":"WK177400","statnaam":"Wijk 00 Denekamp","jrstatcode":"2010WK177400","rubriek":"wijk","FID":"wijk_gegeneraliseerd_2010.c592e63f-4b0f-499b-880a-8fd833f1e95b"},"id":"WK177400"},{"arcs":[[7536,7537,-7535,7538,-1407]],"type":"Polygon","properties":{"id":118801,"statcode":"WK177401","statnaam":"Wijk 01 Lattrop-Brekkelenkamp","jrstatcode":"2010WK177401","rubriek":"wijk","FID":"wijk_gegeneraliseerd_2010.287e4add-2889-4ebd-83c9-139d80030290"},"id":"WK177401"},{"arcs":[[-7539,-7534,7539,7540,7541,7542,-1408]],"type":"Polygon","properties":{"id":118802,"statcode":"WK177402","statnaam":"Wijk 02 Tilligte","jrstatcode":"2010WK177402","rubriek":"wijk","FID":"wijk_gegeneraliseerd_2010.202866ef-1882-45f7-97cd-f3d96fba22d9"},"id":"WK177402"},{"arcs":[[-7543,7543,-7541,7544,7545,-1410,-1409]],"type":"Polygon","properties":{"id":118803,"statcode":"WK177403","statnaam":"Wijk 03 Ootmarsum","jrstatcode":"2010WK177403","rubriek":"wijk","FID":"wijk_gegeneraliseerd_2010.3fa2dd3f-8858-42ad-9ee5-227c05a26193"},"id":"WK177403"},{"arcs":[[7546,-7536,-7538]],"type":"Polygon","properties":{"id":118804,"statcode":"WK177404","statnaam":"Wijk 04 Noord Deurningen","jrstatcode":"2010WK177404","rubriek":"wijk","FID":"wijk_gegeneraliseerd_2010.a159b9c2-6a11-4277-ab1b-fef1252e9ae8"},"id":"WK177404"},{"arcs":[[-7542,-7544]],"type":"Polygon","properties":{"id":118805,"statcode":"WK177405","statnaam":"Wijk 05 Ootmarsum","jrstatcode":"2010WK177405","rubriek":"wijk","FID":"wijk_gegeneraliseerd_2010.69626c7d-63a2-4fce-aabf-f2d408d904c0"},"id":"WK177405"},{"arcs":[[-1413,-1411,-7546,7547,-1319,7548,7549]],"type":"Polygon","properties":{"id":118806,"statcode":"WK177406","statnaam":"Wijk 06 Weerselo","jrstatcode":"2010WK177406","rubriek":"wijk","FID":"wijk_gegeneraliseerd_2010.46fb560b-de18-45bb-ae31-7d28cb17c4f7"},"id":"WK177406"},{"arcs":[[-7545,-7540,-7533,-1279,-1277,-1320,-7548]],"type":"Polygon","properties":{"id":118807,"statcode":"WK177407","statnaam":"Wijk 07 Rossum","jrstatcode":"2010WK177407","rubriek":"wijk","FID":"wijk_gegeneraliseerd_2010.1d9a98b1-f6c0-4b30-8483-363a5e6ee998"},"id":"WK177407"},{"arcs":[[-1414,-7550,7550,-974,-1395]],"type":"Polygon","properties":{"id":118808,"statcode":"WK177408","statnaam":"Wijk 08 Saasveld","jrstatcode":"2010WK177408","rubriek":"wijk","FID":"wijk_gegeneraliseerd_2010.0d854259-ec4b-4447-a290-4471180e9d19"},"id":"WK177408"},{"arcs":[[-7549,-1318,-1090,-1213,-1227,-1233,-975,-7551]],"type":"Polygon","properties":{"id":118809,"statcode":"WK177409","statnaam":"Wijk 09 Deurningen","jrstatcode":"2010WK177409","rubriek":"wijk","FID":"wijk_gegeneraliseerd_2010.dfc3617b-85a2-4f3f-be18-3172fa521738"},"id":"WK177409"},{"arcs":[[7551,7552,7553,7554,7555]],"type":"Polygon","properties":{"id":118810,"statcode":"WK178301","statnaam":"Wijk 01 Naaldwijk","jrstatcode":"2010WK178301","rubriek":"wijk","FID":"wijk_gegeneraliseerd_2010.cc5cda23-50c7-456e-a4cb-20a502fc6901"},"id":"WK178301"},{"arcs":[[7556,7557,7558,7559,-7556]],"type":"Polygon","properties":{"id":118811,"statcode":"WK178302","statnaam":"Wijk 02 Honselersdijk","jrstatcode":"2010WK178302","rubriek":"wijk","FID":"wijk_gegeneraliseerd_2010.a4c64812-ed5f-4a9c-b671-56be87bc7eee"},"id":"WK178302"},{"arcs":[[-7553,7560,-4218,-4397,7561]],"type":"Polygon","properties":{"id":118812,"statcode":"WK178303","statnaam":"Wijk 03 Maasdijk","jrstatcode":"2010WK178303","rubriek":"wijk","FID":"wijk_gegeneraliseerd_2010.f5604134-1178-4888-95de-7bd415f1afd6"},"id":"WK178303"},{"arcs":[[-7562,-4401,7562,7563,-7554]],"type":"Polygon","properties":{"id":118813,"statcode":"WK178304","statnaam":"Wijk 04 's-Gravenzande","jrstatcode":"2010WK178304","rubriek":"wijk","FID":"wijk_gegeneraliseerd_2010.f088a308-9a55-4cef-9338-629d99392f92"},"id":"WK178304"},{"arcs":[[-3960,-3963,-4012,7564,-7557,-7555,-7564,7565]],"type":"Polygon","properties":{"id":118814,"statcode":"WK178305","statnaam":"Wijk 05 Monster","jrstatcode":"2010WK178305","rubriek":"wijk","FID":"wijk_gegeneraliseerd_2010.8a441e22-1bc7-4d90-b20b-6b85766fb220"},"id":"WK178305"},{"arcs":[[-4436,7566,-7558,-7565,-4011,-4033]],"type":"Polygon","properties":{"id":118815,"statcode":"WK178306","statnaam":"Wijk 06 Wateringen","jrstatcode":"2010WK178306","rubriek":"wijk","FID":"wijk_gegeneraliseerd_2010.e8740587-5fed-4edd-8957-8d53ef1ecd62"},"id":"WK178306"},{"arcs":[[-7552,-7560,7567,7568,-4219,-7561]],"type":"Polygon","properties":{"id":118816,"statcode":"WK178307","statnaam":"Wijk 07 De Lier","jrstatcode":"2010WK178307","rubriek":"wijk","FID":"wijk_gegeneraliseerd_2010.6e72f9fa-63c3-4d9c-955f-cedbd792f981"},"id":"WK178307"},{"arcs":[[-7559,-7567,-4435,-3717,-3735,-3726,-3737,-3739,-3744,-4362,-4465,-4530,-4532,7569,-7568]],"type":"Polygon","properties":{"id":118817,"statcode":"WK184200","statnaam":"Wijk 00 Schipluiden","jrstatcode":"2010WK184200","rubriek":"wijk","FID":"wijk_gegeneraliseerd_2010.6e4974fa-71ac-4832-8f1f-7be8f278a930"},"id":"WK184200"},{"arcs":[[-4521,-4212,-7569,-7570,-4531]],"type":"Polygon","properties":{"id":118818,"statcode":"WK184201","statnaam":"Wijk 01 Maasland","jrstatcode":"2010WK184201","rubriek":"wijk","FID":"wijk_gegeneraliseerd_2010.3a56f650-ee7e-44b2-b532-8ec61552c11a"},"id":"WK184201"},{"arcs":[[7570,7571,7572,-1996,-1986,-7480,-7490,7573]],"type":"Polygon","properties":{"id":118819,"statcode":"WK185900","statnaam":"Wijk 00 Borculo","jrstatcode":"2010WK185900","rubriek":"wijk","FID":"wijk_gegeneraliseerd_2010.347e7ba0-798f-4108-9978-fbe3a4137791"},"id":"WK185900"},{"arcs":[[7574,-6615,-6610,-6618,7575,-7571,7576,-1108,-1099]],"type":"Polygon","properties":{"id":118820,"statcode":"WK185901","statnaam":"Wijk 01 Eibergen","jrstatcode":"2010WK185901","rubriek":"wijk","FID":"wijk_gegeneraliseerd_2010.cff3d643-bab1-452a-8539-68b2c1334d19"},"id":"WK185901"},{"arcs":[[-6617,-6612,-6614,-6619,7577,-7572,-7576]],"type":"Polygon","properties":{"id":118821,"statcode":"WK185902","statnaam":"Wijk 02 Beltrum","jrstatcode":"2010WK185902","rubriek":"wijk","FID":"wijk_gegeneraliseerd_2010.478f09b5-989b-46c4-951e-32e8522a9a81"},"id":"WK185902"},{"arcs":[[-1110,-1104,-1109,-7577,-7574,-7489]],"type":"Polygon","properties":{"id":118822,"statcode":"WK185903","statnaam":"Wijk 03 Neede","jrstatcode":"2010WK185903","rubriek":"wijk","FID":"wijk_gegeneraliseerd_2010.86182e97-3af4-4b9a-afd8-5cbcad712360"},"id":"WK185903"},{"arcs":[[7578,7579,7580,-1997,-7573,-7578,-6621]],"type":"Polygon","properties":{"id":118823,"statcode":"WK185904","statnaam":"Wijk 04 Ruurlo","jrstatcode":"2010WK185904","rubriek":"wijk","FID":"wijk_gegeneraliseerd_2010.afdc8a68-16d2-4c94-8103-94a7dbbbb480"},"id":"WK185904"},{"arcs":[[7581,7582,7583,-7580]],"type":"Polygon","properties":{"id":118824,"statcode":"WK187600","statnaam":"Wijk 00 Hengelo","jrstatcode":"2010WK187600","rubriek":"wijk","FID":"wijk_gegeneraliseerd_2010.37f1b7b3-96be-4e77-ace5-005d6f4dbbb3"},"id":"WK187600"},{"arcs":[[-1755,-1780,7584,-7582,-7579,-6620,-6598,-1764]],"type":"Polygon","properties":{"id":118825,"statcode":"WK187601","statnaam":"Wijk 01 Zelhem","jrstatcode":"2010WK187601","rubriek":"wijk","FID":"wijk_gegeneraliseerd_2010.2c76409c-ede1-4f25-8c88-f3c1e8f3c2de"},"id":"WK187601"},{"arcs":[[-2198,-1988,-1998,-7581,-7584,7585,-2194,-2196]],"type":"Polygon","properties":{"id":118826,"statcode":"WK187602","statnaam":"Wijk 02 Vorden","jrstatcode":"2010WK187602","rubriek":"wijk","FID":"wijk_gegeneraliseerd_2010.0e8febf5-4485-4234-905e-1abaa0ef22cc"},"id":"WK187602"},{"arcs":[[-2092,-1702,-1698,-2195,-7586,-7583,7586,-1748]],"type":"Polygon","properties":{"id":118827,"statcode":"WK187603","statnaam":"Wijk 03 Steenderen","jrstatcode":"2010WK187603","rubriek":"wijk","FID":"wijk_gegeneraliseerd_2010.bf1639a2-b033-4311-bf8a-da396b2e5b94"},"id":"WK187603"},{"arcs":[[-7585,-1779,-1777,-1772,-1784,-2180,-1745,-7587]],"type":"Polygon","properties":{"id":118828,"statcode":"WK187604","statnaam":"Wijk 04 Hummelo en Keppel","jrstatcode":"2010WK187604","rubriek":"wijk","FID":"wijk_gegeneraliseerd_2010.e6ea2b65-52d7-4445-9d90-672aa50e4f54"},"id":"WK187604"},{"arcs":[[7587,7588,7589,7590,7591]],"type":"Polygon","properties":{"id":118829,"statcode":"WK188300","statnaam":"Wijk 00 Limbrichterveld","jrstatcode":"2010WK188300","rubriek":"wijk","FID":"wijk_gegeneraliseerd_2010.3d5c1bd6-50c4-4768-be6a-83071cffcd2f"},"id":"WK188300"},{"arcs":[[7592,-7590,7593,7594,7595]],"type":"Polygon","properties":{"id":118830,"statcode":"WK188301","statnaam":"Wijk 01 Sittard","jrstatcode":"2010WK188301","rubriek":"wijk","FID":"wijk_gegeneraliseerd_2010.60d13644-a388-40bc-a4ec-359cadd37922"},"id":"WK188301"},{"arcs":[[-7290,7596,-7594,-7589,7597]],"type":"Polygon","properties":{"id":118831,"statcode":"WK188302","statnaam":"Wijk 02 Overhoven","jrstatcode":"2010WK188302","rubriek":"wijk","FID":"wijk_gegeneraliseerd_2010.560c3995-ba1f-451d-9884-b7206c1e259e"},"id":"WK188302"},{"arcs":[[-7596,7598,-6397,-6394,7599]],"type":"Polygon","properties":{"id":118832,"statcode":"WK188303","statnaam":"Wijk 03 Munstergeleen","jrstatcode":"2010WK188303","rubriek":"wijk","FID":"wijk_gegeneraliseerd_2010.25bcf909-f82b-4226-841e-25338ba765c7"},"id":"WK188303"},{"arcs":[[-7592,7600,7601]],"type":"Polygon","properties":{"id":118833,"statcode":"WK188304","statnaam":"Wijk 04 Guttecoven","jrstatcode":"2010WK188304","rubriek":"wijk","FID":"wijk_gegeneraliseerd_2010.89af0c80-dedf-4da6-bc81-bf191ee47b12"},"id":"WK188304"},{"arcs":[[-7591,-7593,-7600,-6393,-6137,-6408,-6407,-6410,7602,-7601]],"type":"Polygon","properties":{"id":118834,"statcode":"WK188305","statnaam":"Wijk 05 Geleen","jrstatcode":"2010WK188305","rubriek":"wijk","FID":"wijk_gegeneraliseerd_2010.dd8debfe-75d9-4aaf-be9e-fda7c619ab16"},"id":"WK188305"},{"arcs":[[-7603,-6413,7603,-7269,-7258,-7291,-7598,-7588,-7602]],"type":"Polygon","properties":{"id":118835,"statcode":"WK188306","statnaam":"Wijk 06 Holtum-Born","jrstatcode":"2010WK188306","rubriek":"wijk","FID":"wijk_gegeneraliseerd_2010.271116c7-bf59-4e27-94f5-1fa786ca1269"},"id":"WK188306"},{"arcs":[[-6412,7604,-7270,-7604]],"type":"Polygon","properties":{"id":118836,"statcode":"WK188307","statnaam":"Wijk 07 Obbicht en Papenhoven","jrstatcode":"2010WK188307","rubriek":"wijk","FID":"wijk_gegeneraliseerd_2010.86743d4c-e731-4f95-b666-4b6d8cbd8905"},"id":"WK188307"},{"arcs":[[7605,7606,7607,7608,-2965,-2963]],"type":"Polygon","properties":{"id":118837,"statcode":"WK188400","statnaam":"Wijk 00 Roelofarendsveen","jrstatcode":"2010WK188400","rubriek":"wijk","FID":"wijk_gegeneraliseerd_2010.082cf7ed-d393-4d90-aee2-b5b5ba2788e5"},"id":"WK188400"},{"arcs":[[-2966,-7609,7609,-4199,-4207,-4204,-6602]],"type":"Polygon","properties":{"id":118838,"statcode":"WK188401","statnaam":"Wijk 01 Overig Alkemade","jrstatcode":"2010WK188401","rubriek":"wijk","FID":"wijk_gegeneraliseerd_2010.d16a7225-0325-4c34-88c5-94437bbe5d19"},"id":"WK188401"},{"arcs":[[-4200,-7610,-7608,7610,-4250,-3496,-3492,-6828]],"type":"Polygon","properties":{"id":118839,"statcode":"WK188402","statnaam":"Wijk 02 Woubrugge","jrstatcode":"2010WK188402","rubriek":"wijk","FID":"wijk_gegeneraliseerd_2010.58fc206e-05dd-4d63-bd90-00ac478c90e3"},"id":"WK188402"},{"arcs":[[-4251,-7611,-7607,7611]],"type":"Polygon","properties":{"id":118840,"statcode":"WK188403","statnaam":"Wijk 03 Rijnsaterwoude","jrstatcode":"2010WK188403","rubriek":"wijk","FID":"wijk_gegeneraliseerd_2010.5f4a5d2e-cbf5-4a55-8900-f6e93fca826d"},"id":"WK188403"},{"arcs":[[-7612,-7606,-2962,-2601,-3366,-4252]],"type":"Polygon","properties":{"id":118841,"statcode":"WK188404","statnaam":"Wijk 04 Leimuiden","jrstatcode":"2010WK188404","rubriek":"wijk","FID":"wijk_gegeneraliseerd_2010.610ccb42-9d72-4b9c-93d6-bff9a917bf14"},"id":"WK188404"},{"arcs":[[7612,7613,7614,-363]],"type":"Polygon","properties":{"id":118842,"statcode":"WK189100","statnaam":"Wijk 00 Centrum","jrstatcode":"2010WK189100","rubriek":"wijk","FID":"wijk_gegeneraliseerd_2010.bcf8c105-fde7-450a-bea4-ff7428700afe"},"id":"WK189100"},{"arcs":[[-7613,-362,-366,-373,-517,-519,7615]],"type":"Polygon","properties":{"id":118843,"statcode":"WK189101","statnaam":"Wijk 01 Oost","jrstatcode":"2010WK189101","rubriek":"wijk","FID":"wijk_gegeneraliseerd_2010.62337820-90b9-464b-b26e-e6a0c8d6c956"},"id":"WK189101"},{"arcs":[[-394,-5175,-5176,-5166,-5164,-5161,7616,-7614,-7616,-518]],"type":"Polygon","properties":{"id":118844,"statcode":"WK189102","statnaam":"Wijk 02 Zuid","jrstatcode":"2010WK189102","rubriek":"wijk","FID":"wijk_gegeneraliseerd_2010.c842de22-8c1f-4343-8b5f-af4fe3c454dc"},"id":"WK189102"},{"arcs":[[-7617,-5160,-7356,-387,-359,-7615]],"type":"Polygon","properties":{"id":118845,"statcode":"WK189103","statnaam":"Wijk 03 West","jrstatcode":"2010WK189103","rubriek":"wijk","FID":"wijk_gegeneraliseerd_2010.fb4c18a3-4209-4976-a009-64af470595e2"},"id":"WK189103"},{"arcs":[[-6674,-6829,-4545,7617]],"type":"Polygon","properties":{"id":118846,"statcode":"WK189201","statnaam":"Wijk 01 Moerkapelle","jrstatcode":"2010WK189201","rubriek":"wijk","FID":"wijk_gegeneraliseerd_2010.3ebaa251-e36e-4cc2-bdc9-0a3da9f3c106"},"id":"WK189201"},{"arcs":[[-6648,-6675,-7618,-4544,7618,7619,-4385]],"type":"Polygon","properties":{"id":118847,"statcode":"WK189202","statnaam":"Wijk 02 Zevenhuizen","jrstatcode":"2010WK189202","rubriek":"wijk","FID":"wijk_gegeneraliseerd_2010.41577de8-74e0-4ef8-939b-d12963b0d3f4"},"id":"WK189202"},{"arcs":[[-3907,-4622,-4620,7620,-7619,-4543]],"type":"Polygon","properties":{"id":118848,"statcode":"WK189203","statnaam":"Wijk 03 Moordrecht","jrstatcode":"2010WK189203","rubriek":"wijk","FID":"wijk_gegeneraliseerd_2010.adeefa07-430b-41ce-956f-940856d41272"},"id":"WK189203"},{"arcs":[[-3688,-3691,-3695,-3698,-4386,-7620,-7621,-4619]],"type":"Polygon","properties":{"id":118849,"statcode":"WK189204","statnaam":"Wijk 04 Nieuwerkerk aan den IJssel","jrstatcode":"2010WK189204","rubriek":"wijk","FID":"wijk_gegeneraliseerd_2010.e4229295-bba9-4e6c-8dbf-33b1b1e1fb9d"},"id":"WK189204"},{"arcs":[[7621,-5389,-6585,7622,7623]],"type":"Polygon","properties":{"id":118850,"statcode":"WK189400","statnaam":"Wijk 00 Grashoek-Koningslust","jrstatcode":"2010WK189400","rubriek":"wijk","FID":"wijk_gegeneraliseerd_2010.6cdf8500-fd47-4af6-8e8e-5b69bc380d82"},"id":"WK189400"},{"arcs":[[-7624,7624,7625,7626,-6702,-6700,7627]],"type":"Polygon","properties":{"id":118851,"statcode":"WK189401","statnaam":"Wijk 01 Panningen","jrstatcode":"2010WK189401","rubriek":"wijk","FID":"wijk_gegeneraliseerd_2010.94e912e0-71b8-49ca-b2ca-5d7be45aeac2"},"id":"WK189401"},{"arcs":[[-6444,-6145,-6149,-6703,-7627,7628]],"type":"Polygon","properties":{"id":118852,"statcode":"WK189402","statnaam":"Wijk 02 Kessel","jrstatcode":"2010WK189402","rubriek":"wijk","FID":"wijk_gegeneraliseerd_2010.f592b5b2-14f7-43a3-ab22-670604816579"},"id":"WK189402"},{"arcs":[[-6584,-6581,-6423,-6436,-6429,-6435,7629,-7625,-7623]],"type":"Polygon","properties":{"id":118853,"statcode":"WK189403","statnaam":"Wijk 03 Maasbree","jrstatcode":"2010WK189403","rubriek":"wijk","FID":"wijk_gegeneraliseerd_2010.747d07c2-5b5c-49d3-a09e-b5263710c6c4"},"id":"WK189403"},{"arcs":[[-6434,-6440,-6445,-7629,-7626,-7630]],"type":"Polygon","properties":{"id":118854,"statcode":"WK189404","statnaam":"Wijk 04 Baarlo","jrstatcode":"2010WK189404","rubriek":"wijk","FID":"wijk_gegeneraliseerd_2010.b2c01545-197d-4b55-ba30-28f6b8ce1197"},"id":"WK189404"},{"arcs":[[-7622,-7628,-6699,-6679,-6338,-5214,-5221,-5388,-5390]],"type":"Polygon","properties":{"id":118855,"statcode":"WK189405","statnaam":"Wijk 05 Meijel","jrstatcode":"2010WK189405","rubriek":"wijk","FID":"wijk_gegeneraliseerd_2010.93c83218-06ba-4a86-b012-5e09fdb73129"},"id":"WK189405"},{"arcs":[[-5396,7630,7631,7632,7633,7634,-29]],"type":"Polygon","properties":{"id":118856,"statcode":"WK189500","statnaam":"Wijk 00 Winschoten","jrstatcode":"2010WK189500","rubriek":"wijk","FID":"wijk_gegeneraliseerd_2010.319265f4-c82c-40f8-b27c-c5d31f4565ef"},"id":"WK189500"},{"arcs":[[-7634,7635,7636,-48,7637,7638,7639]],"type":"Polygon","properties":{"id":118857,"statcode":"WK189501","statnaam":"Wijk 01 Finsterwolde","jrstatcode":"2010WK189501","rubriek":"wijk","FID":"wijk_gegeneraliseerd_2010.147d1dec-3be6-48ab-bf72-1394aaea5bb1"},"id":"WK189501"},{"arcs":[[7640,7641,-7639,7642]],"type":"Polygon","properties":{"id":118858,"statcode":"WK189502","statnaam":"Wijk 02 Drieborg","jrstatcode":"2010WK189502","rubriek":"wijk","FID":"wijk_gegeneraliseerd_2010.c5b5624a-dcc6-4966-ba89-fe7adb724644"},"id":"WK189502"},{"arcs":[[7643,7644,-19,-30,-7635,-7640,-7642],[7645]],"type":"Polygon","properties":{"id":118859,"statcode":"WK189503","statnaam":"Wijk 03 Beerta","jrstatcode":"2010WK189503","rubriek":"wijk","FID":"wijk_gegeneraliseerd_2010.9fe161b1-2ba7-4b1f-9d48-a28604adc1a5"},"id":"WK189503"},{"arcs":[[-7646]],"type":"Polygon","properties":{"id":118860,"statcode":"WK189504","statnaam":"Wijk 04 Nieuw-Beerta","jrstatcode":"2010WK189504","rubriek":"wijk","FID":"wijk_gegeneraliseerd_2010.a7b81c9d-923f-4308-ba5d-184625c53ba1"},"id":"WK189504"},{"arcs":[[-7644,-7641,7646]],"type":"Polygon","properties":{"id":118861,"statcode":"WK189505","statnaam":"Wijk 05 Nieuweschans","jrstatcode":"2010WK189505","rubriek":"wijk","FID":"wijk_gegeneraliseerd_2010.7a7c6a9e-bba8-4e69-a442-e8c18457a3ce"},"id":"WK189505"},{"arcs":[[-7632,7647,7648,7649]],"type":"Polygon","properties":{"id":118862,"statcode":"WK189506","statnaam":"Wijk 06 Scheemda-Heiligerlee","jrstatcode":"2010WK189506","rubriek":"wijk","FID":"wijk_gegeneraliseerd_2010.a95e4fc2-c225-4e89-b09c-ac3554c30965"},"id":"WK189506"},{"arcs":[[-7631,-5395,7650,7651,-7648]],"type":"Polygon","properties":{"id":118863,"statcode":"WK189507","statnaam":"Wijk 01 Westerlee","jrstatcode":"2010WK189507","rubriek":"wijk","FID":"wijk_gegeneraliseerd_2010.454f082a-203a-43b6-848b-761945dae44d"},"id":"WK189507"},{"arcs":[[7652,-7649,-7652,7653,7654,7655,-249,-50,7656]],"type":"Polygon","properties":{"id":118864,"statcode":"WK189508","statnaam":"Wijk 02 Noord","jrstatcode":"2010WK189508","rubriek":"wijk","FID":"wijk_gegeneraliseerd_2010.48b1837a-7480-45ea-9c39-c0062500089a"},"id":"WK189508"},{"arcs":[[-7633,-7650,-7653,7657,-7636]],"type":"Polygon","properties":{"id":118865,"statcode":"WK189509","statnaam":"Wijk 03 Midwolda","jrstatcode":"2010WK189509","rubriek":"wijk","FID":"wijk_gegeneraliseerd_2010.11a28a7b-75ca-429d-a019-1c2b8e58c572"},"id":"WK189509"},{"arcs":[[-49,-7637,-7658,-7657]],"type":"Polygon","properties":{"id":118866,"statcode":"WK189510","statnaam":"Wijk 04 Nieuwolda","jrstatcode":"2010WK189510","rubriek":"wijk","FID":"wijk_gegeneraliseerd_2010.c8a3078c-5df7-47c7-8a2e-2c16355ede08"},"id":"WK189510"},{"arcs":[[7658,7659,-1237,7660,7661]],"type":"Polygon","properties":{"id":118867,"statcode":"WK189600","statnaam":"Wijk 00 Genemuiden","jrstatcode":"2010WK189600","rubriek":"wijk","FID":"wijk_gegeneraliseerd_2010.a70c1e99-d629-4454-a92f-1deafce0b91c"},"id":"WK189600"},{"arcs":[[-1258,-1238,-7660,7662,-1266,-1248]],"type":"Polygon","properties":{"id":118868,"statcode":"WK189601","statnaam":"Wijk 01 Kamperzeedijk","jrstatcode":"2010WK189601","rubriek":"wijk","FID":"wijk_gegeneraliseerd_2010.2c1e2f1d-4753-411a-8ea9-b0b5c8e500d1"},"id":"WK189601"},{"arcs":[[7663,7664]],"type":"Polygon","properties":{"id":118869,"statcode":"WK189602","statnaam":"Wijk 02 Hasselt","jrstatcode":"2010WK189602","rubriek":"wijk","FID":"wijk_gegeneraliseerd_2010.2ad5a5cd-92e2-4ddb-a7a1-c0e02a4740ff"},"id":"WK189602"},{"arcs":[[7665,-1384,-1463,-1457,-1264,-7663,-7659,7666,-7665]],"type":"Polygon","properties":{"id":118870,"statcode":"WK189603","statnaam":"Wijk 03 Ter Wee's Hoek","jrstatcode":"2010WK189603","rubriek":"wijk","FID":"wijk_gegeneraliseerd_2010.e3c52848-19fb-410d-a786-a0a6454ab633"},"id":"WK189603"},{"arcs":[[-1375,-1371,-1385,-7666,-7664,-7667,-7662,7667,-7211,-7214,-7218]],"type":"Polygon","properties":{"id":118871,"statcode":"WK189604","statnaam":"Wijk 04 Zwartsluis","jrstatcode":"2010WK189604","rubriek":"wijk","FID":"wijk_gegeneraliseerd_2010.cd7c0209-f6f0-4a79-8d5b-798c44c3b25d"},"id":"WK189604"},{"arcs":[[7668,7669,-4029,-3992]],"type":"Polygon","properties":{"id":118872,"statcode":"WK191601","statnaam":"Wijk 01 Voorburg Noord","jrstatcode":"2010WK191601","rubriek":"wijk","FID":"wijk_gegeneraliseerd_2010.f1e58d9e-996e-4b5e-9458-edade8b084f8"},"id":"WK191601"},{"arcs":[[7670,7671,-7669,-3991,-3988]],"type":"Polygon","properties":{"id":118873,"statcode":"WK191602","statnaam":"Wijk 02 Bovenveen","jrstatcode":"2010WK191602","rubriek":"wijk","FID":"wijk_gegeneraliseerd_2010.28b7eb45-067b-4424-8f96-528e373d9a21"},"id":"WK191602"},{"arcs":[[-4031,7672,-4047,-4036]],"type":"Polygon","properties":{"id":118874,"statcode":"WK191603","statnaam":"Wijk 03 Voorburg West","jrstatcode":"2010WK191603","rubriek":"wijk","FID":"wijk_gegeneraliseerd_2010.1e397457-89a5-4f29-bac8-369e73b79061"},"id":"WK191603"},{"arcs":[[-4048,-7673,-4030,-7670,-7672,7673]],"type":"Polygon","properties":{"id":118875,"statcode":"WK191604","statnaam":"Wijk 04 Voorburg Midden","jrstatcode":"2010WK191604","rubriek":"wijk","FID":"wijk_gegeneraliseerd_2010.46092a5a-244b-401b-b454-4ffe1ff91da5"},"id":"WK191604"},{"arcs":[[7674,7675,-7674,-7671,-3987,7676,7677]],"type":"Polygon","properties":{"id":118876,"statcode":"WK191605","statnaam":"Wijk 05 Essesteijn","jrstatcode":"2010WK191605","rubriek":"wijk","FID":"wijk_gegeneraliseerd_2010.03145523-18b1-42f6-99e4-4d0962acb649"},"id":"WK191605"},{"arcs":[[7678,7679,-7675,7680]],"type":"Polygon","properties":{"id":118877,"statcode":"WK191606","statnaam":"Wijk 06 Damsigt en omgeving","jrstatcode":"2010WK191606","rubriek":"wijk","FID":"wijk_gegeneraliseerd_2010.14672d71-83c1-443b-9426-c9b7e87538cc"},"id":"WK191606"},{"arcs":[[7681,-4049,-7676,-7680,7682]],"type":"Polygon","properties":{"id":118878,"statcode":"WK191607","statnaam":"Wijk 07 Leidschendam-Centrum","jrstatcode":"2010WK191607","rubriek":"wijk","FID":"wijk_gegeneraliseerd_2010.226d3786-d9a8-4259-8a60-9f3b36d1bcfe"},"id":"WK191607"},{"arcs":[[7683,-7681,-7678]],"type":"Polygon","properties":{"id":118879,"statcode":"WK191608","statnaam":"Wijk 08 Park Veursehout","jrstatcode":"2010WK191608","rubriek":"wijk","FID":"wijk_gegeneraliseerd_2010.6a54195e-da60-4c2c-802e-adc7400f541a"},"id":"WK191608"},{"arcs":[[-7677,-3986,-4550,-4540,7684,7685,7686,7687,-7684]],"type":"Polygon","properties":{"id":118880,"statcode":"WK191609","statnaam":"Wijk 09 De Zijde en omgeving","jrstatcode":"2010WK191609","rubriek":"wijk","FID":"wijk_gegeneraliseerd_2010.b8ad81fb-0558-4fcc-9a56-8dba5866ced0"},"id":"WK191609"},{"arcs":[[7688,-7687]],"type":"Polygon","properties":{"id":118881,"statcode":"WK191610","statnaam":"Wijk 10 Prinsenhof","jrstatcode":"2010WK191610","rubriek":"wijk","FID":"wijk_gegeneraliseerd_2010.f5590f84-31e3-4511-b1ea-0a988459e844"},"id":"WK191610"},{"arcs":[[7689,-7683,-7679,-7688,-7689,-7686]],"type":"Polygon","properties":{"id":118882,"statcode":"WK191611","statnaam":"Wijk 11 't Lien en omgeving","jrstatcode":"2010WK191611","rubriek":"wijk","FID":"wijk_gegeneraliseerd_2010.4530734d-abe9-4f39-8c79-d035317fa1a5"},"id":"WK191611"},{"arcs":[[-4183,-4598,-4591,-4050,-4045,-7682,-7690,-7685,-4539]],"type":"Polygon","properties":{"id":118883,"statcode":"WK191612","statnaam":"Wijk 12 Stompwijk","jrstatcode":"2010WK191612","rubriek":"wijk","FID":"wijk_gegeneraliseerd_2010.9e15fb39-172f-4ca9-8310-2f7c28921b22"},"id":"WK191612"},{"arcs":[[-6668,-6669,-4363,-3746,7690,-3724,-4041,7691,-4589,-4579,-6662]],"type":"Polygon","properties":{"id":118884,"statcode":"WK192601","statnaam":"Wijk 01 Pijnacker","jrstatcode":"2010WK192601","rubriek":"wijk","FID":"wijk_gegeneraliseerd_2010.e13b41e8-4a0b-4baf-a57f-d2dde936cbd5"},"id":"WK192601"},{"arcs":[[-4052,-4590,-7692,-4044]],"type":"Polygon","properties":{"id":118885,"statcode":"WK192602","statnaam":"Wijk 02 Nootdorp","jrstatcode":"2010WK192602","rubriek":"wijk","FID":"wijk_gegeneraliseerd_2010.1a007d47-7ee4-413d-9d84-08bca32c77e6"},"id":"WK192602"},{"arcs":[[-3745,-3741,-3720,-7691]],"type":"Polygon","properties":{"id":118886,"statcode":"WK192603","statnaam":"Wijk 03 Delfgauw","jrstatcode":"2010WK192603","rubriek":"wijk","FID":"wijk_gegeneraliseerd_2010.eb93d43a-4e61-4332-b91d-3a07a8313900"},"id":"WK192603"},{"arcs":[[-6594,7692,7693,-1776,-1767,-6597,-6589]],"type":"Polygon","properties":{"id":118887,"statcode":"WK195500","statnaam":"Wijk 00 's-Heerenberg","jrstatcode":"2010WK195500","rubriek":"wijk","FID":"wijk_gegeneraliseerd_2010.279db844-20fb-46e9-9acd-fb001aac3e92"},"id":"WK195500"},{"arcs":[[-2178,7694,-1785,-1774,-7694,7695]],"type":"Polygon","properties":{"id":118888,"statcode":"WK195501","statnaam":"Wijk 01 Brakel","jrstatcode":"2010WK195501","rubriek":"wijk","FID":"wijk_gegeneraliseerd_2010.1a8c448f-2858-4382-911a-e70969a640bc"},"id":"WK195501"},{"arcs":[[-2181,-1786,-7695,-2177,-2175]],"type":"Polygon","properties":{"id":118889,"statcode":"WK195502","statnaam":"Wijk 02 Didam","jrstatcode":"2010WK195502","rubriek":"wijk","FID":"wijk_gegeneraliseerd_2010.7b4b7f34-580e-4b79-9c06-2c2eb1ad8a3c"},"id":"WK195502"},{"arcs":[[-7655,7696,7697,-151,7698]],"type":"Polygon","properties":{"id":118890,"statcode":"WK198700","statnaam":"Wijk 00 Zuidbroek","jrstatcode":"2010WK198700","rubriek":"wijk","FID":"wijk_gegeneraliseerd_2010.b900382a-ea94-4233-b83f-c86f49c15fe2"},"id":"WK198700"},{"arcs":[[-241,-245,-250,-7656,-7699,-150]],"type":"Polygon","properties":{"id":118891,"statcode":"WK198701","statnaam":"Wijk 01 Noordbroek","jrstatcode":"2010WK198701","rubriek":"wijk","FID":"wijk_gegeneraliseerd_2010.7c746e9c-bfdc-4ab1-8839-f276085abe69"},"id":"WK198701"},{"arcs":[[-7654,-7651,-5394,-259,7699,-7697]],"type":"Polygon","properties":{"id":118892,"statcode":"WK198702","statnaam":"Wijk 02","jrstatcode":"2010WK198702","rubriek":"wijk","FID":"wijk_gegeneraliseerd_2010.d200c6f5-ca57-4dbe-b2cf-d0f46fe25056"},"id":"WK198702"},{"arcs":[[-132,-152,-7698,-7700,-258,-253,-262]],"type":"Polygon","properties":{"id":118893,"statcode":"WK198703","statnaam":"Wijk 03","jrstatcode":"2010WK198703","rubriek":"wijk","FID":"wijk_gegeneraliseerd_2010.0e6d5c83-3c6f-4c5e-906c-dfded8815780"},"id":"WK198703"}]}}}