{"type":"Topology","arcs":[[[3529,2549],[-41,-8],[-32,8]],[[3456,2549],[-7,28],[32,5],[-5,12]],[[3476,2594],[49,-5],[4,-40]],[[3218,2598],[20,0]],[[3238,2598],[24,-33],[34,-5]],[[3296,2560],[-28,-43],[9,-15]],[[3277,2502],[-85,14]],[[3192,2516],[10,49],[16,33]],[[3657,2323],[28,30],[-13,13]],[[3672,2366],[50,29],[27,0],[33,11],[34,-7],[15,7]],[[3831,2406],[-6,-33],[20,-9],[-4,-32],[5,-25]],[[3846,2307],[-74,-17],[-27,22],[-23,0]],[[3722,2312],[-46,4],[-19,7]],[[3286,2486],[-9,16]],[[3296,2560],[36,-11],[19,12],[63,-18],[1,-9]],[[3415,2534],[-129,-48]],[[3476,2594],[-12,17],[-21,6],[-24,32],[15,6]],[[3434,2655],[52,18],[30,-14]],[[3516,2659],[14,-12],[9,-40],[31,-27],[98,-27],[58,-4],[-5,-33],[12,-8]],[[3733,2508],[-23,-15],[-27,18],[-19,-7],[-25,14],[-45,-11],[-23,-19],[-18,6]],[[3553,2494],[-2,36],[-22,0],[0,19]],[[3281,2437],[-34,11],[-34,-14],[-23,-2]],[[3190,2432],[-35,16]],[[3155,2448],[-50,3]],[[3105,2451],[1,8]],[[3106,2459],[16,38],[28,12]],[[3150,2509],[42,7]],[[3286,2486],[23,-33]],[[3309,2453],[-28,-16]],[[2874,2507],[44,0],[3,-11],[65,7],[47,-17],[15,-18]],[[3048,2468],[-77,-13]],[[2971,2455],[-45,-22],[-40,-9],[-15,-18],[-53,-20]],[[2818,2386],[1,24]],[[2819,2410],[24,40],[29,23],[-16,12],[18,22]],[[3281,2437],[18,-5],[33,-30],[5,-30]],[[3337,2372],[-58,-8],[-23,23],[-50,22],[-16,23]],[[3445,2375],[11,-53]],[[3456,2322],[-37,24]],[[3419,2346],[-40,24],[-42,2]],[[3309,2453],[15,-1],[36,-27],[27,-6],[20,11],[47,7]],[[3454,2437],[10,-11],[-5,-25],[-23,-13],[9,-13]],[[3048,2468],[58,-9]],[[3105,2451],[-55,-22],[-25,-28],[-39,-63],[-29,7]],[[2957,2345],[-19,4]],[[2938,2349],[-7,21],[18,11],[40,5],[-10,30],[3,32],[-11,7]],[[3456,2549],[-41,-15]],[[3238,2598],[35,16],[33,4],[33,-4],[82,48],[13,-7]],[[2938,2349],[-34,16],[-57,2],[-19,13]],[[2828,2380],[-10,6]],[[1900,1686],[18,-12],[75,-23]],[[1993,1651],[-50,-18],[78,-68],[-62,-10]],[[1959,1555],[-3,-1]],[[1956,1554],[-1,0]],[[1955,1554],[-44,19],[-64,13],[-66,-9]],[[1781,1577],[-1,0]],[[1780,1577],[-9,57],[32,17],[97,35]],[[3669,2170],[-13,7],[-78,67]],[[3578,2244],[-75,48]],[[3503,2292],[20,6],[27,-8]],[[3550,2290],[47,-25],[55,60],[5,-2]],[[3722,2312],[-10,-18],[30,-27],[-28,-12],[-2,-51],[-7,-22],[-36,-12]],[[3553,2494],[2,-18]],[[3555,2476],[-28,1],[-68,-28],[-5,-12]],[[3445,2375],[97,4],[59,-8],[3,-10]],[[3604,2361],[-1,-13],[-31,-24],[-22,-34]],[[3503,2292],[-47,30]],[[3846,2307],[9,-45],[-31,-69],[-78,-78],[-11,-26]],[[3735,2089],[-21,7],[-32,28],[-25,0]],[[3657,2124],[31,43],[-19,3]],[[1993,1651],[88,43],[70,-45],[28,-13],[52,26]],[[2231,1662],[34,-2],[-8,-38]],[[2257,1622],[0,-8]],[[2257,1614],[-1,-1]],[[2256,1613],[-50,6],[-25,-18],[14,-29],[-24,-46],[-117,-22],[-10,0],[-85,51]],[[3150,2509],[-2,11],[-66,13],[-19,16],[17,19]],[[3080,2568],[47,27],[-15,39],[30,16],[15,27],[33,0]],[[3190,2677],[-4,-20],[-21,-21],[23,-6],[30,-32]],[[2874,2507],[0,1]],[[2874,2508],[21,31],[26,15],[15,5],[-13,5],[6,28]],[[2929,2592],[5,-3]],[[2934,2589],[24,-18],[38,-6],[45,5],[39,-2]],[[2802,2568],[-24,-8],[-35,14],[-23,-1]],[[2720,2573],[-45,4],[-12,-17],[-45,-2],[-12,16],[-29,-7]],[[2577,2567],[-28,27],[-59,34]],[[2490,2628],[52,12],[34,-1],[85,15],[72,5],[48,-4],[38,11],[14,-4]],[[2833,2662],[-32,-3],[-4,-15],[24,-71],[-19,-5]],[[2702,2723],[-2,3]],[[2700,2726],[2,-3]],[[2819,2410],[-55,-14],[-17,7]],[[2747,2403],[10,24],[-30,18],[1,21],[-59,15],[-7,11]],[[2662,2492],[24,3]],[[2686,2495],[97,20],[40,-3],[14,9],[37,-13]],[[2427,2712],[161,7],[-2,-12],[-53,-5],[-86,-13],[-75,5],[-61,-23],[-49,16],[-8,12],[19,17],[29,5],[28,-10],[97,1]],[[2377,2546],[-14,-15],[13,-31]],[[2376,2500],[-45,-8],[-71,15],[10,-16],[-27,-10]],[[2243,2481],[-8,-4],[-42,36],[-13,4]],[[2180,2517],[49,34],[67,20],[65,15]],[[2361,2586],[3,-13],[27,-8],[-14,-19]],[[2247,2435],[-26,-22],[26,-18],[-19,-13],[-39,6]],[[2189,2388],[-16,11],[-33,-7],[-26,6]],[[2114,2398],[14,17],[-6,12],[10,25],[-23,-2],[-29,11]],[[2080,2461],[45,31],[55,25]],[[2243,2481],[20,-22],[-16,-24]],[[2114,2398],[-60,5]],[[2054,2403],[7,27],[19,31]],[[2580,2163],[-72,88],[-8,17],[-58,31],[-4,11]],[[2438,2310],[22,16],[55,10]],[[2515,2336],[55,-6]],[[2570,2330],[19,-17],[-7,-20],[45,-17],[-8,-32],[-19,-20],[69,-9],[43,10],[36,25],[33,14],[37,8],[29,17]],[[2847,2289],[-3,-48],[-44,-14],[-30,-23],[-42,-17]],[[2728,2187],[-48,-18],[-36,16],[-47,-8],[-17,-14]],[[2802,2568],[21,4],[-7,30],[44,3],[3,-12],[32,6],[34,-7]],[[2686,2495],[10,47],[19,1],[5,30]],[[2438,2310],[-25,-12]],[[2413,2298],[0,42],[17,8],[-31,19]],[[2399,2367],[8,58],[-27,-1]],[[2380,2424],[7,25],[-15,37],[14,6]],[[2386,2492],[31,-15],[33,-2],[24,19]],[[2474,2494],[27,0],[21,-10],[18,-24],[-40,-5],[-7,-13],[11,-19],[72,-3],[-25,-24],[34,-23]],[[2585,2373],[-11,-11],[-50,-4],[-9,-22]],[[2386,2492],[-10,8]],[[2377,2546],[28,-1],[48,-17],[28,-2]],[[2481,2526],[-7,-32]],[[2974,2326],[36,-8],[-5,-33],[50,-48]],[[3055,2237],[15,-14],[-35,-39],[-24,-11]],[[3011,2173],[-36,-16],[-30,19],[-56,-2]],[[2889,2174],[-33,3],[-26,13],[-43,-11],[-34,-15],[-25,23]],[[2847,2289],[18,1],[109,36]],[[2570,2330],[161,-8],[36,30],[61,28]],[[2957,2345],[17,-19]],[[3033,2766],[1,-1]],[[3034,2765],[-115,-24],[-32,-13],[-109,-8],[-5,13],[27,19],[133,7],[100,7]],[[2700,2726],[2,-3]],[[2585,2373],[70,33],[65,2],[27,-5]],[[2182,2687],[-100,-32],[-63,-4],[-20,-12],[-64,-18],[-34,3],[-67,-24],[-38,8],[38,34],[33,8],[177,28],[107,19],[31,-10]],[[1704,2544],[-30,-12],[-60,-16],[5,-12],[-44,-16],[-20,-21],[-62,5],[74,30],[58,31],[43,16],[36,-5]],[[2889,2174],[-41,-33],[-86,-36]],[[2762,2105],[-89,-39],[-45,7],[-13,20],[-43,-7],[-6,-11],[-45,-23],[-36,4],[-23,12]],[[2462,2068],[37,54],[29,23],[25,4],[27,14]],[[3204,2198],[-28,-13],[-37,18],[-11,21],[11,10],[-9,22]],[[3130,2256],[16,11],[-8,15],[9,16]],[[3147,2298],[42,-12],[8,24],[45,2],[4,-28],[27,-7]],[[3273,2277],[-35,-53],[-34,-26]],[[3357,2119],[21,11]],[[3378,2130],[30,-29],[51,-24],[33,-21]],[[3492,2056],[-18,-25],[6,-29],[-12,-20],[23,-32],[13,-49]],[[3504,1901],[-40,-2],[-45,4],[-35,-7],[-32,-17]],[[3352,1879],[-2,21],[-79,21]],[[3271,1921],[1,43],[-34,0],[-9,23]],[[3229,1987],[74,65],[31,9],[-2,16],[14,21],[24,7],[-13,14]],[[3735,2089],[-21,-28],[-8,-87],[-9,-76],[-13,-14],[-66,13],[-37,-8],[-42,13],[-35,-1]],[[3492,2056],[20,15],[80,29],[9,14],[56,10]],[[3271,1921],[-14,4],[-62,-8],[-24,-11]],[[3171,1906],[2,17],[-31,2],[-14,20],[-37,0],[2,13],[-44,0],[16,36],[-13,22],[36,11],[1,10]],[[3089,2037],[8,15]],[[3097,2052],[37,-8],[-1,-22],[22,-9],[53,4],[-8,-21],[29,-9]],[[2873,1993],[-15,-23],[1,-16],[32,5],[38,-9],[-21,-31]],[[2908,1919],[-52,18],[-31,-11],[-24,17]],[[2801,1943],[-39,58],[53,23]],[[2815,2024],[29,-44],[29,13]],[[2247,2435],[18,-16],[30,-2],[26,13],[39,-9],[20,3]],[[2399,2367],[-48,-26],[-8,-11],[-62,-12],[-15,8],[-25,-7],[-11,16],[-22,0],[-6,16],[-30,2],[-2,13],[19,22]],[[3241,1635],[53,15],[47,-5]],[[3341,1645],[14,-19],[8,-34]],[[3363,1592],[-30,-33]],[[3333,1559],[-34,-13],[-31,-5]],[[3268,1541],[6,12],[-22,11],[9,13],[-14,19],[10,18],[-16,21]],[[3401,1583],[15,-13],[28,-5]],[[3444,1565],[-29,-22],[-30,-9]],[[3385,1534],[-32,21],[-20,4]],[[3363,1592],[38,-9]],[[2945,1848],[20,-4]],[[2965,1844],[38,-66],[-28,-13],[11,-31],[-1,-26],[28,-7],[10,-20]],[[3023,1681],[-37,-5],[-52,11],[-14,21],[-42,9],[-66,3],[-8,5]],[[2804,1725],[31,8],[-10,38],[28,48],[-9,17]],[[2844,1836],[101,12]],[[2877,1571],[32,-19],[60,1]],[[2969,1553],[2,-21],[46,-25],[7,-10]],[[3024,1497],[-31,-4],[-12,-15],[-41,-1],[-132,5]],[[2808,1482],[-19,-3],[-23,24],[6,9],[-29,40]],[[2743,1552],[7,-3],[61,10],[37,13],[29,-1]],[[3482,1527],[28,-3],[44,13]],[[3554,1537],[27,-2]],[[3581,1535],[30,-17],[-3,-37],[15,-9]],[[3623,1472],[-30,-40],[-40,-4],[-21,-16]],[[3532,1412],[-62,10],[-22,-4],[-39,24]],[[3409,1442],[-11,26],[18,21],[40,-8],[6,14],[23,10],[-3,22]],[[3532,1412],[-17,-29],[-18,-13],[-94,-1]],[[3403,1369],[-45,-1],[-54,12],[12,13],[-2,23],[-27,9]],[[3287,1425],[-11,12],[38,12],[25,-2],[15,10]],[[3354,1457],[55,-15]],[[2945,1848],[25,62]],[[2970,1910],[36,-16],[22,-30],[45,15],[11,-12],[50,3],[27,-5],[-5,32],[15,9]],[[3352,1879],[17,-13],[-8,-26],[48,-25],[-40,-1],[-11,-14],[-35,4],[24,-32],[-7,-35]],[[3340,1737],[-29,9],[-28,-24],[-30,-4],[-16,13]],[[3237,1731],[15,12],[-64,25],[-24,44],[-33,8],[-74,1],[-12,21],[-80,2]],[[3110,1577],[-46,0],[-66,-8]],[[2998,1569],[-22,33],[9,19],[45,10],[17,36],[-15,12]],[[3032,1679],[40,11],[20,22]],[[3092,1712],[25,-20],[36,-4],[32,14],[55,-12],[-22,-21]],[[3218,1669],[-60,-12],[-3,-24],[-45,-56]],[[3354,1457],[12,46],[29,0],[-10,31]],[[3444,1565],[19,-15],[25,-8],[-6,-15]],[[2472,1828],[14,34]],[[2486,1862],[52,7]],[[2538,1869],[22,-5],[69,12]],[[2629,1876],[4,-11],[-20,-20],[12,-16],[30,8],[20,-27]],[[2675,1810],[-29,-9],[26,-12],[-2,-28]],[[2670,1761],[-27,-10]],[[2643,1751],[-36,-24],[-39,-2],[-16,23],[-31,25],[-13,-3]],[[2508,1770],[-5,8]],[[2503,1778],[0,1]],[[2503,1779],[-4,24],[-27,25]],[[3581,1535],[11,24],[-12,25]],[[3580,1584],[32,16],[1,31],[37,-16],[64,9]],[[3714,1624],[0,-21],[-15,-13],[-31,-47],[2,-14],[33,-43],[-80,-14]],[[2437,2058],[24,-22],[31,0],[72,-34],[21,-36],[22,-21],[-31,-18],[48,-18]],[[2624,1909],[-18,-19],[-132,-26],[-169,0],[-12,2]],[[2293,1866],[-1,1]],[[2292,1867],[-34,35]],[[2258,1902],[33,-1],[6,16],[-13,12],[-49,-2]],[[2235,1927],[4,90],[64,63],[52,9]],[[2355,2089],[36,2],[46,-33]],[[2486,1862],[52,7]],[[3554,1537],[-51,20],[40,27],[37,0]],[[3237,1731],[-90,11],[-1,-9],[-39,-7],[-15,-14]],[[3032,1679],[-9,2]],[[2797,1704],[7,21]],[[2998,1569],[-29,-16]],[[2877,1571],[-12,27],[-26,5],[-8,13],[15,22],[25,2],[-7,20],[9,14],[-54,8],[-22,22]],[[2908,1919],[62,-9]],[[2844,1836],[-55,-1]],[[2789,1835],[-15,-3],[-27,22],[-9,28],[8,25],[16,12]],[[2762,1919],[39,24]],[[3589,1688],[-94,-10],[9,-19],[2,-44],[-47,1],[-34,-5],[-24,-28]],[[3341,1645],[-29,23],[3,24],[19,6],[26,31]],[[3360,1729],[57,-18],[79,0],[8,-9],[85,-14]],[[2258,1902],[-23,9],[0,16]],[[3196,1534],[-5,30],[-24,13],[-57,0]],[[3218,1669],[23,-34]],[[3268,1541],[-21,-19],[-37,-1],[-14,13]],[[2752,1692],[-6,13]],[[2746,1705],[-5,16],[-28,12],[-17,18],[-26,10]],[[2675,1810],[30,8],[26,-15],[15,15],[37,-15],[26,13],[-20,19]],[[2797,1704],[-18,-12],[-27,0]],[[2705,1115],[-17,6]],[[2688,1121],[-24,25],[-35,17]],[[2629,1163],[51,2]],[[2680,1165],[47,-1],[18,-22]],[[2745,1142],[34,-6],[8,-16],[22,-9],[0,-20],[-60,7],[-44,17]],[[3311,1164],[-31,-10],[-86,-18],[-52,-24],[-36,-7]],[[3106,1105],[20,25],[-12,27],[21,11],[12,28],[22,20]],[[3169,1216],[32,8],[70,-7],[10,-4]],[[3281,1213],[-5,-28],[35,-21]],[[2452,1401],[-18,47],[-42,-3],[-19,15],[11,11],[-16,23]],[[2368,1494],[35,5],[-12,20]],[[2391,1519],[102,1]],[[2493,1520],[29,-4],[56,9],[93,3],[7,-8]],[[2678,1520],[-9,-23],[20,-26],[17,-63],[12,-14]],[[2718,1394],[-24,-20],[-18,-26],[-25,-24]],[[2651,1324],[-19,5],[-34,-6]],[[2598,1323],[-10,5]],[[2588,1328],[0,21],[-63,7],[-18,20],[-5,23],[-50,2]],[[2632,1224],[-38,-9],[2,-15]],[[2596,1200],[-22,9],[-34,-25]],[[2540,1184],[-69,14],[6,26]],[[2477,1224],[24,-4],[5,26],[-61,8],[10,20]],[[2455,1274],[37,28],[49,-2],[11,12],[36,16]],[[2598,1323],[-19,-24],[4,-38],[11,-11]],[[2594,1250],[38,-26]],[[2136,1361],[-8,4]],[[2128,1365],[26,22],[-31,14]],[[2123,1401],[-1,16]],[[2122,1417],[6,16],[45,10],[11,-14],[23,0],[13,17],[48,-2],[7,15]],[[2275,1459],[48,17],[3,16]],[[2326,1492],[42,2]],[[2452,1401],[-88,-5],[0,-8],[-43,-6],[-41,-1],[-60,-10],[-28,-16]],[[2192,1355],[-18,-3]],[[2174,1352],[-38,9]],[[2407,1082],[-87,11],[-10,23]],[[2310,1116],[17,30]],[[2327,1146],[22,-3]],[[2349,1143],[110,-23]],[[2459,1120],[9,-8],[-61,-30]],[[2648,1316],[3,8]],[[2718,1394],[84,18],[25,0]],[[2827,1412],[-12,-17],[19,-31],[26,-16]],[[2860,1348],[-40,-7],[-7,-12],[-34,-20]],[[2779,1309],[-34,19],[-35,10],[-44,-21],[-18,-1]],[[2095,1173],[-42,-11],[-18,-15],[-54,-23]],[[1981,1124],[-26,22],[-18,4],[-40,36]],[[1897,1186],[-13,10],[28,19]],[[1912,1215],[63,-8],[15,11],[43,3]],[[2033,1221],[51,15],[36,-3]],[[2120,1233],[62,-16],[21,-12],[26,-4]],[[2229,1201],[-27,-7],[-12,-22],[-54,-4],[-41,5]],[[1897,1186],[-22,-12],[-57,-3],[-33,4]],[[1785,1175],[6,9]],[[1791,1184],[31,33]],[[1822,1217],[39,-3],[11,12],[26,-5]],[[1898,1221],[14,-6]],[[2801,1250],[-49,-4]],[[2752,1246],[22,29],[-9,9]],[[2765,1284],[53,5],[1,-19],[-18,-20]],[[2948,1189],[-4,5],[-73,1],[-36,-4],[-30,15],[-18,25]],[[2787,1231],[15,0]],[[2802,1231],[65,-3],[54,7],[34,9],[22,-19],[68,7],[13,-9]],[[3058,1223],[-12,-16],[-43,-34],[-30,3],[-25,13]],[[2310,1116],[-32,1],[7,-22],[-33,-9]],[[2252,1086],[-25,3],[-17,38],[-37,18]],[[2173,1145],[25,6],[129,-5]],[[2644,1228],[59,4],[-8,-42],[-15,-25]],[[2629,1163],[-21,26]],[[2608,1189],[18,4],[7,29],[11,6]],[[2455,1274],[-68,-4],[-21,-19]],[[2366,1251],[-49,-10],[-69,3]],[[2248,1244],[-16,15]],[[2232,1259],[-3,22],[-29,18]],[[2200,1299],[5,29],[-13,27]],[[2484,1722],[36,-18],[-8,-8],[29,-24],[25,-30]],[[2566,1642],[-48,-33]],[[2518,1609],[-11,2],[-54,43],[-42,-5],[-12,9]],[[2399,1658],[53,28],[32,36]],[[2493,1520],[-10,35],[40,31],[-5,23]],[[2566,1642],[27,7]],[[2593,1649],[40,-19],[41,-12],[10,-10],[36,7]],[[2720,1615],[-4,-33]],[[2716,1582],[-21,0],[-18,-36],[1,-26]],[[2326,1492],[-45,31],[-51,7],[-40,13]],[[2190,1543],[12,24],[16,11]],[[2218,1578],[33,-8],[21,8],[41,-23],[35,24]],[[2348,1579],[45,-11],[-6,-29],[4,-20]],[[1981,1124],[-11,-15]],[[1970,1109],[-19,-7],[-24,5],[-56,-1],[-37,-8],[-38,-1]],[[1796,1097],[-16,26],[-24,16]],[[1756,1139],[29,36]],[[2218,1578],[35,19],[3,16]],[[2257,1614],[38,2],[26,14]],[[2321,1630],[15,-17],[12,-34]],[[2665,1695],[10,34],[-32,22]],[[2746,1705],[-81,-10]],[[2752,1692],[10,-8],[-9,-25],[19,-9],[-6,-18],[-42,-9],[-4,-8]],[[2593,1649],[72,46]],[[2443,1045],[36,11],[42,4]],[[2521,1060],[14,-32]],[[2535,1028],[-24,-2],[-5,-18]],[[2506,1008],[-73,-4]],[[2433,1004],[-31,0],[-30,19]],[[2372,1023],[51,11],[20,11]],[[2835,1421],[-1,8],[-35,20],[27,6],[5,13],[-23,14]],[[3024,1497],[34,-4]],[[3058,1493],[13,-19],[63,-46]],[[3134,1428],[-11,-36],[11,-18],[-13,-23],[-24,7],[-31,-11]],[[3066,1347],[-55,27],[-11,12],[-30,2]],[[2970,1388],[-4,16],[-86,-8],[-45,25]],[[1848,991],[-20,1]],[[1828,992],[-12,22],[96,10],[-4,19],[22,7],[-6,21]],[[1924,1071],[23,3],[34,-17],[27,1],[35,30]],[[2043,1088],[14,-17]],[[2057,1071],[-13,0],[-33,-31],[-15,-35]],[[1996,1005],[-58,-18],[-51,-3],[-39,7]],[[2122,1417],[-40,5],[-1,34],[-43,14]],[[2038,1470],[8,28]],[[2046,1498],[75,11]],[[2121,1509],[5,-19],[31,-5],[35,-32],[83,6]],[[2499,1145],[14,-6],[16,-24]],[[2529,1115],[-2,-17],[16,-22],[-22,-16]],[[2443,1045],[-36,37]],[[2459,1120],[40,25]],[[2484,1722],[24,48]],[[2121,1509],[46,6],[23,28]],[[2477,1224],[-49,-14],[-40,10],[-23,-6]],[[2365,1214],[-9,4],[10,33]],[[2779,1309],[-21,-10],[7,-15]],[[2752,1246],[-16,-3],[-30,22],[-62,-34]],[[2644,1231],[-12,-7]],[[2594,1250],[23,3],[21,23],[-18,28],[28,12]],[[2174,1352],[5,-13],[-41,-17]],[[2138,1322],[-37,8],[27,14],[8,17]],[[2057,1102],[-37,11],[-50,-4]],[[2095,1173],[19,-15],[-8,-19]],[[2106,1139],[-19,-5],[-30,-32]],[[2716,1582],[10,-29],[17,-1]],[[2835,1421],[-8,-9]],[[2365,1214],[-57,-11]],[[2308,1203],[-28,-16],[-32,6]],[[2248,1193],[20,14],[0,17],[-20,20]],[[2608,1189],[-12,11]],[[2644,1231],[0,-3]],[[3330,1290],[26,0],[39,-12],[73,-34],[3,-30],[-30,-5],[-5,-24],[-24,-19],[-48,-20],[-38,22],[-15,-4]],[[3281,1213],[16,12],[0,39],[29,14],[4,12]],[[2372,1023],[-19,2]],[[2353,1025],[-19,14],[-38,12],[-12,16],[-44,11]],[[2240,1078],[12,8]],[[1828,992],[-58,-4]],[[1770,988],[10,35],[-42,15],[-14,-7]],[[1724,1031],[-66,27],[-16,13]],[[1642,1071],[26,-2]],[[1668,1069],[48,7],[61,-12],[24,2]],[[1801,1066],[44,-6],[79,11]],[[2801,1250],[1,-19]],[[2787,1231],[-55,-13],[1,-29],[77,-38]],[[2810,1151],[-12,4],[-53,-13]],[[2970,1388],[-50,-16],[-20,-12],[-22,4],[-18,-16]],[[2321,1630],[37,9],[41,19]],[[2215,1847],[55,9],[22,11]],[[2293,1866],[4,-18],[101,-15],[57,-5],[39,-26],[9,-23]],[[2503,1778],[-11,-31],[-53,-56],[-50,-26],[-26,2],[-60,-18],[-46,-27]],[[2231,1662],[-22,25],[19,12],[-21,22],[41,15],[-15,15],[-4,63],[-14,33]],[[2057,1102],[-14,-14]],[[1801,1066],[-5,31]],[[2123,1401],[-42,11],[-16,-3],[-26,-25],[-41,3],[-45,-29]],[[1953,1358],[-5,2]],[[1948,1360],[25,17],[19,50],[-40,16],[4,11]],[[1956,1454],[17,12]],[[1973,1466],[62,-9],[3,13]],[[1858,1455],[3,8]],[[1861,1463],[6,13]],[[1867,1476],[90,-1],[-3,9]],[[1954,1484],[19,-18]],[[1956,1454],[-44,-14],[-27,-19]],[[1885,1421],[-18,-4]],[[1867,1417],[-13,10],[4,28]],[[1867,1417],[6,-50],[-13,-3],[-12,-29],[-13,1]],[[1835,1336],[-32,9],[-12,25],[-42,13]],[[1749,1383],[13,13],[-25,10],[20,25]],[[1757,1431],[9,1]],[[1766,1432],[68,-3],[24,26]],[[1889,1309],[3,-18],[30,-30]],[[1922,1261],[-37,-12]],[[1885,1249],[-41,18],[-1,15],[-48,25]],[[1795,1307],[7,21],[35,0]],[[1837,1328],[52,-19]],[[1954,1484],[19,41]],[[1973,1525],[32,-6],[41,-21]],[[1948,1529],[25,-4]],[[1867,1476],[19,30]],[[1886,1506],[22,27],[40,-4]],[[1769,1305],[26,2]],[[1885,1249],[13,-28]],[[1822,1217],[-33,9],[-5,15],[-22,9]],[[1762,1250],[8,25],[-1,30]],[[2128,1365],[-19,-15],[-23,7],[-43,-18],[-60,6],[-19,7]],[[1964,1352],[-11,6]],[[1568,1201],[-48,-13]],[[1520,1188],[-18,30],[-25,18]],[[1477,1236],[75,25],[10,-1]],[[1562,1260],[75,12]],[[1637,1272],[25,4],[14,-22],[29,-13]],[[1705,1241],[-23,-14]],[[1682,1227],[-18,-7],[-24,8],[-30,-19],[-28,4],[-14,-12]],[[1510,1313],[5,6]],[[1515,1319],[63,11],[20,-10],[43,-4]],[[1641,1316],[18,-5]],[[1659,1311],[-26,-8],[-8,-25],[12,-6]],[[1562,1260],[7,20],[-59,33]],[[2200,1299],[-29,-9]],[[2171,1290],[-31,17]],[[2140,1307],[-2,15]],[[2248,1193],[-19,8]],[[2120,1233],[35,36]],[[2155,1269],[40,-20],[37,10]],[[1948,1360],[-24,2],[-26,24],[-13,35]],[[1835,1336],[2,-8]],[[1769,1305],[-56,7],[-8,-35]],[[1705,1277],[-46,34]],[[1641,1316],[6,22],[-35,34]],[[1612,1372],[32,20],[31,-25],[54,19],[20,-3]],[[2155,1269],[16,21]],[[2140,1307],[-52,-12],[-8,25],[-106,14]],[[1974,1334],[-10,18]],[[1922,1261],[35,16],[28,-7],[39,-18],[-4,-16],[13,-15]],[[1705,1277],[15,-30]],[[1720,1247],[-15,-6]],[[1974,1334],[-12,-14],[-29,16],[-44,-27]],[[1762,1250],[-42,-3]],[[1366,1467],[0,16],[-54,-1]],[[1312,1482],[32,13],[24,19],[54,20],[30,23]],[[1452,1557],[14,-16],[-29,-29]],[[1437,1512],[-22,-20],[-49,-25]],[[1357,1876],[-2,21],[39,25],[-10,10]],[[1384,1932],[37,-5],[22,-16]],[[1443,1911],[-15,-20],[44,-7],[8,13],[35,-12]],[[1515,1885],[11,-21],[43,-6]],[[1569,1858],[-37,-13],[-56,-55]],[[1476,1790],[-44,-20]],[[1432,1770],[-8,1]],[[1424,1771],[-4,14]],[[1420,1785],[4,23],[-37,10],[7,25]],[[1394,1843],[-13,22],[-24,11]],[[1551,1569],[-1,-11],[-29,-28],[-9,-26]],[[1512,1504],[-18,-11]],[[1494,1493],[-57,19]],[[1452,1557],[9,20]],[[1461,1577],[90,-8]],[[1399,1629],[0,19],[-28,4],[10,30]],[[1381,1682],[117,-14],[7,13]],[[1505,1681],[36,-6]],[[1541,1675],[32,-12],[17,10]],[[1590,1673],[52,3],[49,-10],[19,2]],[[1710,1668],[-16,-4],[-39,-29],[-1,-10],[-53,6],[10,-19],[43,-17]],[[1654,1595],[-46,10],[-16,-15]],[[1592,1590],[-37,-8],[-4,-13]],[[1461,1577],[-63,30],[1,22]],[[1658,1576],[2,-2]],[[1660,1574],[4,-21]],[[1664,1553],[-25,-13],[-42,-11]],[[1597,1529],[-26,31],[16,18]],[[1587,1578],[33,4],[20,-17],[18,11]],[[1657,1599],[0,-1]],[[1657,1598],[0,1]],[[1569,1858],[23,-12]],[[1592,1846],[47,-20],[-20,-14],[-3,-17],[-17,-15]],[[1599,1780],[-23,-17]],[[1576,1763],[-84,13],[-16,14]],[[1291,2007],[41,-23],[39,-42]],[[1371,1942],[13,-10]],[[1357,1876],[-25,-1],[-17,-33]],[[1315,1842],[-63,-17]],[[1252,1825],[24,110],[6,44],[9,28]],[[1224,1740],[5,10]],[[1229,1750],[17,-5],[51,4],[53,-12]],[[1350,1737],[-33,-30]],[[1317,1707],[-21,21],[-72,12]],[[1956,1554],[-17,-10],[9,-15]],[[1886,1506],[-18,13],[-22,-1]],[[1846,1518],[84,31]],[[1930,1549],[25,5]],[[1184,1652],[19,37]],[[1203,1689],[64,-15],[7,-11]],[[1274,1663],[-11,-24],[-21,-11],[6,-14]],[[1248,1614],[-16,-35],[21,-6]],[[1253,1573],[1,-8]],[[1254,1565],[-29,4],[-19,-9]],[[1206,1560],[-17,5]],[[1189,1565],[44,77],[-49,10]],[[1241,1782],[11,43]],[[1315,1842],[12,-10],[55,-2],[12,13]],[[1420,1785],[-23,2],[-36,16],[-24,-8],[1,-17]],[[1338,1778],[-36,5],[-61,-1]],[[1654,1595],[3,3]],[[1657,1599],[11,-11]],[[1668,1588],[-10,-12]],[[1587,1578],[5,12]],[[1592,1846],[55,3],[15,14]],[[1662,1863],[11,-45],[12,-6],[23,-38],[20,-19],[-26,-18]],[[1702,1737],[-35,-1],[-27,10]],[[1640,1746],[27,27],[-33,-2],[-35,9]],[[1900,1967],[-4,31],[18,-1]],[[1914,1997],[11,-4],[4,-51]],[[1929,1942],[0,-1]],[[1929,1941],[-28,-3]],[[1901,1938],[-1,29]],[[1324,1665],[-13,-13],[18,-14],[-9,-10]],[[1320,1628],[-7,-27],[-31,-11]],[[1282,1590],[-3,21],[-31,3]],[[1274,1663],[19,17],[31,-15]],[[1399,1629],[-27,8],[-52,-9]],[[1324,1665],[40,19]],[[1364,1684],[17,-2]],[[1253,1573],[29,17]],[[1312,1482],[-37,-15],[-75,3]],[[1200,1470],[-4,3]],[[1196,1473],[19,49]],[[1215,1522],[16,10],[23,33]],[[1229,1750],[12,32]],[[1338,1778],[-3,-16],[27,-16]],[[1362,1746],[-12,-9]],[[1443,1911],[26,16],[0,42]],[[1469,1969],[21,2]],[[1490,1971],[51,-13]],[[1541,1958],[1,-9]],[[1542,1949],[-24,-12],[-13,-32],[10,-20]],[[1413,2130],[-62,5]],[[1351,2135],[7,61],[15,18],[32,2],[39,-12],[-10,-20],[20,-20]],[[1454,2164],[-17,0],[-24,-34]],[[1766,1432],[22,19],[-10,60],[-34,20]],[[1744,1531],[3,5]],[[1747,1536],[36,-7],[-3,-18],[24,-4],[39,12]],[[1843,1519],[3,-1]],[[1846,1518],[-15,-19],[30,-36]],[[1677,1918],[57,12]],[[1734,1930],[27,-28],[-18,-16]],[[1743,1886],[-55,7],[-27,-12]],[[1661,1881],[18,18],[-2,19]],[[1843,1519],[-3,32],[30,11]],[[1870,1562],[20,1],[40,-14]],[[1541,1675],[-6,33],[13,23]],[[1548,1731],[15,10]],[[1563,1741],[27,-6]],[[1590,1735],[0,-62]],[[1371,1942],[39,7],[5,21],[54,-1]],[[1746,2026],[44,-36],[28,1],[17,15],[65,-2],[14,-7]],[[1900,1967],[-38,2],[-33,-11]],[[1829,1958],[-95,-28]],[[1677,1918],[-13,-3],[-43,16]],[[1621,1931],[9,33],[23,10],[-14,29]],[[1639,2003],[49,1],[24,15],[34,7]],[[1505,1681],[-20,22],[10,18]],[[1495,1721],[53,10]],[[1621,1931],[-30,-5],[-44,12],[-5,11]],[[1541,1958],[45,46],[53,-1]],[[1597,1529],[-26,-8],[-18,-17],[-41,0]],[[1563,1741],[13,22]],[[1640,1746],[-24,-25],[-26,14]],[[1291,2007],[31,54],[29,74]],[[1413,2130],[-12,-30],[24,2],[27,-14],[25,-29],[-6,-33],[-22,-5],[43,-45],[-2,-5]],[[1519,2413],[24,-32],[-4,-51],[-50,-45],[-28,-5],[-34,-27],[-30,2],[-34,-20],[-12,40],[13,40],[14,20],[105,99],[19,1],[17,-22]],[[1312,2210],[-14,10],[10,15],[36,-11],[-32,-14]],[[1424,1771],[-62,-25]],[[1494,1493],[-38,-15],[-19,0]],[[1437,1478],[-66,-17]],[[1371,1461],[-5,6]],[[1203,1689],[-6,22],[27,29]],[[1317,1707],[47,-23]],[[1660,1574],[22,6],[53,-15],[12,-29]],[[1744,1531],[-38,1]],[[1706,1532],[-42,2]],[[1664,1534],[0,19]],[[1189,1565],[-4,1]],[[1185,1566],[-49,13]],[[1136,1579],[48,73]],[[1432,1770],[9,-28],[54,-21]],[[1315,1089],[-38,31]],[[1277,1120],[-9,11]],[[1268,1131],[52,-6],[5,-27]],[[1325,1098],[-10,-9]],[[1193,1388],[20,16]],[[1213,1404],[110,15]],[[1323,1419],[25,-16],[36,11],[17,-30],[-20,-27]],[[1381,1357],[-30,-13],[6,-13],[-55,-17]],[[1302,1314],[-23,10],[-30,-8]],[[1249,1316],[-42,-7]],[[1207,1309],[-8,2]],[[1199,1311],[-26,20]],[[1173,1331],[4,39],[16,18]],[[1122,1112],[14,7],[55,5]],[[1191,1124],[22,-27]],[[1213,1097],[-17,-17]],[[1196,1080],[-65,5]],[[1131,1085],[-9,27]],[[1829,1958],[21,-23],[38,2]],[[1888,1937],[-10,-29],[-38,-21],[-70,-16],[-27,15]],[[881,1123],[-53,-23]],[[828,1100],[0,13],[-26,4],[-5,15]],[[797,1132],[-20,24],[10,25]],[[787,1181],[18,-4],[57,-31],[19,-23]],[[1226,1215],[35,-32]],[[1261,1183],[-1,-2]],[[1260,1181],[-68,-24]],[[1192,1157],[17,19],[-5,31],[22,8]],[[968,1263],[32,14]],[[1000,1277],[22,0]],[[1022,1277],[6,-22],[22,-37]],[[1050,1218],[-5,-2]],[[1045,1216],[-65,8],[-14,16],[17,13],[-15,10]],[[1314,1071],[58,1]],[[1372,1072],[36,-6],[45,3]],[[1453,1069],[74,-3]],[[1527,1066],[-31,-15],[-57,-1],[-42,-18],[-18,-26],[-61,-31]],[[1318,975],[-31,-6]],[[1287,969],[-1,0]],[[1286,969],[-7,-2]],[[1279,967],[-1,0]],[[1278,967],[-12,4]],[[1266,971],[3,7]],[[1269,978],[4,22],[-10,51]],[[1263,1051],[51,20]],[[1641,1102],[32,-11],[-5,-22]],[[1642,1071],[-30,3]],[[1612,1074],[-43,4]],[[1569,1078],[-2,12]],[[1567,1090],[18,5],[-5,19],[61,-12]],[[1393,1264],[-62,-18]],[[1331,1246],[-22,17]],[[1309,1263],[39,27]],[[1348,1290],[14,-14],[31,-12]],[[945,1378],[41,-30],[29,-3]],[[1015,1345],[-37,-20],[20,-7],[48,10],[17,-15]],[[1063,1313],[1,-11]],[[1064,1302],[-27,1],[-22,-12],[7,-14]],[[1000,1277],[-18,35],[-49,-20],[17,-24]],[[950,1268],[-35,18],[-25,-11],[-13,14],[-23,-5],[-16,22]],[[838,1306],[63,45],[44,27]],[[1569,1078],[-42,-12]],[[1453,1069],[-8,27]],[[1445,1096],[35,15]],[[1480,1111],[9,-27],[33,-1],[45,7]],[[771,1073],[-35,6],[-20,14],[-25,-11]],[[691,1082],[19,13]],[[710,1095],[49,13],[14,18],[24,6]],[[828,1100],[0,-15],[-27,-14]],[[801,1071],[-30,2]],[[1315,1089],[-3,-15]],[[1312,1074],[-33,1],[-37,14]],[[1242,1089],[5,9],[42,9],[-12,13]],[[1901,1938],[-13,-1]],[[1215,1522],[-30,16]],[[1185,1538],[21,22]],[[1090,1413],[-8,-6]],[[1082,1407],[-28,8],[-38,23]],[[1016,1438],[31,33]],[[1047,1471],[43,-8],[16,4]],[[1106,1467],[-1,-16]],[[1105,1451],[-15,-23],[0,-15]],[[1260,1181],[25,-18],[-67,-10]],[[1218,1153],[-26,4]],[[1744,1196],[47,-12]],[[1756,1139],[-24,0],[-28,-15],[-8,-17],[-27,2]],[[1669,1109],[0,23]],[[1669,1132],[37,11],[-7,18],[45,35]],[[1085,1395],[-3,12]],[[1090,1413],[50,22]],[[1140,1435],[20,-2]],[[1160,1433],[-3,-21],[9,-15]],[[1166,1397],[-51,-28]],[[1115,1369],[-9,8]],[[1106,1377],[-21,18]],[[1160,1433],[20,-2]],[[1180,1431],[33,-27]],[[1193,1388],[-27,9]],[[1196,1473],[-29,14],[-11,19]],[[1156,1506],[29,32]],[[862,1191],[20,2]],[[882,1193],[19,-15],[34,-7]],[[935,1171],[-25,-16]],[[910,1155],[-32,12],[-16,24]],[[1323,1419],[8,24],[40,18]],[[1437,1478],[18,-25],[31,-22],[48,-18]],[[1534,1413],[-18,-6],[1,-18],[-42,6],[-23,-7],[-18,-16]],[[1434,1372],[-53,-15]],[[1119,1483],[-13,-16]],[[1047,1471],[40,44],[49,64]],[[1185,1566],[-26,-22],[-60,-35],[-2,-14],[22,-12]],[[1156,1506],[-37,-23]],[[1105,1451],[29,3],[6,-19]],[[1067,1036],[-11,-7]],[[1056,1029],[-35,8],[10,26],[-7,11]],[[1024,1074],[50,13]],[[1074,1087],[18,-5]],[[1092,1082],[2,-20],[-22,-2],[-5,-24]],[[1269,978],[-56,35],[-56,24],[-32,-10]],[[1125,1027],[-17,11],[-41,-2]],[[1092,1082],[39,3]],[[1196,1080],[13,-17],[54,-12]],[[1056,1029],[-29,-48]],[[1027,981],[-68,21],[-69,14],[-1,19]],[[889,1035],[17,18],[118,21]],[[946,999],[49,-12],[-16,-10],[-36,3],[3,19]],[[1477,1236],[-17,14],[39,6],[-10,12],[-44,-4],[-4,8]],[[1441,1272],[31,28],[38,13]],[[1314,1071],[-2,3]],[[1325,1098],[23,-7],[37,0]],[[1385,1091],[-13,-19]],[[1242,1089],[-29,8]],[[1191,1124],[20,4],[7,25]],[[1218,1153],[44,-13]],[[1262,1140],[6,-9]],[[1026,1092],[-30,7],[-18,15],[-71,1],[-26,8]],[[787,1181],[-37,5],[-44,-4],[-68,-16]],[[638,1166],[-1,33],[14,12],[4,22],[34,11],[48,-9],[30,17]],[[767,1252],[22,-21],[40,-14],[5,-12],[28,-14]],[[910,1155],[63,-11],[40,5]],[[1013,1149],[43,2],[3,19],[-28,26],[-10,17]],[[1021,1213],[24,3]],[[1050,1218],[20,8]],[[1070,1226],[19,-13],[22,18],[52,-18],[27,10]],[[1190,1223],[24,-1],[7,18],[20,-2],[-15,-23]],[[1122,1112],[-62,10],[-23,0],[-11,-30]],[[968,1263],[-16,3]],[[952,1266],[-2,2]],[[993,1202],[28,11]],[[1013,1149],[-10,39],[-10,14]],[[1385,1091],[60,5]],[[1125,1027],[5,-21],[30,-41],[17,-13]],[[1177,952],[-68,13],[-50,4],[-32,12]],[[1074,1087],[-48,5]],[[710,1095],[-40,44],[29,25],[-17,10],[-44,-8]],[[1266,971],[-89,-19]],[[1186,945],[28,5]],[[1214,950],[-28,-5]],[[1744,1196],[-47,9],[10,10],[-25,12]],[[935,1171],[31,21],[27,10]],[[1106,1377],[-36,-26],[-27,11]],[[1043,1362],[42,33]],[[1302,1314],[17,-20],[29,-4]],[[1309,1263],[-42,2],[-34,20],[16,31]],[[1043,1362],[-28,-17]],[[945,1378],[71,60]],[[1534,1413],[18,0]],[[1552,1413],[34,-35],[26,-6]],[[1515,1319],[-47,6],[-1,32],[-33,15]],[[1119,1282],[-26,17],[-29,3]],[[1063,1313],[71,27]],[[1134,1340],[39,-9]],[[1199,1311],[-52,-29],[-28,0]],[[1134,1340],[-19,29]],[[555,729],[12,-27]],[[567,702],[1,-18],[-25,-39],[-25,2],[-64,-11],[-57,29],[-30,0],[-9,12]],[[358,677],[-2,3]],[[356,680],[-6,5]],[[350,685],[-4,15]],[[346,700],[6,5]],[[352,705],[5,9]],[[357,714],[-9,13]],[[348,727],[-3,5]],[[345,732],[3,20]],[[348,752],[61,-4],[35,-13],[40,0],[71,-6]],[[348,721],[-3,4]],[[345,725],[3,-4]],[[371,774],[4,15],[22,9],[37,-7],[29,8],[44,-8]],[[507,791],[2,1]],[[509,792],[60,2],[13,-18],[31,2]],[[613,778],[-6,-22],[-39,-14],[-13,-13]],[[348,752],[39,10],[-16,12]],[[420,799],[-6,2]],[[414,801],[6,-2]],[[2240,1078],[-40,0],[-17,-12],[-55,13],[-21,-18],[-26,-1],[-24,11]],[[2106,1139],[67,6]],[[648,492],[-24,7],[-3,52],[-26,7],[9,26],[-5,31],[-15,0]],[[584,615],[16,0],[16,42],[42,-6],[35,-35],[35,-2],[42,-21],[34,3],[17,23],[32,2],[24,-23],[-68,-54],[-109,-51],[-52,-1]],[[613,778],[43,-9]],[[656,769],[-9,-14],[2,-46],[-14,-8]],[[635,701],[-18,11],[-50,-10]],[[322,784],[21,-20],[28,10]],[[345,732],[-35,-12],[-81,9]],[[229,729],[-7,10],[10,43],[69,-13],[21,15]],[[1669,1109],[-28,-7]],[[1480,1111],[90,40],[-8,18],[19,10]],[[1581,1179],[17,-13],[39,-14],[1,-29],[31,9]],[[860,738],[12,1]],[[872,739],[35,-49]],[[907,690],[3,-56],[9,-8]],[[919,626],[-34,-1],[-11,20],[-34,12],[-44,-12],[-75,13],[-86,43]],[[656,769],[38,-16],[7,-27],[34,-30],[40,-15],[48,13],[42,-5],[-5,49]],[[1581,1179],[-13,22]],[[648,492],[-47,-26],[-73,-16],[-26,11],[-35,-2],[-35,7],[5,40],[-39,13],[-62,7]],[[336,526],[13,13],[-3,21],[-38,10],[-22,22],[16,9],[34,1],[-1,12]],[[335,614],[32,-15],[64,1],[53,-14],[25,0],[50,25],[25,4]],[[743,893],[19,11],[73,-15]],[[835,889],[1,0]],[[836,889],[43,-5]],[[879,884],[-39,-16],[-2,-29],[40,-39]],[[878,800],[-17,-45],[11,-16]],[[860,738],[-43,15],[-11,20],[-86,3],[-29,26],[-44,23],[-15,18],[34,4],[54,16],[29,-10],[30,-2],[-36,42]],[[280,840],[1,-2]],[[281,838],[-9,-16],[40,-22],[10,-16]],[[229,729],[-60,-16]],[[169,713],[-31,30],[-45,20],[-19,15],[5,13],[48,23],[65,24],[32,7],[56,-5]],[[361,900],[3,0]],[[364,900],[-13,-19],[-21,-9],[-7,-22]],[[323,850],[-1,0]],[[322,850],[3,24],[36,26]],[[348,727],[-3,-2]],[[348,721],[-46,-12],[-20,-16],[-71,-2],[-42,22]],[[350,685],[-4,15]],[[352,705],[5,9]],[[358,677],[-2,3]],[[1664,1534],[-15,-51],[-27,-5],[-13,-27],[-38,-33],[-19,-5]],[[2481,2526],[22,14],[21,-12]],[[2524,2528],[44,-25],[17,-1],[13,-23],[64,13]],[[1631,967],[11,20],[-9,15]],[[1633,1002],[34,-1],[-3,19],[42,-4],[18,15]],[[1770,988],[-46,-16]],[[1724,972],[-28,-10],[-65,5]],[[2336,689],[24,0]],[[2360,689],[38,-5],[32,-22],[44,-13],[38,-46]],[[2512,603],[-30,-6]],[[2482,597],[-70,-13]],[[2412,584],[-34,56],[-31,20],[-11,29]],[[1484,731],[49,-3],[41,-19],[78,-1]],[[1652,708],[-5,-14],[-77,-44],[-42,17],[-20,-7],[-27,5],[-50,-6],[-20,10],[18,14],[39,-10],[-3,25],[19,33]],[[960,801],[40,-58],[9,-36]],[[1009,707],[-39,7],[-45,-24],[-18,0]],[[878,800],[16,21],[66,-20]],[[2033,722],[0,14],[-35,10],[-7,21],[8,28]],[[1999,795],[47,3]],[[2046,798],[20,-14]],[[2066,784],[24,-22],[-5,-18]],[[2085,744],[-52,-22]],[[2392,873],[9,-29]],[[2401,844],[-60,-10],[-48,-2]],[[2293,832],[-8,24],[-16,17]],[[2269,873],[38,6],[85,-6]],[[2576,966],[21,-7],[8,-52],[14,-13]],[[2619,894],[43,-22],[6,-26],[22,-38]],[[2690,808],[-43,12],[-70,-16],[-28,-2],[-36,11]],[[2513,813],[6,15],[55,19],[18,11],[-24,24],[-70,30],[4,8]],[[2502,920],[35,18],[39,28]],[[1999,795],[-32,6],[-17,-5],[-35,7]],[[1915,803],[-26,34]],[[1889,837],[16,13],[30,3],[23,14],[-5,17]],[[1953,884],[7,1]],[[1960,885],[25,-18],[10,-16],[28,2]],[[2023,853],[18,-31],[5,-24]],[[1506,829],[-1,-22]],[[1505,807],[-32,-7],[-84,-35],[13,-13]],[[1402,752],[-26,-16]],[[1376,736],[9,25],[-1,20],[-38,19],[-10,-5]],[[1336,795],[0,23],[-12,31],[-18,5],[1,30]],[[1307,884],[34,4]],[[1341,888],[33,5],[56,-6]],[[1430,887],[30,-5],[25,-15],[0,-31],[21,-7]],[[2360,689],[12,5],[-13,22],[5,19]],[[2364,735],[52,4],[79,15]],[[2495,754],[22,-57]],[[2517,697],[56,-62]],[[2573,635],[-61,-32]],[[3604,2361],[3,1]],[[3607,2362],[23,5],[42,-1]],[[1629,905],[17,-47]],[[1646,858],[-56,3]],[[1590,861],[-36,4]],[[1554,865],[-2,15],[23,21],[-8,22]],[[1567,923],[8,4]],[[1575,927],[21,-7],[4,-18],[29,3]],[[2011,715],[-12,-27]],[[1999,688],[-41,-19],[8,-13],[30,3],[35,-33]],[[2031,626],[-43,-18],[1,-21],[-30,-14],[-54,-4]],[[1905,569],[23,17],[-11,27],[14,26],[-7,15],[-44,25]],[[1880,679],[11,17],[30,4],[55,19],[35,-4]],[[2011,715],[22,7]],[[2085,744],[68,3]],[[2153,747],[-3,-26],[31,-22],[10,-14]],[[2191,685],[-24,-7],[1,-23]],[[2168,655],[-21,-5]],[[2147,650],[-5,4],[-72,-1]],[[2070,653],[-2,27],[-37,8],[-32,0]],[[1336,795],[-34,-19],[-21,-2]],[[1281,774],[-14,28],[-33,9]],[[1234,811],[5,29],[17,18],[-13,17]],[[1243,875],[33,0],[31,9]],[[1560,970],[15,-43]],[[1567,923],[-83,7]],[[1484,930],[-5,33]],[[1479,963],[34,7],[47,0]],[[1506,829],[50,19],[-2,17]],[[1590,861],[25,-18],[-4,-22],[-18,-11],[24,-20]],[[1617,790],[-12,-14]],[[1605,776],[-7,-7],[-45,-9],[-45,28],[-3,19]],[[1742,781],[1,-10],[-49,-34],[-2,-16]],[[1692,721],[-33,4]],[[1659,725],[-29,8],[4,30],[-29,13]],[[1617,790],[125,-9]],[[2433,1004],[9,-20],[-8,-13]],[[2434,971],[-63,-1],[-16,6]],[[2355,976],[-22,33]],[[2333,1009],[20,16]],[[1889,837],[-33,-1],[-34,12]],[[1822,848],[-11,21],[-24,22]],[[1787,891],[22,28],[37,1]],[[1846,920],[39,-21],[3,-16],[32,-14],[33,15]],[[2219,749],[33,10],[25,-14],[21,12],[28,1]],[[2326,758],[38,-23]],[[2336,689],[-22,19],[-16,-1]],[[2298,707],[-39,-8],[-32,12]],[[2227,711],[-8,38]],[[1996,1005],[85,10],[19,-35],[16,-1]],[[2116,979],[11,-15],[-15,-25],[-13,-1]],[[2099,938],[-18,12],[-71,-3],[4,-17],[-33,-16],[-20,6]],[[1961,920],[-36,11],[-57,9]],[[1868,940],[22,5],[-17,29],[-25,17]],[[1868,940],[-22,-20]],[[1787,891],[-39,-5]],[[1748,886],[-4,41]],[[1744,927],[7,32],[-27,13]],[[1742,781],[30,-1]],[[1772,780],[41,-19],[19,-4],[34,10]],[[1866,767],[5,-18],[-38,-69]],[[1833,680],[-89,-1]],[[1744,679],[-23,43],[-29,-1]],[[1748,886],[-12,-25],[-90,-3]],[[1629,905],[5,21],[57,-14],[12,9],[41,6]],[[2390,883],[-5,17]],[[2385,900],[-9,28],[-34,33],[13,15]],[[2434,971],[13,-20],[18,-2],[20,-19]],[[2485,930],[-44,-19],[-9,-11],[-42,-17]],[[2153,747],[35,16],[-15,12]],[[2173,775],[16,13]],[[2189,788],[11,-29],[19,-10]],[[2227,711],[-36,-26]],[[1880,679],[-28,6],[-19,-5]],[[1866,767],[20,9],[29,27]],[[1772,780],[12,12],[-5,21],[11,15],[32,20]],[[1430,887],[-7,26],[61,17]],[[2333,1009],[-24,-7],[-19,12],[-72,-19],[5,-14]],[[2223,981],[-47,10],[-60,-12]],[[1281,774],[-49,-27],[-34,-11],[-8,-13]],[[1190,723],[-10,9],[-51,-5]],[[1129,727],[15,40],[21,26],[-23,16]],[[1142,809],[37,7],[-4,-17],[59,12]],[[2135,837],[-24,15],[-53,-13],[-26,16]],[[2032,855],[-15,29],[49,20]],[[2066,904],[42,-11],[31,-16]],[[2139,877],[-11,-18],[7,-22]],[[1960,885],[1,35]],[[2099,938],[-8,-18],[-25,-16]],[[2032,855],[-9,-2]],[[2187,808],[2,-20]],[[2173,775],[-31,-4],[-13,21],[-63,-8]],[[2135,837],[31,-3],[27,-15],[-6,-11]],[[2412,584],[-98,-19]],[[2314,565],[-17,39]],[[2297,604],[-16,35],[0,33]],[[2281,672],[17,35]],[[1080,867],[-11,-5],[6,-29],[11,-14]],[[1086,819],[-6,-13],[-60,-12],[-60,7]],[[879,884],[16,-2],[65,14],[58,6]],[[1018,902],[62,-35]],[[1702,1737],[2,-18],[-13,-29],[33,-2],[-14,-20]],[[2390,883],[2,-10]],[[2269,873],[-57,28]],[[2212,901],[-8,12],[39,34],[-4,5]],[[2239,952],[26,-3],[56,-34],[52,9],[12,-24]],[[2065,625],[16,-9],[77,12]],[[2158,628],[11,-11],[-33,-12],[-20,-21],[17,-24],[-6,-10]],[[2127,550],[-20,-15],[-23,-3],[-25,-20]],[[2059,512],[-29,23],[6,24],[30,22],[-1,44]],[[2139,877],[27,3],[46,21]],[[2293,832],[1,-12]],[[2294,820],[-30,-17],[-38,10],[-39,-5]],[[2070,653],[-6,-20]],[[2064,633],[-33,-7]],[[2147,650],[11,-22]],[[2065,625],[-1,8]],[[1560,970],[28,3],[43,-6]],[[1612,1074],[-14,-27],[-24,-8],[1,-34],[58,-3]],[[1479,963],[10,13],[5,30],[-30,-2],[-58,6],[-30,-23],[-35,-15],[-23,3]],[[1009,707],[24,-6]],[[1033,701],[1,-43],[40,-33],[-10,-10],[-37,-11],[-44,4],[-6,20],[-58,-2]],[[1376,736],[-41,-34],[-26,-8],[3,-18],[-40,0],[-55,7],[-40,-10],[-5,27],[18,23]],[[2584,199],[-24,8],[2,21]],[[2562,228],[35,10],[11,-8],[52,4],[-12,-26]],[[2648,208],[-40,4],[-24,-13]],[[2654,176],[6,9]],[[2660,185],[64,-13],[-2,-16]],[[2722,156],[-37,-6],[-12,-28],[-14,-2]],[[2659,120],[-20,23],[-4,17],[19,16]],[[2482,200],[17,-7],[-10,-17]],[[2489,176],[-45,-12]],[[2444,164],[-27,-3],[-4,17]],[[2413,178],[17,21]],[[2430,199],[25,6],[27,-5]],[[2727,547],[40,-19]],[[2767,528],[-52,-35]],[[2715,493],[-22,9],[-23,-6],[-22,12]],[[2648,508],[4,8]],[[2652,516],[18,2],[21,19],[36,10]],[[2855,758],[-44,-5]],[[2811,753],[-28,17]],[[2783,770],[-29,26],[-31,1],[-33,11]],[[2619,894],[38,18],[17,14]],[[2674,926],[48,-14],[29,-15],[-18,-41],[30,-13],[36,-26],[20,-28],[23,-12],[13,-19]],[[2570,187],[14,12]],[[2648,208],[12,-23]],[[2654,176],[-84,11]],[[2576,966],[-15,2]],[[2561,968],[19,24]],[[2580,992],[15,3]],[[2595,995],[41,-7],[35,-12],[3,-50]],[[2659,120],[-16,-12],[17,-14]],[[2660,94],[6,-26]],[[2666,68],[-20,20],[-35,22]],[[2611,110],[-45,45]],[[2566,155],[-28,14],[23,14]],[[2561,183],[9,4]],[[2722,156],[-4,-13],[12,-21],[-14,-25],[-32,4],[-24,-7]],[[2399,105],[-14,-34],[-46,-12]],[[2339,59],[-41,15],[-17,24],[12,27],[64,33]],[[2357,158],[18,-33],[30,-8]],[[2405,117],[-6,-12]],[[2444,164],[-2,-28]],[[2442,136],[-22,-2],[-15,-17]],[[2357,158],[31,35]],[[2388,193],[25,-15]],[[2561,968],[-33,9],[-6,23],[-16,8]],[[2535,1028],[22,-25],[23,-11]],[[2434,488],[-42,24],[-20,19],[-55,-4],[-31,14]],[[2286,541],[28,24]],[[2482,597],[-8,-9],[20,-17],[26,-4]],[[2520,567],[-17,-6],[-27,-36],[15,-30],[-57,-7]],[[2566,155],[-43,-23],[-19,0]],[[2504,132],[-62,4]],[[2489,176],[43,9],[29,-2]],[[2597,409],[-32,11],[-2,9],[30,22]],[[2593,451],[51,33],[4,24]],[[2715,493],[-5,-22],[5,-38]],[[2715,433],[-9,-17],[-32,-5],[-33,2],[-15,13],[-29,-17]],[[2539,225],[23,3]],[[2482,200],[12,18],[21,-5],[24,12]],[[2666,68],[-20,-17],[-20,9]],[[2626,60],[-25,19],[-4,17]],[[2597,96],[14,14]],[[2388,193],[0,19],[-26,0],[46,36],[7,21]],[[2415,269],[16,-18],[-7,-19],[6,-33]],[[2578,7],[6,33],[35,13]],[[2619,53],[19,-16],[31,-13],[-13,-19],[-38,-1],[-17,8],[-23,-5]],[[2715,646],[5,24],[80,3],[-1,22],[19,16],[-7,42]],[[2855,758],[11,-33],[-19,-75],[21,-40],[-57,-27],[-15,-26],[-29,-29]],[[2727,547],[30,25],[8,21],[-23,14],[-10,29],[-17,10]],[[2783,770],[-34,-2],[-40,6],[7,-29],[-39,-13],[-43,-7],[-117,-28]],[[2495,754],[-15,62]],[[2480,816],[33,-3]],[[2530,97],[-14,10],[-12,25]],[[2597,96],[-67,1]],[[2388,439],[-37,-9],[-51,5],[-12,15],[-80,21]],[[2208,471],[53,8],[7,45],[18,17]],[[2434,488],[-10,-18],[-25,-4],[-11,-27]],[[2530,97],[-29,-14]],[[2501,83],[-35,-3],[-23,18],[-44,7]],[[1900,1686],[177,76],[-1,15],[26,26],[41,4],[56,36],[16,4]],[[1929,1942],[0,-1]],[[2715,646],[-54,-14],[-61,-4],[-27,7]],[[2941,1118],[33,7],[-41,48],[15,16]],[[3058,1223],[32,-3],[20,8]],[[3110,1228],[59,-12]],[[3106,1105],[-13,10],[-60,9],[18,-21],[-7,-26],[-39,9],[-18,15],[-39,-2],[-7,19]],[[1200,1470],[-20,-39]],[[3330,1294],[0,-4]],[[3110,1228],[8,10],[-14,34]],[[3104,1272],[18,11],[37,9],[22,-17],[35,7],[22,11],[17,25],[22,-12],[53,-12]],[[1661,1881],[1,-18]],[[1070,1226],[31,26],[-2,20],[20,10]],[[1207,1309],[-17,-86]],[[2520,567],[77,-17],[53,-22],[2,-12]],[[2593,451],[-25,3],[-32,12],[-20,-25],[-48,-24]],[[2468,417],[-47,-8],[-2,19],[-31,11]],[[2597,409],[-41,-26]],[[2556,383],[-41,2],[-22,-26],[-17,-9]],[[2476,350],[-24,18],[46,27],[-30,22]],[[3190,2677],[-3,7]],[[3187,2684],[53,8],[79,20],[68,5],[52,-11],[16,8],[70,-22],[-9,-33]],[[3143,2787],[-32,-15],[-8,24],[16,9],[24,-18]],[[3033,2766],[1,-1]],[[2326,758],[-7,23],[-25,39]],[[2401,844],[28,4],[14,-19],[37,-13]],[[1142,809],[-42,2],[-14,8]],[[1080,867],[43,3],[38,-12],[41,21],[41,-4]],[[2158,545],[-31,5]],[[2168,655],[32,1],[41,12],[40,4]],[[2297,604],[-24,-26],[-26,4],[-37,-11],[-52,-26]],[[2934,2589],[-5,4],[-13,4],[-41,7],[0,14],[-54,29],[12,15]],[[2833,2662],[70,3],[49,-18],[80,24],[155,13]],[[1833,680],[10,-40],[-13,-12],[12,-55]],[[1842,573],[-37,-13],[-29,6],[-2,31],[-61,46],[31,36]],[[2678,347],[-14,16],[-37,8],[-13,-6],[-45,-1],[-13,19]],[[2715,433],[28,-12],[64,23],[16,-8],[-42,-13],[36,-15],[-16,-9],[-67,-14],[-56,-38]],[[1129,727],[-45,-8],[-51,-18]],[[797,933],[2,-1]],[[799,932],[-48,-8],[-12,-26],[-30,-17],[-17,0],[-40,-13],[-42,-4],[-40,15],[-38,3],[-13,35],[-19,11],[-33,6],[-11,14],[-60,-23],[-28,-6],[-4,-19]],[[361,900],[-37,38],[-3,19],[38,29],[72,8],[27,-3],[23,17]],[[481,1008],[3,-2]],[[484,1006],[8,-18],[37,6],[27,-12],[59,1],[34,-30],[8,-16],[29,-2],[48,-18],[22,12],[41,4]],[[835,889],[1,0]],[[3357,2119],[-29,7],[-19,34],[-81,10],[-24,28]],[[3273,2277],[11,20],[27,17],[30,2],[78,30]],[[3578,2244],[-97,-15],[-50,-15],[-61,-8],[-1,-40],[9,-36]],[[2502,920],[-17,10]],[[2239,952],[-16,29]],[[2873,1993],[21,16],[47,8],[-6,13],[16,16],[85,-18],[53,9]],[[280,840],[42,10]],[[323,850],[44,-8],[37,8],[73,6],[27,-6],[30,-28],[-25,-30]],[[507,791],[-28,15],[-33,-8],[-44,7],[-46,-20],[-21,18],[-38,16],[-16,19]],[[414,801],[6,-2]],[[1757,1431],[-69,-14],[-9,58],[21,11],[-31,29],[6,11],[31,6]],[[3155,2448],[22,-29],[4,-35],[-59,-12],[11,-24],[22,-25],[-8,-25]],[[3130,2256],[-75,-19]],[[3340,1737],[20,-8]],[[2815,2024],[29,21],[-82,60]],[[3011,2173],[16,-7],[-25,-20],[60,-13],[11,-32],[20,0],[29,-13],[-25,-36]],[[2499,1145],[34,12],[7,27]],[[2688,1121],[-29,10],[-23,-5],[-13,-16],[-26,-3],[-30,17],[-38,-9]],[[2208,471],[-11,23],[3,19],[-42,32]],[[2437,2058],[25,10]],[[2762,1919],[-34,-5],[-65,-22]],[[2663,1892],[-39,17]],[[1036,944],[10,5]],[[1046,949],[36,-2],[53,-15],[109,15],[34,20]],[[1279,967],[7,2]],[[1287,969],[22,-32],[30,1],[13,-15],[-25,-7],[14,-28]],[[1018,902],[18,42]],[[1214,950],[-28,-5]],[[2519,282],[-24,-3],[-4,17],[-22,2],[-3,19],[-25,-7]],[[2441,310],[-4,30],[39,10]],[[2678,347],[-38,-13],[-27,-25],[-3,-14],[-30,-10],[-25,32],[-26,-15],[-10,-20]],[[336,526],[-36,14],[-17,-2],[-50,16],[-10,-6],[-66,-11],[13,-41],[-81,-4],[-39,15],[-38,35],[-12,23],[27,19],[-16,38],[55,18],[13,-1],[81,18],[28,-2],[43,-18],[104,-23]],[[2361,2586],[52,19],[77,23]],[[2577,2567],[-38,-14],[10,-14],[-25,-11]],[[1659,725],[-7,-17]],[[1484,731],[-26,14],[-56,7]],[[2059,512],[-71,14],[-9,-13],[-41,-2],[-70,7],[15,38]],[[1883,556],[22,13]],[[1883,556],[-41,17]],[[2626,60],[-7,-7]],[[2578,7],[-20,-7],[-26,6],[-4,14],[-41,-5]],[[2487,15],[-24,33],[43,25],[-5,10]],[[2349,1143],[-1,15],[-46,22],[6,23]],[[3058,1493],[70,33],[37,8],[31,0]],[[3287,1425],[-33,-11],[-21,19],[-36,-5],[-37,4],[-26,-4]],[[3589,1688],[30,29],[17,-1],[17,-36],[25,-26],[19,-2],[17,-28]],[[952,1266],[-45,-20],[24,-7],[-1,-16],[-48,-30]],[[767,1252],[71,54]],[[3104,1272],[-22,5],[-39,57],[23,13]],[[3403,1369],[-10,-34],[-16,-10],[-40,-5],[-7,-26]],[[2415,269],[-15,15],[21,29],[20,-3]],[[2519,282],[2,-14],[27,-16],[-9,-27]],[[1331,1246],[-21,-17],[-35,-8],[13,-17],[-27,-21]],[[3733,2508],[83,-18],[31,-2],[13,-39],[-29,-43]],[[3607,2362],[-15,48],[-21,10],[-26,-3],[25,46],[-15,13]],[[2629,1876],[34,16]],[[2034,2306],[-13,37],[-36,-18],[-47,-7],[-129,-68]],[[1809,2250],[-1,1]],[[1808,2251],[127,66],[56,12],[28,16],[2,14],[25,14],[8,30]],[[2413,2298],[-34,-17],[5,-28],[-55,-20],[1,-46],[-46,0],[-2,-14],[-46,-7],[-30,32],[-52,-20],[-35,-24],[25,-23],[-12,-9],[-57,4],[8,-24]],[[2083,2102],[-15,-3],[-60,25],[-12,13],[15,12],[32,8],[8,16],[-8,17],[12,24],[-14,29],[9,29],[-16,34]],[[1441,1272],[-48,-8]],[[2487,15],[-38,-9],[-30,27],[-33,-15],[-49,-13],[-12,8],[19,20],[-5,26]],[[1454,2164],[55,-23],[40,4],[32,11],[28,25],[36,6],[35,-3],[128,67]],[[1809,2250],[-128,-68],[10,-7],[65,-78],[-10,-71]],[[797,933],[0,14],[-46,11],[-39,0],[-19,10],[-18,21],[-11,40],[-33,23],[-40,1],[-52,-9],[-26,-12],[-16,-24],[-13,-2]],[[481,1008],[26,27],[-10,17],[13,17],[49,10],[43,15],[46,7],[8,-15],[35,-4]],[[691,1082],[14,-19],[101,-34],[29,-5],[81,-52],[54,-19],[76,-4]],[[1036,944],[-28,-4],[-1,-12],[-33,-15],[-51,-8],[-43,5],[-49,23],[-32,-1]],[[1262,1140],[48,0],[48,6],[46,18],[39,8],[31,17],[46,-1]],[[889,1035],[-65,20],[-23,16]],[[2355,2089],[-27,8],[-29,-2],[-13,17],[-26,-10],[-33,-2],[-18,-15],[-23,-1],[-91,22],[-12,-4]],[[1668,1588],[51,3],[61,-14]],[[1781,1577],[35,-22],[54,7]],[[2705,1115],[-8,-13],[-60,-21],[-32,6],[-18,-14],[34,-25],[11,-32],[-37,-21]],[[2941,1118],[-84,0],[-31,15],[-16,18]]],"transform":{"scale":[0.001,0.0009996434937611415],"translate":[3.358,50.75]},"objects":{"gemeente_2016":{"type":"GeometryCollection","geometries":[{"arcs":[[0,1,2]],"type":"Polygon","properties":{"id":207076,"statcode":"GM0003","statnaam":"Appingedam","jrstatcode":"2016GM0003","rubriek":"gemeente","FID":"gemeente_gegeneraliseerd_2016.f662948d-25a4-4bc4-8d28-336c8dfa5baf"},"id":"GM0003"},{"arcs":[[3,4,5,6,7]],"type":"Polygon","properties":{"id":207077,"statcode":"GM0005","statnaam":"Bedum","jrstatcode":"2016GM0005","rubriek":"gemeente","FID":"gemeente_gegeneraliseerd_2016.71475b08-6d12-4b07-be31-53fc9896a318"},"id":"GM0005"},{"arcs":[[8,9,10,11,12]],"type":"Polygon","properties":{"id":207078,"statcode":"GM0007","statnaam":"Bellingwedde","jrstatcode":"2016GM0007","rubriek":"gemeente","FID":"gemeente_gegeneraliseerd_2016.de37ece9-ba57-4260-a5a3-3f95d602cda4"},"id":"GM0007"},{"arcs":[[13,-6,14,15]],"type":"Polygon","properties":{"id":207079,"statcode":"GM0009","statnaam":"Ten Boer","jrstatcode":"2016GM0009","rubriek":"gemeente","FID":"gemeente_gegeneraliseerd_2016.1893f3a1-2007-45b2-8197-29a5ab49396a"},"id":"GM0009"},{"arcs":[[-3,16,17,18,19,20]],"type":"Polygon","properties":{"id":207080,"statcode":"GM0010","statnaam":"Delfzijl","jrstatcode":"2016GM0010","rubriek":"gemeente","FID":"gemeente_gegeneraliseerd_2016.3b44e417-3993-40c8-918e-da8c896a22bc"},"id":"GM0010"},{"arcs":[[21,22,23,24,25,26,-7,-14,27,28]],"type":"Polygon","properties":{"id":207081,"statcode":"GM0014","statnaam":"Groningen","jrstatcode":"2016GM0014","rubriek":"gemeente","FID":"gemeente_gegeneraliseerd_2016.595e302f-6443-4d0f-8cf3-8daf35d8f940"},"id":"GM0014"},{"arcs":[[29,30,31,32,33]],"type":"Polygon","properties":{"id":207082,"statcode":"GM0015","statnaam":"Grootegast","jrstatcode":"2016GM0015","rubriek":"gemeente","FID":"gemeente_gegeneraliseerd_2016.c98aa4d3-32b8-484f-b57e-e8fe9948c5ca"},"id":"GM0015"},{"arcs":[[-22,34,35]],"type":"Polygon","properties":{"id":207083,"statcode":"GM0017","statnaam":"Haren","jrstatcode":"2016GM0017","rubriek":"gemeente","FID":"gemeente_gegeneraliseerd_2016.d9cd1ff2-a67b-4c45-be7d-7c59467039e4"},"id":"GM0017"},{"arcs":[[36,37,38,-35,-29,39,40]],"type":"Polygon","properties":{"id":207084,"statcode":"GM0018","statnaam":"Hoogezand-Sappemeer","jrstatcode":"2016GM0018","rubriek":"gemeente","FID":"gemeente_gegeneraliseerd_2016.ce2c6109-7438-40e5-9a58-b490eb18c0bc"},"id":"GM0018"},{"arcs":[[41,-25,42,43,44,-31]],"type":"Polygon","properties":{"id":207085,"statcode":"GM0022","statnaam":"Leek","jrstatcode":"2016GM0022","rubriek":"gemeente","FID":"gemeente_gegeneraliseerd_2016.2bc30492-370d-4ddf-ab73-f2265fe3af07"},"id":"GM0022"},{"arcs":[[45,-15,-5,46,-17,-2]],"type":"Polygon","properties":{"id":207086,"statcode":"GM0024","statnaam":"Loppersum","jrstatcode":"2016GM0024","rubriek":"gemeente","FID":"gemeente_gegeneraliseerd_2016.7057eb5e-a5c6-4a16-9ffe-f5f811ea8ba2"},"id":"GM0024"},{"arcs":[[47,48,-32,-45]],"type":"Polygon","properties":{"id":207087,"statcode":"GM0025","statnaam":"Marum","jrstatcode":"2016GM0025","rubriek":"gemeente","FID":"gemeente_gegeneraliseerd_2016.0fc3b889-2f90-4804-9765-8c4fa4b7b05c"},"id":"GM0025"},{"arcs":[[49,50,51,52,53,54,55]],"type":"Polygon","properties":{"id":207088,"statcode":"GM0034","statnaam":"Almere","jrstatcode":"2016GM0034","rubriek":"gemeente","FID":"gemeente_gegeneraliseerd_2016.25e2e560-e3d5-4f4f-9839-976fe8c45f70"},"id":"GM0034"},{"arcs":[[56,57,58,59,-13,60]],"type":"Polygon","properties":{"id":207089,"statcode":"GM0037","statnaam":"Stadskanaal","jrstatcode":"2016GM0037","rubriek":"gemeente","FID":"gemeente_gegeneraliseerd_2016.f501e295-bf5a-49f8-9b68-c83c0c61e859"},"id":"GM0037"},{"arcs":[[61,62,-40,-28,-16,-46,-1,-21]],"type":"Polygon","properties":{"id":207090,"statcode":"GM0040","statnaam":"Slochteren","jrstatcode":"2016GM0040","rubriek":"gemeente","FID":"gemeente_gegeneraliseerd_2016.adc2c158-a7ca-44e6-8fd3-0b4864702dd1"},"id":"GM0040"},{"arcs":[[-37,63,64,-59,65]],"type":"Polygon","properties":{"id":207091,"statcode":"GM0047","statnaam":"Veendam","jrstatcode":"2016GM0047","rubriek":"gemeente","FID":"gemeente_gegeneraliseerd_2016.951d3a2c-4312-40cd-b7f2-e97e7ddfc797"},"id":"GM0047"},{"arcs":[[-61,-12,66,67,68]],"type":"Polygon","properties":{"id":207092,"statcode":"GM0048","statnaam":"Vlagtwedde","jrstatcode":"2016GM0048","rubriek":"gemeente","FID":"gemeente_gegeneraliseerd_2016.6357f014-077a-498c-b173-41f043b55c67"},"id":"GM0048"},{"arcs":[[69,70,71,72,73,-51]],"type":"Polygon","properties":{"id":207093,"statcode":"GM0050","statnaam":"Zeewolde","jrstatcode":"2016GM0050","rubriek":"gemeente","FID":"gemeente_gegeneraliseerd_2016.3456a754-98fe-49f7-add8-756a5773901c"},"id":"GM0050"},{"arcs":[[-27,74,75,76,-8]],"type":"Polygon","properties":{"id":207094,"statcode":"GM0053","statnaam":"Winsum","jrstatcode":"2016GM0053","rubriek":"gemeente","FID":"gemeente_gegeneraliseerd_2016.88abba31-87de-4164-b912-7c1b5a68dca6"},"id":"GM0053"},{"arcs":[[-75,-26,-42,-30,77,78,79,80]],"type":"Polygon","properties":{"id":207095,"statcode":"GM0056","statnaam":"Zuidhorn","jrstatcode":"2016GM0056","rubriek":"gemeente","FID":"gemeente_gegeneraliseerd_2016.6980e294-dc55-4388-b500-7dc4e8f10df1"},"id":"GM0056"},{"arcs":[[81,82,83,84,85]],"type":"Polygon","properties":{"id":207096,"statcode":"GM0058","statnaam":"Dongeradeel","jrstatcode":"2016GM0058","rubriek":"gemeente","FID":"gemeente_gegeneraliseerd_2016.c3d87340-ce1a-4c23-873c-04f0ab7290ac"},"id":"GM0058"},{"arcs":[[88,89,90,91,-78,-34]],"type":"Polygon","properties":{"id":207097,"statcode":"GM0059","statnaam":"Achtkarspelen","jrstatcode":"2016GM0059","rubriek":"gemeente","FID":"gemeente_gegeneraliseerd_2016.4f295c6c-55f7-4128-a0fb-6214f0f38c89"},"id":"GM0059"},{"arcs":[[92]],"type":"Polygon","properties":{"id":207098,"statcode":"GM0060","statnaam":"Ameland","jrstatcode":"2016GM0060","rubriek":"gemeente","FID":"gemeente_gegeneraliseerd_2016.75e30de4-d9ac-4cbd-8ff6-c6fcf4807490"},"id":"GM0060"},{"arcs":[[93,94,95,96,97]],"type":"Polygon","properties":{"id":207099,"statcode":"GM0063","statnaam":"het Bildt","jrstatcode":"2016GM0063","rubriek":"gemeente","FID":"gemeente_gegeneraliseerd_2016.ba7416c4-f42e-46f2-aa5d-dbf067122524"},"id":"GM0063"},{"arcs":[[98,99,100,101,-96,102]],"type":"Polygon","properties":{"id":207100,"statcode":"GM0070","statnaam":"Franekeradeel","jrstatcode":"2016GM0070","rubriek":"gemeente","FID":"gemeente_gegeneraliseerd_2016.53a64e1f-222e-4504-9bf0-8b7224bb4e91"},"id":"GM0070"},{"arcs":[[-101,103,104]],"type":"Polygon","properties":{"id":207101,"statcode":"GM0072","statnaam":"Harlingen","jrstatcode":"2016GM0072","rubriek":"gemeente","FID":"gemeente_gegeneraliseerd_2016.8b3ec885-ddba-4513-88c4-65b1c70629fc"},"id":"GM0072"},{"arcs":[[105,106,107,108,109,110]],"type":"Polygon","properties":{"id":207102,"statcode":"GM0074","statnaam":"Heerenveen","jrstatcode":"2016GM0074","rubriek":"gemeente","FID":"gemeente_gegeneraliseerd_2016.27a71ed3-3d3c-42d1-958c-cea1137b9796"},"id":"GM0074"},{"arcs":[[-82,111,-79,-92,112]],"type":"Polygon","properties":{"id":207103,"statcode":"GM0079","statnaam":"Kollumerland en Nieuwkruisland","jrstatcode":"2016GM0079","rubriek":"gemeente","FID":"gemeente_gegeneraliseerd_2016.0f576939-52f5-4f7a-9d13-b0a3edb87133"},"id":"GM0079"},{"arcs":[[113,114,115,116,117,118,119,-107]],"type":"Polygon","properties":{"id":207104,"statcode":"GM0080","statnaam":"Leeuwarden","jrstatcode":"2016GM0080","rubriek":"gemeente","FID":"gemeente_gegeneraliseerd_2016.68229ddd-83ca-44e9-818a-602e836049da"},"id":"GM0080"},{"arcs":[[-118,120,-94,121,122]],"type":"Polygon","properties":{"id":207105,"statcode":"GM0081","statnaam":"Leeuwarderadeel","jrstatcode":"2016GM0081","rubriek":"gemeente","FID":"gemeente_gegeneraliseerd_2016.94a64851-adc9-45e5-b9e1-9cb895b9ba24"},"id":"GM0081"},{"arcs":[[123,124,125,126,-110,127]],"type":"Polygon","properties":{"id":207106,"statcode":"GM0085","statnaam":"Ooststellingwerf","jrstatcode":"2016GM0085","rubriek":"gemeente","FID":"gemeente_gegeneraliseerd_2016.904478be-40db-48f6-9be6-d9a70f5128a9"},"id":"GM0085"},{"arcs":[[128,-48,-44,129,-128,-109]],"type":"Polygon","properties":{"id":207107,"statcode":"GM0086","statnaam":"Opsterland","jrstatcode":"2016GM0086","rubriek":"gemeente","FID":"gemeente_gegeneraliseerd_2016.e1563f23-fcf5-4dbd-b735-cfd1a76abded"},"id":"GM0086"},{"arcs":[[130,131]],"type":"Polygon","properties":{"id":207108,"statcode":"GM0088","statnaam":"Schiermonnikoog","jrstatcode":"2016GM0088","rubriek":"gemeente","FID":"gemeente_gegeneraliseerd_2016.d15b783a-532d-4d5f-b190-be838b1a2e48"},"id":"GM0088"},{"arcs":[[-108,-120,133,-89,-33,-49,-129]],"type":"Polygon","properties":{"id":207109,"statcode":"GM0090","statnaam":"Smallingerland","jrstatcode":"2016GM0090","rubriek":"gemeente","FID":"gemeente_gegeneraliseerd_2016.b082deb7-daa9-49b8-a254-732851148308"},"id":"GM0090"},{"arcs":[[134]],"type":"Polygon","properties":{"id":207110,"statcode":"GM0093","statnaam":"Terschelling","jrstatcode":"2016GM0093","rubriek":"gemeente","FID":"gemeente_gegeneraliseerd_2016.f97eea88-c97c-453a-90e6-df47495c6b3c"},"id":"GM0093"},{"arcs":[[135]],"type":"Polygon","properties":{"id":207111,"statcode":"GM0096","statnaam":"Vlieland","jrstatcode":"2016GM0096","rubriek":"gemeente","FID":"gemeente_gegeneraliseerd_2016.28c51b76-5913-42be-ae53-b983ac151363"},"id":"GM0096"},{"arcs":[[-127,136,137,138,-111]],"type":"Polygon","properties":{"id":207112,"statcode":"GM0098","statnaam":"Weststellingwerf","jrstatcode":"2016GM0098","rubriek":"gemeente","FID":"gemeente_gegeneraliseerd_2016.e4e2be71-2fa7-42a1-aa6c-02f514502008"},"id":"GM0098"},{"arcs":[[139,140,141,142]],"type":"Polygon","properties":{"id":207113,"statcode":"GM0106","statnaam":"Assen","jrstatcode":"2016GM0106","rubriek":"gemeente","FID":"gemeente_gegeneraliseerd_2016.8da3b688-171e-403b-8c86-23be164f91e6"},"id":"GM0106"},{"arcs":[[143,144,145,146,147,148,149]],"type":"Polygon","properties":{"id":207114,"statcode":"GM0109","statnaam":"Coevorden","jrstatcode":"2016GM0109","rubriek":"gemeente","FID":"gemeente_gegeneraliseerd_2016.ae1b0c23-b4ef-4c6b-a73b-19a500fcb819"},"id":"GM0109"},{"arcs":[[150,-146,151,-68]],"type":"Polygon","properties":{"id":207115,"statcode":"GM0114","statnaam":"Emmen","jrstatcode":"2016GM0114","rubriek":"gemeente","FID":"gemeente_gegeneraliseerd_2016.446e01bf-ad3a-40bf-b7cb-80d4f6236790"},"id":"GM0114"},{"arcs":[[-149,152,153,154,155]],"type":"Polygon","properties":{"id":207116,"statcode":"GM0118","statnaam":"Hoogeveen","jrstatcode":"2016GM0118","rubriek":"gemeente","FID":"gemeente_gegeneraliseerd_2016.7a9825df-91f4-45ff-a910-02e1919241e4"},"id":"GM0118"},{"arcs":[[156,157,158,159]],"type":"Polygon","properties":{"id":207117,"statcode":"GM0119","statnaam":"Meppel","jrstatcode":"2016GM0119","rubriek":"gemeente","FID":"gemeente_gegeneraliseerd_2016.3a68821c-41ed-4be3-a347-fe53425a3178"},"id":"GM0119"},{"arcs":[[160,-116,161,-99]],"type":"Polygon","properties":{"id":207118,"statcode":"GM0140","statnaam":"Littenseradiel","jrstatcode":"2016GM0140","rubriek":"gemeente","FID":"gemeente_gegeneraliseerd_2016.904f2236-d58a-484b-89b2-d6888a74a49f"},"id":"GM0140"},{"arcs":[[162,163,164,165,166]],"type":"Polygon","properties":{"id":207119,"statcode":"GM0141","statnaam":"Almelo","jrstatcode":"2016GM0141","rubriek":"gemeente","FID":"gemeente_gegeneraliseerd_2016.a86ab93c-0c82-4218-a31f-19bc5850ccb0"},"id":"GM0141"},{"arcs":[[167,168,169,-165,170]],"type":"Polygon","properties":{"id":207120,"statcode":"GM0147","statnaam":"Borne","jrstatcode":"2016GM0147","rubriek":"gemeente","FID":"gemeente_gegeneraliseerd_2016.e7504cd6-51eb-4d21-b6da-5810d7550a5b"},"id":"GM0147"},{"arcs":[[171,172,173,174,175]],"type":"Polygon","properties":{"id":207121,"statcode":"GM0148","statnaam":"Dalfsen","jrstatcode":"2016GM0148","rubriek":"gemeente","FID":"gemeente_gegeneraliseerd_2016.6418cb3c-faf7-47a7-9506-f8c0c1d6b9e7"},"id":"GM0148"},{"arcs":[[176,177,178,179,180]],"type":"Polygon","properties":{"id":207122,"statcode":"GM0150","statnaam":"Deventer","jrstatcode":"2016GM0150","rubriek":"gemeente","FID":"gemeente_gegeneraliseerd_2016.65d9e026-a8d1-4ecf-8a0c-a8904df98fbd"},"id":"GM0150"},{"arcs":[[181,182,183,184,185,186]],"type":"Polygon","properties":{"id":207123,"statcode":"GM0153","statnaam":"Enschede","jrstatcode":"2016GM0153","rubriek":"gemeente","FID":"gemeente_gegeneraliseerd_2016.016b97d1-c51a-47da-98bf-e6ecf2c90fc7"},"id":"GM0153"},{"arcs":[[187,188,189,190,-186]],"type":"Polygon","properties":{"id":207124,"statcode":"GM0158","statnaam":"Haaksbergen","jrstatcode":"2016GM0158","rubriek":"gemeente","FID":"gemeente_gegeneraliseerd_2016.d2cabdc5-627e-43a7-82e2-eea5eb06d82b"},"id":"GM0158"},{"arcs":[[-172,191,192,-153,-148,193,194,195]],"type":"Polygon","properties":{"id":207125,"statcode":"GM0160","statnaam":"Hardenberg","jrstatcode":"2016GM0160","rubriek":"gemeente","FID":"gemeente_gegeneraliseerd_2016.8f925599-02e5-48d7-b343-09a9ed07dc4e"},"id":"GM0160"},{"arcs":[[196,197,198,199,200]],"type":"Polygon","properties":{"id":207126,"statcode":"GM0163","statnaam":"Hellendoorn","jrstatcode":"2016GM0163","rubriek":"gemeente","FID":"gemeente_gegeneraliseerd_2016.020e55ea-4b65-44a4-bded-c65ef6f95cd7"},"id":"GM0163"},{"arcs":[[-187,-191,201,-169,202]],"type":"Polygon","properties":{"id":207127,"statcode":"GM0164","statnaam":"Hengelo","jrstatcode":"2016GM0164","rubriek":"gemeente","FID":"gemeente_gegeneraliseerd_2016.91da5be1-8bdc-4514-988b-29afd1ec5484"},"id":"GM0164"},{"arcs":[[203,204,205,206,207,208,209,210,211,212]],"type":"Polygon","properties":{"id":207128,"statcode":"GM0166","statnaam":"Kampen","jrstatcode":"2016GM0166","rubriek":"gemeente","FID":"gemeente_gegeneraliseerd_2016.54090d84-1575-45c5-aec5-af7ea7ca9526"},"id":"GM0166"},{"arcs":[[-184,213,214,215]],"type":"Polygon","properties":{"id":207129,"statcode":"GM0168","statnaam":"Losser","jrstatcode":"2016GM0168","rubriek":"gemeente","FID":"gemeente_gegeneraliseerd_2016.0c76a25c-5ebc-47e9-ab2a-03b0f9522249"},"id":"GM0168"},{"arcs":[[216,217,218,219,220,221,222]],"type":"Polygon","properties":{"id":207130,"statcode":"GM0171","statnaam":"Noordoostpolder","jrstatcode":"2016GM0171","rubriek":"gemeente","FID":"gemeente_gegeneraliseerd_2016.5d4357b6-6581-4278-a762-7f9767515761"},"id":"GM0171"},{"arcs":[[-214,-183,224]],"type":"Polygon","properties":{"id":207131,"statcode":"GM0173","statnaam":"Oldenzaal","jrstatcode":"2016GM0173","rubriek":"gemeente","FID":"gemeente_gegeneraliseerd_2016.ae37e50a-5633-4970-aba3-9f56c3ed003a"},"id":"GM0173"},{"arcs":[[225,-199,226,-173,-196]],"type":"Polygon","properties":{"id":207132,"statcode":"GM0175","statnaam":"Ommen","jrstatcode":"2016GM0175","rubriek":"gemeente","FID":"gemeente_gegeneraliseerd_2016.c07df28a-3b45-42ef-82d8-dc606e05743c"},"id":"GM0175"},{"arcs":[[227,-174,-227,-198,228,-177,229]],"type":"Polygon","properties":{"id":207133,"statcode":"GM0177","statnaam":"Raalte","jrstatcode":"2016GM0177","rubriek":"gemeente","FID":"gemeente_gegeneraliseerd_2016.c485fa68-a609-4b9c-9875-a59074b01df0"},"id":"GM0177"},{"arcs":[[230,-192,-176,231,232,233,-158]],"type":"Polygon","properties":{"id":207134,"statcode":"GM0180","statnaam":"Staphorst","jrstatcode":"2016GM0180","rubriek":"gemeente","FID":"gemeente_gegeneraliseerd_2016.7fa4ad51-c1b2-441b-a4d4-eecc9d881445"},"id":"GM0180"},{"arcs":[[234,-171,-164,235,236]],"type":"Polygon","properties":{"id":207135,"statcode":"GM0183","statnaam":"Tubbergen","jrstatcode":"2016GM0183","rubriek":"gemeente","FID":"gemeente_gegeneraliseerd_2016.82343006-6ae9-40b7-a0f5-95ee764f5070"},"id":"GM0183"},{"arcs":[[-221,237]],"type":"Polygon","properties":{"id":207136,"statcode":"GM0184","statnaam":"Urk","jrstatcode":"2016GM0184","rubriek":"gemeente","FID":"gemeente_gegeneraliseerd_2016.68c50765-1e15-4726-980a-e5e0a5ebb496"},"id":"GM0184"},{"arcs":[[238,-201,239,-167,240]],"type":"Polygon","properties":{"id":207137,"statcode":"GM0189","statnaam":"Wierden","jrstatcode":"2016GM0189","rubriek":"gemeente","FID":"gemeente_gegeneraliseerd_2016.e4dfcc5a-c521-423b-824f-98b2d387f783"},"id":"GM0189"},{"arcs":[[241,242,-208,243,-232,-175,-228,244]],"type":"Polygon","properties":{"id":207138,"statcode":"GM0193","statnaam":"Zwolle","jrstatcode":"2016GM0193","rubriek":"gemeente","FID":"gemeente_gegeneraliseerd_2016.6ffbfd2b-4975-4554-a4d6-1855ec1e177e"},"id":"GM0193"},{"arcs":[[245,246,247,248,249]],"type":"Polygon","properties":{"id":207139,"statcode":"GM0196","statnaam":"Rijnwaarden","jrstatcode":"2016GM0196","rubriek":"gemeente","FID":"gemeente_gegeneraliseerd_2016.6ad4a3f0-968e-4df4-8089-7fe8ed58caf4"},"id":"GM0196"},{"arcs":[[250,251,252,253]],"type":"Polygon","properties":{"id":207140,"statcode":"GM0197","statnaam":"Aalten","jrstatcode":"2016GM0197","rubriek":"gemeente","FID":"gemeente_gegeneraliseerd_2016.41a59058-34ee-4495-9ed6-5c4ac329454d"},"id":"GM0197"},{"arcs":[[254,255,256,257,258,259,260,261,262]],"type":"Polygon","properties":{"id":207141,"statcode":"GM0200","statnaam":"Apeldoorn","jrstatcode":"2016GM0200","rubriek":"gemeente","FID":"gemeente_gegeneraliseerd_2016.947e77eb-daa1-4eed-8ff6-8acc90470166"},"id":"GM0200"},{"arcs":[[263,264,265,266,267,-262,268,269]],"type":"Polygon","properties":{"id":207142,"statcode":"GM0202","statnaam":"Arnhem","jrstatcode":"2016GM0202","rubriek":"gemeente","FID":"gemeente_gegeneraliseerd_2016.129fe4a6-3751-4ec6-8875-4ca778eedd01"},"id":"GM0202"},{"arcs":[[270,271,272,273,274,275,-255,276,277,278]],"type":"Polygon","properties":{"id":207143,"statcode":"GM0203","statnaam":"Barneveld","jrstatcode":"2016GM0203","rubriek":"gemeente","FID":"gemeente_gegeneraliseerd_2016.2c25f345-f35e-4c1b-b270-80c0b63c57be"},"id":"GM0203"},{"arcs":[[279,280,281,282,283]],"type":"Polygon","properties":{"id":207144,"statcode":"GM0209","statnaam":"Beuningen","jrstatcode":"2016GM0209","rubriek":"gemeente","FID":"gemeente_gegeneraliseerd_2016.dd1aa2ec-155e-4159-a76e-3469068e2c91"},"id":"GM0209"},{"arcs":[[284,-260,285,286,287,288]],"type":"Polygon","properties":{"id":207145,"statcode":"GM0213","statnaam":"Brummen","jrstatcode":"2016GM0213","rubriek":"gemeente","FID":"gemeente_gegeneraliseerd_2016.16e8803b-078f-4f0b-b907-ac1b5f56853c"},"id":"GM0213"},{"arcs":[[289,290,291,292,293,294,295]],"type":"Polygon","properties":{"id":207146,"statcode":"GM0214","statnaam":"Buren","jrstatcode":"2016GM0214","rubriek":"gemeente","FID":"gemeente_gegeneraliseerd_2016.b9b5726c-a0f1-4a16-9941-29440f12bcc0"},"id":"GM0214"},{"arcs":[[296,297,298,299,300,-292]],"type":"Polygon","properties":{"id":207147,"statcode":"GM0216","statnaam":"Culemborg","jrstatcode":"2016GM0216","rubriek":"gemeente","FID":"gemeente_gegeneraliseerd_2016.24691c36-ee1d-4bb2-b8f9-942d5ffe6cc8"},"id":"GM0216"},{"arcs":[[301,302,303]],"type":"Polygon","properties":{"id":207148,"statcode":"GM0221","statnaam":"Doesburg","jrstatcode":"2016GM0221","rubriek":"gemeente","FID":"gemeente_gegeneraliseerd_2016.8ccad39b-ceca-46b4-ad2c-e2d16718f453"},"id":"GM0221"},{"arcs":[[304,305,306,307]],"type":"Polygon","properties":{"id":207149,"statcode":"GM0222","statnaam":"Doetinchem","jrstatcode":"2016GM0222","rubriek":"gemeente","FID":"gemeente_gegeneraliseerd_2016.5a6d21fe-f2f6-4477-a135-0246b1c2c6e4"},"id":"GM0222"},{"arcs":[[308,309,310,-281]],"type":"Polygon","properties":{"id":207150,"statcode":"GM0225","statnaam":"Druten","jrstatcode":"2016GM0225","rubriek":"gemeente","FID":"gemeente_gegeneraliseerd_2016.97078c1d-7880-4ceb-8bbd-320ccbe06ea4"},"id":"GM0225"},{"arcs":[[311,-248,312,313]],"type":"Polygon","properties":{"id":207151,"statcode":"GM0226","statnaam":"Duiven","jrstatcode":"2016GM0226","rubriek":"gemeente","FID":"gemeente_gegeneraliseerd_2016.bb03d0e6-f7e7-41af-b5f2-71a7dc501d4b"},"id":"GM0226"},{"arcs":[[-263,-268,314,315,316,317,318,-277]],"type":"Polygon","properties":{"id":207152,"statcode":"GM0228","statnaam":"Ede","jrstatcode":"2016GM0228","rubriek":"gemeente","FID":"gemeente_gegeneraliseerd_2016.38c69466-1503-4482-8281-5d18232e7692"},"id":"GM0228"},{"arcs":[[319,320,321,322]],"type":"Polygon","properties":{"id":207153,"statcode":"GM0230","statnaam":"Elburg","jrstatcode":"2016GM0230","rubriek":"gemeente","FID":"gemeente_gegeneraliseerd_2016.976f00d1-f504-4b8b-85f5-684149b0fc1e"},"id":"GM0230"},{"arcs":[[323,-321,324,325,326,327,-258]],"type":"Polygon","properties":{"id":207154,"statcode":"GM0232","statnaam":"Epe","jrstatcode":"2016GM0232","rubriek":"gemeente","FID":"gemeente_gegeneraliseerd_2016.b6a96bda-7b8b-4501-9e02-ebf37b35a7a0"},"id":"GM0232"},{"arcs":[[-256,-276,328,329,330,331]],"type":"Polygon","properties":{"id":207155,"statcode":"GM0233","statnaam":"Ermelo","jrstatcode":"2016GM0233","rubriek":"gemeente","FID":"gemeente_gegeneraliseerd_2016.ce7661f6-024a-4d67-a65e-052ec2010633"},"id":"GM0233"},{"arcs":[[332,333,334,335,-297,-291]],"type":"Polygon","properties":{"id":207156,"statcode":"GM0236","statnaam":"Geldermalsen","jrstatcode":"2016GM0236","rubriek":"gemeente","FID":"gemeente_gegeneraliseerd_2016.b13736a5-1ee8-459b-a8b1-7d3d644f3451"},"id":"GM0236"},{"arcs":[[336,-73,337,338,-331]],"type":"Polygon","properties":{"id":207157,"statcode":"GM0243","statnaam":"Harderwijk","jrstatcode":"2016GM0243","rubriek":"gemeente","FID":"gemeente_gegeneraliseerd_2016.e5c757d6-6fa6-4ab6-8810-528acca6e116"},"id":"GM0243"},{"arcs":[[339,-209,-243,340]],"type":"Polygon","properties":{"id":207158,"statcode":"GM0244","statnaam":"Hattem","jrstatcode":"2016GM0244","rubriek":"gemeente","FID":"gemeente_gegeneraliseerd_2016.3206b735-efc5-4594-80dd-a511f7872c57"},"id":"GM0244"},{"arcs":[[-242,341,-326,342,-341]],"type":"Polygon","properties":{"id":207159,"statcode":"GM0246","statnaam":"Heerde","jrstatcode":"2016GM0246","rubriek":"gemeente","FID":"gemeente_gegeneraliseerd_2016.b79560c8-a32c-4646-ad41-94a57ffb00ad"},"id":"GM0246"},{"arcs":[[343,344,345,346,347,348]],"type":"Polygon","properties":{"id":207160,"statcode":"GM0252","statnaam":"Heumen","jrstatcode":"2016GM0252","rubriek":"gemeente","FID":"gemeente_gegeneraliseerd_2016.1246673e-3a73-46b0-bc91-2c0d54b18fd5"},"id":"GM0252"},{"arcs":[[349,-179,350,351,352,353,354]],"type":"Polygon","properties":{"id":207161,"statcode":"GM0262","statnaam":"Lochem","jrstatcode":"2016GM0262","rubriek":"gemeente","FID":"gemeente_gegeneraliseerd_2016.f80b98d1-8f71-4515-8b51-5916684967d3"},"id":"GM0262"},{"arcs":[[355,356,357,358,359,360]],"type":"Polygon","properties":{"id":207162,"statcode":"GM0263","statnaam":"Maasdriel","jrstatcode":"2016GM0263","rubriek":"gemeente","FID":"gemeente_gegeneraliseerd_2016.8fe51ac1-2261-48f3-833e-667b0a4d5bc5"},"id":"GM0263"},{"arcs":[[361,362,363,364,-274]],"type":"Polygon","properties":{"id":207163,"statcode":"GM0267","statnaam":"Nijkerk","jrstatcode":"2016GM0267","rubriek":"gemeente","FID":"gemeente_gegeneraliseerd_2016.e81dc247-93e7-47d3-a9ab-8aa31a939527"},"id":"GM0267"},{"arcs":[[365,366,-344,367,-284,368]],"type":"Polygon","properties":{"id":207164,"statcode":"GM0268","statnaam":"Nijmegen","jrstatcode":"2016GM0268","rubriek":"gemeente","FID":"gemeente_gegeneraliseerd_2016.c57333df-d71d-4869-b796-0b79a4887dad"},"id":"GM0268"},{"arcs":[[369,-210,-340,-343,-325,-320]],"type":"Polygon","properties":{"id":207165,"statcode":"GM0269","statnaam":"Oldebroek","jrstatcode":"2016GM0269","rubriek":"gemeente","FID":"gemeente_gegeneraliseerd_2016.fc4b185a-f04a-451b-bf41-639a820b7f9c"},"id":"GM0269"},{"arcs":[[-275,-365,370,-329]],"type":"Polygon","properties":{"id":207166,"statcode":"GM0273","statnaam":"Putten","jrstatcode":"2016GM0273","rubriek":"gemeente","FID":"gemeente_gegeneraliseerd_2016.f9bcee8d-ad8e-4d71-82ea-505c262c0a44"},"id":"GM0273"},{"arcs":[[371,372,-315,-267]],"type":"Polygon","properties":{"id":207167,"statcode":"GM0274","statnaam":"Renkum","jrstatcode":"2016GM0274","rubriek":"gemeente","FID":"gemeente_gegeneraliseerd_2016.5068ca4f-e759-44dd-a692-ca2889b57dfb"},"id":"GM0274"},{"arcs":[[-289,373,-303,374,375,-270,376]],"type":"Polygon","properties":{"id":207168,"statcode":"GM0275","statnaam":"Rheden","jrstatcode":"2016GM0275","rubriek":"gemeente","FID":"gemeente_gegeneraliseerd_2016.81781778-9baf-4508-9af9-763f298612bf"},"id":"GM0275"},{"arcs":[[-269,-261,-285,-377]],"type":"Polygon","properties":{"id":207169,"statcode":"GM0277","statnaam":"Rozendaal","jrstatcode":"2016GM0277","rubriek":"gemeente","FID":"gemeente_gegeneraliseerd_2016.8d124522-0d7a-4c62-aabe-9c148609dca1"},"id":"GM0277"},{"arcs":[[377,378,-279]],"type":"Polygon","properties":{"id":207170,"statcode":"GM0279","statnaam":"Scherpenzeel","jrstatcode":"2016GM0279","rubriek":"gemeente","FID":"gemeente_gegeneraliseerd_2016.94558e9b-bf15-48a7-817f-7ea0b615f5a8"},"id":"GM0279"},{"arcs":[[379,-333,-290,380,381]],"type":"Polygon","properties":{"id":207171,"statcode":"GM0281","statnaam":"Tiel","jrstatcode":"2016GM0281","rubriek":"gemeente","FID":"gemeente_gegeneraliseerd_2016.fc9c2831-aaf6-4b90-bf0e-769747b85e11"},"id":"GM0281"},{"arcs":[[-328,382,-180,-350,383,-286,-259]],"type":"Polygon","properties":{"id":207172,"statcode":"GM0285","statnaam":"Voorst","jrstatcode":"2016GM0285","rubriek":"gemeente","FID":"gemeente_gegeneraliseerd_2016.20da8cc9-22ed-4ba5-8537-6626000312fa"},"id":"GM0285"},{"arcs":[[-373,384,385,386,-316]],"type":"Polygon","properties":{"id":207173,"statcode":"GM0289","statnaam":"Wageningen","jrstatcode":"2016GM0289","rubriek":"gemeente","FID":"gemeente_gegeneraliseerd_2016.3a54c221-0856-4572-8be7-d7721ca2f6f6"},"id":"GM0289"},{"arcs":[[-314,387,-264,-376,388]],"type":"Polygon","properties":{"id":207174,"statcode":"GM0293","statnaam":"Westervoort","jrstatcode":"2016GM0293","rubriek":"gemeente","FID":"gemeente_gegeneraliseerd_2016.f1001f4b-5eb6-4bf5-867d-80a508e8c177"},"id":"GM0293"},{"arcs":[[389,-254,390]],"type":"Polygon","properties":{"id":207175,"statcode":"GM0294","statnaam":"Winterswijk","jrstatcode":"2016GM0294","rubriek":"gemeente","FID":"gemeente_gegeneraliseerd_2016.18e2cfb7-e131-476a-b6f6-7b93a4d34201"},"id":"GM0294"},{"arcs":[[-368,-349,391,392,393,-309,-280]],"type":"Polygon","properties":{"id":207176,"statcode":"GM0296","statnaam":"Wijchen","jrstatcode":"2016GM0296","rubriek":"gemeente","FID":"gemeente_gegeneraliseerd_2016.ccc452f5-49d2-4d24-9683-9ee3efeac46c"},"id":"GM0296"},{"arcs":[[394,395,396,397,398,399,-357]],"type":"Polygon","properties":{"id":207177,"statcode":"GM0297","statnaam":"Zaltbommel","jrstatcode":"2016GM0297","rubriek":"gemeente","FID":"gemeente_gegeneraliseerd_2016.500ae172-bda9-473a-8711-7ad616c2c393"},"id":"GM0297"},{"arcs":[[400,-306,401,402,-249,-312,-389,-375,-302]],"type":"Polygon","properties":{"id":207178,"statcode":"GM0299","statnaam":"Zevenaar","jrstatcode":"2016GM0299","rubriek":"gemeente","FID":"gemeente_gegeneraliseerd_2016.6d4cf15b-36c3-4373-a927-60eb13ad78af"},"id":"GM0299"},{"arcs":[[-287,-384,-355,403]],"type":"Polygon","properties":{"id":207179,"statcode":"GM0301","statnaam":"Zutphen","jrstatcode":"2016GM0301","rubriek":"gemeente","FID":"gemeente_gegeneraliseerd_2016.11d40ee7-5c2c-437e-8615-9c9767b9c1ba"},"id":"GM0301"},{"arcs":[[404,-322,-324,-257,-332,-339]],"type":"Polygon","properties":{"id":207180,"statcode":"GM0302","statnaam":"Nunspeet","jrstatcode":"2016GM0302","rubriek":"gemeente","FID":"gemeente_gegeneraliseerd_2016.0d040108-3ec6-48e8-b422-4dfffd5ccb68"},"id":"GM0302"},{"arcs":[[405,-219,406,-212,407,-71,408]],"type":"Polygon","properties":{"id":207181,"statcode":"GM0303","statnaam":"Dronten","jrstatcode":"2016GM0303","rubriek":"gemeente","FID":"gemeente_gegeneraliseerd_2016.14391a47-af16-4ad4-ac39-c5b8de485129"},"id":"GM0303"},{"arcs":[[409,-358,-400,410,-334,-380]],"type":"Polygon","properties":{"id":207182,"statcode":"GM0304","statnaam":"Neerijnen","jrstatcode":"2016GM0304","rubriek":"gemeente","FID":"gemeente_gegeneraliseerd_2016.84b57177-79ba-4cdc-a26a-67b944822e8b"},"id":"GM0304"},{"arcs":[[-362,-273,411,412,413,414,415]],"type":"Polygon","properties":{"id":207183,"statcode":"GM0307","statnaam":"Amersfoort","jrstatcode":"2016GM0307","rubriek":"gemeente","FID":"gemeente_gegeneraliseerd_2016.45ccb28a-bda3-4a2b-8b6b-c46aea90c8b0"},"id":"GM0307"},{"arcs":[[416,417,418,419,-415,420,421,422]],"type":"Polygon","properties":{"id":207184,"statcode":"GM0308","statnaam":"Baarn","jrstatcode":"2016GM0308","rubriek":"gemeente","FID":"gemeente_gegeneraliseerd_2016.66786751-6dbd-4bd5-abc4-fb296c2d3e0f"},"id":"GM0308"},{"arcs":[[-423,423,424,425,426,427]],"type":"Polygon","properties":{"id":207185,"statcode":"GM0310","statnaam":"De Bilt","jrstatcode":"2016GM0310","rubriek":"gemeente","FID":"gemeente_gegeneraliseerd_2016.7e9f96f4-3fad-41bc-9c9b-c1261daacaa0"},"id":"GM0310"},{"arcs":[[428,429,430,431,432]],"type":"Polygon","properties":{"id":207186,"statcode":"GM0312","statnaam":"Bunnik","jrstatcode":"2016GM0312","rubriek":"gemeente","FID":"gemeente_gegeneraliseerd_2016.a010cd86-fa26-4294-abb8-6d5891bca553"},"id":"GM0312"},{"arcs":[[-416,-420,433,434,-363]],"type":"Polygon","properties":{"id":207187,"statcode":"GM0313","statnaam":"Bunschoten","jrstatcode":"2016GM0313","rubriek":"gemeente","FID":"gemeente_gegeneraliseerd_2016.997f1f81-38b5-4820-9119-7d23dabb6ee3"},"id":"GM0313"},{"arcs":[[435,-434,-419,436,437]],"type":"Polygon","properties":{"id":207188,"statcode":"GM0317","statnaam":"Eemnes","jrstatcode":"2016GM0317","rubriek":"gemeente","FID":"gemeente_gegeneraliseerd_2016.cb115f1b-1e0a-43c6-b308-aa8d79607fb6"},"id":"GM0317"},{"arcs":[[438,-431,439,-300,440,441]],"type":"Polygon","properties":{"id":207189,"statcode":"GM0321","statnaam":"Houten","jrstatcode":"2016GM0321","rubriek":"gemeente","FID":"gemeente_gegeneraliseerd_2016.2c45a06a-63f9-437a-aafe-fad817b6bb66"},"id":"GM0321"},{"arcs":[[-272,442,443,-412]],"type":"Polygon","properties":{"id":207190,"statcode":"GM0327","statnaam":"Leusden","jrstatcode":"2016GM0327","rubriek":"gemeente","FID":"gemeente_gegeneraliseerd_2016.0d7f5896-bba2-40cb-bb6b-9dc5dcbc1c7a"},"id":"GM0327"},{"arcs":[[444,445,446,447,448,449,450]],"type":"Polygon","properties":{"id":207191,"statcode":"GM0331","statnaam":"Lopik","jrstatcode":"2016GM0331","rubriek":"gemeente","FID":"gemeente_gegeneraliseerd_2016.7260c270-7a9c-4688-aa0c-a2fbd13e4e07"},"id":"GM0331"},{"arcs":[[451,452,453,454,-448,455]],"type":"Polygon","properties":{"id":207192,"statcode":"GM0335","statnaam":"Montfoort","jrstatcode":"2016GM0335","rubriek":"gemeente","FID":"gemeente_gegeneraliseerd_2016.261b2fe5-abf8-4fb0-933b-ac7265f1aa1d"},"id":"GM0335"},{"arcs":[[-319,456,457,458,-378,-278]],"type":"Polygon","properties":{"id":207193,"statcode":"GM0339","statnaam":"Renswoude","jrstatcode":"2016GM0339","rubriek":"gemeente","FID":"gemeente_gegeneraliseerd_2016.97d3bf72-4acd-4341-9fe5-06d1cf14ade2"},"id":"GM0339"},{"arcs":[[-317,-387,459,-295,460,461]],"type":"Polygon","properties":{"id":207194,"statcode":"GM0340","statnaam":"Rhenen","jrstatcode":"2016GM0340","rubriek":"gemeente","FID":"gemeente_gegeneraliseerd_2016.d83e17df-52b3-432a-ad81-51f70d62ca38"},"id":"GM0340"},{"arcs":[[-414,462,-421]],"type":"Polygon","properties":{"id":207195,"statcode":"GM0342","statnaam":"Soest","jrstatcode":"2016GM0342","rubriek":"gemeente","FID":"gemeente_gegeneraliseerd_2016.3a9ca36d-c770-4558-8ebc-10ec0e98ec01"},"id":"GM0342"},{"arcs":[[-425,463,-432,-439,464,465,-454,466,467]],"type":"Polygon","properties":{"id":207196,"statcode":"GM0344","statnaam":"Utrecht","jrstatcode":"2016GM0344","rubriek":"gemeente","FID":"gemeente_gegeneraliseerd_2016.5f1bb145-3b92-45bf-8aa0-d9df95a07c7b"},"id":"GM0344"},{"arcs":[[468,-457,-318,-462]],"type":"Polygon","properties":{"id":207197,"statcode":"GM0345","statnaam":"Veenendaal","jrstatcode":"2016GM0345","rubriek":"gemeente","FID":"gemeente_gegeneraliseerd_2016.269b8555-a704-4699-a158-730e27dd4e32"},"id":"GM0345"},{"arcs":[[-459,469,470,-443,-271,-379]],"type":"Polygon","properties":{"id":207198,"statcode":"GM0351","statnaam":"Woudenberg","jrstatcode":"2016GM0351","rubriek":"gemeente","FID":"gemeente_gegeneraliseerd_2016.a84551e9-ad49-4f16-b6c9-4e3a1b77ae6d"},"id":"GM0351"},{"arcs":[[-293,-301,-440,-430,471]],"type":"Polygon","properties":{"id":207199,"statcode":"GM0352","statnaam":"Wijk bij Duurstede","jrstatcode":"2016GM0352","rubriek":"gemeente","FID":"gemeente_gegeneraliseerd_2016.c3412548-eed9-4d80-8550-d6b71bfa2277"},"id":"GM0352"},{"arcs":[[472,473,-449,-455,-466]],"type":"Polygon","properties":{"id":207200,"statcode":"GM0353","statnaam":"IJsselstein","jrstatcode":"2016GM0353","rubriek":"gemeente","FID":"gemeente_gegeneraliseerd_2016.3a41c0c0-a8cf-498a-a8da-932e9b3284fc"},"id":"GM0353"},{"arcs":[[-413,-444,-471,474,-433,-464,-424,-422,-463]],"type":"Polygon","properties":{"id":207201,"statcode":"GM0355","statnaam":"Zeist","jrstatcode":"2016GM0355","rubriek":"gemeente","FID":"gemeente_gegeneraliseerd_2016.0970540a-f396-4d79-b4fa-920bcaef5f4d"},"id":"GM0355"},{"arcs":[[-465,-442,475,-473]],"type":"Polygon","properties":{"id":207202,"statcode":"GM0356","statnaam":"Nieuwegein","jrstatcode":"2016GM0356","rubriek":"gemeente","FID":"gemeente_gegeneraliseerd_2016.f64b1a34-7e56-4383-aa2d-cc1e60209f7c"},"id":"GM0356"},{"arcs":[[476,477,478,479]],"type":"Polygon","properties":{"id":207203,"statcode":"GM0358","statnaam":"Aalsmeer","jrstatcode":"2016GM0358","rubriek":"gemeente","FID":"gemeente_gegeneraliseerd_2016.acd96783-2a2e-4474-a87a-5a8510eb2b27"},"id":"GM0358"},{"arcs":[[480,481,482,483,484,485,486,487,488,489]],"type":"Polygon","properties":{"id":207204,"statcode":"GM0361","statnaam":"Alkmaar","jrstatcode":"2016GM0361","rubriek":"gemeente","FID":"gemeente_gegeneraliseerd_2016.3603a8ea-db23-4ccd-9d9e-dab970296844"},"id":"GM0361"},{"arcs":[[490,491,492,-479,493,494]],"type":"Polygon","properties":{"id":207205,"statcode":"GM0362","statnaam":"Amstelveen","jrstatcode":"2016GM0362","rubriek":"gemeente","FID":"gemeente_gegeneraliseerd_2016.92379d50-ba23-4ed3-9cbe-f02a8652d243"},"id":"GM0362"},{"arcs":[[[495,496,497,498,499,500,501,502,-495,503]],[[504,505,506,507,508]]],"type":"MultiPolygon","properties":{"id":207206,"statcode":"GM0363","statnaam":"Amsterdam","jrstatcode":"2016GM0363","rubriek":"gemeente","FID":"gemeente_gegeneraliseerd_2016.6b80d38d-2340-4d83-b44b-7c9e064fa911"},"id":"GM0363"},{"arcs":[[511,512,513,514,-485]],"type":"Polygon","properties":{"id":207207,"statcode":"GM0370","statnaam":"Beemster","jrstatcode":"2016GM0370","rubriek":"gemeente","FID":"gemeente_gegeneraliseerd_2016.19a94d85-692c-4f56-ab20-3f9fb7bb4ec6"},"id":"GM0370"},{"arcs":[[515,516,-481,517,518,519]],"type":"Polygon","properties":{"id":207208,"statcode":"GM0373","statnaam":"Bergen (NH.)","jrstatcode":"2016GM0373","rubriek":"gemeente","FID":"gemeente_gegeneraliseerd_2016.404c902e-9062-4b5e-86f1-1f910c030883"},"id":"GM0373"},{"arcs":[[520,521,522,523]],"type":"Polygon","properties":{"id":207209,"statcode":"GM0375","statnaam":"Beverwijk","jrstatcode":"2016GM0375","rubriek":"gemeente","FID":"gemeente_gegeneraliseerd_2016.fe016cef-2751-4583-b2ab-266cc41aeb57"},"id":"GM0375"},{"arcs":[[524,-438,525,526,527,-53]],"type":"Polygon","properties":{"id":207210,"statcode":"GM0376","statnaam":"Blaricum","jrstatcode":"2016GM0376","rubriek":"gemeente","FID":"gemeente_gegeneraliseerd_2016.eb0b9271-6083-4054-909e-e98543795fd3"},"id":"GM0376"},{"arcs":[[528,529,530,531,532,533,534,535]],"type":"Polygon","properties":{"id":207211,"statcode":"GM0377","statnaam":"Bloemendaal","jrstatcode":"2016GM0377","rubriek":"gemeente","FID":"gemeente_gegeneraliseerd_2016.a4f82be2-91dd-432f-aa79-a529795b7466"},"id":"GM0377"},{"arcs":[[536,-519,537,-489,538,539]],"type":"Polygon","properties":{"id":207212,"statcode":"GM0383","statnaam":"Castricum","jrstatcode":"2016GM0383","rubriek":"gemeente","FID":"gemeente_gegeneraliseerd_2016.2313a712-f35f-43d8-9748-8b36cae199d3"},"id":"GM0383"},{"arcs":[[540,-510,541,542,-509,543,-502]],"type":"Polygon","properties":{"id":207213,"statcode":"GM0384","statnaam":"Diemen","jrstatcode":"2016GM0384","rubriek":"gemeente","FID":"gemeente_gegeneraliseerd_2016.869a90bb-8318-4886-b3a4-dfb380891bdf"},"id":"GM0384"},{"arcs":[[544,545,546,547,-513]],"type":"Polygon","properties":{"id":207214,"statcode":"GM0385","statnaam":"Edam-Volendam","jrstatcode":"2016GM0385","rubriek":"gemeente","FID":"gemeente_gegeneraliseerd_2016.2c9c533c-42e5-47d7-9a61-a52e66c86f7f"},"id":"GM0385"},{"arcs":[[548,549,550,551,552]],"type":"Polygon","properties":{"id":207215,"statcode":"GM0388","statnaam":"Enkhuizen","jrstatcode":"2016GM0388","rubriek":"gemeente","FID":"gemeente_gegeneraliseerd_2016.514200d0-9d95-44d1-bff6-ba1c3a814395"},"id":"GM0388"},{"arcs":[[553,554,555,-531,556]],"type":"Polygon","properties":{"id":207216,"statcode":"GM0392","statnaam":"Haarlem","jrstatcode":"2016GM0392","rubriek":"gemeente","FID":"gemeente_gegeneraliseerd_2016.92d603b1-2ec4-4204-afcc-6658d993aa12"},"id":"GM0392"},{"arcs":[[557,-554,558,559,-496]],"type":"Polygon","properties":{"id":207217,"statcode":"GM0393","statnaam":"Haarlemmerliede en Spaarnwoude","jrstatcode":"2016GM0393","rubriek":"gemeente","FID":"gemeente_gegeneraliseerd_2016.583e0c5e-d852-4e73-8733-b2520d3756bf"},"id":"GM0393"},{"arcs":[[-533,560,-555,-558,-504,-494,-478,561,562,563,564]],"type":"Polygon","properties":{"id":207218,"statcode":"GM0394","statnaam":"Haarlemmermeer","jrstatcode":"2016GM0394","rubriek":"gemeente","FID":"gemeente_gegeneraliseerd_2016.8e2aa0e8-40ed-4bce-87c9-aa186525ac75"},"id":"GM0394"},{"arcs":[[565,-540,566,567,-522]],"type":"Polygon","properties":{"id":207219,"statcode":"GM0396","statnaam":"Heemskerk","jrstatcode":"2016GM0396","rubriek":"gemeente","FID":"gemeente_gegeneraliseerd_2016.edc92546-f80a-4c2f-963f-814d4cfbf01f"},"id":"GM0396"},{"arcs":[[-561,-532,-556]],"type":"Polygon","properties":{"id":207220,"statcode":"GM0397","statnaam":"Heemstede","jrstatcode":"2016GM0397","rubriek":"gemeente","FID":"gemeente_gegeneraliseerd_2016.61a43dc6-286a-47a2-b66a-ddf8cf6c9ed8"},"id":"GM0397"},{"arcs":[[568,569,570,571,572,-483]],"type":"Polygon","properties":{"id":207221,"statcode":"GM0398","statnaam":"Heerhugowaard","jrstatcode":"2016GM0398","rubriek":"gemeente","FID":"gemeente_gegeneraliseerd_2016.67ba2bfe-9e34-481a-8501-178e5351e828"},"id":"GM0398"},{"arcs":[[-490,-538,-518]],"type":"Polygon","properties":{"id":207222,"statcode":"GM0399","statnaam":"Heiloo","jrstatcode":"2016GM0399","rubriek":"gemeente","FID":"gemeente_gegeneraliseerd_2016.d018dcc1-75c2-4e58-9293-72b56ea83526"},"id":"GM0399"},{"arcs":[[573,574,575]],"type":"Polygon","properties":{"id":207223,"statcode":"GM0400","statnaam":"Den Helder","jrstatcode":"2016GM0400","rubriek":"gemeente","FID":"gemeente_gegeneraliseerd_2016.8c7f512c-0dbd-4f79-a083-062fa811b4c4"},"id":"GM0400"},{"arcs":[[-417,-428,576,577,578,579,580]],"type":"Polygon","properties":{"id":207224,"statcode":"GM0402","statnaam":"Hilversum","jrstatcode":"2016GM0402","rubriek":"gemeente","FID":"gemeente_gegeneraliseerd_2016.583de631-33d0-4def-9cff-18d738063e90"},"id":"GM0402"},{"arcs":[[581,582,583,584]],"type":"Polygon","properties":{"id":207225,"statcode":"GM0405","statnaam":"Hoorn","jrstatcode":"2016GM0405","rubriek":"gemeente","FID":"gemeente_gegeneraliseerd_2016.3bdb1ba1-da21-426e-a218-5e90df38ed02"},"id":"GM0405"},{"arcs":[[-580,585,586,-527]],"type":"Polygon","properties":{"id":207226,"statcode":"GM0406","statnaam":"Huizen","jrstatcode":"2016GM0406","rubriek":"gemeente","FID":"gemeente_gegeneraliseerd_2016.c58178ba-b440-44e1-af7f-c22307724f83"},"id":"GM0406"},{"arcs":[[587,588,589,590,-499]],"type":"Polygon","properties":{"id":207227,"statcode":"GM0415","statnaam":"Landsmeer","jrstatcode":"2016GM0415","rubriek":"gemeente","FID":"gemeente_gegeneraliseerd_2016.277637a1-8916-4127-8a94-6d7f93d1c935"},"id":"GM0415"},{"arcs":[[-482,-517,591,-569]],"type":"Polygon","properties":{"id":207228,"statcode":"GM0416","statnaam":"Langedijk","jrstatcode":"2016GM0416","rubriek":"gemeente","FID":"gemeente_gegeneraliseerd_2016.a539534c-3730-4273-ad51-f4aa96df7622"},"id":"GM0416"},{"arcs":[[-437,-418,-581,-526]],"type":"Polygon","properties":{"id":207229,"statcode":"GM0417","statnaam":"Laren","jrstatcode":"2016GM0417","rubriek":"gemeente","FID":"gemeente_gegeneraliseerd_2016.19a15f6e-ebc8-4108-acec-d0b57efcb67d"},"id":"GM0417"},{"arcs":[[592,-549,593,594,-582,595,596,597]],"type":"Polygon","properties":{"id":207230,"statcode":"GM0420","statnaam":"Medemblik","jrstatcode":"2016GM0420","rubriek":"gemeente","FID":"gemeente_gegeneraliseerd_2016.ce4feb48-ff73-42dc-aa59-c7ea04594691"},"id":"GM0420"},{"arcs":[[-498,598,599,-588]],"type":"Polygon","properties":{"id":207231,"statcode":"GM0431","statnaam":"Oostzaan","jrstatcode":"2016GM0431","rubriek":"gemeente","FID":"gemeente_gegeneraliseerd_2016.e5824c78-0dac-456e-a3dd-0eccfb4b3224"},"id":"GM0431"},{"arcs":[[600,-572,601,-597]],"type":"Polygon","properties":{"id":207232,"statcode":"GM0432","statnaam":"Opmeer","jrstatcode":"2016GM0432","rubriek":"gemeente","FID":"gemeente_gegeneraliseerd_2016.21c6766a-466e-4519-8409-7889f462dc7b"},"id":"GM0432"},{"arcs":[[602,-491,-503,-544,-508]],"type":"Polygon","properties":{"id":207233,"statcode":"GM0437","statnaam":"Ouder-Amstel","jrstatcode":"2016GM0437","rubriek":"gemeente","FID":"gemeente_gegeneraliseerd_2016.42d9e34e-74a3-4fc1-81b6-1332a6eac31b"},"id":"GM0437"},{"arcs":[[603,-514,-548,604,-590]],"type":"Polygon","properties":{"id":207234,"statcode":"GM0439","statnaam":"Purmerend","jrstatcode":"2016GM0439","rubriek":"gemeente","FID":"gemeente_gegeneraliseerd_2016.93640bfd-b258-49a9-b4c8-dfdc7be781d0"},"id":"GM0439"},{"arcs":[[-570,-592,-516,605,-574,606]],"type":"Polygon","properties":{"id":207235,"statcode":"GM0441","statnaam":"Schagen","jrstatcode":"2016GM0441","rubriek":"gemeente","FID":"gemeente_gegeneraliseerd_2016.d4514a74-d32c-47e1-847f-41f0abc66f3b"},"id":"GM0441"},{"arcs":[[[607]],[[608]]],"type":"MultiPolygon","properties":{"id":207236,"statcode":"GM0448","statnaam":"Texel","jrstatcode":"2016GM0448","rubriek":"gemeente","FID":"gemeente_gegeneraliseerd_2016.55bd006a-e8c7-4859-bbcf-7ff16d3cdb41"},"id":"GM0448"},{"arcs":[[-567,-539,-488,609]],"type":"Polygon","properties":{"id":207237,"statcode":"GM0450","statnaam":"Uitgeest","jrstatcode":"2016GM0450","rubriek":"gemeente","FID":"gemeente_gegeneraliseerd_2016.b5cbb843-8d79-4a15-91e5-e4c28ef4422c"},"id":"GM0450"},{"arcs":[[610,611,612,-480,-493]],"type":"Polygon","properties":{"id":207238,"statcode":"GM0451","statnaam":"Uithoorn","jrstatcode":"2016GM0451","rubriek":"gemeente","FID":"gemeente_gegeneraliseerd_2016.e4365922-dcdf-4fbb-9ae4-20c947dd9128"},"id":"GM0451"},{"arcs":[[-530,613,-524,614,-559,-557]],"type":"Polygon","properties":{"id":207239,"statcode":"GM0453","statnaam":"Velsen","jrstatcode":"2016GM0453","rubriek":"gemeente","FID":"gemeente_gegeneraliseerd_2016.26787241-5b3a-4e86-84ff-af7140c56732"},"id":"GM0453"},{"arcs":[[615,-578,616,617,618,-506]],"type":"Polygon","properties":{"id":207240,"statcode":"GM0457","statnaam":"Weesp","jrstatcode":"2016GM0457","rubriek":"gemeente","FID":"gemeente_gegeneraliseerd_2016.4c9df9ef-cc5d-4c9f-a22e-78f5d108a233"},"id":"GM0457"},{"arcs":[[619,620,621,-536]],"type":"Polygon","properties":{"id":207241,"statcode":"GM0473","statnaam":"Zandvoort","jrstatcode":"2016GM0473","rubriek":"gemeente","FID":"gemeente_gegeneraliseerd_2016.9387e718-ef8e-42e4-ab66-ba304eb50643"},"id":"GM0473"},{"arcs":[[-487,622,-599,-497,-560,-615,-523,-568,-610]],"type":"Polygon","properties":{"id":207242,"statcode":"GM0479","statnaam":"Zaanstad","jrstatcode":"2016GM0479","rubriek":"gemeente","FID":"gemeente_gegeneraliseerd_2016.2f5f6adb-d96b-43c6-9471-3bee52a6bb46"},"id":"GM0479"},{"arcs":[[623,624,625,626]],"type":"Polygon","properties":{"id":207243,"statcode":"GM0482","statnaam":"Alblasserdam","jrstatcode":"2016GM0482","rubriek":"gemeente","FID":"gemeente_gegeneraliseerd_2016.b8808fdb-cf0c-4dfe-8391-7bbe34c1368f"},"id":"GM0482"},{"arcs":[[627,628,629,630,631,632,633,634,635]],"type":"Polygon","properties":{"id":207244,"statcode":"GM0484","statnaam":"Alphen aan den Rijn","jrstatcode":"2016GM0484","rubriek":"gemeente","FID":"gemeente_gegeneraliseerd_2016.80ecfa1e-10c7-40f7-912f-ff99d05290d6"},"id":"GM0484"},{"arcs":[[636,637,638,639,640]],"type":"Polygon","properties":{"id":207245,"statcode":"GM0489","statnaam":"Barendrecht","jrstatcode":"2016GM0489","rubriek":"gemeente","FID":"gemeente_gegeneraliseerd_2016.16616f3d-9cd3-444e-9e3e-796d11481294"},"id":"GM0489"},{"arcs":[[-583,-595,641,642]],"type":"Polygon","properties":{"id":207246,"statcode":"GM0498","statnaam":"Drechterland","jrstatcode":"2016GM0498","rubriek":"gemeente","FID":"gemeente_gegeneraliseerd_2016.7dc1a204-c528-4b68-9993-982235c305a6"},"id":"GM0498"},{"arcs":[[643,644,645,646]],"type":"Polygon","properties":{"id":207247,"statcode":"GM0501","statnaam":"Brielle","jrstatcode":"2016GM0501","rubriek":"gemeente","FID":"gemeente_gegeneraliseerd_2016.d6f45988-b436-4779-8f52-6fb44e57a765"},"id":"GM0501"},{"arcs":[[647,648,649,650]],"type":"Polygon","properties":{"id":207248,"statcode":"GM0502","statnaam":"Capelle aan den IJssel","jrstatcode":"2016GM0502","rubriek":"gemeente","FID":"gemeente_gegeneraliseerd_2016.e93e49f0-c9e9-47b0-abc6-87c8d2165e57"},"id":"GM0502"},{"arcs":[[651,652,653,654,655]],"type":"Polygon","properties":{"id":207249,"statcode":"GM0503","statnaam":"Delft","jrstatcode":"2016GM0503","rubriek":"gemeente","FID":"gemeente_gegeneraliseerd_2016.60036f56-41bf-475b-bbf1-887eae6ed13b"},"id":"GM0503"},{"arcs":[[656,657,658,659,660,661,662,663,664,665,666,667]],"type":"Polygon","properties":{"id":207250,"statcode":"GM0505","statnaam":"Dordrecht","jrstatcode":"2016GM0505","rubriek":"gemeente","FID":"gemeente_gegeneraliseerd_2016.ca177cd8-5975-42dc-84e7-e4361a95152a"},"id":"GM0505"},{"arcs":[[668,-398,669,670,671,672]],"type":"Polygon","properties":{"id":207251,"statcode":"GM0512","statnaam":"Gorinchem","jrstatcode":"2016GM0512","rubriek":"gemeente","FID":"gemeente_gegeneraliseerd_2016.116d0175-854f-417b-bfa6-caf80e3dd3b1"},"id":"GM0512"},{"arcs":[[673,674,675,676]],"type":"Polygon","properties":{"id":207252,"statcode":"GM0513","statnaam":"Gouda","jrstatcode":"2016GM0513","rubriek":"gemeente","FID":"gemeente_gegeneraliseerd_2016.65009b48-20f6-4479-9965-a4bb3e578dde"},"id":"GM0513"},{"arcs":[[677,678,679,680,-653,681,682,683]],"type":"Polygon","properties":{"id":207253,"statcode":"GM0518","statnaam":"'s-Gravenhage","jrstatcode":"2016GM0518","rubriek":"gemeente","FID":"gemeente_gegeneraliseerd_2016.a1accee5-afd1-4265-9466-5a0c3aa9948f"},"id":"GM0518"},{"arcs":[[-672,684,-659,685,686,687]],"type":"Polygon","properties":{"id":207254,"statcode":"GM0523","statnaam":"Hardinxveld-Giessendam","jrstatcode":"2016GM0523","rubriek":"gemeente","FID":"gemeente_gegeneraliseerd_2016.986cc6e4-69e8-4d3c-8108-d866ed23078d"},"id":"GM0523"},{"arcs":[[688,689,690,-645,691,692]],"type":"Polygon","properties":{"id":207255,"statcode":"GM0530","statnaam":"Hellevoetsluis","jrstatcode":"2016GM0530","rubriek":"gemeente","FID":"gemeente_gegeneraliseerd_2016.017eb13f-4b84-43b9-aaa3-8e0741f5f597"},"id":"GM0530"},{"arcs":[[693,694,695,-624]],"type":"Polygon","properties":{"id":207256,"statcode":"GM0531","statnaam":"Hendrik-Ido-Ambacht","jrstatcode":"2016GM0531","rubriek":"gemeente","FID":"gemeente_gegeneraliseerd_2016.0119077f-86ab-4b03-9e56-143572de51bb"},"id":"GM0531"},{"arcs":[[-553,696,-642,-594]],"type":"Polygon","properties":{"id":207257,"statcode":"GM0532","statnaam":"Stede Broec","jrstatcode":"2016GM0532","rubriek":"gemeente","FID":"gemeente_gegeneraliseerd_2016.517f050a-590e-421d-9a9b-f025405de044"},"id":"GM0532"},{"arcs":[[697,698,-534,-565]],"type":"Polygon","properties":{"id":207258,"statcode":"GM0534","statnaam":"Hillegom","jrstatcode":"2016GM0534","rubriek":"gemeente","FID":"gemeente_gegeneraliseerd_2016.64ae0a82-b491-4d75-9af6-4573b8245155"},"id":"GM0534"},{"arcs":[[699,700,701,702,703,704]],"type":"Polygon","properties":{"id":207259,"statcode":"GM0537","statnaam":"Katwijk","jrstatcode":"2016GM0537","rubriek":"gemeente","FID":"gemeente_gegeneraliseerd_2016.e77aa38e-4e28-46ac-9b27-029f5ed6dac3"},"id":"GM0537"},{"arcs":[[705,706,-650]],"type":"Polygon","properties":{"id":207260,"statcode":"GM0542","statnaam":"Krimpen aan den IJssel","jrstatcode":"2016GM0542","rubriek":"gemeente","FID":"gemeente_gegeneraliseerd_2016.ffdb6663-1df7-42a5-b595-d23c0be9bb26"},"id":"GM0542"},{"arcs":[[707,-298,-336,708,709,710]],"type":"Polygon","properties":{"id":207261,"statcode":"GM0545","statnaam":"Leerdam","jrstatcode":"2016GM0545","rubriek":"gemeente","FID":"gemeente_gegeneraliseerd_2016.eac3db1f-37db-4d95-b288-3d3da99aab0b"},"id":"GM0545"},{"arcs":[[711,-700,712,713,714,715,716,717]],"type":"Polygon","properties":{"id":207262,"statcode":"GM0546","statnaam":"Leiden","jrstatcode":"2016GM0546","rubriek":"gemeente","FID":"gemeente_gegeneraliseerd_2016.23f1d0f9-833d-41d0-94df-909524d76e23"},"id":"GM0546"},{"arcs":[[718,719,-628,720,-715]],"type":"Polygon","properties":{"id":207263,"statcode":"GM0547","statnaam":"Leiderdorp","jrstatcode":"2016GM0547","rubriek":"gemeente","FID":"gemeente_gegeneraliseerd_2016.265a6a28-ff17-4c5c-8bd4-e77c8967032b"},"id":"GM0547"},{"arcs":[[721,722,-698,-564]],"type":"Polygon","properties":{"id":207264,"statcode":"GM0553","statnaam":"Lisse","jrstatcode":"2016GM0553","rubriek":"gemeente","FID":"gemeente_gegeneraliseerd_2016.4f9c6b0b-6a78-4e45-bbbd-b1bc99dfdd06"},"id":"GM0553"},{"arcs":[[723,724,725,726]],"type":"Polygon","properties":{"id":207265,"statcode":"GM0556","statnaam":"Maassluis","jrstatcode":"2016GM0556","rubriek":"gemeente","FID":"gemeente_gegeneraliseerd_2016.bd133262-aa4e-4e71-8356-d8b9f6119967"},"id":"GM0556"},{"arcs":[[727,-612,728,729,730,-630]],"type":"Polygon","properties":{"id":207266,"statcode":"GM0569","statnaam":"Nieuwkoop","jrstatcode":"2016GM0569","rubriek":"gemeente","FID":"gemeente_gegeneraliseerd_2016.eb4e521b-4200-4f74-93ed-af84fad5922f"},"id":"GM0569"},{"arcs":[[731,-703,732,-621,733]],"type":"Polygon","properties":{"id":207267,"statcode":"GM0575","statnaam":"Noordwijk","jrstatcode":"2016GM0575","rubriek":"gemeente","FID":"gemeente_gegeneraliseerd_2016.d3648b29-391d-4801-885c-bfc73a4def15"},"id":"GM0575"},{"arcs":[[-723,734,-734,-620,-535,-699]],"type":"Polygon","properties":{"id":207268,"statcode":"GM0576","statnaam":"Noordwijkerhout","jrstatcode":"2016GM0576","rubriek":"gemeente","FID":"gemeente_gegeneraliseerd_2016.d073a6cd-7445-4bdd-aad3-a387a833a293"},"id":"GM0576"},{"arcs":[[735,-713,-705]],"type":"Polygon","properties":{"id":207269,"statcode":"GM0579","statnaam":"Oegstgeest","jrstatcode":"2016GM0579","rubriek":"gemeente","FID":"gemeente_gegeneraliseerd_2016.a362b3dd-1c07-42d6-a493-c05b697a4356"},"id":"GM0579"},{"arcs":[[736,737,738,739,740]],"type":"Polygon","properties":{"id":207270,"statcode":"GM0584","statnaam":"Oud-Beijerland","jrstatcode":"2016GM0584","rubriek":"gemeente","FID":"gemeente_gegeneraliseerd_2016.12d7eec9-9894-4b64-a5b9-d8904e7d5a2c"},"id":"GM0584"},{"arcs":[[741,742,-741,743,-640,744,-667]],"type":"Polygon","properties":{"id":207271,"statcode":"GM0585","statnaam":"Binnenmaas","jrstatcode":"2016GM0585","rubriek":"gemeente","FID":"gemeente_gegeneraliseerd_2016.8f30c6ab-e4af-45c5-9029-91c5829e2bef"},"id":"GM0585"},{"arcs":[[[-738,745,746,747]],[[748]]],"type":"MultiPolygon","properties":{"id":207272,"statcode":"GM0588","statnaam":"Korendijk","jrstatcode":"2016GM0588","rubriek":"gemeente","FID":"gemeente_gegeneraliseerd_2016.26c0432d-c4b7-469d-8350-aa050890e398"},"id":"GM0588"},{"arcs":[[-447,749,750,-456]],"type":"Polygon","properties":{"id":207273,"statcode":"GM0589","statnaam":"Oudewater","jrstatcode":"2016GM0589","rubriek":"gemeente","FID":"gemeente_gegeneraliseerd_2016.4713c564-bf0b-41af-94f7-ce31d5d5d70e"},"id":"GM0589"},{"arcs":[[-657,751,-694,-627,752,753]],"type":"Polygon","properties":{"id":207274,"statcode":"GM0590","statnaam":"Papendrecht","jrstatcode":"2016GM0590","rubriek":"gemeente","FID":"gemeente_gegeneraliseerd_2016.512805e3-7f6d-4d1d-b1c7-56f28b3e438f"},"id":"GM0590"},{"arcs":[[754,-638,755,756,757,-625,-696]],"type":"Polygon","properties":{"id":207275,"statcode":"GM0597","statnaam":"Ridderkerk","jrstatcode":"2016GM0597","rubriek":"gemeente","FID":"gemeente_gegeneraliseerd_2016.ad655334-df8d-4a37-a101-639c15658441"},"id":"GM0597"},{"arcs":[[758,-647,759,760,761,-727,762,763,764,-655,765,766,767,-651,-707,-756,-637,768]],"type":"Polygon","properties":{"id":207276,"statcode":"GM0599","statnaam":"Rotterdam","jrstatcode":"2016GM0599","rubriek":"gemeente","FID":"gemeente_gegeneraliseerd_2016.603b34bb-aebf-4eeb-9407-aac82edef99b"},"id":"GM0599"},{"arcs":[[-652,769,770,-682]],"type":"Polygon","properties":{"id":207277,"statcode":"GM0603","statnaam":"Rijswijk","jrstatcode":"2016GM0603","rubriek":"gemeente","FID":"gemeente_gegeneraliseerd_2016.dc90b09c-3ab0-4e29-8320-8a65baa06ba7"},"id":"GM0603"},{"arcs":[[771,-764,772]],"type":"Polygon","properties":{"id":207278,"statcode":"GM0606","statnaam":"Schiedam","jrstatcode":"2016GM0606","rubriek":"gemeente","FID":"gemeente_gegeneraliseerd_2016.ace2b539-8a78-4592-98d6-64c98b892564"},"id":"GM0606"},{"arcs":[[-754,773,-686,-658]],"type":"Polygon","properties":{"id":207279,"statcode":"GM0610","statnaam":"Sliedrecht","jrstatcode":"2016GM0610","rubriek":"gemeente","FID":"gemeente_gegeneraliseerd_2016.7448a464-ab21-4249-9cbf-8f8fae349c64"},"id":"GM0610"},{"arcs":[[774,775,-746,-737,-743]],"type":"Polygon","properties":{"id":207280,"statcode":"GM0611","statnaam":"Cromstrijen","jrstatcode":"2016GM0611","rubriek":"gemeente","FID":"gemeente_gegeneraliseerd_2016.52096021-9e7a-4927-8357-8aa1d876e875"},"id":"GM0611"},{"arcs":[[-744,-740,776,-769,-641]],"type":"Polygon","properties":{"id":207281,"statcode":"GM0613","statnaam":"Albrandswaard","jrstatcode":"2016GM0613","rubriek":"gemeente","FID":"gemeente_gegeneraliseerd_2016.be867c9e-ac78-4913-819e-50429a3c6675"},"id":"GM0613"},{"arcs":[[777,-760,-646,-691]],"type":"Polygon","properties":{"id":207282,"statcode":"GM0614","statnaam":"Westvoorne","jrstatcode":"2016GM0614","rubriek":"gemeente","FID":"gemeente_gegeneraliseerd_2016.a65abe21-4f4e-4208-a02d-96d5372a7d78"},"id":"GM0614"},{"arcs":[[-666,778,-775,-742]],"type":"Polygon","properties":{"id":207283,"statcode":"GM0617","statnaam":"Strijen","jrstatcode":"2016GM0617","rubriek":"gemeente","FID":"gemeente_gegeneraliseerd_2016.3d237aa4-1476-429c-b6b5-247480cde19b"},"id":"GM0617"},{"arcs":[[-441,-299,-708,781,-450,-474,-476]],"type":"Polygon","properties":{"id":207284,"statcode":"GM0620","statnaam":"Vianen","jrstatcode":"2016GM0620","rubriek":"gemeente","FID":"gemeente_gegeneraliseerd_2016.8f039fbb-fe54-4857-a8cf-34872ab77f79"},"id":"GM0620"},{"arcs":[[-726,782,-773,-763]],"type":"Polygon","properties":{"id":207285,"statcode":"GM0622","statnaam":"Vlaardingen","jrstatcode":"2016GM0622","rubriek":"gemeente","FID":"gemeente_gegeneraliseerd_2016.fe17dabc-69cc-49e2-aab3-9615e66eda95"},"id":"GM0622"},{"arcs":[[783,784,-718]],"type":"Polygon","properties":{"id":207286,"statcode":"GM0626","statnaam":"Voorschoten","jrstatcode":"2016GM0626","rubriek":"gemeente","FID":"gemeente_gegeneraliseerd_2016.9f8f9b24-92e5-4a4d-946e-8529d11dd4f3"},"id":"GM0626"},{"arcs":[[-632,785,-676,786]],"type":"Polygon","properties":{"id":207287,"statcode":"GM0627","statnaam":"Waddinxveen","jrstatcode":"2016GM0627","rubriek":"gemeente","FID":"gemeente_gegeneraliseerd_2016.d1c672c7-15fb-47f1-b70d-804fde74ab78"},"id":"GM0627"},{"arcs":[[-712,-785,787,-678,788,-701]],"type":"Polygon","properties":{"id":207288,"statcode":"GM0629","statnaam":"Wassenaar","jrstatcode":"2016GM0629","rubriek":"gemeente","FID":"gemeente_gegeneraliseerd_2016.5e895a56-8080-4245-ae8e-5606f1eccdb7"},"id":"GM0629"},{"arcs":[[789,790,-467,-453,791,-730]],"type":"Polygon","properties":{"id":207289,"statcode":"GM0632","statnaam":"Woerden","jrstatcode":"2016GM0632","rubriek":"gemeente","FID":"gemeente_gegeneraliseerd_2016.45183559-15fc-4314-9c01-0b13ffc32d6b"},"id":"GM0632"},{"arcs":[[792,-680,793,794,-635,795]],"type":"Polygon","properties":{"id":207290,"statcode":"GM0637","statnaam":"Zoetermeer","jrstatcode":"2016GM0637","rubriek":"gemeente","FID":"gemeente_gegeneraliseerd_2016.721c3452-dfe5-4e8b-972a-798af1d0ac7c"},"id":"GM0637"},{"arcs":[[-721,-636,-795,796,-716]],"type":"Polygon","properties":{"id":207291,"statcode":"GM0638","statnaam":"Zoeterwoude","jrstatcode":"2016GM0638","rubriek":"gemeente","FID":"gemeente_gegeneraliseerd_2016.49e804fd-38b2-49f7-aedf-8ce9e68ff133"},"id":"GM0638"},{"arcs":[[-745,-639,-755,-695,-752,-668]],"type":"Polygon","properties":{"id":207292,"statcode":"GM0642","statnaam":"Zwijndrecht","jrstatcode":"2016GM0642","rubriek":"gemeente","FID":"gemeente_gegeneraliseerd_2016.f70633f4-6275-440f-a042-60a9bcb663d5"},"id":"GM0642"},{"arcs":[[797,798,799,800,801,802,803,804,805,806,807]],"type":"Polygon","properties":{"id":207293,"statcode":"GM0654","statnaam":"Borsele","jrstatcode":"2016GM0654","rubriek":"gemeente","FID":"gemeente_gegeneraliseerd_2016.41efabe0-46e5-4b9c-aab6-7749464331c9"},"id":"GM0654"},{"arcs":[[810,811,812,813,-808,814]],"type":"Polygon","properties":{"id":207294,"statcode":"GM0664","statnaam":"Goes","jrstatcode":"2016GM0664","rubriek":"gemeente","FID":"gemeente_gegeneraliseerd_2016.54bf1e02-8e0d-4f49-b499-b3007bf77f44"},"id":"GM0664"},{"arcs":[[-394,817,-359,-410,-382,818,-310]],"type":"Polygon","properties":{"id":207295,"statcode":"GM0668","statnaam":"West Maas en Waal","jrstatcode":"2016GM0668","rubriek":"gemeente","FID":"gemeente_gegeneraliseerd_2016.9b5ea355-d360-435a-a08d-57a28ed9b984"},"id":"GM0668"},{"arcs":[[819,820]],"type":"Polygon","properties":{"id":207296,"statcode":"GM0677","statnaam":"Hulst","jrstatcode":"2016GM0677","rubriek":"gemeente","FID":"gemeente_gegeneraliseerd_2016.20101a78-2b1e-45b7-a984-20154f957a37"},"id":"GM0677"},{"arcs":[[-798,-814,821,822,823]],"type":"Polygon","properties":{"id":207297,"statcode":"GM0678","statnaam":"Kapelle","jrstatcode":"2016GM0678","rubriek":"gemeente","FID":"gemeente_gegeneraliseerd_2016.3da8fd20-2b90-415b-b4e8-02967d58dbee"},"id":"GM0678"},{"arcs":[[824,-815,-807,825,826]],"type":"Polygon","properties":{"id":207298,"statcode":"GM0687","statnaam":"Middelburg","jrstatcode":"2016GM0687","rubriek":"gemeente","FID":"gemeente_gegeneraliseerd_2016.151749e9-fc1e-4040-b20f-5e5ef3a55269"},"id":"GM0687"},{"arcs":[[-710,827,-673,-688,828,829]],"type":"Polygon","properties":{"id":207299,"statcode":"GM0689","statnaam":"Giessenlanden","jrstatcode":"2016GM0689","rubriek":"gemeente","FID":"gemeente_gegeneraliseerd_2016.3f7cb2a4-bf27-4b84-9f66-05a8ac5d628f"},"id":"GM0689"},{"arcs":[[830,831,832,833,-823,834]],"type":"Polygon","properties":{"id":207300,"statcode":"GM0703","statnaam":"Reimerswaal","jrstatcode":"2016GM0703","rubriek":"gemeente","FID":"gemeente_gegeneraliseerd_2016.5029af53-9268-4536-ba5f-5697f70485ca"},"id":"GM0703"},{"arcs":[[-830,835,-451,-782,-711]],"type":"Polygon","properties":{"id":207301,"statcode":"GM0707","statnaam":"Zederik","jrstatcode":"2016GM0707","rubriek":"gemeente","FID":"gemeente_gegeneraliseerd_2016.2eb84058-2f7c-4e3b-a4b8-71531d9333e7"},"id":"GM0707"},{"arcs":[[-820,836,837,838]],"type":"Polygon","properties":{"id":207302,"statcode":"GM0715","statnaam":"Terneuzen","jrstatcode":"2016GM0715","rubriek":"gemeente","FID":"gemeente_gegeneraliseerd_2016.62197c63-dcc1-4dc1-9d53-87cc2529aebc"},"id":"GM0715"},{"arcs":[[839,840,841,842,843,-831,844]],"type":"Polygon","properties":{"id":207303,"statcode":"GM0716","statnaam":"Tholen","jrstatcode":"2016GM0716","rubriek":"gemeente","FID":"gemeente_gegeneraliseerd_2016.5d589942-571c-4c27-b960-de5d305fa45c"},"id":"GM0716"},{"arcs":[[[845,846,-827,847,848]],[[849,850,851,852]]],"type":"MultiPolygon","properties":{"id":207304,"statcode":"GM0717","statnaam":"Veere","jrstatcode":"2016GM0717","rubriek":"gemeente","FID":"gemeente_gegeneraliseerd_2016.54898368-54f5-4097-9ddd-ea2e89434f60"},"id":"GM0717"},{"arcs":[[-826,-806,853,-809,854,-848]],"type":"Polygon","properties":{"id":207305,"statcode":"GM0718","statnaam":"Vlissingen","jrstatcode":"2016GM0718","rubriek":"gemeente","FID":"gemeente_gegeneraliseerd_2016.0d7d2162-0c2b-407f-9eed-d8d8e5eefae2"},"id":"GM0718"},{"arcs":[[-411,-399,-669,-828,-709,-335]],"type":"Polygon","properties":{"id":207306,"statcode":"GM0733","statnaam":"Lingewaal","jrstatcode":"2016GM0733","rubriek":"gemeente","FID":"gemeente_gegeneraliseerd_2016.7dc59521-9c23-4e2c-874a-270abbd1fdb0"},"id":"GM0733"},{"arcs":[[-507,-619,858,-790,-729,-611,-492,-603]],"type":"Polygon","properties":{"id":207307,"statcode":"GM0736","statnaam":"De Ronde Venen","jrstatcode":"2016GM0736","rubriek":"gemeente","FID":"gemeente_gegeneraliseerd_2016.23a23056-5529-4d9b-abe2-ffd4659eb6b9"},"id":"GM0736"},{"arcs":[[-90,-134,-119,-123,859,860]],"type":"Polygon","properties":{"id":207308,"statcode":"GM0737","statnaam":"Tytsjerksteradiel","jrstatcode":"2016GM0737","rubriek":"gemeente","FID":"gemeente_gegeneraliseerd_2016.d3c5b60f-768a-43ba-86a5-8a04af648314"},"id":"GM0737"},{"arcs":[[861,862,-396,863,864]],"type":"Polygon","properties":{"id":207309,"statcode":"GM0738","statnaam":"Aalburg","jrstatcode":"2016GM0738","rubriek":"gemeente","FID":"gemeente_gegeneraliseerd_2016.7ecf1bd3-b9c8-41fc-837b-65c129598a30"},"id":"GM0738"},{"arcs":[[865,866,867,868,869]],"type":"Polygon","properties":{"id":207310,"statcode":"GM0743","statnaam":"Asten","jrstatcode":"2016GM0743","rubriek":"gemeente","FID":"gemeente_gegeneraliseerd_2016.ef3dfa40-e54c-4cbe-bb5f-d44279258790"},"id":"GM0743"},{"arcs":[[870,871]],"type":"Polygon","properties":{"id":207311,"statcode":"GM0744","statnaam":"Baarle-Nassau","jrstatcode":"2016GM0744","rubriek":"gemeente","FID":"gemeente_gegeneraliseerd_2016.f75df1dc-5c8f-4775-a76b-258d05515a5c"},"id":"GM0744"},{"arcs":[[872,873,-832,-844,874]],"type":"Polygon","properties":{"id":207312,"statcode":"GM0748","statnaam":"Bergen op Zoom","jrstatcode":"2016GM0748","rubriek":"gemeente","FID":"gemeente_gegeneraliseerd_2016.3291b482-a9fa-4a51-9fd2-a460423f65e7"},"id":"GM0748"},{"arcs":[[875,876,877,878,879]],"type":"Polygon","properties":{"id":207313,"statcode":"GM0753","statnaam":"Best","jrstatcode":"2016GM0753","rubriek":"gemeente","FID":"gemeente_gegeneraliseerd_2016.3e7819d2-f48d-4c7c-9909-9eac88ba7489"},"id":"GM0753"},{"arcs":[[880,881,882,883]],"type":"Polygon","properties":{"id":207314,"statcode":"GM0755","statnaam":"Boekel","jrstatcode":"2016GM0755","rubriek":"gemeente","FID":"gemeente_gegeneraliseerd_2016.4b5c8738-b927-46e7-8e3b-ffb2edc8182b"},"id":"GM0755"},{"arcs":[[884,885,886,887,888]],"type":"Polygon","properties":{"id":207315,"statcode":"GM0756","statnaam":"Boxmeer","jrstatcode":"2016GM0756","rubriek":"gemeente","FID":"gemeente_gegeneraliseerd_2016.93285d33-ac4f-4a75-97c6-87aeb171649c"},"id":"GM0756"},{"arcs":[[-877,889,890,891,892,893,894]],"type":"Polygon","properties":{"id":207316,"statcode":"GM0757","statnaam":"Boxtel","jrstatcode":"2016GM0757","rubriek":"gemeente","FID":"gemeente_gegeneraliseerd_2016.0f3445ae-a78d-4a82-954a-fca6d60ea8fa"},"id":"GM0757"},{"arcs":[[895,896,897,898,899,900,901,902]],"type":"Polygon","properties":{"id":207317,"statcode":"GM0758","statnaam":"Breda","jrstatcode":"2016GM0758","rubriek":"gemeente","FID":"gemeente_gegeneraliseerd_2016.b69d0e08-d7fe-4dca-b673-d7a59dbd6df7"},"id":"GM0758"},{"arcs":[[903,904,905,906,907,-867]],"type":"Polygon","properties":{"id":207318,"statcode":"GM0762","statnaam":"Deurne","jrstatcode":"2016GM0762","rubriek":"gemeente","FID":"gemeente_gegeneraliseerd_2016.aa980784-1f0f-49a3-87f9-586f706b2983"},"id":"GM0762"},{"arcs":[[-65,908,909,-9,-60]],"type":"Polygon","properties":{"id":207319,"statcode":"GM0765","statnaam":"Pekela","jrstatcode":"2016GM0765","rubriek":"gemeente","FID":"gemeente_gegeneraliseerd_2016.1c5d3e9e-f0e6-412f-823e-b5caac2ed17f"},"id":"GM0765"},{"arcs":[[910,911,912,913,914,915]],"type":"Polygon","properties":{"id":207320,"statcode":"GM0766","statnaam":"Dongen","jrstatcode":"2016GM0766","rubriek":"gemeente","FID":"gemeente_gegeneraliseerd_2016.16ba3b31-7de7-4e92-99cb-660705f7e574"},"id":"GM0766"},{"arcs":[[916,917,918,919,920]],"type":"Polygon","properties":{"id":207321,"statcode":"GM0770","statnaam":"Eersel","jrstatcode":"2016GM0770","rubriek":"gemeente","FID":"gemeente_gegeneraliseerd_2016.ed43188a-5c20-4bf9-819c-9683d0fb3fe5"},"id":"GM0770"},{"arcs":[[-917,921,-880,922,923,924,925,926,927]],"type":"Polygon","properties":{"id":207322,"statcode":"GM0772","statnaam":"Eindhoven","jrstatcode":"2016GM0772","rubriek":"gemeente","FID":"gemeente_gegeneraliseerd_2016.68128dba-bfb7-4348-9603-563dfb3c9410"},"id":"GM0772"},{"arcs":[[928,929,930,931,-900]],"type":"Polygon","properties":{"id":207323,"statcode":"GM0777","statnaam":"Etten-Leur","jrstatcode":"2016GM0777","rubriek":"gemeente","FID":"gemeente_gegeneraliseerd_2016.8010828d-6135-4869-b07a-9b63bc53c64b"},"id":"GM0777"},{"arcs":[[932,-915,933,934,935]],"type":"Polygon","properties":{"id":207324,"statcode":"GM0779","statnaam":"Geertruidenberg","jrstatcode":"2016GM0779","rubriek":"gemeente","FID":"gemeente_gegeneraliseerd_2016.b6c5e254-b49d-4b15-bce9-fd7d9a8c5b0f"},"id":"GM0779"},{"arcs":[[-896,936,-913,937,938,939]],"type":"Polygon","properties":{"id":207325,"statcode":"GM0784","statnaam":"Gilze en Rijen","jrstatcode":"2016GM0784","rubriek":"gemeente","FID":"gemeente_gegeneraliseerd_2016.9ec70c1c-6b4f-494e-8e3f-71b6f18597be"},"id":"GM0784"},{"arcs":[[940,941,942,-939,943]],"type":"Polygon","properties":{"id":207326,"statcode":"GM0785","statnaam":"Goirle","jrstatcode":"2016GM0785","rubriek":"gemeente","FID":"gemeente_gegeneraliseerd_2016.98b75084-20f3-4c2c-be62-07e3a1a680bd"},"id":"GM0785"},{"arcs":[[944,945,946,947,-392,-348]],"type":"Polygon","properties":{"id":207327,"statcode":"GM0786","statnaam":"Grave","jrstatcode":"2016GM0786","rubriek":"gemeente","FID":"gemeente_gegeneraliseerd_2016.78c5ba03-0504-4256-9aee-14377aff14c6"},"id":"GM0786"},{"arcs":[[-892,948,949,950,951]],"type":"Polygon","properties":{"id":207328,"statcode":"GM0788","statnaam":"Haaren","jrstatcode":"2016GM0788","rubriek":"gemeente","FID":"gemeente_gegeneraliseerd_2016.0543ae92-b59a-421b-8abf-f500f9cdf528"},"id":"GM0788"},{"arcs":[[952,953,-904,-866,954,955,956]],"type":"Polygon","properties":{"id":207329,"statcode":"GM0794","statnaam":"Helmond","jrstatcode":"2016GM0794","rubriek":"gemeente","FID":"gemeente_gegeneraliseerd_2016.63adf769-5fc0-4825-bfe8-a5d94661720b"},"id":"GM0794"},{"arcs":[[-361,957,958,959,960,961]],"type":"Polygon","properties":{"id":207330,"statcode":"GM0796","statnaam":"'s-Hertogenbosch","jrstatcode":"2016GM0796","rubriek":"gemeente","FID":"gemeente_gegeneraliseerd_2016.d32289c8-e5c3-439d-b3d3-09458c918a77"},"id":"GM0796"},{"arcs":[[-864,-395,-356,-962,962,-951,963,964,965]],"type":"Polygon","properties":{"id":207331,"statcode":"GM0797","statnaam":"Heusden","jrstatcode":"2016GM0797","rubriek":"gemeente","FID":"gemeente_gegeneraliseerd_2016.3461a376-ba8a-4714-922f-e3412406aa7e"},"id":"GM0797"},{"arcs":[[-941,966,967,968,969,970]],"type":"Polygon","properties":{"id":207332,"statcode":"GM0798","statnaam":"Hilvarenbeek","jrstatcode":"2016GM0798","rubriek":"gemeente","FID":"gemeente_gegeneraliseerd_2016.48dc683d-0e0b-44ee-b9cc-799a0a456172"},"id":"GM0798"},{"arcs":[[-965,971,-911,972]],"type":"Polygon","properties":{"id":207333,"statcode":"GM0809","statnaam":"Loon op Zand","jrstatcode":"2016GM0809","rubriek":"gemeente","FID":"gemeente_gegeneraliseerd_2016.cbc348ec-a783-49bc-8e04-c69ef946d59b"},"id":"GM0809"},{"arcs":[[973,974,-946,975,976]],"type":"Polygon","properties":{"id":207334,"statcode":"GM0815","statnaam":"Mill en Sint Hubert","jrstatcode":"2016GM0815","rubriek":"gemeente","FID":"gemeente_gegeneraliseerd_2016.cedff024-3b14-42ea-9e78-defb70982956"},"id":"GM0815"},{"arcs":[[977,978,979,-957,980,-924]],"type":"Polygon","properties":{"id":207335,"statcode":"GM0820","statnaam":"Nuenen. Gerwen en Nederwetten","jrstatcode":"2016GM0820","rubriek":"gemeente","FID":"gemeente_gegeneraliseerd_2016.57fbe269-5d9e-45c3-9650-ea968687c833"},"id":"GM0820"},{"arcs":[[981,-969,982,-890,-876,-922,-921]],"type":"Polygon","properties":{"id":207336,"statcode":"GM0823","statnaam":"Oirschot","jrstatcode":"2016GM0823","rubriek":"gemeente","FID":"gemeente_gegeneraliseerd_2016.8cf8e36d-93d2-4fa5-bab5-5de3107436f7"},"id":"GM0823"},{"arcs":[[-891,-983,-968,983,-949]],"type":"Polygon","properties":{"id":207337,"statcode":"GM0824","statnaam":"Oisterwijk","jrstatcode":"2016GM0824","rubriek":"gemeente","FID":"gemeente_gegeneraliseerd_2016.e5628419-6426-4d3c-9491-5f968bf5b348"},"id":"GM0824"},{"arcs":[[-914,-937,-903,984,-934]],"type":"Polygon","properties":{"id":207338,"statcode":"GM0826","statnaam":"Oosterhout","jrstatcode":"2016GM0826","rubriek":"gemeente","FID":"gemeente_gegeneraliseerd_2016.476758cb-de4c-47de-9508-92afd08df8b5"},"id":"GM0826"},{"arcs":[[-393,-948,985,986,-958,-360,-818]],"type":"Polygon","properties":{"id":207339,"statcode":"GM0828","statnaam":"Oss","jrstatcode":"2016GM0828","rubriek":"gemeente","FID":"gemeente_gegeneraliseerd_2016.05720ad9-e786-461e-a70f-33a2a7d32289"},"id":"GM0828"},{"arcs":[[-930,987,988,989,990]],"type":"Polygon","properties":{"id":207340,"statcode":"GM0840","statnaam":"Rucphen","jrstatcode":"2016GM0840","rubriek":"gemeente","FID":"gemeente_gegeneraliseerd_2016.b982f377-2790-45d3-af77-790518314027"},"id":"GM0840"},{"arcs":[[991,992,993,994]],"type":"Polygon","properties":{"id":207341,"statcode":"GM0844","statnaam":"Schijndel","jrstatcode":"2016GM0844","rubriek":"gemeente","FID":"gemeente_gegeneraliseerd_2016.38dfc03c-cbe5-4623-a694-3518353b5235"},"id":"GM0844"},{"arcs":[[995,-960,996,-993,997,-894]],"type":"Polygon","properties":{"id":207342,"statcode":"GM0845","statnaam":"Sint-Michielsgestel","jrstatcode":"2016GM0845","rubriek":"gemeente","FID":"gemeente_gegeneraliseerd_2016.fcd2aeda-4c4d-492a-b53b-0608ec44637d"},"id":"GM0845"},{"arcs":[[998,-979,999,-878,-895,-998,-992,1000]],"type":"Polygon","properties":{"id":207343,"statcode":"GM0846","statnaam":"Sint-Oedenrode","jrstatcode":"2016GM0846","rubriek":"gemeente","FID":"gemeente_gegeneraliseerd_2016.00586279-68cb-4200-8f5e-ae2d2b3f9f51"},"id":"GM0846"},{"arcs":[[-870,1001,1002,1003,1004,-955]],"type":"Polygon","properties":{"id":207344,"statcode":"GM0847","statnaam":"Someren","jrstatcode":"2016GM0847","rubriek":"gemeente","FID":"gemeente_gegeneraliseerd_2016.62672317-5497-4f30-942b-8b2b34bbdd75"},"id":"GM0847"},{"arcs":[[-879,-1000,-978,-923]],"type":"Polygon","properties":{"id":207345,"statcode":"GM0848","statnaam":"Son en Breugel","jrstatcode":"2016GM0848","rubriek":"gemeente","FID":"gemeente_gegeneraliseerd_2016.ec8736ce-5cfe-4fb5-a444-2432529054bc"},"id":"GM0848"},{"arcs":[[1005,1006,-875,-843,1007,1008]],"type":"Polygon","properties":{"id":207346,"statcode":"GM0851","statnaam":"Steenbergen","jrstatcode":"2016GM0851","rubriek":"gemeente","FID":"gemeente_gegeneraliseerd_2016.7159d6f4-9663-4f3c-9eed-c037911698d1"},"id":"GM0851"},{"arcs":[[-500,-591,-605,-547,1009]],"type":"Polygon","properties":{"id":207347,"statcode":"GM0852","statnaam":"Waterland","jrstatcode":"2016GM0852","rubriek":"gemeente","FID":"gemeente_gegeneraliseerd_2016.cf84d4fc-d7df-447e-9667-8da06dc51317"},"id":"GM0852"},{"arcs":[[-972,-964,-950,-984,-967,-944,-938,-912]],"type":"Polygon","properties":{"id":207348,"statcode":"GM0855","statnaam":"Tilburg","jrstatcode":"2016GM0855","rubriek":"gemeente","FID":"gemeente_gegeneraliseerd_2016.2a7cd990-f015-4fb1-8ee4-7997add25384"},"id":"GM0855"},{"arcs":[[-974,1010,-884,1011,1012,1013]],"type":"Polygon","properties":{"id":207349,"statcode":"GM0856","statnaam":"Uden","jrstatcode":"2016GM0856","rubriek":"gemeente","FID":"gemeente_gegeneraliseerd_2016.4610c8ae-6f9b-4126-ba2b-426d97d93c88"},"id":"GM0856"},{"arcs":[[1014,1015,1016,1017]],"type":"Polygon","properties":{"id":207350,"statcode":"GM0858","statnaam":"Valkenswaard","jrstatcode":"2016GM0858","rubriek":"gemeente","FID":"gemeente_gegeneraliseerd_2016.896c1916-5c43-4ba5-b116-bad4cf1268b8"},"id":"GM0858"},{"arcs":[[-995,1018,-1012,-883,1019,1020,-1001]],"type":"Polygon","properties":{"id":207351,"statcode":"GM0860","statnaam":"Veghel","jrstatcode":"2016GM0860","rubriek":"gemeente","FID":"gemeente_gegeneraliseerd_2016.228a6f75-04f6-4d54-abe6-ff294ddb0f9d"},"id":"GM0860"},{"arcs":[[1021,1022,-918,-928]],"type":"Polygon","properties":{"id":207352,"statcode":"GM0861","statnaam":"Veldhoven","jrstatcode":"2016GM0861","rubriek":"gemeente","FID":"gemeente_gegeneraliseerd_2016.d8c5aef7-5f1c-4b4e-bc2c-bcf10ec62d1b"},"id":"GM0861"},{"arcs":[[-963,-961,-996,-893,-952]],"type":"Polygon","properties":{"id":207353,"statcode":"GM0865","statnaam":"Vught","jrstatcode":"2016GM0865","rubriek":"gemeente","FID":"gemeente_gegeneraliseerd_2016.8d653da7-b8d1-42e6-ba96-a82e6afd7c00"},"id":"GM0865"},{"arcs":[[1023,-1015,1024,-1022,-927]],"type":"Polygon","properties":{"id":207354,"statcode":"GM0866","statnaam":"Waalre","jrstatcode":"2016GM0866","rubriek":"gemeente","FID":"gemeente_gegeneraliseerd_2016.51eb3c35-4ae3-47ad-ab9a-911284a24be7"},"id":"GM0866"},{"arcs":[[-933,1025,-865,-966,-973,-916]],"type":"Polygon","properties":{"id":207355,"statcode":"GM0867","statnaam":"Waalwijk","jrstatcode":"2016GM0867","rubriek":"gemeente","FID":"gemeente_gegeneraliseerd_2016.7e9c2581-eb15-42d6-8fd0-9972b001240a"},"id":"GM0867"},{"arcs":[[-660,-685,-671,1026,-862,-1026,-936,1027]],"type":"Polygon","properties":{"id":207356,"statcode":"GM0870","statnaam":"Werkendam","jrstatcode":"2016GM0870","rubriek":"gemeente","FID":"gemeente_gegeneraliseerd_2016.730096bb-6af9-465e-9a6e-1c7724895cab"},"id":"GM0870"},{"arcs":[[-833,-874,1028,1029]],"type":"Polygon","properties":{"id":207357,"statcode":"GM0873","statnaam":"Woensdrecht","jrstatcode":"2016GM0873","rubriek":"gemeente","FID":"gemeente_gegeneraliseerd_2016.860b6ca5-d8b6-4004-b29a-5a289dd126a2"},"id":"GM0873"},{"arcs":[[-863,-1027,-670,-397]],"type":"Polygon","properties":{"id":207358,"statcode":"GM0874","statnaam":"Woudrichem","jrstatcode":"2016GM0874","rubriek":"gemeente","FID":"gemeente_gegeneraliseerd_2016.b6c6cf16-b28c-4129-b63b-01bfe91558cf"},"id":"GM0874"},{"arcs":[[-988,-929,-899,1030]],"type":"Polygon","properties":{"id":207359,"statcode":"GM0879","statnaam":"Zundert","jrstatcode":"2016GM0879","rubriek":"gemeente","FID":"gemeente_gegeneraliseerd_2016.b779f4b3-bf60-464a-8f57-0ba05b36e852"},"id":"GM0879"},{"arcs":[[-486,-515,-604,-589,-600,-623]],"type":"Polygon","properties":{"id":207360,"statcode":"GM0880","statnaam":"Wormerland","jrstatcode":"2016GM0880","rubriek":"gemeente","FID":"gemeente_gegeneraliseerd_2016.01b65b64-746e-42dc-a377-a0648de14671"},"id":"GM0880"},{"arcs":[[1031,1032,1033]],"type":"Polygon","properties":{"id":207361,"statcode":"GM0881","statnaam":"Onderbanken","jrstatcode":"2016GM0881","rubriek":"gemeente","FID":"gemeente_gegeneraliseerd_2016.2d95ef3e-ecb7-4937-97c0-d64b62f9ed2b"},"id":"GM0881"},{"arcs":[[1034,1035,1036,1037]],"type":"Polygon","properties":{"id":207362,"statcode":"GM0882","statnaam":"Landgraaf","jrstatcode":"2016GM0882","rubriek":"gemeente","FID":"gemeente_gegeneraliseerd_2016.f66cafbc-51b8-4446-aa85-7630ea7db2a6"},"id":"GM0882"},{"arcs":[[1038,1039,1040,1041,1042]],"type":"Polygon","properties":{"id":207363,"statcode":"GM0888","statnaam":"Beek","jrstatcode":"2016GM0888","rubriek":"gemeente","FID":"gemeente_gegeneraliseerd_2016.4730da39-6d2d-41f4-834d-49b71fb31f50"},"id":"GM0888"},{"arcs":[[1043,1044,1045,1046,1047]],"type":"Polygon","properties":{"id":207364,"statcode":"GM0889","statnaam":"Beesel","jrstatcode":"2016GM0889","rubriek":"gemeente","FID":"gemeente_gegeneraliseerd_2016.ed501f59-2e05-41d2-8b59-feea3001a301"},"id":"GM0889"},{"arcs":[[1048,1049,1050,-886,1051,1052]],"type":"Polygon","properties":{"id":207365,"statcode":"GM0893","statnaam":"Bergen (L.)","jrstatcode":"2016GM0893","rubriek":"gemeente","FID":"gemeente_gegeneraliseerd_2016.c2959d57-3709-4f43-b11b-810e1a83697d"},"id":"GM0893"},{"arcs":[[1053,-1034,1054,-1035,1055]],"type":"Polygon","properties":{"id":207366,"statcode":"GM0899","statnaam":"Brunssum","jrstatcode":"2016GM0899","rubriek":"gemeente","FID":"gemeente_gegeneraliseerd_2016.2d3c7e1c-b816-48ad-b94f-31115a0fe608"},"id":"GM0899"},{"arcs":[[1056,1057,1058,1059,-1052,-885]],"type":"Polygon","properties":{"id":207367,"statcode":"GM0907","statnaam":"Gennep","jrstatcode":"2016GM0907","rubriek":"gemeente","FID":"gemeente_gegeneraliseerd_2016.96c0db82-cf40-4722-9b00-cd0cada54dcd"},"id":"GM0907"},{"arcs":[[1060,1061,1062,1063,1064,1065,-1056,-1038]],"type":"Polygon","properties":{"id":207368,"statcode":"GM0917","statnaam":"Heerlen","jrstatcode":"2016GM0917","rubriek":"gemeente","FID":"gemeente_gegeneraliseerd_2016.350d1c71-3d12-487d-846f-e02e77d1edce"},"id":"GM0917"},{"arcs":[[1066,-1061,-1037]],"type":"Polygon","properties":{"id":207369,"statcode":"GM0928","statnaam":"Kerkrade","jrstatcode":"2016GM0928","rubriek":"gemeente","FID":"gemeente_gegeneraliseerd_2016.cb720980-9fd0-454b-9329-12b2fe843dee"},"id":"GM0928"},{"arcs":[[1067,1068,1069,1070]],"type":"Polygon","properties":{"id":207370,"statcode":"GM0935","statnaam":"Maastricht","jrstatcode":"2016GM0935","rubriek":"gemeente","FID":"gemeente_gegeneraliseerd_2016.c56ee82c-9a2b-4b79-8a4b-00b5ff7ddb22"},"id":"GM0935"},{"arcs":[[1071,1072,-1070,1073,1074,-1041]],"type":"Polygon","properties":{"id":207371,"statcode":"GM0938","statnaam":"Meerssen","jrstatcode":"2016GM0938","rubriek":"gemeente","FID":"gemeente_gegeneraliseerd_2016.e01f9f23-ec92-4933-8d1d-76f366ea9c41"},"id":"GM0938"},{"arcs":[[1075,-346,1076,-1058]],"type":"Polygon","properties":{"id":207372,"statcode":"GM0944","statnaam":"Mook en Middelaar","jrstatcode":"2016GM0944","rubriek":"gemeente","FID":"gemeente_gegeneraliseerd_2016.5d77da8c-4732-463c-b4cd-63aa925cdc8d"},"id":"GM0944"},{"arcs":[[1077,1078,-1002,-869,1079,1080]],"type":"Polygon","properties":{"id":207373,"statcode":"GM0946","statnaam":"Nederweert","jrstatcode":"2016GM0946","rubriek":"gemeente","FID":"gemeente_gegeneraliseerd_2016.1f42b22e-684e-440e-a7aa-cc8af53772e6"},"id":"GM0946"},{"arcs":[[-1065,1081,1082,-1072,-1040,1083]],"type":"Polygon","properties":{"id":207374,"statcode":"GM0951","statnaam":"Nuth","jrstatcode":"2016GM0951","rubriek":"gemeente","FID":"gemeente_gegeneraliseerd_2016.cab9af4f-4244-40be-a414-d898a24e8a59"},"id":"GM0951"},{"arcs":[[1084,1085,-1046,1086,1087]],"type":"Polygon","properties":{"id":207375,"statcode":"GM0957","statnaam":"Roermond","jrstatcode":"2016GM0957","rubriek":"gemeente","FID":"gemeente_gegeneraliseerd_2016.f7ce1e27-6b92-4142-abfa-70eda2c22bea"},"id":"GM0957"},{"arcs":[[1088,-1032,-1054,-1066,-1084,-1039,1089]],"type":"Polygon","properties":{"id":207376,"statcode":"GM0962","statnaam":"Schinnen","jrstatcode":"2016GM0962","rubriek":"gemeente","FID":"gemeente_gegeneraliseerd_2016.0185f351-66d9-4e88-8ec7-18ebf79bcb65"},"id":"GM0962"},{"arcs":[[1090,1091,1092,-1063]],"type":"Polygon","properties":{"id":207377,"statcode":"GM0965","statnaam":"Simpelveld","jrstatcode":"2016GM0965","rubriek":"gemeente","FID":"gemeente_gegeneraliseerd_2016.edcb4f10-53b7-41d9-9217-b1ad05de724c"},"id":"GM0965"},{"arcs":[[-1042,-1075,1093,1094]],"type":"Polygon","properties":{"id":207378,"statcode":"GM0971","statnaam":"Stein","jrstatcode":"2016GM0971","rubriek":"gemeente","FID":"gemeente_gegeneraliseerd_2016.7c0862fb-44fd-49b3-89a5-3ec17148541e"},"id":"GM0971"},{"arcs":[[1095,1096]],"type":"Polygon","properties":{"id":207379,"statcode":"GM0981","statnaam":"Vaals","jrstatcode":"2016GM0981","rubriek":"gemeente","FID":"gemeente_gegeneraliseerd_2016.f4933448-941b-471c-9cab-63b456bf2690"},"id":"GM0981"},{"arcs":[[1097,-1049,1098,-1044,1099]],"type":"Polygon","properties":{"id":207380,"statcode":"GM0983","statnaam":"Venlo","jrstatcode":"2016GM0983","rubriek":"gemeente","FID":"gemeente_gegeneraliseerd_2016.1f221ba1-e55c-4ffb-a94d-0f8d210fa9df"},"id":"GM0983"},{"arcs":[[1100,-906,1101,1102,-887,-1051]],"type":"Polygon","properties":{"id":207381,"statcode":"GM0984","statnaam":"Venray","jrstatcode":"2016GM0984","rubriek":"gemeente","FID":"gemeente_gegeneraliseerd_2016.243509a1-4ea8-4708-8058-ae7209a579f3"},"id":"GM0984"},{"arcs":[[1103,-1082,-1064,-1093,1104]],"type":"Polygon","properties":{"id":207382,"statcode":"GM0986","statnaam":"Voerendaal","jrstatcode":"2016GM0986","rubriek":"gemeente","FID":"gemeente_gegeneraliseerd_2016.59d8a101-8d51-4305-a67e-0aefdf222e90"},"id":"GM0986"},{"arcs":[[1105,1106,-1078,1107]],"type":"Polygon","properties":{"id":207383,"statcode":"GM0988","statnaam":"Weert","jrstatcode":"2016GM0988","rubriek":"gemeente","FID":"gemeente_gegeneraliseerd_2016.87d4566b-95bf-418e-8d95-cbad725e9bc2"},"id":"GM0988"},{"arcs":[[-1071,-1073,-1083,-1104,1108,1109]],"type":"Polygon","properties":{"id":207384,"statcode":"GM0994","statnaam":"Valkenburg aan de Geul","jrstatcode":"2016GM0994","rubriek":"gemeente","FID":"gemeente_gegeneraliseerd_2016.6f8102df-4f76-425b-8f1d-30dd1cb57f90"},"id":"GM0994"},{"arcs":[[-70,-50,1110,-409]],"type":"Polygon","properties":{"id":207385,"statcode":"GM0995","statnaam":"Lelystad","jrstatcode":"2016GM0995","rubriek":"gemeente","FID":"gemeente_gegeneraliseerd_2016.458996ac-207b-4087-b318-d77e5882f290"},"id":"GM0995"},{"arcs":[[-907,-1101,-1050,-1098,1112]],"type":"Polygon","properties":{"id":207386,"statcode":"GM1507","statnaam":"Horst aan de Maas","jrstatcode":"2016GM1507","rubriek":"gemeente","FID":"gemeente_gegeneraliseerd_2016.8581ab71-c2fc-4b24-bc18-54a09bc04daa"},"id":"GM1507"},{"arcs":[[1113,-308,1114,1115,-252,1116]],"type":"Polygon","properties":{"id":207387,"statcode":"GM1509","statnaam":"Oude IJsselstreek","jrstatcode":"2016GM1509","rubriek":"gemeente","FID":"gemeente_gegeneraliseerd_2016.65b59a90-bb44-4109-87d8-58df8c3060b2"},"id":"GM1509"},{"arcs":[[-732,-735,-722,-563,1117,-719,-714,-736,-704]],"type":"Polygon","properties":{"id":207388,"statcode":"GM1525","statnaam":"Teylingen","jrstatcode":"2016GM1525","rubriek":"gemeente","FID":"gemeente_gegeneraliseerd_2016.853eff6e-b37d-487e-a406-17b756801326"},"id":"GM1525"},{"arcs":[[-458,-469,-461,-294,-472,-429,-475,-470]],"type":"Polygon","properties":{"id":207389,"statcode":"GM1581","statnaam":"Utrechtse Heuvelrug","jrstatcode":"2016GM1581","rubriek":"gemeente","FID":"gemeente_gegeneraliseerd_2016.79038dd4-44de-4a6a-935b-3daf15764050"},"id":"GM1581"},{"arcs":[[1118,-391,-253,-1116,1119,1120]],"type":"Polygon","properties":{"id":207390,"statcode":"GM1586","statnaam":"Oost Gelre","jrstatcode":"2016GM1586","rubriek":"gemeente","FID":"gemeente_gegeneraliseerd_2016.3b3ee8b5-bf6b-4270-b849-3b9e81ec3e9d"},"id":"GM1586"},{"arcs":[[-573,-601,-596,-585,1121,-545,-512,-484]],"type":"Polygon","properties":{"id":207391,"statcode":"GM1598","statnaam":"Koggenland","jrstatcode":"2016GM1598","rubriek":"gemeente","FID":"gemeente_gegeneraliseerd_2016.505e0fb4-a6cf-418f-967b-65d0627b0178"},"id":"GM1598"},{"arcs":[[1122,-796,-634,1123,-767]],"type":"Polygon","properties":{"id":207392,"statcode":"GM1621","statnaam":"Lansingerland","jrstatcode":"2016GM1621","rubriek":"gemeente","FID":"gemeente_gegeneraliseerd_2016.b08043bd-33a5-4c56-8a73-e0f8a284e94a"},"id":"GM1621"},{"arcs":[[1124,-1047,-1086,1125,1126,-1108,-1081]],"type":"Polygon","properties":{"id":207393,"statcode":"GM1640","statnaam":"Leudal","jrstatcode":"2016GM1640","rubriek":"gemeente","FID":"gemeente_gegeneraliseerd_2016.5a77e8a0-ad08-4aeb-8294-f33c4700196c"},"id":"GM1640"},{"arcs":[[-1126,-1085,1127,1128,1129]],"type":"Polygon","properties":{"id":207394,"statcode":"GM1641","statnaam":"Maasgouw","jrstatcode":"2016GM1641","rubriek":"gemeente","FID":"gemeente_gegeneraliseerd_2016.7f29abb8-cd20-4281-92f7-1a1797e05771"},"id":"GM1641"},{"arcs":[[[-4,-77,1130,1131,-18,-47]],[[1132]]],"type":"MultiPolygon","properties":{"id":207395,"statcode":"GM1651","statnaam":"Eemsmond","jrstatcode":"2016GM1651","rubriek":"gemeente","FID":"gemeente_gegeneraliseerd_2016.74e35bc8-9ed0-445f-887d-459608351fc1"},"id":"GM1651"},{"arcs":[[-1102,-905,-954,1134,-1020,-882,1135]],"type":"Polygon","properties":{"id":207396,"statcode":"GM1652","statnaam":"Gemert-Bakel","jrstatcode":"2016GM1652","rubriek":"gemeente","FID":"gemeente_gegeneraliseerd_2016.e48c15b2-e9cd-440b-b10f-63ac83b6ab15"},"id":"GM1652"},{"arcs":[[1136,-1006,1137,-931,-991]],"type":"Polygon","properties":{"id":207397,"statcode":"GM1655","statnaam":"Halderberge","jrstatcode":"2016GM1655","rubriek":"gemeente","FID":"gemeente_gegeneraliseerd_2016.6b9a3f32-1adc-46a0-a850-f0e4c3413fa2"},"id":"GM1655"},{"arcs":[[1138,-1016,-1024,-926,1139,-1004,1140]],"type":"Polygon","properties":{"id":207398,"statcode":"GM1658","statnaam":"Heeze-Leende","jrstatcode":"2016GM1658","rubriek":"gemeente","FID":"gemeente_gegeneraliseerd_2016.e2ad11f8-4fe5-4013-9d62-41b6f2ef8df6"},"id":"GM1658"},{"arcs":[[-953,-980,-999,-1021,-1135]],"type":"Polygon","properties":{"id":207399,"statcode":"GM1659","statnaam":"Laarbeek","jrstatcode":"2016GM1659","rubriek":"gemeente","FID":"gemeente_gegeneraliseerd_2016.7c89fbf8-cedf-400e-910d-9f3f52b806d0"},"id":"GM1659"},{"arcs":[[1141,1142,-1131,-76,-81]],"type":"Polygon","properties":{"id":207400,"statcode":"GM1663","statnaam":"De Marne","jrstatcode":"2016GM1663","rubriek":"gemeente","FID":"gemeente_gegeneraliseerd_2016.0e16c52f-f514-4487-8f9a-b182dfd0ef96"},"id":"GM1663"},{"arcs":[[-970,1143,1144]],"type":"Polygon","properties":{"id":207401,"statcode":"GM1667","statnaam":"Reusel-De Mierden","jrstatcode":"2016GM1667","rubriek":"gemeente","FID":"gemeente_gegeneraliseerd_2016.e44698f9-d9c9-4ece-9235-fd6e78b13404"},"id":"GM1667"},{"arcs":[[1145,-1128,-1088,1146]],"type":"Polygon","properties":{"id":207402,"statcode":"GM1669","statnaam":"Roerdalen","jrstatcode":"2016GM1669","rubriek":"gemeente","FID":"gemeente_gegeneraliseerd_2016.92c9bb40-19b6-475d-8262-2d64dcf477e1"},"id":"GM1669"},{"arcs":[[-1137,-990,1147,-1029,-873,-1007]],"type":"Polygon","properties":{"id":207403,"statcode":"GM1674","statnaam":"Roosendaal","jrstatcode":"2016GM1674","rubriek":"gemeente","FID":"gemeente_gegeneraliseerd_2016.6edfd13d-3ec1-481f-8377-704cc9c2dbaf"},"id":"GM1674"},{"arcs":[[1148,1149,-850,1150,1151,1152]],"type":"Polygon","properties":{"id":207404,"statcode":"GM1676","statnaam":"Schouwen-Duiveland","jrstatcode":"2016GM1676","rubriek":"gemeente","FID":"gemeente_gegeneraliseerd_2016.46f60686-0f6c-4629-b932-71e0a5670709"},"id":"GM1676"},{"arcs":[[-144,1154,-143,1155,-38,-66,-58,1156]],"type":"Polygon","properties":{"id":207405,"statcode":"GM1680","statnaam":"Aa en Hunze","jrstatcode":"2016GM1680","rubriek":"gemeente","FID":"gemeente_gegeneraliseerd_2016.27229a63-7655-44ae-83e5-6cfa231505ea"},"id":"GM1680"},{"arcs":[[-69,-152,-145,-1157,-57]],"type":"Polygon","properties":{"id":207406,"statcode":"GM1681","statnaam":"Borger-Odoorn","jrstatcode":"2016GM1681","rubriek":"gemeente","FID":"gemeente_gegeneraliseerd_2016.c7e76b0e-ef28-4715-b2f2-a4e4f5eaaabd"},"id":"GM1681"},{"arcs":[[-1076,-1057,-889,1157,-976,-945,-347]],"type":"Polygon","properties":{"id":207407,"statcode":"GM1684","statnaam":"Cuijk","jrstatcode":"2016GM1684","rubriek":"gemeente","FID":"gemeente_gegeneraliseerd_2016.9d4f9248-b9f5-434d-bf34-593b83f3ee34"},"id":"GM1684"},{"arcs":[[-947,-975,-1014,1158,-986]],"type":"Polygon","properties":{"id":207408,"statcode":"GM1685","statnaam":"Landerd","jrstatcode":"2016GM1685","rubriek":"gemeente","FID":"gemeente_gegeneraliseerd_2016.6c675a56-3a6e-4a8d-ab93-db4fa76b7c6c"},"id":"GM1685"},{"arcs":[[-193,-231,-157,1159,-154]],"type":"Polygon","properties":{"id":207409,"statcode":"GM1690","statnaam":"De Wolden","jrstatcode":"2016GM1690","rubriek":"gemeente","FID":"gemeente_gegeneraliseerd_2016.4707ab9d-025e-4ff6-af5a-121e035bce59"},"id":"GM1690"},{"arcs":[[-846,1160,-852,1161,-812,1162]],"type":"Polygon","properties":{"id":207410,"statcode":"GM1695","statnaam":"Noord-Beveland","jrstatcode":"2016GM1695","rubriek":"gemeente","FID":"gemeente_gegeneraliseerd_2016.9c3613a0-7add-4ba1-95d4-9155fa409eb8"},"id":"GM1695"},{"arcs":[[-577,-427,1164,-617]],"type":"Polygon","properties":{"id":207411,"statcode":"GM1696","statnaam":"Wijdemeren","jrstatcode":"2016GM1696","rubriek":"gemeente","FID":"gemeente_gegeneraliseerd_2016.26dcdb4b-0bc1-4945-a2fc-b9ac4fa1045d"},"id":"GM1696"},{"arcs":[[-24,1165,-141,1166,-124,-130,-43]],"type":"Polygon","properties":{"id":207412,"statcode":"GM1699","statnaam":"Noordenveld","jrstatcode":"2016GM1699","rubriek":"gemeente","FID":"gemeente_gegeneraliseerd_2016.0fc37e34-acb3-4400-ad3a-2f8be8bed4c0"},"id":"GM1699"},{"arcs":[[1167,-236,-163,-240,-200,-226,-195]],"type":"Polygon","properties":{"id":207413,"statcode":"GM1700","statnaam":"Twenterand","jrstatcode":"2016GM1700","rubriek":"gemeente","FID":"gemeente_gegeneraliseerd_2016.037f91aa-7fa9-4219-9c13-3ca49072fcba"},"id":"GM1700"},{"arcs":[[-155,-1160,-160,1168,-137,-126,1169]],"type":"Polygon","properties":{"id":207414,"statcode":"GM1701","statnaam":"Westerveld","jrstatcode":"2016GM1701","rubriek":"gemeente","FID":"gemeente_gegeneraliseerd_2016.6004f9ab-96ac-4839-beaa-23c17fe075f0"},"id":"GM1701"},{"arcs":[[-1158,-888,-1103,-1136,-881,-1011,-977]],"type":"Polygon","properties":{"id":207415,"statcode":"GM1702","statnaam":"Sint Anthonis","jrstatcode":"2016GM1702","rubriek":"gemeente","FID":"gemeente_gegeneraliseerd_2016.04b152cd-295a-41ad-88cd-1b37b1c615f1"},"id":"GM1702"},{"arcs":[[-366,1170,-265,-388,-313,-247,1171]],"type":"Polygon","properties":{"id":207416,"statcode":"GM1705","statnaam":"Lingewaard","jrstatcode":"2016GM1705","rubriek":"gemeente","FID":"gemeente_gegeneraliseerd_2016.eaba2c85-501b-49d8-b692-033c5fb6ecc3"},"id":"GM1705"},{"arcs":[[-1003,-1079,-1107,1172,-1141]],"type":"Polygon","properties":{"id":207417,"statcode":"GM1706","statnaam":"Cranendonck","jrstatcode":"2016GM1706","rubriek":"gemeente","FID":"gemeente_gegeneraliseerd_2016.1e687788-edc1-468d-afc2-36844e4f9743"},"id":"GM1706"},{"arcs":[[1173,-138,-1169,-159,-234,1174,1175,-217]],"type":"Polygon","properties":{"id":207418,"statcode":"GM1708","statnaam":"Steenwijkerland","jrstatcode":"2016GM1708","rubriek":"gemeente","FID":"gemeente_gegeneraliseerd_2016.ddb7ed20-6611-4365-8156-cf8cd5cd518f"},"id":"GM1708"},{"arcs":[[1176,1177,-664,1178,-662,1179,-901,-932,-1138,-1009,1180]],"type":"Polygon","properties":{"id":207419,"statcode":"GM1709","statnaam":"Moerdijk","jrstatcode":"2016GM1709","rubriek":"gemeente","FID":"gemeente_gegeneraliseerd_2016.f243361e-5414-4dfa-83c1-2d63593c8050"},"id":"GM1709"},{"arcs":[[1182,1183,-1129,-1146,1184]],"type":"Polygon","properties":{"id":207420,"statcode":"GM1711","statnaam":"Echt-Susteren","jrstatcode":"2016GM1711","rubriek":"gemeente","FID":"gemeente_gegeneraliseerd_2016.5ffc180f-e76d-4b26-b255-8cdd16a244b7"},"id":"GM1711"},{"arcs":[[-838,1185]],"type":"Polygon","properties":{"id":207421,"statcode":"GM1714","statnaam":"Sluis","jrstatcode":"2016GM1714","rubriek":"gemeente","FID":"gemeente_gegeneraliseerd_2016.c172d2d0-2cd6-4800-ab3e-4ab1cf00442e"},"id":"GM1714"},{"arcs":[[-985,-902,-1180,-661,-1028,-935]],"type":"Polygon","properties":{"id":207422,"statcode":"GM1719","statnaam":"Drimmelen","jrstatcode":"2016GM1719","rubriek":"gemeente","FID":"gemeente_gegeneraliseerd_2016.b67dd240-9cef-4664-b701-158ba4388866"},"id":"GM1719"},{"arcs":[[-987,-1159,-1013,-1019,-994,-997,-959]],"type":"Polygon","properties":{"id":207423,"statcode":"GM1721","statnaam":"Bernheze","jrstatcode":"2016GM1721","rubriek":"gemeente","FID":"gemeente_gegeneraliseerd_2016.ddd2d7a5-6bdd-472f-a41f-b54c655e3c38"},"id":"GM1721"},{"arcs":[[-122,-98,1186,-84,1187,-860]],"type":"Polygon","properties":{"id":207424,"statcode":"GM1722","statnaam":"Ferwerderadiel","jrstatcode":"2016GM1722","rubriek":"gemeente","FID":"gemeente_gegeneraliseerd_2016.5f96eae2-2422-4abf-b161-e8bdf084f8fb"},"id":"GM1722"},{"arcs":[[-940,-943,1188,-871,1189,-897]],"type":"Polygon","properties":{"id":207425,"statcode":"GM1723","statnaam":"Alphen-Chaam","jrstatcode":"2016GM1723","rubriek":"gemeente","FID":"gemeente_gegeneraliseerd_2016.e5332be0-fe5b-4480-909e-aeca5dce3266"},"id":"GM1723"},{"arcs":[[-1023,-1025,-1018,1190,1191,-919]],"type":"Polygon","properties":{"id":207426,"statcode":"GM1724","statnaam":"Bergeijk","jrstatcode":"2016GM1724","rubriek":"gemeente","FID":"gemeente_gegeneraliseerd_2016.f59acf2d-9de5-4b9f-92ae-6c9cbff0ecc5"},"id":"GM1724"},{"arcs":[[1192,-1144,-982,-920,-1192]],"type":"Polygon","properties":{"id":207427,"statcode":"GM1728","statnaam":"Bladel","jrstatcode":"2016GM1728","rubriek":"gemeente","FID":"gemeente_gegeneraliseerd_2016.a65da07e-4cf9-4266-8c8a-8eaf482b4f04"},"id":"GM1728"},{"arcs":[[-1109,-1105,-1092,1193,-1096,1194,1195]],"type":"Polygon","properties":{"id":207428,"statcode":"GM1729","statnaam":"Gulpen-Wittem","jrstatcode":"2016GM1729","rubriek":"gemeente","FID":"gemeente_gegeneraliseerd_2016.fdc184e9-b469-4006-afeb-9db2412e4d4f"},"id":"GM1729"},{"arcs":[[-142,-1166,-23,-36,-39,-1156]],"type":"Polygon","properties":{"id":207429,"statcode":"GM1730","statnaam":"Tynaarlo","jrstatcode":"2016GM1730","rubriek":"gemeente","FID":"gemeente_gegeneraliseerd_2016.32f8ce8a-7492-4ac5-a78a-c3f3057d758a"},"id":"GM1730"},{"arcs":[[-156,-1170,-125,-1167,-140,-1155,-150]],"type":"Polygon","properties":{"id":207430,"statcode":"GM1731","statnaam":"Midden-Drenthe","jrstatcode":"2016GM1731","rubriek":"gemeente","FID":"gemeente_gegeneraliseerd_2016.54f67c8e-175b-4de6-a0ad-831a6f82db7a"},"id":"GM1731"},{"arcs":[[-1171,-369,-283,1196,-385,-372,-266]],"type":"Polygon","properties":{"id":207431,"statcode":"GM1734","statnaam":"Overbetuwe","jrstatcode":"2016GM1734","rubriek":"gemeente","FID":"gemeente_gegeneraliseerd_2016.1f5dc523-f6b6-4169-9bff-056f0d5d9376"},"id":"GM1734"},{"arcs":[[-352,1197,-241,-166,-170,-202,-190,1198]],"type":"Polygon","properties":{"id":207432,"statcode":"GM1735","statnaam":"Hof van Twente","jrstatcode":"2016GM1735","rubriek":"gemeente","FID":"gemeente_gegeneraliseerd_2016.33e30bed-dc2a-462c-aaa9-4f028b4748c6"},"id":"GM1735"},{"arcs":[[-460,-386,-1197,-282,-311,-819,-381,-296]],"type":"Polygon","properties":{"id":207433,"statcode":"GM1740","statnaam":"Neder-Betuwe","jrstatcode":"2016GM1740","rubriek":"gemeente","FID":"gemeente_gegeneraliseerd_2016.17e15e6c-b354-402f-9b4b-60f7d689ed94"},"id":"GM1740"},{"arcs":[[-229,-197,-239,-1198,-351,-178]],"type":"Polygon","properties":{"id":207434,"statcode":"GM1742","statnaam":"Rijssen-Holten","jrstatcode":"2016GM1742","rubriek":"gemeente","FID":"gemeente_gegeneraliseerd_2016.6a676607-424e-4c75-a0d7-307c62d8fb82"},"id":"GM1742"},{"arcs":[[-925,-981,-956,-1005,-1140]],"type":"Polygon","properties":{"id":207435,"statcode":"GM1771","statnaam":"Geldrop-Mierlo","jrstatcode":"2016GM1771","rubriek":"gemeente","FID":"gemeente_gegeneraliseerd_2016.a453e7de-b605-46e2-98b2-34e3bcae025d"},"id":"GM1771"},{"arcs":[[-383,-327,-342,-245,-230,-181]],"type":"Polygon","properties":{"id":207436,"statcode":"GM1773","statnaam":"Olst-Wijhe","jrstatcode":"2016GM1773","rubriek":"gemeente","FID":"gemeente_gegeneraliseerd_2016.4df35173-7fd1-4c19-a429-5eba05657271"},"id":"GM1773"},{"arcs":[[1199,-215,-225,-182,-203,-168,-235]],"type":"Polygon","properties":{"id":207437,"statcode":"GM1774","statnaam":"Dinkelland","jrstatcode":"2016GM1774","rubriek":"gemeente","FID":"gemeente_gegeneraliseerd_2016.9fbb6370-ab65-451e-ae7d-1df8593428db"},"id":"GM1774"},{"arcs":[[-771,1200,-724,-762,1201,-683]],"type":"Polygon","properties":{"id":207438,"statcode":"GM1783","statnaam":"Westland","jrstatcode":"2016GM1783","rubriek":"gemeente","FID":"gemeente_gegeneraliseerd_2016.311710a7-7de9-4d79-9d5a-c0f6e8e1c6e3"},"id":"GM1783"},{"arcs":[[-765,-772,-783,-725,-1201,-770,-656]],"type":"Polygon","properties":{"id":207439,"statcode":"GM1842","statnaam":"Midden-Delfland","jrstatcode":"2016GM1842","rubriek":"gemeente","FID":"gemeente_gegeneraliseerd_2016.7c9103d3-6b89-4662-beb3-e460253c19db"},"id":"GM1842"},{"arcs":[[1202,-353,-1199,-189,1203,-1121]],"type":"Polygon","properties":{"id":207440,"statcode":"GM1859","statnaam":"Berkelland","jrstatcode":"2016GM1859","rubriek":"gemeente","FID":"gemeente_gegeneraliseerd_2016.6aea0344-6c51-4532-a158-9129ac05b43a"},"id":"GM1859"},{"arcs":[[-354,-1203,-1120,-1115,-307,-401,-304,-374,-288,-404]],"type":"Polygon","properties":{"id":207441,"statcode":"GM1876","statnaam":"Bronckhorst","jrstatcode":"2016GM1876","rubriek":"gemeente","FID":"gemeente_gegeneraliseerd_2016.79a68191-b16c-4712-990f-7f02f32693a4"},"id":"GM1876"},{"arcs":[[-1043,-1095,1204,-1183,1205,-1090]],"type":"Polygon","properties":{"id":207442,"statcode":"GM1883","statnaam":"Sittard-Geleen","jrstatcode":"2016GM1883","rubriek":"gemeente","FID":"gemeente_gegeneraliseerd_2016.e3a9f340-0847-43b5-bba7-04aeeeb11ec7"},"id":"GM1883"},{"arcs":[[-629,-720,-1118,-562,-477,-613,-728]],"type":"Polygon","properties":{"id":207443,"statcode":"GM1884","statnaam":"Kaag en Braassem","jrstatcode":"2016GM1884","rubriek":"gemeente","FID":"gemeente_gegeneraliseerd_2016.5c8c57c7-60d2-4e71-9bbc-8b0115dd1809"},"id":"GM1884"},{"arcs":[[-1188,-83,-113,-91,-861]],"type":"Polygon","properties":{"id":207444,"statcode":"GM1891","statnaam":"Dantumadiel","jrstatcode":"2016GM1891","rubriek":"gemeente","FID":"gemeente_gegeneraliseerd_2016.4b2519b0-2cc6-4fae-894d-ee8a2b7ab455"},"id":"GM1891"},{"arcs":[[-648,-768,-1124,-633,-787,-675,1206]],"type":"Polygon","properties":{"id":207445,"statcode":"GM1892","statnaam":"Zuidplas","jrstatcode":"2016GM1892","rubriek":"gemeente","FID":"gemeente_gegeneraliseerd_2016.0ff5ae1b-a744-4ebe-b800-2ca765ceb8e0"},"id":"GM1892"},{"arcs":[[-1048,-1125,-1080,-868,-908,-1113,-1100]],"type":"Polygon","properties":{"id":207446,"statcode":"GM1894","statnaam":"Peel en Maas","jrstatcode":"2016GM1894","rubriek":"gemeente","FID":"gemeente_gegeneraliseerd_2016.3b03ad94-1088-4d09-9b73-09bdf43c00d0"},"id":"GM1894"},{"arcs":[[-62,-20,1207,-10,-910,1208]],"type":"Polygon","properties":{"id":207447,"statcode":"GM1895","statnaam":"Oldambt","jrstatcode":"2016GM1895","rubriek":"gemeente","FID":"gemeente_gegeneraliseerd_2016.d982a961-4aa2-4936-aff4-07166b90357a"},"id":"GM1895"},{"arcs":[[1209,-1175,-233,-244,-207]],"type":"Polygon","properties":{"id":207448,"statcode":"GM1896","statnaam":"Zwartewaterland","jrstatcode":"2016GM1896","rubriek":"gemeente","FID":"gemeente_gegeneraliseerd_2016.8ac61e56-5e72-49d8-b784-8d2ec1579735"},"id":"GM1896"},{"arcs":[[1210,1211,1212,-104,-100,-162,-115,1213,1214]],"type":"Polygon","properties":{"id":207449,"statcode":"GM1900","statnaam":"Súdwest-Fryslân","jrstatcode":"2016GM1900","rubriek":"gemeente","FID":"gemeente_gegeneraliseerd_2016.7a6628a8-6f36-44f1-9cdc-21d11c85d295"},"id":"GM1900"},{"arcs":[[-786,-631,-731,-792,-452,-751,1215,-677]],"type":"Polygon","properties":{"id":207450,"statcode":"GM1901","statnaam":"Bodegraven-Reeuwijk","jrstatcode":"2016GM1901","rubriek":"gemeente","FID":"gemeente_gegeneraliseerd_2016.4764596a-db1b-4547-8f66-4ea64ba672d5"},"id":"GM1901"},{"arcs":[[-1068,-1110,-1196,1216]],"type":"Polygon","properties":{"id":207451,"statcode":"GM1903","statnaam":"Eijsden-Margraten","jrstatcode":"2016GM1903","rubriek":"gemeente","FID":"gemeente_gegeneraliseerd_2016.6a8b2bb9-7bfb-4b61-b71d-ff0912dd3944"},"id":"GM1903"},{"arcs":[[-859,-618,-1165,-426,-468,-791]],"type":"Polygon","properties":{"id":207452,"statcode":"GM1904","statnaam":"Stichtse Vecht","jrstatcode":"2016GM1904","rubriek":"gemeente","FID":"gemeente_gegeneraliseerd_2016.8632ddab-8b11-450b-b006-90ac71c224a6"},"id":"GM1904"},{"arcs":[[-121,-117,-161,-103,-95]],"type":"Polygon","properties":{"id":207453,"statcode":"GM1908","statnaam":"Menameradiel","jrstatcode":"2016GM1908","rubriek":"gemeente","FID":"gemeente_gegeneraliseerd_2016.82eae3d5-d059-4e2e-829a-66c19d9fd637"},"id":"GM1908"},{"arcs":[[-576,1217,-1212,1218,-598,-602,-571,-607]],"type":"Polygon","properties":{"id":207454,"statcode":"GM1911","statnaam":"Hollands Kroon","jrstatcode":"2016GM1911","rubriek":"gemeente","FID":"gemeente_gegeneraliseerd_2016.b6130108-2d0a-4769-943f-932a8c15f086"},"id":"GM1911"},{"arcs":[[-788,-784,-717,-797,-794,-679]],"type":"Polygon","properties":{"id":207455,"statcode":"GM1916","statnaam":"Leidschendam-Voorburg","jrstatcode":"2016GM1916","rubriek":"gemeente","FID":"gemeente_gegeneraliseerd_2016.5806501d-29c6-45b5-ae0f-fd4b47445939"},"id":"GM1916"},{"arcs":[[-1149,1219,-1152,1220,1221,-1177,1222]],"type":"Polygon","properties":{"id":207456,"statcode":"GM1924","statnaam":"Goeree-Overflakkee","jrstatcode":"2016GM1924","rubriek":"gemeente","FID":"gemeente_gegeneraliseerd_2016.19540408-d94c-4484-8dd7-2cc5fd5c37cf"},"id":"GM1924"},{"arcs":[[-793,-1123,-766,-654,-681]],"type":"Polygon","properties":{"id":207457,"statcode":"GM1926","statnaam":"Pijnacker-Nootdorp","jrstatcode":"2016GM1926","rubriek":"gemeente","FID":"gemeente_gegeneraliseerd_2016.85d4dd97-a6ad-4a1b-b419-37cc3659a3a5"},"id":"GM1926"},{"arcs":[[-836,-829,-687,-774,-753,-626,-758,1223,-445]],"type":"Polygon","properties":{"id":207458,"statcode":"GM1927","statnaam":"Molenwaard","jrstatcode":"2016GM1927","rubriek":"gemeente","FID":"gemeente_gegeneraliseerd_2016.ad38eea7-77f3-45d1-96e6-04a37ee80171"},"id":"GM1927"},{"arcs":[[-777,-739,-748,1224,-692,-644,-759]],"type":"Polygon","properties":{"id":207459,"statcode":"GM1930","statnaam":"Nissewaard","jrstatcode":"2016GM1930","rubriek":"gemeente","FID":"gemeente_gegeneraliseerd_2016.32c2c281-beac-424b-9075-62e241233335"},"id":"GM1930"},{"arcs":[[-446,-1224,-757,-706,-649,-1207,-674,-1216,-750]],"type":"Polygon","properties":{"id":207460,"statcode":"GM1931","statnaam":"Krimpenerwaard","jrstatcode":"2016GM1931","rubriek":"gemeente","FID":"gemeente_gegeneraliseerd_2016.4d08d909-ba5a-46c5-82cb-2d14b304ca6b"},"id":"GM1931"},{"arcs":[[-114,-106,-139,-1174,-223,1225,-1214]],"type":"Polygon","properties":{"id":207461,"statcode":"GM1940","statnaam":"De Fryske Marren","jrstatcode":"2016GM1940","rubriek":"gemeente","FID":"gemeente_gegeneraliseerd_2016.49383720-d322-41d7-b1ac-4f15590143ab"},"id":"GM1940"},{"arcs":[[-616,-505,-543,1226,-55,1227,-586,-579]],"type":"Polygon","properties":{"id":207462,"statcode":"GM1942","statnaam":"Gooise Meren","jrstatcode":"2016GM1942","rubriek":"gemeente","FID":"gemeente_gegeneraliseerd_2016.a4e0ab0d-22a2-4ea1-9662-8a6280725ab1"},"id":"GM1942"},{"arcs":[[-1059,-1077,-345,-367,-1172,-246,1228]],"type":"Polygon","properties":{"id":207463,"statcode":"GM1945","statnaam":"Berg en Dal","jrstatcode":"2016GM1945","rubriek":"gemeente","FID":"gemeente_gegeneraliseerd_2016.8c100ef2-c5be-4ad3-a8ac-1f5a4515c6e9"},"id":"GM1945"},{"arcs":[[-402,-305,-1114,1229]],"type":"Polygon","properties":{"id":207464,"statcode":"GM1955","statnaam":"Montferland","jrstatcode":"2016GM1955","rubriek":"gemeente","FID":"gemeente_gegeneraliseerd_2016.9a47225b-64f6-4dca-84aa-98a989d88d54"},"id":"GM1955"},{"arcs":[[-63,-1209,-909,-64,-41]],"type":"Polygon","properties":{"id":207465,"statcode":"GM1987","statnaam":"Menterwolde","jrstatcode":"2016GM1987","rubriek":"gemeente","FID":"gemeente_gegeneraliseerd_2016.3c5d0a3c-777b-42bc-a6aa-9493e03be0f2"},"id":"GM1987"}]}}}