{"type":"Topology","arcs":[[[3529,2548],[-41,-8],[-32,8]],[[3456,2548],[-7,28],[32,5],[-5,12]],[[3476,2593],[33,-1],[15,-14],[5,-30]],[[3296,2559],[-28,-43],[9,-15]],[[3277,2501],[-85,14]],[[3192,2515],[19,80],[7,2]],[[3218,2597],[20,0]],[[3238,2597],[24,-33],[34,-5]],[[3722,2311],[-46,4],[-19,7]],[[3657,2322],[28,30],[-13,13]],[[3672,2365],[50,29],[27,0],[33,11],[34,-7],[15,7]],[[3831,2405],[-6,-33],[20,-9],[-4,-32],[5,-25]],[[3846,2306],[-74,-17],[-27,22],[-23,0]],[[3415,2533],[-129,-48]],[[3286,2485],[-9,16]],[[3296,2559],[36,-11],[19,12],[63,-18],[1,-9]],[[3553,2493],[-2,36],[-22,0],[0,19]],[[3476,2593],[-12,17],[-21,6],[-24,32],[15,6]],[[3434,2654],[52,18],[30,-14]],[[3516,2658],[14,-12],[9,-40],[33,-29],[80,-21],[74,-8],[-5,-33],[12,-8]],[[3733,2507],[-23,-15],[-28,18],[-43,7],[-45,-10],[-23,-20],[-18,6]],[[3281,2436],[-34,11],[-57,-16]],[[3190,2431],[-33,17]],[[3157,2448],[-52,2]],[[3105,2450],[1,8]],[[3106,2458],[16,38],[28,12]],[[3150,2508],[42,7]],[[3286,2485],[23,-33]],[[3309,2452],[-28,-16]],[[2818,2385],[1,24]],[[2819,2409],[24,40],[29,19],[-12,24],[14,14]],[[2874,2506],[44,0],[3,-11],[65,7],[47,-17],[15,-18]],[[3048,2467],[-77,-13]],[[2971,2454],[-45,-22],[-40,-9],[-15,-18],[-53,-20]],[[3281,2436],[18,-5],[33,-30],[5,-30]],[[3337,2371],[-58,-8],[-56,51],[-17,-6],[-16,23]],[[3309,2452],[15,-1],[36,-27],[27,-6],[20,11],[47,7]],[[3454,2436],[9,-4],[-4,-32],[-23,-13],[9,-13]],[[3445,2374],[11,-53]],[[3456,2321],[-37,24]],[[3419,2345],[-40,24],[-42,2]],[[2957,2344],[-19,4]],[[2938,2348],[-7,21],[18,11],[40,5],[-10,30],[3,32],[-11,7]],[[3048,2467],[58,-9]],[[3105,2450],[-55,-22],[-25,-28],[-39,-63],[-29,7]],[[3456,2548],[-41,-15]],[[3238,2597],[35,16],[33,4],[33,-4],[82,48],[13,-7]],[[2938,2348],[-34,16],[-57,2],[-19,13]],[[2828,2379],[-10,6]],[[1900,1685],[18,-12],[75,-23]],[[1993,1650],[-50,-18],[78,-68],[-62,-10]],[[1959,1554],[-48,18],[-74,14],[-46,-7],[-14,9],[-6,45],[33,17],[96,35]],[[3578,2243],[-75,48]],[[3503,2291],[20,6],[27,-8]],[[3550,2289],[48,-25],[54,60],[5,-2]],[[3722,2311],[-10,-18],[30,-27],[-28,-12],[-2,-51],[-7,-22],[-36,-12]],[[3669,2169],[-12,6],[-79,68]],[[3555,2475],[-28,1],[-68,-28],[-5,-12]],[[3553,2493],[2,-18]],[[3503,2291],[-47,30]],[[3445,2374],[62,0],[21,4],[73,-8],[3,-10]],[[3604,2360],[-1,-13],[-30,-24],[-23,-34]],[[3846,2306],[9,-45],[-31,-69],[-78,-78],[-11,-26]],[[3735,2088],[-20,1],[-33,34],[-25,0]],[[3657,2123],[31,43],[-19,3]],[[1993,1650],[88,43],[69,-45],[31,-12],[50,25]],[[2231,1661],[34,-2],[-8,-38]],[[2257,1621],[-32,-8],[-19,5],[-27,-21],[15,-26],[-25,-47],[-115,-21],[-27,11],[-68,40]],[[2580,2162],[-55,-23]],[[2525,2139],[-40,14],[-83,-15],[-60,12],[-36,-12]],[[2306,2138],[-24,34]],[[2282,2172],[2,14],[46,0],[-1,46],[62,26],[-12,22],[18,17]],[[2397,2297],[4,-20],[48,1],[16,10],[28,1],[16,-15],[28,-4]],[[2537,2270],[-10,-14],[3,-31],[50,-63]],[[3150,2508],[-2,11],[-35,10],[-46,6],[-4,13],[17,19]],[[3080,2567],[47,27],[-15,39],[14,15],[23,2],[8,26],[33,0]],[[3190,2676],[-4,-20],[-21,-21],[33,-13],[20,-25]],[[2585,2372],[-11,-11],[-50,-4],[13,-28],[33,0]],[[2570,2329],[19,-16],[-4,-22]],[[2585,2291],[-48,-21]],[[2397,2297],[-45,18],[-8,14]],[[2344,2329],[8,11],[46,26],[-1,9]],[[2397,2375],[42,-3],[16,5],[18,27],[31,18]],[[2504,2422],[64,-4],[-17,-23],[34,-23]],[[2874,2506],[0,1]],[[2874,2507],[21,31],[26,15],[8,38]],[[2929,2591],[5,-3]],[[2934,2588],[24,-18],[38,-6],[45,5],[16,9],[23,-11]],[[2576,2566],[-27,27],[-59,34]],[[2490,2627],[32,11],[53,0],[83,15],[78,5],[45,-4],[38,11],[14,-4]],[[2833,2661],[-30,-3],[-6,-15],[24,-72],[-18,-4]],[[2803,2567],[-9,-9],[-36,14],[-38,0]],[[2720,2572],[-45,4],[-12,-17],[-45,-2],[-12,16],[-30,-7]],[[2701,2723],[1,-2]],[[2702,2721],[-1,2]],[[2747,2402],[10,24],[-30,18],[1,21],[-59,15],[-7,11]],[[2662,2491],[24,3]],[[2686,2494],[97,20],[38,-5],[15,11],[38,-13]],[[2819,2409],[-55,-14],[-17,7]],[[2427,2711],[164,7],[9,-12],[-52,1],[-101,-19],[-75,5],[-62,-23],[-48,16],[-8,12],[17,16],[27,6],[32,-10],[97,1]],[[2376,2499],[-45,-8],[-71,15],[10,-16],[-27,-10]],[[2243,2480],[-8,-4],[-42,36],[-13,4]],[[2180,2516],[49,34],[67,20],[65,15]],[[2361,2585],[3,-13],[27,-8],[-14,-19]],[[2377,2545],[-14,-15],[13,-31]],[[2243,2480],[20,-22],[-16,-24]],[[2247,2434],[-26,-21],[26,-19],[-39,-14],[-19,7]],[[2189,2387],[-16,11],[-33,-7],[-26,6]],[[2114,2397],[14,23],[4,31],[-23,-2],[-29,11]],[[2080,2460],[45,30],[55,26]],[[2114,2397],[-60,5]],[[2054,2402],[7,27],[19,31]],[[2585,2291],[42,-16],[-5,-27],[-22,-25],[69,-9],[65,20],[40,28],[45,9],[28,17]],[[2847,2288],[-3,-48],[-43,-14],[-31,-23],[-42,-17]],[[2728,2186],[-48,-18],[-36,16],[-47,-8],[-17,-14]],[[2686,2494],[10,47],[19,1],[5,30]],[[2803,2567],[20,3],[-7,31],[44,3],[16,-12],[20,6],[33,-7]],[[2474,2493],[27,0],[21,-10],[18,-24],[-40,-5],[4,-32]],[[2397,2375],[9,18],[1,31],[-27,-1]],[[2380,2423],[7,25],[-15,37],[14,6]],[[2386,2491],[31,-15],[40,0],[17,17]],[[2386,2491],[-10,8]],[[2377,2545],[28,-1],[48,-17],[28,-2]],[[2481,2525],[-7,-32]],[[2525,2139],[-26,-18],[-37,-54]],[[2462,2067],[-25,-10]],[[2437,2057],[-46,33],[-36,-2]],[[2355,2088],[-28,8],[-28,-2],[-14,16]],[[2285,2110],[0,13],[21,15]],[[2974,2325],[36,-8],[-5,-33],[50,-48]],[[3055,2236],[15,-14],[-35,-39],[-24,-11]],[[3011,2172],[-36,-16],[-30,19],[-56,-2]],[[2889,2173],[-33,3],[-13,13],[-56,-11],[-34,-15],[-25,23]],[[2847,2288],[8,-2],[119,39]],[[2957,2344],[17,-19]],[[2570,2329],[161,-8],[36,30],[61,28]],[[2869,2729],[-69,-8],[-35,-10],[23,38],[44,5],[106,5],[-40,-31],[-29,1]],[[2701,2723],[1,-2]],[[2585,2372],[70,33],[65,2],[27,-5]],[[1885,2616],[-22,-2],[-30,-17],[-39,9],[47,39],[198,31],[114,22],[28,-1],[6,-13],[-64,-16],[-26,-14],[-48,1],[-114,-35],[-36,3],[-14,-7]],[[1704,2543],[-30,-12],[-60,-16],[5,-10],[-44,-18],[-23,-22],[-36,-1],[-24,6],[74,31],[32,18],[70,29],[36,-5]],[[2889,2173],[-40,-32],[-87,-37]],[[2762,2104],[-89,-39],[-45,7],[-13,20],[-43,-7],[-6,-11],[-45,-23],[-36,4],[-23,12]],[[3204,2197],[-26,-14],[-39,19],[-11,21],[10,10],[-8,22]],[[3130,2255],[16,11],[-8,15],[9,16]],[[3147,2297],[42,-12],[8,24],[45,2],[4,-28],[27,-7]],[[3273,2276],[-35,-53],[-34,-26]],[[3492,2055],[-18,-25],[8,-19],[-14,-30],[24,-34],[12,-47]],[[3504,1900],[-40,-2],[-45,4],[-35,-7],[-32,-17]],[[3352,1878],[-2,21],[-79,21]],[[3271,1920],[1,43],[-34,0],[-9,23]],[[3229,1986],[74,65],[14,-4],[33,39],[20,18],[-13,14]],[[3357,2118],[21,11]],[[3378,2129],[30,-29],[51,-24],[33,-21]],[[3492,2055],[20,15],[80,29],[9,14],[56,10]],[[3735,2088],[-21,-28],[-17,-163],[-13,-14],[-66,13],[-37,-8],[-42,13],[-35,-1]],[[3271,1920],[-14,4],[-62,-8],[-24,-11]],[[3171,1905],[2,17],[-31,2],[-14,20],[-37,0],[2,13],[-44,0],[16,36],[-13,22],[37,12],[0,9]],[[3089,2036],[8,15]],[[3097,2051],[37,-8],[-1,-22],[22,-9],[53,4],[-8,-21],[29,-9]],[[2873,1992],[-15,-23],[1,-16],[31,5],[39,-9],[-21,-31]],[[2908,1918],[-51,18],[-32,-11],[-24,17]],[[2801,1942],[-39,58],[53,23]],[[2815,2023],[29,-44],[29,13]],[[2344,2329],[-63,-12],[-40,1],[-11,16],[-28,16],[-30,2],[-2,13],[19,22]],[[2247,2434],[18,-16],[30,-2],[26,13],[39,-9],[20,3]],[[3241,1634],[53,15],[47,-5]],[[3341,1644],[14,-20],[8,-33]],[[3363,1591],[-30,-33]],[[3333,1558],[-33,-13],[-32,-5]],[[3268,1540],[6,12],[-22,11],[9,13],[-14,19],[10,18],[-16,21]],[[3385,1533],[-32,21],[-20,4]],[[3363,1591],[38,-9]],[[3401,1582],[15,-13],[28,-5]],[[3444,1564],[-29,-22],[-30,-9]],[[2844,1835],[101,12]],[[2945,1847],[20,-4]],[[2965,1843],[38,-66],[-28,-13],[11,-32],[-1,-25],[28,-7],[10,-20]],[[3023,1680],[-46,-5],[-43,11],[-14,21],[-42,9],[-66,3],[-8,5]],[[2804,1724],[38,17],[-27,28],[38,49],[-9,17]],[[3024,1496],[-31,-4],[-12,-15],[-41,-1],[-132,5]],[[2808,1481],[-19,-3],[-23,24],[6,9],[-29,40]],[[2743,1551],[7,-3],[61,10],[37,13],[29,-1]],[[2877,1570],[32,-19],[60,1]],[[2969,1552],[2,-21],[46,-25],[7,-10]],[[3532,1411],[-62,10],[-22,-4],[-39,24]],[[3409,1441],[-11,26],[18,21],[40,-8],[6,14],[23,10],[-3,22]],[[3482,1526],[28,-3],[44,13]],[[3554,1536],[27,-2]],[[3581,1534],[30,-17],[-3,-37],[15,-9]],[[3623,1471],[-30,-40],[-40,-4],[-21,-16]],[[3532,1411],[-18,-31],[-17,-10],[-94,-1]],[[3403,1369],[-45,-1],[-54,12],[12,13],[-2,22],[-27,9]],[[3287,1424],[-11,12],[38,12],[25,-2],[15,10]],[[3354,1456],[55,-15]],[[2945,1847],[25,62]],[[2970,1909],[25,-13],[23,-29],[40,2],[37,-5],[11,10],[55,-10],[-5,32],[15,9]],[[3352,1878],[17,-13],[-8,-26],[48,-25],[-41,-1],[-10,-14],[-35,4],[24,-32],[-7,-35]],[[3340,1736],[-29,9],[-28,-24],[-30,-4],[-16,13]],[[3237,1730],[15,12],[-64,25],[-24,44],[-33,8],[-74,1],[-12,21],[-80,2]],[[3218,1668],[-60,-12],[-3,-24],[-45,-56]],[[3110,1576],[-46,0],[-66,-8]],[[2998,1568],[-22,33],[9,19],[45,10],[17,36],[-15,12]],[[3032,1678],[40,11],[20,22]],[[3092,1711],[25,-20],[36,-4],[32,14],[55,-12],[-22,-21]],[[3444,1564],[44,-23],[-6,-15]],[[3354,1456],[12,46],[29,0],[-10,31]],[[2470,1828],[16,33]],[[2486,1861],[52,7]],[[2538,1868],[22,-5],[40,12],[29,0]],[[2629,1875],[4,-11],[-20,-20],[12,-16],[30,8],[20,-27]],[[2675,1809],[-29,-9],[27,-12],[-3,-28]],[[2670,1760],[-27,-10]],[[2643,1750],[-36,-24],[-39,-2],[-16,24],[-27,21],[-17,0]],[[2508,1769],[-9,33],[-29,26]],[[3581,1534],[11,35],[-12,14]],[[3580,1583],[32,16],[1,31],[37,-16],[64,9]],[[3714,1623],[0,-21],[-15,-13],[-31,-47],[2,-14],[33,-43],[-80,-14]],[[2437,2057],[24,-22],[31,0],[72,-34],[21,-36],[22,-21],[-31,-18],[48,-17]],[[2624,1909],[-18,-20],[-131,-26],[-170,0],[-12,2]],[[2293,1865],[-1,1]],[[2292,1866],[-34,35]],[[2258,1901],[33,-1],[6,16],[-13,12],[-49,-2]],[[2235,1926],[4,90],[64,63],[52,9]],[[2486,1861],[52,7]],[[3554,1536],[-51,20],[40,27],[37,0]],[[3032,1678],[-9,2]],[[3237,1730],[-89,11],[-2,-9],[-39,-7],[-15,-14]],[[2877,1570],[-12,27],[-26,5],[-8,24],[40,13],[-7,20],[9,14],[-54,8],[-22,22]],[[2797,1703],[7,21]],[[2998,1568],[-29,-16]],[[2762,1918],[39,24]],[[2908,1918],[23,-5],[34,7],[5,-11]],[[2844,1835],[-55,-1]],[[2789,1834],[-15,-3],[-27,22],[-9,28],[8,26],[16,11]],[[3341,1644],[-29,23],[3,24],[19,6],[26,31]],[[3360,1728],[57,-18],[79,0],[8,-9],[85,-14]],[[3589,1687],[-94,-10],[9,-19],[2,-44],[-47,1],[-34,-5],[-24,-28]],[[2258,1901],[-23,12],[0,13]],[[3218,1668],[23,-34]],[[3268,1540],[-21,-19],[-30,-2],[-21,14]],[[3196,1533],[-5,30],[-24,13],[-57,0]],[[2675,1809],[30,8],[27,-15],[20,9],[31,-9],[26,13],[-20,19]],[[2797,1703],[-15,-11],[-30,-1]],[[2752,1691],[-6,13]],[[2746,1704],[-2,12],[-31,16],[-16,18],[-27,10]],[[2629,1163],[51,2]],[[2680,1165],[47,-1],[18,-22]],[[2745,1142],[34,-6],[8,-16],[22,-9],[0,-20],[-60,7],[-44,17]],[[2705,1115],[-17,6]],[[2688,1121],[-24,25],[-35,17]],[[3106,1105],[20,25],[-12,27],[21,11],[12,28],[22,20]],[[3169,1216],[32,8],[70,-7],[10,-4]],[[3281,1213],[-5,-28],[35,-21]],[[3311,1164],[-31,-10],[-86,-18],[-52,-24],[-36,-7]],[[2678,1519],[-8,-20],[5,-25],[14,-4],[17,-63],[12,-13]],[[2718,1394],[-24,-20],[-18,-26],[-25,-24]],[[2651,1324],[-19,5],[-34,-6]],[[2598,1323],[-10,5]],[[2588,1328],[5,22],[-68,6],[-18,19],[-5,24],[-50,2]],[[2452,1401],[-17,46],[-43,-3],[-19,14],[10,12],[-15,23]],[[2368,1493],[35,5],[-12,20]],[[2391,1518],[102,1]],[[2493,1519],[29,-4],[56,9],[93,3],[7,-8]],[[2477,1224],[24,-4],[5,26],[-61,8],[10,20]],[[2455,1274],[37,28],[49,-2],[11,12],[36,16]],[[2598,1323],[-19,-24],[4,-38],[11,-11]],[[2594,1250],[38,-26]],[[2632,1224],[-31,-5],[-5,-19]],[[2596,1200],[-22,9],[-34,-25]],[[2540,1184],[-68,11],[5,29]],[[2452,1401],[-90,-5],[-41,-14],[-41,-1],[-60,-10],[-28,-16]],[[2192,1355],[-18,-3]],[[2174,1352],[-38,9]],[[2136,1361],[-8,4]],[[2128,1365],[26,22],[-31,14]],[[2123,1401],[-1,15]],[[2122,1416],[21,23],[32,0],[11,-14],[56,23],[26,-5],[7,15]],[[2275,1458],[48,17],[3,16]],[[2326,1491],[42,2]],[[2407,1082],[-87,11],[-10,23]],[[2310,1116],[17,30]],[[2327,1146],[22,-3]],[[2349,1143],[110,-23]],[[2459,1120],[9,-8],[-61,-30]],[[2718,1394],[84,17],[25,0]],[[2827,1411],[-12,-16],[19,-31],[26,-16]],[[2860,1348],[-40,-7],[-7,-12],[-34,-20]],[[2779,1309],[-34,19],[-35,10],[-44,-21],[-18,-1]],[[2648,1316],[3,8]],[[1981,1124],[-26,22],[-18,4],[-40,36]],[[1897,1186],[-13,10],[28,19]],[[1912,1215],[63,-8],[15,11],[43,3]],[[2033,1221],[51,15],[36,-3]],[[2120,1233],[62,-16],[21,-12],[26,-4]],[[2229,1201],[-26,-7],[-7,-21],[-101,0]],[[2095,1173],[-42,-11],[-18,-15],[-54,-23]],[[1898,1221],[14,-6]],[[1897,1186],[-22,-12],[-57,-3],[-33,4]],[[1785,1175],[6,9]],[[1791,1184],[31,33]],[[1822,1217],[39,-3],[11,12],[26,-5]],[[2752,1246],[22,29],[-9,9]],[[2765,1284],[25,8],[28,-3],[1,-19],[-18,-20]],[[2801,1250],[-49,-4]],[[2787,1230],[15,1]],[[2802,1231],[65,-3],[54,7],[33,9],[23,-19],[68,7],[13,-9]],[[3058,1223],[-55,-50],[-30,3],[-25,13]],[[2948,1189],[-4,5],[-81,1],[-18,-6],[-41,17],[-17,24]],[[2310,1116],[-32,1],[7,-22],[-33,-9]],[[2252,1086],[-25,3],[-17,38],[-37,18]],[[2173,1145],[25,6],[129,-5]],[[2629,1163],[-21,26]],[[2608,1189],[18,4],[7,29],[11,6]],[[2644,1228],[59,4],[2,-33],[-25,-34]],[[2455,1274],[-68,-4],[-21,-19]],[[2366,1251],[-49,-10],[-69,3]],[[2248,1244],[-17,15]],[[2231,1259],[-2,22],[-29,18]],[[2200,1299],[5,29],[-13,27]],[[2399,1657],[53,28],[32,36]],[[2484,1721],[36,-18],[-8,-8],[54,-54]],[[2566,1641],[-48,-33]],[[2518,1608],[-11,2],[-54,43],[-42,-6],[-12,10]],[[2493,1519],[-10,35],[40,31],[-5,23]],[[2566,1641],[27,7]],[[2593,1648],[40,-19],[41,-12],[10,-10],[36,7]],[[2720,1614],[-4,-33]],[[2716,1581],[-21,-5],[-18,-31],[1,-26]],[[2348,1578],[45,-11],[-6,-29],[4,-20]],[[2326,1491],[-45,31],[-51,7],[-40,13]],[[2190,1542],[28,35]],[[2218,1577],[33,-8],[22,8],[40,-23],[35,24]],[[1756,1139],[29,36]],[[1981,1124],[-11,-15]],[[1970,1109],[-19,-7],[-31,5],[-49,-1],[-37,-8],[-38,-1]],[[1796,1097],[-16,26],[-24,16]],[[2595,995],[-15,-3]],[[2580,992],[-23,11],[-22,25]],[[2535,1028],[-14,32]],[[2521,1060],[2,11],[27,8]],[[2550,1079],[40,-18]],[[2590,1061],[31,-13],[11,-32],[-37,-21]],[[2321,1629],[15,-17],[12,-34]],[[2218,1577],[35,19],[8,15],[34,4],[26,14]],[[2665,1694],[10,34],[-32,22]],[[2746,1704],[-81,-10]],[[2593,1648],[72,46]],[[2752,1691],[10,-8],[-9,-25],[19,-9],[-6,-18],[-42,-9],[-4,-8]],[[2433,1004],[-31,0],[-30,19]],[[2372,1023],[51,11],[20,11]],[[2443,1045],[41,12],[37,3]],[[2535,1028],[-24,-2],[-5,-18]],[[2506,1008],[-73,-4]],[[3024,1496],[34,-4]],[[3058,1492],[13,-19],[41,-24],[22,-22]],[[3134,1427],[-11,-35],[11,-18],[-13,-23],[-24,7],[-31,-11]],[[3066,1347],[-55,27],[-11,12],[-30,2]],[[2970,1388],[-4,15],[-86,-7],[-45,24]],[[2835,1420],[-1,8],[-35,20],[27,6],[5,13],[-23,14]],[[1924,1071],[23,3],[34,-17],[27,1],[35,30]],[[2043,1088],[14,-17]],[[2057,1071],[-13,0],[-33,-31],[-15,-35]],[[1996,1005],[-58,-18],[-51,-3],[-39,7]],[[1848,991],[-20,1]],[[1828,992],[-12,22],[96,10],[-4,19],[20,6],[-4,22]],[[2628,1118],[31,13],[29,-10]],[[2705,1115],[-8,-13],[-40,-15]],[[2657,1087],[13,20],[-17,14],[-25,-3]],[[2122,1416],[-40,5],[-1,34],[-43,14]],[[2038,1469],[8,28]],[[2046,1497],[75,11]],[[2121,1508],[11,-22],[25,-2],[36,-32],[82,6]],[[2443,1045],[-36,37]],[[2459,1120],[40,25]],[[2499,1145],[30,-30]],[[2529,1115],[-6,-20],[27,-16]],[[2484,1721],[24,48]],[[2121,1508],[52,8],[17,26]],[[2477,1224],[-49,-14],[-40,10],[-23,-6]],[[2365,1214],[-9,4],[10,33]],[[2644,1231],[-12,-7]],[[2594,1250],[23,3],[21,23],[-18,28],[28,12]],[[2779,1309],[-21,-10],[7,-15]],[[2752,1246],[-16,-3],[-30,22],[-62,-34]],[[2138,1322],[-36,10],[26,12],[8,17]],[[2174,1352],[-9,-24],[-27,-6]],[[2095,1173],[11,-34]],[[2106,1139],[-19,-5],[-30,-32]],[[2057,1102],[-37,11],[-50,-4]],[[2529,1115],[38,9],[42,-20],[19,14]],[[2657,1087],[-20,-6],[-32,6],[-15,-26]],[[2835,1420],[-8,-9]],[[2716,1581],[10,-29],[17,-1]],[[2365,1214],[-57,-11]],[[2308,1203],[-28,-16],[-32,6]],[[2248,1193],[21,9],[-1,22],[-20,20]],[[2608,1189],[-12,11]],[[2644,1231],[0,-3]],[[3281,1213],[18,15],[1,33],[30,29]],[[3330,1290],[26,0],[39,-12],[73,-34],[3,-30],[-30,-5],[-5,-24],[-24,-19],[-48,-20],[-38,22],[-15,-4]],[[2240,1078],[12,8]],[[2372,1023],[-19,2]],[[2353,1025],[-19,14],[-38,12],[-12,16],[-44,11]],[[1828,992],[-58,-4]],[[1770,988],[10,35],[-42,15],[-14,-7]],[[1724,1031],[-66,27],[-16,13]],[[1642,1071],[26,-2]],[[1668,1069],[48,7],[61,-12],[24,2]],[[1801,1066],[44,-6],[79,11]],[[2801,1250],[1,-19]],[[2787,1230],[-42,-13],[-12,-28],[77,-38]],[[2810,1151],[-12,4],[-53,-13]],[[2970,1388],[-50,-16],[-20,-12],[-22,4],[-18,-16]],[[2321,1629],[21,2],[57,26]],[[2231,1661],[-22,25],[19,12],[-21,22],[41,15],[-15,15],[-4,63],[-14,33]],[[2215,1846],[55,9],[22,11]],[[2293,1865],[4,-18],[101,-15],[54,-3],[39,-26],[8,-33],[-7,-23],[-45,-51],[-63,-32],[-20,3],[-61,-19],[-46,-27]],[[1801,1066],[-5,31]],[[2057,1102],[-14,-14]],[[2123,1401],[-39,10],[-18,-3],[-26,-24],[-42,3],[-45,-29]],[[1953,1358],[-5,2]],[[1948,1360],[25,17],[19,49],[-41,19],[5,8]],[[1956,1453],[17,12]],[[1973,1465],[62,-9],[3,13]],[[1885,1420],[-18,-4]],[[1867,1416],[-13,10],[4,28]],[[1858,1454],[3,8]],[[1861,1462],[6,13]],[[1867,1475],[90,-1],[-3,9]],[[1954,1483],[19,-18]],[[1956,1453],[-40,-13],[-31,-20]],[[1749,1383],[13,13],[-25,9],[20,25]],[[1757,1430],[9,1]],[[1766,1431],[68,-3],[24,26]],[[1867,1416],[6,-49],[-13,-3],[-12,-29],[-13,1]],[[1835,1336],[-37,12],[-7,22],[-42,13]],[[1837,1328],[52,-19]],[[1889,1309],[4,-20],[29,-28]],[[1922,1261],[-37,-12]],[[1885,1249],[-14,12],[-27,6],[-1,15],[-48,25]],[[1795,1307],[7,21],[35,0]],[[1954,1483],[19,41]],[[1973,1524],[36,-7],[37,-20]],[[1886,1505],[22,27],[40,-4]],[[1948,1528],[25,-4]],[[1867,1475],[19,30]],[[1822,1217],[-33,10],[-5,14],[-22,9]],[[1762,1250],[8,25],[-1,30]],[[1769,1305],[26,2]],[[1885,1249],[13,-28]],[[1964,1352],[-11,6]],[[2128,1365],[-19,-15],[-23,7],[-42,-18],[-61,6],[-19,7]],[[1508,1210],[-31,26]],[[1477,1236],[75,25],[10,-1]],[[1562,1260],[75,12]],[[1637,1272],[25,4],[14,-22],[29,-13]],[[1705,1241],[-23,-14]],[[1682,1227],[-18,-7],[-24,8],[-30,-19],[-28,4],[-14,-12]],[[1568,1201],[-48,-13]],[[1520,1188],[-12,22]],[[1641,1316],[18,-5]],[[1659,1311],[-26,-8],[-8,-25],[12,-6]],[[1562,1260],[7,20],[-59,33]],[[1510,1313],[5,6]],[[1515,1319],[32,1],[31,10],[20,-10],[43,-4]],[[2200,1299],[-29,-9]],[[2171,1290],[-31,17]],[[2140,1307],[-2,15]],[[2155,1269],[40,-20],[36,10]],[[2248,1193],[-19,8]],[[2120,1233],[35,36]],[[1948,1360],[-24,2],[-27,27],[-12,31]],[[1641,1316],[6,22],[-35,34]],[[1612,1372],[32,20],[31,-25],[54,19],[20,-3]],[[1835,1336],[2,-8]],[[1769,1305],[-56,7],[-8,-35]],[[1705,1277],[-46,34]],[[2155,1269],[16,21]],[[1974,1334],[-10,18]],[[2140,1307],[-52,-12],[-8,25],[-106,14]],[[1922,1261],[35,16],[29,-7],[38,-18],[-4,-16],[13,-15]],[[1705,1277],[15,-30]],[[1720,1247],[-15,-6]],[[1974,1334],[-12,-14],[-29,17],[-44,-28]],[[1762,1250],[-42,-3]],[[1452,1556],[14,-16],[-29,-29]],[[1437,1511],[-22,-20],[-50,-24]],[[1365,1467],[1,15],[-54,-1]],[[1312,1481],[32,13],[24,19],[54,20],[30,23]],[[1443,1910],[-9,-22]],[[1434,1888],[-36,-46]],[[1398,1842],[-4,0]],[[1394,1842],[-12,22],[-25,11]],[[1357,1875],[-5,17],[42,29],[-10,10]],[[1384,1931],[37,-5],[22,-16]],[[1512,1503],[-18,-11]],[[1494,1492],[-57,19]],[[1452,1556],[9,20]],[[1461,1576],[90,-8]],[[1551,1568],[-1,-11],[-29,-28],[-9,-26]],[[1399,1628],[1,19],[-29,4],[10,30]],[[1381,1681],[117,-14],[7,13]],[[1505,1680],[36,-6]],[[1541,1674],[32,-12],[17,10]],[[1590,1672],[52,3],[49,-10],[19,2]],[[1710,1667],[-39,-19],[-4,-9],[-45,-15],[35,-26]],[[1657,1598],[-16,-6],[-33,12],[-16,-15]],[[1592,1589],[-37,-8],[-4,-13]],[[1461,1576],[-64,31],[2,21]],[[1660,1573],[4,-21]],[[1664,1552],[-24,-13],[-43,-11]],[[1597,1528],[-25,28],[15,21]],[[1587,1577],[33,4],[20,-17],[18,11]],[[1658,1575],[2,-2]],[[1506,1822],[-30,-33]],[[1476,1789],[-44,-20]],[[1432,1769],[-8,1]],[[1424,1770],[-4,14]],[[1420,1784],[4,23]],[[1424,1807],[11,17],[31,2],[40,-4]],[[1506,1822],[34,29],[29,6]],[[1569,1857],[23,-12]],[[1592,1845],[47,-20],[-20,-14],[-3,-17],[-17,-15]],[[1599,1779],[-23,-17]],[[1576,1762],[-84,13],[-16,14]],[[1291,2006],[41,-23]],[[1332,1983],[39,-42]],[[1371,1941],[13,-10]],[[1357,1875],[-25,-1],[-17,-33]],[[1315,1841],[-63,-17]],[[1252,1824],[39,182]],[[1350,1736],[-33,-30]],[[1317,1706],[-21,21],[-72,12]],[[1224,1739],[5,10]],[[1229,1749],[17,-5],[51,4],[53,-12]],[[1930,1548],[18,-20]],[[1886,1505],[-18,13],[-22,-1]],[[1846,1517],[84,31]],[[1253,1572],[1,-8]],[[1254,1564],[-29,4],[-19,-9]],[[1206,1559],[-17,5]],[[1189,1564],[44,77],[-49,10]],[[1184,1651],[19,37]],[[1203,1688],[60,-13],[10,-13]],[[1273,1662],[-10,-24],[-21,-11],[6,-14]],[[1248,1613],[-16,-35],[21,-6]],[[1827,1528],[16,-10]],[[1843,1518],[-39,-12],[-24,4],[6,20]],[[1786,1530],[41,-2]],[[1338,1777],[-36,5],[-61,-1]],[[1241,1781],[11,43]],[[1315,1841],[24,-12],[43,0],[12,13]],[[1398,1842],[-11,-25],[37,-10]],[[1420,1784],[-23,2],[-36,16],[-24,-8],[1,-17]],[[1657,1598],[11,-11]],[[1668,1587],[-10,-12]],[[1587,1577],[5,12]],[[1702,1736],[-35,-1],[-27,10]],[[1640,1745],[27,27]],[[1667,1772],[41,4]],[[1708,1776],[20,-22],[-26,-18]],[[1901,1937],[-1,29]],[[1900,1966],[-4,31],[18,-1]],[[1914,1996],[16,-31],[16,-10],[-45,-18]],[[1324,1664],[-13,-13],[8,-24]],[[1319,1627],[-4,-26],[-33,-12]],[[1282,1589],[-10,22],[-24,2]],[[1273,1662],[20,17],[31,-15]],[[1324,1664],[40,19]],[[1364,1683],[17,-2]],[[1399,1628],[-27,8],[-53,-9]],[[1312,1481],[-37,-15],[-75,3]],[[1200,1469],[-4,3]],[[1196,1472],[19,49]],[[1215,1521],[16,10],[23,33]],[[1253,1572],[29,17]],[[1383,2025],[36,0],[35,-12]],[[1454,2013],[38,-38],[-2,-5]],[[1490,1970],[-21,-2]],[[1469,1968],[-54,1],[-5,-21],[-39,-7]],[[1332,1983],[33,17],[18,25]],[[1362,1745],[-12,-9]],[[1229,1749],[12,32]],[[1338,1777],[-4,-16],[28,-16]],[[1490,1970],[51,-13]],[[1541,1957],[1,-9]],[[1542,1948],[-24,-12],[-13,-32],[10,-20]],[[1515,1884],[-30,12],[-13,-13],[-38,5]],[[1443,1910],[26,16],[0,42]],[[1351,2134],[5,48],[17,31],[36,2],[34,-12],[-10,-17],[21,-23]],[[1454,2163],[-17,0],[-24,-34]],[[1413,2129],[-62,5]],[[1766,1431],[22,20],[-10,59],[-34,20]],[[1744,1530],[3,5]],[[1747,1535],[39,-5]],[[1843,1518],[3,-1]],[[1846,1517],[-15,-19],[30,-36]],[[1733,1929],[26,-29],[-16,-15]],[[1743,1885],[-12,7],[-37,-1],[-33,-11]],[[1661,1880],[20,17],[-4,20]],[[1677,1917],[56,12]],[[1827,1528],[13,22],[31,11]],[[1871,1561],[59,-13]],[[1541,1674],[-6,33],[13,23]],[[1548,1730],[15,10]],[[1563,1740],[27,-6]],[[1590,1734],[0,-62]],[[1639,2002],[49,1],[24,15],[34,6]],[[1746,2024],[44,-35],[30,1],[15,15],[65,-2],[14,-7]],[[1900,1966],[-38,2],[-33,-11]],[[1829,1957],[-96,-28]],[[1677,1917],[-56,13]],[[1621,1930],[9,33],[23,10],[-14,29]],[[1771,1575],[-28,-15]],[[1743,1560],[-24,8],[-59,5]],[[1668,1587],[68,2],[35,-14]],[[1747,1535],[-4,25]],[[1771,1575],[45,-21],[55,7]],[[1505,1680],[-20,22],[10,18]],[[1495,1720],[53,10]],[[1621,1930],[-30,-5],[-44,12],[-5,11]],[[1541,1957],[47,47],[51,-2]],[[1597,1528],[-26,-8],[-18,-17],[-41,0]],[[1640,1745],[-25,-25],[-25,14]],[[1563,1740],[13,22]],[[1599,1779],[35,-9],[33,2]],[[1477,2058],[-6,-33],[-17,-12]],[[1383,2025],[10,13],[47,21],[37,-1]],[[1389,2345],[94,88],[19,1],[18,-26],[30,-22],[-8,-11],[-3,-47],[-50,-44],[-28,-5],[-37,-28],[-61,-17],[-12,40],[13,40],[25,31]],[[1424,1770],[-62,-25]],[[1437,1477],[-66,-17]],[[1371,1460],[-6,7]],[[1494,1492],[-38,-15],[-19,0]],[[1203,1688],[-6,24],[27,27]],[[1317,1706],[47,-23]],[[1664,1533],[0,19]],[[1744,1530],[-38,1]],[[1706,1531],[-42,2]],[[1515,1884],[11,-21],[43,-6]],[[1189,1564],[-4,1]],[[1185,1565],[-49,13]],[[1136,1578],[48,73]],[[1291,2006],[27,45],[33,83]],[[1413,2129],[-12,-30],[24,2],[27,-14],[25,-29]],[[1592,1845],[55,3],[15,14]],[[1662,1862],[11,-44],[12,-7],[23,-35]],[[1432,1769],[9,-28],[54,-21]],[[1277,1120],[-9,11]],[[1268,1131],[50,-6],[24,5]],[[1342,1130],[-19,-20],[2,-12]],[[1325,1098],[-10,-9]],[[1315,1089],[-38,31]],[[1283,1347],[-19,36],[-3,26]],[[1261,1409],[62,9]],[[1323,1418],[25,-16],[36,11],[17,-29],[-20,-27]],[[1381,1357],[-34,-12]],[[1347,1345],[-64,2]],[[1122,1112],[14,7],[55,5]],[[1191,1124],[22,-27]],[[1213,1097],[-17,-17]],[[1196,1080],[-65,5]],[[1131,1085],[-9,27]],[[1386,1155],[1,27],[-53,0]],[[1334,1182],[-13,26],[30,26]],[[1351,1234],[-4,-21],[15,-19],[19,0],[76,14],[12,12]],[[1469,1220],[5,-31]],[[1474,1189],[-31,-17],[-57,-17]],[[1829,1957],[21,-23],[38,2]],[[1888,1936],[-10,-29],[-38,-20],[-39,-14],[-31,-3],[-27,15]],[[1267,1326],[16,21]],[[1347,1345],[10,-14],[-55,-17]],[[1302,1314],[-35,12]],[[787,1181],[18,-4],[57,-31],[19,-23]],[[881,1123],[-53,-23]],[[828,1100],[-26,17],[-5,15]],[[797,1132],[-20,24],[10,25]],[[1226,1215],[35,-32]],[[1261,1183],[-1,-2]],[[1260,1181],[-68,-24]],[[1192,1157],[16,19],[-4,31],[22,8]],[[968,1263],[32,14]],[[1000,1277],[22,0]],[[1022,1277],[6,-22],[22,-37]],[[1050,1218],[-5,-2]],[[1045,1216],[-65,8],[-14,16],[17,13],[-15,10]],[[767,1043],[-6,-48],[14,-19],[-17,-19]],[[758,957],[-46,1],[-20,10],[-32,34],[4,19]],[[664,1021],[44,12],[18,24]],[[726,1057],[41,-14]],[[1263,1051],[51,20]],[[1314,1071],[58,1]],[[1372,1072],[36,-6],[45,3]],[[1453,1069],[74,-3]],[[1527,1066],[-31,-15],[-57,-1],[-42,-18],[-18,-26],[-61,-31]],[[1318,975],[-31,-6]],[[1287,969],[-1,0]],[[1286,969],[-20,2]],[[1266,971],[3,7]],[[1269,978],[4,22],[-10,51]],[[664,1021],[-34,31],[-39,1],[-52,-9],[-27,-13],[-11,-16],[-17,-9]],[[484,1006],[-3,2]],[[481,1008],[19,10],[7,18],[-8,26],[112,31],[39,0],[28,-19],[48,-17]],[[1641,1102],[32,-11],[-5,-22]],[[1642,1071],[-30,3]],[[1612,1074],[-43,4]],[[1569,1078],[-2,12]],[[1567,1090],[18,5],[-5,19],[61,-12]],[[1393,1264],[-24,-13]],[[1369,1251],[-38,-5]],[[1331,1246],[-22,17]],[[1309,1263],[39,27]],[[1348,1290],[14,-14],[31,-12]],[[1063,1313],[1,-11]],[[1064,1302],[-27,2],[-22,-13],[7,-14]],[[1000,1277],[-18,35],[-49,-20],[17,-24]],[[950,1268],[-35,18],[-25,-11],[-13,14],[-23,-5],[-15,20]],[[839,1304],[58,44],[49,30]],[[946,1378],[40,-30],[29,-3]],[[1015,1345],[-37,-20],[20,-7],[48,10],[17,-15]],[[1569,1078],[-42,-12]],[[1453,1069],[-8,27]],[[1445,1096],[35,15]],[[1480,1111],[9,-27],[33,-1],[45,7]],[[710,1095],[49,13],[14,18],[24,6]],[[828,1100],[0,-15],[-27,-14]],[[801,1071],[-31,-2],[-34,10],[-26,16]],[[1315,1089],[-3,-15]],[[1312,1074],[-33,1],[-37,14]],[[1242,1089],[5,9],[42,9],[-12,13]],[[1901,1937],[-13,-1]],[[1215,1521],[-30,16]],[[1185,1537],[21,22]],[[1048,1470],[42,-8],[16,4]],[[1106,1466],[-1,-16]],[[1105,1450],[-15,-38]],[[1090,1412],[-8,-6]],[[1082,1406],[-28,7],[-37,24]],[[1017,1437],[31,33]],[[1260,1181],[25,-18]],[[1285,1163],[-67,-10]],[[1218,1153],[-26,4]],[[1669,1109],[0,23]],[[1669,1132],[37,11],[-7,18],[45,35]],[[1744,1196],[47,-12]],[[1756,1139],[-33,-13],[-25,-3],[-2,-16],[-27,2]],[[1140,1434],[20,-2]],[[1160,1432],[-3,-21],[9,-14]],[[1166,1397],[-51,-28]],[[1115,1369],[-9,8]],[[1106,1377],[-21,18]],[[1085,1395],[-3,11]],[[1090,1412],[50,22]],[[1160,1432],[20,-2]],[[1180,1430],[33,-27]],[[1213,1403],[-20,-15]],[[1193,1388],[-27,9]],[[1196,1472],[-29,14],[-11,19]],[[1156,1505],[29,32]],[[862,1191],[20,2]],[[882,1193],[22,-16],[31,-6]],[[935,1171],[-25,-16]],[[910,1155],[-55,29],[7,7]],[[806,936],[-7,-4]],[[799,932],[-2,1]],[[797,933],[1,13],[-40,11]],[[767,1043],[68,-19],[52,-30],[15,-14]],[[902,980],[-17,-14],[-65,4],[-14,-34]],[[881,1123],[45,-9]],[[926,1114],[2,-14],[31,-39]],[[959,1061],[-21,-9],[-33,1],[-16,-18]],[[889,1035],[-34,15],[-31,5],[-23,16]],[[1534,1412],[-18,-6],[1,-17],[-42,6],[-23,-6],[-18,-17]],[[1434,1372],[-53,-15]],[[1323,1418],[8,24],[40,18]],[[1437,1477],[18,-25],[31,-22],[48,-18]],[[1268,1131],[-6,9]],[[1262,1140],[48,0],[56,8]],[[1366,1148],[17,-17]],[[1383,1131],[-41,-1]],[[1119,1482],[-13,-16]],[[1048,1470],[39,44],[49,64]],[[1185,1565],[-26,-22],[-60,-35],[0,-14],[20,-12]],[[1156,1505],[-37,-23]],[[1105,1450],[28,4],[7,-20]],[[1046,949],[-9,-5]],[[1037,944],[-22,-1],[-17,-22],[-84,-16],[-39,6],[-13,13],[-56,12]],[[902,980],[70,-27],[74,-4]],[[1074,1087],[18,-5]],[[1092,1082],[2,-20],[-22,-2],[-5,-24]],[[1067,1036],[-11,-7]],[[1056,1029],[-35,8],[10,26],[-7,11]],[[1024,1074],[50,13]],[[1125,1027],[-17,11],[-41,-2]],[[1092,1082],[39,3]],[[1196,1080],[13,-17],[54,-12]],[[1269,978],[-56,35],[-56,24],[-32,-10]],[[1027,981],[-68,21],[-68,14],[-2,19]],[[959,1061],[65,13]],[[1056,1029],[-29,-48]],[[946,998],[49,-11],[-17,-11],[-25,2],[-7,20]],[[1477,1236],[-17,14],[39,6],[-10,12],[-44,-4],[-4,8]],[[1441,1272],[31,28],[38,13]],[[1314,1071],[-2,3]],[[1325,1098],[24,-7],[36,0]],[[1385,1091],[-13,-19]],[[1242,1089],[-29,8]],[[1191,1124],[20,4],[7,25]],[[1218,1153],[44,-13]],[[1122,1112],[-62,10],[-32,-6],[-2,-24]],[[1026,1092],[-30,7],[-18,15],[-52,0]],[[787,1181],[-37,5],[-44,-4],[-68,-16]],[[638,1166],[-8,5],[28,31],[-10,17],[42,25],[49,-10],[31,17]],[[770,1251],[19,-20],[40,-14],[5,-12],[28,-14]],[[910,1155],[63,-11],[40,5]],[[1013,1149],[43,2],[3,19],[-28,26],[-10,17]],[[1021,1213],[24,3]],[[1050,1218],[20,8]],[[1070,1226],[19,-13],[22,18],[52,-18],[27,10]],[[1190,1223],[9,11],[42,4],[-15,-23]],[[968,1263],[-16,3]],[[952,1266],[-2,2]],[[993,1202],[28,11]],[[1013,1149],[-10,39],[-10,14]],[[1520,1188],[-46,1]],[[1469,1220],[39,-10]],[[1385,1091],[60,5]],[[1177,952],[-66,13],[-54,5],[-30,11]],[[1125,1027],[5,-21],[30,-41],[17,-13]],[[1026,1092],[48,-5]],[[710,1095],[-36,39],[20,29],[-10,10],[-46,-7]],[[1266,971],[-89,-19]],[[1186,945],[24,4]],[[1210,949],[-24,-4]],[[1744,1196],[-47,9],[10,10],[-25,12]],[[935,1171],[31,21],[27,10]],[[1351,1234],[18,17]],[[1393,1264],[48,8]],[[1106,1377],[-36,-26],[-27,11]],[[1043,1362],[42,33]],[[1309,1263],[-42,2],[-34,20],[16,10],[0,21]],[[1249,1316],[18,10]],[[1302,1314],[17,-20],[29,-4]],[[1043,1362],[-28,-17]],[[946,1378],[71,59]],[[1534,1412],[18,0]],[[1552,1412],[34,-34],[26,-6]],[[1515,1319],[-47,6],[-1,32],[-33,15]],[[1063,1313],[71,27]],[[1134,1340],[39,-9]],[[1173,1331],[26,-20]],[[1199,1311],[-52,-29],[-28,0]],[[1119,1282],[-26,17],[-29,3]],[[1193,1388],[-16,-18],[-4,-39]],[[1134,1340],[-19,29]],[[1285,1163],[49,19]],[[1386,1155],[-20,-7]],[[1261,1183],[27,21],[-15,13],[37,12],[21,17]],[[2285,2110],[-25,-9],[-33,-2],[-18,-15],[-22,-1],[-56,16],[-48,2]],[[2083,2101],[-8,24],[44,-6],[25,11],[-25,23],[34,23],[53,21],[30,-31],[46,6]],[[555,729],[12,-27]],[[567,702],[1,-18],[-26,-39],[-88,-9],[-57,29],[-18,-4],[-21,16]],[[358,677],[-3,4]],[[355,681],[-5,4]],[[350,685],[-3,15]],[[347,700],[5,5]],[[352,705],[5,9]],[[357,714],[-9,13]],[[348,727],[-3,5]],[[345,732],[3,20]],[[348,752],[61,-4],[35,-13],[40,0],[71,-6]],[[348,721],[-3,4]],[[345,725],[3,-4]],[[348,752],[39,10],[-16,12]],[[371,774],[24,23],[39,-6],[28,9],[45,-9]],[[507,791],[2,1]],[[509,792],[60,2],[13,-19],[31,3]],[[613,778],[-6,-22],[-39,-14],[-13,-13]],[[414,801],[6,-2]],[[420,799],[-6,2]],[[2240,1078],[-40,0],[-17,-12],[-55,13],[-21,-18],[-26,-1],[-24,11]],[[2106,1139],[67,6]],[[648,492],[-24,7],[-3,52],[-26,7],[9,26],[-5,31],[-15,0]],[[584,615],[26,20],[8,22],[42,-6],[33,-35],[35,-2],[43,-22],[42,9],[9,19],[25,5],[30,-27],[-68,-54],[-109,-51],[-52,-1]],[[635,701],[-18,11],[-50,-10]],[[613,778],[43,-9]],[[656,769],[-9,-14],[2,-46],[-14,-8]],[[229,729],[-10,28],[13,25],[69,-13],[21,15]],[[322,784],[21,-21],[28,11]],[[345,732],[-35,-12],[-39,11],[-42,-2]],[[1480,1111],[90,40],[-8,18]],[[1562,1169],[19,10]],[[1581,1179],[17,-13],[39,-14],[1,-29],[31,9]],[[1669,1109],[-28,-7]],[[1383,1131],[79,24],[30,-7],[36,3],[-6,13],[40,5]],[[1568,1201],[13,-22]],[[656,769],[38,-16],[7,-28],[34,-29],[40,-15],[47,13],[43,-5],[-5,49]],[[860,738],[12,1]],[[872,739],[35,-49]],[[907,690],[3,-56],[9,-8]],[[919,626],[-33,-1],[-12,20],[-33,12],[-42,-12],[-79,13],[-27,22],[-41,10],[-17,11]],[[336,526],[13,13],[-3,21],[-38,10],[-22,22],[16,9],[34,1],[-1,12]],[[335,614],[31,-15],[47,1],[71,-14],[25,0],[50,25],[25,4]],[[648,492],[-47,-26],[-73,-16],[-26,11],[-35,-2],[-35,7],[5,40],[-39,13],[-62,7]],[[835,889],[1,0]],[[836,889],[43,-5]],[[879,884],[-39,-16],[-7,-21],[39,-35],[6,-12]],[[878,800],[-17,-45],[11,-16]],[[860,738],[-43,15],[-11,20],[-86,3],[-29,26],[-25,15],[-40,14],[6,12],[34,4],[52,16],[51,0],[-29,26],[39,13],[56,-13]],[[229,729],[-60,-16]],[[169,713],[-31,32],[-34,13],[-29,22],[4,11],[119,48],[25,6],[58,-5]],[[281,840],[0,-2]],[[281,838],[-9,-16],[39,-22],[11,-16]],[[369,900],[-8,0]],[[361,900],[8,0]],[[323,850],[-1,0]],[[322,850],[1,0]],[[348,727],[-3,-2]],[[348,721],[-46,-12],[-28,-17],[-57,-3],[-48,24]],[[350,685],[-3,15]],[[352,705],[5,9]],[[358,677],[-3,4]],[[1664,1533],[-15,-51],[-27,-5],[-13,-27],[-39,-33],[-18,-5]],[[2481,2525],[22,14],[21,-12]],[[2524,2527],[44,-25],[17,-1],[13,-23],[64,13]],[[1770,988],[-46,-16]],[[1724,972],[-42,-11],[-51,6]],[[1631,967],[11,20],[-9,15]],[[1633,1002],[34,-1],[-3,19],[42,-4],[18,15]],[[2336,689],[24,0]],[[2360,689],[38,-5],[32,-22],[44,-13],[38,-46]],[[2512,603],[-30,-6]],[[2482,597],[-70,-13]],[[2412,584],[-34,56],[-31,20],[-11,29]],[[1652,708],[-6,-13],[-76,-45],[-42,17],[-97,-8],[-22,21],[61,-7],[-5,25],[19,33]],[[1484,731],[49,-3],[41,-19],[78,-1]],[[878,800],[16,21],[66,-20]],[[960,801],[40,-58],[9,-36]],[[1009,707],[-39,7],[-45,-24],[-18,0]],[[2033,722],[0,14],[-35,10],[-7,21],[8,28]],[[1999,795],[47,3]],[[2046,798],[20,-14]],[[2066,784],[24,-22],[-5,-18]],[[2085,744],[-52,-22]],[[2293,832],[-8,24],[-16,17]],[[2269,873],[38,6],[85,-6]],[[2392,873],[9,-29]],[[2401,844],[-60,-10],[-48,-2]],[[2502,920],[35,18],[39,28]],[[2576,966],[21,-7],[8,-52],[14,-13]],[[2619,894],[44,-23],[5,-25],[22,-38]],[[2690,808],[-43,12],[-70,-16],[-28,-2],[-36,11]],[[2513,813],[6,15],[55,19],[18,11],[-24,24],[-70,30],[4,8]],[[1999,795],[-32,6],[-17,-5],[-35,7]],[[1915,803],[-26,34]],[[1889,837],[16,13],[30,3],[23,14],[-5,17]],[[1953,884],[7,1]],[[1960,885],[25,-18],[10,-16],[28,2]],[[2023,853],[18,-31],[5,-24]],[[1506,829],[-1,-22]],[[1505,807],[-32,-7],[-84,-35],[13,-13]],[[1402,752],[-26,-16]],[[1376,736],[9,25],[-1,20],[-38,19],[-10,-5]],[[1336,795],[0,23],[-12,31],[-18,6],[1,29]],[[1307,884],[34,4]],[[1341,888],[33,5],[37,-14],[19,8]],[[1430,887],[30,-5],[25,-15],[0,-31],[21,-7]],[[2360,689],[4,46]],[[2364,735],[70,6],[61,13]],[[2495,754],[22,-57]],[[2517,697],[56,-62]],[[2573,635],[-61,-32]],[[3604,2360],[3,1]],[[3607,2361],[65,4]],[[1629,905],[17,-47]],[[1646,858],[-56,3]],[[1590,861],[-36,4]],[[1554,865],[-2,14],[23,22],[-8,22]],[[1567,923],[8,4]],[[1575,927],[20,-5],[5,-20],[29,3]],[[2031,626],[-43,-18],[-4,-14],[-27,-21],[-52,-4]],[[1905,569],[23,17],[-11,27],[14,26],[18,17],[-34,3],[-35,20]],[[1880,679],[11,17],[30,4],[55,19],[35,-4]],[[2011,715],[-12,-27]],[[1999,688],[-41,-19],[8,-13],[30,3],[35,-33]],[[2070,653],[-2,27],[-37,8],[-32,0]],[[2011,715],[22,7]],[[2085,744],[67,3]],[[2152,747],[-2,-26],[31,-22],[10,-14]],[[2191,685],[-24,-7],[1,-23]],[[2168,655],[-21,-5]],[[2147,650],[-5,4],[-72,-1]],[[1281,774],[-14,28],[-33,9]],[[1234,811],[5,29],[17,18],[-13,17]],[[1243,875],[33,0],[31,9]],[[1336,795],[-34,-19],[-21,-2]],[[1484,930],[-5,33]],[[1479,963],[34,7],[47,0]],[[1560,970],[15,-43]],[[1567,923],[-83,7]],[[1617,790],[-12,-14]],[[1605,776],[-7,-7],[-45,-9],[-45,28],[-3,19]],[[1506,829],[50,19],[-2,17]],[[1590,861],[25,-18],[-4,-22],[-18,-11],[24,-20]],[[1742,781],[1,-10],[-49,-34],[-2,-16]],[[1692,721],[-33,4]],[[1659,725],[-29,8],[4,30],[-29,13]],[[1617,790],[45,-1],[80,-8]],[[2433,1004],[9,-20],[-8,-13]],[[2434,971],[-63,-1],[-16,6]],[[2355,976],[-22,33]],[[2333,1009],[20,16]],[[1889,837],[-33,-1],[-34,12]],[[1822,848],[-11,21],[-24,22]],[[1787,891],[22,28],[38,1]],[[1847,920],[38,-21],[3,-16],[32,-14],[33,15]],[[2336,689],[-22,19],[-16,-1]],[[2298,707],[-35,-7],[-36,11]],[[2227,711],[-8,38]],[[2219,749],[33,10],[25,-14],[21,12],[28,1]],[[2326,758],[38,-23]],[[1996,1005],[20,-2],[38,9]],[[2054,1012],[13,-20],[-19,-4],[12,-30],[12,-7]],[[2072,951],[-70,-4],[-6,-26],[-35,-1]],[[1961,920],[-21,-1],[-16,12],[-56,9]],[[1868,940],[22,5],[-17,29],[-25,17]],[[1868,940],[-21,-20]],[[1787,891],[-39,-5]],[[1748,886],[-4,41]],[[1744,927],[7,32],[-27,13]],[[1772,780],[41,-19],[19,-4],[34,10]],[[1866,767],[5,-18],[-38,-69]],[[1833,680],[-89,-1]],[[1744,679],[-23,43],[-29,-1]],[[1742,781],[30,-1]],[[1748,886],[-12,-25],[-51,-5],[-39,2]],[[1629,905],[5,21],[57,-14],[12,9],[41,6]],[[2434,971],[13,-20],[18,-2],[20,-19]],[[2485,930],[-44,-19],[-9,-11],[-42,-17]],[[2390,883],[-5,17]],[[2385,900],[-9,28],[-34,33],[13,15]],[[2152,747],[36,16],[-15,12]],[[2173,775],[16,13]],[[2189,788],[11,-29],[19,-10]],[[2227,711],[-36,-26]],[[1880,679],[-47,1]],[[1866,767],[11,14],[38,22]],[[1772,780],[17,17],[-9,15],[11,16],[31,20]],[[1430,887],[-7,26],[61,17]],[[2333,1009],[-24,-7],[-18,12],[-73,-19],[5,-14]],[[2223,981],[-47,10],[-35,-6]],[[2141,985],[0,10],[-45,20],[-42,-3]],[[1281,774],[-23,-16],[-60,-22],[-8,-13]],[[1190,723],[-10,9],[-51,-5]],[[1129,727],[15,40],[21,26],[-23,16]],[[1142,809],[37,7],[-4,-17],[59,12]],[[2032,855],[-15,29],[49,20]],[[2066,904],[42,-11],[31,-16]],[[2139,877],[-11,-18],[7,-22]],[[2135,837],[-24,15],[-53,-13],[-26,16]],[[2072,951],[27,-13]],[[2099,938],[-8,-18],[-25,-16]],[[2032,855],[-9,-2]],[[1960,885],[1,35]],[[2135,837],[31,-3],[27,-15],[-6,-11]],[[2187,808],[2,-20]],[[2173,775],[-31,-4],[-13,21],[-63,-8]],[[2281,672],[17,35]],[[2412,584],[-98,-19]],[[2314,565],[-17,39]],[[2297,604],[-16,35],[0,33]],[[879,884],[80,12],[59,6]],[[1018,902],[48,-22],[14,-13]],[[1080,867],[-11,-5],[6,-29],[11,-14]],[[1086,819],[-6,-13],[-60,-12],[-60,7]],[[1702,1736],[2,-18],[-23,-3],[10,-26],[33,-2],[-14,-20]],[[2390,883],[2,-10]],[[2269,873],[-57,28]],[[2212,901],[-8,12],[39,34],[-4,5]],[[2239,952],[26,-3],[56,-34],[52,9],[12,-24]],[[2059,512],[-29,23],[7,23],[29,23],[-1,44]],[[2065,625],[15,-9],[78,12]],[[2158,628],[11,-11],[-33,-12],[-20,-21],[17,-24],[-6,-10]],[[2127,550],[-20,-15],[-23,-3],[-25,-20]],[[2139,877],[27,3],[46,21]],[[2293,832],[1,-12]],[[2294,820],[-30,-17],[-38,10],[-39,-5]],[[2070,653],[-6,-20]],[[2064,633],[-33,-7]],[[2147,650],[11,-22]],[[2065,625],[-1,8]],[[1560,970],[28,3],[43,-6]],[[1479,963],[10,13],[5,30],[-30,-2],[-58,6],[-30,-23],[-35,-15],[-23,3]],[[1612,1074],[-14,-27],[-24,-8],[1,-34],[58,-3]],[[1009,707],[24,-6]],[[1033,701],[1,-43],[40,-33],[-10,-10],[-37,-11],[-44,4],[-6,20],[-58,-2]],[[1376,736],[-41,-34],[-26,-8],[3,-18],[-40,0],[-55,7],[-40,-10],[-5,27],[18,23]],[[2584,199],[-24,8],[2,21]],[[2562,228],[35,10],[11,-8],[52,4],[-12,-26]],[[2648,208],[-40,4],[-24,-13]],[[2654,176],[6,9]],[[2660,185],[64,-13],[-2,-16]],[[2722,156],[-37,-6],[-12,-28],[-14,-2]],[[2659,120],[-20,23],[-4,17],[19,16]],[[2430,199],[25,6],[27,-5]],[[2482,200],[16,-7],[-9,-17]],[[2489,176],[-45,-12]],[[2444,164],[-27,-3],[-4,17]],[[2413,178],[17,21]],[[2767,528],[-52,-35]],[[2715,493],[-22,10],[-25,-6],[-20,11]],[[2648,508],[4,8]],[[2652,516],[18,2],[21,19],[36,10]],[[2727,547],[40,-19]],[[2619,894],[38,18],[17,14]],[[2674,926],[48,-14],[29,-15],[-18,-41],[30,-13],[36,-27],[20,-27],[23,-12],[13,-19]],[[2855,758],[-44,-5]],[[2811,753],[-28,17]],[[2783,770],[-28,25],[-32,2],[-33,11]],[[2654,176],[-84,11]],[[2570,187],[14,12]],[[2648,208],[12,-23]],[[2595,995],[41,-7],[35,-12],[3,-50]],[[2576,966],[-15,2]],[[2561,968],[19,24]],[[2659,120],[-16,-12],[17,-14]],[[2660,94],[6,-26]],[[2666,68],[-20,20],[-35,22]],[[2611,110],[-45,45]],[[2566,155],[-29,15],[24,13]],[[2561,183],[9,4]],[[2722,156],[-5,-15],[13,-19],[-11,-11],[-59,-17]],[[2405,117],[-6,-12]],[[2399,105],[-14,-34],[-46,-12]],[[2339,59],[-41,15],[-17,24],[12,27],[64,33]],[[2357,158],[18,-33],[30,-8]],[[2442,136],[-22,-2],[-15,-17]],[[2357,158],[31,35]],[[2388,193],[25,-15]],[[2444,164],[-2,-28]],[[2561,968],[-33,9],[-6,23],[-16,8]],[[2286,541],[28,24]],[[2482,597],[-8,-9],[20,-17],[26,-4]],[[2520,567],[-17,-6],[-27,-36],[19,-30],[-61,-7]],[[2434,488],[-48,27],[-11,15],[-25,4],[-33,-7],[-31,14]],[[2489,176],[43,9],[29,-2]],[[2566,155],[-43,-23],[-19,0]],[[2504,132],[-62,4]],[[2715,493],[-5,-22],[5,-38]],[[2715,433],[-9,-17],[-62,-3],[-18,13],[-29,-17]],[[2597,409],[-32,11],[-2,9],[30,22]],[[2593,451],[51,33],[4,24]],[[2539,225],[23,3]],[[2482,200],[12,18],[21,-5],[24,12]],[[2666,68],[-20,-17],[-20,9]],[[2626,60],[-25,19],[-4,17]],[[2597,96],[14,14]],[[2388,193],[0,19],[-26,0],[46,36],[7,21]],[[2415,269],[16,-18],[-7,-19],[6,-33]],[[2619,53],[19,-16],[32,-13],[-14,-19],[-38,-1],[-17,8],[-23,-5]],[[2578,7],[6,33],[35,13]],[[2715,646],[5,24],[80,3],[-1,22],[19,16],[-7,42]],[[2855,758],[11,-33],[-19,-75],[21,-40],[-57,-27],[-15,-26],[-29,-29]],[[2727,547],[30,25],[8,21],[-23,14],[-10,29],[-17,10]],[[2783,770],[-34,-2],[-40,6],[7,-29],[-39,-13],[-43,-7],[-117,-28]],[[2495,754],[-15,62]],[[2480,816],[33,-3]],[[2597,96],[-67,1]],[[2530,97],[-26,35]],[[2388,439],[-38,-7],[-50,3],[-12,15],[-80,21]],[[2208,471],[53,8],[7,45],[18,17]],[[2434,488],[-10,-18],[-25,-4],[-11,-27]],[[2530,97],[-29,-14]],[[2501,83],[-35,-3],[-22,20],[-45,5]],[[1900,1685],[177,76],[0,19],[22,24],[44,2],[56,36],[16,4]],[[2715,646],[-54,-14],[-61,-4],[-27,7]],[[3106,1105],[-13,10],[-60,9],[18,-21],[-7,-26],[-39,9],[-18,15],[-39,-2],[-7,19]],[[2941,1118],[32,7],[-41,51],[16,13]],[[3058,1223],[32,-3],[20,8]],[[3110,1228],[59,-12]],[[1200,1469],[-20,-39]],[[3330,1294],[0,-4]],[[3110,1228],[8,10],[-14,34]],[[3104,1272],[18,11],[37,9],[22,-17],[57,18],[17,25],[22,-12],[53,-12]],[[1661,1880],[1,-18]],[[1070,1226],[31,26],[-1,20],[19,10]],[[1199,1311],[8,-2]],[[1207,1309],[-17,-86]],[[2520,567],[77,-17],[53,-22],[2,-12]],[[2593,451],[-25,3],[-32,12],[-20,-25],[-48,-24]],[[2468,417],[-48,-16],[-1,28],[-31,10]],[[2476,350],[-24,18],[46,27],[-30,22]],[[2597,409],[-41,-26]],[[2556,383],[-41,2],[-22,-26],[-17,-9]],[[3190,2676],[-2,6]],[[3188,2682],[58,11],[64,16],[77,7],[52,-11],[17,8],[67,-21],[-7,-34]],[[3140,2787],[-46,5],[16,13],[30,-18]],[[2326,758],[-6,20],[-26,42]],[[2401,844],[28,4],[14,-19],[37,-13]],[[1142,809],[-42,2],[-14,8]],[[1080,867],[43,3],[38,-12],[41,21],[41,-4]],[[2297,604],[-24,-26],[-26,4],[-37,-11],[-52,-26]],[[2158,545],[-31,5]],[[2168,655],[32,1],[41,12],[40,4]],[[2934,2588],[-5,4],[-27,7],[-11,0],[-14,-5],[-14,22],[-41,30],[11,15]],[[2833,2661],[70,3],[45,-18],[76,21],[164,15]],[[1833,680],[10,-40],[-10,-18],[9,-49]],[[1842,573],[-37,-13],[-29,6],[-2,31],[-61,46],[31,36]],[[2715,433],[9,-11],[57,1],[36,-15],[-15,-9],[-68,-14],[-16,-16],[-40,-22]],[[2678,347],[-15,17],[-36,7],[-13,-6],[-45,-1],[-13,19]],[[2141,985],[-25,-6],[11,-15],[-15,-25],[-13,-1]],[[1249,1316],[-42,-7]],[[1213,1403],[48,6]],[[1129,727],[-45,-8],[-51,-18]],[[361,900],[1,15],[-30,13],[-11,28],[11,15],[27,15],[55,8],[43,-3],[24,17]],[[484,1006],[-16,-17],[61,5],[25,-13],[61,2],[34,-30],[8,-16],[29,-2],[49,-17],[21,11],[41,4]],[[799,932],[-51,-9],[-10,-26],[-25,-15],[-21,-1],[-40,-13],[-42,-4],[-40,15],[-38,4],[-13,34],[-19,11],[-33,6],[-11,14],[-89,-29],[2,-19]],[[835,889],[1,0]],[[3357,2118],[-29,7],[-19,34],[-81,10],[-24,28]],[[3273,2276],[11,20],[30,19],[27,0],[78,30]],[[3578,2243],[-97,-15],[-50,-15],[-61,-8],[-1,-40],[9,-36]],[[2502,920],[-17,10]],[[2239,952],[-16,29]],[[2873,1992],[21,16],[47,8],[-6,13],[16,16],[32,4],[20,-16],[33,-6],[53,9]],[[281,840],[41,10]],[[323,850],[43,-8],[89,13],[49,-5],[31,-27],[1,-14],[-27,-17]],[[507,791],[-28,15],[-34,-8],[-43,7],[-45,-20],[-26,21],[-37,15],[-13,17]],[[414,801],[6,-2]],[[1757,1430],[-69,-14],[-13,44],[13,33],[-19,21],[6,11],[31,6]],[[3130,2255],[-75,-19]],[[3157,2448],[22,-34],[2,-31],[-59,-12],[11,-24],[22,-25],[-8,-25]],[[3340,1736],[20,-8]],[[3011,2172],[16,-6],[-25,-21],[60,-13],[11,-32],[20,0],[29,-13],[-25,-36]],[[2815,2023],[29,21],[-82,60]],[[2499,1145],[34,12],[7,27]],[[2208,471],[-11,23],[3,19],[-42,32]],[[2762,1918],[-34,-5],[-65,-22]],[[2663,1891],[-39,18]],[[1018,902],[16,28],[44,18],[56,-16],[99,13],[53,24]],[[1287,969],[22,-32],[30,1],[13,-15],[-25,-7],[14,-28]],[[1210,949],[-24,-4]],[[1046,949],[-9,-5]],[[2519,282],[-24,-3],[-4,17],[-22,2],[-3,19],[-25,-7]],[[2441,310],[-4,30],[39,10]],[[2678,347],[-38,-13],[-28,-23],[-3,-17],[-29,-9],[-25,32],[-46,-21],[10,-14]],[[336,526],[-36,14],[-17,-2],[-50,16],[-10,-6],[-66,-11],[13,-41],[-81,-4],[-39,15],[-38,35],[-12,23],[27,19],[-17,36],[55,20],[66,9],[16,8],[41,-2],[43,-18],[53,-11],[45,-5],[6,-7]],[[2361,2585],[129,42]],[[2576,2566],[-37,-14],[10,-14],[-25,-11]],[[1659,725],[-7,-17]],[[1484,731],[-26,14],[-56,7]],[[1883,556],[22,13]],[[2059,512],[-71,14],[-9,-13],[-41,-2],[-70,7],[15,38]],[[1883,556],[-41,17]],[[2626,60],[-7,-7]],[[2578,7],[-20,-7],[-26,6],[-4,14],[-41,-5]],[[2487,15],[-24,33],[43,25],[-5,10]],[[2349,1143],[-1,15],[-46,22],[6,23]],[[3058,1492],[70,33],[37,8],[31,0]],[[3287,1424],[-33,-11],[-21,19],[-36,-5],[-37,4],[-26,-4]],[[3589,1687],[30,29],[17,-1],[17,-36],[25,-26],[19,-2],[17,-28]],[[770,1251],[69,53]],[[952,1266],[-45,-20],[38,-16],[-63,-37]],[[3104,1272],[-22,5],[-39,57],[23,13]],[[3403,1369],[-10,-34],[-16,-10],[-40,-5],[-7,-26]],[[2519,282],[2,-14],[27,-16],[-9,-27]],[[2415,269],[-15,15],[21,29],[20,-3]],[[3733,2507],[117,-21],[10,-38],[-29,-43]],[[3607,2361],[-15,48],[-21,10],[-26,-3],[25,46],[-15,13]],[[2629,1875],[34,16]],[[2083,2101],[-15,-3],[-64,26],[7,24],[37,12],[-5,29],[13,24],[-15,29],[10,29],[-31,33],[17,7],[-17,34],[1,13],[25,14],[8,30]],[[1809,2249],[-1,1]],[[1808,2250],[1,-1]],[[2487,15],[-38,-9],[-30,27],[-33,-15],[-49,-13],[-12,8],[19,20],[-5,26]],[[1454,2163],[54,-23],[41,4],[32,11],[29,25],[35,6],[35,-3],[128,67]],[[1809,2249],[-128,-68],[10,-7],[65,-78],[-10,-72]],[[2941,1118],[-84,0],[-31,15],[-16,18]]],"transform":{"scale":[0.001,0.0009999999999999998],"translate":[3.358,50.75]},"objects":{"gemeente_2012":{"type":"GeometryCollection","geometries":[{"arcs":[[0,1,2]],"type":"Polygon","properties":{"id":143569,"statcode":"GM0003","statnaam":"Appingedam","jrstatcode":"2012GM0003","rubriek":"gemeente","FID":"gemeente_gegeneraliseerd_2012.6b059363-a9e2-4e96-884c-5803fc6ec472"},"id":"GM0003"},{"arcs":[[3,4,5,6,7]],"type":"Polygon","properties":{"id":143570,"statcode":"GM0005","statnaam":"Bedum","jrstatcode":"2012GM0005","rubriek":"gemeente","FID":"gemeente_gegeneraliseerd_2012.86e67b1e-4df0-4799-9bca-e4f4dfb7d335"},"id":"GM0005"},{"arcs":[[8,9,10,11,12]],"type":"Polygon","properties":{"id":143571,"statcode":"GM0007","statnaam":"Bellingwedde","jrstatcode":"2012GM0007","rubriek":"gemeente","FID":"gemeente_gegeneraliseerd_2012.d5d36649-2fcc-4b17-baa7-1e55dfe42e4f"},"id":"GM0007"},{"arcs":[[13,14,-4,15]],"type":"Polygon","properties":{"id":143572,"statcode":"GM0009","statnaam":"Ten Boer","jrstatcode":"2012GM0009","rubriek":"gemeente","FID":"gemeente_gegeneraliseerd_2012.e621e373-63c1-4f11-a23f-75923b9f9bd3"},"id":"GM0009"},{"arcs":[[16,-3,17,18,19,20]],"type":"Polygon","properties":{"id":143573,"statcode":"GM0010","statnaam":"Delfzijl","jrstatcode":"2012GM0010","rubriek":"gemeente","FID":"gemeente_gegeneraliseerd_2012.01fc91e8-19f9-47c5-aa64-9d3972b4fe0b"},"id":"GM0010"},{"arcs":[[21,22,23,24,25,26,-5,-15,27,28]],"type":"Polygon","properties":{"id":143574,"statcode":"GM0014","statnaam":"Groningen","jrstatcode":"2012GM0014","rubriek":"gemeente","FID":"gemeente_gegeneraliseerd_2012.60e37c13-1d6d-4ac6-9eff-b05dddb2d9c4"},"id":"GM0014"},{"arcs":[[29,30,31,32,33]],"type":"Polygon","properties":{"id":143575,"statcode":"GM0015","statnaam":"Grootegast","jrstatcode":"2012GM0015","rubriek":"gemeente","FID":"gemeente_gegeneraliseerd_2012.acbf9953-f916-45d3-b188-43044bd97f3d"},"id":"GM0015"},{"arcs":[[-22,34,35]],"type":"Polygon","properties":{"id":143576,"statcode":"GM0017","statnaam":"Haren","jrstatcode":"2012GM0017","rubriek":"gemeente","FID":"gemeente_gegeneraliseerd_2012.f191676e-1998-40bf-8016-c19ecab55897"},"id":"GM0017"},{"arcs":[[-29,36,37,38,39,40,-35]],"type":"Polygon","properties":{"id":143577,"statcode":"GM0018","statnaam":"Hoogezand-Sappemeer","jrstatcode":"2012GM0018","rubriek":"gemeente","FID":"gemeente_gegeneraliseerd_2012.988a7e8c-4948-4ae3-8567-b7a1f2a036d5"},"id":"GM0018"},{"arcs":[[41,42,-33,43,-25,44]],"type":"Polygon","properties":{"id":143578,"statcode":"GM0022","statnaam":"Leek","jrstatcode":"2012GM0022","rubriek":"gemeente","FID":"gemeente_gegeneraliseerd_2012.72c4aa1a-2d55-4f7f-8355-a39957797f8b"},"id":"GM0022"},{"arcs":[[-18,-2,45,-16,-8,46]],"type":"Polygon","properties":{"id":143579,"statcode":"GM0024","statnaam":"Loppersum","jrstatcode":"2012GM0024","rubriek":"gemeente","FID":"gemeente_gegeneraliseerd_2012.b8b45d11-9dcc-44a6-9e6e-dfce25e1a712"},"id":"GM0024"},{"arcs":[[-43,47,48,-34]],"type":"Polygon","properties":{"id":143580,"statcode":"GM0025","statnaam":"Marum","jrstatcode":"2012GM0025","rubriek":"gemeente","FID":"gemeente_gegeneraliseerd_2012.9146ad24-a7ae-488a-9d39-7ce043dcb9f3"},"id":"GM0025"},{"arcs":[[49,50,51]],"type":"Polygon","properties":{"id":143581,"statcode":"GM0034","statnaam":"Almere","jrstatcode":"2012GM0034","rubriek":"gemeente","FID":"gemeente_gegeneraliseerd_2012.194657db-623f-436b-aa3e-bf3c9fc1de25"},"id":"GM0034"},{"arcs":[[52,53,54,-9,55,56]],"type":"Polygon","properties":{"id":143582,"statcode":"GM0037","statnaam":"Stadskanaal","jrstatcode":"2012GM0037","rubriek":"gemeente","FID":"gemeente_gegeneraliseerd_2012.ae023f32-cd15-4391-82fb-a4ae8d00bbc9"},"id":"GM0037"},{"arcs":[[57,-37,-28,-14,-46,-1,-17,58]],"type":"Polygon","properties":{"id":143583,"statcode":"GM0040","statnaam":"Slochteren","jrstatcode":"2012GM0040","rubriek":"gemeente","FID":"gemeente_gegeneraliseerd_2012.b1c7bbfc-3c3a-4f7c-b549-a06bd3ea0ae2"},"id":"GM0040"},{"arcs":[[-54,59,-39,60,61]],"type":"Polygon","properties":{"id":143584,"statcode":"GM0047","statnaam":"Veendam","jrstatcode":"2012GM0047","rubriek":"gemeente","FID":"gemeente_gegeneraliseerd_2012.e5ced679-3930-411d-bc49-450ac52e9c2d"},"id":"GM0047"},{"arcs":[[-56,-13,62,63,64]],"type":"Polygon","properties":{"id":143585,"statcode":"GM0048","statnaam":"Vlagtwedde","jrstatcode":"2012GM0048","rubriek":"gemeente","FID":"gemeente_gegeneraliseerd_2012.d5bb1571-e0a4-429f-8c07-7a4370f37116"},"id":"GM0048"},{"arcs":[[-51,65,66,67]],"type":"Polygon","properties":{"id":143586,"statcode":"GM0050","statnaam":"Zeewolde","jrstatcode":"2012GM0050","rubriek":"gemeente","FID":"gemeente_gegeneraliseerd_2012.57d89a9d-564d-41af-aaf8-4753bd3317d3"},"id":"GM0050"},{"arcs":[[68,69,70,71,72,73]],"type":"Polygon","properties":{"id":143587,"statcode":"GM0051","statnaam":"Skarsterlân","jrstatcode":"2012GM0051","rubriek":"gemeente","FID":"gemeente_gegeneraliseerd_2012.12fa5ccc-f3fd-44c8-b70f-433aaa0e2556"},"id":"GM0051"},{"arcs":[[-27,74,75,76,-6]],"type":"Polygon","properties":{"id":143588,"statcode":"GM0053","statnaam":"Winsum","jrstatcode":"2012GM0053","rubriek":"gemeente","FID":"gemeente_gegeneraliseerd_2012.3f509e45-19d4-483f-b84d-42f40b20ea6c"},"id":"GM0053"},{"arcs":[[77,78,79,-73,80,81,82,83]],"type":"Polygon","properties":{"id":143589,"statcode":"GM0055","statnaam":"Boarnsterhim","jrstatcode":"2012GM0055","rubriek":"gemeente","FID":"gemeente_gegeneraliseerd_2012.22d27520-3e92-4548-a493-09b2a6ff67cd"},"id":"GM0055"},{"arcs":[[-26,-44,-32,84,85,86,87,-75]],"type":"Polygon","properties":{"id":143590,"statcode":"GM0056","statnaam":"Zuidhorn","jrstatcode":"2012GM0056","rubriek":"gemeente","FID":"gemeente_gegeneraliseerd_2012.a165dc5f-f6f7-494a-a547-8e33d5ad45fb"},"id":"GM0056"},{"arcs":[[88,89,90,91,92]],"type":"Polygon","properties":{"id":143591,"statcode":"GM0058","statnaam":"Dongeradeel","jrstatcode":"2012GM0058","rubriek":"gemeente","FID":"gemeente_gegeneraliseerd_2012.663c118d-d2e2-4d7b-86fc-dd40403c8145"},"id":"GM0058"},{"arcs":[[95,96,97,-85,-31,98]],"type":"Polygon","properties":{"id":143592,"statcode":"GM0059","statnaam":"Achtkarspelen","jrstatcode":"2012GM0059","rubriek":"gemeente","FID":"gemeente_gegeneraliseerd_2012.4321e65c-9b4d-4449-af84-c1678b359561"},"id":"GM0059"},{"arcs":[[99]],"type":"Polygon","properties":{"id":143593,"statcode":"GM0060","statnaam":"Ameland","jrstatcode":"2012GM0060","rubriek":"gemeente","FID":"gemeente_gegeneraliseerd_2012.bdbed859-a3fc-4368-acd5-4e4d3d4f6c71"},"id":"GM0060"},{"arcs":[[100,101,102,103,104]],"type":"Polygon","properties":{"id":143594,"statcode":"GM0063","statnaam":"het Bildt","jrstatcode":"2012GM0063","rubriek":"gemeente","FID":"gemeente_gegeneraliseerd_2012.1f7369c0-fd40-4e7b-81e4-65e4eecd7d0d"},"id":"GM0063"},{"arcs":[[-102,105,106,107,108,109]],"type":"Polygon","properties":{"id":143595,"statcode":"GM0070","statnaam":"Franekeradeel","jrstatcode":"2012GM0070","rubriek":"gemeente","FID":"gemeente_gegeneraliseerd_2012.f1ae531f-74c7-4e95-a643-b8f428ad33f1"},"id":"GM0070"},{"arcs":[[-109,110,111]],"type":"Polygon","properties":{"id":143596,"statcode":"GM0072","statnaam":"Harlingen","jrstatcode":"2012GM0072","rubriek":"gemeente","FID":"gemeente_gegeneraliseerd_2012.92f16b7e-4dc9-4a34-99df-8235c71fafcd"},"id":"GM0072"},{"arcs":[[-74,-80,112,113,114]],"type":"Polygon","properties":{"id":143597,"statcode":"GM0074","statnaam":"Heerenveen","jrstatcode":"2012GM0074","rubriek":"gemeente","FID":"gemeente_gegeneraliseerd_2012.fe76f173-cca9-4740-81bc-9bfd44d14d07"},"id":"GM0074"},{"arcs":[[115,-92,116,-86,-98]],"type":"Polygon","properties":{"id":143598,"statcode":"GM0079","statnaam":"Kollumerland en Nieuwkruisland","jrstatcode":"2012GM0079","rubriek":"gemeente","FID":"gemeente_gegeneraliseerd_2012.beb06a74-eb4e-4c09-af3e-9280e8e8654d"},"id":"GM0079"},{"arcs":[[117,-83,118,119,120]],"type":"Polygon","properties":{"id":143599,"statcode":"GM0080","statnaam":"Leeuwarden","jrstatcode":"2012GM0080","rubriek":"gemeente","FID":"gemeente_gegeneraliseerd_2012.0236eca8-9a5b-4e5c-a092-16e8d2c45c50"},"id":"GM0080"},{"arcs":[[121,-105,122,123,-121]],"type":"Polygon","properties":{"id":143600,"statcode":"GM0081","statnaam":"Leeuwarderadeel","jrstatcode":"2012GM0081","rubriek":"gemeente","FID":"gemeente_gegeneraliseerd_2012.ccb0c966-91f5-4675-80ab-273e6ff410eb"},"id":"GM0081"},{"arcs":[[124,125,126,127,128,-70]],"type":"Polygon","properties":{"id":143601,"statcode":"GM0082","statnaam":"Lemsterland","jrstatcode":"2012GM0082","rubriek":"gemeente","FID":"gemeente_gegeneraliseerd_2012.4ae6b356-26de-4a41-8a22-390ac37306e0"},"id":"GM0082"},{"arcs":[[129,130,131,132,-114,133]],"type":"Polygon","properties":{"id":143602,"statcode":"GM0085","statnaam":"Ooststellingwerf","jrstatcode":"2012GM0085","rubriek":"gemeente","FID":"gemeente_gegeneraliseerd_2012.f824cd18-caf2-4b49-aebf-758641f729bb"},"id":"GM0085"},{"arcs":[[-48,-42,134,-134,-113,-79,135]],"type":"Polygon","properties":{"id":143603,"statcode":"GM0086","statnaam":"Opsterland","jrstatcode":"2012GM0086","rubriek":"gemeente","FID":"gemeente_gegeneraliseerd_2012.dbe7d83b-56fc-4fbb-a52b-4f1068b8ec5d"},"id":"GM0086"},{"arcs":[[136]],"type":"Polygon","properties":{"id":143604,"statcode":"GM0088","statnaam":"Schiermonnikoog","jrstatcode":"2012GM0088","rubriek":"gemeente","FID":"gemeente_gegeneraliseerd_2012.d6c3ae8d-6fa3-40b0-bd25-d7a3e257e538"},"id":"GM0088"},{"arcs":[[-78,138,-99,-30,-49,-136]],"type":"Polygon","properties":{"id":143605,"statcode":"GM0090","statnaam":"Smallingerland","jrstatcode":"2012GM0090","rubriek":"gemeente","FID":"gemeente_gegeneraliseerd_2012.da6495cc-3189-4397-8e1f-35400070d02c"},"id":"GM0090"},{"arcs":[[139]],"type":"Polygon","properties":{"id":143606,"statcode":"GM0093","statnaam":"Terschelling","jrstatcode":"2012GM0093","rubriek":"gemeente","FID":"gemeente_gegeneraliseerd_2012.6f833949-45bd-4d8b-9daa-a17f61e5ce5c"},"id":"GM0093"},{"arcs":[[140]],"type":"Polygon","properties":{"id":143607,"statcode":"GM0096","statnaam":"Vlieland","jrstatcode":"2012GM0096","rubriek":"gemeente","FID":"gemeente_gegeneraliseerd_2012.585213a6-7a7a-4a49-93e9-06eea18b4092"},"id":"GM0096"},{"arcs":[[-125,-69,-115,-133,141,142]],"type":"Polygon","properties":{"id":143608,"statcode":"GM0098","statnaam":"Weststellingwerf","jrstatcode":"2012GM0098","rubriek":"gemeente","FID":"gemeente_gegeneraliseerd_2012.56508793-a508-46a4-82e5-28da32224ad8"},"id":"GM0098"},{"arcs":[[143,144,145,146]],"type":"Polygon","properties":{"id":143609,"statcode":"GM0106","statnaam":"Assen","jrstatcode":"2012GM0106","rubriek":"gemeente","FID":"gemeente_gegeneraliseerd_2012.ec364bed-e578-4f98-a2a8-0f99ec1b444e"},"id":"GM0106"},{"arcs":[[147,148,149,150,151,152,153]],"type":"Polygon","properties":{"id":143610,"statcode":"GM0109","statnaam":"Coevorden","jrstatcode":"2012GM0109","rubriek":"gemeente","FID":"gemeente_gegeneraliseerd_2012.ecbc1610-b02c-41da-b412-b71bca4a198f"},"id":"GM0109"},{"arcs":[[154,-64,155,-148]],"type":"Polygon","properties":{"id":143611,"statcode":"GM0114","statnaam":"Emmen","jrstatcode":"2012GM0114","rubriek":"gemeente","FID":"gemeente_gegeneraliseerd_2012.2e03c79f-a07d-4441-83db-b14d5e7a4cf4"},"id":"GM0114"},{"arcs":[[-151,156,157,158,159]],"type":"Polygon","properties":{"id":143612,"statcode":"GM0118","statnaam":"Hoogeveen","jrstatcode":"2012GM0118","rubriek":"gemeente","FID":"gemeente_gegeneraliseerd_2012.5bdb5512-ae95-463b-b136-dbdc7b4a8f98"},"id":"GM0118"},{"arcs":[[160,161,162,163]],"type":"Polygon","properties":{"id":143613,"statcode":"GM0119","statnaam":"Meppel","jrstatcode":"2012GM0119","rubriek":"gemeente","FID":"gemeente_gegeneraliseerd_2012.0a2be9f8-f199-485f-b726-ec51eb9bc74e"},"id":"GM0119"},{"arcs":[[-119,-82,164,-107,165]],"type":"Polygon","properties":{"id":143614,"statcode":"GM0140","statnaam":"Littenseradiel","jrstatcode":"2012GM0140","rubriek":"gemeente","FID":"gemeente_gegeneraliseerd_2012.daa76138-5e69-4960-96aa-d13059352a0f"},"id":"GM0140"},{"arcs":[[166,167,168,169,170]],"type":"Polygon","properties":{"id":143615,"statcode":"GM0141","statnaam":"Almelo","jrstatcode":"2012GM0141","rubriek":"gemeente","FID":"gemeente_gegeneraliseerd_2012.7e5a9883-cd53-4ee3-bb9a-bfb2f4b643f8"},"id":"GM0141"},{"arcs":[[171,-169,172,173,174]],"type":"Polygon","properties":{"id":143616,"statcode":"GM0147","statnaam":"Borne","jrstatcode":"2012GM0147","rubriek":"gemeente","FID":"gemeente_gegeneraliseerd_2012.93ca5ce9-4325-48cf-9edd-d8b40b953cb1"},"id":"GM0147"},{"arcs":[[175,176,177,178,179]],"type":"Polygon","properties":{"id":143617,"statcode":"GM0148","statnaam":"Dalfsen","jrstatcode":"2012GM0148","rubriek":"gemeente","FID":"gemeente_gegeneraliseerd_2012.3379e64c-b5cb-44ce-be6e-73912ccf31df"},"id":"GM0148"},{"arcs":[[180,181,182,183,184]],"type":"Polygon","properties":{"id":143618,"statcode":"GM0150","statnaam":"Deventer","jrstatcode":"2012GM0150","rubriek":"gemeente","FID":"gemeente_gegeneraliseerd_2012.1be1ae83-910a-4c0a-9a3d-9562162f6d09"},"id":"GM0150"},{"arcs":[[185,186,187,188,189,190]],"type":"Polygon","properties":{"id":143619,"statcode":"GM0153","statnaam":"Enschede","jrstatcode":"2012GM0153","rubriek":"gemeente","FID":"gemeente_gegeneraliseerd_2012.53a6ff06-aca2-4783-846a-ce74c53ed0af"},"id":"GM0153"},{"arcs":[[-186,191,192,193,194]],"type":"Polygon","properties":{"id":143620,"statcode":"GM0158","statnaam":"Haaksbergen","jrstatcode":"2012GM0158","rubriek":"gemeente","FID":"gemeente_gegeneraliseerd_2012.a0a6d99e-5e80-48a9-84bb-11c441d06e0f"},"id":"GM0158"},{"arcs":[[-177,195,196,-157,-150,197,198,199]],"type":"Polygon","properties":{"id":143621,"statcode":"GM0160","statnaam":"Hardenberg","jrstatcode":"2012GM0160","rubriek":"gemeente","FID":"gemeente_gegeneraliseerd_2012.5e04ea66-fd78-44b3-8c42-2a171ce3e4c7"},"id":"GM0160"},{"arcs":[[200,201,202,203,204]],"type":"Polygon","properties":{"id":143622,"statcode":"GM0163","statnaam":"Hellendoorn","jrstatcode":"2012GM0163","rubriek":"gemeente","FID":"gemeente_gegeneraliseerd_2012.5468e658-fb8f-4f62-a087-b1d582ead2b8"},"id":"GM0163"},{"arcs":[[-175,205,-187,-195,206]],"type":"Polygon","properties":{"id":143623,"statcode":"GM0164","statnaam":"Hengelo","jrstatcode":"2012GM0164","rubriek":"gemeente","FID":"gemeente_gegeneraliseerd_2012.7f52e110-f5f4-490d-9c1e-48b921760330"},"id":"GM0164"},{"arcs":[[207,208,209,210,211,212,213,214]],"type":"Polygon","properties":{"id":143624,"statcode":"GM0166","statnaam":"Kampen","jrstatcode":"2012GM0166","rubriek":"gemeente","FID":"gemeente_gegeneraliseerd_2012.e62c833f-5714-4d41-8292-838d85610e6b"},"id":"GM0166"},{"arcs":[[-190,215,216,217]],"type":"Polygon","properties":{"id":143625,"statcode":"GM0168","statnaam":"Losser","jrstatcode":"2012GM0168","rubriek":"gemeente","FID":"gemeente_gegeneraliseerd_2012.1b42cd8b-bf67-435f-b563-41d334e07472"},"id":"GM0168"},{"arcs":[[218,219,220,221,222,223,-127]],"type":"Polygon","properties":{"id":143626,"statcode":"GM0171","statnaam":"Noordoostpolder","jrstatcode":"2012GM0171","rubriek":"gemeente","FID":"gemeente_gegeneraliseerd_2012.59660d2e-e5ca-4531-9bb4-6cd6d105962c"},"id":"GM0171"},{"arcs":[[-189,225,-216]],"type":"Polygon","properties":{"id":143627,"statcode":"GM0173","statnaam":"Oldenzaal","jrstatcode":"2012GM0173","rubriek":"gemeente","FID":"gemeente_gegeneraliseerd_2012.e9b4a0eb-e029-4223-a3ff-27c49d008819"},"id":"GM0173"},{"arcs":[[-204,226,-178,-200,227]],"type":"Polygon","properties":{"id":143628,"statcode":"GM0175","statnaam":"Ommen","jrstatcode":"2012GM0175","rubriek":"gemeente","FID":"gemeente_gegeneraliseerd_2012.70dcabe7-63cd-45cb-a0d5-a2471d55b1f4"},"id":"GM0175"},{"arcs":[[-184,228,229,-179,-227,-203,230]],"type":"Polygon","properties":{"id":143629,"statcode":"GM0177","statnaam":"Raalte","jrstatcode":"2012GM0177","rubriek":"gemeente","FID":"gemeente_gegeneraliseerd_2012.2904eeb7-e8fb-4bbd-8ccf-61a902a3d6bc"},"id":"GM0177"},{"arcs":[[231,-162,232,-196,-176,233,234]],"type":"Polygon","properties":{"id":143630,"statcode":"GM0180","statnaam":"Staphorst","jrstatcode":"2012GM0180","rubriek":"gemeente","FID":"gemeente_gegeneraliseerd_2012.cffb6e74-0351-46c9-a007-66ee32182433"},"id":"GM0180"},{"arcs":[[-173,-168,235,236,237]],"type":"Polygon","properties":{"id":143631,"statcode":"GM0183","statnaam":"Tubbergen","jrstatcode":"2012GM0183","rubriek":"gemeente","FID":"gemeente_gegeneraliseerd_2012.530f4e7b-ece8-4153-bbba-58ba1ef745fc"},"id":"GM0183"},{"arcs":[[238,-223]],"type":"Polygon","properties":{"id":143632,"statcode":"GM0184","statnaam":"Urk","jrstatcode":"2012GM0184","rubriek":"gemeente","FID":"gemeente_gegeneraliseerd_2012.4b2d31df-bfdb-4e04-bdb9-a62dec42f895"},"id":"GM0184"},{"arcs":[[-201,239,-171,240,241]],"type":"Polygon","properties":{"id":143633,"statcode":"GM0189","statnaam":"Wierden","jrstatcode":"2012GM0189","rubriek":"gemeente","FID":"gemeente_gegeneraliseerd_2012.02bb1bb8-fd52-4029-8d97-9da4dc5a987c"},"id":"GM0189"},{"arcs":[[242,-234,-180,-230,243,244,245,-212]],"type":"Polygon","properties":{"id":143634,"statcode":"GM0193","statnaam":"Zwolle","jrstatcode":"2012GM0193","rubriek":"gemeente","FID":"gemeente_gegeneraliseerd_2012.b629f6d7-04ae-4806-93b8-5320bc931351"},"id":"GM0193"},{"arcs":[[246,247,248,249,250]],"type":"Polygon","properties":{"id":143635,"statcode":"GM0196","statnaam":"Rijnwaarden","jrstatcode":"2012GM0196","rubriek":"gemeente","FID":"gemeente_gegeneraliseerd_2012.86d6d280-bf52-4c8a-b5a4-3577708b8421"},"id":"GM0196"},{"arcs":[[251,252,253,254]],"type":"Polygon","properties":{"id":143636,"statcode":"GM0197","statnaam":"Aalten","jrstatcode":"2012GM0197","rubriek":"gemeente","FID":"gemeente_gegeneraliseerd_2012.c44ff8fa-0cda-4596-a8e6-3b04fd397fc5"},"id":"GM0197"},{"arcs":[[255,256,257,258,259,260,261,262,263]],"type":"Polygon","properties":{"id":143637,"statcode":"GM0200","statnaam":"Apeldoorn","jrstatcode":"2012GM0200","rubriek":"gemeente","FID":"gemeente_gegeneraliseerd_2012.082e2099-990c-42ad-bed6-ac15d6af8e5d"},"id":"GM0200"},{"arcs":[[264,265,-259,266,267,268,269,270]],"type":"Polygon","properties":{"id":143638,"statcode":"GM0202","statnaam":"Arnhem","jrstatcode":"2012GM0202","rubriek":"gemeente","FID":"gemeente_gegeneraliseerd_2012.30d28f00-0b8d-40e5-9ab2-7b43080f1e69"},"id":"GM0202"},{"arcs":[[-261,271,272,273,274,275,276,277,278,279]],"type":"Polygon","properties":{"id":143639,"statcode":"GM0203","statnaam":"Barneveld","jrstatcode":"2012GM0203","rubriek":"gemeente","FID":"gemeente_gegeneraliseerd_2012.d2c4889c-937d-4b3b-bd28-72e575ecf441"},"id":"GM0203"},{"arcs":[[280,281,282,283,284]],"type":"Polygon","properties":{"id":143640,"statcode":"GM0209","statnaam":"Beuningen","jrstatcode":"2012GM0209","rubriek":"gemeente","FID":"gemeente_gegeneraliseerd_2012.43214eb0-7e3d-4bcf-b7d1-89f5144a117a"},"id":"GM0209"},{"arcs":[[285,286,287,288,289,-257]],"type":"Polygon","properties":{"id":143641,"statcode":"GM0213","statnaam":"Brummen","jrstatcode":"2012GM0213","rubriek":"gemeente","FID":"gemeente_gegeneraliseerd_2012.96d37787-0c9c-41d8-aaa9-cc3eb3e46f16"},"id":"GM0213"},{"arcs":[[290,291,292,293,294,295,296]],"type":"Polygon","properties":{"id":143642,"statcode":"GM0214","statnaam":"Buren","jrstatcode":"2012GM0214","rubriek":"gemeente","FID":"gemeente_gegeneraliseerd_2012.919f8d55-8db3-424a-adec-83336b9ed146"},"id":"GM0214"},{"arcs":[[297,-292,298,299,300,301]],"type":"Polygon","properties":{"id":143643,"statcode":"GM0216","statnaam":"Culemborg","jrstatcode":"2012GM0216","rubriek":"gemeente","FID":"gemeente_gegeneraliseerd_2012.f9019873-00a3-4f81-84c2-efcf89698086"},"id":"GM0216"},{"arcs":[[302,303,304]],"type":"Polygon","properties":{"id":143644,"statcode":"GM0221","statnaam":"Doesburg","jrstatcode":"2012GM0221","rubriek":"gemeente","FID":"gemeente_gegeneraliseerd_2012.beccbd52-ccf7-4154-96f9-6a11c460d283"},"id":"GM0221"},{"arcs":[[305,306,307,308]],"type":"Polygon","properties":{"id":143645,"statcode":"GM0222","statnaam":"Doetinchem","jrstatcode":"2012GM0222","rubriek":"gemeente","FID":"gemeente_gegeneraliseerd_2012.09fa111e-841e-4ebf-aec4-7540ec76adfd"},"id":"GM0222"},{"arcs":[[309,310,311,-282]],"type":"Polygon","properties":{"id":143646,"statcode":"GM0225","statnaam":"Druten","jrstatcode":"2012GM0225","rubriek":"gemeente","FID":"gemeente_gegeneraliseerd_2012.fa65f042-b202-408c-9339-5af50b14d863"},"id":"GM0225"},{"arcs":[[-247,312,313,314]],"type":"Polygon","properties":{"id":143647,"statcode":"GM0226","statnaam":"Duiven","jrstatcode":"2012GM0226","rubriek":"gemeente","FID":"gemeente_gegeneraliseerd_2012.2795258a-4ec1-435a-955b-db6ee3ac0b5b"},"id":"GM0226"},{"arcs":[[-266,315,316,317,318,319,-272,-260]],"type":"Polygon","properties":{"id":143648,"statcode":"GM0228","statnaam":"Ede","jrstatcode":"2012GM0228","rubriek":"gemeente","FID":"gemeente_gegeneraliseerd_2012.bea856f1-fa08-418a-b539-617e3b539bd5"},"id":"GM0228"},{"arcs":[[320,321,322,323]],"type":"Polygon","properties":{"id":143649,"statcode":"GM0230","statnaam":"Elburg","jrstatcode":"2012GM0230","rubriek":"gemeente","FID":"gemeente_gegeneraliseerd_2012.ba2db6ee-600b-4387-b0d3-12c461bbc423"},"id":"GM0230"},{"arcs":[[-264,324,-323,325,326,327,328]],"type":"Polygon","properties":{"id":143650,"statcode":"GM0232","statnaam":"Epe","jrstatcode":"2012GM0232","rubriek":"gemeente","FID":"gemeente_gegeneraliseerd_2012.d5064a70-a107-4109-916c-bdc11ec80d9c"},"id":"GM0232"},{"arcs":[[329,-262,-280,330,331,332]],"type":"Polygon","properties":{"id":143651,"statcode":"GM0233","statnaam":"Ermelo","jrstatcode":"2012GM0233","rubriek":"gemeente","FID":"gemeente_gegeneraliseerd_2012.277232b3-cf77-4b22-a640-e1bc8a71dfef"},"id":"GM0233"},{"arcs":[[333,-299,-291,334,335,336]],"type":"Polygon","properties":{"id":143652,"statcode":"GM0236","statnaam":"Geldermalsen","jrstatcode":"2012GM0236","rubriek":"gemeente","FID":"gemeente_gegeneraliseerd_2012.755de57a-fe62-4e18-93ac-dc9e43eaf7d2"},"id":"GM0236"},{"arcs":[[337,338,339,340,341,342]],"type":"Polygon","properties":{"id":143653,"statcode":"GM0241","statnaam":"Groesbeek","jrstatcode":"2012GM0241","rubriek":"gemeente","FID":"gemeente_gegeneraliseerd_2012.34d1d13e-f9ed-45cf-a240-977d1772b9e2"},"id":"GM0241"},{"arcs":[[343,-333,344]],"type":"Polygon","properties":{"id":143654,"statcode":"GM0243","statnaam":"Harderwijk","jrstatcode":"2012GM0243","rubriek":"gemeente","FID":"gemeente_gegeneraliseerd_2012.4635b8ba-0ee9-413e-96bd-50867e17aca8"},"id":"GM0243"},{"arcs":[[345,-213,-246,346]],"type":"Polygon","properties":{"id":143655,"statcode":"GM0244","statnaam":"Hattem","jrstatcode":"2012GM0244","rubriek":"gemeente","FID":"gemeente_gegeneraliseerd_2012.b1829103-4d46-4b61-bdf1-2c05bf28794e"},"id":"GM0244"},{"arcs":[[-327,347,-347,-245,348]],"type":"Polygon","properties":{"id":143656,"statcode":"GM0246","statnaam":"Heerde","jrstatcode":"2012GM0246","rubriek":"gemeente","FID":"gemeente_gegeneraliseerd_2012.f7781da6-1a95-4564-b6a6-55f4bd09c999"},"id":"GM0246"},{"arcs":[[349,350,351,-340,352,353]],"type":"Polygon","properties":{"id":143657,"statcode":"GM0252","statnaam":"Heumen","jrstatcode":"2012GM0252","rubriek":"gemeente","FID":"gemeente_gegeneraliseerd_2012.19612533-4974-4414-8afe-1bf5dbbcae53"},"id":"GM0252"},{"arcs":[[354,355,356,357,358,359,-181]],"type":"Polygon","properties":{"id":143658,"statcode":"GM0262","statnaam":"Lochem","jrstatcode":"2012GM0262","rubriek":"gemeente","FID":"gemeente_gegeneraliseerd_2012.ab70a22c-faf9-4151-8aea-b7c13aa3b67c"},"id":"GM0262"},{"arcs":[[360,361,362,363,364,365]],"type":"Polygon","properties":{"id":143659,"statcode":"GM0263","statnaam":"Maasdriel","jrstatcode":"2012GM0263","rubriek":"gemeente","FID":"gemeente_gegeneraliseerd_2012.70a527c4-e2d3-4c05-a920-9f3373d77a0b"},"id":"GM0263"},{"arcs":[[366,-250,367,368]],"type":"Polygon","properties":{"id":143660,"statcode":"GM0265","statnaam":"Millingen aan de Rijn","jrstatcode":"2012GM0265","rubriek":"gemeente","FID":"gemeente_gegeneraliseerd_2012.ee77aea2-ab19-4f82-870b-44d1713ba917"},"id":"GM0265"},{"arcs":[[-278,369,370,371,372]],"type":"Polygon","properties":{"id":143661,"statcode":"GM0267","statnaam":"Nijkerk","jrstatcode":"2012GM0267","rubriek":"gemeente","FID":"gemeente_gegeneraliseerd_2012.c7162496-d211-4cf0-9de7-8ef2aac3128a"},"id":"GM0267"},{"arcs":[[373,-285,374,375,376,-341,-352]],"type":"Polygon","properties":{"id":143662,"statcode":"GM0268","statnaam":"Nijmegen","jrstatcode":"2012GM0268","rubriek":"gemeente","FID":"gemeente_gegeneraliseerd_2012.28ba593e-01ae-4d44-bd13-8d8325cfcd88"},"id":"GM0268"},{"arcs":[[-346,-348,-326,-322,377,-214]],"type":"Polygon","properties":{"id":143663,"statcode":"GM0269","statnaam":"Oldebroek","jrstatcode":"2012GM0269","rubriek":"gemeente","FID":"gemeente_gegeneraliseerd_2012.08301faa-f6af-4e0f-b372-a965cfab04c7"},"id":"GM0269"},{"arcs":[[-279,-373,378,-331]],"type":"Polygon","properties":{"id":143664,"statcode":"GM0273","statnaam":"Putten","jrstatcode":"2012GM0273","rubriek":"gemeente","FID":"gemeente_gegeneraliseerd_2012.92f2e4f7-caf3-4e80-aea1-64ea5e15da35"},"id":"GM0273"},{"arcs":[[-265,379,380,-316]],"type":"Polygon","properties":{"id":143665,"statcode":"GM0274","statnaam":"Renkum","jrstatcode":"2012GM0274","rubriek":"gemeente","FID":"gemeente_gegeneraliseerd_2012.2ee9e335-a100-4f8d-a229-7367177ab348"},"id":"GM0274"},{"arcs":[[381,-268,382,-289,383,-303,384]],"type":"Polygon","properties":{"id":143666,"statcode":"GM0275","statnaam":"Rheden","jrstatcode":"2012GM0275","rubriek":"gemeente","FID":"gemeente_gegeneraliseerd_2012.a582d709-f7f2-486e-96fd-851a6a014eb2"},"id":"GM0275"},{"arcs":[[-290,-383,-267,-258]],"type":"Polygon","properties":{"id":143667,"statcode":"GM0277","statnaam":"Rozendaal","jrstatcode":"2012GM0277","rubriek":"gemeente","FID":"gemeente_gegeneraliseerd_2012.96640506-ee70-4959-82b7-eb058ce97c96"},"id":"GM0277"},{"arcs":[[385,-274,386]],"type":"Polygon","properties":{"id":143668,"statcode":"GM0279","statnaam":"Scherpenzeel","jrstatcode":"2012GM0279","rubriek":"gemeente","FID":"gemeente_gegeneraliseerd_2012.17f1bc69-3533-4b87-a47d-c3dbf4303f35"},"id":"GM0279"},{"arcs":[[387,388,389,-335,-297]],"type":"Polygon","properties":{"id":143669,"statcode":"GM0281","statnaam":"Tiel","jrstatcode":"2012GM0281","rubriek":"gemeente","FID":"gemeente_gegeneraliseerd_2012.b13bf5c5-e663-4129-b5c4-98a9818cd32b"},"id":"GM0281"},{"arcs":[[390,-369,391,-342,-377]],"type":"Polygon","properties":{"id":143670,"statcode":"GM0282","statnaam":"Ubbergen","jrstatcode":"2012GM0282","rubriek":"gemeente","FID":"gemeente_gegeneraliseerd_2012.f46c7c22-2e1a-47ce-9657-41ae621d8c79"},"id":"GM0282"},{"arcs":[[-360,392,-286,-256,-329,393,-182]],"type":"Polygon","properties":{"id":143671,"statcode":"GM0285","statnaam":"Voorst","jrstatcode":"2012GM0285","rubriek":"gemeente","FID":"gemeente_gegeneraliseerd_2012.f43ac61b-9479-4590-a1a5-cea446875804"},"id":"GM0285"},{"arcs":[[-381,394,395,396,-317]],"type":"Polygon","properties":{"id":143672,"statcode":"GM0289","statnaam":"Wageningen","jrstatcode":"2012GM0289","rubriek":"gemeente","FID":"gemeente_gegeneraliseerd_2012.fa9054e2-e0c8-42f7-ace7-f4949aec8dea"},"id":"GM0289"},{"arcs":[[397,-269,-382,398,-314]],"type":"Polygon","properties":{"id":143673,"statcode":"GM0293","statnaam":"Westervoort","jrstatcode":"2012GM0293","rubriek":"gemeente","FID":"gemeente_gegeneraliseerd_2012.87f8f830-6386-45d0-b1be-e1ebe6014280"},"id":"GM0293"},{"arcs":[[-254,399,400]],"type":"Polygon","properties":{"id":143674,"statcode":"GM0294","statnaam":"Winterswijk","jrstatcode":"2012GM0294","rubriek":"gemeente","FID":"gemeente_gegeneraliseerd_2012.1db54871-a1af-4c97-b89c-94dec037eda8"},"id":"GM0294"},{"arcs":[[401,-310,-281,-374,-351,402,403]],"type":"Polygon","properties":{"id":143675,"statcode":"GM0296","statnaam":"Wijchen","jrstatcode":"2012GM0296","rubriek":"gemeente","FID":"gemeente_gegeneraliseerd_2012.59b51ba5-3f47-46cd-a6e1-2a1b9b204fe4"},"id":"GM0296"},{"arcs":[[404,405,406,407,408,409,-366]],"type":"Polygon","properties":{"id":143676,"statcode":"GM0297","statnaam":"Zaltbommel","jrstatcode":"2012GM0297","rubriek":"gemeente","FID":"gemeente_gegeneraliseerd_2012.57fcc363-9aff-4486-a14a-5bc1ab5eab8e"},"id":"GM0297"},{"arcs":[[-315,-399,-385,-305,410,-306,411,412,-248]],"type":"Polygon","properties":{"id":143677,"statcode":"GM0299","statnaam":"Zevenaar","jrstatcode":"2012GM0299","rubriek":"gemeente","FID":"gemeente_gegeneraliseerd_2012.cbbb2db5-6ab6-4326-9f8f-2fb8ef190edf"},"id":"GM0299"},{"arcs":[[413,-287,-393,-359]],"type":"Polygon","properties":{"id":143678,"statcode":"GM0301","statnaam":"Zutphen","jrstatcode":"2012GM0301","rubriek":"gemeente","FID":"gemeente_gegeneraliseerd_2012.dcc995bb-bdbb-426c-9dab-d4383d40dfd9"},"id":"GM0301"},{"arcs":[[414,-324,-325,-263,-330,-344]],"type":"Polygon","properties":{"id":143679,"statcode":"GM0302","statnaam":"Nunspeet","jrstatcode":"2012GM0302","rubriek":"gemeente","FID":"gemeente_gegeneraliseerd_2012.7793b5f5-0890-4d99-9593-41dcba99080b"},"id":"GM0302"},{"arcs":[[-67,415,416,-221,417]],"type":"Polygon","properties":{"id":143680,"statcode":"GM0303","statnaam":"Dronten","jrstatcode":"2012GM0303","rubriek":"gemeente","FID":"gemeente_gegeneraliseerd_2012.495858fc-fb14-4e87-b56a-1caee3e10e68"},"id":"GM0303"},{"arcs":[[-410,418,-336,-390,419,-361]],"type":"Polygon","properties":{"id":143681,"statcode":"GM0304","statnaam":"Neerijnen","jrstatcode":"2012GM0304","rubriek":"gemeente","FID":"gemeente_gegeneraliseerd_2012.c9e0470f-9604-4ab3-abd9-f3eda0bf44b4"},"id":"GM0304"},{"arcs":[[-277,420,421,422,423,424,-370]],"type":"Polygon","properties":{"id":143682,"statcode":"GM0307","statnaam":"Amersfoort","jrstatcode":"2012GM0307","rubriek":"gemeente","FID":"gemeente_gegeneraliseerd_2012.ddfeb60a-f5af-4522-a6f5-b31c974e45b2"},"id":"GM0307"},{"arcs":[[425,426,427,428,429,430,-424,431]],"type":"Polygon","properties":{"id":143683,"statcode":"GM0308","statnaam":"Baarn","jrstatcode":"2012GM0308","rubriek":"gemeente","FID":"gemeente_gegeneraliseerd_2012.0c009054-0014-4142-8334-a7afcac6cbd6"},"id":"GM0308"},{"arcs":[[432,433,434,-427,435,436]],"type":"Polygon","properties":{"id":143684,"statcode":"GM0310","statnaam":"De Bilt","jrstatcode":"2012GM0310","rubriek":"gemeente","FID":"gemeente_gegeneraliseerd_2012.22e64c81-7e28-4e61-835a-a82b54531cec"},"id":"GM0310"},{"arcs":[[437,438,439,440,441]],"type":"Polygon","properties":{"id":143685,"statcode":"GM0312","statnaam":"Bunnik","jrstatcode":"2012GM0312","rubriek":"gemeente","FID":"gemeente_gegeneraliseerd_2012.b88084db-20d5-4bcd-b319-a81b69763e6d"},"id":"GM0312"},{"arcs":[[442,443,-371,-425,-431]],"type":"Polygon","properties":{"id":143686,"statcode":"GM0313","statnaam":"Bunschoten","jrstatcode":"2012GM0313","rubriek":"gemeente","FID":"gemeente_gegeneraliseerd_2012.5c4bd02a-30ce-4f28-90e3-8053deeecede"},"id":"GM0313"},{"arcs":[[444,445,-443,-430,446]],"type":"Polygon","properties":{"id":143687,"statcode":"GM0317","statnaam":"Eemnes","jrstatcode":"2012GM0317","rubriek":"gemeente","FID":"gemeente_gegeneraliseerd_2012.432f3961-e388-411e-a086-c8388f752e22"},"id":"GM0317"},{"arcs":[[447,448,449,-441,450,-302]],"type":"Polygon","properties":{"id":143688,"statcode":"GM0321","statnaam":"Houten","jrstatcode":"2012GM0321","rubriek":"gemeente","FID":"gemeente_gegeneraliseerd_2012.a2a07191-9ccc-40b1-a287-8175b5b75ee6"},"id":"GM0321"},{"arcs":[[451,-421,-276,452]],"type":"Polygon","properties":{"id":143689,"statcode":"GM0327","statnaam":"Leusden","jrstatcode":"2012GM0327","rubriek":"gemeente","FID":"gemeente_gegeneraliseerd_2012.98e95a2e-5a2c-4f12-9672-685353a2787f"},"id":"GM0327"},{"arcs":[[453,454,455,456,457,458,459,460]],"type":"Polygon","properties":{"id":143690,"statcode":"GM0331","statnaam":"Lopik","jrstatcode":"2012GM0331","rubriek":"gemeente","FID":"gemeente_gegeneraliseerd_2012.50c1cb07-1ae8-45c6-b635-cbc116cbf3bf"},"id":"GM0331"},{"arcs":[[461,462,-456,463,464,465]],"type":"Polygon","properties":{"id":143691,"statcode":"GM0335","statnaam":"Montfoort","jrstatcode":"2012GM0335","rubriek":"gemeente","FID":"gemeente_gegeneraliseerd_2012.a2a05105-f598-4f63-9a1a-9b40e43cdecd"},"id":"GM0335"},{"arcs":[[-320,466,467,468,-387,-273]],"type":"Polygon","properties":{"id":143692,"statcode":"GM0339","statnaam":"Renswoude","jrstatcode":"2012GM0339","rubriek":"gemeente","FID":"gemeente_gegeneraliseerd_2012.c516c3c5-30a4-49f1-8b9b-1a1543d30ce4"},"id":"GM0339"},{"arcs":[[469,-318,-397,470,-295,471]],"type":"Polygon","properties":{"id":143693,"statcode":"GM0340","statnaam":"Rhenen","jrstatcode":"2012GM0340","rubriek":"gemeente","FID":"gemeente_gegeneraliseerd_2012.318fdfd4-5985-4ceb-90db-d2112cc5b46c"},"id":"GM0340"},{"arcs":[[-432,-423,472]],"type":"Polygon","properties":{"id":143694,"statcode":"GM0342","statnaam":"Soest","jrstatcode":"2012GM0342","rubriek":"gemeente","FID":"gemeente_gegeneraliseerd_2012.dbbf3ca9-afdc-4866-ba04-945236166e95"},"id":"GM0342"},{"arcs":[[473,474,-437,475,-442,-450,476,477,-462]],"type":"Polygon","properties":{"id":143695,"statcode":"GM0344","statnaam":"Utrecht","jrstatcode":"2012GM0344","rubriek":"gemeente","FID":"gemeente_gegeneraliseerd_2012.00835056-2d10-40fc-8e91-46fee9571482"},"id":"GM0344"},{"arcs":[[-319,-470,478,-467]],"type":"Polygon","properties":{"id":143696,"statcode":"GM0345","statnaam":"Veenendaal","jrstatcode":"2012GM0345","rubriek":"gemeente","FID":"gemeente_gegeneraliseerd_2012.fe76534e-15d6-4d81-911d-69d091dcf060"},"id":"GM0345"},{"arcs":[[479,-453,-275,-386,-469,480]],"type":"Polygon","properties":{"id":143697,"statcode":"GM0351","statnaam":"Woudenberg","jrstatcode":"2012GM0351","rubriek":"gemeente","FID":"gemeente_gegeneraliseerd_2012.d70ea0e5-1294-4168-bb64-bfa6ec3b8c0c"},"id":"GM0351"},{"arcs":[[-298,-451,-440,481,-293]],"type":"Polygon","properties":{"id":143698,"statcode":"GM0352","statnaam":"Wijk bij Duurstede","jrstatcode":"2012GM0352","rubriek":"gemeente","FID":"gemeente_gegeneraliseerd_2012.f0e8b596-8182-4d1a-a39f-abcd60a2d67d"},"id":"GM0352"},{"arcs":[[-463,-478,482,483,-457]],"type":"Polygon","properties":{"id":143699,"statcode":"GM0353","statnaam":"IJsselstein","jrstatcode":"2012GM0353","rubriek":"gemeente","FID":"gemeente_gegeneraliseerd_2012.2cfb2fab-bec9-4f3e-ad63-975444ac6608"},"id":"GM0353"},{"arcs":[[-422,-452,-480,484,-438,-476,-436,-426,-473]],"type":"Polygon","properties":{"id":143700,"statcode":"GM0355","statnaam":"Zeist","jrstatcode":"2012GM0355","rubriek":"gemeente","FID":"gemeente_gegeneraliseerd_2012.d5955f75-22c7-4416-8577-cfeaa09e3187"},"id":"GM0355"},{"arcs":[[485,-483,-477,-449]],"type":"Polygon","properties":{"id":143701,"statcode":"GM0356","statnaam":"Nieuwegein","jrstatcode":"2012GM0356","rubriek":"gemeente","FID":"gemeente_gegeneraliseerd_2012.330150ee-899d-4664-8ce4-0899be2043b0"},"id":"GM0356"},{"arcs":[[486,487,488,489]],"type":"Polygon","properties":{"id":143702,"statcode":"GM0358","statnaam":"Aalsmeer","jrstatcode":"2012GM0358","rubriek":"gemeente","FID":"gemeente_gegeneraliseerd_2012.9dcd0fcd-61a7-49db-8da5-2ebf2490536b"},"id":"GM0358"},{"arcs":[[490,491,492,493,494,495]],"type":"Polygon","properties":{"id":143703,"statcode":"GM0361","statnaam":"Alkmaar","jrstatcode":"2012GM0361","rubriek":"gemeente","FID":"gemeente_gegeneraliseerd_2012.58b9887a-aa38-41ff-9b01-1c0b2836c6dd"},"id":"GM0361"},{"arcs":[[496,497,-487,498,499,500]],"type":"Polygon","properties":{"id":143704,"statcode":"GM0362","statnaam":"Amstelveen","jrstatcode":"2012GM0362","rubriek":"gemeente","FID":"gemeente_gegeneraliseerd_2012.194eb4b0-4e70-4cac-914a-4529c57859a7"},"id":"GM0362"},{"arcs":[[[501,502,503,504,505,506,507,508,-500,509]],[[510,511,512,513,514]]],"type":"MultiPolygon","properties":{"id":143705,"statcode":"GM0363","statnaam":"Amsterdam","jrstatcode":"2012GM0363","rubriek":"gemeente","FID":"gemeente_gegeneraliseerd_2012.ec32841f-c826-47df-b656-c73296ae4ad8"},"id":"GM0363"},{"arcs":[[515,516,517,518,519,520]],"type":"Polygon","properties":{"id":143706,"statcode":"GM0365","statnaam":"Graft-De Rijp","jrstatcode":"2012GM0365","rubriek":"gemeente","FID":"gemeente_gegeneraliseerd_2012.6c4a0221-f349-493a-a346-2d93ec053eee"},"id":"GM0365"},{"arcs":[[521,522,523,524,525,-516]],"type":"Polygon","properties":{"id":143707,"statcode":"GM0370","statnaam":"Beemster","jrstatcode":"2012GM0370","rubriek":"gemeente","FID":"gemeente_gegeneraliseerd_2012.d944720f-3b6c-46a5-843b-3d88118df503"},"id":"GM0370"},{"arcs":[[526,527,528,-495,529,530,531]],"type":"Polygon","properties":{"id":143708,"statcode":"GM0373","statnaam":"Bergen (NH.)","jrstatcode":"2012GM0373","rubriek":"gemeente","FID":"gemeente_gegeneraliseerd_2012.efbd6882-ae88-498f-be24-43998cccb395"},"id":"GM0373"},{"arcs":[[532,533,534,535]],"type":"Polygon","properties":{"id":143709,"statcode":"GM0375","statnaam":"Beverwijk","jrstatcode":"2012GM0375","rubriek":"gemeente","FID":"gemeente_gegeneraliseerd_2012.34aa34f4-b01e-462c-aa54-35417c40f3c2"},"id":"GM0375"},{"arcs":[[536,-445,537,538]],"type":"Polygon","properties":{"id":143710,"statcode":"GM0376","statnaam":"Blaricum","jrstatcode":"2012GM0376","rubriek":"gemeente","FID":"gemeente_gegeneraliseerd_2012.35a37374-46dc-4e86-9627-177fa5519403"},"id":"GM0376"},{"arcs":[[539,540,541,542,543,544,545,546]],"type":"Polygon","properties":{"id":143711,"statcode":"GM0377","statnaam":"Bloemendaal","jrstatcode":"2012GM0377","rubriek":"gemeente","FID":"gemeente_gegeneraliseerd_2012.b207c8d3-4670-41bf-a32f-2f82b1ee17d2"},"id":"GM0377"},{"arcs":[[547,548,549]],"type":"Polygon","properties":{"id":143712,"statcode":"GM0381","statnaam":"Bussum","jrstatcode":"2012GM0381","rubriek":"gemeente","FID":"gemeente_gegeneraliseerd_2012.2e38910a-652d-4f73-9d89-ac85c20cc500"},"id":"GM0381"},{"arcs":[[550,551,-531,552,-493,553,-520,554]],"type":"Polygon","properties":{"id":143713,"statcode":"GM0383","statnaam":"Castricum","jrstatcode":"2012GM0383","rubriek":"gemeente","FID":"gemeente_gegeneraliseerd_2012.495c7548-0863-40c8-b6cc-979d381edfa5"},"id":"GM0383"},{"arcs":[[555,556,-514,557,-508]],"type":"Polygon","properties":{"id":143714,"statcode":"GM0384","statnaam":"Diemen","jrstatcode":"2012GM0384","rubriek":"gemeente","FID":"gemeente_gegeneraliseerd_2012.061d7a48-de1d-4172-93e0-c3dc7182a1ee"},"id":"GM0384"},{"arcs":[[558,559,560,561]],"type":"Polygon","properties":{"id":143715,"statcode":"GM0385","statnaam":"Edam-Volendam","jrstatcode":"2012GM0385","rubriek":"gemeente","FID":"gemeente_gegeneraliseerd_2012.f47eb10e-16b6-4917-af58-cd9af3830d12"},"id":"GM0385"},{"arcs":[[562,563,564]],"type":"Polygon","properties":{"id":143716,"statcode":"GM0388","statnaam":"Enkhuizen","jrstatcode":"2012GM0388","rubriek":"gemeente","FID":"gemeente_gegeneraliseerd_2012.817184fc-afd3-4bf0-b4f0-b2102b0f4f65"},"id":"GM0388"},{"arcs":[[565,566,567,-546,568]],"type":"Polygon","properties":{"id":143717,"statcode":"GM0392","statnaam":"Haarlem","jrstatcode":"2012GM0392","rubriek":"gemeente","FID":"gemeente_gegeneraliseerd_2012.5cac1058-3bee-4ba9-a209-83202c3b215a"},"id":"GM0392"},{"arcs":[[-566,569,570,-502,571]],"type":"Polygon","properties":{"id":143718,"statcode":"GM0393","statnaam":"Haarlemmerliede en Spaarnwoude","jrstatcode":"2012GM0393","rubriek":"gemeente","FID":"gemeente_gegeneraliseerd_2012.8a909c0a-270d-4168-a048-e9df24a161d7"},"id":"GM0393"},{"arcs":[[-572,-510,-499,-490,572,573,574,575,-540,576,-567]],"type":"Polygon","properties":{"id":143719,"statcode":"GM0394","statnaam":"Haarlemmermeer","jrstatcode":"2012GM0394","rubriek":"gemeente","FID":"gemeente_gegeneraliseerd_2012.3dc891ff-a16a-4f93-b3ae-af63a62f2711"},"id":"GM0394"},{"arcs":[[577,578,579,580,-528,581]],"type":"Polygon","properties":{"id":143720,"statcode":"GM0395","statnaam":"Harenkarspel","jrstatcode":"2012GM0395","rubriek":"gemeente","FID":"gemeente_gegeneraliseerd_2012.e67e9fa4-17d1-4434-8fef-4c9015329d62"},"id":"GM0395"},{"arcs":[[582,-536,583,-551,584]],"type":"Polygon","properties":{"id":143721,"statcode":"GM0396","statnaam":"Heemskerk","jrstatcode":"2012GM0396","rubriek":"gemeente","FID":"gemeente_gegeneraliseerd_2012.379ab27a-29b3-4570-bfe6-7bccee5ed07b"},"id":"GM0396"},{"arcs":[[-577,-547,-568]],"type":"Polygon","properties":{"id":143722,"statcode":"GM0397","statnaam":"Heemstede","jrstatcode":"2012GM0397","rubriek":"gemeente","FID":"gemeente_gegeneraliseerd_2012.68a5c48e-076e-4e35-827b-624b8f497b62"},"id":"GM0397"},{"arcs":[[-580,585,586,587,588,-491,589]],"type":"Polygon","properties":{"id":143723,"statcode":"GM0398","statnaam":"Heerhugowaard","jrstatcode":"2012GM0398","rubriek":"gemeente","FID":"gemeente_gegeneraliseerd_2012.0eff2552-e377-4745-b201-1294606e44fe"},"id":"GM0398"},{"arcs":[[-553,-530,-494]],"type":"Polygon","properties":{"id":143724,"statcode":"GM0399","statnaam":"Heiloo","jrstatcode":"2012GM0399","rubriek":"gemeente","FID":"gemeente_gegeneraliseerd_2012.e435b0bd-8d00-4445-aa16-47cc39a31897"},"id":"GM0399"},{"arcs":[[590,591,592]],"type":"Polygon","properties":{"id":143725,"statcode":"GM0400","statnaam":"Den Helder","jrstatcode":"2012GM0400","rubriek":"gemeente","FID":"gemeente_gegeneraliseerd_2012.c4d31855-f921-4f72-9110-a8c6ac1cad3b"},"id":"GM0400"},{"arcs":[[-428,-435,593,594,595,-549,596,597]],"type":"Polygon","properties":{"id":143726,"statcode":"GM0402","statnaam":"Hilversum","jrstatcode":"2012GM0402","rubriek":"gemeente","FID":"gemeente_gegeneraliseerd_2012.5ad9772f-3289-4c06-b40c-1dc8ec1925e1"},"id":"GM0402"},{"arcs":[[598,599,600,601]],"type":"Polygon","properties":{"id":143727,"statcode":"GM0405","statnaam":"Hoorn","jrstatcode":"2012GM0405","rubriek":"gemeente","FID":"gemeente_gegeneraliseerd_2012.3b72c8a0-9290-4da6-a8cc-2993e256a543"},"id":"GM0405"},{"arcs":[[-597,-548,602,603,-539]],"type":"Polygon","properties":{"id":143728,"statcode":"GM0406","statnaam":"Huizen","jrstatcode":"2012GM0406","rubriek":"gemeente","FID":"gemeente_gegeneraliseerd_2012.486b36f9-aad3-45ce-bb4f-f7d4405b55f1"},"id":"GM0406"},{"arcs":[[604,605,606,607,-505]],"type":"Polygon","properties":{"id":143729,"statcode":"GM0415","statnaam":"Landsmeer","jrstatcode":"2012GM0415","rubriek":"gemeente","FID":"gemeente_gegeneraliseerd_2012.cde66f7c-5962-40f8-87ab-6a3bfa06c7e8"},"id":"GM0415"},{"arcs":[[-590,-496,-529,-581]],"type":"Polygon","properties":{"id":143730,"statcode":"GM0416","statnaam":"Langedijk","jrstatcode":"2012GM0416","rubriek":"gemeente","FID":"gemeente_gegeneraliseerd_2012.788b0612-0241-4c6f-bbd7-f3325538488c"},"id":"GM0416"},{"arcs":[[-447,-429,-598,-538]],"type":"Polygon","properties":{"id":143731,"statcode":"GM0417","statnaam":"Laren","jrstatcode":"2012GM0417","rubriek":"gemeente","FID":"gemeente_gegeneraliseerd_2012.d0aecaa0-459b-4002-8542-145db8ec78f0"},"id":"GM0417"},{"arcs":[[608,609,-564,610,611,-602,612,613]],"type":"Polygon","properties":{"id":143732,"statcode":"GM0420","statnaam":"Medemblik","jrstatcode":"2012GM0420","rubriek":"gemeente","FID":"gemeente_gegeneraliseerd_2012.bbc7a2a2-f81d-4711-a4b7-5aa14a99def9"},"id":"GM0420"},{"arcs":[[614,615,-515,-557,616]],"type":"Polygon","properties":{"id":143733,"statcode":"GM0424","statnaam":"Muiden","jrstatcode":"2012GM0424","rubriek":"gemeente","FID":"gemeente_gegeneraliseerd_2012.e0b347d6-ae23-4256-9dd4-160560c9bacb"},"id":"GM0424"},{"arcs":[[-603,-550,-596,617,-615,618]],"type":"Polygon","properties":{"id":143734,"statcode":"GM0425","statnaam":"Naarden","jrstatcode":"2012GM0425","rubriek":"gemeente","FID":"gemeente_gegeneraliseerd_2012.37e9c9c3-33f4-4fd1-b9c0-fc4a76425bb8"},"id":"GM0425"},{"arcs":[[-504,619,620,-605]],"type":"Polygon","properties":{"id":143735,"statcode":"GM0431","statnaam":"Oostzaan","jrstatcode":"2012GM0431","rubriek":"gemeente","FID":"gemeente_gegeneraliseerd_2012.cba2164d-e519-4677-ab24-fe1c5fdf7a72"},"id":"GM0431"},{"arcs":[[621,-587,622,-614]],"type":"Polygon","properties":{"id":143736,"statcode":"GM0432","statnaam":"Opmeer","jrstatcode":"2012GM0432","rubriek":"gemeente","FID":"gemeente_gegeneraliseerd_2012.26269bec-2d5c-447c-8fd2-e8133156ba8c"},"id":"GM0432"},{"arcs":[[-513,623,-501,-509,-558]],"type":"Polygon","properties":{"id":143737,"statcode":"GM0437","statnaam":"Ouder-Amstel","jrstatcode":"2012GM0437","rubriek":"gemeente","FID":"gemeente_gegeneraliseerd_2012.6d6386eb-224a-4a03-a7c9-23f2a41c98b8"},"id":"GM0437"},{"arcs":[[-560,624,-607,625,-525,626]],"type":"Polygon","properties":{"id":143738,"statcode":"GM0439","statnaam":"Purmerend","jrstatcode":"2012GM0439","rubriek":"gemeente","FID":"gemeente_gegeneraliseerd_2012.6292c9a9-9201-45b9-8316-ca91654f2345"},"id":"GM0439"},{"arcs":[[627,-578,628]],"type":"Polygon","properties":{"id":143739,"statcode":"GM0441","statnaam":"Schagen","jrstatcode":"2012GM0441","rubriek":"gemeente","FID":"gemeente_gegeneraliseerd_2012.184c94d0-8b31-4b29-a4de-e75107a4941a"},"id":"GM0441"},{"arcs":[[629]],"type":"Polygon","properties":{"id":143740,"statcode":"GM0448","statnaam":"Texel","jrstatcode":"2012GM0448","rubriek":"gemeente","FID":"gemeente_gegeneraliseerd_2012.cd45164f-98a2-46fe-9732-808e4fa98f03"},"id":"GM0448"},{"arcs":[[-519,630,-585,-555]],"type":"Polygon","properties":{"id":143741,"statcode":"GM0450","statnaam":"Uitgeest","jrstatcode":"2012GM0450","rubriek":"gemeente","FID":"gemeente_gegeneraliseerd_2012.a1cf8d24-8420-4120-a61a-efb51f8e35ea"},"id":"GM0450"},{"arcs":[[631,632,-488,-498,633]],"type":"Polygon","properties":{"id":143742,"statcode":"GM0451","statnaam":"Uithoorn","jrstatcode":"2012GM0451","rubriek":"gemeente","FID":"gemeente_gegeneraliseerd_2012.ab861e61-8750-437e-85d8-c951aad2322b"},"id":"GM0451"},{"arcs":[[-545,634,-534,635,-570,-569]],"type":"Polygon","properties":{"id":143743,"statcode":"GM0453","statnaam":"Velsen","jrstatcode":"2012GM0453","rubriek":"gemeente","FID":"gemeente_gegeneraliseerd_2012.52736733-2b88-4ffa-91ab-d9b67132ca70"},"id":"GM0453"},{"arcs":[[636,-511,-616,-618,-595,637,638]],"type":"Polygon","properties":{"id":143744,"statcode":"GM0457","statnaam":"Weesp","jrstatcode":"2012GM0457","rubriek":"gemeente","FID":"gemeente_gegeneraliseerd_2012.996896c8-1ccf-48d9-89c4-98021a990a2c"},"id":"GM0457"},{"arcs":[[639,-522,-521,-554,-492,-589]],"type":"Polygon","properties":{"id":143745,"statcode":"GM0458","statnaam":"Schermer","jrstatcode":"2012GM0458","rubriek":"gemeente","FID":"gemeente_gegeneraliseerd_2012.3a533d57-6144-49a6-9e42-bdf66d50a6cf"},"id":"GM0458"},{"arcs":[[-543,640,641,642]],"type":"Polygon","properties":{"id":143746,"statcode":"GM0473","statnaam":"Zandvoort","jrstatcode":"2012GM0473","rubriek":"gemeente","FID":"gemeente_gegeneraliseerd_2012.da8ef325-f027-445a-a4d7-d8af3d964b4f"},"id":"GM0473"},{"arcs":[[643,-593,644,-629,-582,-527]],"type":"Polygon","properties":{"id":143747,"statcode":"GM0476","statnaam":"Zijpe","jrstatcode":"2012GM0476","rubriek":"gemeente","FID":"gemeente_gegeneraliseerd_2012.92f78341-8fa9-4899-8195-cb7c55b54cc2"},"id":"GM0476"},{"arcs":[[-561,-627,-524,645,646]],"type":"Polygon","properties":{"id":143748,"statcode":"GM0478","statnaam":"Zeevang","jrstatcode":"2012GM0478","rubriek":"gemeente","FID":"gemeente_gegeneraliseerd_2012.67c395ae-88e7-45b2-ba47-b132558bb9b6"},"id":"GM0478"},{"arcs":[[-518,647,-620,-503,-571,-636,-533,-583,-631]],"type":"Polygon","properties":{"id":143749,"statcode":"GM0479","statnaam":"Zaanstad","jrstatcode":"2012GM0479","rubriek":"gemeente","FID":"gemeente_gegeneraliseerd_2012.b77dd337-8878-4433-a2cd-5f7b185d5a54"},"id":"GM0479"},{"arcs":[[648,649,650,651,652]],"type":"Polygon","properties":{"id":143750,"statcode":"GM0482","statnaam":"Alblasserdam","jrstatcode":"2012GM0482","rubriek":"gemeente","FID":"gemeente_gegeneraliseerd_2012.f12d8b2d-74d2-423e-b340-8c7f45214b9d"},"id":"GM0482"},{"arcs":[[653,654,655,656,657]],"type":"Polygon","properties":{"id":143751,"statcode":"GM0484","statnaam":"Alphen aan den Rijn","jrstatcode":"2012GM0484","rubriek":"gemeente","FID":"gemeente_gegeneraliseerd_2012.ca42ca59-f49f-450c-bf40-6008581ab6cc"},"id":"GM0484"},{"arcs":[[658,659,660,661,662]],"type":"Polygon","properties":{"id":143752,"statcode":"GM0489","statnaam":"Barendrecht","jrstatcode":"2012GM0489","rubriek":"gemeente","FID":"gemeente_gegeneraliseerd_2012.120b26a1-2103-4efb-af08-aa7392b3df74"},"id":"GM0489"},{"arcs":[[663,664,665,666,667]],"type":"Polygon","properties":{"id":143753,"statcode":"GM0491","statnaam":"Bergambacht","jrstatcode":"2012GM0491","rubriek":"gemeente","FID":"gemeente_gegeneraliseerd_2012.d2eda10b-6523-4c10-9674-612f6601046f"},"id":"GM0491"},{"arcs":[[-599,-612,668,669]],"type":"Polygon","properties":{"id":143754,"statcode":"GM0498","statnaam":"Drechterland","jrstatcode":"2012GM0498","rubriek":"gemeente","FID":"gemeente_gegeneraliseerd_2012.294cfac2-9e0d-4399-804e-e85739145da2"},"id":"GM0498"},{"arcs":[[670,-658,671,672]],"type":"Polygon","properties":{"id":143755,"statcode":"GM0499","statnaam":"Boskoop","jrstatcode":"2012GM0499","rubriek":"gemeente","FID":"gemeente_gegeneraliseerd_2012.f2974572-4c29-43ff-9f8f-bde52d0133fa"},"id":"GM0499"},{"arcs":[[673,674,675,676]],"type":"Polygon","properties":{"id":143756,"statcode":"GM0501","statnaam":"Brielle","jrstatcode":"2012GM0501","rubriek":"gemeente","FID":"gemeente_gegeneraliseerd_2012.15346e3c-8de0-4bf5-b520-56876ed00004"},"id":"GM0501"},{"arcs":[[677,678,679,680]],"type":"Polygon","properties":{"id":143757,"statcode":"GM0502","statnaam":"Capelle aan den IJssel","jrstatcode":"2012GM0502","rubriek":"gemeente","FID":"gemeente_gegeneraliseerd_2012.5e6ce80f-3c91-44cf-b839-755ea3e5736a"},"id":"GM0502"},{"arcs":[[681,682,683,684,685]],"type":"Polygon","properties":{"id":143758,"statcode":"GM0503","statnaam":"Delft","jrstatcode":"2012GM0503","rubriek":"gemeente","FID":"gemeente_gegeneraliseerd_2012.748c6459-99a3-4839-8f52-f166b8b2dc96"},"id":"GM0503"},{"arcs":[[686,687,688,689]],"type":"Polygon","properties":{"id":143759,"statcode":"GM0504","statnaam":"Dirksland","jrstatcode":"2012GM0504","rubriek":"gemeente","FID":"gemeente_gegeneraliseerd_2012.399a053c-b5d1-41ae-9a11-c13a982981cd"},"id":"GM0504"},{"arcs":[[690,691,692,693,694,695,696,697,698,699]],"type":"Polygon","properties":{"id":143760,"statcode":"GM0505","statnaam":"Dordrecht","jrstatcode":"2012GM0505","rubriek":"gemeente","FID":"gemeente_gegeneraliseerd_2012.f10ef6d2-3fa7-499f-97b6-870098ff2df9"},"id":"GM0505"},{"arcs":[[-689,700,701,702]],"type":"Polygon","properties":{"id":143761,"statcode":"GM0511","statnaam":"Goedereede","jrstatcode":"2012GM0511","rubriek":"gemeente","FID":"gemeente_gegeneraliseerd_2012.9d425c3e-67b4-41e1-ab93-c85ec148d23f"},"id":"GM0511"},{"arcs":[[703,-408,704,705,706,707]],"type":"Polygon","properties":{"id":143762,"statcode":"GM0512","statnaam":"Gorinchem","jrstatcode":"2012GM0512","rubriek":"gemeente","FID":"gemeente_gegeneraliseerd_2012.a550f338-24e4-4d51-a0b0-92c9636bc030"},"id":"GM0512"},{"arcs":[[708,709,710,711,712]],"type":"Polygon","properties":{"id":143763,"statcode":"GM0513","statnaam":"Gouda","jrstatcode":"2012GM0513","rubriek":"gemeente","FID":"gemeente_gegeneraliseerd_2012.a6c8092f-7e6d-4e3a-9f3d-b92ba5aa4ef7"},"id":"GM0513"},{"arcs":[[713,714,-683,715,716,717,718,719]],"type":"Polygon","properties":{"id":143764,"statcode":"GM0518","statnaam":"'s-Gravenhage","jrstatcode":"2012GM0518","rubriek":"gemeente","FID":"gemeente_gegeneraliseerd_2012.13a06f31-8b15-4fc6-ba49-3a831d4741fd"},"id":"GM0518"},{"arcs":[[-707,720,-694,721,722,723]],"type":"Polygon","properties":{"id":143765,"statcode":"GM0523","statnaam":"Hardinxveld-Giessendam","jrstatcode":"2012GM0523","rubriek":"gemeente","FID":"gemeente_gegeneraliseerd_2012.097ee06e-a3a0-4fe8-abaa-02086b874de1"},"id":"GM0523"},{"arcs":[[724,-676,725,726]],"type":"Polygon","properties":{"id":143766,"statcode":"GM0530","statnaam":"Hellevoetsluis","jrstatcode":"2012GM0530","rubriek":"gemeente","FID":"gemeente_gegeneraliseerd_2012.ce6be844-a9e1-48df-870d-964443647bf1"},"id":"GM0530"},{"arcs":[[-653,727,728,729]],"type":"Polygon","properties":{"id":143767,"statcode":"GM0531","statnaam":"Hendrik-Ido-Ambacht","jrstatcode":"2012GM0531","rubriek":"gemeente","FID":"gemeente_gegeneraliseerd_2012.1f0a80af-f736-4886-8758-d3b29d9d631c"},"id":"GM0531"},{"arcs":[[-611,-563,730,-669]],"type":"Polygon","properties":{"id":143768,"statcode":"GM0532","statnaam":"Stede Broec","jrstatcode":"2012GM0532","rubriek":"gemeente","FID":"gemeente_gegeneraliseerd_2012.9de0138c-40b5-47de-86e2-7759d51ef36d"},"id":"GM0532"},{"arcs":[[-576,731,732,-541]],"type":"Polygon","properties":{"id":143769,"statcode":"GM0534","statnaam":"Hillegom","jrstatcode":"2012GM0534","rubriek":"gemeente","FID":"gemeente_gegeneraliseerd_2012.0bb7ccec-93ff-40b6-af8d-03ccf84eb8d6"},"id":"GM0534"},{"arcs":[[733,734,735,736,737,738]],"type":"Polygon","properties":{"id":143770,"statcode":"GM0537","statnaam":"Katwijk","jrstatcode":"2012GM0537","rubriek":"gemeente","FID":"gemeente_gegeneraliseerd_2012.95500938-d517-4dca-8b85-ea1709517e4c"},"id":"GM0537"},{"arcs":[[739,740,741,-680]],"type":"Polygon","properties":{"id":143771,"statcode":"GM0542","statnaam":"Krimpen aan den IJssel","jrstatcode":"2012GM0542","rubriek":"gemeente","FID":"gemeente_gegeneraliseerd_2012.1c412db5-c0dd-4eab-ac33-2041c9158d12"},"id":"GM0542"},{"arcs":[[742,743,744,-300,-334,745]],"type":"Polygon","properties":{"id":143772,"statcode":"GM0545","statnaam":"Leerdam","jrstatcode":"2012GM0545","rubriek":"gemeente","FID":"gemeente_gegeneraliseerd_2012.b7e8f00f-4f09-448a-86fb-1edd1e8fc92a"},"id":"GM0545"},{"arcs":[[746,747,748,749,750,751,-737,752]],"type":"Polygon","properties":{"id":143773,"statcode":"GM0546","statnaam":"Leiden","jrstatcode":"2012GM0546","rubriek":"gemeente","FID":"gemeente_gegeneraliseerd_2012.cf1858ba-0732-40ba-884c-f2ad233f243f"},"id":"GM0546"},{"arcs":[[-748,753,754,755,756]],"type":"Polygon","properties":{"id":143774,"statcode":"GM0547","statnaam":"Leiderdorp","jrstatcode":"2012GM0547","rubriek":"gemeente","FID":"gemeente_gegeneraliseerd_2012.b71d26e8-6556-49ad-85c4-87e28698012b"},"id":"GM0547"},{"arcs":[[757,758,-732,-575]],"type":"Polygon","properties":{"id":143775,"statcode":"GM0553","statnaam":"Lisse","jrstatcode":"2012GM0553","rubriek":"gemeente","FID":"gemeente_gegeneraliseerd_2012.ade186b3-0b95-4da8-8f7e-889057df2f91"},"id":"GM0553"},{"arcs":[[759,760,761,762]],"type":"Polygon","properties":{"id":143776,"statcode":"GM0556","statnaam":"Maassluis","jrstatcode":"2012GM0556","rubriek":"gemeente","FID":"gemeente_gegeneraliseerd_2012.7d3df8a9-9162-4a2b-9a29-5a590bf8febf"},"id":"GM0556"},{"arcs":[[763,764,765,-687,766,767]],"type":"Polygon","properties":{"id":143777,"statcode":"GM0559","statnaam":"Middelharnis","jrstatcode":"2012GM0559","rubriek":"gemeente","FID":"gemeente_gegeneraliseerd_2012.a8eb89a6-7a59-4726-a75c-4e30b5b2411c"},"id":"GM0559"},{"arcs":[[-726,-675,768,769,770,771]],"type":"Polygon","properties":{"id":143778,"statcode":"GM0568","statnaam":"Bernisse","jrstatcode":"2012GM0568","rubriek":"gemeente","FID":"gemeente_gegeneraliseerd_2012.040799dc-4c05-4047-bab7-f6ae05ad7cb7"},"id":"GM0568"},{"arcs":[[772,773,-656,774,-632,775]],"type":"Polygon","properties":{"id":143779,"statcode":"GM0569","statnaam":"Nieuwkoop","jrstatcode":"2012GM0569","rubriek":"gemeente","FID":"gemeente_gegeneraliseerd_2012.10761bf0-7a3e-4575-b711-08d542c0f650"},"id":"GM0569"},{"arcs":[[776,777,778,779,-650]],"type":"Polygon","properties":{"id":143780,"statcode":"GM0571","statnaam":"Nieuw-Lekkerland","jrstatcode":"2012GM0571","rubriek":"gemeente","FID":"gemeente_gegeneraliseerd_2012.332692af-d9e4-4b6e-af7d-c8ae7463c806"},"id":"GM0571"},{"arcs":[[780,-734,781,-642,782]],"type":"Polygon","properties":{"id":143781,"statcode":"GM0575","statnaam":"Noordwijk","jrstatcode":"2012GM0575","rubriek":"gemeente","FID":"gemeente_gegeneraliseerd_2012.e4c12d52-71a3-4a75-80b0-a111d1e557bb"},"id":"GM0575"},{"arcs":[[-759,783,-783,-641,-542,-733]],"type":"Polygon","properties":{"id":143782,"statcode":"GM0576","statnaam":"Noordwijkerhout","jrstatcode":"2012GM0576","rubriek":"gemeente","FID":"gemeente_gegeneraliseerd_2012.7a1a2ba9-1b47-4901-8524-00332f88d6b9"},"id":"GM0576"},{"arcs":[[-753,-736,784]],"type":"Polygon","properties":{"id":143783,"statcode":"GM0579","statnaam":"Oegstgeest","jrstatcode":"2012GM0579","rubriek":"gemeente","FID":"gemeente_gegeneraliseerd_2012.d15d3c5d-3c23-4fb1-b97d-d240086ad736"},"id":"GM0579"},{"arcs":[[785,786,-768,787]],"type":"Polygon","properties":{"id":143784,"statcode":"GM0580","statnaam":"Oostflakkee","jrstatcode":"2012GM0580","rubriek":"gemeente","FID":"gemeente_gegeneraliseerd_2012.831c76ce-66d1-4652-a2f1-98f46f8eb04f"},"id":"GM0580"},{"arcs":[[788,789,790,791,792]],"type":"Polygon","properties":{"id":143785,"statcode":"GM0584","statnaam":"Oud-Beijerland","jrstatcode":"2012GM0584","rubriek":"gemeente","FID":"gemeente_gegeneraliseerd_2012.02ab6713-a8ce-48f4-bfdd-454b4ea73ef4"},"id":"GM0584"},{"arcs":[[793,-790,794,-662,795,-700,796]],"type":"Polygon","properties":{"id":143786,"statcode":"GM0585","statnaam":"Binnenmaas","jrstatcode":"2012GM0585","rubriek":"gemeente","FID":"gemeente_gegeneraliseerd_2012.b25b4410-e432-4f94-831a-e55b4610c237"},"id":"GM0585"},{"arcs":[[[797,-771,798,-792,799]],[[800]]],"type":"MultiPolygon","properties":{"id":143787,"statcode":"GM0588","statnaam":"Korendijk","jrstatcode":"2012GM0588","rubriek":"gemeente","FID":"gemeente_gegeneraliseerd_2012.77be43d8-0502-4f10-8c7c-e614b3ddaaa0"},"id":"GM0588"},{"arcs":[[-455,801,802,-464]],"type":"Polygon","properties":{"id":143788,"statcode":"GM0589","statnaam":"Oudewater","jrstatcode":"2012GM0589","rubriek":"gemeente","FID":"gemeente_gegeneraliseerd_2012.d132051d-a20a-41ad-aaf6-dd3e76380e8d"},"id":"GM0589"},{"arcs":[[803,-728,-652,804,805,-692]],"type":"Polygon","properties":{"id":143789,"statcode":"GM0590","statnaam":"Papendrecht","jrstatcode":"2012GM0590","rubriek":"gemeente","FID":"gemeente_gegeneraliseerd_2012.aa2f506d-5300-4622-84f3-02e9a1ca304e"},"id":"GM0590"},{"arcs":[[806,-660,807,808,-777,-649,-730]],"type":"Polygon","properties":{"id":143790,"statcode":"GM0597","statnaam":"Ridderkerk","jrstatcode":"2012GM0597","rubriek":"gemeente","FID":"gemeente_gegeneraliseerd_2012.9c27f2f3-dc72-4362-a340-6bcaec5814ac"},"id":"GM0597"},{"arcs":[[-742,-808,-659,809,810,-769,-674,811,812,813,-763,814,815,816,-685,817,818,819,-681]],"type":"Polygon","properties":{"id":143791,"statcode":"GM0599","statnaam":"Rotterdam","jrstatcode":"2012GM0599","rubriek":"gemeente","FID":"gemeente_gegeneraliseerd_2012.d89c404f-efa7-4791-9bc8-7e100d3775b2"},"id":"GM0599"},{"arcs":[[-682,820,821,-716]],"type":"Polygon","properties":{"id":143792,"statcode":"GM0603","statnaam":"Rijswijk","jrstatcode":"2012GM0603","rubriek":"gemeente","FID":"gemeente_gegeneraliseerd_2012.9b9a658c-c354-4433-b657-cb330b8e1e18"},"id":"GM0603"},{"arcs":[[822,-816,823]],"type":"Polygon","properties":{"id":143793,"statcode":"GM0606","statnaam":"Schiedam","jrstatcode":"2012GM0606","rubriek":"gemeente","FID":"gemeente_gegeneraliseerd_2012.50ea6bb4-38fe-4c10-afdf-d0a36c81ede8"},"id":"GM0606"},{"arcs":[[-461,824,-667,825]],"type":"Polygon","properties":{"id":143794,"statcode":"GM0608","statnaam":"Schoonhoven","jrstatcode":"2012GM0608","rubriek":"gemeente","FID":"gemeente_gegeneraliseerd_2012.d22712df-adbe-407b-a33a-5a1d8698bbc7"},"id":"GM0608"},{"arcs":[[-693,-806,826,-722]],"type":"Polygon","properties":{"id":143795,"statcode":"GM0610","statnaam":"Sliedrecht","jrstatcode":"2012GM0610","rubriek":"gemeente","FID":"gemeente_gegeneraliseerd_2012.cc4b6293-f9a6-4259-96d4-398e91c9aa69"},"id":"GM0610"},{"arcs":[[827,-800,-791,-794,828]],"type":"Polygon","properties":{"id":143796,"statcode":"GM0611","statnaam":"Cromstrijen","jrstatcode":"2012GM0611","rubriek":"gemeente","FID":"gemeente_gegeneraliseerd_2012.8d65486a-b3fa-422d-b90e-1855fb1d8961"},"id":"GM0611"},{"arcs":[[829,-793,-799,-770,-811]],"type":"Polygon","properties":{"id":143797,"statcode":"GM0612","statnaam":"Spijkenisse","jrstatcode":"2012GM0612","rubriek":"gemeente","FID":"gemeente_gegeneraliseerd_2012.4a3b43bf-d157-4af5-9f47-19f5ef9a6546"},"id":"GM0612"},{"arcs":[[-663,-795,-789,-830,-810]],"type":"Polygon","properties":{"id":143798,"statcode":"GM0613","statnaam":"Albrandswaard","jrstatcode":"2012GM0613","rubriek":"gemeente","FID":"gemeente_gegeneraliseerd_2012.87ee9797-0945-4e95-9adb-ee9e82de9d7a"},"id":"GM0613"},{"arcs":[[830,-812,-677,-725]],"type":"Polygon","properties":{"id":143799,"statcode":"GM0614","statnaam":"Westvoorne","jrstatcode":"2012GM0614","rubriek":"gemeente","FID":"gemeente_gegeneraliseerd_2012.926f7a9c-77d4-41d6-8c7e-9f1baefa783c"},"id":"GM0614"},{"arcs":[[-699,831,-829,-797]],"type":"Polygon","properties":{"id":143800,"statcode":"GM0617","statnaam":"Strijen","jrstatcode":"2012GM0617","rubriek":"gemeente","FID":"gemeente_gegeneraliseerd_2012.177e6eb1-42ad-4b72-8c69-98e56ecd5a15"},"id":"GM0617"},{"arcs":[[-301,-745,834,-458,-484,-486,-448]],"type":"Polygon","properties":{"id":143801,"statcode":"GM0620","statnaam":"Vianen","jrstatcode":"2012GM0620","rubriek":"gemeente","FID":"gemeente_gegeneraliseerd_2012.c9054af1-a482-41f2-9489-f3d16322d1d0"},"id":"GM0620"},{"arcs":[[-824,-815,-762,835]],"type":"Polygon","properties":{"id":143802,"statcode":"GM0622","statnaam":"Vlaardingen","jrstatcode":"2012GM0622","rubriek":"gemeente","FID":"gemeente_gegeneraliseerd_2012.6d71ce4f-64a1-44e4-8063-f12aa2ba700c"},"id":"GM0622"},{"arcs":[[836,-709,837,-802,-454,-826,-666]],"type":"Polygon","properties":{"id":143803,"statcode":"GM0623","statnaam":"Vlist","jrstatcode":"2012GM0623","rubriek":"gemeente","FID":"gemeente_gegeneraliseerd_2012.48967523-37f4-470a-9fac-d2ae841a3192"},"id":"GM0623"},{"arcs":[[838,839,-751]],"type":"Polygon","properties":{"id":143804,"statcode":"GM0626","statnaam":"Voorschoten","jrstatcode":"2012GM0626","rubriek":"gemeente","FID":"gemeente_gegeneraliseerd_2012.7b7bdc03-128a-4c95-a2a4-38de3bcd8cf0"},"id":"GM0626"},{"arcs":[[-712,840,841,-673,842]],"type":"Polygon","properties":{"id":143805,"statcode":"GM0627","statnaam":"Waddinxveen","jrstatcode":"2012GM0627","rubriek":"gemeente","FID":"gemeente_gegeneraliseerd_2012.003190e9-5e73-4839-bf03-34712e6cba20"},"id":"GM0627"},{"arcs":[[-752,-840,843,-719,844,-738]],"type":"Polygon","properties":{"id":143806,"statcode":"GM0629","statnaam":"Wassenaar","jrstatcode":"2012GM0629","rubriek":"gemeente","FID":"gemeente_gegeneraliseerd_2012.7c0f6c6c-4657-4232-b9ac-56b7b76f9dad"},"id":"GM0629"},{"arcs":[[-773,845,846,-474,-466,847]],"type":"Polygon","properties":{"id":143807,"statcode":"GM0632","statnaam":"Woerden","jrstatcode":"2012GM0632","rubriek":"gemeente","FID":"gemeente_gegeneraliseerd_2012.9f3d7b00-7c5f-45e6-906e-bbc65aca12b3"},"id":"GM0632"},{"arcs":[[-714,848,849,850,851,852]],"type":"Polygon","properties":{"id":143808,"statcode":"GM0637","statnaam":"Zoetermeer","jrstatcode":"2012GM0637","rubriek":"gemeente","FID":"gemeente_gegeneraliseerd_2012.72dd1161-5415-4e91-bcfd-0281376b7c93"},"id":"GM0637"},{"arcs":[[-757,853,-850,854,-749]],"type":"Polygon","properties":{"id":143809,"statcode":"GM0638","statnaam":"Zoeterwoude","jrstatcode":"2012GM0638","rubriek":"gemeente","FID":"gemeente_gegeneraliseerd_2012.0f141596-b2dd-4fad-85c7-630d7b9a5654"},"id":"GM0638"},{"arcs":[[-807,-729,-804,-691,-796,-661]],"type":"Polygon","properties":{"id":143810,"statcode":"GM0642","statnaam":"Zwijndrecht","jrstatcode":"2012GM0642","rubriek":"gemeente","FID":"gemeente_gegeneraliseerd_2012.196c5783-dfc1-4d9e-a941-8267e4d1950c"},"id":"GM0642"},{"arcs":[[-809,-741,855,-664,856,-778]],"type":"Polygon","properties":{"id":143811,"statcode":"GM0643","statnaam":"Nederlek","jrstatcode":"2012GM0643","rubriek":"gemeente","FID":"gemeente_gegeneraliseerd_2012.e0448eeb-87be-4451-bc16-3e100b9c6d3f"},"id":"GM0643"},{"arcs":[[-856,-740,-679,857,-710,-837,-665]],"type":"Polygon","properties":{"id":143812,"statcode":"GM0644","statnaam":"Ouderkerk","jrstatcode":"2012GM0644","rubriek":"gemeente","FID":"gemeente_gegeneraliseerd_2012.b8ccedbd-5dfc-4dcb-b4bb-c221a974a146"},"id":"GM0644"},{"arcs":[[-71,-129,858,859]],"type":"Polygon","properties":{"id":143813,"statcode":"GM0653","statnaam":"Gaasterlân-Sleat","jrstatcode":"2012GM0653","rubriek":"gemeente","FID":"gemeente_gegeneraliseerd_2012.63f34308-5cf6-4e84-9f34-5109f840fc1e"},"id":"GM0653"},{"arcs":[[860,861,862,863,864,865,866,867,868,869,870]],"type":"Polygon","properties":{"id":143814,"statcode":"GM0654","statnaam":"Borsele","jrstatcode":"2012GM0654","rubriek":"gemeente","FID":"gemeente_gegeneraliseerd_2012.e7b5c82d-1f00-4e1c-b19f-ec2b545b2481"},"id":"GM0654"},{"arcs":[[-871,873,874,875,876,877]],"type":"Polygon","properties":{"id":143815,"statcode":"GM0664","statnaam":"Goes","jrstatcode":"2012GM0664","rubriek":"gemeente","FID":"gemeente_gegeneraliseerd_2012.225a69ae-8c36-4b9a-a085-6ea2d65e960a"},"id":"GM0664"},{"arcs":[[-402,880,-362,-420,-389,881,-311]],"type":"Polygon","properties":{"id":143816,"statcode":"GM0668","statnaam":"West Maas en Waal","jrstatcode":"2012GM0668","rubriek":"gemeente","FID":"gemeente_gegeneraliseerd_2012.b705e1d9-bc07-43fc-a33e-fa920969f672"},"id":"GM0668"},{"arcs":[[882,883]],"type":"Polygon","properties":{"id":143817,"statcode":"GM0677","statnaam":"Hulst","jrstatcode":"2012GM0677","rubriek":"gemeente","FID":"gemeente_gegeneraliseerd_2012.49b8256e-7bbf-4d78-873c-70b7d9fd2ae2"},"id":"GM0677"},{"arcs":[[884,-861,-878,885,886]],"type":"Polygon","properties":{"id":143818,"statcode":"GM0678","statnaam":"Kapelle","jrstatcode":"2012GM0678","rubriek":"gemeente","FID":"gemeente_gegeneraliseerd_2012.243c0e90-a4f2-4ec2-b897-6a41459381c1"},"id":"GM0678"},{"arcs":[[887,888,-874,-870,889]],"type":"Polygon","properties":{"id":143819,"statcode":"GM0687","statnaam":"Middelburg","jrstatcode":"2012GM0687","rubriek":"gemeente","FID":"gemeente_gegeneraliseerd_2012.99f2a747-8ef6-40c5-90b6-5cef47aeef72"},"id":"GM0687"},{"arcs":[[-724,890,891,892,-743,893,-708]],"type":"Polygon","properties":{"id":143820,"statcode":"GM0689","statnaam":"Giessenlanden","jrstatcode":"2012GM0689","rubriek":"gemeente","FID":"gemeente_gegeneraliseerd_2012.7e4ec2b8-5d22-41a4-b6df-26923cc414e4"},"id":"GM0689"},{"arcs":[[-651,-780,894,-891,-723,-827,-805]],"type":"Polygon","properties":{"id":143821,"statcode":"GM0693","statnaam":"Graafstroom","jrstatcode":"2012GM0693","rubriek":"gemeente","FID":"gemeente_gegeneraliseerd_2012.9ba72fc2-ae38-4381-9379-cc693b1ef40e"},"id":"GM0693"},{"arcs":[[-825,-460,895,-892,-895,-779,-857,-668]],"type":"Polygon","properties":{"id":143822,"statcode":"GM0694","statnaam":"Liesveld","jrstatcode":"2012GM0694","rubriek":"gemeente","FID":"gemeente_gegeneraliseerd_2012.66755686-1557-4fb9-942a-76ea40528a85"},"id":"GM0694"},{"arcs":[[896,897,898,899,900,-887]],"type":"Polygon","properties":{"id":143823,"statcode":"GM0703","statnaam":"Reimerswaal","jrstatcode":"2012GM0703","rubriek":"gemeente","FID":"gemeente_gegeneraliseerd_2012.b551c39b-234d-4cca-a06a-985afd26badb"},"id":"GM0703"},{"arcs":[[-893,-896,-459,-835,-744]],"type":"Polygon","properties":{"id":143824,"statcode":"GM0707","statnaam":"Zederik","jrstatcode":"2012GM0707","rubriek":"gemeente","FID":"gemeente_gegeneraliseerd_2012.b28b357b-5634-4116-ade2-03aa43975b82"},"id":"GM0707"},{"arcs":[[901,902,-883,903]],"type":"Polygon","properties":{"id":143825,"statcode":"GM0715","statnaam":"Terneuzen","jrstatcode":"2012GM0715","rubriek":"gemeente","FID":"gemeente_gegeneraliseerd_2012.a7f88703-f75e-42d8-a0eb-d7de02006495"},"id":"GM0715"},{"arcs":[[904,905,906,907,-898,908]],"type":"Polygon","properties":{"id":143826,"statcode":"GM0716","statnaam":"Tholen","jrstatcode":"2012GM0716","rubriek":"gemeente","FID":"gemeente_gegeneraliseerd_2012.56264fe5-69dc-4c09-af8b-b7f7aadba3a4"},"id":"GM0716"},{"arcs":[[-888,909,910,911,912]],"type":"Polygon","properties":{"id":143827,"statcode":"GM0717","statnaam":"Veere","jrstatcode":"2012GM0717","rubriek":"gemeente","FID":"gemeente_gegeneraliseerd_2012.314c205b-549d-4d01-9f54-4d1990f64fd4"},"id":"GM0717"},{"arcs":[[917,-872,918,-910,-890,-869]],"type":"Polygon","properties":{"id":143828,"statcode":"GM0718","statnaam":"Vlissingen","jrstatcode":"2012GM0718","rubriek":"gemeente","FID":"gemeente_gegeneraliseerd_2012.7b541301-04e8-4714-82ac-5b93f4efa9db"},"id":"GM0718"},{"arcs":[[-419,-409,-704,-894,-746,-337]],"type":"Polygon","properties":{"id":143829,"statcode":"GM0733","statnaam":"Lingewaal","jrstatcode":"2012GM0733","rubriek":"gemeente","FID":"gemeente_gegeneraliseerd_2012.5595f77a-2520-4eae-b3d0-0513ff039648"},"id":"GM0733"},{"arcs":[[-846,-776,-634,-497,-624,-512,-637,922]],"type":"Polygon","properties":{"id":143830,"statcode":"GM0736","statnaam":"De Ronde Venen","jrstatcode":"2012GM0736","rubriek":"gemeente","FID":"gemeente_gegeneraliseerd_2012.2c9dbcdd-87ea-477c-8624-d66081198f89"},"id":"GM0736"},{"arcs":[[-96,-139,-84,-118,-124,923,924]],"type":"Polygon","properties":{"id":143831,"statcode":"GM0737","statnaam":"Tytsjerksteradiel","jrstatcode":"2012GM0737","rubriek":"gemeente","FID":"gemeente_gegeneraliseerd_2012.8006b622-edf9-40a8-871b-56a586c3bc3f"},"id":"GM0737"},{"arcs":[[925,926,927,928,-406]],"type":"Polygon","properties":{"id":143832,"statcode":"GM0738","statnaam":"Aalburg","jrstatcode":"2012GM0738","rubriek":"gemeente","FID":"gemeente_gegeneraliseerd_2012.41f76ba6-86f6-4136-b729-6b8782e0e6a7"},"id":"GM0738"},{"arcs":[[929,930,931,932,933]],"type":"Polygon","properties":{"id":143833,"statcode":"GM0743","statnaam":"Asten","jrstatcode":"2012GM0743","rubriek":"gemeente","FID":"gemeente_gegeneraliseerd_2012.0516afeb-b6df-42f6-adaf-4bbe766e1321"},"id":"GM0743"},{"arcs":[[934,935]],"type":"Polygon","properties":{"id":143834,"statcode":"GM0744","statnaam":"Baarle-Nassau","jrstatcode":"2012GM0744","rubriek":"gemeente","FID":"gemeente_gegeneraliseerd_2012.1656d256-0be7-4da0-bae1-9147b7b249ab"},"id":"GM0744"},{"arcs":[[936,937,938,-899,-908]],"type":"Polygon","properties":{"id":143835,"statcode":"GM0748","statnaam":"Bergen op Zoom","jrstatcode":"2012GM0748","rubriek":"gemeente","FID":"gemeente_gegeneraliseerd_2012.733c97cf-7268-41c9-a294-278d68626a62"},"id":"GM0748"},{"arcs":[[939,940,941,942,943]],"type":"Polygon","properties":{"id":143836,"statcode":"GM0753","statnaam":"Best","jrstatcode":"2012GM0753","rubriek":"gemeente","FID":"gemeente_gegeneraliseerd_2012.b12649e8-8ff2-4509-b844-88d92ace3c8c"},"id":"GM0753"},{"arcs":[[944,945,946,947]],"type":"Polygon","properties":{"id":143837,"statcode":"GM0755","statnaam":"Boekel","jrstatcode":"2012GM0755","rubriek":"gemeente","FID":"gemeente_gegeneraliseerd_2012.a381888e-0467-4f0e-917e-9b003b830c87"},"id":"GM0755"},{"arcs":[[948,949,950,951,952]],"type":"Polygon","properties":{"id":143838,"statcode":"GM0756","statnaam":"Boxmeer","jrstatcode":"2012GM0756","rubriek":"gemeente","FID":"gemeente_gegeneraliseerd_2012.d5462b14-f98d-418d-aae8-600945a68762"},"id":"GM0756"},{"arcs":[[-941,953,954,955,956,957,958]],"type":"Polygon","properties":{"id":143839,"statcode":"GM0757","statnaam":"Boxtel","jrstatcode":"2012GM0757","rubriek":"gemeente","FID":"gemeente_gegeneraliseerd_2012.4cc4a75b-05f6-4a0f-8e72-1c63d7d07e77"},"id":"GM0757"},{"arcs":[[959,960,961,962,963,964,965,966]],"type":"Polygon","properties":{"id":143840,"statcode":"GM0758","statnaam":"Breda","jrstatcode":"2012GM0758","rubriek":"gemeente","FID":"gemeente_gegeneraliseerd_2012.bb0fe392-042c-4305-bff4-8a7188f791fc"},"id":"GM0758"},{"arcs":[[-931,967,968,969,970,971]],"type":"Polygon","properties":{"id":143841,"statcode":"GM0762","statnaam":"Deurne","jrstatcode":"2012GM0762","rubriek":"gemeente","FID":"gemeente_gegeneraliseerd_2012.3e4df79e-3c50-42c3-b236-ee08670ec9f6"},"id":"GM0762"},{"arcs":[[-55,-62,972,973,-10]],"type":"Polygon","properties":{"id":143842,"statcode":"GM0765","statnaam":"Pekela","jrstatcode":"2012GM0765","rubriek":"gemeente","FID":"gemeente_gegeneraliseerd_2012.a9e1e5f7-2810-4c22-a0e0-31e31b296aed"},"id":"GM0765"},{"arcs":[[974,975,976,977,978,979]],"type":"Polygon","properties":{"id":143843,"statcode":"GM0766","statnaam":"Dongen","jrstatcode":"2012GM0766","rubriek":"gemeente","FID":"gemeente_gegeneraliseerd_2012.0d35146b-36b4-4c14-813a-399ef7e3712a"},"id":"GM0766"},{"arcs":[[980,981,982,983,984]],"type":"Polygon","properties":{"id":143844,"statcode":"GM0770","statnaam":"Eersel","jrstatcode":"2012GM0770","rubriek":"gemeente","FID":"gemeente_gegeneraliseerd_2012.110fa08e-f05c-4369-ad66-663c7f109c9f"},"id":"GM0770"},{"arcs":[[985,-984,986,-944,987,988,989,990,991]],"type":"Polygon","properties":{"id":143845,"statcode":"GM0772","statnaam":"Eindhoven","jrstatcode":"2012GM0772","rubriek":"gemeente","FID":"gemeente_gegeneraliseerd_2012.f1f7c464-64d0-4c7e-99a3-63ac7868ae37"},"id":"GM0772"},{"arcs":[[992,993,994,-964,995]],"type":"Polygon","properties":{"id":143846,"statcode":"GM0777","statnaam":"Etten-Leur","jrstatcode":"2012GM0777","rubriek":"gemeente","FID":"gemeente_gegeneraliseerd_2012.6e7c6b5e-770e-48df-a58b-ee592c6b7c69"},"id":"GM0777"},{"arcs":[[996,997,998,-979,999]],"type":"Polygon","properties":{"id":143847,"statcode":"GM0779","statnaam":"Geertruidenberg","jrstatcode":"2012GM0779","rubriek":"gemeente","FID":"gemeente_gegeneraliseerd_2012.1951e85c-b09a-4c8e-9348-61744365f985"},"id":"GM0779"},{"arcs":[[1000,1001,-960,1002,-977,1003]],"type":"Polygon","properties":{"id":143848,"statcode":"GM0784","statnaam":"Gilze en Rijen","jrstatcode":"2012GM0784","rubriek":"gemeente","FID":"gemeente_gegeneraliseerd_2012.e8224454-e657-4108-a35b-a6ad91ae6717"},"id":"GM0784"},{"arcs":[[1004,1005,1006,-1001,1007]],"type":"Polygon","properties":{"id":143849,"statcode":"GM0785","statnaam":"Goirle","jrstatcode":"2012GM0785","rubriek":"gemeente","FID":"gemeente_gegeneraliseerd_2012.caf030b1-34b4-45e5-9bf1-2bb2b2439bce"},"id":"GM0785"},{"arcs":[[1008,1009,1010,1011,-403,-350]],"type":"Polygon","properties":{"id":143850,"statcode":"GM0786","statnaam":"Grave","jrstatcode":"2012GM0786","rubriek":"gemeente","FID":"gemeente_gegeneraliseerd_2012.a55ac5a4-9691-405d-b880-d45da3130090"},"id":"GM0786"},{"arcs":[[1012,1013,1014,1015,-956]],"type":"Polygon","properties":{"id":143851,"statcode":"GM0788","statnaam":"Haaren","jrstatcode":"2012GM0788","rubriek":"gemeente","FID":"gemeente_gegeneraliseerd_2012.a91809fb-2022-4610-b656-29681671c436"},"id":"GM0788"},{"arcs":[[-930,1016,1017,1018,1019,1020,-968]],"type":"Polygon","properties":{"id":143852,"statcode":"GM0794","statnaam":"Helmond","jrstatcode":"2012GM0794","rubriek":"gemeente","FID":"gemeente_gegeneraliseerd_2012.ce8d537f-6365-488e-9b93-f8aa03f44d52"},"id":"GM0794"},{"arcs":[[-364,1021,1022,1023,1024,1025]],"type":"Polygon","properties":{"id":143853,"statcode":"GM0796","statnaam":"'s-Hertogenbosch","jrstatcode":"2012GM0796","rubriek":"gemeente","FID":"gemeente_gegeneraliseerd_2012.cc5fcfbf-f47a-46ce-afb4-a415cffe0d07"},"id":"GM0796"},{"arcs":[[-926,-405,-365,-1026,1026,-1015,1027,1028,1029]],"type":"Polygon","properties":{"id":143854,"statcode":"GM0797","statnaam":"Heusden","jrstatcode":"2012GM0797","rubriek":"gemeente","FID":"gemeente_gegeneraliseerd_2012.e151cb00-98fe-46aa-8025-3d2fb341d099"},"id":"GM0797"},{"arcs":[[1030,1031,1032,1033,-1005,1034]],"type":"Polygon","properties":{"id":143855,"statcode":"GM0798","statnaam":"Hilvarenbeek","jrstatcode":"2012GM0798","rubriek":"gemeente","FID":"gemeente_gegeneraliseerd_2012.31744711-61ff-402b-8d6b-52ac81289f6b"},"id":"GM0798"},{"arcs":[[1035,-975,1036,-1029]],"type":"Polygon","properties":{"id":143856,"statcode":"GM0809","statnaam":"Loon op Zand","jrstatcode":"2012GM0809","rubriek":"gemeente","FID":"gemeente_gegeneraliseerd_2012.8403e409-6df1-4e6a-9f0f-00e6dd2f05e7"},"id":"GM0809"},{"arcs":[[-1010,1037,1038,1039,1040]],"type":"Polygon","properties":{"id":143857,"statcode":"GM0815","statnaam":"Mill en Sint Hubert","jrstatcode":"2012GM0815","rubriek":"gemeente","FID":"gemeente_gegeneraliseerd_2012.2588b9ab-e246-412b-b15b-3d97a679ae60"},"id":"GM0815"},{"arcs":[[-989,1041,1042,1043,-1019,1044]],"type":"Polygon","properties":{"id":143858,"statcode":"GM0820","statnaam":"Nuenen. Gerwen en Nederwetten","jrstatcode":"2012GM0820","rubriek":"gemeente","FID":"gemeente_gegeneraliseerd_2012.baab9e9d-4828-400c-95b6-8e232c37f716"},"id":"GM0820"},{"arcs":[[-940,-987,-983,1045,-1032,1046,-954]],"type":"Polygon","properties":{"id":143859,"statcode":"GM0823","statnaam":"Oirschot","jrstatcode":"2012GM0823","rubriek":"gemeente","FID":"gemeente_gegeneraliseerd_2012.fdab1fd0-a7a6-4cc6-8dd5-b94b8bc69a37"},"id":"GM0823"},{"arcs":[[-1013,-955,-1047,-1031,1047]],"type":"Polygon","properties":{"id":143860,"statcode":"GM0824","statnaam":"Oisterwijk","jrstatcode":"2012GM0824","rubriek":"gemeente","FID":"gemeente_gegeneraliseerd_2012.252f79c2-0b6c-472f-8c6a-fd08c7c8617c"},"id":"GM0824"},{"arcs":[[-978,-1003,-967,1048,-1000]],"type":"Polygon","properties":{"id":143861,"statcode":"GM0826","statnaam":"Oosterhout","jrstatcode":"2012GM0826","rubriek":"gemeente","FID":"gemeente_gegeneraliseerd_2012.2cae0433-812a-4f47-9208-f4b0e2a81079"},"id":"GM0826"},{"arcs":[[-881,-404,-1012,1049,1050,1051,-1022,-363]],"type":"Polygon","properties":{"id":143862,"statcode":"GM0828","statnaam":"Oss","jrstatcode":"2012GM0828","rubriek":"gemeente","FID":"gemeente_gegeneraliseerd_2012.5ce75404-d61d-4dcf-ada5-b5ce1b27dea0"},"id":"GM0828"},{"arcs":[[1052,1053,1054,1055,-993]],"type":"Polygon","properties":{"id":143863,"statcode":"GM0840","statnaam":"Rucphen","jrstatcode":"2012GM0840","rubriek":"gemeente","FID":"gemeente_gegeneraliseerd_2012.540e8906-c72d-4ef7-912d-02fb4d27b021"},"id":"GM0840"},{"arcs":[[1056,1057,1058,1059]],"type":"Polygon","properties":{"id":143864,"statcode":"GM0844","statnaam":"Schijndel","jrstatcode":"2012GM0844","rubriek":"gemeente","FID":"gemeente_gegeneraliseerd_2012.ea9f3cea-edad-4e6e-b97d-9b40fb9e0b78"},"id":"GM0844"},{"arcs":[[1060,1061,-1057,1062,-958,1063,-1024]],"type":"Polygon","properties":{"id":143865,"statcode":"GM0845","statnaam":"Sint-Michielsgestel","jrstatcode":"2012GM0845","rubriek":"gemeente","FID":"gemeente_gegeneraliseerd_2012.7822228e-0af8-4947-a266-2ab1bcbd4773"},"id":"GM0845"},{"arcs":[[-1060,1064,1065,-1043,1066,-942,-959,-1063]],"type":"Polygon","properties":{"id":143866,"statcode":"GM0846","statnaam":"Sint-Oedenrode","jrstatcode":"2012GM0846","rubriek":"gemeente","FID":"gemeente_gegeneraliseerd_2012.6a0619eb-dccf-4ca6-b42b-5a6fe75e350d"},"id":"GM0846"},{"arcs":[[1067,-1017,-934,1068,1069,1070]],"type":"Polygon","properties":{"id":143867,"statcode":"GM0847","statnaam":"Someren","jrstatcode":"2012GM0847","rubriek":"gemeente","FID":"gemeente_gegeneraliseerd_2012.613f019d-4476-4953-b9d4-c48497b7f588"},"id":"GM0847"},{"arcs":[[-988,-943,-1067,-1042]],"type":"Polygon","properties":{"id":143868,"statcode":"GM0848","statnaam":"Son en Breugel","jrstatcode":"2012GM0848","rubriek":"gemeente","FID":"gemeente_gegeneraliseerd_2012.787f1069-b007-4091-ab87-ddba628c5866"},"id":"GM0848"},{"arcs":[[-907,1071,1072,1073,1074,-937]],"type":"Polygon","properties":{"id":143869,"statcode":"GM0851","statnaam":"Steenbergen","jrstatcode":"2012GM0851","rubriek":"gemeente","FID":"gemeente_gegeneraliseerd_2012.872f0e87-bd0d-4bc0-ab02-cafa1e9e66e5"},"id":"GM0851"},{"arcs":[[-559,1075,-506,-608,-625]],"type":"Polygon","properties":{"id":143870,"statcode":"GM0852","statnaam":"Waterland","jrstatcode":"2012GM0852","rubriek":"gemeente","FID":"gemeente_gegeneraliseerd_2012.2b5c0800-5924-4b61-904c-cdbf01d756bf"},"id":"GM0852"},{"arcs":[[-1008,-1004,-976,-1036,-1028,-1014,-1048,-1035]],"type":"Polygon","properties":{"id":143871,"statcode":"GM0855","statnaam":"Tilburg","jrstatcode":"2012GM0855","rubriek":"gemeente","FID":"gemeente_gegeneraliseerd_2012.8d3d48cf-0bf1-4263-9a01-e3bf369ca41a"},"id":"GM0855"},{"arcs":[[-1040,1076,-946,1077,1078,1079]],"type":"Polygon","properties":{"id":143872,"statcode":"GM0856","statnaam":"Uden","jrstatcode":"2012GM0856","rubriek":"gemeente","FID":"gemeente_gegeneraliseerd_2012.96e45d77-18a8-42bf-82c7-33f476a3019f"},"id":"GM0856"},{"arcs":[[1080,1081,1082,1083]],"type":"Polygon","properties":{"id":143873,"statcode":"GM0858","statnaam":"Valkenswaard","jrstatcode":"2012GM0858","rubriek":"gemeente","FID":"gemeente_gegeneraliseerd_2012.fc61c10a-55f1-4d8d-a85c-ca38c2398db5"},"id":"GM0858"},{"arcs":[[-1059,1084,-1078,-945,1085,1086,-1065]],"type":"Polygon","properties":{"id":143874,"statcode":"GM0860","statnaam":"Veghel","jrstatcode":"2012GM0860","rubriek":"gemeente","FID":"gemeente_gegeneraliseerd_2012.e287e839-9db1-40db-92a4-a5e2c75ec77d"},"id":"GM0860"},{"arcs":[[1087,1088,-985,-986]],"type":"Polygon","properties":{"id":143875,"statcode":"GM0861","statnaam":"Veldhoven","jrstatcode":"2012GM0861","rubriek":"gemeente","FID":"gemeente_gegeneraliseerd_2012.06da82cb-01fb-4745-be83-0d20eb97b5e9"},"id":"GM0861"},{"arcs":[[-1027,-1025,-1064,-957,-1016]],"type":"Polygon","properties":{"id":143876,"statcode":"GM0865","statnaam":"Vught","jrstatcode":"2012GM0865","rubriek":"gemeente","FID":"gemeente_gegeneraliseerd_2012.ecca19f8-ebf7-4b2f-a7e9-77c561daea86"},"id":"GM0865"},{"arcs":[[1089,-1082,1090,-1088,-992]],"type":"Polygon","properties":{"id":143877,"statcode":"GM0866","statnaam":"Waalre","jrstatcode":"2012GM0866","rubriek":"gemeente","FID":"gemeente_gegeneraliseerd_2012.0d184971-448f-42a6-9c48-2ef8892c5ad5"},"id":"GM0866"},{"arcs":[[-980,-999,1091,-927,-1030,-1037]],"type":"Polygon","properties":{"id":143878,"statcode":"GM0867","statnaam":"Waalwijk","jrstatcode":"2012GM0867","rubriek":"gemeente","FID":"gemeente_gegeneraliseerd_2012.fcb479f0-1ed8-449a-9334-b8cac4190d65"},"id":"GM0867"},{"arcs":[[1092,-695,-721,-706,1093,-928,-1092,-998]],"type":"Polygon","properties":{"id":143879,"statcode":"GM0870","statnaam":"Werkendam","jrstatcode":"2012GM0870","rubriek":"gemeente","FID":"gemeente_gegeneraliseerd_2012.a9e51dee-0408-4c2d-8791-4254d10448c5"},"id":"GM0870"},{"arcs":[[-900,-939,1094,1095]],"type":"Polygon","properties":{"id":143880,"statcode":"GM0873","statnaam":"Woensdrecht","jrstatcode":"2012GM0873","rubriek":"gemeente","FID":"gemeente_gegeneraliseerd_2012.20160942-47e5-45c8-b8a6-3ace92e2d060"},"id":"GM0873"},{"arcs":[[-1094,-705,-407,-929]],"type":"Polygon","properties":{"id":143881,"statcode":"GM0874","statnaam":"Woudrichem","jrstatcode":"2012GM0874","rubriek":"gemeente","FID":"gemeente_gegeneraliseerd_2012.22cdaeaa-48ae-4e7f-9589-80e0ca2e04a2"},"id":"GM0874"},{"arcs":[[-996,-963,1096,-1053]],"type":"Polygon","properties":{"id":143882,"statcode":"GM0879","statnaam":"Zundert","jrstatcode":"2012GM0879","rubriek":"gemeente","FID":"gemeente_gegeneraliseerd_2012.60dbe5f5-691b-4024-afea-0071436c2292"},"id":"GM0879"},{"arcs":[[-606,-621,-648,-517,-526,-626]],"type":"Polygon","properties":{"id":143883,"statcode":"GM0880","statnaam":"Wormerland","jrstatcode":"2012GM0880","rubriek":"gemeente","FID":"gemeente_gegeneraliseerd_2012.aa66a6fd-902f-4399-9fef-6ce0bcded742"},"id":"GM0880"},{"arcs":[[1097,1098,1099]],"type":"Polygon","properties":{"id":143884,"statcode":"GM0881","statnaam":"Onderbanken","jrstatcode":"2012GM0881","rubriek":"gemeente","FID":"gemeente_gegeneraliseerd_2012.11ee0b16-d9e8-468b-9fa6-37e026e4c99a"},"id":"GM0881"},{"arcs":[[1100,1101,1102,1103]],"type":"Polygon","properties":{"id":143885,"statcode":"GM0882","statnaam":"Landgraaf","jrstatcode":"2012GM0882","rubriek":"gemeente","FID":"gemeente_gegeneraliseerd_2012.c6c61310-c976-42d7-972b-3682b2da5ec5"},"id":"GM0882"},{"arcs":[[1104,1105,1106,1107,1108]],"type":"Polygon","properties":{"id":143886,"statcode":"GM0888","statnaam":"Beek","jrstatcode":"2012GM0888","rubriek":"gemeente","FID":"gemeente_gegeneraliseerd_2012.de4a9594-4f7a-4fc9-b144-98251b614dcd"},"id":"GM0888"},{"arcs":[[1109,1110,1111,1112,1113]],"type":"Polygon","properties":{"id":143887,"statcode":"GM0889","statnaam":"Beesel","jrstatcode":"2012GM0889","rubriek":"gemeente","FID":"gemeente_gegeneraliseerd_2012.b3b2b12a-1904-4432-81f2-391e7c5eae84"},"id":"GM0889"},{"arcs":[[-951,1114,1115,1116,1117,1118]],"type":"Polygon","properties":{"id":143888,"statcode":"GM0893","statnaam":"Bergen (L.)","jrstatcode":"2012GM0893","rubriek":"gemeente","FID":"gemeente_gegeneraliseerd_2012.4e937a3c-6f78-44d0-9eb6-b7d74f16765b"},"id":"GM0893"},{"arcs":[[-1101,1119,1120,-1100,1121]],"type":"Polygon","properties":{"id":143889,"statcode":"GM0899","statnaam":"Brunssum","jrstatcode":"2012GM0899","rubriek":"gemeente","FID":"gemeente_gegeneraliseerd_2012.8ac27714-d121-4982-b3eb-56bf1a5b1c27"},"id":"GM0899"},{"arcs":[[-338,1122,-1115,-950,1123,1124]],"type":"Polygon","properties":{"id":143890,"statcode":"GM0907","statnaam":"Gennep","jrstatcode":"2012GM0907","rubriek":"gemeente","FID":"gemeente_gegeneraliseerd_2012.4ef800e7-1b4c-4c99-8e37-989cc368feb3"},"id":"GM0907"},{"arcs":[[1125,1126,1127,1128,1129,1130,-1120,-1104]],"type":"Polygon","properties":{"id":143891,"statcode":"GM0917","statnaam":"Heerlen","jrstatcode":"2012GM0917","rubriek":"gemeente","FID":"gemeente_gegeneraliseerd_2012.c792fcfc-7a61-4641-ac19-b951e7dcce21"},"id":"GM0917"},{"arcs":[[-1126,-1103,1131]],"type":"Polygon","properties":{"id":143892,"statcode":"GM0928","statnaam":"Kerkrade","jrstatcode":"2012GM0928","rubriek":"gemeente","FID":"gemeente_gegeneraliseerd_2012.1db190f2-3a91-40aa-a57f-9a41efef95ad"},"id":"GM0928"},{"arcs":[[1132,1133,1134,1135]],"type":"Polygon","properties":{"id":143893,"statcode":"GM0935","statnaam":"Maastricht","jrstatcode":"2012GM0935","rubriek":"gemeente","FID":"gemeente_gegeneraliseerd_2012.40093253-3272-41b3-84fc-3fd4032a6eeb"},"id":"GM0935"},{"arcs":[[1136,-1136,1137,1138,-1108,1139]],"type":"Polygon","properties":{"id":143894,"statcode":"GM0938","statnaam":"Meerssen","jrstatcode":"2012GM0938","rubriek":"gemeente","FID":"gemeente_gegeneraliseerd_2012.25a67e85-451a-4b6c-bf9d-dbe6477002ce"},"id":"GM0938"},{"arcs":[[-353,-339,-1125,1140]],"type":"Polygon","properties":{"id":143895,"statcode":"GM0944","statnaam":"Mook en Middelaar","jrstatcode":"2012GM0944","rubriek":"gemeente","FID":"gemeente_gegeneraliseerd_2012.cff4be63-87b6-4735-b912-c0f2fe8fb42a"},"id":"GM0944"},{"arcs":[[1141,-1069,-933,1142,1143,1144]],"type":"Polygon","properties":{"id":143896,"statcode":"GM0946","statnaam":"Nederweert","jrstatcode":"2012GM0946","rubriek":"gemeente","FID":"gemeente_gegeneraliseerd_2012.b015c06e-d1b0-4403-8c47-53cdb8022a4a"},"id":"GM0946"},{"arcs":[[1145,-1130,1146,1147,-1140,-1107]],"type":"Polygon","properties":{"id":143897,"statcode":"GM0951","statnaam":"Nuth","jrstatcode":"2012GM0951","rubriek":"gemeente","FID":"gemeente_gegeneraliseerd_2012.803b639e-d1e1-472f-9e0a-4096862f4624"},"id":"GM0951"},{"arcs":[[1148,1149,1150,1151,-1111]],"type":"Polygon","properties":{"id":143898,"statcode":"GM0957","statnaam":"Roermond","jrstatcode":"2012GM0957","rubriek":"gemeente","FID":"gemeente_gegeneraliseerd_2012.094e9b37-5e6d-4589-8fd3-f20c32c90997"},"id":"GM0957"},{"arcs":[[1152,-1098,-1121,-1131,-1146,-1106,1153]],"type":"Polygon","properties":{"id":143899,"statcode":"GM0962","statnaam":"Schinnen","jrstatcode":"2012GM0962","rubriek":"gemeente","FID":"gemeente_gegeneraliseerd_2012.9905d0f2-4444-4ded-8fdb-91995d4a2ae0"},"id":"GM0962"},{"arcs":[[1154,1155,1156,-1128]],"type":"Polygon","properties":{"id":143900,"statcode":"GM0965","statnaam":"Simpelveld","jrstatcode":"2012GM0965","rubriek":"gemeente","FID":"gemeente_gegeneraliseerd_2012.7add4d15-9365-4486-ad7b-7cf64c1a48e0"},"id":"GM0965"},{"arcs":[[-1109,-1139,1157,1158]],"type":"Polygon","properties":{"id":143901,"statcode":"GM0971","statnaam":"Stein","jrstatcode":"2012GM0971","rubriek":"gemeente","FID":"gemeente_gegeneraliseerd_2012.23c6d100-3dc0-46b2-88b3-6fb1695f60c8"},"id":"GM0971"},{"arcs":[[1159,1160]],"type":"Polygon","properties":{"id":143902,"statcode":"GM0981","statnaam":"Vaals","jrstatcode":"2012GM0981","rubriek":"gemeente","FID":"gemeente_gegeneraliseerd_2012.8b8a801d-c8a0-4d2a-ad04-8dc924ced34e"},"id":"GM0981"},{"arcs":[[1161,-1117,1162,-1114,1163]],"type":"Polygon","properties":{"id":143903,"statcode":"GM0983","statnaam":"Venlo","jrstatcode":"2012GM0983","rubriek":"gemeente","FID":"gemeente_gegeneraliseerd_2012.43f2c9b8-3325-48c4-b7c3-ca7f53e850c5"},"id":"GM0983"},{"arcs":[[-1119,1164,-970,1165,1166,-952]],"type":"Polygon","properties":{"id":143904,"statcode":"GM0984","statnaam":"Venray","jrstatcode":"2012GM0984","rubriek":"gemeente","FID":"gemeente_gegeneraliseerd_2012.a631472b-f436-4da5-afa2-5f3829778aa2"},"id":"GM0984"},{"arcs":[[-1157,1167,1168,-1147,-1129]],"type":"Polygon","properties":{"id":143905,"statcode":"GM0986","statnaam":"Voerendaal","jrstatcode":"2012GM0986","rubriek":"gemeente","FID":"gemeente_gegeneraliseerd_2012.237aae98-e025-477b-ae13-c8419df52f1b"},"id":"GM0986"},{"arcs":[[1169,1170,-1145,1171]],"type":"Polygon","properties":{"id":143906,"statcode":"GM0988","statnaam":"Weert","jrstatcode":"2012GM0988","rubriek":"gemeente","FID":"gemeente_gegeneraliseerd_2012.771c0d74-c1fa-411c-a9a0-44e5be7555f4"},"id":"GM0988"},{"arcs":[[-1133,-1137,-1148,-1169,1172,1173]],"type":"Polygon","properties":{"id":143907,"statcode":"GM0994","statnaam":"Valkenburg aan de Geul","jrstatcode":"2012GM0994","rubriek":"gemeente","FID":"gemeente_gegeneraliseerd_2012.b018a5b1-9aed-4eb5-a881-28bd6e234151"},"id":"GM0994"},{"arcs":[[-66,-50,1174,-416]],"type":"Polygon","properties":{"id":143908,"statcode":"GM0995","statnaam":"Lelystad","jrstatcode":"2012GM0995","rubriek":"gemeente","FID":"gemeente_gegeneraliseerd_2012.224963a8-3d47-4739-85ee-f45511dc0cd6"},"id":"GM0995"},{"arcs":[[1175,-971,-1165,-1118,-1162]],"type":"Polygon","properties":{"id":143909,"statcode":"GM1507","statnaam":"Horst aan de Maas","jrstatcode":"2012GM1507","rubriek":"gemeente","FID":"gemeente_gegeneraliseerd_2012.98256e43-c045-42c0-b92a-388ea9cf857b"},"id":"GM1507"},{"arcs":[[1176,1177,-308,1178,1179,-252]],"type":"Polygon","properties":{"id":143910,"statcode":"GM1509","statnaam":"Oude IJsselstreek","jrstatcode":"2012GM1509","rubriek":"gemeente","FID":"gemeente_gegeneraliseerd_2012.2a97961c-80de-4b8b-8110-42864e04d0d5"},"id":"GM1509"},{"arcs":[[-781,-784,-758,-574,1180,-754,-747,-785,-735]],"type":"Polygon","properties":{"id":143911,"statcode":"GM1525","statnaam":"Teylingen","jrstatcode":"2012GM1525","rubriek":"gemeente","FID":"gemeente_gegeneraliseerd_2012.8d445a3b-ad29-4c02-a9fd-a64d171ffe22"},"id":"GM1525"},{"arcs":[[-468,-479,-472,-294,-482,-439,-485,-481]],"type":"Polygon","properties":{"id":143912,"statcode":"GM1581","statnaam":"Utrechtse Heuvelrug","jrstatcode":"2012GM1581","rubriek":"gemeente","FID":"gemeente_gegeneraliseerd_2012.ac64d058-b341-44b2-9d54-ab5f964b89d5"},"id":"GM1581"},{"arcs":[[1181,-400,-253,-1180,1182,1183]],"type":"Polygon","properties":{"id":143913,"statcode":"GM1586","statnaam":"Oost Gelre","jrstatcode":"2012GM1586","rubriek":"gemeente","FID":"gemeente_gegeneraliseerd_2012.39ab32e6-6af5-4667-97d4-92cec0f1e0db"},"id":"GM1586"},{"arcs":[[-622,-613,-601,1184,-646,-523,-640,-588]],"type":"Polygon","properties":{"id":143914,"statcode":"GM1598","statnaam":"Koggenland","jrstatcode":"2012GM1598","rubriek":"gemeente","FID":"gemeente_gegeneraliseerd_2012.25f0be46-ce99-484c-97ac-b650224874ac"},"id":"GM1598"},{"arcs":[[1185,-852,1186,1187,-819]],"type":"Polygon","properties":{"id":143915,"statcode":"GM1621","statnaam":"Lansingerland","jrstatcode":"2012GM1621","rubriek":"gemeente","FID":"gemeente_gegeneraliseerd_2012.dec70433-ba43-4b1f-b250-089600aaefe3"},"id":"GM1621"},{"arcs":[[-1172,-1144,1188,-1112,-1152,1189,1190]],"type":"Polygon","properties":{"id":143916,"statcode":"GM1640","statnaam":"Leudal","jrstatcode":"2012GM1640","rubriek":"gemeente","FID":"gemeente_gegeneraliseerd_2012.c83f8208-63e3-477c-97d7-e7fbc1de2277"},"id":"GM1640"},{"arcs":[[1191,-1190,-1151,1192,1193]],"type":"Polygon","properties":{"id":143917,"statcode":"GM1641","statnaam":"Maasgouw","jrstatcode":"2012GM1641","rubriek":"gemeente","FID":"gemeente_gegeneraliseerd_2012.b7089386-a63d-4852-b236-3364e619b4e7"},"id":"GM1641"},{"arcs":[[[-7,-77,1194,1195,-19,-47]],[[1196]]],"type":"MultiPolygon","properties":{"id":143918,"statcode":"GM1651","statnaam":"Eemsmond","jrstatcode":"2012GM1651","rubriek":"gemeente","FID":"gemeente_gegeneraliseerd_2012.44b11caa-8e53-4394-b9c2-86b729ab8d32"},"id":"GM1651"},{"arcs":[[-1021,1197,-1086,-948,1198,-1166,-969]],"type":"Polygon","properties":{"id":143919,"statcode":"GM1652","statnaam":"Gemert-Bakel","jrstatcode":"2012GM1652","rubriek":"gemeente","FID":"gemeente_gegeneraliseerd_2012.d2566b4a-5954-4843-bf41-2e51b1733cef"},"id":"GM1652"},{"arcs":[[-994,-1056,1199,-1074,1200]],"type":"Polygon","properties":{"id":143920,"statcode":"GM1655","statnaam":"Halderberge","jrstatcode":"2012GM1655","rubriek":"gemeente","FID":"gemeente_gegeneraliseerd_2012.8063aff0-1f77-4517-a285-6e6382e6d28f"},"id":"GM1655"},{"arcs":[[-1071,1201,1202,-1083,-1090,-991,1203]],"type":"Polygon","properties":{"id":143921,"statcode":"GM1658","statnaam":"Heeze-Leende","jrstatcode":"2012GM1658","rubriek":"gemeente","FID":"gemeente_gegeneraliseerd_2012.26d3828b-fb3a-44d0-9d3c-f6360da9e2b1"},"id":"GM1658"},{"arcs":[[-1044,-1066,-1087,-1198,-1020]],"type":"Polygon","properties":{"id":143922,"statcode":"GM1659","statnaam":"Laarbeek","jrstatcode":"2012GM1659","rubriek":"gemeente","FID":"gemeente_gegeneraliseerd_2012.33a48cfa-7f67-44e4-b1f6-8007dfacd9a1"},"id":"GM1659"},{"arcs":[[-1195,-76,-88,1204,1205]],"type":"Polygon","properties":{"id":143923,"statcode":"GM1663","statnaam":"De Marne","jrstatcode":"2012GM1663","rubriek":"gemeente","FID":"gemeente_gegeneraliseerd_2012.1a1b9598-5b42-448d-a447-e0cd7be66613"},"id":"GM1663"},{"arcs":[[-1033,1206,1207]],"type":"Polygon","properties":{"id":143924,"statcode":"GM1667","statnaam":"Reusel-De Mierden","jrstatcode":"2012GM1667","rubriek":"gemeente","FID":"gemeente_gegeneraliseerd_2012.72ec82f2-0a3f-414f-8d60-82870b30b271"},"id":"GM1667"},{"arcs":[[-1193,-1150,1208,1209]],"type":"Polygon","properties":{"id":143925,"statcode":"GM1669","statnaam":"Roerdalen","jrstatcode":"2012GM1669","rubriek":"gemeente","FID":"gemeente_gegeneraliseerd_2012.6ed0c07c-84cd-4b22-b3d4-f819122a4d3b"},"id":"GM1669"},{"arcs":[[-1061,-1023,-1052,1210]],"type":"Polygon","properties":{"id":143926,"statcode":"GM1671","statnaam":"Maasdonk","jrstatcode":"2012GM1671","rubriek":"gemeente","FID":"gemeente_gegeneraliseerd_2012.771b2c85-a11d-4946-b13d-3ce5889d12d2"},"id":"GM1671"},{"arcs":[[-654,-671,-842,1211,-1187,-851,-854,-756,1212]],"type":"Polygon","properties":{"id":143927,"statcode":"GM1672","statnaam":"Rijnwoude","jrstatcode":"2012GM1672","rubriek":"gemeente","FID":"gemeente_gegeneraliseerd_2012.31d1817f-c819-48bb-8efd-c3ea8dbda428"},"id":"GM1672"},{"arcs":[[-1095,-938,-1075,-1200,-1055,1213]],"type":"Polygon","properties":{"id":143928,"statcode":"GM1674","statnaam":"Roosendaal","jrstatcode":"2012GM1674","rubriek":"gemeente","FID":"gemeente_gegeneraliseerd_2012.cb97783b-a6ef-4fc7-9046-1dbfa9a7c9ef"},"id":"GM1674"},{"arcs":[[-915,1214,-702,1215,-765,1216]],"type":"Polygon","properties":{"id":143929,"statcode":"GM1676","statnaam":"Schouwen-Duiveland","jrstatcode":"2012GM1676","rubriek":"gemeente","FID":"gemeente_gegeneraliseerd_2012.d30b715c-e2b1-4696-9a16-a359fcae6205"},"id":"GM1676"},{"arcs":[[-153,1218,-147,1219,-40,-60,-53,1220]],"type":"Polygon","properties":{"id":143930,"statcode":"GM1680","statnaam":"Aa en Hunze","jrstatcode":"2012GM1680","rubriek":"gemeente","FID":"gemeente_gegeneraliseerd_2012.5bcf0ca7-116e-4003-82ae-fd03caa9a5ce"},"id":"GM1680"},{"arcs":[[-154,-1221,-57,-65,-155]],"type":"Polygon","properties":{"id":143931,"statcode":"GM1681","statnaam":"Borger-Odoorn","jrstatcode":"2012GM1681","rubriek":"gemeente","FID":"gemeente_gegeneraliseerd_2012.dbb58496-d4cf-40f5-97e6-6520d127ead4"},"id":"GM1681"},{"arcs":[[-1009,-354,-1141,-1124,-949,1221,-1038]],"type":"Polygon","properties":{"id":143932,"statcode":"GM1684","statnaam":"Cuijk","jrstatcode":"2012GM1684","rubriek":"gemeente","FID":"gemeente_gegeneraliseerd_2012.ae998763-be2a-49f9-93d7-2d06cbd721c5"},"id":"GM1684"},{"arcs":[[-1080,1222,-1050,-1011,-1041]],"type":"Polygon","properties":{"id":143933,"statcode":"GM1685","statnaam":"Landerd","jrstatcode":"2012GM1685","rubriek":"gemeente","FID":"gemeente_gegeneraliseerd_2012.e58786d7-5ea8-4d98-9edd-ffebc8573d64"},"id":"GM1685"},{"arcs":[[1223,-158,-197,-233,-161]],"type":"Polygon","properties":{"id":143934,"statcode":"GM1690","statnaam":"De Wolden","jrstatcode":"2012GM1690","rubriek":"gemeente","FID":"gemeente_gegeneraliseerd_2012.37039ddd-4402-4daa-9837-01b8d7f889b7"},"id":"GM1690"},{"arcs":[[-912,1224,-916,1225,-876,1226]],"type":"Polygon","properties":{"id":143935,"statcode":"GM1695","statnaam":"Noord-Beveland","jrstatcode":"2012GM1695","rubriek":"gemeente","FID":"gemeente_gegeneraliseerd_2012.16f2eb3c-2b1e-4a40-af1d-74b2c0d3eb11"},"id":"GM1695"},{"arcs":[[-638,-594,-434,1228]],"type":"Polygon","properties":{"id":143936,"statcode":"GM1696","statnaam":"Wijdemeren","jrstatcode":"2012GM1696","rubriek":"gemeente","FID":"gemeente_gegeneraliseerd_2012.0f2a7660-fac0-480a-9143-5d3952b90aec"},"id":"GM1696"},{"arcs":[[-145,1229,-130,-135,-45,-24,1230]],"type":"Polygon","properties":{"id":143937,"statcode":"GM1699","statnaam":"Noordenveld","jrstatcode":"2012GM1699","rubriek":"gemeente","FID":"gemeente_gegeneraliseerd_2012.39a5e46b-5123-408f-a5ce-f877c18a52c0"},"id":"GM1699"},{"arcs":[[-240,-205,-228,-199,1231,-236,-167]],"type":"Polygon","properties":{"id":143938,"statcode":"GM1700","statnaam":"Twenterand","jrstatcode":"2012GM1700","rubriek":"gemeente","FID":"gemeente_gegeneraliseerd_2012.b239856f-0643-4d55-81aa-3e927c82a586"},"id":"GM1700"},{"arcs":[[-142,-132,1232,-159,-1224,-164,1233]],"type":"Polygon","properties":{"id":143939,"statcode":"GM1701","statnaam":"Westerveld","jrstatcode":"2012GM1701","rubriek":"gemeente","FID":"gemeente_gegeneraliseerd_2012.9be6f38f-a719-49ab-9082-704588f71aed"},"id":"GM1701"},{"arcs":[[-1167,-1199,-947,-1077,-1039,-1222,-953]],"type":"Polygon","properties":{"id":143940,"statcode":"GM1702","statnaam":"Sint Anthonis","jrstatcode":"2012GM1702","rubriek":"gemeente","FID":"gemeente_gegeneraliseerd_2012.ee7c6733-c99d-4d61-9870-f1d90d0cc4d8"},"id":"GM1702"},{"arcs":[[-391,-376,1234,-270,-398,-313,-251,-367]],"type":"Polygon","properties":{"id":143941,"statcode":"GM1705","statnaam":"Lingewaard","jrstatcode":"2012GM1705","rubriek":"gemeente","FID":"gemeente_gegeneraliseerd_2012.5894f8b5-46a0-4478-be1f-55c93ce0486b"},"id":"GM1705"},{"arcs":[[-1202,-1070,-1142,-1171,1235]],"type":"Polygon","properties":{"id":143942,"statcode":"GM1706","statnaam":"Cranendonck","jrstatcode":"2012GM1706","rubriek":"gemeente","FID":"gemeente_gegeneraliseerd_2012.2842ec69-52e8-4cd9-b1ea-cd26e4926728"},"id":"GM1706"},{"arcs":[[-232,1236,1237,-219,-126,-143,-1234,-163]],"type":"Polygon","properties":{"id":143943,"statcode":"GM1708","statnaam":"Steenwijkerland","jrstatcode":"2012GM1708","rubriek":"gemeente","FID":"gemeente_gegeneraliseerd_2012.50a6f659-f536-45e8-8e70-07d9d939e973"},"id":"GM1708"},{"arcs":[[-1073,1238,-697,1239,-965,-995,-1201]],"type":"Polygon","properties":{"id":143944,"statcode":"GM1709","statnaam":"Moerdijk","jrstatcode":"2012GM1709","rubriek":"gemeente","FID":"gemeente_gegeneraliseerd_2012.cd393943-8193-4f7f-963f-c26bd45bc63a"},"id":"GM1709"},{"arcs":[[1242,1243,-1194,-1210,1244]],"type":"Polygon","properties":{"id":143945,"statcode":"GM1711","statnaam":"Echt-Susteren","jrstatcode":"2012GM1711","rubriek":"gemeente","FID":"gemeente_gegeneraliseerd_2012.047dceb9-dfa7-4eb8-ba8d-45c24d0f393c"},"id":"GM1711"},{"arcs":[[-902,1245]],"type":"Polygon","properties":{"id":143946,"statcode":"GM1714","statnaam":"Sluis","jrstatcode":"2012GM1714","rubriek":"gemeente","FID":"gemeente_gegeneraliseerd_2012.7db1a19b-3691-42d6-9640-5353a42beb27"},"id":"GM1714"},{"arcs":[[-696,-1093,-997,-1049,-966,-1240]],"type":"Polygon","properties":{"id":143947,"statcode":"GM1719","statnaam":"Drimmelen","jrstatcode":"2012GM1719","rubriek":"gemeente","FID":"gemeente_gegeneraliseerd_2012.f16b904c-c95c-4c83-a650-c701069f1096"},"id":"GM1719"},{"arcs":[[-1223,-1079,-1085,-1058,-1062,-1211,-1051]],"type":"Polygon","properties":{"id":143948,"statcode":"GM1721","statnaam":"Bernheze","jrstatcode":"2012GM1721","rubriek":"gemeente","FID":"gemeente_gegeneraliseerd_2012.ebf3476f-7117-48f3-9fee-60eb44c8e186"},"id":"GM1721"},{"arcs":[[-924,-123,-104,1246,-89,1247]],"type":"Polygon","properties":{"id":143949,"statcode":"GM1722","statnaam":"Ferwerderadiel","jrstatcode":"2012GM1722","rubriek":"gemeente","FID":"gemeente_gegeneraliseerd_2012.c72d5de8-9a35-4d13-b8a1-553c89561d2c"},"id":"GM1722"},{"arcs":[[-1007,1248,-936,1249,-961,-1002]],"type":"Polygon","properties":{"id":143950,"statcode":"GM1723","statnaam":"Alphen-Chaam","jrstatcode":"2012GM1723","rubriek":"gemeente","FID":"gemeente_gegeneraliseerd_2012.45468a3e-b0a2-42e5-be40-76fe99eee136"},"id":"GM1723"},{"arcs":[[1250,-981,-1089,-1091,-1081,1251]],"type":"Polygon","properties":{"id":143951,"statcode":"GM1724","statnaam":"Bergeijk","jrstatcode":"2012GM1724","rubriek":"gemeente","FID":"gemeente_gegeneraliseerd_2012.bfd145b0-a9ad-474b-a9c7-3a1a96fbdbf8"},"id":"GM1724"},{"arcs":[[-1251,1252,-1207,-1046,-982]],"type":"Polygon","properties":{"id":143952,"statcode":"GM1728","statnaam":"Bladel","jrstatcode":"2012GM1728","rubriek":"gemeente","FID":"gemeente_gegeneraliseerd_2012.74be0c65-2c81-4035-a3ad-fdb98d79a203"},"id":"GM1728"},{"arcs":[[1253,-1161,1254,1255,-1173,-1168,-1156]],"type":"Polygon","properties":{"id":143953,"statcode":"GM1729","statnaam":"Gulpen-Wittem","jrstatcode":"2012GM1729","rubriek":"gemeente","FID":"gemeente_gegeneraliseerd_2012.f52d152b-b4c9-415a-aee4-48a6009820e7"},"id":"GM1729"},{"arcs":[[-1231,-23,-36,-41,-1220,-146]],"type":"Polygon","properties":{"id":143954,"statcode":"GM1730","statnaam":"Tynaarlo","jrstatcode":"2012GM1730","rubriek":"gemeente","FID":"gemeente_gegeneraliseerd_2012.8586a99d-69c1-4a0b-92de-b3a11b97a793"},"id":"GM1730"},{"arcs":[[-160,-1233,-131,-1230,-144,-1219,-152]],"type":"Polygon","properties":{"id":143955,"statcode":"GM1731","statnaam":"Midden-Drenthe","jrstatcode":"2012GM1731","rubriek":"gemeente","FID":"gemeente_gegeneraliseerd_2012.522d1e3a-6fcd-48e4-834c-4785d7bc8e17"},"id":"GM1731"},{"arcs":[[1256,-395,-380,-271,-1235,-375,-284]],"type":"Polygon","properties":{"id":143956,"statcode":"GM1734","statnaam":"Overbetuwe","jrstatcode":"2012GM1734","rubriek":"gemeente","FID":"gemeente_gegeneraliseerd_2012.56a39085-c77f-4e92-a3a5-ee6562ced8d3"},"id":"GM1734"},{"arcs":[[1257,-241,-170,-172,-207,-194,1258,-356]],"type":"Polygon","properties":{"id":143957,"statcode":"GM1735","statnaam":"Hof van Twente","jrstatcode":"2012GM1735","rubriek":"gemeente","FID":"gemeente_gegeneraliseerd_2012.c126d966-bd92-45fa-8e92-07e0bce04d72"},"id":"GM1735"},{"arcs":[[-283,-312,-882,-388,-296,-471,-396,-1257]],"type":"Polygon","properties":{"id":143958,"statcode":"GM1740","statnaam":"Neder-Betuwe","jrstatcode":"2012GM1740","rubriek":"gemeente","FID":"gemeente_gegeneraliseerd_2012.ba667c57-4993-408b-aae5-bf3ef69a668c"},"id":"GM1740"},{"arcs":[[-231,-202,-242,-1258,-355,-185]],"type":"Polygon","properties":{"id":143959,"statcode":"GM1742","statnaam":"Rijssen-Holten","jrstatcode":"2012GM1742","rubriek":"gemeente","FID":"gemeente_gegeneraliseerd_2012.56fb664b-3aff-4978-a27f-1d42415f22c4"},"id":"GM1742"},{"arcs":[[-990,-1045,-1018,-1068,-1204]],"type":"Polygon","properties":{"id":143960,"statcode":"GM1771","statnaam":"Geldrop-Mierlo","jrstatcode":"2012GM1771","rubriek":"gemeente","FID":"gemeente_gegeneraliseerd_2012.7fba400d-8515-493e-848e-67db4babcf28"},"id":"GM1771"},{"arcs":[[-394,-328,-349,-244,-229,-183]],"type":"Polygon","properties":{"id":143961,"statcode":"GM1773","statnaam":"Olst-Wijhe","jrstatcode":"2012GM1773","rubriek":"gemeente","FID":"gemeente_gegeneraliseerd_2012.f32fe49a-0ed8-4512-88e3-ad4409bc1a07"},"id":"GM1773"},{"arcs":[[1259,-217,-226,-188,-206,-174,-238]],"type":"Polygon","properties":{"id":143962,"statcode":"GM1774","statnaam":"Dinkelland","jrstatcode":"2012GM1774","rubriek":"gemeente","FID":"gemeente_gegeneraliseerd_2012.04fd4a4d-b15d-42f8-b096-1ae8a0117daf"},"id":"GM1774"},{"arcs":[[-760,-814,1260,-717,-822,1261]],"type":"Polygon","properties":{"id":143963,"statcode":"GM1783","statnaam":"Westland","jrstatcode":"2012GM1783","rubriek":"gemeente","FID":"gemeente_gegeneraliseerd_2012.713055ed-a685-4150-89ae-fff42668f860"},"id":"GM1783"},{"arcs":[[-761,-1262,-821,-686,-817,-823,-836]],"type":"Polygon","properties":{"id":143964,"statcode":"GM1842","statnaam":"Midden-Delfland","jrstatcode":"2012GM1842","rubriek":"gemeente","FID":"gemeente_gegeneraliseerd_2012.769e7583-13e8-4022-bb7b-a2f203036e12"},"id":"GM1842"},{"arcs":[[1262,-357,-1259,-193,1263,-1184]],"type":"Polygon","properties":{"id":143965,"statcode":"GM1859","statnaam":"Berkelland","jrstatcode":"2012GM1859","rubriek":"gemeente","FID":"gemeente_gegeneraliseerd_2012.ec621bff-05c9-4bdc-b89a-df33fbff74e6"},"id":"GM1859"},{"arcs":[[-384,-288,-414,-358,-1263,-1183,-1179,-307,-411,-304]],"type":"Polygon","properties":{"id":143966,"statcode":"GM1876","statnaam":"Bronckhorst","jrstatcode":"2012GM1876","rubriek":"gemeente","FID":"gemeente_gegeneraliseerd_2012.b8b029fa-9f08-452b-9634-2f521af4857f"},"id":"GM1876"},{"arcs":[[1264,-1154,-1105,-1159,1265,-1243]],"type":"Polygon","properties":{"id":143967,"statcode":"GM1883","statnaam":"Sittard-Geleen","jrstatcode":"2012GM1883","rubriek":"gemeente","FID":"gemeente_gegeneraliseerd_2012.31414226-c06e-4ef9-8afc-f0252384a699"},"id":"GM1883"},{"arcs":[[-1213,-755,-1181,-573,-489,-633,-775,-655]],"type":"Polygon","properties":{"id":143968,"statcode":"GM1884","statnaam":"Kaag en Braassem","jrstatcode":"2012GM1884","rubriek":"gemeente","FID":"gemeente_gegeneraliseerd_2012.0918f7ce-ae03-4b37-aa18-5fac8ef950d7"},"id":"GM1884"},{"arcs":[[-1248,-93,-116,-97,-925]],"type":"Polygon","properties":{"id":143969,"statcode":"GM1891","statnaam":"Dantumadiel","jrstatcode":"2012GM1891","rubriek":"gemeente","FID":"gemeente_gegeneraliseerd_2012.47fe0a2c-aaaf-4039-958f-8eb71510625f"},"id":"GM1891"},{"arcs":[[-678,-820,-1188,-1212,-841,-711,-858]],"type":"Polygon","properties":{"id":143970,"statcode":"GM1892","statnaam":"Zuidplas","jrstatcode":"2012GM1892","rubriek":"gemeente","FID":"gemeente_gegeneraliseerd_2012.9d5cb5fe-0d94-4b2e-84cf-0a102016fee5"},"id":"GM1892"},{"arcs":[[-1189,-1143,-932,-972,-1176,-1164,-1113]],"type":"Polygon","properties":{"id":143971,"statcode":"GM1894","statnaam":"Peel en Maas","jrstatcode":"2012GM1894","rubriek":"gemeente","FID":"gemeente_gegeneraliseerd_2012.4c108ede-6358-4edc-bbe7-010d2fe8232b"},"id":"GM1894"},{"arcs":[[1266,-11,-974,1267,-59,-21]],"type":"Polygon","properties":{"id":143972,"statcode":"GM1895","statnaam":"Oldambt","jrstatcode":"2012GM1895","rubriek":"gemeente","FID":"gemeente_gegeneraliseerd_2012.a051cbe5-71a4-4b41-b9cc-10ab0ab7f0d1"},"id":"GM1895"},{"arcs":[[-211,1268,-1237,-235,-243]],"type":"Polygon","properties":{"id":143973,"statcode":"GM1896","statnaam":"Zwartewaterland","jrstatcode":"2012GM1896","rubriek":"gemeente","FID":"gemeente_gegeneraliseerd_2012.5f394b61-ad03-4a55-bb88-c645deb47e44"},"id":"GM1896"},{"arcs":[[-111,-108,-165,-81,-72,-860,1269]],"type":"Polygon","properties":{"id":143974,"statcode":"GM1900","statnaam":"Sûdwest Fryslân","jrstatcode":"2012GM1900","rubriek":"gemeente","FID":"gemeente_gegeneraliseerd_2012.bbfec288-4eef-4336-9d56-1420cdbbcfcb"},"id":"GM1900"},{"arcs":[[-838,-713,-843,-672,-657,-774,-848,-465,-803]],"type":"Polygon","properties":{"id":143975,"statcode":"GM1901","statnaam":"Bodegraven-Reeuwijk","jrstatcode":"2012GM1901","rubriek":"gemeente","FID":"gemeente_gegeneraliseerd_2012.331d7ddf-3d9f-47e3-af11-0425169ac872"},"id":"GM1901"},{"arcs":[[1272,-1134,-1174,-1256]],"type":"Polygon","properties":{"id":143976,"statcode":"GM1903","statnaam":"Eijsden-Margraten","jrstatcode":"2012GM1903","rubriek":"gemeente","FID":"gemeente_gegeneraliseerd_2012.6d9d0282-41a7-40b5-8b20-b7c62d7257ff"},"id":"GM1903"},{"arcs":[[-433,-475,-847,-923,-639,-1229]],"type":"Polygon","properties":{"id":143977,"statcode":"GM1904","statnaam":"Stichtse Vecht","jrstatcode":"2012GM1904","rubriek":"gemeente","FID":"gemeente_gegeneraliseerd_2012.cf76eba9-267c-483f-95c6-7862d0e0ddad"},"id":"GM1904"},{"arcs":[[-166,-106,-101,-122,-120]],"type":"Polygon","properties":{"id":143978,"statcode":"GM1908","statnaam":"Menameradiel","jrstatcode":"2012GM1908","rubriek":"gemeente","FID":"gemeente_gegeneraliseerd_2012.1127229c-7139-4db6-9a3b-4bbf50a9343f"},"id":"GM1908"},{"arcs":[[-623,-586,-579,-628,-645,-592,1273,-1271,1274,-609]],"type":"Polygon","properties":{"id":143979,"statcode":"GM1911","statnaam":"Hollands Kroon","jrstatcode":"2012GM1911","rubriek":"gemeente","FID":"gemeente_gegeneraliseerd_2012.44bad359-129a-4e80-898e-4b684d2b52c2"},"id":"GM1911"},{"arcs":[[-844,-839,-750,-855,-849,-720]],"type":"Polygon","properties":{"id":143980,"statcode":"GM1916","statnaam":"Leidschendam-Voorburg","jrstatcode":"2012GM1916","rubriek":"gemeente","FID":"gemeente_gegeneraliseerd_2012.1ccfa6aa-6eee-42ab-9aae-21e4ad7c532f"},"id":"GM1916"},{"arcs":[[-853,-1186,-818,-684,-715]],"type":"Polygon","properties":{"id":143981,"statcode":"GM1926","statnaam":"Pijnacker-Nootdorp","jrstatcode":"2012GM1926","rubriek":"gemeente","FID":"gemeente_gegeneraliseerd_2012.a1923eb5-0d04-43f8-abee-86d4c3f94d8d"},"id":"GM1926"},{"arcs":[[-412,-309,-1178,1275]],"type":"Polygon","properties":{"id":143982,"statcode":"GM1955","statnaam":"Montferland","jrstatcode":"2012GM1955","rubriek":"gemeente","FID":"gemeente_gegeneraliseerd_2012.746c88bb-a3cd-4721-811c-e9fea6561c0f"},"id":"GM1955"},{"arcs":[[-38,-58,-1268,-973,-61]],"type":"Polygon","properties":{"id":143983,"statcode":"GM1987","statnaam":"Menterwolde","jrstatcode":"2012GM1987","rubriek":"gemeente","FID":"gemeente_gegeneraliseerd_2012.d09fb096-fabc-485f-a3e8-474af5021d9d"},"id":"GM1987"}]}}}