{"type":"FeatureCollection", "features": [
{"type":"Feature","geometry":{"type":"Polygon","coordinates":[[[6.834,53.343],[6.839,53.331],[6.807,53.326],[6.814,53.298],[6.846,53.29],[6.887,53.298],[6.883,53.338],[6.834,53.343]]]},"properties":{"id":174773,"statcode":"GM0003","statnaam":"Appingedam","jrstatcode":"2014GM0003","rubriek":"gemeente","FID":"gemeente_gegeneraliseerd_2014.5260587b-bf39-4cd0-a0c5-a5e39779a226"},"id":"GM0003"},
{"type":"Feature","geometry":{"type":"Polygon","coordinates":[[[6.635,53.251],[6.626,53.266],[6.654,53.309],[6.62,53.314],[6.596,53.347],[6.576,53.347],[6.569,53.345],[6.55,53.265],[6.584,53.262],[6.619,53.249],[6.635,53.251]]]},"properties":{"id":174774,"statcode":"GM0005","statnaam":"Bedum","jrstatcode":"2014GM0005","rubriek":"gemeente","FID":"gemeente_gegeneraliseerd_2014.36c2a9e4-6f51-449a-afe0-347bd60bcc07"},"id":"GM0005"},
{"type":"Feature","geometry":{"type":"Polygon","coordinates":[[[7.015,53.072],[7.034,53.065],[7.08,53.061],[7.103,53.061],[7.13,53.039],[7.204,53.056],[7.199,53.081],[7.203,53.113],[7.183,53.122],[7.189,53.155],[7.174,53.148],[7.14,53.155],[7.107,53.144],[7.08,53.144],[7.03,53.115],[7.043,53.102],[7.015,53.072]]]},"properties":{"id":174775,"statcode":"GM0007","statnaam":"Bellingwedde","jrstatcode":"2014GM0007","rubriek":"gemeente","FID":"gemeente_gegeneraliseerd_2014.50bd4a32-58e1-45ce-9182-ae58a03cc2a7"},"id":"GM0007"},
{"type":"Feature","geometry":{"type":"Polygon","coordinates":[[[6.773,53.283],[6.772,53.292],[6.709,53.31],[6.69,53.298],[6.654,53.309],[6.626,53.266],[6.635,53.251],[6.644,53.235],[6.773,53.283]]]},"properties":{"id":174776,"statcode":"GM0009","statnaam":"Ten Boer","jrstatcode":"2014GM0009","rubriek":"gemeente","FID":"gemeente_gegeneraliseerd_2014.e6203844-17a8-4607-a3f1-d3f6e73568de"},"id":"GM0009"},
{"type":"Feature","geometry":{"type":"Polygon","coordinates":[[[7.091,53.257],[7.079,53.265],[7.084,53.298],[7.027,53.302],[6.929,53.329],[6.897,53.356],[6.888,53.396],[6.874,53.408],[6.844,53.422],[6.792,53.404],[6.777,53.398],[6.801,53.366],[6.822,53.36],[6.834,53.343],[6.883,53.338],[6.887,53.298],[6.887,53.279],[6.909,53.279],[6.911,53.243],[6.929,53.237],[6.952,53.256],[6.997,53.267],[7.022,53.253],[7.041,53.26],[7.068,53.242],[7.091,53.257]]]},"properties":{"id":174777,"statcode":"GM0010","statnaam":"Delfzijl","jrstatcode":"2014GM0010","rubriek":"gemeente","FID":"gemeente_gegeneraliseerd_2014.e2f8f766-9ab8-4cef-a7d7-b75599c7ca92"},"id":"GM0010"},
{"type":"Feature","geometry":{"type":"Polygon","coordinates":[[[6.55,53.265],[6.508,53.258],[6.48,53.246],[6.464,53.208],[6.463,53.2],[6.515,53.198],[6.548,53.181],[6.605,53.197],[6.639,53.186],[6.667,53.202],[6.648,53.219],[6.644,53.235],[6.635,53.251],[6.619,53.249],[6.584,53.262],[6.55,53.265]]]},"properties":{"id":174778,"statcode":"GM0014","statnaam":"Groningen","jrstatcode":"2014GM0014","rubriek":"gemeente","FID":"gemeente_gegeneraliseerd_2014.198baed5-03ea-47c6-a176-7ea092cbac35"},"id":"GM0014"},
{"type":"Feature","geometry":{"type":"Polygon","coordinates":[[[6.176,53.135],[6.229,53.155],[6.244,53.173],[6.284,53.182],[6.329,53.204],[6.406,53.217],[6.391,53.235],[6.344,53.252],[6.279,53.245],[6.276,53.256],[6.232,53.256],[6.218,53.242],[6.23,53.218],[6.2,53.198],[6.177,53.159],[6.176,53.135]]]},"properties":{"id":174779,"statcode":"GM0015","statnaam":"Grootegast","jrstatcode":"2014GM0015","rubriek":"gemeente","FID":"gemeente_gegeneraliseerd_2014.524317bd-2955-4fd2-b8af-4ba1bdf73fd8"},"id":"GM0015"},
{"type":"Feature","geometry":{"type":"Polygon","coordinates":[[[6.548,53.181],[6.564,53.158],[6.614,53.136],[6.637,53.113],[6.695,53.121],[6.69,53.151],[6.657,53.181],[6.639,53.186],[6.605,53.197],[6.548,53.181]]]},"properties":{"id":174780,"statcode":"GM0017","statnaam":"Haren","jrstatcode":"2014GM0017","rubriek":"gemeente","FID":"gemeente_gegeneraliseerd_2014.c3eeb574-668e-4ce1-94fc-852f642fb94f"},"id":"GM0017"},
{"type":"Feature","geometry":{"type":"Polygon","coordinates":[[[6.803,53.124],[6.794,53.137],[6.817,53.15],[6.821,53.182],[6.812,53.186],[6.765,53.179],[6.745,53.168],[6.718,53.174],[6.682,53.201],[6.667,53.202],[6.639,53.186],[6.657,53.181],[6.69,53.151],[6.695,53.121],[6.737,53.119],[6.777,53.095],[6.814,53.071],[6.803,53.124]]]},"properties":{"id":174781,"statcode":"GM0018","statnaam":"Hoogezand-Sappemeer","jrstatcode":"2014GM0018","rubriek":"gemeente","FID":"gemeente_gegeneraliseerd_2014.6951b90e-556f-4018-97be-1884b5ec425e"},"id":"GM0018"},
{"type":"Feature","geometry":{"type":"Polygon","coordinates":[[[6.315,53.094],[6.344,53.087],[6.383,53.15],[6.408,53.178],[6.463,53.2],[6.464,53.208],[6.406,53.217],[6.329,53.204],[6.34,53.197],[6.337,53.165],[6.347,53.135],[6.307,53.13],[6.289,53.119],[6.296,53.098],[6.315,53.094]]]},"properties":{"id":174782,"statcode":"GM0022","statnaam":"Leek","jrstatcode":"2014GM0022","rubriek":"gemeente","FID":"gemeente_gegeneraliseerd_2014.0ffc66e8-713f-490d-bc84-2c3649fec49c"},"id":"GM0022"},
{"type":"Feature","geometry":{"type":"Polygon","coordinates":[[[6.792,53.404],[6.779,53.411],[6.697,53.363],[6.664,53.367],[6.631,53.363],[6.596,53.347],[6.62,53.314],[6.654,53.309],[6.69,53.298],[6.709,53.31],[6.772,53.292],[6.773,53.283],[6.814,53.298],[6.807,53.326],[6.839,53.331],[6.834,53.343],[6.822,53.36],[6.801,53.366],[6.777,53.398],[6.792,53.404]]]},"properties":{"id":174783,"statcode":"GM0024","statnaam":"Loppersum","jrstatcode":"2014GM0024","rubriek":"gemeente","FID":"gemeente_gegeneraliseerd_2014.00364689-73f9-41f3-ba0a-eba1a7a2de7d"},"id":"GM0024"},
{"type":"Feature","geometry":{"type":"Polygon","coordinates":[[[6.329,53.204],[6.284,53.182],[6.244,53.173],[6.229,53.155],[6.176,53.135],[6.186,53.129],[6.205,53.116],[6.262,53.114],[6.296,53.098],[6.289,53.119],[6.307,53.13],[6.347,53.135],[6.337,53.165],[6.34,53.197],[6.329,53.204]]]},"properties":{"id":174784,"statcode":"GM0025","statnaam":"Marum","jrstatcode":"2014GM0025","rubriek":"gemeente","FID":"gemeente_gegeneraliseerd_2014.1cdb790f-5403-4166-a1cc-73585d67237e"},"id":"GM0025"},
{"type":"Feature","geometry":{"type":"Polygon","coordinates":[[[5.258,52.435],[5.162,52.4],[5.129,52.383],[5.135,52.339],[5.149,52.329],[5.205,52.335],[5.269,52.322],[5.317,52.304],[5.379,52.314],[5.301,52.382],[5.351,52.4],[5.276,52.423],[5.258,52.435]]]},"properties":{"id":174785,"statcode":"GM0034","statnaam":"Almere","jrstatcode":"2014GM0034","rubriek":"gemeente","FID":"gemeente_gegeneraliseerd_2014.b152cd99-fc5e-488b-94f7-e7cccd8eab20"},"id":"GM0034"},
{"type":"Feature","geometry":{"type":"Polygon","coordinates":[[[7.027,52.919],[7.063,52.931],[7.07,52.953],[7.072,53.004],[7.1,53.016],[7.07,53.043],[7.08,53.061],[7.034,53.065],[7.015,53.072],[7.01,53.074],[6.956,53.014],[6.908,53.039],[6.881,53.047],[6.861,53.041],[6.936,52.993],[7.015,52.925],[7.027,52.919]]]},"properties":{"id":174786,"statcode":"GM0037","statnaam":"Stadskanaal","jrstatcode":"2014GM0037","rubriek":"gemeente","FID":"gemeente_gegeneraliseerd_2014.d8adccd4-e02e-4daf-9886-d7d1336be97d"},"id":"GM0037"},
{"type":"Feature","geometry":{"type":"Polygon","coordinates":[[[6.812,53.186],[6.817,53.198],[6.885,53.226],[6.913,53.225],[6.911,53.243],[6.909,53.279],[6.887,53.279],[6.887,53.298],[6.846,53.29],[6.814,53.298],[6.773,53.283],[6.644,53.235],[6.648,53.219],[6.667,53.202],[6.682,53.201],[6.718,53.174],[6.745,53.168],[6.765,53.179],[6.812,53.186]]]},"properties":{"id":174787,"statcode":"GM0040","statnaam":"Slochteren","jrstatcode":"2014GM0040","rubriek":"gemeente","FID":"gemeente_gegeneraliseerd_2014.71aec82a-4d02-40e5-8906-975e244edb14"},"id":"GM0040"},
{"type":"Feature","geometry":{"type":"Polygon","coordinates":[[[6.962,53.11],[6.959,53.12],[6.9,53.128],[6.803,53.124],[6.814,53.071],[6.861,53.041],[6.881,53.047],[6.908,53.039],[6.93,53.073],[6.961,53.097],[6.962,53.11]]]},"properties":{"id":174788,"statcode":"GM0047","statnaam":"Veendam","jrstatcode":"2014GM0047","rubriek":"gemeente","FID":"gemeente_gegeneraliseerd_2014.bbf23d38-533d-44a7-ae61-29b3154a2337"},"id":"GM0047"},
{"type":"Feature","geometry":{"type":"Polygon","coordinates":[[[7.08,53.061],[7.07,53.043],[7.1,53.016],[7.072,53.004],[7.07,52.953],[7.063,52.931],[7.027,52.919],[7.046,52.916],[7.015,52.873],[7.04,52.873],[7.072,52.845],[7.093,52.838],[7.087,52.85],[7.104,52.864],[7.182,52.942],[7.213,53.011],[7.204,53.056],[7.13,53.039],[7.103,53.061],[7.08,53.061]]]},"properties":{"id":174789,"statcode":"GM0048","statnaam":"Vlagtwedde","jrstatcode":"2014GM0048","rubriek":"gemeente","FID":"gemeente_gegeneraliseerd_2014.e5e48cc6-a014-4c82-a99e-01bdbd9d632a"},"id":"GM0048"},
{"type":"Feature","geometry":{"type":"Polygon","coordinates":[[[5.317,52.304],[5.402,52.253],[5.433,52.256],[5.529,52.276],[5.552,52.322],[5.537,52.347],[5.564,52.368],[5.583,52.363],[5.615,52.371],[5.623,52.409],[5.589,52.411],[5.539,52.386],[5.508,52.398],[5.439,52.443],[5.351,52.4],[5.301,52.382],[5.379,52.314],[5.317,52.304]]]},"properties":{"id":174790,"statcode":"GM0050","statnaam":"Zeewolde","jrstatcode":"2014GM0050","rubriek":"gemeente","FID":"gemeente_gegeneraliseerd_2014.aef61974-3299-4109-b38b-cdd9aa2cd843"},"id":"GM0050"},
{"type":"Feature","geometry":{"type":"Polygon","coordinates":[[[6.548,53.426],[6.515,53.426],[6.5,53.399],[6.47,53.383],[6.485,53.344],[6.438,53.317],[6.421,53.298],[6.44,53.282],[6.506,53.269],[6.508,53.258],[6.55,53.265],[6.569,53.345],[6.576,53.347],[6.546,53.379],[6.523,53.385],[6.544,53.406],[6.548,53.426]]]},"properties":{"id":174791,"statcode":"GM0053","statnaam":"Winsum","jrstatcode":"2014GM0053","rubriek":"gemeente","FID":"gemeente_gegeneraliseerd_2014.cc3a641d-be5f-41d9-9b4d-53bc992eefdf"},"id":"GM0053"},
{"type":"Feature","geometry":{"type":"Polygon","coordinates":[[[6.287,53.341],[6.281,53.313],[6.294,53.308],[6.279,53.303],[6.253,53.288],[6.232,53.257],[6.232,53.256],[6.276,53.256],[6.279,53.245],[6.344,53.252],[6.391,53.235],[6.406,53.217],[6.464,53.208],[6.48,53.246],[6.508,53.258],[6.506,53.269],[6.44,53.282],[6.421,53.298],[6.438,53.317],[6.431,53.328],[6.399,53.319],[6.354,53.314],[6.316,53.32],[6.292,53.338],[6.287,53.341]]]},"properties":{"id":174792,"statcode":"GM0056","statnaam":"Zuidhorn","jrstatcode":"2014GM0056","rubriek":"gemeente","FID":"gemeente_gegeneraliseerd_2014.b96cf709-6072-41eb-8c4d-29ea6351affa"},"id":"GM0056"},
{"type":"Feature","geometry":{"type":"Polygon","coordinates":[[[5.935,53.316],[5.964,53.323],[5.976,53.307],[6.021,53.309],[6.033,53.326],[6.078,53.322],[6.116,53.322],[6.152,53.308],[6.16,53.317],[6.179,53.322],[6.164,53.376],[6.139,53.404],[6.091,53.408],[6.016,53.403],[5.933,53.388],[5.88,53.388],[5.848,53.377],[5.907,53.343],[5.935,53.316]]]},"properties":{"id":174793,"statcode":"GM0058","statnaam":"Dongeradeel","jrstatcode":"2014GM0058","rubriek":"gemeente","FID":"gemeente_gegeneraliseerd_2014.a427a372-82df-49a6-9bc1-7a27418fe8b2"},"id":"GM0058"},
{"type":"Feature","geometry":{"type":"Polygon","coordinates":[[[6.232,53.257],[6.194,53.27],[6.181,53.261],[6.141,53.264],[6.044,53.244],[6.02,53.241],[6.027,53.23],[6.086,53.215],[6.085,53.194],[6.115,53.176],[6.105,53.152],[6.122,53.145],[6.177,53.159],[6.2,53.198],[6.23,53.218],[6.218,53.242],[6.232,53.256],[6.232,53.257]]]},"properties":{"id":174794,"statcode":"GM0059","statnaam":"Achtkarspelen","jrstatcode":"2014GM0059","rubriek":"gemeente","FID":"gemeente_gegeneraliseerd_2014.2f418dc5-e8e6-440a-8d8c-9581fe9cfa48"},"id":"GM0059"},
{"type":"Feature","geometry":{"type":"Polygon","coordinates":[[[5.785,53.461],[5.688,53.46],[5.66,53.47],[5.631,53.465],[5.612,53.448],[5.626,53.432],[5.669,53.421],[5.73,53.443],[5.804,53.438],[5.89,53.451],[5.906,53.457],[5.959,53.456],[5.949,53.468],[5.884,53.467],[5.785,53.461]]]},"properties":{"id":174795,"statcode":"GM0060","statnaam":"Ameland","jrstatcode":"2014GM0060","rubriek":"gemeente","FID":"gemeente_gegeneraliseerd_2014.dbcbc39d-cf1e-4cc7-a9e0-89979cecab80"},"id":"GM0060"},
{"type":"Feature","geometry":{"type":"Polygon","coordinates":[[[5.735,53.295],[5.749,53.314],[5.722,53.322],[5.719,53.335],[5.654,53.32],[5.587,53.3],[5.538,53.266],[5.551,53.262],[5.593,53.226],[5.601,53.23],[5.629,53.24],[5.618,53.256],[5.689,53.241],[5.734,53.249],[5.721,53.28],[5.735,53.295]]]},"properties":{"id":174796,"statcode":"GM0063","statnaam":"het Bildt","jrstatcode":"2014GM0063","rubriek":"gemeente","FID":"gemeente_gegeneraliseerd_2014.9b6caebb-89d9-410d-b6c6-de87028d5f61"},"id":"GM0063"},
{"type":"Feature","geometry":{"type":"Polygon","coordinates":[[[5.601,53.23],[5.593,53.226],[5.551,53.262],[5.538,53.266],[5.483,53.241],[5.438,53.21],[5.467,53.199],[5.49,53.201],[5.48,53.176],[5.486,53.164],[5.472,53.147],[5.498,53.141],[5.531,53.148],[5.547,53.137],[5.586,53.131],[5.605,53.144],[5.579,53.162],[5.605,53.184],[5.621,53.208],[5.601,53.23]]]},"properties":{"id":174797,"statcode":"GM0070","statnaam":"Franekeradeel","jrstatcode":"2014GM0070","rubriek":"gemeente","FID":"gemeente_gegeneraliseerd_2014.968fa6c7-c759-49fd-950e-94af8bc83d64"},"id":"GM0070"},
{"type":"Feature","geometry":{"type":"Polygon","coordinates":[[[5.438,53.21],[5.419,53.179],[5.412,53.152],[5.472,53.147],[5.486,53.164],[5.48,53.176],[5.49,53.201],[5.467,53.199],[5.438,53.21]]]},"properties":{"id":174798,"statcode":"GM0072","statnaam":"Harlingen","jrstatcode":"2014GM0072","rubriek":"gemeente","FID":"gemeente_gegeneraliseerd_2014.94740b85-c4af-433e-a7bc-a7fbb034ba8b"},"id":"GM0072"},
{"type":"Feature","geometry":{"type":"Polygon","coordinates":[[[6.086,52.936],[6.128,52.953],[6.159,52.976],[6.202,52.99],[6.205,53.038],[6.177,53.021],[6.132,53.012],[6.07,52.974],[6.027,52.964],[5.958,52.973],[5.98,52.998],[5.985,53.025],[5.94,53.042],[5.947,53.063],[5.928,53.079],[5.873,53.085],[5.818,53.075],[5.796,53.059],[5.8,53.048],[5.858,53.017],[5.866,53],[5.938,52.912],[5.955,52.926],[6.002,52.934],[6.038,52.918],[6.086,52.936]]]},"properties":{"id":174799,"statcode":"GM0074","statnaam":"Heerenveen","jrstatcode":"2014GM0074","rubriek":"gemeente","FID":"gemeente_gegeneraliseerd_2014.53edc89d-df33-4233-808e-1c7b0513eacc"},"id":"GM0074"},
{"type":"Feature","geometry":{"type":"Polygon","coordinates":[[[6.078,53.322],[6.073,53.292],[6.054,53.291],[6.044,53.244],[6.141,53.264],[6.181,53.261],[6.194,53.27],[6.232,53.257],[6.253,53.288],[6.279,53.303],[6.294,53.308],[6.281,53.313],[6.287,53.341],[6.253,53.348],[6.221,53.342],[6.218,53.354],[6.174,53.351],[6.181,53.321],[6.16,53.317],[6.152,53.308],[6.116,53.322],[6.078,53.322]]]},"properties":{"id":174800,"statcode":"GM0079","statnaam":"Kollumerland en Nieuwkruisland","jrstatcode":"2014GM0079","rubriek":"gemeente","FID":"gemeente_gegeneraliseerd_2014.54305e2d-7a6b-44b5-87df-c1c9b62dc746"},"id":"GM0079"},
{"type":"Feature","geometry":{"type":"Polygon","coordinates":[[[5.796,53.059],[5.818,53.075],[5.873,53.085],[5.882,53.107],[5.929,53.109],[5.943,53.122],[5.909,53.145],[5.926,53.168],[5.862,53.172],[5.851,53.191],[5.858,53.204],[5.898,53.209],[5.88,53.233],[5.859,53.243],[5.832,53.243],[5.808,53.224],[5.775,53.226],[5.744,53.241],[5.73,53.235],[5.745,53.198],[5.738,53.173],[5.765,53.174],[5.757,53.116],[5.787,53.096],[5.771,53.089],[5.771,53.047],[5.796,53.059]]]},"properties":{"id":174801,"statcode":"GM0080","statnaam":"Leeuwarden","jrstatcode":"2014GM0080","rubriek":"gemeente","FID":"gemeente_gegeneraliseerd_2014.4b020467-75b5-4daa-956f-eb37d01cf4fb"},"id":"GM0080"},
{"type":"Feature","geometry":{"type":"Polygon","coordinates":[[[5.839,53.275],[5.811,53.277],[5.763,53.294],[5.735,53.295],[5.721,53.28],[5.734,53.249],[5.744,53.241],[5.775,53.226],[5.808,53.224],[5.832,53.243],[5.839,53.275]]]},"properties":{"id":174802,"statcode":"GM0081","statnaam":"Leeuwarderadeel","jrstatcode":"2014GM0081","rubriek":"gemeente","FID":"gemeente_gegeneraliseerd_2014.adcad687-ce63-447b-8516-ced5e6444342"},"id":"GM0081"},
{"type":"Feature","geometry":{"type":"Polygon","coordinates":[[[6.369,52.922],[6.393,52.933],[6.428,52.972],[6.413,52.986],[6.363,53.034],[6.368,53.067],[6.332,53.075],[6.223,53.039],[6.205,53.038],[6.202,52.99],[6.159,52.976],[6.128,52.953],[6.086,52.936],[6.111,52.913],[6.145,52.928],[6.188,52.939],[6.214,52.926],[6.247,52.923],[6.303,52.925],[6.333,52.906],[6.369,52.922]]]},"properties":{"id":174803,"statcode":"GM0085","statnaam":"Ooststellingwerf","jrstatcode":"2014GM0085","rubriek":"gemeente","FID":"gemeente_gegeneraliseerd_2014.5eba65e2-9101-4914-9766-ad291aeb3c69"},"id":"GM0085"},
{"type":"Feature","geometry":{"type":"Polygon","coordinates":[[[6.186,53.129],[6.125,53.101],[6.089,53.071],[5.928,53.079],[5.947,53.063],[5.94,53.042],[5.985,53.025],[5.98,52.998],[5.958,52.973],[6.027,52.964],[6.07,52.974],[6.132,53.012],[6.177,53.021],[6.205,53.038],[6.223,53.039],[6.332,53.075],[6.315,53.094],[6.296,53.098],[6.262,53.114],[6.205,53.116],[6.186,53.129]]]},"properties":{"id":174804,"statcode":"GM0086","statnaam":"Opsterland","jrstatcode":"2014GM0086","rubriek":"gemeente","FID":"gemeente_gegeneraliseerd_2014.246dc036-c672-4e89-bd25-b1eb7ee27df3"},"id":"GM0086"},
{"type":"Feature","geometry":{"type":"Polygon","coordinates":[[[6.391,53.515],[6.285,53.507],[6.161,53.501],[6.13,53.476],[6.195,53.472],[6.255,53.479],[6.277,53.49],[6.392,53.514],[6.391,53.515]]]},"properties":{"id":174805,"statcode":"GM0088","statnaam":"Schiermonnikoog","jrstatcode":"2014GM0088","rubriek":"gemeente","FID":"gemeente_gegeneraliseerd_2014.8ab1d9b2-77ff-495b-8956-99aa327504d5"},"id":"GM0088"},
{"type":"Feature","geometry":{"type":"Polygon","coordinates":[[[5.928,53.079],[6.089,53.071],[6.125,53.101],[6.186,53.129],[6.176,53.135],[6.177,53.159],[6.122,53.145],[6.105,53.152],[6.078,53.157],[6.013,53.155],[5.943,53.122],[5.929,53.109],[5.882,53.107],[5.873,53.085],[5.928,53.079]]]},"properties":{"id":174806,"statcode":"GM0090","statnaam":"Smallingerland","jrstatcode":"2014GM0090","rubriek":"gemeente","FID":"gemeente_gegeneraliseerd_2014.99e1b6bc-0334-46bd-b005-58fa87f27833"},"id":"GM0090"},
{"type":"Feature","geometry":{"type":"Polygon","coordinates":[[[5.3,53.376],[5.324,53.378],[5.399,53.404],[5.454,53.404],[5.514,53.429],[5.509,53.446],[5.402,53.427],[5.225,53.399],[5.192,53.391],[5.154,53.357],[5.192,53.349],[5.222,53.365],[5.3,53.376]]]},"properties":{"id":174807,"statcode":"GM0093","statnaam":"Terschelling","jrstatcode":"2014GM0093","rubriek":"gemeente","FID":"gemeente_gegeneraliseerd_2014.a803bfae-e6ed-446d-b482-8f6adee8f97e"},"id":"GM0093"},
{"type":"Feature","geometry":{"type":"Polygon","coordinates":[[[5.093,53.296],[5.064,53.308],[5.032,53.3],[4.964,53.273],[4.924,53.251],[4.851,53.221],[4.853,53.21],[4.91,53.215],[4.933,53.237],[4.977,53.253],[4.972,53.265],[5.032,53.281],[5.063,53.294],[5.093,53.296]]]},"properties":{"id":174808,"statcode":"GM0096","statnaam":"Vlieland","jrstatcode":"2014GM0096","rubriek":"gemeente","FID":"gemeente_gegeneraliseerd_2014.f0193fa6-a07f-4505-853f-8b8327f1bbd0"},"id":"GM0096"},
{"type":"Feature","geometry":{"type":"Polygon","coordinates":[[[5.82,52.817],[5.843,52.805],[5.879,52.801],[5.924,52.824],[5.93,52.835],[5.973,52.842],[5.986,52.822],[6.031,52.815],[6.12,52.854],[6.206,52.89],[6.247,52.923],[6.214,52.926],[6.188,52.939],[6.145,52.928],[6.111,52.913],[6.086,52.936],[6.038,52.918],[6.002,52.934],[5.955,52.926],[5.938,52.912],[5.911,52.898],[5.886,52.894],[5.857,52.871],[5.82,52.817]]]},"properties":{"id":174809,"statcode":"GM0098","statnaam":"Weststellingwerf","jrstatcode":"2014GM0098","rubriek":"gemeente","FID":"gemeente_gegeneraliseerd_2014.e86539f8-5670-4606-b963-2e9d33cdead5"},"id":"GM0098"},
{"type":"Feature","geometry":{"type":"Polygon","coordinates":[[[6.488,53.005],[6.496,52.983],[6.486,52.973],[6.497,52.952],[6.536,52.933],[6.562,52.947],[6.596,52.973],[6.613,53.005],[6.631,53.026],[6.604,53.033],[6.6,53.061],[6.555,53.059],[6.547,53.035],[6.505,53.047],[6.496,53.031],[6.504,53.016],[6.488,53.005]]]},"properties":{"id":174810,"statcode":"GM0106","statnaam":"Assen","jrstatcode":"2014GM0106","rubriek":"gemeente","FID":"gemeente_gegeneraliseerd_2014.65040e33-32b2-468f-85da-598d137adb3d"},"id":"GM0106"},
{"type":"Feature","geometry":{"type":"Polygon","coordinates":[[[6.862,52.65],[6.849,52.699],[6.826,52.731],[6.838,52.751],[6.832,52.78],[6.85,52.805],[6.817,52.826],[6.766,52.85],[6.736,52.879],[6.715,52.868],[6.728,52.854],[6.704,52.847],[6.69,52.826],[6.692,52.81],[6.661,52.801],[6.587,52.736],[6.596,52.713],[6.63,52.713],[6.629,52.67],[6.708,52.649],[6.71,52.628],[6.742,52.645],[6.778,52.652],[6.822,52.648],[6.862,52.65]]]},"properties":{"id":174811,"statcode":"GM0109","statnaam":"Coevorden","jrstatcode":"2014GM0109","rubriek":"gemeente","FID":"gemeente_gegeneraliseerd_2014.00d4050f-3efe-4bee-a67f-4df5c229dcdb"},"id":"GM0109"},
{"type":"Feature","geometry":{"type":"Polygon","coordinates":[[[6.85,52.805],[6.832,52.78],[6.838,52.751],[6.826,52.731],[6.849,52.699],[6.862,52.65],[6.897,52.651],[6.939,52.638],[6.976,52.646],[7.042,52.633],[7.055,52.647],[7.064,52.723],[7.072,52.81],[7.093,52.838],[7.072,52.845],[7.04,52.873],[7.015,52.873],[6.959,52.863],[6.95,52.849],[6.87,52.82],[6.85,52.805]]]},"properties":{"id":174812,"statcode":"GM0114","statnaam":"Emmen","jrstatcode":"2014GM0114","rubriek":"gemeente","FID":"gemeente_gegeneraliseerd_2014.2cd332a0-a029-4665-bafb-02ee1372a68f"},"id":"GM0114"},
{"type":"Feature","geometry":{"type":"Polygon","coordinates":[[[6.529,52.655],[6.553,52.666],[6.615,52.674],[6.629,52.67],[6.63,52.713],[6.596,52.713],[6.587,52.736],[6.558,52.745],[6.566,52.766],[6.513,52.762],[6.491,52.771],[6.492,52.793],[6.455,52.801],[6.447,52.786],[6.446,52.776],[6.41,52.765],[6.423,52.743],[6.407,52.707],[6.451,52.707],[6.449,52.694],[6.486,52.694],[6.5,52.674],[6.531,52.672],[6.529,52.655]]]},"properties":{"id":174813,"statcode":"GM0118","statnaam":"Hoogeveen","jrstatcode":"2014GM0118","rubriek":"gemeente","FID":"gemeente_gegeneraliseerd_2014.f23e3b90-8b0d-4bc6-b54e-a3950cc0754a"},"id":"GM0118"},
{"type":"Feature","geometry":{"type":"Polygon","coordinates":[[[6.231,52.742],[6.202,52.729],[6.173,52.773],[6.12,52.75],[6.159,52.692],[6.183,52.675],[6.202,52.685],[6.244,52.679],[6.266,52.668],[6.287,52.699],[6.248,52.708],[6.217,52.703],[6.216,52.719],[6.231,52.742]]]},"properties":{"id":174814,"statcode":"GM0119","statnaam":"Meppel","jrstatcode":"2014GM0119","rubriek":"gemeente","FID":"gemeente_gegeneraliseerd_2014.776aacd0-c4a7-42fb-a1bc-73eafc6e695a"},"id":"GM0119"},
{"type":"Feature","geometry":{"type":"Polygon","coordinates":[[[5.547,53.137],[5.528,53.115],[5.53,53.102],[5.56,53.1],[5.566,53.084],[5.588,53.084],[5.599,53.068],[5.624,53.075],[5.639,53.067],[5.701,53.079],[5.709,53.09],[5.757,53.116],[5.765,53.174],[5.738,53.173],[5.718,53.17],[5.679,53.179],[5.653,53.166],[5.623,53.168],[5.605,53.184],[5.579,53.162],[5.605,53.144],[5.586,53.131],[5.547,53.137]]]},"properties":{"id":174815,"statcode":"GM0140","statnaam":"Littenseradiel","jrstatcode":"2014GM0140","rubriek":"gemeente","FID":"gemeente_gegeneraliseerd_2014.8c15cfab-77d5-4cdd-bbe1-cf4cc58d1ad8"},"id":"GM0140"},
{"type":"Feature","geometry":{"type":"Polygon","coordinates":[[[6.691,52.308],[6.721,52.341],[6.713,52.374],[6.699,52.394],[6.652,52.399],[6.599,52.384],[6.615,52.363],[6.599,52.34],[6.619,52.326],[6.61,52.313],[6.632,52.302],[6.626,52.29],[6.657,52.295],[6.691,52.308]]]},"properties":{"id":174816,"statcode":"GM0141","statnaam":"Almelo","jrstatcode":"2014GM0141","rubriek":"gemeente","FID":"gemeente_gegeneraliseerd_2014.7f85da79-5303-48a6-96ae-07c596e53610"},"id":"GM0141"},
{"type":"Feature","geometry":{"type":"Polygon","coordinates":[[[6.721,52.341],[6.691,52.308],[6.711,52.304],[6.743,52.283],[6.773,52.292],[6.802,52.314],[6.774,52.319],[6.759,52.332],[6.721,52.341]]]},"properties":{"id":174817,"statcode":"GM0147","statnaam":"Borne","jrstatcode":"2014GM0147","rubriek":"gemeente","FID":"gemeente_gegeneraliseerd_2014.de3b650e-1056-4297-80e3-a37799c04bce"},"id":"GM0147"},
{"type":"Feature","geometry":{"type":"Polygon","coordinates":[[[6.303,52.597],[6.202,52.585],[6.211,52.568],[6.183,52.52],[6.193,52.482],[6.162,52.474],[6.17,52.469],[6.236,52.466],[6.278,52.457],[6.292,52.436],[6.344,52.425],[6.381,52.43],[6.371,52.45],[6.343,52.457],[6.344,52.483],[6.333,52.514],[6.361,52.527],[6.323,52.593],[6.303,52.597]]]},"properties":{"id":174818,"statcode":"GM0148","statnaam":"Dalfsen","jrstatcode":"2014GM0148","rubriek":"gemeente","FID":"gemeente_gegeneraliseerd_2014.98bae158-42ec-4f71-b084-197963412802"},"id":"GM0148"},
{"type":"Feature","geometry":{"type":"Polygon","coordinates":[[[6.235,52.32],[6.206,52.321],[6.169,52.308],[6.108,52.298],[6.101,52.301],[6.13,52.261],[6.124,52.252],[6.147,52.228],[6.166,52.231],[6.298,52.226],[6.339,52.227],[6.351,52.242],[6.382,52.246],[6.375,52.256],[6.329,52.281],[6.327,52.302],[6.267,52.301],[6.235,52.32]]]},"properties":{"id":174819,"statcode":"GM0150","statnaam":"Deventer","jrstatcode":"2014GM0150","rubriek":"gemeente","FID":"gemeente_gegeneraliseerd_2014.2229416e-3a97-4c94-b93b-6a23d1d28fdf"},"id":"GM0150"},
{"type":"Feature","geometry":{"type":"Polygon","coordinates":[[[6.981,52.221],[6.966,52.23],[6.969,52.267],[6.939,52.284],[6.912,52.286],[6.868,52.273],[6.84,52.276],[6.843,52.254],[6.82,52.244],[6.814,52.229],[6.774,52.238],[6.756,52.217],[6.767,52.191],[6.806,52.167],[6.828,52.171],[6.89,52.161],[6.911,52.177],[6.951,52.181],[6.981,52.221]]]},"properties":{"id":174820,"statcode":"GM0153","statnaam":"Enschede","jrstatcode":"2014GM0153","rubriek":"gemeente","FID":"gemeente_gegeneraliseerd_2014.958ce0b1-25fa-40b0-b883-ec4aa38829c8"},"id":"GM0153"},
{"type":"Feature","geometry":{"type":"Polygon","coordinates":[[[6.712,52.206],[6.697,52.196],[6.672,52.198],[6.634,52.186],[6.645,52.174],[6.672,52.165],[6.674,52.143],[6.662,52.13],[6.716,52.118],[6.761,52.119],[6.855,52.12],[6.873,52.133],[6.89,52.161],[6.828,52.171],[6.806,52.167],[6.767,52.191],[6.712,52.206]]]},"properties":{"id":174821,"statcode":"GM0158","statnaam":"Haaksbergen","jrstatcode":"2014GM0158","rubriek":"gemeente","FID":"gemeente_gegeneraliseerd_2014.0441001a-1a7b-4f1d-ba8a-1c09c768dabc"},"id":"GM0158"},
{"type":"Feature","geometry":{"type":"Polygon","coordinates":[[[6.595,52.48],[6.611,52.467],[6.641,52.471],[6.669,52.495],[6.698,52.486],[6.705,52.521],[6.681,52.553],[6.716,52.549],[6.727,52.563],[6.767,52.564],[6.719,52.589],[6.727,52.615],[6.71,52.628],[6.708,52.649],[6.629,52.67],[6.615,52.674],[6.553,52.666],[6.529,52.655],[6.514,52.646],[6.519,52.614],[6.492,52.619],[6.442,52.616],[6.431,52.628],[6.386,52.613],[6.363,52.644],[6.328,52.659],[6.303,52.597],[6.323,52.593],[6.403,52.591],[6.415,52.57],[6.488,52.569],[6.522,52.561],[6.546,52.517],[6.61,52.493],[6.595,52.48]]]},"properties":{"id":174822,"statcode":"GM0160","statnaam":"Hardenberg","jrstatcode":"2014GM0160","rubriek":"gemeente","FID":"gemeente_gegeneraliseerd_2014.4d38f270-7395-464f-91d6-3b4a8d04e68f"},"id":"GM0160"},
{"type":"Feature","geometry":{"type":"Polygon","coordinates":[[[6.576,52.418],[6.598,52.439],[6.543,52.451],[6.511,52.437],[6.475,52.441],[6.45,52.461],[6.428,52.439],[6.39,52.428],[6.405,52.416],[6.388,52.38],[6.343,52.37],[6.334,52.351],[6.356,52.318],[6.422,52.326],[6.468,52.326],[6.513,52.382],[6.516,52.406],[6.576,52.418]]]},"properties":{"id":174823,"statcode":"GM0163","statnaam":"Hellendoorn","jrstatcode":"2014GM0163","rubriek":"gemeente","FID":"gemeente_gegeneraliseerd_2014.70df3b11-9365-4802-9653-001c4e12f168"},"id":"GM0163"},
{"type":"Feature","geometry":{"type":"Polygon","coordinates":[[[6.767,52.191],[6.756,52.217],[6.774,52.238],[6.814,52.229],[6.82,52.244],[6.843,52.254],[6.84,52.276],[6.847,52.291],[6.821,52.299],[6.802,52.314],[6.773,52.292],[6.743,52.283],[6.753,52.252],[6.724,52.252],[6.712,52.226],[6.712,52.206],[6.767,52.191]]]},"properties":{"id":174824,"statcode":"GM0164","statnaam":"Hengelo","jrstatcode":"2014GM0164","rubriek":"gemeente","FID":"gemeente_gegeneraliseerd_2014.2fddec9d-da3c-4192-a7cd-13c9970132b7"},"id":"GM0164"},
{"type":"Feature","geometry":{"type":"Polygon","coordinates":[[[5.83,52.577],[5.856,52.552],[5.862,52.525],[5.862,52.522],[5.866,52.519],[5.887,52.517],[5.926,52.474],[5.953,52.484],[5.965,52.476],[6.001,52.5],[6.028,52.51],[6.03,52.538],[6.004,52.55],[6.033,52.559],[6.013,52.586],[5.983,52.578],[5.971,52.594],[5.991,52.614],[5.987,52.625],[5.918,52.613],[5.896,52.618],[5.844,52.611],[5.83,52.577]]]},"properties":{"id":174825,"statcode":"GM0166","statnaam":"Kampen","jrstatcode":"2014GM0166","rubriek":"gemeente","FID":"gemeente_gegeneraliseerd_2014.57a567e7-ed77-4066-af8d-327c257f5e30"},"id":"GM0166"},
{"type":"Feature","geometry":{"type":"Polygon","coordinates":[[[6.981,52.221],[7.061,52.235],[7.028,52.278],[7.026,52.292],[7.057,52.339],[7.072,52.352],[7.072,52.373],[7.008,52.364],[6.971,52.38],[6.963,52.363],[6.97,52.349],[6.938,52.333],[6.95,52.308],[6.939,52.284],[6.969,52.267],[6.966,52.23],[6.981,52.221]]]},"properties":{"id":174826,"statcode":"GM0168","statnaam":"Losser","jrstatcode":"2014GM0168","rubriek":"gemeente","FID":"gemeente_gegeneraliseerd_2014.e32559ef-aaee-4e49-8063-abeaca017274"},"id":"GM0168"},
{"type":"Feature","geometry":{"type":"Polygon","coordinates":[[[5.795,52.807],[5.749,52.84],[5.713,52.838],[5.661,52.829],[5.597,52.766],[5.593,52.676],[5.642,52.678],[5.655,52.666],[5.649,52.65],[5.616,52.651],[5.65,52.616],[5.651,52.615],[5.663,52.613],[5.833,52.613],[5.964,52.639],[5.982,52.658],[5.934,52.676],[5.965,52.694],[5.943,52.715],[5.922,52.751],[5.85,52.785],[5.819,52.785],[5.795,52.807]]]},"properties":{"id":174827,"statcode":"GM0171","statnaam":"Noordoostpolder","jrstatcode":"2014GM0171","rubriek":"gemeente","FID":"gemeente_gegeneraliseerd_2014.84df2a56-0173-42bb-8e59-35e6076b41dc"},"id":"GM0171"},
{"type":"Feature","geometry":{"type":"Polygon","coordinates":[[[6.938,52.333],[6.901,52.333],[6.861,52.306],[6.912,52.286],[6.939,52.284],[6.95,52.308],[6.938,52.333]]]},"properties":{"id":174828,"statcode":"GM0173","statnaam":"Oldenzaal","jrstatcode":"2014GM0173","rubriek":"gemeente","FID":"gemeente_gegeneraliseerd_2014.1ce5fd85-7280-47ae-aaa3-cd16eea61324"},"id":"GM0173"},
{"type":"Feature","geometry":{"type":"Polygon","coordinates":[[[6.595,52.48],[6.61,52.493],[6.546,52.517],[6.522,52.561],[6.488,52.569],[6.415,52.57],[6.403,52.591],[6.323,52.593],[6.361,52.527],[6.333,52.514],[6.344,52.483],[6.343,52.457],[6.371,52.45],[6.381,52.43],[6.39,52.428],[6.428,52.439],[6.45,52.461],[6.465,52.475],[6.504,52.482],[6.506,52.491],[6.595,52.48]]]},"properties":{"id":174829,"statcode":"GM0175","statnaam":"Ommen","jrstatcode":"2014GM0175","rubriek":"gemeente","FID":"gemeente_gegeneraliseerd_2014.db3b9a22-085b-4e33-aeca-269b0678f57a"},"id":"GM0175"},
{"type":"Feature","geometry":{"type":"Polygon","coordinates":[[[6.162,52.474],[6.155,52.453],[6.177,52.431],[6.231,52.423],[6.222,52.409],[6.229,52.389],[6.204,52.387],[6.189,52.365],[6.197,52.352],[6.223,52.347],[6.235,52.32],[6.267,52.301],[6.327,52.302],[6.356,52.318],[6.334,52.351],[6.343,52.37],[6.388,52.38],[6.405,52.416],[6.39,52.428],[6.381,52.43],[6.344,52.425],[6.292,52.436],[6.278,52.457],[6.236,52.466],[6.17,52.469],[6.162,52.474]]]},"properties":{"id":174830,"statcode":"GM0177","statnaam":"Raalte","jrstatcode":"2014GM0177","rubriek":"gemeente","FID":"gemeente_gegeneraliseerd_2014.78ab5a9d-059a-45fe-86d2-3643e5124761"},"id":"GM0177"},
{"type":"Feature","geometry":{"type":"Polygon","coordinates":[[[6.147,52.584],[6.202,52.585],[6.303,52.597],[6.328,52.659],[6.323,52.67],[6.289,52.663],[6.266,52.668],[6.244,52.679],[6.202,52.685],[6.183,52.675],[6.159,52.692],[6.12,52.668],[6.104,52.656],[6.096,52.631],[6.105,52.603],[6.132,52.581],[6.147,52.584]]]},"properties":{"id":174831,"statcode":"GM0180","statnaam":"Staphorst","jrstatcode":"2014GM0180","rubriek":"gemeente","FID":"gemeente_gegeneraliseerd_2014.aa6723d7-b03d-4aa1-a752-132f6d0c1c58"},"id":"GM0180"},
{"type":"Feature","geometry":{"type":"Polygon","coordinates":[[[6.699,52.394],[6.713,52.374],[6.721,52.341],[6.759,52.332],[6.783,52.36],[6.817,52.365],[6.864,52.364],[6.862,52.408],[6.853,52.427],[6.947,52.437],[6.862,52.451],[6.854,52.46],[6.775,52.46],[6.718,52.478],[6.692,52.447],[6.673,52.441],[6.67,52.417],[6.699,52.394]]]},"properties":{"id":174832,"statcode":"GM0183","statnaam":"Tubbergen","jrstatcode":"2014GM0183","rubriek":"gemeente","FID":"gemeente_gegeneraliseerd_2014.15fc8bb1-9f2d-4d31-b95d-e6780255d281"},"id":"GM0183"},
{"type":"Feature","geometry":{"type":"Polygon","coordinates":[[[5.616,52.651],[5.649,52.65],[5.655,52.666],[5.642,52.678],[5.593,52.676],[5.593,52.66],[5.616,52.651]]]},"properties":{"id":174833,"statcode":"GM0184","statnaam":"Urk","jrstatcode":"2014GM0184","rubriek":"gemeente","FID":"gemeente_gegeneraliseerd_2014.7f887263-1dc2-4ab9-8e58-54d9f2942157"},"id":"GM0184"},
{"type":"Feature","geometry":{"type":"Polygon","coordinates":[[[6.626,52.29],[6.632,52.302],[6.61,52.313],[6.619,52.326],[6.599,52.34],[6.615,52.363],[6.599,52.384],[6.576,52.418],[6.516,52.406],[6.513,52.382],[6.468,52.326],[6.525,52.326],[6.549,52.313],[6.554,52.283],[6.568,52.27],[6.605,52.271],[6.626,52.29]]]},"properties":{"id":174834,"statcode":"GM0189","statnaam":"Wierden","jrstatcode":"2014GM0189","rubriek":"gemeente","FID":"gemeente_gegeneraliseerd_2014.8354e206-11e0-4029-8f4c-eddf0a02e50d"},"id":"GM0189"},
{"type":"Feature","geometry":{"type":"Polygon","coordinates":[[[6.162,52.474],[6.193,52.482],[6.183,52.52],[6.211,52.568],[6.202,52.585],[6.147,52.584],[6.166,52.566],[6.141,52.552],[6.11,52.561],[6.089,52.552],[6.063,52.567],[6.033,52.559],[6.004,52.55],[6.03,52.538],[6.028,52.51],[6.054,52.5],[6.071,52.482],[6.099,52.47],[6.104,52.454],[6.11,52.441],[6.137,52.441],[6.155,52.453],[6.162,52.474]]]},"properties":{"id":174835,"statcode":"GM0193","statnaam":"Zwolle","jrstatcode":"2014GM0193","rubriek":"gemeente","FID":"gemeente_gegeneraliseerd_2014.198e4a05-f1f3-432b-97d2-7181b7339087"},"id":"GM0193"},
{"type":"Feature","geometry":{"type":"Polygon","coordinates":[[[6.063,51.865],[6.107,51.848],[6.167,51.841],[6.167,51.861],[6.145,51.87],[6.137,51.886],[6.103,51.892],[6.085,51.914],[6.038,51.915],[5.987,51.913],[6.022,51.896],[6.046,51.871],[6.063,51.865]]]},"properties":{"id":174836,"statcode":"GM0196","statnaam":"Rijnwaarden","jrstatcode":"2014GM0196","rubriek":"gemeente","FID":"gemeente_gegeneraliseerd_2014.1ee78a67-6c5a-4850-81b0-1552ceed95ff"},"id":"GM0196"},
{"type":"Feature","geometry":{"type":"Polygon","coordinates":[[[6.639,51.963],[6.629,51.967],[6.559,51.974],[6.527,51.966],[6.505,51.946],[6.493,51.918],[6.472,51.907],[6.484,51.88],[6.464,51.855],[6.5,51.862],[6.552,51.886],[6.638,51.904],[6.669,51.914],[6.634,51.935],[6.639,51.963]]]},"properties":{"id":174837,"statcode":"GM0197","statnaam":"Aalten","jrstatcode":"2014GM0197","rubriek":"gemeente","FID":"gemeente_gegeneraliseerd_2014.b7a99e8d-1638-4df0-aed9-0cc9f75068c5"},"id":"GM0197"},
{"type":"Feature","geometry":{"type":"Polygon","coordinates":[[[5.851,52.269],[5.749,52.268],[5.761,52.248],[5.726,52.243],[5.742,52.22],[5.731,52.209],[5.75,52.194],[5.792,52.197],[5.81,52.151],[5.86,52.149],[5.865,52.126],[5.883,52.106],[5.946,52.099],[5.946,52.078],[5.956,52.073],[5.99,52.079],[6.009,52.074],[6.034,52.098],[6.052,52.124],[6.076,52.144],[6.064,52.157],[6.047,52.22],[6.027,52.246],[6.036,52.269],[6.029,52.277],[5.936,52.274],[5.88,52.265],[5.851,52.269]]]},"properties":{"id":174838,"statcode":"GM0200","statnaam":"Apeldoorn","jrstatcode":"2014GM0200","rubriek":"gemeente","FID":"gemeente_gegeneraliseerd_2014.3ee93e80-c145-4f26-a518-f1e638598344"},"id":"GM0200"},
{"type":"Feature","geometry":{"type":"Polygon","coordinates":[[[5.898,51.934],[5.932,51.959],[5.954,51.95],[5.952,51.965],[5.99,51.974],[5.952,52],[5.941,52.011],[5.937,52.049],[5.956,52.073],[5.946,52.078],[5.91,52.062],[5.899,52.05],[5.85,52.052],[5.813,52.024],[5.803,52.004],[5.864,51.996],[5.859,51.97],[5.835,51.974],[5.829,51.948],[5.898,51.934]]]},"properties":{"id":174839,"statcode":"GM0202","statnaam":"Arnhem","jrstatcode":"2014GM0202","rubriek":"gemeente","FID":"gemeente_gegeneraliseerd_2014.e58d0838-e1eb-4e95-b08f-3d4a16271014"},"id":"GM0202"},
{"type":"Feature","geometry":{"type":"Polygon","coordinates":[[[5.55,52.105],[5.578,52.121],[5.638,52.131],[5.679,52.132],[5.722,52.138],[5.722,52.146],[5.81,52.151],[5.792,52.197],[5.75,52.194],[5.731,52.209],[5.742,52.22],[5.726,52.243],[5.684,52.241],[5.681,52.225],[5.633,52.208],[5.626,52.193],[5.578,52.195],[5.565,52.178],[5.542,52.178],[5.531,52.192],[5.486,52.182],[5.48,52.166],[5.481,52.151],[5.512,52.137],[5.486,52.115],[5.494,52.111],[5.532,52.102],[5.55,52.105]]]},"properties":{"id":174840,"statcode":"GM0203","statnaam":"Barneveld","jrstatcode":"2014GM0203","rubriek":"gemeente","FID":"gemeente_gegeneraliseerd_2014.b61c7dc5-ee96-48f8-9c09-71fb3ecf46b5"},"id":"GM0203"},
{"type":"Feature","geometry":{"type":"Polygon","coordinates":[[[5.817,51.87],[5.707,51.893],[5.685,51.896],[5.668,51.866],[5.678,51.843],[5.765,51.832],[5.826,51.862],[5.817,51.87]]]},"properties":{"id":174841,"statcode":"GM0209","statnaam":"Beuningen","jrstatcode":"2014GM0209","rubriek":"gemeente","FID":"gemeente_gegeneraliseerd_2014.c1c0b77d-341e-4803-8b03-437e548c7b3b"},"id":"GM0209"},
{"type":"Feature","geometry":{"type":"Polygon","coordinates":[[[6.006,52.066],[6.024,52.067],[6.068,52.088],[6.103,52.078],[6.137,52.059],[6.171,52.079],[6.178,52.091],[6.218,52.098],[6.192,52.114],[6.173,52.145],[6.185,52.161],[6.16,52.161],[6.076,52.144],[6.052,52.124],[6.034,52.098],[6.009,52.074],[6.006,52.066]]]},"properties":{"id":174842,"statcode":"GM0213","statnaam":"Brummen","jrstatcode":"2014GM0213","rubriek":"gemeente","FID":"gemeente_gegeneraliseerd_2014.c2ffaa3b-fa51-4e85-9384-fb546622dd04"},"id":"GM0213"},
{"type":"Feature","geometry":{"type":"Polygon","coordinates":[[[5.587,51.951],[5.561,51.955],[5.54,51.967],[5.478,51.983],[5.442,51.986],[5.391,51.971],[5.348,51.968],[5.333,51.957],[5.27,51.965],[5.242,51.946],[5.255,51.935],[5.295,51.9],[5.313,51.896],[5.339,51.874],[5.4,51.898],[5.411,51.912],[5.453,51.923],[5.494,51.918],[5.554,51.923],[5.56,51.944],[5.587,51.951]]]},"properties":{"id":174843,"statcode":"GM0214","statnaam":"Buren","jrstatcode":"2014GM0214","rubriek":"gemeente","FID":"gemeente_gegeneraliseerd_2014.1d7baa7e-aaab-4220-9550-7fb679b5287a"},"id":"GM0214"},
{"type":"Feature","geometry":{"type":"Polygon","coordinates":[[[5.255,51.935],[5.242,51.946],[5.27,51.965],[5.256,51.971],[5.23,51.976],[5.219,51.964],[5.18,51.967],[5.149,51.934],[5.143,51.925],[5.176,51.921],[5.233,51.924],[5.255,51.935]]]},"properties":{"id":174844,"statcode":"GM0216","statnaam":"Culemborg","jrstatcode":"2014GM0216","rubriek":"gemeente","FID":"gemeente_gegeneraliseerd_2014.eeee48af-dec3-4cd1-a7e6-e35f02e8f5d0"},"id":"GM0216"},
{"type":"Feature","geometry":{"type":"Polygon","coordinates":[[[6.159,52],[6.177,52.02],[6.176,52.039],[6.148,52.042],[6.123,52.034],[6.132,52.025],[6.11,51.996],[6.159,52]]]},"properties":{"id":174845,"statcode":"GM0221","statnaam":"Doesburg","jrstatcode":"2014GM0221","rubriek":"gemeente","FID":"gemeente_gegeneraliseerd_2014.61d36867-75db-44b7-9870-7c974235110c"},"id":"GM0221"},
{"type":"Feature","geometry":{"type":"Polygon","coordinates":[[[6.416,51.973],[6.403,51.982],[6.335,51.975],[6.313,51.994],[6.279,51.985],[6.225,51.978],[6.16,51.981],[6.145,51.981],[6.163,51.956],[6.193,51.941],[6.229,51.945],[6.302,51.944],[6.306,51.939],[6.331,51.926],[6.361,51.923],[6.404,51.957],[6.416,51.973]]]},"properties":{"id":174846,"statcode":"GM0222","statnaam":"Doetinchem","jrstatcode":"2014GM0222","rubriek":"gemeente","FID":"gemeente_gegeneraliseerd_2014.93fe0aa9-d2f0-412e-acc7-a787f99348fc"},"id":"GM0222"},
{"type":"Feature","geometry":{"type":"Polygon","coordinates":[[[5.685,51.896],[5.556,51.901],[5.531,51.895],[5.568,51.877],[5.585,51.839],[5.61,51.836],[5.643,51.845],[5.636,51.867],[5.668,51.866],[5.685,51.896]]]},"properties":{"id":174847,"statcode":"GM0225","statnaam":"Druten","jrstatcode":"2014GM0225","rubriek":"gemeente","FID":"gemeente_gegeneraliseerd_2014.f42267ed-2393-4c03-b0d1-e8fff2234b85"},"id":"GM0225"},
{"type":"Feature","geometry":{"type":"Polygon","coordinates":[[[6.038,51.915],[6.063,51.949],[6.061,51.982],[6.002,51.978],[5.991,51.972],[5.984,51.943],[5.966,51.939],[5.987,51.913],[6.038,51.915]]]},"properties":{"id":174848,"statcode":"GM0226","statnaam":"Duiven","jrstatcode":"2014GM0226","rubriek":"gemeente","FID":"gemeente_gegeneraliseerd_2014.7a7e4dcd-7d85-446f-bf84-1dc350574299"},"id":"GM0226"},
{"type":"Feature","geometry":{"type":"Polygon","coordinates":[[[5.55,52.105],[5.563,52.078],[5.558,52.049],[5.587,52.031],[5.589,52.009],[5.606,51.994],[5.675,51.991],[5.724,52.001],[5.745,52.02],[5.813,52.024],[5.85,52.052],[5.899,52.05],[5.91,52.062],[5.946,52.078],[5.946,52.099],[5.883,52.106],[5.865,52.126],[5.86,52.149],[5.81,52.151],[5.722,52.146],[5.722,52.138],[5.679,52.132],[5.638,52.131],[5.578,52.121],[5.55,52.105]]]},"properties":{"id":174849,"statcode":"GM0228","statnaam":"Ede","jrstatcode":"2014GM0228","rubriek":"gemeente","FID":"gemeente_gegeneraliseerd_2014.b7c7d5f4-c3d4-4ade-8c36-e3495f0eb2bb"},"id":"GM0228"},
{"type":"Feature","geometry":{"type":"Polygon","coordinates":[[[5.757,52.407],[5.769,52.398],[5.811,52.403],[5.865,52.36],[5.876,52.358],[5.924,52.391],[5.899,52.421],[5.87,52.445],[5.878,52.453],[5.842,52.471],[5.81,52.435],[5.757,52.407]]]},"properties":{"id":174850,"statcode":"GM0230","statnaam":"Elburg","jrstatcode":"2014GM0230","rubriek":"gemeente","FID":"gemeente_gegeneraliseerd_2014.c1f7f7b5-b711-461e-84e0-0f9aa186b1dc"},"id":"GM0230"},
{"type":"Feature","geometry":{"type":"Polygon","coordinates":[[[5.851,52.269],[5.88,52.265],[5.936,52.274],[6.029,52.277],[6.036,52.269],[6.035,52.295],[6.053,52.331],[6.074,52.331],[6.078,52.364],[6.042,52.357],[6.032,52.367],[5.991,52.379],[5.951,52.398],[5.924,52.391],[5.876,52.358],[5.881,52.335],[5.841,52.304],[5.851,52.269]]]},"properties":{"id":174851,"statcode":"GM0232","statnaam":"Epe","jrstatcode":"2014GM0232","rubriek":"gemeente","FID":"gemeente_gegeneraliseerd_2014.e2478cb4-cdf8-4aa2-8f4e-72a505a788d7"},"id":"GM0232"},
{"type":"Feature","geometry":{"type":"Polygon","coordinates":[[[5.749,52.268],[5.745,52.288],[5.751,52.317],[5.706,52.328],[5.671,52.304],[5.63,52.327],[5.609,52.319],[5.576,52.327],[5.548,52.292],[5.588,52.279],[5.639,52.272],[5.684,52.241],[5.726,52.243],[5.761,52.248],[5.749,52.268]]]},"properties":{"id":174852,"statcode":"GM0233","statnaam":"Ermelo","jrstatcode":"2014GM0233","rubriek":"gemeente","FID":"gemeente_gegeneraliseerd_2014.626f253f-bca4-4aea-bcc3-2f8b9a40b629"},"id":"GM0233"},
{"type":"Feature","geometry":{"type":"Polygon","coordinates":[[[5.339,51.874],[5.313,51.896],[5.295,51.9],[5.255,51.935],[5.233,51.924],[5.176,51.921],[5.143,51.925],[5.114,51.889],[5.138,51.873],[5.154,51.847],[5.192,51.848],[5.229,51.856],[5.285,51.857],[5.309,51.852],[5.328,51.859],[5.339,51.874]]]},"properties":{"id":174853,"statcode":"GM0236","statnaam":"Geldermalsen","jrstatcode":"2014GM0236","rubriek":"gemeente","FID":"gemeente_gegeneraliseerd_2014.88540ac5-331b-4c10-b410-b94c0f118146"},"id":"GM0236"},
{"type":"Feature","geometry":{"type":"Polygon","coordinates":[[[5.879,51.81],[5.893,51.778],[5.915,51.753],[5.938,51.742],[5.952,51.745],[5.99,51.766],[5.979,51.798],[5.948,51.811],[5.908,51.829],[5.881,51.821],[5.879,51.81]]]},"properties":{"id":174854,"statcode":"GM0241","statnaam":"Groesbeek","jrstatcode":"2014GM0241","rubriek":"gemeente","FID":"gemeente_gegeneraliseerd_2014.db91941b-afd2-43da-9733-099363f38471"},"id":"GM0241"},
{"type":"Feature","geometry":{"type":"Polygon","coordinates":[[[5.679,52.379],[5.653,52.365],[5.619,52.361],[5.611,52.346],[5.576,52.327],[5.609,52.319],[5.63,52.327],[5.671,52.304],[5.706,52.328],[5.694,52.362],[5.679,52.379]]]},"properties":{"id":174855,"statcode":"GM0243","statnaam":"Harderwijk","jrstatcode":"2014GM0243","rubriek":"gemeente","FID":"gemeente_gegeneraliseerd_2014.c030b3e4-e0dc-430a-b798-fa9c1354f4a0"},"id":"GM0243"},
{"type":"Feature","geometry":{"type":"Polygon","coordinates":[[[6.023,52.444],[6.104,52.454],[6.099,52.47],[6.071,52.482],[6.054,52.5],[6.028,52.51],[6.001,52.5],[6.033,52.478],[6.023,52.444]]]},"properties":{"id":174856,"statcode":"GM0244","statnaam":"Hattem","jrstatcode":"2014GM0244","rubriek":"gemeente","FID":"gemeente_gegeneraliseerd_2014.a1251b0b-14bd-49fb-9f0a-08bd2204ad28"},"id":"GM0244"},
{"type":"Feature","geometry":{"type":"Polygon","coordinates":[[[5.951,52.398],[5.991,52.379],[6.032,52.367],[6.042,52.357],[6.078,52.364],[6.082,52.372],[6.124,52.381],[6.13,52.399],[6.111,52.408],[6.12,52.433],[6.11,52.441],[6.104,52.454],[6.023,52.444],[5.951,52.398]]]},"properties":{"id":174857,"statcode":"GM0246","statnaam":"Heerde","jrstatcode":"2014GM0246","rubriek":"gemeente","FID":"gemeente_gegeneraliseerd_2014.398bb743-4a6e-40e5-90e7-18f6f5af7860"},"id":"GM0246"},
{"type":"Feature","geometry":{"type":"Polygon","coordinates":[[[5.801,51.795],[5.781,51.784],[5.73,51.773],[5.76,51.754],[5.791,51.754],[5.864,51.758],[5.869,51.776],[5.893,51.778],[5.879,51.81],[5.842,51.807],[5.801,51.795]]]},"properties":{"id":174858,"statcode":"GM0252","statnaam":"Heumen","jrstatcode":"2014GM0252","rubriek":"gemeente","FID":"gemeente_gegeneraliseerd_2014.f40e656c-8848-431d-bbac-21fb5f098c49"},"id":"GM0252"},
{"type":"Feature","geometry":{"type":"Polygon","coordinates":[[[6.492,52.177],[6.429,52.223],[6.416,52.242],[6.382,52.246],[6.351,52.242],[6.339,52.227],[6.298,52.226],[6.166,52.231],[6.189,52.217],[6.184,52.204],[6.157,52.198],[6.192,52.178],[6.193,52.17],[6.238,52.146],[6.324,52.153],[6.328,52.138],[6.358,52.136],[6.369,52.124],[6.424,52.097],[6.455,52.108],[6.479,52.101],[6.492,52.124],[6.481,52.142],[6.492,52.177]]]},"properties":{"id":174859,"statcode":"GM0262","statnaam":"Lochem","jrstatcode":"2014GM0262","rubriek":"gemeente","FID":"gemeente_gegeneraliseerd_2014.e661c341-f73e-40e9-9891-99f7ed4a17db"},"id":"GM0262"},
{"type":"Feature","geometry":{"type":"Polygon","coordinates":[[[5.401,51.838],[5.366,51.808],[5.339,51.807],[5.305,51.824],[5.282,51.821],[5.288,51.8],[5.266,51.793],[5.27,51.774],[5.174,51.764],[5.186,51.742],[5.206,51.741],[5.245,51.734],[5.296,51.737],[5.354,51.755],[5.369,51.79],[5.402,51.821],[5.415,51.821],[5.401,51.838]]]},"properties":{"id":174860,"statcode":"GM0263","statnaam":"Maasdriel","jrstatcode":"2014GM0263","rubriek":"gemeente","FID":"gemeente_gegeneraliseerd_2014.a8188b63-1fa4-4ccc-8f05-4b2735b5016a"},"id":"GM0263"},
{"type":"Feature","geometry":{"type":"Polygon","coordinates":[[[6.046,51.871],[6.017,51.881],[5.986,51.868],[6.011,51.871],[6.028,51.857],[6.014,51.837],[6.055,51.852],[6.063,51.865],[6.046,51.871]]]},"properties":{"id":174861,"statcode":"GM0265","statnaam":"Millingen aan de Rijn","jrstatcode":"2014GM0265","rubriek":"gemeente","FID":"gemeente_gegeneraliseerd_2014.b32ee91f-6c26-43ae-9fcb-02832bb7f6c2"},"id":"GM0265"},
{"type":"Feature","geometry":{"type":"Polygon","coordinates":[[[5.396,52.219],[5.439,52.201],[5.44,52.171],[5.48,52.166],[5.486,52.182],[5.531,52.192],[5.542,52.178],[5.565,52.178],[5.578,52.195],[5.626,52.193],[5.633,52.208],[5.55,52.202],[5.515,52.234],[5.484,52.239],[5.479,52.258],[5.404,52.247],[5.396,52.219]]]},"properties":{"id":174862,"statcode":"GM0267","statnaam":"Nijkerk","jrstatcode":"2014GM0267","rubriek":"gemeente","FID":"gemeente_gegeneraliseerd_2014.ce0c352b-539c-4bf4-89a8-eee2eaba5628"},"id":"GM0267"},
{"type":"Feature","geometry":{"type":"Polygon","coordinates":[[[5.857,51.895],[5.817,51.87],[5.826,51.862],[5.765,51.832],[5.801,51.795],[5.842,51.807],[5.879,51.81],[5.881,51.821],[5.908,51.829],[5.881,51.845],[5.887,51.865],[5.871,51.889],[5.857,51.895]]]},"properties":{"id":174863,"statcode":"GM0268","statnaam":"Nijmegen","jrstatcode":"2014GM0268","rubriek":"gemeente","FID":"gemeente_gegeneraliseerd_2014.36a4cc63-5ac1-461c-9c8c-56f22f200f79"},"id":"GM0268"},
{"type":"Feature","geometry":{"type":"Polygon","coordinates":[[[5.842,52.471],[5.878,52.453],[5.87,52.445],[5.899,52.421],[5.924,52.391],[5.951,52.398],[6.023,52.444],[6.033,52.478],[6.001,52.5],[5.965,52.476],[5.953,52.484],[5.926,52.474],[5.887,52.517],[5.866,52.519],[5.842,52.471]]]},"properties":{"id":174864,"statcode":"GM0269","statnaam":"Oldebroek","jrstatcode":"2014GM0269","rubriek":"gemeente","FID":"gemeente_gegeneraliseerd_2014.83513889-ac5f-4097-9fd3-5843c3d7edbb"},"id":"GM0269"},
{"type":"Feature","geometry":{"type":"Polygon","coordinates":[[[5.684,52.241],[5.639,52.272],[5.588,52.279],[5.548,52.292],[5.528,52.264],[5.479,52.258],[5.484,52.239],[5.515,52.234],[5.55,52.202],[5.633,52.208],[5.681,52.225],[5.684,52.241]]]},"properties":{"id":174865,"statcode":"GM0273","statnaam":"Putten","jrstatcode":"2014GM0273","rubriek":"gemeente","FID":"gemeente_gegeneraliseerd_2014.330de802-6dc8-4972-a445-594185a11876"},"id":"GM0273"},
{"type":"Feature","geometry":{"type":"Polygon","coordinates":[[[5.813,52.024],[5.745,52.02],[5.724,52.001],[5.714,51.968],[5.723,51.964],[5.746,51.97],[5.786,51.96],[5.835,51.974],[5.859,51.97],[5.864,51.996],[5.803,52.004],[5.813,52.024]]]},"properties":{"id":174866,"statcode":"GM0274","statnaam":"Renkum","jrstatcode":"2014GM0274","rubriek":"gemeente","FID":"gemeente_gegeneraliseerd_2014.d1343e73-5a85-4f2f-a9b4-21e58146a033"},"id":"GM0274"},
{"type":"Feature","geometry":{"type":"Polygon","coordinates":[[[6.002,51.981],[6.064,52.015],[6.094,51.993],[6.11,51.996],[6.132,52.025],[6.123,52.034],[6.116,52.049],[6.137,52.059],[6.103,52.078],[6.068,52.088],[6.024,52.067],[6.006,52.066],[5.978,52.054],[5.996,52.026],[5.975,52.003],[5.952,52],[5.99,51.974],[6.002,51.981]]]},"properties":{"id":174867,"statcode":"GM0275","statnaam":"Rheden","jrstatcode":"2014GM0275","rubriek":"gemeente","FID":"gemeente_gegeneraliseerd_2014.e71a406d-5159-4931-9142-6053983a6e15"},"id":"GM0275"},
{"type":"Feature","geometry":{"type":"Polygon","coordinates":[[[5.952,52],[5.975,52.003],[5.996,52.026],[5.978,52.054],[6.006,52.066],[6.009,52.074],[5.99,52.079],[5.956,52.073],[5.937,52.049],[5.941,52.011],[5.952,52]]]},"properties":{"id":174868,"statcode":"GM0277","statnaam":"Rozendaal","jrstatcode":"2014GM0277","rubriek":"gemeente","FID":"gemeente_gegeneraliseerd_2014.591c9dbb-e072-4531-b440-49b3881b8082"},"id":"GM0277"},
{"type":"Feature","geometry":{"type":"Polygon","coordinates":[[[5.532,52.102],[5.494,52.111],[5.486,52.094],[5.459,52.08],[5.496,52.072],[5.537,52.089],[5.532,52.102]]]},"properties":{"id":174869,"statcode":"GM0279","statnaam":"Scherpenzeel","jrstatcode":"2014GM0279","rubriek":"gemeente","FID":"gemeente_gegeneraliseerd_2014.a08e4177-557e-4e25-b15b-2efbe34c0fc1"},"id":"GM0279"},
{"type":"Feature","geometry":{"type":"Polygon","coordinates":[[[5.453,51.923],[5.411,51.912],[5.4,51.898],[5.339,51.874],[5.328,51.859],[5.378,51.863],[5.415,51.852],[5.445,51.884],[5.464,51.889],[5.472,51.908],[5.453,51.923]]]},"properties":{"id":174870,"statcode":"GM0281","statnaam":"Tiel","jrstatcode":"2014GM0281","rubriek":"gemeente","FID":"gemeente_gegeneraliseerd_2014.c15519c7-2637-48b3-b66c-d4b094e91866"},"id":"GM0281"},
{"type":"Feature","geometry":{"type":"Polygon","coordinates":[[[6.014,51.837],[6.028,51.857],[6.011,51.871],[5.986,51.868],[5.967,51.854],[5.925,51.874],[5.887,51.865],[5.881,51.845],[5.908,51.829],[5.948,51.811],[5.945,51.823],[5.963,51.837],[5.995,51.831],[6.014,51.837]]]},"properties":{"id":174871,"statcode":"GM0282","statnaam":"Ubbergen","jrstatcode":"2014GM0282","rubriek":"gemeente","FID":"gemeente_gegeneraliseerd_2014.2f75ccae-4544-4cf3-8479-413af86b0ff7"},"id":"GM0282"},
{"type":"Feature","geometry":{"type":"Polygon","coordinates":[[[6.036,52.269],[6.027,52.246],[6.047,52.22],[6.064,52.157],[6.076,52.144],[6.16,52.161],[6.185,52.161],[6.193,52.17],[6.192,52.178],[6.157,52.198],[6.184,52.204],[6.189,52.217],[6.166,52.231],[6.147,52.228],[6.124,52.252],[6.13,52.261],[6.101,52.301],[6.084,52.302],[6.074,52.331],[6.053,52.331],[6.035,52.295],[6.036,52.269]]]},"properties":{"id":174872,"statcode":"GM0285","statnaam":"Voorst","jrstatcode":"2014GM0285","rubriek":"gemeente","FID":"gemeente_gegeneraliseerd_2014.fd72bb82-5cb3-493a-9ca6-12be26f32fcd"},"id":"GM0285"},
{"type":"Feature","geometry":{"type":"Polygon","coordinates":[[[5.724,52.001],[5.675,51.991],[5.606,51.994],[5.626,51.974],[5.626,51.957],[5.606,51.943],[5.638,51.937],[5.666,51.953],[5.723,51.964],[5.714,51.968],[5.724,52.001]]]},"properties":{"id":174873,"statcode":"GM0289","statnaam":"Wageningen","jrstatcode":"2014GM0289","rubriek":"gemeente","FID":"gemeente_gegeneraliseerd_2014.6bcb37ad-4744-488e-95c9-49730e5641e9"},"id":"GM0289"},
{"type":"Feature","geometry":{"type":"Polygon","coordinates":[[[6.002,51.981],[5.99,51.974],[5.952,51.965],[5.954,51.95],[5.966,51.939],[5.984,51.943],[5.991,51.972],[6.002,51.978],[6.002,51.981]]]},"properties":{"id":174874,"statcode":"GM0293","statnaam":"Westervoort","jrstatcode":"2014GM0293","rubriek":"gemeente","FID":"gemeente_gegeneraliseerd_2014.d354f2c3-6203-44be-a867-67b93c33ae24"},"id":"GM0293"},
{"type":"Feature","geometry":{"type":"Polygon","coordinates":[[[6.669,51.914],[6.684,51.918],[6.722,51.896],[6.77,51.916],[6.794,51.935],[6.799,51.959],[6.829,51.964],[6.826,51.994],[6.753,52.028],[6.714,52.04],[6.688,52.04],[6.684,52.028],[6.656,52.014],[6.655,51.975],[6.639,51.963],[6.634,51.935],[6.669,51.914]]]},"properties":{"id":174875,"statcode":"GM0294","statnaam":"Winterswijk","jrstatcode":"2014GM0294","rubriek":"gemeente","FID":"gemeente_gegeneraliseerd_2014.717b0ec3-0303-4d4a-a890-c18af70d3791"},"id":"GM0294"},
{"type":"Feature","geometry":{"type":"Polygon","coordinates":[[[5.668,51.866],[5.636,51.867],[5.643,51.845],[5.61,51.836],[5.598,51.828],[5.642,51.817],[5.654,51.801],[5.692,51.789],[5.711,51.775],[5.73,51.773],[5.781,51.784],[5.801,51.795],[5.765,51.832],[5.678,51.843],[5.668,51.866]]]},"properties":{"id":174876,"statcode":"GM0296","statnaam":"Wijchen","jrstatcode":"2014GM0296","rubriek":"gemeente","FID":"gemeente_gegeneraliseerd_2014.8e96d37f-8318-4819-8c8a-94c1abb387d7"},"id":"GM0296"},
{"type":"Feature","geometry":{"type":"Polygon","coordinates":[[[5.186,51.742],[5.174,51.764],[5.27,51.774],[5.266,51.793],[5.288,51.8],[5.282,51.821],[5.203,51.81],[5.159,51.816],[5.135,51.814],[5.101,51.825],[5.074,51.826],[5.026,51.819],[5,51.821],[5.016,51.808],[5.082,51.781],[5.096,51.788],[5.138,51.773],[5.128,51.738],[5.186,51.742]]]},"properties":{"id":174877,"statcode":"GM0297","statnaam":"Zaltbommel","jrstatcode":"2014GM0297","rubriek":"gemeente","FID":"gemeente_gegeneraliseerd_2014.b4b17499-da48-467a-8d09-a35bfff1cc2e"},"id":"GM0297"},
{"type":"Feature","geometry":{"type":"Polygon","coordinates":[[[6.11,51.996],[6.094,51.993],[6.064,52.015],[6.002,51.981],[6.002,51.978],[6.061,51.982],[6.063,51.949],[6.038,51.915],[6.085,51.914],[6.103,51.892],[6.156,51.905],[6.168,51.901],[6.091,51.939],[6.103,51.967],[6.145,51.981],[6.16,51.981],[6.159,52],[6.11,51.996]]]},"properties":{"id":174878,"statcode":"GM0299","statnaam":"Zevenaar","jrstatcode":"2014GM0299","rubriek":"gemeente","FID":"gemeente_gegeneraliseerd_2014.94d3874f-a726-45a8-b24c-6a13ff9cd0bb"},"id":"GM0299"},
{"type":"Feature","geometry":{"type":"Polygon","coordinates":[[[6.218,52.098],[6.236,52.114],[6.258,52.11],[6.278,52.122],[6.328,52.138],[6.324,52.153],[6.238,52.146],[6.193,52.17],[6.185,52.161],[6.173,52.145],[6.192,52.114],[6.218,52.098]]]},"properties":{"id":174879,"statcode":"GM0301","statnaam":"Zutphen","jrstatcode":"2014GM0301","rubriek":"gemeente","FID":"gemeente_gegeneraliseerd_2014.e1c1a0ad-d5c1-452f-b0fc-b3148e4a98e3"},"id":"GM0301"},
{"type":"Feature","geometry":{"type":"Polygon","coordinates":[[[5.851,52.269],[5.841,52.304],[5.881,52.335],[5.876,52.358],[5.865,52.36],[5.811,52.403],[5.769,52.398],[5.757,52.407],[5.701,52.382],[5.679,52.379],[5.694,52.362],[5.706,52.328],[5.751,52.317],[5.745,52.288],[5.749,52.268],[5.851,52.269]]]},"properties":{"id":174880,"statcode":"GM0302","statnaam":"Nunspeet","jrstatcode":"2014GM0302","rubriek":"gemeente","FID":"gemeente_gegeneraliseerd_2014.666f6ef5-3dbe-4215-9c64-38e55a96063d"},"id":"GM0302"},
{"type":"Feature","geometry":{"type":"Polygon","coordinates":[[[5.615,52.371],[5.661,52.398],[5.721,52.416],[5.747,52.414],[5.798,52.44],[5.85,52.497],[5.857,52.52],[5.85,52.552],[5.811,52.578],[5.756,52.582],[5.655,52.597],[5.651,52.615],[5.65,52.616],[5.628,52.605],[5.573,52.596],[5.587,52.563],[5.591,52.5],[5.606,52.485],[5.565,52.47],[5.586,52.448],[5.567,52.436],[5.589,52.411],[5.623,52.409],[5.615,52.371]]]},"properties":{"id":174881,"statcode":"GM0303","statnaam":"Dronten","jrstatcode":"2014GM0303","rubriek":"gemeente","FID":"gemeente_gegeneraliseerd_2014.6766748f-5647-49bb-9187-4a2a0d7cf061"},"id":"GM0303"},
{"type":"Feature","geometry":{"type":"Polygon","coordinates":[[[5.282,51.821],[5.305,51.824],[5.339,51.807],[5.366,51.808],[5.401,51.838],[5.415,51.852],[5.378,51.863],[5.328,51.859],[5.309,51.852],[5.285,51.857],[5.229,51.856],[5.192,51.848],[5.154,51.847],[5.159,51.816],[5.203,51.81],[5.282,51.821]]]},"properties":{"id":174882,"statcode":"GM0304","statnaam":"Neerijnen","jrstatcode":"2014GM0304","rubriek":"gemeente","FID":"gemeente_gegeneraliseerd_2014.9d4a59d3-433f-4fe1-a4dc-544d64e9bda9"},"id":"GM0304"},
{"type":"Feature","geometry":{"type":"Polygon","coordinates":[[[5.311,52.108],[5.356,52.137],[5.398,52.134],[5.424,52.158],[5.442,52.161],[5.481,52.151],[5.48,52.166],[5.44,52.171],[5.439,52.201],[5.396,52.219],[5.393,52.206],[5.331,52.215],[5.314,52.203],[5.31,52.192],[5.35,52.176],[5.331,52.127],[5.306,52.11],[5.311,52.108]]]},"properties":{"id":174883,"statcode":"GM0307","statnaam":"Amersfoort","jrstatcode":"2014GM0307","rubriek":"gemeente","FID":"gemeente_gegeneraliseerd_2014.d6fca77c-47ca-46ed-bbb0-4b2f9d778783"},"id":"GM0307"},
{"type":"Feature","geometry":{"type":"Polygon","coordinates":[[[5.312,52.233],[5.315,52.224],[5.225,52.225],[5.219,52.212],[5.216,52.204],[5.212,52.176],[5.225,52.166],[5.243,52.17],[5.27,52.189],[5.314,52.203],[5.331,52.215],[5.312,52.233]]]},"properties":{"id":174884,"statcode":"GM0308","statnaam":"Baarn","jrstatcode":"2014GM0308","rubriek":"gemeente","FID":"gemeente_gegeneraliseerd_2014.360fa845-dd8c-42bb-b3a6-38ad72d7a15e"},"id":"GM0308"},
{"type":"Feature","geometry":{"type":"Polygon","coordinates":[[[5.193,52.086],[5.206,52.085],[5.218,52.114],[5.231,52.117],[5.225,52.166],[5.212,52.176],[5.216,52.204],[5.192,52.178],[5.124,52.181],[5.115,52.18],[5.095,52.155],[5.121,52.146],[5.107,52.133],[5.149,52.12],[5.156,52.098],[5.193,52.086]]]},"properties":{"id":174885,"statcode":"GM0310","statnaam":"De Bilt","jrstatcode":"2014GM0310","rubriek":"gemeente","FID":"gemeente_gegeneraliseerd_2014.75ab210a-4b80-451b-a89f-b84b2ac84c76"},"id":"GM0310"},
{"type":"Feature","geometry":{"type":"Polygon","coordinates":[[[5.195,52.078],[5.16,52.078],[5.153,52.057],[5.201,52.032],[5.202,52.017],[5.229,52.011],[5.243,51.999],[5.28,52.011],[5.251,52.039],[5.247,52.059],[5.195,52.078]]]},"properties":{"id":174886,"statcode":"GM0312","statnaam":"Bunnik","jrstatcode":"2014GM0312","rubriek":"gemeente","FID":"gemeente_gegeneraliseerd_2014.843aac38-badb-4e5f-9447-c59015fa5ac8"},"id":"GM0312"},
{"type":"Feature","geometry":{"type":"Polygon","coordinates":[[[5.331,52.274],[5.312,52.233],[5.331,52.215],[5.393,52.206],[5.396,52.219],[5.404,52.247],[5.363,52.268],[5.331,52.274]]]},"properties":{"id":174887,"statcode":"GM0313","statnaam":"Bunschoten","jrstatcode":"2014GM0313","rubriek":"gemeente","FID":"gemeente_gegeneraliseerd_2014.18ecff3f-058c-41c7-b442-172956d4137e"},"id":"GM0313"},
{"type":"Feature","geometry":{"type":"Polygon","coordinates":[[[5.306,52.278],[5.266,52.282],[5.244,52.255],[5.225,52.225],[5.315,52.224],[5.312,52.233],[5.331,52.274],[5.306,52.278]]]},"properties":{"id":174888,"statcode":"GM0317","statnaam":"Eemnes","jrstatcode":"2014GM0317","rubriek":"gemeente","FID":"gemeente_gegeneraliseerd_2014.8c975155-6269-42f0-9c14-d2539e2b199e"},"id":"GM0317"},
{"type":"Feature","geometry":{"type":"Polygon","coordinates":[[[5.127,52.055],[5.128,52.025],[5.12,52],[5.142,51.991],[5.147,51.976],[5.18,51.967],[5.219,51.964],[5.23,51.976],[5.256,51.971],[5.243,51.999],[5.229,52.011],[5.202,52.017],[5.201,52.032],[5.153,52.057],[5.127,52.055]]]},"properties":{"id":174889,"statcode":"GM0321","statnaam":"Houten","jrstatcode":"2014GM0321","rubriek":"gemeente","FID":"gemeente_gegeneraliseerd_2014.0c553b08-d363-4f01-9739-b71072821602"},"id":"GM0321"},
{"type":"Feature","geometry":{"type":"Polygon","coordinates":[[[5.486,52.115],[5.512,52.137],[5.481,52.151],[5.442,52.161],[5.424,52.158],[5.398,52.134],[5.356,52.137],[5.311,52.108],[5.322,52.102],[5.341,52.095],[5.401,52.089],[5.444,52.107],[5.467,52.1],[5.486,52.115]]]},"properties":{"id":174890,"statcode":"GM0327","statnaam":"Leusden","jrstatcode":"2014GM0327","rubriek":"gemeente","FID":"gemeente_gegeneraliseerd_2014.953d6ade-9eeb-44e5-9841-ff110925a6eb"},"id":"GM0327"},
{"type":"Feature","geometry":{"type":"Polygon","coordinates":[[[4.926,51.951],[4.94,51.963],[4.968,51.959],[4.998,51.978],[5.022,51.97],[5.04,51.977],[5.063,51.991],[5.034,52.004],[5.02,52.026],[4.995,52.022],[4.92,52.01],[4.91,52.011],[4.835,51.986],[4.866,51.96],[4.878,51.938],[4.916,51.943],[4.926,51.951]]]},"properties":{"id":174891,"statcode":"GM0331","statnaam":"Lopik","jrstatcode":"2014GM0331","rubriek":"gemeente","FID":"gemeente_gegeneraliseerd_2014.99571e6a-8377-4b29-a351-c14a9cee74d1"},"id":"GM0331"},
{"type":"Feature","geometry":{"type":"Polygon","coordinates":[[[4.995,52.022],[4.983,52.028],[4.991,52.053],[5.017,52.061],[4.999,52.066],[4.956,52.07],[4.936,52.08],[4.873,52.069],[4.868,52.063],[4.927,52.03],[4.92,52.01],[4.995,52.022]]]},"properties":{"id":174892,"statcode":"GM0335","statnaam":"Montfoort","jrstatcode":"2014GM0335","rubriek":"gemeente","FID":"gemeente_gegeneraliseerd_2014.162ac14c-3919-4b53-935e-d37d4009f739"},"id":"GM0335"},
{"type":"Feature","geometry":{"type":"Polygon","coordinates":[[[5.55,52.105],[5.532,52.102],[5.537,52.089],[5.496,52.072],[5.498,52.057],[5.529,52.04],[5.558,52.049],[5.563,52.078],[5.55,52.105]]]},"properties":{"id":174893,"statcode":"GM0339","statnaam":"Renswoude","jrstatcode":"2014GM0339","rubriek":"gemeente","FID":"gemeente_gegeneraliseerd_2014.f38b14ce-0bdb-44d2-825f-35593d4f891b"},"id":"GM0339"},
{"type":"Feature","geometry":{"type":"Polygon","coordinates":[[[5.589,52.009],[5.553,51.999],[5.513,52.019],[5.478,51.983],[5.54,51.967],[5.561,51.955],[5.587,51.951],[5.606,51.943],[5.626,51.957],[5.626,51.974],[5.606,51.994],[5.589,52.009]]]},"properties":{"id":174894,"statcode":"GM0340","statnaam":"Rhenen","jrstatcode":"2014GM0340","rubriek":"gemeente","FID":"gemeente_gegeneraliseerd_2014.7e89f073-d41f-4dcd-8b12-28d425ef3b54"},"id":"GM0340"},
{"type":"Feature","geometry":{"type":"Polygon","coordinates":[[[5.306,52.11],[5.331,52.127],[5.35,52.176],[5.31,52.192],[5.314,52.203],[5.27,52.189],[5.243,52.17],[5.256,52.136],[5.282,52.112],[5.306,52.11]]]},"properties":{"id":174895,"statcode":"GM0342","statnaam":"Soest","jrstatcode":"2014GM0342","rubriek":"gemeente","FID":"gemeente_gegeneraliseerd_2014.1bc87e8b-43bd-4f8e-9f4a-2fd3d7ddcb73"},"id":"GM0342"},
{"type":"Feature","geometry":{"type":"Polygon","coordinates":[[[5.107,52.133],[5.087,52.136],[5.033,52.117],[5.003,52.142],[4.97,52.122],[5.005,52.088],[4.999,52.066],[5.017,52.061],[5.051,52.03],[5.063,52.027],[5.071,52.062],[5.127,52.055],[5.153,52.057],[5.16,52.078],[5.195,52.078],[5.193,52.086],[5.156,52.098],[5.149,52.12],[5.107,52.133]]]},"properties":{"id":174896,"statcode":"GM0344","statnaam":"Utrecht","jrstatcode":"2014GM0344","rubriek":"gemeente","FID":"gemeente_gegeneraliseerd_2014.463035aa-dc47-49f9-9461-0e3ff1320f88"},"id":"GM0344"},
{"type":"Feature","geometry":{"type":"Polygon","coordinates":[[[5.589,52.009],[5.587,52.031],[5.558,52.049],[5.529,52.04],[5.513,52.019],[5.553,51.999],[5.589,52.009]]]},"properties":{"id":174897,"statcode":"GM0345","statnaam":"Veenendaal","jrstatcode":"2014GM0345","rubriek":"gemeente","FID":"gemeente_gegeneraliseerd_2014.357915e9-ac9b-4d15-9062-f802d8f4f48e"},"id":"GM0345"},
{"type":"Feature","geometry":{"type":"Polygon","coordinates":[[[5.496,52.072],[5.459,52.08],[5.486,52.094],[5.494,52.111],[5.486,52.115],[5.467,52.1],[5.444,52.107],[5.401,52.089],[5.341,52.095],[5.322,52.102],[5.332,52.084],[5.438,52.07],[5.446,52.045],[5.498,52.057],[5.496,52.072]]]},"properties":{"id":174898,"statcode":"GM0351","statnaam":"Woudenberg","jrstatcode":"2014GM0351","rubriek":"gemeente","FID":"gemeente_gegeneraliseerd_2014.78ec6868-0f84-48ac-9366-ca2579852663"},"id":"GM0351"},
{"type":"Feature","geometry":{"type":"Polygon","coordinates":[[[5.391,51.971],[5.378,51.986],[5.382,52.002],[5.344,52.02],[5.315,52.027],[5.28,52.011],[5.243,51.999],[5.256,51.971],[5.27,51.965],[5.333,51.957],[5.348,51.968],[5.391,51.971]]]},"properties":{"id":174899,"statcode":"GM0352","statnaam":"Wijk bij Duurstede","jrstatcode":"2014GM0352","rubriek":"gemeente","FID":"gemeente_gegeneraliseerd_2014.acec4dbb-de5d-425a-a01a-c10ed0f3aeae"},"id":"GM0352"},
{"type":"Feature","geometry":{"type":"Polygon","coordinates":[[[4.995,52.022],[5.02,52.026],[5.034,52.004],[5.063,51.991],[5.078,51.997],[5.063,52.027],[5.051,52.03],[5.017,52.061],[4.991,52.053],[4.983,52.028],[4.995,52.022]]]},"properties":{"id":174900,"statcode":"GM0353","statnaam":"IJsselstein","jrstatcode":"2014GM0353","rubriek":"gemeente","FID":"gemeente_gegeneraliseerd_2014.ad673dbc-586e-46fa-8b87-307d4e411c59"},"id":"GM0353"},
{"type":"Feature","geometry":{"type":"Polygon","coordinates":[[[5.247,52.059],[5.291,52.086],[5.32,52.07],[5.332,52.084],[5.322,52.102],[5.311,52.108],[5.306,52.11],[5.282,52.112],[5.256,52.136],[5.243,52.17],[5.225,52.166],[5.231,52.117],[5.218,52.114],[5.206,52.085],[5.193,52.086],[5.195,52.078],[5.247,52.059]]]},"properties":{"id":174901,"statcode":"GM0355","statnaam":"Zeist","jrstatcode":"2014GM0355","rubriek":"gemeente","FID":"gemeente_gegeneraliseerd_2014.97fbcecc-0892-4127-af77-fca639cd001a"},"id":"GM0355"},
{"type":"Feature","geometry":{"type":"Polygon","coordinates":[[[5.063,52.027],[5.078,51.997],[5.12,52],[5.128,52.025],[5.127,52.055],[5.071,52.062],[5.063,52.027]]]},"properties":{"id":174902,"statcode":"GM0356","statnaam":"Nieuwegein","jrstatcode":"2014GM0356","rubriek":"gemeente","FID":"gemeente_gegeneraliseerd_2014.aa083bf0-99df-444c-8ddd-916f70f0724b"},"id":"GM0356"},
{"type":"Feature","geometry":{"type":"Polygon","coordinates":[[[4.724,52.217],[4.773,52.241],[4.795,52.261],[4.824,52.29],[4.81,52.306],[4.78,52.283],[4.726,52.263],[4.702,52.244],[4.67,52.231],[4.686,52.227],[4.724,52.232],[4.724,52.217]]]},"properties":{"id":174903,"statcode":"GM0358","statnaam":"Aalsmeer","jrstatcode":"2014GM0358","rubriek":"gemeente","FID":"gemeente_gegeneraliseerd_2014.6e241ab0-a846-4628-82e7-170b7f66b91e"},"id":"GM0358"},
{"type":"Feature","geometry":{"type":"Polygon","coordinates":[[[4.715,52.625],[4.74,52.614],[4.752,52.592],[4.756,52.592],[4.792,52.638],[4.801,52.66],[4.779,52.676],[4.742,52.681],[4.752,52.671],[4.713,52.646],[4.715,52.625]]]},"properties":{"id":174904,"statcode":"GM0361","statnaam":"Alkmaar","jrstatcode":"2014GM0361","rubriek":"gemeente","FID":"gemeente_gegeneraliseerd_2014.33995c0e-e985-4b2f-96bf-482967662c37"},"id":"GM0361"},
{"type":"Feature","geometry":{"type":"Polygon","coordinates":[[[4.909,52.318],[4.819,52.326],[4.81,52.306],[4.824,52.29],[4.795,52.261],[4.852,52.242],[4.87,52.253],[4.879,52.279],[4.908,52.307],[4.909,52.318]]]},"properties":{"id":174905,"statcode":"GM0362","statnaam":"Amstelveen","jrstatcode":"2014GM0362","rubriek":"gemeente","FID":"gemeente_gegeneraliseerd_2014.1df53df0-bea2-4590-b362-1df0d90ce4ca"},"id":"GM0362"},
{"type":"Feature","geometry":{"type":"MultiPolygon","coordinates":[[[[5.015,52.348],[4.98,52.374],[5.025,52.389],[5.029,52.398],[5.068,52.417],[5.049,52.415],[5,52.425],[4.948,52.422],[4.931,52.412],[4.899,52.424],[4.863,52.43],[4.856,52.417],[4.739,52.431],[4.729,52.401],[4.758,52.397],[4.757,52.378],[4.756,52.356],[4.819,52.326],[4.909,52.318],[4.913,52.331],[4.95,52.339],[4.966,52.354],[4.999,52.342],[5.015,52.348]]],[[[4.955,52.278],[4.998,52.289],[5.022,52.302],[5.018,52.323],[5.016,52.325],[4.998,52.314],[4.978,52.331],[4.945,52.327],[4.93,52.306],[4.955,52.278]]]]},"properties":{"id":174906,"statcode":"GM0363","statnaam":"Amsterdam","jrstatcode":"2014GM0363","rubriek":"gemeente","FID":"gemeente_gegeneraliseerd_2014.046280c5-840c-473b-ae64-f608eaaac337"},"id":"GM0363"},
{"type":"Feature","geometry":{"type":"Polygon","coordinates":[[[4.864,52.572],[4.824,52.576],[4.793,52.574],[4.782,52.557],[4.778,52.534],[4.782,52.52],[4.79,52.519],[4.834,52.539],[4.864,52.572]]]},"properties":{"id":174907,"statcode":"GM0365","statnaam":"Graft-De Rijp","jrstatcode":"2014GM0365","rubriek":"gemeente","FID":"gemeente_gegeneraliseerd_2014.afe1c9c6-6589-4c5b-b3a3-9d1de9c270a3"},"id":"GM0365"},
{"type":"Feature","geometry":{"type":"Polygon","coordinates":[[[4.957,52.529],[4.974,52.544],[4.977,52.561],[4.997,52.575],[4.95,52.595],[4.927,52.607],[4.898,52.601],[4.864,52.572],[4.834,52.539],[4.85,52.525],[4.934,52.512],[4.957,52.529]]]},"properties":{"id":174908,"statcode":"GM0370","statnaam":"Beemster","jrstatcode":"2014GM0370","rubriek":"gemeente","FID":"gemeente_gegeneraliseerd_2014.c0e6d321-aa9a-4b8c-afaf-1a9782e186e4"},"id":"GM0370"},
{"type":"Feature","geometry":{"type":"Polygon","coordinates":[[[4.649,52.756],[4.64,52.728],[4.634,52.684],[4.61,52.574],[4.673,52.591],[4.69,52.624],[4.715,52.625],[4.713,52.646],[4.752,52.671],[4.742,52.681],[4.729,52.691],[4.69,52.733],[4.649,52.756]]]},"properties":{"id":174909,"statcode":"GM0373","statnaam":"Bergen (NH.)","jrstatcode":"2014GM0373","rubriek":"gemeente","FID":"gemeente_gegeneraliseerd_2014.acbf20c8-1102-4932-b5f5-40440394007e"},"id":"GM0373"},
{"type":"Feature","geometry":{"type":"Polygon","coordinates":[[[4.582,52.489],[4.654,52.477],[4.675,52.456],[4.708,52.486],[4.666,52.502],[4.604,52.494],[4.587,52.499],[4.582,52.489]]]},"properties":{"id":174910,"statcode":"GM0375","statnaam":"Beverwijk","jrstatcode":"2014GM0375","rubriek":"gemeente","FID":"gemeente_gegeneraliseerd_2014.aee9468b-7be5-4dd8-8efb-8cd7d20dae41"},"id":"GM0375"},
{"type":"Feature","geometry":{"type":"Polygon","coordinates":[[[5.288,52.298],[5.204,52.267],[5.226,52.268],[5.244,52.255],[5.266,52.282],[5.306,52.278],[5.288,52.298]]]},"properties":{"id":174911,"statcode":"GM0376","statnaam":"Blaricum","jrstatcode":"2014GM0376","rubriek":"gemeente","FID":"gemeente_gegeneraliseerd_2014.29e460c4-ebcb-4df3-8a07-c4a00539fcd7"},"id":"GM0376"},
{"type":"Feature","geometry":{"type":"Polygon","coordinates":[[[4.611,52.322],[4.59,52.328],[4.606,52.363],[4.6,52.379],[4.621,52.388],[4.632,52.412],[4.621,52.425],[4.561,52.438],[4.542,52.401],[4.591,52.391],[4.547,52.314],[4.564,52.309],[4.583,52.318],[4.612,52.314],[4.611,52.322]]]},"properties":{"id":174912,"statcode":"GM0377","statnaam":"Bloemendaal","jrstatcode":"2014GM0377","rubriek":"gemeente","FID":"gemeente_gegeneraliseerd_2014.d1054eaf-0dec-41ae-9951-f363f9f2bd85"},"id":"GM0377"},
{"type":"Feature","geometry":{"type":"Polygon","coordinates":[[[5.201,52.268],[5.185,52.278],[5.144,52.28],[5.138,52.26],[5.162,52.256],[5.201,52.268]]]},"properties":{"id":174913,"statcode":"GM0381","statnaam":"Bussum","jrstatcode":"2014GM0381","rubriek":"gemeente","FID":"gemeente_gegeneraliseerd_2014.d2074b68-0506-42e9-a433-73b102a1c4e5"},"id":"GM0381"},
{"type":"Feature","geometry":{"type":"Polygon","coordinates":[[[4.673,52.591],[4.61,52.574],[4.599,52.531],[4.66,52.532],[4.696,52.527],[4.695,52.544],[4.719,52.552],[4.755,52.536],[4.778,52.534],[4.782,52.557],[4.745,52.567],[4.756,52.592],[4.752,52.592],[4.74,52.579],[4.685,52.581],[4.673,52.591]]]},"properties":{"id":174914,"statcode":"GM0383","statnaam":"Castricum","jrstatcode":"2014GM0383","rubriek":"gemeente","FID":"gemeente_gegeneraliseerd_2014.931feda5-8841-4ab6-8a7e-60d8281fb309"},"id":"GM0383"},
{"type":"Feature","geometry":{"type":"Polygon","coordinates":[[[5.015,52.348],[4.999,52.342],[4.966,52.354],[4.95,52.339],[4.945,52.327],[4.978,52.331],[4.998,52.314],[5.016,52.325],[5.026,52.337],[5.015,52.348]]]},"properties":{"id":174915,"statcode":"GM0384","statnaam":"Diemen","jrstatcode":"2014GM0384","rubriek":"gemeente","FID":"gemeente_gegeneraliseerd_2014.8ceed796-5531-4a5b-b65d-b0cb9beed866"},"id":"GM0384"},
{"type":"Feature","geometry":{"type":"Polygon","coordinates":[[[5.059,52.486],[5.086,52.504],[5.066,52.526],[5.025,52.522],[4.998,52.495],[5.025,52.485],[5.059,52.486]]]},"properties":{"id":174916,"statcode":"GM0385","statnaam":"Edam-Volendam","jrstatcode":"2014GM0385","rubriek":"gemeente","FID":"gemeente_gegeneraliseerd_2014.2f281bb6-f3da-433e-b3c8-0a98a8baea97"},"id":"GM0385"},
{"type":"Feature","geometry":{"type":"Polygon","coordinates":[[[5.272,52.746],[5.254,52.747],[5.258,52.716],[5.259,52.687],[5.299,52.703],[5.272,52.746]]]},"properties":{"id":174917,"statcode":"GM0388","statnaam":"Enkhuizen","jrstatcode":"2014GM0388","rubriek":"gemeente","FID":"gemeente_gegeneraliseerd_2014.591c3331-dfc7-4d1b-a13b-cb1f51559237"},"id":"GM0388"},
{"type":"Feature","geometry":{"type":"Polygon","coordinates":[[[4.682,52.414],[4.651,52.429],[4.632,52.412],[4.621,52.388],[4.6,52.379],[4.606,52.363],[4.63,52.361],[4.64,52.339],[4.674,52.351],[4.677,52.377],[4.669,52.401],[4.682,52.414]]]},"properties":{"id":174918,"statcode":"GM0392","statnaam":"Haarlem","jrstatcode":"2014GM0392","rubriek":"gemeente","FID":"gemeente_gegeneraliseerd_2014.8e7dc4b1-68d4-4881-abbc-229eac57c5c9"},"id":"GM0392"},
{"type":"Feature","geometry":{"type":"Polygon","coordinates":[[[4.722,52.433],[4.682,52.414],[4.669,52.401],[4.677,52.377],[4.73,52.386],[4.757,52.378],[4.758,52.397],[4.729,52.401],[4.739,52.431],[4.722,52.433]]]},"properties":{"id":174919,"statcode":"GM0393","statnaam":"Haarlemmerliede en Spaarnwoude","jrstatcode":"2014GM0393","rubriek":"gemeente","FID":"gemeente_gegeneraliseerd_2014.aea1a390-d42f-4794-a2f7-76a49f7471f0"},"id":"GM0393"},
{"type":"Feature","geometry":{"type":"Polygon","coordinates":[[[4.612,52.314],[4.588,52.28],[4.573,52.271],[4.554,52.222],[4.558,52.219],[4.633,52.216],[4.67,52.231],[4.702,52.244],[4.726,52.263],[4.78,52.283],[4.81,52.306],[4.819,52.326],[4.756,52.356],[4.757,52.378],[4.73,52.386],[4.677,52.377],[4.674,52.351],[4.64,52.339],[4.611,52.322],[4.612,52.314]]]},"properties":{"id":174920,"statcode":"GM0394","statnaam":"Haarlemmermeer","jrstatcode":"2014GM0394","rubriek":"gemeente","FID":"gemeente_gegeneraliseerd_2014.86115eb5-faf3-4e35-be3d-d01d10f698a5"},"id":"GM0394"},
{"type":"Feature","geometry":{"type":"Polygon","coordinates":[[[4.587,52.499],[4.604,52.494],[4.666,52.502],[4.708,52.486],[4.72,52.495],[4.693,52.511],[4.696,52.527],[4.66,52.532],[4.599,52.531],[4.587,52.499]]]},"properties":{"id":174921,"statcode":"GM0396","statnaam":"Heemskerk","jrstatcode":"2014GM0396","rubriek":"gemeente","FID":"gemeente_gegeneraliseerd_2014.06140742-7528-4498-a4f0-06ccafecb8f2"},"id":"GM0396"},
{"type":"Feature","geometry":{"type":"Polygon","coordinates":[[[4.64,52.339],[4.63,52.361],[4.606,52.363],[4.59,52.328],[4.611,52.322],[4.64,52.339]]]},"properties":{"id":174922,"statcode":"GM0397","statnaam":"Heemstede","jrstatcode":"2014GM0397","rubriek":"gemeente","FID":"gemeente_gegeneraliseerd_2014.0be138e7-9390-4266-a0f9-134483a45254"},"id":"GM0397"},
{"type":"Feature","geometry":{"type":"Polygon","coordinates":[[[4.801,52.66],[4.792,52.638],[4.83,52.633],[4.838,52.646],[4.873,52.634],[4.863,52.654],[4.876,52.686],[4.9,52.698],[4.899,52.707],[4.848,52.72],[4.827,52.718],[4.827,52.676],[4.801,52.66]]]},"properties":{"id":174923,"statcode":"GM0398","statnaam":"Heerhugowaard","jrstatcode":"2014GM0398","rubriek":"gemeente","FID":"gemeente_gegeneraliseerd_2014.72305153-ee14-4a13-8c3d-3d6042e3130d"},"id":"GM0398"},
{"type":"Feature","geometry":{"type":"Polygon","coordinates":[[[4.715,52.625],[4.69,52.624],[4.673,52.591],[4.685,52.581],[4.74,52.579],[4.752,52.592],[4.74,52.614],[4.715,52.625]]]},"properties":{"id":174924,"statcode":"GM0399","statnaam":"Heiloo","jrstatcode":"2014GM0399","rubriek":"gemeente","FID":"gemeente_gegeneraliseerd_2014.f1b6c3bc-59aa-43bc-ba04-f98f3c725095"},"id":"GM0399"},
{"type":"Feature","geometry":{"type":"Polygon","coordinates":[[[4.812,52.913],[4.779,52.955],[4.763,52.965],[4.731,52.963],[4.714,52.932],[4.709,52.884],[4.771,52.879],[4.795,52.913],[4.812,52.913]]]},"properties":{"id":174925,"statcode":"GM0400","statnaam":"Den Helder","jrstatcode":"2014GM0400","rubriek":"gemeente","FID":"gemeente_gegeneraliseerd_2014.57534737-d489-4fbe-86a0-dfce4860facb"},"id":"GM0400"},
{"type":"Feature","geometry":{"type":"Polygon","coordinates":[[[5.102,52.28],[5.136,52.26],[5.146,52.2],[5.124,52.181],[5.192,52.178],[5.216,52.204],[5.219,52.212],[5.189,52.248],[5.204,52.267],[5.201,52.268],[5.162,52.256],[5.138,52.26],[5.144,52.28],[5.105,52.285],[5.102,52.28]]]},"properties":{"id":174926,"statcode":"GM0402","statnaam":"Hilversum","jrstatcode":"2014GM0402","rubriek":"gemeente","FID":"gemeente_gegeneraliseerd_2014.f9fd6a6d-de8f-4c59-ae08-f9b9e3519e3e"},"id":"GM0402"},
{"type":"Feature","geometry":{"type":"Polygon","coordinates":[[[5.101,52.635],[5.111,52.657],[5.092,52.679],[5.035,52.667],[5.039,52.647],[5.019,52.63],[5.046,52.642],[5.101,52.635]]]},"properties":{"id":174927,"statcode":"GM0405","statnaam":"Hoorn","jrstatcode":"2014GM0405","rubriek":"gemeente","FID":"gemeente_gegeneraliseerd_2014.538d41c0-5e19-4d1d-9ad7-6b3aeb46df46"},"id":"GM0405"},
{"type":"Feature","geometry":{"type":"Polygon","coordinates":[[[5.288,52.298],[5.228,52.311],[5.198,52.3],[5.185,52.278],[5.201,52.268],[5.204,52.267],[5.288,52.298]]]},"properties":{"id":174928,"statcode":"GM0406","statnaam":"Huizen","jrstatcode":"2014GM0406","rubriek":"gemeente","FID":"gemeente_gegeneraliseerd_2014.66a47cf0-2389-4d3e-b89c-8e711ee0cb6e"},"id":"GM0406"},
{"type":"Feature","geometry":{"type":"Polygon","coordinates":[[[4.899,52.424],[4.931,52.412],[4.948,52.422],[4.948,52.484],[4.921,52.49],[4.906,52.48],[4.893,52.457],[4.899,52.424]]]},"properties":{"id":174929,"statcode":"GM0415","statnaam":"Landsmeer","jrstatcode":"2014GM0415","rubriek":"gemeente","FID":"gemeente_gegeneraliseerd_2014.1c83ad5a-b359-4875-9365-71fcd78bddfe"},"id":"GM0415"},
{"type":"Feature","geometry":{"type":"Polygon","coordinates":[[[4.827,52.718],[4.773,52.719],[4.767,52.698],[4.729,52.691],[4.742,52.681],[4.779,52.676],[4.801,52.66],[4.827,52.676],[4.827,52.718]]]},"properties":{"id":174930,"statcode":"GM0416","statnaam":"Langedijk","jrstatcode":"2014GM0416","rubriek":"gemeente","FID":"gemeente_gegeneraliseerd_2014.12969d0d-2593-4df7-a9cc-f238cccf7686"},"id":"GM0416"},
{"type":"Feature","geometry":{"type":"Polygon","coordinates":[[[5.244,52.255],[5.226,52.268],[5.204,52.267],[5.189,52.248],[5.219,52.212],[5.225,52.225],[5.244,52.255]]]},"properties":{"id":174931,"statcode":"GM0417","statnaam":"Laren","jrstatcode":"2014GM0417","rubriek":"gemeente","FID":"gemeente_gegeneraliseerd_2014.1faec994-7243-454f-ab33-16d6f0c538ee"},"id":"GM0417"},
{"type":"Feature","geometry":{"type":"Polygon","coordinates":[[[5.104,52.774],[5.07,52.768],[5.046,52.753],[4.997,52.752],[5.011,52.723],[4.988,52.713],[4.979,52.68],[5.022,52.664],[5.035,52.667],[5.092,52.679],[5.187,52.707],[5.22,52.718],[5.258,52.716],[5.254,52.747],[5.272,52.746],[5.258,52.753],[5.193,52.755],[5.183,52.743],[5.148,52.739],[5.104,52.774]]]},"properties":{"id":174932,"statcode":"GM0420","statnaam":"Medemblik","jrstatcode":"2014GM0420","rubriek":"gemeente","FID":"gemeente_gegeneraliseerd_2014.27b938e3-6ce7-47a4-be61-43afc9db9083"},"id":"GM0420"},
{"type":"Feature","geometry":{"type":"Polygon","coordinates":[[[5.101,52.31],[5.129,52.325],[5.094,52.339],[5.026,52.337],[5.016,52.325],[5.018,52.323],[5.077,52.318],[5.101,52.31]]]},"properties":{"id":174933,"statcode":"GM0424","statnaam":"Muiden","jrstatcode":"2014GM0424","rubriek":"gemeente","FID":"gemeente_gegeneraliseerd_2014.deba4268-51bd-403c-8691-79ba143e351c"},"id":"GM0424"},
{"type":"Feature","geometry":{"type":"Polygon","coordinates":[[[5.228,52.311],[5.161,52.306],[5.129,52.325],[5.101,52.31],[5.105,52.285],[5.144,52.28],[5.185,52.278],[5.198,52.3],[5.228,52.311]]]},"properties":{"id":174934,"statcode":"GM0425","statnaam":"Naarden","jrstatcode":"2014GM0425","rubriek":"gemeente","FID":"gemeente_gegeneraliseerd_2014.ac625abf-99a0-464b-a5ec-5d39a0a3bb8b"},"id":"GM0425"},
{"type":"Feature","geometry":{"type":"Polygon","coordinates":[[[4.899,52.424],[4.893,52.457],[4.906,52.48],[4.853,52.47],[4.843,52.452],[4.863,52.43],[4.899,52.424]]]},"properties":{"id":174935,"statcode":"GM0431","statnaam":"Oostzaan","jrstatcode":"2014GM0431","rubriek":"gemeente","FID":"gemeente_gegeneraliseerd_2014.d4f60dba-a361-492b-abef-40840b737a60"},"id":"GM0431"},
{"type":"Feature","geometry":{"type":"Polygon","coordinates":[[[4.997,52.752],[4.944,52.753],[4.899,52.707],[4.9,52.698],[4.905,52.687],[4.949,52.674],[4.979,52.68],[4.988,52.713],[5.011,52.723],[4.997,52.752]]]},"properties":{"id":174936,"statcode":"GM0432","statnaam":"Opmeer","jrstatcode":"2014GM0432","rubriek":"gemeente","FID":"gemeente_gegeneraliseerd_2014.303b2dfe-09e2-490b-a064-c655fffcadbb"},"id":"GM0432"},
{"type":"Feature","geometry":{"type":"Polygon","coordinates":[[[4.955,52.278],[4.93,52.306],[4.945,52.327],[4.95,52.339],[4.913,52.331],[4.909,52.318],[4.908,52.307],[4.879,52.279],[4.87,52.253],[4.911,52.253],[4.929,52.27],[4.955,52.278]]]},"properties":{"id":174937,"statcode":"GM0437","statnaam":"Ouder-Amstel","jrstatcode":"2014GM0437","rubriek":"gemeente","FID":"gemeente_gegeneraliseerd_2014.c895285c-b194-4ed0-ad8c-51fd3ae30448"},"id":"GM0437"},
{"type":"Feature","geometry":{"type":"Polygon","coordinates":[[[4.948,52.484],[4.973,52.47],[4.998,52.495],[5.025,52.522],[4.992,52.52],[4.957,52.529],[4.934,52.512],[4.921,52.49],[4.948,52.484]]]},"properties":{"id":174938,"statcode":"GM0439","statnaam":"Purmerend","jrstatcode":"2014GM0439","rubriek":"gemeente","FID":"gemeente_gegeneraliseerd_2014.cf43ad38-86ba-44c1-b245-b2da708520ca"},"id":"GM0439"},
{"type":"Feature","geometry":{"type":"Polygon","coordinates":[[[4.649,52.756],[4.69,52.733],[4.729,52.691],[4.767,52.698],[4.773,52.719],[4.827,52.718],[4.848,52.72],[4.85,52.725],[4.807,52.77],[4.829,52.775],[4.835,52.808],[4.81,52.837],[4.783,52.851],[4.759,52.849],[4.771,52.879],[4.709,52.884],[4.676,52.801],[4.649,52.756]]]},"properties":{"id":174939,"statcode":"GM0441","statnaam":"Schagen","jrstatcode":"2014GM0441","rubriek":"gemeente","FID":"gemeente_gegeneraliseerd_2014.3704887f-a8db-4779-8f83-0488e23a1f6f"},"id":"GM0441"},
{"type":"Feature","geometry":{"type":"Polygon","coordinates":[[[4.877,53.162],[4.86,53.184],[4.841,53.183],[4.737,53.084],[4.722,53.064],[4.709,53.024],[4.721,52.984],[4.741,52.988],[4.755,53.01],[4.782,53.001],[4.819,53.029],[4.847,53.034],[4.897,53.078],[4.9,53.125],[4.908,53.133],[4.877,53.162]]]},"properties":{"id":174940,"statcode":"GM0448","statnaam":"Texel","jrstatcode":"2014GM0448","rubriek":"gemeente","FID":"gemeente_gegeneraliseerd_2014.38ba8677-e73c-4eda-a1db-2e944bcca574"},"id":"GM0448"},
{"type":"Feature","geometry":{"type":"Polygon","coordinates":[[[4.72,52.495],[4.782,52.52],[4.778,52.534],[4.755,52.536],[4.719,52.552],[4.695,52.544],[4.696,52.527],[4.693,52.511],[4.72,52.495]]]},"properties":{"id":174941,"statcode":"GM0450","statnaam":"Uitgeest","jrstatcode":"2014GM0450","rubriek":"gemeente","FID":"gemeente_gegeneraliseerd_2014.48b00e88-368b-495f-9112-e89b1f051d4b"},"id":"GM0450"},
{"type":"Feature","geometry":{"type":"Polygon","coordinates":[[[4.795,52.261],[4.773,52.241],[4.724,52.217],[4.729,52.21],[4.795,52.227],[4.814,52.227],[4.852,52.242],[4.795,52.261]]]},"properties":{"id":174942,"statcode":"GM0451","statnaam":"Uithoorn","jrstatcode":"2014GM0451","rubriek":"gemeente","FID":"gemeente_gegeneraliseerd_2014.d9551982-ee85-4896-993d-261a4d1d79fe"},"id":"GM0451"},
{"type":"Feature","geometry":{"type":"Polygon","coordinates":[[[4.722,52.433],[4.675,52.456],[4.654,52.477],[4.582,52.489],[4.554,52.462],[4.561,52.438],[4.621,52.425],[4.632,52.412],[4.651,52.429],[4.682,52.414],[4.722,52.433]]]},"properties":{"id":174943,"statcode":"GM0453","statnaam":"Velsen","jrstatcode":"2014GM0453","rubriek":"gemeente","FID":"gemeente_gegeneraliseerd_2014.8fcec01b-ba52-42e9-ab86-47c324b18d3f"},"id":"GM0453"},
{"type":"Feature","geometry":{"type":"Polygon","coordinates":[[[5.101,52.31],[5.077,52.318],[5.018,52.323],[5.022,52.302],[5.022,52.283],[5.064,52.281],[5.102,52.28],[5.105,52.285],[5.101,52.31]]]},"properties":{"id":174944,"statcode":"GM0457","statnaam":"Weesp","jrstatcode":"2014GM0457","rubriek":"gemeente","FID":"gemeente_gegeneraliseerd_2014.9f0d7e45-2222-4d58-97f8-c3faaa89bb65"},"id":"GM0457"},
{"type":"Feature","geometry":{"type":"Polygon","coordinates":[[[4.782,52.557],[4.793,52.574],[4.824,52.576],[4.864,52.572],[4.898,52.601],[4.927,52.607],[4.884,52.613],[4.873,52.634],[4.838,52.646],[4.83,52.633],[4.792,52.638],[4.756,52.592],[4.745,52.567],[4.782,52.557]]]},"properties":{"id":174945,"statcode":"GM0458","statnaam":"Schermer","jrstatcode":"2014GM0458","rubriek":"gemeente","FID":"gemeente_gegeneraliseerd_2014.a99c0cd1-9aec-492e-a03b-291675aec6a2"},"id":"GM0458"},
{"type":"Feature","geometry":{"type":"Polygon","coordinates":[[[4.547,52.314],[4.591,52.391],[4.542,52.401],[4.494,52.328],[4.543,52.315],[4.547,52.314]]]},"properties":{"id":174946,"statcode":"GM0473","statnaam":"Zandvoort","jrstatcode":"2014GM0473","rubriek":"gemeente","FID":"gemeente_gegeneraliseerd_2014.51ec7d4b-25be-47ae-a594-0085fbf4d3e1"},"id":"GM0473"},
{"type":"Feature","geometry":{"type":"Polygon","coordinates":[[[5.066,52.526],[5.043,52.561],[5.031,52.568],[5.02,52.612],[5.005,52.598],[4.95,52.595],[4.997,52.575],[4.977,52.561],[4.974,52.544],[4.957,52.529],[4.992,52.52],[5.025,52.522],[5.066,52.526]]]},"properties":{"id":174947,"statcode":"GM0478","statnaam":"Zeevang","jrstatcode":"2014GM0478","rubriek":"gemeente","FID":"gemeente_gegeneraliseerd_2014.58dc68f5-5aac-438a-896a-b69a02ee9d47"},"id":"GM0478"},
{"type":"Feature","geometry":{"type":"Polygon","coordinates":[[[4.739,52.431],[4.856,52.417],[4.863,52.43],[4.843,52.452],[4.853,52.47],[4.799,52.491],[4.79,52.519],[4.782,52.52],[4.72,52.495],[4.708,52.486],[4.675,52.456],[4.722,52.433],[4.739,52.431]]]},"properties":{"id":174948,"statcode":"GM0479","statnaam":"Zaanstad","jrstatcode":"2014GM0479","rubriek":"gemeente","FID":"gemeente_gegeneraliseerd_2014.3d89f36a-e647-4d5f-92de-c383d90f3fb2"},"id":"GM0479"},
{"type":"Feature","geometry":{"type":"Polygon","coordinates":[[[4.683,51.848],[4.678,51.875],[4.626,51.881],[4.635,51.87],[4.673,51.839],[4.683,51.848]]]},"properties":{"id":174949,"statcode":"GM0482","statnaam":"Alblasserdam","jrstatcode":"2014GM0482","rubriek":"gemeente","FID":"gemeente_gegeneraliseerd_2014.a760ae4e-e99e-498e-8fcb-04896d72ee8a"},"id":"GM0482"},
{"type":"Feature","geometry":{"type":"Polygon","coordinates":[[[4.571,52.153],[4.551,52.138],[4.535,52.12],[4.531,52.081],[4.557,52.061],[4.565,52.059],[4.607,52.066],[4.637,52.074],[4.66,52.064],[4.715,52.081],[4.709,52.094],[4.739,52.107],[4.759,52.134],[4.742,52.163],[4.706,52.152],[4.681,52.168],[4.571,52.153]]]},"properties":{"id":174950,"statcode":"GM0484","statnaam":"Alphen aan den Rijn","jrstatcode":"2014GM0484","rubriek":"gemeente","FID":"gemeente_gegeneraliseerd_2014.6345149d-7be0-4ced-b49e-4660db74077c"},"id":"GM0484"},
{"type":"Feature","geometry":{"type":"Polygon","coordinates":[[[4.549,51.874],[4.494,51.869],[4.48,51.862],[4.489,51.835],[4.554,51.83],[4.571,51.847],[4.549,51.874]]]},"properties":{"id":174951,"statcode":"GM0489","statnaam":"Barendrecht","jrstatcode":"2014GM0489","rubriek":"gemeente","FID":"gemeente_gegeneraliseerd_2014.b3ec27cc-b540-48db-8f67-952080528b62"},"id":"GM0489"},
{"type":"Feature","geometry":{"type":"Polygon","coordinates":[[[4.827,51.97],[4.815,51.958],[4.738,51.944],[4.72,51.944],[4.705,51.963],[4.709,51.984],[4.679,51.958],[4.692,51.932],[4.745,51.932],[4.744,51.905],[4.801,51.922],[4.832,51.939],[4.827,51.97]]]},"properties":{"id":174952,"statcode":"GM0491","statnaam":"Bergambacht","jrstatcode":"2014GM0491","rubriek":"gemeente","FID":"gemeente_gegeneraliseerd_2014.d0bb3956-0f1e-4b87-9d84-5634206b9d8c"},"id":"GM0491"},
{"type":"Feature","geometry":{"type":"Polygon","coordinates":[[[5.187,52.707],[5.092,52.679],[5.111,52.657],[5.101,52.635],[5.128,52.62],[5.159,52.623],[5.198,52.636],[5.236,52.657],[5.246,52.686],[5.208,52.684],[5.187,52.707]]]},"properties":{"id":174953,"statcode":"GM0498","statnaam":"Drechterland","jrstatcode":"2014GM0498","rubriek":"gemeente","FID":"gemeente_gegeneraliseerd_2014.b29bde5d-f7e7-4dd8-84b5-64252c643639"},"id":"GM0498"},
{"type":"Feature","geometry":{"type":"Polygon","coordinates":[[[4.155,51.882],[4.16,51.867],[4.186,51.863],[4.185,51.85],[4.239,51.873],[4.22,51.896],[4.163,51.927],[4.145,51.931],[4.153,51.922],[4.135,51.906],[4.155,51.882]]]},"properties":{"id":174954,"statcode":"GM0501","statnaam":"Brielle","jrstatcode":"2014GM0501","rubriek":"gemeente","FID":"gemeente_gegeneraliseerd_2014.9661fab8-4375-4159-bbce-85eaa22fff43"},"id":"GM0501"},
{"type":"Feature","geometry":{"type":"Polygon","coordinates":[[[4.55,51.907],[4.618,51.931],[4.619,51.933],[4.584,51.965],[4.562,51.957],[4.566,51.926],[4.55,51.907]]]},"properties":{"id":174955,"statcode":"GM0502","statnaam":"Capelle aan den IJssel","jrstatcode":"2014GM0502","rubriek":"gemeente","FID":"gemeente_gegeneraliseerd_2014.dc25b5f4-dab1-49c0-81bb-9fe12582e4b9"},"id":"GM0502"},
{"type":"Feature","geometry":{"type":"Polygon","coordinates":[[[4.326,52.013],[4.341,52.003],[4.324,51.99],[4.338,51.974],[4.403,51.966],[4.408,51.968],[4.386,52.005],[4.38,52.027],[4.358,52.027],[4.326,52.013]]]},"properties":{"id":174956,"statcode":"GM0503","statnaam":"Delft","jrstatcode":"2014GM0503","rubriek":"gemeente","FID":"gemeente_gegeneraliseerd_2014.d079b1d0-28f4-4db1-ac6b-28ae7efecdae"},"id":"GM0503"},
{"type":"Feature","geometry":{"type":"Polygon","coordinates":[[[4.621,51.801],[4.631,51.75],[4.627,51.728],[4.624,51.721],[4.644,51.719],[4.645,51.719],[4.676,51.725],[4.737,51.756],[4.755,51.782],[4.797,51.8],[4.854,51.801],[4.885,51.816],[4.811,51.819],[4.766,51.816],[4.73,51.822],[4.672,51.821],[4.621,51.801]]]},"properties":{"id":174957,"statcode":"GM0505","statnaam":"Dordrecht","jrstatcode":"2014GM0505","rubriek":"gemeente","FID":"gemeente_gegeneraliseerd_2014.885aa723-d739-4968-899e-aacc6f4fd498"},"id":"GM0505"},
{"type":"Feature","geometry":{"type":"Polygon","coordinates":[[[4.97,51.824],[5,51.821],[5.026,51.819],[5.031,51.841],[4.999,51.852],[4.938,51.864],[4.943,51.845],[4.925,51.84],[4.927,51.828],[4.97,51.824]]]},"properties":{"id":174958,"statcode":"GM0512","statnaam":"Gorinchem","jrstatcode":"2014GM0512","rubriek":"gemeente","FID":"gemeente_gegeneraliseerd_2014.92099190-297e-4faf-9f11-4ba0b73443d8"},"id":"GM0512"},
{"type":"Feature","geometry":{"type":"Polygon","coordinates":[[[4.751,52.014],[4.72,52.026],[4.706,52.04],[4.667,52.013],[4.689,51.996],[4.727,52.001],[4.751,52.014]]]},"properties":{"id":174959,"statcode":"GM0513","statnaam":"Gouda","jrstatcode":"2014GM0513","rubriek":"gemeente","FID":"gemeente_gegeneraliseerd_2014.36266fca-3f9c-4bd9-a70c-718c2b340c25"},"id":"GM0513"},
{"type":"Feature","geometry":{"type":"Polygon","coordinates":[[[4.308,52.018],[4.291,52.042],[4.34,52.062],[4.358,52.027],[4.38,52.027],[4.373,52.041],[4.395,52.053],[4.422,52.052],[4.421,52.063],[4.404,52.078],[4.356,52.068],[4.336,52.075],[4.373,52.095],[4.344,52.098],[4.304,52.128],[4.26,52.102],[4.197,52.054],[4.212,52.034],[4.235,52.039],[4.248,52.025],[4.273,52.036],[4.308,52.018]]]},"properties":{"id":174960,"statcode":"GM0518","statnaam":"'s-Gravenhage","jrstatcode":"2014GM0518","rubriek":"gemeente","FID":"gemeente_gegeneraliseerd_2014.ff2e8954-b10d-476b-af61-77d890ebcc92"},"id":"GM0518"},
{"type":"Feature","geometry":{"type":"Polygon","coordinates":[[[4.811,51.819],[4.885,51.816],[4.927,51.828],[4.925,51.84],[4.88,51.833],[4.847,51.834],[4.838,51.861],[4.803,51.846],[4.811,51.819]]]},"properties":{"id":174961,"statcode":"GM0523","statnaam":"Hardinxveld-Giessendam","jrstatcode":"2014GM0523","rubriek":"gemeente","FID":"gemeente_gegeneraliseerd_2014.64e68411-9bb6-4552-8cc6-048ea0368701"},"id":"GM0523"},
{"type":"Feature","geometry":{"type":"Polygon","coordinates":[[[4.129,51.823],[4.159,51.821],[4.187,51.835],[4.185,51.85],[4.186,51.863],[4.16,51.867],[4.155,51.882],[4.131,51.876],[4.117,51.858],[4.068,51.845],[4.049,51.832],[4.074,51.843],[4.094,51.829],[4.129,51.823]]]},"properties":{"id":174962,"statcode":"GM0530","statnaam":"Hellevoetsluis","jrstatcode":"2014GM0530","rubriek":"gemeente","FID":"gemeente_gegeneraliseerd_2014.850a804b-1784-4782-b943-77bbdf6d5977"},"id":"GM0530"},
{"type":"Feature","geometry":{"type":"Polygon","coordinates":[[[4.635,51.87],[4.647,51.857],[4.605,51.848],[4.6,51.839],[4.637,51.825],[4.67,51.824],[4.673,51.839],[4.635,51.87]]]},"properties":{"id":174963,"statcode":"GM0531","statnaam":"Hendrik-Ido-Ambacht","jrstatcode":"2014GM0531","rubriek":"gemeente","FID":"gemeente_gegeneraliseerd_2014.423ebfef-8b74-43df-8af9-74d469cb4ad7"},"id":"GM0531"},
{"type":"Feature","geometry":{"type":"Polygon","coordinates":[[[5.187,52.707],[5.208,52.684],[5.246,52.686],[5.259,52.687],[5.258,52.716],[5.22,52.718],[5.187,52.707]]]},"properties":{"id":174964,"statcode":"GM0532","statnaam":"Stede Broec","jrstatcode":"2014GM0532","rubriek":"gemeente","FID":"gemeente_gegeneraliseerd_2014.487173f9-61f3-418d-9e9c-3c6157dcadc0"},"id":"GM0532"},
{"type":"Feature","geometry":{"type":"Polygon","coordinates":[[[4.573,52.271],[4.588,52.28],[4.612,52.314],[4.583,52.318],[4.564,52.309],[4.543,52.287],[4.573,52.271]]]},"properties":{"id":174965,"statcode":"GM0534","statnaam":"Hillegom","jrstatcode":"2014GM0534","rubriek":"gemeente","FID":"gemeente_gegeneraliseerd_2014.15c2eab3-0095-41cc-b7ce-fbd215fd92f2"},"id":"GM0534"},
{"type":"Feature","geometry":{"type":"Polygon","coordinates":[[[4.448,52.162],[4.448,52.177],[4.463,52.2],[4.464,52.216],[4.448,52.212],[4.406,52.22],[4.375,52.187],[4.412,52.164],[4.44,52.156],[4.448,52.162]]]},"properties":{"id":174966,"statcode":"GM0537","statnaam":"Katwijk","jrstatcode":"2014GM0537","rubriek":"gemeente","FID":"gemeente_gegeneraliseerd_2014.4ee2eccc-e810-4d2e-ba79-0ef665ad8550"},"id":"GM0537"},
{"type":"Feature","geometry":{"type":"Polygon","coordinates":[[[4.643,51.913],[4.618,51.931],[4.55,51.907],[4.576,51.903],[4.643,51.913]]]},"properties":{"id":174967,"statcode":"GM0542","statnaam":"Krimpen aan den IJssel","jrstatcode":"2014GM0542","rubriek":"gemeente","FID":"gemeente_gegeneraliseerd_2014.245228d2-c1ba-49cb-9643-e5b1be22c92c"},"id":"GM0542"},
{"type":"Feature","geometry":{"type":"Polygon","coordinates":[[[5.027,51.859],[5.054,51.857],[5.062,51.874],[5.09,51.889],[5.114,51.889],[5.143,51.925],[5.149,51.934],[5.102,51.946],[5.055,51.904],[5.064,51.892],[5.027,51.882],[5.027,51.859]]]},"properties":{"id":174968,"statcode":"GM0545","statnaam":"Leerdam","jrstatcode":"2014GM0545","rubriek":"gemeente","FID":"gemeente_gegeneraliseerd_2014.f11f01fd-b789-4300-81c1-0c534db67c2a"},"id":"GM0545"},
{"type":"Feature","geometry":{"type":"Polygon","coordinates":[[[4.498,52.184],[4.448,52.162],[4.44,52.156],[4.443,52.145],[4.465,52.149],[4.464,52.127],[4.473,52.119],[4.524,52.147],[4.515,52.161],[4.518,52.182],[4.498,52.184]]]},"properties":{"id":174969,"statcode":"GM0546","statnaam":"Leiden","jrstatcode":"2014GM0546","rubriek":"gemeente","FID":"gemeente_gegeneraliseerd_2014.5d201dc4-b6e1-4285-b0be-6ebd3851a4d4"},"id":"GM0546"},
{"type":"Feature","geometry":{"type":"Polygon","coordinates":[[[4.571,52.153],[4.538,52.18],[4.518,52.182],[4.515,52.161],[4.524,52.147],[4.551,52.138],[4.571,52.153]]]},"properties":{"id":174970,"statcode":"GM0547","statnaam":"Leiderdorp","jrstatcode":"2014GM0547","rubriek":"gemeente","FID":"gemeente_gegeneraliseerd_2014.a299d25a-c159-4cba-a788-5b7e072be0c7"},"id":"GM0547"},
{"type":"Feature","geometry":{"type":"Polygon","coordinates":[[[4.514,52.255],[4.525,52.236],[4.554,52.222],[4.573,52.271],[4.543,52.287],[4.514,52.255]]]},"properties":{"id":174971,"statcode":"GM0553","statnaam":"Lisse","jrstatcode":"2014GM0553","rubriek":"gemeente","FID":"gemeente_gegeneraliseerd_2014.d2281fab-2e9e-4592-82b0-56c94d9faa8d"},"id":"GM0553"},
{"type":"Feature","geometry":{"type":"Polygon","coordinates":[[[4.22,51.941],[4.236,51.917],[4.268,51.905],[4.293,51.921],[4.259,51.928],[4.24,51.943],[4.22,51.941]]]},"properties":{"id":174972,"statcode":"GM0556","statnaam":"Maassluis","jrstatcode":"2014GM0556","rubriek":"gemeente","FID":"gemeente_gegeneraliseerd_2014.270e5f4a-dc5b-4f01-b484-a51aa456f67d"},"id":"GM0556"},
{"type":"Feature","geometry":{"type":"Polygon","coordinates":[[[4.284,51.864],[4.239,51.873],[4.185,51.85],[4.187,51.835],[4.159,51.821],[4.182,51.805],[4.201,51.804],[4.247,51.785],[4.263,51.803],[4.296,51.802],[4.317,51.811],[4.286,51.85],[4.284,51.864]]]},"properties":{"id":174973,"statcode":"GM0568","statnaam":"Bernisse","jrstatcode":"2014GM0568","rubriek":"gemeente","FID":"gemeente_gegeneraliseerd_2014.f67e4185-f908-47a5-82d4-686771e22b1a"},"id":"GM0568"},
{"type":"Feature","geometry":{"type":"Polygon","coordinates":[[[4.681,52.168],[4.706,52.152],[4.742,52.163],[4.759,52.134],[4.739,52.107],[4.792,52.122],[4.809,52.138],[4.833,52.145],[4.875,52.139],[4.874,52.156],[4.892,52.162],[4.844,52.18],[4.813,52.202],[4.795,52.227],[4.729,52.21],[4.689,52.192],[4.681,52.168]]]},"properties":{"id":174974,"statcode":"GM0569","statnaam":"Nieuwkoop","jrstatcode":"2014GM0569","rubriek":"gemeente","FID":"gemeente_gegeneraliseerd_2014.aad8d29f-098a-4776-9fb6-921d47a9c1dd"},"id":"GM0569"},
{"type":"Feature","geometry":{"type":"Polygon","coordinates":[[[4.477,52.232],[4.455,52.244],[4.457,52.258],[4.517,52.293],[4.543,52.315],[4.494,52.328],[4.445,52.264],[4.406,52.22],[4.448,52.212],[4.464,52.216],[4.477,52.232]]]},"properties":{"id":174975,"statcode":"GM0575","statnaam":"Noordwijk","jrstatcode":"2014GM0575","rubriek":"gemeente","FID":"gemeente_gegeneraliseerd_2014.a476af20-33dc-4073-8c0b-ca1ff04ead85"},"id":"GM0575"},
{"type":"Feature","geometry":{"type":"Polygon","coordinates":[[[4.547,52.314],[4.543,52.315],[4.517,52.293],[4.457,52.258],[4.455,52.244],[4.477,52.232],[4.514,52.255],[4.543,52.287],[4.564,52.309],[4.547,52.314]]]},"properties":{"id":174976,"statcode":"GM0576","statnaam":"Noordwijkerhout","jrstatcode":"2014GM0576","rubriek":"gemeente","FID":"gemeente_gegeneraliseerd_2014.cc47a92a-1df3-490f-9f5d-2841aeb9bcc1"},"id":"GM0576"},
{"type":"Feature","geometry":{"type":"Polygon","coordinates":[[[4.498,52.184],[4.492,52.203],[4.463,52.2],[4.448,52.177],[4.448,52.162],[4.498,52.184]]]},"properties":{"id":174977,"statcode":"GM0579","statnaam":"Oegstgeest","jrstatcode":"2014GM0579","rubriek":"gemeente","FID":"gemeente_gegeneraliseerd_2014.422056c5-b743-47b3-bad2-625d7e4ce27a"},"id":"GM0579"},
{"type":"Feature","geometry":{"type":"Polygon","coordinates":[[[4.432,51.837],[4.382,51.824],[4.389,51.813],[4.379,51.787],[4.414,51.779],[4.425,51.786],[4.43,51.81],[4.452,51.812],[4.45,51.832],[4.432,51.837]]]},"properties":{"id":174978,"statcode":"GM0584","statnaam":"Oud-Beijerland","jrstatcode":"2014GM0584","rubriek":"gemeente","FID":"gemeente_gegeneraliseerd_2014.5317c4a0-fbfd-423e-ac0e-3c5463ab0d21"},"id":"GM0584"},
{"type":"Feature","geometry":{"type":"Polygon","coordinates":[[[4.45,51.832],[4.452,51.812],[4.43,51.81],[4.425,51.786],[4.466,51.788],[4.483,51.777],[4.515,51.787],[4.571,51.763],[4.627,51.728],[4.631,51.75],[4.621,51.801],[4.567,51.813],[4.554,51.83],[4.489,51.835],[4.45,51.832]]]},"properties":{"id":174979,"statcode":"GM0585","statnaam":"Binnenmaas","jrstatcode":"2014GM0585","rubriek":"gemeente","FID":"gemeente_gegeneraliseerd_2014.5cfa10d5-3896-4f01-9913-7b1bb2cd4042"},"id":"GM0585"},
{"type":"Feature","geometry":{"type":"MultiPolygon","coordinates":[[[[4.382,51.824],[4.317,51.811],[4.296,51.802],[4.263,51.803],[4.247,51.785],[4.249,51.766],[4.346,51.744],[4.385,51.731],[4.414,51.779],[4.379,51.787],[4.389,51.813],[4.382,51.824]]],[[[4.291,51.735],[4.33,51.726],[4.356,51.736],[4.314,51.746],[4.291,51.735]]]]},"properties":{"id":174980,"statcode":"GM0588","statnaam":"Korendijk","jrstatcode":"2014GM0588","rubriek":"gemeente","FID":"gemeente_gegeneraliseerd_2014.19338229-727f-43a9-ae49-3855031c0ddb"},"id":"GM0588"},
{"type":"Feature","geometry":{"type":"Polygon","coordinates":[[[4.868,52.063],[4.83,52.05],[4.799,52.022],[4.803,52.014],[4.847,52.018],[4.857,52.006],[4.818,52],[4.835,51.986],[4.91,52.011],[4.92,52.01],[4.927,52.03],[4.868,52.063]]]},"properties":{"id":174981,"statcode":"GM0589","statnaam":"Oudewater","jrstatcode":"2014GM0589","rubriek":"gemeente","FID":"gemeente_gegeneraliseerd_2014.696456bf-2c48-49f7-9930-f13246458aa6"},"id":"GM0589"},
{"type":"Feature","geometry":{"type":"Polygon","coordinates":[[[4.683,51.848],[4.673,51.839],[4.67,51.824],[4.672,51.821],[4.73,51.822],[4.743,51.841],[4.707,51.841],[4.683,51.848]]]},"properties":{"id":174982,"statcode":"GM0590","statnaam":"Papendrecht","jrstatcode":"2014GM0590","rubriek":"gemeente","FID":"gemeente_gegeneraliseerd_2014.4667d711-6384-4578-bd60-ef8074a08892"},"id":"GM0590"},
{"type":"Feature","geometry":{"type":"Polygon","coordinates":[[[4.549,51.874],[4.571,51.847],[4.6,51.839],[4.605,51.848],[4.647,51.857],[4.635,51.87],[4.626,51.881],[4.62,51.89],[4.576,51.903],[4.569,51.878],[4.549,51.874]]]},"properties":{"id":174983,"statcode":"GM0597","statnaam":"Ridderkerk","jrstatcode":"2014GM0597","rubriek":"gemeente","FID":"gemeente_gegeneraliseerd_2014.77c4377f-0eba-4792-bc05-e131beb69dde"},"id":"GM0597"},
{"type":"Feature","geometry":{"type":"Polygon","coordinates":[[[4.584,51.965],[4.599,51.988],[4.579,51.99],[4.572,51.972],[4.548,51.973],[4.521,51.963],[4.469,51.981],[4.447,51.963],[4.428,51.976],[4.408,51.968],[4.403,51.966],[4.379,51.963],[4.389,51.946],[4.417,51.92],[4.414,51.901],[4.371,51.899],[4.331,51.894],[4.268,51.905],[4.236,51.917],[4.22,51.941],[4.192,51.955],[4.187,51.967],[4.147,51.981],[4.128,52.001],[4.095,51.985],[4.048,51.994],[4.042,51.986],[4.005,51.986],[3.973,51.945],[3.996,51.916],[4.064,51.932],[4.108,51.936],[4.145,51.931],[4.163,51.927],[4.22,51.896],[4.239,51.873],[4.284,51.864],[4.336,51.864],[4.354,51.849],[4.384,51.842],[4.395,51.872],[4.418,51.872],[4.48,51.862],[4.494,51.869],[4.549,51.874],[4.569,51.878],[4.576,51.903],[4.55,51.907],[4.566,51.926],[4.562,51.957],[4.584,51.965]]]},"properties":{"id":174984,"statcode":"GM0599","statnaam":"Rotterdam","jrstatcode":"2014GM0599","rubriek":"gemeente","FID":"gemeente_gegeneraliseerd_2014.46c9fa26-368e-4bc4-bed8-969563a2f3ec"},"id":"GM0599"},
{"type":"Feature","geometry":{"type":"Polygon","coordinates":[[[4.358,52.027],[4.34,52.062],[4.291,52.042],[4.308,52.018],[4.31,52.016],[4.326,52.013],[4.358,52.027]]]},"properties":{"id":174985,"statcode":"GM0603","statnaam":"Rijswijk","jrstatcode":"2014GM0603","rubriek":"gemeente","FID":"gemeente_gegeneraliseerd_2014.dbdb180c-1d4d-4630-a6df-71e37e4c31f4"},"id":"GM0603"},
{"type":"Feature","geometry":{"type":"Polygon","coordinates":[[[4.351,51.952],[4.361,51.938],[4.371,51.899],[4.414,51.901],[4.417,51.92],[4.389,51.946],[4.379,51.963],[4.351,51.952]]]},"properties":{"id":174986,"statcode":"GM0606","statnaam":"Schiedam","jrstatcode":"2014GM0606","rubriek":"gemeente","FID":"gemeente_gegeneraliseerd_2014.c1ecfe7a-4479-4d8b-9de7-c22f30833de3"},"id":"GM0606"},
{"type":"Feature","geometry":{"type":"Polygon","coordinates":[[[4.827,51.97],[4.832,51.939],[4.878,51.938],[4.866,51.96],[4.853,51.955],[4.827,51.97]]]},"properties":{"id":174987,"statcode":"GM0608","statnaam":"Schoonhoven","jrstatcode":"2014GM0608","rubriek":"gemeente","FID":"gemeente_gegeneraliseerd_2014.25d6a02e-e37e-46f4-b8f2-79e8d13cadb6"},"id":"GM0608"},
{"type":"Feature","geometry":{"type":"Polygon","coordinates":[[[4.73,51.822],[4.766,51.816],[4.811,51.819],[4.803,51.846],[4.743,51.841],[4.73,51.822]]]},"properties":{"id":174988,"statcode":"GM0610","statnaam":"Sliedrecht","jrstatcode":"2014GM0610","rubriek":"gemeente","FID":"gemeente_gegeneraliseerd_2014.83dbc067-32ff-41c7-b51b-79fea7c068a3"},"id":"GM0610"},
{"type":"Feature","geometry":{"type":"Polygon","coordinates":[[[4.535,51.702],[4.518,51.715],[4.488,51.756],[4.483,51.777],[4.466,51.788],[4.425,51.786],[4.414,51.779],[4.385,51.731],[4.417,51.719],[4.469,51.715],[4.535,51.702]]]},"properties":{"id":174989,"statcode":"GM0611","statnaam":"Cromstrijen","jrstatcode":"2014GM0611","rubriek":"gemeente","FID":"gemeente_gegeneraliseerd_2014.3809d65f-db7a-4451-81b7-9a1d941901e0"},"id":"GM0611"},
{"type":"Feature","geometry":{"type":"Polygon","coordinates":[[[4.284,51.864],[4.286,51.85],[4.317,51.811],[4.382,51.824],[4.432,51.837],[4.384,51.842],[4.354,51.849],[4.336,51.864],[4.284,51.864]]]},"properties":{"id":174990,"statcode":"GM0612","statnaam":"Spijkenisse","jrstatcode":"2014GM0612","rubriek":"gemeente","FID":"gemeente_gegeneraliseerd_2014.99f94889-5633-4156-a12c-7c63b038f3e8"},"id":"GM0612"},
{"type":"Feature","geometry":{"type":"Polygon","coordinates":[[[4.48,51.862],[4.418,51.872],[4.395,51.872],[4.384,51.842],[4.432,51.837],[4.45,51.832],[4.489,51.835],[4.48,51.862]]]},"properties":{"id":174991,"statcode":"GM0613","statnaam":"Albrandswaard","jrstatcode":"2014GM0613","rubriek":"gemeente","FID":"gemeente_gegeneraliseerd_2014.81a44421-50a0-476b-9d3d-29183b2b1d3d"},"id":"GM0613"},
{"type":"Feature","geometry":{"type":"Polygon","coordinates":[[[4.145,51.931],[4.108,51.936],[4.064,51.932],[3.996,51.916],[4.042,51.923],[4.052,51.913],[4.032,51.884],[4.068,51.845],[4.117,51.858],[4.131,51.876],[4.155,51.882],[4.135,51.906],[4.153,51.922],[4.145,51.931]]]},"properties":{"id":174992,"statcode":"GM0614","statnaam":"Westvoorne","jrstatcode":"2014GM0614","rubriek":"gemeente","FID":"gemeente_gegeneraliseerd_2014.b06b2bf9-c070-4adc-bf77-9b8c21516cb0"},"id":"GM0614"},
{"type":"Feature","geometry":{"type":"Polygon","coordinates":[[[4.627,51.728],[4.571,51.763],[4.515,51.787],[4.483,51.777],[4.488,51.756],[4.518,51.715],[4.535,51.702],[4.624,51.721],[4.627,51.728]]]},"properties":{"id":174993,"statcode":"GM0617","statnaam":"Strijen","jrstatcode":"2014GM0617","rubriek":"gemeente","FID":"gemeente_gegeneraliseerd_2014.3ecc7036-b2db-4b01-9f06-8c5a6648d16b"},"id":"GM0617"},
{"type":"Feature","geometry":{"type":"Polygon","coordinates":[[[5.12,52],[5.078,51.997],[5.063,51.991],[5.04,51.977],[5.065,51.965],[5.055,51.955],[5.102,51.946],[5.149,51.934],[5.18,51.967],[5.147,51.976],[5.142,51.991],[5.12,52]]]},"properties":{"id":174994,"statcode":"GM0620","statnaam":"Vianen","jrstatcode":"2014GM0620","rubriek":"gemeente","FID":"gemeente_gegeneraliseerd_2014.d20503c1-b76a-4643-ab6e-729d41eab598"},"id":"GM0620"},
{"type":"Feature","geometry":{"type":"Polygon","coordinates":[[[4.371,51.899],[4.361,51.938],[4.351,51.952],[4.324,51.942],[4.293,51.921],[4.268,51.905],[4.331,51.894],[4.371,51.899]]]},"properties":{"id":174995,"statcode":"GM0622","statnaam":"Vlaardingen","jrstatcode":"2014GM0622","rubriek":"gemeente","FID":"gemeente_gegeneraliseerd_2014.d6412d5a-30e2-4c4e-a6d2-d21ec9f37261"},"id":"GM0622"},
{"type":"Feature","geometry":{"type":"Polygon","coordinates":[[[4.709,51.984],[4.705,51.963],[4.72,51.944],[4.738,51.944],[4.815,51.958],[4.827,51.97],[4.853,51.955],[4.866,51.96],[4.835,51.986],[4.818,52],[4.857,52.006],[4.847,52.018],[4.803,52.014],[4.799,52.022],[4.751,52.014],[4.727,52.001],[4.709,51.984]]]},"properties":{"id":174996,"statcode":"GM0623","statnaam":"Vlist","jrstatcode":"2014GM0623","rubriek":"gemeente","FID":"gemeente_gegeneraliseerd_2014.9f47d6a5-89f9-4681-b52e-e7f1cd054f3b"},"id":"GM0623"},
{"type":"Feature","geometry":{"type":"Polygon","coordinates":[[[4.401,52.112],[4.428,52.101],[4.464,52.127],[4.465,52.149],[4.443,52.145],[4.401,52.112]]]},"properties":{"id":174997,"statcode":"GM0626","statnaam":"Voorschoten","jrstatcode":"2014GM0626","rubriek":"gemeente","FID":"gemeente_gegeneraliseerd_2014.c6017f9b-2834-469e-a3f6-f842c7eab1a1"},"id":"GM0626"},
{"type":"Feature","geometry":{"type":"Polygon","coordinates":[[[4.607,52.066],[4.591,52.035],[4.625,52.015],[4.667,52.013],[4.706,52.04],[4.677,52.044],[4.66,52.064],[4.637,52.074],[4.607,52.066]]]},"properties":{"id":174998,"statcode":"GM0627","statnaam":"Waddinxveen","jrstatcode":"2014GM0627","rubriek":"gemeente","FID":"gemeente_gegeneraliseerd_2014.6bd1c60d-5c20-430e-a725-e816fafc460a"},"id":"GM0627"},
{"type":"Feature","geometry":{"type":"Polygon","coordinates":[[[4.44,52.156],[4.412,52.164],[4.375,52.187],[4.304,52.128],[4.344,52.098],[4.373,52.095],[4.401,52.112],[4.443,52.145],[4.44,52.156]]]},"properties":{"id":174999,"statcode":"GM0629","statnaam":"Wassenaar","jrstatcode":"2014GM0629","rubriek":"gemeente","FID":"gemeente_gegeneraliseerd_2014.edf10615-14c5-4b44-b879-4bf13c10feca"},"id":"GM0629"},
{"type":"Feature","geometry":{"type":"Polygon","coordinates":[[[4.792,52.122],[4.825,52.107],[4.826,52.075],[4.873,52.069],[4.936,52.08],[4.956,52.07],[4.999,52.066],[5.005,52.088],[4.97,52.122],[4.944,52.128],[4.91,52.162],[4.892,52.162],[4.874,52.156],[4.875,52.139],[4.833,52.145],[4.809,52.138],[4.792,52.122]]]},"properties":{"id":175000,"statcode":"GM0632","statnaam":"Woerden","jrstatcode":"2014GM0632","rubriek":"gemeente","FID":"gemeente_gegeneraliseerd_2014.b597f34d-4af7-4bd6-81a4-3c3a8b5ce614"},"id":"GM0632"},
{"type":"Feature","geometry":{"type":"Polygon","coordinates":[[[4.421,52.063],[4.422,52.052],[4.451,52.049],[4.477,52.032],[4.505,52.032],[4.557,52.061],[4.531,52.081],[4.492,52.09],[4.421,52.063]]]},"properties":{"id":175001,"statcode":"GM0637","statnaam":"Zoetermeer","jrstatcode":"2014GM0637","rubriek":"gemeente","FID":"gemeente_gegeneraliseerd_2014.36c0221f-ee57-4c80-805b-7c37291b353a"},"id":"GM0637"},
{"type":"Feature","geometry":{"type":"Polygon","coordinates":[[[4.473,52.119],[4.492,52.09],[4.531,52.081],[4.535,52.12],[4.551,52.138],[4.524,52.147],[4.473,52.119]]]},"properties":{"id":175002,"statcode":"GM0638","statnaam":"Zoeterwoude","jrstatcode":"2014GM0638","rubriek":"gemeente","FID":"gemeente_gegeneraliseerd_2014.34ea4a7b-0b44-497e-a3ea-3b1f686cd540"},"id":"GM0638"},
{"type":"Feature","geometry":{"type":"Polygon","coordinates":[[[4.554,51.83],[4.567,51.813],[4.621,51.801],[4.672,51.821],[4.67,51.824],[4.637,51.825],[4.6,51.839],[4.571,51.847],[4.554,51.83]]]},"properties":{"id":175003,"statcode":"GM0642","statnaam":"Zwijndrecht","jrstatcode":"2014GM0642","rubriek":"gemeente","FID":"gemeente_gegeneraliseerd_2014.3f062da1-5634-4dad-b205-6103b8233b89"},"id":"GM0642"},
{"type":"Feature","geometry":{"type":"Polygon","coordinates":[[[4.62,51.89],[4.668,51.89],[4.744,51.905],[4.745,51.932],[4.692,51.932],[4.643,51.913],[4.576,51.903],[4.62,51.89]]]},"properties":{"id":175004,"statcode":"GM0643","statnaam":"Nederlek","jrstatcode":"2014GM0643","rubriek":"gemeente","FID":"gemeente_gegeneraliseerd_2014.31fbc500-8270-4bf3-bbb7-61ae8ba1ee3c"},"id":"GM0643"},
{"type":"Feature","geometry":{"type":"Polygon","coordinates":[[[4.689,51.996],[4.668,51.979],[4.634,51.971],[4.646,51.954],[4.619,51.933],[4.618,51.931],[4.643,51.913],[4.692,51.932],[4.679,51.958],[4.709,51.984],[4.727,52.001],[4.689,51.996]]]},"properties":{"id":175005,"statcode":"GM0644","statnaam":"Ouderkerk","jrstatcode":"2014GM0644","rubriek":"gemeente","FID":"gemeente_gegeneraliseerd_2014.34187da0-341e-4404-80d2-b9e631314f31"},"id":"GM0644"},
{"type":"Feature","geometry":{"type":"Polygon","coordinates":[[[3.716,51.427],[3.736,51.411],[3.755,51.415],[3.812,51.386],[3.9,51.395],[3.926,51.434],[3.925,51.452],[3.908,51.469],[3.913,51.479],[3.844,51.485],[3.802,51.485],[3.767,51.498],[3.706,51.502],[3.704,51.482],[3.706,51.477],[3.715,51.464],[3.71,51.455],[3.705,51.45],[3.708,51.435],[3.713,51.431],[3.716,51.427]]]},"properties":{"id":175006,"statcode":"GM0654","statnaam":"Borsele","jrstatcode":"2014GM0654","rubriek":"gemeente","FID":"gemeente_gegeneraliseerd_2014.0d838c20-aaa6-461b-8f82-0db6011a3aa5"},"id":"GM0654"},
{"type":"Feature","geometry":{"type":"Polygon","coordinates":[[[3.706,51.502],[3.767,51.498],[3.802,51.485],[3.844,51.485],[3.913,51.479],[3.926,51.492],[3.965,51.506],[3.971,51.528],[3.94,51.525],[3.927,51.544],[3.867,51.542],[3.865,51.541],[3.829,51.548],[3.792,51.541],[3.755,51.548],[3.732,51.538],[3.729,51.524],[3.745,51.512],[3.706,51.502]]]},"properties":{"id":175007,"statcode":"GM0664","statnaam":"Goes","jrstatcode":"2014GM0664","rubriek":"gemeente","FID":"gemeente_gegeneraliseerd_2014.8f63374d-34b7-4052-810d-d0f806f8e3b2"},"id":"GM0664"},
{"type":"Feature","geometry":{"type":"Polygon","coordinates":[[[5.464,51.889],[5.445,51.884],[5.415,51.852],[5.401,51.838],[5.415,51.821],[5.439,51.81],[5.465,51.811],[5.486,51.829],[5.541,51.816],[5.558,51.827],[5.598,51.828],[5.61,51.836],[5.585,51.839],[5.568,51.877],[5.531,51.895],[5.464,51.889]]]},"properties":{"id":175008,"statcode":"GM0668","statnaam":"West Maas en Waal","jrstatcode":"2014GM0668","rubriek":"gemeente","FID":"gemeente_gegeneraliseerd_2014.e79e7d2c-4514-4838-ab9f-b289fbd73daa"},"id":"GM0668"},
{"type":"Feature","geometry":{"type":"Polygon","coordinates":[[[3.942,51.365],[3.957,51.365],[3.962,51.333],[3.953,51.308],[3.979,51.301],[3.982,51.249],[4.006,51.242],[4.058,51.243],[4.167,51.294],[4.235,51.348],[4.211,51.371],[4.186,51.375],[4.175,51.354],[4.134,51.342],[4.086,51.364],[4.051,51.366],[4.018,51.401],[3.973,51.406],[3.968,51.385],[3.942,51.365]]]},"properties":{"id":175009,"statcode":"GM0677","statnaam":"Hulst","jrstatcode":"2014GM0677","rubriek":"gemeente","FID":"gemeente_gegeneraliseerd_2014.5c808c16-e95d-4cdd-967a-22665cf4f53c"},"id":"GM0677"},
{"type":"Feature","geometry":{"type":"Polygon","coordinates":[[[4.014,51.519],[3.971,51.528],[3.965,51.506],[3.926,51.492],[3.913,51.479],[3.908,51.469],[3.925,51.452],[3.975,51.462],[3.993,51.451],[4.007,51.459],[4.005,51.505],[4.014,51.519]]]},"properties":{"id":175010,"statcode":"GM0678","statnaam":"Kapelle","jrstatcode":"2014GM0678","rubriek":"gemeente","FID":"gemeente_gegeneraliseerd_2014.96612c92-0cb5-4f80-aca1-35a99268a874"},"id":"GM0678"},
{"type":"Feature","geometry":{"type":"Polygon","coordinates":[[[3.68,51.534],[3.659,51.519],[3.59,51.532],[3.58,51.489],[3.587,51.479],[3.629,51.481],[3.668,51.47],[3.704,51.482],[3.706,51.502],[3.745,51.512],[3.729,51.524],[3.701,51.514],[3.68,51.534]]]},"properties":{"id":175011,"statcode":"GM0687","statnaam":"Middelburg","jrstatcode":"2014GM0687","rubriek":"gemeente","FID":"gemeente_gegeneraliseerd_2014.1c974dde-7543-4bf8-8a2e-436fa458a4ec"},"id":"GM0687"},
{"type":"Feature","geometry":{"type":"Polygon","coordinates":[[[4.838,51.861],[4.847,51.834],[4.88,51.833],[4.925,51.84],[4.943,51.845],[4.938,51.864],[4.999,51.852],[5.027,51.859],[5.027,51.882],[4.996,51.873],[4.995,51.902],[4.974,51.908],[4.939,51.929],[4.92,51.919],[4.928,51.901],[4.838,51.861]]]},"properties":{"id":175012,"statcode":"GM0689","statnaam":"Giessenlanden","jrstatcode":"2014GM0689","rubriek":"gemeente","FID":"gemeente_gegeneraliseerd_2014.5a4fe882-7f90-492f-959c-695c2039007c"},"id":"GM0689"},
{"type":"Feature","geometry":{"type":"Polygon","coordinates":[[[4.218,51.488],[4.223,51.439],[4.184,51.444],[4.133,51.431],[4.093,51.446],[4.059,51.475],[4.052,51.503],[4.014,51.519],[4.005,51.505],[4.007,51.459],[3.993,51.451],[4.051,51.43],[4.078,51.408],[4.155,51.395],[4.199,51.407],[4.232,51.395],[4.243,51.375],[4.277,51.376],[4.268,51.384],[4.265,51.44],[4.23,51.489],[4.218,51.488]]]},"properties":{"id":175013,"statcode":"GM0703","statnaam":"Reimerswaal","jrstatcode":"2014GM0703","rubriek":"gemeente","FID":"gemeente_gegeneraliseerd_2014.259d18dc-b146-4ffc-bbbd-5e5b04f1a321"},"id":"GM0703"},
{"type":"Feature","geometry":{"type":"Polygon","coordinates":[[[5.027,51.882],[5.064,51.892],[5.055,51.904],[5.102,51.946],[5.055,51.955],[5.065,51.965],[5.04,51.977],[5.022,51.97],[4.998,51.978],[4.968,51.959],[4.94,51.963],[4.926,51.951],[4.939,51.929],[4.974,51.908],[4.995,51.902],[4.996,51.873],[5.027,51.882]]]},"properties":{"id":175014,"statcode":"GM0707","statnaam":"Zederik","jrstatcode":"2014GM0707","rubriek":"gemeente","FID":"gemeente_gegeneraliseerd_2014.46e0771c-f978-4311-8531-4ec4c58eeb38"},"id":"GM0707"},
{"type":"Feature","geometry":{"type":"Polygon","coordinates":[[[3.694,51.276],[3.756,51.269],[3.795,51.256],[3.79,51.216],[3.825,51.209],[3.86,51.211],[3.886,51.2],[3.959,51.216],[4.006,51.242],[3.982,51.249],[3.979,51.301],[3.953,51.308],[3.962,51.333],[3.957,51.365],[3.942,51.365],[3.917,51.361],[3.867,51.337],[3.843,51.336],[3.789,51.35],[3.724,51.349],[3.693,51.364],[3.694,51.352],[3.66,51.351],[3.644,51.342],[3.666,51.32],[3.704,51.31],[3.707,51.289],[3.694,51.276]]]},"properties":{"id":175015,"statcode":"GM0715","statnaam":"Terneuzen","jrstatcode":"2014GM0715","rubriek":"gemeente","FID":"gemeente_gegeneraliseerd_2014.fe0bc102-1573-4ddb-b63d-b82ee7452ff0"},"id":"GM0715"},
{"type":"Feature","geometry":{"type":"Polygon","coordinates":[[[4.193,51.639],[4.137,51.652],[4.116,51.652],[4.1,51.631],[4.127,51.613],[4.076,51.613],[4.024,51.597],[3.99,51.593],[3.984,51.581],[4.024,51.567],[4.049,51.552],[4.073,51.528],[4.164,51.523],[4.175,51.503],[4.218,51.488],[4.23,51.489],[4.219,51.505],[4.236,51.55],[4.23,51.562],[4.191,51.597],[4.198,51.618],[4.237,51.634],[4.194,51.639],[4.193,51.639]]]},"properties":{"id":175016,"statcode":"GM0716","statnaam":"Tholen","jrstatcode":"2014GM0716","rubriek":"gemeente","FID":"gemeente_gegeneraliseerd_2014.c2eb89b1-aaf9-49d7-873b-2cb9647eb84c"},"id":"GM0716"},
{"type":"Feature","geometry":{"type":"MultiPolygon","coordinates":[[[[3.587,51.479],[3.58,51.489],[3.59,51.532],[3.659,51.519],[3.68,51.534],[3.669,51.55],[3.63,51.572],[3.639,51.588],[3.639,51.59],[3.581,51.595],[3.556,51.589],[3.437,51.541],[3.433,51.53],[3.462,51.508],[3.496,51.495],[3.527,51.463],[3.587,51.479]]],[[[3.719,51.65],[3.681,51.621],[3.68,51.6],[3.681,51.6],[3.688,51.622],[3.71,51.632],[3.727,51.65],[3.719,51.65]]]]},"properties":{"id":175017,"statcode":"GM0717","statnaam":"Veere","jrstatcode":"2014GM0717","rubriek":"gemeente","FID":"gemeente_gegeneraliseerd_2014.653b747d-38c1-473a-9e4b-12d078b2fcde"},"id":"GM0717"},
{"type":"Feature","geometry":{"type":"Polygon","coordinates":[[[3.587,51.479],[3.527,51.463],[3.569,51.441],[3.632,51.442],[3.66,51.459],[3.706,51.471],[3.703,51.475],[3.706,51.477],[3.704,51.482],[3.668,51.47],[3.629,51.481],[3.587,51.479]]]},"properties":{"id":175018,"statcode":"GM0718","statnaam":"Vlissingen","jrstatcode":"2014GM0718","rubriek":"gemeente","FID":"gemeente_gegeneraliseerd_2014.e5e44bce-ae57-4f47-a283-5040a88fc557"},"id":"GM0718"},
{"type":"Feature","geometry":{"type":"Polygon","coordinates":[[[5.114,51.889],[5.09,51.889],[5.062,51.874],[5.054,51.857],[5.027,51.859],[4.999,51.852],[5.031,51.841],[5.026,51.819],[5.074,51.826],[5.101,51.825],[5.135,51.814],[5.159,51.816],[5.154,51.847],[5.138,51.873],[5.114,51.889]]]},"properties":{"id":175019,"statcode":"GM0733","statnaam":"Lingewaal","jrstatcode":"2014GM0733","rubriek":"gemeente","FID":"gemeente_gegeneraliseerd_2014.7220b9fe-f6f5-4719-aec6-e61e731286c8"},"id":"GM0733"},
{"type":"Feature","geometry":{"type":"Polygon","coordinates":[[[4.91,52.162],[4.928,52.167],[4.967,52.2],[4.98,52.227],[5.007,52.232],[5.022,52.283],[5.022,52.302],[4.998,52.289],[4.955,52.278],[4.929,52.27],[4.911,52.253],[4.87,52.253],[4.852,52.242],[4.814,52.227],[4.795,52.227],[4.813,52.202],[4.844,52.18],[4.892,52.162],[4.91,52.162]]]},"properties":{"id":175020,"statcode":"GM0736","statnaam":"De Ronde Venen","jrstatcode":"2014GM0736","rubriek":"gemeente","FID":"gemeente_gegeneraliseerd_2014.eb3d04b4-868e-4a06-91d6-af5bda412890"},"id":"GM0736"},
{"type":"Feature","geometry":{"type":"Polygon","coordinates":[[[5.882,53.277],[5.861,53.289],[5.839,53.275],[5.832,53.243],[5.859,53.243],[5.88,53.233],[5.898,53.209],[5.858,53.204],[5.851,53.191],[5.862,53.172],[5.926,53.168],[5.909,53.145],[5.943,53.122],[6.013,53.155],[6.078,53.157],[6.105,53.152],[6.115,53.176],[6.085,53.194],[6.086,53.215],[6.027,53.23],[6.02,53.241],[5.956,53.228],[5.943,53.251],[5.926,53.252],[5.882,53.277]]]},"properties":{"id":175021,"statcode":"GM0737","statnaam":"Tytsjerksteradiel","jrstatcode":"2014GM0737","rubriek":"gemeente","FID":"gemeente_gegeneraliseerd_2014.cf5e2070-0e45-458b-8931-fa2476764f4a"},"id":"GM0737"},
{"type":"Feature","geometry":{"type":"Polygon","coordinates":[[[4.989,51.717],[5.054,51.712],[5.082,51.722],[5.128,51.738],[5.138,51.773],[5.096,51.788],[5.082,51.781],[5.064,51.766],[5.022,51.77],[5.025,51.751],[4.991,51.752],[5,51.737],[4.989,51.717]]]},"properties":{"id":175022,"statcode":"GM0738","statnaam":"Aalburg","jrstatcode":"2014GM0738","rubriek":"gemeente","FID":"gemeente_gegeneraliseerd_2014.251b00a9-b1e1-4c50-a517-1106d4a1602a"},"id":"GM0738"},
{"type":"Feature","geometry":{"type":"Polygon","coordinates":[[[5.87,51.353],[5.832,51.399],[5.788,51.412],[5.756,51.434],[5.718,51.439],[5.694,51.439],[5.705,51.41],[5.736,51.39],[5.77,51.334],[5.84,51.347],[5.87,51.353]]]},"properties":{"id":175023,"statcode":"GM0743","statnaam":"Asten","jrstatcode":"2014GM0743","rubriek":"gemeente","FID":"gemeente_gegeneraliseerd_2014.4c099c9a-7ace-4a8e-a838-8466b002e144"},"id":"GM0743"},
{"type":"Feature","geometry":{"type":"Polygon","coordinates":[[[4.842,51.481],[4.823,51.448],[4.826,51.423],[4.787,51.433],[4.769,51.419],[4.789,51.409],[4.839,51.415],[4.866,51.41],[4.886,51.417],[4.928,51.4],[5.005,51.444],[5.01,51.458],[4.932,51.459],[4.891,51.478],[4.842,51.481]]]},"properties":{"id":175024,"statcode":"GM0744","statnaam":"Baarle-Nassau","jrstatcode":"2014GM0744","rubriek":"gemeente","FID":"gemeente_gegeneraliseerd_2014.bb472618-9538-429f-b6c5-85756e577ccc"},"id":"GM0744"},
{"type":"Feature","geometry":{"type":"Polygon","coordinates":[[[4.265,51.44],[4.283,51.44],[4.328,51.464],[4.367,51.457],[4.362,51.476],[4.373,51.487],[4.35,51.503],[4.352,51.514],[4.33,51.528],[4.318,51.551],[4.252,51.571],[4.236,51.55],[4.219,51.505],[4.23,51.489],[4.265,51.44]]]},"properties":{"id":175025,"statcode":"GM0748","statnaam":"Bergen op Zoom","jrstatcode":"2014GM0748","rubriek":"gemeente","FID":"gemeente_gegeneraliseerd_2014.e0f4f961-294e-4bd0-8f0d-5360980a35b9"},"id":"GM0748"},
{"type":"Feature","geometry":{"type":"Polygon","coordinates":[[[5.391,51.472],[5.443,51.494],[5.448,51.512],[5.424,51.534],[5.404,51.548],[5.357,51.545],[5.349,51.517],[5.356,51.497],[5.391,51.486],[5.391,51.472]]]},"properties":{"id":175026,"statcode":"GM0753","statnaam":"Best","jrstatcode":"2014GM0753","rubriek":"gemeente","FID":"gemeente_gegeneraliseerd_2014.c3d7a79d-5188-47a7-96c7-17c91dab30e0"},"id":"GM0753"},
{"type":"Feature","geometry":{"type":"Polygon","coordinates":[[[5.75,51.623],[5.665,51.629],[5.627,51.623],[5.643,51.606],[5.651,51.582],[5.699,51.584],[5.759,51.594],[5.75,51.623]]]},"properties":{"id":175027,"statcode":"GM0755","statnaam":"Boekel","jrstatcode":"2014GM0755","rubriek":"gemeente","FID":"gemeente_gegeneraliseerd_2014.2d33167b-d137-4a5f-9bca-64f8f25ee914"},"id":"GM0755"},
{"type":"Feature","geometry":{"type":"Polygon","coordinates":[[[5.871,51.563],[5.907,51.552],[5.935,51.554],[6.005,51.57],[6.048,51.558],[6.026,51.596],[6.021,51.621],[5.977,51.644],[5.963,51.657],[5.955,51.709],[5.934,51.716],[5.895,51.688],[5.86,51.67],[5.856,51.662],[5.926,51.632],[5.95,51.608],[5.932,51.597],[5.877,51.578],[5.871,51.563]]]},"properties":{"id":175028,"statcode":"GM0756","statnaam":"Boxmeer","jrstatcode":"2014GM0756","rubriek":"gemeente","FID":"gemeente_gegeneraliseerd_2014.811cc776-4b56-41e0-937d-b42a6c1a44cc"},"id":"GM0756"},
{"type":"Feature","geometry":{"type":"Polygon","coordinates":[[[5.311,51.634],[5.316,51.617],[5.293,51.603],[5.263,51.6],[5.247,51.587],[5.273,51.553],[5.308,51.546],[5.333,51.551],[5.357,51.545],[5.404,51.548],[5.399,51.572],[5.381,51.603],[5.336,51.603],[5.342,51.62],[5.318,51.635],[5.311,51.634]]]},"properties":{"id":175029,"statcode":"GM0757","statnaam":"Boxtel","jrstatcode":"2014GM0757","rubriek":"gemeente","FID":"gemeente_gegeneraliseerd_2014.a9d8d9cd-9558-4353-8dda-a0f3da93528e"},"id":"GM0757"},
{"type":"Feature","geometry":{"type":"Polygon","coordinates":[[[4.694,51.545],[4.704,51.55],[4.742,51.531],[4.743,51.511],[4.734,51.486],[4.76,51.502],[4.747,51.515],[4.831,51.55],[4.863,51.557],[4.864,51.579],[4.843,51.586],[4.843,51.617],[4.818,51.632],[4.788,51.637],[4.769,51.629],[4.732,51.643],[4.699,51.638],[4.665,51.634],[4.664,51.604],[4.682,51.599],[4.694,51.568],[4.694,51.545]]]},"properties":{"id":175030,"statcode":"GM0758","statnaam":"Breda","jrstatcode":"2014GM0758","rubriek":"gemeente","FID":"gemeente_gegeneraliseerd_2014.c71b2561-ad8f-4642-80fd-43cfd18565d5"},"id":"GM0758"},
{"type":"Feature","geometry":{"type":"Polygon","coordinates":[[[5.718,51.439],[5.756,51.434],[5.788,51.412],[5.832,51.399],[5.87,51.353],[5.931,51.385],[5.875,51.447],[5.853,51.504],[5.792,51.491],[5.722,51.485],[5.717,51.466],[5.73,51.444],[5.718,51.439]]]},"properties":{"id":175031,"statcode":"GM0762","statnaam":"Deurne","jrstatcode":"2014GM0762","rubriek":"gemeente","FID":"gemeente_gegeneraliseerd_2014.2cde3555-3e85-47ab-a276-255ee8b30d56"},"id":"GM0762"},
{"type":"Feature","geometry":{"type":"Polygon","coordinates":[[[7.03,53.115],[6.988,53.116],[6.965,53.111],[6.962,53.11],[6.961,53.097],[6.93,53.073],[6.908,53.039],[6.956,53.014],[7.01,53.074],[7.015,53.072],[7.043,53.102],[7.03,53.115]]]},"properties":{"id":175032,"statcode":"GM0765","statnaam":"Pekela","jrstatcode":"2014GM0765","rubriek":"gemeente","FID":"gemeente_gegeneraliseerd_2014.222d53f0-9cdc-485f-9e44-483aec71b38b"},"id":"GM0765"},
{"type":"Feature","geometry":{"type":"Polygon","coordinates":[[[4.948,51.611],[5.004,51.608],[4.987,51.655],[4.958,51.652],[4.954,51.67],[4.933,51.677],[4.925,51.673],[4.933,51.651],[4.91,51.63],[4.912,51.615],[4.948,51.611]]]},"properties":{"id":175033,"statcode":"GM0766","statnaam":"Dongen","jrstatcode":"2014GM0766","rubriek":"gemeente","FID":"gemeente_gegeneraliseerd_2014.256bcef3-ecaf-4516-8bb6-2197232c4c8e"},"id":"GM0766"},
{"type":"Feature","geometry":{"type":"Polygon","coordinates":[[[5.263,51.319],[5.315,51.323],[5.342,51.344],[5.346,51.358],[5.389,51.376],[5.354,51.409],[5.324,51.406],[5.316,51.419],[5.357,51.438],[5.369,51.465],[5.334,51.469],[5.279,51.45],[5.249,51.446],[5.238,51.429],[5.273,51.409],[5.307,51.406],[5.289,51.389],[5.275,51.363],[5.286,51.336],[5.263,51.319]]]},"properties":{"id":175034,"statcode":"GM0770","statnaam":"Eersel","jrstatcode":"2014GM0770","rubriek":"gemeente","FID":"gemeente_gegeneraliseerd_2014.89c15438-b3e2-42b9-937b-bb001888e34c"},"id":"GM0770"},
{"type":"Feature","geometry":{"type":"Polygon","coordinates":[[[5.428,51.403],[5.5,51.404],[5.505,51.4],[5.526,51.405],[5.525,51.428],[5.549,51.435],[5.539,51.449],[5.508,51.471],[5.511,51.497],[5.443,51.494],[5.391,51.472],[5.369,51.465],[5.357,51.438],[5.389,51.438],[5.426,51.43],[5.428,51.403]]]},"properties":{"id":175035,"statcode":"GM0772","statnaam":"Eindhoven","jrstatcode":"2014GM0772","rubriek":"gemeente","FID":"gemeente_gegeneraliseerd_2014.b899742c-9a4b-4db6-b00c-45a2af698fd0"},"id":"GM0772"},
{"type":"Feature","geometry":{"type":"Polygon","coordinates":[[[4.592,51.561],[4.625,51.552],[4.639,51.524],[4.66,51.526],[4.694,51.545],[4.694,51.568],[4.682,51.599],[4.664,51.604],[4.665,51.634],[4.634,51.625],[4.601,51.625],[4.614,51.608],[4.597,51.59],[4.592,51.561]]]},"properties":{"id":175036,"statcode":"GM0777","statnaam":"Etten-Leur","jrstatcode":"2014GM0777","rubriek":"gemeente","FID":"gemeente_gegeneraliseerd_2014.87304f4d-0fd0-4887-9099-f21c3f7d467a"},"id":"GM0777"},
{"type":"Feature","geometry":{"type":"Polygon","coordinates":[[[4.918,51.72],[4.871,51.72],[4.837,51.713],[4.824,51.711],[4.842,51.68],[4.925,51.673],[4.933,51.677],[4.918,51.72]]]},"properties":{"id":175037,"statcode":"GM0779","statnaam":"Geertruidenberg","jrstatcode":"2014GM0779","rubriek":"gemeente","FID":"gemeente_gegeneraliseerd_2014.2142a432-ec4f-41f2-a848-b10136b58c0d"},"id":"GM0779"},
{"type":"Feature","geometry":{"type":"Polygon","coordinates":[[[4.864,51.579],[4.863,51.557],[4.866,51.538],[4.911,51.51],[4.956,51.519],[4.963,51.526],[4.975,51.54],[4.951,51.56],[4.969,51.571],[4.973,51.593],[4.948,51.611],[4.912,51.615],[4.914,51.598],[4.864,51.579]]]},"properties":{"id":175038,"statcode":"GM0784","statnaam":"Gilze en Rijen","jrstatcode":"2014GM0784","rubriek":"gemeente","FID":"gemeente_gegeneraliseerd_2014.d3022a12-ff17-4ebc-922f-0a2dce3b1785"},"id":"GM0784"},
{"type":"Feature","geometry":{"type":"Polygon","coordinates":[[[5.1,51.531],[4.975,51.54],[4.963,51.526],[4.992,51.513],[4.988,51.483],[5.017,51.475],[5.05,51.471],[5.052,51.487],[5.101,51.521],[5.1,51.531]]]},"properties":{"id":175039,"statcode":"GM0785","statnaam":"Goirle","jrstatcode":"2014GM0785","rubriek":"gemeente","FID":"gemeente_gegeneraliseerd_2014.0bd2c2ae-7599-43fd-a919-d02fda3aa364"},"id":"GM0785"},
{"type":"Feature","geometry":{"type":"Polygon","coordinates":[[[5.713,51.726],[5.729,51.72],[5.792,51.721],[5.8,51.734],[5.791,51.754],[5.76,51.754],[5.73,51.773],[5.711,51.775],[5.691,51.759],[5.713,51.726]]]},"properties":{"id":175040,"statcode":"GM0786","statnaam":"Grave","jrstatcode":"2014GM0786","rubriek":"gemeente","FID":"gemeente_gegeneraliseerd_2014.fe33b68a-f091-4a18-b883-2ace91c23d8f"},"id":"GM0786"},
{"type":"Feature","geometry":{"type":"Polygon","coordinates":[[[5.311,51.634],[5.278,51.619],[5.246,51.633],[5.243,51.649],[5.205,51.67],[5.167,51.669],[5.145,51.641],[5.169,51.619],[5.18,51.598],[5.214,51.586],[5.247,51.587],[5.263,51.6],[5.293,51.603],[5.316,51.617],[5.311,51.634]]]},"properties":{"id":175041,"statcode":"GM0788","statnaam":"Haaren","jrstatcode":"2014GM0788","rubriek":"gemeente","FID":"gemeente_gegeneraliseerd_2014.7360534b-8488-4244-a12f-cd7bf0a96d94"},"id":"GM0788"},
{"type":"Feature","geometry":{"type":"Polygon","coordinates":[[[5.656,51.457],[5.672,51.458],[5.694,51.439],[5.718,51.439],[5.73,51.444],[5.717,51.466],[5.722,51.485],[5.684,51.508],[5.656,51.507],[5.635,51.495],[5.61,51.509],[5.577,51.499],[5.585,51.461],[5.617,51.449],[5.656,51.457]]]},"properties":{"id":175042,"statcode":"GM0794","statnaam":"Helmond","jrstatcode":"2014GM0794","rubriek":"gemeente","FID":"gemeente_gegeneraliseerd_2014.7ec141e3-521a-4008-bb02-9224f51096b0"},"id":"GM0794"},
{"type":"Feature","geometry":{"type":"Polygon","coordinates":[[[5.412,51.762],[5.376,51.754],[5.354,51.755],[5.296,51.737],[5.245,51.734],[5.206,51.741],[5.231,51.724],[5.248,51.695],[5.226,51.69],[5.282,51.681],[5.298,51.669],[5.319,51.67],[5.354,51.671],[5.36,51.697],[5.43,51.701],[5.42,51.704],[5.406,51.738],[5.425,51.742],[5.412,51.762]]]},"properties":{"id":175043,"statcode":"GM0796","statnaam":"'s-Hertogenbosch","jrstatcode":"2014GM0796","rubriek":"gemeente","FID":"gemeente_gegeneraliseerd_2014.0524d552-017e-416f-bbb6-a98ba98e65a3"},"id":"GM0796"},
{"type":"Feature","geometry":{"type":"Polygon","coordinates":[[[5.226,51.69],[5.248,51.695],[5.231,51.724],[5.206,51.741],[5.186,51.742],[5.128,51.738],[5.082,51.722],[5.109,51.709],[5.102,51.677],[5.106,51.636],[5.145,51.641],[5.167,51.669],[5.205,51.67],[5.226,51.69]]]},"properties":{"id":175044,"statcode":"GM0797","statnaam":"Heusden","jrstatcode":"2014GM0797","rubriek":"gemeente","FID":"gemeente_gegeneraliseerd_2014.cca2f5b6-319d-4a06-9f5b-26927ed1c97e"},"id":"GM0797"},
{"type":"Feature","geometry":{"type":"Polygon","coordinates":[[[5.191,51.43],[5.228,51.499],[5.224,51.517],[5.19,51.507],[5.171,51.511],[5.13,51.53],[5.1,51.531],[5.101,51.521],[5.052,51.487],[5.05,51.471],[5.079,51.472],[5.102,51.429],[5.191,51.43]]]},"properties":{"id":175045,"statcode":"GM0798","statnaam":"Hilvarenbeek","jrstatcode":"2014GM0798","rubriek":"gemeente","FID":"gemeente_gegeneraliseerd_2014.3a6e41d8-127c-44f2-9bf5-9300258d9f7b"},"id":"GM0798"},
{"type":"Feature","geometry":{"type":"Polygon","coordinates":[[[5.004,51.608],[5.043,51.606],[5.094,51.611],[5.106,51.636],[5.102,51.677],[5.061,51.671],[5.049,51.662],[4.992,51.676],[4.987,51.655],[5.004,51.608]]]},"properties":{"id":175046,"statcode":"GM0809","statnaam":"Loon op Zand","jrstatcode":"2014GM0809","rubriek":"gemeente","FID":"gemeente_gegeneraliseerd_2014.bb97d5d2-f6b1-4771-b2f4-24d744fc8e91"},"id":"GM0809"},
{"type":"Feature","geometry":{"type":"Polygon","coordinates":[[[5.713,51.726],[5.7,51.711],[5.734,51.678],[5.743,51.65],[5.748,51.633],[5.79,51.65],[5.799,51.661],[5.843,51.68],[5.823,51.699],[5.805,51.701],[5.792,51.721],[5.729,51.72],[5.713,51.726]]]},"properties":{"id":175047,"statcode":"GM0815","statnaam":"Mill en Sint Hubert","jrstatcode":"2014GM0815","rubriek":"gemeente","FID":"gemeente_gegeneraliseerd_2014.54e36ca1-2171-4768-97dd-68f31c58d000"},"id":"GM0815"},
{"type":"Feature","geometry":{"type":"Polygon","coordinates":[[[5.531,51.525],[5.546,51.513],[5.511,51.497],[5.508,51.471],[5.539,51.449],[5.549,51.435],[5.585,51.461],[5.577,51.499],[5.558,51.509],[5.547,51.538],[5.531,51.525]]]},"properties":{"id":175048,"statcode":"GM0820","statnaam":"Nuenen. Gerwen en Nederwetten","jrstatcode":"2014GM0820","rubriek":"gemeente","FID":"gemeente_gegeneraliseerd_2014.cbfe4199-6ed3-4bb2-83bc-b75b5e4acbf6"},"id":"GM0820"},
{"type":"Feature","geometry":{"type":"Polygon","coordinates":[[[5.391,51.472],[5.391,51.486],[5.356,51.497],[5.349,51.517],[5.357,51.545],[5.333,51.551],[5.308,51.546],[5.273,51.553],[5.235,51.531],[5.224,51.517],[5.228,51.499],[5.191,51.43],[5.207,51.435],[5.238,51.429],[5.249,51.446],[5.279,51.45],[5.334,51.469],[5.369,51.465],[5.391,51.472]]]},"properties":{"id":175049,"statcode":"GM0823","statnaam":"Oirschot","jrstatcode":"2014GM0823","rubriek":"gemeente","FID":"gemeente_gegeneraliseerd_2014.8514cf5a-da5e-49b8-a4df-284ae7aed1e3"},"id":"GM0823"},
{"type":"Feature","geometry":{"type":"Polygon","coordinates":[[[5.224,51.517],[5.235,51.531],[5.273,51.553],[5.247,51.587],[5.214,51.586],[5.18,51.598],[5.149,51.578],[5.13,51.53],[5.171,51.511],[5.19,51.507],[5.224,51.517]]]},"properties":{"id":175050,"statcode":"GM0824","statnaam":"Oisterwijk","jrstatcode":"2014GM0824","rubriek":"gemeente","FID":"gemeente_gegeneraliseerd_2014.293a65b3-07a1-4dce-bc5d-ea8ba9ecfcc0"},"id":"GM0824"},
{"type":"Feature","geometry":{"type":"Polygon","coordinates":[[[4.925,51.673],[4.842,51.68],[4.781,51.663],[4.788,51.637],[4.818,51.632],[4.843,51.617],[4.843,51.586],[4.864,51.579],[4.914,51.598],[4.912,51.615],[4.91,51.63],[4.933,51.651],[4.925,51.673]]]},"properties":{"id":175051,"statcode":"GM0826","statnaam":"Oosterhout","jrstatcode":"2014GM0826","rubriek":"gemeente","FID":"gemeente_gegeneraliseerd_2014.abdc92fa-7529-4594-bd85-eef85760bb5b"},"id":"GM0826"},
{"type":"Feature","geometry":{"type":"Polygon","coordinates":[[[5.581,51.731],[5.576,51.745],[5.649,51.764],[5.667,51.752],[5.691,51.759],[5.711,51.775],[5.692,51.789],[5.654,51.801],[5.642,51.817],[5.598,51.828],[5.558,51.827],[5.541,51.816],[5.486,51.829],[5.465,51.811],[5.439,51.81],[5.415,51.821],[5.402,51.821],[5.369,51.79],[5.354,51.755],[5.376,51.754],[5.412,51.762],[5.454,51.765],[5.499,51.745],[5.499,51.735],[5.534,51.741],[5.581,51.731]]]},"properties":{"id":175052,"statcode":"GM0828","statnaam":"Oss","jrstatcode":"2014GM0828","rubriek":"gemeente","FID":"gemeente_gegeneraliseerd_2014.b9c7194a-78f8-4524-ab33-98cc77b7dff3"},"id":"GM0828"},
{"type":"Feature","geometry":{"type":"Polygon","coordinates":[[[4.592,51.561],[4.533,51.549],[4.537,51.566],[4.5,51.559],[4.523,51.543],[4.502,51.517],[4.487,51.477],[4.538,51.482],[4.548,51.473],[4.556,51.486],[4.59,51.497],[4.639,51.524],[4.625,51.552],[4.592,51.561]]]},"properties":{"id":175053,"statcode":"GM0840","statnaam":"Rucphen","jrstatcode":"2014GM0840","rubriek":"gemeente","FID":"gemeente_gegeneraliseerd_2014.5367f825-75b0-448e-b69c-00f31526d2d8"},"id":"GM0840"},
{"type":"Feature","geometry":{"type":"Polygon","coordinates":[[[5.493,51.587],[5.486,51.609],[5.497,51.627],[5.466,51.643],[5.424,51.654],[5.372,51.642],[5.39,51.605],[5.416,51.589],[5.468,51.602],[5.493,51.587]]]},"properties":{"id":175054,"statcode":"GM0844","statnaam":"Schijndel","jrstatcode":"2014GM0844","rubriek":"gemeente","FID":"gemeente_gegeneraliseerd_2014.878e01a5-72d2-499d-a504-a483500502b2"},"id":"GM0844"},
{"type":"Feature","geometry":{"type":"Polygon","coordinates":[[[5.39,51.605],[5.372,51.642],[5.424,51.654],[5.449,51.67],[5.457,51.688],[5.43,51.701],[5.36,51.697],[5.354,51.671],[5.319,51.67],[5.318,51.635],[5.342,51.62],[5.336,51.603],[5.381,51.603],[5.39,51.605]]]},"properties":{"id":175055,"statcode":"GM0845","statnaam":"Sint-Michielsgestel","jrstatcode":"2014GM0845","rubriek":"gemeente","FID":"gemeente_gegeneraliseerd_2014.abfd9db7-1b2d-4e79-bb9c-4c9681b0d750"},"id":"GM0845"},
{"type":"Feature","geometry":{"type":"Polygon","coordinates":[[[5.424,51.534],[5.487,51.542],[5.5,51.521],[5.531,51.525],[5.547,51.538],[5.545,51.558],[5.524,51.584],[5.493,51.587],[5.468,51.602],[5.416,51.589],[5.39,51.605],[5.381,51.603],[5.399,51.572],[5.404,51.548],[5.424,51.534]]]},"properties":{"id":175056,"statcode":"GM0846","statnaam":"Sint-Oedenrode","jrstatcode":"2014GM0846","rubriek":"gemeente","FID":"gemeente_gegeneraliseerd_2014.f3f1a7db-3ac6-4e1c-9b38-b316aec2bbcb"},"id":"GM0846"},
{"type":"Feature","geometry":{"type":"Polygon","coordinates":[[[5.77,51.334],[5.736,51.39],[5.705,51.41],[5.694,51.439],[5.672,51.458],[5.656,51.457],[5.639,51.422],[5.639,51.389],[5.655,51.354],[5.672,51.315],[5.77,51.334]]]},"properties":{"id":175057,"statcode":"GM0847","statnaam":"Someren","jrstatcode":"2014GM0847","rubriek":"gemeente","FID":"gemeente_gegeneraliseerd_2014.d1f24056-f0bc-429f-a56b-8ff599b53268"},"id":"GM0847"},
{"type":"Feature","geometry":{"type":"Polygon","coordinates":[[[5.531,51.525],[5.5,51.521],[5.487,51.542],[5.424,51.534],[5.448,51.512],[5.443,51.494],[5.511,51.497],[5.546,51.513],[5.531,51.525]]]},"properties":{"id":175058,"statcode":"GM0848","statnaam":"Son en Breugel","jrstatcode":"2014GM0848","rubriek":"gemeente","FID":"gemeente_gegeneraliseerd_2014.b46881d9-10eb-4127-a5a9-accea7a2a744"},"id":"GM0848"},
{"type":"Feature","geometry":{"type":"Polygon","coordinates":[[[4.318,51.551],[4.378,51.544],[4.438,51.556],[4.444,51.569],[4.433,51.583],[4.427,51.612],[4.438,51.617],[4.424,51.63],[4.376,51.652],[4.318,51.646],[4.237,51.634],[4.198,51.618],[4.191,51.597],[4.23,51.562],[4.236,51.55],[4.252,51.571],[4.318,51.551]]]},"properties":{"id":175059,"statcode":"GM0851","statnaam":"Steenbergen","jrstatcode":"2014GM0851","rubriek":"gemeente","FID":"gemeente_gegeneraliseerd_2014.f2a49350-4038-441b-8bf9-cd27af91f236"},"id":"GM0851"},
{"type":"Feature","geometry":{"type":"Polygon","coordinates":[[[5.068,52.417],[5.082,52.437],[5.049,52.439],[5.059,52.486],[5.025,52.485],[4.998,52.495],[4.973,52.47],[4.948,52.484],[4.948,52.422],[5,52.425],[5.049,52.415],[5.068,52.417]]]},"properties":{"id":175060,"statcode":"GM0852","statnaam":"Waterland","jrstatcode":"2014GM0852","rubriek":"gemeente","FID":"gemeente_gegeneraliseerd_2014.5eef2b40-02e7-401f-a9ff-f0fb5b4f54d4"},"id":"GM0852"},
{"type":"Feature","geometry":{"type":"Polygon","coordinates":[[[5.1,51.531],[5.13,51.53],[5.149,51.578],[5.18,51.598],[5.169,51.619],[5.145,51.641],[5.106,51.636],[5.094,51.611],[5.043,51.606],[5.004,51.608],[4.948,51.611],[4.973,51.593],[4.969,51.571],[4.951,51.56],[4.975,51.54],[5.1,51.531]]]},"properties":{"id":175061,"statcode":"GM0855","statnaam":"Tilburg","jrstatcode":"2014GM0855","rubriek":"gemeente","FID":"gemeente_gegeneraliseerd_2014.5135ea5d-4d91-43ca-ab29-3d055509109a"},"id":"GM0855"},
{"type":"Feature","geometry":{"type":"Polygon","coordinates":[[[5.743,51.65],[5.731,51.674],[5.679,51.665],[5.623,51.699],[5.597,51.702],[5.601,51.697],[5.562,51.663],[5.57,51.651],[5.627,51.623],[5.665,51.629],[5.75,51.623],[5.748,51.633],[5.743,51.65]]]},"properties":{"id":175062,"statcode":"GM0856","statnaam":"Uden","jrstatcode":"2014GM0856","rubriek":"gemeente","FID":"gemeente_gegeneraliseerd_2014.6c2add42-4938-4444-9abb-264208c4d5cf"},"id":"GM0856"},
{"type":"Feature","geometry":{"type":"Polygon","coordinates":[[[5.516,51.378],[5.439,51.366],[5.423,51.375],[5.424,51.331],[5.394,51.309],[5.388,51.285],[5.417,51.262],[5.442,51.282],[5.465,51.285],[5.485,51.3],[5.491,51.31],[5.474,51.334],[5.494,51.355],[5.527,51.367],[5.516,51.378]]]},"properties":{"id":175063,"statcode":"GM0858","statnaam":"Valkenswaard","jrstatcode":"2014GM0858","rubriek":"gemeente","FID":"gemeente_gegeneraliseerd_2014.76d8ace2-c5ee-498a-b86b-0b417eaa9f16"},"id":"GM0858"},
{"type":"Feature","geometry":{"type":"Polygon","coordinates":[[[5.627,51.623],[5.57,51.651],[5.524,51.631],[5.497,51.627],[5.486,51.609],[5.493,51.587],[5.524,51.584],[5.545,51.558],[5.584,51.563],[5.622,51.553],[5.652,51.57],[5.651,51.582],[5.643,51.606],[5.627,51.623]]]},"properties":{"id":175064,"statcode":"GM0860","statnaam":"Veghel","jrstatcode":"2014GM0860","rubriek":"gemeente","FID":"gemeente_gegeneraliseerd_2014.ebe80e16-cb92-43da-ada2-eab2ba6e3491"},"id":"GM0860"},
{"type":"Feature","geometry":{"type":"Polygon","coordinates":[[[5.357,51.438],[5.316,51.419],[5.324,51.406],[5.354,51.409],[5.389,51.376],[5.422,51.383],[5.428,51.403],[5.426,51.43],[5.389,51.438],[5.357,51.438]]]},"properties":{"id":175065,"statcode":"GM0861","statnaam":"Veldhoven","jrstatcode":"2014GM0861","rubriek":"gemeente","FID":"gemeente_gegeneraliseerd_2014.e6a6c885-f34d-4797-842a-802e988e82f7"},"id":"GM0861"},
{"type":"Feature","geometry":{"type":"Polygon","coordinates":[[[5.319,51.67],[5.298,51.669],[5.282,51.681],[5.226,51.69],[5.205,51.67],[5.243,51.649],[5.246,51.633],[5.278,51.619],[5.311,51.634],[5.318,51.635],[5.319,51.67]]]},"properties":{"id":175066,"statcode":"GM0865","statnaam":"Vught","jrstatcode":"2014GM0865","rubriek":"gemeente","FID":"gemeente_gegeneraliseerd_2014.0caa7b48-d42b-4112-9853-473afc5dd225"},"id":"GM0865"},
{"type":"Feature","geometry":{"type":"Polygon","coordinates":[[[5.505,51.4],[5.5,51.404],[5.428,51.403],[5.422,51.383],[5.423,51.375],[5.439,51.366],[5.516,51.378],[5.505,51.4]]]},"properties":{"id":175067,"statcode":"GM0866","statnaam":"Waalre","jrstatcode":"2014GM0866","rubriek":"gemeente","FID":"gemeente_gegeneraliseerd_2014.3b8187aa-2a74-45a1-866f-220ab043824d"},"id":"GM0866"},
{"type":"Feature","geometry":{"type":"Polygon","coordinates":[[[4.989,51.717],[4.946,51.723],[4.918,51.72],[4.933,51.677],[4.954,51.67],[4.958,51.652],[4.987,51.655],[4.992,51.676],[5.049,51.662],[5.061,51.671],[5.102,51.677],[5.109,51.709],[5.082,51.722],[5.054,51.712],[4.989,51.717]]]},"properties":{"id":175068,"statcode":"GM0867","statnaam":"Waalwijk","jrstatcode":"2014GM0867","rubriek":"gemeente","FID":"gemeente_gegeneraliseerd_2014.760d7522-3658-4a42-a5ed-8934e51d9cb2"},"id":"GM0867"},
{"type":"Feature","geometry":{"type":"Polygon","coordinates":[[[4.991,51.752],[4.933,51.755],[4.932,51.789],[4.956,51.797],[4.97,51.824],[4.927,51.828],[4.885,51.816],[4.854,51.801],[4.797,51.8],[4.755,51.782],[4.737,51.756],[4.676,51.725],[4.699,51.722],[4.734,51.737],[4.764,51.76],[4.822,51.754],[4.852,51.756],[4.847,51.726],[4.837,51.713],[4.871,51.72],[4.918,51.72],[4.946,51.723],[4.989,51.717],[5,51.737],[4.991,51.752]]]},"properties":{"id":175069,"statcode":"GM0870","statnaam":"Werkendam","jrstatcode":"2014GM0870","rubriek":"gemeente","FID":"gemeente_gegeneraliseerd_2014.9b2106f6-6ec0-445b-9310-d4316eaae878"},"id":"GM0870"},
{"type":"Feature","geometry":{"type":"Polygon","coordinates":[[[4.277,51.376],[4.335,51.378],[4.341,51.358],[4.385,51.354],[4.422,51.365],[4.432,51.375],[4.392,51.408],[4.391,51.451],[4.367,51.457],[4.328,51.464],[4.283,51.44],[4.265,51.44],[4.268,51.384],[4.277,51.376]]]},"properties":{"id":175070,"statcode":"GM0873","statnaam":"Woensdrecht","jrstatcode":"2014GM0873","rubriek":"gemeente","FID":"gemeente_gegeneraliseerd_2014.2a1e9e25-c8f4-49c5-a32c-64ae84137d46"},"id":"GM0873"},
{"type":"Feature","geometry":{"type":"Polygon","coordinates":[[[4.991,51.752],[5.025,51.751],[5.022,51.77],[5.064,51.766],[5.082,51.781],[5.016,51.808],[5,51.821],[4.97,51.824],[4.956,51.797],[4.932,51.789],[4.933,51.755],[4.991,51.752]]]},"properties":{"id":175071,"statcode":"GM0874","statnaam":"Woudrichem","jrstatcode":"2014GM0874","rubriek":"gemeente","FID":"gemeente_gegeneraliseerd_2014.1f63f4d8-9e3a-4e67-9880-ec7cdbbada2f"},"id":"GM0874"},
{"type":"Feature","geometry":{"type":"Polygon","coordinates":[[[4.548,51.473],[4.53,51.45],[4.535,51.423],[4.575,51.433],[4.63,51.426],[4.67,51.426],[4.667,51.444],[4.693,51.452],[4.734,51.486],[4.743,51.511],[4.742,51.531],[4.704,51.55],[4.694,51.545],[4.66,51.526],[4.639,51.524],[4.59,51.497],[4.556,51.486],[4.548,51.473]]]},"properties":{"id":175072,"statcode":"GM0879","statnaam":"Zundert","jrstatcode":"2014GM0879","rubriek":"gemeente","FID":"gemeente_gegeneraliseerd_2014.eefda0a0-9b59-4975-acbc-cca2d2e15fd9"},"id":"GM0879"},
{"type":"Feature","geometry":{"type":"Polygon","coordinates":[[[4.921,52.49],[4.934,52.512],[4.85,52.525],[4.834,52.539],[4.79,52.519],[4.799,52.491],[4.853,52.47],[4.906,52.48],[4.921,52.49]]]},"properties":{"id":175073,"statcode":"GM0880","statnaam":"Wormerland","jrstatcode":"2014GM0880","rubriek":"gemeente","FID":"gemeente_gegeneraliseerd_2014.ab8bcc13-337c-4ad8-b868-c52a380de24f"},"id":"GM0880"},
{"type":"Feature","geometry":{"type":"Polygon","coordinates":[[[5.942,50.949],[5.966,50.962],[6.006,50.958],[6.018,50.984],[5.966,50.98],[5.955,50.988],[5.92,50.978],[5.918,50.957],[5.942,50.949]]]},"properties":{"id":175074,"statcode":"GM0881","statnaam":"Onderbanken","jrstatcode":"2014GM0881","rubriek":"gemeente","FID":"gemeente_gegeneraliseerd_2014.f2339ca0-eee7-4e0d-be39-419a63fa130d"},"id":"GM0881"},
{"type":"Feature","geometry":{"type":"Polygon","coordinates":[[[6.08,50.906],[6.082,50.922],[6.018,50.935],[6.012,50.926],[5.993,50.91],[5.997,50.893],[6.017,50.87],[6.031,50.872],[6.043,50.9],[6.08,50.906]]]},"properties":{"id":175075,"statcode":"GM0882","statnaam":"Landgraaf","jrstatcode":"2014GM0882","rubriek":"gemeente","FID":"gemeente_gegeneraliseerd_2014.fcabfb31-38e1-45fe-a6e5-fa51f8a19ddc"},"id":"GM0882"},
{"type":"Feature","geometry":{"type":"Polygon","coordinates":[[[5.84,50.95],[5.813,50.955],[5.788,50.949],[5.771,50.928],[5.775,50.911],[5.802,50.914],[5.847,50.926],[5.856,50.943],[5.84,50.95]]]},"properties":{"id":175076,"statcode":"GM0888","statnaam":"Beek","jrstatcode":"2014GM0888","rubriek":"gemeente","FID":"gemeente_gegeneraliseerd_2014.8bfc328f-136e-42c7-b269-0a0c113148d3"},"id":"GM0888"},
{"type":"Feature","geometry":{"type":"Polygon","coordinates":[[[6.085,51.297],[6.049,51.287],[6.028,51.268],[6.01,51.266],[6.006,51.258],[6.028,51.246],[6.051,51.252],[6.073,51.243],[6.125,51.278],[6.085,51.297]]]},"properties":{"id":175077,"statcode":"GM0889","statnaam":"Beesel","jrstatcode":"2014GM0889","rubriek":"gemeente","FID":"gemeente_gegeneraliseerd_2014.73583bc9-8757-4c7c-8b8f-5123c6e0b86c"},"id":"GM0889"},
{"type":"Feature","geometry":{"type":"Polygon","coordinates":[[[6.213,51.508],[6.2,51.527],[6.177,51.539],[6.157,51.566],[6.121,51.593],[6.091,51.606],[6.109,51.647],[6.08,51.662],[6.032,51.676],[6.015,51.662],[5.977,51.644],[6.021,51.621],[6.026,51.596],[6.048,51.558],[6.081,51.547],[6.113,51.545],[6.141,51.52],[6.169,51.503],[6.213,51.508]]]},"properties":{"id":175078,"statcode":"GM0893","statnaam":"Bergen (L.)","jrstatcode":"2014GM0893","rubriek":"gemeente","FID":"gemeente_gegeneraliseerd_2014.8925cb62-5864-4a71-b618-0845c1228f12"},"id":"GM0893"},
{"type":"Feature","geometry":{"type":"Polygon","coordinates":[[[6.018,50.935],[6.006,50.958],[5.966,50.962],[5.942,50.949],[5.928,50.937],[6.012,50.926],[6.018,50.935]]]},"properties":{"id":175079,"statcode":"GM0899","statnaam":"Brunssum","jrstatcode":"2014GM0899","rubriek":"gemeente","FID":"gemeente_gegeneraliseerd_2014.dcd5cfda-b27c-4d18-9c26-a3b1d4f93d6d"},"id":"GM0899"},
{"type":"Feature","geometry":{"type":"Polygon","coordinates":[[[5.938,51.742],[5.919,51.718],[5.934,51.716],[5.955,51.709],[5.963,51.657],[5.977,51.644],[6.015,51.662],[6.032,51.676],[6.029,51.726],[5.994,51.738],[5.952,51.745],[5.938,51.742]]]},"properties":{"id":175080,"statcode":"GM0907","statnaam":"Gennep","jrstatcode":"2014GM0907","rubriek":"gemeente","FID":"gemeente_gegeneraliseerd_2014.b86b485e-e194-4e50-99b8-31489e86bb62"},"id":"GM0907"},
{"type":"Feature","geometry":{"type":"Polygon","coordinates":[[[5.919,50.933],[5.896,50.919],[5.924,50.905],[5.969,50.86],[6.004,50.838],[6.024,50.818],[6.018,50.844],[6.001,50.858],[6.017,50.87],[5.997,50.893],[5.993,50.91],[6.012,50.926],[5.928,50.937],[5.919,50.933]]]},"properties":{"id":175081,"statcode":"GM0917","statnaam":"Heerlen","jrstatcode":"2014GM0917","rubriek":"gemeente","FID":"gemeente_gegeneraliseerd_2014.af1fb0f5-a269-4942-8cdf-518112bb14b2"},"id":"GM0917"},
{"type":"Feature","geometry":{"type":"Polygon","coordinates":[[[6.08,50.906],[6.043,50.9],[6.031,50.872],[6.017,50.87],[6.001,50.858],[6.018,50.844],[6.042,50.851],[6.074,50.847],[6.088,50.872],[6.076,50.893],[6.08,50.906]]]},"properties":{"id":175082,"statcode":"GM0928","statnaam":"Kerkrade","jrstatcode":"2014GM0928","rubriek":"gemeente","FID":"gemeente_gegeneraliseerd_2014.3c4e8bb6-6b8b-4252-a612-d503e8dc5287"},"id":"GM0928"},
{"type":"Feature","geometry":{"type":"Polygon","coordinates":[[[5.715,50.908],[5.651,50.875],[5.639,50.848],[5.656,50.824],[5.697,50.809],[5.743,50.821],[5.757,50.855],[5.763,50.867],[5.733,50.875],[5.715,50.908]]]},"properties":{"id":175083,"statcode":"GM0935","statnaam":"Maastricht","jrstatcode":"2014GM0935","rubriek":"gemeente","FID":"gemeente_gegeneraliseerd_2014.254b8ae2-e35a-4598-a232-7d0e5d934174"},"id":"GM0935"},
{"type":"Feature","geometry":{"type":"Polygon","coordinates":[[[5.771,50.928],[5.746,50.943],[5.715,50.908],[5.733,50.875],[5.763,50.867],[5.778,50.884],[5.8,50.886],[5.802,50.914],[5.775,50.911],[5.771,50.928]]]},"properties":{"id":175084,"statcode":"GM0938","statnaam":"Meerssen","jrstatcode":"2014GM0938","rubriek":"gemeente","FID":"gemeente_gegeneraliseerd_2014.2d39d832-409a-40c7-b73a-f3ce13184988"},"id":"GM0938"},
{"type":"Feature","geometry":{"type":"Polygon","coordinates":[[[5.938,51.742],[5.915,51.753],[5.893,51.778],[5.869,51.776],[5.864,51.758],[5.88,51.75],[5.886,51.727],[5.919,51.718],[5.938,51.742]]]},"properties":{"id":175085,"statcode":"GM0944","statnaam":"Mook en Middelaar","jrstatcode":"2014GM0944","rubriek":"gemeente","FID":"gemeente_gegeneraliseerd_2014.ee421fed-4d48-4248-b31f-551d853f4ab0"},"id":"GM0944"},
{"type":"Feature","geometry":{"type":"Polygon","coordinates":[[[5.84,51.347],[5.77,51.334],[5.672,51.315],[5.644,51.291],[5.675,51.277],[5.73,51.281],[5.75,51.262],[5.792,51.238],[5.849,51.245],[5.834,51.275],[5.861,51.311],[5.878,51.317],[5.852,51.321],[5.832,51.338],[5.84,51.347]]]},"properties":{"id":175086,"statcode":"GM0946","statnaam":"Nederweert","jrstatcode":"2014GM0946","rubriek":"gemeente","FID":"gemeente_gegeneraliseerd_2014.9c76fc3c-f169-4227-959e-614eb386c900"},"id":"GM0946"},
{"type":"Feature","geometry":{"type":"Polygon","coordinates":[[[5.919,50.933],[5.89,50.935],[5.847,50.926],[5.802,50.914],[5.8,50.886],[5.862,50.882],[5.881,50.882],[5.924,50.905],[5.896,50.919],[5.919,50.933]]]},"properties":{"id":175087,"statcode":"GM0951","statnaam":"Nuth","jrstatcode":"2014GM0951","rubriek":"gemeente","FID":"gemeente_gegeneraliseerd_2014.84ffdc7d-0b74-4305-b562-4b986bfaafbd"},"id":"GM0951"},
{"type":"Feature","geometry":{"type":"Polygon","coordinates":[[[5.955,51.159],[5.984,51.176],[6.002,51.163],[6.039,51.16],[6.064,51.166],[6.073,51.183],[6.068,51.221],[6.073,51.243],[6.051,51.252],[6.028,51.246],[6.006,51.258],[6.002,51.234],[5.951,51.201],[5.921,51.179],[5.955,51.159]]]},"properties":{"id":175088,"statcode":"GM0957","statnaam":"Roermond","jrstatcode":"2014GM0957","rubriek":"gemeente","FID":"gemeente_gegeneraliseerd_2014.8bc7e753-73b4-4529-b84b-c78a12630cb6"},"id":"GM0957"},
{"type":"Feature","geometry":{"type":"Polygon","coordinates":[[[5.942,50.949],[5.918,50.957],[5.92,50.978],[5.897,50.975],[5.874,50.963],[5.852,50.968],[5.84,50.95],[5.856,50.943],[5.847,50.926],[5.89,50.935],[5.919,50.933],[5.928,50.937],[5.942,50.949]]]},"properties":{"id":175089,"statcode":"GM0962","statnaam":"Schinnen","jrstatcode":"2014GM0962","rubriek":"gemeente","FID":"gemeente_gegeneraliseerd_2014.57ff9378-accc-4ffb-be44-9c460c27a733"},"id":"GM0962"},
{"type":"Feature","geometry":{"type":"Polygon","coordinates":[[[6.024,50.818],[6.004,50.838],[5.969,50.86],[5.955,50.846],[5.959,50.829],[5.984,50.81],[6.004,50.801],[6.024,50.818]]]},"properties":{"id":175090,"statcode":"GM0965","statnaam":"Simpelveld","jrstatcode":"2014GM0965","rubriek":"gemeente","FID":"gemeente_gegeneraliseerd_2014.2aec396e-e6be-445f-a51f-29f2478bddf7"},"id":"GM0965"},
{"type":"Feature","geometry":{"type":"Polygon","coordinates":[[[5.788,50.949],[5.782,50.982],[5.789,51.001],[5.773,51.019],[5.766,50.998],[5.72,50.962],[5.746,50.962],[5.746,50.943],[5.771,50.928],[5.788,50.949]]]},"properties":{"id":175091,"statcode":"GM0971","statnaam":"Stein","jrstatcode":"2014GM0971","rubriek":"gemeente","FID":"gemeente_gegeneraliseerd_2014.7c0725d9-312f-4cb2-9efd-db80fbd78c35"},"id":"GM0971"},
{"type":"Feature","geometry":{"type":"Polygon","coordinates":[[[5.936,50.757],[5.959,50.762],[5.976,50.754],[6.014,50.755],[6.027,50.774],[5.996,50.787],[5.977,50.803],[5.942,50.79],[5.936,50.757]]]},"properties":{"id":175092,"statcode":"GM0981","statnaam":"Vaals","jrstatcode":"2014GM0981","rubriek":"gemeente","FID":"gemeente_gegeneraliseerd_2014.85546db5-51ff-4269-8186-9717161a6e4d"},"id":"GM0981"},
{"type":"Feature","geometry":{"type":"Polygon","coordinates":[[[6.169,51.503],[6.176,51.461],[6.157,51.445],[6.158,51.423],[6.078,51.42],[6.073,51.396],[6.09,51.386],[6.1,51.357],[6.123,51.343],[6.115,51.322],[6.085,51.297],[6.125,51.278],[6.154,51.307],[6.169,51.333],[6.226,51.36],[6.205,51.4],[6.224,51.475],[6.213,51.508],[6.169,51.503]]]},"properties":{"id":175093,"statcode":"GM0983","statnaam":"Venlo","jrstatcode":"2014GM0983","rubriek":"gemeente","FID":"gemeente_gegeneraliseerd_2014.7e5139af-d581-40dd-8769-2230e67e632d"},"id":"GM0983"},
{"type":"Feature","geometry":{"type":"Polygon","coordinates":[[[5.875,51.447],[5.992,51.475],[6.035,51.482],[6.074,51.495],[6.067,51.524],[6.107,51.518],[6.141,51.52],[6.113,51.545],[6.081,51.547],[6.048,51.558],[6.005,51.57],[5.935,51.554],[5.907,51.552],[5.871,51.563],[5.838,51.566],[5.853,51.504],[5.875,51.447]]]},"properties":{"id":175094,"statcode":"GM0984","statnaam":"Venray","jrstatcode":"2014GM0984","rubriek":"gemeente","FID":"gemeente_gegeneraliseerd_2014.95f379ce-69bd-4614-8001-e465e3e32b5d"},"id":"GM0984"},
{"type":"Feature","geometry":{"type":"Polygon","coordinates":[[[5.888,50.847],[5.955,50.846],[5.969,50.86],[5.924,50.905],[5.881,50.882],[5.862,50.882],[5.874,50.857],[5.888,50.847]]]},"properties":{"id":175095,"statcode":"GM0986","statnaam":"Voerendaal","jrstatcode":"2014GM0986","rubriek":"gemeente","FID":"gemeente_gegeneraliseerd_2014.8314af3b-c30f-43ec-a2c4-4ffedcbba2dd"},"id":"GM0986"},
{"type":"Feature","geometry":{"type":"Polygon","coordinates":[[[5.746,51.189],[5.757,51.216],[5.782,51.22],[5.792,51.238],[5.75,51.262],[5.73,51.281],[5.675,51.277],[5.644,51.291],[5.626,51.274],[5.619,51.229],[5.566,51.221],[5.646,51.2],[5.658,51.185],[5.709,51.18],[5.746,51.189]]]},"properties":{"id":175096,"statcode":"GM0988","statnaam":"Weert","jrstatcode":"2014GM0988","rubriek":"gemeente","FID":"gemeente_gegeneraliseerd_2014.1c35f25d-7fc2-446a-9366-64720cb860a7"},"id":"GM0988"},
{"type":"Feature","geometry":{"type":"Polygon","coordinates":[[[5.888,50.847],[5.874,50.857],[5.862,50.882],[5.8,50.886],[5.778,50.884],[5.763,50.867],[5.757,50.855],[5.802,50.85],[5.824,50.83],[5.859,50.833],[5.888,50.847]]]},"properties":{"id":175097,"statcode":"GM0994","statnaam":"Valkenburg aan de Geul","jrstatcode":"2014GM0994","rubriek":"gemeente","FID":"gemeente_gegeneraliseerd_2014.030807c4-f214-4a44-8135-0179fdf2e0a8"},"id":"GM0994"},
{"type":"Feature","geometry":{"type":"Polygon","coordinates":[[[5.573,52.596],[5.557,52.592],[5.501,52.556],[5.46,52.552],[5.435,52.526],[5.435,52.511],[5.258,52.435],[5.276,52.423],[5.351,52.4],[5.439,52.443],[5.508,52.398],[5.539,52.386],[5.589,52.411],[5.567,52.436],[5.586,52.448],[5.565,52.47],[5.606,52.485],[5.591,52.5],[5.587,52.563],[5.573,52.596]]]},"properties":{"id":175098,"statcode":"GM0995","statnaam":"Lelystad","jrstatcode":"2014GM0995","rubriek":"gemeente","FID":"gemeente_gegeneraliseerd_2014.c6cba1a4-0166-40d8-9313-4dcc946a8c2c"},"id":"GM0995"},
{"type":"Feature","geometry":{"type":"Polygon","coordinates":[[[5.875,51.447],[5.931,51.385],[5.958,51.378],[6.019,51.382],[6.073,51.396],[6.078,51.42],[6.158,51.423],[6.157,51.445],[6.176,51.461],[6.169,51.503],[6.141,51.52],[6.107,51.518],[6.067,51.524],[6.074,51.495],[6.035,51.482],[5.992,51.475],[5.875,51.447]]]},"properties":{"id":175099,"statcode":"GM1507","statnaam":"Horst aan de Maas","jrstatcode":"2014GM1507","rubriek":"gemeente","FID":"gemeente_gegeneraliseerd_2014.8782e795-85c8-4f1d-9e3d-ec74b90f9efe"},"id":"GM1507"},
{"type":"Feature","geometry":{"type":"Polygon","coordinates":[[[6.299,51.868],[6.306,51.849],[6.345,51.851],[6.363,51.836],[6.402,51.827],[6.409,51.853],[6.391,51.874],[6.451,51.865],[6.464,51.855],[6.484,51.88],[6.472,51.907],[6.493,51.918],[6.505,51.946],[6.527,51.966],[6.468,51.978],[6.448,51.97],[6.416,51.973],[6.404,51.957],[6.361,51.923],[6.331,51.926],[6.306,51.939],[6.291,51.923],[6.332,51.875],[6.299,51.868]]]},"properties":{"id":175100,"statcode":"GM1509","statnaam":"Oude IJsselstreek","jrstatcode":"2014GM1509","rubriek":"gemeente","FID":"gemeente_gegeneraliseerd_2014.1acc028c-eba9-49f3-8228-c8691f110282"},"id":"GM1509"},
{"type":"Feature","geometry":{"type":"Polygon","coordinates":[[[4.463,52.2],[4.492,52.203],[4.498,52.184],[4.518,52.182],[4.538,52.18],[4.558,52.219],[4.554,52.222],[4.525,52.236],[4.514,52.255],[4.477,52.232],[4.464,52.216],[4.463,52.2]]]},"properties":{"id":175101,"statcode":"GM1525","statnaam":"Teylingen","jrstatcode":"2014GM1525","rubriek":"gemeente","FID":"gemeente_gegeneraliseerd_2014.c8fc1872-39c5-432e-95f6-d34f82317811"},"id":"GM1525"},
{"type":"Feature","geometry":{"type":"Polygon","coordinates":[[[5.478,51.983],[5.513,52.019],[5.529,52.04],[5.498,52.057],[5.446,52.045],[5.438,52.07],[5.332,52.084],[5.32,52.07],[5.291,52.086],[5.247,52.059],[5.251,52.039],[5.28,52.011],[5.315,52.027],[5.344,52.02],[5.382,52.002],[5.378,51.986],[5.391,51.971],[5.442,51.986],[5.478,51.983]]]},"properties":{"id":175102,"statcode":"GM1581","statnaam":"Utrechtse Heuvelrug","jrstatcode":"2014GM1581","rubriek":"gemeente","FID":"gemeente_gegeneraliseerd_2014.220963a5-07a1-4d82-a406-599247b517a9"},"id":"GM1581"},
{"type":"Feature","geometry":{"type":"Polygon","coordinates":[[[6.527,51.966],[6.559,51.974],[6.629,51.967],[6.639,51.963],[6.655,51.975],[6.656,52.014],[6.684,52.028],[6.688,52.04],[6.688,52.044],[6.635,52.056],[6.613,52.068],[6.596,52.043],[6.574,52.032],[6.539,52.025],[6.517,52.042],[6.48,52.033],[6.462,52.022],[6.476,51.988],[6.468,51.978],[6.527,51.966]]]},"properties":{"id":175103,"statcode":"GM1586","statnaam":"Oost Gelre","jrstatcode":"2014GM1586","rubriek":"gemeente","FID":"gemeente_gegeneraliseerd_2014.f147840e-1b21-4e1b-a78f-4aa76afdae81"},"id":"GM1586"},
{"type":"Feature","geometry":{"type":"Polygon","coordinates":[[[5.035,52.667],[5.022,52.664],[4.979,52.68],[4.949,52.674],[4.905,52.687],[4.9,52.698],[4.876,52.686],[4.863,52.654],[4.873,52.634],[4.884,52.613],[4.927,52.607],[4.95,52.595],[5.005,52.598],[5.02,52.612],[5.019,52.63],[5.039,52.647],[5.035,52.667]]]},"properties":{"id":175104,"statcode":"GM1598","statnaam":"Koggenland","jrstatcode":"2014GM1598","rubriek":"gemeente","FID":"gemeente_gegeneraliseerd_2014.cb0032b9-83cd-4bae-8f53-074e02efdbe1"},"id":"GM1598"},
{"type":"Feature","geometry":{"type":"Polygon","coordinates":[[[4.557,52.061],[4.505,52.032],[4.477,52.032],[4.457,52.022],[4.459,52.002],[4.428,51.976],[4.447,51.963],[4.469,51.981],[4.521,51.963],[4.548,51.973],[4.565,52.059],[4.557,52.061]]]},"properties":{"id":175105,"statcode":"GM1621","statnaam":"Lansingerland","jrstatcode":"2014GM1621","rubriek":"gemeente","FID":"gemeente_gegeneraliseerd_2014.345555ea-b520-4261-b438-a267d97b191d"},"id":"GM1621"},
{"type":"Feature","geometry":{"type":"Polygon","coordinates":[[[5.826,51.167],[5.874,51.191],[5.894,51.216],[5.926,51.204],[5.951,51.201],[6.002,51.234],[6.006,51.258],[6.01,51.266],[6.008,51.278],[5.955,51.3],[5.908,51.313],[5.878,51.317],[5.861,51.311],[5.834,51.275],[5.849,51.245],[5.792,51.238],[5.782,51.22],[5.757,51.216],[5.746,51.189],[5.777,51.179],[5.779,51.159],[5.826,51.167]]]},"properties":{"id":175106,"statcode":"GM1640","statnaam":"Leudal","jrstatcode":"2014GM1640","rubriek":"gemeente","FID":"gemeente_gegeneraliseerd_2014.795ee3e1-f102-43b4-87a7-9e4eaa8815b0"},"id":"GM1640"},
{"type":"Feature","geometry":{"type":"Polygon","coordinates":[[[5.955,51.159],[5.921,51.179],[5.951,51.201],[5.926,51.204],[5.894,51.216],[5.874,51.191],[5.826,51.167],[5.856,51.145],[5.84,51.131],[5.81,51.118],[5.834,51.1],[5.851,51.109],[5.873,51.135],[5.914,51.133],[5.955,51.159]]]},"properties":{"id":175107,"statcode":"GM1641","statnaam":"Maasgouw","jrstatcode":"2014GM1641","rubriek":"gemeente","FID":"gemeente_gegeneraliseerd_2014.70c520e7-3eaf-4f27-a32b-1f6ea41c3da2"},"id":"GM1641"},
{"type":"Feature","geometry":{"type":"MultiPolygon","coordinates":[[[[6.596,53.347],[6.631,53.363],[6.664,53.367],[6.697,53.363],[6.779,53.411],[6.792,53.404],[6.844,53.422],[6.874,53.408],[6.881,53.441],[6.861,53.451],[6.813,53.463],[6.797,53.455],[6.745,53.466],[6.667,53.459],[6.597,53.441],[6.546,53.432],[6.548,53.426],[6.544,53.406],[6.523,53.385],[6.546,53.379],[6.576,53.347],[6.596,53.347]]],[[[6.501,53.536],[6.488,53.555],[6.461,53.545],[6.469,53.521],[6.501,53.536]]]]},"properties":{"id":175108,"statcode":"GM1651","statnaam":"Eemsmond","jrstatcode":"2014GM1651","rubriek":"gemeente","FID":"gemeente_gegeneraliseerd_2014.afbbd2fe-3626-4c86-81ef-38ca2d716a8e"},"id":"GM1651"},
{"type":"Feature","geometry":{"type":"Polygon","coordinates":[[[5.759,51.594],[5.699,51.584],[5.651,51.582],[5.652,51.57],[5.677,51.531],[5.684,51.508],[5.722,51.485],[5.792,51.491],[5.853,51.504],[5.838,51.566],[5.801,51.579],[5.787,51.598],[5.759,51.594]]]},"properties":{"id":175109,"statcode":"GM1652","statnaam":"Gemert-Bakel","jrstatcode":"2014GM1652","rubriek":"gemeente","FID":"gemeente_gegeneraliseerd_2014.d18470ad-8d8b-4314-9fe2-8e45cec7ee78"},"id":"GM1652"},
{"type":"Feature","geometry":{"type":"Polygon","coordinates":[[[4.5,51.559],[4.537,51.566],[4.533,51.549],[4.592,51.561],[4.597,51.59],[4.614,51.608],[4.601,51.625],[4.56,51.629],[4.519,51.608],[4.481,51.62],[4.438,51.617],[4.427,51.612],[4.433,51.583],[4.444,51.569],[4.458,51.561],[4.5,51.559]]]},"properties":{"id":175110,"statcode":"GM1655","statnaam":"Halderberge","jrstatcode":"2014GM1655","rubriek":"gemeente","FID":"gemeente_gegeneraliseerd_2014.9032c33f-f480-4ef2-9e34-dafe71a726db"},"id":"GM1655"},
{"type":"Feature","geometry":{"type":"Polygon","coordinates":[[[5.516,51.295],[5.568,51.321],[5.605,51.332],[5.631,51.328],[5.655,51.354],[5.639,51.389],[5.639,51.422],[5.599,51.418],[5.558,51.406],[5.526,51.405],[5.505,51.4],[5.516,51.378],[5.527,51.367],[5.494,51.355],[5.474,51.334],[5.491,51.31],[5.485,51.3],[5.516,51.295]]]},"properties":{"id":175111,"statcode":"GM1658","statnaam":"Heeze-Leende","jrstatcode":"2014GM1658","rubriek":"gemeente","FID":"gemeente_gegeneraliseerd_2014.fdce6303-5abd-42f8-8a02-e77651d18313"},"id":"GM1658"},
{"type":"Feature","geometry":{"type":"Polygon","coordinates":[[[5.577,51.499],[5.61,51.509],[5.635,51.495],[5.656,51.507],[5.684,51.508],[5.677,51.531],[5.652,51.57],[5.622,51.553],[5.584,51.563],[5.545,51.558],[5.547,51.538],[5.558,51.509],[5.577,51.499]]]},"properties":{"id":175112,"statcode":"GM1659","statnaam":"Laarbeek","jrstatcode":"2014GM1659","rubriek":"gemeente","FID":"gemeente_gegeneraliseerd_2014.2011023d-769f-4b29-ae82-bac2d7fafa3f"},"id":"GM1659"},
{"type":"Feature","geometry":{"type":"Polygon","coordinates":[[[6.546,53.432],[6.494,53.43],[6.388,53.42],[6.306,53.396],[6.244,53.415],[6.186,53.403],[6.18,53.394],[6.232,53.352],[6.274,53.346],[6.287,53.342],[6.292,53.338],[6.316,53.32],[6.354,53.314],[6.399,53.319],[6.431,53.328],[6.438,53.317],[6.485,53.344],[6.47,53.383],[6.5,53.399],[6.515,53.426],[6.548,53.426],[6.546,53.432]]]},"properties":{"id":175113,"statcode":"GM1663","statnaam":"De Marne","jrstatcode":"2014GM1663","rubriek":"gemeente","FID":"gemeente_gegeneraliseerd_2014.1322f55a-6444-481b-a859-798be8d52631"},"id":"GM1663"},
{"type":"Feature","geometry":{"type":"Polygon","coordinates":[[[5.2,51.323],[5.188,51.378],[5.201,51.39],[5.191,51.43],[5.102,51.429],[5.071,51.393],[5.132,51.347],[5.134,51.316],[5.163,51.31],[5.2,51.323]]]},"properties":{"id":175114,"statcode":"GM1667","statnaam":"Reusel-De Mierden","jrstatcode":"2014GM1667","rubriek":"gemeente","FID":"gemeente_gegeneraliseerd_2014.e0e75f7b-0c49-4e34-84f3-41cb83f82a44"},"id":"GM1667"},
{"type":"Feature","geometry":{"type":"Polygon","coordinates":[[[5.914,51.133],[5.927,51.114],[5.972,51.115],[5.985,51.121],[6.021,51.114],[6.036,51.097],[6.076,51.119],[6.092,51.135],[6.126,51.145],[6.163,51.149],[6.175,51.158],[6.139,51.173],[6.181,51.186],[6.165,51.194],[6.101,51.171],[6.073,51.183],[6.064,51.166],[6.039,51.16],[6.002,51.163],[5.984,51.176],[5.955,51.159],[5.914,51.133]]]},"properties":{"id":175115,"statcode":"GM1669","statnaam":"Roerdalen","jrstatcode":"2014GM1669","rubriek":"gemeente","FID":"gemeente_gegeneraliseerd_2014.d7998a59-05e4-4fc1-8873-cb798d68a218"},"id":"GM1669"},
{"type":"Feature","geometry":{"type":"Polygon","coordinates":[[[5.499,51.735],[5.499,51.745],[5.454,51.765],[5.412,51.762],[5.425,51.742],[5.406,51.738],[5.42,51.704],[5.43,51.701],[5.457,51.688],[5.47,51.689],[5.485,51.713],[5.474,51.729],[5.499,51.735]]]},"properties":{"id":175116,"statcode":"GM1671","statnaam":"Maasdonk","jrstatcode":"2014GM1671","rubriek":"gemeente","FID":"gemeente_gegeneraliseerd_2014.9702b788-1d70-4759-8fab-1809f8580d9a"},"id":"GM1671"},
{"type":"Feature","geometry":{"type":"Polygon","coordinates":[[[4.318,51.551],[4.33,51.528],[4.352,51.514],[4.35,51.503],[4.373,51.487],[4.362,51.476],[4.367,51.457],[4.391,51.451],[4.442,51.469],[4.487,51.477],[4.502,51.517],[4.523,51.543],[4.5,51.559],[4.458,51.561],[4.444,51.569],[4.438,51.556],[4.378,51.544],[4.318,51.551]]]},"properties":{"id":175117,"statcode":"GM1674","statnaam":"Roosendaal","jrstatcode":"2014GM1674","rubriek":"gemeente","FID":"gemeente_gegeneraliseerd_2014.29caab03-dfbe-47ef-ac54-184949ce8955"},"id":"GM1674"},
{"type":"Feature","geometry":{"type":"Polygon","coordinates":[[[3.727,51.65],[3.726,51.669],[3.814,51.697],[3.825,51.684],[3.858,51.678],[3.877,51.667],[3.89,51.633],[3.928,51.629],[3.968,51.614],[4.01,51.618],[4.05,51.631],[4.067,51.631],[4.097,51.648],[4.109,51.674],[4.157,51.682],[4.155,51.683],[4.114,51.679],[4.092,51.667],[4.044,51.685],[4.015,51.687],[4.007,51.703],[3.97,51.734],[3.911,51.732],[3.887,51.744],[3.85,51.738],[3.842,51.756],[3.839,51.758],[3.816,51.74],[3.772,51.744],[3.717,51.736],[3.69,51.721],[3.679,51.706],[3.69,51.678],[3.72,51.665],[3.719,51.65],[3.727,51.65]]]},"properties":{"id":175118,"statcode":"GM1676","statnaam":"Schouwen-Duiveland","jrstatcode":"2014GM1676","rubriek":"gemeente","FID":"gemeente_gegeneraliseerd_2014.bdcd8b7c-c483-47c0-9281-faa08b8241f2"},"id":"GM1676"},
{"type":"Feature","geometry":{"type":"Polygon","coordinates":[[[6.814,53.071],[6.777,53.095],[6.699,53.065],[6.669,53.063],[6.642,53.046],[6.631,53.026],[6.613,53.005],[6.596,52.973],[6.562,52.947],[6.586,52.919],[6.667,52.909],[6.686,52.875],[6.715,52.868],[6.736,52.879],[6.727,52.915],[6.728,52.955],[6.789,52.963],[6.839,52.978],[6.936,52.993],[6.861,53.041],[6.814,53.071]]]},"properties":{"id":175119,"statcode":"GM1680","statnaam":"Aa en Hunze","jrstatcode":"2014GM1680","rubriek":"gemeente","FID":"gemeente_gegeneraliseerd_2014.6a041f8c-987a-4ddd-b465-6000a8ca65be"},"id":"GM1680"},
{"type":"Feature","geometry":{"type":"Polygon","coordinates":[[[6.85,52.805],[6.87,52.82],[6.95,52.849],[6.959,52.863],[7.015,52.873],[7.046,52.916],[7.027,52.919],[7.015,52.925],[6.936,52.993],[6.839,52.978],[6.789,52.963],[6.728,52.955],[6.727,52.915],[6.736,52.879],[6.766,52.85],[6.817,52.826],[6.85,52.805]]]},"properties":{"id":175120,"statcode":"GM1681","statnaam":"Borger-Odoorn","jrstatcode":"2014GM1681","rubriek":"gemeente","FID":"gemeente_gegeneraliseerd_2014.b63c9d5b-e022-4143-ad98-033050077517"},"id":"GM1681"},
{"type":"Feature","geometry":{"type":"Polygon","coordinates":[[[5.792,51.721],[5.805,51.701],[5.823,51.699],[5.843,51.68],[5.86,51.67],[5.895,51.688],[5.934,51.716],[5.919,51.718],[5.886,51.727],[5.88,51.75],[5.864,51.758],[5.791,51.754],[5.8,51.734],[5.792,51.721]]]},"properties":{"id":175121,"statcode":"GM1684","statnaam":"Cuijk","jrstatcode":"2014GM1684","rubriek":"gemeente","FID":"gemeente_gegeneraliseerd_2014.78004d21-c48b-4af6-a067-b20c9531dd89"},"id":"GM1684"},
{"type":"Feature","geometry":{"type":"Polygon","coordinates":[[[5.597,51.702],[5.623,51.699],[5.679,51.665],[5.731,51.674],[5.743,51.65],[5.734,51.678],[5.7,51.711],[5.713,51.726],[5.691,51.759],[5.667,51.752],[5.649,51.764],[5.576,51.745],[5.581,51.731],[5.597,51.702]]]},"properties":{"id":175122,"statcode":"GM1685","statnaam":"Landerd","jrstatcode":"2014GM1685","rubriek":"gemeente","FID":"gemeente_gegeneraliseerd_2014.cb281b8a-6506-4f6f-8fe5-fc8da2f20eee"},"id":"GM1685"},
{"type":"Feature","geometry":{"type":"Polygon","coordinates":[[[6.529,52.655],[6.531,52.672],[6.5,52.674],[6.486,52.694],[6.449,52.694],[6.451,52.707],[6.407,52.707],[6.423,52.743],[6.41,52.765],[6.446,52.776],[6.447,52.786],[6.394,52.777],[6.309,52.795],[6.293,52.779],[6.299,52.766],[6.252,52.758],[6.231,52.742],[6.216,52.719],[6.217,52.703],[6.248,52.708],[6.287,52.699],[6.266,52.668],[6.289,52.663],[6.323,52.67],[6.328,52.659],[6.363,52.644],[6.386,52.613],[6.431,52.628],[6.442,52.616],[6.492,52.619],[6.519,52.614],[6.514,52.646],[6.529,52.655]]]},"properties":{"id":175123,"statcode":"GM1690","statnaam":"De Wolden","jrstatcode":"2014GM1690","rubriek":"gemeente","FID":"gemeente_gegeneraliseerd_2014.ebedf0f7-e22a-4ae8-ba00-e0701e61d8a2"},"id":"GM1690"},
{"type":"Feature","geometry":{"type":"Polygon","coordinates":[[[3.639,51.588],[3.652,51.571],[3.671,51.565],[3.715,51.536],[3.76,51.555],[3.803,51.548],[3.837,51.556],[3.865,51.541],[3.867,51.542],[3.892,51.572],[3.862,51.6],[3.813,51.605],[3.728,51.592],[3.681,51.6],[3.68,51.6],[3.639,51.59],[3.639,51.588]]]},"properties":{"id":175124,"statcode":"GM1695","statnaam":"Noord-Beveland","jrstatcode":"2014GM1695","rubriek":"gemeente","FID":"gemeente_gegeneraliseerd_2014.244812e3-0183-498c-8802-00f15a80ffc1"},"id":"GM1695"},
{"type":"Feature","geometry":{"type":"Polygon","coordinates":[[[5.064,52.281],[5.033,52.275],[5.027,52.264],[5.058,52.235],[5.034,52.213],[5.046,52.166],[5.115,52.18],[5.124,52.181],[5.146,52.2],[5.136,52.26],[5.102,52.28],[5.064,52.281]]]},"properties":{"id":175125,"statcode":"GM1696","statnaam":"Wijdemeren","jrstatcode":"2014GM1696","rubriek":"gemeente","FID":"gemeente_gegeneraliseerd_2014.e88e8720-2b34-44d6-8457-24e279588dea"},"id":"GM1696"},
{"type":"Feature","geometry":{"type":"Polygon","coordinates":[[[6.463,53.2],[6.408,53.178],[6.383,53.15],[6.344,53.087],[6.315,53.094],[6.332,53.075],[6.368,53.067],[6.363,53.034],[6.413,52.986],[6.488,53.005],[6.504,53.016],[6.496,53.031],[6.505,53.047],[6.513,53.072],[6.491,53.097],[6.48,53.121],[6.539,53.133],[6.538,53.158],[6.515,53.198],[6.463,53.2]]]},"properties":{"id":175126,"statcode":"GM1699","statnaam":"Noordenveld","jrstatcode":"2014GM1699","rubriek":"gemeente","FID":"gemeente_gegeneraliseerd_2014.b278a6e1-2815-4fab-bcbd-67d6cc57f2c5"},"id":"GM1699"},
{"type":"Feature","geometry":{"type":"Polygon","coordinates":[[[6.599,52.384],[6.652,52.399],[6.699,52.394],[6.67,52.417],[6.673,52.441],[6.692,52.447],[6.718,52.478],[6.698,52.486],[6.669,52.495],[6.641,52.471],[6.611,52.467],[6.595,52.48],[6.506,52.491],[6.504,52.482],[6.465,52.475],[6.45,52.461],[6.475,52.441],[6.511,52.437],[6.543,52.451],[6.598,52.439],[6.576,52.418],[6.599,52.384]]]},"properties":{"id":175127,"statcode":"GM1700","statnaam":"Twenterand","jrstatcode":"2014GM1700","rubriek":"gemeente","FID":"gemeente_gegeneraliseerd_2014.cfdbf203-f016-4e8e-9a64-140393b7accd"},"id":"GM1700"},
{"type":"Feature","geometry":{"type":"Polygon","coordinates":[[[6.369,52.922],[6.333,52.906],[6.303,52.925],[6.247,52.923],[6.206,52.89],[6.12,52.854],[6.202,52.794],[6.173,52.773],[6.202,52.729],[6.231,52.742],[6.252,52.758],[6.299,52.766],[6.293,52.779],[6.309,52.795],[6.394,52.777],[6.447,52.786],[6.455,52.801],[6.48,52.837],[6.451,52.85],[6.431,52.85],[6.42,52.882],[6.36,52.895],[6.385,52.915],[6.369,52.922]]]},"properties":{"id":175128,"statcode":"GM1701","statnaam":"Westerveld","jrstatcode":"2014GM1701","rubriek":"gemeente","FID":"gemeente_gegeneraliseerd_2014.33e8f4c5-ce57-4b6c-8a0e-78d9e67adfa7"},"id":"GM1701"},
{"type":"Feature","geometry":{"type":"Polygon","coordinates":[[[5.871,51.563],[5.877,51.578],[5.932,51.597],[5.95,51.608],[5.926,51.632],[5.856,51.662],[5.86,51.67],[5.843,51.68],[5.799,51.661],[5.79,51.65],[5.748,51.633],[5.75,51.623],[5.759,51.594],[5.787,51.598],[5.801,51.579],[5.838,51.566],[5.871,51.563]]]},"properties":{"id":175129,"statcode":"GM1702","statnaam":"Sint Anthonis","jrstatcode":"2014GM1702","rubriek":"gemeente","FID":"gemeente_gegeneraliseerd_2014.a4c53d7d-1a22-453d-bf0d-41dbfc34d17f"},"id":"GM1702"},
{"type":"Feature","geometry":{"type":"Polygon","coordinates":[[[5.987,51.913],[5.966,51.939],[5.954,51.95],[5.932,51.959],[5.898,51.934],[5.891,51.907],[5.857,51.895],[5.871,51.889],[5.887,51.865],[5.925,51.874],[5.967,51.854],[5.986,51.868],[6.017,51.881],[6.046,51.871],[6.022,51.896],[5.987,51.913]]]},"properties":{"id":175130,"statcode":"GM1705","statnaam":"Lingewaard","jrstatcode":"2014GM1705","rubriek":"gemeente","FID":"gemeente_gegeneraliseerd_2014.2b275bba-c696-40b4-81bf-cc0797737bcb"},"id":"GM1705"},
{"type":"Feature","geometry":{"type":"Polygon","coordinates":[[[5.655,51.354],[5.631,51.328],[5.605,51.332],[5.568,51.321],[5.516,51.295],[5.558,51.263],[5.555,51.244],[5.566,51.221],[5.619,51.229],[5.626,51.274],[5.644,51.291],[5.672,51.315],[5.655,51.354]]]},"properties":{"id":175131,"statcode":"GM1706","statnaam":"Cranendonck","jrstatcode":"2014GM1706","rubriek":"gemeente","FID":"gemeente_gegeneraliseerd_2014.fdf9ebf5-4a93-4499-90f7-b29d5e802a48"},"id":"GM1706"},
{"type":"Feature","geometry":{"type":"Polygon","coordinates":[[[6.12,52.854],[6.031,52.815],[5.986,52.822],[5.973,52.842],[5.93,52.835],[5.924,52.824],[5.879,52.801],[5.843,52.805],[5.82,52.817],[5.795,52.807],[5.819,52.785],[5.85,52.785],[5.922,52.751],[5.943,52.715],[5.965,52.694],[5.934,52.676],[5.982,52.658],[6.021,52.641],[6.086,52.663],[6.12,52.668],[6.159,52.692],[6.12,52.75],[6.173,52.773],[6.202,52.794],[6.12,52.854]]]},"properties":{"id":175132,"statcode":"GM1708","statnaam":"Steenwijkerland","jrstatcode":"2014GM1708","rubriek":"gemeente","FID":"gemeente_gegeneraliseerd_2014.c9efd0e8-23b8-4150-94c6-9f4bd11e9021"},"id":"GM1708"},
{"type":"Feature","geometry":{"type":"Polygon","coordinates":[[[4.645,51.719],[4.644,51.719],[4.602,51.697],[4.52,51.684],[4.487,51.684],[4.436,51.698],[4.394,51.68],[4.376,51.652],[4.424,51.63],[4.438,51.617],[4.481,51.62],[4.519,51.608],[4.56,51.629],[4.601,51.625],[4.634,51.625],[4.665,51.634],[4.699,51.638],[4.685,51.666],[4.71,51.673],[4.697,51.688],[4.667,51.687],[4.645,51.719]]]},"properties":{"id":175133,"statcode":"GM1709","statnaam":"Moerdijk","jrstatcode":"2014GM1709","rubriek":"gemeente","FID":"gemeente_gegeneraliseerd_2014.abf20e1c-edc8-43f9-8dcb-b6d328c7204d"},"id":"GM1709"},
{"type":"Feature","geometry":{"type":"Polygon","coordinates":[[[5.799,51.06],[5.824,51.067],[5.827,51.048],[5.849,51.046],[5.853,51.029],[5.877,51.032],[5.887,51.052],[5.913,51.067],[5.938,51.035],[5.968,51.045],[5.971,51.059],[5.998,51.084],[6.036,51.097],[6.021,51.114],[5.985,51.121],[5.972,51.115],[5.927,51.114],[5.914,51.133],[5.873,51.135],[5.851,51.109],[5.834,51.1],[5.795,51.09],[5.799,51.06]]]},"properties":{"id":175134,"statcode":"GM1711","statnaam":"Echt-Susteren","jrstatcode":"2014GM1711","rubriek":"gemeente","FID":"gemeente_gegeneraliseerd_2014.abc39c16-9259-4dea-8d1f-12de5dfd585a"},"id":"GM1711"},
{"type":"Feature","geometry":{"type":"Polygon","coordinates":[[[3.693,51.364],[3.687,51.371],[3.642,51.376],[3.589,51.387],[3.546,51.405],[3.505,51.407],[3.48,51.397],[3.43,51.393],[3.379,51.377],[3.368,51.37],[3.385,51.334],[3.358,51.315],[3.377,51.302],[3.388,51.273],[3.408,51.257],[3.447,51.242],[3.528,51.246],[3.515,51.287],[3.581,51.298],[3.591,51.304],[3.641,51.288],[3.658,51.29],[3.694,51.276],[3.707,51.289],[3.704,51.31],[3.666,51.32],[3.644,51.342],[3.66,51.351],[3.694,51.352],[3.693,51.364]]]},"properties":{"id":175135,"statcode":"GM1714","statnaam":"Sluis","jrstatcode":"2014GM1714","rubriek":"gemeente","FID":"gemeente_gegeneraliseerd_2014.64833dfd-5892-408b-846e-7c9ff00eccb2"},"id":"GM1714"},
{"type":"Feature","geometry":{"type":"Polygon","coordinates":[[[4.645,51.719],[4.667,51.687],[4.697,51.688],[4.71,51.673],[4.685,51.666],[4.699,51.638],[4.732,51.643],[4.769,51.629],[4.788,51.637],[4.781,51.663],[4.842,51.68],[4.824,51.711],[4.837,51.713],[4.847,51.726],[4.852,51.756],[4.822,51.754],[4.764,51.76],[4.734,51.737],[4.699,51.722],[4.676,51.725],[4.645,51.719]]]},"properties":{"id":175136,"statcode":"GM1719","statnaam":"Drimmelen","jrstatcode":"2014GM1719","rubriek":"gemeente","FID":"gemeente_gegeneraliseerd_2014.93c6d60b-e920-487a-910e-a9f2a5185a04"},"id":"GM1719"},
{"type":"Feature","geometry":{"type":"Polygon","coordinates":[[[5.581,51.731],[5.534,51.741],[5.499,51.735],[5.474,51.729],[5.485,51.713],[5.47,51.689],[5.457,51.688],[5.449,51.67],[5.424,51.654],[5.466,51.643],[5.497,51.627],[5.524,51.631],[5.57,51.651],[5.562,51.663],[5.601,51.697],[5.597,51.702],[5.581,51.731]]]},"properties":{"id":175137,"statcode":"GM1721","statnaam":"Bernheze","jrstatcode":"2014GM1721","rubriek":"gemeente","FID":"gemeente_gegeneraliseerd_2014.38cace8d-9ab5-4045-8928-e932eae2da5f"},"id":"GM1721"},
{"type":"Feature","geometry":{"type":"Polygon","coordinates":[[[5.839,53.275],[5.861,53.289],[5.882,53.277],[5.907,53.288],[5.897,53.302],[5.935,53.316],[5.907,53.343],[5.848,53.377],[5.771,53.354],[5.719,53.335],[5.722,53.322],[5.749,53.314],[5.735,53.295],[5.763,53.294],[5.811,53.277],[5.839,53.275]]]},"properties":{"id":175138,"statcode":"GM1722","statnaam":"Ferwerderadiel","jrstatcode":"2014GM1722","rubriek":"gemeente","FID":"gemeente_gegeneraliseerd_2014.530ce0b0-3af1-4ffa-98d6-3d0fbbfad7ff"},"id":"GM1722"},
{"type":"Feature","geometry":{"type":"Polygon","coordinates":[[[4.963,51.526],[4.956,51.519],[4.911,51.51],[4.866,51.538],[4.863,51.557],[4.831,51.55],[4.747,51.515],[4.76,51.502],[4.816,51.495],[4.842,51.481],[4.891,51.478],[4.932,51.459],[5.01,51.458],[5.017,51.475],[4.988,51.483],[4.992,51.513],[4.963,51.526]]]},"properties":{"id":175139,"statcode":"GM1723","statnaam":"Alphen-Chaam","jrstatcode":"2014GM1723","rubriek":"gemeente","FID":"gemeente_gegeneraliseerd_2014.587f6589-dbf7-4fe1-9408-2f1a732ee84c"},"id":"GM1723"},
{"type":"Feature","geometry":{"type":"Polygon","coordinates":[[[5.241,51.306],[5.226,51.268],[5.296,51.261],[5.337,51.263],[5.346,51.276],[5.417,51.262],[5.388,51.285],[5.394,51.309],[5.424,51.331],[5.423,51.375],[5.422,51.383],[5.389,51.376],[5.346,51.358],[5.342,51.344],[5.315,51.323],[5.263,51.319],[5.241,51.306]]]},"properties":{"id":175140,"statcode":"GM1724","statnaam":"Bergeijk","jrstatcode":"2014GM1724","rubriek":"gemeente","FID":"gemeente_gegeneraliseerd_2014.9fd744e4-5375-4cf1-abe2-c70183d88728"},"id":"GM1724"},
{"type":"Feature","geometry":{"type":"Polygon","coordinates":[[[5.191,51.43],[5.201,51.39],[5.188,51.378],[5.2,51.323],[5.241,51.306],[5.263,51.319],[5.286,51.336],[5.275,51.363],[5.289,51.389],[5.307,51.406],[5.273,51.409],[5.238,51.429],[5.207,51.435],[5.191,51.43]]]},"properties":{"id":175141,"statcode":"GM1728","statnaam":"Bladel","jrstatcode":"2014GM1728","rubriek":"gemeente","FID":"gemeente_gegeneraliseerd_2014.ad45f116-768c-460a-86c7-c35bd85321da"},"id":"GM1728"},
{"type":"Feature","geometry":{"type":"Polygon","coordinates":[[[5.859,50.833],[5.864,50.823],[5.821,50.798],[5.845,50.765],[5.886,50.77],[5.89,50.756],[5.916,50.75],[5.936,50.757],[5.942,50.79],[5.977,50.803],[5.984,50.81],[5.959,50.829],[5.955,50.846],[5.888,50.847],[5.859,50.833]]]},"properties":{"id":175142,"statcode":"GM1729","statnaam":"Gulpen-Wittem","jrstatcode":"2014GM1729","rubriek":"gemeente","FID":"gemeente_gegeneraliseerd_2014.2d6e670e-3e8a-4f6b-b72f-797143774545"},"id":"GM1729"},
{"type":"Feature","geometry":{"type":"Polygon","coordinates":[[[6.631,53.026],[6.642,53.046],[6.669,53.063],[6.699,53.065],[6.777,53.095],[6.737,53.119],[6.695,53.121],[6.637,53.113],[6.614,53.136],[6.564,53.158],[6.548,53.181],[6.515,53.198],[6.538,53.158],[6.539,53.133],[6.48,53.121],[6.491,53.097],[6.513,53.072],[6.505,53.047],[6.547,53.035],[6.555,53.059],[6.6,53.061],[6.604,53.033],[6.631,53.026]]]},"properties":{"id":175143,"statcode":"GM1730","statnaam":"Tynaarlo","jrstatcode":"2014GM1730","rubriek":"gemeente","FID":"gemeente_gegeneraliseerd_2014.3f13091a-e829-4a6b-97b0-fc8b3b005b75"},"id":"GM1730"},
{"type":"Feature","geometry":{"type":"Polygon","coordinates":[[[6.413,52.986],[6.428,52.972],[6.393,52.933],[6.369,52.922],[6.385,52.915],[6.36,52.895],[6.42,52.882],[6.431,52.85],[6.451,52.85],[6.48,52.837],[6.455,52.801],[6.492,52.793],[6.491,52.771],[6.513,52.762],[6.566,52.766],[6.558,52.745],[6.587,52.736],[6.661,52.801],[6.692,52.81],[6.69,52.826],[6.704,52.847],[6.728,52.854],[6.715,52.868],[6.686,52.875],[6.667,52.909],[6.586,52.919],[6.562,52.947],[6.536,52.933],[6.497,52.952],[6.486,52.973],[6.496,52.983],[6.488,53.005],[6.413,52.986]]]},"properties":{"id":175144,"statcode":"GM1731","statnaam":"Midden-Drenthe","jrstatcode":"2014GM1731","rubriek":"gemeente","FID":"gemeente_gegeneraliseerd_2014.9138beb3-568c-4c45-be40-0cf2b03bd07d"},"id":"GM1731"},
{"type":"Feature","geometry":{"type":"Polygon","coordinates":[[[5.707,51.893],[5.817,51.87],[5.857,51.895],[5.891,51.907],[5.898,51.934],[5.829,51.948],[5.835,51.974],[5.786,51.96],[5.746,51.97],[5.723,51.964],[5.666,51.953],[5.66,51.93],[5.706,51.908],[5.707,51.893]]]},"properties":{"id":175145,"statcode":"GM1734","statnaam":"Overbetuwe","jrstatcode":"2014GM1734","rubriek":"gemeente","FID":"gemeente_gegeneraliseerd_2014.e177b40f-893f-4a2e-b750-989dcd0b54cc"},"id":"GM1734"},
{"type":"Feature","geometry":{"type":"Polygon","coordinates":[[[6.492,52.177],[6.518,52.181],[6.555,52.177],[6.591,52.182],[6.612,52.163],[6.645,52.174],[6.634,52.186],[6.672,52.198],[6.697,52.196],[6.712,52.206],[6.712,52.226],[6.724,52.252],[6.753,52.252],[6.743,52.283],[6.711,52.304],[6.691,52.308],[6.657,52.295],[6.626,52.29],[6.605,52.271],[6.568,52.27],[6.554,52.283],[6.523,52.283],[6.486,52.275],[6.416,52.242],[6.429,52.223],[6.492,52.177]]]},"properties":{"id":175146,"statcode":"GM1735","statnaam":"Hof van Twente","jrstatcode":"2014GM1735","rubriek":"gemeente","FID":"gemeente_gegeneraliseerd_2014.3c8958e3-7301-4e14-a9d7-6f2e972ff4cc"},"id":"GM1735"},
{"type":"Feature","geometry":{"type":"Polygon","coordinates":[[[5.707,51.893],[5.706,51.908],[5.66,51.93],[5.666,51.953],[5.638,51.937],[5.606,51.943],[5.587,51.951],[5.56,51.944],[5.554,51.923],[5.494,51.918],[5.453,51.923],[5.472,51.908],[5.464,51.889],[5.531,51.895],[5.556,51.901],[5.685,51.896],[5.707,51.893]]]},"properties":{"id":175147,"statcode":"GM1740","statnaam":"Neder-Betuwe","jrstatcode":"2014GM1740","rubriek":"gemeente","FID":"gemeente_gegeneraliseerd_2014.59d65989-7380-4af0-9fea-f9c09c87179c"},"id":"GM1740"},
{"type":"Feature","geometry":{"type":"Polygon","coordinates":[[[6.468,52.326],[6.422,52.326],[6.356,52.318],[6.327,52.302],[6.329,52.281],[6.375,52.256],[6.382,52.246],[6.416,52.242],[6.486,52.275],[6.523,52.283],[6.554,52.283],[6.549,52.313],[6.525,52.326],[6.468,52.326]]]},"properties":{"id":175148,"statcode":"GM1742","statnaam":"Rijssen-Holten","jrstatcode":"2014GM1742","rubriek":"gemeente","FID":"gemeente_gegeneraliseerd_2014.9d628374-8b70-471f-a5e4-60bd95d009db"},"id":"GM1742"},
{"type":"Feature","geometry":{"type":"Polygon","coordinates":[[[5.526,51.405],[5.558,51.406],[5.599,51.418],[5.639,51.422],[5.656,51.457],[5.617,51.449],[5.585,51.461],[5.549,51.435],[5.525,51.428],[5.526,51.405]]]},"properties":{"id":175149,"statcode":"GM1771","statnaam":"Geldrop-Mierlo","jrstatcode":"2014GM1771","rubriek":"gemeente","FID":"gemeente_gegeneraliseerd_2014.9d5e2e46-b23e-4e49-8140-52f6b8289c6a"},"id":"GM1771"},
{"type":"Feature","geometry":{"type":"Polygon","coordinates":[[[6.101,52.301],[6.108,52.298],[6.169,52.308],[6.206,52.321],[6.235,52.32],[6.223,52.347],[6.197,52.352],[6.189,52.365],[6.204,52.387],[6.229,52.389],[6.222,52.409],[6.231,52.423],[6.177,52.431],[6.155,52.453],[6.137,52.441],[6.11,52.441],[6.12,52.433],[6.111,52.408],[6.13,52.399],[6.124,52.381],[6.082,52.372],[6.078,52.364],[6.074,52.331],[6.084,52.302],[6.101,52.301]]]},"properties":{"id":175150,"statcode":"GM1773","statnaam":"Olst-Wijhe","jrstatcode":"2014GM1773","rubriek":"gemeente","FID":"gemeente_gegeneraliseerd_2014.63d22a82-3754-45c9-ac59-4f8ca7b439b7"},"id":"GM1773"},
{"type":"Feature","geometry":{"type":"Polygon","coordinates":[[[7.072,52.373],[7.055,52.401],[7.036,52.403],[7.011,52.429],[6.994,52.465],[6.977,52.466],[6.947,52.437],[6.853,52.427],[6.862,52.408],[6.864,52.364],[6.817,52.365],[6.783,52.36],[6.759,52.332],[6.774,52.319],[6.802,52.314],[6.821,52.299],[6.847,52.291],[6.84,52.276],[6.868,52.273],[6.912,52.286],[6.861,52.306],[6.901,52.333],[6.938,52.333],[6.97,52.349],[6.963,52.363],[6.971,52.38],[7.008,52.364],[7.072,52.373]]]},"properties":{"id":175151,"statcode":"GM1774","statnaam":"Dinkelland","jrstatcode":"2014GM1774","rubriek":"gemeente","FID":"gemeente_gegeneraliseerd_2014.92d3a9cd-3e2f-43da-96d2-e589b60fe86a"},"id":"GM1774"},
{"type":"Feature","geometry":{"type":"Polygon","coordinates":[[[4.24,51.943],[4.303,51.98],[4.265,51.996],[4.31,52.016],[4.308,52.018],[4.273,52.036],[4.248,52.025],[4.235,52.039],[4.212,52.034],[4.197,52.054],[4.128,52.001],[4.147,51.981],[4.187,51.967],[4.192,51.955],[4.22,51.941],[4.24,51.943]]]},"properties":{"id":175152,"statcode":"GM1783","statnaam":"Westland","jrstatcode":"2014GM1783","rubriek":"gemeente","FID":"gemeente_gegeneraliseerd_2014.54706332-560b-4e4d-81f0-a96e079b4dfe"},"id":"GM1783"},
{"type":"Feature","geometry":{"type":"Polygon","coordinates":[[[4.24,51.943],[4.259,51.928],[4.293,51.921],[4.324,51.942],[4.351,51.952],[4.379,51.963],[4.403,51.966],[4.338,51.974],[4.324,51.99],[4.341,52.003],[4.326,52.013],[4.31,52.016],[4.265,51.996],[4.303,51.98],[4.24,51.943]]]},"properties":{"id":175153,"statcode":"GM1842","statnaam":"Midden-Delfland","jrstatcode":"2014GM1842","rubriek":"gemeente","FID":"gemeente_gegeneraliseerd_2014.a77bf015-65d9-4a34-b0c5-27e35ac59072"},"id":"GM1842"},
{"type":"Feature","geometry":{"type":"Polygon","coordinates":[[[6.761,52.119],[6.716,52.118],[6.662,52.13],[6.674,52.143],[6.672,52.165],[6.645,52.174],[6.612,52.163],[6.591,52.182],[6.555,52.177],[6.518,52.181],[6.492,52.177],[6.481,52.142],[6.492,52.124],[6.479,52.101],[6.455,52.108],[6.424,52.097],[6.401,52.084],[6.44,52.027],[6.462,52.022],[6.48,52.033],[6.517,52.042],[6.539,52.025],[6.574,52.032],[6.596,52.043],[6.613,52.068],[6.635,52.056],[6.688,52.044],[6.695,52.07],[6.735,52.075],[6.751,52.085],[6.761,52.119]]]},"properties":{"id":175154,"statcode":"GM1859","statnaam":"Berkelland","jrstatcode":"2014GM1859","rubriek":"gemeente","FID":"gemeente_gegeneraliseerd_2014.237ae4bf-ec6b-4b1e-bd76-bd2af66c4085"},"id":"GM1859"},
{"type":"Feature","geometry":{"type":"Polygon","coordinates":[[[6.123,52.034],[6.148,52.042],[6.176,52.039],[6.177,52.02],[6.159,52],[6.16,51.981],[6.225,51.978],[6.279,51.985],[6.313,51.994],[6.335,51.975],[6.403,51.982],[6.416,51.973],[6.448,51.97],[6.468,51.978],[6.476,51.988],[6.462,52.022],[6.44,52.027],[6.401,52.084],[6.424,52.097],[6.369,52.124],[6.358,52.136],[6.328,52.138],[6.278,52.122],[6.258,52.11],[6.236,52.114],[6.218,52.098],[6.178,52.091],[6.171,52.079],[6.137,52.059],[6.116,52.049],[6.123,52.034]]]},"properties":{"id":175155,"statcode":"GM1876","statnaam":"Bronckhorst","jrstatcode":"2014GM1876","rubriek":"gemeente","FID":"gemeente_gegeneraliseerd_2014.5963c05e-108a-4b7f-8d17-3d65874ac146"},"id":"GM1876"},
{"type":"Feature","geometry":{"type":"Polygon","coordinates":[[[5.897,50.975],[5.906,51.002],[5.879,51.018],[5.877,51.032],[5.853,51.029],[5.849,51.046],[5.827,51.048],[5.824,51.067],[5.799,51.06],[5.779,51.063],[5.758,51.034],[5.773,51.019],[5.789,51.001],[5.782,50.982],[5.788,50.949],[5.813,50.955],[5.84,50.95],[5.852,50.968],[5.874,50.963],[5.897,50.975]]]},"properties":{"id":175156,"statcode":"GM1883","statnaam":"Sittard-Geleen","jrstatcode":"2014GM1883","rubriek":"gemeente","FID":"gemeente_gegeneraliseerd_2014.205ff22c-1737-462f-84ac-7268893ce33b"},"id":"GM1883"},
{"type":"Feature","geometry":{"type":"Polygon","coordinates":[[[4.538,52.18],[4.571,52.153],[4.681,52.168],[4.689,52.192],[4.729,52.21],[4.724,52.217],[4.724,52.232],[4.686,52.227],[4.67,52.231],[4.633,52.216],[4.558,52.219],[4.538,52.18]]]},"properties":{"id":175157,"statcode":"GM1884","statnaam":"Kaag en Braassem","jrstatcode":"2014GM1884","rubriek":"gemeente","FID":"gemeente_gegeneraliseerd_2014.ed6c914e-9563-46c8-b219-a85f6f9b96f3"},"id":"GM1884"},
{"type":"Feature","geometry":{"type":"Polygon","coordinates":[[[5.882,53.277],[5.926,53.252],[5.943,53.251],[5.956,53.228],[6.02,53.241],[6.044,53.244],[6.054,53.291],[6.073,53.292],[6.078,53.322],[6.033,53.326],[6.021,53.309],[5.976,53.307],[5.964,53.323],[5.935,53.316],[5.897,53.302],[5.907,53.288],[5.882,53.277]]]},"properties":{"id":175158,"statcode":"GM1891","statnaam":"Dantumadiel","jrstatcode":"2014GM1891","rubriek":"gemeente","FID":"gemeente_gegeneraliseerd_2014.01cd983d-e0a1-4db6-8856-b7fa0a9f90a5"},"id":"GM1891"},
{"type":"Feature","geometry":{"type":"Polygon","coordinates":[[[4.548,51.973],[4.572,51.972],[4.579,51.99],[4.599,51.988],[4.584,51.965],[4.619,51.933],[4.646,51.954],[4.634,51.971],[4.668,51.979],[4.689,51.996],[4.667,52.013],[4.625,52.015],[4.591,52.035],[4.607,52.066],[4.565,52.059],[4.548,51.973]]]},"properties":{"id":175159,"statcode":"GM1892","statnaam":"Zuidplas","jrstatcode":"2014GM1892","rubriek":"gemeente","FID":"gemeente_gegeneraliseerd_2014.fb818e27-4ee7-4a59-96a5-27d8b4b25268"},"id":"GM1892"},
{"type":"Feature","geometry":{"type":"Polygon","coordinates":[[[5.878,51.317],[5.908,51.313],[5.955,51.3],[6.008,51.278],[6.01,51.266],[6.028,51.268],[6.049,51.287],[6.085,51.297],[6.115,51.322],[6.123,51.343],[6.1,51.357],[6.09,51.386],[6.073,51.396],[6.019,51.382],[5.958,51.378],[5.931,51.385],[5.87,51.353],[5.84,51.347],[5.832,51.338],[5.852,51.321],[5.878,51.317]]]},"properties":{"id":175160,"statcode":"GM1894","statnaam":"Peel en Maas","jrstatcode":"2014GM1894","rubriek":"gemeente","FID":"gemeente_gegeneraliseerd_2014.db556427-a857-4de6-9a69-cb85462d5fbf"},"id":"GM1894"},
{"type":"Feature","geometry":{"type":"Polygon","coordinates":[[[6.913,53.225],[6.928,53.212],[6.903,53.166],[6.929,53.169],[6.95,53.159],[6.965,53.111],[6.988,53.116],[7.03,53.115],[7.08,53.144],[7.107,53.144],[7.14,53.155],[7.174,53.148],[7.189,53.155],[7.218,53.198],[7.206,53.236],[7.091,53.257],[7.068,53.242],[7.041,53.26],[7.022,53.253],[6.997,53.267],[6.952,53.256],[6.929,53.237],[6.911,53.243],[6.913,53.225]]]},"properties":{"id":175161,"statcode":"GM1895","statnaam":"Oldambt","jrstatcode":"2014GM1895","rubriek":"gemeente","FID":"gemeente_gegeneraliseerd_2014.221a5962-d806-4ef6-8a9b-4dc6e2b14c55"},"id":"GM1895"},
{"type":"Feature","geometry":{"type":"Polygon","coordinates":[[[6.147,52.584],[6.132,52.581],[6.105,52.603],[6.096,52.631],[6.104,52.656],[6.12,52.668],[6.086,52.663],[6.021,52.641],[5.987,52.625],[5.991,52.614],[5.971,52.594],[5.983,52.578],[6.013,52.586],[6.033,52.559],[6.063,52.567],[6.089,52.552],[6.11,52.561],[6.141,52.552],[6.166,52.566],[6.147,52.584]]]},"properties":{"id":175162,"statcode":"GM1896","statnaam":"Zwartewaterland","jrstatcode":"2014GM1896","rubriek":"gemeente","FID":"gemeente_gegeneraliseerd_2014.508a9abf-d90c-4319-9092-d953cf297148"},"id":"GM1896"},
{"type":"Feature","geometry":{"type":"Polygon","coordinates":[[[5.392,53.055],[5.378,53.053],[5.408,53.02],[5.399,52.992],[5.413,52.964],[5.401,52.939],[5.407,52.91],[5.371,52.899],[5.354,52.886],[5.366,52.873],[5.426,52.848],[5.441,52.851],[5.433,52.875],[5.49,52.871],[5.502,52.88],[5.477,52.903],[5.512,52.927],[5.564,52.947],[5.594,52.915],[5.64,52.922],[5.642,52.936],[5.688,52.936],[5.687,52.982],[5.742,53.002],[5.737,53.03],[5.771,53.047],[5.771,53.089],[5.787,53.096],[5.757,53.116],[5.709,53.09],[5.701,53.079],[5.639,53.067],[5.624,53.075],[5.599,53.068],[5.588,53.084],[5.566,53.084],[5.56,53.1],[5.53,53.102],[5.528,53.115],[5.547,53.137],[5.531,53.148],[5.498,53.141],[5.472,53.147],[5.412,53.152],[5.404,53.122],[5.379,53.108],[5.392,53.055]]]},"properties":{"id":175163,"statcode":"GM1900","statnaam":"Súdwest-Fryslân","jrstatcode":"2014GM1900","rubriek":"gemeente","FID":"gemeente_gegeneraliseerd_2014.c41719f2-1ab1-494b-8746-8a14cdb80c5c"},"id":"GM1900"},
{"type":"Feature","geometry":{"type":"Polygon","coordinates":[[[4.739,52.107],[4.709,52.094],[4.715,52.081],[4.66,52.064],[4.677,52.044],[4.706,52.04],[4.72,52.026],[4.751,52.014],[4.799,52.022],[4.83,52.05],[4.868,52.063],[4.873,52.069],[4.826,52.075],[4.825,52.107],[4.792,52.122],[4.739,52.107]]]},"properties":{"id":175164,"statcode":"GM1901","statnaam":"Bodegraven-Reeuwijk","jrstatcode":"2014GM1901","rubriek":"gemeente","FID":"gemeente_gegeneraliseerd_2014.2b0ccb6c-55ec-4e4c-bbab-dc5d259538b2"},"id":"GM1901"},
{"type":"Feature","geometry":{"type":"Polygon","coordinates":[[[5.697,50.809],[5.702,50.783],[5.683,50.763],[5.695,50.755],[5.744,50.768],[5.777,50.783],[5.807,50.756],[5.845,50.765],[5.821,50.798],[5.864,50.823],[5.859,50.833],[5.824,50.83],[5.802,50.85],[5.757,50.855],[5.743,50.821],[5.697,50.809]]]},"properties":{"id":175165,"statcode":"GM1903","statnaam":"Eijsden-Margraten","jrstatcode":"2014GM1903","rubriek":"gemeente","FID":"gemeente_gegeneraliseerd_2014.2a17fc3d-6daa-4b00-89d5-2be1f3dcf4d1"},"id":"GM1903"},
{"type":"Feature","geometry":{"type":"Polygon","coordinates":[[[5.115,52.18],[5.046,52.166],[5.034,52.213],[5.058,52.235],[5.027,52.264],[5.033,52.275],[5.064,52.281],[5.022,52.283],[5.007,52.232],[4.98,52.227],[4.967,52.2],[4.928,52.167],[4.91,52.162],[4.944,52.128],[4.97,52.122],[5.003,52.142],[5.033,52.117],[5.087,52.136],[5.107,52.133],[5.121,52.146],[5.095,52.155],[5.115,52.18]]]},"properties":{"id":175166,"statcode":"GM1904","statnaam":"Stichtse Vecht","jrstatcode":"2014GM1904","rubriek":"gemeente","FID":"gemeente_gegeneraliseerd_2014.5100ba09-ea8d-47b4-a8c5-731a3b8ec375"},"id":"GM1904"},
{"type":"Feature","geometry":{"type":"Polygon","coordinates":[[[5.738,53.173],[5.745,53.198],[5.73,53.235],[5.744,53.241],[5.734,53.249],[5.689,53.241],[5.618,53.256],[5.629,53.24],[5.601,53.23],[5.621,53.208],[5.605,53.184],[5.623,53.168],[5.653,53.166],[5.679,53.179],[5.718,53.17],[5.738,53.173]]]},"properties":{"id":175167,"statcode":"GM1908","statnaam":"Menameradiel","jrstatcode":"2014GM1908","rubriek":"gemeente","FID":"gemeente_gegeneraliseerd_2014.9eb208ce-ebdf-4b53-be37-d75c98ba3d75"},"id":"GM1908"},
{"type":"Feature","geometry":{"type":"Polygon","coordinates":[[[5.104,52.774],[5.114,52.846],[5.049,52.924],[5.033,52.937],[4.968,52.93],[4.939,52.905],[4.907,52.894],[4.868,52.89],[4.812,52.913],[4.795,52.913],[4.771,52.879],[4.759,52.849],[4.783,52.851],[4.81,52.837],[4.835,52.808],[4.829,52.775],[4.807,52.77],[4.85,52.725],[4.848,52.72],[4.899,52.707],[4.944,52.753],[4.997,52.752],[5.046,52.753],[5.07,52.768],[5.104,52.774]]]},"properties":{"id":175168,"statcode":"GM1911","statnaam":"Hollands Kroon","jrstatcode":"2014GM1911","rubriek":"gemeente","FID":"gemeente_gegeneraliseerd_2014.9e956949-f2df-4aac-bc35-badb45ce6e94"},"id":"GM1911"},
{"type":"Feature","geometry":{"type":"Polygon","coordinates":[[[4.373,52.095],[4.336,52.075],[4.356,52.068],[4.404,52.078],[4.421,52.063],[4.492,52.09],[4.473,52.119],[4.464,52.127],[4.428,52.101],[4.401,52.112],[4.373,52.095]]]},"properties":{"id":175169,"statcode":"GM1916","statnaam":"Leidschendam-Voorburg","jrstatcode":"2014GM1916","rubriek":"gemeente","FID":"gemeente_gegeneraliseerd_2014.2e026742-ddc9-4bb7-b15f-1a44deb54e16"},"id":"GM1916"},
{"type":"Feature","geometry":{"type":"Polygon","coordinates":[[[5.713,52.838],[5.749,52.84],[5.795,52.807],[5.82,52.817],[5.857,52.871],[5.886,52.894],[5.911,52.898],[5.938,52.912],[5.866,53],[5.858,53.017],[5.8,53.048],[5.796,53.059],[5.771,53.047],[5.737,53.03],[5.742,53.002],[5.687,52.982],[5.688,52.936],[5.642,52.936],[5.64,52.922],[5.594,52.915],[5.564,52.947],[5.512,52.927],[5.477,52.903],[5.502,52.88],[5.49,52.871],[5.433,52.875],[5.441,52.851],[5.454,52.855],[5.545,52.833],[5.567,52.834],[5.585,52.849],[5.618,52.851],[5.644,52.861],[5.657,52.844],[5.685,52.846],[5.713,52.838]]]},"properties":{"id":175170,"statcode":"GM1921","statnaam":"De Friese Meren","jrstatcode":"2014GM1921","rubriek":"gemeente","FID":"gemeente_gegeneraliseerd_2014.0aaec704-310c-4969-916c-cd16bf85a8b1"},"id":"GM1921"},
{"type":"Feature","geometry":{"type":"Polygon","coordinates":[[[4.404,51.699],[4.33,51.703],[4.274,51.722],[4.193,51.774],[4.164,51.78],[4.063,51.813],[4.049,51.832],[4.036,51.824],[4.007,51.843],[3.969,51.843],[3.857,51.812],[3.865,51.786],[3.858,51.768],[3.839,51.758],[3.842,51.756],[3.855,51.758],[3.869,51.781],[3.897,51.794],[3.949,51.803],[3.988,51.802],[4.022,51.779],[4.031,51.745],[4.05,51.712],[4.111,51.708],[4.155,51.697],[4.155,51.683],[4.157,51.682],[4.189,51.683],[4.221,51.673],[4.241,51.658],[4.281,51.654],[4.356,51.671],[4.369,51.685],[4.394,51.694],[4.404,51.699]]]},"properties":{"id":175171,"statcode":"GM1924","statnaam":"Goeree-Overflakkee","jrstatcode":"2014GM1924","rubriek":"gemeente","FID":"gemeente_gegeneraliseerd_2014.918decb1-9106-423a-8bc3-ed19ad23119f"},"id":"GM1924"},
{"type":"Feature","geometry":{"type":"Polygon","coordinates":[[[4.38,52.027],[4.386,52.005],[4.408,51.968],[4.428,51.976],[4.459,52.002],[4.457,52.022],[4.477,52.032],[4.451,52.049],[4.422,52.052],[4.395,52.053],[4.373,52.041],[4.38,52.027]]]},"properties":{"id":175172,"statcode":"GM1926","statnaam":"Pijnacker-Nootdorp","jrstatcode":"2014GM1926","rubriek":"gemeente","FID":"gemeente_gegeneraliseerd_2014.c42c89a4-327a-489f-8f6c-cdc335c7a0c7"},"id":"GM1926"},
{"type":"Feature","geometry":{"type":"Polygon","coordinates":[[[4.803,51.846],[4.838,51.861],[4.928,51.901],[4.92,51.919],[4.939,51.929],[4.926,51.951],[4.916,51.943],[4.878,51.938],[4.832,51.939],[4.801,51.922],[4.744,51.905],[4.668,51.89],[4.62,51.89],[4.626,51.881],[4.678,51.875],[4.683,51.848],[4.707,51.841],[4.743,51.841],[4.803,51.846]]]},"properties":{"id":175173,"statcode":"GM1927","statnaam":"Molenwaard","jrstatcode":"2014GM1927","rubriek":"gemeente","FID":"gemeente_gegeneraliseerd_2014.da130af4-9e06-4d54-a434-d9faa396157a"},"id":"GM1927"},
{"type":"Feature","geometry":{"type":"Polygon","coordinates":[[[6.168,51.901],[6.184,51.883],[6.215,51.868],[6.299,51.868],[6.332,51.875],[6.291,51.923],[6.306,51.939],[6.302,51.944],[6.229,51.945],[6.193,51.941],[6.163,51.956],[6.145,51.981],[6.103,51.967],[6.091,51.939],[6.168,51.901]]]},"properties":{"id":175174,"statcode":"GM1955","statnaam":"Montferland","jrstatcode":"2014GM1955","rubriek":"gemeente","FID":"gemeente_gegeneraliseerd_2014.f7e6797a-cf9f-48a9-b0d3-9adf220b0ea9"},"id":"GM1955"},
{"type":"Feature","geometry":{"type":"Polygon","coordinates":[[[6.803,53.124],[6.9,53.128],[6.959,53.12],[6.962,53.11],[6.965,53.111],[6.95,53.159],[6.929,53.169],[6.903,53.166],[6.928,53.212],[6.913,53.225],[6.885,53.226],[6.817,53.198],[6.812,53.186],[6.821,53.182],[6.817,53.15],[6.794,53.137],[6.803,53.124]]]},"properties":{"id":175175,"statcode":"GM1987","statnaam":"Menterwolde","jrstatcode":"2014GM1987","rubriek":"gemeente","FID":"gemeente_gegeneraliseerd_2014.20eae8f9-e46f-4b27-94ef-b074e4041841"},"id":"GM1987"}
]}