{"type":"FeatureCollection", "features": [
{"type":"Feature","geometry":{"type":"Polygon","coordinates":[[[6.882,53.328],[6.885,53.345],[6.834,53.343],[6.839,53.331],[6.807,53.326],[6.804,53.316],[6.814,53.298],[6.838,53.29],[6.887,53.298],[6.887,53.309],[6.882,53.328]]]},"properties":{"id":285119,"statcode":"WK000300","statnaam":"Wijk 00","jrstatcode":"1998WK000300","rubriek":"wijk","FID":"wijk_gegeneraliseerd_1998.0870f307-7863-40a4-b88d-3c7d9b42a1ea"},"id":"WK000300"},
{"type":"Feature","geometry":{"type":"Polygon","coordinates":[[[6.654,53.309],[6.62,53.314],[6.596,53.347],[6.582,53.344],[6.576,53.347],[6.567,53.341],[6.56,53.314],[6.556,53.275],[6.55,53.265],[6.586,53.262],[6.587,53.256],[6.619,53.249],[6.635,53.251],[6.627,53.267],[6.654,53.309]]]},"properties":{"id":285120,"statcode":"WK000500","statnaam":"Wijk 00","jrstatcode":"1998WK000500","rubriek":"wijk","FID":"wijk_gegeneraliseerd_1998.c955ba62-9455-4d8e-89ee-381dd299cc7b"},"id":"WK000500"},
{"type":"Feature","geometry":{"type":"Polygon","coordinates":[[[7.105,53.066],[7.128,53.062],[7.188,53.1],[7.183,53.122],[7.179,53.139],[7.189,53.155],[7.174,53.148],[7.145,53.161],[7.116,53.148],[7.115,53.12],[7.121,53.114],[7.099,53.101],[7.094,53.09],[7.105,53.066]]]},"properties":{"id":285121,"statcode":"WK000700","statnaam":"Wijk 00 Bellingwolde","jrstatcode":"1998WK000700","rubriek":"wijk","FID":"wijk_gegeneraliseerd_1998.a58c00ba-1d6d-4eb0-8b08-62aa17bfd59b"},"id":"WK000700"},
{"type":"Feature","geometry":{"type":"Polygon","coordinates":[[[7.204,53.056],[7.199,53.081],[7.203,53.113],[7.183,53.122],[7.188,53.1],[7.128,53.062],[7.105,53.066],[7.103,53.061],[7.13,53.039],[7.185,53.054],[7.204,53.056]]]},"properties":{"id":285122,"statcode":"WK000701","statnaam":"Wijk 01 Oost","jrstatcode":"1998WK000701","rubriek":"wijk","FID":"wijk_gegeneraliseerd_1998.80bf8b05-c8a8-46ad-a4e7-25ae6429521f"},"id":"WK000701"},
{"type":"Feature","geometry":{"type":"Polygon","coordinates":[[[7.105,53.066],[7.094,53.09],[7.099,53.101],[7.121,53.114],[7.115,53.12],[7.116,53.148],[7.086,53.145],[7.051,53.13],[7.03,53.115],[7.043,53.102],[7.015,53.072],[7.037,53.065],[7.07,53.067],[7.08,53.061],[7.103,53.061],[7.105,53.066]]]},"properties":{"id":285123,"statcode":"WK000702","statnaam":"Wijk 02 Blijham","jrstatcode":"1998WK000702","rubriek":"wijk","FID":"wijk_gegeneraliseerd_1998.15e33172-dc7a-4a4a-ba7f-47ee76296c62"},"id":"WK000702"},
{"type":"Feature","geometry":{"type":"Polygon","coordinates":[[[6.644,53.235],[6.708,53.26],[6.73,53.268],[6.723,53.279],[6.69,53.298],[6.655,53.308],[6.654,53.309],[6.627,53.267],[6.635,53.251],[6.644,53.235]]]},"properties":{"id":285124,"statcode":"WK000900","statnaam":"Wijk 00 West","jrstatcode":"1998WK000900","rubriek":"wijk","FID":"wijk_gegeneraliseerd_1998.459071e7-cf91-45e0-af20-5b3aeeaa3bc2"},"id":"WK000900"},
{"type":"Feature","geometry":{"type":"Polygon","coordinates":[[[6.73,53.268],[6.773,53.283],[6.772,53.292],[6.753,53.299],[6.738,53.313],[6.709,53.31],[6.69,53.298],[6.723,53.279],[6.73,53.268]]]},"properties":{"id":285125,"statcode":"WK000901","statnaam":"Wijk 01 Oost","jrstatcode":"1998WK000901","rubriek":"wijk","FID":"wijk_gegeneraliseerd_1998.5d2e3744-38ec-4e71-b760-1617c2a21371"},"id":"WK000901"},
{"type":"Feature","geometry":{"type":"Polygon","coordinates":[[[6.887,53.309],[6.925,53.311],[6.929,53.326],[6.941,53.331],[6.906,53.347],[6.882,53.328],[6.887,53.309]]]},"properties":{"id":285126,"statcode":"WK001000","statnaam":"Wijk 00 Stad","jrstatcode":"1998WK001000","rubriek":"wijk","FID":"wijk_gegeneraliseerd_1998.abe67683-5b7e-428f-8c5c-116e0fcf0f11"},"id":"WK001000"},
{"type":"Feature","geometry":{"type":"MultiPolygon","coordinates":[[[[6.929,53.326],[6.925,53.311],[6.887,53.309],[6.887,53.298],[6.909,53.279],[6.909,53.266],[6.936,53.274],[6.955,53.266],[6.984,53.273],[7.01,53.306],[6.97,53.319],[6.929,53.326]]],[[[6.885,53.345],[6.882,53.328],[6.906,53.347],[6.899,53.351],[6.885,53.345]]]]},"properties":{"id":285127,"statcode":"WK001001","statnaam":"Wijk 01 Land","jrstatcode":"1998WK001001","rubriek":"wijk","FID":"wijk_gegeneraliseerd_1998.94176535-60c4-4e1d-915f-4cfb437a030a"},"id":"WK001001"},
{"type":"Feature","geometry":{"type":"Polygon","coordinates":[[[7.091,53.257],[7.079,53.265],[7.084,53.298],[7.049,53.3],[7.01,53.306],[6.984,53.273],[6.955,53.266],[6.936,53.274],[6.909,53.266],[6.912,53.243],[6.929,53.237],[6.952,53.257],[6.997,53.267],[7.013,53.267],[7.022,53.253],[7.04,53.26],[7.068,53.242],[7.091,53.257]]]},"properties":{"id":285128,"statcode":"WK001002","statnaam":"Wijk 02","jrstatcode":"1998WK001002","rubriek":"wijk","FID":"wijk_gegeneraliseerd_1998.73aed4af-bbf4-42e6-a7e3-1b6ea770afb2"},"id":"WK001002"},
{"type":"Feature","geometry":{"type":"Polygon","coordinates":[[[6.792,53.404],[6.777,53.398],[6.801,53.366],[6.825,53.358],[6.834,53.343],[6.885,53.345],[6.899,53.351],[6.889,53.38],[6.888,53.396],[6.874,53.408],[6.844,53.422],[6.792,53.404]]]},"properties":{"id":285129,"statcode":"WK001003","statnaam":"Wijk 03","jrstatcode":"1998WK001003","rubriek":"wijk","FID":"wijk_gegeneraliseerd_1998.d3303390-7f7c-4224-9c0a-f4d25a7cd8cf"},"id":"WK001003"},
{"type":"Feature","geometry":{"type":"Polygon","coordinates":[[[6.57,53.212],[6.58,53.217],[6.567,53.225],[6.561,53.226],[6.556,53.219],[6.57,53.212]]]},"properties":{"id":285130,"statcode":"WK001400","statnaam":"Wijk 00 Binnenstad","jrstatcode":"1998WK001400","rubriek":"wijk","FID":"wijk_gegeneraliseerd_1998.a6089d72-b2b7-425c-9944-c83f428540ca"},"id":"WK001400"},
{"type":"Feature","geometry":{"type":"Polygon","coordinates":[[[6.556,53.219],[6.545,53.219],[6.53,53.234],[6.523,53.215],[6.533,53.211],[6.561,53.211],[6.571,53.211],[6.57,53.212],[6.556,53.219]]]},"properties":{"id":285131,"statcode":"WK001401","statnaam":"Wijk 01 Schilders- en Zeeheldenwijk","jrstatcode":"1998WK001401","rubriek":"wijk","FID":"wijk_gegeneraliseerd_1998.c7993597-6c04-4739-a81b-41b95a102498"},"id":"WK001401"},
{"type":"Feature","geometry":{"type":"Polygon","coordinates":[[[6.561,53.226],[6.568,53.239],[6.587,53.256],[6.586,53.262],[6.55,53.265],[6.508,53.257],[6.511,53.254],[6.53,53.234],[6.545,53.219],[6.556,53.219],[6.561,53.226]]]},"properties":{"id":285132,"statcode":"WK001402","statnaam":"Wijk 02 Oranjewijk","jrstatcode":"1998WK001402","rubriek":"wijk","FID":"wijk_gegeneraliseerd_1998.4b977fe3-943a-4a7e-87d1-194928ccef89"},"id":"WK001402"},
{"type":"Feature","geometry":{"type":"Polygon","coordinates":[[[6.568,53.239],[6.561,53.226],[6.567,53.225],[6.584,53.233],[6.568,53.239]]]},"properties":{"id":285133,"statcode":"WK001403","statnaam":"Wijk 03 Korrewegwijk","jrstatcode":"1998WK001403","rubriek":"wijk","FID":"wijk_gegeneraliseerd_1998.9c5e0d00-a214-43d4-a421-11571ef652df"},"id":"WK001403"},
{"type":"Feature","geometry":{"type":"Polygon","coordinates":[[[6.596,53.222],[6.584,53.233],[6.567,53.225],[6.58,53.217],[6.596,53.222]]]},"properties":{"id":285134,"statcode":"WK001404","statnaam":"Wijk 04 Oosterparkwijk","jrstatcode":"1998WK001404","rubriek":"wijk","FID":"wijk_gegeneraliseerd_1998.0b23cf46-9203-4c5b-a8a3-9967f1c7cf8d"},"id":"WK001404"},
{"type":"Feature","geometry":{"type":"Polygon","coordinates":[[[6.571,53.211],[6.603,53.196],[6.64,53.186],[6.667,53.202],[6.648,53.219],[6.644,53.235],[6.596,53.222],[6.58,53.217],[6.57,53.212],[6.571,53.211]]]},"properties":{"id":285135,"statcode":"WK001405","statnaam":"Wijk 05 Oosterpoortwijk","jrstatcode":"1998WK001405","rubriek":"wijk","FID":"wijk_gegeneraliseerd_1998.d4a5050d-fd21-4a95-82ef-f13292cd1085"},"id":"WK001405"},
{"type":"Feature","geometry":{"type":"Polygon","coordinates":[[[6.561,53.211],[6.568,53.187],[6.576,53.183],[6.596,53.19],[6.603,53.196],[6.571,53.211],[6.561,53.211]]]},"properties":{"id":285136,"statcode":"WK001406","statnaam":"Wijk 06 Herewegwijk en Helpman","jrstatcode":"1998WK001406","rubriek":"wijk","FID":"wijk_gegeneraliseerd_1998.85ae2800-e17d-4234-8d55-ed5e4b616c14"},"id":"WK001406"},
{"type":"Feature","geometry":{"type":"Polygon","coordinates":[[[6.533,53.211],[6.516,53.198],[6.548,53.181],[6.576,53.183],[6.568,53.187],[6.561,53.211],[6.533,53.211]]]},"properties":{"id":285137,"statcode":"WK001407","statnaam":"Wijk 07 Stadsparkwijk","jrstatcode":"1998WK001407","rubriek":"wijk","FID":"wijk_gegeneraliseerd_1998.0442daa5-394b-4595-a4ea-60e5b2962df3"},"id":"WK001407"},
{"type":"Feature","geometry":{"type":"Polygon","coordinates":[[[6.511,53.254],[6.48,53.246],[6.465,53.208],[6.463,53.2],[6.485,53.204],[6.496,53.198],[6.515,53.198],[6.516,53.198],[6.533,53.211],[6.523,53.215],[6.53,53.234],[6.511,53.254]]]},"properties":{"id":285138,"statcode":"WK001408","statnaam":"Wijk 08 Hoogkerk","jrstatcode":"1998WK001408","rubriek":"wijk","FID":"wijk_gegeneraliseerd_1998.ab9ba748-e147-4269-ac13-513d781948e7"},"id":"WK001408"},
{"type":"Feature","geometry":{"type":"Polygon","coordinates":[[[6.596,53.222],[6.644,53.235],[6.635,53.251],[6.619,53.249],[6.587,53.256],[6.568,53.239],[6.584,53.233],[6.596,53.222]]]},"properties":{"id":285139,"statcode":"WK001409","statnaam":"Wijk 09 Noorddijk","jrstatcode":"1998WK001409","rubriek":"wijk","FID":"wijk_gegeneraliseerd_1998.a12a517a-7660-48cc-8811-a205c524c11c"},"id":"WK001409"},
{"type":"Feature","geometry":{"type":"Polygon","coordinates":[[[6.229,53.217],[6.2,53.198],[6.186,53.179],[6.226,53.179],[6.245,53.174],[6.284,53.182],[6.282,53.191],[6.315,53.196],[6.318,53.204],[6.315,53.228],[6.291,53.226],[6.241,53.215],[6.229,53.217]]]},"properties":{"id":285140,"statcode":"WK001500","statnaam":"Wijk 00 Grootegast","jrstatcode":"1998WK001500","rubriek":"wijk","FID":"wijk_gegeneraliseerd_1998.9bb7df97-12be-412c-93cd-629a6cef8697"},"id":"WK001500"},
{"type":"Feature","geometry":{"type":"Polygon","coordinates":[[[6.232,53.256],[6.218,53.242],[6.224,53.23],[6.229,53.217],[6.241,53.215],[6.291,53.226],[6.315,53.228],[6.313,53.248],[6.278,53.245],[6.276,53.256],[6.232,53.256]]]},"properties":{"id":285141,"statcode":"WK001501","statnaam":"Wijk 01 Lutjegast","jrstatcode":"1998WK001501","rubriek":"wijk","FID":"wijk_gegeneraliseerd_1998.54a48611-29da-4350-a00a-29b546fb2a89"},"id":"WK001501"},
{"type":"Feature","geometry":{"type":"Polygon","coordinates":[[[6.186,53.179],[6.177,53.159],[6.176,53.135],[6.231,53.156],[6.245,53.174],[6.226,53.179],[6.186,53.179]]]},"properties":{"id":285142,"statcode":"WK001502","statnaam":"Wijk 02 Opende","jrstatcode":"1998WK001502","rubriek":"wijk","FID":"wijk_gegeneraliseerd_1998.77880d22-45ba-424a-9ff7-831a1ca49097"},"id":"WK001502"},
{"type":"Feature","geometry":{"type":"Polygon","coordinates":[[[6.313,53.248],[6.315,53.228],[6.318,53.204],[6.329,53.204],[6.362,53.211],[6.375,53.213],[6.406,53.217],[6.391,53.235],[6.344,53.252],[6.313,53.248]]]},"properties":{"id":285143,"statcode":"WK001503","statnaam":"Wijk 03 Oldekerk","jrstatcode":"1998WK001503","rubriek":"wijk","FID":"wijk_gegeneraliseerd_1998.85f0f82b-93df-413f-8815-aff22a6c3479"},"id":"WK001503"},
{"type":"Feature","geometry":{"type":"Polygon","coordinates":[[[6.627,53.123],[6.632,53.151],[6.625,53.164],[6.63,53.178],[6.596,53.19],[6.576,53.183],[6.603,53.15],[6.603,53.142],[6.619,53.13],[6.627,53.123]]]},"properties":{"id":285144,"statcode":"WK001700","statnaam":"Wijk 00 Centrum","jrstatcode":"1998WK001700","rubriek":"wijk","FID":"wijk_gegeneraliseerd_1998.339ef1a3-11f0-424a-bb12-5c06474e6a6b"},"id":"WK001700"},
{"type":"Feature","geometry":{"type":"MultiPolygon","coordinates":[[[[6.596,53.19],[6.63,53.178],[6.625,53.164],[6.632,53.151],[6.627,53.123],[6.635,53.106],[6.695,53.121],[6.69,53.15],[6.656,53.181],[6.64,53.186],[6.603,53.196],[6.596,53.19]]],[[[6.576,53.183],[6.548,53.181],[6.561,53.166],[6.581,53.163],[6.587,53.149],[6.603,53.142],[6.603,53.15],[6.576,53.183]]]]},"properties":{"id":285145,"statcode":"WK001701","statnaam":"Wijk 01 Land","jrstatcode":"1998WK001701","rubriek":"wijk","FID":"wijk_gegeneraliseerd_1998.d63ff8e6-be25-4234-90d5-338a23b489a9"},"id":"WK001701"},
{"type":"Feature","geometry":{"type":"Polygon","coordinates":[[[6.774,53.168],[6.724,53.172],[6.729,53.161],[6.766,53.16],[6.775,53.16],[6.774,53.168]]]},"properties":{"id":285146,"statcode":"WK001800","statnaam":"Wijk 00 Hoogezand-Noord","jrstatcode":"1998WK001800","rubriek":"wijk","FID":"wijk_gegeneraliseerd_1998.52abae63-5f91-4daf-9d6c-207ec5eae1a3"},"id":"WK001800"},
{"type":"Feature","geometry":{"type":"Polygon","coordinates":[[[6.775,53.16],[6.766,53.16],[6.771,53.149],[6.733,53.147],[6.729,53.161],[6.697,53.169],[6.656,53.181],[6.69,53.15],[6.695,53.121],[6.738,53.119],[6.745,53.115],[6.777,53.095],[6.814,53.071],[6.807,53.098],[6.803,53.124],[6.794,53.136],[6.775,53.16]]]},"properties":{"id":285147,"statcode":"WK001801","statnaam":"Wijk 01 Kropswolde-Kielwindeweer","jrstatcode":"1998WK001801","rubriek":"wijk","FID":"wijk_gegeneraliseerd_1998.1e42661f-0147-49c2-8116-3e29a53ae818"},"id":"WK001801"},
{"type":"Feature","geometry":{"type":"Polygon","coordinates":[[[6.775,53.16],[6.794,53.136],[6.819,53.146],[6.816,53.154],[6.827,53.185],[6.812,53.186],[6.765,53.179],[6.774,53.168],[6.775,53.16]]]},"properties":{"id":285148,"statcode":"WK001802","statnaam":"Wijk 02 Sappemeer","jrstatcode":"1998WK001802","rubriek":"wijk","FID":"wijk_gegeneraliseerd_1998.fdae99d2-079a-4519-9548-3ae26f5009ce"},"id":"WK001802"},
{"type":"Feature","geometry":{"type":"Polygon","coordinates":[[[6.718,53.174],[6.683,53.201],[6.667,53.202],[6.64,53.186],[6.656,53.181],[6.697,53.169],[6.718,53.174]]]},"properties":{"id":285149,"statcode":"WK001803","statnaam":"Wijk 03 Westerbroek","jrstatcode":"1998WK001803","rubriek":"wijk","FID":"wijk_gegeneraliseerd_1998.81fa8688-82be-4f64-bb87-93312b2938ab"},"id":"WK001803"},
{"type":"Feature","geometry":{"type":"Polygon","coordinates":[[[6.766,53.16],[6.729,53.161],[6.733,53.147],[6.771,53.149],[6.766,53.16]]]},"properties":{"id":285150,"statcode":"WK001804","statnaam":"Wijk 04 Hoogezand-Zuid","jrstatcode":"1998WK001804","rubriek":"wijk","FID":"wijk_gegeneraliseerd_1998.84693397-e32b-4d2a-b2db-94e7644beebb"},"id":"WK001804"},
{"type":"Feature","geometry":{"type":"Polygon","coordinates":[[[6.718,53.174],[6.697,53.169],[6.729,53.161],[6.724,53.172],[6.719,53.173],[6.718,53.174]]]},"properties":{"id":285151,"statcode":"WK001805","statnaam":"Wijk 05 Foxhol","jrstatcode":"1998WK001805","rubriek":"wijk","FID":"wijk_gegeneraliseerd_1998.7ecdbf1f-baec-45ea-84f7-82bab28ecd4f"},"id":"WK001805"},
{"type":"Feature","geometry":{"type":"Polygon","coordinates":[[[6.381,53.148],[6.389,53.158],[6.399,53.165],[6.405,53.176],[6.373,53.177],[6.361,53.149],[6.381,53.148]]]},"properties":{"id":285152,"statcode":"WK002200","statnaam":"Wijk 00 Leek","jrstatcode":"1998WK002200","rubriek":"wijk","FID":"wijk_gegeneraliseerd_1998.4fb3e73f-81db-4e21-b83b-2f3485be18a7"},"id":"WK002200"},
{"type":"Feature","geometry":{"type":"Polygon","coordinates":[[[6.341,53.154],[6.347,53.135],[6.307,53.13],[6.289,53.119],[6.296,53.098],[6.315,53.094],[6.344,53.087],[6.363,53.108],[6.365,53.12],[6.366,53.123],[6.381,53.148],[6.361,53.149],[6.341,53.154]]]},"properties":{"id":285153,"statcode":"WK002201","statnaam":"Wijk 01 Zevenhuizen","jrstatcode":"1998WK002201","rubriek":"wijk","FID":"wijk_gegeneraliseerd_1998.0a645499-78a1-4d29-8932-70606b7e2ce0"},"id":"WK002201"},
{"type":"Feature","geometry":{"type":"Polygon","coordinates":[[[6.361,53.149],[6.373,53.177],[6.362,53.211],[6.329,53.204],[6.34,53.198],[6.343,53.173],[6.339,53.159],[6.341,53.154],[6.361,53.149]]]},"properties":{"id":285154,"statcode":"WK002202","statnaam":"Wijk 02 Tolbert","jrstatcode":"1998WK002202","rubriek":"wijk","FID":"wijk_gegeneraliseerd_1998.ebf9fa5c-05fa-4abd-b048-e7b32a762c42"},"id":"WK002202"},
{"type":"Feature","geometry":{"type":"Polygon","coordinates":[[[6.375,53.213],[6.362,53.211],[6.373,53.177],[6.405,53.176],[6.406,53.177],[6.398,53.206],[6.392,53.212],[6.375,53.213]]]},"properties":{"id":285155,"statcode":"WK002204","statnaam":"Wijk 04 Midwolde","jrstatcode":"1998WK002204","rubriek":"wijk","FID":"wijk_gegeneraliseerd_1998.3a0fe386-0c9f-46e2-8a0c-984521f299f2"},"id":"WK002204"},
{"type":"Feature","geometry":{"type":"Polygon","coordinates":[[[6.392,53.212],[6.398,53.206],[6.406,53.177],[6.443,53.188],[6.45,53.197],[6.415,53.198],[6.411,53.213],[6.392,53.212]]]},"properties":{"id":285156,"statcode":"WK002205","statnaam":"Wijk 05 Lettelbert","jrstatcode":"1998WK002205","rubriek":"wijk","FID":"wijk_gegeneraliseerd_1998.c962202b-58dd-4eb7-9339-2df431c85f3c"},"id":"WK002205"},
{"type":"Feature","geometry":{"type":"Polygon","coordinates":[[[6.44,53.21],[6.424,53.211],[6.415,53.198],[6.45,53.197],[6.463,53.2],[6.465,53.208],[6.44,53.21]]]},"properties":{"id":285157,"statcode":"WK002206","statnaam":"Wijk 06 Oostwold","jrstatcode":"1998WK002206","rubriek":"wijk","FID":"wijk_gegeneraliseerd_1998.14c15a4d-783e-49b0-90da-5e68d7ea06d6"},"id":"WK002206"},
{"type":"Feature","geometry":{"type":"Polygon","coordinates":[[[6.427,53.224],[6.406,53.217],[6.375,53.213],[6.392,53.212],[6.411,53.213],[6.415,53.198],[6.424,53.211],[6.44,53.21],[6.427,53.224]]]},"properties":{"id":285158,"statcode":"WK002207","statnaam":"Wijk 07 Enumatil","jrstatcode":"1998WK002207","rubriek":"wijk","FID":"wijk_gegeneraliseerd_1998.80cb5b7b-19c7-429c-8081-ee229be02063"},"id":"WK002207"},
{"type":"Feature","geometry":{"type":"Polygon","coordinates":[[[6.814,53.298],[6.804,53.316],[6.807,53.326],[6.787,53.329],[6.76,53.341],[6.737,53.345],[6.722,53.356],[6.706,53.329],[6.738,53.313],[6.753,53.299],[6.772,53.292],[6.773,53.283],[6.814,53.298]]]},"properties":{"id":285159,"statcode":"WK002400","statnaam":"Wijk 00","jrstatcode":"1998WK002400","rubriek":"wijk","FID":"wijk_gegeneraliseerd_1998.f119f76d-b994-42f6-8c3a-7cd789cddc3b"},"id":"WK002400"},
{"type":"Feature","geometry":{"type":"Polygon","coordinates":[[[6.73,53.381],[6.697,53.363],[6.685,53.351],[6.655,53.308],[6.69,53.298],[6.709,53.31],[6.738,53.313],[6.706,53.329],[6.722,53.356],[6.726,53.366],[6.751,53.37],[6.739,53.388],[6.73,53.381]]]},"properties":{"id":285160,"statcode":"WK002401","statnaam":"Wijk 01 Stedum","jrstatcode":"1998WK002401","rubriek":"wijk","FID":"wijk_gegeneraliseerd_1998.b8bb9dff-9796-49a2-a396-a35deb8a5769"},"id":"WK002401"},
{"type":"Feature","geometry":{"type":"Polygon","coordinates":[[[6.697,53.363],[6.665,53.367],[6.63,53.363],[6.626,53.351],[6.596,53.347],[6.62,53.314],[6.654,53.309],[6.655,53.308],[6.685,53.351],[6.697,53.363]]]},"properties":{"id":285161,"statcode":"WK002402","statnaam":"Wijk 02 Middelstum","jrstatcode":"1998WK002402","rubriek":"wijk","FID":"wijk_gegeneraliseerd_1998.ad136e92-ef59-47b5-8875-215b5dd7f612"},"id":"WK002402"},
{"type":"Feature","geometry":{"type":"Polygon","coordinates":[[[6.792,53.404],[6.779,53.411],[6.739,53.388],[6.751,53.37],[6.726,53.366],[6.722,53.356],[6.737,53.345],[6.76,53.341],[6.787,53.329],[6.807,53.326],[6.839,53.331],[6.834,53.343],[6.825,53.358],[6.801,53.366],[6.777,53.398],[6.792,53.404]]]},"properties":{"id":285162,"statcode":"WK002403","statnaam":"Wijk 03 't Zandt","jrstatcode":"1998WK002403","rubriek":"wijk","FID":"wijk_gegeneraliseerd_1998.4cc384de-3c5f-419f-a53e-ebf44be34c1c"},"id":"WK002403"},
{"type":"Feature","geometry":{"type":"Polygon","coordinates":[[[6.318,53.204],[6.315,53.196],[6.282,53.191],[6.284,53.182],[6.245,53.174],[6.231,53.156],[6.176,53.135],[6.185,53.129],[6.213,53.115],[6.223,53.126],[6.255,53.139],[6.324,53.149],[6.339,53.159],[6.343,53.173],[6.34,53.198],[6.329,53.204],[6.318,53.204]]]},"properties":{"id":285163,"statcode":"WK002500","statnaam":"Wijk 00 Marum","jrstatcode":"1998WK002500","rubriek":"wijk","FID":"wijk_gegeneraliseerd_1998.4f508cde-e0b2-4103-9eb5-9b08c2df0f76"},"id":"WK002500"},
{"type":"Feature","geometry":{"type":"Polygon","coordinates":[[[6.296,53.098],[6.289,53.119],[6.307,53.13],[6.347,53.135],[6.341,53.154],[6.339,53.159],[6.324,53.149],[6.255,53.139],[6.223,53.126],[6.213,53.115],[6.262,53.114],[6.293,53.099],[6.296,53.098]]]},"properties":{"id":285164,"statcode":"WK002501","statnaam":"Wijk 01 De Wilp","jrstatcode":"1998WK002501","rubriek":"wijk","FID":"wijk_gegeneraliseerd_1998.00c67c2a-f73c-43b6-bd0c-a467e375033a"},"id":"WK002501"},
{"type":"Feature","geometry":{"type":"Polygon","coordinates":[[[5.216,52.354],[5.213,52.366],[5.24,52.362],[5.261,52.367],[5.245,52.385],[5.223,52.38],[5.186,52.366],[5.194,52.361],[5.181,52.345],[5.216,52.354]]]},"properties":{"id":285165,"statcode":"WK003400","statnaam":"Wijk 00 Almere-Stad, zuid v/d spoorlijn","jrstatcode":"1998WK003400","rubriek":"wijk","FID":"wijk_gegeneraliseerd_1998.6ca0ce17-8868-4ef6-a4ea-40fc066e0f8a"},"id":"WK003400"},
{"type":"Feature","geometry":{"type":"Polygon","coordinates":[[[5.245,52.385],[5.227,52.405],[5.186,52.392],[5.175,52.377],[5.186,52.366],[5.223,52.38],[5.245,52.385]]]},"properties":{"id":285166,"statcode":"WK003401","statnaam":"Wijk 01 Almere-Stad, noord v/d spoorlijn","jrstatcode":"1998WK003401","rubriek":"wijk","FID":"wijk_gegeneraliseerd_1998.3a6872c1-361d-42af-986a-417b648917cb"},"id":"WK003401"},
{"type":"Feature","geometry":{"type":"Polygon","coordinates":[[[5.241,52.329],[5.248,52.341],[5.234,52.352],[5.216,52.354],[5.181,52.345],[5.155,52.329],[5.188,52.336],[5.241,52.329]]]},"properties":{"id":285167,"statcode":"WK003402","statnaam":"Wijk 02 Almere-Haven","jrstatcode":"1998WK003402","rubriek":"wijk","FID":"wijk_gegeneraliseerd_1998.a8264f56-92dc-467a-b396-61e883b675b5"},"id":"WK003402"},
{"type":"Feature","geometry":{"type":"Polygon","coordinates":[[[5.299,52.399],[5.285,52.414],[5.246,52.398],[5.265,52.381],[5.306,52.392],[5.299,52.399]]]},"properties":{"id":285168,"statcode":"WK003403","statnaam":"Wijk 03 Almere-Buiten","jrstatcode":"1998WK003403","rubriek":"wijk","FID":"wijk_gegeneraliseerd_1998.67c4f636-71cf-464c-a6a4-1009268bfd54"},"id":"WK003403"},
{"type":"Feature","geometry":{"type":"Polygon","coordinates":[[[5.258,52.435],[5.162,52.399],[5.129,52.383],[5.136,52.337],[5.155,52.329],[5.181,52.345],[5.194,52.361],[5.186,52.366],[5.175,52.377],[5.186,52.392],[5.227,52.405],[5.245,52.385],[5.261,52.367],[5.24,52.362],[5.213,52.366],[5.216,52.354],[5.234,52.352],[5.248,52.341],[5.241,52.329],[5.279,52.319],[5.317,52.304],[5.334,52.314],[5.35,52.309],[5.379,52.314],[5.301,52.382],[5.351,52.4],[5.276,52.423],[5.258,52.435]],[[5.299,52.399],[5.306,52.392],[5.265,52.381],[5.246,52.398],[5.285,52.414],[5.299,52.399]],[[5.297,52.331],[5.274,52.355],[5.292,52.364],[5.316,52.341],[5.297,52.331]]]},"properties":{"id":285169,"statcode":"WK003406","statnaam":"Wijk 06 Almere-niet stedelijk gebied","jrstatcode":"1998WK003406","rubriek":"wijk","FID":"wijk_gegeneraliseerd_1998.051a7e10-b545-41f8-b573-ebd9f3c6511e"},"id":"WK003406"},
{"type":"Feature","geometry":{"type":"Polygon","coordinates":[[[5.297,52.331],[5.316,52.341],[5.292,52.364],[5.274,52.355],[5.297,52.331]]]},"properties":{"id":285170,"statcode":"WK003407","statnaam":"Wijk 07 Almere-Hout","jrstatcode":"1998WK003407","rubriek":"wijk","FID":"wijk_gegeneraliseerd_1998.4964eb04-9383-4f5f-a947-de2cd2532cbe"},"id":"WK003407"},
{"type":"Feature","geometry":{"type":"Polygon","coordinates":[[[6.897,53.018],[6.936,52.993],[6.948,52.983],[6.969,52.965],[6.998,52.978],[6.986,52.994],[6.97,53.01],[6.956,53.014],[6.936,53.019],[6.908,53.039],[6.881,53.047],[6.861,53.041],[6.897,53.018]]]},"properties":{"id":285171,"statcode":"WK003701","statnaam":"Wijk 01 Stadskanaal","jrstatcode":"1998WK003701","rubriek":"wijk","FID":"wijk_gegeneraliseerd_1998.24b11865-0c5f-43c9-86ec-7ca96213b0af"},"id":"WK003701"},
{"type":"Feature","geometry":{"type":"Polygon","coordinates":[[[6.998,52.978],[6.969,52.965],[6.98,52.955],[7.014,52.926],[7.027,52.919],[7.031,52.925],[7.033,52.932],[6.998,52.978]]]},"properties":{"id":285172,"statcode":"WK003702","statnaam":"Wijk 02 Musselkanaal","jrstatcode":"1998WK003702","rubriek":"wijk","FID":"wijk_gegeneraliseerd_1998.e9035ca8-0196-48ab-b683-2c2374a26387"},"id":"WK003702"},
{"type":"Feature","geometry":{"type":"Polygon","coordinates":[[[7.092,53.013],[7.098,53.021],[7.08,53.03],[7.077,53.051],[7.08,53.061],[7.07,53.067],[7.037,53.065],[7.026,53.044],[6.97,53.01],[6.986,52.994],[7.027,53.005],[7.047,52.986],[7.071,52.983],[7.072,53.004],[7.092,53.013]]]},"properties":{"id":285173,"statcode":"WK003703","statnaam":"Wijk 03 Onstwedde","jrstatcode":"1998WK003703","rubriek":"wijk","FID":"wijk_gegeneraliseerd_1998.a425dbed-81c9-4e3e-af51-023507a55fbb"},"id":"WK003703"},
{"type":"Feature","geometry":{"type":"Polygon","coordinates":[[[7.071,52.983],[7.047,52.986],[7.027,53.005],[6.986,52.994],[6.998,52.978],[7.033,52.932],[7.031,52.925],[7.063,52.931],[7.07,52.953],[7.071,52.983]]]},"properties":{"id":285174,"statcode":"WK003704","statnaam":"Wijk 04 Mussel","jrstatcode":"1998WK003704","rubriek":"wijk","FID":"wijk_gegeneraliseerd_1998.d4cca6e2-1726-49fa-b3fc-fa40e3e01173"},"id":"WK003704"},
{"type":"Feature","geometry":{"type":"Polygon","coordinates":[[[6.97,53.01],[7.026,53.044],[7.037,53.065],[7.015,53.072],[7.001,53.063],[6.956,53.014],[6.97,53.01]]]},"properties":{"id":285175,"statcode":"WK003705","statnaam":"Wijk 05 Alteveer","jrstatcode":"1998WK003705","rubriek":"wijk","FID":"wijk_gegeneraliseerd_1998.6169e21d-6565-4881-9e44-c754ba439ab4"},"id":"WK003705"},
{"type":"Feature","geometry":{"type":"Polygon","coordinates":[[[7.011,53.148],[7.02,53.157],[7.014,53.169],[6.998,53.168],[6.981,53.188],[6.953,53.168],[6.991,53.158],[7.011,53.148]]]},"properties":{"id":285176,"statcode":"WK003900","statnaam":"Wijk 00 Scheemda-Heiligerlee","jrstatcode":"1998WK003900","rubriek":"wijk","FID":"wijk_gegeneraliseerd_1998.7773b308-6962-4918-882e-1656c644d195"},"id":"WK003900"},
{"type":"Feature","geometry":{"type":"Polygon","coordinates":[[[7.011,53.148],[6.991,53.158],[6.953,53.168],[6.942,53.166],[6.95,53.159],[6.965,53.111],[6.988,53.116],[7.011,53.148]]]},"properties":{"id":285177,"statcode":"WK003901","statnaam":"Wijk 01 Westerlee","jrstatcode":"1998WK003901","rubriek":"wijk","FID":"wijk_gegeneraliseerd_1998.52ac649d-82f0-46fb-a1a2-486d79aa23c2"},"id":"WK003901"},
{"type":"Feature","geometry":{"type":"Polygon","coordinates":[[[6.913,53.225],[6.929,53.213],[6.914,53.183],[6.903,53.166],[6.942,53.166],[6.953,53.168],[6.981,53.188],[6.957,53.221],[6.929,53.237],[6.912,53.243],[6.913,53.225]]]},"properties":{"id":285178,"statcode":"WK003902","statnaam":"Wijk 02 Noord","jrstatcode":"1998WK003902","rubriek":"wijk","FID":"wijk_gegeneraliseerd_1998.3dc3e863-ab50-457b-9136-4b93d0d8b91f"},"id":"WK003902"},
{"type":"Feature","geometry":{"type":"Polygon","coordinates":[[[7.014,53.169],[7.059,53.167],[7.072,53.229],[7.034,53.227],[7.017,53.246],[6.993,53.225],[6.957,53.221],[6.981,53.188],[6.998,53.168],[7.014,53.169]]]},"properties":{"id":285179,"statcode":"WK003903","statnaam":"Wijk 03 Midwolda","jrstatcode":"1998WK003903","rubriek":"wijk","FID":"wijk_gegeneraliseerd_1998.e1c644a5-1777-4584-943b-b3f85fd65747"},"id":"WK003903"},
{"type":"Feature","geometry":{"type":"Polygon","coordinates":[[[7.068,53.242],[7.04,53.26],[7.022,53.253],[7.013,53.267],[6.997,53.267],[6.952,53.257],[6.929,53.237],[6.957,53.221],[6.993,53.225],[7.017,53.246],[7.034,53.227],[7.072,53.229],[7.068,53.242]]]},"properties":{"id":285180,"statcode":"WK003904","statnaam":"Wijk 04 Nieuwolda","jrstatcode":"1998WK003904","rubriek":"wijk","FID":"wijk_gegeneraliseerd_1998.ec95f794-56a5-4063-b026-bf8d0b69b085"},"id":"WK003904"},
{"type":"Feature","geometry":{"type":"Polygon","coordinates":[[[6.839,53.205],[6.757,53.243],[6.738,53.237],[6.744,53.216],[6.738,53.203],[6.709,53.184],[6.719,53.173],[6.724,53.172],[6.774,53.168],[6.765,53.179],[6.812,53.186],[6.817,53.198],[6.839,53.205]]]},"properties":{"id":285181,"statcode":"WK004000","statnaam":"Wijk 00 Slochteren-Kolham","jrstatcode":"1998WK004000","rubriek":"wijk","FID":"wijk_gegeneraliseerd_1998.1a6d55c2-e4e6-48c0-b53d-b03d7d184aba"},"id":"WK004000"},
{"type":"Feature","geometry":{"type":"Polygon","coordinates":[[[6.86,53.218],[6.851,53.243],[6.832,53.265],[6.833,53.273],[6.803,53.267],[6.765,53.252],[6.757,53.243],[6.839,53.205],[6.86,53.218]]]},"properties":{"id":285182,"statcode":"WK004001","statnaam":"Wijk 01 Schildwolde-Hellum","jrstatcode":"1998WK004001","rubriek":"wijk","FID":"wijk_gegeneraliseerd_1998.7bc32953-7e05-4d66-be23-b8da5b06fa3a"},"id":"WK004001"},
{"type":"Feature","geometry":{"type":"Polygon","coordinates":[[[6.912,53.243],[6.909,53.266],[6.909,53.279],[6.887,53.298],[6.838,53.29],[6.833,53.273],[6.832,53.265],[6.851,53.243],[6.86,53.218],[6.884,53.226],[6.913,53.225],[6.912,53.243]]]},"properties":{"id":285183,"statcode":"WK004002","statnaam":"Wijk 02 Siddeburen","jrstatcode":"1998WK004002","rubriek":"wijk","FID":"wijk_gegeneraliseerd_1998.75844a1c-0dd9-4ce2-8d33-dfe8aa8d096f"},"id":"WK004002"},
{"type":"Feature","geometry":{"type":"Polygon","coordinates":[[[6.719,53.173],[6.709,53.184],[6.738,53.203],[6.744,53.216],[6.738,53.237],[6.723,53.244],[6.708,53.26],[6.644,53.235],[6.648,53.219],[6.667,53.202],[6.683,53.201],[6.718,53.174],[6.719,53.173]]]},"properties":{"id":285184,"statcode":"WK004003","statnaam":"Wijk 03 Harkstede","jrstatcode":"1998WK004003","rubriek":"wijk","FID":"wijk_gegeneraliseerd_1998.6e9a2f9f-69f1-4e28-b6e9-69817d300d11"},"id":"WK004003"},
{"type":"Feature","geometry":{"type":"Polygon","coordinates":[[[6.838,53.29],[6.814,53.298],[6.773,53.283],[6.73,53.268],[6.708,53.26],[6.723,53.244],[6.738,53.237],[6.757,53.243],[6.765,53.252],[6.803,53.267],[6.833,53.273],[6.838,53.29]]]},"properties":{"id":285185,"statcode":"WK004004","statnaam":"Wijk 04 Overschild","jrstatcode":"1998WK004004","rubriek":"wijk","FID":"wijk_gegeneraliseerd_1998.b358778f-27e2-4c59-9e7f-08e65608f94f"},"id":"WK004004"},
{"type":"Feature","geometry":{"type":"Polygon","coordinates":[[[6.865,53.124],[6.844,53.122],[6.85,53.096],[6.871,53.095],[6.886,53.085],[6.899,53.108],[6.9,53.128],[6.865,53.124]]]},"properties":{"id":285186,"statcode":"WK004700","statnaam":"Wijk 00 Veendam-kern","jrstatcode":"1998WK004700","rubriek":"wijk","FID":"wijk_gegeneraliseerd_1998.a8021996-ea0c-4a2d-9c29-b67a4459a4c1"},"id":"WK004700"},
{"type":"Feature","geometry":{"type":"MultiPolygon","coordinates":[[[[6.959,53.095],[6.962,53.11],[6.959,53.12],[6.904,53.127],[6.9,53.128],[6.899,53.108],[6.886,53.085],[6.902,53.073],[6.905,53.044],[6.933,53.05],[6.924,53.058],[6.929,53.072],[6.959,53.095]]],[[[6.803,53.124],[6.807,53.098],[6.85,53.096],[6.844,53.122],[6.865,53.124],[6.803,53.124]]]]},"properties":{"id":285187,"statcode":"WK004701","statnaam":"Wijk 01 Veendam-buitengebied","jrstatcode":"1998WK004701","rubriek":"wijk","FID":"wijk_gegeneraliseerd_1998.fb200d33-af57-4d19-a190-20ce2451be8b"},"id":"WK004701"},
{"type":"Feature","geometry":{"type":"Polygon","coordinates":[[[6.861,53.041],[6.881,53.047],[6.908,53.039],[6.905,53.044],[6.902,53.073],[6.886,53.085],[6.871,53.095],[6.85,53.096],[6.807,53.098],[6.814,53.071],[6.815,53.07],[6.843,53.052],[6.861,53.041]]]},"properties":{"id":285188,"statcode":"WK004702","statnaam":"Wijk 02 Wildervank","jrstatcode":"1998WK004702","rubriek":"wijk","FID":"wijk_gegeneraliseerd_1998.7f96523e-f25d-40c6-a39d-2d17495b2757"},"id":"WK004702"},
{"type":"Feature","geometry":{"type":"Polygon","coordinates":[[[7.11,52.934],[7.125,52.913],[7.15,52.91],[7.182,52.942],[7.201,52.981],[7.159,52.987],[7.14,52.982],[7.138,52.951],[7.121,52.948],[7.11,52.934]]]},"properties":{"id":285189,"statcode":"WK004800","statnaam":"Wijk 00 Sellingen","jrstatcode":"1998WK004800","rubriek":"wijk","FID":"wijk_gegeneraliseerd_1998.9e5e1623-48aa-4f7c-9a94-a7d43103f11c"},"id":"WK004800"},
{"type":"Feature","geometry":{"type":"Polygon","coordinates":[[[7.077,53.051],[7.08,53.03],[7.098,53.021],[7.092,53.013],[7.107,53.01],[7.132,52.994],[7.14,52.982],[7.159,52.987],[7.157,52.998],[7.125,53.02],[7.131,53.027],[7.103,53.038],[7.097,53.048],[7.077,53.051]]]},"properties":{"id":285190,"statcode":"WK004801","statnaam":"Wijk 01 Vlagtwedde","jrstatcode":"1998WK004801","rubriek":"wijk","FID":"wijk_gegeneraliseerd_1998.ab0ed6cd-9c3a-4cbf-bb23-66dd015d964e"},"id":"WK004801"},
{"type":"Feature","geometry":{"type":"Polygon","coordinates":[[[7.204,53.056],[7.185,53.054],[7.13,53.039],[7.103,53.061],[7.08,53.061],[7.077,53.051],[7.097,53.048],[7.103,53.038],[7.131,53.027],[7.125,53.02],[7.157,52.998],[7.159,52.987],[7.201,52.981],[7.213,53.011],[7.204,53.056]]]},"properties":{"id":285191,"statcode":"WK004802","statnaam":"Wijk 02 Bourtagne","jrstatcode":"1998WK004802","rubriek":"wijk","FID":"wijk_gegeneraliseerd_1998.856a38f7-312c-4556-9e8f-99ddfd25ba59"},"id":"WK004802"},
{"type":"Feature","geometry":{"type":"Polygon","coordinates":[[[7.092,53.013],[7.072,53.004],[7.071,52.983],[7.07,52.953],[7.063,52.931],[7.064,52.922],[7.11,52.934],[7.121,52.948],[7.138,52.951],[7.14,52.982],[7.132,52.994],[7.107,53.01],[7.092,53.013]]]},"properties":{"id":285192,"statcode":"WK004803","statnaam":"Wijk 03 Sellingerbeetse","jrstatcode":"1998WK004803","rubriek":"wijk","FID":"wijk_gegeneraliseerd_1998.37ba1636-4f46-4562-b9f9-33e2ea23fe4f"},"id":"WK004803"},
{"type":"Feature","geometry":{"type":"Polygon","coordinates":[[[7.04,52.873],[7.071,52.873],[7.076,52.85],[7.072,52.839],[7.093,52.838],[7.087,52.85],[7.104,52.864],[7.1,52.884],[7.09,52.892],[7.065,52.893],[7.064,52.922],[7.063,52.931],[7.031,52.925],[7.027,52.919],[7.046,52.916],[7.015,52.873],[7.04,52.873]]]},"properties":{"id":285193,"statcode":"WK004804","statnaam":"Wijk 04 Ter Apel","jrstatcode":"1998WK004804","rubriek":"wijk","FID":"wijk_gegeneraliseerd_1998.2ea992c5-a620-4bfe-9e12-bcb4f31b8e81"},"id":"WK004804"},
{"type":"Feature","geometry":{"type":"Polygon","coordinates":[[[7.15,52.91],[7.125,52.913],[7.11,52.934],[7.064,52.922],[7.065,52.893],[7.09,52.892],[7.1,52.884],[7.104,52.864],[7.15,52.91]]]},"properties":{"id":285194,"statcode":"WK004805","statnaam":"Wijk 05 Ter Wisch","jrstatcode":"1998WK004805","rubriek":"wijk","FID":"wijk_gegeneraliseerd_1998.4492caaa-cedb-491b-b6f3-09ec09a73230"},"id":"WK004805"},
{"type":"Feature","geometry":{"type":"Polygon","coordinates":[[[7.076,52.85],[7.071,52.873],[7.04,52.873],[7.048,52.864],[7.076,52.85]]]},"properties":{"id":285195,"statcode":"WK004806","statnaam":"Wijk 06 de Maten","jrstatcode":"1998WK004806","rubriek":"wijk","FID":"wijk_gegeneraliseerd_1998.87b5ded1-e511-4d67-b18f-4ee14e2769b2"},"id":"WK004806"},
{"type":"Feature","geometry":{"type":"Polygon","coordinates":[[[5.317,52.304],[5.385,52.264],[5.413,52.253],[5.529,52.275],[5.553,52.32],[5.537,52.348],[5.564,52.367],[5.586,52.363],[5.615,52.371],[5.623,52.409],[5.589,52.411],[5.578,52.41],[5.537,52.385],[5.498,52.405],[5.439,52.443],[5.424,52.433],[5.351,52.4],[5.301,52.382],[5.379,52.314],[5.35,52.309],[5.334,52.314],[5.317,52.304]]]},"properties":{"id":285196,"statcode":"WK005000","statnaam":"Wijk 00","jrstatcode":"1998WK005000","rubriek":"wijk","FID":"wijk_gegeneraliseerd_1998.6d637263-35e3-494f-8b7e-d14dc8827fe9"},"id":"WK005000"},
{"type":"Feature","geometry":{"type":"Polygon","coordinates":[[[5.785,52.977],[5.786,52.96],[5.81,52.948],[5.812,52.947],[5.834,52.983],[5.828,53.006],[5.803,52.982],[5.785,52.977]]]},"properties":{"id":285197,"statcode":"WK005100","statnaam":"Wijk 00 Joure","jrstatcode":"1998WK005100","rubriek":"wijk","FID":"wijk_gegeneraliseerd_1998.0ff35874-6327-4cb2-82b7-e68ac60d76b3"},"id":"WK005100"},
{"type":"Feature","geometry":{"type":"Polygon","coordinates":[[[5.884,52.986],[5.834,52.983],[5.812,52.947],[5.83,52.937],[5.837,52.942],[5.905,52.955],[5.884,52.986]]]},"properties":{"id":285198,"statcode":"WK005101","statnaam":"Wijk 01 Oud Haskerland","jrstatcode":"1998WK005101","rubriek":"wijk","FID":"wijk_gegeneraliseerd_1998.d94653aa-7bf9-4531-a871-854ee7327db5"},"id":"WK005101"},
{"type":"Feature","geometry":{"type":"Polygon","coordinates":[[[5.779,53.025],[5.774,53.002],[5.785,52.977],[5.803,52.982],[5.828,53.006],[5.834,52.983],[5.884,52.986],[5.889,52.989],[5.884,53.007],[5.895,53.02],[5.867,53.024],[5.851,53.039],[5.836,53.031],[5.823,53.038],[5.81,53.027],[5.779,53.025]]]},"properties":{"id":285199,"statcode":"WK005102","statnaam":"Wijk 02","jrstatcode":"1998WK005102","rubriek":"wijk","FID":"wijk_gegeneraliseerd_1998.55a0aa84-0f31-4df0-9074-9e51170629c4"},"id":"WK005102"},
{"type":"Feature","geometry":{"type":"Polygon","coordinates":[[[5.751,53.047],[5.736,53.03],[5.733,53.015],[5.749,53.008],[5.691,52.988],[5.691,52.967],[5.705,52.968],[5.725,52.935],[5.748,52.939],[5.789,52.921],[5.789,52.936],[5.81,52.948],[5.786,52.96],[5.785,52.977],[5.774,53.002],[5.779,53.025],[5.759,53.027],[5.76,53.047],[5.751,53.047]]]},"properties":{"id":285200,"statcode":"WK005103","statnaam":"Wijk 03","jrstatcode":"1998WK005103","rubriek":"wijk","FID":"wijk_gegeneraliseerd_1998.1ef7cf47-8312-4cd3-8732-eba5e4838757"},"id":"WK005103"},
{"type":"Feature","geometry":{"type":"Polygon","coordinates":[[[5.789,52.921],[5.748,52.939],[5.725,52.935],[5.705,52.968],[5.691,52.967],[5.687,52.938],[5.679,52.933],[5.643,52.936],[5.64,52.922],[5.664,52.889],[5.694,52.894],[5.701,52.9],[5.76,52.888],[5.799,52.895],[5.803,52.902],[5.786,52.905],[5.789,52.921]]]},"properties":{"id":285201,"statcode":"WK005104","statnaam":"Wijk 04","jrstatcode":"1998WK005104","rubriek":"wijk","FID":"wijk_gegeneraliseerd_1998.d3ab41cd-e8a0-452d-ba0e-46bc6b870eb5"},"id":"WK005104"},
{"type":"Feature","geometry":{"type":"Polygon","coordinates":[[[5.803,52.902],[5.83,52.937],[5.812,52.947],[5.81,52.948],[5.789,52.936],[5.789,52.921],[5.786,52.905],[5.803,52.902]]]},"properties":{"id":285202,"statcode":"WK005105","statnaam":"Wijk 05","jrstatcode":"1998WK005105","rubriek":"wijk","FID":"wijk_gegeneraliseerd_1998.154f481b-2658-48e1-95b2-e615a6dbd6cb"},"id":"WK005105"},
{"type":"Feature","geometry":{"type":"Polygon","coordinates":[[[5.905,52.955],[5.837,52.942],[5.83,52.937],[5.803,52.902],[5.799,52.895],[5.842,52.903],[5.883,52.889],[5.89,52.895],[5.91,52.897],[5.938,52.912],[5.919,52.933],[5.905,52.955]]]},"properties":{"id":285203,"statcode":"WK005106","statnaam":"Wijk 06","jrstatcode":"1998WK005106","rubriek":"wijk","FID":"wijk_gegeneraliseerd_1998.bafb6b4a-b275-4d9e-b00f-cd213d526c56"},"id":"WK005106"},
{"type":"Feature","geometry":{"type":"Polygon","coordinates":[[[7.03,53.115],[7.051,53.13],[7.086,53.145],[7.065,53.165],[7.059,53.167],[7.014,53.169],[7.02,53.157],[7.011,53.148],[6.988,53.116],[7.03,53.115]]]},"properties":{"id":285204,"statcode":"WK005200","statnaam":"Wijk 00","jrstatcode":"1998WK005200","rubriek":"wijk","FID":"wijk_gegeneraliseerd_1998.47f6d9eb-3517-4fe9-8635-90ed988e5384"},"id":"WK005200"},
{"type":"Feature","geometry":{"type":"Polygon","coordinates":[[[6.473,53.362],[6.485,53.344],[6.453,53.329],[6.482,53.317],[6.502,53.298],[6.521,53.31],[6.56,53.314],[6.567,53.341],[6.49,53.352],[6.48,53.366],[6.473,53.362]]]},"properties":{"id":285205,"statcode":"WK005300","statnaam":"Wijk 00","jrstatcode":"1998WK005300","rubriek":"wijk","FID":"wijk_gegeneraliseerd_1998.6fdd82ea-50e2-444f-9806-ee1ba27390b2"},"id":"WK005300"},
{"type":"Feature","geometry":{"type":"Polygon","coordinates":[[[6.502,53.298],[6.482,53.317],[6.453,53.329],[6.438,53.317],[6.421,53.298],[6.425,53.285],[6.431,53.278],[6.472,53.279],[6.475,53.271],[6.506,53.269],[6.502,53.298]]]},"properties":{"id":285206,"statcode":"WK005301","statnaam":"Wijk 01","jrstatcode":"1998WK005301","rubriek":"wijk","FID":"wijk_gegeneraliseerd_1998.7f6ef378-0072-40f7-b604-e2895813e575"},"id":"WK005301"},
{"type":"Feature","geometry":{"type":"Polygon","coordinates":[[[6.548,53.426],[6.516,53.426],[6.507,53.4],[6.485,53.398],[6.47,53.383],[6.48,53.366],[6.49,53.352],[6.567,53.341],[6.576,53.347],[6.552,53.359],[6.551,53.377],[6.526,53.383],[6.544,53.406],[6.548,53.426]]]},"properties":{"id":285207,"statcode":"WK005302","statnaam":"Wijk 02","jrstatcode":"1998WK005302","rubriek":"wijk","FID":"wijk_gegeneraliseerd_1998.47765f19-7b92-4cb2-8954-c5b6f5b343e6"},"id":"WK005302"},
{"type":"Feature","geometry":{"type":"Polygon","coordinates":[[[6.56,53.314],[6.521,53.31],[6.502,53.298],[6.506,53.269],[6.508,53.257],[6.55,53.265],[6.556,53.275],[6.56,53.314]]]},"properties":{"id":285208,"statcode":"WK005303","statnaam":"Wijk 03","jrstatcode":"1998WK005303","rubriek":"wijk","FID":"wijk_gegeneraliseerd_1998.b9a4f6e5-aa52-4c28-9fc7-336987168bf7"},"id":"WK005303"},
{"type":"Feature","geometry":{"type":"Polygon","coordinates":[[[5.943,53.122],[5.911,53.121],[5.879,53.116],[5.853,53.122],[5.805,53.125],[5.797,53.122],[5.755,53.125],[5.756,53.122],[5.757,53.116],[5.792,53.098],[5.794,53.077],[5.804,53.074],[5.856,53.083],[5.871,53.077],[5.886,53.094],[5.882,53.107],[5.934,53.109],[5.944,53.122],[5.943,53.122]]]},"properties":{"id":285209,"statcode":"WK005500","statnaam":"Wijk 00 Grouw","jrstatcode":"1998WK005500","rubriek":"wijk","FID":"wijk_gegeneraliseerd_1998.81591265-7fc8-4c53-9b77-47cd3b8cc3ee"},"id":"WK005500"},
{"type":"Feature","geometry":{"type":"Polygon","coordinates":[[[5.862,53.171],[5.83,53.163],[5.833,53.151],[5.805,53.125],[5.853,53.122],[5.879,53.116],[5.911,53.121],[5.943,53.122],[5.923,53.131],[5.909,53.145],[5.932,53.161],[5.932,53.17],[5.862,53.171]]]},"properties":{"id":285210,"statcode":"WK005501","statnaam":"Wijk 01 Noord","jrstatcode":"1998WK005501","rubriek":"wijk","FID":"wijk_gegeneraliseerd_1998.73ab6c84-1e7a-415b-817e-2f89c82a72d8"},"id":"WK005501"},
{"type":"Feature","geometry":{"type":"Polygon","coordinates":[[[5.804,53.074],[5.794,53.077],[5.792,53.098],[5.757,53.116],[5.709,53.09],[5.702,53.079],[5.699,53.07],[5.733,53.055],[5.751,53.047],[5.76,53.047],[5.773,53.046],[5.808,53.067],[5.804,53.074]]]},"properties":{"id":285211,"statcode":"WK005502","statnaam":"Wijk 02","jrstatcode":"1998WK005502","rubriek":"wijk","FID":"wijk_gegeneraliseerd_1998.884ff67f-3f19-4881-afb2-43ceb0b929b1"},"id":"WK005502"},
{"type":"Feature","geometry":{"type":"Polygon","coordinates":[[[5.804,53.074],[5.808,53.067],[5.773,53.046],[5.76,53.047],[5.759,53.027],[5.779,53.025],[5.81,53.027],[5.823,53.038],[5.836,53.031],[5.851,53.039],[5.867,53.024],[5.895,53.02],[5.902,53.021],[5.915,53.03],[5.922,53.039],[5.943,53.041],[5.957,53.053],[5.93,53.071],[5.928,53.079],[5.871,53.077],[5.856,53.083],[5.804,53.074]]]},"properties":{"id":285212,"statcode":"WK005503","statnaam":"Wijk 03","jrstatcode":"1998WK005503","rubriek":"wijk","FID":"wijk_gegeneraliseerd_1998.5a26febe-c39d-403f-87d6-2b8f39ccbbd4"},"id":"WK005503"},
{"type":"Feature","geometry":{"type":"Polygon","coordinates":[[[6.346,53.272],[6.344,53.252],[6.391,53.235],[6.406,53.217],[6.427,53.224],[6.441,53.228],[6.429,53.257],[6.41,53.263],[6.408,53.278],[6.395,53.282],[6.373,53.267],[6.346,53.272]]]},"properties":{"id":285213,"statcode":"WK005600","statnaam":"Wijk 00","jrstatcode":"1998WK005600","rubriek":"wijk","FID":"wijk_gegeneraliseerd_1998.dd4a3a8e-75c6-44cc-81c2-df52a17083c7"},"id":"WK005600"},
{"type":"Feature","geometry":{"type":"Polygon","coordinates":[[[6.29,53.305],[6.271,53.291],[6.254,53.289],[6.247,53.268],[6.232,53.257],[6.232,53.256],[6.276,53.256],[6.278,53.245],[6.313,53.248],[6.344,53.252],[6.346,53.272],[6.336,53.273],[6.324,53.29],[6.321,53.308],[6.29,53.305]]]},"properties":{"id":285214,"statcode":"WK005601","statnaam":"Wijk 01","jrstatcode":"1998WK005601","rubriek":"wijk","FID":"wijk_gegeneraliseerd_1998.87358a7f-cfa6-47c4-9c1e-3e26301bbb19"},"id":"WK005601"},
{"type":"Feature","geometry":{"type":"Polygon","coordinates":[[[6.287,53.341],[6.28,53.313],[6.29,53.305],[6.321,53.308],[6.324,53.29],[6.336,53.273],[6.346,53.272],[6.373,53.267],[6.395,53.282],[6.408,53.278],[6.425,53.285],[6.421,53.298],[6.438,53.317],[6.431,53.328],[6.4,53.319],[6.367,53.322],[6.35,53.318],[6.331,53.315],[6.287,53.341]]]},"properties":{"id":285215,"statcode":"WK005602","statnaam":"Wijk 02","jrstatcode":"1998WK005602","rubriek":"wijk","FID":"wijk_gegeneraliseerd_1998.33155cf5-93bc-44e4-837e-d48e08c54034"},"id":"WK005602"},
{"type":"Feature","geometry":{"type":"Polygon","coordinates":[[[6.408,53.278],[6.41,53.263],[6.429,53.257],[6.441,53.228],[6.427,53.224],[6.44,53.21],[6.465,53.208],[6.48,53.246],[6.511,53.254],[6.508,53.257],[6.506,53.269],[6.475,53.271],[6.472,53.279],[6.431,53.278],[6.425,53.285],[6.408,53.278]]]},"properties":{"id":285216,"statcode":"WK005603","statnaam":"Wijk 03","jrstatcode":"1998WK005603","rubriek":"wijk","FID":"wijk_gegeneraliseerd_1998.7332d888-8c44-46c7-9936-0efbca5f232b"},"id":"WK005603"},
{"type":"Feature","geometry":{"type":"Polygon","coordinates":[[[6.025,53.325],[6.011,53.338],[5.983,53.335],[5.972,53.321],[5.971,53.313],[6.021,53.309],[6.025,53.325]]]},"properties":{"id":285217,"statcode":"WK005800","statnaam":"Wijk 00","jrstatcode":"1998WK005800","rubriek":"wijk","FID":"wijk_gegeneraliseerd_1998.5271e211-8286-4a65-a10c-8ea939d92460"},"id":"WK005800"},
{"type":"Feature","geometry":{"type":"Polygon","coordinates":[[[6.017,53.366],[6.023,53.352],[5.989,53.346],[5.983,53.335],[6.011,53.338],[6.025,53.325],[6.071,53.325],[6.064,53.335],[6.095,53.353],[6.069,53.366],[6.073,53.375],[6.017,53.366]]]},"properties":{"id":285218,"statcode":"WK005801","statnaam":"Wijk 01","jrstatcode":"1998WK005801","rubriek":"wijk","FID":"wijk_gegeneraliseerd_1998.6335a443-1152-443c-80ca-dbaca9983c8e"},"id":"WK005801"},
{"type":"Feature","geometry":{"type":"Polygon","coordinates":[[[6.095,53.353],[6.064,53.335],[6.071,53.325],[6.078,53.322],[6.089,53.324],[6.123,53.319],[6.134,53.301],[6.16,53.317],[6.172,53.323],[6.165,53.335],[6.12,53.357],[6.095,53.353]]]},"properties":{"id":285219,"statcode":"WK005802","statnaam":"Wijk 02 Zuidoost","jrstatcode":"1998WK005802","rubriek":"wijk","FID":"wijk_gegeneraliseerd_1998.5b0de793-4873-4f09-8b89-2c908f95a310"},"id":"WK005802"},
{"type":"Feature","geometry":{"type":"Polygon","coordinates":[[[6.113,53.406],[6.073,53.375],[6.069,53.366],[6.095,53.353],[6.12,53.357],[6.165,53.335],[6.172,53.323],[6.16,53.317],[6.179,53.322],[6.181,53.342],[6.17,53.353],[6.176,53.368],[6.168,53.391],[6.191,53.411],[6.178,53.415],[6.139,53.403],[6.113,53.406]]]},"properties":{"id":285220,"statcode":"WK005803","statnaam":"Wijk 03 Noordoost","jrstatcode":"1998WK005803","rubriek":"wijk","FID":"wijk_gegeneraliseerd_1998.8e158cda-6bc5-4ee9-b955-989b57d7b8a0"},"id":"WK005803"},
{"type":"Feature","geometry":{"type":"Polygon","coordinates":[[[6.085,53.404],[6.065,53.386],[6.041,53.387],[6.023,53.379],[6.017,53.366],[6.073,53.375],[6.113,53.406],[6.085,53.404]]]},"properties":{"id":285221,"statcode":"WK005804","statnaam":"Wijk 04 Noordwest","jrstatcode":"1998WK005804","rubriek":"wijk","FID":"wijk_gegeneraliseerd_1998.f527e9af-5542-43b3-80a2-ab776435715e"},"id":"WK005804"},
{"type":"Feature","geometry":{"type":"Polygon","coordinates":[[[5.947,53.37],[5.968,53.368],[6.004,53.385],[6.023,53.379],[6.041,53.387],[6.065,53.386],[6.085,53.404],[6.069,53.407],[6.009,53.401],[5.929,53.387],[5.929,53.376],[5.947,53.37]]]},"properties":{"id":285222,"statcode":"WK005805","statnaam":"Wijk 05","jrstatcode":"1998WK005805","rubriek":"wijk","FID":"wijk_gegeneraliseerd_1998.7eeb6518-5d7f-45e1-b808-85390d48fe8a"},"id":"WK005805"},
{"type":"Feature","geometry":{"type":"Polygon","coordinates":[[[5.935,53.316],[5.972,53.321],[5.983,53.335],[5.989,53.346],[5.963,53.34],[5.947,53.37],[5.929,53.376],[5.929,53.387],[5.88,53.388],[5.848,53.377],[5.908,53.343],[5.911,53.335],[5.935,53.316]]]},"properties":{"id":285223,"statcode":"WK005806","statnaam":"Wijk 06","jrstatcode":"1998WK005806","rubriek":"wijk","FID":"wijk_gegeneraliseerd_1998.05369e9f-ac87-4318-833e-b69f3ce3401b"},"id":"WK005806"},
{"type":"Feature","geometry":{"type":"Polygon","coordinates":[[[6.023,53.379],[6.004,53.385],[5.968,53.368],[5.947,53.37],[5.963,53.34],[5.989,53.346],[6.023,53.352],[6.017,53.366],[6.023,53.379]]]},"properties":{"id":285224,"statcode":"WK005807","statnaam":"Wijk 07","jrstatcode":"1998WK005807","rubriek":"wijk","FID":"wijk_gegeneraliseerd_1998.156779c4-4737-4b31-b03c-1f7104d876f0"},"id":"WK005807"},
{"type":"Feature","geometry":{"type":"Polygon","coordinates":[[[6.232,53.257],[6.194,53.27],[6.177,53.261],[6.159,53.264],[6.127,53.262],[6.075,53.249],[6.044,53.244],[6.02,53.241],[6.027,53.23],[6.086,53.215],[6.081,53.202],[6.114,53.219],[6.135,53.221],[6.182,53.237],[6.218,53.242],[6.232,53.256],[6.232,53.257]]]},"properties":{"id":285225,"statcode":"WK005900","statnaam":"Wijk 00 Noord","jrstatcode":"1998WK005900","rubriek":"wijk","FID":"wijk_gegeneraliseerd_1998.2f7b2586-6e46-4f8d-b6ec-d7c0a31f77be"},"id":"WK005900"},
{"type":"Feature","geometry":{"type":"Polygon","coordinates":[[[6.224,53.23],[6.218,53.242],[6.182,53.237],[6.135,53.221],[6.114,53.219],[6.081,53.202],[6.102,53.182],[6.122,53.198],[6.155,53.201],[6.203,53.229],[6.224,53.23]]]},"properties":{"id":285226,"statcode":"WK005901","statnaam":"Wijk 01 Centrum","jrstatcode":"1998WK005901","rubriek":"wijk","FID":"wijk_gegeneraliseerd_1998.42b49730-fc84-440e-a97f-b6b2e29c2fae"},"id":"WK005901"},
{"type":"Feature","geometry":{"type":"Polygon","coordinates":[[[6.224,53.23],[6.203,53.229],[6.155,53.201],[6.122,53.198],[6.102,53.182],[6.114,53.176],[6.105,53.152],[6.122,53.145],[6.177,53.159],[6.186,53.179],[6.2,53.198],[6.229,53.217],[6.224,53.23]]]},"properties":{"id":285227,"statcode":"WK005902","statnaam":"Wijk 02 Zuid","jrstatcode":"1998WK005902","rubriek":"wijk","FID":"wijk_gegeneraliseerd_1998.7e248c63-6912-4418-9f6a-d0acf519410f"},"id":"WK005902"},
{"type":"Feature","geometry":{"type":"Polygon","coordinates":[[[5.785,53.461],[5.708,53.46],[5.628,53.467],[5.614,53.445],[5.631,53.43],[5.666,53.42],[5.703,53.43],[5.73,53.443],[5.805,53.438],[5.889,53.451],[5.907,53.457],[5.965,53.458],[5.939,53.468],[5.883,53.467],[5.785,53.461]]]},"properties":{"id":285228,"statcode":"WK006000","statnaam":"Wijk 00","jrstatcode":"1998WK006000","rubriek":"wijk","FID":"wijk_gegeneraliseerd_1998.310e5b85-26ac-440c-9408-03178ce2bde2"},"id":"WK006000"},
{"type":"Feature","geometry":{"type":"Polygon","coordinates":[[[5.69,53.246],[5.681,53.296],[5.682,53.324],[5.653,53.32],[5.587,53.301],[5.562,53.285],[5.538,53.265],[5.551,53.262],[5.584,53.263],[5.617,53.255],[5.663,53.248],[5.667,53.244],[5.69,53.246]]]},"properties":{"id":285229,"statcode":"WK006300","statnaam":"Wijk 00 West","jrstatcode":"1998WK006300","rubriek":"wijk","FID":"wijk_gegeneraliseerd_1998.4e36d2c8-d6eb-4d22-a60f-c2ba32367339"},"id":"WK006300"},
{"type":"Feature","geometry":{"type":"Polygon","coordinates":[[[5.719,53.335],[5.682,53.324],[5.681,53.296],[5.69,53.246],[5.734,53.249],[5.736,53.251],[5.722,53.28],[5.735,53.295],[5.749,53.314],[5.722,53.322],[5.719,53.335]]]},"properties":{"id":285230,"statcode":"WK006301","statnaam":"Wijk 01 Oost","jrstatcode":"1998WK006301","rubriek":"wijk","FID":"wijk_gegeneraliseerd_1998.ee4c7b09-4584-420e-a972-5f0ca8b239bf"},"id":"WK006301"},
{"type":"Feature","geometry":{"type":"Polygon","coordinates":[[[5.617,53.255],[5.584,53.263],[5.551,53.262],[5.592,53.226],[5.601,53.23],[5.629,53.24],[5.617,53.255]]]},"properties":{"id":285231,"statcode":"WK006302","statnaam":"Wijk 02 Zuid","jrstatcode":"1998WK006302","rubriek":"wijk","FID":"wijk_gegeneraliseerd_1998.ce380909-a239-41f6-984a-8ec178223525"},"id":"WK006302"},
{"type":"Feature","geometry":{"type":"Polygon","coordinates":[[[5.554,53.058],[5.554,53.072],[5.521,53.075],[5.503,53.082],[5.496,53.067],[5.503,53.054],[5.523,53.057],[5.535,53.047],[5.549,53.053],[5.554,53.058]]]},"properties":{"id":285232,"statcode":"WK006400","statnaam":"Wijk 00","jrstatcode":"1998WK006400","rubriek":"wijk","FID":"wijk_gegeneraliseerd_1998.fb9e21cc-ec36-49fb-bdbb-9dba8ec9f152"},"id":"WK006400"},
{"type":"Feature","geometry":{"type":"Polygon","coordinates":[[[6.021,53.309],[5.971,53.313],[5.958,53.275],[5.944,53.269],[5.971,53.265],[5.981,53.254],[6.008,53.251],[6.03,53.271],[6.02,53.277],[6.021,53.309]]]},"properties":{"id":285233,"statcode":"WK006500","statnaam":"Wijk 00 Centrum","jrstatcode":"1998WK006500","rubriek":"wijk","FID":"wijk_gegeneraliseerd_1998.bc18875d-08e7-4104-a9ec-c3d9bfb8baf4"},"id":"WK006500"},
{"type":"Feature","geometry":{"type":"Polygon","coordinates":[[[6.03,53.271],[6.054,53.291],[6.073,53.292],[6.078,53.322],[6.071,53.325],[6.025,53.325],[6.021,53.309],[6.02,53.277],[6.03,53.271]]]},"properties":{"id":285234,"statcode":"WK006501","statnaam":"Wijk 01 Oost","jrstatcode":"1998WK006501","rubriek":"wijk","FID":"wijk_gegeneraliseerd_1998.1c9ba8df-143f-4287-b15d-562a71adc568"},"id":"WK006501"},
{"type":"Feature","geometry":{"type":"Polygon","coordinates":[[[6.044,53.244],[6.052,53.266],[6.054,53.291],[6.03,53.271],[6.008,53.251],[5.981,53.254],[5.971,53.265],[5.944,53.269],[5.922,53.281],[5.892,53.271],[5.914,53.259],[5.943,53.251],[5.95,53.24],[5.954,53.232],[5.985,53.231],[6.02,53.241],[6.044,53.244]]]},"properties":{"id":285235,"statcode":"WK006502","statnaam":"Wijk 02 Zuid","jrstatcode":"1998WK006502","rubriek":"wijk","FID":"wijk_gegeneraliseerd_1998.6723799a-6cd5-4744-abc7-235ed94c8694"},"id":"WK006502"},
{"type":"Feature","geometry":{"type":"Polygon","coordinates":[[[5.944,53.269],[5.958,53.275],[5.971,53.313],[5.972,53.321],[5.935,53.316],[5.897,53.302],[5.907,53.288],[5.883,53.277],[5.892,53.271],[5.922,53.281],[5.944,53.269]]]},"properties":{"id":285236,"statcode":"WK006503","statnaam":"Wijk 03 West","jrstatcode":"1998WK006503","rubriek":"wijk","FID":"wijk_gegeneraliseerd_1998.48dabf16-d302-4c72-86fe-f5f54078dd79"},"id":"WK006503"},
{"type":"Feature","geometry":{"type":"Polygon","coordinates":[[[5.836,53.301],[5.837,53.315],[5.871,53.318],[5.87,53.331],[5.911,53.335],[5.908,53.343],[5.848,53.377],[5.766,53.351],[5.781,53.339],[5.747,53.325],[5.769,53.315],[5.793,53.318],[5.836,53.301]]]},"properties":{"id":285237,"statcode":"WK006800","statnaam":"Wijk 00 Bouwstreek","jrstatcode":"1998WK006800","rubriek":"wijk","FID":"wijk_gegeneraliseerd_1998.4a908697-c75b-4296-b8cc-82e0c9f476c9"},"id":"WK006800"},
{"type":"Feature","geometry":{"type":"Polygon","coordinates":[[[5.836,53.301],[5.793,53.318],[5.769,53.315],[5.747,53.325],[5.781,53.339],[5.766,53.351],[5.719,53.335],[5.722,53.322],[5.749,53.314],[5.735,53.295],[5.763,53.294],[5.817,53.276],[5.832,53.275],[5.841,53.287],[5.836,53.301]]]},"properties":{"id":285238,"statcode":"WK006801","statnaam":"Wijk 01 Zuidwest","jrstatcode":"1998WK006801","rubriek":"wijk","FID":"wijk_gegeneraliseerd_1998.57429523-78b2-4715-bcf1-627d6b11bfd8"},"id":"WK006801"},
{"type":"Feature","geometry":{"type":"Polygon","coordinates":[[[5.911,53.335],[5.87,53.331],[5.871,53.318],[5.837,53.315],[5.836,53.301],[5.841,53.287],[5.832,53.275],[5.839,53.275],[5.861,53.288],[5.883,53.277],[5.907,53.288],[5.897,53.302],[5.935,53.316],[5.911,53.335]]]},"properties":{"id":285239,"statcode":"WK006802","statnaam":"Wijk 02","jrstatcode":"1998WK006802","rubriek":"wijk","FID":"wijk_gegeneraliseerd_1998.22c137a6-db12-423d-87d6-72b7715faa5c"},"id":"WK006802"},
{"type":"Feature","geometry":{"type":"Polygon","coordinates":[[[5.557,53.202],[5.524,53.204],[5.513,53.201],[5.496,53.178],[5.494,53.174],[5.523,53.176],[5.579,53.165],[5.601,53.183],[5.587,53.191],[5.563,53.191],[5.557,53.202]]]},"properties":{"id":285240,"statcode":"WK007000","statnaam":"Wijk 00 Franeker","jrstatcode":"1998WK007000","rubriek":"wijk","FID":"wijk_gegeneraliseerd_1998.27fe21c5-f1ac-4562-8609-017abac2077e"},"id":"WK007000"},
{"type":"Feature","geometry":{"type":"Polygon","coordinates":[[[5.557,53.202],[5.566,53.22],[5.592,53.226],[5.551,53.262],[5.538,53.265],[5.49,53.242],[5.507,53.227],[5.512,53.208],[5.524,53.204],[5.557,53.202]]]},"properties":{"id":285241,"statcode":"WK007001","statnaam":"Wijk 01 Noord","jrstatcode":"1998WK007001","rubriek":"wijk","FID":"wijk_gegeneraliseerd_1998.c11dc4a1-1a66-49cb-8db0-5d36b8858fd7"},"id":"WK007001"},
{"type":"Feature","geometry":{"type":"Polygon","coordinates":[[[5.601,53.23],[5.592,53.226],[5.566,53.22],[5.557,53.202],[5.563,53.191],[5.587,53.191],[5.601,53.183],[5.605,53.184],[5.618,53.191],[5.621,53.208],[5.61,53.221],[5.601,53.23]]]},"properties":{"id":285242,"statcode":"WK007002","statnaam":"Wijk 02 Noordoost","jrstatcode":"1998WK007002","rubriek":"wijk","FID":"wijk_gegeneraliseerd_1998.03b93256-315c-41b6-b3c4-b74dcd410160"},"id":"WK007002"},
{"type":"Feature","geometry":{"type":"Polygon","coordinates":[[[5.579,53.165],[5.523,53.176],[5.494,53.174],[5.472,53.147],[5.503,53.138],[5.511,53.141],[5.528,53.146],[5.548,53.137],[5.566,53.13],[5.605,53.144],[5.579,53.165]]]},"properties":{"id":285243,"statcode":"WK007003","statnaam":"Wijk 03 Zuid","jrstatcode":"1998WK007003","rubriek":"wijk","FID":"wijk_gegeneraliseerd_1998.96836a03-16da-4910-b9dc-2457f1e50387"},"id":"WK007003"},
{"type":"Feature","geometry":{"type":"Polygon","coordinates":[[[5.496,53.178],[5.513,53.201],[5.524,53.204],[5.512,53.208],[5.507,53.227],[5.49,53.242],[5.452,53.223],[5.438,53.21],[5.467,53.199],[5.49,53.201],[5.482,53.185],[5.48,53.176],[5.496,53.178]]]},"properties":{"id":285244,"statcode":"WK007004","statnaam":"Wijk 04 West","jrstatcode":"1998WK007004","rubriek":"wijk","FID":"wijk_gegeneraliseerd_1998.022796a7-fe3d-45b9-a6a5-276bca82d45d"},"id":"WK007004"},
{"type":"Feature","geometry":{"type":"Polygon","coordinates":[[[5.419,53.179],[5.411,53.152],[5.435,53.153],[5.472,53.147],[5.494,53.174],[5.496,53.178],[5.48,53.176],[5.452,53.175],[5.419,53.179]]]},"properties":{"id":285245,"statcode":"WK007200","statnaam":"Wijk 00 Harlingen","jrstatcode":"1998WK007200","rubriek":"wijk","FID":"wijk_gegeneraliseerd_1998.6dd06efc-1600-48cb-88ac-6747c3dcb4cc"},"id":"WK007200"},
{"type":"Feature","geometry":{"type":"Polygon","coordinates":[[[5.426,53.191],[5.433,53.19],[5.434,53.189],[5.419,53.179],[5.452,53.175],[5.48,53.176],[5.482,53.185],[5.429,53.197],[5.426,53.191]]]},"properties":{"id":285246,"statcode":"WK007201","statnaam":"Wijk 01 Midlum","jrstatcode":"1998WK007201","rubriek":"wijk","FID":"wijk_gegeneraliseerd_1998.7521a9b8-89e9-416f-ba26-3e1d492e9575"},"id":"WK007201"},
{"type":"Feature","geometry":{"type":"Polygon","coordinates":[[[5.482,53.185],[5.49,53.201],[5.467,53.199],[5.438,53.21],[5.429,53.197],[5.482,53.185]]]},"properties":{"id":285247,"statcode":"WK007202","statnaam":"Wijk 02 Wijnaldum","jrstatcode":"1998WK007202","rubriek":"wijk","FID":"wijk_gegeneraliseerd_1998.f27e5fc8-c23f-4526-9044-e729c15ccf87"},"id":"WK007202"},
{"type":"Feature","geometry":{"type":"Polygon","coordinates":[[[5.889,52.989],[5.884,52.986],[5.905,52.955],[5.919,52.933],[5.931,52.936],[5.948,52.92],[5.963,52.928],[5.952,52.941],[5.962,52.959],[5.961,52.973],[5.974,52.991],[5.941,52.982],[5.919,52.992],[5.912,52.974],[5.889,52.989]]]},"properties":{"id":285248,"statcode":"WK007401","statnaam":"Wijk 01 Heerenveen","jrstatcode":"1998WK007401","rubriek":"wijk","FID":"wijk_gegeneraliseerd_1998.60af0c98-d76f-4d94-9353-3bfc57d4524e"},"id":"WK007401"},
{"type":"Feature","geometry":{"type":"Polygon","coordinates":[[[5.961,52.973],[5.962,52.959],[5.984,52.959],[6.022,52.956],[6.016,52.966],[5.961,52.973]]]},"properties":{"id":285249,"statcode":"WK007402","statnaam":"Wijk 02 De Knipe","jrstatcode":"1998WK007402","rubriek":"wijk","FID":"wijk_gegeneraliseerd_1998.21140cf7-a42a-4e9a-b877-08e340f7593d"},"id":"WK007402"},
{"type":"Feature","geometry":{"type":"Polygon","coordinates":[[[6.171,53.02],[6.131,53.011],[6.153,52.973],[6.176,52.981],[6.201,52.989],[6.205,53.038],[6.171,53.02]]]},"properties":{"id":285250,"statcode":"WK007403","statnaam":"Wijk 03 Hoornsterzwaag","jrstatcode":"1998WK007403","rubriek":"wijk","FID":"wijk_gegeneraliseerd_1998.644f00d1-0dd1-44c1-a9b4-f1de8fa1cf18"},"id":"WK007403"},
{"type":"Feature","geometry":{"type":"Polygon","coordinates":[[[6.131,53.011],[6.097,52.992],[6.08,52.981],[6.113,52.95],[6.128,52.953],[6.153,52.973],[6.131,53.011]]]},"properties":{"id":285251,"statcode":"WK007404","statnaam":"Wijk 04 Jubbega","jrstatcode":"1998WK007404","rubriek":"wijk","FID":"wijk_gegeneraliseerd_1998.31e0473f-8be1-49a0-a94e-441b3c8d82d3"},"id":"WK007404"},
{"type":"Feature","geometry":{"type":"Polygon","coordinates":[[[6.036,52.952],[6.062,52.925],[6.086,52.937],[6.057,52.962],[6.036,52.952]]]},"properties":{"id":285252,"statcode":"WK007405","statnaam":"Wijk 05 Nieuwehorne","jrstatcode":"1998WK007405","rubriek":"wijk","FID":"wijk_gegeneraliseerd_1998.ecca3ee4-8254-4652-8399-721907c34f9b"},"id":"WK007405"},
{"type":"Feature","geometry":{"type":"Polygon","coordinates":[[[6.068,52.973],[6.057,52.962],[6.086,52.937],[6.113,52.95],[6.08,52.981],[6.068,52.973]]]},"properties":{"id":285253,"statcode":"WK007406","statnaam":"Wijk 06 Oudehorne","jrstatcode":"1998WK007406","rubriek":"wijk","FID":"wijk_gegeneraliseerd_1998.11d01d06-8441-4283-a08a-e0655a9ffebe"},"id":"WK007406"},
{"type":"Feature","geometry":{"type":"Polygon","coordinates":[[[6.022,52.956],[5.984,52.959],[5.994,52.949],[6.007,52.932],[6.038,52.918],[6.051,52.921],[6.062,52.925],[6.036,52.952],[6.022,52.956]]]},"properties":{"id":285254,"statcode":"WK007407","statnaam":"Wijk 07 Katlijk","jrstatcode":"1998WK007407","rubriek":"wijk","FID":"wijk_gegeneraliseerd_1998.daf5d0be-4363-45d8-8f75-fa10e2379a67"},"id":"WK007407"},
{"type":"Feature","geometry":{"type":"Polygon","coordinates":[[[5.943,53.041],[5.922,53.039],[5.975,52.991],[5.974,53.003],[5.985,53.026],[5.943,53.041]]]},"properties":{"id":285255,"statcode":"WK007408","statnaam":"Wijk 08 Gersloot","jrstatcode":"1998WK007408","rubriek":"wijk","FID":"wijk_gegeneraliseerd_1998.df456a62-956f-45cc-89ca-671fb6eab1a6"},"id":"WK007408"},
{"type":"Feature","geometry":{"type":"Polygon","coordinates":[[[5.915,53.03],[5.902,53.021],[5.919,52.992],[5.941,52.982],[5.915,53.03]]]},"properties":{"id":285256,"statcode":"WK007409","statnaam":"Wijk 09 Luinjeberd","jrstatcode":"1998WK007409","rubriek":"wijk","FID":"wijk_gegeneraliseerd_1998.315fb7ce-2152-4a83-a6b4-aabf6e990d79"},"id":"WK007409"},
{"type":"Feature","geometry":{"type":"Polygon","coordinates":[[[5.902,53.021],[5.895,53.02],[5.884,53.007],[5.889,52.989],[5.912,52.974],[5.919,52.992],[5.902,53.021]]]},"properties":{"id":285257,"statcode":"WK007410","statnaam":"Wijk 10 Terband","jrstatcode":"1998WK007410","rubriek":"wijk","FID":"wijk_gegeneraliseerd_1998.1f970c9b-3cc6-4037-a9db-3c92a8010e25"},"id":"WK007410"},
{"type":"Feature","geometry":{"type":"Polygon","coordinates":[[[5.922,53.039],[5.915,53.03],[5.941,52.982],[5.974,52.991],[5.975,52.991],[5.922,53.039]]]},"properties":{"id":285258,"statcode":"WK007411","statnaam":"Wijk 11 Tjalleberd","jrstatcode":"1998WK007411","rubriek":"wijk","FID":"wijk_gegeneraliseerd_1998.5f7ee622-7433-4e34-b745-4288da5b693f"},"id":"WK007411"},
{"type":"Feature","geometry":{"type":"Polygon","coordinates":[[[5.984,52.959],[5.962,52.959],[5.952,52.941],[5.981,52.94],[5.994,52.949],[5.984,52.959]]]},"properties":{"id":285259,"statcode":"WK007412","statnaam":"Wijk 12 Oranjewoud","jrstatcode":"1998WK007412","rubriek":"wijk","FID":"wijk_gegeneraliseerd_1998.6422ee92-e2c0-4ad0-997a-69488f5a0a03"},"id":"WK007412"},
{"type":"Feature","geometry":{"type":"Polygon","coordinates":[[[6.063,52.972],[6.044,52.966],[6.016,52.966],[6.022,52.956],[6.036,52.952],[6.057,52.962],[6.068,52.973],[6.063,52.972]]]},"properties":{"id":285260,"statcode":"WK007413","statnaam":"Wijk 13 Bontebok","jrstatcode":"1998WK007413","rubriek":"wijk","FID":"wijk_gegeneraliseerd_1998.00939495-9a96-4ce3-acd9-23434b27b387"},"id":"WK007413"},
{"type":"Feature","geometry":{"type":"Polygon","coordinates":[[[5.994,52.949],[5.981,52.94],[5.988,52.929],[6.007,52.932],[5.994,52.949]]]},"properties":{"id":285261,"statcode":"WK007414","statnaam":"Wijk 14 Mildam","jrstatcode":"1998WK007414","rubriek":"wijk","FID":"wijk_gegeneraliseerd_1998.64efe759-8458-424c-b7bb-9c29d2e6d3bb"},"id":"WK007414"},
{"type":"Feature","geometry":{"type":"Polygon","coordinates":[[[5.981,52.94],[5.952,52.941],[5.963,52.928],[5.988,52.929],[5.981,52.94]]]},"properties":{"id":285262,"statcode":"WK007415","statnaam":"Wijk 15 Oudeschoot","jrstatcode":"1998WK007415","rubriek":"wijk","FID":"wijk_gegeneraliseerd_1998.e07ead8c-c803-4a4d-8f4d-11bfadea29c3"},"id":"WK007415"},
{"type":"Feature","geometry":{"type":"Polygon","coordinates":[[[5.948,52.92],[5.931,52.936],[5.919,52.933],[5.938,52.912],[5.948,52.92]]]},"properties":{"id":285263,"statcode":"WK007416","statnaam":"Wijk 16 Nieuwschoot","jrstatcode":"1998WK007416","rubriek":"wijk","FID":"wijk_gegeneraliseerd_1998.5e51b131-fdbd-46ed-a24c-dab0650c9a33"},"id":"WK007416"},
{"type":"Feature","geometry":{"type":"Polygon","coordinates":[[[6.16,53.317],[6.134,53.301],[6.127,53.273],[6.127,53.262],[6.159,53.264],[6.191,53.284],[6.17,53.287],[6.16,53.317]]]},"properties":{"id":285264,"statcode":"WK007900","statnaam":"Wijk 00 Kollum","jrstatcode":"1998WK007900","rubriek":"wijk","FID":"wijk_gegeneraliseerd_1998.8ca5b70e-17e0-4b02-a7d6-ac1f4f64baae"},"id":"WK007900"},
{"type":"Feature","geometry":{"type":"Polygon","coordinates":[[[6.232,53.257],[6.247,53.268],[6.254,53.289],[6.271,53.291],[6.29,53.305],[6.28,53.313],[6.287,53.341],[6.254,53.349],[6.239,53.343],[6.215,53.358],[6.176,53.368],[6.17,53.353],[6.181,53.342],[6.179,53.322],[6.16,53.317],[6.17,53.287],[6.191,53.284],[6.159,53.264],[6.177,53.261],[6.194,53.27],[6.232,53.257]]]},"properties":{"id":285265,"statcode":"WK007901","statnaam":"Wijk 01 Oost","jrstatcode":"1998WK007901","rubriek":"wijk","FID":"wijk_gegeneraliseerd_1998.6b8e8cbe-5621-44a9-89a1-562419f8229d"},"id":"WK007901"},
{"type":"Feature","geometry":{"type":"Polygon","coordinates":[[[6.134,53.301],[6.123,53.319],[6.089,53.324],[6.078,53.322],[6.073,53.292],[6.073,53.277],[6.087,53.269],[6.127,53.273],[6.134,53.301]]]},"properties":{"id":285266,"statcode":"WK007902","statnaam":"Wijk 02 Noordwest","jrstatcode":"1998WK007902","rubriek":"wijk","FID":"wijk_gegeneraliseerd_1998.0f0ad8a0-9c7b-4120-952e-a7c1744c6a42"},"id":"WK007902"},
{"type":"Feature","geometry":{"type":"Polygon","coordinates":[[[6.044,53.244],[6.075,53.249],[6.127,53.262],[6.127,53.273],[6.087,53.269],[6.073,53.277],[6.073,53.292],[6.054,53.291],[6.052,53.266],[6.044,53.244]]]},"properties":{"id":285267,"statcode":"WK007903","statnaam":"Wijk 03 Zuidwest","jrstatcode":"1998WK007903","rubriek":"wijk","FID":"wijk_gegeneraliseerd_1998.88a85e9f-9fe9-4a79-bf8d-5f302e6a5814"},"id":"WK007903"},
{"type":"Feature","geometry":{"type":"Polygon","coordinates":[[[5.803,53.197],[5.798,53.207],[5.787,53.195],[5.803,53.197]]]},"properties":{"id":285268,"statcode":"WK008000","statnaam":"Wijk 00 Binnenstad","jrstatcode":"1998WK008000","rubriek":"wijk","FID":"wijk_gegeneraliseerd_1998.deaf6009-c0ed-4bc7-bd42-d6c83d687956"},"id":"WK008000"},
{"type":"Feature","geometry":{"type":"Polygon","coordinates":[[[5.787,53.195],[5.798,53.207],[5.803,53.213],[5.78,53.21],[5.775,53.198],[5.777,53.194],[5.787,53.195]]]},"properties":{"id":285269,"statcode":"WK008001","statnaam":"Wijk 01 Oud-west","jrstatcode":"1998WK008001","rubriek":"wijk","FID":"wijk_gegeneraliseerd_1998.af23c125-f56c-49f1-8786-8185f64c6958"},"id":"WK008001"},
{"type":"Feature","geometry":{"type":"Polygon","coordinates":[[[5.817,53.195],[5.819,53.208],[5.803,53.213],[5.798,53.207],[5.803,53.197],[5.817,53.195]]]},"properties":{"id":285270,"statcode":"WK008002","statnaam":"Wijk 02 Oud-oost","jrstatcode":"1998WK008002","rubriek":"wijk","FID":"wijk_gegeneraliseerd_1998.4e67a887-982d-46d3-8e9b-775cd2780d2b"},"id":"WK008002"},
{"type":"Feature","geometry":{"type":"Polygon","coordinates":[[[5.817,53.195],[5.803,53.197],[5.787,53.195],[5.777,53.194],[5.797,53.186],[5.817,53.195]]]},"properties":{"id":285271,"statcode":"WK008003","statnaam":"Wijk 03 Huizum","jrstatcode":"1998WK008003","rubriek":"wijk","FID":"wijk_gegeneraliseerd_1998.f8a0a677-10e3-4c2a-a13b-ef93da6c09ec"},"id":"WK008003"},
{"type":"Feature","geometry":{"type":"Polygon","coordinates":[[[5.808,53.218],[5.808,53.224],[5.775,53.226],[5.765,53.24],[5.744,53.241],[5.73,53.235],[5.734,53.221],[5.744,53.196],[5.775,53.198],[5.78,53.21],[5.803,53.213],[5.808,53.218]]]},"properties":{"id":285272,"statcode":"WK008004","statnaam":"Wijk 04 Nieuw-west","jrstatcode":"1998WK008004","rubriek":"wijk","FID":"wijk_gegeneraliseerd_1998.48e94aaf-1072-47d2-ae45-b4fe9fd7f787"},"id":"WK008004"},
{"type":"Feature","geometry":{"type":"Polygon","coordinates":[[[5.817,53.195],[5.858,53.204],[5.898,53.209],[5.894,53.218],[5.88,53.233],[5.853,53.23],[5.851,53.217],[5.808,53.218],[5.803,53.213],[5.819,53.208],[5.817,53.195]]]},"properties":{"id":285273,"statcode":"WK008005","statnaam":"Wijk 05 Nieuw-oost","jrstatcode":"1998WK008005","rubriek":"wijk","FID":"wijk_gegeneraliseerd_1998.b19db4bb-7a86-48a4-a3f0-d91a1b718002"},"id":"WK008005"},
{"type":"Feature","geometry":{"type":"Polygon","coordinates":[[[5.775,53.198],[5.744,53.196],[5.745,53.185],[5.808,53.184],[5.854,53.187],[5.858,53.204],[5.817,53.195],[5.797,53.186],[5.777,53.194],[5.775,53.198]]]},"properties":{"id":285274,"statcode":"WK008006","statnaam":"Wijk 06 Zuid","jrstatcode":"1998WK008006","rubriek":"wijk","FID":"wijk_gegeneraliseerd_1998.73aa3be5-575c-4c28-a959-bfd322f76034"},"id":"WK008006"},
{"type":"Feature","geometry":{"type":"Polygon","coordinates":[[[5.832,53.243],[5.808,53.224],[5.808,53.218],[5.851,53.217],[5.853,53.23],[5.859,53.243],[5.832,53.243]]]},"properties":{"id":285275,"statcode":"WK008008","statnaam":"Wijk 08 Buitengebied Noord","jrstatcode":"1998WK008008","rubriek":"wijk","FID":"wijk_gegeneraliseerd_1998.05d89c50-85de-4e17-a101-6626f2571af7"},"id":"WK008008"},
{"type":"Feature","geometry":{"type":"Polygon","coordinates":[[[5.756,53.13],[5.755,53.125],[5.797,53.122],[5.805,53.125],[5.833,53.151],[5.83,53.163],[5.862,53.171],[5.854,53.187],[5.808,53.184],[5.745,53.185],[5.738,53.173],[5.765,53.174],[5.764,53.143],[5.756,53.13]]]},"properties":{"id":285276,"statcode":"WK008009","statnaam":"Wijk 09 Buitengebied Zuid","jrstatcode":"1998WK008009","rubriek":"wijk","FID":"wijk_gegeneraliseerd_1998.cc9c48bd-a2da-46e5-baa1-c0b5099f5975"},"id":"WK008009"},
{"type":"Feature","geometry":{"type":"Polygon","coordinates":[[[5.832,53.275],[5.817,53.276],[5.763,53.294],[5.735,53.295],[5.722,53.28],[5.736,53.251],[5.762,53.252],[5.786,53.257],[5.819,53.255],[5.832,53.246],[5.839,53.275],[5.832,53.275]]]},"properties":{"id":285277,"statcode":"WK008100","statnaam":"Wijk 00 Noord","jrstatcode":"1998WK008100","rubriek":"wijk","FID":"wijk_gegeneraliseerd_1998.9fe13ebe-f0c3-44fd-b591-d8c2f5cd41d7"},"id":"WK008100"},
{"type":"Feature","geometry":{"type":"Polygon","coordinates":[[[5.744,53.241],[5.765,53.24],[5.775,53.226],[5.808,53.224],[5.832,53.243],[5.832,53.246],[5.819,53.255],[5.786,53.257],[5.762,53.252],[5.736,53.251],[5.734,53.249],[5.744,53.241]]]},"properties":{"id":285278,"statcode":"WK008101","statnaam":"Wijk 01 Zuid","jrstatcode":"1998WK008101","rubriek":"wijk","FID":"wijk_gegeneraliseerd_1998.2d584536-cec3-486c-90e7-f47da523edac"},"id":"WK008101"},
{"type":"Feature","geometry":{"type":"Polygon","coordinates":[[[5.694,52.894],[5.664,52.889],[5.643,52.873],[5.644,52.86],[5.658,52.844],[5.685,52.846],[5.713,52.838],[5.725,52.844],[5.747,52.84],[5.727,52.859],[5.691,52.865],[5.694,52.894]]]},"properties":{"id":285279,"statcode":"WK008200","statnaam":"Wijk 00 Lemmer","jrstatcode":"1998WK008200","rubriek":"wijk","FID":"wijk_gegeneraliseerd_1998.ad7be25d-d142-4bcd-819b-347090fa5023"},"id":"WK008200"},
{"type":"Feature","geometry":{"type":"Polygon","coordinates":[[[5.82,52.817],[5.857,52.868],[5.883,52.889],[5.842,52.903],[5.799,52.895],[5.76,52.888],[5.701,52.9],[5.694,52.894],[5.691,52.865],[5.727,52.859],[5.747,52.84],[5.784,52.818],[5.787,52.809],[5.795,52.807],[5.82,52.817]]]},"properties":{"id":285280,"statcode":"WK008201","statnaam":"Wijk 01 Buitendorpen","jrstatcode":"1998WK008201","rubriek":"wijk","FID":"wijk_gegeneraliseerd_1998.828984a2-894a-49e1-b8a8-0188755bf5d3"},"id":"WK008201"},
{"type":"Feature","geometry":{"type":"Polygon","coordinates":[[[5.657,53.232],[5.623,53.229],[5.61,53.221],[5.621,53.208],[5.618,53.191],[5.605,53.184],[5.623,53.168],[5.648,53.168],[5.653,53.166],[5.686,53.182],[5.693,53.191],[5.694,53.214],[5.698,53.225],[5.674,53.236],[5.657,53.232]]]},"properties":{"id":285281,"statcode":"WK008300","statnaam":"Wijk 00 Bouwhoek West","jrstatcode":"1998WK008300","rubriek":"wijk","FID":"wijk_gegeneraliseerd_1998.887ea928-b5e4-44a9-ba29-0027f1c851f5"},"id":"WK008300"},
{"type":"Feature","geometry":{"type":"Polygon","coordinates":[[[5.686,53.182],[5.723,53.169],[5.738,53.173],[5.745,53.185],[5.744,53.196],[5.734,53.221],[5.694,53.214],[5.693,53.191],[5.686,53.182]]]},"properties":{"id":285282,"statcode":"WK008301","statnaam":"Wijk 01 Greidhoek","jrstatcode":"1998WK008301","rubriek":"wijk","FID":"wijk_gegeneraliseerd_1998.0ba07779-053f-491e-944b-f6038f3c8a65"},"id":"WK008301"},
{"type":"Feature","geometry":{"type":"Polygon","coordinates":[[[5.617,53.255],[5.629,53.24],[5.601,53.23],[5.61,53.221],[5.623,53.229],[5.657,53.232],[5.667,53.244],[5.663,53.248],[5.617,53.255]]]},"properties":{"id":285283,"statcode":"WK008302","statnaam":"Wijk 02 Tuinbouwgebied","jrstatcode":"1998WK008302","rubriek":"wijk","FID":"wijk_gegeneraliseerd_1998.91fe54d3-799e-41a3-87f7-443e9bcef016"},"id":"WK008302"},
{"type":"Feature","geometry":{"type":"Polygon","coordinates":[[[5.657,53.232],[5.674,53.236],[5.698,53.225],[5.694,53.214],[5.734,53.221],[5.73,53.235],[5.744,53.241],[5.734,53.249],[5.69,53.246],[5.667,53.244],[5.657,53.232]]]},"properties":{"id":285284,"statcode":"WK008303","statnaam":"Wijk 03 Bouwhoek Noord","jrstatcode":"1998WK008303","rubriek":"wijk","FID":"wijk_gegeneraliseerd_1998.78091b57-345f-4511-bb3f-3e0c0f127ee4"},"id":"WK008303"},
{"type":"Feature","geometry":{"type":"Polygon","coordinates":[[[6.345,53.035],[6.313,53.024],[6.275,53.02],[6.261,52.995],[6.245,52.995],[6.263,52.984],[6.26,52.971],[6.283,52.973],[6.301,52.967],[6.319,52.979],[6.322,53.001],[6.375,53.022],[6.363,53.039],[6.345,53.035]]]},"properties":{"id":285285,"statcode":"WK008500","statnaam":"Wijk 00 Oosterwolde","jrstatcode":"1998WK008500","rubriek":"wijk","FID":"wijk_gegeneraliseerd_1998.81742b8b-b7b1-40c8-8d00-04f078603711"},"id":"WK008500"},
{"type":"Feature","geometry":{"type":"Polygon","coordinates":[[[6.245,52.995],[6.261,52.995],[6.275,53.02],[6.313,53.024],[6.345,53.035],[6.346,53.059],[6.32,53.054],[6.285,53.056],[6.282,53.036],[6.255,53.039],[6.252,53.048],[6.213,53.036],[6.205,53.038],[6.201,52.989],[6.214,52.994],[6.245,52.995]]]},"properties":{"id":285286,"statcode":"WK008501","statnaam":"Wijk 01 Donkerbroek","jrstatcode":"1998WK008501","rubriek":"wijk","FID":"wijk_gegeneraliseerd_1998.be50e244-9e00-4140-bcb4-7d99c1fce89d"},"id":"WK008501"},
{"type":"Feature","geometry":{"type":"Polygon","coordinates":[[[6.301,52.967],[6.283,52.973],[6.26,52.971],[6.263,52.984],[6.245,52.995],[6.214,52.994],[6.201,52.989],[6.176,52.981],[6.215,52.953],[6.201,52.943],[6.214,52.926],[6.247,52.923],[6.283,52.926],[6.292,52.942],[6.273,52.952],[6.301,52.967]]]},"properties":{"id":285287,"statcode":"WK008502","statnaam":"Wijk 02 Makkinga","jrstatcode":"1998WK008502","rubriek":"wijk","FID":"wijk_gegeneraliseerd_1998.e62280e1-9f57-4938-ba08-6ed5a11faf0c"},"id":"WK008502"},
{"type":"Feature","geometry":{"type":"Polygon","coordinates":[[[6.111,52.913],[6.144,52.928],[6.201,52.943],[6.215,52.953],[6.176,52.981],[6.153,52.973],[6.128,52.953],[6.113,52.95],[6.086,52.937],[6.111,52.913]]]},"properties":{"id":285288,"statcode":"WK008503","statnaam":"Wijk 03 Oldeberkoop","jrstatcode":"1998WK008503","rubriek":"wijk","FID":"wijk_gegeneraliseerd_1998.4d700eaa-22c4-4203-9698-d49274083c9b"},"id":"WK008503"},
{"type":"Feature","geometry":{"type":"Polygon","coordinates":[[[6.332,53.075],[6.281,53.064],[6.281,53.058],[6.252,53.048],[6.255,53.039],[6.282,53.036],[6.285,53.056],[6.32,53.054],[6.346,53.059],[6.345,53.035],[6.363,53.039],[6.368,53.067],[6.352,53.071],[6.332,53.075]]]},"properties":{"id":285289,"statcode":"WK008504","statnaam":"Wijk 04 Haulerwijk","jrstatcode":"1998WK008504","rubriek":"wijk","FID":"wijk_gegeneraliseerd_1998.bfaf8d24-ba5b-4da6-b22c-c6a46ac4e25f"},"id":"WK008504"},
{"type":"Feature","geometry":{"type":"Polygon","coordinates":[[[6.403,52.943],[6.428,52.972],[6.413,52.986],[6.375,53.022],[6.322,53.001],[6.319,52.979],[6.301,52.967],[6.273,52.952],[6.292,52.942],[6.283,52.926],[6.303,52.925],[6.333,52.906],[6.369,52.922],[6.394,52.933],[6.403,52.943]]]},"properties":{"id":285290,"statcode":"WK008505","statnaam":"Wijk 05 Appelscha","jrstatcode":"1998WK008505","rubriek":"wijk","FID":"wijk_gegeneraliseerd_1998.3d1a4271-4380-495f-af27-62f423ef8aec"},"id":"WK008505"},
{"type":"Feature","geometry":{"type":"Polygon","coordinates":[[[6.074,53.017],[6.04,53.008],[6.031,53.001],[6.063,52.972],[6.068,52.973],[6.08,52.981],[6.097,52.992],[6.074,53.017]]]},"properties":{"id":285291,"statcode":"WK008600","statnaam":"Wijk 00 Gorredijk","jrstatcode":"1998WK008600","rubriek":"wijk","FID":"wijk_gegeneraliseerd_1998.97ec6c2e-cd8e-433d-a5c2-395440f29ef7"},"id":"WK008600"},
{"type":"Feature","geometry":{"type":"Polygon","coordinates":[[[6.04,53.008],[5.999,53.01],[6,53.028],[6.023,53.043],[5.971,53.057],[5.957,53.053],[5.943,53.041],[5.985,53.026],[5.974,53.003],[5.975,52.991],[5.974,52.991],[5.961,52.973],[6.016,52.966],[6.044,52.966],[6.063,52.972],[6.031,53.001],[6.04,53.008]]]},"properties":{"id":285292,"statcode":"WK008601","statnaam":"Wijk 01 Langezwaag","jrstatcode":"1998WK008601","rubriek":"wijk","FID":"wijk_gegeneraliseerd_1998.c2fa0df7-77ff-4b4d-bce5-cb024b29ea61"},"id":"WK008601"},
{"type":"Feature","geometry":{"type":"Polygon","coordinates":[[[6.074,53.017],[6.067,53.039],[6.032,53.044],[6.051,53.073],[6.024,53.073],[6.003,53.081],[5.982,53.077],[5.928,53.079],[5.93,53.071],[5.957,53.053],[5.971,53.057],[6.023,53.043],[6,53.028],[5.999,53.01],[6.04,53.008],[6.074,53.017]]]},"properties":{"id":285293,"statcode":"WK008602","statnaam":"Wijk 02 Terwispel","jrstatcode":"1998WK008602","rubriek":"wijk","FID":"wijk_gegeneraliseerd_1998.1e7c5a64-12f7-461f-978b-da1f6098af5c"},"id":"WK008602"},
{"type":"Feature","geometry":{"type":"Polygon","coordinates":[[[6.089,53.071],[6.051,53.073],[6.032,53.044],[6.067,53.039],[6.074,53.017],[6.097,52.992],[6.131,53.011],[6.171,53.02],[6.134,53.06],[6.135,53.063],[6.122,53.082],[6.11,53.082],[6.089,53.071]]]},"properties":{"id":285294,"statcode":"WK008603","statnaam":"Wijk 03 Beetsterzwaag","jrstatcode":"1998WK008603","rubriek":"wijk","FID":"wijk_gegeneraliseerd_1998.df4e7853-a9fa-44cf-9aff-712dd10919b6"},"id":"WK008603"},
{"type":"Feature","geometry":{"type":"Polygon","coordinates":[[[6.293,53.099],[6.262,53.114],[6.213,53.115],[6.185,53.129],[6.132,53.104],[6.11,53.082],[6.122,53.082],[6.135,53.063],[6.182,53.067],[6.23,53.084],[6.24,53.091],[6.293,53.099]]]},"properties":{"id":285295,"statcode":"WK008604","statnaam":"Wijk 04 Ureterp","jrstatcode":"1998WK008604","rubriek":"wijk","FID":"wijk_gegeneraliseerd_1998.50b65dcd-bfa1-49b1-891a-30bcf3dce018"},"id":"WK008604"},
{"type":"Feature","geometry":{"type":"Polygon","coordinates":[[[6.293,53.099],[6.24,53.091],[6.23,53.084],[6.182,53.067],[6.135,53.063],[6.134,53.06],[6.171,53.02],[6.205,53.038],[6.213,53.036],[6.252,53.048],[6.281,53.058],[6.281,53.064],[6.332,53.075],[6.305,53.081],[6.315,53.094],[6.296,53.098],[6.293,53.099]]]},"properties":{"id":285296,"statcode":"WK008605","statnaam":"Wijk 05 Bakkeveen","jrstatcode":"1998WK008605","rubriek":"wijk","FID":"wijk_gegeneraliseerd_1998.8cedb318-117f-4139-959e-4b2a1b668d59"},"id":"WK008605"},
{"type":"Feature","geometry":{"type":"Polygon","coordinates":[[[6.119,53.453],[6.155,53.459],[6.161,53.472],[6.194,53.472],[6.253,53.477],[6.277,53.489],[6.332,53.5],[6.313,53.509],[6.267,53.504],[6.156,53.503],[6.13,53.481],[6.119,53.453]]]},"properties":{"id":285297,"statcode":"WK008800","statnaam":"Wijk 00","jrstatcode":"1998WK008800","rubriek":"wijk","FID":"wijk_gegeneraliseerd_1998.2f91d4d2-12c9-4f8e-a61b-477e97cc430d"},"id":"WK008800"},
{"type":"Feature","geometry":{"type":"Polygon","coordinates":[[[6.132,53.104],[6.111,53.133],[6.091,53.131],[6.078,53.118],[6.041,53.108],[6.057,53.089],[6.087,53.083],[6.089,53.071],[6.11,53.082],[6.132,53.104]]]},"properties":{"id":285298,"statcode":"WK009000","statnaam":"Wijk 00 Drachten","jrstatcode":"1998WK009000","rubriek":"wijk","FID":"wijk_gegeneraliseerd_1998.933b6c94-4fc1-48da-95c0-8f13898e6cea"},"id":"WK009000"},
{"type":"Feature","geometry":{"type":"Polygon","coordinates":[[[5.928,53.079],[5.982,53.077],[6.003,53.081],[6.024,53.073],[6.051,53.073],[6.089,53.071],[6.087,53.083],[6.057,53.089],[6.041,53.108],[6.078,53.118],[6.091,53.131],[6.111,53.133],[6.132,53.104],[6.185,53.129],[6.176,53.135],[6.177,53.159],[6.122,53.145],[6.105,53.152],[6.094,53.156],[6.049,53.156],[6.013,53.154],[6.001,53.149],[5.944,53.122],[5.934,53.109],[5.882,53.107],[5.886,53.094],[5.871,53.077],[5.928,53.079]]]},"properties":{"id":285299,"statcode":"WK009001","statnaam":"Wijk 01 Overig Smallingerland","jrstatcode":"1998WK009001","rubriek":"wijk","FID":"wijk_gegeneraliseerd_1998.68371880-ed6f-40e4-b0f5-1f31397c1289"},"id":"WK009001"},
{"type":"Feature","geometry":{"type":"Polygon","coordinates":[[[5.644,53.061],[5.615,53.039],[5.622,53.028],[5.628,53.025],[5.653,53.008],[5.678,53.009],[5.697,53.017],[5.733,53.015],[5.736,53.03],[5.751,53.047],[5.733,53.055],[5.711,53.04],[5.683,53.055],[5.657,53.055],[5.644,53.061]]]},"properties":{"id":285300,"statcode":"WK009100","statnaam":"Wijk 00 Sneek","jrstatcode":"1998WK009100","rubriek":"wijk","FID":"wijk_gegeneraliseerd_1998.4d8c8358-6b53-451d-8110-33232575dc7e"},"id":"WK009100"},
{"type":"Feature","geometry":{"type":"Polygon","coordinates":[[[5.251,53.405],[5.191,53.393],[5.16,53.368],[5.156,53.354],[5.177,53.344],[5.191,53.347],[5.226,53.366],[5.257,53.373],[5.251,53.378],[5.251,53.405]]]},"properties":{"id":285301,"statcode":"WK009300","statnaam":"Wijk 00 West-Terschelling","jrstatcode":"1998WK009300","rubriek":"wijk","FID":"wijk_gegeneraliseerd_1998.9e436781-8320-4c64-a380-181cc54d194b"},"id":"WK009300"},
{"type":"Feature","geometry":{"type":"Polygon","coordinates":[[[5.298,53.41],[5.251,53.405],[5.251,53.378],[5.257,53.373],[5.294,53.371],[5.3,53.376],[5.298,53.41]]]},"properties":{"id":285302,"statcode":"WK009301","statnaam":"Wijk 01 Midsland","jrstatcode":"1998WK009301","rubriek":"wijk","FID":"wijk_gegeneraliseerd_1998.e7cec17a-ba6b-4012-94d9-e7c34059ecd3"},"id":"WK009301"},
{"type":"Feature","geometry":{"type":"Polygon","coordinates":[[[5.329,53.38],[5.321,53.395],[5.315,53.412],[5.298,53.41],[5.3,53.376],[5.329,53.38]]]},"properties":{"id":285303,"statcode":"WK009302","statnaam":"Wijk 02 Formerum","jrstatcode":"1998WK009302","rubriek":"wijk","FID":"wijk_gegeneraliseerd_1998.9fdf1e13-a7bd-4717-a495-02c5a18578a7"},"id":"WK009302"},
{"type":"Feature","geometry":{"type":"Polygon","coordinates":[[[5.35,53.385],[5.321,53.395],[5.329,53.38],[5.35,53.385]]]},"properties":{"id":285304,"statcode":"WK009303","statnaam":"Wijk 03 Lies","jrstatcode":"1998WK009303","rubriek":"wijk","FID":"wijk_gegeneraliseerd_1998.75e759fd-c2a1-4710-b039-295ca61ffe25"},"id":"WK009303"},
{"type":"Feature","geometry":{"type":"Polygon","coordinates":[[[5.365,53.42],[5.315,53.412],[5.321,53.395],[5.35,53.385],[5.372,53.396],[5.365,53.42]]]},"properties":{"id":285305,"statcode":"WK009304","statnaam":"Wijk 04 Hoorn","jrstatcode":"1998WK009304","rubriek":"wijk","FID":"wijk_gegeneraliseerd_1998.899c6bc2-8b3e-4a65-864f-70fdee4a228e"},"id":"WK009304"},
{"type":"Feature","geometry":{"type":"Polygon","coordinates":[[[5.365,53.42],[5.372,53.396],[5.414,53.405],[5.457,53.404],[5.466,53.414],[5.509,53.428],[5.543,53.434],[5.547,53.451],[5.511,53.451],[5.444,53.435],[5.365,53.42]]]},"properties":{"id":285306,"statcode":"WK009305","statnaam":"Wijk 05 Oosterend","jrstatcode":"1998WK009305","rubriek":"wijk","FID":"wijk_gegeneraliseerd_1998.647b255e-e67e-47bc-b7f4-055b8d56130b"},"id":"WK009305"},
{"type":"Feature","geometry":{"type":"MultiPolygon","coordinates":[[[[5.062,53.293],[5.096,53.296],[5.099,53.304],[5.064,53.308],[5.036,53.302],[4.977,53.279],[4.921,53.249],[4.857,53.223],[4.869,53.212],[4.891,53.217],[4.926,53.218],[4.951,53.235],[4.983,53.248],[4.97,53.265],[5.032,53.281],[5.062,53.293]]],[[[5.118,53.282],[5.152,53.295],[5.135,53.303],[5.118,53.282]]]]},"properties":{"id":285307,"statcode":"WK009600","statnaam":"Wijk 00","jrstatcode":"1998WK009600","rubriek":"wijk","FID":"wijk_gegeneraliseerd_1998.1d08ca04-66a2-4212-98b8-345061c3d3c6"},"id":"WK009600"},
{"type":"Feature","geometry":{"type":"Polygon","coordinates":[[[6.016,52.892],[5.971,52.882],[5.998,52.851],[6.02,52.855],[6.044,52.867],[6.016,52.892]]]},"properties":{"id":285308,"statcode":"WK009800","statnaam":"Wijk 00 Wolvega","jrstatcode":"1998WK009800","rubriek":"wijk","FID":"wijk_gegeneraliseerd_1998.6cb132cb-fde9-441b-829b-3b1af44a65e1"},"id":"WK009800"},
{"type":"Feature","geometry":{"type":"Polygon","coordinates":[[[5.89,52.895],[5.963,52.879],[5.95,52.873],[5.978,52.847],[5.998,52.851],[5.971,52.882],[6.016,52.892],[6.042,52.896],[6.063,52.908],[6.051,52.921],[6.038,52.918],[6.007,52.932],[5.988,52.929],[5.963,52.928],[5.948,52.92],[5.938,52.912],[5.91,52.897],[5.89,52.895]]]},"properties":{"id":285309,"statcode":"WK009801","statnaam":"Wijk 01 Sonnega","jrstatcode":"1998WK009801","rubriek":"wijk","FID":"wijk_gegeneraliseerd_1998.52ed6b80-4134-46c6-a53c-e7dbc99faeea"},"id":"WK009801"},
{"type":"Feature","geometry":{"type":"Polygon","coordinates":[[[5.978,52.847],[5.95,52.873],[5.963,52.879],[5.89,52.895],[5.883,52.889],[5.857,52.868],[5.912,52.855],[5.942,52.836],[5.973,52.843],[5.978,52.847]]]},"properties":{"id":285310,"statcode":"WK009802","statnaam":"Wijk 02 Helomavaart","jrstatcode":"1998WK009802","rubriek":"wijk","FID":"wijk_gegeneraliseerd_1998.341a8328-9a4c-47fc-b9ed-33b1e19e9641"},"id":"WK009802"},
{"type":"Feature","geometry":{"type":"Polygon","coordinates":[[[5.82,52.817],[5.846,52.822],[5.851,52.837],[5.889,52.835],[5.912,52.816],[5.924,52.824],[5.942,52.836],[5.912,52.855],[5.857,52.868],[5.82,52.817]]]},"properties":{"id":285311,"statcode":"WK009803","statnaam":"Wijk 03 Munnekeburen","jrstatcode":"1998WK009803","rubriek":"wijk","FID":"wijk_gegeneraliseerd_1998.406ee3b0-3d48-4bbc-ae08-3f9de5f4002d"},"id":"WK009803"},
{"type":"Feature","geometry":{"type":"Polygon","coordinates":[[[5.912,52.816],[5.889,52.835],[5.851,52.837],[5.846,52.822],[5.82,52.817],[5.839,52.806],[5.88,52.801],[5.912,52.816]]]},"properties":{"id":285312,"statcode":"WK009804","statnaam":"Wijk 04 Scherpenzeel","jrstatcode":"1998WK009804","rubriek":"wijk","FID":"wijk_gegeneraliseerd_1998.e0158e72-2c68-4646-b030-17f7d460319d"},"id":"WK009804"},
{"type":"Feature","geometry":{"type":"Polygon","coordinates":[[[6.111,52.913],[6.086,52.937],[6.062,52.925],[6.051,52.921],[6.063,52.908],[6.042,52.896],[6.016,52.892],[6.044,52.867],[6.047,52.868],[6.066,52.877],[6.068,52.889],[6.085,52.904],[6.104,52.91],[6.111,52.913]]]},"properties":{"id":285313,"statcode":"WK009805","statnaam":"Wijk 05 Oldeholtpade","jrstatcode":"1998WK009805","rubriek":"wijk","FID":"wijk_gegeneraliseerd_1998.d7da9023-99ba-4020-abb4-692dfae4d2c8"},"id":"WK009805"},
{"type":"Feature","geometry":{"type":"Polygon","coordinates":[[[6.044,52.867],[6.02,52.855],[5.998,52.851],[5.978,52.847],[5.973,52.843],[5.987,52.822],[5.998,52.817],[6.024,52.823],[6.031,52.815],[6.038,52.818],[6.059,52.827],[6.061,52.839],[6.047,52.868],[6.044,52.867]]]},"properties":{"id":285314,"statcode":"WK009806","statnaam":"Wijk 06 Blesdijke","jrstatcode":"1998WK009806","rubriek":"wijk","FID":"wijk_gegeneraliseerd_1998.ba96d10f-9285-4a27-b2a0-5555dd40fc6a"},"id":"WK009806"},
{"type":"Feature","geometry":{"type":"Polygon","coordinates":[[[6.047,52.868],[6.061,52.839],[6.093,52.844],[6.12,52.854],[6.141,52.864],[6.104,52.91],[6.085,52.904],[6.068,52.889],[6.066,52.877],[6.047,52.868]]]},"properties":{"id":285315,"statcode":"WK009807","statnaam":"Wijk 07 Steggerda","jrstatcode":"1998WK009807","rubriek":"wijk","FID":"wijk_gegeneraliseerd_1998.7d4b9fad-1e7a-436e-aa86-40b48807c059"},"id":"WK009807"},
{"type":"Feature","geometry":{"type":"Polygon","coordinates":[[[6.201,52.943],[6.144,52.928],[6.111,52.913],[6.104,52.91],[6.141,52.864],[6.16,52.873],[6.201,52.888],[6.229,52.91],[6.242,52.918],[6.247,52.923],[6.214,52.926],[6.201,52.943]]]},"properties":{"id":285316,"statcode":"WK009808","statnaam":"Wijk 08 Noordwolde","jrstatcode":"1998WK009808","rubriek":"wijk","FID":"wijk_gegeneraliseerd_1998.6aaa5ee3-a33d-4c35-b34f-2351c412ad11"},"id":"WK009808"},
{"type":"Feature","geometry":{"type":"Polygon","coordinates":[[[5.407,53.011],[5.399,52.991],[5.412,52.963],[5.401,52.939],[5.407,52.913],[5.464,52.946],[5.454,52.969],[5.466,52.979],[5.492,52.971],[5.513,52.995],[5.507,53],[5.506,53],[5.478,52.99],[5.449,52.993],[5.429,52.988],[5.407,53.011]]]},"properties":{"id":285317,"statcode":"WK010400","statnaam":"Wijk 00","jrstatcode":"1998WK010400","rubriek":"wijk","FID":"wijk_gegeneraliseerd_1998.ae91cc62-5b3f-4de3-9e69-3ae7baeeaa79"},"id":"WK010400"},
{"type":"Feature","geometry":{"type":"Polygon","coordinates":[[[5.492,52.971],[5.466,52.979],[5.454,52.969],[5.464,52.946],[5.407,52.913],[5.401,52.906],[5.369,52.898],[5.378,52.885],[5.4,52.884],[5.436,52.888],[5.477,52.903],[5.511,52.926],[5.564,52.947],[5.553,52.953],[5.492,52.971]]]},"properties":{"id":285318,"statcode":"WK010401","statnaam":"Wijk 01","jrstatcode":"1998WK010401","rubriek":"wijk","FID":"wijk_gegeneraliseerd_1998.77bb1432-cd07-42f4-90b6-20eb2e4f5b90"},"id":"WK010401"},
{"type":"Feature","geometry":{"type":"Polygon","coordinates":[[[5.477,52.903],[5.436,52.888],[5.4,52.884],[5.378,52.885],[5.369,52.898],[5.354,52.886],[5.359,52.879],[5.398,52.857],[5.426,52.848],[5.441,52.851],[5.433,52.875],[5.477,52.869],[5.498,52.878],[5.477,52.903]]]},"properties":{"id":285319,"statcode":"WK010402","statnaam":"Wijk 02","jrstatcode":"1998WK010402","rubriek":"wijk","FID":"wijk_gegeneraliseerd_1998.e94bf69c-4d4a-4fcb-a1b9-d8fd9e39530a"},"id":"WK010402"},
{"type":"Feature","geometry":{"type":"Polygon","coordinates":[[[6.562,52.983],[6.572,52.995],[6.571,53],[6.552,52.994],[6.562,52.983]]]},"properties":{"id":285320,"statcode":"WK010600","statnaam":"Wijk 00 Assen binnenstad","jrstatcode":"1998WK010600","rubriek":"wijk","FID":"wijk_gegeneraliseerd_1998.c46779b9-8746-475c-ba37-09bcb59892dd"},"id":"WK010600"},
{"type":"Feature","geometry":{"type":"Polygon","coordinates":[[[6.571,53],[6.549,53.009],[6.532,52.998],[6.539,52.994],[6.552,52.994],[6.571,53]]]},"properties":{"id":285321,"statcode":"WK010601","statnaam":"Wijk 01 Assen West","jrstatcode":"1998WK010601","rubriek":"wijk","FID":"wijk_gegeneraliseerd_1998.aaba2198-ad5c-4120-a41d-bd7143534079"},"id":"WK010601"},
{"type":"Feature","geometry":{"type":"Polygon","coordinates":[[[6.532,52.998],[6.549,53.009],[6.571,53],[6.572,52.995],[6.601,53.009],[6.601,53.03],[6.581,53.023],[6.556,53.023],[6.531,52.999],[6.532,52.998]]]},"properties":{"id":285322,"statcode":"WK010602","statnaam":"Wijk 02 Assen Noord","jrstatcode":"1998WK010602","rubriek":"wijk","FID":"wijk_gegeneraliseerd_1998.aa511f60-9e86-409b-81fb-5ef3257421f0"},"id":"WK010602"},
{"type":"Feature","geometry":{"type":"Polygon","coordinates":[[[6.563,52.969],[6.579,52.974],[6.597,52.99],[6.587,52.997],[6.606,53.008],[6.601,53.009],[6.572,52.995],[6.562,52.983],[6.563,52.969]]]},"properties":{"id":285323,"statcode":"WK010603","statnaam":"Wijk 03 Assen Oost","jrstatcode":"1998WK010603","rubriek":"wijk","FID":"wijk_gegeneraliseerd_1998.55539f3d-eea2-4148-a718-b34901c7d18a"},"id":"WK010603"},
{"type":"Feature","geometry":{"type":"Polygon","coordinates":[[[6.526,52.993],[6.537,52.975],[6.563,52.969],[6.562,52.983],[6.552,52.994],[6.539,52.994],[6.526,52.993]]]},"properties":{"id":285324,"statcode":"WK010604","statnaam":"Wijk 04 Assen Zuid","jrstatcode":"1998WK010604","rubriek":"wijk","FID":"wijk_gegeneraliseerd_1998.607d6421-5739-4849-8ba0-2fad29321b7a"},"id":"WK010604"},
{"type":"Feature","geometry":{"type":"Polygon","coordinates":[[[6.601,53.03],[6.601,53.009],[6.606,53.008],[6.611,53.005],[6.63,53.016],[6.631,53.026],[6.603,53.033],[6.601,53.03]]]},"properties":{"id":285325,"statcode":"WK010605","statnaam":"Wijk 05 Loon","jrstatcode":"1998WK010605","rubriek":"wijk","FID":"wijk_gegeneraliseerd_1998.b7fca731-5792-4a85-86e2-9264be6ba223"},"id":"WK010605"},
{"type":"Feature","geometry":{"type":"Polygon","coordinates":[[[6.611,53.005],[6.606,53.008],[6.587,52.997],[6.597,52.99],[6.579,52.974],[6.563,52.969],[6.537,52.975],[6.526,52.993],[6.507,52.991],[6.502,53.006],[6.52,53.008],[6.531,52.999],[6.556,53.023],[6.581,53.023],[6.601,53.03],[6.603,53.033],[6.608,53.048],[6.601,53.062],[6.57,53.06],[6.555,53.059],[6.547,53.035],[6.524,53.046],[6.505,53.046],[6.5,53.039],[6.496,53.031],[6.506,53.01],[6.488,53.005],[6.497,52.983],[6.489,52.954],[6.509,52.947],[6.536,52.933],[6.543,52.955],[6.561,52.947],[6.584,52.968],[6.604,52.983],[6.611,53.005]]]},"properties":{"id":285326,"statcode":"WK010606","statnaam":"Wijk 06 Verspreid gebied Assen","jrstatcode":"1998WK010606","rubriek":"wijk","FID":"wijk_gegeneraliseerd_1998.907ff0be-09af-4601-8f07-54ee6df8a2d3"},"id":"WK010606"},
{"type":"Feature","geometry":{"type":"Polygon","coordinates":[[[6.531,52.999],[6.52,53.008],[6.502,53.006],[6.507,52.991],[6.526,52.993],[6.539,52.994],[6.532,52.998],[6.531,52.999]]]},"properties":{"id":285327,"statcode":"WK010607","statnaam":"Wijk 07 Kloosterveen","jrstatcode":"1998WK010607","rubriek":"wijk","FID":"wijk_gegeneraliseerd_1998.0a9a9d5c-6193-4abc-babe-7932236a2aa8"},"id":"WK010607"},
{"type":"Feature","geometry":{"type":"Polygon","coordinates":[[[6.784,52.664],[6.761,52.666],[6.748,52.678],[6.73,52.677],[6.712,52.654],[6.701,52.65],[6.703,52.635],[6.71,52.628],[6.742,52.645],[6.787,52.652],[6.784,52.664]]]},"properties":{"id":285328,"statcode":"WK010910","statnaam":"Wijk 10 Coevorden","jrstatcode":"1998WK010910","rubriek":"wijk","FID":"wijk_gegeneraliseerd_1998.71f7400d-df1f-4868-9a72-e745f93da0e1"},"id":"WK010910"},
{"type":"Feature","geometry":{"type":"Polygon","coordinates":[[[6.676,52.678],[6.656,52.662],[6.686,52.653],[6.701,52.65],[6.712,52.654],[6.73,52.677],[6.676,52.678]]]},"properties":{"id":285329,"statcode":"WK010911","statnaam":"Wijk 11 Steenwijksmoer","jrstatcode":"1998WK010911","rubriek":"wijk","FID":"wijk_gegeneraliseerd_1998.f71b5700-f4b4-4600-9d62-177be9e5b25b"},"id":"WK010911"},
{"type":"Feature","geometry":{"type":"Polygon","coordinates":[[[6.632,52.679],[6.629,52.67],[6.656,52.662],[6.676,52.678],[6.632,52.679]]]},"properties":{"id":285330,"statcode":"WK010912","statnaam":"Wijk 12 Nieuwe Krim","jrstatcode":"1998WK010912","rubriek":"wijk","FID":"wijk_gegeneraliseerd_1998.7428f2f1-83d5-450d-94c5-794e40368a30"},"id":"WK010912"},
{"type":"Feature","geometry":{"type":"Polygon","coordinates":[[[6.784,52.664],[6.787,52.652],[6.822,52.648],[6.819,52.664],[6.784,52.664]]]},"properties":{"id":285331,"statcode":"WK010913","statnaam":"Wijk 13 Weijerswold","jrstatcode":"1998WK010913","rubriek":"wijk","FID":"wijk_gegeneraliseerd_1998.fea52bd6-ea40-498e-a888-bd249cb43ed0"},"id":"WK010913"},
{"type":"Feature","geometry":{"type":"Polygon","coordinates":[[[6.855,52.676],[6.819,52.669],[6.819,52.664],[6.822,52.648],[6.838,52.652],[6.862,52.65],[6.855,52.676]]]},"properties":{"id":285332,"statcode":"WK010914","statnaam":"Wijk 14 Vlieghuis/Padhuis","jrstatcode":"1998WK010914","rubriek":"wijk","FID":"wijk_gegeneraliseerd_1998.5b9c21db-4a75-4347-841a-1aed16381c41"},"id":"WK010914"},
{"type":"Feature","geometry":{"type":"Polygon","coordinates":[[[6.779,52.739],[6.756,52.743],[6.719,52.735],[6.714,52.709],[6.63,52.691],[6.632,52.679],[6.676,52.678],[6.73,52.677],[6.748,52.678],[6.761,52.666],[6.784,52.664],[6.819,52.664],[6.819,52.669],[6.855,52.676],[6.85,52.697],[6.841,52.7],[6.791,52.704],[6.779,52.739]]]},"properties":{"id":285333,"statcode":"WK010920","statnaam":"Wijk 20 Dalen","jrstatcode":"1998WK010920","rubriek":"wijk","FID":"wijk_gegeneraliseerd_1998.575dac1f-3f5e-42a7-b312-01272347a981"},"id":"WK010920"},
{"type":"Feature","geometry":{"type":"Polygon","coordinates":[[[6.63,52.691],[6.714,52.709],[6.719,52.735],[6.756,52.743],[6.779,52.739],[6.764,52.753],[6.751,52.764],[6.714,52.774],[6.692,52.763],[6.616,52.763],[6.608,52.755],[6.587,52.736],[6.596,52.713],[6.63,52.713],[6.63,52.691]]]},"properties":{"id":285334,"statcode":"WK010930","statnaam":"Wijk 30 Oosterhesselen","jrstatcode":"1998WK010930","rubriek":"wijk","FID":"wijk_gegeneraliseerd_1998.f7b9ca8a-9446-4098-adb9-529a7baaaf61"},"id":"WK010930"},
{"type":"Feature","geometry":{"type":"Polygon","coordinates":[[[6.85,52.805],[6.817,52.826],[6.766,52.85],[6.752,52.864],[6.736,52.879],[6.715,52.868],[6.728,52.854],[6.75,52.842],[6.771,52.814],[6.762,52.774],[6.764,52.753],[6.779,52.739],[6.791,52.704],[6.841,52.7],[6.826,52.731],[6.833,52.744],[6.84,52.761],[6.832,52.78],[6.85,52.805]]]},"properties":{"id":285335,"statcode":"WK010940","statnaam":"Wijk 40 Sleen","jrstatcode":"1998WK010940","rubriek":"wijk","FID":"wijk_gegeneraliseerd_1998.180e07ea-8da4-4d34-b3d3-5606606b1869"},"id":"WK010940"},
{"type":"Feature","geometry":{"type":"Polygon","coordinates":[[[6.728,52.854],[6.704,52.847],[6.707,52.836],[6.694,52.828],[6.694,52.814],[6.675,52.797],[6.661,52.801],[6.643,52.786],[6.639,52.783],[6.616,52.763],[6.692,52.763],[6.714,52.774],[6.751,52.764],[6.764,52.753],[6.762,52.774],[6.771,52.814],[6.75,52.842],[6.728,52.854]]]},"properties":{"id":285336,"statcode":"WK010950","statnaam":"Wijk 50 Zweeloo","jrstatcode":"1998WK010950","rubriek":"wijk","FID":"wijk_gegeneraliseerd_1998.5c244667-b5e9-4d0b-ac2e-b43308fd4b20"},"id":"WK010950"},
{"type":"Feature","geometry":{"type":"MultiPolygon","coordinates":[[[[6.883,52.737],[6.851,52.751],[6.874,52.758],[6.889,52.777],[6.882,52.803],[6.913,52.804],[6.91,52.787],[6.94,52.799],[6.949,52.786],[6.932,52.77],[6.948,52.754],[6.979,52.764],[6.969,52.78],[6.967,52.794],[6.953,52.813],[6.911,52.835],[6.87,52.82],[6.85,52.805],[6.832,52.78],[6.84,52.761],[6.833,52.744],[6.844,52.733],[6.883,52.737]]],[[[6.925,52.753],[6.909,52.762],[6.893,52.758],[6.907,52.745],[6.909,52.743],[6.927,52.748],[6.925,52.753]]]]},"properties":{"id":285337,"statcode":"WK011400","statnaam":"Wijk 00 Emmen","jrstatcode":"1998WK011400","rubriek":"wijk","FID":"wijk_gegeneraliseerd_1998.77c99690-51cd-4f8f-ae80-54f94e44e966"},"id":"WK011400"},
{"type":"Feature","geometry":{"type":"Polygon","coordinates":[[[6.987,52.816],[6.975,52.836],[7.048,52.864],[7.04,52.873],[7.015,52.873],[6.967,52.864],[6.95,52.849],[6.914,52.836],[6.911,52.835],[6.953,52.813],[6.987,52.816]]]},"properties":{"id":285338,"statcode":"WK011401","statnaam":"Wijk 01 Nieuw-Weerdinge","jrstatcode":"1998WK011401","rubriek":"wijk","FID":"wijk_gegeneraliseerd_1998.1836013e-3f6a-441e-90a3-08386091874a"},"id":"WK011401"},
{"type":"Feature","geometry":{"type":"Polygon","coordinates":[[[7.048,52.864],[6.975,52.836],[6.987,52.816],[7.041,52.822],[7.072,52.839],[7.076,52.85],[7.048,52.864]]]},"properties":{"id":285339,"statcode":"WK011402","statnaam":"Wijk 02 Roswinkel","jrstatcode":"1998WK011402","rubriek":"wijk","FID":"wijk_gegeneraliseerd_1998.1df04246-c212-44d7-8fc7-97bd38139fa9"},"id":"WK011402"},
{"type":"Feature","geometry":{"type":"Polygon","coordinates":[[[6.969,52.78],[7.013,52.778],[7.069,52.78],[7.072,52.81],[7.093,52.838],[7.072,52.839],[7.041,52.822],[6.987,52.816],[6.953,52.813],[6.967,52.794],[6.969,52.78]]]},"properties":{"id":285340,"statcode":"WK011403","statnaam":"Wijk 03 Emmer-Compascuum","jrstatcode":"1998WK011403","rubriek":"wijk","FID":"wijk_gegeneraliseerd_1998.ea1b6914-3b8c-42a6-9a46-f345d59908db"},"id":"WK011403"},
{"type":"Feature","geometry":{"type":"Polygon","coordinates":[[[7.022,52.733],[7.064,52.723],[7.069,52.78],[7.013,52.778],[6.969,52.78],[6.979,52.764],[6.988,52.742],[7,52.754],[7.021,52.753],[7.022,52.733]]]},"properties":{"id":285341,"statcode":"WK011404","statnaam":"Wijk 04 Barger-Compascuum","jrstatcode":"1998WK011404","rubriek":"wijk","FID":"wijk_gegeneraliseerd_1998.512a671e-7fec-4d8d-a070-396488353e67"},"id":"WK011404"},
{"type":"Feature","geometry":{"type":"Polygon","coordinates":[[[6.957,52.718],[6.99,52.735],[6.988,52.742],[6.979,52.764],[6.948,52.754],[6.925,52.753],[6.927,52.748],[6.957,52.718]]]},"properties":{"id":285342,"statcode":"WK011405","statnaam":"Wijk 05 Nieuw-Dordrecht","jrstatcode":"1998WK011405","rubriek":"wijk","FID":"wijk_gegeneraliseerd_1998.2a2e9ae8-2f2c-4496-9621-6f3185abe3c3"},"id":"WK011405"},
{"type":"Feature","geometry":{"type":"Polygon","coordinates":[[[6.883,52.737],[6.844,52.733],[6.858,52.696],[6.886,52.683],[6.889,52.694],[6.882,52.713],[6.9,52.711],[6.903,52.725],[6.886,52.737],[6.883,52.737]]]},"properties":{"id":285343,"statcode":"WK011406","statnaam":"Wijk 06 Nieuw-Amsterdam","jrstatcode":"1998WK011406","rubriek":"wijk","FID":"wijk_gegeneraliseerd_1998.fb29f535-665a-4dc2-afc4-776bf978e076"},"id":"WK011406"},
{"type":"Feature","geometry":{"type":"Polygon","coordinates":[[[6.927,52.748],[6.909,52.743],[6.919,52.729],[6.903,52.725],[6.9,52.711],[6.882,52.713],[6.889,52.694],[6.95,52.676],[6.96,52.681],[6.948,52.692],[6.957,52.718],[6.927,52.748]]]},"properties":{"id":285344,"statcode":"WK011407","statnaam":"Wijk 07 Erica","jrstatcode":"1998WK011407","rubriek":"wijk","FID":"wijk_gegeneraliseerd_1998.03f9f767-8206-4dc7-b8f0-490c3912ce81"},"id":"WK011407"},
{"type":"Feature","geometry":{"type":"Polygon","coordinates":[[[7.023,52.678],[7.022,52.733],[7.021,52.753],[7,52.754],[6.988,52.742],[6.99,52.735],[6.957,52.718],[6.948,52.692],[6.96,52.681],[7.023,52.678]]]},"properties":{"id":285345,"statcode":"WK011408","statnaam":"Wijk 08 Klazienaveen","jrstatcode":"1998WK011408","rubriek":"wijk","FID":"wijk_gegeneraliseerd_1998.d64a8928-28fc-421f-ac43-d9b1a515328d"},"id":"WK011408"},
{"type":"Feature","geometry":{"type":"Polygon","coordinates":[[[7.064,52.723],[7.022,52.733],[7.023,52.678],[7.059,52.677],[7.064,52.723]]]},"properties":{"id":285346,"statcode":"WK011409","statnaam":"Wijk 09 Zwartemeer","jrstatcode":"1998WK011409","rubriek":"wijk","FID":"wijk_gegeneraliseerd_1998.f3417895-01e9-423b-830d-3983fd28f7c3"},"id":"WK011409"},
{"type":"Feature","geometry":{"type":"Polygon","coordinates":[[[6.889,52.694],[6.886,52.683],[6.858,52.696],[6.85,52.697],[6.855,52.676],[6.862,52.65],[6.897,52.651],[6.916,52.642],[6.939,52.652],[6.948,52.662],[6.95,52.676],[6.889,52.694]]]},"properties":{"id":285347,"statcode":"WK011410","statnaam":"Wijk 10 Schoonebeek","jrstatcode":"1998WK011410","rubriek":"wijk","FID":"wijk_gegeneraliseerd_1998.d0791c86-af62-4f85-96a2-1027b43b979e"},"id":"WK011410"},
{"type":"Feature","geometry":{"type":"Polygon","coordinates":[[[6.948,52.754],[6.932,52.77],[6.949,52.786],[6.94,52.799],[6.91,52.787],[6.913,52.804],[6.882,52.803],[6.889,52.777],[6.874,52.758],[6.851,52.751],[6.883,52.737],[6.886,52.737],[6.907,52.745],[6.893,52.758],[6.909,52.762],[6.925,52.753],[6.948,52.754]]]},"properties":{"id":285348,"statcode":"WK011411","statnaam":"Wijk 11 Emmen","jrstatcode":"1998WK011411","rubriek":"wijk","FID":"wijk_gegeneraliseerd_1998.d84960b3-0f48-4675-ac1b-19fc12f8da36"},"id":"WK011411"},
{"type":"Feature","geometry":{"type":"Polygon","coordinates":[[[6.909,52.743],[6.907,52.745],[6.886,52.737],[6.903,52.725],[6.919,52.729],[6.909,52.743]]]},"properties":{"id":285349,"statcode":"WK011412","statnaam":"Wijk 12 Emmen","jrstatcode":"1998WK011412","rubriek":"wijk","FID":"wijk_gegeneraliseerd_1998.293faa03-7cbc-461d-ae69-1c65e63990b6"},"id":"WK011412"},
{"type":"Feature","geometry":{"type":"Polygon","coordinates":[[[6.858,52.696],[6.844,52.733],[6.833,52.744],[6.826,52.731],[6.841,52.7],[6.85,52.697],[6.858,52.696]]]},"properties":{"id":285350,"statcode":"WK011413","statnaam":"Wijk 13 Veenoord","jrstatcode":"1998WK011413","rubriek":"wijk","FID":"wijk_gegeneraliseerd_1998.d3469d92-dbb8-4634-a544-9823fa7f9695"},"id":"WK011413"},
{"type":"Feature","geometry":{"type":"Polygon","coordinates":[[[6.916,52.642],[6.938,52.638],[6.976,52.646],[7.013,52.637],[7.042,52.633],[7.056,52.644],[7.056,52.656],[7.024,52.655],[6.948,52.662],[6.939,52.652],[6.916,52.642]]]},"properties":{"id":285351,"statcode":"WK011421","statnaam":"Wijk 21 Nieuw-Schoonebeek","jrstatcode":"1998WK011421","rubriek":"wijk","FID":"wijk_gegeneraliseerd_1998.52a8f9d9-6d94-4ae2-bb62-13e8b4390711"},"id":"WK011421"},
{"type":"Feature","geometry":{"type":"Polygon","coordinates":[[[6.95,52.676],[6.948,52.662],[7.024,52.655],[7.056,52.656],[7.059,52.677],[7.023,52.678],[6.96,52.681],[6.95,52.676]]]},"properties":{"id":285352,"statcode":"WK011432","statnaam":"Wijk 32 Weiteveen","jrstatcode":"1998WK011432","rubriek":"wijk","FID":"wijk_gegeneraliseerd_1998.8bdab9de-6ca7-4f88-864e-7b4982651ee5"},"id":"WK011432"},
{"type":"Feature","geometry":{"type":"Polygon","coordinates":[[[6.491,52.771],[6.48,52.74],[6.503,52.736],[6.52,52.741],[6.527,52.727],[6.47,52.732],[6.453,52.755],[6.422,52.745],[6.415,52.741],[6.414,52.719],[6.427,52.722],[6.436,52.706],[6.451,52.707],[6.461,52.712],[6.496,52.711],[6.486,52.694],[6.502,52.673],[6.531,52.672],[6.53,52.665],[6.548,52.664],[6.581,52.669],[6.615,52.674],[6.629,52.67],[6.632,52.679],[6.63,52.691],[6.63,52.713],[6.596,52.713],[6.587,52.736],[6.558,52.745],[6.562,52.757],[6.566,52.766],[6.513,52.762],[6.503,52.769],[6.491,52.771]]]},"properties":{"id":285353,"statcode":"WK011805","statnaam":" ","jrstatcode":"1998WK011805","rubriek":"wijk","FID":"wijk_gegeneraliseerd_1998.ac9c6465-22f0-432b-93b6-89ee9af6b2b6"},"id":"WK011805"},
{"type":"Feature","geometry":{"type":"MultiPolygon","coordinates":[[[[6.422,52.745],[6.453,52.755],[6.47,52.732],[6.527,52.727],[6.52,52.741],[6.503,52.736],[6.48,52.74],[6.491,52.771],[6.496,52.786],[6.478,52.796],[6.455,52.801],[6.447,52.786],[6.447,52.777],[6.41,52.765],[6.422,52.745]]],[[[6.486,52.694],[6.496,52.711],[6.461,52.712],[6.451,52.707],[6.463,52.693],[6.486,52.694]]],[[[6.436,52.706],[6.427,52.722],[6.414,52.719],[6.405,52.705],[6.436,52.706]]],[[[6.548,52.664],[6.53,52.665],[6.529,52.655],[6.548,52.664]]]]},"properties":{"id":285354,"statcode":"WK011806","statnaam":" ","jrstatcode":"1998WK011806","rubriek":"wijk","FID":"wijk_gegeneraliseerd_1998.63361492-63a9-4e67-a879-4e52500250dd"},"id":"WK011806"},
{"type":"Feature","geometry":{"type":"Polygon","coordinates":[[[6.197,52.68],[6.224,52.683],[6.242,52.686],[6.237,52.699],[6.257,52.705],[6.217,52.703],[6.218,52.721],[6.231,52.742],[6.219,52.748],[6.202,52.729],[6.176,52.716],[6.174,52.703],[6.157,52.692],[6.159,52.692],[6.164,52.68],[6.183,52.675],[6.197,52.68]]]},"properties":{"id":285355,"statcode":"WK011900","statnaam":"Wijk 00 Meppel","jrstatcode":"1998WK011900","rubriek":"wijk","FID":"wijk_gegeneraliseerd_1998.da7f9d5b-619c-4eeb-bd18-fbe8b5a00707"},"id":"WK011900"},
{"type":"Feature","geometry":{"type":"Polygon","coordinates":[[[6.202,52.729],[6.173,52.773],[6.157,52.763],[6.126,52.757],[6.121,52.75],[6.157,52.692],[6.174,52.703],[6.176,52.716],[6.202,52.729]]]},"properties":{"id":285356,"statcode":"WK011901","statnaam":"Wijk 01 Nijeveen","jrstatcode":"1998WK011901","rubriek":"wijk","FID":"wijk_gegeneraliseerd_1998.2f8d6624-62d4-4adc-ab2b-d18bcf46cfc1"},"id":"WK011901"},
{"type":"Feature","geometry":{"type":"Polygon","coordinates":[[[6.284,52.684],[6.287,52.699],[6.278,52.706],[6.257,52.705],[6.237,52.699],[6.242,52.686],[6.224,52.683],[6.265,52.668],[6.27,52.682],[6.284,52.684]]]},"properties":{"id":285357,"statcode":"WK011902","statnaam":"Wijk 02 Rogat","jrstatcode":"1998WK011902","rubriek":"wijk","FID":"wijk_gegeneraliseerd_1998.927834b5-3cf0-45c0-bf40-c54c92fc9ca3"},"id":"WK011902"},
{"type":"Feature","geometry":{"type":"Polygon","coordinates":[[[6.704,53.106],[6.668,53.097],[6.679,53.077],[6.688,53.072],[6.699,53.084],[6.733,53.092],[6.719,53.106],[6.704,53.106]]]},"properties":{"id":285358,"statcode":"WK013600","statnaam":"Wijk 00 Zuidlaren","jrstatcode":"1998WK013600","rubriek":"wijk","FID":"wijk_gegeneraliseerd_1998.4308f661-4aa7-484f-b490-9069067bfd3d"},"id":"WK013600"},
{"type":"Feature","geometry":{"type":"Polygon","coordinates":[[[6.704,53.106],[6.719,53.106],[6.745,53.115],[6.738,53.119],[6.695,53.121],[6.704,53.106]]]},"properties":{"id":285359,"statcode":"WK013601","statnaam":"Wijk 01 De Groeve","jrstatcode":"1998WK013601","rubriek":"wijk","FID":"wijk_gegeneraliseerd_1998.e06fab17-6036-49eb-9852-f6c2e9b2942f"},"id":"WK013601"},
{"type":"Feature","geometry":{"type":"Polygon","coordinates":[[[6.745,53.115],[6.719,53.106],[6.733,53.092],[6.745,53.085],[6.765,53.091],[6.777,53.095],[6.745,53.115]]]},"properties":{"id":285360,"statcode":"WK013602","statnaam":"Wijk 02 Zuidlaarderveen","jrstatcode":"1998WK013602","rubriek":"wijk","FID":"wijk_gegeneraliseerd_1998.ae317eb4-8097-49ec-bd4b-b0d55acd6f70"},"id":"WK013602"},
{"type":"Feature","geometry":{"type":"Polygon","coordinates":[[[6.695,53.121],[6.635,53.106],[6.636,53.105],[6.642,53.096],[6.668,53.097],[6.704,53.106],[6.695,53.121]]]},"properties":{"id":285361,"statcode":"WK013603","statnaam":"Wijk 03 Midlaren","jrstatcode":"1998WK013603","rubriek":"wijk","FID":"wijk_gegeneraliseerd_1998.bf7d1ef2-2c3c-440a-a5f3-9a3fa532a482"},"id":"WK013603"},
{"type":"Feature","geometry":{"type":"Polygon","coordinates":[[[6.649,53.082],[6.679,53.077],[6.668,53.097],[6.642,53.096],[6.649,53.082]]]},"properties":{"id":285362,"statcode":"WK013604","statnaam":"Wijk 04 Westlaren","jrstatcode":"1998WK013604","rubriek":"wijk","FID":"wijk_gegeneraliseerd_1998.ad43f01b-beb2-4b31-99bf-07141fe10892"},"id":"WK013604"},
{"type":"Feature","geometry":{"type":"Polygon","coordinates":[[[6.699,53.065],[6.748,53.081],[6.745,53.085],[6.733,53.092],[6.699,53.084],[6.688,53.072],[6.699,53.065]]]},"properties":{"id":285363,"statcode":"WK013605","statnaam":"Wijk 05 Schuilingsoord","jrstatcode":"1998WK013605","rubriek":"wijk","FID":"wijk_gegeneraliseerd_1998.10e190c7-fa8b-4ff7-8f28-617ae914d326"},"id":"WK013605"},
{"type":"Feature","geometry":{"type":"Polygon","coordinates":[[[6.587,53.149],[6.581,53.163],[6.561,53.166],[6.538,53.158],[6.54,53.139],[6.57,53.141],[6.587,53.149]]]},"properties":{"id":285364,"statcode":"WK013606","statnaam":"Wijk 06 Paterswolde","jrstatcode":"1998WK013606","rubriek":"wijk","FID":"wijk_gegeneraliseerd_1998.39a7ade2-450d-44c2-8608-bf56dbde89b7"},"id":"WK013606"},
{"type":"Feature","geometry":{"type":"Polygon","coordinates":[[[6.564,53.116],[6.619,53.13],[6.603,53.142],[6.587,53.149],[6.57,53.141],[6.54,53.139],[6.539,53.133],[6.549,53.113],[6.564,53.116]]]},"properties":{"id":285365,"statcode":"WK013607","statnaam":"Wijk 07 Eelde","jrstatcode":"1998WK013607","rubriek":"wijk","FID":"wijk_gegeneraliseerd_1998.05dbde67-3c21-4698-b90c-a1260015c3f2"},"id":"WK013607"},
{"type":"Feature","geometry":{"type":"Polygon","coordinates":[[[6.548,53.181],[6.516,53.198],[6.515,53.198],[6.538,53.158],[6.561,53.166],[6.548,53.181]]]},"properties":{"id":285366,"statcode":"WK013608","statnaam":"Wijk 08 Eelderwolde","jrstatcode":"1998WK013608","rubriek":"wijk","FID":"wijk_gegeneraliseerd_1998.f7dabd02-98db-4270-8457-61c366dcad7d"},"id":"WK013608"},
{"type":"Feature","geometry":{"type":"Polygon","coordinates":[[[6.601,53.062],[6.594,53.07],[6.597,53.092],[6.57,53.097],[6.55,53.084],[6.547,53.069],[6.57,53.06],[6.601,53.062]]]},"properties":{"id":285367,"statcode":"WK013609","statnaam":"Wijk 09 Vries","jrstatcode":"1998WK013609","rubriek":"wijk","FID":"wijk_gegeneraliseerd_1998.edcdff4f-4a3b-4ced-9607-4beda1ae9e83"},"id":"WK013609"},
{"type":"Feature","geometry":{"type":"Polygon","coordinates":[[[6.564,53.116],[6.549,53.113],[6.553,53.104],[6.515,53.093],[6.504,53.083],[6.512,53.074],[6.55,53.084],[6.57,53.097],[6.564,53.116]]]},"properties":{"id":285368,"statcode":"WK013610","statnaam":"Wijk 10 Donderen","jrstatcode":"1998WK013610","rubriek":"wijk","FID":"wijk_gegeneraliseerd_1998.bd224ed8-f0b7-4d9b-8fce-29825df0306a"},"id":"WK013610"},
{"type":"Feature","geometry":{"type":"Polygon","coordinates":[[[6.539,53.133],[6.481,53.118],[6.491,53.097],[6.504,53.083],[6.515,53.093],[6.553,53.104],[6.549,53.113],[6.539,53.133]]]},"properties":{"id":285369,"statcode":"WK013611","statnaam":"Wijk 11 Bunne","jrstatcode":"1998WK013611","rubriek":"wijk","FID":"wijk_gegeneraliseerd_1998.ceea1a84-89e0-4543-a188-5297a2a5be9f"},"id":"WK013611"},
{"type":"Feature","geometry":{"type":"Polygon","coordinates":[[[6.619,53.13],[6.564,53.116],[6.57,53.097],[6.597,53.092],[6.636,53.105],[6.635,53.106],[6.627,53.123],[6.619,53.13]]]},"properties":{"id":285370,"statcode":"WK013612","statnaam":"Wijk 12 Yde","jrstatcode":"1998WK013612","rubriek":"wijk","FID":"wijk_gegeneraliseerd_1998.1be88a39-19bd-444a-9679-ede33b470f65"},"id":"WK013612"},
{"type":"Feature","geometry":{"type":"Polygon","coordinates":[[[6.608,53.048],[6.62,53.048],[6.628,53.069],[6.65,53.08],[6.649,53.082],[6.642,53.096],[6.636,53.105],[6.597,53.092],[6.594,53.07],[6.601,53.062],[6.608,53.048]]]},"properties":{"id":285371,"statcode":"WK013613","statnaam":"Wijk 13 Tynaarlo","jrstatcode":"1998WK013613","rubriek":"wijk","FID":"wijk_gegeneraliseerd_1998.564aed46-5abd-4079-904b-dd96c82d5640"},"id":"WK013613"},
{"type":"Feature","geometry":{"type":"Polygon","coordinates":[[[6.648,53.028],[6.642,53.046],[6.662,53.056],[6.672,53.065],[6.65,53.08],[6.628,53.069],[6.62,53.048],[6.608,53.048],[6.603,53.033],[6.631,53.026],[6.648,53.028]]]},"properties":{"id":285372,"statcode":"WK013614","statnaam":"Wijk 14 Zeegse","jrstatcode":"1998WK013614","rubriek":"wijk","FID":"wijk_gegeneraliseerd_1998.fbf7e822-a322-4e2d-90cd-70e7b5768436"},"id":"WK013614"},
{"type":"Feature","geometry":{"type":"Polygon","coordinates":[[[6.505,53.046],[6.524,53.046],[6.547,53.035],[6.555,53.059],[6.57,53.06],[6.547,53.069],[6.55,53.084],[6.512,53.074],[6.514,53.065],[6.505,53.046]]]},"properties":{"id":285373,"statcode":"WK013615","statnaam":"Wijk 15 Zeijen","jrstatcode":"1998WK013615","rubriek":"wijk","FID":"wijk_gegeneraliseerd_1998.90f99340-a7f8-4e2b-b60e-f514ace088e1"},"id":"WK013615"},
{"type":"Feature","geometry":{"type":"Polygon","coordinates":[[[5.628,53.128],[5.616,53.117],[5.595,53.119],[5.545,53.101],[5.56,53.1],[5.566,53.084],[5.588,53.084],[5.599,53.069],[5.624,53.075],[5.639,53.067],[5.677,53.077],[5.671,53.103],[5.643,53.123],[5.628,53.128]]]},"properties":{"id":285374,"statcode":"WK014000","statnaam":"Wijk 00 Zuid","jrstatcode":"1998WK014000","rubriek":"wijk","FID":"wijk_gegeneraliseerd_1998.458e5964-be8c-4df5-85bd-a63e8643f911"},"id":"WK014000"},
{"type":"Feature","geometry":{"type":"Polygon","coordinates":[[[5.648,53.168],[5.623,53.168],[5.605,53.184],[5.601,53.183],[5.579,53.165],[5.605,53.144],[5.566,53.13],[5.548,53.137],[5.53,53.102],[5.545,53.101],[5.595,53.119],[5.616,53.117],[5.628,53.128],[5.604,53.157],[5.631,53.158],[5.648,53.168]]]},"properties":{"id":285375,"statcode":"WK014001","statnaam":"Wijk 01 Noord","jrstatcode":"1998WK014001","rubriek":"wijk","FID":"wijk_gegeneraliseerd_1998.f2a9afdb-52c1-4dce-b7a5-5010a6251d75"},"id":"WK014001"},
{"type":"Feature","geometry":{"type":"Polygon","coordinates":[[[5.756,53.13],[5.702,53.136],[5.694,53.127],[5.709,53.12],[5.756,53.122],[5.755,53.125],[5.756,53.13]]]},"properties":{"id":285376,"statcode":"WK014002","statnaam":"Wijk 02 Mantgum","jrstatcode":"1998WK014002","rubriek":"wijk","FID":"wijk_gegeneraliseerd_1998.74aa8361-fa9a-4511-9d3d-dbbc654339e1"},"id":"WK014002"},
{"type":"Feature","geometry":{"type":"Polygon","coordinates":[[[5.694,53.127],[5.685,53.145],[5.657,53.154],[5.653,53.166],[5.648,53.168],[5.631,53.158],[5.604,53.157],[5.628,53.128],[5.643,53.123],[5.671,53.103],[5.677,53.077],[5.702,53.079],[5.709,53.09],[5.757,53.116],[5.756,53.122],[5.709,53.12],[5.694,53.127]]]},"properties":{"id":285377,"statcode":"WK014003","statnaam":"Wijk 03","jrstatcode":"1998WK014003","rubriek":"wijk","FID":"wijk_gegeneraliseerd_1998.50993927-1cc8-4652-97f5-e20ada965ff1"},"id":"WK014003"},
{"type":"Feature","geometry":{"type":"Polygon","coordinates":[[[5.756,53.13],[5.764,53.143],[5.765,53.174],[5.738,53.173],[5.723,53.169],[5.686,53.182],[5.653,53.166],[5.657,53.154],[5.685,53.145],[5.694,53.127],[5.702,53.136],[5.756,53.13]]]},"properties":{"id":285378,"statcode":"WK014004","statnaam":"Wijk 04","jrstatcode":"1998WK014004","rubriek":"wijk","FID":"wijk_gegeneraliseerd_1998.a2cb8aeb-301a-4ec0-8ef5-7f0618839cfb"},"id":"WK014004"},
{"type":"Feature","geometry":{"type":"Polygon","coordinates":[[[6.673,52.362],[6.653,52.359],[6.659,52.352],[6.659,52.351],[6.665,52.352],[6.673,52.362]]]},"properties":{"id":285379,"statcode":"WK014100","statnaam":"Wijk 00 Binnenstad","jrstatcode":"1998WK014100","rubriek":"wijk","FID":"wijk_gegeneraliseerd_1998.a8f63b5b-e014-4c84-a926-8e38123c625a"},"id":"WK014100"},
{"type":"Feature","geometry":{"type":"Polygon","coordinates":[[[6.66,52.346],[6.669,52.341],[6.688,52.33],[6.702,52.336],[6.665,52.352],[6.659,52.351],[6.66,52.346]]]},"properties":{"id":285380,"statcode":"WK014101","statnaam":"Wijk 01 De Riet","jrstatcode":"1998WK014101","rubriek":"wijk","FID":"wijk_gegeneraliseerd_1998.fa78421a-84be-4cab-911d-2751a47335b4"},"id":"WK014101"},
{"type":"Feature","geometry":{"type":"Polygon","coordinates":[[[6.671,52.367],[6.667,52.384],[6.65,52.381],[6.62,52.365],[6.618,52.363],[6.653,52.359],[6.673,52.362],[6.671,52.367]]]},"properties":{"id":285381,"statcode":"WK014102","statnaam":"Wijk 02 Noorderkwartier","jrstatcode":"1998WK014102","rubriek":"wijk","FID":"wijk_gegeneraliseerd_1998.d6869ac2-6ddd-422a-87cf-b39d54585efc"},"id":"WK014102"},
{"type":"Feature","geometry":{"type":"Polygon","coordinates":[[[6.681,52.386],[6.692,52.376],[6.671,52.367],[6.673,52.362],[6.698,52.368],[6.715,52.367],[6.699,52.394],[6.685,52.391],[6.681,52.386]]]},"properties":{"id":285382,"statcode":"WK014103","statnaam":"Wijk 03 Sluitersveld","jrstatcode":"1998WK014103","rubriek":"wijk","FID":"wijk_gegeneraliseerd_1998.039e7b77-b650-44a6-bad9-5b63c792ce32"},"id":"WK014103"},
{"type":"Feature","geometry":{"type":"Polygon","coordinates":[[[6.653,52.359],[6.618,52.363],[6.615,52.356],[6.607,52.34],[6.636,52.346],[6.645,52.351],[6.659,52.352],[6.653,52.359]]]},"properties":{"id":285383,"statcode":"WK014104","statnaam":"Wijk 04 Wierdense Hoek","jrstatcode":"1998WK014104","rubriek":"wijk","FID":"wijk_gegeneraliseerd_1998.b0027feb-e8ce-4c2a-982d-a9fb582e8fb5"},"id":"WK014104"},
{"type":"Feature","geometry":{"type":"Polygon","coordinates":[[[6.645,52.351],[6.66,52.346],[6.659,52.351],[6.659,52.352],[6.645,52.351]]]},"properties":{"id":285384,"statcode":"WK014105","statnaam":"Wijk 05 Nieuwstraat-kwartier","jrstatcode":"1998WK014105","rubriek":"wijk","FID":"wijk_gegeneraliseerd_1998.7240cc65-5a8d-41d1-b1a8-14d0dabc7838"},"id":"WK014105"},
{"type":"Feature","geometry":{"type":"Polygon","coordinates":[[[6.645,52.351],[6.636,52.346],[6.649,52.34],[6.669,52.341],[6.66,52.346],[6.645,52.351]]]},"properties":{"id":285385,"statcode":"WK014106","statnaam":"Wijk 06 Ossenkoppelerhoek","jrstatcode":"1998WK014106","rubriek":"wijk","FID":"wijk_gegeneraliseerd_1998.734e69f0-d6b5-462f-9ca0-50db412ef22a"},"id":"WK014106"},
{"type":"Feature","geometry":{"type":"Polygon","coordinates":[[[6.665,52.352],[6.702,52.336],[6.714,52.342],[6.721,52.352],[6.716,52.366],[6.715,52.367],[6.698,52.368],[6.673,52.362],[6.665,52.352]]]},"properties":{"id":285386,"statcode":"WK014107","statnaam":"Wijk 07 Hofkamp","jrstatcode":"1998WK014107","rubriek":"wijk","FID":"wijk_gegeneraliseerd_1998.3cdcf0a6-3c05-45f5-b1ef-218e9b9ed467"},"id":"WK014107"},
{"type":"Feature","geometry":{"type":"Polygon","coordinates":[[[6.671,52.367],[6.692,52.376],[6.681,52.386],[6.667,52.384],[6.671,52.367]]]},"properties":{"id":285387,"statcode":"WK014108","statnaam":"Wijk 08 Schelfhorst","jrstatcode":"1998WK014108","rubriek":"wijk","FID":"wijk_gegeneraliseerd_1998.09043269-bbca-4453-8b28-a436ce236bcd"},"id":"WK014108"},
{"type":"Feature","geometry":{"type":"Polygon","coordinates":[[[6.669,52.341],[6.649,52.34],[6.636,52.346],[6.607,52.34],[6.612,52.335],[6.619,52.326],[6.653,52.322],[6.655,52.329],[6.688,52.33],[6.669,52.341]]]},"properties":{"id":285388,"statcode":"WK014109","statnaam":"Wijk 09 Windmolenbroek","jrstatcode":"1998WK014109","rubriek":"wijk","FID":"wijk_gegeneraliseerd_1998.b916b7e0-83c0-45ba-b01a-62f0add9667d"},"id":"WK014109"},
{"type":"Feature","geometry":{"type":"Polygon","coordinates":[[[6.632,52.218],[6.621,52.217],[6.601,52.202],[6.625,52.189],[6.676,52.198],[6.653,52.218],[6.632,52.218]]]},"properties":{"id":285389,"statcode":"WK014201","statnaam":"Wijk 01 Hengevelde","jrstatcode":"1998WK014201","rubriek":"wijk","FID":"wijk_gegeneraliseerd_1998.f68561e8-1449-482d-8a47-4eda29666f2c"},"id":"WK014201"},
{"type":"Feature","geometry":{"type":"Polygon","coordinates":[[[6.698,52.269],[6.676,52.279],[6.657,52.298],[6.632,52.302],[6.612,52.277],[6.637,52.262],[6.674,52.258],[6.699,52.268],[6.698,52.269]]]},"properties":{"id":285390,"statcode":"WK014202","statnaam":"Wijk 02 Deldenerbroek","jrstatcode":"1998WK014202","rubriek":"wijk","FID":"wijk_gegeneraliseerd_1998.2a77dbf0-550f-49ea-827e-9a2a240733ed"},"id":"WK014202"},
{"type":"Feature","geometry":{"type":"Polygon","coordinates":[[[6.683,52.249],[6.674,52.258],[6.637,52.262],[6.612,52.277],[6.605,52.271],[6.593,52.256],[6.609,52.248],[6.623,52.232],[6.632,52.218],[6.653,52.218],[6.683,52.249]]]},"properties":{"id":285391,"statcode":"WK014203","statnaam":"Wijk 03 Zeldam","jrstatcode":"1998WK014203","rubriek":"wijk","FID":"wijk_gegeneraliseerd_1998.8e7eaa73-68ab-4972-b420-4945bfac722f"},"id":"WK014203"},
{"type":"Feature","geometry":{"type":"Polygon","coordinates":[[[6.653,52.218],[6.676,52.198],[6.684,52.197],[6.704,52.199],[6.712,52.206],[6.702,52.217],[6.712,52.226],[6.724,52.252],[6.699,52.252],[6.683,52.249],[6.653,52.218]]]},"properties":{"id":285392,"statcode":"WK014204","statnaam":"Wijk 04 Bentelo","jrstatcode":"1998WK014204","rubriek":"wijk","FID":"wijk_gegeneraliseerd_1998.5c2351ee-3df7-45d8-9e0a-2f7b45caa125"},"id":"WK014204"},
{"type":"Feature","geometry":{"type":"Polygon","coordinates":[[[6.716,52.307],[6.695,52.315],[6.657,52.298],[6.676,52.279],[6.698,52.269],[6.734,52.265],[6.735,52.284],[6.716,52.307]]]},"properties":{"id":285393,"statcode":"WK014205","statnaam":"Wijk 05 Azelo-Deldeneresch","jrstatcode":"1998WK014205","rubriek":"wijk","FID":"wijk_gegeneraliseerd_1998.d263c7da-1127-4cd1-a7e5-9a4ce78a392c"},"id":"WK014205"},
{"type":"Feature","geometry":{"type":"Polygon","coordinates":[[[6.529,52.606],[6.519,52.613],[6.519,52.614],[6.481,52.618],[6.47,52.625],[6.452,52.614],[6.414,52.619],[6.403,52.591],[6.415,52.57],[6.438,52.569],[6.489,52.569],[6.505,52.576],[6.516,52.586],[6.548,52.591],[6.529,52.606]]]},"properties":{"id":285394,"statcode":"WK014300","statnaam":"Wijk 00 Dedemsvaart","jrstatcode":"1998WK014300","rubriek":"wijk","FID":"wijk_gegeneraliseerd_1998.9870253d-f97a-4eb5-9a98-2462ab5930fe"},"id":"WK014300"},
{"type":"Feature","geometry":{"type":"Polygon","coordinates":[[[6.323,52.593],[6.403,52.591],[6.414,52.619],[6.411,52.621],[6.383,52.612],[6.365,52.643],[6.342,52.654],[6.328,52.659],[6.315,52.628],[6.303,52.597],[6.323,52.593]]]},"properties":{"id":285395,"statcode":"WK014301","statnaam":"Wijk 01 Balkbrug","jrstatcode":"1998WK014301","rubriek":"wijk","FID":"wijk_gegeneraliseerd_1998.d335c811-591c-4323-934e-591ebd1aa8eb"},"id":"WK014301"},
{"type":"Feature","geometry":{"type":"Polygon","coordinates":[[[6.329,52.281],[6.326,52.265],[6.265,52.252],[6.259,52.228],[6.261,52.229],[6.293,52.231],[6.298,52.226],[6.339,52.227],[6.351,52.242],[6.382,52.246],[6.354,52.27],[6.329,52.281]]]},"properties":{"id":285396,"statcode":"WK014400","statnaam":"Wijk 00 Bathmen","jrstatcode":"1998WK014400","rubriek":"wijk","FID":"wijk_gegeneraliseerd_1998.53b54131-d96e-4e22-bd1d-fc472d012f69"},"id":"WK014400"},
{"type":"Feature","geometry":{"type":"Polygon","coordinates":[[[6.767,52.292],[6.755,52.312],[6.716,52.307],[6.735,52.284],[6.763,52.288],[6.767,52.292]]]},"properties":{"id":285397,"statcode":"WK014700","statnaam":"Wijk 00 Borne","jrstatcode":"1998WK014700","rubriek":"wijk","FID":"wijk_gegeneraliseerd_1998.dba9e5f4-20ff-4855-b58a-02ea56831312"},"id":"WK014700"},
{"type":"Feature","geometry":{"type":"Polygon","coordinates":[[[6.688,52.33],[6.655,52.329],[6.653,52.322],[6.619,52.326],[6.613,52.313],[6.632,52.302],[6.657,52.298],[6.695,52.315],[6.716,52.307],[6.755,52.312],[6.767,52.292],[6.802,52.314],[6.802,52.315],[6.774,52.319],[6.759,52.332],[6.714,52.342],[6.702,52.336],[6.688,52.33]]]},"properties":{"id":285398,"statcode":"WK014701","statnaam":"Wijk 01 Buitengebied Borne","jrstatcode":"1998WK014701","rubriek":"wijk","FID":"wijk_gegeneraliseerd_1998.899cd5b5-ac0f-45c5-9320-a5342288d98f"},"id":"WK014701"},
{"type":"Feature","geometry":{"type":"Polygon","coordinates":[[[6.254,52.521],[6.247,52.507],[6.269,52.511],[6.254,52.521]]]},"properties":{"id":285399,"statcode":"WK014800","statnaam":"Wijk 00 Dalfsen (kern)","jrstatcode":"1998WK014800","rubriek":"wijk","FID":"wijk_gegeneraliseerd_1998.157bee39-ebca-4075-b19c-21a2399b2734"},"id":"WK014800"},
{"type":"Feature","geometry":{"type":"Polygon","coordinates":[[[6.332,52.522],[6.304,52.52],[6.285,52.543],[6.273,52.561],[6.27,52.566],[6.184,52.544],[6.193,52.532],[6.187,52.523],[6.173,52.519],[6.2,52.491],[6.245,52.493],[6.248,52.469],[6.273,52.465],[6.279,52.47],[6.344,52.481],[6.344,52.482],[6.332,52.522]],[[6.254,52.521],[6.269,52.511],[6.247,52.507],[6.254,52.521]]]},"properties":{"id":285400,"statcode":"WK014801","statnaam":"Wijk 01 Dalfsen - buitengebied","jrstatcode":"1998WK014801","rubriek":"wijk","FID":"wijk_gegeneraliseerd_1998.8f35f308-86d2-4450-979e-ec94693b7372"},"id":"WK014801"},
{"type":"Feature","geometry":{"type":"Polygon","coordinates":[[[6.285,52.543],[6.304,52.52],[6.332,52.522],[6.346,52.52],[6.361,52.524],[6.353,52.54],[6.345,52.553],[6.305,52.551],[6.285,52.543]]]},"properties":{"id":285401,"statcode":"WK014802","statnaam":"Wijk 02 Oudleusen","jrstatcode":"1998WK014802","rubriek":"wijk","FID":"wijk_gegeneraliseerd_1998.bfacc367-2ae3-4ba7-83b5-436bb0b9f9db"},"id":"WK014802"},
{"type":"Feature","geometry":{"type":"Polygon","coordinates":[[[6.248,52.469],[6.245,52.493],[6.2,52.491],[6.187,52.481],[6.201,52.469],[6.247,52.464],[6.248,52.469]]]},"properties":{"id":285402,"statcode":"WK014803","statnaam":"Wijk 03 Hoonhorst","jrstatcode":"1998WK014803","rubriek":"wijk","FID":"wijk_gegeneraliseerd_1998.97695aab-835b-467a-b551-941594d5f6a8"},"id":"WK014803"},
{"type":"Feature","geometry":{"type":"Polygon","coordinates":[[[6.163,52.474],[6.17,52.469],[6.201,52.469],[6.187,52.481],[6.163,52.474]]]},"properties":{"id":285403,"statcode":"WK014804","statnaam":"Wijk 04 Lenthe-2","jrstatcode":"1998WK014804","rubriek":"wijk","FID":"wijk_gegeneraliseerd_1998.37020b28-a988-4d8e-ae9c-ed7bcb8fc7f3"},"id":"WK014804"},
{"type":"Feature","geometry":{"type":"Polygon","coordinates":[[[6.273,52.465],[6.248,52.469],[6.247,52.464],[6.27,52.459],[6.273,52.465]]]},"properties":{"id":285404,"statcode":"WK014805","statnaam":"Wijk 05 Kluinhaar","jrstatcode":"1998WK014805","rubriek":"wijk","FID":"wijk_gegeneraliseerd_1998.bb9d2815-d540-4457-b6d9-020ed8d8a9e5"},"id":"WK014805"},
{"type":"Feature","geometry":{"type":"Polygon","coordinates":[[[6.381,52.43],[6.378,52.456],[6.343,52.457],[6.344,52.481],[6.279,52.47],[6.273,52.465],[6.27,52.459],[6.292,52.435],[6.303,52.431],[6.322,52.431],[6.334,52.424],[6.343,52.426],[6.381,52.43]]]},"properties":{"id":285405,"statcode":"WK014806","statnaam":"Wijk 06 Lemelerveld","jrstatcode":"1998WK014806","rubriek":"wijk","FID":"wijk_gegeneraliseerd_1998.1e14522a-22d0-40ca-9e2f-e9e37b4fd3e2"},"id":"WK014806"},
{"type":"Feature","geometry":{"type":"Polygon","coordinates":[[[6.334,52.574],[6.304,52.57],[6.286,52.564],[6.273,52.561],[6.285,52.543],[6.305,52.551],[6.345,52.553],[6.334,52.574]]]},"properties":{"id":285406,"statcode":"WK014807","statnaam":"Wijk 07 Leusenerveld","jrstatcode":"1998WK014807","rubriek":"wijk","FID":"wijk_gegeneraliseerd_1998.d5b9f4d1-242e-40b6-9de9-f47c10a93100"},"id":"WK014807"},
{"type":"Feature","geometry":{"type":"Polygon","coordinates":[[[7.064,52.391],[7.035,52.386],[7.027,52.392],[7.003,52.387],[6.976,52.405],[6.965,52.405],[6.95,52.386],[6.971,52.38],[7.008,52.364],[7.072,52.373],[7.064,52.391]]]},"properties":{"id":285407,"statcode":"WK014900","statnaam":"Wijk 00 Denekamp","jrstatcode":"1998WK014900","rubriek":"wijk","FID":"wijk_gegeneraliseerd_1998.2217d478-00bc-418a-87be-43368b2f3b9f"},"id":"WK014900"},
{"type":"Feature","geometry":{"type":"Polygon","coordinates":[[[7.028,52.414],[7.011,52.429],[6.994,52.465],[6.978,52.466],[6.962,52.445],[6.947,52.437],[6.949,52.433],[6.963,52.419],[6.965,52.405],[6.976,52.405],[7.028,52.414]]]},"properties":{"id":285408,"statcode":"WK014901","statnaam":"Wijk 01 Lattrop-Brekkelenkamp","jrstatcode":"1998WK014901","rubriek":"wijk","FID":"wijk_gegeneraliseerd_1998.b8a512f2-996f-4c20-ac2e-b14aa326b085"},"id":"WK014901"},
{"type":"Feature","geometry":{"type":"Polygon","coordinates":[[[6.947,52.433],[6.928,52.409],[6.928,52.406],[6.924,52.384],[6.95,52.386],[6.965,52.405],[6.963,52.419],[6.949,52.433],[6.947,52.433]]]},"properties":{"id":285409,"statcode":"WK014902","statnaam":"Wijk 02 Tilligte","jrstatcode":"1998WK014902","rubriek":"wijk","FID":"wijk_gegeneraliseerd_1998.2ab5c967-c907-4f24-b726-cd2e36c9f6d8"},"id":"WK014902"},
{"type":"Feature","geometry":{"type":"Polygon","coordinates":[[[6.928,52.406],[6.905,52.398],[6.882,52.404],[6.912,52.417],[6.928,52.409],[6.947,52.433],[6.891,52.432],[6.853,52.427],[6.851,52.415],[6.862,52.408],[6.863,52.364],[6.856,52.36],[6.857,52.359],[6.9,52.371],[6.924,52.384],[6.928,52.406]]]},"properties":{"id":285410,"statcode":"WK014903","statnaam":"Wijk 03 Ootmarsum","jrstatcode":"1998WK014903","rubriek":"wijk","FID":"wijk_gegeneraliseerd_1998.39c528eb-6e92-4c83-a7c2-d9e922e70249"},"id":"WK014903"},
{"type":"Feature","geometry":{"type":"Polygon","coordinates":[[[7.028,52.414],[6.976,52.405],[7.003,52.387],[7.027,52.392],[7.035,52.386],[7.064,52.391],[7.055,52.401],[7.036,52.403],[7.028,52.414]]]},"properties":{"id":285411,"statcode":"WK014904","statnaam":"Wijk 04 Noord Deurningen","jrstatcode":"1998WK014904","rubriek":"wijk","FID":"wijk_gegeneraliseerd_1998.3ca840ea-cbbc-4db8-b936-b653cdc6e5df"},"id":"WK014904"},
{"type":"Feature","geometry":{"type":"Polygon","coordinates":[[[6.161,52.248],[6.164,52.256],[6.156,52.259],[6.147,52.256],[6.161,52.248]]]},"properties":{"id":285412,"statcode":"WK015000","statnaam":"Wijk 00 Binnenstad","jrstatcode":"1998WK015000","rubriek":"wijk","FID":"wijk_gegeneraliseerd_1998.0a529945-05fe-4e9a-ae7a-a879a45c0303"},"id":"WK015000"},
{"type":"Feature","geometry":{"type":"Polygon","coordinates":[[[6.145,52.267],[6.123,52.269],[6.13,52.261],[6.147,52.256],[6.156,52.259],[6.145,52.267]]]},"properties":{"id":285413,"statcode":"WK015001","statnaam":"Wijk 01 Zwolsewijk","jrstatcode":"1998WK015001","rubriek":"wijk","FID":"wijk_gegeneraliseerd_1998.c30f8c64-0cc6-4a67-8c16-1a7b7f47c671"},"id":"WK015001"},
{"type":"Feature","geometry":{"type":"Polygon","coordinates":[[[6.177,52.265],[6.155,52.267],[6.145,52.267],[6.156,52.259],[6.164,52.256],[6.171,52.256],[6.181,52.258],[6.194,52.253],[6.207,52.261],[6.177,52.265]]]},"properties":{"id":285414,"statcode":"WK015002","statnaam":"Wijk 02 Voorstad","jrstatcode":"1998WK015002","rubriek":"wijk","FID":"wijk_gegeneraliseerd_1998.7bd62bed-a09c-476e-b80c-7194c50eca92"},"id":"WK015002"},
{"type":"Feature","geometry":{"type":"Polygon","coordinates":[[[6.156,52.279],[6.121,52.272],[6.123,52.269],[6.145,52.267],[6.155,52.267],[6.156,52.279]]]},"properties":{"id":285415,"statcode":"WK015003","statnaam":"Wijk 03 Borgele en Platvoet","jrstatcode":"1998WK015003","rubriek":"wijk","FID":"wijk_gegeneraliseerd_1998.92474ed4-4250-41df-8508-794a2a9156ec"},"id":"WK015003"},
{"type":"Feature","geometry":{"type":"Polygon","coordinates":[[[6.156,52.279],[6.155,52.267],[6.177,52.265],[6.176,52.272],[6.156,52.279]]]},"properties":{"id":285416,"statcode":"WK015004","statnaam":"Wijk 04 Keizerslanden","jrstatcode":"1998WK015004","rubriek":"wijk","FID":"wijk_gegeneraliseerd_1998.12414168-5ba8-4a3c-a0dd-bf14e66d21e0"},"id":"WK015004"},
{"type":"Feature","geometry":{"type":"Polygon","coordinates":[[[6.171,52.256],[6.194,52.253],[6.181,52.258],[6.171,52.256]]]},"properties":{"id":285417,"statcode":"WK015005","statnaam":"Wijk 05 Rivierenwijk","jrstatcode":"1998WK015005","rubriek":"wijk","FID":"wijk_gegeneraliseerd_1998.3124aa38-b7b3-4ae2-b46d-bcfe6d118441"},"id":"WK015005"},
{"type":"Feature","geometry":{"type":"Polygon","coordinates":[[[6.194,52.253],[6.171,52.256],[6.164,52.256],[6.161,52.248],[6.166,52.231],[6.172,52.228],[6.177,52.238],[6.214,52.232],[6.195,52.252],[6.194,52.253]]]},"properties":{"id":285418,"statcode":"WK015006","statnaam":"Wijk 06 Bergweide","jrstatcode":"1998WK015006","rubriek":"wijk","FID":"wijk_gegeneraliseerd_1998.83eefedd-cca0-499c-9464-dbe073f710a6"},"id":"WK015006"},
{"type":"Feature","geometry":{"type":"Polygon","coordinates":[[[6.213,52.267],[6.207,52.261],[6.194,52.253],[6.195,52.252],[6.263,52.252],[6.251,52.266],[6.213,52.267]]]},"properties":{"id":285419,"statcode":"WK015007","statnaam":"Wijk 07 Colmschate-Noord","jrstatcode":"1998WK015007","rubriek":"wijk","FID":"wijk_gegeneraliseerd_1998.c81bb9a2-0c57-4345-849e-99e5d0db01c1"},"id":"WK015007"},
{"type":"Feature","geometry":{"type":"Polygon","coordinates":[[[6.263,52.252],[6.195,52.252],[6.214,52.232],[6.259,52.228],[6.265,52.252],[6.263,52.252]]]},"properties":{"id":285420,"statcode":"WK015008","statnaam":"Wijk 08 Colmschate-Zuid","jrstatcode":"1998WK015008","rubriek":"wijk","FID":"wijk_gegeneraliseerd_1998.d156c729-17f0-4c17-8a55-a23254da091c"},"id":"WK015008"},
{"type":"Feature","geometry":{"type":"Polygon","coordinates":[[[6.147,52.256],[6.13,52.261],[6.124,52.252],[6.156,52.226],[6.166,52.231],[6.161,52.248],[6.147,52.256]]]},"properties":{"id":285421,"statcode":"WK015009","statnaam":"Wijk 09 Linker IJsseloever","jrstatcode":"1998WK015009","rubriek":"wijk","FID":"wijk_gegeneraliseerd_1998.1640c6fd-8a7d-4222-a463-807f419f0266"},"id":"WK015009"},
{"type":"Feature","geometry":{"type":"Polygon","coordinates":[[[6.563,52.221],[6.53,52.208],[6.518,52.181],[6.555,52.177],[6.591,52.182],[6.606,52.173],[6.645,52.174],[6.625,52.189],[6.601,52.202],[6.563,52.221]]]},"properties":{"id":285422,"statcode":"WK015100","statnaam":"Wijk 00 Diepenheim","jrstatcode":"1998WK015100","rubriek":"wijk","FID":"wijk_gegeneraliseerd_1998.5eca05db-fb9a-43a7-9c4d-718261c3c709"},"id":"WK015100"},
{"type":"Feature","geometry":{"type":"Polygon","coordinates":[[[6.184,52.315],[6.17,52.309],[6.109,52.298],[6.102,52.301],[6.121,52.272],[6.156,52.279],[6.176,52.272],[6.183,52.286],[6.206,52.31],[6.206,52.321],[6.184,52.315]]]},"properties":{"id":285423,"statcode":"WK015200","statnaam":"Wijk 00 Diepenveen","jrstatcode":"1998WK015200","rubriek":"wijk","FID":"wijk_gegeneraliseerd_1998.185957a9-2f4d-4db6-8a5a-894bb13d08ab"},"id":"WK015200"},
{"type":"Feature","geometry":{"type":"Polygon","coordinates":[[[6.207,52.261],[6.213,52.267],[6.255,52.306],[6.235,52.32],[6.206,52.321],[6.206,52.31],[6.183,52.286],[6.176,52.272],[6.177,52.265],[6.207,52.261]]]},"properties":{"id":285424,"statcode":"WK015201","statnaam":"Wijk 01 Schalkhaar","jrstatcode":"1998WK015201","rubriek":"wijk","FID":"wijk_gegeneraliseerd_1998.07dc9eac-5d1d-4d9b-a441-3a4e3fd2306d"},"id":"WK015201"},
{"type":"Feature","geometry":{"type":"Polygon","coordinates":[[[6.265,52.252],[6.326,52.265],[6.329,52.281],[6.328,52.29],[6.327,52.302],[6.306,52.301],[6.267,52.301],[6.255,52.306],[6.213,52.267],[6.251,52.266],[6.263,52.252],[6.265,52.252]]]},"properties":{"id":285425,"statcode":"WK015203","statnaam":"Wijk 03 Overig landelijk gebied","jrstatcode":"1998WK015203","rubriek":"wijk","FID":"wijk_gegeneraliseerd_1998.ffae4046-393f-405d-aec0-1bc9a3bbc9df"},"id":"WK015203"},
{"type":"Feature","geometry":{"type":"Polygon","coordinates":[[[6.88,52.226],[6.875,52.221],[6.889,52.21],[6.91,52.214],[6.91,52.225],[6.901,52.228],[6.88,52.226]]]},"properties":{"id":285426,"statcode":"WK015300","statnaam":"Wijk 00 Binnensingelgebied","jrstatcode":"1998WK015300","rubriek":"wijk","FID":"wijk_gegeneraliseerd_1998.d6d24a45-8392-4261-bb95-02122048bc09"},"id":"WK015300"},
{"type":"Feature","geometry":{"type":"Polygon","coordinates":[[[6.911,52.202],[6.915,52.214],[6.941,52.217],[6.942,52.222],[6.929,52.224],[6.91,52.225],[6.91,52.214],[6.889,52.21],[6.891,52.2],[6.911,52.202]]]},"properties":{"id":285427,"statcode":"WK015301","statnaam":"Wijk 01 Hogeland - Velve","jrstatcode":"1998WK015301","rubriek":"wijk","FID":"wijk_gegeneraliseerd_1998.defb828b-b456-4733-87b0-fcc27ae39ee9"},"id":"WK015301"},
{"type":"Feature","geometry":{"type":"Polygon","coordinates":[[[6.889,52.21],[6.875,52.221],[6.868,52.221],[6.85,52.218],[6.86,52.202],[6.891,52.2],[6.889,52.21]]]},"properties":{"id":285428,"statcode":"WK015302","statnaam":"Wijk 02 Boswinkel - Stadsveld","jrstatcode":"1998WK015302","rubriek":"wijk","FID":"wijk_gegeneraliseerd_1998.8e897659-4694-4cfb-ade1-c3bf40c7ea48"},"id":"WK015302"},
{"type":"Feature","geometry":{"type":"Polygon","coordinates":[[[6.88,52.226],[6.853,52.237],[6.868,52.221],[6.875,52.221],[6.88,52.226]]]},"properties":{"id":285429,"statcode":"WK015303","statnaam":"Wijk 03 Twekkelerveld - T.H.T.","jrstatcode":"1998WK015303","rubriek":"wijk","FID":"wijk_gegeneraliseerd_1998.9f1e8b2c-a84e-4a11-bf09-9f998cec4087"},"id":"WK015303"},
{"type":"Feature","geometry":{"type":"Polygon","coordinates":[[[6.827,52.248],[6.853,52.237],[6.88,52.226],[6.901,52.228],[6.917,52.241],[6.857,52.243],[6.842,52.254],[6.827,52.248]]]},"properties":{"id":285430,"statcode":"WK015304","statnaam":"Wijk 04 Enschede-Noord","jrstatcode":"1998WK015304","rubriek":"wijk","FID":"wijk_gegeneraliseerd_1998.b1f0976b-a06a-4add-8104-d4fd23bccd21"},"id":"WK015304"},
{"type":"Feature","geometry":{"type":"Polygon","coordinates":[[[6.929,52.224],[6.917,52.241],[6.901,52.228],[6.91,52.225],[6.929,52.224]]]},"properties":{"id":285431,"statcode":"WK015305","statnaam":"Wijk 05 Ribbelt - Stokhorst","jrstatcode":"1998WK015305","rubriek":"wijk","FID":"wijk_gegeneraliseerd_1998.29da8e40-8d99-4c5e-aa2e-c0d11a5ef3e3"},"id":"WK015305"},
{"type":"Feature","geometry":{"type":"Polygon","coordinates":[[[6.86,52.202],[6.853,52.188],[6.882,52.184],[6.906,52.188],[6.911,52.202],[6.891,52.2],[6.86,52.202]]]},"properties":{"id":285432,"statcode":"WK015306","statnaam":"Wijk 06 Enschede-Zuid","jrstatcode":"1998WK015306","rubriek":"wijk","FID":"wijk_gegeneraliseerd_1998.03827bf5-0c16-46dd-8cd1-9bded80b6d8c"},"id":"WK015306"},
{"type":"Feature","geometry":{"type":"Polygon","coordinates":[[[6.819,52.242],[6.85,52.218],[6.868,52.221],[6.853,52.237],[6.827,52.248],[6.819,52.242]]]},"properties":{"id":285433,"statcode":"WK015307","statnaam":"Wijk 07 Bedrijfsterreinen Enschede-West","jrstatcode":"1998WK015307","rubriek":"wijk","FID":"wijk_gegeneraliseerd_1998.889e243c-8aba-4b43-86ac-b8321736b464"},"id":"WK015307"},
{"type":"Feature","geometry":{"type":"Polygon","coordinates":[[[6.97,52.228],[6.942,52.222],[6.941,52.217],[6.974,52.205],[6.981,52.221],[6.97,52.228]]]},"properties":{"id":285434,"statcode":"WK015308","statnaam":"Wijk 08 Glanerbrug e.o.","jrstatcode":"1998WK015308","rubriek":"wijk","FID":"wijk_gegeneraliseerd_1998.68dff87b-76a9-4e27-b112-40e7cc56ac70"},"id":"WK015308"},
{"type":"Feature","geometry":{"type":"MultiPolygon","coordinates":[[[[6.768,52.235],[6.756,52.217],[6.767,52.191],[6.806,52.167],[6.828,52.171],[6.89,52.161],[6.908,52.176],[6.951,52.181],[6.974,52.205],[6.941,52.217],[6.915,52.214],[6.911,52.202],[6.906,52.188],[6.882,52.184],[6.853,52.188],[6.86,52.202],[6.85,52.218],[6.819,52.242],[6.802,52.232],[6.788,52.235],[6.768,52.235]]],[[[6.939,52.284],[6.919,52.284],[6.868,52.273],[6.84,52.276],[6.842,52.254],[6.857,52.243],[6.917,52.241],[6.929,52.224],[6.942,52.222],[6.97,52.228],[6.97,52.242],[6.969,52.268],[6.95,52.279],[6.939,52.284]]]]},"properties":{"id":285435,"statcode":"WK015309","statnaam":"Wijk 09 Landelijk gebied en kernen","jrstatcode":"1998WK015309","rubriek":"wijk","FID":"wijk_gegeneraliseerd_1998.a367f40d-97f3-4dfc-9d43-0c791c0f9ec4"},"id":"WK015309"},
{"type":"Feature","geometry":{"type":"Polygon","coordinates":[[[6.022,52.608],[6.036,52.616],[6.059,52.612],[6.079,52.618],[6.078,52.63],[6.061,52.635],[6.05,52.63],[6.02,52.637],[5.987,52.625],[5.992,52.622],[6.022,52.608]]]},"properties":{"id":285436,"statcode":"WK015400","statnaam":"Wijk 00 Genemuiden","jrstatcode":"1998WK015400","rubriek":"wijk","FID":"wijk_gegeneraliseerd_1998.65492d30-fe1b-457e-ba81-d4412aff2ca4"},"id":"WK015400"},
{"type":"Feature","geometry":{"type":"Polygon","coordinates":[[[5.973,52.592],[6.018,52.598],[6.022,52.608],[5.992,52.622],[5.991,52.614],[5.971,52.594],[5.973,52.592]]]},"properties":{"id":285437,"statcode":"WK015401","statnaam":"Wijk 01 Kamperzeedijk","jrstatcode":"1998WK015401","rubriek":"wijk","FID":"wijk_gegeneraliseerd_1998.51b3ca28-c557-4dcd-b85d-158b5e9af6df"},"id":"WK015401"},
{"type":"Feature","geometry":{"type":"Polygon","coordinates":[[[6.059,52.612],[6.036,52.616],[6.022,52.608],[6.018,52.598],[5.973,52.592],[5.977,52.585],[5.983,52.578],[6.013,52.586],[6.07,52.602],[6.059,52.612]]]},"properties":{"id":285438,"statcode":"WK015402","statnaam":"Wijk 02 Mastenbroek","jrstatcode":"1998WK015402","rubriek":"wijk","FID":"wijk_gegeneraliseerd_1998.1c7f5762-502a-4ecd-a671-f85e88bc98cf"},"id":"WK015402"},
{"type":"Feature","geometry":{"type":"Polygon","coordinates":[[[6.571,52.223],[6.603,52.227],[6.606,52.237],[6.589,52.25],[6.579,52.246],[6.566,52.232],[6.571,52.223]]]},"properties":{"id":285439,"statcode":"WK015600","statnaam":"Wijk 00 Goor (kern)","jrstatcode":"1998WK015600","rubriek":"wijk","FID":"wijk_gegeneraliseerd_1998.75989ddc-c402-4fce-bf83-d0cf8e760472"},"id":"WK015600"},
{"type":"Feature","geometry":{"type":"MultiPolygon","coordinates":[[[[6.589,52.25],[6.606,52.237],[6.603,52.227],[6.623,52.232],[6.609,52.248],[6.593,52.256],[6.589,52.25]]],[[[6.579,52.246],[6.572,52.248],[6.566,52.232],[6.579,52.246]]]]},"properties":{"id":285440,"statcode":"WK015601","statnaam":"Wijk 01 Goor-buitengebied","jrstatcode":"1998WK015601","rubriek":"wijk","FID":"wijk_gegeneraliseerd_1998.776105a1-da0d-42d6-94f0-de41a5d48f35"},"id":"WK015601"},
{"type":"Feature","geometry":{"type":"Polygon","coordinates":[[[6.765,52.564],[6.719,52.589],[6.727,52.615],[6.71,52.628],[6.703,52.635],[6.699,52.625],[6.658,52.612],[6.65,52.593],[6.659,52.583],[6.68,52.577],[6.697,52.592],[6.765,52.564]]]},"properties":{"id":285441,"statcode":"WK015700","statnaam":"Wijk 00 Gramsbergen","jrstatcode":"1998WK015700","rubriek":"wijk","FID":"wijk_gegeneraliseerd_1998.af4cc697-e3e6-4c81-8877-a59b53143f2d"},"id":"WK015700"},
{"type":"Feature","geometry":{"type":"Polygon","coordinates":[[[6.629,52.67],[6.615,52.674],[6.581,52.669],[6.62,52.64],[6.63,52.633],[6.633,52.64],[6.686,52.653],[6.656,52.662],[6.629,52.67]]]},"properties":{"id":285442,"statcode":"WK015701","statnaam":"Wijk 01 De Krim","jrstatcode":"1998WK015701","rubriek":"wijk","FID":"wijk_gegeneraliseerd_1998.daf5adc8-e78a-4b04-b1ea-0abb7584c3c4"},"id":"WK015701"},
{"type":"Feature","geometry":{"type":"Polygon","coordinates":[[[6.65,52.593],[6.658,52.612],[6.699,52.625],[6.703,52.635],[6.701,52.65],[6.686,52.653],[6.633,52.64],[6.63,52.633],[6.605,52.61],[6.631,52.589],[6.65,52.593]]]},"properties":{"id":285443,"statcode":"WK015702","statnaam":"Wijk 02 Ane","jrstatcode":"1998WK015702","rubriek":"wijk","FID":"wijk_gegeneraliseerd_1998.2d192ffc-7374-4722-b41e-4168107de28a"},"id":"WK015702"},
{"type":"Feature","geometry":{"type":"Polygon","coordinates":[[[6.717,52.163],[6.729,52.151],[6.76,52.151],[6.766,52.165],[6.747,52.17],[6.72,52.168],[6.717,52.163]],[[6.745,52.154],[6.736,52.152],[6.736,52.158],[6.745,52.154]]]},"properties":{"id":285444,"statcode":"WK015800","statnaam":"Wijk 00 Haaksbergen (dorp)","jrstatcode":"1998WK015800","rubriek":"wijk","FID":"wijk_gegeneraliseerd_1998.3e73e0c6-2c74-4de2-9c98-69fcb2ebeafd"},"id":"WK015800"},
{"type":"Feature","geometry":{"type":"Polygon","coordinates":[[[6.764,52.192],[6.721,52.188],[6.72,52.168],[6.747,52.17],[6.766,52.165],[6.76,52.151],[6.729,52.151],[6.717,52.163],[6.694,52.158],[6.697,52.146],[6.673,52.127],[6.716,52.118],[6.761,52.119],[6.764,52.119],[6.794,52.149],[6.806,52.167],[6.767,52.191],[6.764,52.192]]]},"properties":{"id":285445,"statcode":"WK015801","statnaam":"Wijk 01 Haaksbergen (buitengebied)","jrstatcode":"1998WK015801","rubriek":"wijk","FID":"wijk_gegeneraliseerd_1998.b76f40c2-d520-4eed-ba90-2ed331b79e99"},"id":"WK015801"},
{"type":"Feature","geometry":{"type":"Polygon","coordinates":[[[6.704,52.199],[6.684,52.197],[6.649,52.173],[6.672,52.165],[6.694,52.158],[6.717,52.163],[6.72,52.168],[6.721,52.188],[6.704,52.199]]]},"properties":{"id":285446,"statcode":"WK015802","statnaam":"Wijk 02 Sint Isidorushoeve","jrstatcode":"1998WK015802","rubriek":"wijk","FID":"wijk_gegeneraliseerd_1998.dcc74447-33ec-4f19-a4df-6228e5eea632"},"id":"WK015802"},
{"type":"Feature","geometry":{"type":"Polygon","coordinates":[[[6.89,52.161],[6.828,52.171],[6.806,52.167],[6.794,52.149],[6.764,52.119],[6.823,52.118],[6.855,52.12],[6.873,52.13],[6.882,52.156],[6.89,52.161]]]},"properties":{"id":285447,"statcode":"WK015803","statnaam":"Wijk 03 Buurse","jrstatcode":"1998WK015803","rubriek":"wijk","FID":"wijk_gegeneraliseerd_1998.ca7d304d-a550-4644-bafd-e4fdab5165a1"},"id":"WK015803"},
{"type":"Feature","geometry":{"type":"Polygon","coordinates":[[[6.694,52.158],[6.672,52.165],[6.674,52.141],[6.662,52.13],[6.673,52.127],[6.697,52.146],[6.694,52.158]]]},"properties":{"id":285448,"statcode":"WK015804","statnaam":"Wijk 04 Rietmolen","jrstatcode":"1998WK015804","rubriek":"wijk","FID":"wijk_gegeneraliseerd_1998.21866f39-d40d-4ba4-83d7-96138afd922c"},"id":"WK015804"},
{"type":"Feature","geometry":{"type":"Polygon","coordinates":[[[6.684,52.197],[6.676,52.198],[6.625,52.189],[6.645,52.174],[6.649,52.173],[6.684,52.197]]]},"properties":{"id":285449,"statcode":"WK015805","statnaam":"Wijk 05 Hengevelde","jrstatcode":"1998WK015805","rubriek":"wijk","FID":"wijk_gegeneraliseerd_1998.91777886-a6f3-438c-b6cd-a54b84aa5000"},"id":"WK015805"},
{"type":"Feature","geometry":{"type":"Polygon","coordinates":[[[6.712,52.206],[6.704,52.199],[6.721,52.188],[6.764,52.192],[6.712,52.206]]]},"properties":{"id":285450,"statcode":"WK015806","statnaam":"Wijk 06 Beckum","jrstatcode":"1998WK015806","rubriek":"wijk","FID":"wijk_gegeneraliseerd_1998.9e981714-38a7-4175-992a-4f7b232cc7ad"},"id":"WK015806"},
{"type":"Feature","geometry":{"type":"Polygon","coordinates":[[[6.745,52.154],[6.736,52.158],[6.736,52.152],[6.745,52.154]]]},"properties":{"id":285451,"statcode":"WK015809","statnaam":"Wijk 09 Haaksbergen-kern","jrstatcode":"1998WK015809","rubriek":"wijk","FID":"wijk_gegeneraliseerd_1998.e5b9970f-0aac-4bea-ab7f-078f7016e8b8"},"id":"WK015809"},
{"type":"Feature","geometry":{"type":"Polygon","coordinates":[[[6.506,52.491],[6.504,52.482],[6.453,52.471],[6.45,52.461],[6.475,52.441],[6.499,52.438],[6.528,52.44],[6.547,52.45],[6.549,52.464],[6.534,52.489],[6.506,52.491]]]},"properties":{"id":285452,"statcode":"WK015900","statnaam":"Wijk 00 Den Ham","jrstatcode":"1998WK015900","rubriek":"wijk","FID":"wijk_gegeneraliseerd_1998.7c1211c4-cf44-4e00-8d7c-b4e674a829ad"},"id":"WK015900"},
{"type":"Feature","geometry":{"type":"Polygon","coordinates":[[[6.563,52.446],[6.597,52.449],[6.62,52.455],[6.612,52.467],[6.595,52.48],[6.534,52.489],[6.549,52.464],[6.547,52.45],[6.563,52.446]]]},"properties":{"id":285453,"statcode":"WK015901","statnaam":"Wijk 01 Vroomshoop","jrstatcode":"1998WK015901","rubriek":"wijk","FID":"wijk_gegeneraliseerd_1998.de89075b-aa7e-435f-9c33-136fe68084b0"},"id":"WK015901"},
{"type":"Feature","geometry":{"type":"Polygon","coordinates":[[[6.659,52.583],[6.65,52.593],[6.631,52.589],[6.579,52.565],[6.6,52.552],[6.617,52.56],[6.639,52.553],[6.644,52.569],[6.659,52.583]]]},"properties":{"id":285454,"statcode":"WK016000","statnaam":"Wijk 00 Hardenberg","jrstatcode":"1998WK016000","rubriek":"wijk","FID":"wijk_gegeneraliseerd_1998.dc41a7ea-4e27-4e21-b40a-8ee1c0872390"},"id":"WK016000"},
{"type":"Feature","geometry":{"type":"Polygon","coordinates":[[[6.639,52.553],[6.617,52.56],[6.6,52.552],[6.579,52.565],[6.528,52.55],[6.541,52.524],[6.565,52.519],[6.567,52.52],[6.586,52.54],[6.631,52.536],[6.639,52.553]]]},"properties":{"id":285455,"statcode":"WK016001","statnaam":"Wijk 01 Buitengebied van Hardenberg West","jrstatcode":"1998WK016001","rubriek":"wijk","FID":"wijk_gegeneraliseerd_1998.326a5b18-2d50-45e9-8ed7-16bbb6e25bb2"},"id":"WK016001"},
{"type":"Feature","geometry":{"type":"Polygon","coordinates":[[[6.529,52.606],[6.548,52.591],[6.516,52.586],[6.505,52.576],[6.528,52.55],[6.579,52.565],[6.631,52.589],[6.605,52.61],[6.529,52.606]]]},"properties":{"id":285456,"statcode":"WK016002","statnaam":"Wijk 02 Buitengebied  Hardenberg Noord","jrstatcode":"1998WK016002","rubriek":"wijk","FID":"wijk_gegeneraliseerd_1998.3534fad3-0d51-4fcf-b7dd-e9b134828e3e"},"id":"WK016002"},
{"type":"Feature","geometry":{"type":"Polygon","coordinates":[[[6.684,52.553],[6.716,52.548],[6.726,52.562],[6.753,52.559],[6.765,52.564],[6.697,52.592],[6.68,52.577],[6.659,52.583],[6.644,52.569],[6.639,52.553],[6.659,52.548],[6.684,52.553]]]},"properties":{"id":285457,"statcode":"WK016003","statnaam":"Wijk 03 Buitengebied van Hardenberg Oost","jrstatcode":"1998WK016003","rubriek":"wijk","FID":"wijk_gegeneraliseerd_1998.3a6e9785-c9dc-4d13-a976-1f0848bcbf76"},"id":"WK016003"},
{"type":"Feature","geometry":{"type":"Polygon","coordinates":[[[6.565,52.519],[6.573,52.508],[6.61,52.493],[6.595,52.48],[6.612,52.467],[6.627,52.474],[6.651,52.475],[6.654,52.488],[6.669,52.495],[6.687,52.489],[6.698,52.486],[6.705,52.521],[6.695,52.535],[6.677,52.512],[6.625,52.498],[6.567,52.52],[6.565,52.519]]]},"properties":{"id":285458,"statcode":"WK016004","statnaam":"Wijk 04 Zuidrand","jrstatcode":"1998WK016004","rubriek":"wijk","FID":"wijk_gegeneraliseerd_1998.234b6c67-6815-4501-ac68-d50d0e80a8c9"},"id":"WK016004"},
{"type":"Feature","geometry":{"type":"Polygon","coordinates":[[[6.567,52.52],[6.625,52.498],[6.677,52.512],[6.695,52.535],[6.684,52.553],[6.659,52.548],[6.639,52.553],[6.631,52.536],[6.586,52.54],[6.567,52.52]]]},"properties":{"id":285459,"statcode":"WK016005","statnaam":"Wijk 05 Bergentheim c.a.","jrstatcode":"1998WK016005","rubriek":"wijk","FID":"wijk_gegeneraliseerd_1998.e43816fb-53d1-4b5d-8bc9-7c3fed3846a6"},"id":"WK016005"},
{"type":"Feature","geometry":{"type":"Polygon","coordinates":[[[6.63,52.633],[6.62,52.64],[6.565,52.62],[6.519,52.613],[6.529,52.606],[6.605,52.61],[6.63,52.633]]]},"properties":{"id":285460,"statcode":"WK016006","statnaam":"Wijk 06 Lutten","jrstatcode":"1998WK016006","rubriek":"wijk","FID":"wijk_gegeneraliseerd_1998.22fbe712-bc04-406c-b2ef-16ca4146b4c6"},"id":"WK016006"},
{"type":"Feature","geometry":{"type":"Polygon","coordinates":[[[6.514,52.645],[6.519,52.614],[6.519,52.613],[6.565,52.62],[6.62,52.64],[6.581,52.669],[6.548,52.664],[6.529,52.655],[6.514,52.645]]]},"properties":{"id":285461,"statcode":"WK016007","statnaam":"Wijk 07 Slagharen c.a.","jrstatcode":"1998WK016007","rubriek":"wijk","FID":"wijk_gegeneraliseerd_1998.505155dc-f292-4a26-aef8-d434deb07eda"},"id":"WK016007"},
{"type":"Feature","geometry":{"type":"Polygon","coordinates":[[[6.092,52.602],[6.084,52.598],[6.082,52.589],[6.103,52.576],[6.11,52.597],[6.09,52.601],[6.092,52.602]]]},"properties":{"id":285462,"statcode":"WK016100","statnaam":"Wijk 00 Stad Hasselt","jrstatcode":"1998WK016100","rubriek":"wijk","FID":"wijk_gegeneraliseerd_1998.c4b4a896-466b-4adb-800d-53e6d7fea4c2"},"id":"WK016100"},
{"type":"Feature","geometry":{"type":"Polygon","coordinates":[[[6.09,52.601],[6.11,52.597],[6.103,52.576],[6.082,52.589],[6.084,52.598],[6.092,52.602],[6.079,52.618],[6.059,52.612],[6.07,52.602],[6.013,52.586],[6.041,52.548],[6.068,52.556],[6.09,52.552],[6.104,52.567],[6.118,52.557],[6.141,52.552],[6.167,52.565],[6.148,52.584],[6.131,52.581],[6.122,52.596],[6.106,52.604],[6.09,52.601]]]},"properties":{"id":285463,"statcode":"WK016101","statnaam":"Wijk 01 Verspreide huizen Zwollerkerspel","jrstatcode":"1998WK016101","rubriek":"wijk","FID":"wijk_gegeneraliseerd_1998.db8059d8-2c46-44a7-b4b7-00b0afd8c26c"},"id":"WK016101"},
{"type":"Feature","geometry":{"type":"Polygon","coordinates":[[[6.212,52.459],[6.229,52.445],[6.207,52.436],[6.221,52.425],[6.231,52.423],[6.298,52.431],[6.292,52.435],[6.27,52.459],[6.247,52.464],[6.201,52.469],[6.212,52.459]]]},"properties":{"id":285464,"statcode":"WK016200","statnaam":"Wijk 00 Heino","jrstatcode":"1998WK016200","rubriek":"wijk","FID":"wijk_gegeneraliseerd_1998.dd68063e-295b-4597-92f2-a17374163c4d"},"id":"WK016200"},
{"type":"Feature","geometry":{"type":"Polygon","coordinates":[[[6.153,52.461],[6.177,52.451],[6.208,52.451],[6.212,52.459],[6.201,52.469],[6.17,52.469],[6.163,52.474],[6.151,52.471],[6.153,52.461]]]},"properties":{"id":285465,"statcode":"WK016201","statnaam":"Wijk 01 Laag Zuthem","jrstatcode":"1998WK016201","rubriek":"wijk","FID":"wijk_gegeneraliseerd_1998.881020b5-9dfc-487f-97c6-27f4c2d71f24"},"id":"WK016201"},
{"type":"Feature","geometry":{"type":"Polygon","coordinates":[[[6.212,52.459],[6.208,52.451],[6.177,52.451],[6.153,52.461],[6.155,52.453],[6.178,52.431],[6.221,52.425],[6.207,52.436],[6.229,52.445],[6.212,52.459]]]},"properties":{"id":285466,"statcode":"WK016202","statnaam":"Wijk 02 Lierderholthuis","jrstatcode":"1998WK016202","rubriek":"wijk","FID":"wijk_gegeneraliseerd_1998.24f314e9-3c40-412d-99d8-75cb9b5e3ade"},"id":"WK016202"},
{"type":"Feature","geometry":{"type":"Polygon","coordinates":[[[6.303,52.431],[6.292,52.435],[6.298,52.431],[6.303,52.431]]]},"properties":{"id":285467,"statcode":"WK016203","statnaam":"Wijk 03 Lemelerveld","jrstatcode":"1998WK016203","rubriek":"wijk","FID":"wijk_gegeneraliseerd_1998.1c8a8f4d-a64c-4641-944c-a8b9a9508aab"},"id":"WK016203"},
{"type":"Feature","geometry":{"type":"Polygon","coordinates":[[[6.438,52.444],[6.391,52.428],[6.405,52.416],[6.395,52.393],[6.415,52.39],[6.415,52.374],[6.442,52.376],[6.463,52.378],[6.463,52.392],[6.484,52.403],[6.51,52.395],[6.516,52.406],[6.499,52.438],[6.475,52.441],[6.462,52.43],[6.438,52.444]]]},"properties":{"id":285468,"statcode":"WK016300","statnaam":"Wijk 00 Hellendoorn","jrstatcode":"1998WK016300","rubriek":"wijk","FID":"wijk_gegeneraliseerd_1998.5c17ed7c-44d1-4da6-a4f9-ec1ae053743c"},"id":"WK016300"},
{"type":"Feature","geometry":{"type":"Polygon","coordinates":[[[6.496,52.37],[6.47,52.37],[6.463,52.378],[6.442,52.376],[6.438,52.361],[6.415,52.325],[6.461,52.32],[6.468,52.326],[6.491,52.349],[6.512,52.363],[6.496,52.37]]]},"properties":{"id":285469,"statcode":"WK016301","statnaam":"Wijk 01 Nijverdal","jrstatcode":"1998WK016301","rubriek":"wijk","FID":"wijk_gegeneraliseerd_1998.1c2864bd-06b4-4f3f-b8d4-071a63c901de"},"id":"WK016301"},
{"type":"Feature","geometry":{"type":"Polygon","coordinates":[[[6.463,52.378],[6.47,52.37],[6.496,52.37],[6.514,52.382],[6.51,52.395],[6.484,52.403],[6.463,52.392],[6.463,52.378]]]},"properties":{"id":285470,"statcode":"WK016302","statnaam":"Wijk 02 Hulsen","jrstatcode":"1998WK016302","rubriek":"wijk","FID":"wijk_gegeneraliseerd_1998.c43cd214-6421-45bd-9220-2bf35ed38af1"},"id":"WK016302"},
{"type":"Feature","geometry":{"type":"Polygon","coordinates":[[[6.395,52.393],[6.388,52.38],[6.358,52.377],[6.343,52.37],[6.335,52.355],[6.336,52.346],[6.356,52.318],[6.397,52.323],[6.415,52.325],[6.438,52.361],[6.442,52.376],[6.415,52.374],[6.415,52.39],[6.395,52.393]]]},"properties":{"id":285471,"statcode":"WK016303","statnaam":"Wijk 03 Haarle","jrstatcode":"1998WK016303","rubriek":"wijk","FID":"wijk_gegeneraliseerd_1998.119d5776-86f6-4779-ae72-5dc3da4ee8ee"},"id":"WK016303"},
{"type":"Feature","geometry":{"type":"Polygon","coordinates":[[[6.438,52.444],[6.462,52.43],[6.475,52.441],[6.45,52.461],[6.438,52.444]]]},"properties":{"id":285472,"statcode":"WK016304","statnaam":"Wijk 04 Den Ham","jrstatcode":"1998WK016304","rubriek":"wijk","FID":"wijk_gegeneraliseerd_1998.195539fd-d517-4e63-8d41-9f15d4435510"},"id":"WK016304"},
{"type":"Feature","geometry":{"type":"Polygon","coordinates":[[[6.597,52.449],[6.563,52.446],[6.573,52.423],[6.585,52.432],[6.597,52.449]]]},"properties":{"id":285473,"statcode":"WK016305","statnaam":"Wijk 05 Daarlerveen","jrstatcode":"1998WK016305","rubriek":"wijk","FID":"wijk_gegeneraliseerd_1998.d9c78d35-f010-473a-8b84-ef4d9c6247a5"},"id":"WK016305"},
{"type":"Feature","geometry":{"type":"Polygon","coordinates":[[[6.563,52.446],[6.547,52.45],[6.528,52.44],[6.499,52.438],[6.516,52.406],[6.576,52.417],[6.573,52.423],[6.563,52.446]]]},"properties":{"id":285474,"statcode":"WK016306","statnaam":"Wijk 06 Daarle","jrstatcode":"1998WK016306","rubriek":"wijk","FID":"wijk_gegeneraliseerd_1998.336ba010-3a81-4344-904f-df827557255c"},"id":"WK016306"},
{"type":"Feature","geometry":{"type":"Polygon","coordinates":[[[6.8,52.269],[6.792,52.267],[6.79,52.262],[6.792,52.262],[6.798,52.261],[6.802,52.263],[6.8,52.269]]]},"properties":{"id":285475,"statcode":"WK016400","statnaam":"Wijk 00 Binnenstad","jrstatcode":"1998WK016400","rubriek":"wijk","FID":"wijk_gegeneraliseerd_1998.3d90f7c2-2edc-4dbe-bfe3-45750a6d9139"},"id":"WK016400"},
{"type":"Feature","geometry":{"type":"Polygon","coordinates":[[[6.8,52.269],[6.807,52.279],[6.781,52.283],[6.792,52.267],[6.8,52.269]]]},"properties":{"id":285476,"statcode":"WK016401","statnaam":"Wijk 01 Hengelose Es","jrstatcode":"1998WK016401","rubriek":"wijk","FID":"wijk_gegeneraliseerd_1998.b0381516-b1e8-473b-833d-3865504f00a2"},"id":"WK016401"},
{"type":"Feature","geometry":{"type":"Polygon","coordinates":[[[6.802,52.263],[6.824,52.27],[6.807,52.279],[6.8,52.269],[6.802,52.263]]]},"properties":{"id":285477,"statcode":"WK016402","statnaam":"Wijk 02 Noord","jrstatcode":"1998WK016402","rubriek":"wijk","FID":"wijk_gegeneraliseerd_1998.f6eb20b6-054a-4edc-b8dc-3683d4ed9489"},"id":"WK016402"},
{"type":"Feature","geometry":{"type":"Polygon","coordinates":[[[6.844,52.282],[6.823,52.293],[6.814,52.282],[6.844,52.282]]]},"properties":{"id":285478,"statcode":"WK016403","statnaam":"Wijk 03 Hasseler Es","jrstatcode":"1998WK016403","rubriek":"wijk","FID":"wijk_gegeneraliseerd_1998.76a4ce6f-0fa0-4e60-8c2e-6cfbc9d9c2cc"},"id":"WK016403"},
{"type":"Feature","geometry":{"type":"Polygon","coordinates":[[[6.81,52.256],[6.828,52.256],[6.824,52.27],[6.802,52.263],[6.798,52.261],[6.81,52.256]]]},"properties":{"id":285479,"statcode":"WK016404","statnaam":"Wijk 04 Groot Driene","jrstatcode":"1998WK016404","rubriek":"wijk","FID":"wijk_gegeneraliseerd_1998.41e049fa-c825-40a2-b966-22198dd78797"},"id":"WK016404"},
{"type":"Feature","geometry":{"type":"Polygon","coordinates":[[[6.798,52.261],[6.792,52.262],[6.786,52.256],[6.788,52.235],[6.802,52.232],[6.81,52.256],[6.798,52.261]]]},"properties":{"id":285480,"statcode":"WK016405","statnaam":"Wijk 05 Berflo Es","jrstatcode":"1998WK016405","rubriek":"wijk","FID":"wijk_gegeneraliseerd_1998.8967c3b9-8f7f-441c-86e2-7bc6bc6c39b4"},"id":"WK016405"},
{"type":"Feature","geometry":{"type":"Polygon","coordinates":[[[6.79,52.262],[6.761,52.262],[6.757,52.244],[6.768,52.235],[6.788,52.235],[6.786,52.256],[6.792,52.262],[6.79,52.262]]]},"properties":{"id":285481,"statcode":"WK016406","statnaam":"Wijk 06 Wilderinkshoek","jrstatcode":"1998WK016406","rubriek":"wijk","FID":"wijk_gegeneraliseerd_1998.0d4afcd7-f65d-4d18-969c-b20de10e5ad5"},"id":"WK016406"},
{"type":"Feature","geometry":{"type":"Polygon","coordinates":[[[6.79,52.262],[6.792,52.267],[6.781,52.283],[6.767,52.292],[6.763,52.288],[6.772,52.276],[6.761,52.262],[6.79,52.262]]]},"properties":{"id":285482,"statcode":"WK016407","statnaam":"Wijk 07 Woolde","jrstatcode":"1998WK016407","rubriek":"wijk","FID":"wijk_gegeneraliseerd_1998.8efac15a-251a-4b47-9c73-472287da8854"},"id":"WK016407"},
{"type":"Feature","geometry":{"type":"Polygon","coordinates":[[[6.821,52.294],[6.814,52.282],[6.823,52.293],[6.821,52.294]]]},"properties":{"id":285483,"statcode":"WK016408","statnaam":"Wijk 08 Slangenbeek","jrstatcode":"1998WK016408","rubriek":"wijk","FID":"wijk_gegeneraliseerd_1998.d2ce9a05-d826-4c83-ad0d-af1c02aff323"},"id":"WK016408"},
{"type":"Feature","geometry":{"type":"MultiPolygon","coordinates":[[[[6.768,52.235],[6.757,52.244],[6.761,52.262],[6.772,52.276],[6.763,52.288],[6.735,52.284],[6.734,52.265],[6.724,52.252],[6.712,52.226],[6.702,52.217],[6.712,52.206],[6.764,52.192],[6.767,52.191],[6.756,52.217],[6.768,52.235]]],[[[6.819,52.242],[6.827,52.248],[6.842,52.254],[6.84,52.276],[6.844,52.282],[6.814,52.282],[6.821,52.294],[6.823,52.309],[6.802,52.314],[6.767,52.292],[6.781,52.283],[6.807,52.279],[6.824,52.27],[6.828,52.256],[6.81,52.256],[6.802,52.232],[6.819,52.242]]]]},"properties":{"id":285484,"statcode":"WK016409","statnaam":"Wijk 09 Buitengebied","jrstatcode":"1998WK016409","rubriek":"wijk","FID":"wijk_gegeneraliseerd_1998.a524b147-b0f8-4abc-8ffc-c54db5495d18"},"id":"WK016409"},
{"type":"Feature","geometry":{"type":"Polygon","coordinates":[[[6.421,52.284],[6.409,52.29],[6.403,52.272],[6.421,52.278],[6.421,52.284]]]},"properties":{"id":285485,"statcode":"WK016500","statnaam":"Wijk 00 Holten (kern)","jrstatcode":"1998WK016500","rubriek":"wijk","FID":"wijk_gegeneraliseerd_1998.074eb8cc-e01c-44e9-a5da-592b6f039a51"},"id":"WK016500"},
{"type":"Feature","geometry":{"type":"Polygon","coordinates":[[[6.367,52.288],[6.378,52.276],[6.354,52.27],[6.382,52.246],[6.417,52.242],[6.471,52.27],[6.473,52.278],[6.463,52.299],[6.461,52.32],[6.415,52.325],[6.397,52.323],[6.403,52.313],[6.386,52.297],[6.367,52.288]],[[6.421,52.284],[6.421,52.278],[6.403,52.272],[6.409,52.29],[6.421,52.284]]]},"properties":{"id":285486,"statcode":"WK016501","statnaam":"Wijk 01 Holten (buitengebied)","jrstatcode":"1998WK016501","rubriek":"wijk","FID":"wijk_gegeneraliseerd_1998.4ef5f2ad-618c-46ea-96b9-5c46eeba37cb"},"id":"WK016501"},
{"type":"Feature","geometry":{"type":"Polygon","coordinates":[[[6.328,52.29],[6.329,52.281],[6.354,52.27],[6.378,52.276],[6.367,52.288],[6.328,52.29]]]},"properties":{"id":285487,"statcode":"WK016502","statnaam":"Wijk 02 Dijkerhoek","jrstatcode":"1998WK016502","rubriek":"wijk","FID":"wijk_gegeneraliseerd_1998.6a69d2e2-0596-4327-803d-3d25b747e293"},"id":"WK016502"},
{"type":"Feature","geometry":{"type":"Polygon","coordinates":[[[6.397,52.323],[6.356,52.318],[6.327,52.302],[6.328,52.29],[6.367,52.288],[6.386,52.297],[6.403,52.313],[6.397,52.323]]]},"properties":{"id":285488,"statcode":"WK016503","statnaam":"Wijk 03 Espelo","jrstatcode":"1998WK016503","rubriek":"wijk","FID":"wijk_gegeneraliseerd_1998.35a475a6-9232-4ffb-ab0b-eee8fe2c1ef7"},"id":"WK016503"},
{"type":"Feature","geometry":{"type":"Polygon","coordinates":[[[5.844,52.611],[5.832,52.599],[5.825,52.58],[5.853,52.556],[5.865,52.518],[5.883,52.519],[5.905,52.523],[5.935,52.541],[5.917,52.567],[5.919,52.575],[5.942,52.594],[5.971,52.594],[5.991,52.614],[5.992,52.622],[5.987,52.625],[5.955,52.621],[5.918,52.613],[5.896,52.618],[5.844,52.611]]]},"properties":{"id":285489,"statcode":"WK016600","statnaam":"Wijk 00 Kampen","jrstatcode":"1998WK016600","rubriek":"wijk","FID":"wijk_gegeneraliseerd_1998.a5d1a485-b90c-45d3-a9f5-6f5ec7e34a99"},"id":"WK016600"},
{"type":"Feature","geometry":{"type":"Polygon","coordinates":[[[7.007,52.239],[7.021,52.261],[7.037,52.265],[7.027,52.286],[6.961,52.285],[6.95,52.279],[6.969,52.268],[6.97,52.242],[7.007,52.239]]]},"properties":{"id":285490,"statcode":"WK016800","statnaam":"Wijk 00 Losser","jrstatcode":"1998WK016800","rubriek":"wijk","FID":"wijk_gegeneraliseerd_1998.d14a9390-0177-48dd-b486-258db11dc9c5"},"id":"WK016800"},
{"type":"Feature","geometry":{"type":"Polygon","coordinates":[[[7.007,52.239],[6.97,52.242],[6.97,52.228],[6.981,52.221],[7.008,52.228],[7.007,52.239]]]},"properties":{"id":285491,"statcode":"WK016801","statnaam":"Wijk 01 Glane","jrstatcode":"1998WK016801","rubriek":"wijk","FID":"wijk_gegeneraliseerd_1998.a0a1cc56-9a41-4f80-9fef-7b99aff99902"},"id":"WK016801"},
{"type":"Feature","geometry":{"type":"Polygon","coordinates":[[[7.037,52.265],[7.021,52.261],[7.007,52.239],[7.008,52.228],[7.039,52.228],[7.066,52.241],[7.037,52.265]]]},"properties":{"id":285492,"statcode":"WK016802","statnaam":"Wijk 02 Overdinkel","jrstatcode":"1998WK016802","rubriek":"wijk","FID":"wijk_gegeneraliseerd_1998.92b944bf-c66b-4f31-9e6a-6c1aec07f4ca"},"id":"WK016802"},
{"type":"Feature","geometry":{"type":"Polygon","coordinates":[[[7.027,52.286],[7.057,52.338],[7.007,52.335],[6.974,52.338],[6.961,52.347],[6.938,52.333],[6.95,52.308],[6.935,52.294],[6.939,52.284],[6.95,52.279],[6.961,52.285],[7.027,52.286]]]},"properties":{"id":285493,"statcode":"WK016803","statnaam":"Wijk 03 De Lutte","jrstatcode":"1998WK016803","rubriek":"wijk","FID":"wijk_gegeneraliseerd_1998.a059c1b7-2c80-4ec9-a47e-00e21cdb4e08"},"id":"WK016803"},
{"type":"Feature","geometry":{"type":"Polygon","coordinates":[[[7.072,52.373],[7.008,52.364],[6.971,52.38],[6.961,52.347],[6.974,52.338],[7.007,52.335],[7.057,52.338],[7.072,52.352],[7.072,52.373]]]},"properties":{"id":285494,"statcode":"WK016804","statnaam":"Wijk 04 Beuningen","jrstatcode":"1998WK016804","rubriek":"wijk","FID":"wijk_gegeneraliseerd_1998.c8314be0-6fe7-4cc2-8532-86804ad918b5"},"id":"WK016804"},
{"type":"Feature","geometry":{"type":"Polygon","coordinates":[[[6.471,52.27],[6.417,52.242],[6.416,52.24],[6.429,52.223],[6.456,52.202],[6.468,52.2],[6.479,52.183],[6.492,52.178],[6.518,52.181],[6.53,52.208],[6.563,52.221],[6.571,52.223],[6.566,52.232],[6.572,52.248],[6.552,52.254],[6.519,52.255],[6.471,52.27]]]},"properties":{"id":285495,"statcode":"WK016900","statnaam":"Wijk 00 Markelo","jrstatcode":"1998WK016900","rubriek":"wijk","FID":"wijk_gegeneraliseerd_1998.0fb706e6-fe5e-415c-a9d7-77e25c8a54b6"},"id":"WK016900"},
{"type":"Feature","geometry":{"type":"Polygon","coordinates":[[[6.623,52.232],[6.603,52.227],[6.571,52.223],[6.563,52.221],[6.601,52.202],[6.621,52.217],[6.632,52.218],[6.623,52.232]]]},"properties":{"id":285496,"statcode":"WK016901","statnaam":"Wijk 01 Kerspel en Goor","jrstatcode":"1998WK016901","rubriek":"wijk","FID":"wijk_gegeneraliseerd_1998.42a8c701-caf6-44fd-bc92-b2921c42bc84"},"id":"WK016901"},
{"type":"Feature","geometry":{"type":"Polygon","coordinates":[[[6.473,52.278],[6.471,52.27],[6.519,52.255],[6.552,52.254],[6.572,52.248],[6.579,52.246],[6.589,52.25],[6.593,52.256],[6.605,52.271],[6.575,52.269],[6.55,52.288],[6.473,52.278]]]},"properties":{"id":285497,"statcode":"WK016902","statnaam":"Wijk 02 Elsen","jrstatcode":"1998WK016902","rubriek":"wijk","FID":"wijk_gegeneraliseerd_1998.27d91dfb-ee6e-43fe-bbdc-12d0f4d733e7"},"id":"WK016902"},
{"type":"Feature","geometry":{"type":"Polygon","coordinates":[[[6.269,52.593],[6.286,52.564],[6.304,52.57],[6.289,52.595],[6.269,52.593]]]},"properties":{"id":285498,"statcode":"WK017000","statnaam":"Wijk 00 Nieuwleusen - Den Hulst (kern)","jrstatcode":"1998WK017000","rubriek":"wijk","FID":"wijk_gegeneraliseerd_1998.2be58ca4-0ba6-4bb1-9585-7a4c2e1c6c42"},"id":"WK017000"},
{"type":"Feature","geometry":{"type":"Polygon","coordinates":[[[6.148,52.585],[6.148,52.584],[6.167,52.565],[6.172,52.559],[6.184,52.544],[6.27,52.566],[6.273,52.561],[6.286,52.564],[6.269,52.593],[6.224,52.588],[6.194,52.584],[6.177,52.588],[6.148,52.585]]]},"properties":{"id":285499,"statcode":"WK017001","statnaam":"Wijk 01 Buitengebied westelijk deel","jrstatcode":"1998WK017001","rubriek":"wijk","FID":"wijk_gegeneraliseerd_1998.e0ccc5c2-6a1f-4c4b-9bd6-48ce46f61d8a"},"id":"WK017001"},
{"type":"Feature","geometry":{"type":"Polygon","coordinates":[[[6.334,52.574],[6.323,52.593],[6.303,52.597],[6.289,52.595],[6.304,52.57],[6.334,52.574]]]},"properties":{"id":285500,"statcode":"WK017002","statnaam":"Wijk 02 Buitengebied oostelijk deel","jrstatcode":"1998WK017002","rubriek":"wijk","FID":"wijk_gegeneraliseerd_1998.3f1f3f48-2733-4a32-8b1f-c68aba3cc44b"},"id":"WK017002"},
{"type":"Feature","geometry":{"type":"Polygon","coordinates":[[[5.696,52.746],[5.695,52.702],[5.73,52.678],[5.74,52.669],[5.775,52.677],[5.813,52.685],[5.814,52.708],[5.824,52.718],[5.803,52.725],[5.822,52.744],[5.808,52.748],[5.768,52.745],[5.705,52.746],[5.696,52.746]]]},"properties":{"id":285501,"statcode":"WK017100","statnaam":"Wijk 00 Emmeloord","jrstatcode":"1998WK017100","rubriek":"wijk","FID":"wijk_gegeneraliseerd_1998.e4288036-da7c-4ae7-9eed-b2c13a04e2cb"},"id":"WK017100"},
{"type":"Feature","geometry":{"type":"Polygon","coordinates":[[[5.811,52.792],[5.801,52.778],[5.823,52.769],[5.805,52.762],[5.808,52.748],[5.822,52.744],[5.803,52.725],[5.824,52.718],[5.85,52.715],[5.861,52.733],[5.908,52.741],[5.922,52.751],[5.863,52.781],[5.819,52.785],[5.811,52.792]]]},"properties":{"id":285502,"statcode":"WK017101","statnaam":"Wijk 01 Luttelgeest","jrstatcode":"1998WK017101","rubriek":"wijk","FID":"wijk_gegeneraliseerd_1998.d875e331-2815-4c16-a275-9986d3f5981f"},"id":"WK017101"},
{"type":"Feature","geometry":{"type":"Polygon","coordinates":[[[5.922,52.751],[5.908,52.741],[5.861,52.733],[5.85,52.715],[5.824,52.718],[5.814,52.708],[5.813,52.685],[5.838,52.676],[5.879,52.692],[5.892,52.679],[5.921,52.668],[5.934,52.67],[5.934,52.675],[5.965,52.693],[5.955,52.704],[5.94,52.72],[5.93,52.74],[5.922,52.751]]]},"properties":{"id":285503,"statcode":"WK017102","statnaam":"Wijk 02 Marknesse","jrstatcode":"1998WK017102","rubriek":"wijk","FID":"wijk_gegeneraliseerd_1998.c412deb5-4d68-45ee-a2a0-e05c994e1c66"},"id":"WK017102"},
{"type":"Feature","geometry":{"type":"Polygon","coordinates":[[[5.934,52.67],[5.921,52.668],[5.892,52.679],[5.879,52.692],[5.838,52.676],[5.866,52.649],[5.885,52.623],[5.964,52.639],[5.984,52.657],[5.966,52.666],[5.934,52.67]]]},"properties":{"id":285504,"statcode":"WK017103","statnaam":"Wijk 03 Kraggenburg","jrstatcode":"1998WK017103","rubriek":"wijk","FID":"wijk_gegeneraliseerd_1998.97f87878-fd53-458f-af85-0486751dca80"},"id":"WK017103"},
{"type":"Feature","geometry":{"type":"MultiPolygon","coordinates":[[[[5.813,52.685],[5.775,52.677],[5.776,52.641],[5.771,52.613],[5.833,52.613],[5.885,52.623],[5.866,52.649],[5.838,52.676],[5.813,52.685]]],[[[5.844,52.611],[5.896,52.618],[5.888,52.62],[5.844,52.611]]]]},"properties":{"id":285505,"statcode":"WK017104","statnaam":"Wijk 04 Ens","jrstatcode":"1998WK017104","rubriek":"wijk","FID":"wijk_gegeneraliseerd_1998.dcbfaeb3-9cee-4141-8db3-d3bb95319bf7"},"id":"WK017104"},
{"type":"Feature","geometry":{"type":"Polygon","coordinates":[[[5.775,52.677],[5.74,52.669],[5.73,52.678],[5.669,52.652],[5.659,52.642],[5.63,52.638],[5.65,52.616],[5.651,52.615],[5.664,52.613],[5.771,52.613],[5.776,52.641],[5.775,52.677]]]},"properties":{"id":285506,"statcode":"WK017105","statnaam":"Wijk 05 Nagele","jrstatcode":"1998WK017105","rubriek":"wijk","FID":"wijk_gegeneraliseerd_1998.63d28103-f336-4578-93fe-b3dbd42a7686"},"id":"WK017105"},
{"type":"Feature","geometry":{"type":"Polygon","coordinates":[[[5.594,52.702],[5.593,52.676],[5.621,52.682],[5.634,52.666],[5.616,52.651],[5.63,52.638],[5.659,52.642],[5.669,52.652],[5.73,52.678],[5.695,52.702],[5.594,52.702]]]},"properties":{"id":285507,"statcode":"WK017106","statnaam":"Wijk 06 Tollebeek","jrstatcode":"1998WK017106","rubriek":"wijk","FID":"wijk_gegeneraliseerd_1998.f1fa9d3c-cad7-42df-99c0-237764016b57"},"id":"WK017106"},
{"type":"Feature","geometry":{"type":"Polygon","coordinates":[[[5.595,52.748],[5.594,52.702],[5.695,52.702],[5.696,52.746],[5.595,52.748]]]},"properties":{"id":285508,"statcode":"WK017107","statnaam":"Wijk 07 Espel","jrstatcode":"1998WK017107","rubriek":"wijk","FID":"wijk_gegeneraliseerd_1998.0e86e561-ffa1-4d9a-9d89-48c74a006783"},"id":"WK017107"},
{"type":"Feature","geometry":{"type":"Polygon","coordinates":[[[5.705,52.746],[5.703,52.79],[5.754,52.793],[5.787,52.809],[5.784,52.818],[5.747,52.84],[5.725,52.844],[5.713,52.838],[5.668,52.832],[5.659,52.827],[5.597,52.766],[5.595,52.748],[5.696,52.746],[5.705,52.746]]]},"properties":{"id":285509,"statcode":"WK017108","statnaam":"Wijk 08 Rutten-Creil","jrstatcode":"1998WK017108","rubriek":"wijk","FID":"wijk_gegeneraliseerd_1998.7f40cb8d-d0dc-4a84-b5c8-88d5dd4f9e4d"},"id":"WK017108"},
{"type":"Feature","geometry":{"type":"Polygon","coordinates":[[[5.795,52.807],[5.787,52.809],[5.754,52.793],[5.703,52.79],[5.705,52.746],[5.768,52.745],[5.808,52.748],[5.805,52.762],[5.823,52.769],[5.801,52.778],[5.811,52.792],[5.795,52.807]]]},"properties":{"id":285510,"statcode":"WK017109","statnaam":"Wijk 09 Bant","jrstatcode":"1998WK017109","rubriek":"wijk","FID":"wijk_gegeneraliseerd_1998.62d850b9-2ac6-484f-a936-24a49d926cfa"},"id":"WK017109"},
{"type":"Feature","geometry":{"type":"Polygon","coordinates":[[[6.892,52.32],[6.884,52.306],[6.919,52.284],[6.939,52.284],[6.935,52.294],[6.95,52.308],[6.938,52.333],[6.932,52.333],[6.911,52.331],[6.892,52.32]]]},"properties":{"id":285511,"statcode":"WK017300","statnaam":"Wijk 00 Oldenzaal","jrstatcode":"1998WK017300","rubriek":"wijk","FID":"wijk_gegeneraliseerd_1998.17c09cf1-50cf-4b7e-a8ae-90f9e492d264"},"id":"WK017300"},
{"type":"Feature","geometry":{"type":"Polygon","coordinates":[[[6.184,52.315],[6.173,52.329],[6.184,52.352],[6.132,52.37],[6.121,52.38],[6.084,52.372],[6.078,52.364],[6.095,52.357],[6.103,52.342],[6.093,52.32],[6.102,52.301],[6.109,52.298],[6.17,52.309],[6.184,52.315]]]},"properties":{"id":285512,"statcode":"WK017400","statnaam":"Wijk 00 Olst","jrstatcode":"1998WK017400","rubriek":"wijk","FID":"wijk_gegeneraliseerd_1998.24252ebc-b8ec-4e66-8980-353ec7a55b96"},"id":"WK017400"},
{"type":"Feature","geometry":{"type":"Polygon","coordinates":[[[6.102,52.301],[6.093,52.32],[6.103,52.342],[6.095,52.357],[6.076,52.35],[6.074,52.331],[6.084,52.302],[6.102,52.301]]]},"properties":{"id":285513,"statcode":"WK017401","statnaam":"Wijk 01 Welsum","jrstatcode":"1998WK017401","rubriek":"wijk","FID":"wijk_gegeneraliseerd_1998.66e7906a-f75e-4f9a-8e04-2d0987aa565b"},"id":"WK017401"},
{"type":"Feature","geometry":{"type":"Polygon","coordinates":[[[6.184,52.352],[6.173,52.329],[6.184,52.315],[6.206,52.321],[6.235,52.32],[6.225,52.346],[6.197,52.352],[6.184,52.352]]]},"properties":{"id":285514,"statcode":"WK017402","statnaam":"Wijk 02 Wesepe","jrstatcode":"1998WK017402","rubriek":"wijk","FID":"wijk_gegeneraliseerd_1998.74c18491-df48-4a94-b47e-2b425a4f8f6e"},"id":"WK017402"},
{"type":"Feature","geometry":{"type":"Polygon","coordinates":[[[6.391,52.511],[6.412,52.499],[6.426,52.506],[6.437,52.529],[6.411,52.534],[6.398,52.518],[6.381,52.514],[6.391,52.511]]]},"properties":{"id":285515,"statcode":"WK017500","statnaam":"Wijk 00 Ommen (kern)","jrstatcode":"1998WK017500","rubriek":"wijk","FID":"wijk_gegeneraliseerd_1998.3bda81fd-642f-4f86-9191-acbefb81d2e1"},"id":"WK017500"},
{"type":"Feature","geometry":{"type":"Polygon","coordinates":[[[6.505,52.576],[6.489,52.569],[6.438,52.569],[6.421,52.56],[6.363,52.547],[6.353,52.54],[6.361,52.524],[6.346,52.52],[6.381,52.514],[6.398,52.518],[6.411,52.534],[6.437,52.529],[6.426,52.506],[6.412,52.499],[6.391,52.511],[6.369,52.486],[6.378,52.481],[6.4,52.489],[6.453,52.477],[6.453,52.471],[6.504,52.482],[6.506,52.491],[6.508,52.506],[6.523,52.52],[6.541,52.524],[6.528,52.55],[6.505,52.576]]]},"properties":{"id":285516,"statcode":"WK017501","statnaam":"Wijk 01 Ommen (buitengebied)","jrstatcode":"1998WK017501","rubriek":"wijk","FID":"wijk_gegeneraliseerd_1998.e1c76d9a-f7b4-49da-b346-78ac1feef464"},"id":"WK017501"},
{"type":"Feature","geometry":{"type":"Polygon","coordinates":[[[6.346,52.52],[6.332,52.522],[6.344,52.482],[6.369,52.486],[6.391,52.511],[6.381,52.514],[6.346,52.52]]]},"properties":{"id":285517,"statcode":"WK017502","statnaam":"Wijk 02 Vilsteren","jrstatcode":"1998WK017502","rubriek":"wijk","FID":"wijk_gegeneraliseerd_1998.7c681e44-ead8-4f0e-aafb-ca14373f381f"},"id":"WK017502"},
{"type":"Feature","geometry":{"type":"Polygon","coordinates":[[[6.453,52.471],[6.453,52.477],[6.4,52.489],[6.378,52.481],[6.369,52.486],[6.344,52.482],[6.344,52.481],[6.343,52.457],[6.378,52.456],[6.381,52.43],[6.391,52.428],[6.438,52.444],[6.45,52.461],[6.453,52.471]]]},"properties":{"id":285518,"statcode":"WK017503","statnaam":"Wijk 03 Lemele/Lemelerveld","jrstatcode":"1998WK017503","rubriek":"wijk","FID":"wijk_gegeneraliseerd_1998.fd168d60-abe9-4eea-a8eb-fd7c3c79a51a"},"id":"WK017503"},
{"type":"Feature","geometry":{"type":"Polygon","coordinates":[[[6.595,52.48],[6.61,52.493],[6.573,52.508],[6.565,52.519],[6.541,52.524],[6.523,52.52],[6.508,52.506],[6.506,52.491],[6.534,52.489],[6.595,52.48]]]},"properties":{"id":285519,"statcode":"WK017504","statnaam":"Wijk 04 Beerze/Beerzerveld","jrstatcode":"1998WK017504","rubriek":"wijk","FID":"wijk_gegeneraliseerd_1998.bfb32915-7b4d-4b1d-99d2-0c6c21ad863b"},"id":"WK017504"},
{"type":"Feature","geometry":{"type":"Polygon","coordinates":[[[6.403,52.591],[6.323,52.593],[6.334,52.574],[6.345,52.553],[6.353,52.54],[6.363,52.547],[6.421,52.56],[6.438,52.569],[6.415,52.57],[6.403,52.591]]]},"properties":{"id":285520,"statcode":"WK017506","statnaam":"Wijk 06 Vinkenbuurt","jrstatcode":"1998WK017506","rubriek":"wijk","FID":"wijk_gegeneraliseerd_1998.09a38662-0077-4a8a-a6d8-7d5cf5162bee"},"id":"WK017506"},
{"type":"Feature","geometry":{"type":"Polygon","coordinates":[[[6.928,52.409],[6.912,52.417],[6.882,52.404],[6.905,52.398],[6.928,52.406],[6.928,52.409]]]},"properties":{"id":285521,"statcode":"WK017600","statnaam":"Wijk 00 Ootmarsum","jrstatcode":"1998WK017600","rubriek":"wijk","FID":"wijk_gegeneraliseerd_1998.bdbf754b-af9c-4a10-a194-c6ee5d0a876f"},"id":"WK017600"},
{"type":"Feature","geometry":{"type":"Polygon","coordinates":[[[6.289,52.387],[6.273,52.394],[6.258,52.384],[6.294,52.383],[6.289,52.387]]]},"properties":{"id":285522,"statcode":"WK017700","statnaam":"Wijk 00 Raalte - kern","jrstatcode":"1998WK017700","rubriek":"wijk","FID":"wijk_gegeneraliseerd_1998.3b6b6cea-dbc2-4b80-a267-29e59e6c2bb0"},"id":"WK017700"},
{"type":"Feature","geometry":{"type":"Polygon","coordinates":[[[6.289,52.387],[6.318,52.409],[6.325,52.423],[6.322,52.431],[6.303,52.431],[6.298,52.431],[6.231,52.423],[6.222,52.408],[6.23,52.391],[6.238,52.385],[6.233,52.35],[6.253,52.35],[6.273,52.359],[6.297,52.362],[6.294,52.383],[6.258,52.384],[6.273,52.394],[6.289,52.387]]]},"properties":{"id":285523,"statcode":"WK017701","statnaam":"Wijk 01 Raalte - overig + buitengebied","jrstatcode":"1998WK017701","rubriek":"wijk","FID":"wijk_gegeneraliseerd_1998.56a3ebdf-1997-4ec8-b439-f18810846bb4"},"id":"WK017701"},
{"type":"Feature","geometry":{"type":"Polygon","coordinates":[[[6.297,52.362],[6.273,52.359],[6.253,52.35],[6.233,52.35],[6.225,52.346],[6.235,52.32],[6.255,52.306],[6.267,52.301],[6.306,52.301],[6.315,52.319],[6.309,52.328],[6.321,52.343],[6.336,52.346],[6.335,52.355],[6.297,52.362]]]},"properties":{"id":285524,"statcode":"WK017702","statnaam":"Wijk 02 Heeten","jrstatcode":"1998WK017702","rubriek":"wijk","FID":"wijk_gegeneraliseerd_1998.b3c3f706-9d2d-479e-9b5c-2b4e22c19d41"},"id":"WK017702"},
{"type":"Feature","geometry":{"type":"Polygon","coordinates":[[[6.395,52.393],[6.405,52.416],[6.391,52.428],[6.381,52.43],[6.343,52.426],[6.334,52.424],[6.325,52.423],[6.318,52.409],[6.33,52.395],[6.347,52.392],[6.358,52.377],[6.388,52.38],[6.395,52.393]]]},"properties":{"id":285525,"statcode":"WK017703","statnaam":"Wijk 03 Luttenberg","jrstatcode":"1998WK017703","rubriek":"wijk","FID":"wijk_gegeneraliseerd_1998.325e86e2-edbb-4cce-b8da-982d6bb2416b"},"id":"WK017703"},
{"type":"Feature","geometry":{"type":"Polygon","coordinates":[[[6.233,52.35],[6.238,52.385],[6.23,52.391],[6.202,52.383],[6.19,52.375],[6.197,52.352],[6.225,52.346],[6.233,52.35]]]},"properties":{"id":285526,"statcode":"WK017704","statnaam":"Wijk 04 Broekland","jrstatcode":"1998WK017704","rubriek":"wijk","FID":"wijk_gegeneraliseerd_1998.0f85ddfb-d4ee-4ce1-a798-c223ea23d72e"},"id":"WK017704"},
{"type":"Feature","geometry":{"type":"Polygon","coordinates":[[[6.294,52.383],[6.297,52.362],[6.335,52.355],[6.343,52.37],[6.358,52.377],[6.347,52.392],[6.33,52.395],[6.318,52.409],[6.289,52.387],[6.294,52.383]]]},"properties":{"id":285527,"statcode":"WK017705","statnaam":"Wijk 05 Marienheem","jrstatcode":"1998WK017705","rubriek":"wijk","FID":"wijk_gegeneraliseerd_1998.58f0ffe4-8620-44c2-bb88-76126fbc4498"},"id":"WK017705"},
{"type":"Feature","geometry":{"type":"Polygon","coordinates":[[[6.356,52.318],[6.336,52.346],[6.321,52.343],[6.309,52.328],[6.315,52.319],[6.306,52.301],[6.327,52.302],[6.356,52.318]]]},"properties":{"id":285528,"statcode":"WK017706","statnaam":"Wijk 06 Nieuw Heeten","jrstatcode":"1998WK017706","rubriek":"wijk","FID":"wijk_gegeneraliseerd_1998.affc45f0-65a6-4139-b063-3f9b4b83fd9a"},"id":"WK017706"},
{"type":"Feature","geometry":{"type":"Polygon","coordinates":[[[6.322,52.431],[6.325,52.423],[6.334,52.424],[6.322,52.431]]]},"properties":{"id":285529,"statcode":"WK017707","statnaam":"Wijk 07 Lemelerveld","jrstatcode":"1998WK017707","rubriek":"wijk","FID":"wijk_gegeneraliseerd_1998.02d82413-9563-4fd6-94cd-f3d77c9d8e71"},"id":"WK017707"},
{"type":"Feature","geometry":{"type":"Polygon","coordinates":[[[6.531,52.319],[6.512,52.306],[6.528,52.305],[6.532,52.317],[6.531,52.319]]]},"properties":{"id":285530,"statcode":"WK017800","statnaam":"Wijk 00 Stad","jrstatcode":"1998WK017800","rubriek":"wijk","FID":"wijk_gegeneraliseerd_1998.4a3adec2-9c12-4395-8439-86580b4a44f3"},"id":"WK017800"},
{"type":"Feature","geometry":{"type":"Polygon","coordinates":[[[6.532,52.317],[6.528,52.305],[6.512,52.306],[6.531,52.319],[6.529,52.322],[6.486,52.311],[6.493,52.295],[6.528,52.296],[6.538,52.316],[6.532,52.317]]]},"properties":{"id":285531,"statcode":"WK017801","statnaam":"Wijk 01 Stadsrand","jrstatcode":"1998WK017801","rubriek":"wijk","FID":"wijk_gegeneraliseerd_1998.a0dc2a28-ca90-409c-ac45-143577f9bf80"},"id":"WK017801"},
{"type":"Feature","geometry":{"type":"Polygon","coordinates":[[[6.538,52.316],[6.528,52.296],[6.493,52.295],[6.486,52.311],[6.529,52.322],[6.468,52.326],[6.461,52.32],[6.463,52.299],[6.473,52.278],[6.55,52.288],[6.55,52.32],[6.538,52.316]]]},"properties":{"id":285532,"statcode":"WK017802","statnaam":"Wijk 02 Buitengebied","jrstatcode":"1998WK017802","rubriek":"wijk","FID":"wijk_gegeneraliseerd_1998.2709e109-48fb-42bc-b26c-5e3d144158be"},"id":"WK017802"},
{"type":"Feature","geometry":{"type":"Polygon","coordinates":[[[6.724,52.252],[6.734,52.265],[6.698,52.269],[6.699,52.268],[6.699,52.252],[6.724,52.252]]]},"properties":{"id":285533,"statcode":"WK017900","statnaam":"Wijk 00 Delden (kern)","jrstatcode":"1998WK017900","rubriek":"wijk","FID":"wijk_gegeneraliseerd_1998.788c54e7-f458-48e9-a7a2-d33755256493"},"id":"WK017900"},
{"type":"Feature","geometry":{"type":"Polygon","coordinates":[[[6.699,52.252],[6.699,52.268],[6.674,52.258],[6.683,52.249],[6.699,52.252]]]},"properties":{"id":285534,"statcode":"WK017901","statnaam":"Wijk 01 Delden (overig gebied)","jrstatcode":"1998WK017901","rubriek":"wijk","FID":"wijk_gegeneraliseerd_1998.31797d7e-9c96-42f6-8cfd-ec4d37aca82f"},"id":"WK017901"},
{"type":"Feature","geometry":{"type":"Polygon","coordinates":[[[6.191,52.633],[6.205,52.632],[6.238,52.652],[6.232,52.66],[6.182,52.64],[6.185,52.638],[6.191,52.633]]]},"properties":{"id":285535,"statcode":"WK018000","statnaam":"Wijk 00 Staphorst (kern)","jrstatcode":"1998WK018000","rubriek":"wijk","FID":"wijk_gegeneraliseerd_1998.f616a768-32a8-4f9c-94a8-7c83425aa07b"},"id":"WK018000"},
{"type":"Feature","geometry":{"type":"Polygon","coordinates":[[[6.194,52.584],[6.207,52.606],[6.193,52.614],[6.196,52.63],[6.191,52.633],[6.185,52.638],[6.174,52.633],[6.177,52.588],[6.194,52.584]]]},"properties":{"id":285536,"statcode":"WK018001","statnaam":"Wijk 01 Rouveen (kern)","jrstatcode":"1998WK018001","rubriek":"wijk","FID":"wijk_gegeneraliseerd_1998.03d0ef38-29b2-4554-89c9-6dd964c3e0ac"},"id":"WK018001"},
{"type":"Feature","geometry":{"type":"MultiPolygon","coordinates":[[[[6.104,52.656],[6.097,52.636],[6.116,52.637],[6.116,52.608],[6.137,52.584],[6.148,52.585],[6.177,52.588],[6.174,52.633],[6.185,52.638],[6.182,52.64],[6.171,52.648],[6.137,52.655],[6.104,52.656]]],[[[6.224,52.588],[6.24,52.611],[6.214,52.618],[6.196,52.63],[6.193,52.614],[6.207,52.606],[6.194,52.584],[6.224,52.588]]]]},"properties":{"id":285537,"statcode":"WK018002","statnaam":"Wijk 02 Rouveen (buitengebied)","jrstatcode":"1998WK018002","rubriek":"wijk","FID":"wijk_gegeneraliseerd_1998.6702b6af-f5a1-461e-b305-c6269dc8098f"},"id":"WK018002"},
{"type":"Feature","geometry":{"type":"Polygon","coordinates":[[[6.197,52.68],[6.183,52.675],[6.164,52.68],[6.159,52.692],[6.152,52.684],[6.12,52.668],[6.104,52.656],[6.137,52.655],[6.171,52.648],[6.182,52.64],[6.232,52.66],[6.238,52.652],[6.205,52.632],[6.191,52.633],[6.196,52.63],[6.214,52.618],[6.24,52.611],[6.241,52.624],[6.267,52.639],[6.251,52.662],[6.228,52.671],[6.199,52.671],[6.197,52.68]]]},"properties":{"id":285538,"statcode":"WK018003","statnaam":"Wijk 03 Staphorst (buitengebied)","jrstatcode":"1998WK018003","rubriek":"wijk","FID":"wijk_gegeneraliseerd_1998.cbce794d-5e42-48a4-a1b6-601ea982ad61"},"id":"WK018003"},
{"type":"Feature","geometry":{"type":"Polygon","coordinates":[[[6.265,52.668],[6.251,52.662],[6.267,52.639],[6.241,52.624],[6.249,52.626],[6.283,52.611],[6.306,52.628],[6.315,52.628],[6.328,52.659],[6.328,52.668],[6.287,52.664],[6.265,52.668]]]},"properties":{"id":285539,"statcode":"WK018004","statnaam":"Wijk 04 Ijhorst","jrstatcode":"1998WK018004","rubriek":"wijk","FID":"wijk_gegeneraliseerd_1998.0842c0ee-9cf4-44fa-9d09-377c5f84f7f8"},"id":"WK018004"},
{"type":"Feature","geometry":{"type":"Polygon","coordinates":[[[6.241,52.624],[6.24,52.611],[6.224,52.588],[6.269,52.593],[6.289,52.595],[6.303,52.597],[6.315,52.628],[6.306,52.628],[6.283,52.611],[6.249,52.626],[6.241,52.624]]]},"properties":{"id":285540,"statcode":"WK018005","statnaam":"Wijk 05 Punthorst","jrstatcode":"1998WK018005","rubriek":"wijk","FID":"wijk_gegeneraliseerd_1998.11e3765d-86b1-41e7-a154-914201b496aa"},"id":"WK018005"},
{"type":"Feature","geometry":{"type":"Polygon","coordinates":[[[6.224,52.683],[6.197,52.68],[6.199,52.671],[6.228,52.671],[6.251,52.662],[6.265,52.668],[6.224,52.683]]]},"properties":{"id":285541,"statcode":"WK018006","statnaam":"Wijk 06 Lankhorst","jrstatcode":"1998WK018006","rubriek":"wijk","FID":"wijk_gegeneraliseerd_1998.f2c2cd72-0c81-4385-8c4a-bae01279b648"},"id":"WK018006"},
{"type":"Feature","geometry":{"type":"Polygon","coordinates":[[[6.097,52.636],[6.107,52.615],[6.106,52.604],[6.122,52.596],[6.131,52.581],[6.148,52.584],[6.148,52.585],[6.137,52.584],[6.116,52.608],[6.116,52.637],[6.097,52.636]]]},"properties":{"id":285542,"statcode":"WK018007","statnaam":"Wijk 07 Klooster","jrstatcode":"1998WK018007","rubriek":"wijk","FID":"wijk_gegeneraliseerd_1998.3a4deb08-ed72-4928-96de-14cab153a80a"},"id":"WK018007"},
{"type":"Feature","geometry":{"type":"Polygon","coordinates":[[[6.091,52.774],[6.161,52.778],[6.154,52.785],[6.144,52.795],[6.126,52.799],[6.085,52.785],[6.089,52.773],[6.091,52.774]]]},"properties":{"id":285543,"statcode":"WK018100","statnaam":"Wijk 00 Stad-Steenwijk","jrstatcode":"1998WK018100","rubriek":"wijk","FID":"wijk_gegeneraliseerd_1998.7ab49859-ddcd-4637-8bbe-cfee992dc94b"},"id":"WK018100"},
{"type":"Feature","geometry":{"type":"Polygon","coordinates":[[[6.038,52.818],[6.086,52.822],[6.096,52.835],[6.093,52.844],[6.061,52.839],[6.059,52.827],[6.038,52.818]]]},"properties":{"id":285544,"statcode":"WK018101","statnaam":"Wijk 01 Willemsoord","jrstatcode":"1998WK018101","rubriek":"wijk","FID":"wijk_gegeneraliseerd_1998.17f5a9cb-611d-4827-8113-c1bcf77c52e7"},"id":"WK018101"},
{"type":"Feature","geometry":{"type":"Polygon","coordinates":[[[6.12,52.854],[6.093,52.844],[6.096,52.835],[6.086,52.822],[6.102,52.815],[6.103,52.804],[6.126,52.799],[6.144,52.795],[6.154,52.785],[6.174,52.774],[6.199,52.796],[6.172,52.816],[6.132,52.843],[6.12,52.854]]]},"properties":{"id":285545,"statcode":"WK018102","statnaam":"Wijk 02 Oost","jrstatcode":"1998WK018102","rubriek":"wijk","FID":"wijk_gegeneraliseerd_1998.e84e4d71-dfba-4ebb-9fcf-e39df2e29a78"},"id":"WK018102"},
{"type":"Feature","geometry":{"type":"MultiPolygon","coordinates":[[[[6.154,52.785],[6.161,52.778],[6.091,52.774],[6.09,52.755],[6.11,52.746],[6.121,52.75],[6.126,52.757],[6.157,52.763],[6.173,52.773],[6.174,52.774],[6.154,52.785]]],[[[6.089,52.773],[6.085,52.785],[6.049,52.77],[6.053,52.766],[6.089,52.773]]]]},"properties":{"id":285546,"statcode":"WK018103","statnaam":"Wijk 03 Zuid","jrstatcode":"1998WK018103","rubriek":"wijk","FID":"wijk_gegeneraliseerd_1998.c8fac2dd-6bdf-457f-a178-55f11071ce44"},"id":"WK018103"},
{"type":"Feature","geometry":{"type":"Polygon","coordinates":[[[6.038,52.818],[6.031,52.815],[6,52.796],[6.005,52.794],[6.045,52.791],[6.049,52.77],[6.085,52.785],[6.126,52.799],[6.103,52.804],[6.102,52.815],[6.086,52.822],[6.038,52.818]]]},"properties":{"id":285547,"statcode":"WK018104","statnaam":"Wijk 04 't Wold","jrstatcode":"1998WK018104","rubriek":"wijk","FID":"wijk_gegeneraliseerd_1998.c8ecdd48-b178-4a53-a3bd-8cc3a0c176e5"},"id":"WK018104"},
{"type":"Feature","geometry":{"type":"Polygon","coordinates":[[[6.817,52.403],[6.808,52.422],[6.786,52.437],[6.821,52.453],[6.822,52.46],[6.774,52.46],[6.757,52.463],[6.748,52.452],[6.772,52.43],[6.76,52.41],[6.732,52.393],[6.748,52.391],[6.781,52.383],[6.802,52.394],[6.819,52.394],[6.817,52.403]]]},"properties":{"id":285548,"statcode":"WK018300","statnaam":"Wijk 00 Tubbergen","jrstatcode":"1998WK018300","rubriek":"wijk","FID":"wijk_gegeneraliseerd_1998.ed6924c6-f4cd-4806-8419-511e38750719"},"id":"WK018300"},
{"type":"Feature","geometry":{"type":"Polygon","coordinates":[[[6.781,52.383],[6.748,52.391],[6.731,52.385],[6.716,52.366],[6.721,52.352],[6.714,52.342],[6.759,52.332],[6.783,52.36],[6.781,52.383]]]},"properties":{"id":285549,"statcode":"WK018301","statnaam":"Wijk 01 Albergen","jrstatcode":"1998WK018301","rubriek":"wijk","FID":"wijk_gegeneraliseerd_1998.7fdcc481-1367-4520-a7dc-5285a35a8986"},"id":"WK018301"},
{"type":"Feature","geometry":{"type":"Polygon","coordinates":[[[6.699,52.394],[6.715,52.367],[6.716,52.366],[6.731,52.385],[6.748,52.391],[6.732,52.393],[6.699,52.394]]]},"properties":{"id":285550,"statcode":"WK018302","statnaam":"Wijk 02 Harbrinkhoek","jrstatcode":"1998WK018302","rubriek":"wijk","FID":"wijk_gegeneraliseerd_1998.97c12260-79f4-4616-8a28-5b9926598a44"},"id":"WK018302"},
{"type":"Feature","geometry":{"type":"Polygon","coordinates":[[[6.689,52.447],[6.677,52.444],[6.674,52.425],[6.675,52.423],[6.67,52.417],[6.699,52.394],[6.732,52.393],[6.76,52.41],[6.772,52.43],[6.748,52.452],[6.744,52.446],[6.713,52.443],[6.696,52.451],[6.689,52.447]]]},"properties":{"id":285551,"statcode":"WK018303","statnaam":"Wijk 03 Geesteren","jrstatcode":"1998WK018303","rubriek":"wijk","FID":"wijk_gegeneraliseerd_1998.57d2006c-c229-46b4-8542-6cc6261e2354"},"id":"WK018303"},
{"type":"Feature","geometry":{"type":"Polygon","coordinates":[[[6.718,52.478],[6.696,52.451],[6.713,52.443],[6.744,52.446],[6.748,52.452],[6.757,52.463],[6.718,52.478]]]},"properties":{"id":285552,"statcode":"WK018304","statnaam":"Wijk 04 Langeveen","jrstatcode":"1998WK018304","rubriek":"wijk","FID":"wijk_gegeneraliseerd_1998.412e3b9f-3334-4b73-af60-e6fce86cfe42"},"id":"WK018304"},
{"type":"Feature","geometry":{"type":"Polygon","coordinates":[[[6.947,52.437],[6.942,52.435],[6.862,52.451],[6.854,52.46],[6.822,52.46],[6.821,52.453],[6.786,52.437],[6.808,52.422],[6.817,52.403],[6.832,52.414],[6.851,52.415],[6.853,52.427],[6.891,52.432],[6.947,52.433],[6.949,52.433],[6.947,52.437]]]},"properties":{"id":285553,"statcode":"WK018305","statnaam":"Wijk 05 Vasse","jrstatcode":"1998WK018305","rubriek":"wijk","FID":"wijk_gegeneraliseerd_1998.81fc03da-1c80-4cb9-b75a-192c7416a46b"},"id":"WK018305"},
{"type":"Feature","geometry":{"type":"Polygon","coordinates":[[[6.817,52.403],[6.819,52.394],[6.829,52.374],[6.817,52.365],[6.856,52.36],[6.863,52.364],[6.862,52.408],[6.851,52.415],[6.832,52.414],[6.817,52.403]]]},"properties":{"id":285554,"statcode":"WK018306","statnaam":"Wijk 06 Reutum","jrstatcode":"1998WK018306","rubriek":"wijk","FID":"wijk_gegeneraliseerd_1998.b4d702eb-d102-4ff9-8f26-5b8a1740b3ec"},"id":"WK018306"},
{"type":"Feature","geometry":{"type":"Polygon","coordinates":[[[6.819,52.394],[6.802,52.394],[6.781,52.383],[6.783,52.36],[6.815,52.364],[6.817,52.365],[6.829,52.374],[6.819,52.394]]]},"properties":{"id":285555,"statcode":"WK018307","statnaam":"Wijk 07 Fleringen","jrstatcode":"1998WK018307","rubriek":"wijk","FID":"wijk_gegeneraliseerd_1998.b4f33bd9-8f29-4544-93e4-661515dc142f"},"id":"WK018307"},
{"type":"Feature","geometry":{"type":"Polygon","coordinates":[[[5.616,52.651],[5.634,52.666],[5.621,52.682],[5.593,52.676],[5.593,52.661],[5.616,52.651]]]},"properties":{"id":285556,"statcode":"WK018400","statnaam":"Wijk 00 Urk","jrstatcode":"1998WK018400","rubriek":"wijk","FID":"wijk_gegeneraliseerd_1998.4c801313-a53c-4e34-876f-6e1cdcd1cc10"},"id":"WK018400"},
{"type":"Feature","geometry":{"type":"Polygon","coordinates":[[[6.615,52.387],[6.637,52.41],[6.675,52.423],[6.674,52.425],[6.657,52.426],[6.62,52.416],[6.581,52.41],[6.597,52.387],[6.601,52.38],[6.615,52.387]]]},"properties":{"id":285557,"statcode":"WK018600","statnaam":"Wijk 00 Vriezenveen (kern)","jrstatcode":"1998WK018600","rubriek":"wijk","FID":"wijk_gegeneraliseerd_1998.d78b49a5-bb09-4e28-bdcb-15ef3ae950f5"},"id":"WK018600"},
{"type":"Feature","geometry":{"type":"MultiPolygon","coordinates":[[[[6.581,52.41],[6.62,52.416],[6.657,52.426],[6.674,52.425],[6.677,52.444],[6.689,52.447],[6.684,52.451],[6.66,52.443],[6.62,52.44],[6.585,52.432],[6.573,52.423],[6.576,52.417],[6.581,52.41]]],[[[6.675,52.423],[6.637,52.41],[6.615,52.387],[6.648,52.395],[6.662,52.388],[6.685,52.391],[6.699,52.394],[6.67,52.417],[6.675,52.423]]]]},"properties":{"id":285558,"statcode":"WK018601","statnaam":"Wijk 01 Vriezenveen (buitengebied)","jrstatcode":"1998WK018601","rubriek":"wijk","FID":"wijk_gegeneraliseerd_1998.e920e111-b897-4705-9d05-8777fcee27de"},"id":"WK018601"},
{"type":"Feature","geometry":{"type":"Polygon","coordinates":[[[6.651,52.475],[6.627,52.474],[6.612,52.467],[6.62,52.455],[6.597,52.449],[6.585,52.432],[6.62,52.44],[6.66,52.443],[6.684,52.451],[6.679,52.478],[6.651,52.475]]]},"properties":{"id":285559,"statcode":"WK018602","statnaam":"Wijk 02 Westerhaar-Vriezenveensewijk","jrstatcode":"1998WK018602","rubriek":"wijk","FID":"wijk_gegeneraliseerd_1998.ebdd2323-fd24-4d4c-97ab-56714df90b21"},"id":"WK018602"},
{"type":"Feature","geometry":{"type":"Polygon","coordinates":[[[6.687,52.489],[6.669,52.495],[6.654,52.488],[6.651,52.475],[6.679,52.478],[6.687,52.489]]]},"properties":{"id":285560,"statcode":"WK018603","statnaam":"Wijk 03 Kloosterhaar","jrstatcode":"1998WK018603","rubriek":"wijk","FID":"wijk_gegeneraliseerd_1998.47418ae4-20a7-444c-a061-d527e3d5d2b5"},"id":"WK018603"},
{"type":"Feature","geometry":{"type":"Polygon","coordinates":[[[6.698,52.486],[6.687,52.489],[6.679,52.478],[6.684,52.451],[6.689,52.447],[6.696,52.451],[6.718,52.478],[6.698,52.486]]]},"properties":{"id":285561,"statcode":"WK018604","statnaam":"Wijk 04 Bruinehaar","jrstatcode":"1998WK018604","rubriek":"wijk","FID":"wijk_gegeneraliseerd_1998.335115aa-3d2d-41c9-8cd8-b22aaf98e74d"},"id":"WK018604"},
{"type":"Feature","geometry":{"type":"Polygon","coordinates":[[[6.62,52.365],[6.65,52.381],[6.667,52.384],[6.681,52.386],[6.685,52.391],[6.662,52.388],[6.648,52.395],[6.615,52.387],[6.601,52.38],[6.609,52.366],[6.62,52.365]]]},"properties":{"id":285562,"statcode":"WK018605","statnaam":"Wijk 05 Aadorp","jrstatcode":"1998WK018605","rubriek":"wijk","FID":"wijk_gegeneraliseerd_1998.158f6de0-9184-4ea0-9b0d-bf5113d517ea"},"id":"WK018605"},
{"type":"Feature","geometry":{"type":"Polygon","coordinates":[[[6.817,52.365],[6.815,52.364],[6.824,52.352],[6.857,52.337],[6.848,52.326],[6.892,52.32],[6.911,52.331],[6.932,52.333],[6.924,52.333],[6.88,52.358],[6.857,52.359],[6.856,52.36],[6.817,52.365]]]},"properties":{"id":285563,"statcode":"WK018800","statnaam":"Wijk 00 Weerselo","jrstatcode":"1998WK018800","rubriek":"wijk","FID":"wijk_gegeneraliseerd_1998.29df863b-d2d6-4f92-8ba9-a01521a8aa8a"},"id":"WK018800"},
{"type":"Feature","geometry":{"type":"Polygon","coordinates":[[[6.938,52.333],[6.961,52.347],[6.971,52.38],[6.95,52.386],[6.924,52.384],[6.9,52.371],[6.857,52.359],[6.88,52.358],[6.924,52.333],[6.932,52.333],[6.938,52.333]]]},"properties":{"id":285564,"statcode":"WK018801","statnaam":"Wijk 01 Rossum","jrstatcode":"1998WK018801","rubriek":"wijk","FID":"wijk_gegeneraliseerd_1998.9b9049a8-deb1-4fe2-8d7d-a75a8b5e664a"},"id":"WK018801"},
{"type":"Feature","geometry":{"type":"Polygon","coordinates":[[[6.815,52.364],[6.783,52.36],[6.759,52.332],[6.774,52.319],[6.802,52.315],[6.848,52.326],[6.857,52.337],[6.824,52.352],[6.815,52.364]]]},"properties":{"id":285565,"statcode":"WK018802","statnaam":"Wijk 02 Dulder","jrstatcode":"1998WK018802","rubriek":"wijk","FID":"wijk_gegeneraliseerd_1998.e5e3f060-49d6-4f4e-b240-82bb6e9c7ab1"},"id":"WK018802"},
{"type":"Feature","geometry":{"type":"Polygon","coordinates":[[[6.802,52.314],[6.823,52.309],[6.821,52.294],[6.823,52.293],[6.844,52.282],[6.84,52.276],[6.868,52.273],[6.919,52.284],[6.884,52.306],[6.892,52.32],[6.848,52.326],[6.802,52.315],[6.802,52.314]]]},"properties":{"id":285566,"statcode":"WK018803","statnaam":"Wijk 03 Deurningen","jrstatcode":"1998WK018803","rubriek":"wijk","FID":"wijk_gegeneraliseerd_1998.931c661e-0683-4512-9975-6d5ed8306c70"},"id":"WK018803"},
{"type":"Feature","geometry":{"type":"Polygon","coordinates":[[[6.615,52.356],[6.618,52.363],[6.62,52.365],[6.609,52.366],[6.604,52.372],[6.573,52.366],[6.578,52.354],[6.615,52.356]]]},"properties":{"id":285567,"statcode":"WK018900","statnaam":"Wijk 00 Wierden (kern)","jrstatcode":"1998WK018900","rubriek":"wijk","FID":"wijk_gegeneraliseerd_1998.aab55d03-92b8-49d6-9548-84617139e5e9"},"id":"WK018900"},
{"type":"Feature","geometry":{"type":"Polygon","coordinates":[[[6.615,52.356],[6.578,52.354],[6.573,52.366],[6.604,52.372],[6.609,52.366],[6.601,52.38],[6.597,52.387],[6.561,52.38],[6.514,52.382],[6.496,52.37],[6.512,52.363],[6.558,52.342],[6.591,52.335],[6.612,52.335],[6.607,52.34],[6.615,52.356]]]},"properties":{"id":285568,"statcode":"WK018901","statnaam":"Wijk 01 Landelijk gebied Wierden","jrstatcode":"1998WK018901","rubriek":"wijk","FID":"wijk_gegeneraliseerd_1998.681885e9-a452-419f-9826-c881c9390373"},"id":"WK018901"},
{"type":"Feature","geometry":{"type":"Polygon","coordinates":[[[6.581,52.41],[6.576,52.417],[6.516,52.406],[6.51,52.395],[6.514,52.382],[6.561,52.38],[6.597,52.387],[6.581,52.41]]]},"properties":{"id":285569,"statcode":"WK018902","statnaam":"Wijk 02 Hooge-Hexel","jrstatcode":"1998WK018902","rubriek":"wijk","FID":"wijk_gegeneraliseerd_1998.e9db8e65-f19c-4ff3-be70-f303f996c21e"},"id":"WK018902"},
{"type":"Feature","geometry":{"type":"Polygon","coordinates":[[[6.579,52.303],[6.565,52.287],[6.585,52.285],[6.579,52.303]]]},"properties":{"id":285570,"statcode":"WK018903","statnaam":"Wijk 03 Enter (kern)","jrstatcode":"1998WK018903","rubriek":"wijk","FID":"wijk_gegeneraliseerd_1998.f1eca67d-3478-450c-8e2f-467e2e0bf3c8"},"id":"WK018903"},
{"type":"Feature","geometry":{"type":"Polygon","coordinates":[[[6.55,52.32],[6.55,52.288],[6.575,52.269],[6.605,52.271],[6.612,52.277],[6.632,52.302],[6.613,52.313],[6.619,52.326],[6.612,52.335],[6.591,52.335],[6.574,52.316],[6.55,52.32]],[[6.579,52.303],[6.585,52.285],[6.565,52.287],[6.579,52.303]]]},"properties":{"id":285571,"statcode":"WK018904","statnaam":"Wijk 04 Landelijk gebied Enter","jrstatcode":"1998WK018904","rubriek":"wijk","FID":"wijk_gegeneraliseerd_1998.df9181ed-1054-4ab5-952b-435d1ca6c916"},"id":"WK018904"},
{"type":"Feature","geometry":{"type":"Polygon","coordinates":[[[6.591,52.335],[6.558,52.342],[6.512,52.363],[6.491,52.349],[6.468,52.326],[6.529,52.322],[6.531,52.319],[6.532,52.317],[6.538,52.316],[6.55,52.32],[6.574,52.316],[6.591,52.335]]]},"properties":{"id":285572,"statcode":"WK018905","statnaam":"Wijk 05 Rectum - Notter - Zuna","jrstatcode":"1998WK018905","rubriek":"wijk","FID":"wijk_gegeneraliseerd_1998.09361541-30f8-44df-852f-c610c3097116"},"id":"WK018905"},
{"type":"Feature","geometry":{"type":"Polygon","coordinates":[[[6.132,52.37],[6.152,52.382],[6.202,52.383],[6.23,52.391],[6.222,52.408],[6.188,52.411],[6.167,52.419],[6.133,52.418],[6.131,52.4],[6.121,52.38],[6.132,52.37]]]},"properties":{"id":285573,"statcode":"WK019000","statnaam":"Wijk 00 Wijhe","jrstatcode":"1998WK019000","rubriek":"wijk","FID":"wijk_gegeneraliseerd_1998.8fcabedf-f4eb-4604-b780-f19042678265"},"id":"WK019000"},
{"type":"Feature","geometry":{"type":"Polygon","coordinates":[[[6.202,52.383],[6.152,52.382],[6.132,52.37],[6.184,52.352],[6.197,52.352],[6.19,52.375],[6.202,52.383]]]},"properties":{"id":285574,"statcode":"WK019001","statnaam":"Wijk 01 Boerhaar","jrstatcode":"1998WK019001","rubriek":"wijk","FID":"wijk_gegeneraliseerd_1998.dc740ab2-2be9-4071-82ce-9e49f284efc5"},"id":"WK019001"},
{"type":"Feature","geometry":{"type":"Polygon","coordinates":[[[6.12,52.433],[6.111,52.408],[6.131,52.4],[6.133,52.418],[6.12,52.433]]]},"properties":{"id":285575,"statcode":"WK019002","statnaam":"Wijk 02 Marle","jrstatcode":"1998WK019002","rubriek":"wijk","FID":"wijk_gegeneraliseerd_1998.9ef9908f-cbbd-499a-94a9-6e3703e1c469"},"id":"WK019002"},
{"type":"Feature","geometry":{"type":"Polygon","coordinates":[[[6.151,52.449],[6.167,52.419],[6.188,52.411],[6.222,52.408],[6.231,52.423],[6.221,52.425],[6.178,52.431],[6.155,52.453],[6.151,52.449]]]},"properties":{"id":285576,"statcode":"WK019003","statnaam":"Wijk 03 't Nijenhuis","jrstatcode":"1998WK019003","rubriek":"wijk","FID":"wijk_gegeneraliseerd_1998.d665a72b-10b5-4623-9617-8e3e9dc91bbd"},"id":"WK019003"},
{"type":"Feature","geometry":{"type":"Polygon","coordinates":[[[6.151,52.449],[6.14,52.442],[6.11,52.441],[6.12,52.433],[6.133,52.418],[6.167,52.419],[6.151,52.449]]]},"properties":{"id":285577,"statcode":"WK019004","statnaam":"Wijk 04 Herxen","jrstatcode":"1998WK019004","rubriek":"wijk","FID":"wijk_gegeneraliseerd_1998.25e16683-5206-4e45-a41c-74163f4d457b"},"id":"WK019004"},
{"type":"Feature","geometry":{"type":"Polygon","coordinates":[[[5.977,52.585],[5.935,52.573],[5.919,52.575],[5.917,52.567],[5.935,52.541],[5.938,52.54],[5.969,52.558],[5.958,52.57],[5.983,52.578],[5.977,52.585]]]},"properties":{"id":285578,"statcode":"WK019100","statnaam":"Wijk 00 Ijsselmuiden","jrstatcode":"1998WK019100","rubriek":"wijk","FID":"wijk_gegeneraliseerd_1998.d1e38ef8-76e9-45d3-ba47-30c3d9e10b60"},"id":"WK019100"},
{"type":"Feature","geometry":{"type":"Polygon","coordinates":[[[5.969,52.558],[5.938,52.54],[5.956,52.533],[5.961,52.518],[5.987,52.524],[5.991,52.526],[5.969,52.558]]]},"properties":{"id":285579,"statcode":"WK019101","statnaam":"Wijk 01 Wilsum","jrstatcode":"1998WK019101","rubriek":"wijk","FID":"wijk_gegeneraliseerd_1998.0e84490d-558d-47e1-8136-2f0aa4bdfb6c"},"id":"WK019101"},
{"type":"Feature","geometry":{"type":"Polygon","coordinates":[[[5.967,52.477],[5.959,52.503],[5.987,52.524],[5.961,52.518],[5.956,52.533],[5.938,52.54],[5.935,52.541],[5.905,52.523],[5.883,52.519],[5.901,52.506],[5.925,52.474],[5.946,52.482],[5.967,52.477]]]},"properties":{"id":285580,"statcode":"WK019102","statnaam":"Wijk 02 Kamperveen","jrstatcode":"1998WK019102","rubriek":"wijk","FID":"wijk_gegeneraliseerd_1998.111bcb48-1bcb-4cee-b2f8-092696542c07"},"id":"WK019102"},
{"type":"Feature","geometry":{"type":"Polygon","coordinates":[[[5.991,52.526],[5.987,52.524],[5.959,52.503],[5.967,52.477],[6.001,52.5],[6.028,52.51],[6.018,52.525],[5.991,52.526]]]},"properties":{"id":285581,"statcode":"WK019103","statnaam":"Wijk 03 Zalk","jrstatcode":"1998WK019103","rubriek":"wijk","FID":"wijk_gegeneraliseerd_1998.ba8159dd-c54d-4e04-9f4d-150399907d3e"},"id":"WK019103"},
{"type":"Feature","geometry":{"type":"Polygon","coordinates":[[[6.031,52.538],[6.041,52.548],[6.013,52.586],[5.983,52.578],[5.958,52.57],[5.969,52.558],[5.991,52.526],[6.018,52.525],[6.031,52.538]]]},"properties":{"id":285582,"statcode":"WK019104","statnaam":"Wijk 04 's-Heerenbroek","jrstatcode":"1998WK019104","rubriek":"wijk","FID":"wijk_gegeneraliseerd_1998.d9549f1e-2d2a-49ea-87a1-3030f63e87f1"},"id":"WK019104"},
{"type":"Feature","geometry":{"type":"Polygon","coordinates":[[[5.977,52.585],[5.973,52.592],[5.971,52.594],[5.942,52.594],[5.919,52.575],[5.935,52.573],[5.977,52.585]]]},"properties":{"id":285583,"statcode":"WK019105","statnaam":"Wijk 05 Grafhorst","jrstatcode":"1998WK019105","rubriek":"wijk","FID":"wijk_gegeneraliseerd_1998.e82e8b98-3768-4a64-9377-2d29ff8e909d"},"id":"WK019105"},
{"type":"Feature","geometry":{"type":"Polygon","coordinates":[[[6.12,52.668],[6.077,52.66],[6.059,52.652],[6.061,52.635],[6.078,52.63],[6.079,52.618],[6.092,52.602],[6.09,52.601],[6.106,52.604],[6.107,52.615],[6.097,52.636],[6.104,52.656],[6.12,52.668]]]},"properties":{"id":285584,"statcode":"WK019200","statnaam":"Wijk 00","jrstatcode":"1998WK019200","rubriek":"wijk","FID":"wijk_gegeneraliseerd_1998.75979aec-dff3-4415-b3ad-1da68c63d138"},"id":"WK019200"},
{"type":"Feature","geometry":{"type":"Polygon","coordinates":[[[6.101,52.513],[6.089,52.515],[6.086,52.511],[6.101,52.513]]]},"properties":{"id":285585,"statcode":"WK019310","statnaam":"Wijk 10 Binnenstad","jrstatcode":"1998WK019310","rubriek":"wijk","FID":"wijk_gegeneraliseerd_1998.14a7e752-ab1b-4d78-95dc-af9d628aeb35"},"id":"WK019310"},
{"type":"Feature","geometry":{"type":"Polygon","coordinates":[[[6.104,52.512],[6.119,52.518],[6.116,52.526],[6.096,52.523],[6.084,52.517],[6.089,52.515],[6.101,52.513],[6.104,52.512]]]},"properties":{"id":285586,"statcode":"WK019311","statnaam":"Wijk 11 Diezerpoort","jrstatcode":"1998WK019311","rubriek":"wijk","FID":"wijk_gegeneraliseerd_1998.36f41bb1-bffd-45d6-80d4-e04a4749cbb4"},"id":"WK019311"},
{"type":"Feature","geometry":{"type":"Polygon","coordinates":[[[6.131,52.502],[6.119,52.518],[6.104,52.512],[6.127,52.5],[6.131,52.502]]]},"properties":{"id":285587,"statcode":"WK019312","statnaam":"Wijk 12 Wipstrik","jrstatcode":"1998WK019312","rubriek":"wijk","FID":"wijk_gegeneraliseerd_1998.f06edd0d-b6ce-4e00-8511-367d1a95dfbf"},"id":"WK019312"},
{"type":"Feature","geometry":{"type":"Polygon","coordinates":[[[6.127,52.5],[6.104,52.512],[6.101,52.513],[6.086,52.511],[6.078,52.503],[6.107,52.499],[6.127,52.5]]]},"properties":{"id":285588,"statcode":"WK019313","statnaam":"Wijk 13 Assendorp","jrstatcode":"1998WK019313","rubriek":"wijk","FID":"wijk_gegeneraliseerd_1998.bdc44292-1bb8-4581-b9cd-a28ccb3b9276"},"id":"WK019313"},
{"type":"Feature","geometry":{"type":"Polygon","coordinates":[[[6.089,52.515],[6.084,52.517],[6.066,52.506],[6.078,52.503],[6.086,52.511],[6.089,52.515]]]},"properties":{"id":285589,"statcode":"WK019314","statnaam":"Wijk 14 Kamperpoort-Veerallee","jrstatcode":"1998WK019314","rubriek":"wijk","FID":"wijk_gegeneraliseerd_1998.a6eb54d6-5c93-45c5-b311-16d23c17100a"},"id":"WK019314"},
{"type":"Feature","geometry":{"type":"Polygon","coordinates":[[[6.066,52.506],[6.084,52.517],[6.071,52.525],[6.066,52.519],[6.045,52.504],[6.055,52.5],[6.066,52.506]]]},"properties":{"id":285590,"statcode":"WK019320","statnaam":"Wijk 20 Poort van Zwolle","jrstatcode":"1998WK019320","rubriek":"wijk","FID":"wijk_gegeneraliseerd_1998.4125b34f-28a5-48d8-bfeb-de41c0d7a07f"},"id":"WK019320"},
{"type":"Feature","geometry":{"type":"Polygon","coordinates":[[[6.045,52.504],[6.066,52.519],[6.031,52.538],[6.018,52.525],[6.028,52.51],[6.045,52.504]]]},"properties":{"id":285591,"statcode":"WK019321","statnaam":"Wijk 21 Westenholte","jrstatcode":"1998WK019321","rubriek":"wijk","FID":"wijk_gegeneraliseerd_1998.16ecba6d-5ad1-4243-9d1a-ba9d97981d14"},"id":"WK019321"},
{"type":"Feature","geometry":{"type":"Polygon","coordinates":[[[6.071,52.525],[6.074,52.536],[6.09,52.552],[6.068,52.556],[6.041,52.548],[6.031,52.538],[6.066,52.519],[6.071,52.525]]]},"properties":{"id":285592,"statcode":"WK019322","statnaam":"Wijk 22 Stadshagen","jrstatcode":"1998WK019322","rubriek":"wijk","FID":"wijk_gegeneraliseerd_1998.9de40044-aa04-4638-abcc-90bad9f12c9b"},"id":"WK019322"},
{"type":"Feature","geometry":{"type":"Polygon","coordinates":[[[6.096,52.523],[6.084,52.534],[6.074,52.536],[6.071,52.525],[6.084,52.517],[6.096,52.523]]]},"properties":{"id":285593,"statcode":"WK019330","statnaam":"Wijk 30 Holtenbroek","jrstatcode":"1998WK019330","rubriek":"wijk","FID":"wijk_gegeneraliseerd_1998.63adddd7-c9ea-43e1-8c5a-c37737c87d87"},"id":"WK019330"},
{"type":"Feature","geometry":{"type":"Polygon","coordinates":[[[6.116,52.526],[6.113,52.538],[6.095,52.542],[6.084,52.534],[6.096,52.523],[6.116,52.526]]]},"properties":{"id":285594,"statcode":"WK019331","statnaam":"Wijk 31 Aalanden","jrstatcode":"1998WK019331","rubriek":"wijk","FID":"wijk_gegeneraliseerd_1998.30b2ab54-2612-4d7d-a438-f9b8c8cc0472"},"id":"WK019331"},
{"type":"Feature","geometry":{"type":"Polygon","coordinates":[[[6.116,52.526],[6.153,52.532],[6.172,52.559],[6.167,52.565],[6.141,52.552],[6.118,52.557],[6.104,52.567],[6.09,52.552],[6.074,52.536],[6.084,52.534],[6.095,52.542],[6.113,52.538],[6.116,52.526]]]},"properties":{"id":285595,"statcode":"WK019332","statnaam":"Wijk 32 Vechtlanden","jrstatcode":"1998WK019332","rubriek":"wijk","FID":"wijk_gegeneraliseerd_1998.cabd1294-257f-442c-91bf-b071c233813a"},"id":"WK019332"},
{"type":"Feature","geometry":{"type":"Polygon","coordinates":[[[6.131,52.502],[6.17,52.521],[6.187,52.523],[6.193,52.532],[6.184,52.544],[6.172,52.559],[6.153,52.532],[6.116,52.526],[6.119,52.518],[6.131,52.502]]]},"properties":{"id":285596,"statcode":"WK019340","statnaam":"Wijk 40 Berkum","jrstatcode":"1998WK019340","rubriek":"wijk","FID":"wijk_gegeneraliseerd_1998.2a1584ce-dcd3-47b5-81b5-cb4357791a0b"},"id":"WK019340"},
{"type":"Feature","geometry":{"type":"Polygon","coordinates":[[[6.13,52.485],[6.151,52.471],[6.163,52.474],[6.187,52.481],[6.2,52.491],[6.173,52.519],[6.187,52.523],[6.17,52.521],[6.131,52.502],[6.127,52.5],[6.107,52.499],[6.13,52.485]]]},"properties":{"id":285597,"statcode":"WK019341","statnaam":"Wijk 41 Marsweteringlanden","jrstatcode":"1998WK019341","rubriek":"wijk","FID":"wijk_gegeneraliseerd_1998.701332a9-0bb0-4c9a-879c-b567daf44f88"},"id":"WK019341"},
{"type":"Feature","geometry":{"type":"Polygon","coordinates":[[[6.107,52.499],[6.078,52.503],[6.066,52.506],[6.055,52.5],[6.063,52.488],[6.1,52.47],[6.112,52.475],[6.107,52.499]]]},"properties":{"id":285598,"statcode":"WK019350","statnaam":"Wijk 50 Schelle","jrstatcode":"1998WK019350","rubriek":"wijk","FID":"wijk_gegeneraliseerd_1998.e27dd5d2-3680-4e85-9d70-900519bccaf2"},"id":"WK019350"},
{"type":"Feature","geometry":{"type":"Polygon","coordinates":[[[6.13,52.485],[6.107,52.499],[6.112,52.475],[6.13,52.485]]]},"properties":{"id":285599,"statcode":"WK019351","statnaam":"Wijk 51 Ittersum","jrstatcode":"1998WK019351","rubriek":"wijk","FID":"wijk_gegeneraliseerd_1998.c680445f-5a27-4055-b2ca-dd3ca76a0045"},"id":"WK019351"},
{"type":"Feature","geometry":{"type":"Polygon","coordinates":[[[6.13,52.485],[6.112,52.475],[6.1,52.47],[6.103,52.454],[6.11,52.441],[6.14,52.442],[6.151,52.449],[6.155,52.453],[6.153,52.461],[6.151,52.471],[6.13,52.485]]]},"properties":{"id":285600,"statcode":"WK019352","statnaam":"Wijk 52 Soestweteringlanden","jrstatcode":"1998WK019352","rubriek":"wijk","FID":"wijk_gegeneraliseerd_1998.b8e35e98-40fa-4734-b230-7075b5394f35"},"id":"WK019352"},
{"type":"Feature","geometry":{"type":"Polygon","coordinates":[[[5.97,52.67],[5.983,52.682],[5.981,52.705],[5.955,52.704],[5.965,52.693],[5.934,52.675],[5.934,52.67],[5.966,52.666],[5.97,52.67]]]},"properties":{"id":285601,"statcode":"WK019400","statnaam":"Wijk 00 Vollenhove","jrstatcode":"1998WK019400","rubriek":"wijk","FID":"wijk_gegeneraliseerd_1998.2d7bbe88-96f2-4661-97fa-1444f95a23f1"},"id":"WK019400"},
{"type":"Feature","geometry":{"type":"Polygon","coordinates":[[[5.97,52.67],[6.003,52.673],[6.026,52.683],[6.016,52.691],[6.072,52.702],[6.051,52.705],[6.016,52.713],[6.004,52.706],[5.981,52.705],[5.983,52.682],[5.97,52.67]]]},"properties":{"id":285602,"statcode":"WK019401","statnaam":"Wijk 01 Sint Jansklooster","jrstatcode":"1998WK019401","rubriek":"wijk","FID":"wijk_gegeneraliseerd_1998.0803fcc6-782d-4c9c-8cb5-d1496719c79c"},"id":"WK019401"},
{"type":"Feature","geometry":{"type":"Polygon","coordinates":[[[6.059,52.652],[6.04,52.656],[6.033,52.679],[6.026,52.683],[6.003,52.673],[5.97,52.67],[5.966,52.666],[5.984,52.657],[6,52.655],[6.02,52.637],[6.05,52.63],[6.061,52.635],[6.059,52.652]]]},"properties":{"id":285603,"statcode":"WK019402","statnaam":"Wijk 02 Heetveld","jrstatcode":"1998WK019402","rubriek":"wijk","FID":"wijk_gegeneraliseerd_1998.494b04e7-0ca4-4d14-b17f-38e4d814e121"},"id":"WK019402"},
{"type":"Feature","geometry":{"type":"Polygon","coordinates":[[[6.093,52.674],[6.082,52.685],[6.033,52.679],[6.04,52.656],[6.059,52.652],[6.077,52.66],[6.093,52.674]]]},"properties":{"id":285604,"statcode":"WK019403","statnaam":"Wijk 03 Belt-Schutsloot","jrstatcode":"1998WK019403","rubriek":"wijk","FID":"wijk_gegeneraliseerd_1998.b25bcbf3-9e3c-42ae-8950-c3a0e85ae70d"},"id":"WK019403"},
{"type":"Feature","geometry":{"type":"Polygon","coordinates":[[[6.093,52.674],[6.133,52.685],[6.127,52.709],[6.111,52.723],[6.094,52.71],[6.072,52.702],[6.016,52.691],[6.026,52.683],[6.033,52.679],[6.082,52.685],[6.093,52.674]]]},"properties":{"id":285605,"statcode":"WK019404","statnaam":"Wijk 04 Wanneperveen","jrstatcode":"1998WK019404","rubriek":"wijk","FID":"wijk_gegeneraliseerd_1998.37a5730e-be4b-43a8-8dd2-57fae2feaa58"},"id":"WK019404"},
{"type":"Feature","geometry":{"type":"Polygon","coordinates":[[[6.157,52.692],[6.121,52.75],[6.11,52.746],[6.108,52.738],[6.111,52.723],[6.127,52.709],[6.133,52.685],[6.093,52.674],[6.077,52.66],[6.12,52.668],[6.152,52.684],[6.159,52.692],[6.157,52.692]]]},"properties":{"id":285606,"statcode":"WK019405","statnaam":"Wijk 05 Dinxterveen","jrstatcode":"1998WK019405","rubriek":"wijk","FID":"wijk_gegeneraliseerd_1998.457002ae-c0c7-4225-b41b-e820725af5d2"},"id":"WK019405"},
{"type":"Feature","geometry":{"type":"Polygon","coordinates":[[[6.108,52.738],[6.051,52.73],[6.051,52.705],[6.072,52.702],[6.094,52.71],[6.111,52.723],[6.108,52.738]]]},"properties":{"id":285607,"statcode":"WK019406","statnaam":"Wijk 06 Giethoorn-Zuid","jrstatcode":"1998WK019406","rubriek":"wijk","FID":"wijk_gegeneraliseerd_1998.d1eb38df-d532-4b15-b56d-6794955197e0"},"id":"WK019406"},
{"type":"Feature","geometry":{"type":"Polygon","coordinates":[[[6.091,52.774],[6.089,52.773],[6.053,52.766],[6.039,52.756],[5.997,52.744],[6.002,52.729],[6.05,52.739],[6.051,52.73],[6.108,52.738],[6.11,52.746],[6.09,52.755],[6.091,52.774]]]},"properties":{"id":285608,"statcode":"WK019407","statnaam":"Wijk 07 Giethoorn-Noord","jrstatcode":"1998WK019407","rubriek":"wijk","FID":"wijk_gegeneraliseerd_1998.ebec0379-28f9-4a8f-aec2-887bdc0343b2"},"id":"WK019407"},
{"type":"Feature","geometry":{"type":"Polygon","coordinates":[[[6.016,52.713],[6.051,52.705],[6.051,52.73],[6.05,52.739],[6.002,52.729],[6.016,52.713]]]},"properties":{"id":285609,"statcode":"WK019408","statnaam":"Wijk 08 Dwarsgracht","jrstatcode":"1998WK019408","rubriek":"wijk","FID":"wijk_gegeneraliseerd_1998.7f772662-c451-4ce9-a534-8257e0bd2f4a"},"id":"WK019408"},
{"type":"Feature","geometry":{"type":"Polygon","coordinates":[[[6.002,52.729],[5.997,52.744],[5.975,52.739],[5.964,52.745],[5.94,52.72],[5.955,52.704],[5.981,52.705],[6.004,52.706],[6.016,52.713],[6.002,52.729]]]},"properties":{"id":285610,"statcode":"WK019409","statnaam":"Wijk 09 Blokzijl","jrstatcode":"1998WK019409","rubriek":"wijk","FID":"wijk_gegeneraliseerd_1998.f7d25d80-2bf9-4c37-b477-64abe3f4447c"},"id":"WK019409"},
{"type":"Feature","geometry":{"type":"Polygon","coordinates":[[[6.031,52.815],[6.024,52.823],[5.998,52.817],[5.987,52.822],[5.973,52.843],[5.942,52.836],[5.924,52.824],[5.949,52.804],[5.968,52.798],[6,52.796],[6.031,52.815]]]},"properties":{"id":285611,"statcode":"WK019500","statnaam":"Wijk 00 Oldemarkt","jrstatcode":"1998WK019500","rubriek":"wijk","FID":"wijk_gegeneraliseerd_1998.51d81827-ab45-4336-861f-ba10bbcaef2d"},"id":"WK019500"},
{"type":"Feature","geometry":{"type":"Polygon","coordinates":[[[6,52.796],[5.968,52.798],[5.949,52.804],[5.924,52.824],[5.912,52.816],[5.88,52.801],[5.885,52.796],[5.909,52.777],[5.952,52.758],[5.959,52.76],[5.962,52.769],[6.005,52.794],[6,52.796]]]},"properties":{"id":285612,"statcode":"WK019501","statnaam":"Wijk 01 Watergebied","jrstatcode":"1998WK019501","rubriek":"wijk","FID":"wijk_gegeneraliseerd_1998.441e4b1b-d617-48ca-9c59-47cec63cdf12"},"id":"WK019501"},
{"type":"Feature","geometry":{"type":"Polygon","coordinates":[[[5.88,52.801],[5.839,52.806],[5.82,52.817],[5.795,52.807],[5.811,52.792],[5.819,52.785],[5.863,52.781],[5.885,52.796],[5.88,52.801]]]},"properties":{"id":285613,"statcode":"WK019502","statnaam":"Wijk 02 Kuinre","jrstatcode":"1998WK019502","rubriek":"wijk","FID":"wijk_gegeneraliseerd_1998.2507a2b2-f513-46c5-84ef-d76ee8b11a90"},"id":"WK019502"},
{"type":"Feature","geometry":{"type":"Polygon","coordinates":[[[5.959,52.76],[5.952,52.758],[5.909,52.777],[5.885,52.796],[5.863,52.781],[5.922,52.751],[5.93,52.74],[5.963,52.752],[5.959,52.76]]]},"properties":{"id":285614,"statcode":"WK019503","statnaam":"Wijk 03 Blankenham","jrstatcode":"1998WK019503","rubriek":"wijk","FID":"wijk_gegeneraliseerd_1998.caaf68d9-4c08-479b-a98c-444f67f6bfb7"},"id":"WK019503"},
{"type":"Feature","geometry":{"type":"Polygon","coordinates":[[[6.049,52.77],[6.045,52.791],[6.005,52.794],[5.962,52.769],[5.959,52.76],[5.963,52.752],[5.975,52.739],[5.997,52.744],[6.039,52.756],[6.053,52.766],[6.049,52.77]]]},"properties":{"id":285615,"statcode":"WK019504","statnaam":"Wijk 04 Scheerwolde","jrstatcode":"1998WK019504","rubriek":"wijk","FID":"wijk_gegeneraliseerd_1998.34cc1fd6-c331-4edd-8aac-3af10057f27c"},"id":"WK019504"},
{"type":"Feature","geometry":{"type":"Polygon","coordinates":[[[5.975,52.739],[5.963,52.752],[5.93,52.74],[5.94,52.72],[5.964,52.745],[5.975,52.739]]]},"properties":{"id":285616,"statcode":"WK019505","statnaam":"Wijk 05 Baarlo","jrstatcode":"1998WK019505","rubriek":"wijk","FID":"wijk_gegeneraliseerd_1998.844f263c-ab8d-4778-9284-dcf9983a7477"},"id":"WK019505"},
{"type":"Feature","geometry":{"type":"Polygon","coordinates":[[[6.064,51.865],[6.09,51.852],[6.137,51.847],[6.167,51.841],[6.167,51.862],[6.145,51.87],[6.137,51.886],[6.103,51.892],[6.074,51.91],[6.037,51.91],[6.058,51.891],[6.054,51.869],[6.064,51.865]]]},"properties":{"id":285617,"statcode":"WK019600","statnaam":"Wijk 00 Herwen en Aerdt","jrstatcode":"1998WK019600","rubriek":"wijk","FID":"wijk_gegeneraliseerd_1998.1a9c0826-3c10-4cd2-ad27-26d006b07301"},"id":"WK019600"},
{"type":"Feature","geometry":{"type":"Polygon","coordinates":[[[6.054,51.869],[6.058,51.891],[6.037,51.91],[6.02,51.916],[5.987,51.913],[6.022,51.896],[6.031,51.879],[6.045,51.871],[6.054,51.869]]]},"properties":{"id":285618,"statcode":"WK019601","statnaam":"Wijk 01 Pannerden","jrstatcode":"1998WK019601","rubriek":"wijk","FID":"wijk_gegeneraliseerd_1998.f675a709-60d3-4516-85a7-a50723a24f49"},"id":"WK019601"},
{"type":"Feature","geometry":{"type":"Polygon","coordinates":[[[6.6,51.935],[6.556,51.931],[6.538,51.937],[6.519,51.954],[6.505,51.946],[6.489,51.913],[6.472,51.908],[6.476,51.902],[6.512,51.911],[6.525,51.902],[6.509,51.878],[6.515,51.873],[6.542,51.883],[6.556,51.882],[6.586,51.894],[6.622,51.901],[6.597,51.918],[6.601,51.928],[6.6,51.935]]]},"properties":{"id":285619,"statcode":"WK019700","statnaam":"Wijk 00 Aalten West en Zuid","jrstatcode":"1998WK019700","rubriek":"wijk","FID":"wijk_gegeneraliseerd_1998.822a374a-7f69-4d5b-b3f0-58b7c601f3ea"},"id":"WK019700"},
{"type":"Feature","geometry":{"type":"MultiPolygon","coordinates":[[[[6.6,51.935],[6.598,51.961],[6.602,51.971],[6.548,51.973],[6.527,51.966],[6.519,51.954],[6.538,51.937],[6.556,51.931],[6.6,51.935]]],[[[6.601,51.928],[6.597,51.918],[6.622,51.901],[6.669,51.914],[6.639,51.933],[6.601,51.928]]]]},"properties":{"id":285620,"statcode":"WK019701","statnaam":"Wijk 01 Aalten Noord en Oost","jrstatcode":"1998WK019701","rubriek":"wijk","FID":"wijk_gegeneraliseerd_1998.e633016c-e767-432e-8ef1-162594c9e58e"},"id":"WK019701"},
{"type":"Feature","geometry":{"type":"Polygon","coordinates":[[[6.634,51.941],[6.634,51.946],[6.639,51.963],[6.602,51.971],[6.598,51.961],[6.6,51.935],[6.601,51.928],[6.639,51.933],[6.634,51.941]]]},"properties":{"id":285621,"statcode":"WK019702","statnaam":"Wijk 02","jrstatcode":"1998WK019702","rubriek":"wijk","FID":"wijk_gegeneraliseerd_1998.00310e4e-a201-4d4b-9fa1-37da8b0260e8"},"id":"WK019702"},
{"type":"Feature","geometry":{"type":"Polygon","coordinates":[[[5.233,51.771],[5.174,51.764],[5.186,51.742],[5.207,51.741],[5.231,51.741],[5.233,51.771]]]},"properties":{"id":285622,"statcode":"WK019800","statnaam":"Wijk 00","jrstatcode":"1998WK019800","rubriek":"wijk","FID":"wijk_gegeneraliseerd_1998.135d75ca-47fc-420c-8088-8a0c091d849a"},"id":"WK019800"},
{"type":"Feature","geometry":{"type":"Polygon","coordinates":[[[6.161,51.981],[6.16,52],[6.109,51.996],[6.084,51.995],[6.077,52.01],[6.058,52.014],[6.041,52.001],[6.01,51.995],[6.002,51.981],[6.002,51.978],[6.045,51.98],[6.067,51.975],[6.09,51.968],[6.106,51.967],[6.145,51.98],[6.161,51.981]]]},"properties":{"id":285623,"statcode":"WK019900","statnaam":"Wijk 00","jrstatcode":"1998WK019900","rubriek":"wijk","FID":"wijk_gegeneraliseerd_1998.4c1dfd1d-de5f-478b-ab30-396ce8e734a5"},"id":"WK019900"},
{"type":"Feature","geometry":{"type":"Polygon","coordinates":[[[5.97,52.217],[5.93,52.227],[5.901,52.229],[5.904,52.217],[5.893,52.209],[5.911,52.189],[5.928,52.193],[5.958,52.208],[5.978,52.209],[5.97,52.217]]]},"properties":{"id":285624,"statcode":"WK020000","statnaam":"Wijk 00 Apeldoorn  centrum en west","jrstatcode":"1998WK020000","rubriek":"wijk","FID":"wijk_gegeneraliseerd_1998.40520f67-2ecb-44b0-9dfd-d6cc2684cc9d"},"id":"WK020000"},
{"type":"Feature","geometry":{"type":"Polygon","coordinates":[[[5.928,52.193],[5.911,52.177],[5.938,52.179],[5.951,52.174],[5.962,52.173],[5.958,52.208],[5.928,52.193]]]},"properties":{"id":285625,"statcode":"WK020001","statnaam":"Wijk 01 Apeldoorn zuidwest","jrstatcode":"1998WK020001","rubriek":"wijk","FID":"wijk_gegeneraliseerd_1998.d889a774-6cfe-4efe-a6af-6685e3b9face"},"id":"WK020001"},
{"type":"Feature","geometry":{"type":"Polygon","coordinates":[[[5.992,52.18],[5.978,52.209],[5.958,52.208],[5.962,52.173],[5.992,52.18]]]},"properties":{"id":285626,"statcode":"WK020002","statnaam":"Wijk 02 Apeldoorn stedelijk gebied zuid","jrstatcode":"1998WK020002","rubriek":"wijk","FID":"wijk_gegeneraliseerd_1998.50932a0f-ec17-4472-b835-7bdcdd12f089"},"id":"WK020002"},
{"type":"Feature","geometry":{"type":"Polygon","coordinates":[[[6.019,52.199],[5.978,52.209],[5.992,52.18],[6.023,52.188],[6.019,52.199]]]},"properties":{"id":285627,"statcode":"WK020003","statnaam":"Wijk 03 Apeldoorn zuidoost","jrstatcode":"1998WK020003","rubriek":"wijk","FID":"wijk_gegeneraliseerd_1998.b54a981a-8b7f-4716-b0c3-8f140fcf70a9"},"id":"WK020003"},
{"type":"Feature","geometry":{"type":"Polygon","coordinates":[[[5.93,52.227],[5.97,52.217],[5.978,52.245],[5.943,52.237],[5.93,52.227]]]},"properties":{"id":285628,"statcode":"WK020004","statnaam":"Wijk 04 Apeldoorn stedelijk gebied noord","jrstatcode":"1998WK020004","rubriek":"wijk","FID":"wijk_gegeneraliseerd_1998.b3ce228c-44f4-4011-9c37-bc3217d14400"},"id":"WK020004"},
{"type":"Feature","geometry":{"type":"Polygon","coordinates":[[[5.978,52.245],[5.97,52.217],[5.987,52.214],[6.017,52.228],[6.006,52.25],[5.978,52.245]]]},"properties":{"id":285629,"statcode":"WK020005","statnaam":"Wijk 05 Apeldoorn  noordoost","jrstatcode":"1998WK020005","rubriek":"wijk","FID":"wijk_gegeneraliseerd_1998.72b84e3d-c97d-4c9d-b567-783feb757a3c"},"id":"WK020005"},
{"type":"Feature","geometry":{"type":"Polygon","coordinates":[[[5.978,52.209],[6.019,52.199],[6.023,52.214],[6.017,52.228],[5.987,52.214],[5.97,52.217],[5.978,52.209]]]},"properties":{"id":285630,"statcode":"WK020006","statnaam":"Wijk 06 Apeldoorn stedelijk gebied oost","jrstatcode":"1998WK020006","rubriek":"wijk","FID":"wijk_gegeneraliseerd_1998.cfdaf560-f086-4b46-9a53-84228733302a"},"id":"WK020006"},
{"type":"Feature","geometry":{"type":"Polygon","coordinates":[[[6.075,52.148],[6.049,52.185],[6.054,52.195],[6.047,52.22],[6.033,52.224],[6.029,52.249],[6.037,52.269],[6.029,52.277],[5.922,52.272],[5.879,52.265],[5.861,52.256],[5.881,52.233],[5.901,52.229],[5.93,52.227],[5.943,52.237],[5.978,52.245],[6.006,52.25],[6.017,52.228],[6.023,52.214],[6.019,52.199],[6.023,52.188],[5.992,52.18],[6.001,52.164],[6.04,52.146],[6.052,52.124],[6.078,52.139],[6.076,52.144],[6.075,52.148]]]},"properties":{"id":285631,"statcode":"WK020007","statnaam":"Wijk 07 Landelijk gebied  noordoost","jrstatcode":"1998WK020007","rubriek":"wijk","FID":"wijk_gegeneraliseerd_1998.ea5f0b47-abfd-47b1-af7f-3758ef7c7161"},"id":"WK020007"},
{"type":"Feature","geometry":{"type":"Polygon","coordinates":[[[5.95,52.1],[5.955,52.126],[5.945,52.125],[5.931,52.152],[5.939,52.172],[5.951,52.174],[5.938,52.179],[5.911,52.177],[5.928,52.193],[5.911,52.189],[5.893,52.209],[5.904,52.217],[5.901,52.229],[5.881,52.233],[5.861,52.256],[5.851,52.269],[5.81,52.27],[5.75,52.268],[5.761,52.248],[5.726,52.243],[5.742,52.22],[5.731,52.208],[5.751,52.194],[5.793,52.197],[5.812,52.185],[5.802,52.177],[5.81,52.151],[5.846,52.152],[5.861,52.145],[5.865,52.126],[5.884,52.106],[5.911,52.1],[5.95,52.1]]]},"properties":{"id":285632,"statcode":"WK020008","statnaam":"Wijk 08 Landelijk gebied noordwest","jrstatcode":"1998WK020008","rubriek":"wijk","FID":"wijk_gegeneraliseerd_1998.307e1bf2-f71b-46fc-ac53-9ef77de03dd3"},"id":"WK020008"},
{"type":"Feature","geometry":{"type":"Polygon","coordinates":[[[5.992,52.18],[5.962,52.173],[5.951,52.174],[5.939,52.172],[5.931,52.152],[5.945,52.125],[5.955,52.126],[5.95,52.1],[5.946,52.078],[5.956,52.073],[5.99,52.079],[6.009,52.074],[6.031,52.095],[6.036,52.109],[6.052,52.124],[6.04,52.146],[6.001,52.164],[5.992,52.18]]]},"properties":{"id":285633,"statcode":"WK020009","statnaam":"Wijk 09 Landelijk gebied zuid","jrstatcode":"1998WK020009","rubriek":"wijk","FID":"wijk_gegeneraliseerd_1998.c0bac915-e5d5-43e2-848a-51b4ff6d60db"},"id":"WK020009"},
{"type":"Feature","geometry":{"type":"Polygon","coordinates":[[[5.893,51.983],[5.912,51.975],[5.915,51.978],[5.911,51.986],[5.894,51.986],[5.893,51.983]]]},"properties":{"id":285634,"statcode":"WK020201","statnaam":"Wijk 01 Centrum","jrstatcode":"1998WK020201","rubriek":"wijk","FID":"wijk_gegeneraliseerd_1998.240fe683-f4db-431a-9807-33a9b0aa3260"},"id":"WK020201"},
{"type":"Feature","geometry":{"type":"Polygon","coordinates":[[[5.915,51.978],[5.927,51.984],[5.921,51.985],[5.914,51.986],[5.911,51.986],[5.915,51.978]]]},"properties":{"id":285635,"statcode":"WK020202","statnaam":"Wijk 02 Spijkerkwartier","jrstatcode":"1998WK020202","rubriek":"wijk","FID":"wijk_gegeneraliseerd_1998.154147df-f17f-484d-9d01-e52da7c196ee"},"id":"WK020202"},
{"type":"Feature","geometry":{"type":"Polygon","coordinates":[[[5.955,51.972],[5.928,51.983],[5.927,51.984],[5.915,51.978],[5.912,51.975],[5.936,51.96],[5.956,51.948],[5.95,51.959],[5.959,51.97],[5.955,51.972]]]},"properties":{"id":285636,"statcode":"WK020203","statnaam":"Wijk 03 Arnhemse broek","jrstatcode":"1998WK020203","rubriek":"wijk","FID":"wijk_gegeneraliseerd_1998.ffe7a492-17ce-4fea-a06b-e3a6d51b69f6"},"id":"WK020203"},
{"type":"Feature","geometry":{"type":"Polygon","coordinates":[[[5.955,51.972],[5.942,51.987],[5.928,51.983],[5.955,51.972]]]},"properties":{"id":285637,"statcode":"WK020204","statnaam":"Wijk 04 Presikhaaf West","jrstatcode":"1998WK020204","rubriek":"wijk","FID":"wijk_gegeneraliseerd_1998.207c83f5-fd29-4c2d-b436-800a4946973b"},"id":"WK020204"},
{"type":"Feature","geometry":{"type":"Polygon","coordinates":[[[5.955,51.994],[5.942,51.987],[5.955,51.972],[5.959,51.97],[5.99,51.974],[5.955,51.994]]]},"properties":{"id":285638,"statcode":"WK020205","statnaam":"Wijk 05 Presikhaaf Oost","jrstatcode":"1998WK020205","rubriek":"wijk","FID":"wijk_gegeneraliseerd_1998.777f809b-a56c-4555-9008-b980348147ba"},"id":"WK020205"},
{"type":"Feature","geometry":{"type":"Polygon","coordinates":[[[5.908,51.991],[5.911,51.986],[5.914,51.986],[5.919,51.993],[5.908,51.991]]]},"properties":{"id":285639,"statcode":"WK020206","statnaam":"Wijk 06 St. Marten/Sonsbeek-Zuid","jrstatcode":"1998WK020206","rubriek":"wijk","FID":"wijk_gegeneraliseerd_1998.5c851001-b851-44bb-b216-27fe41a89248"},"id":"WK020206"},
{"type":"Feature","geometry":{"type":"Polygon","coordinates":[[[5.921,51.985],[5.932,51.993],[5.922,51.993],[5.919,51.993],[5.914,51.986],[5.921,51.985]]]},"properties":{"id":285640,"statcode":"WK020207","statnaam":"Wijk 07 Klarendal","jrstatcode":"1998WK020207","rubriek":"wijk","FID":"wijk_gegeneraliseerd_1998.dc0cdcf3-a5d9-4a32-aef2-505d9ccf7c92"},"id":"WK020207"},
{"type":"Feature","geometry":{"type":"Polygon","coordinates":[[[5.939,51.998],[5.932,51.993],[5.921,51.985],[5.927,51.984],[5.928,51.983],[5.942,51.987],[5.955,51.994],[5.952,52],[5.95,52.004],[5.946,52.002],[5.939,51.998]]]},"properties":{"id":285641,"statcode":"WK020208","statnaam":"Wijk 08 Velperweg e.o.","jrstatcode":"1998WK020208","rubriek":"wijk","FID":"wijk_gegeneraliseerd_1998.2b9256cf-f4dd-4818-9131-d707e48a3f4a"},"id":"WK020208"},
{"type":"Feature","geometry":{"type":"Polygon","coordinates":[[[5.898,52.006],[5.908,51.991],[5.919,51.993],[5.922,51.993],[5.914,52.008],[5.898,52.006]]]},"properties":{"id":285642,"statcode":"WK020209","statnaam":"Wijk 09 Alteveer en Cranevelt","jrstatcode":"1998WK020209","rubriek":"wijk","FID":"wijk_gegeneraliseerd_1998.6ad899ef-4da6-4013-8a4e-48efd6e331e7"},"id":"WK020209"},
{"type":"Feature","geometry":{"type":"Polygon","coordinates":[[[5.946,52.002],[5.942,52.008],[5.934,52.005],[5.939,51.998],[5.946,52.002]]]},"properties":{"id":285643,"statcode":"WK020210","statnaam":"Wijk 10 Geitenkamp","jrstatcode":"1998WK020210","rubriek":"wijk","FID":"wijk_gegeneraliseerd_1998.d8bd6461-d96d-4f80-8e14-f2897996894d"},"id":"WK020210"},
{"type":"Feature","geometry":{"type":"Polygon","coordinates":[[[5.939,51.998],[5.934,52.005],[5.942,52.008],[5.946,52.002],[5.95,52.004],[5.942,52.011],[5.914,52.008],[5.922,51.993],[5.932,51.993],[5.939,51.998]]]},"properties":{"id":285644,"statcode":"WK020211","statnaam":"Wijk 11 Monnikenhuizen","jrstatcode":"1998WK020211","rubriek":"wijk","FID":"wijk_gegeneraliseerd_1998.1f7ada5c-207e-44cb-8de8-a40739f6296d"},"id":"WK020211"},
{"type":"Feature","geometry":{"type":"Polygon","coordinates":[[[5.898,52.006],[5.872,51.996],[5.877,51.994],[5.894,51.986],[5.911,51.986],[5.908,51.991],[5.898,52.006]]]},"properties":{"id":285645,"statcode":"WK020212","statnaam":"Wijk 12 Burgemeesterswijk/Hoogkamp","jrstatcode":"1998WK020212","rubriek":"wijk","FID":"wijk_gegeneraliseerd_1998.7c8ae448-7aff-4020-a37d-ab86040ae9a8"},"id":"WK020212"},
{"type":"Feature","geometry":{"type":"Polygon","coordinates":[[[5.956,52.073],[5.946,52.078],[5.91,52.062],[5.899,52.05],[5.85,52.052],[5.838,52.047],[5.813,52.024],[5.803,52.004],[5.819,52.001],[5.864,51.996],[5.872,51.996],[5.898,52.006],[5.914,52.008],[5.942,52.011],[5.937,52.048],[5.956,52.073]]]},"properties":{"id":285646,"statcode":"WK020213","statnaam":"Wijk 13 Schaarsbergen e.o.","jrstatcode":"1998WK020213","rubriek":"wijk","FID":"wijk_gegeneraliseerd_1998.49dd207f-02fc-4990-bf55-5d356aa1b9a8"},"id":"WK020213"},
{"type":"Feature","geometry":{"type":"Polygon","coordinates":[[[5.893,51.983],[5.894,51.986],[5.877,51.994],[5.885,51.983],[5.893,51.983]]]},"properties":{"id":285647,"statcode":"WK020214","statnaam":"Wijk 14 Heijenoord/Lombok","jrstatcode":"1998WK020214","rubriek":"wijk","FID":"wijk_gegeneraliseerd_1998.15be9c45-9b1e-4bce-a878-9a5b90848d8d"},"id":"WK020214"},
{"type":"Feature","geometry":{"type":"Polygon","coordinates":[[[5.885,51.983],[5.877,51.994],[5.872,51.996],[5.864,51.996],[5.871,51.975],[5.885,51.983]]]},"properties":{"id":285648,"statcode":"WK020215","statnaam":"Wijk 15 Klingelbeek","jrstatcode":"1998WK020215","rubriek":"wijk","FID":"wijk_gegeneraliseerd_1998.d12dc045-4ccc-4dfe-aee5-c1b82c046bd5"},"id":"WK020215"},
{"type":"Feature","geometry":{"type":"Polygon","coordinates":[[[5.906,51.969],[5.912,51.975],[5.893,51.983],[5.885,51.983],[5.871,51.975],[5.855,51.97],[5.854,51.968],[5.879,51.966],[5.897,51.963],[5.901,51.965],[5.906,51.969]]]},"properties":{"id":285649,"statcode":"WK020216","statnaam":"Wijk 16 Malburgen West","jrstatcode":"1998WK020216","rubriek":"wijk","FID":"wijk_gegeneraliseerd_1998.dc09c07c-ee6f-4016-8662-c3341c612002"},"id":"WK020216"},
{"type":"Feature","geometry":{"type":"Polygon","coordinates":[[[5.936,51.96],[5.912,51.975],[5.906,51.969],[5.931,51.955],[5.936,51.96]]]},"properties":{"id":285650,"statcode":"WK020217","statnaam":"Wijk 17 Malburgen Oost (Noord)","jrstatcode":"1998WK020217","rubriek":"wijk","FID":"wijk_gegeneraliseerd_1998.179b451e-8a9a-4990-8935-20b71a3faa18"},"id":"WK020217"},
{"type":"Feature","geometry":{"type":"Polygon","coordinates":[[[5.931,51.955],[5.906,51.969],[5.901,51.965],[5.918,51.951],[5.931,51.955]]]},"properties":{"id":285651,"statcode":"WK020218","statnaam":"Wijk 18 Malburgen Oost (Zuid)","jrstatcode":"1998WK020218","rubriek":"wijk","FID":"wijk_gegeneraliseerd_1998.7be42bfc-a957-4a78-88cb-cd0b7b3397a5"},"id":"WK020218"},
{"type":"Feature","geometry":{"type":"Polygon","coordinates":[[[5.918,51.951],[5.901,51.965],[5.897,51.963],[5.889,51.959],[5.911,51.947],[5.918,51.951]]]},"properties":{"id":285652,"statcode":"WK020219","statnaam":"Wijk 19 Vredenburg/Kronenburg","jrstatcode":"1998WK020219","rubriek":"wijk","FID":"wijk_gegeneraliseerd_1998.8a9c8aa4-91aa-4fe9-8e1c-4da1333d9ef2"},"id":"WK020219"},
{"type":"Feature","geometry":{"type":"Polygon","coordinates":[[[5.897,51.963],[5.879,51.966],[5.866,51.954],[5.879,51.95],[5.889,51.959],[5.897,51.963]]]},"properties":{"id":285653,"statcode":"WK020220","statnaam":"Wijk 20 Elden","jrstatcode":"1998WK020220","rubriek":"wijk","FID":"wijk_gegeneraliseerd_1998.a95864b7-a370-4639-8599-9856d0dd0977"},"id":"WK020220"},
{"type":"Feature","geometry":{"type":"Polygon","coordinates":[[[5.879,51.966],[5.854,51.968],[5.852,51.955],[5.866,51.954],[5.879,51.966]]]},"properties":{"id":285654,"statcode":"WK020221","statnaam":"Wijk 21 Elderveld","jrstatcode":"1998WK020221","rubriek":"wijk","FID":"wijk_gegeneraliseerd_1998.c4c57e8d-aad8-4e08-a8b1-8b947f9a8178"},"id":"WK020221"},
{"type":"Feature","geometry":{"type":"Polygon","coordinates":[[[5.879,51.95],[5.866,51.954],[5.852,51.955],[5.853,51.944],[5.879,51.939],[5.879,51.95]]]},"properties":{"id":285655,"statcode":"WK020222","statnaam":"Wijk 22 De Laar","jrstatcode":"1998WK020222","rubriek":"wijk","FID":"wijk_gegeneraliseerd_1998.bd203d7f-7e8e-49b1-afbf-42debfd368f4"},"id":"WK020222"},
{"type":"Feature","geometry":{"type":"Polygon","coordinates":[[[5.879,51.939],[5.898,51.934],[5.902,51.933],[5.911,51.947],[5.889,51.959],[5.879,51.95],[5.879,51.939]]]},"properties":{"id":285656,"statcode":"WK020223","statnaam":"Wijk 23 Rijkerswoerd","jrstatcode":"1998WK020223","rubriek":"wijk","FID":"wijk_gegeneraliseerd_1998.7f131b8f-2fa3-426f-a122-99b3d3853692"},"id":"WK020223"},
{"type":"Feature","geometry":{"type":"Polygon","coordinates":[[[5.836,51.974],[5.83,51.954],[5.853,51.944],[5.852,51.955],[5.854,51.968],[5.855,51.97],[5.836,51.974]]]},"properties":{"id":285657,"statcode":"WK020224","statnaam":"Wijk 24 Schuytgraaf","jrstatcode":"1998WK020224","rubriek":"wijk","FID":"wijk_gegeneraliseerd_1998.a1ea6de7-b365-447d-a357-f5966dc6d3d4"},"id":"WK020224"},
{"type":"Feature","geometry":{"type":"Polygon","coordinates":[[[5.636,52.173],[5.566,52.168],[5.543,52.163],[5.536,52.142],[5.499,52.147],[5.511,52.138],[5.486,52.115],[5.494,52.111],[5.515,52.102],[5.532,52.102],[5.55,52.105],[5.562,52.122],[5.578,52.121],[5.657,52.133],[5.631,52.144],[5.636,52.173]]]},"properties":{"id":285658,"statcode":"WK020300","statnaam":"Wijk 00 Barneveld","jrstatcode":"1998WK020300","rubriek":"wijk","FID":"wijk_gegeneraliseerd_1998.1bdeee7c-aad7-4e3f-a215-a81d5135576e"},"id":"WK020300"},
{"type":"Feature","geometry":{"type":"Polygon","coordinates":[[[5.633,52.208],[5.627,52.194],[5.6,52.198],[5.578,52.195],[5.569,52.179],[5.544,52.175],[5.521,52.192],[5.485,52.182],[5.48,52.166],[5.479,52.165],[5.482,52.151],[5.499,52.147],[5.536,52.142],[5.543,52.163],[5.566,52.168],[5.636,52.173],[5.655,52.18],[5.672,52.208],[5.658,52.219],[5.633,52.208]]]},"properties":{"id":285659,"statcode":"WK020301","statnaam":"Wijk 01 Voorthuizen","jrstatcode":"1998WK020301","rubriek":"wijk","FID":"wijk_gegeneraliseerd_1998.2af97c42-bb61-4e89-a4c8-19699ec7eebf"},"id":"WK020301"},
{"type":"Feature","geometry":{"type":"Polygon","coordinates":[[[5.81,52.151],[5.802,52.177],[5.812,52.185],[5.793,52.197],[5.751,52.194],[5.731,52.208],[5.742,52.22],[5.726,52.243],[5.684,52.241],[5.681,52.225],[5.658,52.219],[5.672,52.208],[5.655,52.18],[5.636,52.173],[5.631,52.144],[5.657,52.133],[5.684,52.132],[5.722,52.139],[5.72,52.146],[5.762,52.147],[5.775,52.152],[5.81,52.151]]]},"properties":{"id":285660,"statcode":"WK020302","statnaam":"Wijk 02 Garderen-Kootwijk","jrstatcode":"1998WK020302","rubriek":"wijk","FID":"wijk_gegeneraliseerd_1998.9528672e-864a-4de7-b028-6a734c2c5dbf"},"id":"WK020302"},
{"type":"Feature","geometry":{"type":"Polygon","coordinates":[[[5.925,51.874],[5.944,51.879],[5.962,51.897],[5.977,51.901],[5.987,51.883],[6.006,51.882],[6.045,51.871],[6.031,51.879],[6.022,51.896],[5.987,51.913],[5.976,51.924],[5.955,51.929],[5.924,51.919],[5.902,51.933],[5.898,51.934],[5.891,51.907],[5.875,51.897],[5.857,51.897],[5.872,51.889],[5.876,51.877],[5.887,51.865],[5.925,51.874]]]},"properties":{"id":285661,"statcode":"WK020600","statnaam":"Wijk 00","jrstatcode":"1998WK020600","rubriek":"wijk","FID":"wijk_gegeneraliseerd_1998.55205bb3-956d-49e8-8828-1494a4cd0601"},"id":"WK020600"},
{"type":"Feature","geometry":{"type":"Polygon","coordinates":[[[6.203,51.872],[6.215,51.868],[6.262,51.868],[6.28,51.874],[6.299,51.868],[6.321,51.869],[6.327,51.885],[6.33,51.895],[6.311,51.9],[6.311,51.921],[6.291,51.922],[6.306,51.937],[6.306,51.939],[6.302,51.944],[6.294,51.944],[6.273,51.943],[6.263,51.943],[6.263,51.935],[6.241,51.927],[6.257,51.898],[6.248,51.881],[6.23,51.892],[6.203,51.872]]]},"properties":{"id":285662,"statcode":"WK020700","statnaam":"Wijk 00 's-Heerenberg","jrstatcode":"1998WK020700","rubriek":"wijk","FID":"wijk_gegeneraliseerd_1998.c38f3769-4d2c-4cbf-a20a-3c78e50df491"},"id":"WK020700"},
{"type":"Feature","geometry":{"type":"Polygon","coordinates":[[[6.254,51.943],[6.232,51.947],[6.193,51.941],[6.169,51.915],[6.155,51.912],[6.154,51.905],[6.191,51.887],[6.203,51.872],[6.23,51.892],[6.248,51.881],[6.257,51.898],[6.241,51.927],[6.263,51.935],[6.263,51.943],[6.254,51.943]]]},"properties":{"id":285663,"statcode":"WK020701","statnaam":"Wijk 01","jrstatcode":"1998WK020701","rubriek":"wijk","FID":"wijk_gegeneraliseerd_1998.fe21cc64-f5d4-4048-ae7f-654f32cd0ee3"},"id":"WK020701"},
{"type":"Feature","geometry":{"type":"Polygon","coordinates":[[[5.761,51.881],[5.764,51.874],[5.73,51.845],[5.718,51.839],[5.765,51.832],[5.808,51.852],[5.817,51.85],[5.826,51.866],[5.817,51.87],[5.761,51.881]]]},"properties":{"id":285664,"statcode":"WK020900","statnaam":"Wijk 00 Beuningen","jrstatcode":"1998WK020900","rubriek":"wijk","FID":"wijk_gegeneraliseerd_1998.477dfd70-5729-4395-85ef-004dd0524930"},"id":"WK020900"},
{"type":"Feature","geometry":{"type":"Polygon","coordinates":[[[5.668,51.866],[5.685,51.849],[5.709,51.84],[5.718,51.839],[5.73,51.845],[5.764,51.874],[5.761,51.881],[5.747,51.884],[5.707,51.893],[5.685,51.896],[5.668,51.866]]]},"properties":{"id":285665,"statcode":"WK020901","statnaam":"Wijk 01 Ewijk","jrstatcode":"1998WK020901","rubriek":"wijk","FID":"wijk_gegeneraliseerd_1998.b1f295d4-08ed-443d-ad05-d46ffe72fd23"},"id":"WK020901"},
{"type":"Feature","geometry":{"type":"Polygon","coordinates":[[[6.555,52.177],[6.518,52.181],[6.492,52.178],[6.484,52.157],[6.467,52.147],[6.481,52.142],[6.492,52.125],[6.478,52.101],[6.496,52.095],[6.511,52.082],[6.556,52.099],[6.579,52.094],[6.602,52.11],[6.603,52.121],[6.568,52.121],[6.559,52.137],[6.542,52.145],[6.555,52.177]]]},"properties":{"id":285666,"statcode":"WK021100","statnaam":"Wijk 00","jrstatcode":"1998WK021100","rubriek":"wijk","FID":"wijk_gegeneraliseerd_1998.1a37dc8c-daf8-4864-a216-b7b5ef3f6882"},"id":"WK021100"},
{"type":"Feature","geometry":{"type":"Polygon","coordinates":[[[5.157,51.774],[5.163,51.801],[5.149,51.815],[5.127,51.815],[5.09,51.827],[5.051,51.818],[5.027,51.819],[5.001,51.821],[5.012,51.811],[5.039,51.801],[5.048,51.798],[5.068,51.78],[5.082,51.781],[5.101,51.787],[5.116,51.779],[5.139,51.767],[5.157,51.774]]]},"properties":{"id":285667,"statcode":"WK021200","statnaam":"Wijk 00","jrstatcode":"1998WK021200","rubriek":"wijk","FID":"wijk_gegeneraliseerd_1998.00b8d8c8-335c-433a-a9d1-c3d4de6aee10"},"id":"WK021200"},
{"type":"Feature","geometry":{"type":"Polygon","coordinates":[[[6.085,52.082],[6.103,52.078],[6.123,52.063],[6.137,52.059],[6.168,52.076],[6.179,52.091],[6.207,52.092],[6.218,52.098],[6.213,52.111],[6.186,52.118],[6.186,52.124],[6.184,52.134],[6.165,52.146],[6.182,52.152],[6.185,52.161],[6.167,52.162],[6.105,52.152],[6.076,52.144],[6.078,52.139],[6.092,52.127],[6.111,52.122],[6.085,52.082]]]},"properties":{"id":285668,"statcode":"WK021300","statnaam":"Wijk 00 Brummen","jrstatcode":"1998WK021300","rubriek":"wijk","FID":"wijk_gegeneraliseerd_1998.077c31da-a67e-42e7-9558-128b2246d58a"},"id":"WK021300"},
{"type":"Feature","geometry":{"type":"Polygon","coordinates":[[[6.006,52.066],[6.024,52.067],[6.068,52.088],[6.085,52.082],[6.111,52.122],[6.092,52.127],[6.078,52.139],[6.052,52.124],[6.036,52.109],[6.031,52.095],[6.009,52.074],[6.006,52.066]]]},"properties":{"id":285669,"statcode":"WK021301","statnaam":"Wijk 01 Eerbeek-Hall","jrstatcode":"1998WK021301","rubriek":"wijk","FID":"wijk_gegeneraliseerd_1998.ce62e728-e955-4666-8c46-e599e23ab0ff"},"id":"WK021301"},
{"type":"Feature","geometry":{"type":"Polygon","coordinates":[[[5.337,51.881],[5.336,51.892],[5.373,51.898],[5.353,51.929],[5.325,51.937],[5.281,51.933],[5.274,51.92],[5.295,51.9],[5.307,51.896],[5.337,51.881]]]},"properties":{"id":285670,"statcode":"WK021400","statnaam":"Wijk 00 Buren","jrstatcode":"1998WK021400","rubriek":"wijk","FID":"wijk_gegeneraliseerd_1998.88736144-1f6d-456e-b273-a23abdce5a60"},"id":"WK021400"},
{"type":"Feature","geometry":{"type":"Polygon","coordinates":[[[5.325,51.937],[5.311,51.957],[5.27,51.966],[5.242,51.946],[5.255,51.935],[5.281,51.933],[5.325,51.937]]]},"properties":{"id":285671,"statcode":"WK021401","statnaam":"Wijk 01 Beusichem","jrstatcode":"1998WK021401","rubriek":"wijk","FID":"wijk_gegeneraliseerd_1998.58666bc8-b08f-41e9-b7ce-371c9bd455bc"},"id":"WK021401"},
{"type":"Feature","geometry":{"type":"Polygon","coordinates":[[[5.389,51.94],[5.379,51.932],[5.353,51.929],[5.373,51.898],[5.336,51.892],[5.337,51.881],[5.339,51.874],[5.4,51.898],[5.411,51.912],[5.434,51.92],[5.46,51.924],[5.459,51.927],[5.447,51.936],[5.389,51.94]]]},"properties":{"id":285672,"statcode":"WK021402","statnaam":"Wijk 02 Zoelen","jrstatcode":"1998WK021402","rubriek":"wijk","FID":"wijk_gegeneraliseerd_1998.724d9f41-4cea-4eaf-92fd-238a8b831b18"},"id":"WK021402"},
{"type":"Feature","geometry":{"type":"Polygon","coordinates":[[[5.256,51.971],[5.23,51.976],[5.213,51.96],[5.18,51.968],[5.149,51.933],[5.142,51.925],[5.176,51.921],[5.208,51.926],[5.233,51.924],[5.255,51.935],[5.242,51.946],[5.27,51.966],[5.256,51.971]]]},"properties":{"id":285673,"statcode":"WK021600","statnaam":"Wijk 00","jrstatcode":"1998WK021600","rubriek":"wijk","FID":"wijk_gegeneraliseerd_1998.606108c0-d8bd-4c07-8683-73e7dfa09cbb"},"id":"WK021600"},
{"type":"Feature","geometry":{"type":"Polygon","coordinates":[[[6.1,51.924],[6.131,51.913],[6.155,51.912],[6.169,51.915],[6.193,51.941],[6.158,51.959],[6.145,51.98],[6.106,51.967],[6.09,51.968],[6.092,51.93],[6.1,51.924]]]},"properties":{"id":285674,"statcode":"WK021800","statnaam":"Wijk 00","jrstatcode":"1998WK021800","rubriek":"wijk","FID":"wijk_gegeneraliseerd_1998.b39139e8-6301-4e4d-8e99-b61b2ead5f8b"},"id":"WK021800"},
{"type":"Feature","geometry":{"type":"Polygon","coordinates":[[[6.515,51.873],[6.509,51.878],[6.525,51.902],[6.512,51.911],[6.476,51.902],[6.484,51.88],[6.464,51.855],[6.5,51.862],[6.515,51.873]]]},"properties":{"id":285675,"statcode":"WK021900","statnaam":"Wijk 00","jrstatcode":"1998WK021900","rubriek":"wijk","FID":"wijk_gegeneraliseerd_1998.c1a73702-0b1e-4780-a4c9-194102b482b6"},"id":"WK021900"},
{"type":"Feature","geometry":{"type":"Polygon","coordinates":[[[5.69,51.935],[5.66,51.934],[5.617,51.923],[5.626,51.899],[5.685,51.896],[5.707,51.893],[5.706,51.908],[5.695,51.921],[5.69,51.935]]]},"properties":{"id":285676,"statcode":"WK022000","statnaam":"Wijk 00","jrstatcode":"1998WK022000","rubriek":"wijk","FID":"wijk_gegeneraliseerd_1998.f935a73a-e942-432f-b718-e22b915d0dcb"},"id":"WK022000"},
{"type":"Feature","geometry":{"type":"Polygon","coordinates":[[[6.109,51.996],[6.16,52],[6.16,52.007],[6.174,52.018],[6.175,52.039],[6.149,52.042],[6.124,52.034],[6.132,52.024],[6.125,52.009],[6.109,51.996]]]},"properties":{"id":285677,"statcode":"WK022100","statnaam":"Wijk 00","jrstatcode":"1998WK022100","rubriek":"wijk","FID":"wijk_gegeneraliseerd_1998.09dd28bc-c9f4-4132-882b-af3c30604b27"},"id":"WK022100"},
{"type":"Feature","geometry":{"type":"Polygon","coordinates":[[[6.34,51.926],[6.361,51.923],[6.34,51.93],[6.34,51.926]]]},"properties":{"id":285678,"statcode":"WK022200","statnaam":"Wijk 00 Gaanderen","jrstatcode":"1998WK022200","rubriek":"wijk","FID":"wijk_gegeneraliseerd_1998.0dee7bca-0bbf-45de-b891-8d92fb8bce9d"},"id":"WK022200"},
{"type":"Feature","geometry":{"type":"Polygon","coordinates":[[[6.34,51.93],[6.361,51.923],[6.363,51.924],[6.36,51.925],[6.343,51.933],[6.34,51.93]]]},"properties":{"id":285679,"statcode":"WK022201","statnaam":"Wijk 00","jrstatcode":"1998WK022201","rubriek":"wijk","FID":"wijk_gegeneraliseerd_1998.510c3f7c-ea33-4234-bb65-172ef08b8d12"},"id":"WK022201"},
{"type":"Feature","geometry":{"type":"Polygon","coordinates":[[[6.344,51.94],[6.343,51.933],[6.36,51.925],[6.349,51.942],[6.344,51.94]]]},"properties":{"id":285680,"statcode":"WK022202","statnaam":"Wijk 00","jrstatcode":"1998WK022202","rubriek":"wijk","FID":"wijk_gegeneraliseerd_1998.3c3d45e6-12c3-418d-812b-3674cb301c7c"},"id":"WK022202"},
{"type":"Feature","geometry":{"type":"Polygon","coordinates":[[[6.354,51.948],[6.332,51.939],[6.334,51.937],[6.344,51.94],[6.349,51.942],[6.363,51.946],[6.354,51.948]]]},"properties":{"id":285681,"statcode":"WK022206","statnaam":"Wijk 00","jrstatcode":"1998WK022206","rubriek":"wijk","FID":"wijk_gegeneraliseerd_1998.c2359581-489a-4594-85c3-37118a0fe15d"},"id":"WK022206"},
{"type":"Feature","geometry":{"type":"Polygon","coordinates":[[[6.376,51.954],[6.363,51.946],[6.388,51.945],[6.396,51.953],[6.376,51.954]]]},"properties":{"id":285682,"statcode":"WK022207","statnaam":"Wijk 00","jrstatcode":"1998WK022207","rubriek":"wijk","FID":"wijk_gegeneraliseerd_1998.11ea6fc0-d502-4eb4-8cce-06aeb5add5f0"},"id":"WK022207"},
{"type":"Feature","geometry":{"type":"Polygon","coordinates":[[[6.388,51.945],[6.363,51.946],[6.349,51.942],[6.36,51.925],[6.363,51.924],[6.384,51.941],[6.388,51.945]]]},"properties":{"id":285683,"statcode":"WK022208","statnaam":"Wijk 00","jrstatcode":"1998WK022208","rubriek":"wijk","FID":"wijk_gegeneraliseerd_1998.92b5bdfb-b1a0-42fe-89c1-06162b07075f"},"id":"WK022208"},
{"type":"Feature","geometry":{"type":"Polygon","coordinates":[[[6.344,51.94],[6.334,51.937],[6.329,51.935],[6.322,51.935],[6.34,51.926],[6.34,51.93],[6.343,51.933],[6.344,51.94]]]},"properties":{"id":285684,"statcode":"WK022209","statnaam":"Wijk 00","jrstatcode":"1998WK022209","rubriek":"wijk","FID":"wijk_gegeneraliseerd_1998.9881df92-d924-466c-b3e3-aec0cd9ac65d"},"id":"WK022209"},
{"type":"Feature","geometry":{"type":"Polygon","coordinates":[[[6.287,51.968],[6.284,51.965],[6.288,51.963],[6.291,51.963],[6.293,51.965],[6.288,51.968],[6.287,51.968]]]},"properties":{"id":285685,"statcode":"WK022210","statnaam":"Wijk 01","jrstatcode":"1998WK022210","rubriek":"wijk","FID":"wijk_gegeneraliseerd_1998.b0eb59c2-9655-4f3f-90eb-864e4fd22850"},"id":"WK022210"},
{"type":"Feature","geometry":{"type":"Polygon","coordinates":[[[6.282,51.97],[6.279,51.967],[6.284,51.965],[6.287,51.968],[6.282,51.97]]]},"properties":{"id":285686,"statcode":"WK022211","statnaam":"Wijk 01","jrstatcode":"1998WK022211","rubriek":"wijk","FID":"wijk_gegeneraliseerd_1998.4eb03fde-6b80-44cd-a70d-fd73170f80dd"},"id":"WK022211"},
{"type":"Feature","geometry":{"type":"Polygon","coordinates":[[[6.287,51.973],[6.284,51.971],[6.282,51.97],[6.287,51.968],[6.288,51.968],[6.293,51.971],[6.29,51.971],[6.287,51.973]]]},"properties":{"id":285687,"statcode":"WK022212","statnaam":"Wijk 01","jrstatcode":"1998WK022212","rubriek":"wijk","FID":"wijk_gegeneraliseerd_1998.c27a1bd3-d5ee-4d14-b4e9-ba854e189a5e"},"id":"WK022212"},
{"type":"Feature","geometry":{"type":"Polygon","coordinates":[[[6.293,51.971],[6.288,51.968],[6.293,51.965],[6.297,51.969],[6.293,51.971]]]},"properties":{"id":285688,"statcode":"WK022213","statnaam":"Wijk 01","jrstatcode":"1998WK022213","rubriek":"wijk","FID":"wijk_gegeneraliseerd_1998.5542dfed-549c-4e0a-96d0-432042e13ca6"},"id":"WK022213"},
{"type":"Feature","geometry":{"type":"Polygon","coordinates":[[[6.297,51.969],[6.293,51.965],[6.301,51.961],[6.301,51.963],[6.301,51.966],[6.301,51.967],[6.297,51.969]]]},"properties":{"id":285689,"statcode":"WK022214","statnaam":"Wijk 01","jrstatcode":"1998WK022214","rubriek":"wijk","FID":"wijk_gegeneraliseerd_1998.8c6138c6-1660-4a83-a6a2-63d5643926b5"},"id":"WK022214"},
{"type":"Feature","geometry":{"type":"Polygon","coordinates":[[[6.293,51.965],[6.291,51.963],[6.297,51.959],[6.301,51.961],[6.293,51.965]]]},"properties":{"id":285690,"statcode":"WK022215","statnaam":"Wijk 01","jrstatcode":"1998WK022215","rubriek":"wijk","FID":"wijk_gegeneraliseerd_1998.6e3b8d1e-48c1-4622-8ff9-50d042c91858"},"id":"WK022215"},
{"type":"Feature","geometry":{"type":"Polygon","coordinates":[[[6.311,51.971],[6.301,51.967],[6.301,51.966],[6.311,51.967],[6.313,51.97],[6.311,51.971]]]},"properties":{"id":285691,"statcode":"WK022220","statnaam":"Wijk 02","jrstatcode":"1998WK022220","rubriek":"wijk","FID":"wijk_gegeneraliseerd_1998.7222b5df-907e-42b9-85d1-0e41520ba113"},"id":"WK022220"},
{"type":"Feature","geometry":{"type":"Polygon","coordinates":[[[6.302,51.973],[6.297,51.969],[6.301,51.967],[6.311,51.971],[6.304,51.975],[6.302,51.973]]]},"properties":{"id":285692,"statcode":"WK022221","statnaam":"Wijk 02","jrstatcode":"1998WK022221","rubriek":"wijk","FID":"wijk_gegeneraliseerd_1998.71c1c6c1-bd20-4670-a93e-121720e73002"},"id":"WK022221"},
{"type":"Feature","geometry":{"type":"Polygon","coordinates":[[[6.302,51.977],[6.302,51.975],[6.302,51.973],[6.304,51.975],[6.319,51.976],[6.322,51.976],[6.306,51.979],[6.302,51.977]]]},"properties":{"id":285693,"statcode":"WK022222","statnaam":"Wijk 02","jrstatcode":"1998WK022222","rubriek":"wijk","FID":"wijk_gegeneraliseerd_1998.7759f05d-bc25-4a34-8e5b-033c48315249"},"id":"WK022222"},
{"type":"Feature","geometry":{"type":"Polygon","coordinates":[[[6.319,51.976],[6.304,51.975],[6.311,51.971],[6.313,51.97],[6.314,51.97],[6.319,51.976]]]},"properties":{"id":285694,"statcode":"WK022223","statnaam":"Wijk 02","jrstatcode":"1998WK022223","rubriek":"wijk","FID":"wijk_gegeneraliseerd_1998.2ec4bf1c-0391-45e2-9496-fa4fb8290220"},"id":"WK022223"},
{"type":"Feature","geometry":{"type":"Polygon","coordinates":[[[6.322,51.976],[6.319,51.976],[6.314,51.97],[6.317,51.968],[6.318,51.968],[6.326,51.976],[6.325,51.976],[6.322,51.976]]]},"properties":{"id":285695,"statcode":"WK022224","statnaam":"Wijk 02","jrstatcode":"1998WK022224","rubriek":"wijk","FID":"wijk_gegeneraliseerd_1998.75b59e85-bdee-45e5-a8e4-1f20b3057f57"},"id":"WK022224"},
{"type":"Feature","geometry":{"type":"Polygon","coordinates":[[[6.314,51.97],[6.313,51.97],[6.311,51.967],[6.317,51.968],[6.314,51.97]]]},"properties":{"id":285696,"statcode":"WK022225","statnaam":"Wijk 02","jrstatcode":"1998WK022225","rubriek":"wijk","FID":"wijk_gegeneraliseerd_1998.313284ac-21bc-4c1c-9234-5de310eb6b86"},"id":"WK022225"},
{"type":"Feature","geometry":{"type":"Polygon","coordinates":[[[6.306,51.979],[6.322,51.976],[6.325,51.976],[6.307,51.982],[6.306,51.979]]]},"properties":{"id":285697,"statcode":"WK022229","statnaam":"Wijk 02","jrstatcode":"1998WK022229","rubriek":"wijk","FID":"wijk_gegeneraliseerd_1998.17a57f50-166d-4dcc-bcea-98c7944f8a42"},"id":"WK022229"},
{"type":"Feature","geometry":{"type":"Polygon","coordinates":[[[6.301,51.961],[6.297,51.959],[6.298,51.958],[6.299,51.958],[6.305,51.959],[6.301,51.961]]]},"properties":{"id":285698,"statcode":"WK022230","statnaam":"Wijk 03","jrstatcode":"1998WK022230","rubriek":"wijk","FID":"wijk_gegeneraliseerd_1998.5d006588-7803-4fc6-99d4-818ec0ae0740"},"id":"WK022230"},
{"type":"Feature","geometry":{"type":"Polygon","coordinates":[[[6.301,51.963],[6.301,51.961],[6.305,51.959],[6.312,51.962],[6.301,51.963]]]},"properties":{"id":285699,"statcode":"WK022231","statnaam":"Wijk 03","jrstatcode":"1998WK022231","rubriek":"wijk","FID":"wijk_gegeneraliseerd_1998.2b95e224-196c-4774-b174-ba49dc5ecd62"},"id":"WK022231"},
{"type":"Feature","geometry":{"type":"Polygon","coordinates":[[[6.318,51.968],[6.317,51.968],[6.311,51.967],[6.301,51.966],[6.301,51.963],[6.312,51.962],[6.317,51.967],[6.318,51.968]]]},"properties":{"id":285700,"statcode":"WK022232","statnaam":"Wijk 03","jrstatcode":"1998WK022232","rubriek":"wijk","FID":"wijk_gegeneraliseerd_1998.7a187613-865a-48fa-bbea-476fef4c76cd"},"id":"WK022232"},
{"type":"Feature","geometry":{"type":"Polygon","coordinates":[[[6.299,51.958],[6.298,51.958],[6.302,51.956],[6.309,51.945],[6.319,51.948],[6.299,51.958]]]},"properties":{"id":285701,"statcode":"WK022240","statnaam":"Wijk 04","jrstatcode":"1998WK022240","rubriek":"wijk","FID":"wijk_gegeneraliseerd_1998.79c40f7b-1e11-411a-9d11-657e1bcd666a"},"id":"WK022240"},
{"type":"Feature","geometry":{"type":"Polygon","coordinates":[[[6.317,51.967],[6.312,51.962],[6.305,51.959],[6.299,51.958],[6.319,51.948],[6.343,51.95],[6.329,51.955],[6.317,51.967]]]},"properties":{"id":285702,"statcode":"WK022241","statnaam":"Wijk 04","jrstatcode":"1998WK022241","rubriek":"wijk","FID":"wijk_gegeneraliseerd_1998.12d3e562-6ae8-4f5d-b6e6-ddbf98212075"},"id":"WK022241"},
{"type":"Feature","geometry":{"type":"Polygon","coordinates":[[[6.319,51.948],[6.309,51.945],[6.329,51.935],[6.334,51.937],[6.332,51.939],[6.319,51.948]]]},"properties":{"id":285703,"statcode":"WK022245","statnaam":"Wijk 04","jrstatcode":"1998WK022245","rubriek":"wijk","FID":"wijk_gegeneraliseerd_1998.ea55960a-d9e3-45c4-8d81-36344a53bd7c"},"id":"WK022245"},
{"type":"Feature","geometry":{"type":"Polygon","coordinates":[[[6.343,51.95],[6.319,51.948],[6.332,51.939],[6.354,51.948],[6.343,51.95]]]},"properties":{"id":285704,"statcode":"WK022246","statnaam":"Wijk 04","jrstatcode":"1998WK022246","rubriek":"wijk","FID":"wijk_gegeneraliseerd_1998.17090b09-3c70-47a1-9968-650bd2a4a902"},"id":"WK022246"},
{"type":"Feature","geometry":{"type":"Polygon","coordinates":[[[6.329,51.955],[6.343,51.95],[6.354,51.948],[6.363,51.946],[6.376,51.954],[6.353,51.964],[6.329,51.955]]]},"properties":{"id":285705,"statcode":"WK022247","statnaam":"Wijk 04","jrstatcode":"1998WK022247","rubriek":"wijk","FID":"wijk_gegeneraliseerd_1998.d9cb9d9b-793e-429f-bcbf-6ede6d3cf7c7"},"id":"WK022247"},
{"type":"Feature","geometry":{"type":"Polygon","coordinates":[[[6.326,51.976],[6.318,51.968],[6.317,51.967],[6.329,51.955],[6.353,51.964],[6.365,51.969],[6.326,51.976]]]},"properties":{"id":285706,"statcode":"WK022248","statnaam":"Wijk 04","jrstatcode":"1998WK022248","rubriek":"wijk","FID":"wijk_gegeneraliseerd_1998.bc882acb-7769-461e-93b2-b560be200f7f"},"id":"WK022248"},
{"type":"Feature","geometry":{"type":"Polygon","coordinates":[[[6.416,51.973],[6.403,51.982],[6.391,51.968],[6.365,51.969],[6.353,51.964],[6.376,51.954],[6.396,51.953],[6.416,51.973]]]},"properties":{"id":285707,"statcode":"WK022249","statnaam":"Wijk 04","jrstatcode":"1998WK022249","rubriek":"wijk","FID":"wijk_gegeneraliseerd_1998.56dd26b4-1cb3-447f-91fe-cab7c949b1c0"},"id":"WK022249"},
{"type":"Feature","geometry":{"type":"Polygon","coordinates":[[[6.291,51.963],[6.288,51.963],[6.287,51.959],[6.298,51.958],[6.297,51.959],[6.291,51.963]]]},"properties":{"id":285708,"statcode":"WK022250","statnaam":"Wijk 05","jrstatcode":"1998WK022250","rubriek":"wijk","FID":"wijk_gegeneraliseerd_1998.74889c2c-2936-4dd2-af41-561183622474"},"id":"WK022250"},
{"type":"Feature","geometry":{"type":"Polygon","coordinates":[[[6.302,51.944],[6.306,51.939],[6.322,51.935],[6.329,51.935],[6.309,51.945],[6.302,51.944]]]},"properties":{"id":285709,"statcode":"WK022257","statnaam":"Wijk 05","jrstatcode":"1998WK022257","rubriek":"wijk","FID":"wijk_gegeneraliseerd_1998.65d3462e-8cf7-4d7a-985e-0c76c8816de7"},"id":"WK022257"},
{"type":"Feature","geometry":{"type":"Polygon","coordinates":[[[6.287,51.954],[6.294,51.944],[6.302,51.944],[6.309,51.945],[6.302,51.956],[6.287,51.954]]]},"properties":{"id":285710,"statcode":"WK022258","statnaam":"Wijk 05","jrstatcode":"1998WK022258","rubriek":"wijk","FID":"wijk_gegeneraliseerd_1998.d3f4eeb3-2d40-4c8a-87a2-d736a97c8d82"},"id":"WK022258"},
{"type":"Feature","geometry":{"type":"Polygon","coordinates":[[[6.298,51.958],[6.287,51.959],[6.287,51.954],[6.302,51.956],[6.298,51.958]]]},"properties":{"id":285711,"statcode":"WK022259","statnaam":"Wijk 05","jrstatcode":"1998WK022259","rubriek":"wijk","FID":"wijk_gegeneraliseerd_1998.2e60aba4-08e9-44a0-b6be-ea3578bbc94c"},"id":"WK022259"},
{"type":"Feature","geometry":{"type":"Polygon","coordinates":[[[6.288,51.963],[6.284,51.965],[6.277,51.96],[6.276,51.959],[6.287,51.959],[6.288,51.963]]]},"properties":{"id":285712,"statcode":"WK022260","statnaam":"Wijk 06","jrstatcode":"1998WK022260","rubriek":"wijk","FID":"wijk_gegeneraliseerd_1998.f028a9bc-9e85-470e-b2f1-1516fe91f76a"},"id":"WK022260"},
{"type":"Feature","geometry":{"type":"Polygon","coordinates":[[[6.268,51.964],[6.258,51.96],[6.258,51.959],[6.26,51.959],[6.264,51.959],[6.276,51.959],[6.277,51.96],[6.268,51.964]]]},"properties":{"id":285713,"statcode":"WK022261","statnaam":"Wijk 06","jrstatcode":"1998WK022261","rubriek":"wijk","FID":"wijk_gegeneraliseerd_1998.9b85d510-c269-463a-b1f6-dcb15207746f"},"id":"WK022261"},
{"type":"Feature","geometry":{"type":"Polygon","coordinates":[[[6.254,51.965],[6.258,51.96],[6.268,51.964],[6.26,51.968],[6.254,51.965]]]},"properties":{"id":285714,"statcode":"WK022262","statnaam":"Wijk 06","jrstatcode":"1998WK022262","rubriek":"wijk","FID":"wijk_gegeneraliseerd_1998.ae5e1f4a-0b13-4ebd-9bb0-5f4b3727713a"},"id":"WK022262"},
{"type":"Feature","geometry":{"type":"Polygon","coordinates":[[[6.244,51.97],[6.254,51.965],[6.26,51.968],[6.251,51.97],[6.244,51.97]]]},"properties":{"id":285715,"statcode":"WK022263","statnaam":"Wijk 06","jrstatcode":"1998WK022263","rubriek":"wijk","FID":"wijk_gegeneraliseerd_1998.8b8f4cc1-3794-40a6-98ce-d90a51d82149"},"id":"WK022263"},
{"type":"Feature","geometry":{"type":"Polygon","coordinates":[[[6.237,51.969],[6.248,51.959],[6.257,51.959],[6.258,51.959],[6.258,51.96],[6.254,51.965],[6.244,51.97],[6.237,51.969]]]},"properties":{"id":285716,"statcode":"WK022264","statnaam":"Wijk 06","jrstatcode":"1998WK022264","rubriek":"wijk","FID":"wijk_gegeneraliseerd_1998.6edd986f-6a7d-4efe-b0ec-b3b849eb9e5c"},"id":"WK022264"},
{"type":"Feature","geometry":{"type":"Polygon","coordinates":[[[6.232,51.988],[6.23,51.976],[6.237,51.969],[6.244,51.97],[6.251,51.97],[6.254,51.974],[6.246,51.977],[6.232,51.988]]]},"properties":{"id":285717,"statcode":"WK022268","statnaam":"Wijk 06","jrstatcode":"1998WK022268","rubriek":"wijk","FID":"wijk_gegeneraliseerd_1998.bcc9e25d-09cc-46c2-a47b-916d5d114f25"},"id":"WK022268"},
{"type":"Feature","geometry":{"type":"Polygon","coordinates":[[[6.254,51.974],[6.251,51.97],[6.26,51.968],[6.268,51.964],[6.277,51.96],[6.284,51.965],[6.279,51.967],[6.272,51.968],[6.259,51.973],[6.254,51.974]]]},"properties":{"id":285718,"statcode":"WK022269","statnaam":"Wijk 06","jrstatcode":"1998WK022269","rubriek":"wijk","FID":"wijk_gegeneraliseerd_1998.32303643-01c1-4fa1-b950-89664273fc7a"},"id":"WK022269"},
{"type":"Feature","geometry":{"type":"Polygon","coordinates":[[[6.287,51.959],[6.276,51.959],[6.275,51.955],[6.287,51.954],[6.287,51.959]]]},"properties":{"id":285719,"statcode":"WK022270","statnaam":"Wijk 07","jrstatcode":"1998WK022270","rubriek":"wijk","FID":"wijk_gegeneraliseerd_1998.96549b37-eb27-4a03-8bc8-70fbf3394741"},"id":"WK022270"},
{"type":"Feature","geometry":{"type":"Polygon","coordinates":[[[6.26,51.959],[6.258,51.959],[6.257,51.959],[6.251,51.957],[6.255,51.953],[6.26,51.956],[6.26,51.959]]]},"properties":{"id":285720,"statcode":"WK022271","statnaam":"Wijk 07","jrstatcode":"1998WK022271","rubriek":"wijk","FID":"wijk_gegeneraliseerd_1998.c26cab54-372d-4a7b-a5f3-da462c7e95a3"},"id":"WK022271"},
{"type":"Feature","geometry":{"type":"Polygon","coordinates":[[[6.26,51.956],[6.255,51.953],[6.258,51.949],[6.262,51.952],[6.26,51.956]]]},"properties":{"id":285721,"statcode":"WK022272","statnaam":"Wijk 07","jrstatcode":"1998WK022272","rubriek":"wijk","FID":"wijk_gegeneraliseerd_1998.5bdb41f6-d00b-4fd1-813a-f41f25740b08"},"id":"WK022272"},
{"type":"Feature","geometry":{"type":"Polygon","coordinates":[[[6.262,51.952],[6.258,51.949],[6.262,51.946],[6.267,51.949],[6.262,51.952]]]},"properties":{"id":285722,"statcode":"WK022273","statnaam":"Wijk 07","jrstatcode":"1998WK022273","rubriek":"wijk","FID":"wijk_gegeneraliseerd_1998.bd5c4cad-8232-45df-807a-00dc0f23b356"},"id":"WK022273"},
{"type":"Feature","geometry":{"type":"Polygon","coordinates":[[[6.262,51.952],[6.267,51.949],[6.272,51.954],[6.262,51.952]]]},"properties":{"id":285723,"statcode":"WK022274","statnaam":"Wijk 07","jrstatcode":"1998WK022274","rubriek":"wijk","FID":"wijk_gegeneraliseerd_1998.380318df-0a52-4815-839f-0b3fdab478f3"},"id":"WK022274"},
{"type":"Feature","geometry":{"type":"Polygon","coordinates":[[[6.26,51.956],[6.262,51.952],[6.272,51.954],[6.268,51.957],[6.26,51.956]]]},"properties":{"id":285724,"statcode":"WK022275","statnaam":"Wijk 07","jrstatcode":"1998WK022275","rubriek":"wijk","FID":"wijk_gegeneraliseerd_1998.337bc33d-19d1-44eb-acf3-452e876d125a"},"id":"WK022275"},
{"type":"Feature","geometry":{"type":"Polygon","coordinates":[[[6.264,51.959],[6.26,51.959],[6.26,51.956],[6.268,51.957],[6.264,51.959]]]},"properties":{"id":285725,"statcode":"WK022276","statnaam":"Wijk 07","jrstatcode":"1998WK022276","rubriek":"wijk","FID":"wijk_gegeneraliseerd_1998.21ebdab5-2980-4369-9f87-994fb1eef012"},"id":"WK022276"},
{"type":"Feature","geometry":{"type":"Polygon","coordinates":[[[6.276,51.959],[6.264,51.959],[6.268,51.957],[6.272,51.954],[6.267,51.949],[6.262,51.946],[6.254,51.943],[6.263,51.943],[6.273,51.943],[6.275,51.955],[6.276,51.959]]]},"properties":{"id":285726,"statcode":"WK022277","statnaam":"Wijk 07","jrstatcode":"1998WK022277","rubriek":"wijk","FID":"wijk_gegeneraliseerd_1998.9504c4ec-eac0-40c1-9a23-2990ae46cd48"},"id":"WK022277"},
{"type":"Feature","geometry":{"type":"Polygon","coordinates":[[[6.287,51.954],[6.275,51.955],[6.273,51.943],[6.294,51.944],[6.287,51.954]]]},"properties":{"id":285727,"statcode":"WK022278","statnaam":"Wijk 07","jrstatcode":"1998WK022278","rubriek":"wijk","FID":"wijk_gegeneraliseerd_1998.2cbb5781-df28-4368-87b7-1e567ab9a928"},"id":"WK022278"},
{"type":"Feature","geometry":{"type":"Polygon","coordinates":[[[6.257,51.959],[6.248,51.959],[6.251,51.957],[6.257,51.959]]]},"properties":{"id":285728,"statcode":"WK022279","statnaam":"Wijk 07","jrstatcode":"1998WK022279","rubriek":"wijk","FID":"wijk_gegeneraliseerd_1998.8fa7d598-ca5d-493f-82a5-07bda5968c8b"},"id":"WK022279"},
{"type":"Feature","geometry":{"type":"Polygon","coordinates":[[[6.252,51.987],[6.257,51.983],[6.259,51.984],[6.252,51.987]]]},"properties":{"id":285729,"statcode":"WK022280","statnaam":"Wijk 08","jrstatcode":"1998WK022280","rubriek":"wijk","FID":"wijk_gegeneraliseerd_1998.0f7c150c-e35f-424c-86ca-f9294b313b39"},"id":"WK022280"},
{"type":"Feature","geometry":{"type":"Polygon","coordinates":[[[6.276,51.972],[6.272,51.968],[6.279,51.967],[6.282,51.97],[6.276,51.972]]]},"properties":{"id":285730,"statcode":"WK022281","statnaam":"Wijk 08","jrstatcode":"1998WK022281","rubriek":"wijk","FID":"wijk_gegeneraliseerd_1998.703ec1e9-3f59-47ab-bdfc-23e13f3e050d"},"id":"WK022281"},
{"type":"Feature","geometry":{"type":"Polygon","coordinates":[[[6.259,51.984],[6.257,51.983],[6.246,51.977],[6.254,51.974],[6.259,51.973],[6.266,51.977],[6.259,51.984]]]},"properties":{"id":285731,"statcode":"WK022288","statnaam":"Wijk 08","jrstatcode":"1998WK022288","rubriek":"wijk","FID":"wijk_gegeneraliseerd_1998.335122a2-8532-465b-a9fe-43c0c0e73724"},"id":"WK022288"},
{"type":"Feature","geometry":{"type":"Polygon","coordinates":[[[6.266,51.977],[6.259,51.973],[6.272,51.968],[6.276,51.972],[6.266,51.977]]]},"properties":{"id":285732,"statcode":"WK022289","statnaam":"Wijk 08","jrstatcode":"1998WK022289","rubriek":"wijk","FID":"wijk_gegeneraliseerd_1998.11edb540-6b66-4028-be6c-9bf935221ef3"},"id":"WK022289"},
{"type":"Feature","geometry":{"type":"Polygon","coordinates":[[[6.252,51.987],[6.259,51.984],[6.26,51.987],[6.252,51.987]]]},"properties":{"id":285733,"statcode":"WK022290","statnaam":"Wijk 09","jrstatcode":"1998WK022290","rubriek":"wijk","FID":"wijk_gegeneraliseerd_1998.cff63723-5ba0-4280-9148-331b29db0c8f"},"id":"WK022290"},
{"type":"Feature","geometry":{"type":"Polygon","coordinates":[[[6.276,51.972],[6.282,51.97],[6.284,51.971],[6.281,51.975],[6.276,51.972]]]},"properties":{"id":285734,"statcode":"WK022291","statnaam":"Wijk 09","jrstatcode":"1998WK022291","rubriek":"wijk","FID":"wijk_gegeneraliseerd_1998.e60b99c2-1b78-4b7e-ba47-1a0390a67c59"},"id":"WK022291"},
{"type":"Feature","geometry":{"type":"Polygon","coordinates":[[[6.292,51.985],[6.282,51.976],[6.281,51.975],[6.284,51.971],[6.287,51.973],[6.29,51.982],[6.292,51.985]]]},"properties":{"id":285735,"statcode":"WK022292","statnaam":"Wijk 09","jrstatcode":"1998WK022292","rubriek":"wijk","FID":"wijk_gegeneraliseerd_1998.81ad5f9b-106e-4a7a-9337-3c2808ecc861"},"id":"WK022292"},
{"type":"Feature","geometry":{"type":"Polygon","coordinates":[[[6.292,51.985],[6.29,51.982],[6.294,51.977],[6.302,51.975],[6.302,51.977],[6.292,51.985]]]},"properties":{"id":285736,"statcode":"WK022293","statnaam":"Wijk 09","jrstatcode":"1998WK022293","rubriek":"wijk","FID":"wijk_gegeneraliseerd_1998.c4e5100d-9887-40f3-b031-1aa024d8d6a6"},"id":"WK022293"},
{"type":"Feature","geometry":{"type":"Polygon","coordinates":[[[6.302,51.975],[6.294,51.977],[6.29,51.971],[6.293,51.971],[6.297,51.969],[6.302,51.973],[6.302,51.975]]]},"properties":{"id":285737,"statcode":"WK022294","statnaam":"Wijk 09","jrstatcode":"1998WK022294","rubriek":"wijk","FID":"wijk_gegeneraliseerd_1998.4958f376-38dc-40f9-b559-1dfddcadcce1"},"id":"WK022294"},
{"type":"Feature","geometry":{"type":"Polygon","coordinates":[[[6.294,51.977],[6.29,51.982],[6.287,51.973],[6.29,51.971],[6.294,51.977]]]},"properties":{"id":285738,"statcode":"WK022295","statnaam":"Wijk 09","jrstatcode":"1998WK022295","rubriek":"wijk","FID":"wijk_gegeneraliseerd_1998.13cfdfb3-54fb-4ec6-8541-f1606c288a52"},"id":"WK022295"},
{"type":"Feature","geometry":{"type":"Polygon","coordinates":[[[6.294,51.992],[6.29,51.991],[6.292,51.988],[6.295,51.989],[6.294,51.992]]]},"properties":{"id":285739,"statcode":"WK022297","statnaam":"Wijk 09","jrstatcode":"1998WK022297","rubriek":"wijk","FID":"wijk_gegeneraliseerd_1998.2d510dd4-18a8-41ea-ba52-402290a4972a"},"id":"WK022297"},
{"type":"Feature","geometry":{"type":"Polygon","coordinates":[[[6.292,51.993],[6.274,51.985],[6.282,51.976],[6.292,51.985],[6.302,51.977],[6.306,51.979],[6.307,51.982],[6.295,51.989],[6.292,51.988],[6.29,51.991],[6.294,51.992],[6.292,51.993]]]},"properties":{"id":285740,"statcode":"WK022298","statnaam":"Wijk 09","jrstatcode":"1998WK022298","rubriek":"wijk","FID":"wijk_gegeneraliseerd_1998.ebb91f4a-506f-4f64-8450-61891e06d8d8"},"id":"WK022298"},
{"type":"Feature","geometry":{"type":"Polygon","coordinates":[[[6.26,51.987],[6.259,51.984],[6.266,51.977],[6.276,51.972],[6.281,51.975],[6.282,51.976],[6.274,51.985],[6.26,51.987]]]},"properties":{"id":285741,"statcode":"WK022299","statnaam":"Wijk 09","jrstatcode":"1998WK022299","rubriek":"wijk","FID":"wijk_gegeneraliseerd_1998.c8ee046e-6b99-49a9-a95f-f46d6496c6d2"},"id":"WK022299"},
{"type":"Feature","geometry":{"type":"Polygon","coordinates":[[[5.685,51.896],[5.626,51.899],[5.569,51.902],[5.531,51.895],[5.543,51.888],[5.577,51.892],[5.553,51.863],[5.577,51.864],[5.608,51.869],[5.636,51.867],[5.668,51.866],[5.685,51.896]]]},"properties":{"id":285742,"statcode":"WK022500","statnaam":"Wijk 00 Druten","jrstatcode":"1998WK022500","rubriek":"wijk","FID":"wijk_gegeneraliseerd_1998.5b9422a5-dab2-4345-ac06-c2a78201354d"},"id":"WK022500"},
{"type":"Feature","geometry":{"type":"Polygon","coordinates":[[[5.636,51.867],[5.608,51.869],[5.577,51.864],[5.585,51.842],[5.61,51.836],[5.623,51.841],[5.636,51.847],[5.636,51.867]]]},"properties":{"id":285743,"statcode":"WK022501","statnaam":"Wijk 01","jrstatcode":"1998WK022501","rubriek":"wijk","FID":"wijk_gegeneraliseerd_1998.c7cdad98-24a6-4a3f-81aa-26b76502a94d"},"id":"WK022501"},
{"type":"Feature","geometry":{"type":"Polygon","coordinates":[[[6.002,51.978],[5.989,51.972],[5.984,51.943],[5.966,51.939],[5.976,51.924],[5.987,51.913],[6.02,51.916],[6.041,51.916],[6.063,51.949],[6.058,51.958],[6.067,51.975],[6.045,51.98],[6.002,51.978]]]},"properties":{"id":285744,"statcode":"WK022600","statnaam":"Wijk 00","jrstatcode":"1998WK022600","rubriek":"wijk","FID":"wijk_gegeneraliseerd_1998.53679450-be26-4f03-ab29-1166d3a0c4a6"},"id":"WK022600"},
{"type":"Feature","geometry":{"type":"Polygon","coordinates":[[[5.556,51.919],[5.512,51.921],[5.493,51.918],[5.46,51.924],[5.434,51.92],[5.456,51.904],[5.464,51.889],[5.497,51.889],[5.531,51.895],[5.569,51.902],[5.626,51.899],[5.617,51.923],[5.556,51.919]]]},"properties":{"id":285745,"statcode":"WK022700","statnaam":"Wijk 00","jrstatcode":"1998WK022700","rubriek":"wijk","FID":"wijk_gegeneraliseerd_1998.93fc25d7-69c9-4b04-b656-d6e590c3ffb5"},"id":"WK022700"},
{"type":"Feature","geometry":{"type":"Polygon","coordinates":[[[5.66,52.051],[5.669,52.046],[5.669,52.028],[5.683,52.026],[5.693,52.04],[5.672,52.055],[5.66,52.051]]]},"properties":{"id":285746,"statcode":"WK022801","statnaam":"Wijk 01 Ede Oost","jrstatcode":"1998WK022801","rubriek":"wijk","FID":"wijk_gegeneraliseerd_1998.083a349a-c1d3-4713-9b6a-a21dd94172b3"},"id":"WK022801"},
{"type":"Feature","geometry":{"type":"Polygon","coordinates":[[[5.669,52.028],[5.669,52.046],[5.66,52.051],[5.65,52.051],[5.653,52.031],[5.669,52.028]]]},"properties":{"id":285747,"statcode":"WK022802","statnaam":"Wijk 02 Ede West","jrstatcode":"1998WK022802","rubriek":"wijk","FID":"wijk_gegeneraliseerd_1998.7ceeffab-9cd4-40c0-a3d1-9edafcb6eeb0"},"id":"WK022802"},
{"type":"Feature","geometry":{"type":"Polygon","coordinates":[[[5.65,52.051],[5.619,52.045],[5.618,52.038],[5.646,52.033],[5.653,52.031],[5.65,52.051]]]},"properties":{"id":285748,"statcode":"WK022803","statnaam":"Wijk 03 Veldhuizen","jrstatcode":"1998WK022803","rubriek":"wijk","FID":"wijk_gegeneraliseerd_1998.9c63ac9d-af9b-44ef-a601-0ffb9c2d0dd4"},"id":"WK022803"},
{"type":"Feature","geometry":{"type":"Polygon","coordinates":[[[5.653,52.031],[5.646,52.033],[5.648,52.024],[5.662,52.014],[5.686,52.025],[5.683,52.026],[5.669,52.028],[5.653,52.031]]]},"properties":{"id":285749,"statcode":"WK022810","statnaam":"Wijk 10 Ede Zuid","jrstatcode":"1998WK022810","rubriek":"wijk","FID":"wijk_gegeneraliseerd_1998.37935351-7cd7-4c2c-b85e-44de56cd76a5"},"id":"WK022810"},
{"type":"Feature","geometry":{"type":"Polygon","coordinates":[[[5.648,52.024],[5.651,52.015],[5.662,52.014],[5.648,52.024]]]},"properties":{"id":285750,"statcode":"WK022811","statnaam":"Wijk 11","jrstatcode":"1998WK022811","rubriek":"wijk","FID":"wijk_gegeneraliseerd_1998.b435d9e6-f045-42c0-9e74-7f86db6349f4"},"id":"WK022811"},
{"type":"Feature","geometry":{"type":"Polygon","coordinates":[[[5.648,52.024],[5.632,52.018],[5.639,52.016],[5.651,52.015],[5.648,52.024]]]},"properties":{"id":285751,"statcode":"WK022812","statnaam":"Wijk 12","jrstatcode":"1998WK022812","rubriek":"wijk","FID":"wijk_gegeneraliseerd_1998.00a9c896-1f5c-4a70-9b89-7fdbe35e2aad"},"id":"WK022812"},
{"type":"Feature","geometry":{"type":"Polygon","coordinates":[[[5.646,52.033],[5.618,52.038],[5.611,52.026],[5.632,52.018],[5.648,52.024],[5.646,52.033]]]},"properties":{"id":285752,"statcode":"WK022813","statnaam":"Wijk 13 Bedrijventerrein","jrstatcode":"1998WK022813","rubriek":"wijk","FID":"wijk_gegeneraliseerd_1998.0a3c659b-02ad-48ab-aaad-16932a6a43a7"},"id":"WK022813"},
{"type":"Feature","geometry":{"type":"Polygon","coordinates":[[[5.679,52.086],[5.647,52.076],[5.608,52.068],[5.602,52.046],[5.59,52.034],[5.587,52.012],[5.639,52.016],[5.632,52.018],[5.611,52.026],[5.618,52.038],[5.619,52.045],[5.65,52.051],[5.66,52.051],[5.672,52.055],[5.693,52.04],[5.683,52.026],[5.686,52.025],[5.741,52.015],[5.741,52.016],[5.754,52.021],[5.802,52.022],[5.773,52.034],[5.769,52.046],[5.73,52.075],[5.715,52.088],[5.694,52.092],[5.679,52.086]]]},"properties":{"id":285753,"statcode":"WK022820","statnaam":"Wijk 20 Buitengebied Ede","jrstatcode":"1998WK022820","rubriek":"wijk","FID":"wijk_gegeneraliseerd_1998.aa8ca5dc-faf7-4bf2-bf76-7e7c93c65436"},"id":"WK022820"},
{"type":"Feature","geometry":{"type":"Polygon","coordinates":[[[5.606,51.994],[5.637,51.992],[5.689,51.995],[5.724,52.001],[5.741,52.015],[5.686,52.025],[5.662,52.014],[5.651,52.015],[5.639,52.016],[5.587,52.012],[5.586,52.012],[5.59,52.009],[5.606,51.994]]]},"properties":{"id":285754,"statcode":"WK022830","statnaam":"Wijk 30 Bennekom","jrstatcode":"1998WK022830","rubriek":"wijk","FID":"wijk_gegeneraliseerd_1998.508c088d-cb50-489a-a3a7-3292a632e76a"},"id":"WK022830"},
{"type":"Feature","geometry":{"type":"Polygon","coordinates":[[[5.679,52.086],[5.665,52.105],[5.686,52.111],[5.696,52.125],[5.684,52.132],[5.657,52.133],[5.578,52.121],[5.562,52.122],[5.55,52.105],[5.563,52.078],[5.56,52.069],[5.608,52.068],[5.647,52.076],[5.679,52.086]]]},"properties":{"id":285755,"statcode":"WK022840","statnaam":"Wijk 40 Lunteren","jrstatcode":"1998WK022840","rubriek":"wijk","FID":"wijk_gegeneraliseerd_1998.778f2586-aedd-42be-a479-acb2f3f0e735"},"id":"WK022840"},
{"type":"Feature","geometry":{"type":"Polygon","coordinates":[[[5.608,52.068],[5.56,52.069],[5.558,52.049],[5.571,52.048],[5.602,52.046],[5.608,52.068]]]},"properties":{"id":285756,"statcode":"WK022850","statnaam":"Wijk 50 Ederveen","jrstatcode":"1998WK022850","rubriek":"wijk","FID":"wijk_gegeneraliseerd_1998.e3ab9b7e-0363-45a9-ab91-ff6c64b13471"},"id":"WK022850"},
{"type":"Feature","geometry":{"type":"Polygon","coordinates":[[[5.571,52.048],[5.569,52.04],[5.59,52.034],[5.602,52.046],[5.571,52.048]]]},"properties":{"id":285757,"statcode":"WK022860","statnaam":"Wijk 60","jrstatcode":"1998WK022860","rubriek":"wijk","FID":"wijk_gegeneraliseerd_1998.28abd6e3-6b27-4818-8292-9833799343f0"},"id":"WK022860"},
{"type":"Feature","geometry":{"type":"Polygon","coordinates":[[[5.81,52.151],[5.775,52.152],[5.762,52.147],[5.72,52.146],[5.722,52.139],[5.684,52.132],[5.696,52.125],[5.712,52.123],[5.727,52.111],[5.752,52.115],[5.779,52.111],[5.81,52.129],[5.861,52.145],[5.846,52.152],[5.81,52.151]]]},"properties":{"id":285758,"statcode":"WK022870","statnaam":"Wijk 70 Harskamp","jrstatcode":"1998WK022870","rubriek":"wijk","FID":"wijk_gegeneraliseerd_1998.92c2f3b4-9d8c-4076-b588-a285dcf8f6a8"},"id":"WK022870"},
{"type":"Feature","geometry":{"type":"Polygon","coordinates":[[[5.727,52.111],[5.712,52.123],[5.696,52.125],[5.686,52.111],[5.665,52.105],[5.679,52.086],[5.694,52.092],[5.715,52.088],[5.73,52.075],[5.74,52.089],[5.741,52.107],[5.727,52.111]]]},"properties":{"id":285759,"statcode":"WK022880","statnaam":"Wijk 80","jrstatcode":"1998WK022880","rubriek":"wijk","FID":"wijk_gegeneraliseerd_1998.432eb511-7b4e-4dbd-9df2-731456a11b5e"},"id":"WK022880"},
{"type":"Feature","geometry":{"type":"Polygon","coordinates":[[[5.727,52.111],[5.741,52.107],[5.74,52.089],[5.73,52.075],[5.769,52.046],[5.773,52.034],[5.802,52.022],[5.813,52.024],[5.838,52.047],[5.85,52.052],[5.899,52.05],[5.91,52.062],[5.946,52.078],[5.95,52.1],[5.911,52.1],[5.884,52.106],[5.865,52.126],[5.861,52.145],[5.81,52.129],[5.779,52.111],[5.752,52.115],[5.727,52.111]]]},"properties":{"id":285760,"statcode":"WK022890","statnaam":"Wijk 90","jrstatcode":"1998WK022890","rubriek":"wijk","FID":"wijk_gegeneraliseerd_1998.28276c77-f78e-4944-ba04-6d3dcbee2bd4"},"id":"WK022890"},
{"type":"Feature","geometry":{"type":"Polygon","coordinates":[[[6.603,52.121],[6.602,52.11],[6.579,52.094],[6.613,52.058],[6.64,52.051],[6.687,52.054],[6.695,52.07],[6.735,52.075],[6.751,52.085],[6.761,52.119],[6.716,52.118],[6.673,52.127],[6.662,52.13],[6.648,52.123],[6.603,52.121]]]},"properties":{"id":285761,"statcode":"WK022900","statnaam":"Wijk 00 Eibergen","jrstatcode":"1998WK022900","rubriek":"wijk","FID":"wijk_gegeneraliseerd_1998.1136425b-b3c2-418f-90b3-f014f719adf0"},"id":"WK022900"},
{"type":"Feature","geometry":{"type":"MultiPolygon","coordinates":[[[[6.613,52.058],[6.579,52.094],[6.556,52.099],[6.511,52.082],[6.53,52.062],[6.523,52.042],[6.523,52.022],[6.539,52.025],[6.587,52.038],[6.613,52.058]]],[[[6.687,52.054],[6.64,52.051],[6.641,52.033],[6.656,52.014],[6.688,52.04],[6.687,52.054]]]]},"properties":{"id":285762,"statcode":"WK022901","statnaam":"Wijk 01 Beltrum","jrstatcode":"1998WK022901","rubriek":"wijk","FID":"wijk_gegeneraliseerd_1998.810b330b-8583-40f4-b9e1-fe1cadad3c4d"},"id":"WK022901"},
{"type":"Feature","geometry":{"type":"Polygon","coordinates":[[[5.876,52.439],[5.874,52.447],[5.878,52.453],[5.842,52.471],[5.81,52.435],[5.818,52.427],[5.849,52.432],[5.876,52.439]]]},"properties":{"id":285763,"statcode":"WK023001","statnaam":"Wijk 01 Elburg","jrstatcode":"1998WK023001","rubriek":"wijk","FID":"wijk_gegeneraliseerd_1998.606f5c84-b95f-4ca8-97f8-9f5654bff308"},"id":"WK023001"},
{"type":"Feature","geometry":{"type":"Polygon","coordinates":[[[5.876,52.439],[5.849,52.432],[5.839,52.427],[5.865,52.397],[5.831,52.384],[5.85,52.371],[5.876,52.358],[5.912,52.387],[5.924,52.391],[5.899,52.421],[5.876,52.439]]]},"properties":{"id":285764,"statcode":"WK023002","statnaam":"Wijk 02","jrstatcode":"1998WK023002","rubriek":"wijk","FID":"wijk_gegeneraliseerd_1998.efd2da9f-eed5-4a8d-b7b3-1c69a64aeeb2"},"id":"WK023002"},
{"type":"Feature","geometry":{"type":"Polygon","coordinates":[[[5.849,52.432],[5.818,52.427],[5.81,52.435],[5.757,52.407],[5.771,52.395],[5.812,52.403],[5.831,52.384],[5.865,52.397],[5.839,52.427],[5.849,52.432]]]},"properties":{"id":285765,"statcode":"WK023003","statnaam":"Wijk 03 Doornspijk","jrstatcode":"1998WK023003","rubriek":"wijk","FID":"wijk_gegeneraliseerd_1998.3420dcc5-b5ca-4831-8191-cf6f46c96651"},"id":"WK023003"},
{"type":"Feature","geometry":{"type":"Polygon","coordinates":[[[5.83,51.954],[5.824,51.947],[5.782,51.94],[5.809,51.91],[5.787,51.898],[5.809,51.891],[5.83,51.894],[5.85,51.895],[5.857,51.897],[5.875,51.897],[5.891,51.907],[5.898,51.934],[5.879,51.939],[5.853,51.944],[5.83,51.954]]]},"properties":{"id":285766,"statcode":"WK023100","statnaam":"Wijk 00 Elst","jrstatcode":"1998WK023100","rubriek":"wijk","FID":"wijk_gegeneraliseerd_1998.2ccc7b85-2afe-458a-81f7-94c05e88fa3e"},"id":"WK023100"},
{"type":"Feature","geometry":{"type":"Polygon","coordinates":[[[5.923,52.335],[5.968,52.335],[6.014,52.327],[6.025,52.357],[6.037,52.362],[6.005,52.374],[5.985,52.373],[5.967,52.36],[5.943,52.356],[5.928,52.36],[5.914,52.345],[5.923,52.335]]]},"properties":{"id":285767,"statcode":"WK023200","statnaam":"Wijk 00 Epe","jrstatcode":"1998WK023200","rubriek":"wijk","FID":"wijk_gegeneraliseerd_1998.b186fc30-32da-492c-a294-86e36dcd99e6"},"id":"WK023200"},
{"type":"Feature","geometry":{"type":"Polygon","coordinates":[[[6.037,52.362],[6.025,52.357],[6.014,52.327],[5.968,52.335],[5.923,52.335],[5.905,52.321],[5.916,52.314],[5.941,52.32],[5.941,52.303],[6.001,52.303],[6.037,52.299],[6.053,52.326],[6.074,52.331],[6.076,52.35],[6.095,52.357],[6.078,52.364],[6.037,52.362]]]},"properties":{"id":285768,"statcode":"WK023201","statnaam":"Wijk 01 Emst","jrstatcode":"1998WK023201","rubriek":"wijk","FID":"wijk_gegeneraliseerd_1998.729e7a69-76a5-49da-899d-cc047567a8de"},"id":"WK023201"},
{"type":"Feature","geometry":{"type":"Polygon","coordinates":[[[6.037,52.299],[6.001,52.303],[5.941,52.303],[5.928,52.302],[5.922,52.272],[6.029,52.277],[6.037,52.269],[6.043,52.276],[6.037,52.299]]]},"properties":{"id":285769,"statcode":"WK023202","statnaam":"Wijk 02 Vaassen","jrstatcode":"1998WK023202","rubriek":"wijk","FID":"wijk_gegeneraliseerd_1998.f0915c4d-59fe-45fe-b362-7114d138d8d0"},"id":"WK023202"},
{"type":"Feature","geometry":{"type":"Polygon","coordinates":[[[5.923,52.335],[5.914,52.345],[5.928,52.36],[5.943,52.356],[5.967,52.36],[5.985,52.373],[6.005,52.374],[5.957,52.393],[5.951,52.398],[5.924,52.391],[5.912,52.387],[5.876,52.358],[5.865,52.352],[5.881,52.335],[5.87,52.323],[5.841,52.304],[5.851,52.269],[5.861,52.256],[5.879,52.265],[5.922,52.272],[5.928,52.302],[5.941,52.303],[5.941,52.32],[5.916,52.314],[5.905,52.321],[5.923,52.335]]]},"properties":{"id":285770,"statcode":"WK023203","statnaam":"Wijk 03 Bosgebied","jrstatcode":"1998WK023203","rubriek":"wijk","FID":"wijk_gegeneraliseerd_1998.75d97078-fef5-4c55-a5ea-499fdf365fc0"},"id":"WK023203"},
{"type":"Feature","geometry":{"type":"Polygon","coordinates":[[[5.678,52.302],[5.63,52.327],[5.609,52.319],[5.576,52.326],[5.56,52.312],[5.548,52.292],[5.587,52.279],[5.621,52.276],[5.649,52.267],[5.69,52.285],[5.678,52.302]]]},"properties":{"id":285771,"statcode":"WK023300","statnaam":"Wijk 00 Ermelo","jrstatcode":"1998WK023300","rubriek":"wijk","FID":"wijk_gegeneraliseerd_1998.832080ee-d648-4c50-8487-01775bc728be"},"id":"WK023300"},
{"type":"Feature","geometry":{"type":"Polygon","coordinates":[[[5.684,52.241],[5.726,52.243],[5.761,52.248],[5.75,52.268],[5.755,52.282],[5.745,52.288],[5.748,52.318],[5.706,52.328],[5.678,52.302],[5.69,52.285],[5.649,52.267],[5.674,52.253],[5.684,52.241]]]},"properties":{"id":285772,"statcode":"WK023301","statnaam":"Wijk 01 Speuld","jrstatcode":"1998WK023301","rubriek":"wijk","FID":"wijk_gegeneraliseerd_1998.4d000d41-166b-442e-9d3c-c887f22d8076"},"id":"WK023301"},
{"type":"Feature","geometry":{"type":"Polygon","coordinates":[[[5.307,51.896],[5.295,51.886],[5.274,51.889],[5.258,51.882],[5.238,51.856],[5.278,51.857],[5.309,51.852],[5.328,51.859],[5.339,51.874],[5.337,51.881],[5.307,51.896]]]},"properties":{"id":285773,"statcode":"WK023600","statnaam":"Wijk 00 Geldermalsen","jrstatcode":"1998WK023600","rubriek":"wijk","FID":"wijk_gegeneraliseerd_1998.42e40476-3f40-4bdc-952b-b8cc7715ee15"},"id":"WK023600"},
{"type":"Feature","geometry":{"type":"Polygon","coordinates":[[[5.243,51.893],[5.222,51.886],[5.2,51.888],[5.194,51.878],[5.157,51.895],[5.158,51.883],[5.138,51.873],[5.151,51.861],[5.154,51.847],[5.207,51.85],[5.238,51.856],[5.258,51.882],[5.243,51.893]]]},"properties":{"id":285774,"statcode":"WK023601","statnaam":"Wijk 01 Deil","jrstatcode":"1998WK023601","rubriek":"wijk","FID":"wijk_gegeneraliseerd_1998.0450be55-00e7-44a7-b72d-f954df5eb16e"},"id":"WK023601"},
{"type":"Feature","geometry":{"type":"Polygon","coordinates":[[[5.138,51.873],[5.158,51.883],[5.157,51.895],[5.194,51.878],[5.2,51.888],[5.222,51.886],[5.243,51.893],[5.249,51.899],[5.233,51.924],[5.208,51.926],[5.176,51.921],[5.142,51.925],[5.114,51.889],[5.118,51.878],[5.138,51.873]]]},"properties":{"id":285775,"statcode":"WK023602","statnaam":"Wijk 02 Beesd","jrstatcode":"1998WK023602","rubriek":"wijk","FID":"wijk_gegeneraliseerd_1998.78948f11-831c-4efa-9954-75eaf0526f11"},"id":"WK023602"},
{"type":"Feature","geometry":{"type":"Polygon","coordinates":[[[5.258,51.882],[5.274,51.889],[5.295,51.886],[5.307,51.896],[5.295,51.9],[5.274,51.92],[5.281,51.933],[5.255,51.935],[5.233,51.924],[5.249,51.899],[5.243,51.893],[5.258,51.882]]]},"properties":{"id":285776,"statcode":"WK023603","statnaam":"Wijk 03 Buurmalsen","jrstatcode":"1998WK023603","rubriek":"wijk","FID":"wijk_gegeneraliseerd_1998.11260b6a-56ef-4d06-bc18-975834857fc7"},"id":"WK023603"},
{"type":"Feature","geometry":{"type":"Polygon","coordinates":[[[6.327,51.885],[6.351,51.878],[6.387,51.876],[6.396,51.892],[6.378,51.911],[6.361,51.909],[6.34,51.922],[6.305,51.928],[6.306,51.937],[6.291,51.922],[6.311,51.921],[6.311,51.9],[6.33,51.895],[6.327,51.885]]]},"properties":{"id":285777,"statcode":"WK023700","statnaam":"Wijk 00 Ulft-Etten","jrstatcode":"1998WK023700","rubriek":"wijk","FID":"wijk_gegeneraliseerd_1998.7a2cba6d-2405-4489-922e-5b46f84e4b0d"},"id":"WK023700"},
{"type":"Feature","geometry":{"type":"Polygon","coordinates":[[[6.396,51.892],[6.387,51.876],[6.351,51.878],[6.327,51.885],[6.321,51.869],[6.299,51.868],[6.306,51.849],[6.345,51.851],[6.363,51.836],[6.402,51.827],[6.409,51.852],[6.401,51.87],[6.451,51.865],[6.464,51.855],[6.484,51.88],[6.476,51.902],[6.472,51.908],[6.427,51.891],[6.409,51.881],[6.396,51.892]]]},"properties":{"id":285778,"statcode":"WK023701","statnaam":"Wijk 01 Overig Gendringen","jrstatcode":"1998WK023701","rubriek":"wijk","FID":"wijk_gegeneraliseerd_1998.a0f28b3b-973e-4bac-9401-317bd001ddb9"},"id":"WK023701"},
{"type":"Feature","geometry":{"type":"Polygon","coordinates":[[[6.006,51.882],[5.987,51.883],[5.977,51.901],[5.962,51.897],[5.944,51.879],[5.925,51.874],[5.958,51.855],[5.98,51.859],[5.986,51.868],[6.006,51.882]]]},"properties":{"id":285779,"statcode":"WK023800","statnaam":"Wijk 00","jrstatcode":"1998WK023800","rubriek":"wijk","FID":"wijk_gegeneraliseerd_1998.2a5878dc-882d-4f8f-8bab-9907a9bc0169"},"id":"WK023800"},
{"type":"Feature","geometry":{"type":"Polygon","coordinates":[[[6.266,52.148],[6.256,52.152],[6.25,52.189],[6.268,52.21],[6.261,52.229],[6.259,52.228],[6.214,52.232],[6.177,52.238],[6.172,52.228],[6.189,52.217],[6.184,52.204],[6.157,52.198],[6.191,52.178],[6.193,52.17],[6.198,52.163],[6.235,52.155],[6.238,52.146],[6.266,52.148]]]},"properties":{"id":285780,"statcode":"WK023900","statnaam":"Wijk 00 Gorssel","jrstatcode":"1998WK023900","rubriek":"wijk","FID":"wijk_gegeneraliseerd_1998.5221b921-391d-47f5-b9d4-ad5ba9c2d23c"},"id":"WK023900"},
{"type":"Feature","geometry":{"type":"Polygon","coordinates":[[[6.382,52.246],[6.351,52.242],[6.339,52.227],[6.298,52.226],[6.293,52.231],[6.261,52.229],[6.268,52.21],[6.25,52.189],[6.256,52.152],[6.266,52.148],[6.324,52.153],[6.33,52.166],[6.322,52.211],[6.35,52.225],[6.37,52.242],[6.416,52.24],[6.417,52.242],[6.382,52.246]]]},"properties":{"id":285781,"statcode":"WK023901","statnaam":"Wijk 01 Almen-Harfsen","jrstatcode":"1998WK023901","rubriek":"wijk","FID":"wijk_gegeneraliseerd_1998.a387d739-81e9-4fe8-8251-23dd7ae60c2a"},"id":"WK023901"},
{"type":"Feature","geometry":{"type":"Polygon","coordinates":[[[6.613,52.058],[6.587,52.038],[6.592,52.031],[6.622,52.027],[6.641,52.033],[6.64,52.051],[6.613,52.058]]]},"properties":{"id":285782,"statcode":"WK024000","statnaam":"Wijk 00","jrstatcode":"1998WK024000","rubriek":"wijk","FID":"wijk_gegeneraliseerd_1998.b3d62d23-7936-4662-b348-dc2cfaf106a5"},"id":"WK024000"},
{"type":"Feature","geometry":{"type":"Polygon","coordinates":[[[5.908,51.829],[5.881,51.821],[5.879,51.81],[5.894,51.778],[5.915,51.753],[5.922,51.751],[5.948,51.766],[5.957,51.788],[5.975,51.792],[5.979,51.797],[5.948,51.811],[5.926,51.818],[5.908,51.829]]]},"properties":{"id":285783,"statcode":"WK024100","statnaam":"Wijk 00 Groesbeek","jrstatcode":"1998WK024100","rubriek":"wijk","FID":"wijk_gegeneraliseerd_1998.b819bd29-f1a2-41a5-adf7-c804be77fcd3"},"id":"WK024100"},
{"type":"Feature","geometry":{"type":"Polygon","coordinates":[[[5.953,51.748],[5.99,51.766],[5.988,51.783],[5.975,51.792],[5.957,51.788],[5.948,51.766],[5.922,51.751],[5.938,51.741],[5.953,51.748]]]},"properties":{"id":285784,"statcode":"WK024101","statnaam":"Wijk 01 Breedeweg-Horst","jrstatcode":"1998WK024101","rubriek":"wijk","FID":"wijk_gegeneraliseerd_1998.f4e5a0d4-2124-49a1-be9e-d325e4651a99"},"id":"WK024101"},
{"type":"Feature","geometry":{"type":"Polygon","coordinates":[[[5.591,52.333],[5.629,52.33],[5.644,52.346],[5.626,52.357],[5.591,52.333]]]},"properties":{"id":285785,"statcode":"WK024300","statnaam":"Wijk 00 Harderwijk","jrstatcode":"1998WK024300","rubriek":"wijk","FID":"wijk_gegeneraliseerd_1998.90068721-6d02-43c5-aa74-4af1bd2cbca7"},"id":"WK024300"},
{"type":"Feature","geometry":{"type":"Polygon","coordinates":[[[5.576,52.326],[5.609,52.319],[5.63,52.327],[5.678,52.302],[5.706,52.328],[5.713,52.333],[5.679,52.379],[5.648,52.362],[5.626,52.357],[5.644,52.346],[5.629,52.33],[5.591,52.333],[5.576,52.326]]]},"properties":{"id":285786,"statcode":"WK024301","statnaam":"Wijk 01 Landelijk gebied","jrstatcode":"1998WK024301","rubriek":"wijk","FID":"wijk_gegeneraliseerd_1998.1f48ca77-4c0b-4078-ba75-b07d60d02dff"},"id":"WK024301"},
{"type":"Feature","geometry":{"type":"Polygon","coordinates":[[[6.063,52.488],[6.048,52.479],[6.054,52.468],[6.03,52.454],[6.023,52.444],[6.103,52.454],[6.1,52.47],[6.063,52.488]]]},"properties":{"id":285787,"statcode":"WK024400","statnaam":"Wijk 00 Hattem","jrstatcode":"1998WK024400","rubriek":"wijk","FID":"wijk_gegeneraliseerd_1998.5625301a-9aa7-4b9e-ba9c-7ec9f8650329"},"id":"WK024400"},
{"type":"Feature","geometry":{"type":"Polygon","coordinates":[[[6.045,52.504],[6.028,52.51],[6.001,52.5],[6.033,52.479],[6.03,52.454],[6.054,52.468],[6.048,52.479],[6.063,52.488],[6.055,52.5],[6.045,52.504]]]},"properties":{"id":285788,"statcode":"WK024401","statnaam":"Wijk 01 Polder Hattem en Molecaten","jrstatcode":"1998WK024401","rubriek":"wijk","FID":"wijk_gegeneraliseerd_1998.87516b2d-1f0a-43ca-812a-8d788e7670d4"},"id":"WK024401"},
{"type":"Feature","geometry":{"type":"Polygon","coordinates":[[[5.233,51.771],[5.231,51.741],[5.245,51.734],[5.269,51.74],[5.283,51.74],[5.294,51.747],[5.272,51.766],[5.27,51.774],[5.233,51.771]]]},"properties":{"id":285789,"statcode":"WK024500","statnaam":"Wijk 00","jrstatcode":"1998WK024500","rubriek":"wijk","FID":"wijk_gegeneraliseerd_1998.faf3d312-d788-4e8d-94b5-840b3ee6c7e6"},"id":"WK024500"},
{"type":"Feature","geometry":{"type":"Polygon","coordinates":[[[5.994,52.426],[5.951,52.398],[5.957,52.393],[6.005,52.374],[6.037,52.362],[6.078,52.364],[6.084,52.372],[6.121,52.38],[6.131,52.4],[6.111,52.408],[6.062,52.408],[5.994,52.426]]]},"properties":{"id":285790,"statcode":"WK024600","statnaam":"Wijk 00 Heerde","jrstatcode":"1998WK024600","rubriek":"wijk","FID":"wijk_gegeneraliseerd_1998.e311389e-0e09-49f4-b3fe-d63fda15495a"},"id":"WK024600"},
{"type":"Feature","geometry":{"type":"Polygon","coordinates":[[[6.103,52.454],[6.023,52.444],[5.994,52.426],[6.062,52.408],[6.111,52.408],[6.12,52.433],[6.11,52.441],[6.103,52.454]]]},"properties":{"id":285791,"statcode":"WK024601","statnaam":"Wijk 01 Wapenveld","jrstatcode":"1998WK024601","rubriek":"wijk","FID":"wijk_gegeneraliseerd_1998.1d07e8e5-f0a3-49fc-a8fc-685a8204661a"},"id":"WK024601"},
{"type":"Feature","geometry":{"type":"Polygon","coordinates":[[[5.369,51.79],[5.405,51.822],[5.413,51.822],[5.415,51.821],[5.401,51.838],[5.36,51.805],[5.347,51.804],[5.359,51.796],[5.369,51.79]]]},"properties":{"id":285792,"statcode":"WK024700","statnaam":"Wijk 00","jrstatcode":"1998WK024700","rubriek":"wijk","FID":"wijk_gegeneraliseerd_1998.c222528b-7a9e-4a56-8832-1f315e245e98"},"id":"WK024700"},
{"type":"Feature","geometry":{"type":"Polygon","coordinates":[[[6.259,52.024],[6.321,52.024],[6.33,52.032],[6.427,52.043],[6.411,52.066],[6.388,52.072],[6.332,52.077],[6.273,52.073],[6.256,52.049],[6.259,52.024]]]},"properties":{"id":285793,"statcode":"WK024800","statnaam":"Wijk 00","jrstatcode":"1998WK024800","rubriek":"wijk","FID":"wijk_gegeneraliseerd_1998.a38dba40-faee-4466-9163-5b6a35e0dbe3"},"id":"WK024800"},
{"type":"Feature","geometry":{"type":"Polygon","coordinates":[[[5.708,51.936],[5.747,51.945],[5.762,51.934],[5.782,51.94],[5.824,51.947],[5.83,51.954],[5.836,51.974],[5.819,51.972],[5.785,51.96],[5.746,51.97],[5.723,51.964],[5.678,51.958],[5.666,51.953],[5.66,51.934],[5.69,51.935],[5.708,51.936]]]},"properties":{"id":285794,"statcode":"WK025100","statnaam":"Wijk 00","jrstatcode":"1998WK025100","rubriek":"wijk","FID":"wijk_gegeneraliseerd_1998.c834174b-c4df-41b5-95ff-72d6a5cc103e"},"id":"WK025100"},
{"type":"Feature","geometry":{"type":"Polygon","coordinates":[[[5.865,51.757],[5.868,51.776],[5.894,51.778],[5.879,51.81],[5.877,51.81],[5.837,51.806],[5.825,51.798],[5.814,51.793],[5.829,51.787],[5.821,51.757],[5.843,51.759],[5.865,51.757]]]},"properties":{"id":285795,"statcode":"WK025200","statnaam":"Wijk 00 Heumen","jrstatcode":"1998WK025200","rubriek":"wijk","FID":"wijk_gegeneraliseerd_1998.2c4cf0a2-629e-43e9-96df-9d0f2237fbe3"},"id":"WK025200"},
{"type":"Feature","geometry":{"type":"Polygon","coordinates":[[[5.732,51.772],[5.76,51.754],[5.769,51.752],[5.79,51.754],[5.821,51.757],[5.829,51.787],[5.814,51.793],[5.801,51.795],[5.781,51.784],[5.741,51.778],[5.73,51.773],[5.732,51.772]]]},"properties":{"id":285796,"statcode":"WK025201","statnaam":"Wijk 01 Overasselt","jrstatcode":"1998WK025201","rubriek":"wijk","FID":"wijk_gegeneraliseerd_1998.d884c18e-3659-4d9f-87b0-b83e77f056d9"},"id":"WK025201"},
{"type":"Feature","geometry":{"type":"Polygon","coordinates":[[[5.44,52.197],[5.437,52.175],[5.446,52.168],[5.48,52.166],[5.485,52.182],[5.44,52.197]]]},"properties":{"id":285797,"statcode":"WK025300","statnaam":"Wijk 00","jrstatcode":"1998WK025300","rubriek":"wijk","FID":"wijk_gegeneraliseerd_1998.1ae1ee83-3746-4131-a3f8-d27e9c0a964e"},"id":"WK025300"},
{"type":"Feature","geometry":{"type":"Polygon","coordinates":[[[5.902,51.933],[5.924,51.919],[5.955,51.929],[5.976,51.924],[5.966,51.939],[5.956,51.948],[5.936,51.96],[5.931,51.955],[5.918,51.951],[5.911,51.947],[5.902,51.933]]]},"properties":{"id":285798,"statcode":"WK025500","statnaam":"Wijk 00","jrstatcode":"1998WK025500","rubriek":"wijk","FID":"wijk_gegeneraliseerd_1998.87219ef8-f1d0-42a2-9ea4-c03369c37e68"},"id":"WK025500"},
{"type":"Feature","geometry":{"type":"Polygon","coordinates":[[[6.259,52.024],[6.229,52.029],[6.188,52.04],[6.175,52.039],[6.174,52.018],[6.16,52.007],[6.215,51.999],[6.232,51.988],[6.246,51.977],[6.257,51.983],[6.252,51.987],[6.26,51.987],[6.274,51.985],[6.292,51.993],[6.259,52.024]]]},"properties":{"id":285799,"statcode":"WK025600","statnaam":"Wijk 00 Gebied in noorden v. oude IJssel","jrstatcode":"1998WK025600","rubriek":"wijk","FID":"wijk_gegeneraliseerd_1998.e96cb401-653c-4c02-a404-0d9dd7a87e7a"},"id":"WK025600"},
{"type":"Feature","geometry":{"type":"Polygon","coordinates":[[[6.232,51.988],[6.215,51.999],[6.16,52.007],[6.16,52],[6.161,51.981],[6.205,51.98],[6.23,51.976],[6.232,51.988]]]},"properties":{"id":285800,"statcode":"WK025601","statnaam":"Wijk 01 Gebied in zuiden van oude IJssel","jrstatcode":"1998WK025601","rubriek":"wijk","FID":"wijk_gegeneraliseerd_1998.8221b2f0-08eb-4047-8f6d-ccc5f09000e4"},"id":"WK025601"},
{"type":"Feature","geometry":{"type":"Polygon","coordinates":[[[5.266,51.793],[5.23,51.79],[5.221,51.811],[5.2,51.811],[5.159,51.816],[5.149,51.815],[5.163,51.801],[5.157,51.774],[5.174,51.764],[5.233,51.771],[5.27,51.774],[5.268,51.783],[5.266,51.793]]]},"properties":{"id":285801,"statcode":"WK025700","statnaam":"Wijk 00 Kerkwijk-Gameren","jrstatcode":"1998WK025700","rubriek":"wijk","FID":"wijk_gegeneraliseerd_1998.28271801-9623-4bcd-8f0a-ede451180be2"},"id":"WK025700"},
{"type":"Feature","geometry":{"type":"Polygon","coordinates":[[[5.157,51.774],[5.139,51.767],[5.143,51.755],[5.128,51.738],[5.163,51.743],[5.186,51.742],[5.174,51.764],[5.157,51.774]]]},"properties":{"id":285802,"statcode":"WK025701","statnaam":"Wijk 01 Nederhemert","jrstatcode":"1998WK025701","rubriek":"wijk","FID":"wijk_gegeneraliseerd_1998.54ef9190-cc1a-42a7-9667-09dc60207b5d"},"id":"WK025701"},
{"type":"Feature","geometry":{"type":"Polygon","coordinates":[[[5.606,51.943],[5.59,51.95],[5.587,51.951],[5.576,51.943],[5.549,51.942],[5.556,51.919],[5.617,51.923],[5.66,51.934],[5.666,51.953],[5.652,51.954],[5.64,51.938],[5.606,51.943]]]},"properties":{"id":285803,"statcode":"WK025800","statnaam":"Wijk 00","jrstatcode":"1998WK025800","rubriek":"wijk","FID":"wijk_gegeneraliseerd_1998.b33a172b-a342-458f-88d4-6d4b98468dfe"},"id":"WK025800"},
{"type":"Feature","geometry":{"type":"Polygon","coordinates":[[[6.639,51.963],[6.655,51.975],[6.656,52.014],[6.641,52.033],[6.622,52.027],[6.592,52.031],[6.587,52.038],[6.539,52.025],[6.556,52.006],[6.544,52],[6.542,51.982],[6.548,51.973],[6.602,51.971],[6.639,51.963]]]},"properties":{"id":285804,"statcode":"WK026000","statnaam":"Wijk 00 Lichtenvoorde-Vragender-Lievelde","jrstatcode":"1998WK026000","rubriek":"wijk","FID":"wijk_gegeneraliseerd_1998.e9c1106d-7b10-47ad-8de6-4fe6e0df19de"},"id":"WK026000"},
{"type":"Feature","geometry":{"type":"Polygon","coordinates":[[[6.468,51.978],[6.527,51.966],[6.548,51.973],[6.542,51.982],[6.544,52],[6.556,52.006],[6.539,52.025],[6.523,52.022],[6.499,52.015],[6.48,52.003],[6.482,51.994],[6.468,51.978]]]},"properties":{"id":285805,"statcode":"WK026001","statnaam":"Wijk 01 Harreveld-Zieuwent","jrstatcode":"1998WK026001","rubriek":"wijk","FID":"wijk_gegeneraliseerd_1998.bcaa8bd8-45af-4b7c-a422-58963203f363"},"id":"WK026001"},
{"type":"Feature","geometry":{"type":"Polygon","coordinates":[[[5.556,51.919],[5.549,51.942],[5.576,51.943],[5.587,51.951],[5.553,51.958],[5.538,51.968],[5.518,51.972],[5.483,51.948],[5.459,51.927],[5.46,51.924],[5.493,51.918],[5.512,51.921],[5.556,51.919]]]},"properties":{"id":285806,"statcode":"WK026100","statnaam":"Wijk 00 Lienden","jrstatcode":"1998WK026100","rubriek":"wijk","FID":"wijk_gegeneraliseerd_1998.eb2b2e7c-8e98-49c0-aa6f-ea0b3ad98ed5"},"id":"WK026100"},
{"type":"Feature","geometry":{"type":"Polygon","coordinates":[[[5.487,51.984],[5.473,51.983],[5.462,51.955],[5.449,51.953],[5.447,51.936],[5.459,51.927],[5.483,51.948],[5.518,51.972],[5.487,51.984]]]},"properties":{"id":285807,"statcode":"WK026101","statnaam":"Wijk 01 Ingen","jrstatcode":"1998WK026101","rubriek":"wijk","FID":"wijk_gegeneraliseerd_1998.60570913-ae18-4bfb-beb5-336c853c9180"},"id":"WK026101"},
{"type":"Feature","geometry":{"type":"Polygon","coordinates":[[[6.383,52.167],[6.401,52.152],[6.422,52.149],[6.431,52.167],[6.394,52.169],[6.383,52.167]]]},"properties":{"id":285808,"statcode":"WK026200","statnaam":"Wijk 00 Lochem kern","jrstatcode":"1998WK026200","rubriek":"wijk","FID":"wijk_gegeneraliseerd_1998.a3d5d600-71d9-4612-911a-528ff8def627"},"id":"WK026200"},
{"type":"Feature","geometry":{"type":"Polygon","coordinates":[[[6.394,52.169],[6.431,52.167],[6.422,52.149],[6.401,52.152],[6.383,52.167],[6.33,52.166],[6.324,52.153],[6.328,52.138],[6.358,52.136],[6.368,52.124],[6.393,52.131],[6.431,52.144],[6.46,52.138],[6.467,52.147],[6.484,52.157],[6.492,52.178],[6.479,52.183],[6.468,52.2],[6.456,52.202],[6.394,52.169]]]},"properties":{"id":285809,"statcode":"WK026201","statnaam":"Wijk 01 Lochem buitengebied","jrstatcode":"1998WK026201","rubriek":"wijk","FID":"wijk_gegeneraliseerd_1998.494fc6f7-21a8-44cf-b8a4-fba439477bff"},"id":"WK026201"},
{"type":"Feature","geometry":{"type":"Polygon","coordinates":[[[6.394,52.169],[6.456,52.202],[6.429,52.223],[6.416,52.24],[6.37,52.242],[6.35,52.225],[6.322,52.211],[6.33,52.166],[6.383,52.167],[6.394,52.169]]]},"properties":{"id":285810,"statcode":"WK026202","statnaam":"Wijk 02 Laren","jrstatcode":"1998WK026202","rubriek":"wijk","FID":"wijk_gegeneraliseerd_1998.ea713aed-fb1e-49fd-b979-35780b759195"},"id":"WK026202"},
{"type":"Feature","geometry":{"type":"Polygon","coordinates":[[[6.424,52.097],[6.443,52.106],[6.466,52.107],[6.478,52.101],[6.492,52.125],[6.481,52.142],[6.467,52.147],[6.46,52.138],[6.431,52.144],[6.393,52.131],[6.392,52.113],[6.424,52.097]]]},"properties":{"id":285811,"statcode":"WK026203","statnaam":"Wijk 03 Barchem","jrstatcode":"1998WK026203","rubriek":"wijk","FID":"wijk_gegeneraliseerd_1998.bc839230-23c4-4d51-8bdc-e15e3c26728d"},"id":"WK026203"},
{"type":"Feature","geometry":{"type":"Polygon","coordinates":[[[5.268,51.783],[5.27,51.774],[5.272,51.766],[5.294,51.747],[5.283,51.74],[5.304,51.739],[5.354,51.756],[5.36,51.769],[5.322,51.787],[5.322,51.792],[5.268,51.783]]]},"properties":{"id":285812,"statcode":"WK026300","statnaam":"Wijk 00 Maasdriel","jrstatcode":"1998WK026300","rubriek":"wijk","FID":"wijk_gegeneraliseerd_1998.c0a2196d-7da1-49d5-b4ad-a83425aeb133"},"id":"WK026300"},
{"type":"Feature","geometry":{"type":"Polygon","coordinates":[[[5.322,51.792],[5.322,51.787],[5.36,51.769],[5.369,51.79],[5.359,51.796],[5.322,51.792]]]},"properties":{"id":285813,"statcode":"WK026301","statnaam":"Wijk 01 Deel van Alem o.a.","jrstatcode":"1998WK026301","rubriek":"wijk","FID":"wijk_gegeneraliseerd_1998.db886414-de10-40d1-ba09-9a1903ea11b8"},"id":"WK026301"},
{"type":"Feature","geometry":{"type":"Polygon","coordinates":[[[5.447,51.936],[5.449,51.953],[5.462,51.955],[5.473,51.983],[5.443,51.986],[5.391,51.971],[5.364,51.971],[5.34,51.961],[5.389,51.94],[5.447,51.936]]]},"properties":{"id":285814,"statcode":"WK026400","statnaam":"Wijk 00 Maurik","jrstatcode":"1998WK026400","rubriek":"wijk","FID":"wijk_gegeneraliseerd_1998.673116a9-312b-4653-be61-5829b8513b38"},"id":"WK026400"},
{"type":"Feature","geometry":{"type":"Polygon","coordinates":[[[5.311,51.957],[5.325,51.937],[5.353,51.929],[5.379,51.932],[5.389,51.94],[5.34,51.961],[5.311,51.957]]]},"properties":{"id":285815,"statcode":"WK026401","statnaam":"Wijk 01 Ravenswaaij","jrstatcode":"1998WK026401","rubriek":"wijk","FID":"wijk_gegeneraliseerd_1998.ec25aa7a-6ecc-4c07-933a-e054f8cfb5df"},"id":"WK026401"},
{"type":"Feature","geometry":{"type":"Polygon","coordinates":[[[6.015,51.838],[6.055,51.853],[6.064,51.865],[6.054,51.869],[6.045,51.871],[6.006,51.882],[5.986,51.868],[6.011,51.871],[6.026,51.856],[6.007,51.844],[6.015,51.838]]]},"properties":{"id":285816,"statcode":"WK026500","statnaam":"Wijk 00","jrstatcode":"1998WK026500","rubriek":"wijk","FID":"wijk_gegeneraliseerd_1998.e6bfc669-2b09-4d77-9c37-bcaa443d4d3f"},"id":"WK026500"},
{"type":"Feature","geometry":{"type":"Polygon","coordinates":[[[6.645,52.174],[6.606,52.173],[6.591,52.182],[6.555,52.177],[6.542,52.145],[6.559,52.137],[6.568,52.121],[6.603,52.121],[6.648,52.123],[6.662,52.13],[6.674,52.141],[6.672,52.165],[6.649,52.173],[6.645,52.174]]]},"properties":{"id":285817,"statcode":"WK026600","statnaam":"Wijk 00","jrstatcode":"1998WK026600","rubriek":"wijk","FID":"wijk_gegeneraliseerd_1998.ea633031-03cd-498f-b653-b7cbf7a8970d"},"id":"WK026600"},
{"type":"Feature","geometry":{"type":"Polygon","coordinates":[[[5.404,52.247],[5.396,52.219],[5.41,52.219],[5.436,52.205],[5.44,52.197],[5.485,52.182],[5.521,52.192],[5.544,52.175],[5.569,52.179],[5.578,52.195],[5.6,52.198],[5.627,52.194],[5.633,52.208],[5.608,52.205],[5.551,52.202],[5.516,52.234],[5.482,52.24],[5.479,52.258],[5.404,52.247]]]},"properties":{"id":285818,"statcode":"WK026700","statnaam":"Wijk 00","jrstatcode":"1998WK026700","rubriek":"wijk","FID":"wijk_gegeneraliseerd_1998.8fca8883-d60d-4d0c-96b8-e973dc1c841f"},"id":"WK026700"},
{"type":"Feature","geometry":{"type":"Polygon","coordinates":[[[5.908,51.829],[5.88,51.845],[5.881,51.859],[5.857,51.852],[5.851,51.841],[5.875,51.823],[5.877,51.81],[5.879,51.81],[5.881,51.821],[5.908,51.829]]]},"properties":{"id":285819,"statcode":"WK026800","statnaam":"Wijk 00 Nijmegen-oost","jrstatcode":"1998WK026800","rubriek":"wijk","FID":"wijk_gegeneraliseerd_1998.4cfc20c9-4cc6-44cb-896d-3a6a06c7ebce"},"id":"WK026800"},
{"type":"Feature","geometry":{"type":"Polygon","coordinates":[[[5.877,51.81],[5.875,51.823],[5.851,51.841],[5.827,51.828],[5.809,51.826],[5.825,51.798],[5.837,51.806],[5.877,51.81]]]},"properties":{"id":285820,"statcode":"WK026801","statnaam":"Wijk 01 Nijmegen-zuid","jrstatcode":"1998WK026801","rubriek":"wijk","FID":"wijk_gegeneraliseerd_1998.557acf8f-121e-4286-bba6-6c0a80bddbee"},"id":"WK026801"},
{"type":"Feature","geometry":{"type":"Polygon","coordinates":[[[5.809,51.826],[5.827,51.828],[5.851,51.841],[5.857,51.852],[5.831,51.863],[5.826,51.866],[5.817,51.85],[5.809,51.826]]]},"properties":{"id":285821,"statcode":"WK026802","statnaam":"Wijk 02 Nijmegen-west","jrstatcode":"1998WK026802","rubriek":"wijk","FID":"wijk_gegeneraliseerd_1998.2e6df5dc-a61c-4fb2-a210-b52111fd7162"},"id":"WK026802"},
{"type":"Feature","geometry":{"type":"Polygon","coordinates":[[[5.825,51.798],[5.809,51.826],[5.775,51.821],[5.776,51.819],[5.801,51.795],[5.814,51.793],[5.825,51.798]]]},"properties":{"id":285822,"statcode":"WK026803","statnaam":"Wijk 03 Dukenburg","jrstatcode":"1998WK026803","rubriek":"wijk","FID":"wijk_gegeneraliseerd_1998.62ced2dd-f99b-48e0-8470-470351cf704b"},"id":"WK026803"},
{"type":"Feature","geometry":{"type":"Polygon","coordinates":[[[5.817,51.85],[5.808,51.852],[5.765,51.832],[5.775,51.821],[5.809,51.826],[5.817,51.85]]]},"properties":{"id":285823,"statcode":"WK026804","statnaam":"Wijk 04 Lindenholt","jrstatcode":"1998WK026804","rubriek":"wijk","FID":"wijk_gegeneraliseerd_1998.9e95da32-fbef-4fec-b2cd-509dd7e32527"},"id":"WK026804"},
{"type":"Feature","geometry":{"type":"Polygon","coordinates":[[[5.85,51.895],[5.83,51.894],[5.832,51.872],[5.817,51.87],[5.826,51.866],[5.831,51.863],[5.851,51.874],[5.85,51.895]]]},"properties":{"id":285824,"statcode":"WK026805","statnaam":"Wijk 05 Nijmegen-Noord","jrstatcode":"1998WK026805","rubriek":"wijk","FID":"wijk_gegeneraliseerd_1998.ea443c46-fff5-4253-b5b6-a9d2d8760388"},"id":"WK026805"},
{"type":"Feature","geometry":{"type":"Polygon","coordinates":[[[5.857,51.897],[5.85,51.895],[5.851,51.874],[5.876,51.877],[5.872,51.889],[5.857,51.897]]]},"properties":{"id":285825,"statcode":"WK026806","statnaam":"Wijk 06 Ressen","jrstatcode":"1998WK026806","rubriek":"wijk","FID":"wijk_gegeneraliseerd_1998.95927df9-3151-49c4-a42d-ba3a77f24d2b"},"id":"WK026806"},
{"type":"Feature","geometry":{"type":"Polygon","coordinates":[[[5.876,51.877],[5.851,51.874],[5.831,51.863],[5.857,51.852],[5.881,51.859],[5.887,51.865],[5.876,51.877]]]},"properties":{"id":285826,"statcode":"WK026807","statnaam":"Wijk 07 Lent","jrstatcode":"1998WK026807","rubriek":"wijk","FID":"wijk_gegeneraliseerd_1998.cc02bdd5-7a10-4247-9196-a6d51cd2957b"},"id":"WK026807"},
{"type":"Feature","geometry":{"type":"Polygon","coordinates":[[[5.994,52.426],[5.965,52.453],[5.94,52.471],[5.874,52.447],[5.876,52.439],[5.899,52.421],[5.924,52.391],[5.951,52.398],[5.994,52.426]]]},"properties":{"id":285827,"statcode":"WK026900","statnaam":"Wijk 00 Oldebroek","jrstatcode":"1998WK026900","rubriek":"wijk","FID":"wijk_gegeneraliseerd_1998.469f5261-e6b5-4f08-97dc-f27e5dd1180c"},"id":"WK026900"},
{"type":"Feature","geometry":{"type":"Polygon","coordinates":[[[5.94,52.471],[5.965,52.453],[5.994,52.426],[6.023,52.444],[6.03,52.454],[6.033,52.479],[6.001,52.5],[5.967,52.477],[5.946,52.482],[5.94,52.471]]]},"properties":{"id":285828,"statcode":"WK026901","statnaam":"Wijk 01 Wezep","jrstatcode":"1998WK026901","rubriek":"wijk","FID":"wijk_gegeneraliseerd_1998.a8da8cc3-f90e-4b48-b742-87d737796b40"},"id":"WK026901"},
{"type":"Feature","geometry":{"type":"Polygon","coordinates":[[[5.874,52.447],[5.94,52.471],[5.946,52.482],[5.925,52.474],[5.901,52.506],[5.883,52.519],[5.865,52.518],[5.842,52.471],[5.878,52.453],[5.874,52.447]]]},"properties":{"id":285829,"statcode":"WK026902","statnaam":"Wijk 02 Oosterwolde","jrstatcode":"1998WK026902","rubriek":"wijk","FID":"wijk_gegeneraliseerd_1998.bd827d7e-c51c-4b28-ae96-8371907e5aeb"},"id":"WK026902"},
{"type":"Feature","geometry":{"type":"Polygon","coordinates":[[[5.621,52.276],[5.587,52.279],[5.548,52.292],[5.528,52.264],[5.505,52.265],[5.479,52.258],[5.482,52.24],[5.516,52.234],[5.551,52.202],[5.608,52.205],[5.609,52.245],[5.627,52.26],[5.621,52.276]]]},"properties":{"id":285830,"statcode":"WK027300","statnaam":"Wijk 00 Putten","jrstatcode":"1998WK027300","rubriek":"wijk","FID":"wijk_gegeneraliseerd_1998.7f3fb9fb-d4f8-4d91-afa3-794ddf11a701"},"id":"WK027300"},
{"type":"Feature","geometry":{"type":"Polygon","coordinates":[[[5.633,52.208],[5.658,52.219],[5.681,52.225],[5.684,52.241],[5.674,52.253],[5.649,52.267],[5.621,52.276],[5.627,52.26],[5.609,52.245],[5.608,52.205],[5.633,52.208]]]},"properties":{"id":285831,"statcode":"WK027301","statnaam":"Wijk 01 Bosgebied en Krachtighuizen","jrstatcode":"1998WK027301","rubriek":"wijk","FID":"wijk_gegeneraliseerd_1998.02cdb2b1-c917-4543-a728-d5ca407b8a7a"},"id":"WK027301"},
{"type":"Feature","geometry":{"type":"Polygon","coordinates":[[[5.741,52.016],[5.741,52.015],[5.724,52.001],[5.714,51.968],[5.723,51.964],[5.746,51.97],[5.751,51.975],[5.79,51.988],[5.78,52.008],[5.741,52.016]]]},"properties":{"id":285832,"statcode":"WK027400","statnaam":"Wijk 00 Renkum","jrstatcode":"1998WK027400","rubriek":"wijk","FID":"wijk_gegeneraliseerd_1998.3b32a554-131d-429f-87a4-54e93c3fd9f2"},"id":"WK027400"},
{"type":"Feature","geometry":{"type":"Polygon","coordinates":[[[5.864,51.996],[5.819,52.001],[5.808,51.994],[5.819,51.972],[5.836,51.974],[5.855,51.97],[5.871,51.975],[5.864,51.996]]]},"properties":{"id":285833,"statcode":"WK027401","statnaam":"Wijk 01 Oosterbeek","jrstatcode":"1998WK027401","rubriek":"wijk","FID":"wijk_gegeneraliseerd_1998.0a6aa88a-f738-47f7-8b84-afca786ea06e"},"id":"WK027401"},
{"type":"Feature","geometry":{"type":"Polygon","coordinates":[[[5.741,52.016],[5.78,52.008],[5.79,51.988],[5.751,51.975],[5.746,51.97],[5.785,51.96],[5.819,51.972],[5.808,51.994],[5.819,52.001],[5.803,52.004],[5.813,52.024],[5.802,52.022],[5.754,52.021],[5.741,52.016]]]},"properties":{"id":285834,"statcode":"WK027402","statnaam":"Wijk 02 Doorwerth","jrstatcode":"1998WK027402","rubriek":"wijk","FID":"wijk_gegeneraliseerd_1998.5a298f0f-78ee-497e-96ff-5abe9e7670dd"},"id":"WK027402"},
{"type":"Feature","geometry":{"type":"Polygon","coordinates":[[[6.006,52.062],[6.027,52.05],[6.042,52.056],[6.09,52.021],[6.114,52.01],[6.109,51.996],[6.125,52.009],[6.132,52.024],[6.124,52.034],[6.112,52.046],[6.137,52.059],[6.123,52.063],[6.103,52.078],[6.085,52.082],[6.068,52.088],[6.024,52.067],[6.006,52.066],[6.006,52.062]]]},"properties":{"id":285835,"statcode":"WK027500","statnaam":"Wijk 00 Dieren","jrstatcode":"1998WK027500","rubriek":"wijk","FID":"wijk_gegeneraliseerd_1998.716e0c61-be2e-4259-b513-1f3831626dfc"},"id":"WK027500"},
{"type":"Feature","geometry":{"type":"Polygon","coordinates":[[[6.01,51.995],[6.041,52.001],[6.058,52.014],[6.077,52.01],[6.084,51.995],[6.109,51.996],[6.114,52.01],[6.09,52.021],[6.042,52.056],[6.027,52.05],[6.006,52.062],[6,52.054],[5.978,52.054],[5.995,52.028],[5.992,52.013],[6.01,51.995]]]},"properties":{"id":285836,"statcode":"WK027501","statnaam":"Wijk 01 Rheden","jrstatcode":"1998WK027501","rubriek":"wijk","FID":"wijk_gegeneraliseerd_1998.9bf21ea9-6ef6-4b59-b336-3f452e90f634"},"id":"WK027501"},
{"type":"Feature","geometry":{"type":"Polygon","coordinates":[[[5.955,51.994],[5.99,51.974],[6.002,51.981],[6.01,51.995],[5.992,52.013],[5.995,52.028],[5.981,52.019],[5.974,52.003],[5.952,52],[5.955,51.994]]]},"properties":{"id":285837,"statcode":"WK027502","statnaam":"Wijk 02 Velp","jrstatcode":"1998WK027502","rubriek":"wijk","FID":"wijk_gegeneraliseerd_1998.e3cb8963-01e0-4d63-a5b0-50f125aa836a"},"id":"WK027502"},
{"type":"Feature","geometry":{"type":"Polygon","coordinates":[[[5.291,51.823],[5.286,51.805],[5.266,51.793],[5.268,51.783],[5.322,51.792],[5.359,51.796],[5.347,51.804],[5.316,51.822],[5.291,51.823]]]},"properties":{"id":285838,"statcode":"WK027600","statnaam":"Wijk 00","jrstatcode":"1998WK027600","rubriek":"wijk","FID":"wijk_gegeneraliseerd_1998.38d3c4eb-9ebb-4fc1-8176-82596b34d7ab"},"id":"WK027600"},
{"type":"Feature","geometry":{"type":"Polygon","coordinates":[[[6.009,52.074],[5.99,52.079],[5.956,52.073],[5.937,52.048],[5.942,52.011],[5.95,52.004],[5.952,52],[5.974,52.003],[5.981,52.019],[5.995,52.028],[5.978,52.054],[6,52.054],[6.006,52.062],[6.006,52.066],[6.009,52.074]]]},"properties":{"id":285839,"statcode":"WK027700","statnaam":"Wijk 00","jrstatcode":"1998WK027700","rubriek":"wijk","FID":"wijk_gegeneraliseerd_1998.2b39557f-1300-439d-9238-6e251454e715"},"id":"WK027700"},
{"type":"Feature","geometry":{"type":"Polygon","coordinates":[[[6.427,52.043],[6.439,52.025],[6.462,52.017],[6.48,52.003],[6.499,52.015],[6.523,52.022],[6.523,52.042],[6.53,52.062],[6.511,52.082],[6.496,52.095],[6.478,52.101],[6.466,52.107],[6.443,52.106],[6.424,52.097],[6.403,52.088],[6.411,52.066],[6.427,52.043]]]},"properties":{"id":285840,"statcode":"WK027800","statnaam":"Wijk 00","jrstatcode":"1998WK027800","rubriek":"wijk","FID":"wijk_gegeneraliseerd_1998.b2b09a65-7c3d-4172-a557-546d7e671e51"},"id":"WK027800"},
{"type":"Feature","geometry":{"type":"Polygon","coordinates":[[[5.532,52.102],[5.515,52.102],[5.494,52.111],[5.486,52.094],[5.459,52.08],[5.484,52.07],[5.496,52.072],[5.523,52.078],[5.539,52.098],[5.532,52.102]]]},"properties":{"id":285841,"statcode":"WK027900","statnaam":"Wijk 00","jrstatcode":"1998WK027900","rubriek":"wijk","FID":"wijk_gegeneraliseerd_1998.5c8ce72c-23bc-484d-8548-c95dfb1f7e4b"},"id":"WK027900"},
{"type":"Feature","geometry":{"type":"Polygon","coordinates":[[[6.222,52.089],[6.218,52.098],[6.207,52.092],[6.179,52.091],[6.168,52.076],[6.137,52.059],[6.112,52.046],[6.124,52.034],[6.149,52.042],[6.175,52.039],[6.188,52.04],[6.229,52.029],[6.259,52.024],[6.256,52.049],[6.273,52.073],[6.25,52.088],[6.222,52.089]]]},"properties":{"id":285842,"statcode":"WK028000","statnaam":"Wijk 00","jrstatcode":"1998WK028000","rubriek":"wijk","FID":"wijk_gegeneraliseerd_1998.faa1623d-82e5-4505-96b3-9a87ed04d3a1"},"id":"WK028000"},
{"type":"Feature","geometry":{"type":"Polygon","coordinates":[[[5.456,51.904],[5.408,51.882],[5.398,51.876],[5.434,51.877],[5.435,51.878],[5.464,51.889],[5.456,51.904]]]},"properties":{"id":285843,"statcode":"WK028100","statnaam":"Wijk 00 Tiel kern","jrstatcode":"1998WK028100","rubriek":"wijk","FID":"wijk_gegeneraliseerd_1998.caec1ae5-dc62-4e98-88ec-6cf9599e62b3"},"id":"WK028100"},
{"type":"Feature","geometry":{"type":"MultiPolygon","coordinates":[[[[5.408,51.882],[5.456,51.904],[5.434,51.92],[5.411,51.912],[5.4,51.898],[5.408,51.882]]],[[[5.378,51.863],[5.395,51.853],[5.415,51.852],[5.434,51.877],[5.398,51.876],[5.378,51.863]]]]},"properties":{"id":285844,"statcode":"WK028101","statnaam":"Wijk 01 Tiel overig gebied","jrstatcode":"1998WK028101","rubriek":"wijk","FID":"wijk_gegeneraliseerd_1998.d1b44ebd-ec5a-4b60-9b7a-811d8d9a40dd"},"id":"WK028101"},
{"type":"Feature","geometry":{"type":"Polygon","coordinates":[[[5.4,51.898],[5.339,51.874],[5.328,51.859],[5.328,51.857],[5.36,51.858],[5.378,51.863],[5.398,51.876],[5.408,51.882],[5.4,51.898]]]},"properties":{"id":285845,"statcode":"WK028102","statnaam":"Wijk 02 Wadenoijen en omgeving","jrstatcode":"1998WK028102","rubriek":"wijk","FID":"wijk_gegeneraliseerd_1998.cc8c0e25-eeaf-4d06-a0e5-c3d704ab42ac"},"id":"WK028102"},
{"type":"Feature","geometry":{"type":"Polygon","coordinates":[[[5.948,51.811],[5.945,51.823],[5.963,51.837],[5.995,51.831],[6.015,51.838],[6.007,51.844],[6.026,51.856],[6.011,51.871],[5.986,51.868],[5.98,51.859],[5.958,51.855],[5.925,51.874],[5.887,51.865],[5.881,51.859],[5.88,51.845],[5.908,51.829],[5.926,51.818],[5.948,51.811]]]},"properties":{"id":285846,"statcode":"WK028200","statnaam":"Wijk 00","jrstatcode":"1998WK028200","rubriek":"wijk","FID":"wijk_gegeneraliseerd_1998.3bf848af-c914-4d43-8619-4754d3fff1ce"},"id":"WK028200"},
{"type":"Feature","geometry":{"type":"Polygon","coordinates":[[[5.707,51.893],[5.747,51.884],[5.749,51.891],[5.787,51.898],[5.809,51.91],[5.782,51.94],[5.762,51.934],[5.747,51.945],[5.708,51.936],[5.695,51.921],[5.706,51.908],[5.707,51.893]]]},"properties":{"id":285847,"statcode":"WK028300","statnaam":"Wijk 00 Valburg-Zetten-Andelst","jrstatcode":"1998WK028300","rubriek":"wijk","FID":"wijk_gegeneraliseerd_1998.3d5de9e8-262e-4505-ad97-c84bae04bf07"},"id":"WK028300"},
{"type":"Feature","geometry":{"type":"Polygon","coordinates":[[[5.787,51.898],[5.749,51.891],[5.747,51.884],[5.761,51.881],[5.817,51.87],[5.832,51.872],[5.83,51.894],[5.809,51.891],[5.787,51.898]]]},"properties":{"id":285848,"statcode":"WK028301","statnaam":"Wijk 01 Oosterhout","jrstatcode":"1998WK028301","rubriek":"wijk","FID":"wijk_gegeneraliseerd_1998.76835753-ae72-4934-845c-39eb26ca9ca4"},"id":"WK028301"},
{"type":"Feature","geometry":{"type":"Polygon","coordinates":[[[5.69,51.935],[5.695,51.921],[5.708,51.936],[5.69,51.935]]]},"properties":{"id":285849,"statcode":"WK028302","statnaam":"Wijk 02 Hemmen","jrstatcode":"1998WK028302","rubriek":"wijk","FID":"wijk_gegeneraliseerd_1998.1d590ccf-151c-4d3d-b5c4-5c155d37874f"},"id":"WK028302"},
{"type":"Feature","geometry":{"type":"Polygon","coordinates":[[[6.076,52.144],[6.105,52.152],[6.167,52.162],[6.185,52.161],[6.193,52.17],[6.191,52.178],[6.157,52.198],[6.129,52.205],[6.086,52.2],[6.095,52.18],[6.108,52.17],[6.075,52.148],[6.076,52.144]]]},"properties":{"id":285850,"statcode":"WK028500","statnaam":"Wijk 00 Voorst","jrstatcode":"1998WK028500","rubriek":"wijk","FID":"wijk_gegeneraliseerd_1998.0fec85f3-417b-45be-9931-8dd9ca155a2b"},"id":"WK028500"},
{"type":"Feature","geometry":{"type":"Polygon","coordinates":[[[6.102,52.301],[6.084,52.302],[6.074,52.331],[6.053,52.326],[6.037,52.299],[6.043,52.276],[6.056,52.277],[6.069,52.257],[6.067,52.22],[6.092,52.218],[6.091,52.209],[6.156,52.226],[6.124,52.252],[6.13,52.261],[6.123,52.269],[6.121,52.272],[6.102,52.301]]]},"properties":{"id":285851,"statcode":"WK028501","statnaam":"Wijk 01 Twello-Nijbroek","jrstatcode":"1998WK028501","rubriek":"wijk","FID":"wijk_gegeneraliseerd_1998.8f07c31a-50fd-440a-96db-82f6eb321b70"},"id":"WK028501"},
{"type":"Feature","geometry":{"type":"Polygon","coordinates":[[[6.037,52.269],[6.029,52.249],[6.033,52.224],[6.047,52.22],[6.054,52.195],[6.049,52.185],[6.075,52.148],[6.108,52.17],[6.095,52.18],[6.086,52.2],[6.091,52.209],[6.092,52.218],[6.067,52.22],[6.069,52.257],[6.056,52.277],[6.043,52.276],[6.037,52.269]]]},"properties":{"id":285852,"statcode":"WK028502","statnaam":"Wijk 02 Klarenbeek-Teuge","jrstatcode":"1998WK028502","rubriek":"wijk","FID":"wijk_gegeneraliseerd_1998.a61a88b6-3dc6-4559-8093-66118859f12a"},"id":"WK028502"},
{"type":"Feature","geometry":{"type":"Polygon","coordinates":[[[6.172,52.228],[6.166,52.231],[6.156,52.226],[6.091,52.209],[6.086,52.2],[6.129,52.205],[6.157,52.198],[6.184,52.204],[6.189,52.217],[6.172,52.228]]]},"properties":{"id":285853,"statcode":"WK028503","statnaam":"Wijk 03 Wilp","jrstatcode":"1998WK028503","rubriek":"wijk","FID":"wijk_gegeneraliseerd_1998.e95524af-01df-408e-b4b0-740f40d635fb"},"id":"WK028503"},
{"type":"Feature","geometry":{"type":"Polygon","coordinates":[[[6.393,52.131],[6.368,52.124],[6.358,52.136],[6.328,52.138],[6.294,52.128],[6.275,52.118],[6.258,52.11],[6.236,52.114],[6.222,52.107],[6.222,52.089],[6.25,52.088],[6.273,52.073],[6.332,52.077],[6.388,52.072],[6.411,52.066],[6.403,52.088],[6.424,52.097],[6.392,52.113],[6.393,52.131]]]},"properties":{"id":285854,"statcode":"WK028600","statnaam":"Wijk 00","jrstatcode":"1998WK028600","rubriek":"wijk","FID":"wijk_gegeneraliseerd_1998.376a809b-9426-4060-9499-1ce4034b7132"},"id":"WK028600"},
{"type":"Feature","geometry":{"type":"Polygon","coordinates":[[[5.651,51.975],[5.653,51.959],[5.674,51.965],[5.681,51.979],[5.651,51.975]]]},"properties":{"id":285855,"statcode":"WK028900","statnaam":"Wijk 00 Stedelijk gebied","jrstatcode":"1998WK028900","rubriek":"wijk","FID":"wijk_gegeneraliseerd_1998.c272d5ca-2a0e-412e-8ae1-7c13d5656a22"},"id":"WK028900"},
{"type":"Feature","geometry":{"type":"Polygon","coordinates":[[[5.606,51.994],[5.626,51.974],[5.627,51.957],[5.606,51.943],[5.64,51.938],[5.652,51.954],[5.666,51.953],[5.678,51.958],[5.723,51.964],[5.714,51.968],[5.724,52.001],[5.689,51.995],[5.637,51.992],[5.606,51.994]],[[5.651,51.975],[5.681,51.979],[5.674,51.965],[5.653,51.959],[5.651,51.975]]]},"properties":{"id":285856,"statcode":"WK028901","statnaam":"Wijk 01 Landelijk gebied","jrstatcode":"1998WK028901","rubriek":"wijk","FID":"wijk_gegeneraliseerd_1998.d60b2cbc-b5ba-4e08-9865-2933ced02b52"},"id":"WK028901"},
{"type":"Feature","geometry":{"type":"Polygon","coordinates":[[[6.22,52.132],[6.256,52.127],[6.275,52.118],[6.294,52.128],[6.328,52.138],[6.324,52.153],[6.266,52.148],[6.238,52.146],[6.216,52.147],[6.22,52.132]]]},"properties":{"id":285857,"statcode":"WK029100","statnaam":"Wijk 00","jrstatcode":"1998WK029100","rubriek":"wijk","FID":"wijk_gegeneraliseerd_1998.c82c3651-d7ae-4241-812f-0fff3f7cee13"},"id":"WK029100"},
{"type":"Feature","geometry":{"type":"Polygon","coordinates":[[[6.23,51.976],[6.205,51.98],[6.161,51.981],[6.145,51.98],[6.158,51.959],[6.193,51.941],[6.232,51.947],[6.254,51.943],[6.262,51.946],[6.258,51.949],[6.255,51.953],[6.251,51.957],[6.248,51.959],[6.237,51.969],[6.23,51.976]]]},"properties":{"id":285858,"statcode":"WK029200","statnaam":"Wijk 00","jrstatcode":"1998WK029200","rubriek":"wijk","FID":"wijk_gegeneraliseerd_1998.57baa352-961c-4250-81bb-630540c24724"},"id":"WK029200"},
{"type":"Feature","geometry":{"type":"Polygon","coordinates":[[[6.002,51.978],[6.002,51.981],[5.99,51.974],[5.959,51.97],[5.95,51.959],[5.956,51.948],[5.966,51.939],[5.984,51.943],[5.989,51.972],[6.002,51.978]]]},"properties":{"id":285859,"statcode":"WK029300","statnaam":"Wijk 00","jrstatcode":"1998WK029300","rubriek":"wijk","FID":"wijk_gegeneraliseerd_1998.58fd3252-2666-4743-a41b-7313dda0290d"},"id":"WK029300"},
{"type":"Feature","geometry":{"type":"Polygon","coordinates":[[[6.739,51.97],[6.723,51.988],[6.694,51.98],[6.703,51.964],[6.715,51.957],[6.734,51.959],[6.739,51.97]]]},"properties":{"id":285860,"statcode":"WK029400","statnaam":"Wijk 00 Stad","jrstatcode":"1998WK029400","rubriek":"wijk","FID":"wijk_gegeneraliseerd_1998.381e4245-f500-4b32-a720-adc186aa7920"},"id":"WK029400"},
{"type":"Feature","geometry":{"type":"Polygon","coordinates":[[[6.688,52.04],[6.656,52.014],[6.655,51.975],[6.639,51.963],[6.634,51.946],[6.634,51.941],[6.639,51.933],[6.669,51.914],[6.684,51.916],[6.722,51.896],[6.754,51.913],[6.77,51.916],[6.794,51.935],[6.799,51.959],[6.829,51.964],[6.833,51.972],[6.827,51.994],[6.811,51.998],[6.753,52.028],[6.714,52.04],[6.688,52.04]],[[6.739,51.97],[6.734,51.959],[6.715,51.957],[6.703,51.964],[6.694,51.98],[6.723,51.988],[6.739,51.97]]]},"properties":{"id":285861,"statcode":"WK029401","statnaam":"Wijk 01 Land","jrstatcode":"1998WK029401","rubriek":"wijk","FID":"wijk_gegeneraliseerd_1998.2afa97f7-4b06-44c4-b814-39bcfa589094"},"id":"WK029401"},
{"type":"Feature","geometry":{"type":"Polygon","coordinates":[[[6.396,51.892],[6.409,51.881],[6.427,51.891],[6.423,51.917],[6.384,51.941],[6.363,51.924],[6.361,51.923],[6.34,51.926],[6.322,51.935],[6.306,51.939],[6.306,51.937],[6.305,51.928],[6.34,51.922],[6.361,51.909],[6.378,51.911],[6.396,51.892]]]},"properties":{"id":285862,"statcode":"WK029500","statnaam":"Wijk 00 Silvolde-Terborg","jrstatcode":"1998WK029500","rubriek":"wijk","FID":"wijk_gegeneraliseerd_1998.3d09bbc8-b243-4796-b0ee-715c8bd7da54"},"id":"WK029500"},
{"type":"Feature","geometry":{"type":"Polygon","coordinates":[[[6.427,51.891],[6.472,51.908],[6.489,51.913],[6.505,51.946],[6.519,51.954],[6.527,51.966],[6.468,51.978],[6.447,51.97],[6.416,51.973],[6.396,51.953],[6.388,51.945],[6.384,51.941],[6.423,51.917],[6.427,51.891]]]},"properties":{"id":285863,"statcode":"WK029501","statnaam":"Wijk 01 Varsseveld","jrstatcode":"1998WK029501","rubriek":"wijk","FID":"wijk_gegeneraliseerd_1998.af72e30c-8695-42bb-ab00-f0b7f43199fd"},"id":"WK029501"},
{"type":"Feature","geometry":{"type":"MultiPolygon","coordinates":[[[[5.706,51.815],[5.673,51.812],[5.647,51.813],[5.654,51.801],[5.663,51.795],[5.685,51.791],[5.711,51.775],[5.73,51.773],[5.741,51.778],[5.781,51.784],[5.801,51.795],[5.776,51.819],[5.75,51.81],[5.736,51.798],[5.708,51.798],[5.706,51.815]]],[[[5.718,51.839],[5.709,51.84],[5.719,51.831],[5.709,51.816],[5.735,51.812],[5.775,51.821],[5.765,51.832],[5.718,51.839]]]]},"properties":{"id":285864,"statcode":"WK029600","statnaam":"Wijk 00 Wijchen buitengebied","jrstatcode":"1998WK029600","rubriek":"wijk","FID":"wijk_gegeneraliseerd_1998.7c936bb6-40bd-4348-97ec-a7a42157cc1e"},"id":"WK029600"},
{"type":"Feature","geometry":{"type":"Polygon","coordinates":[[[5.775,51.821],[5.735,51.812],[5.709,51.816],[5.706,51.815],[5.708,51.798],[5.736,51.798],[5.75,51.81],[5.776,51.819],[5.775,51.821]]]},"properties":{"id":285865,"statcode":"WK029601","statnaam":"Wijk 01 Wijchen kern","jrstatcode":"1998WK029601","rubriek":"wijk","FID":"wijk_gegeneraliseerd_1998.81c01753-e65f-4b80-a912-ca3ab40cab53"},"id":"WK029601"},
{"type":"Feature","geometry":{"type":"Polygon","coordinates":[[[5.709,51.816],[5.719,51.831],[5.709,51.84],[5.685,51.849],[5.668,51.866],[5.636,51.867],[5.636,51.847],[5.623,51.841],[5.66,51.824],[5.673,51.812],[5.706,51.815],[5.709,51.816]]]},"properties":{"id":285866,"statcode":"WK029602","statnaam":"Wijk 02 Bergharen","jrstatcode":"1998WK029602","rubriek":"wijk","FID":"wijk_gegeneraliseerd_1998.b74a1a95-a7d7-4e1f-b003-302852ae8868"},"id":"WK029602"},
{"type":"Feature","geometry":{"type":"Polygon","coordinates":[[[5.623,51.841],[5.61,51.836],[5.598,51.828],[5.647,51.813],[5.673,51.812],[5.66,51.824],[5.623,51.841]]]},"properties":{"id":285867,"statcode":"WK029603","statnaam":"Wijk 03 Batenburg","jrstatcode":"1998WK029603","rubriek":"wijk","FID":"wijk_gegeneraliseerd_1998.d81c0796-7c0f-4a5d-937b-2565fd028408"},"id":"WK029603"},
{"type":"Feature","geometry":{"type":"Polygon","coordinates":[[[5.291,51.823],[5.247,51.817],[5.221,51.811],[5.23,51.79],[5.266,51.793],[5.286,51.805],[5.291,51.823]]]},"properties":{"id":285868,"statcode":"WK029700","statnaam":"Wijk 00","jrstatcode":"1998WK029700","rubriek":"wijk","FID":"wijk_gegeneraliseerd_1998.c5555f88-c85b-4be8-aa6b-6e6e3a86da96"},"id":"WK029700"},
{"type":"Feature","geometry":{"type":"Polygon","coordinates":[[[6.365,51.969],[6.391,51.968],[6.403,51.982],[6.416,51.973],[6.447,51.97],[6.468,51.978],[6.482,51.994],[6.48,52.003],[6.462,52.017],[6.439,52.025],[6.427,52.043],[6.33,52.032],[6.321,52.024],[6.259,52.024],[6.292,51.993],[6.294,51.992],[6.295,51.989],[6.307,51.982],[6.325,51.976],[6.326,51.976],[6.365,51.969]]]},"properties":{"id":285869,"statcode":"WK029800","statnaam":"Wijk 00","jrstatcode":"1998WK029800","rubriek":"wijk","FID":"wijk_gegeneraliseerd_1998.593b498a-aee4-4a3f-81b7-9686d90de61c"},"id":"WK029800"},
{"type":"Feature","geometry":{"type":"Polygon","coordinates":[[[6.067,51.975],[6.058,51.958],[6.063,51.949],[6.041,51.916],[6.079,51.914],[6.1,51.924],[6.092,51.93],[6.09,51.968],[6.067,51.975]]]},"properties":{"id":285870,"statcode":"WK029900","statnaam":"Wijk 00 Zevenaar","jrstatcode":"1998WK029900","rubriek":"wijk","FID":"wijk_gegeneraliseerd_1998.2ef80dc7-cab0-43b7-97c3-efd1db97b4cb"},"id":"WK029900"},
{"type":"Feature","geometry":{"type":"Polygon","coordinates":[[[6.155,51.912],[6.131,51.913],[6.1,51.924],[6.079,51.914],[6.041,51.916],[6.02,51.916],[6.037,51.91],[6.074,51.91],[6.103,51.892],[6.154,51.905],[6.155,51.912]]]},"properties":{"id":285871,"statcode":"WK029901","statnaam":"Wijk 01 Babberich","jrstatcode":"1998WK029901","rubriek":"wijk","FID":"wijk_gegeneraliseerd_1998.ef771751-85af-49c0-8755-ba7f0aea5f7f"},"id":"WK029901"},
{"type":"Feature","geometry":{"type":"Polygon","coordinates":[[[6.216,52.122],[6.22,52.132],[6.216,52.147],[6.238,52.146],[6.235,52.155],[6.198,52.163],[6.193,52.17],[6.185,52.161],[6.182,52.152],[6.191,52.138],[6.186,52.124],[6.186,52.118],[6.216,52.122]]]},"properties":{"id":285872,"statcode":"WK030100","statnaam":"Wijk 00 Zutphen kern","jrstatcode":"1998WK030100","rubriek":"wijk","FID":"wijk_gegeneraliseerd_1998.0fbb948c-521b-4659-ba72-9a5134929a0c"},"id":"WK030100"},
{"type":"Feature","geometry":{"type":"Polygon","coordinates":[[[6.256,52.127],[6.22,52.132],[6.216,52.122],[6.256,52.127]]]},"properties":{"id":285873,"statcode":"WK030101","statnaam":"Wijk 01 Zutphens' Leesten","jrstatcode":"1998WK030101","rubriek":"wijk","FID":"wijk_gegeneraliseerd_1998.f6518d27-0700-48d0-93c0-3963b25ba050"},"id":"WK030101"},
{"type":"Feature","geometry":{"type":"Polygon","coordinates":[[[6.256,52.127],[6.216,52.122],[6.186,52.118],[6.213,52.111],[6.218,52.098],[6.222,52.089],[6.222,52.107],[6.236,52.114],[6.258,52.11],[6.275,52.118],[6.256,52.127]]]},"properties":{"id":285874,"statcode":"WK030102","statnaam":"Wijk 02 Verspr. huizen oosten v/d IJssel","jrstatcode":"1998WK030102","rubriek":"wijk","FID":"wijk_gegeneraliseerd_1998.9e22c28e-624f-469c-b170-ea10e3b71d7a"},"id":"WK030102"},
{"type":"Feature","geometry":{"type":"Polygon","coordinates":[[[6.182,52.152],[6.165,52.146],[6.184,52.134],[6.186,52.124],[6.191,52.138],[6.182,52.152]]]},"properties":{"id":285875,"statcode":"WK030103","statnaam":"Wijk 03 De Hoven en westen v.d. IJssel","jrstatcode":"1998WK030103","rubriek":"wijk","FID":"wijk_gegeneraliseerd_1998.2236b614-722a-4f46-be0f-2f344be80d87"},"id":"WK030103"},
{"type":"Feature","geometry":{"type":"Polygon","coordinates":[[[5.679,52.379],[5.713,52.333],[5.706,52.328],[5.748,52.318],[5.765,52.34],[5.792,52.354],[5.85,52.371],[5.831,52.384],[5.812,52.403],[5.771,52.395],[5.757,52.407],[5.716,52.387],[5.679,52.379]]]},"properties":{"id":285876,"statcode":"WK030200","statnaam":"Wijk 00 Nunspeet","jrstatcode":"1998WK030200","rubriek":"wijk","FID":"wijk_gegeneraliseerd_1998.af1c6e40-94ae-4b0c-bf44-85843553764e"},"id":"WK030200"},
{"type":"Feature","geometry":{"type":"Polygon","coordinates":[[[5.75,52.268],[5.81,52.27],[5.851,52.269],[5.841,52.304],[5.87,52.323],[5.881,52.335],[5.865,52.352],[5.876,52.358],[5.85,52.371],[5.792,52.354],[5.765,52.34],[5.748,52.318],[5.745,52.288],[5.755,52.282],[5.75,52.268]]]},"properties":{"id":285877,"statcode":"WK030201","statnaam":"Wijk 01 Elspeet-Vierhouten","jrstatcode":"1998WK030201","rubriek":"wijk","FID":"wijk_gegeneraliseerd_1998.79383892-c5cd-4c5c-82f0-8ff6893c144f"},"id":"WK030201"},
{"type":"Feature","geometry":{"type":"Polygon","coordinates":[[[5.591,52.514],[5.591,52.5],[5.606,52.484],[5.645,52.5],[5.71,52.483],[5.747,52.484],[5.76,52.49],[5.788,52.476],[5.823,52.466],[5.849,52.495],[5.857,52.52],[5.852,52.551],[5.814,52.577],[5.764,52.579],[5.726,52.586],[5.679,52.54],[5.644,52.534],[5.649,52.518],[5.591,52.514]]]},"properties":{"id":285878,"statcode":"WK030300","statnaam":"Wijk 00 Dronten","jrstatcode":"1998WK030300","rubriek":"wijk","FID":"wijk_gegeneraliseerd_1998.f9fd1dcb-c71f-4735-acfd-0bd61da0cab7"},"id":"WK030300"},
{"type":"Feature","geometry":{"type":"Polygon","coordinates":[[[5.823,52.466],[5.788,52.476],[5.76,52.49],[5.747,52.484],[5.71,52.483],[5.645,52.5],[5.606,52.484],[5.565,52.47],[5.586,52.448],[5.567,52.436],[5.589,52.411],[5.623,52.409],[5.615,52.371],[5.625,52.38],[5.662,52.398],[5.722,52.416],[5.747,52.414],[5.795,52.438],[5.823,52.466]]]},"properties":{"id":285879,"statcode":"WK030301","statnaam":"Wijk 01 Biddinghuizen","jrstatcode":"1998WK030301","rubriek":"wijk","FID":"wijk_gegeneraliseerd_1998.4ea97e49-8bc1-4e4e-b360-306c9ab40b2b"},"id":"WK030301"},
{"type":"Feature","geometry":{"type":"Polygon","coordinates":[[[5.651,52.615],[5.65,52.616],[5.628,52.605],[5.573,52.596],[5.587,52.563],[5.591,52.514],[5.649,52.518],[5.644,52.534],[5.679,52.54],[5.726,52.586],[5.654,52.598],[5.64,52.608],[5.651,52.615]]]},"properties":{"id":285880,"statcode":"WK030302","statnaam":"Wijk 02 Swifterbant","jrstatcode":"1998WK030302","rubriek":"wijk","FID":"wijk_gegeneraliseerd_1998.2fe6ef3c-fa27-49a6-b9b1-facc715634e3"},"id":"WK030302"},
{"type":"Feature","geometry":{"type":"Polygon","coordinates":[[[5.159,51.816],[5.2,51.811],[5.221,51.811],[5.247,51.817],[5.239,51.832],[5.207,51.85],[5.154,51.847],[5.159,51.816]]]},"properties":{"id":285881,"statcode":"WK030400","statnaam":"Wijk 00 Haaften","jrstatcode":"1998WK030400","rubriek":"wijk","FID":"wijk_gegeneraliseerd_1998.830481bc-c7a2-4913-ad8c-dc19ed182d99"},"id":"WK030400"},
{"type":"Feature","geometry":{"type":"Polygon","coordinates":[[[5.238,51.856],[5.207,51.85],[5.239,51.832],[5.247,51.817],[5.291,51.823],[5.316,51.822],[5.329,51.832],[5.328,51.857],[5.328,51.859],[5.309,51.852],[5.278,51.857],[5.238,51.856]]]},"properties":{"id":285882,"statcode":"WK030401","statnaam":"Wijk 01 Waardenburg/Opijnen","jrstatcode":"1998WK030401","rubriek":"wijk","FID":"wijk_gegeneraliseerd_1998.11cd49cb-a743-45aa-a17f-942535163942"},"id":"WK030401"},
{"type":"Feature","geometry":{"type":"Polygon","coordinates":[[[5.347,51.804],[5.36,51.805],[5.401,51.838],[5.415,51.852],[5.395,51.853],[5.378,51.863],[5.36,51.858],[5.328,51.857],[5.329,51.832],[5.316,51.822],[5.347,51.804]]]},"properties":{"id":285883,"statcode":"WK030402","statnaam":"Wijk 02 Varik/Ophemert","jrstatcode":"1998WK030402","rubriek":"wijk","FID":"wijk_gegeneraliseerd_1998.03dc1456-5ff9-4732-83bc-1029e6fe5f7b"},"id":"WK030402"},
{"type":"Feature","geometry":{"type":"Polygon","coordinates":[[[4.98,52.227],[5.007,52.232],[5.019,52.276],[5.022,52.283],[5.022,52.302],[4.998,52.289],[4.984,52.29],[4.955,52.278],[4.926,52.28],[4.929,52.27],[4.908,52.253],[4.931,52.243],[4.939,52.253],[4.968,52.249],[4.98,52.227]]]},"properties":{"id":285884,"statcode":"WK030500","statnaam":"Wijk 00","jrstatcode":"1998WK030500","rubriek":"wijk","FID":"wijk_gegeneraliseerd_1998.a5fc71dc-eeda-4d9a-83e7-30ec0c0897cd"},"id":"WK030500"},
{"type":"Feature","geometry":{"type":"Polygon","coordinates":[[[5.485,52.056],[5.488,52.041],[5.477,52.022],[5.446,51.998],[5.427,52.003],[5.415,51.997],[5.4,51.988],[5.378,51.986],[5.391,51.971],[5.443,51.986],[5.473,51.983],[5.487,51.984],[5.503,52.006],[5.513,52.019],[5.529,52.04],[5.516,52.054],[5.498,52.057],[5.485,52.056]]]},"properties":{"id":285885,"statcode":"WK030600","statnaam":"Wijk 00","jrstatcode":"1998WK030600","rubriek":"wijk","FID":"wijk_gegeneraliseerd_1998.a30db618-240c-4614-a137-01cc89ea5ffb"},"id":"WK030600"},
{"type":"Feature","geometry":{"type":"Polygon","coordinates":[[[5.393,52.154],[5.398,52.157],[5.387,52.162],[5.385,52.159],[5.382,52.157],[5.387,52.153],[5.393,52.154]]]},"properties":{"id":285886,"statcode":"WK030701","statnaam":"Wijk 01 Stadskern","jrstatcode":"1998WK030701","rubriek":"wijk","FID":"wijk_gegeneraliseerd_1998.26433cf8-fd87-4d3f-bc4e-93a2ae4d04d5"},"id":"WK030701"},
{"type":"Feature","geometry":{"type":"Polygon","coordinates":[[[5.381,52.151],[5.384,52.149],[5.387,52.153],[5.382,52.157],[5.379,52.155],[5.376,52.154],[5.381,52.151]]]},"properties":{"id":285887,"statcode":"WK030702","statnaam":"Wijk 02 Zonnehof","jrstatcode":"1998WK030702","rubriek":"wijk","FID":"wijk_gegeneraliseerd_1998.dcec5cb1-faf6-4f10-854a-e3df277e9504"},"id":"WK030702"},
{"type":"Feature","geometry":{"type":"Polygon","coordinates":[[[5.379,52.156],[5.373,52.162],[5.347,52.162],[5.379,52.156]]]},"properties":{"id":285888,"statcode":"WK030703","statnaam":"Wijk 03 Soesterkwartier","jrstatcode":"1998WK030703","rubriek":"wijk","FID":"wijk_gegeneraliseerd_1998.04e9d7e6-ed28-4664-b89a-e2b88b3433ec"},"id":"WK030703"},
{"type":"Feature","geometry":{"type":"Polygon","coordinates":[[[5.35,52.176],[5.345,52.164],[5.347,52.162],[5.373,52.162],[5.379,52.156],[5.379,52.155],[5.382,52.157],[5.385,52.159],[5.377,52.165],[5.35,52.176]]]},"properties":{"id":285889,"statcode":"WK030704","statnaam":"Wijk 04 Industriekwartier","jrstatcode":"1998WK030704","rubriek":"wijk","FID":"wijk_gegeneraliseerd_1998.3607e9fd-8941-4ec5-a83a-937842956dc0"},"id":"WK030704"},
{"type":"Feature","geometry":{"type":"Polygon","coordinates":[[[5.359,52.141],[5.376,52.154],[5.379,52.155],[5.379,52.156],[5.347,52.162],[5.345,52.164],[5.338,52.155],[5.331,52.127],[5.306,52.11],[5.311,52.109],[5.333,52.12],[5.356,52.137],[5.372,52.132],[5.374,52.133],[5.359,52.141]]]},"properties":{"id":285890,"statcode":"WK030705","statnaam":"Wijk 05 Bosgebied","jrstatcode":"1998WK030705","rubriek":"wijk","FID":"wijk_gegeneraliseerd_1998.6c952973-e4a8-4791-963e-f5086742ddb2"},"id":"WK030705"},
{"type":"Feature","geometry":{"type":"Polygon","coordinates":[[[5.394,52.167],[5.379,52.165],[5.377,52.165],[5.385,52.159],[5.387,52.162],[5.394,52.167]]]},"properties":{"id":285891,"statcode":"WK030706","statnaam":"Wijk 06 De Koppel","jrstatcode":"1998WK030706","rubriek":"wijk","FID":"wijk_gegeneraliseerd_1998.2ffcd9ec-4b07-4049-a926-e22e9c3fe775"},"id":"WK030706"},
{"type":"Feature","geometry":{"type":"Polygon","coordinates":[[[5.394,52.167],[5.387,52.162],[5.398,52.157],[5.406,52.158],[5.394,52.167]]]},"properties":{"id":285892,"statcode":"WK030707","statnaam":"Wijk 07 De Kruiskamp","jrstatcode":"1998WK030707","rubriek":"wijk","FID":"wijk_gegeneraliseerd_1998.afea3004-1f52-4875-89fd-acc453627dc9"},"id":"WK030707"},
{"type":"Feature","geometry":{"type":"Polygon","coordinates":[[[5.399,52.172],[5.374,52.17],[5.379,52.165],[5.394,52.167],[5.398,52.17],[5.399,52.172]]]},"properties":{"id":285893,"statcode":"WK030708","statnaam":"Wijk 08 Schothorst Zuid","jrstatcode":"1998WK030708","rubriek":"wijk","FID":"wijk_gegeneraliseerd_1998.9af91cfa-4a43-42a5-8a83-a63cd53b87b6"},"id":"WK030708"},
{"type":"Feature","geometry":{"type":"Polygon","coordinates":[[[5.398,52.178],[5.377,52.176],[5.374,52.17],[5.399,52.172],[5.406,52.176],[5.398,52.178]]]},"properties":{"id":285894,"statcode":"WK030709","statnaam":"Wijk 09 Schothorst Noord","jrstatcode":"1998WK030709","rubriek":"wijk","FID":"wijk_gegeneraliseerd_1998.399ac9df-b12c-4f91-bb48-79799aea1be8"},"id":"WK030709"},
{"type":"Feature","geometry":{"type":"Polygon","coordinates":[[[5.414,52.16],[5.404,52.172],[5.398,52.17],[5.394,52.167],[5.406,52.158],[5.414,52.16]]]},"properties":{"id":285895,"statcode":"WK030710","statnaam":"Wijk 10 Liendert","jrstatcode":"1998WK030710","rubriek":"wijk","FID":"wijk_gegeneraliseerd_1998.97d434e9-d2c5-4772-b670-167b95129952"},"id":"WK030710"},
{"type":"Feature","geometry":{"type":"Polygon","coordinates":[[[5.419,52.161],[5.423,52.17],[5.404,52.172],[5.414,52.16],[5.419,52.161]]]},"properties":{"id":285896,"statcode":"WK030711","statnaam":"Wijk 11 Rustenburg","jrstatcode":"1998WK030711","rubriek":"wijk","FID":"wijk_gegeneraliseerd_1998.fccd255e-3233-4bf9-a552-f6972b4fe516"},"id":"WK030711"},
{"type":"Feature","geometry":{"type":"Polygon","coordinates":[[[5.479,52.165],[5.448,52.167],[5.423,52.17],[5.419,52.161],[5.418,52.155],[5.443,52.161],[5.456,52.154],[5.482,52.151],[5.479,52.165]]]},"properties":{"id":285897,"statcode":"WK030712","statnaam":"Wijk 12 Buitengebied Oost","jrstatcode":"1998WK030712","rubriek":"wijk","FID":"wijk_gegeneraliseerd_1998.b08c83b3-c139-48c9-bc59-6dcd1955cf6b"},"id":"WK030712"},
{"type":"Feature","geometry":{"type":"Polygon","coordinates":[[[5.419,52.161],[5.414,52.16],[5.406,52.158],[5.414,52.148],[5.418,52.155],[5.419,52.161]]]},"properties":{"id":285898,"statcode":"WK030713","statnaam":"Wijk 13 Schuilenburg","jrstatcode":"1998WK030713","rubriek":"wijk","FID":"wijk_gegeneraliseerd_1998.c10c0e34-fd1b-43ce-8986-9f5b06b3a89f"},"id":"WK030713"},
{"type":"Feature","geometry":{"type":"Polygon","coordinates":[[[5.393,52.154],[5.405,52.14],[5.414,52.148],[5.406,52.158],[5.398,52.157],[5.393,52.154]]]},"properties":{"id":285899,"statcode":"WK030714","statnaam":"Wijk 14 Randenbroek","jrstatcode":"1998WK030714","rubriek":"wijk","FID":"wijk_gegeneraliseerd_1998.b1480707-9267-41bc-8583-e1d22440afa3"},"id":"WK030714"},
{"type":"Feature","geometry":{"type":"Polygon","coordinates":[[[5.405,52.14],[5.393,52.154],[5.387,52.153],[5.384,52.149],[5.4,52.136],[5.405,52.14]]]},"properties":{"id":285900,"statcode":"WK030715","statnaam":"Wijk 15 Dorrestein","jrstatcode":"1998WK030715","rubriek":"wijk","FID":"wijk_gegeneraliseerd_1998.e4fd02e6-8329-41e7-846a-269b8dac437e"},"id":"WK030715"},
{"type":"Feature","geometry":{"type":"Polygon","coordinates":[[[5.384,52.149],[5.374,52.133],[5.372,52.132],[5.4,52.136],[5.384,52.149]]]},"properties":{"id":285901,"statcode":"WK030716","statnaam":"Wijk 16 Leusderkwartier","jrstatcode":"1998WK030716","rubriek":"wijk","FID":"wijk_gegeneraliseerd_1998.c74fb34d-a88c-450a-99fd-e620507a6509"},"id":"WK030716"},
{"type":"Feature","geometry":{"type":"Polygon","coordinates":[[[5.381,52.151],[5.359,52.141],[5.374,52.133],[5.384,52.149],[5.381,52.151]]]},"properties":{"id":285902,"statcode":"WK030717","statnaam":"Wijk 17 De Berg Zuid","jrstatcode":"1998WK030717","rubriek":"wijk","FID":"wijk_gegeneraliseerd_1998.37a29cd5-1055-40de-9521-b9f5cbd0c498"},"id":"WK030717"},
{"type":"Feature","geometry":{"type":"Polygon","coordinates":[[[5.359,52.141],[5.381,52.151],[5.376,52.154],[5.359,52.141]]]},"properties":{"id":285903,"statcode":"WK030718","statnaam":"Wijk 18 De Berg Noord","jrstatcode":"1998WK030718","rubriek":"wijk","FID":"wijk_gegeneraliseerd_1998.1d08509c-1f46-4295-9dad-fdbd49fc0477"},"id":"WK030718"},
{"type":"Feature","geometry":{"type":"Polygon","coordinates":[[[5.377,52.176],[5.388,52.189],[5.388,52.194],[5.368,52.193],[5.374,52.17],[5.377,52.176]]]},"properties":{"id":285904,"statcode":"WK030719","statnaam":"Wijk 19 Hoogland","jrstatcode":"1998WK030719","rubriek":"wijk","FID":"wijk_gegeneraliseerd_1998.7dfd72da-40cd-41cd-99f4-0039c1e179a0"},"id":"WK030719"},
{"type":"Feature","geometry":{"type":"Polygon","coordinates":[[[5.411,52.188],[5.4,52.189],[5.398,52.184],[5.398,52.178],[5.406,52.176],[5.418,52.183],[5.411,52.188]]]},"properties":{"id":285905,"statcode":"WK030720","statnaam":"Wijk 20 Zielhorst","jrstatcode":"1998WK030720","rubriek":"wijk","FID":"wijk_gegeneraliseerd_1998.f53dc727-b0e0-474e-a816-fccbece34b68"},"id":"WK030720"},
{"type":"Feature","geometry":{"type":"Polygon","coordinates":[[[5.398,52.184],[5.4,52.189],[5.405,52.193],[5.4,52.196],[5.388,52.194],[5.388,52.189],[5.398,52.184]]]},"properties":{"id":285906,"statcode":"WK030721","statnaam":"Wijk 21 Kattenbroek","jrstatcode":"1998WK030721","rubriek":"wijk","FID":"wijk_gegeneraliseerd_1998.f8467c84-efa3-4598-b532-28ce4e0e183e"},"id":"WK030721"},
{"type":"Feature","geometry":{"type":"Polygon","coordinates":[[[5.405,52.193],[5.4,52.189],[5.411,52.188],[5.405,52.193]]]},"properties":{"id":285907,"statcode":"WK030722","statnaam":"Wijk 22 De Brand","jrstatcode":"1998WK030722","rubriek":"wijk","FID":"wijk_gegeneraliseerd_1998.60bf6afe-7afa-4e15-9cc1-27adc703a277"},"id":"WK030722"},
{"type":"Feature","geometry":{"type":"Polygon","coordinates":[[[5.398,52.178],[5.398,52.184],[5.388,52.189],[5.377,52.176],[5.398,52.178]]]},"properties":{"id":285908,"statcode":"WK030723","statnaam":"Wijk 23 Park Schothorst","jrstatcode":"1998WK030723","rubriek":"wijk","FID":"wijk_gegeneraliseerd_1998.28dc1ccc-de7e-4143-a127-4bda2192de77"},"id":"WK030723"},
{"type":"Feature","geometry":{"type":"Polygon","coordinates":[[[5.365,52.209],[5.368,52.193],[5.388,52.194],[5.4,52.196],[5.383,52.207],[5.365,52.209]]]},"properties":{"id":285909,"statcode":"WK030724","statnaam":"Wijk 24 Nieuwland","jrstatcode":"1998WK030724","rubriek":"wijk","FID":"wijk_gegeneraliseerd_1998.3f069fab-5310-46e7-a26f-c15a15b3efe7"},"id":"WK030724"},
{"type":"Feature","geometry":{"type":"Polygon","coordinates":[[[5.404,52.172],[5.423,52.17],[5.448,52.167],[5.479,52.165],[5.48,52.166],[5.446,52.168],[5.437,52.175],[5.44,52.197],[5.438,52.198],[5.436,52.183],[5.418,52.183],[5.406,52.176],[5.399,52.172],[5.398,52.17],[5.404,52.172]]]},"properties":{"id":285910,"statcode":"WK030725","statnaam":"Wijk 25 De Hoef","jrstatcode":"1998WK030725","rubriek":"wijk","FID":"wijk_gegeneraliseerd_1998.508bfe50-998d-4a52-adcf-f0e920dc87c4"},"id":"WK030725"},
{"type":"Feature","geometry":{"type":"Polygon","coordinates":[[[5.418,52.183],[5.436,52.183],[5.438,52.198],[5.418,52.201],[5.411,52.188],[5.418,52.183]]]},"properties":{"id":285911,"statcode":"WK030726","statnaam":"Wijk 26 Hooglanderveen","jrstatcode":"1998WK030726","rubriek":"wijk","FID":"wijk_gegeneraliseerd_1998.f1a58867-b399-4797-8d5a-a9da3dafa799"},"id":"WK030726"},
{"type":"Feature","geometry":{"type":"Polygon","coordinates":[[[5.374,52.17],[5.368,52.193],[5.365,52.209],[5.331,52.215],[5.315,52.203],[5.322,52.189],[5.35,52.176],[5.377,52.165],[5.379,52.165],[5.374,52.17]]]},"properties":{"id":285912,"statcode":"WK030727","statnaam":"Wijk 27 Buitengebied West","jrstatcode":"1998WK030727","rubriek":"wijk","FID":"wijk_gegeneraliseerd_1998.6e6dbc50-d49d-4abf-963c-2c2228590586"},"id":"WK030727"},
{"type":"Feature","geometry":{"type":"Polygon","coordinates":[[[5.396,52.219],[5.383,52.207],[5.4,52.196],[5.405,52.193],[5.411,52.188],[5.418,52.201],[5.438,52.198],[5.44,52.197],[5.436,52.205],[5.41,52.219],[5.396,52.219]]]},"properties":{"id":285913,"statcode":"WK030728","statnaam":"Wijk 28 Buitengebied Noord","jrstatcode":"1998WK030728","rubriek":"wijk","FID":"wijk_gegeneraliseerd_1998.8b89df97-cdae-45ab-9c3a-f18d0f269122"},"id":"WK030728"},
{"type":"Feature","geometry":{"type":"Polygon","coordinates":[[[5.294,52.2],[5.3,52.214],[5.276,52.219],[5.283,52.207],[5.294,52.2]]]},"properties":{"id":285914,"statcode":"WK030800","statnaam":"Wijk 00 Baarn","jrstatcode":"1998WK030800","rubriek":"wijk","FID":"wijk_gegeneraliseerd_1998.c0453e4b-128f-47a8-a6bb-a8ea6122df50"},"id":"WK030800"},
{"type":"Feature","geometry":{"type":"Polygon","coordinates":[[[5.312,52.233],[5.315,52.224],[5.256,52.224],[5.261,52.219],[5.276,52.219],[5.3,52.214],[5.294,52.2],[5.297,52.198],[5.315,52.203],[5.331,52.215],[5.336,52.228],[5.312,52.233]]]},"properties":{"id":285915,"statcode":"WK030801","statnaam":"Wijk 01 Baarn-noord, Eemdal en Eemland","jrstatcode":"1998WK030801","rubriek":"wijk","FID":"wijk_gegeneraliseerd_1998.5b1e0419-2283-476a-8b52-570f149bf126"},"id":"WK030801"},
{"type":"Feature","geometry":{"type":"Polygon","coordinates":[[[5.283,52.207],[5.276,52.219],[5.261,52.219],[5.258,52.21],[5.283,52.207]]]},"properties":{"id":285916,"statcode":"WK030802","statnaam":"Wijk 02 P.H.W.park","jrstatcode":"1998WK030802","rubriek":"wijk","FID":"wijk_gegeneraliseerd_1998.8b4cbad1-01d4-4965-aec2-e969b75e3904"},"id":"WK030802"},
{"type":"Feature","geometry":{"type":"Polygon","coordinates":[[[5.243,52.17],[5.273,52.189],[5.297,52.198],[5.294,52.2],[5.283,52.207],[5.258,52.21],[5.261,52.219],[5.256,52.224],[5.225,52.225],[5.219,52.212],[5.216,52.204],[5.215,52.189],[5.225,52.166],[5.243,52.17]]]},"properties":{"id":285917,"statcode":"WK030803","statnaam":"Wijk 03 Lage Vuursche","jrstatcode":"1998WK030803","rubriek":"wijk","FID":"wijk_gegeneraliseerd_1998.3f4153db-af82-4b6c-9dd3-fbb52531113c"},"id":"WK030803"},
{"type":"Feature","geometry":{"type":"Polygon","coordinates":[[[5.211,52.09],[5.217,52.102],[5.218,52.114],[5.187,52.125],[5.178,52.123],[5.162,52.107],[5.156,52.098],[5.186,52.093],[5.193,52.086],[5.211,52.09]]]},"properties":{"id":285918,"statcode":"WK031000","statnaam":"Wijk 00 De Bilt","jrstatcode":"1998WK031000","rubriek":"wijk","FID":"wijk_gegeneraliseerd_1998.80d67a6c-61c2-4e80-aa1c-e8da777e4b4c"},"id":"WK031000"},
{"type":"Feature","geometry":{"type":"Polygon","coordinates":[[[5.229,52.137],[5.187,52.125],[5.218,52.114],[5.231,52.117],[5.229,52.137]]]},"properties":{"id":285919,"statcode":"WK031001","statnaam":"Wijk 01 Bilthoven-zuid","jrstatcode":"1998WK031001","rubriek":"wijk","FID":"wijk_gegeneraliseerd_1998.e7469267-79a1-4b13-baa2-70d12c5882c7"},"id":"WK031001"},
{"type":"Feature","geometry":{"type":"Polygon","coordinates":[[[5.229,52.137],[5.225,52.166],[5.215,52.189],[5.204,52.168],[5.186,52.137],[5.178,52.123],[5.187,52.125],[5.229,52.137]]]},"properties":{"id":285920,"statcode":"WK031002","statnaam":"Wijk 02 Bilthoven-noord","jrstatcode":"1998WK031002","rubriek":"wijk","FID":"wijk_gegeneraliseerd_1998.9a049fea-48eb-4a19-9488-9b7108846647"},"id":"WK031002"},
{"type":"Feature","geometry":{"type":"Polygon","coordinates":[[[4.997,52.186],[4.999,52.157],[5.015,52.147],[5.027,52.161],[5.016,52.185],[5.008,52.187],[4.997,52.186]]]},"properties":{"id":285921,"statcode":"WK031100","statnaam":"Wijk 00 Breukelen","jrstatcode":"1998WK031100","rubriek":"wijk","FID":"wijk_gegeneraliseerd_1998.7fcf4c88-52a0-4d33-a52d-b72a195a896a"},"id":"WK031100"},
{"type":"Feature","geometry":{"type":"Polygon","coordinates":[[[5.016,52.185],[5.027,52.161],[5.046,52.166],[5.033,52.184],[5.016,52.185]]]},"properties":{"id":285922,"statcode":"WK031101","statnaam":"Wijk 01 Plassengebied","jrstatcode":"1998WK031101","rubriek":"wijk","FID":"wijk_gegeneraliseerd_1998.3785a30b-5b63-4824-af22-3e491c1c1423"},"id":"WK031101"},
{"type":"Feature","geometry":{"type":"Polygon","coordinates":[[[4.983,52.222],[4.974,52.22],[4.967,52.2],[4.951,52.199],[4.949,52.186],[4.96,52.17],[4.995,52.139],[5.003,52.142],[5.015,52.147],[4.999,52.157],[4.997,52.186],[4.988,52.19],[4.983,52.222]]]},"properties":{"id":285923,"statcode":"WK031102","statnaam":"Wijk 02 West v. h. Amsterdam-Rijnkanaal","jrstatcode":"1998WK031102","rubriek":"wijk","FID":"wijk_gegeneraliseerd_1998.234a826e-13e6-420c-81e9-f0ddb742f2ec"},"id":"WK031102"},
{"type":"Feature","geometry":{"type":"Polygon","coordinates":[[[4.946,52.186],[4.928,52.167],[4.91,52.162],[4.944,52.128],[4.961,52.133],[4.97,52.122],[4.995,52.139],[4.96,52.17],[4.949,52.186],[4.946,52.186]]]},"properties":{"id":285924,"statcode":"WK031103","statnaam":"Wijk 03 Kockengen","jrstatcode":"1998WK031103","rubriek":"wijk","FID":"wijk_gegeneraliseerd_1998.1678aa72-1c10-4796-b06b-139ecbb6ce3e"},"id":"WK031103"},
{"type":"Feature","geometry":{"type":"Polygon","coordinates":[[[5.195,52.077],[5.16,52.078],[5.153,52.057],[5.161,52.046],[5.191,52.043],[5.219,52.06],[5.225,52.065],[5.195,52.077]]]},"properties":{"id":285925,"statcode":"WK031200","statnaam":"Wijk 00 Bunnik","jrstatcode":"1998WK031200","rubriek":"wijk","FID":"wijk_gegeneraliseerd_1998.7f62579c-4ebb-4fa5-b278-76f0d81b9507"},"id":"WK031200"},
{"type":"Feature","geometry":{"type":"Polygon","coordinates":[[[5.219,52.06],[5.191,52.043],[5.201,52.032],[5.239,52.043],[5.251,52.054],[5.247,52.059],[5.219,52.06]]]},"properties":{"id":285926,"statcode":"WK031201","statnaam":"Wijk 01 Odijk","jrstatcode":"1998WK031201","rubriek":"wijk","FID":"wijk_gegeneraliseerd_1998.8c4a9d4c-7a20-42d7-a328-12f8c2476fd7"},"id":"WK031201"},
{"type":"Feature","geometry":{"type":"Polygon","coordinates":[[[5.251,52.054],[5.239,52.043],[5.201,52.032],[5.202,52.017],[5.231,52.01],[5.243,51.999],[5.272,51.998],[5.28,52.011],[5.272,52.015],[5.249,52.042],[5.251,52.054]]]},"properties":{"id":285927,"statcode":"WK031202","statnaam":"Wijk 02 Werkhoven","jrstatcode":"1998WK031202","rubriek":"wijk","FID":"wijk_gegeneraliseerd_1998.e03dc6ce-19f9-4930-a2b1-e700c5910fb4"},"id":"WK031202"},
{"type":"Feature","geometry":{"type":"Polygon","coordinates":[[[5.404,52.247],[5.363,52.268],[5.332,52.274],[5.323,52.253],[5.311,52.246],[5.312,52.233],[5.336,52.228],[5.331,52.215],[5.365,52.209],[5.383,52.207],[5.396,52.219],[5.404,52.247]]]},"properties":{"id":285928,"statcode":"WK031300","statnaam":"Wijk 00","jrstatcode":"1998WK031300","rubriek":"wijk","FID":"wijk_gegeneraliseerd_1998.03314ed9-7281-4090-ac8b-f07c56846418"},"id":"WK031300"},
{"type":"Feature","geometry":{"type":"Polygon","coordinates":[[[5.392,52.036],[5.34,52.059],[5.338,52.071],[5.307,52.053],[5.296,52.033],[5.315,52.027],[5.344,52.02],[5.364,52.01],[5.381,52.02],[5.392,52.036]]]},"properties":{"id":285929,"statcode":"WK031500","statnaam":"Wijk 00","jrstatcode":"1998WK031500","rubriek":"wijk","FID":"wijk_gegeneraliseerd_1998.fb9e50a7-9301-4e97-837b-5acb6ac94105"},"id":"WK031500"},
{"type":"Feature","geometry":{"type":"Polygon","coordinates":[[[5.315,52.027],[5.296,52.033],[5.307,52.053],[5.338,52.071],[5.333,52.079],[5.321,52.07],[5.291,52.087],[5.259,52.067],[5.256,52.063],[5.247,52.059],[5.251,52.054],[5.249,52.042],[5.272,52.015],[5.28,52.011],[5.291,52.008],[5.315,52.027]]]},"properties":{"id":285930,"statcode":"WK031600","statnaam":"Wijk 00","jrstatcode":"1998WK031600","rubriek":"wijk","FID":"wijk_gegeneraliseerd_1998.133ada77-0feb-4729-87b7-962c62342713"},"id":"WK031600"},
{"type":"Feature","geometry":{"type":"Polygon","coordinates":[[[5.244,52.255],[5.225,52.225],[5.256,52.224],[5.315,52.224],[5.312,52.233],[5.311,52.246],[5.323,52.253],[5.332,52.274],[5.306,52.277],[5.266,52.282],[5.244,52.255]]]},"properties":{"id":285931,"statcode":"WK031700","statnaam":"Wijk 00","jrstatcode":"1998WK031700","rubriek":"wijk","FID":"wijk_gegeneraliseerd_1998.5f771a27-efb9-40b5-a749-42cfb04c8cb6"},"id":"WK031700"},
{"type":"Feature","geometry":{"type":"Polygon","coordinates":[[[4.97,52.122],[4.961,52.133],[4.944,52.128],[4.927,52.121],[4.939,52.105],[4.943,52.097],[4.927,52.078],[4.983,52.065],[4.999,52.066],[5.005,52.089],[4.994,52.09],[4.97,52.122]]]},"properties":{"id":285932,"statcode":"WK031800","statnaam":"Wijk 00","jrstatcode":"1998WK031800","rubriek":"wijk","FID":"wijk_gegeneraliseerd_1998.8465c1d7-5433-4fd6-b7b1-8fccb646822d"},"id":"WK031800"},
{"type":"Feature","geometry":{"type":"Polygon","coordinates":[[[5.131,52.025],[5.151,52.013],[5.193,52.004],[5.202,52.017],[5.201,52.032],[5.191,52.043],[5.161,52.046],[5.153,52.057],[5.127,52.055],[5.122,52.031],[5.131,52.025]]]},"properties":{"id":285933,"statcode":"WK032101","statnaam":"Wijk 01 Houten","jrstatcode":"1998WK032101","rubriek":"wijk","FID":"wijk_gegeneraliseerd_1998.4fb71b40-6f3f-42bb-aa00-b1bc78c73735"},"id":"WK032101"},
{"type":"Feature","geometry":{"type":"Polygon","coordinates":[[[5.144,51.984],[5.16,51.983],[5.161,52.003],[5.126,52.017],[5.12,52],[5.141,51.992],[5.144,51.984]]]},"properties":{"id":285934,"statcode":"WK032102","statnaam":"Wijk 02 Tull en 't Waal","jrstatcode":"1998WK032102","rubriek":"wijk","FID":"wijk_gegeneraliseerd_1998.aa786115-46ac-42c6-b3ac-76e308a8329a"},"id":"WK032102"},
{"type":"Feature","geometry":{"type":"Polygon","coordinates":[[[5.202,52.017],[5.193,52.004],[5.254,51.986],[5.243,51.999],[5.231,52.01],[5.202,52.017]]]},"properties":{"id":285935,"statcode":"WK032103","statnaam":"Wijk 03 't Goy","jrstatcode":"1998WK032103","rubriek":"wijk","FID":"wijk_gegeneraliseerd_1998.ccf70d21-bced-4df1-8599-36f978e2ef9b"},"id":"WK032103"},
{"type":"Feature","geometry":{"type":"Polygon","coordinates":[[[5.18,51.968],[5.213,51.96],[5.23,51.976],[5.256,51.971],[5.271,51.981],[5.254,51.986],[5.193,52.004],[5.151,52.013],[5.131,52.025],[5.126,52.017],[5.161,52.003],[5.16,51.983],[5.144,51.984],[5.155,51.971],[5.18,51.968]]]},"properties":{"id":285936,"statcode":"WK032104","statnaam":"Wijk 04 Schalkwijk","jrstatcode":"1998WK032104","rubriek":"wijk","FID":"wijk_gegeneraliseerd_1998.e141babf-4d21-4a8c-b62d-7cae7a551c7c"},"id":"WK032104"},
{"type":"Feature","geometry":{"type":"Polygon","coordinates":[[[5.485,52.056],[5.449,52.043],[5.435,52.048],[5.413,52.029],[5.392,52.036],[5.381,52.02],[5.364,52.01],[5.382,52.002],[5.415,51.997],[5.427,52.003],[5.446,51.998],[5.477,52.022],[5.488,52.041],[5.485,52.056]]]},"properties":{"id":285937,"statcode":"WK032600","statnaam":"Wijk 00","jrstatcode":"1998WK032600","rubriek":"wijk","FID":"wijk_gegeneraliseerd_1998.de9fa0e0-224e-49d0-b1e7-22bba1775ec2"},"id":"WK032600"},
{"type":"Feature","geometry":{"type":"Polygon","coordinates":[[[5.441,52.142],[5.427,52.132],[5.423,52.11],[5.446,52.107],[5.468,52.1],[5.477,52.114],[5.477,52.133],[5.441,52.142]]]},"properties":{"id":285938,"statcode":"WK032700","statnaam":"Wijk 00 Leusden-centrum Oost","jrstatcode":"1998WK032700","rubriek":"wijk","FID":"wijk_gegeneraliseerd_1998.ab92a5ad-a294-4ec9-983c-97a7b7cdbbe2"},"id":"WK032700"},
{"type":"Feature","geometry":{"type":"Polygon","coordinates":[[[5.423,52.11],[5.427,52.132],[5.441,52.142],[5.436,52.142],[5.428,52.139],[5.425,52.143],[5.414,52.148],[5.405,52.14],[5.4,52.136],[5.423,52.11]]]},"properties":{"id":285939,"statcode":"WK032701","statnaam":"Wijk 01 Leusden-centrum West","jrstatcode":"1998WK032701","rubriek":"wijk","FID":"wijk_gegeneraliseerd_1998.9bfa756e-acb5-446b-8585-f7f00c20b3b8"},"id":"WK032701"},
{"type":"Feature","geometry":{"type":"Polygon","coordinates":[[[5.4,52.136],[5.372,52.132],[5.356,52.137],[5.333,52.12],[5.311,52.109],[5.322,52.102],[5.34,52.095],[5.401,52.089],[5.405,52.104],[5.432,52.096],[5.446,52.107],[5.423,52.11],[5.4,52.136]]]},"properties":{"id":285940,"statcode":"WK032702","statnaam":"Wijk 02 Leusden Zuid","jrstatcode":"1998WK032702","rubriek":"wijk","FID":"wijk_gegeneraliseerd_1998.7a23eb89-8650-4b61-8c0f-5fc6effa0db1"},"id":"WK032702"},
{"type":"Feature","geometry":{"type":"Polygon","coordinates":[[[5.486,52.115],[5.511,52.138],[5.499,52.147],[5.482,52.151],[5.456,52.154],[5.441,52.142],[5.477,52.133],[5.477,52.114],[5.486,52.115]]]},"properties":{"id":285941,"statcode":"WK032703","statnaam":"Wijk 03 Achterveld","jrstatcode":"1998WK032703","rubriek":"wijk","FID":"wijk_gegeneraliseerd_1998.5069f29f-e304-4a10-a434-9ed874b85130"},"id":"WK032703"},
{"type":"Feature","geometry":{"type":"Polygon","coordinates":[[[5.456,52.154],[5.443,52.161],[5.418,52.155],[5.414,52.148],[5.425,52.143],[5.436,52.142],[5.441,52.142],[5.456,52.154]]]},"properties":{"id":285942,"statcode":"WK032704","statnaam":"Wijk 04 Stoutenburg","jrstatcode":"1998WK032704","rubriek":"wijk","FID":"wijk_gegeneraliseerd_1998.0829ec8e-3e55-48de-a579-ce7faa260fea"},"id":"WK032704"},
{"type":"Feature","geometry":{"type":"Polygon","coordinates":[[[5.436,52.142],[5.425,52.143],[5.428,52.139],[5.436,52.142]]]},"properties":{"id":285943,"statcode":"WK032705","statnaam":"Wijk 05 't Ruige Veld","jrstatcode":"1998WK032705","rubriek":"wijk","FID":"wijk_gegeneraliseerd_1998.b114ef3e-0ad2-43d7-ac35-3b6f2f5d24ea"},"id":"WK032705"},
{"type":"Feature","geometry":{"type":"Polygon","coordinates":[[[5.019,52.276],[5.007,52.232],[4.98,52.227],[4.983,52.222],[4.988,52.19],[4.997,52.186],[5.008,52.187],[5.023,52.202],[5.022,52.203],[5.037,52.225],[5.043,52.229],[5.057,52.237],[5.031,52.257],[5.023,52.273],[5.019,52.276]]]},"properties":{"id":285944,"statcode":"WK032900","statnaam":"Wijk 00 Loenen","jrstatcode":"1998WK032900","rubriek":"wijk","FID":"wijk_gegeneraliseerd_1998.f7acc449-1bd8-4368-b4d7-e5509c9e8d89"},"id":"WK032900"},
{"type":"Feature","geometry":{"type":"MultiPolygon","coordinates":[[[[5.023,52.202],[5.008,52.187],[5.016,52.185],[5.033,52.184],[5.037,52.198],[5.023,52.202]]],[[[5.037,52.225],[5.022,52.203],[5.035,52.205],[5.037,52.225]]]]},"properties":{"id":285945,"statcode":"WK032901","statnaam":"Wijk 01 Oud-over en Mijnden","jrstatcode":"1998WK032901","rubriek":"wijk","FID":"wijk_gegeneraliseerd_1998.0fcac5b5-a741-4164-8fbe-1381737938bd"},"id":"WK032901"},
{"type":"Feature","geometry":{"type":"Polygon","coordinates":[[[5.022,52.283],[5.019,52.276],[5.023,52.273],[5.064,52.281],[5.022,52.283]]]},"properties":{"id":285946,"statcode":"WK032902","statnaam":"Wijk 02 Nigtevecht","jrstatcode":"1998WK032902","rubriek":"wijk","FID":"wijk_gegeneraliseerd_1998.dc6c60e6-c0e5-4628-8403-9e564f7338f2"},"id":"WK032902"},
{"type":"Feature","geometry":{"type":"Polygon","coordinates":[[[5.124,52.181],[5.145,52.197],[5.14,52.207],[5.123,52.219],[5.074,52.215],[5.043,52.229],[5.037,52.225],[5.035,52.205],[5.022,52.203],[5.023,52.202],[5.037,52.198],[5.033,52.184],[5.046,52.166],[5.115,52.18],[5.124,52.181]]]},"properties":{"id":285947,"statcode":"WK033000","statnaam":"Wijk 00","jrstatcode":"1998WK033000","rubriek":"wijk","FID":"wijk_gegeneraliseerd_1998.0e4dafd1-2105-4395-9aaa-04d423f611e6"},"id":"WK033000"},
{"type":"Feature","geometry":{"type":"Polygon","coordinates":[[[4.976,51.963],[4.993,51.976],[5.021,51.97],[5.04,51.978],[5.063,51.991],[5.024,52.019],[5.022,52.023],[4.995,52.022],[4.92,52.01],[4.892,52.005],[4.835,51.986],[4.866,51.96],[4.878,51.938],[4.912,51.942],[4.926,51.951],[4.944,51.964],[4.957,51.961],[4.976,51.963]]]},"properties":{"id":285948,"statcode":"WK033100","statnaam":"Wijk 00 Lopik/Benschop/Polsbroek","jrstatcode":"1998WK033100","rubriek":"wijk","FID":"wijk_gegeneraliseerd_1998.9dae7303-5728-48be-9747-eac89188e5ee"},"id":"WK033100"},
{"type":"Feature","geometry":{"type":"Polygon","coordinates":[[[5.435,52.048],[5.438,52.07],[5.332,52.084],[5.333,52.079],[5.338,52.071],[5.34,52.059],[5.392,52.036],[5.413,52.029],[5.435,52.048]]]},"properties":{"id":285949,"statcode":"WK033200","statnaam":"Wijk 00","jrstatcode":"1998WK033200","rubriek":"wijk","FID":"wijk_gegeneraliseerd_1998.57fe15f0-94b1-4331-a59f-e412b877da4c"},"id":"WK033200"},
{"type":"Feature","geometry":{"type":"Polygon","coordinates":[[[5.053,52.143],[5.051,52.157],[5.027,52.161],[5.015,52.147],[5.052,52.125],[5.048,52.121],[5.055,52.126],[5.053,52.143]]]},"properties":{"id":285950,"statcode":"WK033300","statnaam":"Wijk 00 Maarssen","jrstatcode":"1998WK033300","rubriek":"wijk","FID":"wijk_gegeneraliseerd_1998.c554d797-36b0-4d9e-b051-d44bc9d3f4ff"},"id":"WK033300"},
{"type":"Feature","geometry":{"type":"Polygon","coordinates":[[[5.003,52.142],[5.012,52.13],[5.032,52.117],[5.038,52.115],[5.048,52.121],[5.052,52.125],[5.015,52.147],[5.003,52.142]]]},"properties":{"id":285951,"statcode":"WK033301","statnaam":"Wijk 01 Maarssenbroek","jrstatcode":"1998WK033301","rubriek":"wijk","FID":"wijk_gegeneraliseerd_1998.ba190b1a-ab11-4d7d-ae5e-9bcbef59d4da"},"id":"WK033301"},
{"type":"Feature","geometry":{"type":"Polygon","coordinates":[[[5.053,52.143],[5.055,52.126],[5.061,52.122],[5.073,52.125],[5.076,52.127],[5.053,52.143]]]},"properties":{"id":285952,"statcode":"WK033302","statnaam":"Wijk 02 Oud-Zuilen","jrstatcode":"1998WK033302","rubriek":"wijk","FID":"wijk_gegeneraliseerd_1998.fe3a56b6-f5ab-4a08-b020-f6c35dd61f7d"},"id":"WK033302"},
{"type":"Feature","geometry":{"type":"Polygon","coordinates":[[[5.115,52.18],[5.046,52.166],[5.027,52.161],[5.051,52.157],[5.053,52.143],[5.076,52.127],[5.087,52.136],[5.107,52.133],[5.121,52.146],[5.095,52.155],[5.119,52.172],[5.115,52.18]]]},"properties":{"id":285953,"statcode":"WK033303","statnaam":"Wijk 03 Plassengebied","jrstatcode":"1998WK033303","rubriek":"wijk","FID":"wijk_gegeneraliseerd_1998.0c584309-48b6-4310-88a7-1d00bc332e77"},"id":"WK033303"},
{"type":"Feature","geometry":{"type":"Polygon","coordinates":[[[5.167,52.179],[5.162,52.172],[5.204,52.168],[5.215,52.189],[5.216,52.204],[5.192,52.178],[5.167,52.179]]]},"properties":{"id":285954,"statcode":"WK033400","statnaam":"Wijk 00 Hollandse Rading","jrstatcode":"1998WK033400","rubriek":"wijk","FID":"wijk_gegeneraliseerd_1998.5192deb9-1561-4ec0-bca4-3ba9f6c9cdb1"},"id":"WK033400"},
{"type":"Feature","geometry":{"type":"Polygon","coordinates":[[[5.186,52.137],[5.204,52.168],[5.162,52.172],[5.143,52.145],[5.179,52.134],[5.186,52.137]]]},"properties":{"id":285955,"statcode":"WK033401","statnaam":"Wijk 01 Maartensdijk","jrstatcode":"1998WK033401","rubriek":"wijk","FID":"wijk_gegeneraliseerd_1998.a3e228e9-9f04-48bf-a580-4a824067f07f"},"id":"WK033401"},
{"type":"Feature","geometry":{"type":"Polygon","coordinates":[[[5.162,52.107],[5.178,52.123],[5.186,52.137],[5.179,52.134],[5.143,52.145],[5.126,52.125],[5.15,52.111],[5.162,52.107]]]},"properties":{"id":285956,"statcode":"WK033402","statnaam":"Wijk 02 Groenkan","jrstatcode":"1998WK033402","rubriek":"wijk","FID":"wijk_gegeneraliseerd_1998.5e818a06-625e-4441-a98a-7168a42fcbad"},"id":"WK033402"},
{"type":"Feature","geometry":{"type":"Polygon","coordinates":[[[5.124,52.181],[5.115,52.18],[5.119,52.172],[5.095,52.155],[5.121,52.146],[5.107,52.133],[5.126,52.125],[5.143,52.145],[5.162,52.172],[5.167,52.179],[5.124,52.181]]]},"properties":{"id":285957,"statcode":"WK033403","statnaam":"Wijk 03 Achttienhoven-Westbroek","jrstatcode":"1998WK033403","rubriek":"wijk","FID":"wijk_gegeneraliseerd_1998.56f925fd-bab5-4345-9a38-21f9d144bab8"},"id":"WK033403"},
{"type":"Feature","geometry":{"type":"Polygon","coordinates":[[[4.959,52.035],[4.955,52.053],[4.935,52.039],[4.959,52.035]]]},"properties":{"id":285958,"statcode":"WK033500","statnaam":"Wijk 00","jrstatcode":"1998WK033500","rubriek":"wijk","FID":"wijk_gegeneraliseerd_1998.493946ab-84fb-4c87-a490-6d2a1c228274"},"id":"WK033500"},
{"type":"Feature","geometry":{"type":"Polygon","coordinates":[[[4.905,52.07],[4.873,52.069],[4.868,52.064],[4.881,52.058],[4.915,52.043],[4.935,52.039],[4.955,52.053],[4.959,52.035],[4.978,52.04],[4.991,52.053],[5.017,52.061],[5.018,52.062],[4.999,52.066],[4.983,52.065],[4.927,52.078],[4.905,52.07]]]},"properties":{"id":285959,"statcode":"WK033501","statnaam":"Wijk 01 Linschoten","jrstatcode":"1998WK033501","rubriek":"wijk","FID":"wijk_gegeneraliseerd_1998.134a0b7e-28cc-4194-b820-045bc84c8993"},"id":"WK033501"},
{"type":"Feature","geometry":{"type":"Polygon","coordinates":[[[4.978,52.04],[4.959,52.035],[4.935,52.039],[4.915,52.043],[4.927,52.03],[4.905,52.026],[4.92,52.01],[4.995,52.022],[4.978,52.04]]]},"properties":{"id":285960,"statcode":"WK033502","statnaam":"Wijk 02 Willeskop","jrstatcode":"1998WK033502","rubriek":"wijk","FID":"wijk_gegeneraliseerd_1998.b86acc28-5de3-4fff-8c69-2515b96f2439"},"id":"WK033502"},
{"type":"Feature","geometry":{"type":"Polygon","coordinates":[[[5.55,52.105],[5.532,52.102],[5.539,52.098],[5.523,52.078],[5.496,52.072],[5.498,52.057],[5.516,52.054],[5.529,52.04],[5.558,52.049],[5.56,52.069],[5.563,52.078],[5.55,52.105]]]},"properties":{"id":285961,"statcode":"WK033900","statnaam":"Wijk 00","jrstatcode":"1998WK033900","rubriek":"wijk","FID":"wijk_gegeneraliseerd_1998.c7d3fba7-a4ae-4f67-b190-89c34a342419"},"id":"WK033900"},
{"type":"Feature","geometry":{"type":"Polygon","coordinates":[[[5.59,51.95],[5.582,51.964],[5.555,51.986],[5.527,51.977],[5.538,51.968],[5.553,51.958],[5.587,51.951],[5.59,51.95]]]},"properties":{"id":285962,"statcode":"WK034000","statnaam":"Wijk 00 Rhenen","jrstatcode":"1998WK034000","rubriek":"wijk","FID":"wijk_gegeneraliseerd_1998.cd115978-c904-4b4e-b661-4ea9536c3c7f"},"id":"WK034000"},
{"type":"Feature","geometry":{"type":"Polygon","coordinates":[[[5.503,52.006],[5.487,51.984],[5.518,51.972],[5.538,51.968],[5.527,51.977],[5.555,51.986],[5.532,52.003],[5.503,52.006]]]},"properties":{"id":285963,"statcode":"WK034001","statnaam":"Wijk 01 Elst","jrstatcode":"1998WK034001","rubriek":"wijk","FID":"wijk_gegeneraliseerd_1998.8dc2057a-80ab-476c-97c1-c26e953d41ab"},"id":"WK034001"},
{"type":"Feature","geometry":{"type":"Polygon","coordinates":[[[5.555,51.986],[5.582,51.964],[5.59,51.95],[5.606,51.943],[5.627,51.957],[5.626,51.974],[5.606,51.994],[5.59,52.009],[5.57,51.997],[5.54,52.007],[5.536,52.01],[5.513,52.019],[5.503,52.006],[5.532,52.003],[5.555,51.986]]]},"properties":{"id":285964,"statcode":"WK034002","statnaam":"Wijk 02 Achterberg","jrstatcode":"1998WK034002","rubriek":"wijk","FID":"wijk_gegeneraliseerd_1998.84bac105-f886-4d93-b41c-63fc154f3b72"},"id":"WK034002"},
{"type":"Feature","geometry":{"type":"Polygon","coordinates":[[[5.256,52.144],[5.29,52.158],[5.338,52.155],[5.345,52.164],[5.35,52.176],[5.322,52.189],[5.315,52.203],[5.297,52.198],[5.273,52.189],[5.243,52.17],[5.256,52.144]]]},"properties":{"id":285965,"statcode":"WK034200","statnaam":"Wijk 00 Soest","jrstatcode":"1998WK034200","rubriek":"wijk","FID":"wijk_gegeneraliseerd_1998.e5894a0c-7a11-453f-abec-821d12cc430b"},"id":"WK034200"},
{"type":"Feature","geometry":{"type":"Polygon","coordinates":[[[5.338,52.155],[5.29,52.158],[5.256,52.144],[5.264,52.125],[5.282,52.112],[5.306,52.11],[5.331,52.127],[5.338,52.155]]]},"properties":{"id":285966,"statcode":"WK034201","statnaam":"Wijk 01 Soesterbergen-Soestduinen","jrstatcode":"1998WK034201","rubriek":"wijk","FID":"wijk_gegeneraliseerd_1998.85c7d16c-3ed6-4fba-885b-77bc8a76f54c"},"id":"WK034201"},
{"type":"Feature","geometry":{"type":"Polygon","coordinates":[[[5.055,52.126],[5.048,52.121],[5.038,52.115],[5.055,52.087],[5.077,52.082],[5.105,52.09],[5.106,52.094],[5.061,52.122],[5.055,52.126]]]},"properties":{"id":285967,"statcode":"WK034401","statnaam":"Wijk 01 West","jrstatcode":"1998WK034401","rubriek":"wijk","FID":"wijk_gegeneraliseerd_1998.63735ae6-f32a-4a12-9756-ec4dd351ba4a"},"id":"WK034401"},
{"type":"Feature","geometry":{"type":"Polygon","coordinates":[[[5.061,52.122],[5.106,52.094],[5.115,52.097],[5.114,52.107],[5.073,52.125],[5.061,52.122]]]},"properties":{"id":285968,"statcode":"WK034402","statnaam":"Wijk 02 Noordwest","jrstatcode":"1998WK034402","rubriek":"wijk","FID":"wijk_gegeneraliseerd_1998.a8deac63-6398-4baf-bf3e-a3386e7fcb33"},"id":"WK034402"},
{"type":"Feature","geometry":{"type":"Polygon","coordinates":[[[5.073,52.125],[5.114,52.107],[5.15,52.111],[5.126,52.125],[5.107,52.133],[5.087,52.136],[5.076,52.127],[5.073,52.125]]]},"properties":{"id":285969,"statcode":"WK034403","statnaam":"Wijk 03 Overvecht","jrstatcode":"1998WK034403","rubriek":"wijk","FID":"wijk_gegeneraliseerd_1998.003489ee-4a73-45be-8046-d71e5fc21a34"},"id":"WK034403"},
{"type":"Feature","geometry":{"type":"Polygon","coordinates":[[[5.15,52.111],[5.114,52.107],[5.115,52.097],[5.126,52.095],[5.156,52.098],[5.162,52.107],[5.15,52.111]]]},"properties":{"id":285970,"statcode":"WK034404","statnaam":"Wijk 04 Noordoost","jrstatcode":"1998WK034404","rubriek":"wijk","FID":"wijk_gegeneraliseerd_1998.4554219a-c423-48af-8406-da8c5a68bd7e"},"id":"WK034404"},
{"type":"Feature","geometry":{"type":"Polygon","coordinates":[[[5.193,52.086],[5.186,52.093],[5.156,52.098],[5.126,52.095],[5.123,52.079],[5.153,52.057],[5.16,52.078],[5.195,52.077],[5.193,52.086]]]},"properties":{"id":285971,"statcode":"WK034405","statnaam":"Wijk 05 Oost","jrstatcode":"1998WK034405","rubriek":"wijk","FID":"wijk_gegeneraliseerd_1998.8dad038d-2b31-4076-a617-dc49ef30da1f"},"id":"WK034405"},
{"type":"Feature","geometry":{"type":"Polygon","coordinates":[[[5.105,52.09],[5.123,52.079],[5.126,52.095],[5.115,52.097],[5.106,52.094],[5.105,52.09]]]},"properties":{"id":285972,"statcode":"WK034406","statnaam":"Wijk 06 Binnenstad","jrstatcode":"1998WK034406","rubriek":"wijk","FID":"wijk_gegeneraliseerd_1998.c7a6af36-4ecb-4824-80f8-bb4a5c809e7a"},"id":"WK034406"},
{"type":"Feature","geometry":{"type":"Polygon","coordinates":[[[5.153,52.057],[5.123,52.079],[5.111,52.058],[5.127,52.055],[5.153,52.057]]]},"properties":{"id":285973,"statcode":"WK034407","statnaam":"Wijk 07 Zuid","jrstatcode":"1998WK034407","rubriek":"wijk","FID":"wijk_gegeneraliseerd_1998.d6f1ad4d-93a4-46ed-a4ed-12b788f50a1d"},"id":"WK034407"},
{"type":"Feature","geometry":{"type":"Polygon","coordinates":[[[5.123,52.079],[5.105,52.09],[5.077,52.082],[5.07,52.069],[5.053,52.07],[5.053,52.069],[5.065,52.056],[5.072,52.062],[5.098,52.059],[5.106,52.05],[5.111,52.058],[5.123,52.079]]]},"properties":{"id":285974,"statcode":"WK034408","statnaam":"Wijk 08 Zuidwest","jrstatcode":"1998WK034408","rubriek":"wijk","FID":"wijk_gegeneraliseerd_1998.a64a4669-7c5f-44aa-bb4e-2a2e06229f15"},"id":"WK034408"},
{"type":"Feature","geometry":{"type":"MultiPolygon","coordinates":[[[[5.038,52.115],[5.032,52.117],[5.026,52.097],[5.058,52.079],[5.053,52.07],[5.07,52.069],[5.077,52.082],[5.055,52.087],[5.038,52.115]]],[[[5.049,52.059],[5.065,52.056],[5.053,52.069],[5.049,52.059]]]]},"properties":{"id":285975,"statcode":"WK034409","statnaam":"Wijk 09 Leidsche Rijn","jrstatcode":"1998WK034409","rubriek":"wijk","FID":"wijk_gegeneraliseerd_1998.99ee62ba-cd01-4e59-8096-514e13fb9793"},"id":"WK034409"},
{"type":"Feature","geometry":{"type":"Polygon","coordinates":[[[5.563,52.023],[5.561,52.031],[5.548,52.024],[5.553,52.023],[5.563,52.023]]]},"properties":{"id":285976,"statcode":"WK034500","statnaam":"Wijk 00 Centrum","jrstatcode":"1998WK034500","rubriek":"wijk","FID":"wijk_gegeneraliseerd_1998.a5c8d811-7111-4539-8f13-d96470ea68c7"},"id":"WK034500"},
{"type":"Feature","geometry":{"type":"Polygon","coordinates":[[[5.569,52.04],[5.561,52.031],[5.563,52.023],[5.586,52.012],[5.587,52.012],[5.59,52.034],[5.569,52.04]]]},"properties":{"id":285977,"statcode":"WK034501","statnaam":"Wijk 01 Noordoost","jrstatcode":"1998WK034501","rubriek":"wijk","FID":"wijk_gegeneraliseerd_1998.dcc2127d-3eaf-4512-bacb-a95e231c0b34"},"id":"WK034501"},
{"type":"Feature","geometry":{"type":"Polygon","coordinates":[[[5.553,52.023],[5.54,52.007],[5.57,51.997],[5.59,52.009],[5.586,52.012],[5.563,52.023],[5.553,52.023]]]},"properties":{"id":285978,"statcode":"WK034502","statnaam":"Wijk 02 Zuidoost","jrstatcode":"1998WK034502","rubriek":"wijk","FID":"wijk_gegeneraliseerd_1998.708a58af-f8d8-4154-a1b4-b3facb4c33af"},"id":"WK034502"},
{"type":"Feature","geometry":{"type":"Polygon","coordinates":[[[5.54,52.007],[5.553,52.023],[5.548,52.024],[5.541,52.028],[5.536,52.01],[5.54,52.007]]]},"properties":{"id":285979,"statcode":"WK034503","statnaam":"Wijk 03 Zuidwest","jrstatcode":"1998WK034503","rubriek":"wijk","FID":"wijk_gegeneraliseerd_1998.519aa30f-b809-4960-bc7e-80f8b66ae2d3"},"id":"WK034503"},
{"type":"Feature","geometry":{"type":"Polygon","coordinates":[[[5.558,52.049],[5.541,52.028],[5.548,52.024],[5.561,52.031],[5.569,52.04],[5.571,52.048],[5.558,52.049]]]},"properties":{"id":285980,"statcode":"WK034504","statnaam":"Wijk 04 Noordwest","jrstatcode":"1998WK034504","rubriek":"wijk","FID":"wijk_gegeneraliseerd_1998.2449e2f6-e619-437e-84a4-dd9af7816b53"},"id":"WK034504"},
{"type":"Feature","geometry":{"type":"Polygon","coordinates":[[[5.536,52.01],[5.541,52.028],[5.558,52.049],[5.529,52.04],[5.513,52.019],[5.536,52.01]]]},"properties":{"id":285981,"statcode":"WK034505","statnaam":"Wijk 05 West","jrstatcode":"1998WK034505","rubriek":"wijk","FID":"wijk_gegeneraliseerd_1998.a48df0c8-70d4-42a9-a57c-cb37e6f0b137"},"id":"WK034505"},
{"type":"Feature","geometry":{"type":"Polygon","coordinates":[[[5.053,52.07],[5.058,52.079],[5.026,52.097],[5.032,52.117],[5.012,52.13],[5.003,52.142],[4.995,52.139],[4.97,52.122],[4.994,52.09],[5.005,52.089],[4.999,52.066],[5.018,52.062],[5.049,52.059],[5.053,52.069],[5.053,52.07]]]},"properties":{"id":285982,"statcode":"WK034700","statnaam":"Wijk 00","jrstatcode":"1998WK034700","rubriek":"wijk","FID":"wijk_gegeneraliseerd_1998.4fc20b99-99e7-4f3c-a463-59270530c5c1"},"id":"WK034700"},
{"type":"Feature","geometry":{"type":"Polygon","coordinates":[[[5.446,52.107],[5.432,52.096],[5.405,52.104],[5.401,52.089],[5.34,52.095],[5.322,52.102],[5.299,52.097],[5.332,52.084],[5.438,52.07],[5.435,52.048],[5.449,52.043],[5.485,52.056],[5.498,52.057],[5.496,52.072],[5.484,52.07],[5.459,52.08],[5.486,52.094],[5.494,52.111],[5.486,52.115],[5.477,52.114],[5.468,52.1],[5.446,52.107]]]},"properties":{"id":285983,"statcode":"WK035100","statnaam":"Wijk 00","jrstatcode":"1998WK035100","rubriek":"wijk","FID":"wijk_gegeneraliseerd_1998.5dd72716-0d3c-4654-98cb-2f95360892c9"},"id":"WK035100"},
{"type":"Feature","geometry":{"type":"Polygon","coordinates":[[[5.342,51.967],[5.346,51.985],[5.327,51.978],[5.342,51.967]]]},"properties":{"id":285984,"statcode":"WK035200","statnaam":"Wijk 00 Wijk bij Duurstede","jrstatcode":"1998WK035200","rubriek":"wijk","FID":"wijk_gegeneraliseerd_1998.179d8119-ef9b-49ea-aeb3-9cfc70349bd4"},"id":"WK035200"},
{"type":"Feature","geometry":{"type":"Polygon","coordinates":[[[5.34,51.961],[5.364,51.971],[5.391,51.971],[5.378,51.986],[5.357,51.984],[5.326,52],[5.329,51.99],[5.311,51.979],[5.271,51.981],[5.256,51.971],[5.27,51.966],[5.311,51.957],[5.34,51.961]],[[5.342,51.967],[5.327,51.978],[5.346,51.985],[5.342,51.967]]]},"properties":{"id":285985,"statcode":"WK035201","statnaam":"Wijk 01 Landelijk gebied","jrstatcode":"1998WK035201","rubriek":"wijk","FID":"wijk_gegeneraliseerd_1998.db613e5f-6b49-4ddc-81a1-be0518ba344f"},"id":"WK035201"},
{"type":"Feature","geometry":{"type":"Polygon","coordinates":[[[5.291,52.008],[5.28,52.011],[5.272,51.998],[5.243,51.999],[5.254,51.986],[5.271,51.981],[5.311,51.979],[5.329,51.99],[5.326,52],[5.291,52.008]]]},"properties":{"id":285986,"statcode":"WK035202","statnaam":"Wijk 02 Cothen","jrstatcode":"1998WK035202","rubriek":"wijk","FID":"wijk_gegeneraliseerd_1998.e20d2d17-cff5-42be-b662-061f0574f8be"},"id":"WK035202"},
{"type":"Feature","geometry":{"type":"Polygon","coordinates":[[[5.378,51.986],[5.4,51.988],[5.415,51.997],[5.382,52.002],[5.364,52.01],[5.344,52.02],[5.315,52.027],[5.291,52.008],[5.326,52],[5.357,51.984],[5.378,51.986]]]},"properties":{"id":285987,"statcode":"WK035203","statnaam":"Wijk 03 Langbroek","jrstatcode":"1998WK035203","rubriek":"wijk","FID":"wijk_gegeneraliseerd_1998.0cd9f1fb-a361-4193-b8f6-0299a8936089"},"id":"WK035203"},
{"type":"Feature","geometry":{"type":"Polygon","coordinates":[[[5.024,52.019],[5.066,52.019],[5.046,52.035],[5.022,52.023],[5.024,52.019]]]},"properties":{"id":285988,"statcode":"WK035300","statnaam":"Wijk 00 IJsselstein","jrstatcode":"1998WK035300","rubriek":"wijk","FID":"wijk_gegeneraliseerd_1998.e6469a71-de5c-49d3-9cd5-1272840eeaa0"},"id":"WK035300"},
{"type":"Feature","geometry":{"type":"MultiPolygon","coordinates":[[[[5.022,52.023],[5.046,52.035],[5.017,52.061],[4.991,52.053],[4.978,52.04],[4.995,52.022],[5.022,52.023]]],[[[5.066,52.019],[5.024,52.019],[5.063,51.991],[5.077,51.998],[5.071,52.011],[5.066,52.019]]]]},"properties":{"id":285989,"statcode":"WK035301","statnaam":"Wijk 01 Landelijk gebied","jrstatcode":"1998WK035301","rubriek":"wijk","FID":"wijk_gegeneraliseerd_1998.56fc7015-1ac6-4caa-9f88-5055386c0a1d"},"id":"WK035301"},
{"type":"Feature","geometry":{"type":"Polygon","coordinates":[[[5.241,52.078],[5.273,52.096],[5.262,52.105],[5.255,52.102],[5.234,52.085],[5.241,52.078]]]},"properties":{"id":285990,"statcode":"WK035501","statnaam":"Wijk 01 Centrum Zeist","jrstatcode":"1998WK035501","rubriek":"wijk","FID":"wijk_gegeneraliseerd_1998.a491eefe-d2cb-4c32-bb25-5abf2ff183a9"},"id":"WK035501"},
{"type":"Feature","geometry":{"type":"Polygon","coordinates":[[[5.255,52.102],[5.217,52.102],[5.211,52.09],[5.234,52.085],[5.255,52.102]]]},"properties":{"id":285991,"statcode":"WK035502","statnaam":"Wijk 02 Zeist-Noord","jrstatcode":"1998WK035502","rubriek":"wijk","FID":"wijk_gegeneraliseerd_1998.d4f052b2-b533-43f3-bbc4-e2208330136c"},"id":"WK035502"},
{"type":"Feature","geometry":{"type":"Polygon","coordinates":[[[5.234,52.085],[5.211,52.09],[5.193,52.086],[5.195,52.077],[5.225,52.065],[5.219,52.06],[5.247,52.059],[5.256,52.063],[5.259,52.067],[5.241,52.078],[5.234,52.085]]]},"properties":{"id":285992,"statcode":"WK035503","statnaam":"Wijk 03 Zeist-West","jrstatcode":"1998WK035503","rubriek":"wijk","FID":"wijk_gegeneraliseerd_1998.7b059688-3de1-4af0-ad8b-f2c2516e285d"},"id":"WK035503"},
{"type":"Feature","geometry":{"type":"Polygon","coordinates":[[[5.259,52.067],[5.291,52.087],[5.321,52.07],[5.333,52.079],[5.332,52.084],[5.299,52.097],[5.322,52.102],[5.311,52.109],[5.306,52.11],[5.282,52.112],[5.262,52.105],[5.273,52.096],[5.241,52.078],[5.259,52.067]]]},"properties":{"id":285993,"statcode":"WK035504","statnaam":"Wijk 04 Zeist-Oost, Zeister Bos e.o.","jrstatcode":"1998WK035504","rubriek":"wijk","FID":"wijk_gegeneraliseerd_1998.fa85010d-d82d-4997-b5f3-40fb1b46ea4c"},"id":"WK035504"},
{"type":"Feature","geometry":{"type":"Polygon","coordinates":[[[5.243,52.17],[5.225,52.166],[5.229,52.137],[5.231,52.117],[5.218,52.114],[5.217,52.102],[5.255,52.102],[5.262,52.105],[5.282,52.112],[5.264,52.125],[5.256,52.144],[5.243,52.17]]]},"properties":{"id":285994,"statcode":"WK035505","statnaam":"Wijk 05 Huis Ter Heide, Bosch en Duin","jrstatcode":"1998WK035505","rubriek":"wijk","FID":"wijk_gegeneraliseerd_1998.67402252-ef8e-44e5-be4f-7a609ea8e341"},"id":"WK035505"},
{"type":"Feature","geometry":{"type":"Polygon","coordinates":[[[5.091,52.032],[5.106,52.05],[5.098,52.059],[5.072,52.062],[5.065,52.056],[5.049,52.059],[5.018,52.062],[5.017,52.061],[5.046,52.035],[5.066,52.019],[5.071,52.011],[5.091,52.032]]]},"properties":{"id":285995,"statcode":"WK035600","statnaam":"Wijk 00 Nieuwegein-Noord","jrstatcode":"1998WK035600","rubriek":"wijk","FID":"wijk_gegeneraliseerd_1998.f5e7b61a-9287-460b-9622-c3e5771530a8"},"id":"WK035600"},
{"type":"Feature","geometry":{"type":"Polygon","coordinates":[[[5.122,52.031],[5.108,52.011],[5.091,52.032],[5.071,52.011],[5.077,51.998],[5.114,52.002],[5.12,52],[5.126,52.017],[5.131,52.025],[5.122,52.031]]]},"properties":{"id":285996,"statcode":"WK035601","statnaam":"Wijk 01 Nieuwegein-Zuid","jrstatcode":"1998WK035601","rubriek":"wijk","FID":"wijk_gegeneraliseerd_1998.d940972a-1fcc-476f-b8f6-f008192022f0"},"id":"WK035601"},
{"type":"Feature","geometry":{"type":"Polygon","coordinates":[[[5.091,52.032],[5.108,52.011],[5.122,52.031],[5.127,52.055],[5.111,52.058],[5.106,52.05],[5.091,52.032]]]},"properties":{"id":285997,"statcode":"WK035602","statnaam":"Wijk 02 Industriewijk","jrstatcode":"1998WK035602","rubriek":"wijk","FID":"wijk_gegeneraliseerd_1998.1ee8e66f-28bf-4379-a857-c040f678d515"},"id":"WK035602"},
{"type":"Feature","geometry":{"type":"Polygon","coordinates":[[[4.622,52.627],[4.618,52.609],[4.635,52.614],[4.622,52.627]]]},"properties":{"id":285998,"statcode":"WK035700","statnaam":"Wijk 00 Egmond aan Zee","jrstatcode":"1998WK035700","rubriek":"wijk","FID":"wijk_gegeneraliseerd_1998.3f6207dd-3cd9-44b4-a043-8a122374bd5d"},"id":"WK035700"},
{"type":"Feature","geometry":{"type":"Polygon","coordinates":[[[4.635,52.614],[4.618,52.609],[4.61,52.574],[4.655,52.583],[4.673,52.591],[4.674,52.601],[4.657,52.613],[4.635,52.614]]]},"properties":{"id":285999,"statcode":"WK035701","statnaam":"Wijk 01 Egmond-Binnen","jrstatcode":"1998WK035701","rubriek":"wijk","FID":"wijk_gegeneraliseerd_1998.8517ee8d-29e6-4c1e-aa74-dc772407386d"},"id":"WK035701"},
{"type":"Feature","geometry":{"type":"Polygon","coordinates":[[[4.71,52.642],[4.678,52.645],[4.624,52.64],[4.622,52.627],[4.635,52.614],[4.657,52.613],[4.674,52.601],[4.68,52.608],[4.69,52.624],[4.715,52.625],[4.71,52.642]]]},"properties":{"id":286000,"statcode":"WK035702","statnaam":"Wijk 02 Egmond aan den Hoef","jrstatcode":"1998WK035702","rubriek":"wijk","FID":"wijk_gegeneraliseerd_1998.51c07220-48b0-438d-a665-7709a4cd816f"},"id":"WK035702"},
{"type":"Feature","geometry":{"type":"Polygon","coordinates":[[[4.789,52.258],[4.757,52.274],[4.737,52.267],[4.701,52.244],[4.757,52.258],[4.77,52.249],[4.789,52.258]]]},"properties":{"id":286001,"statcode":"WK035800","statnaam":"Wijk 00 Aalsmeer","jrstatcode":"1998WK035800","rubriek":"wijk","FID":"wijk_gegeneraliseerd_1998.0f67dd14-3b33-4e07-8166-1c3364ee3996"},"id":"WK035800"},
{"type":"Feature","geometry":{"type":"Polygon","coordinates":[[[4.77,52.249],[4.757,52.258],[4.701,52.244],[4.695,52.243],[4.67,52.231],[4.724,52.232],[4.723,52.217],[4.773,52.241],[4.77,52.249]]]},"properties":{"id":286002,"statcode":"WK035801","statnaam":"Wijk 01 Kudelstraat en Kalslagen","jrstatcode":"1998WK035801","rubriek":"wijk","FID":"wijk_gegeneraliseerd_1998.45da4958-db9c-4c74-902a-40ea59689eca"},"id":"WK035801"},
{"type":"Feature","geometry":{"type":"Polygon","coordinates":[[[4.795,52.261],[4.791,52.264],[4.839,52.304],[4.816,52.311],[4.796,52.299],[4.783,52.285],[4.757,52.274],[4.789,52.258],[4.795,52.261]]]},"properties":{"id":286003,"statcode":"WK035802","statnaam":"Wijk 02 Oosteinde","jrstatcode":"1998WK035802","rubriek":"wijk","FID":"wijk_gegeneraliseerd_1998.91cb734c-2c64-4dc4-8c58-c5923494f233"},"id":"WK035802"},
{"type":"Feature","geometry":{"type":"Polygon","coordinates":[[[4.753,52.585],[4.756,52.592],[4.752,52.592],[4.74,52.579],[4.719,52.58],[4.718,52.58],[4.719,52.552],[4.75,52.538],[4.757,52.562],[4.745,52.567],[4.753,52.585]]]},"properties":{"id":286004,"statcode":"WK036000","statnaam":"Wijk 00 Akersloot","jrstatcode":"1998WK036000","rubriek":"wijk","FID":"wijk_gegeneraliseerd_1998.dccb0015-6953-48ff-9ee3-787351867027"},"id":"WK036000"},
{"type":"Feature","geometry":{"type":"Polygon","coordinates":[[[4.757,52.562],[4.75,52.538],[4.778,52.534],[4.782,52.557],[4.757,52.562]]]},"properties":{"id":286005,"statcode":"WK036001","statnaam":"Wijk 01 Beoosten het Alkmaardermeer","jrstatcode":"1998WK036001","rubriek":"wijk","FID":"wijk_gegeneraliseerd_1998.d6fd7023-1be4-425e-9a60-e1ae9c01a255"},"id":"WK036001"},
{"type":"Feature","geometry":{"type":"Polygon","coordinates":[[[4.753,52.627],[4.735,52.637],[4.722,52.622],[4.739,52.615],[4.753,52.627]]]},"properties":{"id":286006,"statcode":"WK036101","statnaam":"Wijk 01 Zuid","jrstatcode":"1998WK036101","rubriek":"wijk","FID":"wijk_gegeneraliseerd_1998.e02db497-66dd-42db-9e5e-b81b733adf71"},"id":"WK036101"},
{"type":"Feature","geometry":{"type":"Polygon","coordinates":[[[4.774,52.648],[4.757,52.641],[4.755,52.629],[4.769,52.616],[4.792,52.639],[4.801,52.66],[4.774,52.648]]]},"properties":{"id":286007,"statcode":"WK036102","statnaam":"Wijk 02 Oudorp","jrstatcode":"1998WK036102","rubriek":"wijk","FID":"wijk_gegeneraliseerd_1998.35aaa486-b10d-4cf0-8625-b5a9066ae657"},"id":"WK036102"},
{"type":"Feature","geometry":{"type":"Polygon","coordinates":[[[4.753,52.627],[4.739,52.615],[4.734,52.607],[4.737,52.594],[4.752,52.592],[4.756,52.592],[4.769,52.616],[4.755,52.629],[4.753,52.627]]]},"properties":{"id":286008,"statcode":"WK036103","statnaam":"Wijk 03 Overdie","jrstatcode":"1998WK036103","rubriek":"wijk","FID":"wijk_gegeneraliseerd_1998.56af5989-0a7b-4f43-b7ea-2177aa680c9e"},"id":"WK036103"},
{"type":"Feature","geometry":{"type":"Polygon","coordinates":[[[4.722,52.622],[4.735,52.637],[4.747,52.639],[4.744,52.647],[4.746,52.659],[4.746,52.663],[4.734,52.663],[4.71,52.642],[4.715,52.625],[4.722,52.622]]]},"properties":{"id":286009,"statcode":"WK036104","statnaam":"Wijk 04 West","jrstatcode":"1998WK036104","rubriek":"wijk","FID":"wijk_gegeneraliseerd_1998.aa2af1a1-4f17-4aa1-9f4a-6dbb0d0ddd4f"},"id":"WK036104"},
{"type":"Feature","geometry":{"type":"Polygon","coordinates":[[[4.773,52.663],[4.765,52.65],[4.744,52.647],[4.747,52.639],[4.757,52.641],[4.774,52.648],[4.774,52.665],[4.773,52.663]]]},"properties":{"id":286010,"statcode":"WK036105","statnaam":"Wijk 05 Huiswaard-zuid","jrstatcode":"1998WK036105","rubriek":"wijk","FID":"wijk_gegeneraliseerd_1998.e42c46cf-e798-434f-9c55-3b4823c7c51b"},"id":"WK036105"},
{"type":"Feature","geometry":{"type":"Polygon","coordinates":[[[4.773,52.663],[4.746,52.659],[4.744,52.647],[4.765,52.65],[4.773,52.663]]]},"properties":{"id":286011,"statcode":"WK036106","statnaam":"Wijk 06 Huiswaard-noord","jrstatcode":"1998WK036106","rubriek":"wijk","FID":"wijk_gegeneraliseerd_1998.4a08aee6-b372-461d-94c6-4bdd49c5c745"},"id":"WK036106"},
{"type":"Feature","geometry":{"type":"Polygon","coordinates":[[[4.774,52.665],[4.779,52.676],[4.742,52.681],[4.746,52.663],[4.746,52.659],[4.773,52.663],[4.774,52.665]]]},"properties":{"id":286012,"statcode":"WK036107","statnaam":"Wijk 07 Daalmeer en Koedijk","jrstatcode":"1998WK036107","rubriek":"wijk","FID":"wijk_gegeneraliseerd_1998.abd6553b-cb81-452d-9934-a5709a07156c"},"id":"WK036107"},
{"type":"Feature","geometry":{"type":"Polygon","coordinates":[[[4.735,52.637],[4.753,52.627],[4.755,52.629],[4.757,52.641],[4.747,52.639],[4.735,52.637]]]},"properties":{"id":286013,"statcode":"WK036108","statnaam":"Wijk 08 Binnenstad","jrstatcode":"1998WK036108","rubriek":"wijk","FID":"wijk_gegeneraliseerd_1998.e964bd7f-0f87-4088-96f6-707910059aa9"},"id":"WK036108"},
{"type":"Feature","geometry":{"type":"Polygon","coordinates":[[[4.896,52.322],[4.857,52.322],[4.856,52.33],[4.819,52.325],[4.816,52.311],[4.839,52.304],[4.791,52.264],[4.795,52.261],[4.808,52.258],[4.816,52.255],[4.825,52.253],[4.84,52.248],[4.852,52.242],[4.857,52.246],[4.87,52.253],[4.879,52.279],[4.908,52.307],[4.909,52.319],[4.896,52.322]]]},"properties":{"id":286014,"statcode":"WK036200","statnaam":"Wijk 00 Amstelveen","jrstatcode":"1998WK036200","rubriek":"wijk","FID":"wijk_gegeneraliseerd_1998.57e21953-9f2a-4b24-bd8e-98b0e251cd50"},"id":"WK036200"},
{"type":"Feature","geometry":{"type":"Polygon","coordinates":[[[4.899,52.389],[4.884,52.389],[4.875,52.373],[4.882,52.362],[4.887,52.36],[4.904,52.359],[4.932,52.367],[4.911,52.381],[4.899,52.389]]]},"properties":{"id":286015,"statcode":"WK036300","statnaam":"Stadsdeel 00 Binnenstad","jrstatcode":"1998WK036300","rubriek":"wijk","FID":"wijk_gegeneraliseerd_1998.f8e10fd9-76f1-4996-b9bf-8d6eaf83af37"},"id":"WK036300"},
{"type":"Feature","geometry":{"type":"Polygon","coordinates":[[[4.834,52.39],[4.857,52.395],[4.888,52.402],[4.857,52.417],[4.842,52.419],[4.81,52.423],[4.783,52.427],[4.75,52.43],[4.739,52.431],[4.729,52.401],[4.758,52.397],[4.758,52.388],[4.834,52.39]]]},"properties":{"id":286016,"statcode":"WK036301","statnaam":"Stadsdeel 01 Westelijk havengebied","jrstatcode":"1998WK036301","rubriek":"wijk","FID":"wijk_gegeneraliseerd_1998.0b1c6de3-7150-45ed-824f-d36eaac64f74"},"id":"WK036301"},
{"type":"Feature","geometry":{"type":"Polygon","coordinates":[[[4.888,52.402],[4.857,52.395],[4.864,52.375],[4.866,52.372],[4.875,52.373],[4.884,52.389],[4.899,52.389],[4.888,52.402]]]},"properties":{"id":286017,"statcode":"WK036302","statnaam":"Stadsdeel 02 Westerpark","jrstatcode":"1998WK036302","rubriek":"wijk","FID":"wijk_gegeneraliseerd_1998.9f54c231-d499-4151-8490-eb907035055c"},"id":"WK036302"},
{"type":"Feature","geometry":{"type":"Polygon","coordinates":[[[4.882,52.362],[4.875,52.373],[4.866,52.372],[4.855,52.358],[4.882,52.362]]]},"properties":{"id":286018,"statcode":"WK036303","statnaam":"Stadsdeel 03 Oud-West","jrstatcode":"1998WK036303","rubriek":"wijk","FID":"wijk_gegeneraliseerd_1998.30b2b1ea-9a6f-4b29-8dd6-7e6db5c98474"},"id":"WK036303"},
{"type":"Feature","geometry":{"type":"Polygon","coordinates":[[[4.904,52.359],[4.887,52.36],[4.886,52.349],[4.911,52.35],[4.904,52.359]]]},"properties":{"id":286019,"statcode":"WK036304","statnaam":"Stadsdeel 04 De Pijp","jrstatcode":"1998WK036304","rubriek":"wijk","FID":"wijk_gegeneraliseerd_1998.4bee443d-3589-4158-b484-9b4e3ee92a7b"},"id":"WK036304"},
{"type":"Feature","geometry":{"type":"Polygon","coordinates":[[[4.912,52.348],[4.938,52.358],[4.932,52.367],[4.904,52.359],[4.911,52.35],[4.912,52.348]]]},"properties":{"id":286020,"statcode":"WK036305","statnaam":"Stadsdeel 05 Oost","jrstatcode":"1998WK036305","rubriek":"wijk","FID":"wijk_gegeneraliseerd_1998.171a7e72-f03c-48d1-a7a8-2d448319d3a0"},"id":"WK036305"},
{"type":"Feature","geometry":{"type":"Polygon","coordinates":[[[4.968,52.379],[4.963,52.384],[4.911,52.381],[4.932,52.367],[4.938,52.358],[4.966,52.354],[4.999,52.342],[5.012,52.344],[4.961,52.364],[4.968,52.379]]]},"properties":{"id":286021,"statcode":"WK036306","statnaam":"Stadsdeel 06 Zeeburg","jrstatcode":"1998WK036306","rubriek":"wijk","FID":"wijk_gegeneraliseerd_1998.c603e2ec-1c03-4344-ab13-aa13e7a8baee"},"id":"WK036306"},
{"type":"Feature","geometry":{"type":"Polygon","coordinates":[[[4.842,52.372],[4.864,52.375],[4.857,52.395],[4.834,52.39],[4.835,52.373],[4.842,52.372]]]},"properties":{"id":286022,"statcode":"WK036307","statnaam":"Stadsdeel 07 Bos en Lommer","jrstatcode":"1998WK036307","rubriek":"wijk","FID":"wijk_gegeneraliseerd_1998.9a5f7b49-2f22-4fd7-b407-3c4cc1ce52ca"},"id":"WK036307"},
{"type":"Feature","geometry":{"type":"Polygon","coordinates":[[[4.855,52.358],[4.866,52.372],[4.864,52.375],[4.842,52.372],[4.849,52.358],[4.855,52.358]]]},"properties":{"id":286023,"statcode":"WK036308","statnaam":"Stadsdeel 08 De Baarsjes","jrstatcode":"1998WK036308","rubriek":"wijk","FID":"wijk_gegeneraliseerd_1998.29b72595-fc78-4a13-bef4-b95c44b2b438"},"id":"WK036308"},
{"type":"Feature","geometry":{"type":"Polygon","coordinates":[[[4.887,52.36],[4.882,52.362],[4.855,52.358],[4.849,52.358],[4.847,52.338],[4.885,52.339],[4.886,52.349],[4.887,52.36]]]},"properties":{"id":286024,"statcode":"WK036309","statnaam":"Stadsdeel 09 Zuid","jrstatcode":"1998WK036309","rubriek":"wijk","FID":"wijk_gegeneraliseerd_1998.7900d383-ce02-44df-a498-045ea4e00c1c"},"id":"WK036309"},
{"type":"Feature","geometry":{"type":"Polygon","coordinates":[[[4.899,52.333],[4.912,52.348],[4.911,52.35],[4.886,52.349],[4.885,52.339],[4.899,52.333]]]},"properties":{"id":286025,"statcode":"WK036310","statnaam":"Stadsdeel 10 Rivierenbuurt","jrstatcode":"1998WK036310","rubriek":"wijk","FID":"wijk_gegeneraliseerd_1998.017600fa-bab1-4a7e-af74-447f676482c4"},"id":"WK036310"},
{"type":"Feature","geometry":{"type":"Polygon","coordinates":[[[4.952,52.339],[4.961,52.348],[4.966,52.354],[4.938,52.358],[4.912,52.348],[4.899,52.333],[4.896,52.322],[4.909,52.319],[4.907,52.33],[4.95,52.339],[4.952,52.339]]]},"properties":{"id":286026,"statcode":"WK036311","statnaam":"Stadsdeel 11 Watergraafsmeer","jrstatcode":"1998WK036311","rubriek":"wijk","FID":"wijk_gegeneraliseerd_1998.144f469e-2a8a-451e-a418-14b811efd1a8"},"id":"WK036311"},
{"type":"Feature","geometry":{"type":"Polygon","coordinates":[[[4.948,52.422],[4.931,52.412],[4.899,52.424],[4.863,52.43],[4.857,52.417],[4.888,52.402],[4.899,52.389],[4.911,52.381],[4.963,52.384],[4.968,52.379],[4.98,52.374],[5.025,52.389],[5.029,52.398],[5.052,52.413],[5.068,52.416],[5.049,52.415],[5,52.425],[4.976,52.424],[4.948,52.422]]]},"properties":{"id":286027,"statcode":"WK036312","statnaam":"Stadsdeel 12 Amsterdam-Noord","jrstatcode":"1998WK036312","rubriek":"wijk","FID":"wijk_gegeneraliseerd_1998.83e58ed7-fa09-4c7d-b634-7f853bd2631b"},"id":"WK036312"},
{"type":"Feature","geometry":{"type":"Polygon","coordinates":[[[4.834,52.39],[4.758,52.388],[4.759,52.381],[4.781,52.37],[4.805,52.373],[4.812,52.36],[4.835,52.373],[4.834,52.39]]]},"properties":{"id":286028,"statcode":"WK036313","statnaam":"Stadsdeel 13 Geuzenveld-Slotermeer","jrstatcode":"1998WK036313","rubriek":"wijk","FID":"wijk_gegeneraliseerd_1998.c721cdc2-bb29-4ee2-adec-768d70fdd04c"},"id":"WK036313"},
{"type":"Feature","geometry":{"type":"Polygon","coordinates":[[[4.812,52.36],[4.805,52.373],[4.781,52.37],[4.759,52.381],[4.757,52.378],[4.757,52.364],[4.773,52.349],[4.791,52.342],[4.812,52.36]]]},"properties":{"id":286029,"statcode":"WK036314","statnaam":"Stadsdeel 14 Osdorp","jrstatcode":"1998WK036314","rubriek":"wijk","FID":"wijk_gegeneraliseerd_1998.8b796931-63ec-4467-ba89-f2dbd7f7b2f8"},"id":"WK036314"},
{"type":"Feature","geometry":{"type":"Polygon","coordinates":[[[4.847,52.338],[4.849,52.358],[4.842,52.372],[4.835,52.373],[4.812,52.36],[4.791,52.342],[4.817,52.327],[4.847,52.338]]]},"properties":{"id":286030,"statcode":"WK036315","statnaam":"Stadsdl 15 Slotervaart/Overtoomse Veld","jrstatcode":"1998WK036315","rubriek":"wijk","FID":"wijk_gegeneraliseerd_1998.5d5bee71-b3dd-41dc-87e1-71e3cf9b1c98"},"id":"WK036315"},
{"type":"Feature","geometry":{"type":"Polygon","coordinates":[[[4.885,52.339],[4.847,52.338],[4.817,52.327],[4.819,52.325],[4.856,52.33],[4.857,52.322],[4.896,52.322],[4.899,52.333],[4.885,52.339]]]},"properties":{"id":286031,"statcode":"WK036316","statnaam":"Stadsdeel 16 Buitenveldert","jrstatcode":"1998WK036316","rubriek":"wijk","FID":"wijk_gegeneraliseerd_1998.d295fa52-cc3d-40b4-985a-7b45be1e4554"},"id":"WK036316"},
{"type":"Feature","geometry":{"type":"Polygon","coordinates":[[[5.016,52.325],[4.998,52.314],[4.978,52.331],[4.953,52.323],[4.945,52.327],[4.93,52.307],[4.955,52.278],[4.984,52.29],[4.998,52.289],[5.022,52.302],[5.018,52.323],[5.016,52.325]]]},"properties":{"id":286032,"statcode":"WK036317","statnaam":"Stadsdeel 17 Zuidoost","jrstatcode":"1998WK036317","rubriek":"wijk","FID":"wijk_gegeneraliseerd_1998.254cca96-37db-4796-a0fd-ae6a06d4299c"},"id":"WK036317"},
{"type":"Feature","geometry":{"type":"Polygon","coordinates":[[[5.165,52.741],[5.179,52.721],[5.185,52.71],[5.232,52.717],[5.258,52.716],[5.254,52.747],[5.272,52.746],[5.258,52.753],[5.193,52.755],[5.18,52.741],[5.165,52.741]]]},"properties":{"id":286033,"statcode":"WK036400","statnaam":"Wijk 00","jrstatcode":"1998WK036400","rubriek":"wijk","FID":"wijk_gegeneraliseerd_1998.359b2eb8-21d8-4eb8-aa82-5091913f6aea"},"id":"WK036400"},
{"type":"Feature","geometry":{"type":"Polygon","coordinates":[[[4.834,52.539],[4.862,52.563],[4.864,52.572],[4.855,52.572],[4.831,52.559],[4.825,52.543],[4.834,52.539]]]},"properties":{"id":286034,"statcode":"WK036500","statnaam":"Wijk 00 De Rijp","jrstatcode":"1998WK036500","rubriek":"wijk","FID":"wijk_gegeneraliseerd_1998.608a431e-c149-44c2-adb7-e531b6a7e079"},"id":"WK036500"},
{"type":"Feature","geometry":{"type":"Polygon","coordinates":[[[4.783,52.52],[4.79,52.519],[4.805,52.525],[4.825,52.543],[4.831,52.559],[4.855,52.572],[4.824,52.576],[4.793,52.573],[4.782,52.557],[4.778,52.534],[4.783,52.52]]]},"properties":{"id":286035,"statcode":"WK036501","statnaam":"Wijk 01 Graft en omgeving","jrstatcode":"1998WK036501","rubriek":"wijk","FID":"wijk_gegeneraliseerd_1998.98c40f41-650b-4259-8dba-c3f31191c012"},"id":"WK036501"},
{"type":"Feature","geometry":{"type":"Polygon","coordinates":[[[4.807,52.913],[4.795,52.912],[4.771,52.879],[4.759,52.848],[4.783,52.851],[4.813,52.833],[4.847,52.845],[4.892,52.84],[4.892,52.848],[4.91,52.872],[4.879,52.887],[4.876,52.888],[4.807,52.913]]]},"properties":{"id":286036,"statcode":"WK036600","statnaam":"Wijk 00","jrstatcode":"1998WK036600","rubriek":"wijk","FID":"wijk_gegeneraliseerd_1998.19bc0e29-c2f5-4db0-a750-e6dbbc874919"},"id":"WK036600"},
{"type":"Feature","geometry":{"type":"Polygon","coordinates":[[[4.892,52.84],[4.847,52.845],[4.813,52.833],[4.834,52.808],[4.874,52.799],[4.893,52.799],[4.91,52.804],[4.912,52.815],[4.892,52.84]]]},"properties":{"id":286037,"statcode":"WK036601","statnaam":"Wijk 01 Wieringerwaard en omgeving","jrstatcode":"1998WK036601","rubriek":"wijk","FID":"wijk_gegeneraliseerd_1998.bac89ec2-404d-4d76-b39d-4dbcee86dc1e"},"id":"WK036601"},
{"type":"Feature","geometry":{"type":"Polygon","coordinates":[[[4.978,52.587],[4.955,52.58],[4.95,52.595],[4.956,52.612],[4.948,52.613],[4.926,52.607],[4.898,52.601],[4.887,52.587],[4.864,52.572],[4.862,52.563],[4.834,52.539],[4.849,52.525],[4.909,52.517],[4.921,52.537],[4.957,52.529],[4.969,52.541],[4.978,52.553],[4.977,52.561],[4.997,52.575],[4.978,52.587]]]},"properties":{"id":286038,"statcode":"WK037000","statnaam":"Wijk 00 Beemster","jrstatcode":"1998WK037000","rubriek":"wijk","FID":"wijk_gegeneraliseerd_1998.7bf3fa1f-6471-439d-9c8f-5c5277ec280a"},"id":"WK037000"},
{"type":"Feature","geometry":{"type":"Polygon","coordinates":[[[4.948,52.513],[4.957,52.529],[4.921,52.537],[4.909,52.517],[4.934,52.512],[4.944,52.512],[4.948,52.513]]]},"properties":{"id":286039,"statcode":"WK037001","statnaam":"Wijk 01 Zuidoostbeemster","jrstatcode":"1998WK037001","rubriek":"wijk","FID":"wijk_gegeneraliseerd_1998.612f7b61-7a47-4a00-9c55-6b418d740c95"},"id":"WK037001"},
{"type":"Feature","geometry":{"type":"Polygon","coordinates":[[[4.611,52.322],[4.59,52.328],[4.584,52.318],[4.612,52.314],[4.611,52.322]]]},"properties":{"id":286040,"statcode":"WK037200","statnaam":"Wijk 00","jrstatcode":"1998WK037200","rubriek":"wijk","FID":"wijk_gegeneraliseerd_1998.53756940-b71c-40bc-aa7d-051115666d96"},"id":"WK037200"},
{"type":"Feature","geometry":{"type":"Polygon","coordinates":[[[4.725,52.694],[4.699,52.683],[4.631,52.676],[4.624,52.64],[4.678,52.645],[4.71,52.642],[4.734,52.663],[4.746,52.663],[4.742,52.681],[4.729,52.691],[4.725,52.694]]]},"properties":{"id":286041,"statcode":"WK037300","statnaam":"Wijk 00","jrstatcode":"1998WK037300","rubriek":"wijk","FID":"wijk_gegeneraliseerd_1998.55532cb0-7bca-4579-8b77-defe4ae22ab1"},"id":"WK037300"},
{"type":"Feature","geometry":{"type":"Polygon","coordinates":[[[4.66,52.49],[4.651,52.486],[4.652,52.478],[4.654,52.477],[4.664,52.481],[4.665,52.489],[4.66,52.49]]]},"properties":{"id":286042,"statcode":"WK037500","statnaam":"Wijk 00 Centrum","jrstatcode":"1998WK037500","rubriek":"wijk","FID":"wijk_gegeneraliseerd_1998.ce1c3861-50e8-42c0-b43b-672cff858548"},"id":"WK037500"},
{"type":"Feature","geometry":{"type":"Polygon","coordinates":[[[4.647,52.489],[4.639,52.485],[4.629,52.488],[4.638,52.48],[4.652,52.478],[4.651,52.486],[4.647,52.489]]]},"properties":{"id":286043,"statcode":"WK037501","statnaam":"Wijk 01 Vondelkwartier","jrstatcode":"1998WK037501","rubriek":"wijk","FID":"wijk_gegeneraliseerd_1998.37cd0c8e-a7ce-46b3-88cf-a8b54732573b"},"id":"WK037501"},
{"type":"Feature","geometry":{"type":"Polygon","coordinates":[[[4.664,52.481],[4.673,52.484],[4.666,52.49],[4.665,52.489],[4.664,52.481]]]},"properties":{"id":286044,"statcode":"WK037502","statnaam":"Wijk 02 Oranjebuurt","jrstatcode":"1998WK037502","rubriek":"wijk","FID":"wijk_gegeneraliseerd_1998.087ec3e8-2655-44d3-8562-b37fbd70487b"},"id":"WK037502"},
{"type":"Feature","geometry":{"type":"Polygon","coordinates":[[[4.66,52.49],[4.658,52.496],[4.649,52.492],[4.647,52.489],[4.651,52.486],[4.66,52.49]]]},"properties":{"id":286045,"statcode":"WK037503","statnaam":"Wijk 03 Kuenenkwartier","jrstatcode":"1998WK037503","rubriek":"wijk","FID":"wijk_gegeneraliseerd_1998.bc919c68-5d4c-40d4-b030-b3083bb80716"},"id":"WK037503"},
{"type":"Feature","geometry":{"type":"Polygon","coordinates":[[[4.647,52.489],[4.649,52.492],[4.639,52.485],[4.647,52.489]]]},"properties":{"id":286046,"statcode":"WK037504","statnaam":"Wijk 04 Warande","jrstatcode":"1998WK037504","rubriek":"wijk","FID":"wijk_gegeneraliseerd_1998.7216ebb6-ff9b-462d-8b54-3cbc4527096a"},"id":"WK037504"},
{"type":"Feature","geometry":{"type":"Polygon","coordinates":[[[4.649,52.499],[4.631,52.499],[4.629,52.488],[4.639,52.485],[4.649,52.492],[4.658,52.496],[4.658,52.498],[4.649,52.499]]]},"properties":{"id":286047,"statcode":"WK037505","statnaam":"Wijk 05 Noordwestelijk tuinbouwgebied","jrstatcode":"1998WK037505","rubriek":"wijk","FID":"wijk_gegeneraliseerd_1998.c13a3561-3714-4f7f-81ff-a9db366191c6"},"id":"WK037505"},
{"type":"Feature","geometry":{"type":"Polygon","coordinates":[[[4.673,52.497],[4.666,52.49],[4.673,52.484],[4.684,52.493],[4.673,52.497]]]},"properties":{"id":286048,"statcode":"WK037506","statnaam":"Wijk 06 Oosterwijk en Zwaansmeer","jrstatcode":"1998WK037506","rubriek":"wijk","FID":"wijk_gegeneraliseerd_1998.d930fb48-8006-4fd9-a033-eb9d3da80739"},"id":"WK037506"},
{"type":"Feature","geometry":{"type":"Polygon","coordinates":[[[4.673,52.497],[4.658,52.498],[4.658,52.496],[4.66,52.49],[4.665,52.489],[4.666,52.49],[4.673,52.497]]]},"properties":{"id":286049,"statcode":"WK037507","statnaam":"Wijk 07 Meerestein","jrstatcode":"1998WK037507","rubriek":"wijk","FID":"wijk_gegeneraliseerd_1998.26965453-93dd-4283-bd6b-b310d56ec686"},"id":"WK037507"},
{"type":"Feature","geometry":{"type":"Polygon","coordinates":[[[4.631,52.499],[4.605,52.494],[4.587,52.499],[4.582,52.489],[4.61,52.481],[4.638,52.48],[4.629,52.488],[4.631,52.499]]]},"properties":{"id":286050,"statcode":"WK037508","statnaam":"Wijk 08 Wijk aan Zee","jrstatcode":"1998WK037508","rubriek":"wijk","FID":"wijk_gegeneraliseerd_1998.4ecb439a-e022-4a8a-9fad-ba18f9dd2ee6"},"id":"WK037508"},
{"type":"Feature","geometry":{"type":"Polygon","coordinates":[[[4.684,52.493],[4.673,52.484],[4.664,52.481],[4.654,52.477],[4.662,52.462],[4.675,52.455],[4.698,52.471],[4.708,52.487],[4.684,52.493]]]},"properties":{"id":286051,"statcode":"WK037509","statnaam":"Wijk 09 De Pijp en Wijkerbroek","jrstatcode":"1998WK037509","rubriek":"wijk","FID":"wijk_gegeneraliseerd_1998.6b1dbee1-d022-4bf7-8928-4227e6c01a33"},"id":"WK037509"},
{"type":"Feature","geometry":{"type":"Polygon","coordinates":[[[5.25,52.284],[5.211,52.277],[5.204,52.268],[5.226,52.268],[5.244,52.255],[5.266,52.282],[5.306,52.277],[5.288,52.298],[5.271,52.291],[5.258,52.287],[5.25,52.284]]]},"properties":{"id":286052,"statcode":"WK037600","statnaam":"Wijk 00","jrstatcode":"1998WK037600","rubriek":"wijk","FID":"wijk_gegeneraliseerd_1998.12b26a87-1a87-4452-8e6f-657151b5b475"},"id":"WK037600"},
{"type":"Feature","geometry":{"type":"Polygon","coordinates":[[[4.561,52.438],[4.542,52.401],[4.591,52.391],[4.624,52.398],[4.632,52.412],[4.617,52.425],[4.587,52.435],[4.561,52.438]]]},"properties":{"id":286053,"statcode":"WK037700","statnaam":"Wijk 00 Bloemendaal","jrstatcode":"1998WK037700","rubriek":"wijk","FID":"wijk_gegeneraliseerd_1998.01129abd-ee3f-44d1-8d74-b4b9d5bbc1e5"},"id":"WK037700"},
{"type":"Feature","geometry":{"type":"Polygon","coordinates":[[[4.624,52.392],[4.624,52.398],[4.591,52.391],[4.58,52.371],[4.601,52.376],[4.602,52.385],[4.624,52.392]]]},"properties":{"id":286054,"statcode":"WK037701","statnaam":"Wijk 01 Overveen","jrstatcode":"1998WK037701","rubriek":"wijk","FID":"wijk_gegeneraliseerd_1998.d9237f51-0c8d-4ae8-9f18-cd9bf85c6395"},"id":"WK037701"},
{"type":"Feature","geometry":{"type":"Polygon","coordinates":[[[4.58,52.371],[4.565,52.344],[4.597,52.346],[4.606,52.363],[4.607,52.367],[4.601,52.376],[4.58,52.371]]]},"properties":{"id":286055,"statcode":"WK037702","statnaam":"Wijk 02 Aerdenhout","jrstatcode":"1998WK037702","rubriek":"wijk","FID":"wijk_gegeneraliseerd_1998.b0109f63-523a-4e22-9375-701261ea6610"},"id":"WK037702"},
{"type":"Feature","geometry":{"type":"Polygon","coordinates":[[[4.597,52.346],[4.565,52.344],[4.547,52.314],[4.564,52.309],[4.584,52.318],[4.59,52.328],[4.594,52.338],[4.597,52.346]]]},"properties":{"id":286056,"statcode":"WK037703","statnaam":"Wijk 03 Vogelenzang","jrstatcode":"1998WK037703","rubriek":"wijk","FID":"wijk_gegeneraliseerd_1998.291f7f41-1048-4532-8e36-4f1646186323"},"id":"WK037703"},
{"type":"Feature","geometry":{"type":"Polygon","coordinates":[[[5.163,52.266],[5.174,52.276],[5.158,52.279],[5.163,52.266]]]},"properties":{"id":286057,"statcode":"WK038100","statnaam":"Wijk 00 Centrum","jrstatcode":"1998WK038100","rubriek":"wijk","FID":"wijk_gegeneraliseerd_1998.03425d53-a858-4190-bb61-e8384de595da"},"id":"WK038100"},
{"type":"Feature","geometry":{"type":"Polygon","coordinates":[[[5.184,52.278],[5.156,52.282],[5.158,52.279],[5.174,52.276],[5.184,52.278]]]},"properties":{"id":286058,"statcode":"WK038101","statnaam":"Wijk 01 Brediuskwartier","jrstatcode":"1998WK038101","rubriek":"wijk","FID":"wijk_gegeneraliseerd_1998.c05429ef-2722-4e1e-861f-46438fc84440"},"id":"WK038101"},
{"type":"Feature","geometry":{"type":"Polygon","coordinates":[[[5.201,52.268],[5.184,52.278],[5.174,52.276],[5.163,52.266],[5.166,52.258],[5.201,52.268]]]},"properties":{"id":286059,"statcode":"WK038102","statnaam":"Wijk 02 Eng","jrstatcode":"1998WK038102","rubriek":"wijk","FID":"wijk_gegeneraliseerd_1998.a6912a78-68dc-4226-8d5d-1277f0cbd1ef"},"id":"WK038102"},
{"type":"Feature","geometry":{"type":"Polygon","coordinates":[[[5.163,52.266],[5.158,52.279],[5.156,52.282],[5.144,52.28],[5.142,52.275],[5.138,52.26],[5.166,52.258],[5.163,52.266]]]},"properties":{"id":286060,"statcode":"WK038103","statnaam":"Wijk 03 Spiegel","jrstatcode":"1998WK038103","rubriek":"wijk","FID":"wijk_gegeneraliseerd_1998.00b4e822-2b44-4040-85a1-52f23f4afdb9"},"id":"WK038103"},
{"type":"Feature","geometry":{"type":"Polygon","coordinates":[[[4.671,52.549],[4.658,52.552],[4.658,52.548],[4.675,52.543],[4.671,52.549]]]},"properties":{"id":286061,"statcode":"WK038300","statnaam":"Wijk 00 Centrum","jrstatcode":"1998WK038300","rubriek":"wijk","FID":"wijk_gegeneraliseerd_1998.94330146-f5c2-41e0-90be-5fd44d9a2b04"},"id":"WK038300"},
{"type":"Feature","geometry":{"type":"Polygon","coordinates":[[[4.667,52.563],[4.658,52.552],[4.671,52.549],[4.678,52.562],[4.667,52.563]]]},"properties":{"id":286062,"statcode":"WK038301","statnaam":"Wijk 01 Castricum-Noord","jrstatcode":"1998WK038301","rubriek":"wijk","FID":"wijk_gegeneraliseerd_1998.503ea7d4-698c-45e3-b96f-9ad46872bddc"},"id":"WK038301"},
{"type":"Feature","geometry":{"type":"Polygon","coordinates":[[[4.675,52.543],[4.692,52.548],[4.678,52.562],[4.671,52.549],[4.675,52.543]]]},"properties":{"id":286063,"statcode":"WK038302","statnaam":"Wijk 02 Castricum-Oost","jrstatcode":"1998WK038302","rubriek":"wijk","FID":"wijk_gegeneraliseerd_1998.5b7ec8ae-06fe-4d27-a5cc-03aa32568f66"},"id":"WK038302"},
{"type":"Feature","geometry":{"type":"Polygon","coordinates":[[[4.692,52.548],[4.675,52.543],[4.658,52.548],[4.653,52.531],[4.67,52.531],[4.696,52.527],[4.694,52.545],[4.692,52.548]]]},"properties":{"id":286064,"statcode":"WK038303","statnaam":"Wijk 03 Castricum-Zuid","jrstatcode":"1998WK038303","rubriek":"wijk","FID":"wijk_gegeneraliseerd_1998.2d247485-2e19-491a-885d-9177e9628594"},"id":"WK038303"},
{"type":"Feature","geometry":{"type":"Polygon","coordinates":[[[4.653,52.531],[4.658,52.548],[4.658,52.552],[4.667,52.563],[4.679,52.584],[4.673,52.591],[4.655,52.583],[4.61,52.574],[4.599,52.532],[4.653,52.531]]]},"properties":{"id":286065,"statcode":"WK038304","statnaam":"Wijk 04 Castricum-West","jrstatcode":"1998WK038304","rubriek":"wijk","FID":"wijk_gegeneraliseerd_1998.724efcd9-e1a4-40d4-a915-c14eb5bbda10"},"id":"WK038304"},
{"type":"Feature","geometry":{"type":"Polygon","coordinates":[[[4.945,52.327],[4.953,52.323],[4.978,52.331],[4.998,52.314],[5.016,52.325],[5.013,52.331],[4.952,52.339],[4.95,52.339],[4.945,52.327]]]},"properties":{"id":286066,"statcode":"WK038400","statnaam":"Wijk 00 Diemen-Zuid","jrstatcode":"1998WK038400","rubriek":"wijk","FID":"wijk_gegeneraliseerd_1998.908f6529-4e36-4fe5-89e1-dd8a01b629df"},"id":"WK038400"},
{"type":"Feature","geometry":{"type":"Polygon","coordinates":[[[4.961,52.348],[4.952,52.339],[5.013,52.331],[5.027,52.338],[5.012,52.344],[4.999,52.342],[4.984,52.339],[4.961,52.348]]]},"properties":{"id":286067,"statcode":"WK038401","statnaam":"Wijk 01 Diemen-Centrum","jrstatcode":"1998WK038401","rubriek":"wijk","FID":"wijk_gegeneraliseerd_1998.4dcf9df7-a6cd-4da9-b182-1a619e8f0dd1"},"id":"WK038401"},
{"type":"Feature","geometry":{"type":"Polygon","coordinates":[[[4.961,52.348],[4.984,52.339],[4.999,52.342],[4.966,52.354],[4.961,52.348]]]},"properties":{"id":286068,"statcode":"WK038402","statnaam":"Wijk 02 Diemen-Noord","jrstatcode":"1998WK038402","rubriek":"wijk","FID":"wijk_gegeneraliseerd_1998.056bdb57-78f8-4aee-b9d2-207e47bf2dfd"},"id":"WK038402"},
{"type":"Feature","geometry":{"type":"Polygon","coordinates":[[[5.058,52.491],[5.043,52.5],[5.068,52.511],[5.084,52.506],[5.066,52.526],[5.046,52.52],[5.03,52.519],[5.042,52.506],[5.031,52.488],[5.058,52.491]]]},"properties":{"id":286069,"statcode":"WK038500","statnaam":"Wijk 00 Edam","jrstatcode":"1998WK038500","rubriek":"wijk","FID":"wijk_gegeneraliseerd_1998.0772999c-2795-45cd-84e2-83f714355ce2"},"id":"WK038500"},
{"type":"Feature","geometry":{"type":"Polygon","coordinates":[[[5.025,52.522],[4.998,52.495],[5.025,52.485],[5.031,52.488],[5.042,52.506],[5.03,52.519],[5.025,52.522]]]},"properties":{"id":286070,"statcode":"WK038501","statnaam":"Wijk 01 Purmer","jrstatcode":"1998WK038501","rubriek":"wijk","FID":"wijk_gegeneraliseerd_1998.01449076-297b-474e-8ad4-0e25830ee6a8"},"id":"WK038501"},
{"type":"Feature","geometry":{"type":"Polygon","coordinates":[[[5.059,52.486],[5.078,52.494],[5.084,52.506],[5.068,52.511],[5.043,52.5],[5.058,52.491],[5.059,52.486]]]},"properties":{"id":286071,"statcode":"WK038502","statnaam":"Wijk 02 Volendam","jrstatcode":"1998WK038502","rubriek":"wijk","FID":"wijk_gegeneraliseerd_1998.aa608e20-ee6b-40f2-a1de-ff08d75d9b72"},"id":"WK038502"},
{"type":"Feature","geometry":{"type":"Polygon","coordinates":[[[5.281,52.743],[5.282,52.71],[5.276,52.69],[5.307,52.707],[5.288,52.715],[5.281,52.743]]]},"properties":{"id":286072,"statcode":"WK038800","statnaam":"Wijk 00","jrstatcode":"1998WK038800","rubriek":"wijk","FID":"wijk_gegeneraliseerd_1998.cc8a3849-1240-4733-ab2e-502bfc86c988"},"id":"WK038800"},
{"type":"Feature","geometry":{"type":"Polygon","coordinates":[[[5.276,52.69],[5.282,52.71],[5.281,52.743],[5.272,52.746],[5.254,52.747],[5.258,52.716],[5.26,52.687],[5.276,52.69]]]},"properties":{"id":286073,"statcode":"WK038801","statnaam":"Wijk 01","jrstatcode":"1998WK038801","rubriek":"wijk","FID":"wijk_gegeneraliseerd_1998.0d98ae5d-9d4b-4476-afdd-befb972490ad"},"id":"WK038801"},
{"type":"Feature","geometry":{"type":"Polygon","coordinates":[[[5.133,52.26],[5.127,52.26],[5.121,52.249],[5.123,52.221],[5.141,52.225],[5.141,52.237],[5.142,52.239],[5.136,52.26],[5.133,52.26]]]},"properties":{"id":286074,"statcode":"WK039000","statnaam":"Wijk 00 's-Graveland","jrstatcode":"1998WK039000","rubriek":"wijk","FID":"wijk_gegeneraliseerd_1998.0e1e1146-9044-46ff-ac39-78926d3a4564"},"id":"WK039000"},
{"type":"Feature","geometry":{"type":"Polygon","coordinates":[[[5.121,52.249],[5.094,52.255],[5.085,52.238],[5.057,52.237],[5.043,52.229],[5.074,52.215],[5.123,52.219],[5.123,52.221],[5.121,52.249]]]},"properties":{"id":286075,"statcode":"WK039001","statnaam":"Wijk 01 Kortenhoef","jrstatcode":"1998WK039001","rubriek":"wijk","FID":"wijk_gegeneraliseerd_1998.e8fdd955-349e-4a0e-af04-a7d357800f3f"},"id":"WK039001"},
{"type":"Feature","geometry":{"type":"Polygon","coordinates":[[[5.121,52.249],[5.127,52.26],[5.119,52.273],[5.102,52.28],[5.065,52.278],[5.071,52.262],[5.094,52.255],[5.121,52.249]]]},"properties":{"id":286076,"statcode":"WK039002","statnaam":"Wijk 02 Ankeveen","jrstatcode":"1998WK039002","rubriek":"wijk","FID":"wijk_gegeneraliseerd_1998.2f500aa7-0199-4630-ac89-d29fa8698d3c"},"id":"WK039002"},
{"type":"Feature","geometry":{"type":"Polygon","coordinates":[[[4.634,52.39],[4.631,52.388],[4.624,52.378],[4.642,52.377],[4.647,52.386],[4.634,52.39]]]},"properties":{"id":286077,"statcode":"WK039201","statnaam":"Wijk 01 Oude stad","jrstatcode":"1998WK039201","rubriek":"wijk","FID":"wijk_gegeneraliseerd_1998.28ca026c-986a-4a15-9136-eab1f8461d88"},"id":"WK039201"},
{"type":"Feature","geometry":{"type":"Polygon","coordinates":[[[4.61,52.363],[4.624,52.378],[4.631,52.388],[4.63,52.388],[4.614,52.381],[4.607,52.367],[4.606,52.363],[4.609,52.363],[4.61,52.363]]]},"properties":{"id":286078,"statcode":"WK039202","statnaam":"Wijk 02 Spoorbaan Leiden","jrstatcode":"1998WK039202","rubriek":"wijk","FID":"wijk_gegeneraliseerd_1998.ef960ad8-e690-42ee-8948-c80f6cacc352"},"id":"WK039202"},
{"type":"Feature","geometry":{"type":"Polygon","coordinates":[[[4.64,52.371],[4.671,52.37],[4.678,52.377],[4.687,52.387],[4.672,52.41],[4.661,52.404],[4.647,52.386],[4.642,52.377],[4.64,52.371]]]},"properties":{"id":286079,"statcode":"WK039203","statnaam":"Wijk 03 Haarlem-oost","jrstatcode":"1998WK039203","rubriek":"wijk","FID":"wijk_gegeneraliseerd_1998.489870e5-0aa2-4f83-aaa0-ddfc814cc5a2"},"id":"WK039203"},
{"type":"Feature","geometry":{"type":"Polygon","coordinates":[[[4.64,52.371],[4.642,52.377],[4.624,52.378],[4.61,52.363],[4.637,52.361],[4.64,52.371]]]},"properties":{"id":286080,"statcode":"WK039204","statnaam":"Wijk 04 Haarlemmerhoutkwartier","jrstatcode":"1998WK039204","rubriek":"wijk","FID":"wijk_gegeneraliseerd_1998.3686a2ef-9bc7-4a61-9aaf-fe17ae8662b0"},"id":"WK039204"},
{"type":"Feature","geometry":{"type":"Polygon","coordinates":[[[4.647,52.386],[4.661,52.404],[4.651,52.41],[4.634,52.39],[4.647,52.386]]]},"properties":{"id":286081,"statcode":"WK039205","statnaam":"Wijk 05 Westoever N. Buitenspaarne","jrstatcode":"1998WK039205","rubriek":"wijk","FID":"wijk_gegeneraliseerd_1998.fd8a7fff-dc17-4e12-a944-dcb5372a8ba8"},"id":"WK039205"},
{"type":"Feature","geometry":{"type":"Polygon","coordinates":[[[4.632,52.412],[4.624,52.398],[4.624,52.392],[4.63,52.388],[4.631,52.388],[4.634,52.39],[4.651,52.41],[4.639,52.414],[4.632,52.412]]]},"properties":{"id":286082,"statcode":"WK039206","statnaam":"Wijk 06 Ter Kleef en Te Zaanen","jrstatcode":"1998WK039206","rubriek":"wijk","FID":"wijk_gegeneraliseerd_1998.241ee490-60db-4d03-9a5a-382e2c20f36f"},"id":"WK039206"},
{"type":"Feature","geometry":{"type":"Polygon","coordinates":[[[4.649,52.427],[4.644,52.42],[4.639,52.414],[4.651,52.41],[4.661,52.404],[4.672,52.41],[4.682,52.413],[4.682,52.419],[4.649,52.427]]]},"properties":{"id":286083,"statcode":"WK039207","statnaam":"Wijk 07 Oud Schoten en Spaarndam","jrstatcode":"1998WK039207","rubriek":"wijk","FID":"wijk_gegeneraliseerd_1998.5a5354ec-3cad-4cf4-8424-3022b5f95d5b"},"id":"WK039207"},
{"type":"Feature","geometry":{"type":"Polygon","coordinates":[[[4.607,52.367],[4.614,52.381],[4.63,52.388],[4.624,52.392],[4.602,52.385],[4.601,52.376],[4.607,52.367]]]},"properties":{"id":286084,"statcode":"WK039208","statnaam":"Wijk 08 Duinwijk","jrstatcode":"1998WK039208","rubriek":"wijk","FID":"wijk_gegeneraliseerd_1998.e5fa2f51-7fa0-4292-9d9c-481757f65ac6"},"id":"WK039208"},
{"type":"Feature","geometry":{"type":"Polygon","coordinates":[[[4.653,52.342],[4.677,52.356],[4.671,52.37],[4.64,52.371],[4.637,52.361],[4.64,52.339],[4.653,52.342]]]},"properties":{"id":286085,"statcode":"WK039209","statnaam":"Wijk 09 Schalkwijk","jrstatcode":"1998WK039209","rubriek":"wijk","FID":"wijk_gegeneraliseerd_1998.9a383b71-056d-4255-91a1-4febd29ed2a7"},"id":"WK039209"},
{"type":"Feature","geometry":{"type":"Polygon","coordinates":[[[4.723,52.433],[4.682,52.413],[4.672,52.41],[4.687,52.387],[4.678,52.377],[4.708,52.383],[4.732,52.386],[4.757,52.378],[4.759,52.381],[4.758,52.388],[4.758,52.397],[4.729,52.401],[4.739,52.431],[4.723,52.433]]]},"properties":{"id":286086,"statcode":"WK039300","statnaam":"Wijk 00","jrstatcode":"1998WK039300","rubriek":"wijk","FID":"wijk_gegeneraliseerd_1998.5cfd770d-e983-4695-868a-6328f5a16115"},"id":"WK039300"},
{"type":"Feature","geometry":{"type":"Polygon","coordinates":[[[4.716,52.281],[4.738,52.296],[4.734,52.298],[4.741,52.339],[4.729,52.345],[4.711,52.333],[4.688,52.344],[4.671,52.332],[4.659,52.324],[4.63,52.303],[4.697,52.267],[4.716,52.281]]]},"properties":{"id":286087,"statcode":"WK039401","statnaam":"Wijk 01 Hoofddorp en omgeving","jrstatcode":"1998WK039401","rubriek":"wijk","FID":"wijk_gegeneraliseerd_1998.88020b8b-38db-4432-a170-9a301e6177df"},"id":"WK039401"},
{"type":"Feature","geometry":{"type":"Polygon","coordinates":[[[4.618,52.295],[4.59,52.275],[4.578,52.266],[4.593,52.25],[4.638,52.227],[4.677,52.254],[4.697,52.267],[4.63,52.303],[4.618,52.295]]]},"properties":{"id":286088,"statcode":"WK039402","statnaam":"Wijk 02 Nieuw-Vennep en omgeving","jrstatcode":"1998WK039402","rubriek":"wijk","FID":"wijk_gegeneraliseerd_1998.39ffbfbe-c371-4e32-8d30-9c0234d4223f"},"id":"WK039402"},
{"type":"Feature","geometry":{"type":"Polygon","coordinates":[[[4.721,52.367],[4.744,52.355],[4.757,52.364],[4.757,52.378],[4.732,52.386],[4.708,52.383],[4.721,52.367]]]},"properties":{"id":286089,"statcode":"WK039403","statnaam":"Wijk 03 Zwanenburg en omgeving","jrstatcode":"1998WK039403","rubriek":"wijk","FID":"wijk_gegeneraliseerd_1998.19d9e475-22bd-4b54-8b85-779bd667e387"},"id":"WK039403"},
{"type":"Feature","geometry":{"type":"Polygon","coordinates":[[[4.721,52.367],[4.738,52.351],[4.729,52.345],[4.741,52.339],[4.773,52.349],[4.757,52.364],[4.744,52.355],[4.721,52.367]]]},"properties":{"id":286090,"statcode":"WK039404","statnaam":"Wijk 04 Lijnden en omgeving","jrstatcode":"1998WK039404","rubriek":"wijk","FID":"wijk_gegeneraliseerd_1998.af2b1430-6f5b-416d-bc06-3e2c65450d48"},"id":"WK039404"},
{"type":"Feature","geometry":{"type":"Polygon","coordinates":[[[4.817,52.327],[4.791,52.342],[4.773,52.349],[4.741,52.339],[4.734,52.298],[4.738,52.296],[4.796,52.299],[4.816,52.311],[4.819,52.325],[4.817,52.327]]]},"properties":{"id":286091,"statcode":"WK039405","statnaam":"Wijk 05 Badhoevedorp en omgeving","jrstatcode":"1998WK039405","rubriek":"wijk","FID":"wijk_gegeneraliseerd_1998.a70451ff-8b69-4604-b125-553ea58aba53"},"id":"WK039405"},
{"type":"Feature","geometry":{"type":"Polygon","coordinates":[[[4.757,52.274],[4.783,52.285],[4.796,52.299],[4.738,52.296],[4.716,52.281],[4.737,52.267],[4.757,52.274]]]},"properties":{"id":286092,"statcode":"WK039406","statnaam":"Wijk 06 Rijk en omgeving","jrstatcode":"1998WK039406","rubriek":"wijk","FID":"wijk_gegeneraliseerd_1998.1931466c-56a8-4039-9c17-1e1fe3186c2c"},"id":"WK039406"},
{"type":"Feature","geometry":{"type":"Polygon","coordinates":[[[4.737,52.267],[4.716,52.281],[4.697,52.267],[4.677,52.254],[4.695,52.243],[4.701,52.244],[4.737,52.267]]]},"properties":{"id":286093,"statcode":"WK039407","statnaam":"Wijk 07 Rijsenhout en omgeving","jrstatcode":"1998WK039407","rubriek":"wijk","FID":"wijk_gegeneraliseerd_1998.39563df3-4a4a-4535-8a33-88fe102d8ca6"},"id":"WK039407"},
{"type":"Feature","geometry":{"type":"Polygon","coordinates":[[[4.644,52.221],[4.67,52.231],[4.695,52.243],[4.677,52.254],[4.638,52.227],[4.627,52.215],[4.644,52.221]]]},"properties":{"id":286094,"statcode":"WK039408","statnaam":"Wijk 08 Burgerveen/Weteringbrug","jrstatcode":"1998WK039408","rubriek":"wijk","FID":"wijk_gegeneraliseerd_1998.5d8b5dbf-29a3-4b4c-a10c-f2de8374ef9b"},"id":"WK039408"},
{"type":"Feature","geometry":{"type":"Polygon","coordinates":[[[4.593,52.25],[4.562,52.229],[4.556,52.232],[4.554,52.222],[4.558,52.219],[4.622,52.215],[4.627,52.215],[4.638,52.227],[4.593,52.25]]]},"properties":{"id":286095,"statcode":"WK039409","statnaam":"Wijk 09 Abbenes en omgeving","jrstatcode":"1998WK039409","rubriek":"wijk","FID":"wijk_gegeneraliseerd_1998.24376e90-3334-401e-8536-b5de95ca7252"},"id":"WK039409"},
{"type":"Feature","geometry":{"type":"Polygon","coordinates":[[[4.584,52.278],[4.573,52.271],[4.563,52.234],[4.556,52.232],[4.562,52.229],[4.593,52.25],[4.578,52.266],[4.59,52.275],[4.584,52.278]]]},"properties":{"id":286096,"statcode":"WK039410","statnaam":"Wijk 10 Lisserbroek","jrstatcode":"1998WK039410","rubriek":"wijk","FID":"wijk_gegeneraliseerd_1998.3ad9a6a5-561c-4ef1-9b10-eda99fe0f44c"},"id":"WK039410"},
{"type":"Feature","geometry":{"type":"Polygon","coordinates":[[[4.603,52.304],[4.584,52.278],[4.59,52.275],[4.618,52.295],[4.603,52.304]]]},"properties":{"id":286097,"statcode":"WK039411","statnaam":"Wijk 11 Beinsdorp","jrstatcode":"1998WK039411","rubriek":"wijk","FID":"wijk_gegeneraliseerd_1998.c564dff0-2904-4676-9bd1-2950a20f1402"},"id":"WK039411"},
{"type":"Feature","geometry":{"type":"Polygon","coordinates":[[[4.617,52.331],[4.611,52.322],[4.612,52.314],[4.603,52.304],[4.618,52.295],[4.63,52.303],[4.659,52.324],[4.645,52.331],[4.62,52.334],[4.617,52.331]]]},"properties":{"id":286098,"statcode":"WK039412","statnaam":"Wijk 12 Zwaanshoek","jrstatcode":"1998WK039412","rubriek":"wijk","FID":"wijk_gegeneraliseerd_1998.8214880d-6d63-4d37-931e-e0b44c437bb2"},"id":"WK039412"},
{"type":"Feature","geometry":{"type":"Polygon","coordinates":[[[4.653,52.342],[4.64,52.339],[4.62,52.334],[4.645,52.331],[4.659,52.324],[4.671,52.332],[4.653,52.342]],[[4.649,52.339],[4.656,52.335],[4.649,52.331],[4.64,52.335],[4.649,52.339]]]},"properties":{"id":286099,"statcode":"WK039413","statnaam":"Wijk 13 Cruquius","jrstatcode":"1998WK039413","rubriek":"wijk","FID":"wijk_gegeneraliseerd_1998.117aa191-04ec-4d56-98b4-131f05512b36"},"id":"WK039413"},
{"type":"Feature","geometry":{"type":"Polygon","coordinates":[[[4.649,52.339],[4.64,52.335],[4.649,52.331],[4.656,52.335],[4.649,52.339]]]},"properties":{"id":286100,"statcode":"WK039414","statnaam":"Wijk 14 Cruquiushoeve","jrstatcode":"1998WK039414","rubriek":"wijk","FID":"wijk_gegeneraliseerd_1998.b8a1ffe3-3a88-4932-9106-5845cd9eea4d"},"id":"WK039414"},
{"type":"Feature","geometry":{"type":"Polygon","coordinates":[[[4.671,52.37],[4.677,52.356],[4.653,52.342],[4.671,52.332],[4.688,52.344],[4.711,52.333],[4.729,52.345],[4.738,52.351],[4.721,52.367],[4.708,52.383],[4.678,52.377],[4.671,52.37]]]},"properties":{"id":286101,"statcode":"WK039415","statnaam":"Wijk 15 Vijfhuizen en omgeving","jrstatcode":"1998WK039415","rubriek":"wijk","FID":"wijk_gegeneraliseerd_1998.d14218dc-872f-480b-928b-c9d718054594"},"id":"WK039415"},
{"type":"Feature","geometry":{"type":"Polygon","coordinates":[[[4.794,52.762],[4.776,52.756],[4.761,52.742],[4.734,52.736],[4.777,52.727],[4.805,52.714],[4.826,52.717],[4.848,52.72],[4.849,52.725],[4.817,52.759],[4.812,52.763],[4.794,52.762]]]},"properties":{"id":286102,"statcode":"WK039501","statnaam":"Wijk 01 Harenkarspel","jrstatcode":"1998WK039501","rubriek":"wijk","FID":"wijk_gegeneraliseerd_1998.99bfcf26-f1bb-416b-9358-cbafcea09626"},"id":"WK039501"},
{"type":"Feature","geometry":{"type":"Polygon","coordinates":[[[4.734,52.736],[4.761,52.742],[4.776,52.756],[4.794,52.762],[4.778,52.774],[4.741,52.775],[4.724,52.75],[4.706,52.734],[4.734,52.736]]]},"properties":{"id":286103,"statcode":"WK039502","statnaam":"Wijk 02 Sint Maarten","jrstatcode":"1998WK039502","rubriek":"wijk","FID":"wijk_gegeneraliseerd_1998.a57ce965-9d9d-461b-9610-c0247ccd3650"},"id":"WK039502"},
{"type":"Feature","geometry":{"type":"Polygon","coordinates":[[[4.69,52.733],[4.715,52.71],[4.725,52.694],[4.729,52.691],[4.767,52.698],[4.777,52.727],[4.734,52.736],[4.706,52.734],[4.69,52.733]]]},"properties":{"id":286104,"statcode":"WK039503","statnaam":"Wijk 03 Warmenhuizen","jrstatcode":"1998WK039503","rubriek":"wijk","FID":"wijk_gegeneraliseerd_1998.aa312014-1adb-4959-b562-d74a73fb8355"},"id":"WK039503"},
{"type":"Feature","geometry":{"type":"Polygon","coordinates":[[[4.67,52.508],[4.676,52.509],[4.669,52.513],[4.67,52.508]]]},"properties":{"id":286105,"statcode":"WK039601","statnaam":"Wijk 01 Heemskerk-dorp","jrstatcode":"1998WK039601","rubriek":"wijk","FID":"wijk_gegeneraliseerd_1998.a8f67899-3e05-4e90-abd6-05f561ff187f"},"id":"WK039601"},
{"type":"Feature","geometry":{"type":"Polygon","coordinates":[[[4.664,52.525],[4.652,52.517],[4.656,52.502],[4.665,52.505],[4.665,52.515],[4.675,52.521],[4.664,52.525]]]},"properties":{"id":286106,"statcode":"WK039602","statnaam":"Wijk 02 De Waterakkers en Commandeurs","jrstatcode":"1998WK039602","rubriek":"wijk","FID":"wijk_gegeneraliseerd_1998.47ab38ff-f2b2-4fd3-a0e8-1643c9726f39"},"id":"WK039602"},
{"type":"Feature","geometry":{"type":"Polygon","coordinates":[[[4.693,52.511],[4.689,52.509],[4.678,52.502],[4.673,52.497],[4.684,52.493],[4.708,52.487],[4.72,52.495],[4.693,52.511]]]},"properties":{"id":286107,"statcode":"WK039603","statnaam":"Wijk 03 Hofland en Oosterwijk/Zuidbroek","jrstatcode":"1998WK039603","rubriek":"wijk","FID":"wijk_gegeneraliseerd_1998.953cd352-ca4c-42de-9501-fb97ecbbd0d4"},"id":"WK039603"},
{"type":"Feature","geometry":{"type":"Polygon","coordinates":[[[4.656,52.502],[4.652,52.517],[4.664,52.525],[4.67,52.531],[4.653,52.531],[4.599,52.532],[4.587,52.499],[4.605,52.494],[4.631,52.499],[4.649,52.499],[4.656,52.502]]]},"properties":{"id":286108,"statcode":"WK039604","statnaam":"Wijk 04 Heemskerkerduin/Noorddorp","jrstatcode":"1998WK039604","rubriek":"wijk","FID":"wijk_gegeneraliseerd_1998.dfa17292-d815-4829-bc82-522e0147ceb9"},"id":"WK039604"},
{"type":"Feature","geometry":{"type":"Polygon","coordinates":[[[4.686,52.512],[4.675,52.521],[4.665,52.515],[4.669,52.513],[4.676,52.509],[4.686,52.512]]]},"properties":{"id":286109,"statcode":"WK039605","statnaam":"Wijk 05 Poelenburg/Oosterzij","jrstatcode":"1998WK039605","rubriek":"wijk","FID":"wijk_gegeneraliseerd_1998.411b5211-7518-485b-99b8-6227627cbcde"},"id":"WK039605"},
{"type":"Feature","geometry":{"type":"Polygon","coordinates":[[[4.696,52.527],[4.67,52.531],[4.664,52.525],[4.675,52.521],[4.686,52.512],[4.689,52.509],[4.693,52.511],[4.696,52.527]]]},"properties":{"id":286110,"statcode":"WK039606","statnaam":"Wijk 06 Noordbroek","jrstatcode":"1998WK039606","rubriek":"wijk","FID":"wijk_gegeneraliseerd_1998.17ece898-ded8-47f9-913e-41917eaf4aa5"},"id":"WK039606"},
{"type":"Feature","geometry":{"type":"Polygon","coordinates":[[[4.67,52.508],[4.669,52.513],[4.665,52.515],[4.665,52.505],[4.666,52.505],[4.67,52.508]]]},"properties":{"id":286111,"statcode":"WK039607","statnaam":"Wijk 07 Kerkbeek","jrstatcode":"1998WK039607","rubriek":"wijk","FID":"wijk_gegeneraliseerd_1998.462d09a6-d7d0-47b5-ae5d-ca93d76173f3"},"id":"WK039607"},
{"type":"Feature","geometry":{"type":"Polygon","coordinates":[[[4.689,52.509],[4.686,52.512],[4.676,52.509],[4.67,52.508],[4.666,52.505],[4.678,52.502],[4.689,52.509]]]},"properties":{"id":286112,"statcode":"WK039608","statnaam":"Wijk 08 Assumburg","jrstatcode":"1998WK039608","rubriek":"wijk","FID":"wijk_gegeneraliseerd_1998.589b97cf-365e-4cf6-a559-0d6813ca4642"},"id":"WK039608"},
{"type":"Feature","geometry":{"type":"Polygon","coordinates":[[[4.666,52.505],[4.665,52.505],[4.656,52.502],[4.649,52.499],[4.658,52.498],[4.673,52.497],[4.678,52.502],[4.666,52.505]]]},"properties":{"id":286113,"statcode":"WK039609","statnaam":"Wijk 09 Meerestein/Westertuinen","jrstatcode":"1998WK039609","rubriek":"wijk","FID":"wijk_gegeneraliseerd_1998.17cf7a69-90dc-4811-9f10-f2c7334eb7b2"},"id":"WK039609"},
{"type":"Feature","geometry":{"type":"Polygon","coordinates":[[[4.64,52.339],[4.637,52.361],[4.61,52.363],[4.609,52.363],[4.595,52.338],[4.617,52.331],[4.62,52.334],[4.64,52.339]]]},"properties":{"id":286114,"statcode":"WK039700","statnaam":"Wijk 00 Heemstede-centrum","jrstatcode":"1998WK039700","rubriek":"wijk","FID":"wijk_gegeneraliseerd_1998.74f74709-ea3c-4b0c-abb8-6c40dfe6a42e"},"id":"WK039700"},
{"type":"Feature","geometry":{"type":"Polygon","coordinates":[[[4.611,52.322],[4.617,52.331],[4.595,52.338],[4.594,52.338],[4.59,52.328],[4.611,52.322]]]},"properties":{"id":286115,"statcode":"WK039701","statnaam":"Wijk 01 Heemstede-zuid","jrstatcode":"1998WK039701","rubriek":"wijk","FID":"wijk_gegeneraliseerd_1998.26bc8eb8-1729-4d26-8081-a633ac91cc19"},"id":"WK039701"},
{"type":"Feature","geometry":{"type":"Polygon","coordinates":[[[4.609,52.363],[4.606,52.363],[4.597,52.346],[4.594,52.338],[4.595,52.338],[4.609,52.363]]]},"properties":{"id":286116,"statcode":"WK039702","statnaam":"Wijk 02 Heemstede west v.d. spoorbaan","jrstatcode":"1998WK039702","rubriek":"wijk","FID":"wijk_gegeneraliseerd_1998.bb7922de-4051-4d18-a9e5-2bfea0f46129"},"id":"WK039702"},
{"type":"Feature","geometry":{"type":"Polygon","coordinates":[[[4.877,52.679],[4.827,52.68],[4.809,52.673],[4.801,52.66],[4.792,52.639],[4.8,52.636],[4.855,52.666],[4.867,52.662],[4.871,52.668],[4.877,52.679]]]},"properties":{"id":286117,"statcode":"WK039800","statnaam":"Wijk 00 Heerhugowaard-zuid","jrstatcode":"1998WK039800","rubriek":"wijk","FID":"wijk_gegeneraliseerd_1998.8a9f69bc-839f-4e01-9a2e-957ed5378c50"},"id":"WK039800"},
{"type":"Feature","geometry":{"type":"Polygon","coordinates":[[[4.899,52.707],[4.878,52.712],[4.858,52.723],[4.848,52.72],[4.826,52.717],[4.819,52.709],[4.827,52.68],[4.877,52.679],[4.876,52.686],[4.9,52.698],[4.9,52.699],[4.899,52.707]]]},"properties":{"id":286118,"statcode":"WK039801","statnaam":"Wijk 01 Heerhugowaard-noord","jrstatcode":"1998WK039801","rubriek":"wijk","FID":"wijk_gegeneraliseerd_1998.30b99509-2e29-4d54-a0a0-ffe53679ba42"},"id":"WK039801"},
{"type":"Feature","geometry":{"type":"Polygon","coordinates":[[[4.867,52.662],[4.855,52.666],[4.8,52.636],[4.83,52.633],[4.839,52.646],[4.864,52.635],[4.873,52.634],[4.877,52.641],[4.865,52.649],[4.867,52.662]]]},"properties":{"id":286119,"statcode":"WK039802","statnaam":"Wijk 02 't Kruis","jrstatcode":"1998WK039802","rubriek":"wijk","FID":"wijk_gegeneraliseerd_1998.fc3b2949-4653-4159-a156-1d16442a2c41"},"id":"WK039802"},
{"type":"Feature","geometry":{"type":"Polygon","coordinates":[[[4.724,52.594],[4.734,52.607],[4.739,52.615],[4.722,52.622],[4.715,52.625],[4.69,52.624],[4.68,52.608],[4.724,52.594]]]},"properties":{"id":286120,"statcode":"WK039900","statnaam":"Wijk 00 Heiloo-centrum en Heiloo-noord","jrstatcode":"1998WK039900","rubriek":"wijk","FID":"wijk_gegeneraliseerd_1998.0dcf812d-ee82-40d0-b12e-862051cc9188"},"id":"WK039900"},
{"type":"Feature","geometry":{"type":"Polygon","coordinates":[[[4.724,52.594],[4.68,52.608],[4.674,52.601],[4.673,52.591],[4.679,52.584],[4.718,52.58],[4.719,52.58],[4.724,52.594]]]},"properties":{"id":286121,"statcode":"WK039901","statnaam":"Wijk 01 Heiloo-zuid","jrstatcode":"1998WK039901","rubriek":"wijk","FID":"wijk_gegeneraliseerd_1998.3fdcd676-1012-4f60-8fd6-910eca657cad"},"id":"WK039901"},
{"type":"Feature","geometry":{"type":"Polygon","coordinates":[[[4.734,52.607],[4.724,52.594],[4.719,52.58],[4.74,52.579],[4.752,52.592],[4.737,52.594],[4.734,52.607]]]},"properties":{"id":286122,"statcode":"WK039902","statnaam":"Wijk 02 Verspr. h. oost v. Rijksweg 9","jrstatcode":"1998WK039902","rubriek":"wijk","FID":"wijk_gegeneraliseerd_1998.c4e87040-dcb1-4fae-bb5f-d4d86a49f384"},"id":"WK039902"},
{"type":"Feature","geometry":{"type":"Polygon","coordinates":[[[4.759,52.965],[4.763,52.947],[4.787,52.946],[4.787,52.934],[4.791,52.936],[4.801,52.953],[4.779,52.955],[4.759,52.965]]]},"properties":{"id":286123,"statcode":"WK040001","statnaam":"Wijk 01 Stad binnen de Linie-oost","jrstatcode":"1998WK040001","rubriek":"wijk","FID":"wijk_gegeneraliseerd_1998.bf40c75a-9ac0-4cfd-88de-6052a9778c2e"},"id":"WK040001"},
{"type":"Feature","geometry":{"type":"Polygon","coordinates":[[[4.763,52.947],[4.759,52.965],[4.73,52.962],[4.749,52.953],[4.762,52.944],[4.763,52.947]]]},"properties":{"id":286124,"statcode":"WK040002","statnaam":"Wijk 02 Stad binnen de Linie-west","jrstatcode":"1998WK040002","rubriek":"wijk","FID":"wijk_gegeneraliseerd_1998.f6b5d3bf-04d7-47ce-976b-8ee3e25faf1d"},"id":"WK040002"},
{"type":"Feature","geometry":{"type":"Polygon","coordinates":[[[4.749,52.953],[4.73,52.962],[4.72,52.953],[4.714,52.932],[4.734,52.937],[4.749,52.953]]]},"properties":{"id":286125,"statcode":"WK040003","statnaam":"Wijk 03 Nieuw Den Helder-west","jrstatcode":"1998WK040003","rubriek":"wijk","FID":"wijk_gegeneraliseerd_1998.895bbb51-0533-477a-9a53-28834421dd86"},"id":"WK040003"},
{"type":"Feature","geometry":{"type":"Polygon","coordinates":[[[4.762,52.944],[4.749,52.953],[4.734,52.937],[4.738,52.929],[4.767,52.927],[4.762,52.944]]]},"properties":{"id":286126,"statcode":"WK040004","statnaam":"Wijk 04 Nieuw Den Helder-oost","jrstatcode":"1998WK040004","rubriek":"wijk","FID":"wijk_gegeneraliseerd_1998.f5d58a72-cbf2-440a-b770-a4564058e09e"},"id":"WK040004"},
{"type":"Feature","geometry":{"type":"Polygon","coordinates":[[[4.787,52.934],[4.787,52.946],[4.763,52.947],[4.762,52.944],[4.767,52.927],[4.787,52.934]]]},"properties":{"id":286127,"statcode":"WK040005","statnaam":"Wijk 05 De Schooten","jrstatcode":"1998WK040005","rubriek":"wijk","FID":"wijk_gegeneraliseerd_1998.62516e6a-f24c-4a02-989e-13331b7fb5a5"},"id":"WK040005"},
{"type":"Feature","geometry":{"type":"Polygon","coordinates":[[[4.771,52.879],[4.795,52.912],[4.807,52.913],[4.791,52.936],[4.787,52.934],[4.767,52.927],[4.738,52.929],[4.737,52.913],[4.758,52.912],[4.753,52.886],[4.769,52.879],[4.771,52.879]]]},"properties":{"id":286128,"statcode":"WK040006","statnaam":"Wijk 06 Het Koegras","jrstatcode":"1998WK040006","rubriek":"wijk","FID":"wijk_gegeneraliseerd_1998.f1cfb7c8-580c-460c-9e44-e442226f0cf0"},"id":"WK040006"},
{"type":"Feature","geometry":{"type":"Polygon","coordinates":[[[4.738,52.929],[4.734,52.937],[4.714,52.932],[4.709,52.884],[4.727,52.882],[4.737,52.913],[4.738,52.929]]]},"properties":{"id":286129,"statcode":"WK040007","statnaam":"Wijk 07 Duinzoom","jrstatcode":"1998WK040007","rubriek":"wijk","FID":"wijk_gegeneraliseerd_1998.fc817a63-9eff-42a5-bed8-9cf7c7902e6e"},"id":"WK040007"},
{"type":"Feature","geometry":{"type":"Polygon","coordinates":[[[4.769,52.879],[4.753,52.886],[4.758,52.912],[4.737,52.913],[4.727,52.882],[4.769,52.879]]]},"properties":{"id":286130,"statcode":"WK040008","statnaam":"Wijk 08 Julianadorp","jrstatcode":"1998WK040008","rubriek":"wijk","FID":"wijk_gegeneraliseerd_1998.10cbb39f-e314-42ac-89f8-3fafc5a0fd49"},"id":"WK040008"},
{"type":"Feature","geometry":{"type":"Polygon","coordinates":[[[5.187,52.22],[5.178,52.231],[5.177,52.233],[5.163,52.22],[5.174,52.218],[5.187,52.22]]]},"properties":{"id":286131,"statcode":"WK040200","statnaam":"Wijk 00 Centrum","jrstatcode":"1998WK040200","rubriek":"wijk","FID":"wijk_gegeneraliseerd_1998.6e0a9710-384a-476f-9da4-b3e74e33ae13"},"id":"WK040200"},
{"type":"Feature","geometry":{"type":"Polygon","coordinates":[[[5.171,52.246],[5.142,52.239],[5.141,52.237],[5.141,52.225],[5.163,52.22],[5.177,52.233],[5.171,52.246]]]},"properties":{"id":286132,"statcode":"WK040201","statnaam":"Wijk 01 Noordwestelijke villawijk","jrstatcode":"1998WK040201","rubriek":"wijk","FID":"wijk_gegeneraliseerd_1998.55b9e526-fad7-4a41-a7e6-df108627cda1"},"id":"WK040201"},
{"type":"Feature","geometry":{"type":"Polygon","coordinates":[[[5.157,52.208],[5.174,52.218],[5.163,52.22],[5.141,52.225],[5.123,52.221],[5.123,52.219],[5.14,52.207],[5.157,52.208]]]},"properties":{"id":286133,"statcode":"WK040202","statnaam":"Wijk 02 Zuidelijke stadswijk","jrstatcode":"1998WK040202","rubriek":"wijk","FID":"wijk_gegeneraliseerd_1998.50513858-f903-41f6-922c-ada98a00249f"},"id":"WK040202"},
{"type":"Feature","geometry":{"type":"Polygon","coordinates":[[[5.157,52.208],[5.185,52.2],[5.198,52.214],[5.19,52.219],[5.187,52.22],[5.174,52.218],[5.157,52.208]]]},"properties":{"id":286134,"statcode":"WK040203","statnaam":"Wijk 03 Zuidoostelijke villawijk","jrstatcode":"1998WK040203","rubriek":"wijk","FID":"wijk_gegeneraliseerd_1998.53dc5cdc-e332-46f2-bf22-505894eba5d4"},"id":"WK040203"},
{"type":"Feature","geometry":{"type":"Polygon","coordinates":[[[5.19,52.219],[5.178,52.231],[5.187,52.22],[5.19,52.219]]]},"properties":{"id":286135,"statcode":"WK040204","statnaam":"Wijk 04 Oude wijk over 't spoor","jrstatcode":"1998WK040204","rubriek":"wijk","FID":"wijk_gegeneraliseerd_1998.0f4e697b-6864-4c05-9ef9-d710fe3e8b92"},"id":"WK040204"},
{"type":"Feature","geometry":{"type":"Polygon","coordinates":[[[5.171,52.246],[5.177,52.233],[5.178,52.231],[5.19,52.219],[5.198,52.214],[5.2,52.239],[5.199,52.24],[5.171,52.246]]]},"properties":{"id":286136,"statcode":"WK040205","statnaam":"Wijk 05 Nieuwe wijk over 't spoor","jrstatcode":"1998WK040205","rubriek":"wijk","FID":"wijk_gegeneraliseerd_1998.f5a5a38a-0878-4181-821f-688ccfbcd974"},"id":"WK040205"},
{"type":"Feature","geometry":{"type":"MultiPolygon","coordinates":[[[[5.219,52.212],[5.2,52.239],[5.198,52.214],[5.185,52.2],[5.157,52.208],[5.14,52.207],[5.145,52.197],[5.124,52.181],[5.167,52.179],[5.192,52.178],[5.216,52.204],[5.219,52.212]]],[[[5.201,52.268],[5.166,52.258],[5.138,52.26],[5.136,52.26],[5.142,52.239],[5.171,52.246],[5.199,52.24],[5.189,52.248],[5.204,52.267],[5.201,52.268]]],[[[5.102,52.28],[5.119,52.273],[5.127,52.26],[5.133,52.26],[5.142,52.275],[5.144,52.28],[5.105,52.286],[5.102,52.28]]]]},"properties":{"id":286137,"statcode":"WK040206","statnaam":"Wijk 06 Landelijk gebied","jrstatcode":"1998WK040206","rubriek":"wijk","FID":"wijk_gegeneraliseerd_1998.4ae3fb04-b19c-4516-b47c-434cca2765c9"},"id":"WK040206"},
{"type":"Feature","geometry":{"type":"Polygon","coordinates":[[[5.138,52.26],[5.142,52.275],[5.133,52.26],[5.136,52.26],[5.138,52.26]]]},"properties":{"id":286138,"statcode":"WK040207","statnaam":"Wijk 07 Hilversumse Meent","jrstatcode":"1998WK040207","rubriek":"wijk","FID":"wijk_gegeneraliseerd_1998.b55eac3e-4fcf-4bf5-bd32-0cb09f05edbc"},"id":"WK040207"},
{"type":"Feature","geometry":{"type":"Polygon","coordinates":[[[5.051,52.646],[5.052,52.641],[5.075,52.641],[5.059,52.644],[5.051,52.646]]]},"properties":{"id":286139,"statcode":"WK040510","statnaam":"Wijk 10 Binnenstad","jrstatcode":"1998WK040510","rubriek":"wijk","FID":"wijk_gegeneraliseerd_1998.a55e2921-c69a-460f-bcbd-c4eb7bda3eaf"},"id":"WK040510"},
{"type":"Feature","geometry":{"type":"Polygon","coordinates":[[[5.078,52.649],[5.059,52.644],[5.075,52.641],[5.082,52.642],[5.084,52.645],[5.078,52.649]]]},"properties":{"id":286140,"statcode":"WK040511","statnaam":"Wijk 11 Venenlaan-kwartier","jrstatcode":"1998WK040511","rubriek":"wijk","FID":"wijk_gegeneraliseerd_1998.66007dd5-77fd-4cba-a423-f865c2a1c528"},"id":"WK040511"},
{"type":"Feature","geometry":{"type":"Polygon","coordinates":[[[5.039,52.647],[5.034,52.646],[5.051,52.646],[5.059,52.644],[5.078,52.649],[5.074,52.653],[5.065,52.653],[5.039,52.647]]]},"properties":{"id":286141,"statcode":"WK040512","statnaam":"Wijk 12 Hoorn-Noord","jrstatcode":"1998WK040512","rubriek":"wijk","FID":"wijk_gegeneraliseerd_1998.646f8a93-ea88-4202-8355-82f53b701823"},"id":"WK040512"},
{"type":"Feature","geometry":{"type":"Polygon","coordinates":[[[5.052,52.641],[5.051,52.646],[5.034,52.646],[5.014,52.63],[5.019,52.63],[5.052,52.641]]]},"properties":{"id":286142,"statcode":"WK040513","statnaam":"Wijk 13 Grote Waal","jrstatcode":"1998WK040513","rubriek":"wijk","FID":"wijk_gegeneraliseerd_1998.e59e660b-d43f-4388-8db1-cd4cf30afc8d"},"id":"WK040513"},
{"type":"Feature","geometry":{"type":"Polygon","coordinates":[[[5.039,52.647],[5.065,52.653],[5.064,52.659],[5.061,52.664],[5.039,52.656],[5.039,52.647]]]},"properties":{"id":286143,"statcode":"WK040520","statnaam":"Wijk 20 Risdam-Zuid","jrstatcode":"1998WK040520","rubriek":"wijk","FID":"wijk_gegeneraliseerd_1998.37251d0a-b4d3-4f25-b0fc-0faf04faadee"},"id":"WK040520"},
{"type":"Feature","geometry":{"type":"Polygon","coordinates":[[[5.039,52.656],[5.061,52.664],[5.052,52.672],[5.035,52.667],[5.039,52.656]]]},"properties":{"id":286144,"statcode":"WK040521","statnaam":"Wijk 21 Risdam-Noord","jrstatcode":"1998WK040521","rubriek":"wijk","FID":"wijk_gegeneraliseerd_1998.89049944-bb94-4941-86ad-066c8d84235c"},"id":"WK040521"},
{"type":"Feature","geometry":{"type":"Polygon","coordinates":[[[5.065,52.653],[5.074,52.653],[5.077,52.656],[5.071,52.66],[5.064,52.659],[5.065,52.653]]]},"properties":{"id":286145,"statcode":"WK040522","statnaam":"Wijk 22 Nieuwe Steen","jrstatcode":"1998WK040522","rubriek":"wijk","FID":"wijk_gegeneraliseerd_1998.ae8eb993-2777-4b0c-905a-e2120b386469"},"id":"WK040522"},
{"type":"Feature","geometry":{"type":"Polygon","coordinates":[[[5.089,52.681],[5.052,52.672],[5.061,52.664],[5.064,52.659],[5.071,52.66],[5.097,52.67],[5.099,52.671],[5.091,52.679],[5.089,52.681]]]},"properties":{"id":286146,"statcode":"WK040530","statnaam":"Wijk 30 Zwaag","jrstatcode":"1998WK040530","rubriek":"wijk","FID":"wijk_gegeneraliseerd_1998.29d0b56b-8c64-49e9-a60f-38176c328f97"},"id":"WK040530"},
{"type":"Feature","geometry":{"type":"Polygon","coordinates":[[[5.097,52.67],[5.071,52.66],[5.077,52.656],[5.098,52.661],[5.104,52.663],[5.097,52.67]]]},"properties":{"id":286147,"statcode":"WK040531","statnaam":"Wijk 31 Blokker","jrstatcode":"1998WK040531","rubriek":"wijk","FID":"wijk_gegeneraliseerd_1998.74275321-16f4-4834-b24d-112b12643097"},"id":"WK040531"},
{"type":"Feature","geometry":{"type":"Polygon","coordinates":[[[5.078,52.649],[5.098,52.661],[5.077,52.656],[5.074,52.653],[5.078,52.649]]]},"properties":{"id":286148,"statcode":"WK040532","statnaam":"Wijk 32 Kersenboogerd","jrstatcode":"1998WK040532","rubriek":"wijk","FID":"wijk_gegeneraliseerd_1998.a39dea0e-424f-4fe1-976e-269ef5c3f5af"},"id":"WK040532"},
{"type":"Feature","geometry":{"type":"Polygon","coordinates":[[[5.116,52.651],[5.104,52.663],[5.098,52.661],[5.078,52.649],[5.084,52.645],[5.102,52.647],[5.116,52.651]]]},"properties":{"id":286149,"statcode":"WK040533","statnaam":"Wijk 33 Kersenboogerd","jrstatcode":"1998WK040533","rubriek":"wijk","FID":"wijk_gegeneraliseerd_1998.cd594c0d-7dff-4596-8526-83f5bd79baff"},"id":"WK040533"},
{"type":"Feature","geometry":{"type":"Polygon","coordinates":[[[5.102,52.647],[5.084,52.645],[5.082,52.642],[5.101,52.635],[5.102,52.647]]]},"properties":{"id":286150,"statcode":"WK040534","statnaam":"Wijk 34 Hoorn 80","jrstatcode":"1998WK040534","rubriek":"wijk","FID":"wijk_gegeneraliseerd_1998.f6eb6df5-4cdb-4741-bb30-fc0e160baf2c"},"id":"WK040534"},
{"type":"Feature","geometry":{"type":"Polygon","coordinates":[[[5.243,52.288],[5.241,52.299],[5.23,52.305],[5.227,52.301],[5.234,52.295],[5.239,52.288],[5.243,52.288]]]},"properties":{"id":286151,"statcode":"WK040600","statnaam":"Wijk 00 Oude Dorp","jrstatcode":"1998WK040600","rubriek":"wijk","FID":"wijk_gegeneraliseerd_1998.fb53d8d0-8d8c-438e-9215-8e655113e45a"},"id":"WK040600"},
{"type":"Feature","geometry":{"type":"Polygon","coordinates":[[[5.213,52.299],[5.213,52.292],[5.234,52.295],[5.227,52.301],[5.213,52.299]]]},"properties":{"id":286152,"statcode":"WK040601","statnaam":"Wijk 01 Westereng","jrstatcode":"1998WK040601","rubriek":"wijk","FID":"wijk_gegeneraliseerd_1998.93e0cdc2-ec62-4b15-a7f7-55918ddd673b"},"id":"WK040601"},
{"type":"Feature","geometry":{"type":"Polygon","coordinates":[[[5.184,52.278],[5.201,52.268],[5.204,52.267],[5.204,52.268],[5.211,52.277],[5.202,52.3],[5.189,52.292],[5.184,52.278]]]},"properties":{"id":286153,"statcode":"WK040602","statnaam":"Wijk 02 Buitenwijken","jrstatcode":"1998WK040602","rubriek":"wijk","FID":"wijk_gegeneraliseerd_1998.25460a99-2463-47a5-8fee-dcbc70cc5c90"},"id":"WK040602"},
{"type":"Feature","geometry":{"type":"Polygon","coordinates":[[[5.243,52.288],[5.239,52.288],[5.213,52.292],[5.213,52.299],[5.202,52.3],[5.211,52.277],[5.25,52.284],[5.247,52.286],[5.243,52.288]]]},"properties":{"id":286154,"statcode":"WK040603","statnaam":"Wijk 03 Erica en tafelberg","jrstatcode":"1998WK040603","rubriek":"wijk","FID":"wijk_gegeneraliseerd_1998.4dfe50c6-05e3-4b1a-9450-bae0055b599d"},"id":"WK040603"},
{"type":"Feature","geometry":{"type":"Polygon","coordinates":[[[5.213,52.292],[5.239,52.288],[5.234,52.295],[5.213,52.292]]]},"properties":{"id":286155,"statcode":"WK040604","statnaam":"Wijk 04 Staatslieden en Componistenbuurt","jrstatcode":"1998WK040604","rubriek":"wijk","FID":"wijk_gegeneraliseerd_1998.f1cb39d7-8d68-451d-900f-23e2e7039ca9"},"id":"WK040604"},
{"type":"Feature","geometry":{"type":"Polygon","coordinates":[[[5.244,52.298],[5.255,52.306],[5.256,52.307],[5.229,52.311],[5.23,52.305],[5.241,52.299],[5.244,52.298]]]},"properties":{"id":286156,"statcode":"WK040605","statnaam":"Wijk 05 Havengebied","jrstatcode":"1998WK040605","rubriek":"wijk","FID":"wijk_gegeneraliseerd_1998.cf029075-2738-4ee8-a2a1-770ba22a9fd6"},"id":"WK040605"},
{"type":"Feature","geometry":{"type":"MultiPolygon","coordinates":[[[[5.241,52.299],[5.243,52.288],[5.247,52.286],[5.253,52.297],[5.244,52.298],[5.241,52.299]]],[[[5.282,52.3],[5.279,52.302],[5.279,52.298],[5.282,52.3]]]]},"properties":{"id":286157,"statcode":"WK040606","statnaam":"Wijk 06 Zenderwijk en Bovenweg","jrstatcode":"1998WK040606","rubriek":"wijk","FID":"wijk_gegeneraliseerd_1998.f8b1c11a-577d-47e6-a5b7-2d88d076e7bd"},"id":"WK040606"},
{"type":"Feature","geometry":{"type":"Polygon","coordinates":[[[5.253,52.297],[5.247,52.286],[5.25,52.284],[5.258,52.287],[5.262,52.294],[5.253,52.297]]]},"properties":{"id":286158,"statcode":"WK040607","statnaam":"Wijk 07 Stad en Lande","jrstatcode":"1998WK040607","rubriek":"wijk","FID":"wijk_gegeneraliseerd_1998.1f7a3ed8-5283-416d-9b86-0ed5d2e3e9f9"},"id":"WK040607"},
{"type":"Feature","geometry":{"type":"Polygon","coordinates":[[[5.255,52.306],[5.244,52.298],[5.253,52.297],[5.262,52.294],[5.263,52.294],[5.267,52.298],[5.255,52.306]]]},"properties":{"id":286159,"statcode":"WK040608","statnaam":"Wijk 08 Huizermaat West en Zuid","jrstatcode":"1998WK040608","rubriek":"wijk","FID":"wijk_gegeneraliseerd_1998.4d5a562e-ac72-4818-8e4b-600c11f8a5f8"},"id":"WK040608"},
{"type":"Feature","geometry":{"type":"Polygon","coordinates":[[[5.256,52.307],[5.255,52.306],[5.267,52.298],[5.265,52.306],[5.256,52.307]]]},"properties":{"id":286160,"statcode":"WK040609","statnaam":"Wijk 09 Huizermaat Noord","jrstatcode":"1998WK040609","rubriek":"wijk","FID":"wijk_gegeneraliseerd_1998.1df7f09e-7275-4280-b73c-649dfa40b167"},"id":"WK040609"},
{"type":"Feature","geometry":{"type":"Polygon","coordinates":[[[5.263,52.294],[5.262,52.294],[5.258,52.287],[5.271,52.291],[5.269,52.292],[5.263,52.294]]]},"properties":{"id":286161,"statcode":"WK040610","statnaam":"Wijk 10 Bijvanck","jrstatcode":"1998WK040610","rubriek":"wijk","FID":"wijk_gegeneraliseerd_1998.7cd03be2-aea3-4400-bcd8-c3036d9b46a0"},"id":"WK040610"},
{"type":"Feature","geometry":{"type":"Polygon","coordinates":[[[5.265,52.306],[5.267,52.298],[5.263,52.294],[5.269,52.292],[5.279,52.298],[5.279,52.302],[5.265,52.306]]]},"properties":{"id":286162,"statcode":"WK040611","statnaam":"Wijk 11 Bovenmaten","jrstatcode":"1998WK040611","rubriek":"wijk","FID":"wijk_gegeneraliseerd_1998.672b1282-87b4-439d-a097-a821ac81136b"},"id":"WK040611"},
{"type":"Feature","geometry":{"type":"Polygon","coordinates":[[[5.282,52.3],[5.279,52.298],[5.269,52.292],[5.271,52.291],[5.288,52.298],[5.282,52.3]]]},"properties":{"id":286163,"statcode":"WK040612","statnaam":"Wijk 12 Hogemaat","jrstatcode":"1998WK040612","rubriek":"wijk","FID":"wijk_gegeneraliseerd_1998.0afd4d84-7063-43e4-89f7-e1016a79308b"},"id":"WK040612"},
{"type":"Feature","geometry":{"type":"Polygon","coordinates":[[[4.91,52.804],[4.893,52.799],[4.863,52.774],[4.877,52.76],[4.927,52.737],[4.946,52.754],[4.947,52.764],[4.914,52.79],[4.91,52.804]]]},"properties":{"id":286164,"statcode":"WK041200","statnaam":"Wijk 00 Winkel","jrstatcode":"1998WK041200","rubriek":"wijk","FID":"wijk_gegeneraliseerd_1998.f0a5fc39-e738-4efa-9e9a-be170da9a365"},"id":"WK041200"},
{"type":"Feature","geometry":{"type":"Polygon","coordinates":[[[4.927,52.737],[4.877,52.76],[4.863,52.774],[4.851,52.763],[4.856,52.745],[4.901,52.709],[4.927,52.737]]]},"properties":{"id":286165,"statcode":"WK041201","statnaam":"Wijk 01 Nieuwe-Niedorp","jrstatcode":"1998WK041201","rubriek":"wijk","FID":"wijk_gegeneraliseerd_1998.e874e994-1da2-416f-bc48-1cf7cd81b126"},"id":"WK041201"},
{"type":"Feature","geometry":{"type":"Polygon","coordinates":[[[4.901,52.709],[4.856,52.745],[4.851,52.763],[4.817,52.759],[4.849,52.725],[4.848,52.72],[4.858,52.723],[4.878,52.712],[4.899,52.707],[4.901,52.709]]]},"properties":{"id":286166,"statcode":"WK041202","statnaam":"Wijk 02 Oude-Niedorp","jrstatcode":"1998WK041202","rubriek":"wijk","FID":"wijk_gegeneraliseerd_1998.545b18d5-77b9-4e80-b958-cb851ad5858f"},"id":"WK041202"},
{"type":"Feature","geometry":{"type":"Polygon","coordinates":[[[4.893,52.799],[4.874,52.799],[4.834,52.808],[4.829,52.775],[4.812,52.763],[4.817,52.759],[4.851,52.763],[4.863,52.774],[4.893,52.799]]]},"properties":{"id":286167,"statcode":"WK041203","statnaam":"Wijk 03 Barsingerhorn en omgeving","jrstatcode":"1998WK041203","rubriek":"wijk","FID":"wijk_gegeneraliseerd_1998.d24d972e-36de-476b-9f76-109b3a30c310"},"id":"WK041203"},
{"type":"Feature","geometry":{"type":"Polygon","coordinates":[[[4.897,52.446],[4.899,52.424],[4.931,52.412],[4.948,52.422],[4.949,52.448],[4.934,52.444],[4.897,52.446]]]},"properties":{"id":286168,"statcode":"WK041500","statnaam":"Wijk 00 Landsmeer","jrstatcode":"1998WK041500","rubriek":"wijk","FID":"wijk_gegeneraliseerd_1998.9ac58c3c-3f30-47fd-affe-5d085438d321"},"id":"WK041500"},
{"type":"Feature","geometry":{"type":"Polygon","coordinates":[[[4.949,52.448],[4.948,52.484],[4.949,52.487],[4.944,52.488],[4.921,52.491],[4.906,52.48],[4.893,52.457],[4.897,52.446],[4.934,52.444],[4.949,52.448]]]},"properties":{"id":286169,"statcode":"WK041501","statnaam":"Wijk 01 Ilpendam","jrstatcode":"1998WK041501","rubriek":"wijk","FID":"wijk_gegeneraliseerd_1998.6e61b369-edab-4273-a4c8-c77de1b56212"},"id":"WK041501"},
{"type":"Feature","geometry":{"type":"Polygon","coordinates":[[[4.801,52.66],[4.809,52.673],[4.827,52.68],[4.819,52.709],[4.826,52.717],[4.805,52.714],[4.777,52.727],[4.767,52.698],[4.729,52.691],[4.742,52.681],[4.779,52.676],[4.774,52.665],[4.774,52.648],[4.801,52.66]]]},"properties":{"id":286170,"statcode":"WK041600","statnaam":"Wijk 00","jrstatcode":"1998WK041600","rubriek":"wijk","FID":"wijk_gegeneraliseerd_1998.fbde2980-c3da-4cfa-8b75-b1eea3541350"},"id":"WK041600"},
{"type":"Feature","geometry":{"type":"Polygon","coordinates":[[[5.204,52.268],[5.204,52.267],[5.189,52.248],[5.199,52.24],[5.2,52.239],[5.219,52.212],[5.225,52.225],[5.244,52.255],[5.226,52.268],[5.204,52.268]]]},"properties":{"id":286171,"statcode":"WK041700","statnaam":"Wijk 00","jrstatcode":"1998WK041700","rubriek":"wijk","FID":"wijk_gegeneraliseerd_1998.555b629c-4895-41fa-9e83-3c11bf7e4f68"},"id":"WK041700"},
{"type":"Feature","geometry":{"type":"Polygon","coordinates":[[[4.678,52.562],[4.692,52.548],[4.694,52.545],[4.719,52.552],[4.718,52.58],[4.679,52.584],[4.667,52.563],[4.678,52.562]]]},"properties":{"id":286172,"statcode":"WK041800","statnaam":"Wijk 00","jrstatcode":"1998WK041800","rubriek":"wijk","FID":"wijk_gegeneraliseerd_1998.f55afe3c-d32d-4231-8595-a764f6707e90"},"id":"WK041800"},
{"type":"Feature","geometry":{"type":"Polygon","coordinates":[[[5.083,52.77],[5.09,52.756],[5.073,52.739],[5.074,52.738],[5.111,52.74],[5.103,52.748],[5.122,52.758],[5.104,52.775],[5.083,52.77]]]},"properties":{"id":286173,"statcode":"WK042000","statnaam":"Wijk 00","jrstatcode":"1998WK042000","rubriek":"wijk","FID":"wijk_gegeneraliseerd_1998.ef19352e-e4aa-4cc5-acc1-05cc8eb442f3"},"id":"WK042000"},
{"type":"Feature","geometry":{"type":"Polygon","coordinates":[[[5.027,52.338],[5.013,52.331],[5.016,52.325],[5.018,52.323],[5.076,52.319],[5.1,52.31],[5.128,52.325],[5.093,52.339],[5.077,52.34],[5.037,52.334],[5.027,52.338]]]},"properties":{"id":286174,"statcode":"WK042400","statnaam":"Wijk 00","jrstatcode":"1998WK042400","rubriek":"wijk","FID":"wijk_gegeneraliseerd_1998.51feed9c-542c-49af-8267-87855a6d8598"},"id":"WK042400"},
{"type":"Feature","geometry":{"type":"Polygon","coordinates":[[[5.128,52.325],[5.1,52.31],[5.105,52.286],[5.144,52.28],[5.156,52.282],[5.184,52.278],[5.189,52.292],[5.202,52.3],[5.213,52.299],[5.227,52.301],[5.23,52.305],[5.229,52.311],[5.161,52.306],[5.128,52.325]]]},"properties":{"id":286175,"statcode":"WK042500","statnaam":"Wijk 00","jrstatcode":"1998WK042500","rubriek":"wijk","FID":"wijk_gegeneraliseerd_1998.c4ecff18-b81a-4a12-a3d7-ad19c95d3c3e"},"id":"WK042500"},
{"type":"Feature","geometry":{"type":"Polygon","coordinates":[[[5.094,52.255],[5.071,52.262],[5.065,52.278],[5.064,52.281],[5.023,52.273],[5.031,52.257],[5.057,52.237],[5.085,52.238],[5.094,52.255]]]},"properties":{"id":286176,"statcode":"WK042600","statnaam":"Wijk 00","jrstatcode":"1998WK042600","rubriek":"wijk","FID":"wijk_gegeneraliseerd_1998.22601992-e58c-45ed-b143-d690a790e412"},"id":"WK042600"},
{"type":"Feature","geometry":{"type":"Polygon","coordinates":[[[4.934,52.679],[4.905,52.687],[4.9,52.698],[4.876,52.686],[4.877,52.679],[4.871,52.668],[4.917,52.663],[4.936,52.67],[4.934,52.679]]]},"properties":{"id":286177,"statcode":"WK042900","statnaam":"Wijk 00","jrstatcode":"1998WK042900","rubriek":"wijk","FID":"wijk_gegeneraliseerd_1998.99563a31-b01a-4a0f-964d-d76b97c04f6a"},"id":"WK042900"},
{"type":"Feature","geometry":{"type":"Polygon","coordinates":[[[4.917,52.663],[4.871,52.668],[4.867,52.662],[4.865,52.649],[4.877,52.641],[4.928,52.644],[4.917,52.663]]]},"properties":{"id":286178,"statcode":"WK042901","statnaam":"Wijk 01","jrstatcode":"1998WK042901","rubriek":"wijk","FID":"wijk_gegeneraliseerd_1998.d72d8b36-a8af-4196-be9f-9244d22ef9d0"},"id":"WK042901"},
{"type":"Feature","geometry":{"type":"Polygon","coordinates":[[[4.897,52.446],[4.893,52.457],[4.906,52.48],[4.891,52.479],[4.863,52.468],[4.852,52.47],[4.844,52.453],[4.853,52.443],[4.86,52.432],[4.863,52.43],[4.899,52.424],[4.897,52.446]]]},"properties":{"id":286179,"statcode":"WK043100","statnaam":"Wijk 00","jrstatcode":"1998WK043100","rubriek":"wijk","FID":"wijk_gegeneraliseerd_1998.ffef863d-eb6e-4abf-9ebd-6a0ae035a5c8"},"id":"WK043100"},
{"type":"Feature","geometry":{"type":"Polygon","coordinates":[[[4.952,52.672],[4.979,52.68],[4.986,52.699],[4.972,52.712],[4.998,52.717],[4.987,52.728],[4.971,52.722],[4.9,52.699],[4.9,52.698],[4.905,52.687],[4.934,52.679],[4.952,52.672]]]},"properties":{"id":286180,"statcode":"WK043200","statnaam":"Wijk 00","jrstatcode":"1998WK043200","rubriek":"wijk","FID":"wijk_gegeneraliseerd_1998.9a8645ba-04b9-43bc-9cab-8e57a66c2582"},"id":"WK043200"},
{"type":"Feature","geometry":{"type":"Polygon","coordinates":[[[4.946,52.754],[4.927,52.737],[4.901,52.709],[4.899,52.707],[4.9,52.699],[4.971,52.722],[4.962,52.741],[4.987,52.752],[4.946,52.754]]]},"properties":{"id":286181,"statcode":"WK043201","statnaam":"Wijk 01","jrstatcode":"1998WK043201","rubriek":"wijk","FID":"wijk_gegeneraliseerd_1998.78c12402-cd83-4bc0-a422-78c83a019610"},"id":"WK043201"},
{"type":"Feature","geometry":{"type":"Polygon","coordinates":[[[4.987,52.752],[4.962,52.741],[4.971,52.722],[4.987,52.728],[4.998,52.717],[5.007,52.721],[4.996,52.739],[4.997,52.752],[4.987,52.752]]]},"properties":{"id":286182,"statcode":"WK043202","statnaam":"Wijk 02","jrstatcode":"1998WK043202","rubriek":"wijk","FID":"wijk_gegeneraliseerd_1998.12981c1f-be02-4b38-8c5e-12700404b160"},"id":"WK043202"},
{"type":"Feature","geometry":{"type":"Polygon","coordinates":[[[4.955,52.278],[4.93,52.307],[4.945,52.327],[4.95,52.339],[4.907,52.33],[4.909,52.319],[4.908,52.307],[4.879,52.279],[4.87,52.253],[4.908,52.253],[4.929,52.27],[4.926,52.28],[4.955,52.278]]]},"properties":{"id":286183,"statcode":"WK043700","statnaam":"Wijk 00","jrstatcode":"1998WK043700","rubriek":"wijk","FID":"wijk_gegeneraliseerd_1998.53674110-7ede-47ca-98ba-0c192fc462ac"},"id":"WK043700"},
{"type":"Feature","geometry":{"type":"Polygon","coordinates":[[[4.946,52.499],[4.957,52.507],[4.948,52.513],[4.944,52.512],[4.946,52.501],[4.946,52.499]]]},"properties":{"id":286184,"statcode":"WK043900","statnaam":"Wijk 00 Oud-Purmerend","jrstatcode":"1998WK043900","rubriek":"wijk","FID":"wijk_gegeneraliseerd_1998.7536986a-14a7-4860-b04d-77675895b1f0"},"id":"WK043900"},
{"type":"Feature","geometry":{"type":"Polygon","coordinates":[[[4.944,52.512],[4.934,52.512],[4.925,52.506],[4.921,52.491],[4.944,52.488],[4.946,52.501],[4.944,52.512]]]},"properties":{"id":286185,"statcode":"WK043901","statnaam":"Wijk 01 Gebied west van Noordh. kanaal","jrstatcode":"1998WK043901","rubriek":"wijk","FID":"wijk_gegeneraliseerd_1998.505a2d49-1ffb-4656-92e2-8d4f3512cc29"},"id":"WK043901"},
{"type":"Feature","geometry":{"type":"Polygon","coordinates":[[[4.992,52.52],[4.957,52.529],[4.948,52.513],[4.957,52.507],[4.989,52.517],[4.992,52.52]]]},"properties":{"id":286186,"statcode":"WK043902","statnaam":"Wijk 02 Overwhere","jrstatcode":"1998WK043902","rubriek":"wijk","FID":"wijk_gegeneraliseerd_1998.a01b03f6-6116-42e3-8dbb-07836f18a07a"},"id":"WK043902"},
{"type":"Feature","geometry":{"type":"Polygon","coordinates":[[[4.989,52.517],[4.957,52.507],[4.971,52.504],[4.989,52.517]]]},"properties":{"id":286187,"statcode":"WK043903","statnaam":"Wijk 03 De Wheermolen","jrstatcode":"1998WK043903","rubriek":"wijk","FID":"wijk_gegeneraliseerd_1998.de88bea5-5dc0-4d83-ac48-c4616786a614"},"id":"WK043903"},
{"type":"Feature","geometry":{"type":"Polygon","coordinates":[[[4.954,52.483],[4.971,52.504],[4.957,52.507],[4.946,52.499],[4.949,52.487],[4.948,52.484],[4.954,52.483]]]},"properties":{"id":286188,"statcode":"WK043904","statnaam":"Wijk 04 De Gors","jrstatcode":"1998WK043904","rubriek":"wijk","FID":"wijk_gegeneraliseerd_1998.1e034e34-f05d-4575-8e3a-886c993d4923"},"id":"WK043904"},
{"type":"Feature","geometry":{"type":"Polygon","coordinates":[[[4.976,52.473],[4.998,52.495],[5.025,52.522],[5.007,52.527],[4.992,52.52],[4.989,52.517],[4.971,52.504],[4.954,52.483],[4.958,52.471],[4.976,52.473]]]},"properties":{"id":286189,"statcode":"WK043905","statnaam":"Wijk 05 De Purmer","jrstatcode":"1998WK043905","rubriek":"wijk","FID":"wijk_gegeneraliseerd_1998.3b475c73-4a16-41c2-a56c-4f2c9382ccf5"},"id":"WK043905"},
{"type":"Feature","geometry":{"type":"Polygon","coordinates":[[[4.946,52.501],[4.944,52.488],[4.949,52.487],[4.946,52.499],[4.946,52.501]]]},"properties":{"id":286190,"statcode":"WK043906","statnaam":"Wijk 06 Weidevenne","jrstatcode":"1998WK043906","rubriek":"wijk","FID":"wijk_gegeneraliseerd_1998.80425734-ee3c-4470-83a8-a3de6a6845bd"},"id":"WK043906"},
{"type":"Feature","geometry":{"type":"Polygon","coordinates":[[[4.812,52.763],[4.829,52.775],[4.834,52.808],[4.79,52.808],[4.751,52.788],[4.741,52.775],[4.778,52.774],[4.794,52.762],[4.812,52.763]]]},"properties":{"id":286191,"statcode":"WK044100","statnaam":"Wijk 00","jrstatcode":"1998WK044100","rubriek":"wijk","FID":"wijk_gegeneraliseerd_1998.2947fd76-9ab8-494c-94fe-17d1c7673523"},"id":"WK044100"},
{"type":"Feature","geometry":{"type":"Polygon","coordinates":[[[4.649,52.756],[4.639,52.727],[4.631,52.676],[4.699,52.683],[4.725,52.694],[4.715,52.71],[4.69,52.733],[4.649,52.756]]]},"properties":{"id":286192,"statcode":"WK044400","statnaam":"Wijk 00","jrstatcode":"1998WK044400","rubriek":"wijk","FID":"wijk_gegeneraliseerd_1998.47aa2461-ff26-4f4d-9d7b-c10778f90633"},"id":"WK044400"},
{"type":"Feature","geometry":{"type":"Polygon","coordinates":[[[4.898,53.1],[4.856,53.09],[4.845,53.09],[4.78,53.065],[4.778,53.073],[4.796,53.102],[4.785,53.106],[4.837,53.148],[4.844,53.169],[4.858,53.183],[4.828,53.17],[4.741,53.088],[4.726,53.069],[4.713,53.04],[4.709,53.016],[4.717,52.988],[4.758,52.992],[4.755,53.01],[4.785,53.002],[4.819,53.029],[4.848,53.035],[4.873,53.055],[4.873,53.065],[4.897,53.079],[4.898,53.1]]]},"properties":{"id":286193,"statcode":"WK044800","statnaam":"Wijk 00 Het Oude Land en duingebied","jrstatcode":"1998WK044800","rubriek":"wijk","FID":"wijk_gegeneraliseerd_1998.0bcce096-55a8-4c45-9148-851a2ea1cb0e"},"id":"WK044800"},
{"type":"Feature","geometry":{"type":"Polygon","coordinates":[[[4.898,53.1],[4.9,53.125],[4.908,53.135],[4.878,53.168],[4.858,53.183],[4.844,53.169],[4.837,53.148],[4.785,53.106],[4.796,53.102],[4.778,53.073],[4.78,53.065],[4.845,53.09],[4.856,53.09],[4.898,53.1]]]},"properties":{"id":286194,"statcode":"WK044801","statnaam":"Wijk 01 Het Nieuwe Land","jrstatcode":"1998WK044801","rubriek":"wijk","FID":"wijk_gegeneraliseerd_1998.c476339c-47b1-48f6-ab15-eebbca4d652b"},"id":"WK044801"},
{"type":"Feature","geometry":{"type":"Polygon","coordinates":[[[4.778,52.534],[4.75,52.538],[4.719,52.552],[4.694,52.545],[4.696,52.527],[4.693,52.511],[4.72,52.495],[4.74,52.502],[4.775,52.519],[4.783,52.52],[4.778,52.534]]]},"properties":{"id":286195,"statcode":"WK045000","statnaam":"Wijk 00","jrstatcode":"1998WK045000","rubriek":"wijk","FID":"wijk_gegeneraliseerd_1998.15b0d1af-2f17-4493-a89c-c8866454ce8b"},"id":"WK045000"},
{"type":"Feature","geometry":{"type":"Polygon","coordinates":[[[4.834,52.236],[4.829,52.234],[4.828,52.231],[4.836,52.234],[4.834,52.236]]]},"properties":{"id":286196,"statcode":"WK045101","statnaam":"Wijk 01 Centrum","jrstatcode":"1998WK045101","rubriek":"wijk","FID":"wijk_gegeneraliseerd_1998.4a4bd3cd-c5df-4e96-a723-7c50bc203b7f"},"id":"WK045101"},
{"type":"Feature","geometry":{"type":"Polygon","coordinates":[[[4.817,52.241],[4.829,52.234],[4.834,52.236],[4.826,52.24],[4.819,52.244],[4.817,52.241]]]},"properties":{"id":286197,"statcode":"WK045102","statnaam":"Wijk 02 Thamerdal","jrstatcode":"1998WK045102","rubriek":"wijk","FID":"wijk_gegeneraliseerd_1998.e882b70f-00ca-47d6-b002-850c4f26bd20"},"id":"WK045102"},
{"type":"Feature","geometry":{"type":"Polygon","coordinates":[[[4.819,52.244],[4.826,52.24],[4.84,52.248],[4.825,52.253],[4.819,52.244]]]},"properties":{"id":286198,"statcode":"WK045103","statnaam":"Wijk 03 Zijdelwaard","jrstatcode":"1998WK045103","rubriek":"wijk","FID":"wijk_gegeneraliseerd_1998.26fdeb48-478f-40fd-83dc-062f885e26b7"},"id":"WK045103"},
{"type":"Feature","geometry":{"type":"Polygon","coordinates":[[[4.825,52.253],[4.816,52.255],[4.811,52.248],[4.819,52.244],[4.825,52.253]]]},"properties":{"id":286199,"statcode":"WK045104","statnaam":"Wijk 04 Legmeer","jrstatcode":"1998WK045104","rubriek":"wijk","FID":"wijk_gegeneraliseerd_1998.e7b45854-e1c0-4421-9375-6af3d27152a3"},"id":"WK045104"},
{"type":"Feature","geometry":{"type":"Polygon","coordinates":[[[4.816,52.255],[4.808,52.258],[4.811,52.248],[4.816,52.255]]]},"properties":{"id":286200,"statcode":"WK045105","statnaam":"Wijk 05 Noorddam","jrstatcode":"1998WK045105","rubriek":"wijk","FID":"wijk_gegeneraliseerd_1998.fa6cefb8-7fb9-4af6-8684-165d2f7a7a9a"},"id":"WK045105"},
{"type":"Feature","geometry":{"type":"Polygon","coordinates":[[[4.817,52.241],[4.817,52.228],[4.819,52.229],[4.828,52.231],[4.829,52.234],[4.817,52.241]]]},"properties":{"id":286201,"statcode":"WK045106","statnaam":"Wijk 06 Meerwijk","jrstatcode":"1998WK045106","rubriek":"wijk","FID":"wijk_gegeneraliseerd_1998.0cf1c7db-cf5d-45ce-b499-ae293bdfd36f"},"id":"WK045106"},
{"type":"Feature","geometry":{"type":"Polygon","coordinates":[[[4.84,52.248],[4.826,52.24],[4.834,52.236],[4.836,52.234],[4.852,52.242],[4.84,52.248]]]},"properties":{"id":286202,"statcode":"WK045107","statnaam":"Wijk 07 Amsteldijk","jrstatcode":"1998WK045107","rubriek":"wijk","FID":"wijk_gegeneraliseerd_1998.8b413b73-b669-4b6a-bc58-56a11ed5172d"},"id":"WK045107"},
{"type":"Feature","geometry":{"type":"Polygon","coordinates":[[[4.817,52.228],[4.817,52.241],[4.819,52.244],[4.811,52.248],[4.808,52.258],[4.795,52.261],[4.789,52.258],[4.77,52.249],[4.773,52.241],[4.723,52.217],[4.726,52.212],[4.734,52.207],[4.785,52.229],[4.795,52.227],[4.817,52.228]]]},"properties":{"id":286203,"statcode":"WK045108","statnaam":"Wijk 08 De Kwakel","jrstatcode":"1998WK045108","rubriek":"wijk","FID":"wijk_gegeneraliseerd_1998.5a0adb19-9c5c-4ad7-b6fe-3eaab0e3e9eb"},"id":"WK045108"},
{"type":"Feature","geometry":{"type":"Polygon","coordinates":[[[4.631,52.465],[4.632,52.46],[4.633,52.449],[4.655,52.451],[4.658,52.454],[4.662,52.462],[4.631,52.465]]]},"properties":{"id":286204,"statcode":"WK045300","statnaam":"Wijk 00 Velsen-zuid en Driehuis","jrstatcode":"1998WK045300","rubriek":"wijk","FID":"wijk_gegeneraliseerd_1998.8f7380e6-6a76-4d57-9ec9-54553465bd8f"},"id":"WK045300"},
{"type":"Feature","geometry":{"type":"Polygon","coordinates":[[[4.606,52.457],[4.632,52.46],[4.631,52.465],[4.617,52.467],[4.606,52.457]]]},"properties":{"id":286205,"statcode":"WK045301","statnaam":"Wijk 01 T.n.v. De lange Nieuwstraat","jrstatcode":"1998WK045301","rubriek":"wijk","FID":"wijk_gegeneraliseerd_1998.63a770ff-dd0c-445b-bc6b-2df889507f2a"},"id":"WK045301"},
{"type":"Feature","geometry":{"type":"Polygon","coordinates":[[[4.633,52.449],[4.632,52.46],[4.606,52.457],[4.609,52.453],[4.633,52.449]]]},"properties":{"id":286206,"statcode":"WK045302","statnaam":"Wijk 02 T.z.v. De lange Nieuwstraat","jrstatcode":"1998WK045302","rubriek":"wijk","FID":"wijk_gegeneraliseerd_1998.8fba7fab-760b-4616-9054-964eba7b7376"},"id":"WK045302"},
{"type":"Feature","geometry":{"type":"Polygon","coordinates":[[[4.617,52.467],[4.578,52.467],[4.556,52.461],[4.574,52.453],[4.606,52.457],[4.617,52.467]]]},"properties":{"id":286207,"statcode":"WK045303","statnaam":"Wijk 03 IJmuiden-west","jrstatcode":"1998WK045303","rubriek":"wijk","FID":"wijk_gegeneraliseerd_1998.075a8ac3-7ba6-4957-b89b-abd6cb2550e8"},"id":"WK045303"},
{"type":"Feature","geometry":{"type":"Polygon","coordinates":[[[4.606,52.457],[4.574,52.453],[4.556,52.461],[4.561,52.444],[4.597,52.447],[4.609,52.453],[4.606,52.457]]]},"properties":{"id":286208,"statcode":"WK045304","statnaam":"Wijk 04 Duin-en Zeewijk","jrstatcode":"1998WK045304","rubriek":"wijk","FID":"wijk_gegeneraliseerd_1998.b73d9eec-d799-4c73-b085-07e2ae702990"},"id":"WK045304"},
{"type":"Feature","geometry":{"type":"Polygon","coordinates":[[[4.662,52.462],[4.654,52.477],[4.652,52.478],[4.638,52.48],[4.61,52.481],[4.582,52.489],[4.578,52.467],[4.617,52.467],[4.631,52.465],[4.662,52.462]]]},"properties":{"id":286209,"statcode":"WK045305","statnaam":"Wijk 05 Velsen-Noord","jrstatcode":"1998WK045305","rubriek":"wijk","FID":"wijk_gegeneraliseerd_1998.110c9626-4ed5-493b-b9fc-b8bfad40e229"},"id":"WK045305"},
{"type":"Feature","geometry":{"type":"Polygon","coordinates":[[[4.617,52.425],[4.644,52.42],[4.649,52.427],[4.655,52.451],[4.633,52.449],[4.609,52.453],[4.597,52.447],[4.561,52.444],[4.561,52.438],[4.587,52.435],[4.617,52.425]]]},"properties":{"id":286210,"statcode":"WK045306","statnaam":"Wijk 06 Santpoort-Noord","jrstatcode":"1998WK045306","rubriek":"wijk","FID":"wijk_gegeneraliseerd_1998.b121a728-23a6-4e00-8c37-fa1fb0679464"},"id":"WK045306"},
{"type":"Feature","geometry":{"type":"Polygon","coordinates":[[[4.644,52.42],[4.617,52.425],[4.632,52.412],[4.639,52.414],[4.644,52.42]]]},"properties":{"id":286211,"statcode":"WK045307","statnaam":"Wijk 07 Santpoort-Zuid","jrstatcode":"1998WK045307","rubriek":"wijk","FID":"wijk_gegeneraliseerd_1998.c66690ce-a612-42dc-99ad-66ad043c9d51"},"id":"WK045307"},
{"type":"Feature","geometry":{"type":"Polygon","coordinates":[[[4.655,52.451],[4.649,52.427],[4.682,52.419],[4.678,52.43],[4.658,52.454],[4.655,52.451]]]},"properties":{"id":286212,"statcode":"WK045308","statnaam":"Wijk 08 Velserbroek","jrstatcode":"1998WK045308","rubriek":"wijk","FID":"wijk_gegeneraliseerd_1998.cd7cfcbf-f90a-4dde-a618-00a12dbd894d"},"id":"WK045308"},
{"type":"Feature","geometry":{"type":"Polygon","coordinates":[[[4.723,52.433],[4.675,52.455],[4.662,52.462],[4.658,52.454],[4.678,52.43],[4.682,52.419],[4.682,52.413],[4.723,52.433]]]},"properties":{"id":286213,"statcode":"WK045309","statnaam":"Wijk 09 Spaarndammerpolders","jrstatcode":"1998WK045309","rubriek":"wijk","FID":"wijk_gegeneraliseerd_1998.35989b4d-0a01-48ba-965e-080d457d83f6"},"id":"WK045309"},
{"type":"Feature","geometry":{"type":"Polygon","coordinates":[[[5.207,52.645],[5.236,52.657],[5.246,52.686],[5.233,52.686],[5.205,52.677],[5.171,52.673],[5.148,52.664],[5.14,52.658],[5.142,52.657],[5.168,52.653],[5.169,52.642],[5.195,52.649],[5.207,52.645]]]},"properties":{"id":286214,"statcode":"WK045400","statnaam":"Wijk 00","jrstatcode":"1998WK045400","rubriek":"wijk","FID":"wijk_gegeneraliseerd_1998.2aca0c9e-9eeb-4d98-b236-dfb4d23dc1f4"},"id":"WK045400"},
{"type":"Feature","geometry":{"type":"Polygon","coordinates":[[[5.207,52.645],[5.195,52.649],[5.169,52.642],[5.168,52.653],[5.142,52.657],[5.142,52.622],[5.207,52.645]]]},"properties":{"id":286215,"statcode":"WK045401","statnaam":"Wijk 01","jrstatcode":"1998WK045401","rubriek":"wijk","FID":"wijk_gegeneraliseerd_1998.83931724-6b53-40ef-bab3-cb21bc18c53c"},"id":"WK045401"},
{"type":"Feature","geometry":{"type":"Polygon","coordinates":[[[5.142,52.657],[5.14,52.658],[5.116,52.651],[5.102,52.647],[5.101,52.635],[5.142,52.622],[5.142,52.657]]]},"properties":{"id":286216,"statcode":"WK045402","statnaam":"Wijk 02","jrstatcode":"1998WK045402","rubriek":"wijk","FID":"wijk_gegeneraliseerd_1998.2505336d-38a9-480a-b43e-69edae171056"},"id":"WK045402"},
{"type":"Feature","geometry":{"type":"Polygon","coordinates":[[[5.1,52.31],[5.076,52.319],[5.018,52.323],[5.022,52.302],[5.022,52.283],[5.064,52.281],[5.065,52.278],[5.102,52.28],[5.105,52.286],[5.1,52.31]]]},"properties":{"id":286217,"statcode":"WK045700","statnaam":"Wijk 00","jrstatcode":"1998WK045700","rubriek":"wijk","FID":"wijk_gegeneraliseerd_1998.fc4e442b-cd35-4413-824f-fa77287fac53"},"id":"WK045700"},
{"type":"Feature","geometry":{"type":"Polygon","coordinates":[[[4.864,52.635],[4.839,52.646],[4.83,52.633],[4.864,52.635]]]},"properties":{"id":286218,"statcode":"WK045800","statnaam":"Wijk 00 Oterleek","jrstatcode":"1998WK045800","rubriek":"wijk","FID":"wijk_gegeneraliseerd_1998.a8e2f5a3-9aa6-4ede-92bc-a9839a2b085a"},"id":"WK045800"},
{"type":"Feature","geometry":{"type":"Polygon","coordinates":[[[4.887,52.587],[4.898,52.601],[4.926,52.607],[4.922,52.612],[4.884,52.613],[4.871,52.594],[4.887,52.587]]]},"properties":{"id":286219,"statcode":"WK045801","statnaam":"Wijk 01 Schermerhorn","jrstatcode":"1998WK045801","rubriek":"wijk","FID":"wijk_gegeneraliseerd_1998.a490678c-1b97-4ea8-bc82-7d9201cf0384"},"id":"WK045801"},
{"type":"Feature","geometry":{"type":"Polygon","coordinates":[[[4.753,52.585],[4.745,52.567],[4.757,52.562],[4.782,52.557],[4.793,52.573],[4.824,52.576],[4.855,52.572],[4.864,52.572],[4.887,52.587],[4.871,52.594],[4.819,52.594],[4.81,52.58],[4.769,52.592],[4.753,52.585]]]},"properties":{"id":286220,"statcode":"WK045802","statnaam":"Wijk 02 Zuid- en Noord-Schermer","jrstatcode":"1998WK045802","rubriek":"wijk","FID":"wijk_gegeneraliseerd_1998.987a3070-5b62-4046-9655-823dae2a036e"},"id":"WK045802"},
{"type":"Feature","geometry":{"type":"Polygon","coordinates":[[[4.753,52.585],[4.769,52.592],[4.81,52.58],[4.819,52.594],[4.871,52.594],[4.884,52.613],[4.889,52.626],[4.873,52.634],[4.864,52.635],[4.83,52.633],[4.8,52.636],[4.792,52.639],[4.769,52.616],[4.756,52.592],[4.753,52.585]]]},"properties":{"id":286221,"statcode":"WK045803","statnaam":"Wijk 03 Schermeer","jrstatcode":"1998WK045803","rubriek":"wijk","FID":"wijk_gegeneraliseerd_1998.2f590271-78bb-4d1c-b5a9-d90f0a84a0aa"},"id":"WK045803"},
{"type":"Feature","geometry":{"type":"Polygon","coordinates":[[[5.122,52.758],[5.103,52.748],[5.111,52.74],[5.124,52.729],[5.131,52.717],[5.179,52.721],[5.165,52.741],[5.155,52.741],[5.122,52.758]]]},"properties":{"id":286222,"statcode":"WK045900","statnaam":"Wijk 00","jrstatcode":"1998WK045900","rubriek":"wijk","FID":"wijk_gegeneraliseerd_1998.ce0a017e-ecc5-4475-8b35-4251ed243ebf"},"id":"WK045900"},
{"type":"Feature","geometry":{"type":"Polygon","coordinates":[[[5.179,52.721],[5.131,52.717],[5.09,52.692],[5.084,52.687],[5.089,52.681],[5.091,52.679],[5.144,52.696],[5.187,52.707],[5.185,52.71],[5.179,52.721]]]},"properties":{"id":286223,"statcode":"WK045901","statnaam":"Wijk 01","jrstatcode":"1998WK045901","rubriek":"wijk","FID":"wijk_gegeneraliseerd_1998.a3eb6fa3-d062-4526-a849-fcbd9f6fdcc7"},"id":"WK045901"},
{"type":"Feature","geometry":{"type":"Polygon","coordinates":[[[4.879,52.887],[4.905,52.891],[4.92,52.884],[4.94,52.89],[4.976,52.892],[5.017,52.906],[5.037,52.923],[5.039,52.931],[5.167,52.999],[5.166,53],[5.054,52.941],[4.968,52.93],[4.939,52.905],[4.908,52.893],[4.876,52.888],[4.879,52.887]]]},"properties":{"id":286224,"statcode":"WK046200","statnaam":"Wijk 00","jrstatcode":"1998WK046200","rubriek":"wijk","FID":"wijk_gegeneraliseerd_1998.0ef2a0bc-f93c-4938-b7b7-aece09110736"},"id":"WK046200"},
{"type":"Feature","geometry":{"type":"Polygon","coordinates":[[[4.892,52.84],[4.912,52.815],[4.91,52.804],[4.914,52.79],[4.947,52.764],[4.946,52.754],[4.987,52.752],[4.997,52.752],[5.034,52.752],[5.062,52.761],[5.083,52.77],[5.104,52.775],[5.114,52.846],[5.047,52.925],[5.037,52.923],[5.017,52.906],[4.976,52.892],[4.94,52.89],[4.92,52.884],[4.905,52.891],[4.879,52.887],[4.91,52.872],[4.892,52.848],[4.892,52.84]]]},"properties":{"id":286225,"statcode":"WK046300","statnaam":"Wijk 00","jrstatcode":"1998WK046300","rubriek":"wijk","FID":"wijk_gegeneraliseerd_1998.1d4dd340-d9bb-49f3-9a5b-c697e31e72af"},"id":"WK046300"},
{"type":"Feature","geometry":{"type":"Polygon","coordinates":[[[5.03,52.697],[4.993,52.702],[4.986,52.699],[4.979,52.68],[5.002,52.675],[5.018,52.666],[5.035,52.667],[5.061,52.68],[5.03,52.691],[5.03,52.697]]]},"properties":{"id":286226,"statcode":"WK046600","statnaam":"Wijk 00","jrstatcode":"1998WK046600","rubriek":"wijk","FID":"wijk_gegeneraliseerd_1998.959f72e9-a36b-4b0b-bd93-abba87a89b29"},"id":"WK046600"},
{"type":"Feature","geometry":{"type":"Polygon","coordinates":[[[5.056,52.698],[5.03,52.697],[5.03,52.691],[5.061,52.68],[5.084,52.687],[5.09,52.692],[5.072,52.701],[5.056,52.698]]]},"properties":{"id":286227,"statcode":"WK046601","statnaam":"Wijk 01","jrstatcode":"1998WK046601","rubriek":"wijk","FID":"wijk_gegeneraliseerd_1998.d69b751e-3319-427d-8827-45bfd64b7364"},"id":"WK046601"},
{"type":"Feature","geometry":{"type":"Polygon","coordinates":[[[5.089,52.681],[5.084,52.687],[5.061,52.68],[5.035,52.667],[5.052,52.672],[5.089,52.681]]]},"properties":{"id":286228,"statcode":"WK046602","statnaam":"Wijk 02","jrstatcode":"1998WK046602","rubriek":"wijk","FID":"wijk_gegeneraliseerd_1998.7f2da4dd-47d2-447a-852a-48c10f13caec"},"id":"WK046602"},
{"type":"Feature","geometry":{"type":"Polygon","coordinates":[[[4.519,52.365],[4.544,52.365],[4.532,52.386],[4.519,52.365]]]},"properties":{"id":286229,"statcode":"WK047300","statnaam":"Wijk 00","jrstatcode":"1998WK047300","rubriek":"wijk","FID":"wijk_gegeneraliseerd_1998.9dd10684-ab3d-4f0d-9bb7-784b6a8b0d5e"},"id":"WK047300"},
{"type":"Feature","geometry":{"type":"Polygon","coordinates":[[[4.591,52.391],[4.542,52.401],[4.532,52.386],[4.544,52.365],[4.519,52.365],[4.494,52.328],[4.543,52.315],[4.547,52.314],[4.565,52.344],[4.58,52.371],[4.591,52.391]]]},"properties":{"id":286230,"statcode":"WK047301","statnaam":"Wijk 01","jrstatcode":"1998WK047301","rubriek":"wijk","FID":"wijk_gegeneraliseerd_1998.e446bad1-518f-474d-bfcc-be1e5eba9608"},"id":"WK047301"},
{"type":"Feature","geometry":{"type":"Polygon","coordinates":[[[4.709,52.884],[4.676,52.801],[4.649,52.756],[4.69,52.733],[4.706,52.734],[4.724,52.75],[4.741,52.775],[4.751,52.788],[4.79,52.808],[4.834,52.808],[4.813,52.833],[4.783,52.851],[4.759,52.848],[4.771,52.879],[4.769,52.879],[4.727,52.882],[4.709,52.884]]]},"properties":{"id":286231,"statcode":"WK047600","statnaam":"Wijk 00 Zijpe","jrstatcode":"1998WK047600","rubriek":"wijk","FID":"wijk_gegeneraliseerd_1998.e7c63a9a-a185-47a3-8270-78398211e448"},"id":"WK047600"},
{"type":"Feature","geometry":{"type":"Polygon","coordinates":[[[4.95,52.595],[4.955,52.58],[4.978,52.587],[5.007,52.593],[5.005,52.598],[4.95,52.595]]]},"properties":{"id":286232,"statcode":"WK047800","statnaam":"Wijk 00 Beets","jrstatcode":"1998WK047800","rubriek":"wijk","FID":"wijk_gegeneraliseerd_1998.fdef67ae-f745-445d-80f1-3350c1c1c7a6"},"id":"WK047800"},
{"type":"Feature","geometry":{"type":"Polygon","coordinates":[[[5.007,52.593],[4.978,52.587],[4.997,52.575],[4.977,52.561],[4.978,52.553],[4.987,52.554],[4.997,52.561],[5.009,52.576],[5.033,52.574],[5.023,52.591],[5.007,52.593]]]},"properties":{"id":286233,"statcode":"WK047801","statnaam":"Wijk 01 Oosthuizen","jrstatcode":"1998WK047801","rubriek":"wijk","FID":"wijk_gegeneraliseerd_1998.7562dd87-f6fc-41f9-b918-81a7c36713b7"},"id":"WK047801"},
{"type":"Feature","geometry":{"type":"Polygon","coordinates":[[[5.033,52.574],[5.009,52.576],[4.997,52.561],[5.021,52.552],[5.045,52.529],[5.046,52.52],[5.066,52.526],[5.033,52.574]]]},"properties":{"id":286234,"statcode":"WK047802","statnaam":"Wijk 02 Warder","jrstatcode":"1998WK047802","rubriek":"wijk","FID":"wijk_gegeneraliseerd_1998.a1eeca9c-1a26-48ec-acbd-c879acbe7900"},"id":"WK047802"},
{"type":"Feature","geometry":{"type":"Polygon","coordinates":[[[4.997,52.561],[4.987,52.554],[4.999,52.543],[5.007,52.527],[5.025,52.522],[5.03,52.519],[5.046,52.52],[5.045,52.529],[5.021,52.552],[4.997,52.561]]]},"properties":{"id":286235,"statcode":"WK047803","statnaam":"Wijk 03 Middelie","jrstatcode":"1998WK047803","rubriek":"wijk","FID":"wijk_gegeneraliseerd_1998.f29067f2-6341-4be0-9afe-2f7d2cfc456b"},"id":"WK047803"},
{"type":"Feature","geometry":{"type":"Polygon","coordinates":[[[4.969,52.541],[4.957,52.529],[4.992,52.52],[5.007,52.527],[4.999,52.543],[4.969,52.541]]]},"properties":{"id":286236,"statcode":"WK047804","statnaam":"Wijk 04 Kwadijk","jrstatcode":"1998WK047804","rubriek":"wijk","FID":"wijk_gegeneraliseerd_1998.5600e12e-2960-4b28-a1dc-fddb0e71c5ca"},"id":"WK047804"},
{"type":"Feature","geometry":{"type":"Polygon","coordinates":[[[5.007,52.611],[5.005,52.598],[5.007,52.593],[5.023,52.591],[5.02,52.612],[5.007,52.611]]]},"properties":{"id":286237,"statcode":"WK047805","statnaam":"Wijk 05 Schardam","jrstatcode":"1998WK047805","rubriek":"wijk","FID":"wijk_gegeneraliseerd_1998.b2f3326f-3c47-481a-bda3-c1110e47c477"},"id":"WK047805"},
{"type":"Feature","geometry":{"type":"Polygon","coordinates":[[[4.987,52.554],[4.978,52.553],[4.969,52.541],[4.999,52.543],[4.987,52.554]]]},"properties":{"id":286238,"statcode":"WK047806","statnaam":"Wijk 06 Hobrede","jrstatcode":"1998WK047806","rubriek":"wijk","FID":"wijk_gegeneraliseerd_1998.5cdabe35-3278-4496-b840-e91ee5df9c45"},"id":"WK047806"},
{"type":"Feature","geometry":{"type":"Polygon","coordinates":[[[4.86,52.432],[4.838,52.44],[4.835,52.443],[4.825,52.44],[4.842,52.419],[4.857,52.417],[4.863,52.43],[4.86,52.432]]]},"properties":{"id":286239,"statcode":"WK047911","statnaam":"Wijk 11 Zaandam Zuid","jrstatcode":"1998WK047911","rubriek":"wijk","FID":"wijk_gegeneraliseerd_1998.030b113e-246a-4bd3-a6d0-8e20f0aaa5d6"},"id":"WK047911"},
{"type":"Feature","geometry":{"type":"Polygon","coordinates":[[[4.86,52.432],[4.853,52.443],[4.838,52.44],[4.86,52.432]]]},"properties":{"id":286240,"statcode":"WK047912","statnaam":"Wijk 12 Poelenburg","jrstatcode":"1998WK047912","rubriek":"wijk","FID":"wijk_gegeneraliseerd_1998.d529ab53-70c6-49cd-90c3-1e59cec484c5"},"id":"WK047912"},
{"type":"Feature","geometry":{"type":"Polygon","coordinates":[[[4.841,52.454],[4.829,52.455],[4.835,52.443],[4.838,52.44],[4.853,52.443],[4.844,52.453],[4.841,52.454]]]},"properties":{"id":286241,"statcode":"WK047913","statnaam":"Wijk 13 Pelders-/Hoornseveld","jrstatcode":"1998WK047913","rubriek":"wijk","FID":"wijk_gegeneraliseerd_1998.bb1c06da-61ad-46cd-830e-48e3d54c65e3"},"id":"WK047913"},
{"type":"Feature","geometry":{"type":"Polygon","coordinates":[[[4.829,52.455],[4.819,52.452],[4.824,52.441],[4.825,52.44],[4.835,52.443],[4.829,52.455]]]},"properties":{"id":286242,"statcode":"WK047914","statnaam":"Wijk 14 Rosmolenwijk","jrstatcode":"1998WK047914","rubriek":"wijk","FID":"wijk_gegeneraliseerd_1998.95569f17-0a76-407e-bc5d-06612db937f7"},"id":"WK047914"},
{"type":"Feature","geometry":{"type":"Polygon","coordinates":[[[4.813,52.463],[4.812,52.456],[4.819,52.452],[4.829,52.455],[4.841,52.454],[4.813,52.463]]]},"properties":{"id":286243,"statcode":"WK047915","statnaam":"Wijk 15 Kogerveldwijk","jrstatcode":"1998WK047915","rubriek":"wijk","FID":"wijk_gegeneraliseerd_1998.cc0b5074-1126-4538-ad34-ffe48b132811"},"id":"WK047915"},
{"type":"Feature","geometry":{"type":"Polygon","coordinates":[[[4.812,52.482],[4.813,52.471],[4.813,52.463],[4.841,52.454],[4.844,52.453],[4.852,52.47],[4.837,52.48],[4.812,52.484],[4.812,52.482]]]},"properties":{"id":286244,"statcode":"WK047916","statnaam":"Wijk 16 Zaandam Noord","jrstatcode":"1998WK047916","rubriek":"wijk","FID":"wijk_gegeneraliseerd_1998.84a876dd-266f-453d-81eb-750096b100d5"},"id":"WK047916"},
{"type":"Feature","geometry":{"type":"Polygon","coordinates":[[[4.825,52.44],[4.824,52.441],[4.813,52.438],[4.81,52.423],[4.842,52.419],[4.825,52.44]]]},"properties":{"id":286245,"statcode":"WK047921","statnaam":"Wijk 21 Oude Haven","jrstatcode":"1998WK047921","rubriek":"wijk","FID":"wijk_gegeneraliseerd_1998.2da21adb-789b-439f-8b25-7eb44aa2ca12"},"id":"WK047921"},
{"type":"Feature","geometry":{"type":"Polygon","coordinates":[[[4.813,52.438],[4.824,52.441],[4.819,52.452],[4.812,52.456],[4.806,52.455],[4.813,52.438]]]},"properties":{"id":286246,"statcode":"WK047922","statnaam":"Wijk 22 Zaandam West","jrstatcode":"1998WK047922","rubriek":"wijk","FID":"wijk_gegeneraliseerd_1998.7585215a-cdba-4714-83c2-af352a084152"},"id":"WK047922"},
{"type":"Feature","geometry":{"type":"Polygon","coordinates":[[[4.813,52.438],[4.806,52.455],[4.786,52.453],[4.793,52.435],[4.783,52.427],[4.81,52.423],[4.813,52.438]]]},"properties":{"id":286247,"statcode":"WK047923","statnaam":"Wijk 23 Nieuw west","jrstatcode":"1998WK047923","rubriek":"wijk","FID":"wijk_gegeneraliseerd_1998.b5756718-dbf5-4a19-97e9-dc727ca0df92"},"id":"WK047923"},
{"type":"Feature","geometry":{"type":"Polygon","coordinates":[[[4.805,52.47],[4.806,52.455],[4.812,52.456],[4.813,52.463],[4.813,52.471],[4.805,52.47]]]},"properties":{"id":286248,"statcode":"WK047931","statnaam":"Wijk 31 Oud Koog a/d Zaan","jrstatcode":"1998WK047931","rubriek":"wijk","FID":"wijk_gegeneraliseerd_1998.6b8db6b9-c335-4796-b157-43be61c40fbd"},"id":"WK047931"},
{"type":"Feature","geometry":{"type":"Polygon","coordinates":[[[4.805,52.47],[4.787,52.467],[4.786,52.453],[4.806,52.455],[4.805,52.47]]]},"properties":{"id":286249,"statcode":"WK047932","statnaam":"Wijk 32 Westerkoog","jrstatcode":"1998WK047932","rubriek":"wijk","FID":"wijk_gegeneraliseerd_1998.b1a7a8fd-0e89-41bb-9376-9c092208e4f4"},"id":"WK047932"},
{"type":"Feature","geometry":{"type":"Polygon","coordinates":[[[4.804,52.48],[4.805,52.47],[4.813,52.471],[4.812,52.482],[4.804,52.48]]]},"properties":{"id":286250,"statcode":"WK047941","statnaam":"Wijk 41 Oud Zaandijk","jrstatcode":"1998WK047941","rubriek":"wijk","FID":"wijk_gegeneraliseerd_1998.f6176ab1-5650-4084-94b9-70a55aabb508"},"id":"WK047941"},
{"type":"Feature","geometry":{"type":"Polygon","coordinates":[[[4.784,52.476],[4.787,52.467],[4.805,52.47],[4.804,52.48],[4.784,52.476]]]},"properties":{"id":286251,"statcode":"WK047942","statnaam":"Wijk 42 Rooswijk","jrstatcode":"1998WK047942","rubriek":"wijk","FID":"wijk_gegeneraliseerd_1998.adddd2a4-75aa-4867-ae12-9912b05076a4"},"id":"WK047942"},
{"type":"Feature","geometry":{"type":"Polygon","coordinates":[[[4.812,52.484],[4.795,52.496],[4.79,52.519],[4.783,52.52],[4.775,52.519],[4.777,52.505],[4.773,52.493],[4.771,52.485],[4.784,52.476],[4.804,52.48],[4.812,52.482],[4.812,52.484]]]},"properties":{"id":286252,"statcode":"WK047951","statnaam":"Wijk 51 Wormerveer","jrstatcode":"1998WK047951","rubriek":"wijk","FID":"wijk_gegeneraliseerd_1998.ab234fc2-8775-4276-98d3-be278b5dfb89"},"id":"WK047951"},
{"type":"Feature","geometry":{"type":"Polygon","coordinates":[[[4.777,52.505],[4.755,52.495],[4.773,52.493],[4.777,52.505]]]},"properties":{"id":286253,"statcode":"WK047961","statnaam":"Wijk 61 Krommenie Oost","jrstatcode":"1998WK047961","rubriek":"wijk","FID":"wijk_gegeneraliseerd_1998.522aa671-3d96-4f38-965c-4d3063ec04f4"},"id":"WK047961"},
{"type":"Feature","geometry":{"type":"Polygon","coordinates":[[[4.755,52.495],[4.777,52.505],[4.775,52.519],[4.74,52.502],[4.755,52.495]]]},"properties":{"id":286254,"statcode":"WK047962","statnaam":"Wijk 62 Krommenie West","jrstatcode":"1998WK047962","rubriek":"wijk","FID":"wijk_gegeneraliseerd_1998.e89c9ba8-3842-42b1-9bf1-aeab12d5fda6"},"id":"WK047962"},
{"type":"Feature","geometry":{"type":"Polygon","coordinates":[[[4.771,52.485],[4.773,52.493],[4.755,52.495],[4.74,52.502],[4.72,52.495],[4.708,52.487],[4.698,52.471],[4.675,52.455],[4.723,52.433],[4.739,52.431],[4.75,52.43],[4.768,52.472],[4.771,52.485]]]},"properties":{"id":286255,"statcode":"WK047971","statnaam":"Wijk 71 Assendelft","jrstatcode":"1998WK047971","rubriek":"wijk","FID":"wijk_gegeneraliseerd_1998.e8197048-9439-4f8f-b120-2a922f6fc598"},"id":"WK047971"},
{"type":"Feature","geometry":{"type":"Polygon","coordinates":[[[4.783,52.427],[4.793,52.435],[4.786,52.453],[4.787,52.467],[4.784,52.476],[4.771,52.485],[4.768,52.472],[4.75,52.43],[4.783,52.427]]]},"properties":{"id":286256,"statcode":"WK047981","statnaam":"Wijk 81 Westzaan","jrstatcode":"1998WK047981","rubriek":"wijk","FID":"wijk_gegeneraliseerd_1998.c2d6c57c-30c5-408f-8751-9dd1947b3e17"},"id":"WK047981"},
{"type":"Feature","geometry":{"type":"Polygon","coordinates":[[[4.708,52.205],[4.689,52.192],[4.681,52.168],[4.7,52.157],[4.704,52.145],[4.727,52.159],[4.742,52.163],[4.773,52.17],[4.769,52.177],[4.741,52.184],[4.734,52.207],[4.726,52.212],[4.708,52.205]]]},"properties":{"id":286257,"statcode":"WK048000","statnaam":"Wijk 00 Ter Aar","jrstatcode":"1998WK048000","rubriek":"wijk","FID":"wijk_gegeneraliseerd_1998.5cd0a5cb-d8b8-415e-8e4d-5e3bef363194"},"id":"WK048000"},
{"type":"Feature","geometry":{"type":"Polygon","coordinates":[[[4.635,51.87],[4.649,51.862],[4.673,51.839],[4.683,51.849],[4.681,51.86],[4.7,51.88],[4.665,51.875],[4.626,51.881],[4.635,51.87]]]},"properties":{"id":286258,"statcode":"WK048200","statnaam":"Wijk 00","jrstatcode":"1998WK048200","rubriek":"wijk","FID":"wijk_gegeneraliseerd_1998.8214a1a0-e05f-4def-bace-4368d6c8622a"},"id":"WK048200"},
{"type":"Feature","geometry":{"type":"Polygon","coordinates":[[[4.644,52.221],[4.627,52.215],[4.622,52.215],[4.614,52.193],[4.615,52.175],[4.634,52.185],[4.651,52.2],[4.648,52.208],[4.644,52.221]]]},"properties":{"id":286259,"statcode":"WK048300","statnaam":"Wijk 00 Roelofarendsveen","jrstatcode":"1998WK048300","rubriek":"wijk","FID":"wijk_gegeneraliseerd_1998.004419d5-a2d9-4637-bb9f-4fa35bae0bf5"},"id":"WK048300"},
{"type":"Feature","geometry":{"type":"Polygon","coordinates":[[[4.558,52.219],[4.56,52.2],[4.547,52.199],[4.538,52.18],[4.54,52.175],[4.542,52.172],[4.559,52.164],[4.594,52.18],[4.615,52.175],[4.614,52.193],[4.622,52.215],[4.558,52.219]]]},"properties":{"id":286260,"statcode":"WK048301","statnaam":"Wijk 01 Overig Alkemade","jrstatcode":"1998WK048301","rubriek":"wijk","FID":"wijk_gegeneraliseerd_1998.5d4c8728-e913-4042-9e63-e0b5e64e8c6d"},"id":"WK048301"},
{"type":"Feature","geometry":{"type":"Polygon","coordinates":[[[4.665,52.162],[4.619,52.159],[4.629,52.139],[4.657,52.142],[4.662,52.14],[4.664,52.14],[4.665,52.162]]]},"properties":{"id":286261,"statcode":"WK048401","statnaam":"Oudshoorn","jrstatcode":"1998WK048401","rubriek":"wijk","FID":"wijk_gegeneraliseerd_1998.9c0df259-0863-450c-a2c4-4aea75b20321"},"id":"WK048401"},
{"type":"Feature","geometry":{"type":"Polygon","coordinates":[[[4.673,52.139],[4.7,52.157],[4.681,52.168],[4.665,52.162],[4.664,52.14],[4.673,52.139]]]},"properties":{"id":286262,"statcode":"WK048402","statnaam":"Ridderveld","jrstatcode":"1998WK048402","rubriek":"wijk","FID":"wijk_gegeneraliseerd_1998.6d546702-ba80-4462-bc90-e41ce75d9bc5"},"id":"WK048402"},
{"type":"Feature","geometry":{"type":"Polygon","coordinates":[[[4.7,52.157],[4.673,52.139],[4.689,52.134],[4.704,52.145],[4.7,52.157]]]},"properties":{"id":286263,"statcode":"WK048403","statnaam":"Zegersloot","jrstatcode":"1998WK048403","rubriek":"wijk","FID":"wijk_gegeneraliseerd_1998.37a9fded-d4e6-4813-be45-5e9f82678907"},"id":"WK048403"},
{"type":"Feature","geometry":{"type":"Polygon","coordinates":[[[4.625,52.128],[4.653,52.128],[4.657,52.142],[4.629,52.139],[4.622,52.133],[4.625,52.128]]]},"properties":{"id":286264,"statcode":"WK048404","statnaam":"Hoorn","jrstatcode":"1998WK048404","rubriek":"wijk","FID":"wijk_gegeneraliseerd_1998.241f319b-4abe-4a14-b921-328354badb5e"},"id":"WK048404"},
{"type":"Feature","geometry":{"type":"Polygon","coordinates":[[[4.657,52.142],[4.653,52.128],[4.672,52.115],[4.674,52.119],[4.665,52.122],[4.662,52.14],[4.657,52.142]]]},"properties":{"id":286265,"statcode":"WK048405","statnaam":"Hoge Zijde","jrstatcode":"1998WK048405","rubriek":"wijk","FID":"wijk_gegeneraliseerd_1998.7e41f68b-278e-4d3d-9cd9-2641d2f92340"},"id":"WK048405"},
{"type":"Feature","geometry":{"type":"Polygon","coordinates":[[[4.689,52.134],[4.673,52.139],[4.664,52.14],[4.662,52.14],[4.665,52.122],[4.674,52.119],[4.676,52.121],[4.689,52.134]]]},"properties":{"id":286266,"statcode":"WK048406","statnaam":"Lage Zijde","jrstatcode":"1998WK048406","rubriek":"wijk","FID":"wijk_gegeneraliseerd_1998.5184ef11-cbfd-4943-ad86-9b65944cec5c"},"id":"WK048406"},
{"type":"Feature","geometry":{"type":"Polygon","coordinates":[[[4.671,52.111],[4.664,52.1],[4.705,52.095],[4.725,52.1],[4.723,52.11],[4.676,52.121],[4.674,52.119],[4.672,52.115],[4.671,52.111]]]},"properties":{"id":286267,"statcode":"WK048407","statnaam":"Steekterpolder","jrstatcode":"1998WK048407","rubriek":"wijk","FID":"wijk_gegeneraliseerd_1998.5172916d-58b8-4b28-9f5f-a3e5e5305b41"},"id":"WK048407"},
{"type":"Feature","geometry":{"type":"Polygon","coordinates":[[[4.653,52.128],[4.625,52.128],[4.628,52.122],[4.648,52.11],[4.671,52.111],[4.672,52.115],[4.653,52.128]]]},"properties":{"id":286268,"statcode":"WK048408","statnaam":"Kerk en Zanen","jrstatcode":"1998WK048408","rubriek":"wijk","FID":"wijk_gegeneraliseerd_1998.df5d1a3f-465f-42c6-af9e-28910fe81129"},"id":"WK048408"},
{"type":"Feature","geometry":{"type":"Polygon","coordinates":[[[4.671,52.111],[4.648,52.11],[4.628,52.122],[4.641,52.098],[4.664,52.1],[4.671,52.111]]]},"properties":{"id":286269,"statcode":"WK048409","statnaam":"Rietveld","jrstatcode":"1998WK048409","rubriek":"wijk","FID":"wijk_gegeneraliseerd_1998.9db7a004-f778-4165-8daa-3b54e6e45115"},"id":"WK048409"},
{"type":"Feature","geometry":{"type":"Polygon","coordinates":[[[4.742,52.163],[4.727,52.159],[4.704,52.145],[4.689,52.134],[4.676,52.121],[4.723,52.11],[4.741,52.108],[4.759,52.134],[4.742,52.163]]]},"properties":{"id":286270,"statcode":"WK048445","statnaam":"Aarlanderveen","jrstatcode":"1998WK048445","rubriek":"wijk","FID":"wijk_gegeneraliseerd_1998.12898497-1ced-44bf-8993-fa709ae9d8c0"},"id":"WK048445"},
{"type":"Feature","geometry":{"type":"Polygon","coordinates":[[[4.723,52.11],[4.725,52.1],[4.734,52.102],[4.739,52.107],[4.741,52.108],[4.723,52.11]]]},"properties":{"id":286271,"statcode":"WK048471","statnaam":"Zwammerdam","jrstatcode":"1998WK048471","rubriek":"wijk","FID":"wijk_gegeneraliseerd_1998.9786e2f4-c800-4f55-85ba-132c94977dc5"},"id":"WK048471"},
{"type":"Feature","geometry":{"type":"Polygon","coordinates":[[[4.511,51.857],[4.516,51.848],[4.56,51.839],[4.562,51.84],[4.537,51.87],[4.535,51.869],[4.512,51.859],[4.511,51.857]]]},"properties":{"id":286272,"statcode":"WK048900","statnaam":"Wijk 00 Barendrecht","jrstatcode":"1998WK048900","rubriek":"wijk","FID":"wijk_gegeneraliseerd_1998.a3847f3c-30d8-4960-bba3-dbe2b3684de2"},"id":"WK048900"},
{"type":"Feature","geometry":{"type":"Polygon","coordinates":[[[4.48,51.862],[4.489,51.835],[4.506,51.834],[4.511,51.857],[4.512,51.859],[4.487,51.867],[4.48,51.862]]]},"properties":{"id":286273,"statcode":"WK048901","statnaam":"Wijk 01 Smitshoek","jrstatcode":"1998WK048901","rubriek":"wijk","FID":"wijk_gegeneraliseerd_1998.9631dcce-6d99-4427-a53a-f42d08c6a65c"},"id":"WK048901"},
{"type":"Feature","geometry":{"type":"MultiPolygon","coordinates":[[[[4.56,51.839],[4.516,51.848],[4.511,51.857],[4.506,51.834],[4.553,51.83],[4.56,51.839]]],[[[4.515,51.869],[4.487,51.867],[4.512,51.859],[4.535,51.869],[4.515,51.869]]],[[[4.549,51.874],[4.537,51.87],[4.562,51.84],[4.571,51.847],[4.549,51.874]]]]},"properties":{"id":286274,"statcode":"WK048902","statnaam":"Wijk 02 Barendrecht onbebouwde kom","jrstatcode":"1998WK048902","rubriek":"wijk","FID":"wijk_gegeneraliseerd_1998.1e316087-f52a-407c-8eb4-3d29b2eccb08"},"id":"WK048902"},
{"type":"Feature","geometry":{"type":"Polygon","coordinates":[[[4.745,51.927],[4.812,51.938],[4.831,51.949],[4.827,51.97],[4.813,51.969],[4.815,51.958],[4.738,51.944],[4.721,51.944],[4.717,51.93],[4.745,51.927]]]},"properties":{"id":286275,"statcode":"WK049100","statnaam":"Wijk 00 Bergambacht","jrstatcode":"1998WK049100","rubriek":"wijk","FID":"wijk_gegeneraliseerd_1998.3678928d-e798-45d2-88ad-14f2906fb5ea"},"id":"WK049100"},
{"type":"Feature","geometry":{"type":"Polygon","coordinates":[[[4.801,51.922],[4.814,51.926],[4.832,51.939],[4.831,51.949],[4.812,51.938],[4.745,51.927],[4.744,51.906],[4.764,51.915],[4.801,51.922]]]},"properties":{"id":286276,"statcode":"WK049101","statnaam":"Wijk 01 Bergstoep","jrstatcode":"1998WK049101","rubriek":"wijk","FID":"wijk_gegeneraliseerd_1998.7a35d89f-ad12-4e0b-8b88-4528fa80e5b2"},"id":"WK049101"},
{"type":"Feature","geometry":{"type":"Polygon","coordinates":[[[4.814,51.926],[4.801,51.922],[4.806,51.923],[4.814,51.926]]]},"properties":{"id":286277,"statcode":"WK049102","statnaam":"Wijk 02 Ammerstol","jrstatcode":"1998WK049102","rubriek":"wijk","FID":"wijk_gegeneraliseerd_1998.5fa44f85-2dbb-49d7-a0a3-5d28fd80600f"},"id":"WK049102"},
{"type":"Feature","geometry":{"type":"Polygon","coordinates":[[[4.709,51.984],[4.679,51.958],[4.68,51.944],[4.691,51.932],[4.717,51.93],[4.721,51.944],[4.705,51.963],[4.721,51.978],[4.709,51.984]]]},"properties":{"id":286278,"statcode":"WK049103","statnaam":"Wijk 03 Berkenwoude","jrstatcode":"1998WK049103","rubriek":"wijk","FID":"wijk_gegeneraliseerd_1998.8e6daca3-5ff2-4b28-bb2e-6738ab40f992"},"id":"WK049103"},
{"type":"Feature","geometry":{"type":"Polygon","coordinates":[[[4.547,51.989],[4.539,51.987],[4.501,52.006],[4.469,51.98],[4.495,51.968],[4.524,51.964],[4.548,51.973],[4.547,51.989]]]},"properties":{"id":286279,"statcode":"WK049200","statnaam":"Wijk 00 Bergschenhoek","jrstatcode":"1998WK049200","rubriek":"wijk","FID":"wijk_gegeneraliseerd_1998.92a7f720-78ec-4b90-86b2-c8d02c0a0eab"},"id":"WK049200"},
{"type":"Feature","geometry":{"type":"Polygon","coordinates":[[[4.477,52.032],[4.457,52.022],[4.459,52.002],[4.428,51.976],[4.447,51.963],[4.457,51.967],[4.469,51.98],[4.501,52.006],[4.505,52.032],[4.496,52.032],[4.477,52.032]]]},"properties":{"id":286280,"statcode":"WK049300","statnaam":"Wijk 00 Berkel en Rodenrijs","jrstatcode":"1998WK049300","rubriek":"wijk","FID":"wijk_gegeneraliseerd_1998.073940d6-16d7-489d-99d4-d1a80ac789b2"},"id":"WK049300"},
{"type":"Feature","geometry":{"type":"Polygon","coordinates":[[[4.501,52.006],[4.539,51.987],[4.547,51.989],[4.556,52.006],[4.562,52.041],[4.565,52.059],[4.557,52.061],[4.532,52.048],[4.505,52.032],[4.501,52.006]]]},"properties":{"id":286281,"statcode":"WK049500","statnaam":"Wijk 00","jrstatcode":"1998WK049500","rubriek":"wijk","FID":"wijk_gegeneraliseerd_1998.d55a74e9-a4bf-491a-b6e6-20ddbaa7c4a0"},"id":"WK049500"},
{"type":"Feature","geometry":{"type":"Polygon","coordinates":[[[4.734,52.102],[4.749,52.081],[4.786,52.071],[4.806,52.066],[4.813,52.103],[4.823,52.105],[4.824,52.105],[4.792,52.122],[4.739,52.107],[4.734,52.102]]]},"properties":{"id":286282,"statcode":"WK049700","statnaam":"Wijk 00 Bodegraven en omgeving","jrstatcode":"1998WK049700","rubriek":"wijk","FID":"wijk_gegeneraliseerd_1998.cd45d630-1cd3-4571-abeb-82179c44479e"},"id":"WK049700"},
{"type":"Feature","geometry":{"type":"Polygon","coordinates":[[[4.786,52.071],[4.749,52.081],[4.734,52.102],[4.725,52.1],[4.705,52.095],[4.713,52.077],[4.768,52.066],[4.786,52.071]]]},"properties":{"id":286283,"statcode":"WK049701","statnaam":"Wijk 01 Dronenwijk en omgeving","jrstatcode":"1998WK049701","rubriek":"wijk","FID":"wijk_gegeneraliseerd_1998.653c9d9b-3f6b-4533-bcc7-a3bf19654c8d"},"id":"WK049701"},
{"type":"Feature","geometry":{"type":"Polygon","coordinates":[[[4.83,52.067],[4.823,52.105],[4.813,52.103],[4.806,52.066],[4.786,52.071],[4.768,52.066],[4.784,52.065],[4.83,52.067]]]},"properties":{"id":286284,"statcode":"WK049702","statnaam":"Wijk 02 Nieuwerbrug en omgeving","jrstatcode":"1998WK049702","rubriek":"wijk","FID":"wijk_gegeneraliseerd_1998.a3e63874-c320-4c16-86e7-7167062c5278"},"id":"WK049702"},
{"type":"Feature","geometry":{"type":"Polygon","coordinates":[[[5.187,52.707],[5.144,52.696],[5.171,52.673],[5.205,52.677],[5.187,52.707]]]},"properties":{"id":286285,"statcode":"WK049800","statnaam":"Wijk 00","jrstatcode":"1998WK049800","rubriek":"wijk","FID":"wijk_gegeneraliseerd_1998.46c5b3d8-6b48-49d3-bbcf-b2f8a0df3c27"},"id":"WK049800"},
{"type":"Feature","geometry":{"type":"Polygon","coordinates":[[[5.171,52.673],[5.144,52.696],[5.091,52.679],[5.099,52.671],[5.133,52.679],[5.148,52.664],[5.171,52.673]]]},"properties":{"id":286286,"statcode":"WK049801","statnaam":"Wijk 01","jrstatcode":"1998WK049801","rubriek":"wijk","FID":"wijk_gegeneraliseerd_1998.1da4533b-111d-4568-8310-c5be2b61437c"},"id":"WK049801"},
{"type":"Feature","geometry":{"type":"Polygon","coordinates":[[[5.148,52.664],[5.133,52.679],[5.099,52.671],[5.097,52.67],[5.104,52.663],[5.116,52.651],[5.14,52.658],[5.148,52.664]]]},"properties":{"id":286287,"statcode":"WK049802","statnaam":"Wijk 02","jrstatcode":"1998WK049802","rubriek":"wijk","FID":"wijk_gegeneraliseerd_1998.63448d7d-2a94-4d91-8342-a8d7f077eae1"},"id":"WK049802"},
{"type":"Feature","geometry":{"type":"Polygon","coordinates":[[[4.625,52.076],[4.638,52.065],[4.66,52.064],[4.677,52.066],[4.713,52.077],[4.705,52.095],[4.664,52.1],[4.641,52.098],[4.625,52.076]]]},"properties":{"id":286288,"statcode":"WK049900","statnaam":"Wijk 00 Boskoop","jrstatcode":"1998WK049900","rubriek":"wijk","FID":"wijk_gegeneraliseerd_1998.fc08a63d-a78e-4371-b07a-9561bdf26d88"},"id":"WK049900"},
{"type":"Feature","geometry":{"type":"Polygon","coordinates":[[[4.16,51.883],[4.187,51.905],[4.173,51.919],[4.145,51.931],[4.153,51.922],[4.135,51.906],[4.16,51.883]]]},"properties":{"id":286289,"statcode":"WK050100","statnaam":"Wijk 00 Brielle","jrstatcode":"1998WK050100","rubriek":"wijk","FID":"wijk_gegeneraliseerd_1998.012bdf1f-2706-4e8c-986f-65a016ee0235"},"id":"WK050100"},
{"type":"Feature","geometry":{"type":"Polygon","coordinates":[[[4.187,51.905],[4.16,51.883],[4.155,51.882],[4.16,51.867],[4.186,51.863],[4.202,51.873],[4.197,51.884],[4.209,51.897],[4.187,51.905]]]},"properties":{"id":286290,"statcode":"WK050101","statnaam":"Wijk 01 Vierpolders","jrstatcode":"1998WK050101","rubriek":"wijk","FID":"wijk_gegeneraliseerd_1998.fbc0ea17-f11e-4136-9b4d-7035382be5e5"},"id":"WK050101"},
{"type":"Feature","geometry":{"type":"Polygon","coordinates":[[[4.229,51.886],[4.209,51.897],[4.197,51.884],[4.202,51.873],[4.186,51.863],[4.185,51.85],[4.239,51.873],[4.229,51.886]]]},"properties":{"id":286291,"statcode":"WK050102","statnaam":"Wijk 02 Zwartewaal","jrstatcode":"1998WK050102","rubriek":"wijk","FID":"wijk_gegeneraliseerd_1998.a0aaffd3-4314-46b8-b1c9-57e6fdef5eee"},"id":"WK050102"},
{"type":"Feature","geometry":{"type":"Polygon","coordinates":[[[4.173,51.919],[4.187,51.905],[4.209,51.897],[4.229,51.886],[4.214,51.9],[4.173,51.919]]]},"properties":{"id":286292,"statcode":"WK050103","statnaam":"Wijk 03 Recreatiestrook Brielse Maas","jrstatcode":"1998WK050103","rubriek":"wijk","FID":"wijk_gegeneraliseerd_1998.358118c0-dec7-45ae-869d-4df124bf0a0b"},"id":"WK050103"},
{"type":"Feature","geometry":{"type":"Polygon","coordinates":[[[4.592,51.938],[4.566,51.924],[4.579,51.917],[4.601,51.927],[4.592,51.938]]]},"properties":{"id":286293,"statcode":"WK050200","statnaam":"Wijk 00 Capelle-Middelwatering","jrstatcode":"1998WK050200","rubriek":"wijk","FID":"wijk_gegeneraliseerd_1998.ee16c7b4-43a9-4aea-9725-82b94c7cdb04"},"id":"WK050200"},
{"type":"Feature","geometry":{"type":"Polygon","coordinates":[[[4.565,51.924],[4.541,51.919],[4.55,51.907],[4.579,51.917],[4.566,51.924],[4.565,51.924]]]},"properties":{"id":286294,"statcode":"WK050201","statnaam":"Wijk 01 Capelle-West","jrstatcode":"1998WK050201","rubriek":"wijk","FID":"wijk_gegeneraliseerd_1998.3976dfbe-343b-40a2-bfd6-4e5f0ab016f8"},"id":"WK050201"},
{"type":"Feature","geometry":{"type":"Polygon","coordinates":[[[4.619,51.933],[4.604,51.945],[4.592,51.938],[4.601,51.927],[4.618,51.931],[4.619,51.933]]]},"properties":{"id":286295,"statcode":"WK050202","statnaam":"Wijk 02 Capelle-Oostgaarde","jrstatcode":"1998WK050202","rubriek":"wijk","FID":"wijk_gegeneraliseerd_1998.5c09fc44-dc35-4f3e-a252-f2d5249c4b34"},"id":"WK050202"},
{"type":"Feature","geometry":{"type":"Polygon","coordinates":[[[4.6,51.948],[4.592,51.943],[4.565,51.929],[4.565,51.924],[4.566,51.924],[4.592,51.938],[4.604,51.945],[4.6,51.948]]]},"properties":{"id":286296,"statcode":"WK050203","statnaam":"Wijk 03 's-Gravenweg (gedeeltelijk)","jrstatcode":"1998WK050203","rubriek":"wijk","FID":"wijk_gegeneraliseerd_1998.49933a67-c018-4dff-a53c-a57bb5dfda18"},"id":"WK050203"},
{"type":"Feature","geometry":{"type":"Polygon","coordinates":[[[4.573,51.944],[4.565,51.929],[4.592,51.943],[4.573,51.944]]]},"properties":{"id":286297,"statcode":"WK050204","statnaam":"Wijk 04 Capelle-Schenkel","jrstatcode":"1998WK050204","rubriek":"wijk","FID":"wijk_gegeneraliseerd_1998.552780d6-e3dc-410f-9b67-7e51c704567f"},"id":"WK050204"},
{"type":"Feature","geometry":{"type":"Polygon","coordinates":[[[4.573,51.944],[4.592,51.943],[4.6,51.948],[4.584,51.966],[4.562,51.957],[4.573,51.944]]]},"properties":{"id":286298,"statcode":"WK050205","statnaam":"Wijk 05 Capelle-Schollevaar","jrstatcode":"1998WK050205","rubriek":"wijk","FID":"wijk_gegeneraliseerd_1998.75b027f6-5f08-431e-903d-a9ba030ccbd9"},"id":"WK050205"},
{"type":"Feature","geometry":{"type":"Polygon","coordinates":[[[4.369,52.01],[4.348,52.022],[4.347,52.022],[4.344,52.021],[4.357,52.004],[4.36,52.005],[4.369,52.01]]]},"properties":{"id":286299,"statcode":"WK050311","statnaam":"Wijk 11 Binnenstad","jrstatcode":"1998WK050311","rubriek":"wijk","FID":"wijk_gegeneraliseerd_1998.8af89658-237f-448d-8cdd-af1d733ce3a6"},"id":"WK050311"},
{"type":"Feature","geometry":{"type":"Polygon","coordinates":[[[4.381,52.009],[4.361,52.027],[4.348,52.022],[4.369,52.01],[4.381,52.009]]]},"properties":{"id":286300,"statcode":"WK050312","statnaam":"Wijk 12 Vrijenban","jrstatcode":"1998WK050312","rubriek":"wijk","FID":"wijk_gegeneraliseerd_1998.6f079d1d-c037-4eab-87ce-761d25edaca2"},"id":"WK050312"},
{"type":"Feature","geometry":{"type":"Polygon","coordinates":[[[4.357,52.004],[4.344,52.021],[4.334,52.016],[4.347,52.001],[4.357,52.004]]]},"properties":{"id":286301,"statcode":"WK050313","statnaam":"Wijk 13 Hof van Delft","jrstatcode":"1998WK050313","rubriek":"wijk","FID":"wijk_gegeneraliseerd_1998.71672b0f-f5ab-490d-8940-e492b86f3248"},"id":"WK050313"},
{"type":"Feature","geometry":{"type":"Polygon","coordinates":[[[4.347,52.001],[4.334,52.016],[4.33,52.015],[4.344,52],[4.347,52.001]]]},"properties":{"id":286302,"statcode":"WK050314","statnaam":"Wijk 14 Voordijkshoorn","jrstatcode":"1998WK050314","rubriek":"wijk","FID":"wijk_gegeneraliseerd_1998.31847a3e-441d-409e-bf5f-0acaeff1c888"},"id":"WK050314"},
{"type":"Feature","geometry":{"type":"Polygon","coordinates":[[[4.374,52.033],[4.361,52.027],[4.381,52.009],[4.389,52.009],[4.386,52.023],[4.374,52.033]]]},"properties":{"id":286303,"statcode":"WK050316","statnaam":"Wijk 16 Delftse Hout","jrstatcode":"1998WK050316","rubriek":"wijk","FID":"wijk_gegeneraliseerd_1998.f20d60c1-7de3-49f6-8b5f-e844e9b5ef0a"},"id":"WK050316"},
{"type":"Feature","geometry":{"type":"Polygon","coordinates":[[[4.351,51.988],[4.334,51.984],[4.342,51.977],[4.356,51.979],[4.352,51.988],[4.351,51.988]]]},"properties":{"id":286304,"statcode":"WK050322","statnaam":"Wijk 22 Tanthof-West","jrstatcode":"1998WK050322","rubriek":"wijk","FID":"wijk_gegeneraliseerd_1998.22764495-9a6b-45ac-9b19-dc0aa007d1db"},"id":"WK050322"},
{"type":"Feature","geometry":{"type":"Polygon","coordinates":[[[4.352,51.988],[4.356,51.979],[4.37,51.981],[4.365,51.99],[4.352,51.988]]]},"properties":{"id":286305,"statcode":"WK050323","statnaam":"Wijk 23 Tanthof-Oost","jrstatcode":"1998WK050323","rubriek":"wijk","FID":"wijk_gegeneraliseerd_1998.9ddbf310-6023-4d98-8764-fc86a8b6fa0c"},"id":"WK050323"},
{"type":"Feature","geometry":{"type":"Polygon","coordinates":[[[4.357,52.004],[4.347,52.001],[4.351,51.988],[4.352,51.988],[4.365,51.99],[4.357,52.004]]]},"properties":{"id":286306,"statcode":"WK050324","statnaam":"Wijk 24 Voorhof","jrstatcode":"1998WK050324","rubriek":"wijk","FID":"wijk_gegeneraliseerd_1998.385a20ac-7a0f-4f3f-8152-377a95890f91"},"id":"WK050324"},
{"type":"Feature","geometry":{"type":"Polygon","coordinates":[[[4.351,51.988],[4.347,52.001],[4.344,52],[4.334,51.984],[4.351,51.988]]]},"properties":{"id":286307,"statcode":"WK050325","statnaam":"Wijk 25 Buitenhof","jrstatcode":"1998WK050325","rubriek":"wijk","FID":"wijk_gegeneraliseerd_1998.3fa2570f-412b-41a5-8784-09b55b47fb4f"},"id":"WK050325"},
{"type":"Feature","geometry":{"type":"Polygon","coordinates":[[[4.37,51.981],[4.356,51.979],[4.342,51.977],[4.364,51.961],[4.379,51.963],[4.38,51.963],[4.37,51.981]]]},"properties":{"id":286308,"statcode":"WK050326","statnaam":"Wijk 26 Abtswoude","jrstatcode":"1998WK050326","rubriek":"wijk","FID":"wijk_gegeneraliseerd_1998.be6672e4-52f9-4e38-bf14-efec4637df5c"},"id":"WK050326"},
{"type":"Feature","geometry":{"type":"Polygon","coordinates":[[[4.37,51.992],[4.36,52.005],[4.357,52.004],[4.365,51.99],[4.37,51.981],[4.38,51.963],[4.392,51.965],[4.37,51.992]]]},"properties":{"id":286309,"statcode":"WK050327","statnaam":"Wijk 27 Schieweg","jrstatcode":"1998WK050327","rubriek":"wijk","FID":"wijk_gegeneraliseerd_1998.fffeda76-68de-44d0-9734-77c350f7e95f"},"id":"WK050327"},
{"type":"Feature","geometry":{"type":"Polygon","coordinates":[[[4.39,51.997],[4.389,52.009],[4.381,52.009],[4.369,52.01],[4.36,52.005],[4.37,51.992],[4.39,51.997]]]},"properties":{"id":286310,"statcode":"WK050328","statnaam":"Wijk 28 Wippolder","jrstatcode":"1998WK050328","rubriek":"wijk","FID":"wijk_gegeneraliseerd_1998.3c6ad1bf-00a0-4768-99ca-73a38e86da5b"},"id":"WK050328"},
{"type":"Feature","geometry":{"type":"Polygon","coordinates":[[[4.408,51.968],[4.39,51.997],[4.37,51.992],[4.392,51.965],[4.408,51.968]]]},"properties":{"id":286311,"statcode":"WK050329","statnaam":"Wijk 29 Ruiven","jrstatcode":"1998WK050329","rubriek":"wijk","FID":"wijk_gegeneraliseerd_1998.a33e0afc-3b77-4217-b31b-3f6943d02cf4"},"id":"WK050329"},
{"type":"Feature","geometry":{"type":"Polygon","coordinates":[[[4.104,51.753],[4.092,51.768],[4.064,51.761],[4.062,51.738],[4.094,51.717],[4.115,51.727],[4.104,51.753]]]},"properties":{"id":286312,"statcode":"WK050400","statnaam":"Wijk 00 Dirksland","jrstatcode":"1998WK050400","rubriek":"wijk","FID":"wijk_gegeneraliseerd_1998.2970f8b4-28a2-4dc3-865d-6fef1556624e"},"id":"WK050400"},
{"type":"Feature","geometry":{"type":"Polygon","coordinates":[[[4.119,51.714],[4.133,51.726],[4.119,51.745],[4.127,51.754],[4.108,51.767],[4.125,51.793],[4.084,51.807],[4.066,51.783],[4.022,51.771],[4.018,51.752],[4.034,51.744],[4.04,51.727],[4.059,51.712],[4.064,51.728],[4.092,51.714],[4.119,51.714]],[[4.104,51.753],[4.115,51.727],[4.094,51.717],[4.062,51.738],[4.064,51.761],[4.092,51.768],[4.104,51.753]]]},"properties":{"id":286313,"statcode":"WK050401","statnaam":"Wijk 01 Melissant","jrstatcode":"1998WK050401","rubriek":"wijk","FID":"wijk_gegeneraliseerd_1998.6845295e-7707-47fd-9a93-20f6fe0366d9"},"id":"WK050401"},
{"type":"Feature","geometry":{"type":"Polygon","coordinates":[[[4.119,51.714],[4.092,51.714],[4.064,51.728],[4.059,51.712],[4.083,51.706],[4.116,51.707],[4.119,51.714]]]},"properties":{"id":286314,"statcode":"WK050402","statnaam":"Wijk 02 Herkingen","jrstatcode":"1998WK050402","rubriek":"wijk","FID":"wijk_gegeneraliseerd_1998.cd02e41e-dfd6-4030-8a4c-b48ecd000206"},"id":"WK050402"},
{"type":"Feature","geometry":{"type":"Polygon","coordinates":[[[4.656,51.809],[4.675,51.82],[4.675,51.821],[4.672,51.821],[4.66,51.817],[4.65,51.811],[4.656,51.809]]]},"properties":{"id":286315,"statcode":"WK050500","statnaam":"Wijk 00 Historische Binnenstad","jrstatcode":"1998WK050500","rubriek":"wijk","FID":"wijk_gegeneraliseerd_1998.c83abdba-3de8-45c6-b9d1-05d967a146fc"},"id":"WK050500"},
{"type":"Feature","geometry":{"type":"Polygon","coordinates":[[[4.662,51.808],[4.674,51.807],[4.688,51.817],[4.675,51.82],[4.656,51.809],[4.662,51.808]]]},"properties":{"id":286316,"statcode":"WK050501","statnaam":"Wijk 01 19e Eeuwse Schil","jrstatcode":"1998WK050501","rubriek":"wijk","FID":"wijk_gegeneraliseerd_1998.63044a15-3f3d-402c-9b97-eed82149ba3a"},"id":"WK050501"},
{"type":"Feature","geometry":{"type":"Polygon","coordinates":[[[4.656,51.809],[4.65,51.802],[4.657,51.795],[4.668,51.797],[4.662,51.808],[4.656,51.809]]]},"properties":{"id":286317,"statcode":"WK050502","statnaam":"Wijk 02 Oud-Krispijn","jrstatcode":"1998WK050502","rubriek":"wijk","FID":"wijk_gegeneraliseerd_1998.410b50ea-01c3-4d3d-b8a2-cbfe5819ddf6"},"id":"WK050502"},
{"type":"Feature","geometry":{"type":"Polygon","coordinates":[[[4.668,51.797],[4.677,51.797],[4.677,51.806],[4.674,51.807],[4.662,51.808],[4.668,51.797]]]},"properties":{"id":286318,"statcode":"WK050503","statnaam":"Wijk 03 Nieuw-krispijn","jrstatcode":"1998WK050503","rubriek":"wijk","FID":"wijk_gegeneraliseerd_1998.eefe2255-947c-41e5-960e-fab3e8361411"},"id":"WK050503"},
{"type":"Feature","geometry":{"type":"Polygon","coordinates":[[[4.698,51.804],[4.677,51.806],[4.677,51.797],[4.698,51.804]]]},"properties":{"id":286319,"statcode":"WK050504","statnaam":"Wijk 04 Land van Valk","jrstatcode":"1998WK050504","rubriek":"wijk","FID":"wijk_gegeneraliseerd_1998.f2995eb0-646d-41b8-bfd4-de7953837489"},"id":"WK050504"},
{"type":"Feature","geometry":{"type":"Polygon","coordinates":[[[4.708,51.814],[4.688,51.817],[4.674,51.807],[4.677,51.806],[4.698,51.804],[4.7,51.806],[4.707,51.813],[4.708,51.814]]]},"properties":{"id":286320,"statcode":"WK050505","statnaam":"Wijk 05 Indische- en Vogelbuurt","jrstatcode":"1998WK050505","rubriek":"wijk","FID":"wijk_gegeneraliseerd_1998.b4257652-3f56-4e8c-81f4-e20ba133d075"},"id":"WK050505"},
{"type":"Feature","geometry":{"type":"Polygon","coordinates":[[[4.708,51.818],[4.688,51.817],[4.708,51.814],[4.708,51.818]]]},"properties":{"id":286321,"statcode":"WK050506","statnaam":"Wijk 06 Staart-West","jrstatcode":"1998WK050506","rubriek":"wijk","FID":"wijk_gegeneraliseerd_1998.69d2ecc0-3828-405b-8fe6-05af5b612082"},"id":"WK050506"},
{"type":"Feature","geometry":{"type":"Polygon","coordinates":[[[4.708,51.818],[4.708,51.814],[4.707,51.813],[4.72,51.809],[4.735,51.806],[4.742,51.816],[4.708,51.818]]]},"properties":{"id":286322,"statcode":"WK050507","statnaam":"Wijk 07 Staart-Oost","jrstatcode":"1998WK050507","rubriek":"wijk","FID":"wijk_gegeneraliseerd_1998.5db444cc-ecec-408d-9dc9-0b2d469cba8d"},"id":"WK050507"},
{"type":"Feature","geometry":{"type":"Polygon","coordinates":[[[4.664,51.785],[4.657,51.795],[4.65,51.802],[4.65,51.784],[4.664,51.785]]]},"properties":{"id":286323,"statcode":"WK050508","statnaam":"Wijk 08 Wielwijk","jrstatcode":"1998WK050508","rubriek":"wijk","FID":"wijk_gegeneraliseerd_1998.461ae8ac-44ae-4756-9055-bbea8b915098"},"id":"WK050508"},
{"type":"Feature","geometry":{"type":"Polygon","coordinates":[[[4.673,51.791],[4.668,51.797],[4.657,51.795],[4.664,51.785],[4.667,51.784],[4.673,51.791]]]},"properties":{"id":286324,"statcode":"WK050509","statnaam":"Wijk 09 Crabbehof","jrstatcode":"1998WK050509","rubriek":"wijk","FID":"wijk_gegeneraliseerd_1998.c5e4fbfe-79d8-40a7-95cc-7dba32040104"},"id":"WK050509"},
{"type":"Feature","geometry":{"type":"Polygon","coordinates":[[[4.677,51.797],[4.668,51.797],[4.673,51.791],[4.674,51.792],[4.677,51.797]]]},"properties":{"id":286325,"statcode":"WK050510","statnaam":"Wijk 10 Zuidhoven","jrstatcode":"1998WK050510","rubriek":"wijk","FID":"wijk_gegeneraliseerd_1998.cc89bf32-c24d-42ef-b35b-d8fc30059d36"},"id":"WK050510"},
{"type":"Feature","geometry":{"type":"Polygon","coordinates":[[[4.674,51.792],[4.673,51.791],[4.667,51.784],[4.685,51.784],[4.674,51.792]]]},"properties":{"id":286326,"statcode":"WK050511","statnaam":"Wijk 11 Sterrenburg 1","jrstatcode":"1998WK050511","rubriek":"wijk","FID":"wijk_gegeneraliseerd_1998.45e4ed21-24e7-4160-9d9a-e89580d3ace2"},"id":"WK050511"},
{"type":"Feature","geometry":{"type":"Polygon","coordinates":[[[4.663,51.78],[4.688,51.775],[4.694,51.784],[4.685,51.784],[4.667,51.784],[4.663,51.78]]]},"properties":{"id":286327,"statcode":"WK050512","statnaam":"Wijk 12 Sterrenburg 2","jrstatcode":"1998WK050512","rubriek":"wijk","FID":"wijk_gegeneraliseerd_1998.0ffa72cd-8c41-4f6e-97fb-70d51fa69e46"},"id":"WK050512"},
{"type":"Feature","geometry":{"type":"Polygon","coordinates":[[[4.688,51.775],[4.663,51.78],[4.66,51.777],[4.688,51.775]]]},"properties":{"id":286328,"statcode":"WK050513","statnaam":"Wijk 13 Sterrenburg 3","jrstatcode":"1998WK050513","rubriek":"wijk","FID":"wijk_gegeneraliseerd_1998.eee6ffb4-dd58-43ee-aebc-3318f5856a1b"},"id":"WK050513"},
{"type":"Feature","geometry":{"type":"Polygon","coordinates":[[[4.698,51.804],[4.677,51.797],[4.674,51.792],[4.685,51.784],[4.694,51.784],[4.726,51.796],[4.715,51.802],[4.7,51.806],[4.698,51.804]]]},"properties":{"id":286329,"statcode":"WK050514","statnaam":"Wijk 14 Dubbeldam","jrstatcode":"1998WK050514","rubriek":"wijk","FID":"wijk_gegeneraliseerd_1998.62f2edc1-7603-48a8-aad8-d2f58812ddf6"},"id":"WK050514"},
{"type":"Feature","geometry":{"type":"Polygon","coordinates":[[[4.736,51.806],[4.715,51.802],[4.726,51.796],[4.736,51.806]]]},"properties":{"id":286330,"statcode":"WK050515","statnaam":"Wijk 15 Stadspolder","jrstatcode":"1998WK050515","rubriek":"wijk","FID":"wijk_gegeneraliseerd_1998.bd5720ed-ae29-4eae-b71a-cd02629e0098"},"id":"WK050515"},
{"type":"Feature","geometry":{"type":"Polygon","coordinates":[[[4.715,51.802],[4.736,51.806],[4.735,51.806],[4.72,51.809],[4.715,51.802]]]},"properties":{"id":286331,"statcode":"WK050516","statnaam":"Wijk 16 Vissershoek","jrstatcode":"1998WK050516","rubriek":"wijk","FID":"wijk_gegeneraliseerd_1998.742b1643-ab38-4aed-b2c6-ff0879c89d69"},"id":"WK050516"},
{"type":"Feature","geometry":{"type":"Polygon","coordinates":[[[4.715,51.802],[4.72,51.809],[4.707,51.813],[4.7,51.806],[4.715,51.802]]]},"properties":{"id":286332,"statcode":"WK050517","statnaam":"Wijk 17 Oudelandshoek","jrstatcode":"1998WK050517","rubriek":"wijk","FID":"wijk_gegeneraliseerd_1998.e522aab2-f355-4a35-92d6-ccff54746997"},"id":"WK050517"},
{"type":"Feature","geometry":{"type":"Polygon","coordinates":[[[4.73,51.822],[4.675,51.821],[4.675,51.82],[4.688,51.817],[4.708,51.818],[4.742,51.816],[4.742,51.822],[4.73,51.822]]]},"properties":{"id":286333,"statcode":"WK050518","statnaam":"Wijk 18 Industriegebied Staart","jrstatcode":"1998WK050518","rubriek":"wijk","FID":"wijk_gegeneraliseerd_1998.b391d12e-7126-43ff-bc4b-a6d4280646ba"},"id":"WK050518"},
{"type":"Feature","geometry":{"type":"Polygon","coordinates":[[[4.664,51.785],[4.65,51.784],[4.65,51.802],[4.656,51.809],[4.65,51.811],[4.621,51.801],[4.627,51.784],[4.627,51.76],[4.649,51.763],[4.66,51.777],[4.663,51.78],[4.667,51.784],[4.664,51.785]]]},"properties":{"id":286334,"statcode":"WK050519","statnaam":"Wijk 19 Industriegebied West","jrstatcode":"1998WK050519","rubriek":"wijk","FID":"wijk_gegeneraliseerd_1998.ff9dbec7-22b4-488d-b116-424701c945e6"},"id":"WK050519"},
{"type":"Feature","geometry":{"type":"Polygon","coordinates":[[[4.742,51.822],[4.742,51.816],[4.735,51.806],[4.736,51.806],[4.726,51.796],[4.694,51.784],[4.688,51.775],[4.66,51.777],[4.649,51.763],[4.627,51.76],[4.632,51.746],[4.627,51.728],[4.633,51.727],[4.695,51.737],[4.737,51.76],[4.75,51.782],[4.797,51.8],[4.822,51.799],[4.846,51.799],[4.885,51.817],[4.811,51.819],[4.788,51.815],[4.742,51.822]]]},"properties":{"id":286335,"statcode":"WK050598","statnaam":"Wijk 98 Verspreide bebouwing","jrstatcode":"1998WK050598","rubriek":"wijk","FID":"wijk_gegeneraliseerd_1998.dc6f64f8-f658-46e0-bfde-675cfb22ada6"},"id":"WK050598"},
{"type":"Feature","geometry":{"type":"Polygon","coordinates":[[[3.983,51.844],[3.99,51.828],[3.965,51.814],[3.968,51.803],[3.987,51.802],[4,51.809],[4.016,51.836],[4.008,51.847],[3.983,51.844]]]},"properties":{"id":286336,"statcode":"WK051100","statnaam":"Wijk 00 Goedereede","jrstatcode":"1998WK051100","rubriek":"wijk","FID":"wijk_gegeneraliseerd_1998.57a67873-2b2a-46a3-bac1-635726e1eaea"},"id":"WK051100"},
{"type":"Feature","geometry":{"type":"Polygon","coordinates":[[[3.842,51.757],[3.859,51.765],[3.871,51.782],[3.895,51.785],[3.897,51.794],[3.968,51.803],[3.965,51.814],[3.99,51.828],[3.983,51.844],[3.92,51.828],[3.882,51.823],[3.857,51.812],[3.865,51.787],[3.858,51.768],[3.839,51.758],[3.842,51.757]]]},"properties":{"id":286337,"statcode":"WK051101","statnaam":"Wijk 01 Ouddorp","jrstatcode":"1998WK051101","rubriek":"wijk","FID":"wijk_gegeneraliseerd_1998.6f8ce9a0-37b9-4141-8b0d-41b17c5f9a4f"},"id":"WK051101"},
{"type":"Feature","geometry":{"type":"Polygon","coordinates":[[[4.016,51.836],[4,51.809],[3.987,51.802],[4.02,51.779],[4.022,51.771],[4.066,51.783],[4.084,51.807],[4.044,51.824],[4.049,51.832],[4.026,51.83],[4.016,51.836]]]},"properties":{"id":286338,"statcode":"WK051102","statnaam":"Wijk 02 Stellendam","jrstatcode":"1998WK051102","rubriek":"wijk","FID":"wijk_gegeneraliseerd_1998.41664061-2c36-4890-b794-b1bbae80e977"},"id":"WK051102"},
{"type":"Feature","geometry":{"type":"Polygon","coordinates":[[[4.927,51.828],[4.97,51.824],[4.973,51.823],[4.99,51.832],[4.992,51.846],[4.942,51.845],[4.925,51.84],[4.927,51.828]]]},"properties":{"id":286339,"statcode":"WK051200","statnaam":"Wijk 00 Gorinchem binnenstad/Wijdschild","jrstatcode":"1998WK051200","rubriek":"wijk","FID":"wijk_gegeneraliseerd_1998.786ab9b9-564d-4dcb-82ae-5c831d1619b6"},"id":"WK051200"},
{"type":"Feature","geometry":{"type":"Polygon","coordinates":[[[5.027,51.819],[5.031,51.841],[5,51.844],[4.998,51.851],[4.965,51.862],[4.939,51.864],[4.942,51.845],[4.992,51.846],[4.99,51.832],[4.973,51.823],[5.001,51.821],[5.027,51.819]]]},"properties":{"id":286340,"statcode":"WK051201","statnaam":"Wijk 01 Dalem en landelijk gebied","jrstatcode":"1998WK051201","rubriek":"wijk","FID":"wijk_gegeneraliseerd_1998.2b17ae07-c612-47a2-9801-24e9f6e860b6"},"id":"WK051201"},
{"type":"Feature","geometry":{"type":"Polygon","coordinates":[[[4.716,52.007],[4.709,52.017],[4.682,52.018],[4.684,52.015],[4.713,52.006],[4.716,52.007]]]},"properties":{"id":286341,"statcode":"WK051301","statnaam":"Wijk 01 Binnenstad","jrstatcode":"1998WK051301","rubriek":"wijk","FID":"wijk_gegeneraliseerd_1998.91045b43-e471-4a1c-9b5a-ddd9a52532e3"},"id":"WK051301"},
{"type":"Feature","geometry":{"type":"Polygon","coordinates":[[[4.713,52.006],[4.684,52.015],[4.698,51.997],[4.707,52.002],[4.713,52.006]]]},"properties":{"id":286342,"statcode":"WK051302","statnaam":"Wijk 02 De Korte Akkeren","jrstatcode":"1998WK051302","rubriek":"wijk","FID":"wijk_gegeneraliseerd_1998.57f30f6c-3534-4c32-b1e4-5fba8567fb54"},"id":"WK051302"},
{"type":"Feature","geometry":{"type":"Polygon","coordinates":[[[4.694,52.034],[4.67,52.014],[4.682,52.018],[4.709,52.017],[4.71,52.017],[4.709,52.024],[4.694,52.034]]]},"properties":{"id":286343,"statcode":"WK051303","statnaam":"Wijk 03 Bloemendaal","jrstatcode":"1998WK051303","rubriek":"wijk","FID":"wijk_gegeneraliseerd_1998.38e8bc6b-2201-4602-8d94-8d5fc177522a"},"id":"WK051303"},
{"type":"Feature","geometry":{"type":"Polygon","coordinates":[[[4.694,52.034],[4.709,52.024],[4.72,52.026],[4.706,52.04],[4.694,52.034]]]},"properties":{"id":286344,"statcode":"WK051304","statnaam":"Wijk 04 Plaswijck","jrstatcode":"1998WK051304","rubriek":"wijk","FID":"wijk_gegeneraliseerd_1998.1fdf1c0d-6860-4c4e-b18b-268b6afaad9a"},"id":"WK051304"},
{"type":"Feature","geometry":{"type":"Polygon","coordinates":[[[4.71,52.017],[4.733,52.016],[4.75,52.015],[4.744,52.023],[4.72,52.026],[4.709,52.024],[4.71,52.017]]]},"properties":{"id":286345,"statcode":"WK051305","statnaam":"Wijk 05 Noord","jrstatcode":"1998WK051305","rubriek":"wijk","FID":"wijk_gegeneraliseerd_1998.bdd4ee88-df31-449e-89d4-c33439855758"},"id":"WK051305"},
{"type":"Feature","geometry":{"type":"Polygon","coordinates":[[[4.716,52.007],[4.734,52.008],[4.733,52.016],[4.71,52.017],[4.709,52.017],[4.716,52.007]]]},"properties":{"id":286346,"statcode":"WK051306","statnaam":"Wijk 06 Kort Haarlem","jrstatcode":"1998WK051306","rubriek":"wijk","FID":"wijk_gegeneraliseerd_1998.5abde56c-1cfa-44fa-a50e-e72f5e48b699"},"id":"WK051306"},
{"type":"Feature","geometry":{"type":"Polygon","coordinates":[[[4.75,52.015],[4.733,52.016],[4.734,52.008],[4.738,52.007],[4.751,52.014],[4.75,52.015]]]},"properties":{"id":286347,"statcode":"WK051307","statnaam":"Wijk 07 Goverwelle","jrstatcode":"1998WK051307","rubriek":"wijk","FID":"wijk_gegeneraliseerd_1998.4b0749ce-be96-43cc-84ed-55e02c0df6c0"},"id":"WK051307"},
{"type":"Feature","geometry":{"type":"Polygon","coordinates":[[[4.734,52.008],[4.716,52.007],[4.713,52.006],[4.707,52.002],[4.727,52.001],[4.738,52.007],[4.734,52.008]]]},"properties":{"id":286348,"statcode":"WK051308","statnaam":"Wijk 08 Stolwijkersluis","jrstatcode":"1998WK051308","rubriek":"wijk","FID":"wijk_gegeneraliseerd_1998.27aee149-0980-4ff8-bbf8-e66a4663b4a6"},"id":"WK051308"},
{"type":"Feature","geometry":{"type":"Polygon","coordinates":[[[4.684,52.015],[4.682,52.018],[4.67,52.014],[4.667,52.013],[4.659,52.005],[4.689,51.996],[4.698,51.997],[4.684,52.015]]]},"properties":{"id":286349,"statcode":"WK051309","statnaam":"Wijk 09 Oostpolder in Schieland","jrstatcode":"1998WK051309","rubriek":"wijk","FID":"wijk_gegeneraliseerd_1998.e61f89c3-8cd9-43fd-a9de-1d7047b4903f"},"id":"WK051309"},
{"type":"Feature","geometry":{"type":"Polygon","coordinates":[[[4.586,51.762],[4.603,51.741],[4.625,51.729],[4.627,51.728],[4.632,51.746],[4.627,51.76],[4.627,51.784],[4.621,51.801],[4.598,51.806],[4.583,51.792],[4.57,51.785],[4.571,51.772],[4.586,51.762]]]},"properties":{"id":286350,"statcode":"WK051700","statnaam":"Wijk 00 's-Gravendeel","jrstatcode":"1998WK051700","rubriek":"wijk","FID":"wijk_gegeneraliseerd_1998.cb7e37d8-a8cd-436d-bd21-e094c3634942"},"id":"WK051700"},
{"type":"Feature","geometry":{"type":"Polygon","coordinates":[[[4.304,52.111],[4.327,52.109],[4.329,52.109],[4.304,52.128],[4.288,52.119],[4.304,52.111]]]},"properties":{"id":286351,"statcode":"WK051801","statnaam":"Wijk 01 Oostduinen","jrstatcode":"1998WK051801","rubriek":"wijk","FID":"wijk_gegeneraliseerd_1998.ef9af8ce-aa57-45a4-94e2-bd30fe112974"},"id":"WK051801"},
{"type":"Feature","geometry":{"type":"Polygon","coordinates":[[[4.281,52.115],[4.29,52.108],[4.304,52.111],[4.288,52.119],[4.281,52.115]]]},"properties":{"id":286352,"statcode":"WK051802","statnaam":"Wijk 02 Belgisch Park","jrstatcode":"1998WK051802","rubriek":"wijk","FID":"wijk_gegeneraliseerd_1998.de997576-2581-436a-94b7-30fc76030d33"},"id":"WK051802"},
{"type":"Feature","geometry":{"type":"Polygon","coordinates":[[[4.286,52.104],[4.306,52.096],[4.327,52.109],[4.304,52.111],[4.29,52.108],[4.286,52.104]]]},"properties":{"id":286353,"statcode":"WK051803","statnaam":"Wijk 03 Westbroekpark en Duttendel","jrstatcode":"1998WK051803","rubriek":"wijk","FID":"wijk_gegeneraliseerd_1998.31da6117-420e-4b6b-b05f-d6d1c2b9f610"},"id":"WK051803"},
{"type":"Feature","geometry":{"type":"Polygon","coordinates":[[[4.306,52.096],[4.312,52.09],[4.316,52.086],[4.342,52.098],[4.329,52.109],[4.327,52.109],[4.306,52.096]]]},"properties":{"id":286354,"statcode":"WK051804","statnaam":"Wijk 04 Benoordenhout","jrstatcode":"1998WK051804","rubriek":"wijk","FID":"wijk_gegeneraliseerd_1998.c5258fbd-0835-44e7-bb2c-162fe7712f1e"},"id":"WK051804"},
{"type":"Feature","geometry":{"type":"Polygon","coordinates":[[[4.312,52.09],[4.306,52.096],[4.295,52.088],[4.301,52.087],[4.312,52.09]]]},"properties":{"id":286355,"statcode":"WK051805","statnaam":"Wijk 05 Archipelbuurt","jrstatcode":"1998WK051805","rubriek":"wijk","FID":"wijk_gegeneraliseerd_1998.3f172dac-c6de-457c-9ae7-81931cbed24a"},"id":"WK051805"},
{"type":"Feature","geometry":{"type":"Polygon","coordinates":[[[4.282,52.1],[4.286,52.096],[4.295,52.088],[4.306,52.096],[4.286,52.104],[4.282,52.1]]]},"properties":{"id":286356,"statcode":"WK051806","statnaam":"Wijk 06 Van Stolkpark / Scheveningsebos","jrstatcode":"1998WK051806","rubriek":"wijk","FID":"wijk_gegeneraliseerd_1998.e9aa6c6c-06ac-4846-b860-623f17028645"},"id":"WK051806"},
{"type":"Feature","geometry":{"type":"Polygon","coordinates":[[[4.265,52.092],[4.282,52.1],[4.286,52.104],[4.29,52.108],[4.281,52.115],[4.256,52.098],[4.265,52.092]]]},"properties":{"id":286357,"statcode":"WK051807","statnaam":"Wijk 07 Scheveningen","jrstatcode":"1998WK051807","rubriek":"wijk","FID":"wijk_gegeneraliseerd_1998.380f8c9e-592f-4272-891c-dad1423224f7"},"id":"WK051807"},
{"type":"Feature","geometry":{"type":"Polygon","coordinates":[[[4.265,52.092],[4.256,52.098],[4.239,52.084],[4.265,52.092]]]},"properties":{"id":286358,"statcode":"WK051808","statnaam":"Wijk 08 Duindorp","jrstatcode":"1998WK051808","rubriek":"wijk","FID":"wijk_gegeneraliseerd_1998.788f7b54-b93e-4f29-8079-6fe54ecb7104"},"id":"WK051808"},
{"type":"Feature","geometry":{"type":"Polygon","coordinates":[[[4.273,52.085],[4.28,52.088],[4.286,52.096],[4.282,52.1],[4.265,52.092],[4.272,52.085],[4.273,52.085]]]},"properties":{"id":286359,"statcode":"WK051809","statnaam":"Wijk 09 Geuzen- en Statenkwartier","jrstatcode":"1998WK051809","rubriek":"wijk","FID":"wijk_gegeneraliseerd_1998.c46ad5f2-ffd6-44eb-a440-2a017d258925"},"id":"WK051809"},
{"type":"Feature","geometry":{"type":"Polygon","coordinates":[[[4.286,52.096],[4.28,52.088],[4.294,52.085],[4.301,52.087],[4.295,52.088],[4.286,52.096]]]},"properties":{"id":286360,"statcode":"WK051810","statnaam":"Wijk 10 Zorgvliet","jrstatcode":"1998WK051810","rubriek":"wijk","FID":"wijk_gegeneraliseerd_1998.7b83dbb7-38a6-4c28-95ed-5a6d027adb75"},"id":"WK051810"},
{"type":"Feature","geometry":{"type":"Polygon","coordinates":[[[4.28,52.088],[4.273,52.085],[4.277,52.079],[4.288,52.082],[4.294,52.085],[4.28,52.088]]]},"properties":{"id":286361,"statcode":"WK051811","statnaam":"Wijk 11 Duinoord","jrstatcode":"1998WK051811","rubriek":"wijk","FID":"wijk_gegeneraliseerd_1998.ef6b86ff-af81-497c-8ee8-9b2f50523b72"},"id":"WK051811"},
{"type":"Feature","geometry":{"type":"Polygon","coordinates":[[[4.272,52.085],[4.251,52.076],[4.251,52.069],[4.262,52.073],[4.277,52.079],[4.273,52.085],[4.272,52.085]]]},"properties":{"id":286362,"statcode":"WK051812","statnaam":"Wijk 12 Bomen- en Bloemenbuurt","jrstatcode":"1998WK051812","rubriek":"wijk","FID":"wijk_gegeneraliseerd_1998.2fbbb6eb-7488-40d1-ba0f-b9703436a868"},"id":"WK051812"},
{"type":"Feature","geometry":{"type":"Polygon","coordinates":[[[4.272,52.085],[4.265,52.092],[4.239,52.084],[4.232,52.078],[4.241,52.072],[4.251,52.076],[4.272,52.085]]]},"properties":{"id":286363,"statcode":"WK051813","statnaam":"Wijk 13 Vogelwijk","jrstatcode":"1998WK051813","rubriek":"wijk","FID":"wijk_gegeneraliseerd_1998.c23a1c85-4d5b-4fb0-86ad-104c8a7b98a0"},"id":"WK051813"},
{"type":"Feature","geometry":{"type":"Polygon","coordinates":[[[4.251,52.076],[4.241,52.072],[4.226,52.061],[4.246,52.068],[4.251,52.069],[4.251,52.076]]]},"properties":{"id":286364,"statcode":"WK051814","statnaam":"Wijk 14 Bohemen en Meer en Bos","jrstatcode":"1998WK051814","rubriek":"wijk","FID":"wijk_gegeneraliseerd_1998.eaea2aae-a428-46aa-9913-9acd23dce6a6"},"id":"WK051814"},
{"type":"Feature","geometry":{"type":"Polygon","coordinates":[[[4.226,52.061],[4.241,52.072],[4.232,52.078],[4.198,52.054],[4.204,52.045],[4.23,52.052],[4.227,52.058],[4.226,52.061]]]},"properties":{"id":286365,"statcode":"WK051815","statnaam":"Wijk 15 Kijkduin en Ockenburgh","jrstatcode":"1998WK051815","rubriek":"wijk","FID":"wijk_gegeneraliseerd_1998.be4ddfd6-1558-4084-975d-52f530237295"},"id":"WK051815"},
{"type":"Feature","geometry":{"type":"Polygon","coordinates":[[[4.23,52.052],[4.204,52.045],[4.212,52.034],[4.235,52.039],[4.24,52.042],[4.23,52.052]]]},"properties":{"id":286366,"statcode":"WK051816","statnaam":"Wijk 16 Kraayenstein en de Uithof","jrstatcode":"1998WK051816","rubriek":"wijk","FID":"wijk_gegeneraliseerd_1998.0594003d-a203-4c78-ae80-3955ab2da8d8"},"id":"WK051816"},
{"type":"Feature","geometry":{"type":"Polygon","coordinates":[[[4.255,52.06],[4.227,52.058],[4.23,52.052],[4.24,52.042],[4.263,52.05],[4.269,52.054],[4.26,52.063],[4.255,52.06]]]},"properties":{"id":286367,"statcode":"WK051817","statnaam":"Wijk 17 Loosduinen","jrstatcode":"1998WK051817","rubriek":"wijk","FID":"wijk_gegeneraliseerd_1998.e761ab17-21e1-4f74-a3fc-b516139f3642"},"id":"WK051817"},
{"type":"Feature","geometry":{"type":"Polygon","coordinates":[[[4.227,52.058],[4.255,52.06],[4.246,52.068],[4.226,52.061],[4.227,52.058]]]},"properties":{"id":286368,"statcode":"WK051818","statnaam":"Wijk 18 Waldeck","jrstatcode":"1998WK051818","rubriek":"wijk","FID":"wijk_gegeneraliseerd_1998.14daaef8-348b-426f-b76e-bcad57d98fa7"},"id":"WK051818"},
{"type":"Feature","geometry":{"type":"Polygon","coordinates":[[[4.27,52.067],[4.262,52.073],[4.251,52.069],[4.246,52.068],[4.255,52.06],[4.26,52.063],[4.27,52.067]]]},"properties":{"id":286369,"statcode":"WK051819","statnaam":"Wijk 19 Vruchtenbuurt","jrstatcode":"1998WK051819","rubriek":"wijk","FID":"wijk_gegeneraliseerd_1998.75cdb3c6-b602-4359-8b91-490847226aa0"},"id":"WK051819"},
{"type":"Feature","geometry":{"type":"Polygon","coordinates":[[[4.27,52.067],[4.284,52.071],[4.277,52.079],[4.262,52.073],[4.27,52.067]]]},"properties":{"id":286370,"statcode":"WK051820","statnaam":"Wijk 20 Valkenboskwartier","jrstatcode":"1998WK051820","rubriek":"wijk","FID":"wijk_gegeneraliseerd_1998.c68e878f-85a6-4823-91b1-e22e8ee8bec0"},"id":"WK051820"},
{"type":"Feature","geometry":{"type":"Polygon","coordinates":[[[4.288,52.082],[4.277,52.079],[4.284,52.071],[4.291,52.072],[4.296,52.074],[4.295,52.076],[4.288,52.082]]]},"properties":{"id":286371,"statcode":"WK051821","statnaam":"Wijk 21 Regentessekwartier","jrstatcode":"1998WK051821","rubriek":"wijk","FID":"wijk_gegeneraliseerd_1998.c9e1c843-8acc-4559-b5ab-ef6c3c290458"},"id":"WK051821"},
{"type":"Feature","geometry":{"type":"Polygon","coordinates":[[[4.301,52.087],[4.294,52.085],[4.288,52.082],[4.295,52.076],[4.304,52.084],[4.301,52.087]]]},"properties":{"id":286372,"statcode":"WK051822","statnaam":"Wijk 22 Zeeheldenkwartier","jrstatcode":"1998WK051822","rubriek":"wijk","FID":"wijk_gegeneraliseerd_1998.c8238abb-fcbd-4544-ad64-0b7bd7fac05b"},"id":"WK051822"},
{"type":"Feature","geometry":{"type":"Polygon","coordinates":[[[4.312,52.09],[4.301,52.087],[4.304,52.084],[4.316,52.086],[4.312,52.09]]]},"properties":{"id":286373,"statcode":"WK051823","statnaam":"Wijk 23 Willemspark","jrstatcode":"1998WK051823","rubriek":"wijk","FID":"wijk_gegeneraliseerd_1998.5c9b0fd8-b957-4d55-8efc-9bdad9acf0da"},"id":"WK051823"},
{"type":"Feature","geometry":{"type":"Polygon","coordinates":[[[4.342,52.098],[4.316,52.086],[4.32,52.081],[4.322,52.082],[4.343,52.091],[4.344,52.098],[4.342,52.098]]]},"properties":{"id":286374,"statcode":"WK051824","statnaam":"Wijk 24 Haagse Bos","jrstatcode":"1998WK051824","rubriek":"wijk","FID":"wijk_gegeneraliseerd_1998.f34815f5-87af-4708-8c4a-2c679478bbd0"},"id":"WK051824"},
{"type":"Feature","geometry":{"type":"Polygon","coordinates":[[[4.373,52.095],[4.359,52.105],[4.344,52.098],[4.343,52.091],[4.352,52.083],[4.374,52.092],[4.373,52.095]]]},"properties":{"id":286375,"statcode":"WK051825","statnaam":"Wijk 25 Mariahoeve en Marlot","jrstatcode":"1998WK051825","rubriek":"wijk","FID":"wijk_gegeneraliseerd_1998.b47f1daa-47df-4789-b079-fb90baa3867f"},"id":"WK051825"},
{"type":"Feature","geometry":{"type":"Polygon","coordinates":[[[4.335,52.075],[4.352,52.083],[4.343,52.091],[4.322,52.082],[4.334,52.075],[4.335,52.075]]]},"properties":{"id":286376,"statcode":"WK051826","statnaam":"Wijk 26 Bezuidenhout","jrstatcode":"1998WK051826","rubriek":"wijk","FID":"wijk_gegeneraliseerd_1998.7540d1a0-e74e-4d15-bbcd-08e22479c4e7"},"id":"WK051826"},
{"type":"Feature","geometry":{"type":"Polygon","coordinates":[[[4.334,52.075],[4.322,52.082],[4.32,52.081],[4.312,52.072],[4.319,52.068],[4.326,52.072],[4.334,52.075]]]},"properties":{"id":286377,"statcode":"WK051827","statnaam":"Wijk 27 Stationsbuurt","jrstatcode":"1998WK051827","rubriek":"wijk","FID":"wijk_gegeneraliseerd_1998.8f93aea1-3203-499d-b4a7-9d2945821ff4"},"id":"WK051827"},
{"type":"Feature","geometry":{"type":"Polygon","coordinates":[[[4.296,52.074],[4.312,52.072],[4.32,52.081],[4.316,52.086],[4.304,52.084],[4.295,52.076],[4.296,52.074]]]},"properties":{"id":286378,"statcode":"WK051828","statnaam":"Wijk 28 Centrum","jrstatcode":"1998WK051828","rubriek":"wijk","FID":"wijk_gegeneraliseerd_1998.ba1db944-4356-434b-98d2-5cb1e994862b"},"id":"WK051828"},
{"type":"Feature","geometry":{"type":"Polygon","coordinates":[[[4.296,52.074],[4.291,52.072],[4.301,52.063],[4.311,52.062],[4.319,52.068],[4.312,52.072],[4.296,52.074]]]},"properties":{"id":286379,"statcode":"WK051829","statnaam":"Wijk 29 Schildersbuurt","jrstatcode":"1998WK051829","rubriek":"wijk","FID":"wijk_gegeneraliseerd_1998.aabfd9c9-99d5-49fb-afa3-e94d2e8f502c"},"id":"WK051829"},
{"type":"Feature","geometry":{"type":"Polygon","coordinates":[[[4.301,52.063],[4.291,52.072],[4.284,52.071],[4.294,52.06],[4.301,52.063]]]},"properties":{"id":286380,"statcode":"WK051830","statnaam":"Wijk 30 Transvaalkwartier","jrstatcode":"1998WK051830","rubriek":"wijk","FID":"wijk_gegeneraliseerd_1998.2e69bbe0-2e42-4d97-bbc7-b6a1fd93fb02"},"id":"WK051830"},
{"type":"Feature","geometry":{"type":"Polygon","coordinates":[[[4.283,52.061],[4.292,52.059],[4.294,52.06],[4.284,52.071],[4.27,52.067],[4.283,52.061]]]},"properties":{"id":286381,"statcode":"WK051831","statnaam":"Wijk 31 Rustenburg en Oostbroek","jrstatcode":"1998WK051831","rubriek":"wijk","FID":"wijk_gegeneraliseerd_1998.e98e32b1-cc2e-468b-ae7d-b080c3ddb0c7"},"id":"WK051831"},
{"type":"Feature","geometry":{"type":"Polygon","coordinates":[[[4.27,52.067],[4.26,52.063],[4.269,52.054],[4.276,52.057],[4.283,52.061],[4.27,52.067]]]},"properties":{"id":286382,"statcode":"WK051832","statnaam":"Wijk 32 Leyenburg","jrstatcode":"1998WK051832","rubriek":"wijk","FID":"wijk_gegeneraliseerd_1998.cdc6e26a-dc13-4b94-b7d4-1ab48002a595"},"id":"WK051832"},
{"type":"Feature","geometry":{"type":"Polygon","coordinates":[[[4.281,52.039],[4.263,52.05],[4.24,52.042],[4.235,52.039],[4.248,52.025],[4.272,52.036],[4.281,52.039]]]},"properties":{"id":286383,"statcode":"WK051833","statnaam":"Wijk 33 Bouwlust/Vrederust","jrstatcode":"1998WK051833","rubriek":"wijk","FID":"wijk_gegeneraliseerd_1998.c2fd5200-5abc-4a64-b2da-e2ff5e87e537"},"id":"WK051833"},
{"type":"Feature","geometry":{"type":"Polygon","coordinates":[[[4.276,52.057],[4.269,52.054],[4.263,52.05],[4.281,52.039],[4.289,52.044],[4.286,52.05],[4.276,52.057]]]},"properties":{"id":286384,"statcode":"WK051834","statnaam":"Wijk 34 Morgenstond","jrstatcode":"1998WK051834","rubriek":"wijk","FID":"wijk_gegeneraliseerd_1998.c056eb0e-88ca-4c0f-acdb-0b9fb4d8069f"},"id":"WK051834"},
{"type":"Feature","geometry":{"type":"Polygon","coordinates":[[[4.292,52.059],[4.283,52.061],[4.276,52.057],[4.286,52.05],[4.292,52.059]]]},"properties":{"id":286385,"statcode":"WK051835","statnaam":"Wijk 35 Zuiderpark","jrstatcode":"1998WK051835","rubriek":"wijk","FID":"wijk_gegeneraliseerd_1998.a95fc442-c752-47d8-9e82-48f45dd3abe7"},"id":"WK051835"},
{"type":"Feature","geometry":{"type":"Polygon","coordinates":[[[4.304,52.047],[4.31,52.049],[4.309,52.055],[4.292,52.059],[4.286,52.05],[4.289,52.044],[4.291,52.042],[4.304,52.047]]]},"properties":{"id":286386,"statcode":"WK051836","statnaam":"Wijk 36 Moerwijk","jrstatcode":"1998WK051836","rubriek":"wijk","FID":"wijk_gegeneraliseerd_1998.72d79919-f753-4e53-abff-b98fd3147392"},"id":"WK051836"},
{"type":"Feature","geometry":{"type":"Polygon","coordinates":[[[4.311,52.062],[4.301,52.063],[4.294,52.06],[4.292,52.059],[4.309,52.055],[4.311,52.062]]]},"properties":{"id":286387,"statcode":"WK051837","statnaam":"Wijk 37 Groente- en Fruitmarkt","jrstatcode":"1998WK051837","rubriek":"wijk","FID":"wijk_gegeneraliseerd_1998.e1bd841b-957f-4d7c-a5aa-7af7e7980eac"},"id":"WK051837"},
{"type":"Feature","geometry":{"type":"Polygon","coordinates":[[[4.326,52.072],[4.319,52.068],[4.311,52.062],[4.309,52.055],[4.31,52.049],[4.325,52.055],[4.335,52.06],[4.34,52.062],[4.326,52.072]]]},"properties":{"id":286388,"statcode":"WK051838","statnaam":"Wijk 38 Laakkwartier en Spoorwijk","jrstatcode":"1998WK051838","rubriek":"wijk","FID":"wijk_gegeneraliseerd_1998.e3faebb2-1e6d-490f-bffa-d4513053a1c8"},"id":"WK051838"},
{"type":"Feature","geometry":{"type":"Polygon","coordinates":[[[4.335,52.075],[4.334,52.075],[4.326,52.072],[4.34,52.062],[4.342,52.061],[4.335,52.075]]]},"properties":{"id":286389,"statcode":"WK051839","statnaam":"Wijk 39 Binckhorst","jrstatcode":"1998WK051839","rubriek":"wijk","FID":"wijk_gegeneraliseerd_1998.5165ba94-613c-400e-917c-4fadf79f68e4"},"id":"WK051839"},
{"type":"Feature","geometry":{"type":"Polygon","coordinates":[[[4.291,52.042],[4.289,52.044],[4.281,52.039],[4.272,52.036],[4.287,52.023],[4.308,52.018],[4.299,52.03],[4.291,52.042]]]},"properties":{"id":286390,"statcode":"WK051840","statnaam":"Wijk 40 Watertuin","jrstatcode":"1998WK051840","rubriek":"wijk","FID":"wijk_gegeneraliseerd_1998.b7e1b005-927e-4dc7-bce2-dfd06ac6f563"},"id":"WK051840"},
{"type":"Feature","geometry":{"type":"Polygon","coordinates":[[[4.211,51.972],[4.203,51.985],[4.186,51.996],[4.179,52.01],[4.154,52.023],[4.127,52.001],[4.147,51.981],[4.191,51.966],[4.211,51.972]]]},"properties":{"id":286391,"statcode":"WK051900","statnaam":"Wijk 00","jrstatcode":"1998WK051900","rubriek":"wijk","FID":"wijk_gegeneraliseerd_1998.d3464231-ed4c-4244-b533-01f1a1c8e860"},"id":"WK051900"},
{"type":"Feature","geometry":{"type":"Polygon","coordinates":[[[4.897,51.836],[4.88,51.833],[4.847,51.834],[4.838,51.861],[4.811,51.85],[4.803,51.846],[4.811,51.819],[4.885,51.817],[4.912,51.826],[4.927,51.828],[4.925,51.84],[4.91,51.839],[4.897,51.836]]]},"properties":{"id":286392,"statcode":"WK052300","statnaam":"Wijk 00","jrstatcode":"1998WK052300","rubriek":"wijk","FID":"wijk_gegeneraliseerd_1998.2a043dda-7795-411a-83de-ac0ea6550a39"},"id":"WK052300"},
{"type":"Feature","geometry":{"type":"Polygon","coordinates":[[[4.571,51.847],[4.562,51.84],[4.56,51.839],[4.553,51.83],[4.561,51.819],[4.567,51.813],[4.583,51.818],[4.595,51.84],[4.571,51.847]]]},"properties":{"id":286393,"statcode":"WK052600","statnaam":"Wijk 00","jrstatcode":"1998WK052600","rubriek":"wijk","FID":"wijk_gegeneraliseerd_1998.4acbcca2-ea68-44ad-82d6-b30fa8e433fe"},"id":"WK052600"},
{"type":"Feature","geometry":{"type":"Polygon","coordinates":[[[5.072,52.701],[5.124,52.729],[5.111,52.74],[5.074,52.738],[5.075,52.728],[5.054,52.724],[5.056,52.698],[5.072,52.701]]]},"properties":{"id":286394,"statcode":"WK052900","statnaam":"Wijk 00","jrstatcode":"1998WK052900","rubriek":"wijk","FID":"wijk_gegeneraliseerd_1998.29de0cbc-3730-4f8c-80bd-069931095e71"},"id":"WK052900"},
{"type":"Feature","geometry":{"type":"Polygon","coordinates":[[[5.056,52.698],[5.054,52.724],[5.025,52.718],[5.007,52.721],[4.998,52.717],[4.972,52.712],[4.986,52.699],[4.993,52.702],[5.03,52.697],[5.056,52.698]]]},"properties":{"id":286395,"statcode":"WK052901","statnaam":"Wijk 01","jrstatcode":"1998WK052901","rubriek":"wijk","FID":"wijk_gegeneraliseerd_1998.608a3373-c8cd-48f9-89c4-66810792785e"},"id":"WK052901"},
{"type":"Feature","geometry":{"type":"Polygon","coordinates":[[[5.131,52.717],[5.124,52.729],[5.072,52.701],[5.09,52.692],[5.131,52.717]]]},"properties":{"id":286396,"statcode":"WK052902","statnaam":"Wijk 02","jrstatcode":"1998WK052902","rubriek":"wijk","FID":"wijk_gegeneraliseerd_1998.561fe97c-6201-4729-8cc7-d35a2524b5b0"},"id":"WK052902"},
{"type":"Feature","geometry":{"type":"Polygon","coordinates":[[[5.062,52.761],[5.034,52.752],[5.025,52.718],[5.054,52.724],[5.075,52.728],[5.074,52.738],[5.073,52.739],[5.062,52.761]]]},"properties":{"id":286397,"statcode":"WK052903","statnaam":"Wijk 03","jrstatcode":"1998WK052903","rubriek":"wijk","FID":"wijk_gegeneraliseerd_1998.87aa4f78-2150-47bd-9d86-609339ab7353"},"id":"WK052903"},
{"type":"Feature","geometry":{"type":"Polygon","coordinates":[[[5.083,52.77],[5.062,52.761],[5.073,52.739],[5.09,52.756],[5.083,52.77]]]},"properties":{"id":286398,"statcode":"WK052904","statnaam":"Wijk 04","jrstatcode":"1998WK052904","rubriek":"wijk","FID":"wijk_gegeneraliseerd_1998.346df2eb-a013-409f-b6a0-0bcc5b461cce"},"id":"WK052904"},
{"type":"Feature","geometry":{"type":"Polygon","coordinates":[[[5.034,52.752],[4.997,52.752],[4.996,52.739],[5.007,52.721],[5.025,52.718],[5.034,52.752]]]},"properties":{"id":286399,"statcode":"WK052905","statnaam":"Wijk 05","jrstatcode":"1998WK052905","rubriek":"wijk","FID":"wijk_gegeneraliseerd_1998.d40a0dec-4c9e-4dd9-af57-0b74e8c355ea"},"id":"WK052905"},
{"type":"Feature","geometry":{"type":"Polygon","coordinates":[[[4.142,51.835],[4.118,51.825],[4.131,51.82],[4.142,51.835]]]},"properties":{"id":286400,"statcode":"WK053000","statnaam":"Wijk 00 Hellevoetsluis Zuid/west","jrstatcode":"1998WK053000","rubriek":"wijk","FID":"wijk_gegeneraliseerd_1998.a224aec3-b974-478a-8909-a487e4727e53"},"id":"WK053000"},
{"type":"Feature","geometry":{"type":"Polygon","coordinates":[[[4.162,51.839],[4.156,51.849],[4.141,51.843],[4.148,51.834],[4.149,51.833],[4.162,51.839]]]},"properties":{"id":286401,"statcode":"WK053001","statnaam":"Wijk 01 Den Bonsen Hoeck","jrstatcode":"1998WK053001","rubriek":"wijk","FID":"wijk_gegeneraliseerd_1998.9a5e9e46-fb51-4f2d-9d5f-e79780f22a1c"},"id":"WK053001"},
{"type":"Feature","geometry":{"type":"Polygon","coordinates":[[[4.141,51.843],[4.138,51.852],[4.119,51.86],[4.083,51.847],[4.067,51.845],[4.049,51.832],[4.074,51.843],[4.095,51.829],[4.118,51.825],[4.142,51.835],[4.148,51.834],[4.141,51.843]]]},"properties":{"id":286402,"statcode":"WK053002","statnaam":"Wijk 02 Nieuw-Helvoet (incl. Polder)","jrstatcode":"1998WK053002","rubriek":"wijk","FID":"wijk_gegeneraliseerd_1998.b54203d4-96d6-45d5-92b8-9ee254848415"},"id":"WK053002"},
{"type":"Feature","geometry":{"type":"Polygon","coordinates":[[[4.131,51.82],[4.159,51.821],[4.16,51.824],[4.149,51.833],[4.148,51.834],[4.142,51.835],[4.131,51.82]]]},"properties":{"id":286403,"statcode":"WK053003","statnaam":"Wijk 03 Struyten","jrstatcode":"1998WK053003","rubriek":"wijk","FID":"wijk_gegeneraliseerd_1998.5b298a2a-c952-43d9-8b2e-523493c0f260"},"id":"WK053003"},
{"type":"Feature","geometry":{"type":"Polygon","coordinates":[[[4.16,51.824],[4.187,51.836],[4.195,51.844],[4.198,51.85],[4.187,51.85],[4.169,51.842],[4.162,51.839],[4.149,51.833],[4.16,51.824]]]},"properties":{"id":286404,"statcode":"WK053004","statnaam":"Wijk 04 De Kooistee (incl. polder)","jrstatcode":"1998WK053004","rubriek":"wijk","FID":"wijk_gegeneraliseerd_1998.20bd6270-cd10-4487-8e58-9e8a4ff8c98c"},"id":"WK053004"},
{"type":"Feature","geometry":{"type":"Polygon","coordinates":[[[4.119,51.86],[4.138,51.852],[4.141,51.843],[4.156,51.849],[4.169,51.842],[4.187,51.85],[4.185,51.85],[4.186,51.863],[4.16,51.867],[4.155,51.882],[4.131,51.876],[4.119,51.86]]]},"properties":{"id":286405,"statcode":"WK053005","statnaam":"Wijk 05 Nieuwenhoorn","jrstatcode":"1998WK053005","rubriek":"wijk","FID":"wijk_gegeneraliseerd_1998.9e69d3bd-a1ff-4ee3-b288-27c2190e84d4"},"id":"WK053005"},
{"type":"Feature","geometry":{"type":"Polygon","coordinates":[[[4.169,51.842],[4.156,51.849],[4.162,51.839],[4.169,51.842]]]},"properties":{"id":286406,"statcode":"WK053006","statnaam":"Wijk 06 Ravense Hoek","jrstatcode":"1998WK053006","rubriek":"wijk","FID":"wijk_gegeneraliseerd_1998.15a630bb-bf4e-434d-94b5-efac7da57728"},"id":"WK053006"},
{"type":"Feature","geometry":{"type":"Polygon","coordinates":[[[4.673,51.839],[4.649,51.862],[4.635,51.87],[4.648,51.857],[4.627,51.855],[4.605,51.848],[4.6,51.839],[4.623,51.83],[4.637,51.826],[4.662,51.831],[4.67,51.825],[4.673,51.839]]]},"properties":{"id":286407,"statcode":"WK053100","statnaam":"Wijk 00","jrstatcode":"1998WK053100","rubriek":"wijk","FID":"wijk_gegeneraliseerd_1998.bcdc84e0-32b6-4e6f-9808-7a94148dc0ec"},"id":"WK053100"},
{"type":"Feature","geometry":{"type":"Polygon","coordinates":[[[5.233,52.686],[5.232,52.717],[5.185,52.71],[5.187,52.707],[5.205,52.677],[5.233,52.686]]]},"properties":{"id":286408,"statcode":"WK053200","statnaam":"Wijk 00","jrstatcode":"1998WK053200","rubriek":"wijk","FID":"wijk_gegeneraliseerd_1998.9e7a5bdc-5062-41dc-855e-49d23ee89879"},"id":"WK053200"},
{"type":"Feature","geometry":{"type":"Polygon","coordinates":[[[5.26,52.687],[5.258,52.716],[5.232,52.717],[5.233,52.686],[5.246,52.686],[5.26,52.687]]]},"properties":{"id":286409,"statcode":"WK053201","statnaam":"Wijk 01","jrstatcode":"1998WK053201","rubriek":"wijk","FID":"wijk_gegeneraliseerd_1998.0b26c962-dab8-49d5-9e3e-afd1bce897ae"},"id":"WK053201"},
{"type":"Feature","geometry":{"type":"Polygon","coordinates":[[[4.584,52.278],[4.603,52.304],[4.612,52.314],[4.584,52.318],[4.564,52.309],[4.543,52.287],[4.573,52.271],[4.584,52.278]]]},"properties":{"id":286410,"statcode":"WK053400","statnaam":"Wijk 00","jrstatcode":"1998WK053400","rubriek":"wijk","FID":"wijk_gegeneraliseerd_1998.9a3858ca-581a-49f5-8504-e752a8e82011"},"id":"WK053400"},
{"type":"Feature","geometry":{"type":"Polygon","coordinates":[[[4.424,52.201],[4.436,52.209],[4.415,52.216],[4.406,52.208],[4.409,52.207],[4.424,52.201]]]},"properties":{"id":286411,"statcode":"WK053701","statnaam":"Wijk 01 Katwijk Noord","jrstatcode":"1998WK053701","rubriek":"wijk","FID":"wijk_gegeneraliseerd_1998.7804c9f4-7084-4f4e-a1f0-010980d6c8b8"},"id":"WK053701"},
{"type":"Feature","geometry":{"type":"Polygon","coordinates":[[[4.436,52.209],[4.424,52.201],[4.43,52.197],[4.44,52.207],[4.436,52.209]]]},"properties":{"id":286412,"statcode":"WK053702","statnaam":"Wijk 02 't Heen","jrstatcode":"1998WK053702","rubriek":"wijk","FID":"wijk_gegeneraliseerd_1998.b87e2843-1a74-42e8-8176-5c26ad25b74f"},"id":"WK053702"},
{"type":"Feature","geometry":{"type":"Polygon","coordinates":[[[4.424,52.201],[4.419,52.196],[4.424,52.183],[4.431,52.184],[4.43,52.197],[4.424,52.201]]]},"properties":{"id":286413,"statcode":"WK053703","statnaam":"Wijk 03 Katwijk Aan Den Rijn","jrstatcode":"1998WK053703","rubriek":"wijk","FID":"wijk_gegeneraliseerd_1998.a8a24f35-affe-4660-a2c0-9a7cc011fb35"},"id":"WK053703"},
{"type":"Feature","geometry":{"type":"Polygon","coordinates":[[[4.409,52.207],[4.404,52.196],[4.419,52.196],[4.424,52.201],[4.409,52.207]]]},"properties":{"id":286414,"statcode":"WK053704","statnaam":"Wijk 04 Katwijk Midden","jrstatcode":"1998WK053704","rubriek":"wijk","FID":"wijk_gegeneraliseerd_1998.cbf71cb7-f5be-4e00-9c9b-f7ecaace61de"},"id":"WK053704"},
{"type":"Feature","geometry":{"type":"Polygon","coordinates":[[[4.404,52.196],[4.409,52.207],[4.406,52.208],[4.398,52.211],[4.384,52.196],[4.404,52.196]]]},"properties":{"id":286415,"statcode":"WK053705","statnaam":"Wijk 05 Katwijk Aan Zee","jrstatcode":"1998WK053705","rubriek":"wijk","FID":"wijk_gegeneraliseerd_1998.3bc3b64a-2133-4f3c-87a7-e01c8dfce89e"},"id":"WK053705"},
{"type":"Feature","geometry":{"type":"MultiPolygon","coordinates":[[[[4.419,52.196],[4.404,52.196],[4.384,52.196],[4.375,52.187],[4.404,52.168],[4.424,52.183],[4.419,52.196]]],[[[4.406,52.22],[4.398,52.211],[4.406,52.208],[4.415,52.216],[4.406,52.22]]]]},"properties":{"id":286416,"statcode":"WK053706","statnaam":"Wijk 06 Landelijk gebied","jrstatcode":"1998WK053706","rubriek":"wijk","FID":"wijk_gegeneraliseerd_1998.422cf52d-fffd-4e0c-97df-b343afba1184"},"id":"WK053706"},
{"type":"Feature","geometry":{"type":"Polygon","coordinates":[[[4.601,51.927],[4.579,51.917],[4.55,51.907],[4.549,51.905],[4.576,51.903],[4.577,51.903],[4.642,51.912],[4.643,51.913],[4.618,51.931],[4.601,51.927]]]},"properties":{"id":286417,"statcode":"WK054200","statnaam":"Wijk 00 Krimpen aan den IJssel","jrstatcode":"1998WK054200","rubriek":"wijk","FID":"wijk_gegeneraliseerd_1998.38b539dd-9b81-41b3-997c-395067d87e08"},"id":"WK054200"},
{"type":"Feature","geometry":{"type":"Polygon","coordinates":[[[5.102,51.946],[5.079,51.93],[5.055,51.904],[5.064,51.892],[5.027,51.882],[5.027,51.859],[5.054,51.858],[5.053,51.871],[5.086,51.88],[5.09,51.889],[5.114,51.889],[5.142,51.925],[5.149,51.933],[5.13,51.935],[5.102,51.946]]]},"properties":{"id":286418,"statcode":"WK054500","statnaam":"Wijk 00 Leerdam","jrstatcode":"1998WK054500","rubriek":"wijk","FID":"wijk_gegeneraliseerd_1998.a7cedaf5-3a09-48e5-b57b-356654030f91"},"id":"WK054500"},
{"type":"Feature","geometry":{"type":"Polygon","coordinates":[[[4.488,52.154],[4.504,52.156],[4.481,52.161],[4.488,52.154]]]},"properties":{"id":286419,"statcode":"WK054600","statnaam":"Wijk 00 Binnenstad-zuid","jrstatcode":"1998WK054600","rubriek":"wijk","FID":"wijk_gegeneraliseerd_1998.a68d3254-0312-4344-bd1a-3d8113cc1b51"},"id":"WK054600"},
{"type":"Feature","geometry":{"type":"Polygon","coordinates":[[[4.481,52.163],[4.481,52.161],[4.504,52.156],[4.489,52.165],[4.481,52.163]]]},"properties":{"id":286420,"statcode":"WK054601","statnaam":"Wijk 01 Binnenstad-noord","jrstatcode":"1998WK054601","rubriek":"wijk","FID":"wijk_gegeneraliseerd_1998.a975a067-f7ed-4ebc-a378-a87183cf21fc"},"id":"WK054601"},
{"type":"Feature","geometry":{"type":"Polygon","coordinates":[[[4.489,52.172],[4.479,52.164],[4.481,52.163],[4.489,52.165],[4.489,52.172]]]},"properties":{"id":286421,"statcode":"WK054602","statnaam":"Wijk 02 Stationsdistrict","jrstatcode":"1998WK054602","rubriek":"wijk","FID":"wijk_gegeneraliseerd_1998.a8b5a977-c608-437c-a6ce-c4614b9a258e"},"id":"WK054602"},
{"type":"Feature","geometry":{"type":"Polygon","coordinates":[[[4.492,52.174],[4.489,52.172],[4.489,52.165],[4.504,52.156],[4.522,52.154],[4.515,52.169],[4.515,52.171],[4.492,52.174]]]},"properties":{"id":286422,"statcode":"WK054603","statnaam":"Wijk 03 Kooidistrict","jrstatcode":"1998WK054603","rubriek":"wijk","FID":"wijk_gegeneraliseerd_1998.87cc771a-f34f-4072-8e63-d6a3868849e6"},"id":"WK054603"},
{"type":"Feature","geometry":{"type":"Polygon","coordinates":[[[4.524,52.148],[4.522,52.154],[4.504,52.156],[4.488,52.154],[4.496,52.131],[4.513,52.14],[4.524,52.147],[4.524,52.148]]]},"properties":{"id":286423,"statcode":"WK054604","statnaam":"Wijk 04 Roodenburgerdistrict","jrstatcode":"1998WK054604","rubriek":"wijk","FID":"wijk_gegeneraliseerd_1998.176bc56a-0fbb-4d91-a19a-63e0127ab06c"},"id":"WK054604"},
{"type":"Feature","geometry":{"type":"Polygon","coordinates":[[[4.481,52.161],[4.463,52.152],[4.46,52.15],[4.467,52.129],[4.473,52.119],[4.496,52.131],[4.488,52.154],[4.481,52.161]]]},"properties":{"id":286424,"statcode":"WK054605","statnaam":"Wijk 05 Bos- en Gasthuisdistrict","jrstatcode":"1998WK054605","rubriek":"wijk","FID":"wijk_gegeneraliseerd_1998.433121ff-941a-457b-bb4d-ac04852d5775"},"id":"WK054605"},
{"type":"Feature","geometry":{"type":"Polygon","coordinates":[[[4.481,52.163],[4.479,52.164],[4.451,52.166],[4.448,52.162],[4.463,52.152],[4.481,52.161],[4.481,52.163]]]},"properties":{"id":286425,"statcode":"WK054606","statnaam":"Wijk 06 Morsdistrict","jrstatcode":"1998WK054606","rubriek":"wijk","FID":"wijk_gegeneraliseerd_1998.2467f042-1c74-456e-a29c-0dfbdba105c7"},"id":"WK054606"},
{"type":"Feature","geometry":{"type":"Polygon","coordinates":[[[4.479,52.164],[4.489,52.172],[4.492,52.174],[4.493,52.176],[4.479,52.18],[4.451,52.166],[4.479,52.164]]]},"properties":{"id":286426,"statcode":"WK054607","statnaam":"Wijk 07 Boerhaavedistrict","jrstatcode":"1998WK054607","rubriek":"wijk","FID":"wijk_gegeneraliseerd_1998.aafa1eed-8b8f-4f11-a8b7-214edfc25ce4"},"id":"WK054607"},
{"type":"Feature","geometry":{"type":"Polygon","coordinates":[[[4.518,52.182],[4.498,52.184],[4.493,52.176],[4.492,52.174],[4.515,52.171],[4.518,52.182]]]},"properties":{"id":286427,"statcode":"WK054608","statnaam":"Wijk 08 Merenwijkdistrict","jrstatcode":"1998WK054608","rubriek":"wijk","FID":"wijk_gegeneraliseerd_1998.acff06bd-dfc1-4a23-b3d1-fc921871c4f5"},"id":"WK054608"},
{"type":"Feature","geometry":{"type":"Polygon","coordinates":[[[4.443,52.145],[4.46,52.15],[4.463,52.152],[4.448,52.162],[4.441,52.156],[4.443,52.145]]]},"properties":{"id":286428,"statcode":"WK054609","statnaam":"Wijk 09 Stevenshofdistrict","jrstatcode":"1998WK054609","rubriek":"wijk","FID":"wijk_gegeneraliseerd_1998.aed2c39d-e396-494f-bfa1-6cba16abab6b"},"id":"WK054609"},
{"type":"Feature","geometry":{"type":"Polygon","coordinates":[[[4.538,52.168],[4.52,52.17],[4.515,52.169],[4.522,52.154],[4.524,52.148],[4.55,52.159],[4.538,52.168]]]},"properties":{"id":286429,"statcode":"WK054700","statnaam":"Wijk 00","jrstatcode":"1998WK054700","rubriek":"wijk","FID":"wijk_gegeneraliseerd_1998.d4129293-19a9-4e4e-9260-13444ee00890"},"id":"WK054700"},
{"type":"Feature","geometry":{"type":"MultiPolygon","coordinates":[[[[4.524,52.147],[4.551,52.138],[4.56,52.132],[4.572,52.153],[4.559,52.164],[4.542,52.172],[4.538,52.168],[4.55,52.159],[4.524,52.148],[4.524,52.147]]],[[[4.518,52.182],[4.515,52.171],[4.515,52.169],[4.52,52.17],[4.54,52.175],[4.538,52.18],[4.518,52.182]]]]},"properties":{"id":286430,"statcode":"WK054701","statnaam":"Wijk 01","jrstatcode":"1998WK054701","rubriek":"wijk","FID":"wijk_gegeneraliseerd_1998.a8537943-7412-42c2-bfdc-c45eb92e4b33"},"id":"WK054701"},
{"type":"Feature","geometry":{"type":"Polygon","coordinates":[[[4.52,52.17],[4.538,52.168],[4.542,52.172],[4.54,52.175],[4.52,52.17]]]},"properties":{"id":286431,"statcode":"WK054702","statnaam":"Wijk 02","jrstatcode":"1998WK054702","rubriek":"wijk","FID":"wijk_gegeneraliseerd_1998.f8fb9086-af1b-4f8b-8c6b-05cd65f74ae1"},"id":"WK054702"},
{"type":"Feature","geometry":{"type":"Polygon","coordinates":[[[4.391,52.078],[4.405,52.086],[4.428,52.102],[4.401,52.112],[4.373,52.095],[4.374,52.092],[4.391,52.078]]]},"properties":{"id":286432,"statcode":"WK054800","statnaam":"Wijk 00 Leidschendam-centrum","jrstatcode":"1998WK054800","rubriek":"wijk","FID":"wijk_gegeneraliseerd_1998.773a0508-d028-4581-aff6-d15b5c6d0cf1"},"id":"WK054800"},
{"type":"Feature","geometry":{"type":"Polygon","coordinates":[[[4.467,52.129],[4.428,52.102],[4.405,52.086],[4.403,52.077],[4.377,52.06],[4.422,52.052],[4.421,52.063],[4.457,52.079],[4.492,52.09],[4.473,52.119],[4.467,52.129]]]},"properties":{"id":286433,"statcode":"WK054801","statnaam":"Wijk 01 Verspreide bebouwing","jrstatcode":"1998WK054801","rubriek":"wijk","FID":"wijk_gegeneraliseerd_1998.17ffbb35-246f-4151-92d0-29a3fd1b1843"},"id":"WK054801"},
{"type":"Feature","geometry":{"type":"Polygon","coordinates":[[[4.377,52.06],[4.403,52.077],[4.405,52.086],[4.391,52.078],[4.348,52.057],[4.361,52.049],[4.377,52.06]]]},"properties":{"id":286434,"statcode":"WK054802","statnaam":"Wijk 02 Leidschendam-zuid","jrstatcode":"1998WK054802","rubriek":"wijk","FID":"wijk_gegeneraliseerd_1998.f7882022-510f-4ba8-871c-e081a83897dd"},"id":"WK054802"},
{"type":"Feature","geometry":{"type":"Polygon","coordinates":[[[4.247,51.988],[4.217,51.973],[4.23,51.959],[4.27,51.971],[4.284,51.969],[4.256,51.991],[4.247,51.988]]]},"properties":{"id":286435,"statcode":"WK055200","statnaam":"Wijk 00","jrstatcode":"1998WK055200","rubriek":"wijk","FID":"wijk_gegeneraliseerd_1998.7ad2f232-13fb-4cfc-b642-44b5b3fbca0b"},"id":"WK055200"},
{"type":"Feature","geometry":{"type":"Polygon","coordinates":[[[4.543,52.287],[4.513,52.255],[4.527,52.247],[4.525,52.236],[4.553,52.222],[4.554,52.222],[4.556,52.232],[4.563,52.234],[4.573,52.271],[4.543,52.287]]]},"properties":{"id":286436,"statcode":"WK055300","statnaam":"Wijk 00","jrstatcode":"1998WK055300","rubriek":"wijk","FID":"wijk_gegeneraliseerd_1998.9cf57957-5947-4975-acc6-99283e30d438"},"id":"WK055300"},
{"type":"Feature","geometry":{"type":"Polygon","coordinates":[[[4.284,51.969],[4.27,51.971],[4.23,51.959],[4.228,51.948],[4.235,51.935],[4.273,51.923],[4.293,51.921],[4.294,51.922],[4.323,51.943],[4.313,51.961],[4.297,51.958],[4.284,51.969]]]},"properties":{"id":286437,"statcode":"WK055500","statnaam":"Wijk 00","jrstatcode":"1998WK055500","rubriek":"wijk","FID":"wijk_gegeneraliseerd_1998.b226d0d6-1f2f-4c56-b8d3-1c80414305f1"},"id":"WK055500"},
{"type":"Feature","geometry":{"type":"Polygon","coordinates":[[[4.22,51.941],[4.213,51.934],[4.241,51.915],[4.266,51.906],[4.268,51.905],[4.277,51.911],[4.293,51.921],[4.273,51.923],[4.235,51.935],[4.228,51.948],[4.22,51.941]]]},"properties":{"id":286438,"statcode":"WK055600","statnaam":"Wijk 00","jrstatcode":"1998WK055600","rubriek":"wijk","FID":"wijk_gegeneraliseerd_1998.da3e8c58-3043-49c3-9f87-e8e8f7d5d548"},"id":"WK055600"},
{"type":"Feature","geometry":{"type":"Polygon","coordinates":[[[5.039,52.647],[5.039,52.656],[5.035,52.667],[5.018,52.666],[4.994,52.663],[4.987,52.655],[4.99,52.646],[4.958,52.644],[4.936,52.634],[4.935,52.619],[4.966,52.621],[5.014,52.63],[5.034,52.646],[5.039,52.647]]]},"properties":{"id":286439,"statcode":"WK055800","statnaam":"Wijk 00","jrstatcode":"1998WK055800","rubriek":"wijk","FID":"wijk_gegeneraliseerd_1998.01695cd3-b073-4cd8-8d07-28ec4450b754"},"id":"WK055800"},
{"type":"Feature","geometry":{"type":"Polygon","coordinates":[[[4.952,52.672],[4.934,52.679],[4.936,52.67],[4.917,52.663],[4.928,52.644],[4.936,52.634],[4.958,52.644],[4.99,52.646],[4.987,52.655],[4.959,52.653],[4.952,52.672]]]},"properties":{"id":286440,"statcode":"WK055801","statnaam":"Wijk 01","jrstatcode":"1998WK055801","rubriek":"wijk","FID":"wijk_gegeneraliseerd_1998.64a33093-2665-4216-9028-179701c2bde2"},"id":"WK055801"},
{"type":"Feature","geometry":{"type":"Polygon","coordinates":[[[4.979,52.68],[4.952,52.672],[4.959,52.653],[4.987,52.655],[4.994,52.663],[5.018,52.666],[5.002,52.675],[4.979,52.68]]]},"properties":{"id":286441,"statcode":"WK055802","statnaam":"Wijk 02","jrstatcode":"1998WK055802","rubriek":"wijk","FID":"wijk_gegeneraliseerd_1998.a6b4d8db-deaf-43f8-855f-46d4d1cd66ab"},"id":"WK055802"},
{"type":"Feature","geometry":{"type":"Polygon","coordinates":[[[4.873,52.634],[4.889,52.626],[4.884,52.613],[4.922,52.612],[4.926,52.607],[4.948,52.613],[4.935,52.619],[4.936,52.634],[4.928,52.644],[4.877,52.641],[4.873,52.634]]]},"properties":{"id":286442,"statcode":"WK055803","statnaam":"Wijk 03","jrstatcode":"1998WK055803","rubriek":"wijk","FID":"wijk_gegeneraliseerd_1998.dd8783f4-a53b-4e5e-bd39-391f177b81e9"},"id":"WK055803"},
{"type":"Feature","geometry":{"type":"Polygon","coordinates":[[[4.948,52.613],[4.956,52.612],[5.003,52.615],[5.007,52.611],[5.02,52.612],[5.019,52.63],[5.014,52.63],[4.966,52.621],[4.935,52.619],[4.948,52.613]]]},"properties":{"id":286443,"statcode":"WK055804","statnaam":"Wijk 04","jrstatcode":"1998WK055804","rubriek":"wijk","FID":"wijk_gegeneraliseerd_1998.dda10995-e432-42ff-9f5e-be5e5718240b"},"id":"WK055804"},
{"type":"Feature","geometry":{"type":"Polygon","coordinates":[[[5.007,52.611],[5.003,52.615],[4.956,52.612],[4.95,52.595],[5.005,52.598],[5.007,52.611]]]},"properties":{"id":286444,"statcode":"WK055805","statnaam":"Wijk 05","jrstatcode":"1998WK055805","rubriek":"wijk","FID":"wijk_gegeneraliseerd_1998.0c17470f-6e82-42dc-990e-541c85766393"},"id":"WK055805"},
{"type":"Feature","geometry":{"type":"Polygon","coordinates":[[[4.165,51.686],[4.178,51.72],[4.243,51.717],[4.26,51.73],[4.237,51.748],[4.19,51.774],[4.161,51.78],[4.125,51.793],[4.108,51.767],[4.127,51.754],[4.119,51.745],[4.133,51.726],[4.119,51.714],[4.116,51.707],[4.152,51.698],[4.155,51.683],[4.157,51.682],[4.165,51.686]]]},"properties":{"id":286445,"statcode":"WK055900","statnaam":"Wijk 00","jrstatcode":"1998WK055900","rubriek":"wijk","FID":"wijk_gegeneraliseerd_1998.b6014374-da67-4e78-9da1-ab904ee16853"},"id":"WK055900"},
{"type":"Feature","geometry":{"type":"Polygon","coordinates":[[[4.199,52.013],[4.21,52.02],[4.242,52.02],[4.248,52.025],[4.235,52.039],[4.212,52.034],[4.204,52.045],[4.198,52.054],[4.154,52.023],[4.179,52.01],[4.199,52.013]]]},"properties":{"id":286446,"statcode":"WK056200","statnaam":"Wijk 00","jrstatcode":"1998WK056200","rubriek":"wijk","FID":"wijk_gegeneraliseerd_1998.5dc03742-f3a3-4f90-b718-a0a7ac705b52"},"id":"WK056200"},
{"type":"Feature","geometry":{"type":"Polygon","coordinates":[[[4.667,52.013],[4.663,52.024],[4.637,52.012],[4.617,51.999],[4.65,51.979],[4.649,51.973],[4.65,51.973],[4.67,51.979],[4.689,51.996],[4.659,52.005],[4.667,52.013]]]},"properties":{"id":286447,"statcode":"WK056300","statnaam":"Wijk 00","jrstatcode":"1998WK056300","rubriek":"wijk","FID":"wijk_gegeneraliseerd_1998.ed32a09f-5efe-4c0b-b16e-36ff846f655a"},"id":"WK056300"},
{"type":"Feature","geometry":{"type":"Polygon","coordinates":[[[4.247,51.988],[4.224,51.996],[4.199,52.013],[4.179,52.01],[4.186,51.996],[4.203,51.985],[4.211,51.972],[4.217,51.973],[4.247,51.988]]]},"properties":{"id":286448,"statcode":"WK056500","statnaam":"Wijk 00 Naaldwijk","jrstatcode":"1998WK056500","rubriek":"wijk","FID":"wijk_gegeneraliseerd_1998.3a365080-3d3c-41e1-9b65-bb7deaa506d3"},"id":"WK056500"},
{"type":"Feature","geometry":{"type":"Polygon","coordinates":[[[4.228,51.948],[4.23,51.959],[4.217,51.973],[4.211,51.972],[4.191,51.966],[4.192,51.955],[4.22,51.941],[4.228,51.948]]]},"properties":{"id":286449,"statcode":"WK056501","statnaam":"Wijk 01 Maasdijk","jrstatcode":"1998WK056501","rubriek":"wijk","FID":"wijk_gegeneraliseerd_1998.b1453da5-c0f2-4813-af45-8b94f02c8bd6"},"id":"WK056501"},
{"type":"Feature","geometry":{"type":"Polygon","coordinates":[[[4.199,52.013],[4.224,51.996],[4.247,51.988],[4.256,51.991],[4.273,51.999],[4.242,52.02],[4.21,52.02],[4.199,52.013]]]},"properties":{"id":286450,"statcode":"WK056502","statnaam":"Wijk 02 Honselersdijk","jrstatcode":"1998WK056502","rubriek":"wijk","FID":"wijk_gegeneraliseerd_1998.cfda5936-109b-40cd-90c0-e9fb008bbc1f"},"id":"WK056502"},
{"type":"Feature","geometry":{"type":"Polygon","coordinates":[[[4.599,51.988],[4.584,51.966],[4.6,51.948],[4.604,51.945],[4.619,51.933],[4.633,51.937],[4.646,51.955],[4.631,51.968],[4.649,51.973],[4.65,51.979],[4.617,51.999],[4.599,51.988]]]},"properties":{"id":286451,"statcode":"WK056700","statnaam":"Wijk 00","jrstatcode":"1998WK056700","rubriek":"wijk","FID":"wijk_gegeneraliseerd_1998.39939d7e-07ad-418b-b40e-d9791adc15eb"},"id":"WK056700"},
{"type":"Feature","geometry":{"type":"Polygon","coordinates":[[[4.263,51.838],[4.242,51.855],[4.198,51.85],[4.195,51.844],[4.223,51.825],[4.263,51.838]]]},"properties":{"id":286452,"statcode":"WK056800","statnaam":"Wijk 00 Abbenbroek","jrstatcode":"1998WK056800","rubriek":"wijk","FID":"wijk_gegeneraliseerd_1998.adf4ebf0-b6cf-4985-8c42-73de0c2c3dab"},"id":"WK056800"},
{"type":"Feature","geometry":{"type":"Polygon","coordinates":[[[4.252,51.868],[4.239,51.873],[4.185,51.85],[4.187,51.85],[4.198,51.85],[4.242,51.855],[4.252,51.868]]]},"properties":{"id":286453,"statcode":"WK056801","statnaam":"Wijk 01 Heenvliet","jrstatcode":"1998WK056801","rubriek":"wijk","FID":"wijk_gegeneraliseerd_1998.5998cacd-7862-46d5-9374-eaa18abd8657"},"id":"WK056801"},
{"type":"Feature","geometry":{"type":"Polygon","coordinates":[[[4.252,51.868],[4.242,51.855],[4.263,51.838],[4.266,51.822],[4.285,51.819],[4.289,51.803],[4.299,51.804],[4.317,51.811],[4.301,51.827],[4.286,51.85],[4.284,51.864],[4.252,51.868]]]},"properties":{"id":286454,"statcode":"WK056802","statnaam":"Wijk 02 Geervliet","jrstatcode":"1998WK056802","rubriek":"wijk","FID":"wijk_gegeneraliseerd_1998.5e334a57-6e8b-4477-b20e-07d3412f9541"},"id":"WK056802"},
{"type":"Feature","geometry":{"type":"Polygon","coordinates":[[[4.289,51.803],[4.285,51.819],[4.266,51.822],[4.263,51.838],[4.223,51.825],[4.195,51.804],[4.213,51.8],[4.242,51.785],[4.265,51.805],[4.279,51.804],[4.289,51.803]]]},"properties":{"id":286455,"statcode":"WK056803","statnaam":"Wijk 03 Zuidland","jrstatcode":"1998WK056803","rubriek":"wijk","FID":"wijk_gegeneraliseerd_1998.d1512f60-d459-45d5-8fa5-3d004e57e8da"},"id":"WK056803"},
{"type":"Feature","geometry":{"type":"Polygon","coordinates":[[[4.195,51.844],[4.187,51.836],[4.16,51.824],[4.159,51.821],[4.182,51.805],[4.195,51.804],[4.223,51.825],[4.195,51.844]]]},"properties":{"id":286456,"statcode":"WK056804","statnaam":"Wijk 04 Oudenhoorn","jrstatcode":"1998WK056804","rubriek":"wijk","FID":"wijk_gegeneraliseerd_1998.c32d8341-6621-4999-951d-e5b089fcefce"},"id":"WK056804"},
{"type":"Feature","geometry":{"type":"Polygon","coordinates":[[[4.867,52.174],[4.852,52.166],[4.792,52.175],[4.773,52.17],[4.742,52.163],[4.759,52.134],[4.741,52.108],[4.739,52.107],[4.792,52.122],[4.811,52.139],[4.832,52.144],[4.855,52.137],[4.875,52.139],[4.874,52.156],[4.892,52.162],[4.867,52.174]]]},"properties":{"id":286457,"statcode":"WK056900","statnaam":"Wijk 00","jrstatcode":"1998WK056900","rubriek":"wijk","FID":"wijk_gegeneraliseerd_1998.d9197564-6807-41e0-9379-df5511789839"},"id":"WK056900"},
{"type":"Feature","geometry":{"type":"Polygon","coordinates":[[[4.639,51.891],[4.619,51.89],[4.625,51.883],[4.626,51.881],[4.665,51.875],[4.7,51.88],[4.741,51.881],[4.724,51.898],[4.669,51.89],[4.639,51.891]]]},"properties":{"id":286458,"statcode":"WK057100","statnaam":"Wijk 00","jrstatcode":"1998WK057100","rubriek":"wijk","FID":"wijk_gegeneraliseerd_1998.3b0b8385-705f-4c63-8a34-c41ff55a267d"},"id":"WK057100"},
{"type":"Feature","geometry":{"type":"Polygon","coordinates":[[[4.478,52.232],[4.456,52.244],[4.456,52.256],[4.415,52.216],[4.436,52.209],[4.44,52.207],[4.464,52.216],[4.478,52.232]]]},"properties":{"id":286459,"statcode":"WK057500","statnaam":"Wijk 00 Noordwijk-Binnen","jrstatcode":"1998WK057500","rubriek":"wijk","FID":"wijk_gegeneraliseerd_1998.229fc87b-804d-43b0-b163-929158979d91"},"id":"WK057500"},
{"type":"Feature","geometry":{"type":"Polygon","coordinates":[[[4.415,52.216],[4.456,52.256],[4.517,52.293],[4.543,52.315],[4.494,52.328],[4.445,52.264],[4.406,52.22],[4.415,52.216]]]},"properties":{"id":286460,"statcode":"WK057501","statnaam":"Wijk 01 Noordwijk Aan Zee","jrstatcode":"1998WK057501","rubriek":"wijk","FID":"wijk_gegeneraliseerd_1998.3499c1ca-8446-4a26-9e1e-f21003d13ff3"},"id":"WK057501"},
{"type":"Feature","geometry":{"type":"Polygon","coordinates":[[[4.543,52.287],[4.564,52.309],[4.547,52.314],[4.543,52.315],[4.517,52.293],[4.456,52.256],[4.456,52.244],[4.478,52.232],[4.513,52.255],[4.543,52.287]]]},"properties":{"id":286461,"statcode":"WK057600","statnaam":"Wijk 00","jrstatcode":"1998WK057600","rubriek":"wijk","FID":"wijk_gegeneraliseerd_1998.ad7002db-7a1b-4433-931b-30f70e30a14e"},"id":"WK057600"},
{"type":"Feature","geometry":{"type":"Polygon","coordinates":[[[4.422,52.052],[4.377,52.06],[4.361,52.049],[4.379,52.036],[4.406,52.029],[4.441,52.044],[4.438,52.05],[4.422,52.052]]]},"properties":{"id":286462,"statcode":"WK057700","statnaam":"Wijk 00","jrstatcode":"1998WK057700","rubriek":"wijk","FID":"wijk_gegeneraliseerd_1998.0fffc134-c06b-4d5d-afd0-caf9c711f39b"},"id":"WK057700"},
{"type":"Feature","geometry":{"type":"Polygon","coordinates":[[[4.464,52.2],[4.459,52.183],[4.435,52.181],[4.449,52.175],[4.448,52.162],[4.451,52.166],[4.479,52.18],[4.493,52.176],[4.498,52.184],[4.49,52.201],[4.479,52.205],[4.464,52.2]]]},"properties":{"id":286463,"statcode":"WK057900","statnaam":"Wijk 00","jrstatcode":"1998WK057900","rubriek":"wijk","FID":"wijk_gegeneraliseerd_1998.7d3aeee8-b0d4-496b-812e-2d28a6aeff9b"},"id":"WK057900"},
{"type":"Feature","geometry":{"type":"Polygon","coordinates":[[[4.398,51.711],[4.386,51.702],[4.33,51.703],[4.319,51.706],[4.296,51.695],[4.271,51.691],[4.268,51.655],[4.318,51.661],[4.356,51.67],[4.373,51.693],[4.394,51.694],[4.404,51.699],[4.398,51.711]]]},"properties":{"id":286464,"statcode":"WK058000","statnaam":"Wijk 00 Ooltgensplaat","jrstatcode":"1998WK058000","rubriek":"wijk","FID":"wijk_gegeneraliseerd_1998.b55b48dd-081e-4ec6-9b77-08af55905315"},"id":"WK058000"},
{"type":"Feature","geometry":{"type":"Polygon","coordinates":[[[4.26,51.73],[4.243,51.717],[4.246,51.698],[4.233,51.662],[4.268,51.655],[4.271,51.691],[4.296,51.695],[4.319,51.706],[4.299,51.717],[4.26,51.73]]]},"properties":{"id":286465,"statcode":"WK058001","statnaam":"Wijk 01 Den Bommel","jrstatcode":"1998WK058001","rubriek":"wijk","FID":"wijk_gegeneraliseerd_1998.3faabd63-c988-4263-bbdf-60014e72fcb6"},"id":"WK058001"},
{"type":"Feature","geometry":{"type":"Polygon","coordinates":[[[4.243,51.717],[4.178,51.72],[4.165,51.686],[4.221,51.674],[4.233,51.662],[4.246,51.698],[4.243,51.717]]]},"properties":{"id":286466,"statcode":"WK058002","statnaam":"Wijk 02 Oude-Tonge","jrstatcode":"1998WK058002","rubriek":"wijk","FID":"wijk_gegeneraliseerd_1998.3b8e3c44-e9b4-4901-b70f-b798244efae9"},"id":"WK058002"},
{"type":"Feature","geometry":{"type":"Polygon","coordinates":[[[4.382,51.824],[4.389,51.815],[4.379,51.787],[4.414,51.779],[4.425,51.786],[4.429,51.799],[4.431,51.81],[4.449,51.82],[4.45,51.832],[4.432,51.837],[4.422,51.83],[4.399,51.831],[4.382,51.824]]]},"properties":{"id":286467,"statcode":"WK058400","statnaam":"Wijk 00","jrstatcode":"1998WK058400","rubriek":"wijk","FID":"wijk_gegeneraliseerd_1998.e89624a3-fdff-4d3f-9017-573f67da2049"},"id":"WK058400"},
{"type":"Feature","geometry":{"type":"Polygon","coordinates":[[[4.449,51.82],[4.496,51.811],[4.545,51.812],[4.561,51.819],[4.553,51.83],[4.506,51.834],[4.489,51.835],[4.45,51.832],[4.449,51.82]]]},"properties":{"id":286468,"statcode":"WK058500","statnaam":"Wijk 00 Heinenoord","jrstatcode":"1998WK058500","rubriek":"wijk","FID":"wijk_gegeneraliseerd_1998.2582ff43-6285-4f40-a815-c1c8f138eb66"},"id":"WK058500"},
{"type":"Feature","geometry":{"type":"Polygon","coordinates":[[[4.429,51.799],[4.476,51.791],[4.511,51.791],[4.52,51.8],[4.54,51.795],[4.555,51.804],[4.545,51.812],[4.496,51.811],[4.449,51.82],[4.431,51.81],[4.429,51.799]]]},"properties":{"id":286469,"statcode":"WK058501","statnaam":"Wijk 01 Mijnsheerenland","jrstatcode":"1998WK058501","rubriek":"wijk","FID":"wijk_gegeneraliseerd_1998.97c435e9-61e0-4a55-b016-899da01aa383"},"id":"WK058501"},
{"type":"Feature","geometry":{"type":"Polygon","coordinates":[[[4.511,51.791],[4.476,51.791],[4.429,51.799],[4.425,51.786],[4.436,51.782],[4.466,51.788],[4.483,51.777],[4.515,51.787],[4.511,51.791]]]},"properties":{"id":286470,"statcode":"WK058502","statnaam":"Wijk 02 Westmaas","jrstatcode":"1998WK058502","rubriek":"wijk","FID":"wijk_gegeneraliseerd_1998.545c276a-0a26-410a-a440-76365fc729db"},"id":"WK058502"},
{"type":"Feature","geometry":{"type":"Polygon","coordinates":[[[4.515,51.787],[4.547,51.774],[4.571,51.772],[4.57,51.785],[4.583,51.792],[4.555,51.804],[4.54,51.795],[4.52,51.8],[4.511,51.791],[4.515,51.787]]]},"properties":{"id":286471,"statcode":"WK058503","statnaam":"Wijk 03 Maasdam","jrstatcode":"1998WK058503","rubriek":"wijk","FID":"wijk_gegeneraliseerd_1998.a0f4e989-4807-458a-b569-704b097ee673"},"id":"WK058503"},
{"type":"Feature","geometry":{"type":"Polygon","coordinates":[[[4.593,51.807],[4.567,51.813],[4.561,51.819],[4.545,51.812],[4.555,51.804],[4.583,51.792],[4.598,51.806],[4.593,51.807]]]},"properties":{"id":286472,"statcode":"WK058504","statnaam":"Wijk 04 Puttershoek","jrstatcode":"1998WK058504","rubriek":"wijk","FID":"wijk_gegeneraliseerd_1998.5c1e0384-8809-4b2e-abaa-9e4ff5b1535f"},"id":"WK058504"},
{"type":"Feature","geometry":{"type":"Polygon","coordinates":[[[4.382,51.824],[4.331,51.813],[4.367,51.803],[4.357,51.788],[4.336,51.782],[4.391,51.779],[4.412,51.775],[4.414,51.779],[4.379,51.787],[4.389,51.815],[4.382,51.824]]]},"properties":{"id":286473,"statcode":"WK058800","statnaam":"Wijk 00 Nieuw-Beijerland","jrstatcode":"1998WK058800","rubriek":"wijk","FID":"wijk_gegeneraliseerd_1998.6dd7b441-71f9-4eb6-a007-6c12f9d4662d"},"id":"WK058800"},
{"type":"Feature","geometry":{"type":"Polygon","coordinates":[[[4.317,51.811],[4.299,51.804],[4.31,51.779],[4.336,51.782],[4.357,51.788],[4.367,51.803],[4.331,51.813],[4.317,51.811]]]},"properties":{"id":286474,"statcode":"WK058801","statnaam":"Wijk 01 Piershil","jrstatcode":"1998WK058801","rubriek":"wijk","FID":"wijk_gegeneraliseerd_1998.524a9a1f-7b71-4ee3-9cfe-585760eba25c"},"id":"WK058801"},
{"type":"Feature","geometry":{"type":"MultiPolygon","coordinates":[[[[4.289,51.803],[4.279,51.804],[4.265,51.803],[4.238,51.78],[4.249,51.766],[4.317,51.752],[4.32,51.767],[4.31,51.779],[4.299,51.804],[4.289,51.803]]],[[[4.304,51.748],[4.265,51.754],[4.259,51.748],[4.291,51.734],[4.304,51.748]]]]},"properties":{"id":286475,"statcode":"WK058802","statnaam":"Wijk 02 Goudswaard","jrstatcode":"1998WK058802","rubriek":"wijk","FID":"wijk_gegeneraliseerd_1998.8d229611-39ae-4a92-b9b8-613fb26e0e03"},"id":"WK058802"},
{"type":"Feature","geometry":{"type":"MultiPolygon","coordinates":[[[[4.412,51.775],[4.391,51.779],[4.336,51.782],[4.31,51.779],[4.32,51.767],[4.317,51.752],[4.385,51.731],[4.405,51.765],[4.412,51.775]]],[[[4.304,51.748],[4.291,51.734],[4.311,51.728],[4.336,51.726],[4.353,51.737],[4.304,51.748]]]]},"properties":{"id":286476,"statcode":"WK058803","statnaam":"Wijk 03 Zuid-Beijerland","jrstatcode":"1998WK058803","rubriek":"wijk","FID":"wijk_gegeneraliseerd_1998.76d72bb6-ef90-4b03-97a1-b5ff80717ba5"},"id":"WK058803"},
{"type":"Feature","geometry":{"type":"Polygon","coordinates":[[[4.878,52.017],[4.866,52.039],[4.849,52.033],[4.858,52.021],[4.878,52.017]]]},"properties":{"id":286477,"statcode":"WK058900","statnaam":"Wijk 00 Oudewater","jrstatcode":"1998WK058900","rubriek":"wijk","FID":"wijk_gegeneraliseerd_1998.2ae826c2-f70f-409e-9a4c-0e781327a8ce"},"id":"WK058900"},
{"type":"Feature","geometry":{"type":"Polygon","coordinates":[[[4.878,52.017],[4.858,52.021],[4.847,52.018],[4.857,52.006],[4.818,52],[4.827,51.993],[4.835,51.986],[4.892,52.005],[4.878,52.017]]]},"properties":{"id":286478,"statcode":"WK058901","statnaam":"Wijk 01 Hoenkoop","jrstatcode":"1998WK058901","rubriek":"wijk","FID":"wijk_gegeneraliseerd_1998.7bf0bbc9-eec3-42d7-aa72-b549c2958b5d"},"id":"WK058901"},
{"type":"Feature","geometry":{"type":"Polygon","coordinates":[[[4.915,52.043],[4.881,52.058],[4.866,52.039],[4.878,52.017],[4.892,52.005],[4.92,52.01],[4.905,52.026],[4.927,52.03],[4.915,52.043]]]},"properties":{"id":286479,"statcode":"WK058902","statnaam":"Wijk 02 Snelrewaard","jrstatcode":"1998WK058902","rubriek":"wijk","FID":"wijk_gegeneraliseerd_1998.d4adb0aa-e79e-44bb-9178-658eef5dd429"},"id":"WK058902"},
{"type":"Feature","geometry":{"type":"Polygon","coordinates":[[[4.868,52.064],[4.83,52.05],[4.809,52.026],[4.799,52.022],[4.803,52.014],[4.847,52.018],[4.858,52.021],[4.849,52.033],[4.866,52.039],[4.881,52.058],[4.868,52.064]]]},"properties":{"id":286480,"statcode":"WK058903","statnaam":"Wijk 03 Driebruggen-Zuid","jrstatcode":"1998WK058903","rubriek":"wijk","FID":"wijk_gegeneraliseerd_1998.13966343-11d7-4887-813a-5c047fc1ecf4"},"id":"WK058903"},
{"type":"Feature","geometry":{"type":"Polygon","coordinates":[[[4.737,51.846],[4.706,51.841],[4.683,51.849],[4.673,51.839],[4.67,51.825],[4.672,51.821],[4.675,51.821],[4.73,51.822],[4.743,51.841],[4.737,51.846]]]},"properties":{"id":286481,"statcode":"WK059000","statnaam":"Wijk 00 Papendrecht","jrstatcode":"1998WK059000","rubriek":"wijk","FID":"wijk_gegeneraliseerd_1998.23971aea-b3cc-4c77-8f24-4246069e361e"},"id":"WK059000"},
{"type":"Feature","geometry":{"type":"Polygon","coordinates":[[[4.389,52.009],[4.39,51.997],[4.408,51.968],[4.428,51.976],[4.459,52.002],[4.457,52.022],[4.477,52.032],[4.458,52.039],[4.45,52.049],[4.438,52.05],[4.441,52.044],[4.406,52.029],[4.379,52.036],[4.374,52.033],[4.386,52.023],[4.389,52.009]]]},"properties":{"id":286482,"statcode":"WK059400","statnaam":"Wijk 00","jrstatcode":"1998WK059400","rubriek":"wijk","FID":"wijk_gegeneraliseerd_1998.e9b07978-36f7-4108-8f37-01159200ea25"},"id":"WK059400"},
{"type":"Feature","geometry":{"type":"Polygon","coordinates":[[[4.66,52.064],[4.677,52.044],[4.706,52.04],[4.724,52.054],[4.761,52.046],[4.768,52.066],[4.713,52.077],[4.677,52.066],[4.66,52.064]]]},"properties":{"id":286483,"statcode":"WK059500","statnaam":"Wijk 00 Reeuwijk-West","jrstatcode":"1998WK059500","rubriek":"wijk","FID":"wijk_gegeneraliseerd_1998.d4c6b7d8-13a3-4941-b366-d38aea638e57"},"id":"WK059500"},
{"type":"Feature","geometry":{"type":"Polygon","coordinates":[[[4.706,52.04],[4.72,52.026],[4.744,52.023],[4.75,52.015],[4.751,52.014],[4.785,52.016],[4.799,52.022],[4.778,52.048],[4.784,52.065],[4.768,52.066],[4.761,52.046],[4.724,52.054],[4.706,52.04]]]},"properties":{"id":286484,"statcode":"WK059501","statnaam":"Wijk 01 Reeuwijk-Oost","jrstatcode":"1998WK059501","rubriek":"wijk","FID":"wijk_gegeneraliseerd_1998.bd41812e-1bfc-4a4b-a108-5346fcdb2d93"},"id":"WK059501"},
{"type":"Feature","geometry":{"type":"Polygon","coordinates":[[[4.799,52.022],[4.809,52.026],[4.83,52.05],[4.868,52.064],[4.873,52.069],[4.844,52.069],[4.83,52.067],[4.784,52.065],[4.778,52.048],[4.799,52.022]]]},"properties":{"id":286485,"statcode":"WK059502","statnaam":"Wijk 02 Driebruggen-Noord","jrstatcode":"1998WK059502","rubriek":"wijk","FID":"wijk_gegeneraliseerd_1998.316ed7ce-d156-49ad-adcb-17f2c7c169dd"},"id":"WK059502"},
{"type":"Feature","geometry":{"type":"Polygon","coordinates":[[[4.572,51.886],[4.569,51.878],[4.594,51.859],[4.628,51.856],[4.635,51.87],[4.626,51.881],[4.625,51.883],[4.6,51.875],[4.589,51.883],[4.572,51.886]]]},"properties":{"id":286486,"statcode":"WK059701","statnaam":"Wijk 01 Ridderkerk","jrstatcode":"1998WK059701","rubriek":"wijk","FID":"wijk_gegeneraliseerd_1998.435156a5-ca54-4b16-8c7b-f20e6c6dea33"},"id":"WK059701"},
{"type":"Feature","geometry":{"type":"Polygon","coordinates":[[[4.577,51.903],[4.576,51.903],[4.572,51.886],[4.589,51.883],[4.596,51.893],[4.577,51.903]]]},"properties":{"id":286487,"statcode":"WK059702","statnaam":"Wijk 02 Bolnes","jrstatcode":"1998WK059702","rubriek":"wijk","FID":"wijk_gegeneraliseerd_1998.3e6c6da1-16a8-4849-9bb0-ae8caefab15c"},"id":"WK059702"},
{"type":"Feature","geometry":{"type":"Polygon","coordinates":[[[4.635,51.87],[4.628,51.856],[4.627,51.855],[4.648,51.857],[4.635,51.87]]]},"properties":{"id":286488,"statcode":"WK059703","statnaam":"Wijk 03 Oostendam","jrstatcode":"1998WK059703","rubriek":"wijk","FID":"wijk_gegeneraliseerd_1998.8b795038-bef3-408d-b78d-0e6f5c358e33"},"id":"WK059703"},
{"type":"Feature","geometry":{"type":"Polygon","coordinates":[[[4.628,51.856],[4.594,51.859],[4.605,51.848],[4.627,51.855],[4.628,51.856]]]},"properties":{"id":286489,"statcode":"WK059707","statnaam":"Wijk 07 Rijsoord","jrstatcode":"1998WK059707","rubriek":"wijk","FID":"wijk_gegeneraliseerd_1998.575d8cfc-87dd-42dd-aabb-d128f74f8bdb"},"id":"WK059707"},
{"type":"Feature","geometry":{"type":"Polygon","coordinates":[[[4.549,51.874],[4.571,51.847],[4.595,51.84],[4.6,51.839],[4.605,51.848],[4.594,51.859],[4.569,51.878],[4.549,51.874]]]},"properties":{"id":286490,"statcode":"WK059708","statnaam":"Wijk 08 Reyerwaard-Strevelshoek","jrstatcode":"1998WK059708","rubriek":"wijk","FID":"wijk_gegeneraliseerd_1998.d8cd3dbd-2a4e-4e29-bd17-17d646e86ea7"},"id":"WK059708"},
{"type":"Feature","geometry":{"type":"Polygon","coordinates":[[[4.596,51.893],[4.589,51.883],[4.6,51.875],[4.625,51.883],[4.619,51.89],[4.596,51.893]]]},"properties":{"id":286491,"statcode":"WK059709","statnaam":"Wijk 09 Slikkerveer","jrstatcode":"1998WK059709","rubriek":"wijk","FID":"wijk_gegeneraliseerd_1998.1cced3b5-c0e3-431d-97c1-524f3ac4f85b"},"id":"WK059709"},
{"type":"Feature","geometry":{"type":"Polygon","coordinates":[[[4.454,51.923],[4.463,51.923],[4.468,51.9],[4.499,51.918],[4.485,51.925],[4.454,51.923]]]},"properties":{"id":286492,"statcode":"WK059901","statnaam":"Wijk 01 Stadscentrum","jrstatcode":"1998WK059901","rubriek":"wijk","FID":"wijk_gegeneraliseerd_1998.c7103a9c-4033-43fc-94df-01cec312fc86"},"id":"WK059901"},
{"type":"Feature","geometry":{"type":"Polygon","coordinates":[[[4.468,51.9],[4.463,51.923],[4.454,51.923],[4.437,51.922],[4.417,51.921],[4.414,51.914],[4.432,51.902],[4.463,51.9],[4.468,51.9]]]},"properties":{"id":286493,"statcode":"WK059903","statnaam":"Wijk 03 Delfshaven","jrstatcode":"1998WK059903","rubriek":"wijk","FID":"wijk_gegeneraliseerd_1998.936daabb-18d4-4e19-ab55-8f5e5d0a9ebb"},"id":"WK059903"},
{"type":"Feature","geometry":{"type":"Polygon","coordinates":[[[4.432,51.926],[4.461,51.939],[4.457,51.967],[4.447,51.963],[4.428,51.976],[4.408,51.968],[4.392,51.965],[4.38,51.963],[4.379,51.963],[4.389,51.945],[4.395,51.947],[4.416,51.941],[4.415,51.938],[4.432,51.926]]]},"properties":{"id":286494,"statcode":"WK059904","statnaam":"Wijk 04 Overschie","jrstatcode":"1998WK059904","rubriek":"wijk","FID":"wijk_gegeneraliseerd_1998.f688667c-b473-438a-9c51-e533060c203a"},"id":"WK059904"},
{"type":"Feature","geometry":{"type":"Polygon","coordinates":[[[4.437,51.922],[4.454,51.923],[4.485,51.925],[4.486,51.943],[4.461,51.939],[4.432,51.926],[4.437,51.922]]]},"properties":{"id":286495,"statcode":"WK059905","statnaam":"Wijk 05 Noord","jrstatcode":"1998WK059905","rubriek":"wijk","FID":"wijk_gegeneraliseerd_1998.47265622-a6dd-4c92-8814-9442d99f615e"},"id":"WK059905"},
{"type":"Feature","geometry":{"type":"Polygon","coordinates":[[[4.524,51.964],[4.495,51.968],[4.469,51.98],[4.457,51.967],[4.461,51.939],[4.486,51.943],[4.53,51.949],[4.524,51.964]]]},"properties":{"id":286496,"statcode":"WK059906","statnaam":"Wijk 06 Hillegersberg-Schiebroek","jrstatcode":"1998WK059906","rubriek":"wijk","FID":"wijk_gegeneraliseerd_1998.60208ec0-c755-4c9a-8e52-a26dd160696f"},"id":"WK059906"},
{"type":"Feature","geometry":{"type":"Polygon","coordinates":[[[4.499,51.918],[4.519,51.904],[4.543,51.904],[4.534,51.919],[4.539,51.928],[4.53,51.949],[4.486,51.943],[4.485,51.925],[4.499,51.918]]]},"properties":{"id":286497,"statcode":"WK059908","statnaam":"Wijk 08 Kralingen-Krooswijk","jrstatcode":"1998WK059908","rubriek":"wijk","FID":"wijk_gegeneraliseerd_1998.2149bf70-5b9c-4422-98f4-bc052b70efee"},"id":"WK059908"},
{"type":"Feature","geometry":{"type":"Polygon","coordinates":[[[4.506,51.877],[4.525,51.887],[4.519,51.904],[4.499,51.918],[4.468,51.9],[4.496,51.9],[4.492,51.885],[4.506,51.877]]]},"properties":{"id":286498,"statcode":"WK059910","statnaam":"Wijk 10 Feijenoord","jrstatcode":"1998WK059910","rubriek":"wijk","FID":"wijk_gegeneraliseerd_1998.b7562f4d-d86f-4aaa-ba33-f5f63dc2ec97"},"id":"WK059910"},
{"type":"Feature","geometry":{"type":"Polygon","coordinates":[[[4.572,51.886],[4.576,51.903],[4.549,51.905],[4.543,51.904],[4.519,51.904],[4.525,51.887],[4.506,51.877],[4.515,51.869],[4.535,51.869],[4.537,51.87],[4.549,51.874],[4.569,51.878],[4.572,51.886]]]},"properties":{"id":286499,"statcode":"WK059912","statnaam":"Wijk 12 IJsselmonde","jrstatcode":"1998WK059912","rubriek":"wijk","FID":"wijk_gegeneraliseerd_1998.9432cf59-6d21-4408-9218-8684e137001c"},"id":"WK059912"},
{"type":"Feature","geometry":{"type":"Polygon","coordinates":[[[4.37,51.899],[4.385,51.878],[4.387,51.867],[4.395,51.872],[4.429,51.87],[4.431,51.87],[4.398,51.878],[4.396,51.897],[4.37,51.899]]]},"properties":{"id":286500,"statcode":"WK059913","statnaam":"Wijk 13 Pernis","jrstatcode":"1998WK059913","rubriek":"wijk","FID":"wijk_gegeneraliseerd_1998.406ff209-fffe-4112-9d37-02ad0f9d87f6"},"id":"WK059913"},
{"type":"Feature","geometry":{"type":"Polygon","coordinates":[[[4.565,51.929],[4.573,51.944],[4.562,51.957],[4.584,51.966],[4.599,51.988],[4.594,51.994],[4.557,51.984],[4.548,51.973],[4.524,51.964],[4.53,51.949],[4.539,51.928],[4.534,51.919],[4.543,51.904],[4.549,51.905],[4.55,51.907],[4.541,51.919],[4.565,51.924],[4.565,51.929]]]},"properties":{"id":286501,"statcode":"WK059914","statnaam":"Wijk 14 Prins Alexander","jrstatcode":"1998WK059914","rubriek":"wijk","FID":"wijk_gegeneraliseerd_1998.f09e58ef-7b90-4c70-84a5-122650ae4b7b"},"id":"WK059914"},
{"type":"Feature","geometry":{"type":"MultiPolygon","coordinates":[[[[4.506,51.877],[4.492,51.885],[4.496,51.9],[4.468,51.9],[4.463,51.9],[4.454,51.878],[4.444,51.866],[4.48,51.862],[4.487,51.867],[4.515,51.869],[4.506,51.877]]],[[[4.413,51.901],[4.41,51.9],[4.425,51.887],[4.432,51.902],[4.413,51.901]]]]},"properties":{"id":286502,"statcode":"WK059915","statnaam":"Wijk 15 Charlois","jrstatcode":"1998WK059915","rubriek":"wijk","FID":"wijk_gegeneraliseerd_1998.b2e51297-d3ab-443f-95d2-182196f52687"},"id":"WK059915"},
{"type":"Feature","geometry":{"type":"Polygon","coordinates":[[[4.384,51.842],[4.387,51.867],[4.385,51.878],[4.33,51.872],[4.335,51.864],[4.34,51.859],[4.345,51.854],[4.373,51.843],[4.384,51.842]]]},"properties":{"id":286503,"statcode":"WK059916","statnaam":"Wijk 16 Hoogvliet","jrstatcode":"1998WK059916","rubriek":"wijk","FID":"wijk_gegeneraliseerd_1998.f359e5f5-ba13-4b31-b606-3cff15703226"},"id":"WK059916"},
{"type":"Feature","geometry":{"type":"Polygon","coordinates":[[[4.191,51.966],[4.147,51.981],[4.127,52.001],[4.097,51.984],[4.084,51.986],[4.126,51.975],[4.164,51.953],[4.191,51.941],[4.213,51.934],[4.22,51.941],[4.192,51.955],[4.191,51.966]]]},"properties":{"id":286504,"statcode":"WK059917","statnaam":"Wijk 17 Hoek van Holland","jrstatcode":"1998WK059917","rubriek":"wijk","FID":"wijk_gegeneraliseerd_1998.745b2197-83fd-4185-bb58-b28796f365cc"},"id":"WK059917"},
{"type":"Feature","geometry":{"type":"Polygon","coordinates":[[[4.432,51.926],[4.415,51.938],[4.415,51.923],[4.417,51.921],[4.437,51.922],[4.432,51.926]]]},"properties":{"id":286505,"statcode":"WK059918","statnaam":"Wijk 18 Spaanse Polder","jrstatcode":"1998WK059918","rubriek":"wijk","FID":"wijk_gegeneraliseerd_1998.63ff96a4-77d3-450f-8124-bf4cdf8e04ae"},"id":"WK059918"},
{"type":"Feature","geometry":{"type":"Polygon","coordinates":[[[4.414,51.914],[4.412,51.902],[4.413,51.901],[4.432,51.902],[4.414,51.914]]]},"properties":{"id":286506,"statcode":"WK059919","statnaam":"Wijk 19 Nieuw Mathenesse","jrstatcode":"1998WK059919","rubriek":"wijk","FID":"wijk_gegeneraliseerd_1998.a0d02c8a-0fa4-498a-8133-66f0f1c8e9cc"},"id":"WK059919"},
{"type":"Feature","geometry":{"type":"Polygon","coordinates":[[[4.463,51.9],[4.432,51.902],[4.425,51.887],[4.433,51.879],[4.454,51.878],[4.463,51.9]]]},"properties":{"id":286507,"statcode":"WK059921","statnaam":" ","jrstatcode":"1998WK059921","rubriek":"wijk","FID":"wijk_gegeneraliseerd_1998.7b6ab6b1-a329-4fa4-8503-7c9bc51337e7"},"id":"WK059921"},
{"type":"Feature","geometry":{"type":"MultiPolygon","coordinates":[[[[4.35,51.898],[4.319,51.895],[4.33,51.872],[4.385,51.878],[4.37,51.899],[4.35,51.898]]],[[[4.396,51.897],[4.398,51.878],[4.431,51.87],[4.444,51.866],[4.454,51.878],[4.433,51.879],[4.425,51.887],[4.41,51.9],[4.396,51.897]]]]},"properties":{"id":286508,"statcode":"WK059922","statnaam":"Wijk 22 Vondelingsplaat","jrstatcode":"1998WK059922","rubriek":"wijk","FID":"wijk_gegeneraliseerd_1998.ea2bbe86-130e-4266-8f79-7487522bf402"},"id":"WK059922"},
{"type":"Feature","geometry":{"type":"Polygon","coordinates":[[[4.191,51.941],[4.164,51.953],[4.126,51.975],[4.084,51.986],[4.072,51.979],[4.037,51.984],[4.017,51.977],[4.01,51.963],[4.017,51.953],[3.992,51.93],[3.996,51.916],[4.064,51.932],[4.108,51.936],[4.145,51.931],[4.173,51.919],[4.214,51.9],[4.229,51.886],[4.239,51.873],[4.252,51.868],[4.284,51.864],[4.335,51.864],[4.33,51.872],[4.319,51.895],[4.288,51.899],[4.268,51.905],[4.266,51.906],[4.26,51.897],[4.228,51.903],[4.219,51.923],[4.191,51.941]]]},"properties":{"id":286509,"statcode":"WK059923","statnaam":"Wijk 23 Botlek","jrstatcode":"1998WK059923","rubriek":"wijk","FID":"wijk_gegeneraliseerd_1998.d60a3054-d0ae-4c1c-8b8f-b54239b587f2"},"id":"WK059923"},
{"type":"Feature","geometry":{"type":"Polygon","coordinates":[[[4.416,51.941],[4.395,51.947],[4.404,51.937],[4.416,51.941]]]},"properties":{"id":286510,"statcode":"WK059924","statnaam":"Wijk 24 Bedrijvenpark Noord-west","jrstatcode":"1998WK059924","rubriek":"wijk","FID":"wijk_gegeneraliseerd_1998.1ebd14a1-6dc2-425a-a84a-ea86fdd67a92"},"id":"WK059924"},
{"type":"Feature","geometry":{"type":"Polygon","coordinates":[[[4.266,51.906],[4.241,51.915],[4.213,51.934],[4.191,51.941],[4.219,51.923],[4.228,51.903],[4.26,51.897],[4.266,51.906]]]},"properties":{"id":286511,"statcode":"WK060000","statnaam":"Wijk 00","jrstatcode":"1998WK060000","rubriek":"wijk","FID":"wijk_gegeneraliseerd_1998.13780b6d-58c7-4898-808e-011d0749de0c"},"id":"WK060000"},
{"type":"Feature","geometry":{"type":"Polygon","coordinates":[[[4.435,52.181],[4.459,52.183],[4.464,52.2],[4.464,52.216],[4.44,52.207],[4.43,52.197],[4.431,52.184],[4.435,52.181]]]},"properties":{"id":286512,"statcode":"WK060200","statnaam":"Wijk 00","jrstatcode":"1998WK060200","rubriek":"wijk","FID":"wijk_gegeneraliseerd_1998.3539d83c-7ce0-4946-a162-8b5be02f2104"},"id":"WK060200"},
{"type":"Feature","geometry":{"type":"Polygon","coordinates":[[[4.342,52.061],[4.34,52.062],[4.335,52.06],[4.343,52.052],[4.348,52.056],[4.342,52.061]]]},"properties":{"id":286513,"statcode":"WK060301","statnaam":"Wijk 01","jrstatcode":"1998WK060301","rubriek":"wijk","FID":"wijk_gegeneraliseerd_1998.2af653ad-3477-49cc-b8e0-328d41ab1f23"},"id":"WK060301"},
{"type":"Feature","geometry":{"type":"Polygon","coordinates":[[[4.334,52.046],[4.343,52.046],[4.343,52.052],[4.335,52.06],[4.325,52.055],[4.334,52.046]]]},"properties":{"id":286514,"statcode":"WK060302","statnaam":"Wijk 02","jrstatcode":"1998WK060302","rubriek":"wijk","FID":"wijk_gegeneraliseerd_1998.276a427d-f3d8-42eb-b327-56e663a23177"},"id":"WK060302"},
{"type":"Feature","geometry":{"type":"Polygon","coordinates":[[[4.325,52.055],[4.31,52.049],[4.322,52.038],[4.334,52.046],[4.325,52.055]]]},"properties":{"id":286515,"statcode":"WK060303","statnaam":"Wijk 03","jrstatcode":"1998WK060303","rubriek":"wijk","FID":"wijk_gegeneraliseerd_1998.1b0e0815-999a-4d30-9984-399e203e7fa3"},"id":"WK060303"},
{"type":"Feature","geometry":{"type":"Polygon","coordinates":[[[4.322,52.038],[4.31,52.049],[4.304,52.047],[4.316,52.034],[4.322,52.038]]]},"properties":{"id":286516,"statcode":"WK060304","statnaam":"Wijk 04","jrstatcode":"1998WK060304","rubriek":"wijk","FID":"wijk_gegeneraliseerd_1998.9ccb2fab-be01-43d2-964a-0d88ecbf72ff"},"id":"WK060304"},
{"type":"Feature","geometry":{"type":"Polygon","coordinates":[[[4.316,52.034],[4.304,52.047],[4.291,52.042],[4.299,52.03],[4.316,52.034]]]},"properties":{"id":286517,"statcode":"WK060305","statnaam":"Wijk 05","jrstatcode":"1998WK060305","rubriek":"wijk","FID":"wijk_gegeneraliseerd_1998.a5196a09-ca48-47cd-a281-520aa6540cb7"},"id":"WK060305"},
{"type":"Feature","geometry":{"type":"Polygon","coordinates":[[[4.329,52.021],[4.316,52.034],[4.299,52.03],[4.308,52.018],[4.31,52.016],[4.33,52.015],[4.334,52.016],[4.329,52.021]]]},"properties":{"id":286518,"statcode":"WK060306","statnaam":"Wijk 06","jrstatcode":"1998WK060306","rubriek":"wijk","FID":"wijk_gegeneraliseerd_1998.31086df4-935b-4df0-885d-739d185a5c53"},"id":"WK060306"},
{"type":"Feature","geometry":{"type":"Polygon","coordinates":[[[4.329,52.021],[4.322,52.038],[4.316,52.034],[4.329,52.021]]]},"properties":{"id":286519,"statcode":"WK060307","statnaam":"Wijk 07","jrstatcode":"1998WK060307","rubriek":"wijk","FID":"wijk_gegeneraliseerd_1998.2edae7dd-25c8-43b3-b3a0-97ce355efdb9"},"id":"WK060307"},
{"type":"Feature","geometry":{"type":"Polygon","coordinates":[[[4.343,52.046],[4.334,52.046],[4.322,52.038],[4.329,52.021],[4.334,52.016],[4.344,52.021],[4.347,52.022],[4.343,52.046]]]},"properties":{"id":286520,"statcode":"WK060308","statnaam":"Wijk 08","jrstatcode":"1998WK060308","rubriek":"wijk","FID":"wijk_gegeneraliseerd_1998.f0fc1d31-8631-4019-ba6b-87ae4d6a0764"},"id":"WK060308"},
{"type":"Feature","geometry":{"type":"Polygon","coordinates":[[[4.361,52.027],[4.374,52.033],[4.379,52.036],[4.361,52.049],[4.348,52.057],[4.348,52.056],[4.343,52.052],[4.343,52.046],[4.347,52.022],[4.348,52.022],[4.361,52.027]]]},"properties":{"id":286521,"statcode":"WK060309","statnaam":"Wijk 09","jrstatcode":"1998WK060309","rubriek":"wijk","FID":"wijk_gegeneraliseerd_1998.06bbb85f-a39d-4813-a4d1-9d0569a211cf"},"id":"WK060309"},
{"type":"Feature","geometry":{"type":"Polygon","coordinates":[[[4.49,52.201],[4.517,52.217],[4.531,52.213],[4.553,52.222],[4.525,52.236],[4.479,52.205],[4.49,52.201]]]},"properties":{"id":286522,"statcode":"WK060400","statnaam":"Wijk 00","jrstatcode":"1998WK060400","rubriek":"wijk","FID":"wijk_gegeneraliseerd_1998.986693ef-9f71-4ad0-9217-4f129d87b293"},"id":"WK060400"},
{"type":"Feature","geometry":{"type":"Polygon","coordinates":[[[4.401,51.919],[4.401,51.914],[4.402,51.919],[4.401,51.919]]]},"properties":{"id":286523,"statcode":"WK060600","statnaam":"Wijk 00 Centrum","jrstatcode":"1998WK060600","rubriek":"wijk","FID":"wijk_gegeneraliseerd_1998.58bb6f4d-a448-432c-95b5-78d078419681"},"id":"WK060600"},
{"type":"Feature","geometry":{"type":"Polygon","coordinates":[[[4.407,51.923],[4.402,51.919],[4.401,51.914],[4.414,51.914],[4.417,51.921],[4.415,51.923],[4.408,51.924],[4.407,51.923]]]},"properties":{"id":286524,"statcode":"WK060601","statnaam":"Wijk 01 Schiedam-oost","jrstatcode":"1998WK060601","rubriek":"wijk","FID":"wijk_gegeneraliseerd_1998.17fcc078-2c73-4621-be0c-73b73ff3ca6a"},"id":"WK060601"},
{"type":"Feature","geometry":{"type":"Polygon","coordinates":[[[4.401,51.914],[4.401,51.919],[4.393,51.917],[4.403,51.91],[4.408,51.909],[4.401,51.914]]]},"properties":{"id":286525,"statcode":"WK060602","statnaam":"Wijk 02 Tussen Havens en Grachten","jrstatcode":"1998WK060602","rubriek":"wijk","FID":"wijk_gegeneraliseerd_1998.41c71435-28d0-4838-9ed4-7c939b35ccea"},"id":"WK060602"},
{"type":"Feature","geometry":{"type":"Polygon","coordinates":[[[4.403,51.91],[4.393,51.917],[4.378,51.911],[4.403,51.91]]]},"properties":{"id":286526,"statcode":"WK060603","statnaam":"Wijk 03 Schiedam-west","jrstatcode":"1998WK060603","rubriek":"wijk","FID":"wijk_gegeneraliseerd_1998.c01dd69f-85bf-483c-9f40-38580bbb6cf0"},"id":"WK060603"},
{"type":"Feature","geometry":{"type":"Polygon","coordinates":[[[4.408,51.909],[4.403,51.91],[4.378,51.911],[4.371,51.909],[4.369,51.909],[4.37,51.899],[4.396,51.897],[4.41,51.9],[4.413,51.901],[4.412,51.902],[4.408,51.909]]]},"properties":{"id":286527,"statcode":"WK060604","statnaam":"Wijk 04 Schiedam-zuid","jrstatcode":"1998WK060604","rubriek":"wijk","FID":"wijk_gegeneraliseerd_1998.dee751cf-0638-41d0-8f21-cf3c425e4472"},"id":"WK060604"},
{"type":"Feature","geometry":{"type":"Polygon","coordinates":[[[4.414,51.914],[4.401,51.914],[4.408,51.909],[4.412,51.902],[4.414,51.914]]]},"properties":{"id":286528,"statcode":"WK060605","statnaam":"Wijk 05 Nieuw Mathenesse","jrstatcode":"1998WK060605","rubriek":"wijk","FID":"wijk_gegeneraliseerd_1998.70ff2e3a-73fa-499b-8cd0-9dbbfc2f0d91"},"id":"WK060605"},
{"type":"Feature","geometry":{"type":"Polygon","coordinates":[[[4.407,51.923],[4.391,51.926],[4.371,51.909],[4.378,51.911],[4.393,51.917],[4.401,51.919],[4.402,51.919],[4.407,51.923]]]},"properties":{"id":286529,"statcode":"WK060606","statnaam":"Wijk 06 Nieuwland","jrstatcode":"1998WK060606","rubriek":"wijk","FID":"wijk_gegeneraliseerd_1998.e12a12a2-1368-4066-9edb-04468aafb4da"},"id":"WK060606"},
{"type":"Feature","geometry":{"type":"Polygon","coordinates":[[[4.395,51.935],[4.362,51.936],[4.362,51.925],[4.367,51.914],[4.369,51.909],[4.371,51.909],[4.391,51.926],[4.407,51.923],[4.408,51.924],[4.395,51.935]]]},"properties":{"id":286530,"statcode":"WK060607","statnaam":"Wijk 07 Kethel-Bijdorp-Groenoord","jrstatcode":"1998WK060607","rubriek":"wijk","FID":"wijk_gegeneraliseerd_1998.6461c322-002c-4e7e-a71b-8c36253f0d3b"},"id":"WK060607"},
{"type":"Feature","geometry":{"type":"Polygon","coordinates":[[[4.415,51.938],[4.416,51.941],[4.404,51.937],[4.395,51.947],[4.389,51.945],[4.395,51.935],[4.408,51.924],[4.415,51.923],[4.415,51.938]]]},"properties":{"id":286531,"statcode":"WK060608","statnaam":"Wijk 08 Industriegeb. t.n.v. Rijksweg20","jrstatcode":"1998WK060608","rubriek":"wijk","FID":"wijk_gegeneraliseerd_1998.124103a9-7afb-4a13-b4a0-c1c543d8b9c1"},"id":"WK060608"},
{"type":"Feature","geometry":{"type":"Polygon","coordinates":[[[4.351,51.951],[4.362,51.936],[4.395,51.935],[4.389,51.945],[4.379,51.963],[4.364,51.961],[4.351,51.951]]]},"properties":{"id":286532,"statcode":"WK060609","statnaam":"Wijk 09 Landbouwgebied/Woudhoek-Spaland","jrstatcode":"1998WK060609","rubriek":"wijk","FID":"wijk_gegeneraliseerd_1998.e80c8240-6121-4fb0-ba33-3bffa3eb7369"},"id":"WK060609"},
{"type":"Feature","geometry":{"type":"Polygon","coordinates":[[[4.364,51.961],[4.342,51.977],[4.334,51.984],[4.344,52],[4.33,52.015],[4.31,52.016],[4.273,51.999],[4.256,51.991],[4.284,51.969],[4.297,51.958],[4.313,51.961],[4.323,51.943],[4.324,51.942],[4.351,51.951],[4.364,51.961]]]},"properties":{"id":286533,"statcode":"WK060700","statnaam":"Wijk 00","jrstatcode":"1998WK060700","rubriek":"wijk","FID":"wijk_gegeneraliseerd_1998.39d363f9-0a3a-41b3-b04e-7e6dbab7b56b"},"id":"WK060700"},
{"type":"Feature","geometry":{"type":"Polygon","coordinates":[[[4.866,51.96],[4.852,51.955],[4.827,51.97],[4.831,51.949],[4.832,51.939],[4.863,51.94],[4.873,51.938],[4.878,51.938],[4.866,51.96]]]},"properties":{"id":286534,"statcode":"WK060800","statnaam":"Wijk 00","jrstatcode":"1998WK060800","rubriek":"wijk","FID":"wijk_gegeneraliseerd_1998.9d340961-a9a3-4df7-9bb9-013a3eff402e"},"id":"WK060800"},
{"type":"Feature","geometry":{"type":"Polygon","coordinates":[[[4.742,51.822],[4.788,51.815],[4.811,51.819],[4.803,51.846],[4.756,51.845],[4.743,51.841],[4.73,51.822],[4.742,51.822]]]},"properties":{"id":286535,"statcode":"WK061000","statnaam":"Wijk 00","jrstatcode":"1998WK061000","rubriek":"wijk","FID":"wijk_gegeneraliseerd_1998.fc756f19-e97c-4ecb-a9a4-3efd3b3028db"},"id":"WK061000"},
{"type":"Feature","geometry":{"type":"Polygon","coordinates":[[[4.508,51.74],[4.493,51.751],[4.451,51.76],[4.438,51.757],[4.405,51.765],[4.385,51.731],[4.404,51.723],[4.398,51.711],[4.407,51.722],[4.439,51.716],[4.468,51.715],[4.522,51.702],[4.535,51.702],[4.518,51.715],[4.508,51.74]]]},"properties":{"id":286536,"statcode":"WK061100","statnaam":"Wijk 00 Numansdorp","jrstatcode":"1998WK061100","rubriek":"wijk","FID":"wijk_gegeneraliseerd_1998.4272e40e-9682-4fe8-a727-b66172ab4332"},"id":"WK061100"},
{"type":"Feature","geometry":{"type":"Polygon","coordinates":[[[4.405,51.765],[4.438,51.757],[4.451,51.76],[4.493,51.751],[4.508,51.74],[4.518,51.741],[4.506,51.752],[4.488,51.756],[4.483,51.777],[4.466,51.788],[4.436,51.782],[4.425,51.786],[4.414,51.779],[4.412,51.775],[4.405,51.765]]]},"properties":{"id":286537,"statcode":"WK061101","statnaam":"Wijk 01 Klaaswaal","jrstatcode":"1998WK061101","rubriek":"wijk","FID":"wijk_gegeneraliseerd_1998.77ce7b95-44c5-4b63-891a-a8c44dc68dc6"},"id":"WK061101"},
{"type":"Feature","geometry":{"type":"Polygon","coordinates":[[[4.331,51.843],[4.338,51.848],[4.342,51.85],[4.342,51.853],[4.345,51.854],[4.34,51.859],[4.329,51.855],[4.312,51.851],[4.312,51.847],[4.327,51.843],[4.331,51.843]]]},"properties":{"id":286538,"statcode":"WK061200","statnaam":"Wijk 00 Centrum","jrstatcode":"1998WK061200","rubriek":"wijk","FID":"wijk_gegeneraliseerd_1998.95b990c1-0680-4d2e-a9d2-5b312dfe3d11"},"id":"WK061200"},
{"type":"Feature","geometry":{"type":"Polygon","coordinates":[[[4.329,51.855],[4.325,51.86],[4.305,51.857],[4.312,51.851],[4.329,51.855]]]},"properties":{"id":286539,"statcode":"WK061201","statnaam":"Wijk 01 Schiekamp","jrstatcode":"1998WK061201","rubriek":"wijk","FID":"wijk_gegeneraliseerd_1998.84213211-7577-4b3c-bfc0-4e2f2f917686"},"id":"WK061201"},
{"type":"Feature","geometry":{"type":"Polygon","coordinates":[[[4.36,51.834],[4.375,51.828],[4.372,51.84],[4.36,51.834]]]},"properties":{"id":286540,"statcode":"WK061202","statnaam":"Wijk 02 Maaswijk","jrstatcode":"1998WK061202","rubriek":"wijk","FID":"wijk_gegeneraliseerd_1998.ce0b25e3-ce0f-4c9f-9d53-8c3d35d737bf"},"id":"WK061202"},
{"type":"Feature","geometry":{"type":"Polygon","coordinates":[[[4.332,51.838],[4.331,51.843],[4.327,51.843],[4.313,51.842],[4.315,51.837],[4.332,51.838]]]},"properties":{"id":286541,"statcode":"WK061203","statnaam":"Wijk 03 Sterrenkwartier","jrstatcode":"1998WK061203","rubriek":"wijk","FID":"wijk_gegeneraliseerd_1998.92ccafe8-4439-45d7-a896-010da95e74e8"},"id":"WK061203"},
{"type":"Feature","geometry":{"type":"Polygon","coordinates":[[[4.345,51.842],[4.338,51.848],[4.331,51.843],[4.332,51.838],[4.345,51.839],[4.345,51.842]]]},"properties":{"id":286542,"statcode":"WK061204","statnaam":"Wijk 04 Groenewoud","jrstatcode":"1998WK061204","rubriek":"wijk","FID":"wijk_gegeneraliseerd_1998.b2e709d7-1811-4286-9183-0bfd0f19da00"},"id":"WK061204"},
{"type":"Feature","geometry":{"type":"Polygon","coordinates":[[[4.345,51.839],[4.332,51.838],[4.335,51.831],[4.345,51.839]]]},"properties":{"id":286543,"statcode":"WK061205","statnaam":"Wijk 05 Waterland","jrstatcode":"1998WK061205","rubriek":"wijk","FID":"wijk_gegeneraliseerd_1998.8033d647-fa0c-4d57-b6f5-4e42eb68870a"},"id":"WK061205"},
{"type":"Feature","geometry":{"type":"Polygon","coordinates":[[[4.313,51.842],[4.327,51.843],[4.312,51.847],[4.313,51.842]]]},"properties":{"id":286544,"statcode":"WK061206","statnaam":"Wijk 06 De Hoek","jrstatcode":"1998WK061206","rubriek":"wijk","FID":"wijk_gegeneraliseerd_1998.c1f03f2c-5188-4606-b245-29b693e6565b"},"id":"WK061206"},
{"type":"Feature","geometry":{"type":"Polygon","coordinates":[[[4.315,51.837],[4.335,51.831],[4.332,51.838],[4.315,51.837]]]},"properties":{"id":286545,"statcode":"WK061207","statnaam":"Wijk 07 Akkers-Vriesland-Vogelenzang","jrstatcode":"1998WK061207","rubriek":"wijk","FID":"wijk_gegeneraliseerd_1998.70f679fd-01e6-4ae7-a6eb-8421af47959e"},"id":"WK061207"},
{"type":"Feature","geometry":{"type":"Polygon","coordinates":[[[4.345,51.854],[4.342,51.853],[4.342,51.85],[4.338,51.848],[4.345,51.842],[4.373,51.843],[4.345,51.854]]]},"properties":{"id":286546,"statcode":"WK061208","statnaam":"Wijk 08 Schenkel","jrstatcode":"1998WK061208","rubriek":"wijk","FID":"wijk_gegeneraliseerd_1998.0fc3deef-30ea-42a3-b586-73858ddfd239"},"id":"WK061208"},
{"type":"Feature","geometry":{"type":"Polygon","coordinates":[[[4.312,51.851],[4.305,51.857],[4.325,51.86],[4.329,51.855],[4.34,51.859],[4.335,51.864],[4.284,51.864],[4.286,51.85],[4.301,51.827],[4.317,51.811],[4.331,51.813],[4.382,51.824],[4.399,51.831],[4.422,51.83],[4.432,51.837],[4.423,51.84],[4.384,51.842],[4.373,51.843],[4.345,51.842],[4.345,51.839],[4.335,51.831],[4.315,51.837],[4.313,51.842],[4.312,51.847],[4.312,51.851]],[[4.36,51.834],[4.372,51.84],[4.375,51.828],[4.36,51.834]]]},"properties":{"id":286547,"statcode":"WK061209","statnaam":"Wijk 09 Hekelingen en buitengebied","jrstatcode":"1998WK061209","rubriek":"wijk","FID":"wijk_gegeneraliseerd_1998.2809d625-eadc-4a27-829e-30267051603a"},"id":"WK061209"},
{"type":"Feature","geometry":{"type":"Polygon","coordinates":[[[4.489,51.835],[4.48,51.862],[4.444,51.866],[4.431,51.87],[4.429,51.87],[4.411,51.869],[4.423,51.84],[4.432,51.837],[4.45,51.832],[4.489,51.835]]]},"properties":{"id":286548,"statcode":"WK061300","statnaam":"Wijk 00 Rhoon","jrstatcode":"1998WK061300","rubriek":"wijk","FID":"wijk_gegeneraliseerd_1998.f9cb19ff-6a2f-458d-93ef-b4d382627796"},"id":"WK061300"},
{"type":"Feature","geometry":{"type":"Polygon","coordinates":[[[4.384,51.842],[4.423,51.84],[4.411,51.869],[4.429,51.87],[4.395,51.872],[4.387,51.867],[4.384,51.842]]]},"properties":{"id":286549,"statcode":"WK061302","statnaam":"Wijk 02 Poortugaal","jrstatcode":"1998WK061302","rubriek":"wijk","FID":"wijk_gegeneraliseerd_1998.a78bc74a-f391-4622-8dc7-2b91ac7a2507"},"id":"WK061302"},
{"type":"Feature","geometry":{"type":"Polygon","coordinates":[[[4.131,51.876],[4.127,51.892],[4.047,51.908],[4.028,51.887],[4.053,51.866],[4.067,51.845],[4.083,51.847],[4.119,51.86],[4.131,51.876]]]},"properties":{"id":286550,"statcode":"WK061400","statnaam":"Wijk 00 Rockanje","jrstatcode":"1998WK061400","rubriek":"wijk","FID":"wijk_gegeneraliseerd_1998.b523f623-f27e-4130-92d2-9cc6fe2bb9f3"},"id":"WK061400"},
{"type":"Feature","geometry":{"type":"Polygon","coordinates":[[[4.131,51.876],[4.155,51.882],[4.16,51.883],[4.135,51.906],[4.153,51.922],[4.145,51.931],[4.108,51.936],[4.064,51.932],[3.996,51.916],[4.039,51.924],[4.047,51.908],[4.127,51.892],[4.131,51.876]]]},"properties":{"id":286551,"statcode":"WK061401","statnaam":"Wijk 01 Oostvoorne","jrstatcode":"1998WK061401","rubriek":"wijk","FID":"wijk_gegeneraliseerd_1998.c4d302d2-97d9-4edb-905b-8063164a6899"},"id":"WK061401"},
{"type":"Feature","geometry":{"type":"Polygon","coordinates":[[[4.518,51.741],[4.527,51.73],[4.553,51.739],[4.562,51.736],[4.587,51.756],[4.586,51.762],[4.571,51.772],[4.547,51.774],[4.515,51.787],[4.483,51.777],[4.488,51.756],[4.506,51.752],[4.518,51.741]]]},"properties":{"id":286552,"statcode":"WK061700","statnaam":"Wijk 00 Strijen","jrstatcode":"1998WK061700","rubriek":"wijk","FID":"wijk_gegeneraliseerd_1998.638571a6-a5b0-411d-8739-a343f7fcb3cb"},"id":"WK061700"},
{"type":"Feature","geometry":{"type":"Polygon","coordinates":[[[4.625,51.729],[4.603,51.741],[4.586,51.762],[4.587,51.756],[4.562,51.736],[4.553,51.739],[4.527,51.73],[4.518,51.741],[4.508,51.74],[4.518,51.715],[4.535,51.702],[4.558,51.705],[4.606,51.717],[4.625,51.729]]]},"properties":{"id":286553,"statcode":"WK061701","statnaam":"Wijk 01 Strijensas","jrstatcode":"1998WK061701","rubriek":"wijk","FID":"wijk_gegeneraliseerd_1998.e0b0b20e-0aeb-46b3-8890-bd5c38705276"},"id":"WK061701"},
{"type":"Feature","geometry":{"type":"Polygon","coordinates":[[[4.448,52.162],[4.449,52.175],[4.435,52.181],[4.431,52.184],[4.424,52.183],[4.404,52.168],[4.441,52.156],[4.448,52.162]]]},"properties":{"id":286554,"statcode":"WK061900","statnaam":"Wijk 00","jrstatcode":"1998WK061900","rubriek":"wijk","FID":"wijk_gegeneraliseerd_1998.84f3c13f-2996-480d-9284-e95f4c93c3bd"},"id":"WK061900"},
{"type":"Feature","geometry":{"type":"Polygon","coordinates":[[[5.114,52.002],[5.077,51.998],[5.063,51.991],[5.04,51.978],[5.054,51.977],[5.064,51.964],[5.055,51.955],[5.102,51.946],[5.113,51.959],[5.132,51.968],[5.111,51.967],[5.102,51.98],[5.114,52.002]]]},"properties":{"id":286555,"statcode":"WK062000","statnaam":"Wijk 00 Vianen","jrstatcode":"1998WK062000","rubriek":"wijk","FID":"wijk_gegeneraliseerd_1998.b802952e-ce66-4bcf-9d20-aaab267aba57"},"id":"WK062000"},
{"type":"Feature","geometry":{"type":"Polygon","coordinates":[[[5.144,51.984],[5.141,51.992],[5.12,52],[5.114,52.002],[5.102,51.98],[5.111,51.967],[5.132,51.968],[5.155,51.971],[5.144,51.984]]]},"properties":{"id":286556,"statcode":"WK062001","statnaam":"Wijk 01 Hagestein","jrstatcode":"1998WK062001","rubriek":"wijk","FID":"wijk_gegeneraliseerd_1998.8f53cfb4-c078-4575-87a9-58b0399aba2c"},"id":"WK062001"},
{"type":"Feature","geometry":{"type":"Polygon","coordinates":[[[5.155,51.971],[5.132,51.968],[5.113,51.959],[5.102,51.946],[5.13,51.935],[5.149,51.933],[5.18,51.968],[5.155,51.971]]]},"properties":{"id":286557,"statcode":"WK062002","statnaam":"Wijk 02 Everdingen","jrstatcode":"1998WK062002","rubriek":"wijk","FID":"wijk_gegeneraliseerd_1998.34a696ba-7167-4bf6-b11b-0fdf0b00b74c"},"id":"WK062002"},
{"type":"Feature","geometry":{"type":"Polygon","coordinates":[[[4.331,51.918],[4.325,51.909],[4.347,51.904],[4.342,51.916],[4.341,51.92],[4.331,51.918]]]},"properties":{"id":286558,"statcode":"WK062201","statnaam":"Wijk 01","jrstatcode":"1998WK062201","rubriek":"wijk","FID":"wijk_gegeneraliseerd_1998.5e07e1af-3f54-40a1-9066-9f1093838103"},"id":"WK062201"},
{"type":"Feature","geometry":{"type":"Polygon","coordinates":[[[4.294,51.922],[4.293,51.921],[4.277,51.911],[4.321,51.903],[4.325,51.909],[4.331,51.918],[4.294,51.922]]]},"properties":{"id":286559,"statcode":"WK062202","statnaam":"Wijk 02","jrstatcode":"1998WK062202","rubriek":"wijk","FID":"wijk_gegeneraliseerd_1998.34d25383-eb7e-4060-beb4-589c601fe7bf"},"id":"WK062202"},
{"type":"Feature","geometry":{"type":"Polygon","coordinates":[[[4.277,51.911],[4.268,51.905],[4.288,51.899],[4.319,51.895],[4.35,51.898],[4.347,51.904],[4.325,51.909],[4.321,51.903],[4.277,51.911]]]},"properties":{"id":286560,"statcode":"WK062203","statnaam":"Wijk 03","jrstatcode":"1998WK062203","rubriek":"wijk","FID":"wijk_gegeneraliseerd_1998.0063920a-2e3b-4f55-9b12-fc8c8b7e7f47"},"id":"WK062203"},
{"type":"Feature","geometry":{"type":"Polygon","coordinates":[[[4.342,51.916],[4.347,51.904],[4.35,51.898],[4.37,51.899],[4.369,51.909],[4.367,51.914],[4.342,51.916]]]},"properties":{"id":286561,"statcode":"WK062204","statnaam":"Wijk 04","jrstatcode":"1998WK062204","rubriek":"wijk","FID":"wijk_gegeneraliseerd_1998.bb625f74-ad97-4f0d-9c50-401cae7a01da"},"id":"WK062204"},
{"type":"Feature","geometry":{"type":"Polygon","coordinates":[[[4.341,51.92],[4.342,51.916],[4.367,51.914],[4.362,51.925],[4.341,51.92]]]},"properties":{"id":286562,"statcode":"WK062205","statnaam":"Wijk 05","jrstatcode":"1998WK062205","rubriek":"wijk","FID":"wijk_gegeneraliseerd_1998.29c52a74-4821-4574-a78a-7e9761879fc9"},"id":"WK062205"},
{"type":"Feature","geometry":{"type":"Polygon","coordinates":[[[4.362,51.925],[4.362,51.936],[4.336,51.931],[4.341,51.92],[4.362,51.925]]]},"properties":{"id":286563,"statcode":"WK062206","statnaam":"Wijk 06","jrstatcode":"1998WK062206","rubriek":"wijk","FID":"wijk_gegeneraliseerd_1998.718d6d1d-a81f-4d58-9b1e-81963be3d242"},"id":"WK062206"},
{"type":"Feature","geometry":{"type":"Polygon","coordinates":[[[4.362,51.936],[4.351,51.951],[4.324,51.942],[4.336,51.931],[4.362,51.936]]]},"properties":{"id":286564,"statcode":"WK062207","statnaam":"Wijk 07","jrstatcode":"1998WK062207","rubriek":"wijk","FID":"wijk_gegeneraliseerd_1998.2e793f2b-46d9-4735-8679-20954cd60b7b"},"id":"WK062207"},
{"type":"Feature","geometry":{"type":"Polygon","coordinates":[[[4.324,51.942],[4.323,51.943],[4.294,51.922],[4.331,51.918],[4.341,51.92],[4.336,51.931],[4.324,51.942]]]},"properties":{"id":286565,"statcode":"WK062208","statnaam":"Wijk 08 + 09","jrstatcode":"1998WK062208","rubriek":"wijk","FID":"wijk_gegeneraliseerd_1998.06ccdb04-5ef3-4ba6-a16c-dfe1f819db76"},"id":"WK062208"},
{"type":"Feature","geometry":{"type":"Polygon","coordinates":[[[4.827,51.993],[4.818,52],[4.857,52.006],[4.847,52.018],[4.803,52.014],[4.799,52.022],[4.785,52.016],[4.751,52.014],[4.738,52.007],[4.727,52.001],[4.735,51.998],[4.783,51.983],[4.795,51.992],[4.827,51.993]],[[4.773,51.997],[4.778,51.998],[4.782,51.995],[4.775,51.993],[4.773,51.997]]]},"properties":{"id":286566,"statcode":"WK062300","statnaam":"Wijk 00 Haastrecht","jrstatcode":"1998WK062300","rubriek":"wijk","FID":"wijk_gegeneraliseerd_1998.98e66ce5-9713-4f02-9b60-ab7526ff785d"},"id":"WK062300"},
{"type":"Feature","geometry":{"type":"Polygon","coordinates":[[[4.773,51.997],[4.775,51.993],[4.782,51.995],[4.778,51.998],[4.773,51.997]]]},"properties":{"id":286567,"statcode":"WK062301","statnaam":"Wijk 01 Bergvliet","jrstatcode":"1998WK062301","rubriek":"wijk","FID":"wijk_gegeneraliseerd_1998.4e1338ac-4060-43af-8239-8d8c77bc9f44"},"id":"WK062301"},
{"type":"Feature","geometry":{"type":"Polygon","coordinates":[[[4.813,51.969],[4.783,51.983],[4.735,51.998],[4.709,51.984],[4.721,51.978],[4.705,51.963],[4.721,51.944],[4.738,51.944],[4.815,51.958],[4.813,51.969]]]},"properties":{"id":286568,"statcode":"WK062302","statnaam":"Wijk 02 Stolwijk","jrstatcode":"1998WK062302","rubriek":"wijk","FID":"wijk_gegeneraliseerd_1998.aa9ee514-e007-4762-bcd4-b67efcf6ca21"},"id":"WK062302"},
{"type":"Feature","geometry":{"type":"Polygon","coordinates":[[[4.835,51.986],[4.827,51.993],[4.795,51.992],[4.783,51.983],[4.813,51.969],[4.827,51.97],[4.852,51.955],[4.866,51.96],[4.835,51.986]]]},"properties":{"id":286569,"statcode":"WK062303","statnaam":"Wijk 03 Vlist","jrstatcode":"1998WK062303","rubriek":"wijk","FID":"wijk_gegeneraliseerd_1998.7806b39e-cb3d-4666-a0a5-4a09f60d91e1"},"id":"WK062303"},
{"type":"Feature","geometry":{"type":"Polygon","coordinates":[[[4.348,52.057],[4.391,52.078],[4.374,52.092],[4.352,52.083],[4.335,52.075],[4.342,52.061],[4.348,52.056],[4.348,52.057]]]},"properties":{"id":286570,"statcode":"WK062400","statnaam":"Wijk 00","jrstatcode":"1998WK062400","rubriek":"wijk","FID":"wijk_gegeneraliseerd_1998.e676ed3a-7aee-41be-b20d-de16abbc73ec"},"id":"WK062400"},
{"type":"Feature","geometry":{"type":"Polygon","coordinates":[[[4.479,52.205],[4.525,52.236],[4.527,52.247],[4.513,52.255],[4.478,52.232],[4.464,52.216],[4.464,52.2],[4.479,52.205]]]},"properties":{"id":286571,"statcode":"WK062500","statnaam":"Wijk 00","jrstatcode":"1998WK062500","rubriek":"wijk","FID":"wijk_gegeneraliseerd_1998.dc2dc073-fe16-4f53-9750-c432de44c390"},"id":"WK062500"},
{"type":"Feature","geometry":{"type":"Polygon","coordinates":[[[4.467,52.129],[4.46,52.15],[4.443,52.145],[4.413,52.122],[4.401,52.112],[4.428,52.102],[4.467,52.129]]]},"properties":{"id":286572,"statcode":"WK062600","statnaam":"Wijk 00","jrstatcode":"1998WK062600","rubriek":"wijk","FID":"wijk_gegeneraliseerd_1998.241c2405-ec53-41a1-a784-c3c42dfd5384"},"id":"WK062600"},
{"type":"Feature","geometry":{"type":"Polygon","coordinates":[[[4.67,52.014],[4.694,52.034],[4.706,52.04],[4.677,52.044],[4.66,52.064],[4.638,52.065],[4.625,52.076],[4.607,52.077],[4.607,52.066],[4.61,52.046],[4.593,52.036],[4.625,52.015],[4.637,52.012],[4.663,52.024],[4.667,52.013],[4.67,52.014]]]},"properties":{"id":286573,"statcode":"WK062700","statnaam":"Wijk 00","jrstatcode":"1998WK062700","rubriek":"wijk","FID":"wijk_gegeneraliseerd_1998.b258ae74-a780-4b59-a1e7-ee33c9d752db"},"id":"WK062700"},
{"type":"Feature","geometry":{"type":"Polygon","coordinates":[[[4.49,52.201],[4.498,52.184],[4.518,52.182],[4.538,52.18],[4.547,52.199],[4.56,52.2],[4.558,52.219],[4.554,52.222],[4.553,52.222],[4.531,52.213],[4.517,52.217],[4.49,52.201]]]},"properties":{"id":286574,"statcode":"WK062800","statnaam":"Wijk 00","jrstatcode":"1998WK062800","rubriek":"wijk","FID":"wijk_gegeneraliseerd_1998.139f0a40-0ac8-41cf-b042-925a7c25443e"},"id":"WK062800"},
{"type":"Feature","geometry":{"type":"Polygon","coordinates":[[[4.413,52.122],[4.35,52.165],[4.304,52.128],[4.329,52.109],[4.342,52.098],[4.344,52.098],[4.359,52.105],[4.373,52.095],[4.401,52.112],[4.413,52.122]]]},"properties":{"id":286575,"statcode":"WK062900","statnaam":"Wijk 00 Zuidwestelijk deel der gemeente","jrstatcode":"1998WK062900","rubriek":"wijk","FID":"wijk_gegeneraliseerd_1998.9a641741-c826-4509-8863-7c3d9fd4a009"},"id":"WK062900"},
{"type":"Feature","geometry":{"type":"Polygon","coordinates":[[[4.35,52.165],[4.413,52.122],[4.443,52.145],[4.441,52.156],[4.404,52.168],[4.375,52.187],[4.35,52.165]]]},"properties":{"id":286576,"statcode":"WK062901","statnaam":"Wijk 01 Noordoostelijk deel der gemeente","jrstatcode":"1998WK062901","rubriek":"wijk","FID":"wijk_gegeneraliseerd_1998.d590f181-67a2-4fcc-97ef-c023895a719a"},"id":"WK062901"},
{"type":"Feature","geometry":{"type":"Polygon","coordinates":[[[4.308,52.018],[4.287,52.023],[4.272,52.036],[4.248,52.025],[4.242,52.02],[4.273,51.999],[4.31,52.016],[4.308,52.018]]]},"properties":{"id":286577,"statcode":"WK063000","statnaam":"Wijk 00","jrstatcode":"1998WK063000","rubriek":"wijk","FID":"wijk_gegeneraliseerd_1998.9e9932b2-123b-47f1-acee-3c57e6a5936d"},"id":"WK063000"},
{"type":"Feature","geometry":{"type":"Polygon","coordinates":[[[4.894,52.096],[4.862,52.092],[4.862,52.076],[4.844,52.069],[4.873,52.069],[4.905,52.07],[4.892,52.085],[4.894,52.096]]]},"properties":{"id":286578,"statcode":"WK063200","statnaam":"Wijk 00 Woerden-midden","jrstatcode":"1998WK063200","rubriek":"wijk","FID":"wijk_gegeneraliseerd_1998.cf7eaf60-3245-410b-89b0-852afc06d1ed"},"id":"WK063200"},
{"type":"Feature","geometry":{"type":"Polygon","coordinates":[[[4.824,52.105],[4.823,52.105],[4.83,52.067],[4.844,52.069],[4.862,52.076],[4.862,52.092],[4.862,52.095],[4.824,52.105]]]},"properties":{"id":286579,"statcode":"WK063201","statnaam":"Wijk 01 Woerden-west","jrstatcode":"1998WK063201","rubriek":"wijk","FID":"wijk_gegeneraliseerd_1998.2d2c1f1c-7d08-4a05-ab98-d2317e5d3d53"},"id":"WK063201"},
{"type":"Feature","geometry":{"type":"Polygon","coordinates":[[[4.927,52.078],[4.943,52.097],[4.939,52.105],[4.907,52.104],[4.894,52.096],[4.892,52.085],[4.905,52.07],[4.927,52.078]]]},"properties":{"id":286580,"statcode":"WK063202","statnaam":"Wijk 02 Woerden-oost","jrstatcode":"1998WK063202","rubriek":"wijk","FID":"wijk_gegeneraliseerd_1998.32a235be-bec2-47b7-93bc-49dbc27cba9d"},"id":"WK063202"},
{"type":"Feature","geometry":{"type":"Polygon","coordinates":[[[4.855,52.137],[4.832,52.144],[4.811,52.139],[4.792,52.122],[4.824,52.105],[4.862,52.095],[4.87,52.103],[4.858,52.12],[4.855,52.137]]]},"properties":{"id":286581,"statcode":"WK063203","statnaam":"Wijk 03 Zegveld","jrstatcode":"1998WK063203","rubriek":"wijk","FID":"wijk_gegeneraliseerd_1998.d1a7def3-ab27-4c73-949a-f6174dbc7aee"},"id":"WK063203"},
{"type":"Feature","geometry":{"type":"Polygon","coordinates":[[[4.892,52.162],[4.874,52.156],[4.875,52.139],[4.855,52.137],[4.858,52.12],[4.87,52.103],[4.862,52.095],[4.862,52.092],[4.894,52.096],[4.907,52.104],[4.939,52.105],[4.927,52.121],[4.944,52.128],[4.91,52.162],[4.892,52.162]]]},"properties":{"id":286582,"statcode":"WK063204","statnaam":"Wijk 04 Kamerik","jrstatcode":"1998WK063204","rubriek":"wijk","FID":"wijk_gegeneraliseerd_1998.d2884fcf-5c46-40b7-bb4f-a65c01b5780c"},"id":"WK063204"},
{"type":"Feature","geometry":{"type":"Polygon","coordinates":[[[4.476,52.048],[4.491,52.047],[4.515,52.057],[4.5,52.065],[4.482,52.061],[4.476,52.048]]]},"properties":{"id":286583,"statcode":"WK063700","statnaam":"Wijk 00 Centrum","jrstatcode":"1998WK063700","rubriek":"wijk","FID":"wijk_gegeneraliseerd_1998.0df0d8ef-e7a8-4763-9d31-1efec690fa69"},"id":"WK063700"},
{"type":"Feature","geometry":{"type":"Polygon","coordinates":[[[4.465,52.065],[4.472,52.049],[4.476,52.048],[4.482,52.061],[4.465,52.065]]]},"properties":{"id":286584,"statcode":"WK063701","statnaam":"Wijk 01 Meerzicht","jrstatcode":"1998WK063701","rubriek":"wijk","FID":"wijk_gegeneraliseerd_1998.fe5ef340-f08d-480b-bb34-a0493ce40ee0"},"id":"WK063701"},
{"type":"Feature","geometry":{"type":"Polygon","coordinates":[[[4.507,52.078],[4.468,52.071],[4.465,52.065],[4.482,52.061],[4.5,52.065],[4.507,52.077],[4.507,52.078]]]},"properties":{"id":286585,"statcode":"WK063702","statnaam":"Wijk 02 Buytenwegh - De Leyens","jrstatcode":"1998WK063702","rubriek":"wijk","FID":"wijk_gegeneraliseerd_1998.58094a53-b9a8-46eb-b42a-4ec741dc21a8"},"id":"WK063702"},
{"type":"Feature","geometry":{"type":"Polygon","coordinates":[[[4.5,52.065],[4.515,52.057],[4.526,52.067],[4.507,52.077],[4.5,52.065]]]},"properties":{"id":286586,"statcode":"WK063703","statnaam":"Wijk 03 Seghwaert","jrstatcode":"1998WK063703","rubriek":"wijk","FID":"wijk_gegeneraliseerd_1998.bdedfbd1-d549-4e15-bd6b-6b29130827e0"},"id":"WK063703"},
{"type":"Feature","geometry":{"type":"Polygon","coordinates":[[[4.513,52.088],[4.507,52.078],[4.507,52.077],[4.526,52.067],[4.534,52.073],[4.531,52.08],[4.513,52.088]]]},"properties":{"id":286587,"statcode":"WK063704","statnaam":"Wijk 04 Noordhove","jrstatcode":"1998WK063704","rubriek":"wijk","FID":"wijk_gegeneraliseerd_1998.dde431e7-f3e7-4f05-a190-3251552d4c51"},"id":"WK063704"},
{"type":"Feature","geometry":{"type":"Polygon","coordinates":[[[4.491,52.047],[4.476,52.048],[4.472,52.049],[4.45,52.049],[4.458,52.039],[4.477,52.032],[4.496,52.032],[4.491,52.047]]]},"properties":{"id":286588,"statcode":"WK063705","statnaam":"Wijk 05 Rokkeveen","jrstatcode":"1998WK063705","rubriek":"wijk","FID":"wijk_gegeneraliseerd_1998.37be2f36-6a50-4960-96ce-f0d25b1f734e"},"id":"WK063705"},
{"type":"Feature","geometry":{"type":"Polygon","coordinates":[[[4.526,52.067],[4.515,52.057],[4.491,52.047],[4.496,52.032],[4.505,52.032],[4.532,52.048],[4.526,52.067]]]},"properties":{"id":286589,"statcode":"WK063708","statnaam":"Wijk 08 Industriegebied","jrstatcode":"1998WK063708","rubriek":"wijk","FID":"wijk_gegeneraliseerd_1998.94cd3ceb-b799-4492-b23c-f1f77a05754e"},"id":"WK063708"},
{"type":"Feature","geometry":{"type":"MultiPolygon","coordinates":[[[[4.492,52.09],[4.457,52.079],[4.421,52.063],[4.422,52.052],[4.438,52.05],[4.45,52.049],[4.472,52.049],[4.465,52.065],[4.468,52.071],[4.507,52.078],[4.513,52.088],[4.492,52.09]]],[[[4.534,52.073],[4.526,52.067],[4.532,52.048],[4.557,52.061],[4.534,52.073]]]]},"properties":{"id":286590,"statcode":"WK063709","statnaam":"Wijk 09 Buitengebied","jrstatcode":"1998WK063709","rubriek":"wijk","FID":"wijk_gegeneraliseerd_1998.dee39ae6-46e9-4a50-a4ae-caa3b48b6040"},"id":"WK063709"},
{"type":"Feature","geometry":{"type":"Polygon","coordinates":[[[4.513,52.14],[4.496,52.131],[4.473,52.119],[4.492,52.09],[4.513,52.088],[4.531,52.08],[4.537,52.084],[4.542,52.119],[4.545,52.129],[4.513,52.14]]]},"properties":{"id":286591,"statcode":"WK063800","statnaam":"Wijk 00 Zoeterwoude","jrstatcode":"1998WK063800","rubriek":"wijk","FID":"wijk_gegeneraliseerd_1998.c9ac3a13-86dd-49b0-a558-07b11f2bc59c"},"id":"WK063800"},
{"type":"Feature","geometry":{"type":"Polygon","coordinates":[[[4.551,52.138],[4.524,52.147],[4.513,52.14],[4.545,52.129],[4.551,52.138]]]},"properties":{"id":286592,"statcode":"WK063801","statnaam":"Wijk 01 Hoge Rijndijk","jrstatcode":"1998WK063801","rubriek":"wijk","FID":"wijk_gegeneraliseerd_1998.5ffd3c4c-8df0-4d97-9046-eab7f23819e9"},"id":"WK063801"},
{"type":"Feature","geometry":{"type":"Polygon","coordinates":[[[4.66,51.817],[4.637,51.826],[4.623,51.83],[4.625,51.822],[4.647,51.813],[4.65,51.811],[4.66,51.817]]]},"properties":{"id":286593,"statcode":"WK064200","statnaam":"Wijk 00 Centrum","jrstatcode":"1998WK064200","rubriek":"wijk","FID":"wijk_gegeneraliseerd_1998.73456e49-d308-4ee8-858a-1d608d56cd5a"},"id":"WK064200"},
{"type":"Feature","geometry":{"type":"Polygon","coordinates":[[[4.637,51.826],[4.66,51.817],[4.672,51.821],[4.67,51.825],[4.662,51.831],[4.637,51.826]]]},"properties":{"id":286594,"statcode":"WK064201","statnaam":"Wijk 01 Walbrug","jrstatcode":"1998WK064201","rubriek":"wijk","FID":"wijk_gegeneraliseerd_1998.3cfb0a31-45ef-484d-9b7a-440994002165"},"id":"WK064201"},
{"type":"Feature","geometry":{"type":"Polygon","coordinates":[[[4.625,51.822],[4.622,51.815],[4.647,51.813],[4.625,51.822]]]},"properties":{"id":286595,"statcode":"WK064202","statnaam":"Wijk 02 Meerdervoort","jrstatcode":"1998WK064202","rubriek":"wijk","FID":"wijk_gegeneraliseerd_1998.bf45e8ed-d460-4da6-b012-127da3bba2df"},"id":"WK064202"},
{"type":"Feature","geometry":{"type":"Polygon","coordinates":[[[4.622,51.815],[4.587,51.816],[4.593,51.807],[4.598,51.806],[4.621,51.801],[4.65,51.811],[4.647,51.813],[4.622,51.815]]]},"properties":{"id":286596,"statcode":"WK064203","statnaam":"Wijk 03 Groote Lindt","jrstatcode":"1998WK064203","rubriek":"wijk","FID":"wijk_gegeneraliseerd_1998.408a8764-d014-441a-8c95-9ee4666a3416"},"id":"WK064203"},
{"type":"Feature","geometry":{"type":"Polygon","coordinates":[[[4.6,51.839],[4.595,51.84],[4.583,51.818],[4.567,51.813],[4.593,51.807],[4.587,51.816],[4.622,51.815],[4.625,51.822],[4.623,51.83],[4.6,51.839]]]},"properties":{"id":286597,"statcode":"WK064204","statnaam":"Wijk 04 Heer Oudelands Ambacht","jrstatcode":"1998WK064204","rubriek":"wijk","FID":"wijk_gegeneraliseerd_1998.18cf04f6-4dfb-4e8b-9a81-2acc972dc691"},"id":"WK064204"},
{"type":"Feature","geometry":{"type":"Polygon","coordinates":[[[4.639,51.891],[4.669,51.89],[4.724,51.898],[4.744,51.906],[4.745,51.927],[4.717,51.93],[4.691,51.932],[4.676,51.922],[4.643,51.913],[4.642,51.912],[4.639,51.891]]]},"properties":{"id":286598,"statcode":"WK064300","statnaam":"Wijk 00 Lekkerkerk","jrstatcode":"1998WK064300","rubriek":"wijk","FID":"wijk_gegeneraliseerd_1998.106f7583-536d-465c-b9d7-5dddff895962"},"id":"WK064300"},
{"type":"Feature","geometry":{"type":"Polygon","coordinates":[[[4.619,51.89],[4.639,51.891],[4.642,51.912],[4.577,51.903],[4.596,51.893],[4.619,51.89]]]},"properties":{"id":286599,"statcode":"WK064301","statnaam":"Wijk 01 Krimpen a/d Lek","jrstatcode":"1998WK064301","rubriek":"wijk","FID":"wijk_gegeneraliseerd_1998.fa9c57f9-a808-4d1f-8336-e9a55491aafb"},"id":"WK064301"},
{"type":"Feature","geometry":{"type":"Polygon","coordinates":[[[4.679,51.958],[4.65,51.973],[4.649,51.973],[4.631,51.968],[4.646,51.955],[4.633,51.937],[4.619,51.933],[4.618,51.931],[4.643,51.913],[4.676,51.922],[4.691,51.932],[4.68,51.944],[4.679,51.958]]]},"properties":{"id":286600,"statcode":"WK064400","statnaam":"Wijk 00 Ouderkerk a.d. IJssel","jrstatcode":"1998WK064400","rubriek":"wijk","FID":"wijk_gegeneraliseerd_1998.6736c92e-e915-4e2f-a00d-e7e0a19a8341"},"id":"WK064400"},
{"type":"Feature","geometry":{"type":"Polygon","coordinates":[[[4.735,51.998],[4.727,52.001],[4.707,52.002],[4.698,51.997],[4.689,51.996],[4.67,51.979],[4.65,51.973],[4.679,51.958],[4.709,51.984],[4.735,51.998]]]},"properties":{"id":286601,"statcode":"WK064401","statnaam":"Wijk 01 Gouderak","jrstatcode":"1998WK064401","rubriek":"wijk","FID":"wijk_gegeneraliseerd_1998.e733dcbd-e6e4-4d2f-841f-e532b2fe9db8"},"id":"WK064401"},
{"type":"Feature","geometry":{"type":"Polygon","coordinates":[[[4.619,52.159],[4.665,52.162],[4.681,52.168],[4.689,52.192],[4.634,52.185],[4.615,52.175],[4.594,52.18],[4.559,52.164],[4.572,52.153],[4.619,52.159]]]},"properties":{"id":286602,"statcode":"WK064500","statnaam":"Wijk 00 Woubrugge","jrstatcode":"1998WK064500","rubriek":"wijk","FID":"wijk_gegeneraliseerd_1998.2d887c67-1712-4d45-880a-5bba576d6d29"},"id":"WK064500"},
{"type":"Feature","geometry":{"type":"Polygon","coordinates":[[[4.708,52.205],[4.683,52.211],[4.648,52.208],[4.651,52.2],[4.634,52.185],[4.689,52.192],[4.708,52.205]]]},"properties":{"id":286603,"statcode":"WK064501","statnaam":"Wijk 01 Rijnsaterwoude","jrstatcode":"1998WK064501","rubriek":"wijk","FID":"wijk_gegeneraliseerd_1998.53035d1e-c666-4015-96fd-666547fa8292"},"id":"WK064501"},
{"type":"Feature","geometry":{"type":"Polygon","coordinates":[[[4.67,52.231],[4.644,52.221],[4.648,52.208],[4.683,52.211],[4.708,52.205],[4.726,52.212],[4.723,52.217],[4.724,52.232],[4.67,52.231]]]},"properties":{"id":286604,"statcode":"WK064502","statnaam":"Wijk 02 Leimuiden","jrstatcode":"1998WK064502","rubriek":"wijk","FID":"wijk_gegeneraliseerd_1998.7b0e02ca-3d8f-4d34-8676-ca9275a4a2ea"},"id":"WK064502"},
{"type":"Feature","geometry":{"type":"Polygon","coordinates":[[[3.958,51.305],[3.903,51.291],[3.882,51.303],[3.873,51.295],[3.876,51.276],[3.874,51.269],[3.864,51.25],[3.87,51.248],[3.914,51.253],[3.982,51.263],[3.978,51.302],[3.958,51.305]]]},"properties":{"id":286605,"statcode":"WK065000","statnaam":"Wijk 00 Axel","jrstatcode":"1998WK065000","rubriek":"wijk","FID":"wijk_gegeneraliseerd_1998.f697503e-5a6f-4871-8ce3-8c89777c9bad"},"id":"WK065000"},
{"type":"Feature","geometry":{"type":"Polygon","coordinates":[[[3.932,51.217],[3.958,51.216],[4.006,51.242],[3.982,51.249],[3.982,51.263],[3.914,51.253],[3.932,51.217]]]},"properties":{"id":286606,"statcode":"WK065001","statnaam":"Wijk 01 Koewacht","jrstatcode":"1998WK065001","rubriek":"wijk","FID":"wijk_gegeneraliseerd_1998.20990b35-c7e3-4310-82c9-8c1450f51b5c"},"id":"WK065001"},
{"type":"Feature","geometry":{"type":"Polygon","coordinates":[[[3.865,51.214],[3.893,51.219],[3.909,51.224],[3.924,51.217],[3.932,51.217],[3.914,51.253],[3.87,51.248],[3.864,51.25],[3.889,51.234],[3.861,51.22],[3.865,51.214]]]},"properties":{"id":286607,"statcode":"WK065002","statnaam":"Wijk 02 Zuiddorpe","jrstatcode":"1998WK065002","rubriek":"wijk","FID":"wijk_gegeneraliseerd_1998.7d4935c6-b865-4232-bbf2-3d56534a2432"},"id":"WK065002"},
{"type":"Feature","geometry":{"type":"Polygon","coordinates":[[[3.893,51.219],[3.878,51.208],[3.886,51.2],[3.918,51.208],[3.924,51.217],[3.909,51.224],[3.893,51.219]]]},"properties":{"id":286608,"statcode":"WK065003","statnaam":"Wijk 03 Overslag","jrstatcode":"1998WK065003","rubriek":"wijk","FID":"wijk_gegeneraliseerd_1998.8f11fa40-ed33-45c7-a459-0c966aa91463"},"id":"WK065003"},
{"type":"Feature","geometry":{"type":"Polygon","coordinates":[[[5.64,52.922],[5.594,52.916],[5.572,52.894],[5.547,52.877],[5.594,52.862],[5.614,52.851],[5.644,52.86],[5.643,52.873],[5.664,52.889],[5.64,52.922]]]},"properties":{"id":286609,"statcode":"WK065300","statnaam":"Wijk 00 Noordoost","jrstatcode":"1998WK065300","rubriek":"wijk","FID":"wijk_gegeneraliseerd_1998.5ceb6471-d087-4c1e-9705-d959b4be7c93"},"id":"WK065300"},
{"type":"Feature","geometry":{"type":"Polygon","coordinates":[[[5.564,52.947],[5.511,52.926],[5.477,52.903],[5.498,52.878],[5.517,52.871],[5.547,52.877],[5.572,52.894],[5.594,52.916],[5.57,52.945],[5.564,52.947]]]},"properties":{"id":286610,"statcode":"WK065301","statnaam":"Wijk 01","jrstatcode":"1998WK065301","rubriek":"wijk","FID":"wijk_gegeneraliseerd_1998.dca7aa4c-0b63-4ea7-beb0-9d94aee555d3"},"id":"WK065301"},
{"type":"Feature","geometry":{"type":"Polygon","coordinates":[[[5.517,52.871],[5.498,52.878],[5.477,52.869],[5.433,52.875],[5.441,52.851],[5.454,52.855],[5.5,52.846],[5.517,52.871]]]},"properties":{"id":286611,"statcode":"WK065302","statnaam":"Wijk 02 Noordwest","jrstatcode":"1998WK065302","rubriek":"wijk","FID":"wijk_gegeneraliseerd_1998.4a10bc9b-8e3d-45ce-bd9e-a22f77eed56e"},"id":"WK065302"},
{"type":"Feature","geometry":{"type":"Polygon","coordinates":[[[5.5,52.846],[5.544,52.833],[5.567,52.834],[5.585,52.849],[5.614,52.851],[5.594,52.862],[5.547,52.877],[5.517,52.871],[5.5,52.846]]]},"properties":{"id":286612,"statcode":"WK065303","statnaam":"Wijk 03 Zuid","jrstatcode":"1998WK065303","rubriek":"wijk","FID":"wijk_gegeneraliseerd_1998.115a1707-3471-41ec-bff5-2f6682ce210b"},"id":"WK065303"},
{"type":"Feature","geometry":{"type":"Polygon","coordinates":[[[3.792,51.487],[3.768,51.498],[3.706,51.502],[3.699,51.491],[3.704,51.482],[3.706,51.477],[3.715,51.464],[3.71,51.455],[3.704,51.451],[3.708,51.435],[3.713,51.431],[3.716,51.427],[3.735,51.411],[3.755,51.415],[3.778,51.409],[3.795,51.428],[3.762,51.43],[3.767,51.441],[3.799,51.443],[3.788,51.472],[3.792,51.487]]]},"properties":{"id":286613,"statcode":"WK065400","statnaam":"Wijk 00 Borsele-west","jrstatcode":"1998WK065400","rubriek":"wijk","FID":"wijk_gegeneraliseerd_1998.27ed2693-9372-4c5d-9eaa-d22747a3945c"},"id":"WK065400"},
{"type":"Feature","geometry":{"type":"Polygon","coordinates":[[[3.823,51.484],[3.792,51.487],[3.788,51.472],[3.799,51.443],[3.83,51.445],[3.845,51.423],[3.852,51.424],[3.866,51.445],[3.892,51.448],[3.921,51.445],[3.925,51.452],[3.929,51.459],[3.908,51.47],[3.913,51.479],[3.877,51.48],[3.847,51.485],[3.823,51.484]]]},"properties":{"id":286614,"statcode":"WK065401","statnaam":"Wijk 01 Borsele-oost","jrstatcode":"1998WK065401","rubriek":"wijk","FID":"wijk_gegeneraliseerd_1998.0733563b-daa1-4b7b-a011-b136e284b473"},"id":"WK065401"},
{"type":"Feature","geometry":{"type":"MultiPolygon","coordinates":[[[[3.852,51.424],[3.912,51.416],[3.926,51.435],[3.921,51.445],[3.892,51.448],[3.866,51.445],[3.852,51.424]]],[[[3.795,51.428],[3.809,51.43],[3.82,51.419],[3.845,51.423],[3.83,51.445],[3.799,51.443],[3.767,51.441],[3.762,51.43],[3.795,51.428]]]]},"properties":{"id":286615,"statcode":"WK065402","statnaam":"Wijk 02 Borsele-midden en -oost","jrstatcode":"1998WK065402","rubriek":"wijk","FID":"wijk_gegeneraliseerd_1998.b6427f19-f5f5-4ccd-8029-89590a35c47a"},"id":"WK065402"},
{"type":"Feature","geometry":{"type":"Polygon","coordinates":[[[3.845,51.423],[3.82,51.419],[3.809,51.43],[3.795,51.428],[3.778,51.409],[3.812,51.386],[3.86,51.392],[3.876,51.397],[3.9,51.395],[3.912,51.416],[3.852,51.424],[3.845,51.423]]]},"properties":{"id":286616,"statcode":"WK065403","statnaam":"Wijk 03 Borsele-zuidoost","jrstatcode":"1998WK065403","rubriek":"wijk","FID":"wijk_gegeneraliseerd_1998.bba29212-9792-4470-8aa4-fbf5c135533f"},"id":"WK065403"},
{"type":"Feature","geometry":{"type":"Polygon","coordinates":[[[3.916,51.483],[3.908,51.493],[3.906,51.516],[3.919,51.519],[3.896,51.526],[3.869,51.517],[3.875,51.506],[3.871,51.485],[3.877,51.48],[3.913,51.479],[3.916,51.483]]]},"properties":{"id":286617,"statcode":"WK066401","statnaam":"Wijk 01 Goes","jrstatcode":"1998WK066401","rubriek":"wijk","FID":"wijk_gegeneraliseerd_1998.2f91864f-3312-488d-b0a4-12693981c6d6"},"id":"WK066401"},
{"type":"Feature","geometry":{"type":"Polygon","coordinates":[[[3.869,51.517],[3.896,51.526],[3.919,51.519],[3.937,51.522],[3.941,51.525],[3.927,51.544],[3.867,51.54],[3.868,51.519],[3.869,51.517]]]},"properties":{"id":286618,"statcode":"WK066402","statnaam":"Wijk 02 Wilhelminadorp","jrstatcode":"1998WK066402","rubriek":"wijk","FID":"wijk_gegeneraliseerd_1998.1c295781-6da3-422d-ae16-a526646358b7"},"id":"WK066402"},
{"type":"Feature","geometry":{"type":"Polygon","coordinates":[[[3.916,51.483],[3.943,51.497],[3.937,51.522],[3.919,51.519],[3.906,51.516],[3.908,51.493],[3.916,51.483]]]},"properties":{"id":286619,"statcode":"WK066403","statnaam":"Wijk 03 Kloetinge","jrstatcode":"1998WK066403","rubriek":"wijk","FID":"wijk_gegeneraliseerd_1998.c45cfaad-47ca-4810-8272-639e197990ca"},"id":"WK066403"},
{"type":"Feature","geometry":{"type":"Polygon","coordinates":[[[3.941,51.525],[3.937,51.522],[3.943,51.497],[3.962,51.505],[3.971,51.528],[3.941,51.525]]]},"properties":{"id":286620,"statcode":"WK066404","statnaam":"Wijk 04 Kattendijke","jrstatcode":"1998WK066404","rubriek":"wijk","FID":"wijk_gegeneraliseerd_1998.9c18b65e-7c3a-4726-9117-a82526771b91"},"id":"WK066404"},
{"type":"Feature","geometry":{"type":"Polygon","coordinates":[[[3.823,51.484],[3.827,51.497],[3.81,51.501],[3.779,51.51],[3.774,51.518],[3.747,51.517],[3.745,51.512],[3.706,51.502],[3.768,51.498],[3.792,51.487],[3.823,51.484]]]},"properties":{"id":286621,"statcode":"WK066405","statnaam":"Wijk 05 's-Heer-Arendskerke","jrstatcode":"1998WK066405","rubriek":"wijk","FID":"wijk_gegeneraliseerd_1998.6ccb0ac6-c1a2-46cc-ad61-204892716d80"},"id":"WK066405"},
{"type":"Feature","geometry":{"type":"Polygon","coordinates":[[[3.81,51.501],[3.827,51.497],[3.813,51.501],[3.81,51.501]]]},"properties":{"id":286622,"statcode":"WK066406","statnaam":"Wijk 06 Eindewege","jrstatcode":"1998WK066406","rubriek":"wijk","FID":"wijk_gegeneraliseerd_1998.53f786ad-81fe-4412-82ba-1858058f0b72"},"id":"WK066406"},
{"type":"Feature","geometry":{"type":"Polygon","coordinates":[[[3.869,51.517],[3.868,51.519],[3.813,51.501],[3.827,51.497],[3.823,51.484],[3.847,51.485],[3.877,51.48],[3.871,51.485],[3.875,51.506],[3.869,51.517]]]},"properties":{"id":286623,"statcode":"WK066407","statnaam":"Wijk 07 's-Heer-Hendrikskinderen","jrstatcode":"1998WK066407","rubriek":"wijk","FID":"wijk_gegeneraliseerd_1998.c54f68e7-ba2a-4275-b241-bede95f17391"},"id":"WK066407"},
{"type":"Feature","geometry":{"type":"Polygon","coordinates":[[[3.865,51.541],[3.821,51.55],[3.793,51.541],[3.752,51.547],[3.733,51.539],[3.725,51.525],[3.747,51.517],[3.774,51.518],[3.779,51.51],[3.81,51.501],[3.813,51.501],[3.868,51.519],[3.867,51.54],[3.867,51.542],[3.865,51.541]],[[3.8,51.53],[3.797,51.534],[3.802,51.535],[3.806,51.533],[3.8,51.53]]]},"properties":{"id":286624,"statcode":"WK066408","statnaam":"Wijk 08 Wolphaartsdijk","jrstatcode":"1998WK066408","rubriek":"wijk","FID":"wijk_gegeneraliseerd_1998.172460a9-ee92-417a-addb-4b10c8c5974d"},"id":"WK066408"},
{"type":"Feature","geometry":{"type":"Polygon","coordinates":[[[3.8,51.53],[3.806,51.533],[3.802,51.535],[3.797,51.534],[3.8,51.53]]]},"properties":{"id":286625,"statcode":"WK066409","statnaam":"Wijk 09 Oud-Sabbinge","jrstatcode":"1998WK066409","rubriek":"wijk","FID":"wijk_gegeneraliseerd_1998.8720d016-5ec1-4043-a14d-cf4842145754"},"id":"WK066409"},
{"type":"Feature","geometry":{"type":"Polygon","coordinates":[[[5.484,51.845],[5.454,51.836],[5.418,51.819],[5.45,51.81],[5.477,51.817],[5.49,51.83],[5.496,51.849],[5.484,51.845]]]},"properties":{"id":286626,"statcode":"WK066801","statnaam":"Wijk 01 Alphen","jrstatcode":"1998WK066801","rubriek":"wijk","FID":"wijk_gegeneraliseerd_1998.83c7126f-6910-4a6a-babe-ec1420e6518a"},"id":"WK066801"},
{"type":"Feature","geometry":{"type":"Polygon","coordinates":[[[5.577,51.864],[5.553,51.863],[5.534,51.858],[5.521,51.853],[5.539,51.847],[5.585,51.842],[5.577,51.864]]]},"properties":{"id":286627,"statcode":"WK066802","statnaam":"Wijk 02 Altforst","jrstatcode":"1998WK066802","rubriek":"wijk","FID":"wijk_gegeneraliseerd_1998.9e2763f1-de17-416b-af84-309f52a82205"},"id":"WK066802"},
{"type":"Feature","geometry":{"type":"Polygon","coordinates":[[[5.585,51.842],[5.539,51.847],[5.549,51.841],[5.552,51.825],[5.577,51.828],[5.598,51.828],[5.61,51.836],[5.585,51.842]]]},"properties":{"id":286628,"statcode":"WK066803","statnaam":"Wijk 03 Appeltern","jrstatcode":"1998WK066803","rubriek":"wijk","FID":"wijk_gegeneraliseerd_1998.608ab5f6-aa64-43e4-9465-76481ca8f6e6"},"id":"WK066803"},
{"type":"Feature","geometry":{"type":"Polygon","coordinates":[[[5.497,51.889],[5.496,51.863],[5.507,51.85],[5.521,51.853],[5.534,51.858],[5.531,51.881],[5.543,51.888],[5.531,51.895],[5.497,51.889]]]},"properties":{"id":286629,"statcode":"WK066804","statnaam":"Wijk 04 Beneden-Leeuwen","jrstatcode":"1998WK066804","rubriek":"wijk","FID":"wijk_gegeneraliseerd_1998.3196a5d0-cfb3-43d4-bedf-765f8aad5d5e"},"id":"WK066804"},
{"type":"Feature","geometry":{"type":"Polygon","coordinates":[[[5.553,51.863],[5.577,51.892],[5.543,51.888],[5.531,51.881],[5.534,51.858],[5.553,51.863]]]},"properties":{"id":286630,"statcode":"WK066805","statnaam":"Wijk 05 Boven-Leeuwen","jrstatcode":"1998WK066805","rubriek":"wijk","FID":"wijk_gegeneraliseerd_1998.91c7ec31-c813-4bfa-b0c6-475895efe0cf"},"id":"WK066805"},
{"type":"Feature","geometry":{"type":"Polygon","coordinates":[[[5.435,51.878],[5.434,51.877],[5.415,51.852],[5.401,51.838],[5.415,51.821],[5.418,51.819],[5.454,51.836],[5.484,51.845],[5.472,51.859],[5.441,51.869],[5.435,51.878]]]},"properties":{"id":286631,"statcode":"WK066806","statnaam":"Wijk 06 Dreumel","jrstatcode":"1998WK066806","rubriek":"wijk","FID":"wijk_gegeneraliseerd_1998.3acc12b7-c268-40ed-a806-5c4c59577f0c"},"id":"WK066806"},
{"type":"Feature","geometry":{"type":"Polygon","coordinates":[[[5.521,51.853],[5.507,51.85],[5.496,51.849],[5.49,51.83],[5.536,51.817],[5.552,51.825],[5.549,51.841],[5.539,51.847],[5.521,51.853]]]},"properties":{"id":286632,"statcode":"WK066807","statnaam":"Wijk 07 Maasbommel","jrstatcode":"1998WK066807","rubriek":"wijk","FID":"wijk_gegeneraliseerd_1998.eb3aef7b-633e-4d7e-be84-f0490b7a25ea"},"id":"WK066807"},
{"type":"Feature","geometry":{"type":"Polygon","coordinates":[[[5.497,51.889],[5.464,51.889],[5.435,51.878],[5.441,51.869],[5.472,51.859],[5.484,51.845],[5.496,51.849],[5.507,51.85],[5.496,51.863],[5.497,51.889]]]},"properties":{"id":286633,"statcode":"WK066808","statnaam":"Wijk 08 Wamel","jrstatcode":"1998WK066808","rubriek":"wijk","FID":"wijk_gegeneraliseerd_1998.7b745221-44fe-4499-b0cc-42a0442b493c"},"id":"WK066808"},
{"type":"Feature","geometry":{"type":"Polygon","coordinates":[[[4.051,51.366],[4.018,51.401],[3.978,51.407],[4.002,51.383],[4.003,51.367],[4.031,51.348],[4.051,51.366]]]},"properties":{"id":286634,"statcode":"WK067500","statnaam":"Wijk 00 Kloosterzande","jrstatcode":"1998WK067500","rubriek":"wijk","FID":"wijk_gegeneraliseerd_1998.610a1b99-a362-4a0c-b8b9-f2479eab5b72"},"id":"WK067500"},
{"type":"Feature","geometry":{"type":"Polygon","coordinates":[[[4.063,51.318],[4.072,51.345],[4.11,51.354],[4.086,51.364],[4.051,51.366],[4.031,51.348],[4.029,51.34],[4.024,51.329],[4.063,51.318]]]},"properties":{"id":286635,"statcode":"WK067501","statnaam":"Wijk 01 Lamswaarde","jrstatcode":"1998WK067501","rubriek":"wijk","FID":"wijk_gegeneraliseerd_1998.a3fca491-8b15-48ea-9142-4cc86ae87759"},"id":"WK067501"},
{"type":"Feature","geometry":{"type":"Polygon","coordinates":[[[4.063,51.318],[4.024,51.329],[4.024,51.315],[4.037,51.306],[4.067,51.307],[4.063,51.318]]]},"properties":{"id":286636,"statcode":"WK067502","statnaam":"Wijk 02 Ter Hole","jrstatcode":"1998WK067502","rubriek":"wijk","FID":"wijk_gegeneraliseerd_1998.c57a0da5-c9d4-4ed3-a8db-13476ed0fff0"},"id":"WK067502"},
{"type":"Feature","geometry":{"type":"Polygon","coordinates":[[[3.959,51.351],[3.962,51.333],[3.958,51.305],[3.978,51.302],[3.986,51.308],[4.025,51.298],[4.037,51.306],[4.024,51.315],[4.024,51.329],[4.029,51.34],[3.985,51.339],[3.959,51.351]]]},"properties":{"id":286637,"statcode":"WK067503","statnaam":"Wijk 03 Vogelwaarde","jrstatcode":"1998WK067503","rubriek":"wijk","FID":"wijk_gegeneraliseerd_1998.d1a12e1f-6989-42b3-b4ea-d7102daf0cf5"},"id":"WK067503"},
{"type":"Feature","geometry":{"type":"Polygon","coordinates":[[[3.956,51.359],[3.959,51.351],[3.985,51.339],[4.029,51.34],[4.031,51.348],[4.003,51.367],[3.985,51.36],[3.956,51.359]]]},"properties":{"id":286638,"statcode":"WK067504","statnaam":"Wijk 04 Hengstdijk","jrstatcode":"1998WK067504","rubriek":"wijk","FID":"wijk_gegeneraliseerd_1998.79182cdc-91e0-492e-aedd-ec0a3b2d9b6f"},"id":"WK067504"},
{"type":"Feature","geometry":{"type":"Polygon","coordinates":[[[4.003,51.367],[4.002,51.383],[3.978,51.407],[3.965,51.398],[3.963,51.375],[3.942,51.365],[3.956,51.359],[3.985,51.36],[4.003,51.367]]]},"properties":{"id":286639,"statcode":"WK067505","statnaam":"Wijk 05 Ossenisse","jrstatcode":"1998WK067505","rubriek":"wijk","FID":"wijk_gegeneraliseerd_1998.18534502-3e0b-4c8d-929c-0a2aacbfbcee"},"id":"WK067505"},
{"type":"Feature","geometry":{"type":"Polygon","coordinates":[[[4.064,51.247],[4.068,51.262],[4.062,51.282],[4.095,51.294],[4.067,51.307],[4.037,51.306],[4.025,51.298],[3.986,51.308],[3.978,51.302],[3.982,51.263],[3.998,51.266],[4.035,51.254],[4.038,51.245],[4.064,51.247]]]},"properties":{"id":286640,"statcode":"WK067700","statnaam":"Wijk 00 Hulst","jrstatcode":"1998WK067700","rubriek":"wijk","FID":"wijk_gegeneraliseerd_1998.8261afb9-d743-446b-b83f-ae5722a6e440"},"id":"WK067700"},
{"type":"Feature","geometry":{"type":"Polygon","coordinates":[[[4.095,51.294],[4.062,51.282],[4.068,51.262],[4.066,51.248],[4.117,51.271],[4.099,51.295],[4.095,51.294]]]},"properties":{"id":286641,"statcode":"WK067703","statnaam":"Wijk 03 Clinge","jrstatcode":"1998WK067703","rubriek":"wijk","FID":"wijk_gegeneraliseerd_1998.e0ef18d5-e3be-4a72-baa3-0510b7ae348f"},"id":"WK067703"},
{"type":"Feature","geometry":{"type":"Polygon","coordinates":[[[4.134,51.337],[4.11,51.354],[4.072,51.345],[4.063,51.318],[4.067,51.307],[4.095,51.294],[4.099,51.295],[4.134,51.316],[4.134,51.337]]]},"properties":{"id":286642,"statcode":"WK067704","statnaam":"Wijk 04 Grauw","jrstatcode":"1998WK067704","rubriek":"wijk","FID":"wijk_gegeneraliseerd_1998.bb84ba25-4f1c-4423-831a-58bc03cbb8f7"},"id":"WK067704"},
{"type":"Feature","geometry":{"type":"Polygon","coordinates":[[[4.038,51.245],[4.035,51.254],[3.998,51.266],[3.982,51.263],[3.982,51.249],[4.006,51.242],[4.038,51.245]]]},"properties":{"id":286643,"statcode":"WK067705","statnaam":"Wijk 05 Heikant","jrstatcode":"1998WK067705","rubriek":"wijk","FID":"wijk_gegeneraliseerd_1998.bf22d853-1b9a-4b4e-a24a-f1d665fb4089"},"id":"WK067705"},
{"type":"Feature","geometry":{"type":"MultiPolygon","coordinates":[[[[4.117,51.271],[4.168,51.294],[4.235,51.348],[4.206,51.375],[4.18,51.371],[4.172,51.351],[4.133,51.342],[4.134,51.337],[4.134,51.316],[4.099,51.295],[4.117,51.271]]],[[[4.17,51.353],[4.166,51.37],[4.15,51.364],[4.17,51.353]]]]},"properties":{"id":286644,"statcode":"WK067706","statnaam":"Wijk 06 Nieuw Namen","jrstatcode":"1998WK067706","rubriek":"wijk","FID":"wijk_gegeneraliseerd_1998.134b2212-b669-4abf-8aa4-a7375f73ba84"},"id":"WK067706"},
{"type":"Feature","geometry":{"type":"Polygon","coordinates":[[[4.068,51.262],[4.064,51.247],[4.066,51.248],[4.068,51.262]]]},"properties":{"id":286645,"statcode":"WK067707","statnaam":"Wijk 07 Kapellebrug","jrstatcode":"1998WK067707","rubriek":"wijk","FID":"wijk_gegeneraliseerd_1998.c83b8da1-adda-4c79-868b-1c5fa73ebb9e"},"id":"WK067707"},
{"type":"Feature","geometry":{"type":"Polygon","coordinates":[[[3.962,51.505],[3.943,51.497],[3.916,51.483],[3.913,51.479],[3.908,51.47],[3.929,51.459],[3.925,51.452],[3.934,51.448],[3.975,51.463],[4.006,51.473],[4.005,51.486],[4.005,51.496],[3.962,51.505]]]},"properties":{"id":286646,"statcode":"WK067800","statnaam":"Wijk 00 Kapelle","jrstatcode":"1998WK067800","rubriek":"wijk","FID":"wijk_gegeneraliseerd_1998.4b0a73e8-0bcf-44f3-ab0f-63f2515462f9"},"id":"WK067800"},
{"type":"Feature","geometry":{"type":"Polygon","coordinates":[[[4.014,51.518],[3.971,51.528],[3.962,51.505],[4.005,51.496],[4.014,51.518]]]},"properties":{"id":286647,"statcode":"WK067801","statnaam":"Wijk 01 Wemeldinge","jrstatcode":"1998WK067801","rubriek":"wijk","FID":"wijk_gegeneraliseerd_1998.33325dc1-1de8-4ec9-b6ee-98d42f5c1803"},"id":"WK067801"},
{"type":"Feature","geometry":{"type":"Polygon","coordinates":[[[4.006,51.473],[3.975,51.463],[3.993,51.451],[4.007,51.458],[4.006,51.473]]]},"properties":{"id":286648,"statcode":"WK067802","statnaam":"Wijk 02 Schore","jrstatcode":"1998WK067802","rubriek":"wijk","FID":"wijk_gegeneraliseerd_1998.6c536d19-c841-4e02-b2da-15b8084d36a0"},"id":"WK067802"},
{"type":"Feature","geometry":{"type":"Polygon","coordinates":[[[5.614,52.997],[5.647,52.996],[5.653,53.008],[5.628,53.025],[5.607,53.01],[5.614,52.997]]]},"properties":{"id":286649,"statcode":"WK068300","statnaam":"Wijk 00 IJlst","jrstatcode":"1998WK068300","rubriek":"wijk","FID":"wijk_gegeneraliseerd_1998.d6d7e100-1de0-4d68-995b-d57182526976"},"id":"WK068300"},
{"type":"Feature","geometry":{"type":"Polygon","coordinates":[[[5.691,52.967],[5.691,52.988],[5.678,53.009],[5.653,53.008],[5.647,52.996],[5.614,52.997],[5.584,52.991],[5.574,52.968],[5.557,52.969],[5.553,52.953],[5.564,52.947],[5.57,52.945],[5.573,52.957],[5.629,52.961],[5.628,52.966],[5.691,52.967]]]},"properties":{"id":286650,"statcode":"WK068301","statnaam":"Wijk 01 Zuid","jrstatcode":"1998WK068301","rubriek":"wijk","FID":"wijk_gegeneraliseerd_1998.0083a431-d5b5-4673-808a-2b9283c5fbd2"},"id":"WK068301"},
{"type":"Feature","geometry":{"type":"Polygon","coordinates":[[[5.644,53.061],[5.657,53.055],[5.683,53.055],[5.711,53.04],[5.733,53.055],[5.699,53.07],[5.702,53.079],[5.677,53.077],[5.639,53.067],[5.644,53.061]]]},"properties":{"id":286651,"statcode":"WK068302","statnaam":"Wijk 02 Oost","jrstatcode":"1998WK068302","rubriek":"wijk","FID":"wijk_gegeneraliseerd_1998.6ae9a4d7-60af-473b-b9d5-52db0d780cc1"},"id":"WK068302"},
{"type":"Feature","geometry":{"type":"Polygon","coordinates":[[[5.584,52.991],[5.584,53.001],[5.549,53.006],[5.532,53],[5.507,53],[5.513,52.995],[5.492,52.971],[5.553,52.953],[5.557,52.969],[5.574,52.968],[5.584,52.991]]]},"properties":{"id":286652,"statcode":"WK068303","statnaam":"Wijk 03 West","jrstatcode":"1998WK068303","rubriek":"wijk","FID":"wijk_gegeneraliseerd_1998.d5bd9d1b-620b-41a2-91d5-a05471f7dd54"},"id":"WK068303"},
{"type":"Feature","geometry":{"type":"Polygon","coordinates":[[[5.507,53],[5.532,53],[5.549,53.006],[5.584,53.001],[5.584,52.991],[5.614,52.997],[5.607,53.01],[5.628,53.025],[5.622,53.028],[5.608,53.024],[5.581,53.03],[5.57,53.047],[5.549,53.053],[5.535,53.047],[5.535,53.027],[5.513,53.024],[5.501,53.014],[5.506,53],[5.507,53]]]},"properties":{"id":286653,"statcode":"WK068304","statnaam":"Wijk 04 Oosthem","jrstatcode":"1998WK068304","rubriek":"wijk","FID":"wijk_gegeneraliseerd_1998.2f01fb41-fa9d-4a04-a704-0b654d278ef1"},"id":"WK068304"},
{"type":"Feature","geometry":{"type":"Polygon","coordinates":[[[5.639,53.067],[5.624,53.075],[5.599,53.069],[5.581,53.068],[5.554,53.058],[5.549,53.053],[5.57,53.047],[5.581,53.03],[5.608,53.024],[5.622,53.028],[5.615,53.039],[5.644,53.061],[5.639,53.067]]]},"properties":{"id":286654,"statcode":"WK068305","statnaam":"Wijk 05 Noordwest","jrstatcode":"1998WK068305","rubriek":"wijk","FID":"wijk_gegeneraliseerd_1998.f7ba1a9f-d3da-4bce-addf-f9268174e563"},"id":"WK068305"},
{"type":"Feature","geometry":{"type":"Polygon","coordinates":[[[5.691,52.988],[5.749,53.008],[5.733,53.015],[5.697,53.017],[5.678,53.009],[5.691,52.988]]]},"properties":{"id":286655,"statcode":"WK068306","statnaam":"Wijk 06 Zuidoost","jrstatcode":"1998WK068306","rubriek":"wijk","FID":"wijk_gegeneraliseerd_1998.08f8e11b-da81-4d7e-b44c-59d4af3669d3"},"id":"WK068306"},
{"type":"Feature","geometry":{"type":"Polygon","coordinates":[[[5.64,52.922],[5.643,52.936],[5.679,52.933],[5.687,52.938],[5.691,52.967],[5.628,52.966],[5.629,52.961],[5.573,52.957],[5.57,52.945],[5.594,52.916],[5.64,52.922]]]},"properties":{"id":286656,"statcode":"WK068307","statnaam":"Wijk 07 Woudsend","jrstatcode":"1998WK068307","rubriek":"wijk","FID":"wijk_gegeneraliseerd_1998.086e3142-e0b7-4c76-ada2-cd325a3bcd77"},"id":"WK068307"},
{"type":"Feature","geometry":{"type":"Polygon","coordinates":[[[3.627,51.499],[3.603,51.499],[3.614,51.494],[3.627,51.499]]]},"properties":{"id":286657,"statcode":"WK068700","statnaam":"Wijk 00 Middelburg-centrum","jrstatcode":"1998WK068700","rubriek":"wijk","FID":"wijk_gegeneraliseerd_1998.83d1c853-e3c9-4e22-8800-9c7e3205328f"},"id":"WK068700"},
{"type":"Feature","geometry":{"type":"Polygon","coordinates":[[[3.603,51.499],[3.627,51.499],[3.643,51.507],[3.659,51.519],[3.634,51.526],[3.611,51.535],[3.59,51.532],[3.575,51.507],[3.58,51.501],[3.582,51.5],[3.603,51.499]]]},"properties":{"id":286658,"statcode":"WK068701","statnaam":"Wijk 01 Middelburg-noord","jrstatcode":"1998WK068701","rubriek":"wijk","FID":"wijk_gegeneraliseerd_1998.a47d53d1-3ff2-4aa8-b604-401acdabef1f"},"id":"WK068701"},
{"type":"Feature","geometry":{"type":"Polygon","coordinates":[[[3.603,51.499],[3.582,51.5],[3.587,51.479],[3.599,51.475],[3.602,51.479],[3.614,51.494],[3.603,51.499]]]},"properties":{"id":286659,"statcode":"WK068702","statnaam":"Wijk 02 Middelburg-zuidwest","jrstatcode":"1998WK068702","rubriek":"wijk","FID":"wijk_gegeneraliseerd_1998.fba1acf5-5682-413e-bccc-e3406cd09c5b"},"id":"WK068702"},
{"type":"Feature","geometry":{"type":"Polygon","coordinates":[[[3.602,51.479],[3.637,51.477],[3.66,51.498],[3.643,51.507],[3.627,51.499],[3.614,51.494],[3.602,51.479]]]},"properties":{"id":286660,"statcode":"WK068703","statnaam":"Wijk 03 Middelburg-zuidoost","jrstatcode":"1998WK068703","rubriek":"wijk","FID":"wijk_gegeneraliseerd_1998.17558517-4a72-4fdc-8b65-242d58968474"},"id":"WK068703"},
{"type":"Feature","geometry":{"type":"Polygon","coordinates":[[[3.66,51.498],[3.637,51.477],[3.662,51.468],[3.704,51.482],[3.699,51.491],[3.66,51.498]]]},"properties":{"id":286661,"statcode":"WK068704","statnaam":"Wijk 04 Nieuw- en Sint Joosland","jrstatcode":"1998WK068704","rubriek":"wijk","FID":"wijk_gegeneraliseerd_1998.fff95e39-c07b-4297-ae16-6205bb88618e"},"id":"WK068704"},
{"type":"Feature","geometry":{"type":"Polygon","coordinates":[[[3.659,51.519],[3.643,51.507],[3.66,51.498],[3.699,51.491],[3.706,51.502],[3.745,51.512],[3.747,51.517],[3.725,51.525],[3.701,51.513],[3.68,51.535],[3.659,51.519]]]},"properties":{"id":286662,"statcode":"WK068705","statnaam":"Wijk 05 Arnemuiden","jrstatcode":"1998WK068705","rubriek":"wijk","FID":"wijk_gegeneraliseerd_1998.1696e869-16f4-4ca9-addb-90a86b891842"},"id":"WK068705"},
{"type":"Feature","geometry":{"type":"Polygon","coordinates":[[[4.876,51.848],[4.879,51.845],[4.905,51.862],[4.899,51.862],[4.876,51.848]]]},"properties":{"id":286663,"statcode":"WK068900","statnaam":"Wijk 00 Kern Giessenburg","jrstatcode":"1998WK068900","rubriek":"wijk","FID":"wijk_gegeneraliseerd_1998.16e2bbe7-0ce7-4541-a98b-0e80db184dc9"},"id":"WK068900"},
{"type":"Feature","geometry":{"type":"MultiPolygon","coordinates":[[[[4.879,51.845],[4.876,51.848],[4.864,51.835],[4.847,51.834],[4.88,51.833],[4.897,51.836],[4.879,51.845]]],[[[4.897,51.836],[4.91,51.839],[4.909,51.842],[4.897,51.836]]]]},"properties":{"id":286664,"statcode":"WK068901","statnaam":"Wijk 01 Giessenburg-west en zuid","jrstatcode":"1998WK068901","rubriek":"wijk","FID":"wijk_gegeneraliseerd_1998.5a4257f0-bc93-47b1-97b0-a672dad2bdf4"},"id":"WK068901"},
{"type":"Feature","geometry":{"type":"Polygon","coordinates":[[[4.918,51.873],[4.899,51.862],[4.905,51.862],[4.919,51.868],[4.919,51.872],[4.918,51.873]]]},"properties":{"id":286665,"statcode":"WK068902","statnaam":"Wijk 02 Giessenburg-oost","jrstatcode":"1998WK068902","rubriek":"wijk","FID":"wijk_gegeneraliseerd_1998.6d96ecf8-2e4a-4ca9-9ed3-bfda7e6f888d"},"id":"WK068902"},
{"type":"Feature","geometry":{"type":"MultiPolygon","coordinates":[[[[4.894,51.885],[4.856,51.867],[4.838,51.861],[4.847,51.834],[4.864,51.835],[4.876,51.848],[4.899,51.862],[4.918,51.873],[4.911,51.888],[4.894,51.885]]],[[[4.919,51.868],[4.905,51.862],[4.879,51.845],[4.897,51.836],[4.909,51.842],[4.924,51.847],[4.921,51.86],[4.919,51.868]]]]},"properties":{"id":286666,"statcode":"WK068903","statnaam":"Wijk 03 Verspreide huizen Giessenburg","jrstatcode":"1998WK068903","rubriek":"wijk","FID":"wijk_gegeneraliseerd_1998.080940e8-224b-4a73-bfc1-87d1afc7906e"},"id":"WK068903"},
{"type":"Feature","geometry":{"type":"Polygon","coordinates":[[[5.027,51.882],[4.995,51.877],[4.974,51.874],[4.965,51.862],[4.998,51.851],[4.996,51.862],[5.005,51.858],[5.027,51.859],[5.027,51.882]]]},"properties":{"id":286667,"statcode":"WK068904","statnaam":"Wijk 04 Arkel","jrstatcode":"1998WK068904","rubriek":"wijk","FID":"wijk_gegeneraliseerd_1998.cfecdddf-37f1-4cf0-a4e2-92a87d3c0666"},"id":"WK068904"},
{"type":"Feature","geometry":{"type":"Polygon","coordinates":[[[4.965,51.862],[4.974,51.874],[4.995,51.877],[4.995,51.902],[4.974,51.897],[4.961,51.883],[4.961,51.869],[4.939,51.864],[4.965,51.862]]]},"properties":{"id":286668,"statcode":"WK068905","statnaam":"Wijk 05 Hoogblokland","jrstatcode":"1998WK068905","rubriek":"wijk","FID":"wijk_gegeneraliseerd_1998.e47e90d9-9a3e-40f8-9341-a7df1cc8e1e0"},"id":"WK068905"},
{"type":"Feature","geometry":{"type":"Polygon","coordinates":[[[4.961,51.883],[4.933,51.885],[4.919,51.872],[4.919,51.868],[4.921,51.86],[4.939,51.864],[4.961,51.869],[4.961,51.883]]]},"properties":{"id":286669,"statcode":"WK068906","statnaam":"Wijk 06 Hoornaar","jrstatcode":"1998WK068906","rubriek":"wijk","FID":"wijk_gegeneraliseerd_1998.d7d88fdd-ebdb-4edd-b8b0-d83fedc5c6be"},"id":"WK068906"},
{"type":"Feature","geometry":{"type":"Polygon","coordinates":[[[4.974,51.897],[4.974,51.908],[4.956,51.916],[4.95,51.932],[4.948,51.934],[4.939,51.929],[4.92,51.919],[4.927,51.902],[4.911,51.888],[4.918,51.873],[4.919,51.872],[4.933,51.885],[4.961,51.883],[4.974,51.897]]]},"properties":{"id":286670,"statcode":"WK068907","statnaam":"Wijk 07 Noordeloos","jrstatcode":"1998WK068907","rubriek":"wijk","FID":"wijk_gegeneraliseerd_1998.1fd2dfc1-6159-4431-b960-2006225d3554"},"id":"WK068907"},
{"type":"Feature","geometry":{"type":"Polygon","coordinates":[[[4.939,51.864],[4.921,51.86],[4.924,51.847],[4.909,51.842],[4.91,51.839],[4.925,51.84],[4.942,51.845],[4.939,51.864]]]},"properties":{"id":286671,"statcode":"WK068908","statnaam":"Wijk 08 Schelluinen","jrstatcode":"1998WK068908","rubriek":"wijk","FID":"wijk_gegeneraliseerd_1998.873243b8-8de5-4a81-8fc5-2206595242f2"},"id":"WK068908"},
{"type":"Feature","geometry":{"type":"Polygon","coordinates":[[[3.483,51.353],[3.457,51.328],[3.435,51.325],[3.422,51.315],[3.473,51.304],[3.488,51.297],[3.498,51.309],[3.529,51.303],[3.522,51.328],[3.534,51.333],[3.51,51.349],[3.492,51.355],[3.483,51.353]]]},"properties":{"id":286672,"statcode":"WK069200","statnaam":"Wijk 00 Oostburg","jrstatcode":"1998WK069200","rubriek":"wijk","FID":"wijk_gegeneraliseerd_1998.e2cf3a13-3546-41ff-9114-e37189cc403a"},"id":"WK069200"},
{"type":"Feature","geometry":{"type":"Polygon","coordinates":[[[3.455,51.364],[3.416,51.348],[3.407,51.326],[3.435,51.325],[3.457,51.328],[3.483,51.353],[3.455,51.364]]]},"properties":{"id":286673,"statcode":"WK069201","statnaam":"Wijk 01 Zuidzande","jrstatcode":"1998WK069201","rubriek":"wijk","FID":"wijk_gegeneraliseerd_1998.6934c305-84fd-4873-8cd8-d6f5bfda1968"},"id":"WK069201"},
{"type":"Feature","geometry":{"type":"Polygon","coordinates":[[[3.372,51.373],[3.388,51.368],[3.391,51.355],[3.416,51.348],[3.455,51.364],[3.437,51.373],[3.434,51.387],[3.42,51.391],[3.372,51.373]]]},"properties":{"id":286674,"statcode":"WK069202","statnaam":"Wijk 02 Cadzand","jrstatcode":"1998WK069202","rubriek":"wijk","FID":"wijk_gegeneraliseerd_1998.ae5c8cfe-dcc0-4317-b540-46c0a435ff3f"},"id":"WK069202"},
{"type":"Feature","geometry":{"type":"Polygon","coordinates":[[[3.473,51.395],[3.434,51.387],[3.437,51.373],[3.455,51.364],[3.483,51.353],[3.492,51.355],[3.491,51.371],[3.473,51.395]]]},"properties":{"id":286675,"statcode":"WK069203","statnaam":"Wijk 03 Nieuwvliet","jrstatcode":"1998WK069203","rubriek":"wijk","FID":"wijk_gegeneraliseerd_1998.e20bfabf-30a9-408d-8ce0-84ae40445510"},"id":"WK069203"},
{"type":"Feature","geometry":{"type":"Polygon","coordinates":[[[3.501,51.403],[3.473,51.395],[3.491,51.371],[3.492,51.355],[3.51,51.349],[3.533,51.354],[3.55,51.37],[3.549,51.379],[3.525,51.386],[3.501,51.403]]]},"properties":{"id":286676,"statcode":"WK069204","statnaam":"Wijk 04 Groede","jrstatcode":"1998WK069204","rubriek":"wijk","FID":"wijk_gegeneraliseerd_1998.6da7f57f-3b3e-42dd-8344-c20b759d4869"},"id":"WK069204"},
{"type":"Feature","geometry":{"type":"Polygon","coordinates":[[[3.589,51.387],[3.543,51.406],[3.518,51.408],[3.501,51.403],[3.525,51.386],[3.549,51.379],[3.55,51.37],[3.58,51.374],[3.589,51.387]]]},"properties":{"id":286677,"statcode":"WK069205","statnaam":"Wijk 05 Breskens","jrstatcode":"1998WK069205","rubriek":"wijk","FID":"wijk_gegeneraliseerd_1998.1b08c62f-171c-46e7-b923-e927a6fd2903"},"id":"WK069205"},
{"type":"Feature","geometry":{"type":"Polygon","coordinates":[[[3.589,51.387],[3.58,51.374],[3.598,51.353],[3.617,51.365],[3.644,51.342],[3.66,51.351],[3.694,51.352],[3.693,51.364],[3.687,51.371],[3.64,51.376],[3.589,51.387]]]},"properties":{"id":286678,"statcode":"WK069206","statnaam":"Wijk 06 Hoofdplaat","jrstatcode":"1998WK069206","rubriek":"wijk","FID":"wijk_gegeneraliseerd_1998.02794102-bb52-499d-8556-f02cddd2595b"},"id":"WK069206"},
{"type":"Feature","geometry":{"type":"Polygon","coordinates":[[[3.713,51.316],[3.687,51.322],[3.666,51.32],[3.644,51.342],[3.617,51.365],[3.598,51.353],[3.559,51.337],[3.572,51.335],[3.59,51.306],[3.641,51.288],[3.657,51.29],[3.694,51.276],[3.707,51.289],[3.704,51.31],[3.713,51.316]]]},"properties":{"id":286679,"statcode":"WK069207","statnaam":"Wijk 07 Ijzendijke","jrstatcode":"1998WK069207","rubriek":"wijk","FID":"wijk_gegeneraliseerd_1998.231c1774-4f59-4b82-98a2-e0abc77531e3"},"id":"WK069207"},
{"type":"Feature","geometry":{"type":"Polygon","coordinates":[[[3.58,51.374],[3.55,51.37],[3.533,51.354],[3.51,51.349],[3.534,51.333],[3.559,51.337],[3.598,51.353],[3.58,51.374]]]},"properties":{"id":286680,"statcode":"WK069208","statnaam":"Wijk 08 Schoondijke","jrstatcode":"1998WK069208","rubriek":"wijk","FID":"wijk_gegeneraliseerd_1998.862271fc-1fee-4928-8a5a-a60895dc80b7"},"id":"WK069208"},
{"type":"Feature","geometry":{"type":"Polygon","coordinates":[[[3.559,51.337],[3.534,51.333],[3.522,51.328],[3.529,51.303],[3.556,51.29],[3.59,51.306],[3.572,51.335],[3.559,51.337]]]},"properties":{"id":286681,"statcode":"WK069209","statnaam":"Wijk 09 Waterlandkerkje","jrstatcode":"1998WK069209","rubriek":"wijk","FID":"wijk_gegeneraliseerd_1998.985a4173-ae23-485c-9965-c97cf6030c9e"},"id":"WK069209"},
{"type":"Feature","geometry":{"type":"Polygon","coordinates":[[[4.741,51.881],[4.732,51.862],[4.735,51.853],[4.781,51.859],[4.807,51.856],[4.799,51.871],[4.791,51.883],[4.767,51.884],[4.741,51.881]]]},"properties":{"id":286682,"statcode":"WK069300","statnaam":"Wijk 00 Bleskensgraaf","jrstatcode":"1998WK069300","rubriek":"wijk","FID":"wijk_gegeneraliseerd_1998.6a916305-0b20-47cb-8fc8-bec0e86117ab"},"id":"WK069300"},
{"type":"Feature","geometry":{"type":"Polygon","coordinates":[[[4.799,51.871],[4.849,51.883],[4.844,51.902],[4.83,51.912],[4.82,51.905],[4.775,51.892],[4.767,51.884],[4.791,51.883],[4.799,51.871]]]},"properties":{"id":286683,"statcode":"WK069301","statnaam":"Wijk 01 Brandwijk","jrstatcode":"1998WK069301","rubriek":"wijk","FID":"wijk_gegeneraliseerd_1998.5f770149-b77e-4436-a279-9a354b487f6d"},"id":"WK069301"},
{"type":"Feature","geometry":{"type":"Polygon","coordinates":[[[4.885,51.903],[4.894,51.885],[4.911,51.888],[4.927,51.902],[4.92,51.919],[4.881,51.914],[4.885,51.903]]]},"properties":{"id":286684,"statcode":"WK069302","statnaam":"Wijk 02 Goudriaan","jrstatcode":"1998WK069302","rubriek":"wijk","FID":"wijk_gegeneraliseerd_1998.885b961d-fb38-41b8-adfb-e67aad2e59af"},"id":"WK069302"},
{"type":"Feature","geometry":{"type":"Polygon","coordinates":[[[4.849,51.883],[4.799,51.871],[4.807,51.856],[4.811,51.85],[4.838,51.861],[4.856,51.867],[4.849,51.883]]]},"properties":{"id":286685,"statcode":"WK069303","statnaam":"Wijk 03 Molenaarsgraaf","jrstatcode":"1998WK069303","rubriek":"wijk","FID":"wijk_gegeneraliseerd_1998.5039f658-150d-43a1-9d33-c335cf0a6ad3"},"id":"WK069303"},
{"type":"Feature","geometry":{"type":"Polygon","coordinates":[[[4.844,51.902],[4.849,51.883],[4.856,51.867],[4.894,51.885],[4.885,51.903],[4.85,51.898],[4.844,51.902]]]},"properties":{"id":286686,"statcode":"WK069304","statnaam":"Wijk 04 Ottoland","jrstatcode":"1998WK069304","rubriek":"wijk","FID":"wijk_gegeneraliseerd_1998.9939e0e9-7542-4ed8-8738-c2b38f8ab373"},"id":"WK069304"},
{"type":"Feature","geometry":{"type":"Polygon","coordinates":[[[4.741,51.881],[4.7,51.88],[4.681,51.86],[4.683,51.849],[4.706,51.841],[4.737,51.846],[4.735,51.853],[4.732,51.862],[4.741,51.881]]]},"properties":{"id":286687,"statcode":"WK069305","statnaam":"Wijk 05 Oud-Alblas","jrstatcode":"1998WK069305","rubriek":"wijk","FID":"wijk_gegeneraliseerd_1998.fb00ca06-ccc1-4916-a491-4003102a0f0d"},"id":"WK069305"},
{"type":"Feature","geometry":{"type":"Polygon","coordinates":[[[4.807,51.856],[4.781,51.859],[4.735,51.853],[4.737,51.846],[4.743,51.841],[4.756,51.845],[4.803,51.846],[4.811,51.85],[4.807,51.856]]]},"properties":{"id":286688,"statcode":"WK069306","statnaam":"Wijk 06 Wijngaarden","jrstatcode":"1998WK069306","rubriek":"wijk","FID":"wijk_gegeneraliseerd_1998.daf00a9b-fa2b-4478-aa87-be1dc3cf055d"},"id":"WK069306"},
{"type":"Feature","geometry":{"type":"Polygon","coordinates":[[[4.877,51.92],[4.863,51.94],[4.832,51.939],[4.814,51.926],[4.806,51.923],[4.83,51.912],[4.844,51.902],[4.85,51.898],[4.885,51.903],[4.881,51.914],[4.877,51.92]]]},"properties":{"id":286689,"statcode":"WK069400","statnaam":"Wijk 00 Groot-Ammers","jrstatcode":"1998WK069400","rubriek":"wijk","FID":"wijk_gegeneraliseerd_1998.c8abd64d-a31c-48c2-bcc0-9014003a799e"},"id":"WK069400"},
{"type":"Feature","geometry":{"type":"Polygon","coordinates":[[[4.873,51.938],[4.877,51.92],[4.881,51.914],[4.92,51.919],[4.939,51.929],[4.926,51.951],[4.912,51.942],[4.878,51.938],[4.873,51.938]]]},"properties":{"id":286690,"statcode":"WK069401","statnaam":"Wijk 01 Langerak","jrstatcode":"1998WK069401","rubriek":"wijk","FID":"wijk_gegeneraliseerd_1998.fb020400-ea92-4d8f-adce-e3ff9864e090"},"id":"WK069401"},
{"type":"Feature","geometry":{"type":"Polygon","coordinates":[[[4.873,51.938],[4.863,51.94],[4.877,51.92],[4.873,51.938]]]},"properties":{"id":286691,"statcode":"WK069402","statnaam":"Wijk 02 Nieuwpoort","jrstatcode":"1998WK069402","rubriek":"wijk","FID":"wijk_gegeneraliseerd_1998.74a8c256-2a83-4f5e-bf7f-d69ef227dd73"},"id":"WK069402"},
{"type":"Feature","geometry":{"type":"Polygon","coordinates":[[[4.806,51.923],[4.801,51.922],[4.764,51.915],[4.744,51.906],[4.724,51.898],[4.741,51.881],[4.767,51.884],[4.775,51.892],[4.82,51.905],[4.83,51.912],[4.806,51.923]]]},"properties":{"id":286692,"statcode":"WK069403","statnaam":"Wijk 03 Streefkerk","jrstatcode":"1998WK069403","rubriek":"wijk","FID":"wijk_gegeneraliseerd_1998.d9a6fddb-f61d-4b62-bfdb-47315a4419b6"},"id":"WK069403"},
{"type":"Feature","geometry":{"type":"Polygon","coordinates":[[[4.08,51.458],[4.055,51.482],[4.043,51.502],[4.014,51.518],[4.005,51.496],[4.005,51.486],[4.029,51.471],[4.075,51.456],[4.08,51.458]]]},"properties":{"id":286693,"statcode":"WK070300","statnaam":"Wijk 00 Yerseke","jrstatcode":"1998WK070300","rubriek":"wijk","FID":"wijk_gegeneraliseerd_1998.ce1ce2f1-8460-44e8-876c-26dd937d7335"},"id":"WK070300"},
{"type":"Feature","geometry":{"type":"Polygon","coordinates":[[[3.993,51.451],[4.034,51.433],[4.051,51.43],[4.067,51.437],[4.075,51.456],[4.029,51.471],[4.005,51.486],[4.006,51.473],[4.007,51.458],[3.993,51.451]]]},"properties":{"id":286694,"statcode":"WK070301","statnaam":"Wijk 01 Kruiningen","jrstatcode":"1998WK070301","rubriek":"wijk","FID":"wijk_gegeneraliseerd_1998.e3cdec61-47b1-4b70-9d69-5355862f8df2"},"id":"WK070301"},
{"type":"Feature","geometry":{"type":"Polygon","coordinates":[[[4.148,51.432],[4.137,51.431],[4.094,51.446],[4.08,51.458],[4.075,51.456],[4.067,51.437],[4.102,51.42],[4.078,51.408],[4.118,51.401],[4.119,51.418],[4.137,51.42],[4.148,51.432]]]},"properties":{"id":286695,"statcode":"WK070302","statnaam":"Wijk 02 Krabbendijke","jrstatcode":"1998WK070302","rubriek":"wijk","FID":"wijk_gegeneraliseerd_1998.ae338c6c-e7cb-48e3-98d6-680e1267187a"},"id":"WK070302"},
{"type":"Feature","geometry":{"type":"Polygon","coordinates":[[[4.067,51.437],[4.051,51.43],[4.051,51.42],[4.078,51.408],[4.102,51.42],[4.067,51.437]]]},"properties":{"id":286696,"statcode":"WK070303","statnaam":"Wijk 03 Waarde","jrstatcode":"1998WK070303","rubriek":"wijk","FID":"wijk_gegeneraliseerd_1998.7e5e35b4-4cae-4de8-bfef-17f467690436"},"id":"WK070303"},
{"type":"Feature","geometry":{"type":"Polygon","coordinates":[[[4.218,51.487],[4.223,51.439],[4.181,51.444],[4.148,51.432],[4.137,51.42],[4.119,51.418],[4.118,51.401],[4.155,51.395],[4.19,51.405],[4.232,51.395],[4.244,51.375],[4.28,51.376],[4.275,51.382],[4.264,51.416],[4.276,51.425],[4.265,51.44],[4.259,51.449],[4.248,51.443],[4.233,51.458],[4.233,51.486],[4.23,51.489],[4.226,51.488],[4.219,51.488],[4.218,51.487]]]},"properties":{"id":286697,"statcode":"WK070304","statnaam":"Wijk 04 Rilland-Bath","jrstatcode":"1998WK070304","rubriek":"wijk","FID":"wijk_gegeneraliseerd_1998.4f725bf4-1ee6-4adc-aaa2-7678a1577622"},"id":"WK070304"},
{"type":"Feature","geometry":{"type":"Polygon","coordinates":[[[3.801,51.211],[3.806,51.235],[3.826,51.255],[3.829,51.271],[3.824,51.281],[3.784,51.288],[3.778,51.263],[3.795,51.256],[3.789,51.246],[3.79,51.216],[3.801,51.211]]]},"properties":{"id":286698,"statcode":"WK070400","statnaam":"Wijk 00 Sas van Gent","jrstatcode":"1998WK070400","rubriek":"wijk","FID":"wijk_gegeneraliseerd_1998.d56e62d9-ed4e-4813-b58e-a4445df27cbf"},"id":"WK070400"},
{"type":"Feature","geometry":{"type":"Polygon","coordinates":[[[3.874,51.269],[3.842,51.275],[3.829,51.271],[3.826,51.255],[3.806,51.235],[3.801,51.211],[3.821,51.209],[3.865,51.214],[3.861,51.22],[3.889,51.234],[3.864,51.25],[3.874,51.269]]]},"properties":{"id":286699,"statcode":"WK070401","statnaam":"Wijk 01 Westdorpe","jrstatcode":"1998WK070401","rubriek":"wijk","FID":"wijk_gegeneraliseerd_1998.a5687e15-ccf2-4e07-bfc2-d1a5582e91ef"},"id":"WK070401"},
{"type":"Feature","geometry":{"type":"Polygon","coordinates":[[[3.713,51.316],[3.704,51.31],[3.707,51.289],[3.694,51.276],[3.756,51.269],[3.778,51.263],[3.784,51.288],[3.762,51.294],[3.713,51.316]]]},"properties":{"id":286700,"statcode":"WK070402","statnaam":"Wijk 02 Philippine","jrstatcode":"1998WK070402","rubriek":"wijk","FID":"wijk_gegeneraliseerd_1998.2dbe256b-e988-4aa1-aea0-68d9201ac91f"},"id":"WK070402"},
{"type":"Feature","geometry":{"type":"Polygon","coordinates":[[[5.007,51.921],[4.999,51.943],[4.99,51.949],[4.95,51.932],[4.956,51.916],[4.974,51.908],[4.974,51.897],[4.995,51.902],[5.015,51.904],[5.007,51.921]]]},"properties":{"id":286701,"statcode":"WK070700","statnaam":"Wijk 00 Meerkerk","jrstatcode":"1998WK070700","rubriek":"wijk","FID":"wijk_gegeneraliseerd_1998.beaaeb8a-c1e2-4e26-adef-8c80aa5c2ee5"},"id":"WK070700"},
{"type":"Feature","geometry":{"type":"Polygon","coordinates":[[[4.976,51.963],[4.957,51.961],[4.945,51.947],[4.948,51.934],[4.95,51.932],[4.99,51.949],[4.976,51.963]]]},"properties":{"id":286702,"statcode":"WK070701","statnaam":"Wijk 01 Ameide","jrstatcode":"1998WK070701","rubriek":"wijk","FID":"wijk_gegeneraliseerd_1998.69360527-f08e-431f-b3bb-6ca550eb4182"},"id":"WK070701"},
{"type":"Feature","geometry":{"type":"Polygon","coordinates":[[[5.055,51.955],[5.043,51.938],[5.079,51.93],[5.102,51.946],[5.055,51.955]]]},"properties":{"id":286703,"statcode":"WK070702","statnaam":"Wijk 02 Hei- en Boeicop","jrstatcode":"1998WK070702","rubriek":"wijk","FID":"wijk_gegeneraliseerd_1998.f708fd1c-f976-49c8-8d4d-e36e32377d79"},"id":"WK070702"},
{"type":"Feature","geometry":{"type":"Polygon","coordinates":[[[5.007,51.921],[5.015,51.904],[5.055,51.904],[5.079,51.93],[5.043,51.938],[5.029,51.925],[5.007,51.921]]]},"properties":{"id":286704,"statcode":"WK070703","statnaam":"Wijk 03 Leerbroek","jrstatcode":"1998WK070703","rubriek":"wijk","FID":"wijk_gegeneraliseerd_1998.53a9f92f-1eb2-465e-ab97-f8a6849bfd80"},"id":"WK070703"},
{"type":"Feature","geometry":{"type":"Polygon","coordinates":[[[5.043,51.938],[5.055,51.955],[5.064,51.964],[5.054,51.977],[5.04,51.978],[5.021,51.97],[4.993,51.976],[4.976,51.963],[4.99,51.949],[4.999,51.943],[5.007,51.921],[5.029,51.925],[5.043,51.938]]]},"properties":{"id":286705,"statcode":"WK070704","statnaam":"Wijk 04 Lexmond","jrstatcode":"1998WK070704","rubriek":"wijk","FID":"wijk_gegeneraliseerd_1998.a98cbc1d-fc25-463f-a68c-0756fec175e0"},"id":"WK070704"},
{"type":"Feature","geometry":{"type":"Polygon","coordinates":[[[5.027,51.882],[5.064,51.892],[5.055,51.904],[5.015,51.904],[4.995,51.902],[4.995,51.877],[5.027,51.882]]]},"properties":{"id":286706,"statcode":"WK070705","statnaam":"Wijk 05 Nieuwland","jrstatcode":"1998WK070705","rubriek":"wijk","FID":"wijk_gegeneraliseerd_1998.4c73b30e-d84b-4160-9605-8749c284c735"},"id":"WK070705"},
{"type":"Feature","geometry":{"type":"Polygon","coordinates":[[[4.948,51.934],[4.945,51.947],[4.957,51.961],[4.944,51.964],[4.926,51.951],[4.939,51.929],[4.948,51.934]]]},"properties":{"id":286707,"statcode":"WK070706","statnaam":"Wijk 06 Tienhoven","jrstatcode":"1998WK070706","rubriek":"wijk","FID":"wijk_gegeneraliseerd_1998.685c5f3d-10ea-4cb0-b235-9c8f54510dcb"},"id":"WK070706"},
{"type":"Feature","geometry":{"type":"Polygon","coordinates":[[[5.472,53.147],[5.435,53.153],[5.411,53.152],[5.401,53.118],[5.406,53.107],[5.442,53.086],[5.465,53.082],[5.473,53.092],[5.497,53.088],[5.521,53.102],[5.503,53.117],[5.517,53.133],[5.511,53.141],[5.503,53.138],[5.472,53.147]]]},"properties":{"id":286708,"statcode":"WK071000","statnaam":"Wijk 00 Bouwhoek","jrstatcode":"1998WK071000","rubriek":"wijk","FID":"wijk_gegeneraliseerd_1998.b1291c57-fd33-4bb5-8552-a56296609445"},"id":"WK071000"},
{"type":"Feature","geometry":{"type":"Polygon","coordinates":[[[5.496,53.067],[5.503,53.082],[5.521,53.075],[5.554,53.072],[5.554,53.058],[5.581,53.068],[5.599,53.069],[5.588,53.084],[5.566,53.084],[5.56,53.1],[5.545,53.101],[5.53,53.102],[5.548,53.137],[5.528,53.146],[5.511,53.141],[5.517,53.133],[5.503,53.117],[5.521,53.102],[5.497,53.088],[5.473,53.092],[5.465,53.082],[5.442,53.086],[5.441,53.069],[5.468,53.063],[5.496,53.067]]]},"properties":{"id":286709,"statcode":"WK071001","statnaam":"Wijk 01 Weidestreek Oost","jrstatcode":"1998WK071001","rubriek":"wijk","FID":"wijk_gegeneraliseerd_1998.c916a502-1390-4682-bed9-123de2af979e"},"id":"WK071001"},
{"type":"Feature","geometry":{"type":"MultiPolygon","coordinates":[[[[5.401,53.118],[5.379,53.108],[5.378,53.095],[5.391,53.067],[5.437,53.066],[5.441,53.069],[5.442,53.086],[5.406,53.107],[5.401,53.118]]],[[[5.166,53],[5.167,52.999],[5.203,53.018],[5.213,53.021],[5.22,53.027],[5.293,53.066],[5.166,53]]]]},"properties":{"id":286710,"statcode":"WK071002","statnaam":"Wijk 02 Weidestreek West","jrstatcode":"1998WK071002","rubriek":"wijk","FID":"wijk_gegeneraliseerd_1998.05f98b88-65df-455d-ba4f-944ef5392cad"},"id":"WK071002"},
{"type":"Feature","geometry":{"type":"Polygon","coordinates":[[[5.506,53],[5.501,53.014],[5.513,53.024],[5.535,53.027],[5.535,53.047],[5.523,53.057],[5.503,53.054],[5.496,53.067],[5.468,53.063],[5.441,53.069],[5.437,53.066],[5.442,53.054],[5.458,53.048],[5.461,53.036],[5.449,52.993],[5.478,52.99],[5.506,53]]]},"properties":{"id":286711,"statcode":"WK071003","statnaam":"Wijk 03 Weidestreek Zuid","jrstatcode":"1998WK071003","rubriek":"wijk","FID":"wijk_gegeneraliseerd_1998.4e71eddc-2d88-40ab-8c55-0f21d9f93f07"},"id":"WK071003"},
{"type":"Feature","geometry":{"type":"Polygon","coordinates":[[[5.404,53.052],[5.442,53.054],[5.437,53.066],[5.391,53.067],[5.404,53.052]]]},"properties":{"id":286712,"statcode":"WK071004","statnaam":"Wijk 04 Makkum","jrstatcode":"1998WK071004","rubriek":"wijk","FID":"wijk_gegeneraliseerd_1998.dfd3b8cf-cd5b-40c3-a67f-ab10f7460136"},"id":"WK071004"},
{"type":"Feature","geometry":{"type":"Polygon","coordinates":[[[5.449,52.993],[5.461,53.036],[5.458,53.048],[5.442,53.054],[5.404,53.052],[5.403,53.052],[5.396,53.054],[5.378,53.054],[5.405,53.021],[5.407,53.011],[5.429,52.988],[5.449,52.993]]]},"properties":{"id":286713,"statcode":"WK071005","statnaam":"Wijk 05 Weidestreek Zuidwest","jrstatcode":"1998WK071005","rubriek":"wijk","FID":"wijk_gegeneraliseerd_1998.021dd681-30dd-4f54-adf1-bf815622a75f"},"id":"WK071005"},
{"type":"Feature","geometry":{"type":"Polygon","coordinates":[[[3.867,51.336],[3.819,51.336],[3.837,51.294],[3.857,51.304],[3.876,51.276],[3.873,51.295],[3.882,51.303],[3.858,51.322],[3.867,51.336]]]},"properties":{"id":286714,"statcode":"WK071500","statnaam":"Wijk 00 Terneuzen","jrstatcode":"1998WK071500","rubriek":"wijk","FID":"wijk_gegeneraliseerd_1998.336daa7c-e9cc-4009-8d94-1a1112159093"},"id":"WK071500"},
{"type":"Feature","geometry":{"type":"Polygon","coordinates":[[[3.693,51.364],[3.694,51.352],[3.66,51.351],[3.644,51.342],[3.666,51.32],[3.687,51.322],[3.713,51.316],[3.719,51.331],[3.735,51.341],[3.731,51.349],[3.693,51.364]]]},"properties":{"id":286715,"statcode":"WK071506","statnaam":"Wijk 05 Biervliet","jrstatcode":"1998WK071506","rubriek":"wijk","FID":"wijk_gegeneraliseerd_1998.91e036d7-86d3-4ec0-b99c-decd019e83ce"},"id":"WK071506"},
{"type":"Feature","geometry":{"type":"Polygon","coordinates":[[[3.819,51.336],[3.789,51.35],[3.731,51.349],[3.735,51.341],[3.719,51.331],[3.713,51.316],[3.762,51.294],[3.784,51.288],[3.824,51.281],[3.837,51.294],[3.819,51.336]]]},"properties":{"id":286716,"statcode":"WK071507","statnaam":"Wijk 04 Hoek","jrstatcode":"1998WK071507","rubriek":"wijk","FID":"wijk_gegeneraliseerd_1998.d4b83046-995c-4783-8a05-63c22294cfb9"},"id":"WK071507"},
{"type":"Feature","geometry":{"type":"Polygon","coordinates":[[[3.876,51.276],[3.857,51.304],[3.837,51.294],[3.824,51.281],[3.829,51.271],[3.842,51.275],[3.874,51.269],[3.876,51.276]]]},"properties":{"id":286717,"statcode":"WK071508","statnaam":"Wijk 02 Sluiskil","jrstatcode":"1998WK071508","rubriek":"wijk","FID":"wijk_gegeneraliseerd_1998.33853e12-5aea-4472-bd6a-cac141d3fd6b"},"id":"WK071508"},
{"type":"Feature","geometry":{"type":"Polygon","coordinates":[[[3.956,51.359],[3.942,51.365],[3.905,51.357],[3.875,51.346],[3.867,51.336],[3.858,51.322],[3.882,51.303],[3.903,51.291],[3.958,51.305],[3.962,51.333],[3.959,51.351],[3.956,51.359]]]},"properties":{"id":286718,"statcode":"WK071509","statnaam":"Wijk 03 Zaamslag","jrstatcode":"1998WK071509","rubriek":"wijk","FID":"wijk_gegeneraliseerd_1998.69ce7240-35c1-4c13-8144-5a6ec708c47c"},"id":"WK071509"},
{"type":"Feature","geometry":{"type":"MultiPolygon","coordinates":[[[[4.151,51.585],[4.15,51.562],[4.162,51.556],[4.164,51.523],[4.177,51.515],[4.172,51.506],[4.177,51.502],[4.218,51.487],[4.219,51.488],[4.214,51.493],[4.174,51.506],[4.178,51.514],[4.207,51.506],[4.225,51.524],[4.233,51.537],[4.201,51.554],[4.17,51.553],[4.172,51.584],[4.151,51.585]]],[[[4.226,51.494],[4.226,51.488],[4.23,51.489],[4.226,51.494]]]]},"properties":{"id":286719,"statcode":"WK071600","statnaam":"Wijk 00 Tholen","jrstatcode":"1998WK071600","rubriek":"wijk","FID":"wijk_gegeneraliseerd_1998.e3dd2f74-568a-4d27-b98c-6e40955a4364"},"id":"WK071600"},
{"type":"Feature","geometry":{"type":"Polygon","coordinates":[[[4.138,51.6],[4.134,51.603],[4.138,51.594],[4.112,51.579],[4.099,51.58],[4.092,51.564],[4.104,51.554],[4.133,51.544],[4.136,51.526],[4.164,51.523],[4.162,51.556],[4.15,51.562],[4.151,51.585],[4.138,51.6]]]},"properties":{"id":286720,"statcode":"WK071601","statnaam":"Wijk 01 Poortvliet","jrstatcode":"1998WK071601","rubriek":"wijk","FID":"wijk_gegeneraliseerd_1998.cb7ed4ba-6012-4e48-bf05-c518348f577c"},"id":"WK071601"},
{"type":"Feature","geometry":{"type":"Polygon","coordinates":[[[4.104,51.554],[4.077,51.546],[4.071,51.533],[4.074,51.527],[4.126,51.524],[4.136,51.526],[4.133,51.544],[4.104,51.554]]]},"properties":{"id":286721,"statcode":"WK071602","statnaam":"Wijk 02 Scherpenisse","jrstatcode":"1998WK071602","rubriek":"wijk","FID":"wijk_gegeneraliseerd_1998.f8fe554f-76e0-441d-8ace-7f86de87f8ba"},"id":"WK071602"},
{"type":"Feature","geometry":{"type":"Polygon","coordinates":[[[4.055,51.59],[4.033,51.585],[4.042,51.575],[4.026,51.565],[4.048,51.553],[4.071,51.533],[4.077,51.546],[4.104,51.554],[4.092,51.564],[4.099,51.58],[4.098,51.592],[4.055,51.59]]]},"properties":{"id":286722,"statcode":"WK071603","statnaam":"Wijk 03 Sint Maartensdijk","jrstatcode":"1998WK071603","rubriek":"wijk","FID":"wijk_gegeneraliseerd_1998.8fa35b1a-81b9-4708-b82f-b353d8e31267"},"id":"WK071603"},
{"type":"Feature","geometry":{"type":"Polygon","coordinates":[[[4.045,51.604],[4.024,51.597],[3.989,51.592],[3.984,51.581],[4.026,51.565],[4.042,51.575],[4.033,51.585],[4.055,51.59],[4.045,51.604]]]},"properties":{"id":286723,"statcode":"WK071604","statnaam":"Wijk 04 Stavenisse","jrstatcode":"1998WK071604","rubriek":"wijk","FID":"wijk_gegeneraliseerd_1998.5b642df0-5457-4920-91be-f1cc373a7207"},"id":"WK071604"},
{"type":"Feature","geometry":{"type":"Polygon","coordinates":[[[4.045,51.604],[4.055,51.59],[4.098,51.592],[4.099,51.58],[4.112,51.579],[4.138,51.594],[4.134,51.603],[4.111,51.603],[4.101,51.61],[4.063,51.612],[4.045,51.604]]]},"properties":{"id":286724,"statcode":"WK071605","statnaam":"Wijk 05 Sint Annaland","jrstatcode":"1998WK071605","rubriek":"wijk","FID":"wijk_gegeneraliseerd_1998.c6ec5761-40d6-4b75-8c9c-5e1266a7d5c0"},"id":"WK071605"},
{"type":"Feature","geometry":{"type":"Polygon","coordinates":[[[4.174,51.608],[4.138,51.6],[4.151,51.585],[4.172,51.584],[4.17,51.553],[4.201,51.554],[4.233,51.537],[4.236,51.55],[4.23,51.562],[4.199,51.586],[4.191,51.606],[4.174,51.608]]]},"properties":{"id":286725,"statcode":"WK071606","statnaam":"Wijk 06 Oud-Vossemeer","jrstatcode":"1998WK071606","rubriek":"wijk","FID":"wijk_gegeneraliseerd_1998.c04966ab-40d8-4f07-977d-8653e56fb609"},"id":"WK071606"},
{"type":"Feature","geometry":{"type":"Polygon","coordinates":[[[4.118,51.624],[4.127,51.613],[4.174,51.608],[4.191,51.606],[4.192,51.609],[4.214,51.628],[4.237,51.634],[4.195,51.635],[4.193,51.636],[4.168,51.644],[4.164,51.634],[4.118,51.624]]]},"properties":{"id":286726,"statcode":"WK071607","statnaam":"Wijk 07 Sint Philipsland","jrstatcode":"1998WK071607","rubriek":"wijk","FID":"wijk_gegeneraliseerd_1998.00ff0956-e2d4-451e-a8cd-c5085626f7bb"},"id":"WK071607"},
{"type":"Feature","geometry":{"type":"Polygon","coordinates":[[[4.118,51.624],[4.164,51.634],[4.168,51.644],[4.12,51.654],[4.101,51.643],[4.1,51.631],[4.118,51.624]]]},"properties":{"id":286727,"statcode":"WK071608","statnaam":"Wijk 08 Anna Jacobapolder","jrstatcode":"1998WK071608","rubriek":"wijk","FID":"wijk_gegeneraliseerd_1998.877e8c30-fa9b-40fe-931f-254ec5f91de0"},"id":"WK071608"},
{"type":"Feature","geometry":{"type":"Polygon","coordinates":[[[3.68,51.535],[3.669,51.55],[3.641,51.563],[3.635,51.564],[3.645,51.549],[3.634,51.526],[3.659,51.519],[3.68,51.535]]]},"properties":{"id":286728,"statcode":"WK071700","statnaam":"Wijk 00 Veere","jrstatcode":"1998WK071700","rubriek":"wijk","FID":"wijk_gegeneraliseerd_1998.09b995a7-82bd-45c8-b6a3-dd7ac4fef431"},"id":"WK071700"},
{"type":"Feature","geometry":{"type":"Polygon","coordinates":[[[3.611,51.535],[3.634,51.526],[3.645,51.549],[3.635,51.564],[3.624,51.562],[3.611,51.535]]]},"properties":{"id":286729,"statcode":"WK071701","statnaam":"Wijk 01 Gapinge","jrstatcode":"1998WK071701","rubriek":"wijk","FID":"wijk_gegeneraliseerd_1998.fe30c60e-4dbb-48cd-a240-ba6acba50df1"},"id":"WK071701"},
{"type":"Feature","geometry":{"type":"Polygon","coordinates":[[[3.634,51.588],[3.575,51.595],[3.575,51.581],[3.59,51.571],[3.624,51.562],[3.635,51.564],[3.641,51.563],[3.628,51.575],[3.635,51.587],[3.634,51.588]]]},"properties":{"id":286730,"statcode":"WK071702","statnaam":"Wijk 02 Vrouwenpolder","jrstatcode":"1998WK071702","rubriek":"wijk","FID":"wijk_gegeneraliseerd_1998.51b35d52-75fb-4e08-91d1-03684724b277"},"id":"WK071702"},
{"type":"Feature","geometry":{"type":"Polygon","coordinates":[[[3.573,51.557],[3.59,51.532],[3.611,51.535],[3.624,51.562],[3.59,51.571],[3.573,51.557]]]},"properties":{"id":286731,"statcode":"WK071703","statnaam":"Wijk 03 Serooskerke","jrstatcode":"1998WK071703","rubriek":"wijk","FID":"wijk_gegeneraliseerd_1998.a87b36f2-d062-40e6-8fec-ace8c6603353"},"id":"WK071703"},
{"type":"Feature","geometry":{"type":"Polygon","coordinates":[[[3.514,51.573],[3.46,51.55],[3.475,51.541],[3.482,51.546],[3.522,51.558],[3.514,51.573]]]},"properties":{"id":286732,"statcode":"WK071704","statnaam":"Wijk 04 Domburg","jrstatcode":"1998WK071704","rubriek":"wijk","FID":"wijk_gegeneraliseerd_1998.890cfabd-edd0-4c9b-b9ec-5e3d5f7d0eda"},"id":"WK071704"},
{"type":"Feature","geometry":{"type":"Polygon","coordinates":[[[3.514,51.573],[3.522,51.558],[3.535,51.547],[3.573,51.557],[3.59,51.571],[3.575,51.581],[3.575,51.595],[3.514,51.573]]]},"properties":{"id":286733,"statcode":"WK071705","statnaam":"Wijk 05 Oostkapelle","jrstatcode":"1998WK071705","rubriek":"wijk","FID":"wijk_gegeneraliseerd_1998.c382dee2-ce28-4d14-9b91-b9ac4858edca"},"id":"WK071705"},
{"type":"Feature","geometry":{"type":"Polygon","coordinates":[[[3.535,51.547],[3.522,51.558],[3.482,51.546],[3.475,51.541],[3.482,51.527],[3.494,51.522],[3.501,51.532],[3.536,51.534],[3.535,51.547]]]},"properties":{"id":286734,"statcode":"WK071706","statnaam":"Wijk 06 Aagtekerke","jrstatcode":"1998WK071706","rubriek":"wijk","FID":"wijk_gegeneraliseerd_1998.e7449cb9-a087-4220-9a94-cc2597919a0e"},"id":"WK071706"},
{"type":"Feature","geometry":{"type":"Polygon","coordinates":[[[3.573,51.557],[3.535,51.547],[3.536,51.534],[3.552,51.523],[3.544,51.514],[3.554,51.498],[3.58,51.501],[3.575,51.507],[3.59,51.532],[3.573,51.557]]]},"properties":{"id":286735,"statcode":"WK071707","statnaam":"Wijk 07 Grijpskerke","jrstatcode":"1998WK071707","rubriek":"wijk","FID":"wijk_gegeneraliseerd_1998.0c3dbbf4-a268-460a-82e8-5c934e0bbd5f"},"id":"WK071707"},
{"type":"Feature","geometry":{"type":"Polygon","coordinates":[[[3.536,51.534],[3.501,51.532],[3.494,51.522],[3.514,51.505],[3.544,51.514],[3.552,51.523],[3.536,51.534]]]},"properties":{"id":286736,"statcode":"WK071708","statnaam":"Wijk 08 Meliskerke","jrstatcode":"1998WK071708","rubriek":"wijk","FID":"wijk_gegeneraliseerd_1998.74511b65-04e6-42d3-8c5d-0a3396bd3272"},"id":"WK071708"},
{"type":"Feature","geometry":{"type":"Polygon","coordinates":[[[3.582,51.5],[3.58,51.501],[3.554,51.498],[3.529,51.483],[3.512,51.479],[3.527,51.463],[3.557,51.468],[3.587,51.479],[3.582,51.5]]]},"properties":{"id":286737,"statcode":"WK071709","statnaam":"Wijk 09 Koudekerke","jrstatcode":"1998WK071709","rubriek":"wijk","FID":"wijk_gegeneraliseerd_1998.6873b040-3fc0-4ef7-87e4-b9301fbd6ef2"},"id":"WK071709"},
{"type":"Feature","geometry":{"type":"Polygon","coordinates":[[[3.544,51.514],[3.514,51.505],[3.497,51.494],[3.512,51.479],[3.529,51.483],[3.554,51.498],[3.544,51.514]]]},"properties":{"id":286738,"statcode":"WK071710","statnaam":"Wijk 10 Biggekerke","jrstatcode":"1998WK071710","rubriek":"wijk","FID":"wijk_gegeneraliseerd_1998.ccdf264a-96bb-4657-8b80-d6ce7f4fc284"},"id":"WK071710"},
{"type":"Feature","geometry":{"type":"Polygon","coordinates":[[[3.494,51.522],[3.482,51.527],[3.462,51.522],[3.46,51.51],[3.497,51.494],[3.514,51.505],[3.494,51.522]]]},"properties":{"id":286739,"statcode":"WK071711","statnaam":"Wijk 11 Zoutelande","jrstatcode":"1998WK071711","rubriek":"wijk","FID":"wijk_gegeneraliseerd_1998.dd994d89-28c4-49ff-88c7-6ac76de08a89"},"id":"WK071711"},
{"type":"Feature","geometry":{"type":"Polygon","coordinates":[[[3.475,51.541],[3.46,51.55],[3.436,51.541],[3.433,51.527],[3.46,51.51],[3.462,51.522],[3.482,51.527],[3.475,51.541]]]},"properties":{"id":286740,"statcode":"WK071712","statnaam":"Wijk 12 Westkapelle","jrstatcode":"1998WK071712","rubriek":"wijk","FID":"wijk_gegeneraliseerd_1998.da984170-ea4e-4b0e-8de4-fba063a4d7d3"},"id":"WK071712"},
{"type":"Feature","geometry":{"type":"Polygon","coordinates":[[[3.586,51.449],[3.565,51.446],[3.596,51.442],[3.586,51.449]]]},"properties":{"id":286741,"statcode":"WK071801","statnaam":"Wijk 01 Binnenstad","jrstatcode":"1998WK071801","rubriek":"wijk","FID":"wijk_gegeneraliseerd_1998.186b550d-9c09-4dbc-9f60-ee74e6fa70db"},"id":"WK071801"},
{"type":"Feature","geometry":{"type":"Polygon","coordinates":[[[3.56,51.458],[3.557,51.45],[3.565,51.446],[3.586,51.449],[3.59,51.458],[3.56,51.458]]]},"properties":{"id":286742,"statcode":"WK071802","statnaam":"Wijk 02 Middengebied","jrstatcode":"1998WK071802","rubriek":"wijk","FID":"wijk_gegeneraliseerd_1998.2501e4ba-a861-4a4f-acca-4f2be7b77abc"},"id":"WK071802"},
{"type":"Feature","geometry":{"type":"Polygon","coordinates":[[[3.557,51.468],[3.527,51.463],[3.557,51.45],[3.56,51.458],[3.557,51.468]]]},"properties":{"id":286743,"statcode":"WK071803","statnaam":"Wijk 03 Paauwenburg-Westduin","jrstatcode":"1998WK071803","rubriek":"wijk","FID":"wijk_gegeneraliseerd_1998.c2a0c8ce-2037-45cd-9a9d-80dcae550a21"},"id":"WK071803"},
{"type":"Feature","geometry":{"type":"Polygon","coordinates":[[[3.59,51.458],[3.599,51.475],[3.587,51.479],[3.557,51.468],[3.56,51.458],[3.59,51.458]]]},"properties":{"id":286744,"statcode":"WK071804","statnaam":"Wijk 04 Lammerenburg","jrstatcode":"1998WK071804","rubriek":"wijk","FID":"wijk_gegeneraliseerd_1998.249b7798-77ee-4179-9457-8e6e2813ad84"},"id":"WK071804"},
{"type":"Feature","geometry":{"type":"Polygon","coordinates":[[[3.637,51.477],[3.602,51.479],[3.599,51.475],[3.59,51.458],[3.596,51.457],[3.637,51.477]]]},"properties":{"id":286745,"statcode":"WK071805","statnaam":"Wijk 05 Oost-Souburg","jrstatcode":"1998WK071805","rubriek":"wijk","FID":"wijk_gegeneraliseerd_1998.47abdfb1-7317-4559-b112-9ef477576007"},"id":"WK071805"},
{"type":"Feature","geometry":{"type":"Polygon","coordinates":[[[3.637,51.477],[3.596,51.457],[3.604,51.442],[3.641,51.444],[3.66,51.458],[3.662,51.468],[3.637,51.477]]]},"properties":{"id":286746,"statcode":"WK071806","statnaam":"Wijk 06 Ritthem e.o.","jrstatcode":"1998WK071806","rubriek":"wijk","FID":"wijk_gegeneraliseerd_1998.6da71293-3fd6-49fd-80ab-886932d5981b"},"id":"WK071806"},
{"type":"Feature","geometry":{"type":"Polygon","coordinates":[[[3.596,51.457],[3.59,51.458],[3.586,51.449],[3.596,51.442],[3.604,51.442],[3.596,51.457]]]},"properties":{"id":286747,"statcode":"WK071807","statnaam":"Wijk 07 Binnen- en Buitenhavens","jrstatcode":"1998WK071807","rubriek":"wijk","FID":"wijk_gegeneraliseerd_1998.c3521c62-6ad7-4807-90be-b08558850c0a"},"id":"WK071807"},
{"type":"Feature","geometry":{"type":"Polygon","coordinates":[[[3.706,51.477],[3.704,51.482],[3.662,51.468],[3.66,51.458],[3.706,51.471],[3.703,51.475],[3.706,51.477]]]},"properties":{"id":286748,"statcode":"WK071808","statnaam":"Wijk 08 Sloegebied","jrstatcode":"1998WK071808","rubriek":"wijk","FID":"wijk_gegeneraliseerd_1998.f7bacd76-1d82-41fc-8ab9-5561a41d74e8"},"id":"WK071808"},
{"type":"Feature","geometry":{"type":"Polygon","coordinates":[[[5.118,51.878],[5.114,51.889],[5.09,51.889],[5.086,51.88],[5.095,51.869],[5.118,51.878]]]},"properties":{"id":286749,"statcode":"WK073300","statnaam":"Wijk 00 Asperen","jrstatcode":"1998WK073300","rubriek":"wijk","FID":"wijk_gegeneraliseerd_1998.4c7814cc-a77f-4177-a31e-0b82533abbfe"},"id":"WK073300"},
{"type":"Feature","geometry":{"type":"Polygon","coordinates":[[[5.086,51.88],[5.053,51.871],[5.054,51.858],[5.027,51.859],[5.005,51.858],[4.996,51.862],[4.998,51.851],[5,51.844],[5.002,51.855],[5.033,51.856],[5.046,51.853],[5.095,51.869],[5.086,51.88]]]},"properties":{"id":286750,"statcode":"WK073301","statnaam":"Wijk 01 Heukelum","jrstatcode":"1998WK073301","rubriek":"wijk","FID":"wijk_gegeneraliseerd_1998.651ba50c-2381-4bf2-ad76-04cb66233d6d"},"id":"WK073301"},
{"type":"Feature","geometry":{"type":"Polygon","coordinates":[[[5.095,51.869],[5.046,51.853],[5.033,51.856],[5.002,51.855],[5,51.844],[5.031,51.841],[5.027,51.819],[5.051,51.818],[5.09,51.827],[5.096,51.844],[5.095,51.869]]]},"properties":{"id":286751,"statcode":"WK073302","statnaam":"Wijk 02 Vuren","jrstatcode":"1998WK073302","rubriek":"wijk","FID":"wijk_gegeneraliseerd_1998.1bb51a71-8f0d-4a86-b302-571c47b12bd6"},"id":"WK073302"},
{"type":"Feature","geometry":{"type":"Polygon","coordinates":[[[5.159,51.816],[5.154,51.847],[5.151,51.861],[5.138,51.873],[5.118,51.878],[5.095,51.869],[5.096,51.844],[5.09,51.827],[5.127,51.815],[5.149,51.815],[5.159,51.816]]]},"properties":{"id":286752,"statcode":"WK073303","statnaam":"Wijk 03 Herwijnen","jrstatcode":"1998WK073303","rubriek":"wijk","FID":"wijk_gegeneraliseerd_1998.6003cba3-a4fe-4d01-8f37-ac3988145bba"},"id":"WK073303"},
{"type":"Feature","geometry":{"type":"Polygon","coordinates":[[[4.819,52.229],[4.817,52.228],[4.795,52.227],[4.803,52.202],[4.813,52.202],[4.843,52.181],[4.886,52.212],[4.886,52.219],[4.858,52.245],[4.833,52.227],[4.819,52.229]]]},"properties":{"id":286753,"statcode":"WK073600","statnaam":"Wijk 00 Mijdrecht","jrstatcode":"1998WK073600","rubriek":"wijk","FID":"wijk_gegeneraliseerd_1998.ed2e3926-9443-4a02-a227-f5c7dc97d12f"},"id":"WK073600"},
{"type":"Feature","geometry":{"type":"Polygon","coordinates":[[[4.819,52.229],[4.833,52.227],[4.858,52.245],[4.857,52.246],[4.852,52.242],[4.836,52.234],[4.828,52.231],[4.819,52.229]]]},"properties":{"id":286754,"statcode":"WK073601","statnaam":"Wijk 01 Gebied bij Uithoorn","jrstatcode":"1998WK073601","rubriek":"wijk","FID":"wijk_gegeneraliseerd_1998.3f77ee78-4083-4046-b8c8-a98b55106a30"},"id":"WK073601"},
{"type":"Feature","geometry":{"type":"Polygon","coordinates":[[[4.858,52.245],[4.886,52.219],[4.886,52.212],[4.919,52.212],[4.923,52.188],[4.946,52.186],[4.949,52.186],[4.951,52.199],[4.967,52.2],[4.974,52.22],[4.983,52.222],[4.98,52.227],[4.968,52.249],[4.939,52.253],[4.931,52.243],[4.908,52.253],[4.87,52.253],[4.857,52.246],[4.858,52.245]]]},"properties":{"id":286755,"statcode":"WK073602","statnaam":"Wijk 02 Vinkeveen","jrstatcode":"1998WK073602","rubriek":"wijk","FID":"wijk_gegeneraliseerd_1998.3a82b96d-cc3b-4336-b11f-6d2d19b0d467"},"id":"WK073602"},
{"type":"Feature","geometry":{"type":"Polygon","coordinates":[[[4.946,52.186],[4.923,52.188],[4.919,52.212],[4.886,52.212],[4.843,52.181],[4.867,52.174],[4.892,52.162],[4.91,52.162],[4.928,52.167],[4.946,52.186]]]},"properties":{"id":286756,"statcode":"WK073603","statnaam":"Wijk 03 Wilnis","jrstatcode":"1998WK073603","rubriek":"wijk","FID":"wijk_gegeneraliseerd_1998.9b062764-0bd9-4057-b218-2bdbc93156ee"},"id":"WK073603"},
{"type":"Feature","geometry":{"type":"Polygon","coordinates":[[[5.989,53.185],[6.033,53.195],[6.032,53.222],[5.985,53.207],[5.969,53.21],[5.951,53.195],[5.96,53.184],[5.989,53.185]]]},"properties":{"id":286757,"statcode":"WK073700","statnaam":"Wijk 00 Burgum","jrstatcode":"1998WK073700","rubriek":"wijk","FID":"wijk_gegeneraliseerd_1998.ba123f17-c5a5-49e2-9cb7-87963e3322cd"},"id":"WK073700"},
{"type":"Feature","geometry":{"type":"Polygon","coordinates":[[[5.859,53.243],[5.906,53.247],[5.914,53.259],[5.892,53.271],[5.883,53.277],[5.861,53.288],[5.839,53.275],[5.832,53.246],[5.832,53.243],[5.859,53.243]]]},"properties":{"id":286758,"statcode":"WK073701","statnaam":"Wijk 01 Aldtsjerk","jrstatcode":"1998WK073701","rubriek":"wijk","FID":"wijk_gegeneraliseerd_1998.deb994d5-6d67-490d-a9fb-547af95eb38f"},"id":"WK073701"},
{"type":"Feature","geometry":{"type":"Polygon","coordinates":[[[5.95,53.24],[5.943,53.251],[5.914,53.259],[5.906,53.247],[5.859,53.243],[5.853,53.23],[5.88,53.233],[5.921,53.239],[5.95,53.24]]]},"properties":{"id":286759,"statcode":"WK073702","statnaam":"Wijk 02 Munein","jrstatcode":"1998WK073702","rubriek":"wijk","FID":"wijk_gegeneraliseerd_1998.9d3d4ebf-9684-4757-8b49-b2435907970d"},"id":"WK073702"},
{"type":"Feature","geometry":{"type":"Polygon","coordinates":[[[5.95,53.24],[5.921,53.239],[5.88,53.233],[5.894,53.218],[5.928,53.218],[5.938,53.231],[5.954,53.232],[5.95,53.24]]]},"properties":{"id":286760,"statcode":"WK073703","statnaam":"Wijk 03 Ryptsjerk","jrstatcode":"1998WK073703","rubriek":"wijk","FID":"wijk_gegeneraliseerd_1998.d48a0b74-d2a8-4d4b-b6a6-f432c1644c6a"},"id":"WK073703"},
{"type":"Feature","geometry":{"type":"Polygon","coordinates":[[[5.951,53.195],[5.939,53.194],[5.923,53.209],[5.928,53.218],[5.894,53.218],[5.898,53.209],[5.858,53.204],[5.854,53.187],[5.862,53.171],[5.932,53.17],[5.96,53.184],[5.951,53.195]]]},"properties":{"id":286761,"statcode":"WK073704","statnaam":"Wijk 04 Tytsjerk","jrstatcode":"1998WK073704","rubriek":"wijk","FID":"wijk_gegeneraliseerd_1998.7bb8155d-5abc-4900-9d32-2fa5f9e76478"},"id":"WK073704"},
{"type":"Feature","geometry":{"type":"Polygon","coordinates":[[[5.989,53.185],[5.96,53.184],[5.932,53.17],[5.932,53.161],[5.909,53.145],[5.923,53.131],[5.943,53.122],[5.944,53.122],[6.001,53.149],[5.989,53.185]]]},"properties":{"id":286762,"statcode":"WK073705","statnaam":"Wijk 05 Earnewald","jrstatcode":"1998WK073705","rubriek":"wijk","FID":"wijk_gegeneraliseerd_1998.6d3f39be-995a-4796-9fcc-e1925e7f1cf5"},"id":"WK073705"},
{"type":"Feature","geometry":{"type":"Polygon","coordinates":[[[5.989,53.185],[6.001,53.149],[6.013,53.154],[6.049,53.156],[6.03,53.179],[6.033,53.195],[5.989,53.185]]]},"properties":{"id":286763,"statcode":"WK073706","statnaam":"Wijk 06 Sumar","jrstatcode":"1998WK073706","rubriek":"wijk","FID":"wijk_gegeneraliseerd_1998.15bc3d94-42c8-4495-bcf5-faf170c2d725"},"id":"WK073706"},
{"type":"Feature","geometry":{"type":"Polygon","coordinates":[[[6.081,53.202],[6.086,53.215],[6.027,53.23],[6.032,53.222],[6.033,53.195],[6.03,53.179],[6.049,53.156],[6.094,53.156],[6.105,53.152],[6.114,53.176],[6.102,53.182],[6.081,53.202]]]},"properties":{"id":286764,"statcode":"WK073707","statnaam":"Wijk 07 Eastermar","jrstatcode":"1998WK073707","rubriek":"wijk","FID":"wijk_gegeneraliseerd_1998.b99ed33d-8fe7-4140-8b41-71044b7cb11a"},"id":"WK073707"},
{"type":"Feature","geometry":{"type":"Polygon","coordinates":[[[6.02,53.241],[5.985,53.231],[5.969,53.21],[5.985,53.207],[6.032,53.222],[6.027,53.23],[6.02,53.241]]]},"properties":{"id":286765,"statcode":"WK073708","statnaam":"Wijk 08 Noordburgum","jrstatcode":"1998WK073708","rubriek":"wijk","FID":"wijk_gegeneraliseerd_1998.1570eb49-c7e5-4950-b958-dbd477987ade"},"id":"WK073708"},
{"type":"Feature","geometry":{"type":"Polygon","coordinates":[[[5.951,53.195],[5.969,53.21],[5.985,53.231],[5.954,53.232],[5.938,53.231],[5.928,53.218],[5.923,53.209],[5.939,53.194],[5.951,53.195]]]},"properties":{"id":286766,"statcode":"WK073709","statnaam":"Wijk 09 Hurdegaryp","jrstatcode":"1998WK073709","rubriek":"wijk","FID":"wijk_gegeneraliseerd_1998.9c7bb26e-6607-4dcf-8f27-6ce798ab0ea6"},"id":"WK073709"},
{"type":"Feature","geometry":{"type":"Polygon","coordinates":[[[5.128,51.738],[5.143,51.755],[5.139,51.767],[5.116,51.779],[5.093,51.766],[5.053,51.759],[5.058,51.75],[5.061,51.751],[5.083,51.758],[5.119,51.736],[5.128,51.738]]]},"properties":{"id":286767,"statcode":"WK073800","statnaam":"Wijk 00 Wijk en Aalburg","jrstatcode":"1998WK073800","rubriek":"wijk","FID":"wijk_gegeneraliseerd_1998.02ff9fc7-5351-46cf-8164-07d8ccd89922"},"id":"WK073800"},
{"type":"Feature","geometry":{"type":"Polygon","coordinates":[[[5.116,51.779],[5.101,51.787],[5.082,51.781],[5.082,51.77],[5.049,51.768],[5.053,51.759],[5.093,51.766],[5.116,51.779]]]},"properties":{"id":286768,"statcode":"WK073801","statnaam":"Wijk 01 Veen","jrstatcode":"1998WK073801","rubriek":"wijk","FID":"wijk_gegeneraliseerd_1998.0df57c61-1dd2-40b4-ba37-74b135e92788"},"id":"WK073801"},
{"type":"Feature","geometry":{"type":"Polygon","coordinates":[[[5.061,51.751],[5.089,51.726],[5.119,51.736],[5.083,51.758],[5.061,51.751]]]},"properties":{"id":286769,"statcode":"WK073802","statnaam":"Wijk 02 Genderen","jrstatcode":"1998WK073802","rubriek":"wijk","FID":"wijk_gegeneraliseerd_1998.98025087-35de-4f24-8a97-847d0a1ee990"},"id":"WK073802"},
{"type":"Feature","geometry":{"type":"Polygon","coordinates":[[[5.061,51.751],[5.058,51.75],[5.032,51.742],[5.033,51.725],[5.049,51.727],[5.076,51.719],[5.082,51.722],[5.089,51.726],[5.061,51.751]]]},"properties":{"id":286770,"statcode":"WK073803","statnaam":"Wijk 03 Eethen","jrstatcode":"1998WK073803","rubriek":"wijk","FID":"wijk_gegeneraliseerd_1998.023e6aa6-c8e6-463a-8c1c-88621578fd16"},"id":"WK073803"},
{"type":"Feature","geometry":{"type":"Polygon","coordinates":[[[4.991,51.747],[5,51.737],[4.989,51.717],[4.998,51.715],[5.01,51.713],[5.013,51.724],[5.033,51.725],[5.032,51.742],[5.006,51.741],[4.991,51.747]]]},"properties":{"id":286771,"statcode":"WK073804","statnaam":"Wijk 04 Meeuwen","jrstatcode":"1998WK073804","rubriek":"wijk","FID":"wijk_gegeneraliseerd_1998.dc6d8370-8890-4aad-b8e7-51c47861225a"},"id":"WK073804"},
{"type":"Feature","geometry":{"type":"Polygon","coordinates":[[[5.04,51.711],[5.076,51.719],[5.049,51.727],[5.033,51.725],[5.013,51.724],[5.01,51.713],[5.025,51.711],[5.04,51.711]]]},"properties":{"id":286772,"statcode":"WK073805","statnaam":"Wijk 05 Drongelen","jrstatcode":"1998WK073805","rubriek":"wijk","FID":"wijk_gegeneraliseerd_1998.7e58c2ad-e8e5-4764-a055-9a34084717b9"},"id":"WK073805"},
{"type":"Feature","geometry":{"type":"Polygon","coordinates":[[[5.032,51.742],[5.058,51.75],[5.053,51.759],[5.049,51.768],[5.035,51.771],[5.022,51.77],[5.025,51.751],[4.996,51.752],[4.991,51.752],[4.991,51.747],[5.006,51.741],[5.032,51.742]]]},"properties":{"id":286773,"statcode":"WK073806","statnaam":"Wijk 06 Babylonienbroek","jrstatcode":"1998WK073806","rubriek":"wijk","FID":"wijk_gegeneraliseerd_1998.36bc1fbb-b652-486d-9bfd-c2261bfbca32"},"id":"WK073806"},
{"type":"Feature","geometry":{"type":"Polygon","coordinates":[[[5.789,51.412],[5.743,51.42],[5.7,51.422],[5.701,51.419],[5.705,51.41],[5.736,51.39],[5.739,51.375],[5.745,51.371],[5.742,51.391],[5.801,51.401],[5.796,51.41],[5.791,51.412],[5.789,51.412]]]},"properties":{"id":286774,"statcode":"WK074300","statnaam":"Wijk 00 Asten","jrstatcode":"1998WK074300","rubriek":"wijk","FID":"wijk_gegeneraliseerd_1998.9b5b8140-e1e8-4ec3-bfe8-504e308f44a0"},"id":"WK074300"},
{"type":"Feature","geometry":{"type":"Polygon","coordinates":[[[5.801,51.401],[5.742,51.391],[5.745,51.371],[5.77,51.334],[5.84,51.347],[5.856,51.35],[5.83,51.364],[5.827,51.385],[5.801,51.401]]]},"properties":{"id":286775,"statcode":"WK074301","statnaam":"Wijk 01 Heusden","jrstatcode":"1998WK074301","rubriek":"wijk","FID":"wijk_gegeneraliseerd_1998.4affad8a-bfae-4902-8fba-551541534357"},"id":"WK074301"},
{"type":"Feature","geometry":{"type":"Polygon","coordinates":[[[5.7,51.422],[5.743,51.42],[5.789,51.412],[5.756,51.434],[5.718,51.439],[5.694,51.439],[5.7,51.422]]]},"properties":{"id":286776,"statcode":"WK074302","statnaam":"Wijk 02 Ommel","jrstatcode":"1998WK074302","rubriek":"wijk","FID":"wijk_gegeneraliseerd_1998.46064c25-047f-41dd-b623-bea39fddda7e"},"id":"WK074302"},
{"type":"Feature","geometry":{"type":"Polygon","coordinates":[[[5.827,51.385],[5.83,51.364],[5.856,51.35],[5.87,51.353],[5.857,51.354],[5.854,51.376],[5.84,51.393],[5.827,51.385]]]},"properties":{"id":286777,"statcode":"WK074308","statnaam":"Wijk 08","jrstatcode":"1998WK074308","rubriek":"wijk","FID":"wijk_gegeneraliseerd_1998.73e9b1c3-de15-4df1-9a81-d597e7dc956a"},"id":"WK074308"},
{"type":"Feature","geometry":{"type":"Polygon","coordinates":[[[5.796,51.41],[5.801,51.401],[5.827,51.385],[5.84,51.393],[5.832,51.399],[5.796,51.41]]]},"properties":{"id":286778,"statcode":"WK074309","statnaam":"Wijk 09","jrstatcode":"1998WK074309","rubriek":"wijk","FID":"wijk_gegeneraliseerd_1998.0c0c0dd1-5aba-46af-b9a3-069399056611"},"id":"WK074309"},
{"type":"Feature","geometry":{"type":"Polygon","coordinates":[[[4.883,51.477],[4.876,51.473],[4.906,51.456],[4.889,51.449],[4.882,51.435],[4.826,51.431],[4.84,51.42],[4.85,51.414],[4.886,51.417],[4.929,51.396],[4.963,51.422],[5.005,51.445],[5.01,51.458],[4.977,51.461],[4.932,51.459],[4.891,51.478],[4.883,51.477]]]},"properties":{"id":286779,"statcode":"WK074400","statnaam":"Wijk 00 Baarle - Nassau","jrstatcode":"1998WK074400","rubriek":"wijk","FID":"wijk_gegeneraliseerd_1998.7fce1c64-398b-404e-9175-0c6fb7d0883a"},"id":"WK074400"},
{"type":"Feature","geometry":{"type":"Polygon","coordinates":[[[4.842,51.481],[4.835,51.459],[4.823,51.449],[4.826,51.431],[4.882,51.435],[4.889,51.449],[4.906,51.456],[4.876,51.473],[4.883,51.477],[4.842,51.481]]]},"properties":{"id":286780,"statcode":"WK074401","statnaam":"Wijk 01 Ulicoten","jrstatcode":"1998WK074401","rubriek":"wijk","FID":"wijk_gegeneraliseerd_1998.a1856b80-c135-4e8b-bcb5-7530ac63f0db"},"id":"WK074401"},
{"type":"Feature","geometry":{"type":"Polygon","coordinates":[[[4.85,51.414],[4.84,51.42],[4.786,51.432],[4.767,51.43],[4.769,51.419],[4.789,51.409],[4.85,51.414]]]},"properties":{"id":286781,"statcode":"WK074402","statnaam":"Wijk 02","jrstatcode":"1998WK074402","rubriek":"wijk","FID":"wijk_gegeneraliseerd_1998.b4f512ff-8b1b-418b-be74-73a0377d20b5"},"id":"WK074402"},
{"type":"Feature","geometry":{"type":"Polygon","coordinates":[[[4.297,51.499],[4.28,51.5],[4.296,51.482],[4.297,51.499]]]},"properties":{"id":286782,"statcode":"WK074800","statnaam":"Wijk 00 Bergen op Zoom-West","jrstatcode":"1998WK074800","rubriek":"wijk","FID":"wijk_gegeneraliseerd_1998.bb5d90d5-3d95-417e-a7a5-ec76b4e0219c"},"id":"WK074800"},
{"type":"Feature","geometry":{"type":"Polygon","coordinates":[[[4.297,51.499],[4.305,51.511],[4.268,51.51],[4.28,51.5],[4.297,51.499]]]},"properties":{"id":286783,"statcode":"WK074801","statnaam":"Wijk 01 Bergen op Zoom-noord","jrstatcode":"1998WK074801","rubriek":"wijk","FID":"wijk_gegeneraliseerd_1998.2b882ae4-f126-4ca8-b9b4-a51903223a1a"},"id":"WK074801"},
{"type":"Feature","geometry":{"type":"Polygon","coordinates":[[[4.341,51.522],[4.328,51.535],[4.307,51.544],[4.305,51.511],[4.297,51.499],[4.296,51.482],[4.312,51.46],[4.328,51.464],[4.36,51.458],[4.367,51.457],[4.364,51.491],[4.35,51.503],[4.341,51.522]]]},"properties":{"id":286784,"statcode":"WK074802","statnaam":"Wijk 02 Bergen op Zoom-oost","jrstatcode":"1998WK074802","rubriek":"wijk","FID":"wijk_gegeneraliseerd_1998.4e6652cf-5395-457d-8515-535115ff7c41"},"id":"WK074802"},
{"type":"Feature","geometry":{"type":"Polygon","coordinates":[[[4.226,51.494],[4.23,51.489],[4.233,51.486],[4.251,51.487],[4.259,51.477],[4.28,51.47],[4.286,51.452],[4.259,51.449],[4.265,51.44],[4.283,51.44],[4.312,51.46],[4.296,51.482],[4.28,51.5],[4.268,51.51],[4.249,51.518],[4.239,51.51],[4.221,51.513],[4.24,51.507],[4.226,51.494]]]},"properties":{"id":286785,"statcode":"WK074803","statnaam":"Wijk 03 Buitengebied West","jrstatcode":"1998WK074803","rubriek":"wijk","FID":"wijk_gegeneraliseerd_1998.ec05b5c0-d2a3-4fb9-9f82-1bcb5ec7b724"},"id":"WK074803"},
{"type":"Feature","geometry":{"type":"Polygon","coordinates":[[[4.268,51.51],[4.305,51.511],[4.307,51.544],[4.233,51.537],[4.225,51.524],[4.221,51.513],[4.239,51.51],[4.249,51.518],[4.268,51.51]]]},"properties":{"id":286786,"statcode":"WK074804","statnaam":"Wijk 04 Halsteren","jrstatcode":"1998WK074804","rubriek":"wijk","FID":"wijk_gegeneraliseerd_1998.8687c88d-101c-4525-bcfb-cbf4ed3fa4d9"},"id":"WK074804"},
{"type":"Feature","geometry":{"type":"Polygon","coordinates":[[[4.318,51.551],[4.252,51.571],[4.236,51.55],[4.233,51.537],[4.307,51.544],[4.318,51.551]]]},"properties":{"id":286787,"statcode":"WK074805","statnaam":"Wijk 05 Lepelstraat","jrstatcode":"1998WK074805","rubriek":"wijk","FID":"wijk_gegeneraliseerd_1998.090d947b-7afd-4fce-97ee-1c1da4302bc3"},"id":"WK074805"},
{"type":"Feature","geometry":{"type":"Polygon","coordinates":[[[5.347,51.348],[5.347,51.337],[5.303,51.321],[5.313,51.302],[5.338,51.301],[5.347,51.294],[5.346,51.276],[5.417,51.262],[5.388,51.285],[5.397,51.312],[5.373,51.337],[5.347,51.348]]]},"properties":{"id":286788,"statcode":"WK074900","statnaam":"Wijk 00 Bergeijk","jrstatcode":"1998WK074900","rubriek":"wijk","FID":"wijk_gegeneraliseerd_1998.27e9fe53-a86d-4746-98fa-00d0b154ef61"},"id":"WK074900"},
{"type":"Feature","geometry":{"type":"Polygon","coordinates":[[[5.313,51.302],[5.303,51.321],[5.264,51.319],[5.244,51.309],[5.241,51.306],[5.226,51.269],[5.237,51.262],[5.273,51.289],[5.313,51.302]]]},"properties":{"id":286789,"statcode":"WK074901","statnaam":"Wijk 01 Weebosch","jrstatcode":"1998WK074901","rubriek":"wijk","FID":"wijk_gegeneraliseerd_1998.9ed2b2b6-2207-47e7-9155-4d97fba6d35c"},"id":"WK074901"},
{"type":"Feature","geometry":{"type":"Polygon","coordinates":[[[5.346,51.276],[5.347,51.294],[5.338,51.301],[5.313,51.302],[5.273,51.289],[5.237,51.262],[5.263,51.267],[5.296,51.262],[5.336,51.263],[5.346,51.276]]]},"properties":{"id":286790,"statcode":"WK074902","statnaam":"Wijk 02 Luyksgestel","jrstatcode":"1998WK074902","rubriek":"wijk","FID":"wijk_gegeneraliseerd_1998.36d8f6d5-90e3-4be1-8d29-b0c699b2627a"},"id":"WK074902"},
{"type":"Feature","geometry":{"type":"Polygon","coordinates":[[[5.389,51.376],[5.353,51.362],[5.347,51.348],[5.373,51.337],[5.422,51.353],[5.423,51.375],[5.422,51.383],[5.389,51.376]]]},"properties":{"id":286791,"statcode":"WK074903","statnaam":"Wijk 03 Riethoven","jrstatcode":"1998WK074903","rubriek":"wijk","FID":"wijk_gegeneraliseerd_1998.be1b686e-11d0-4b20-873f-7d0ac11ea3ba"},"id":"WK074903"},
{"type":"Feature","geometry":{"type":"Polygon","coordinates":[[[5.423,51.336],[5.422,51.353],[5.373,51.337],[5.397,51.312],[5.434,51.324],[5.423,51.336]]]},"properties":{"id":286792,"statcode":"WK074904","statnaam":"Wijk 04 Westerhoven","jrstatcode":"1998WK074904","rubriek":"wijk","FID":"wijk_gegeneraliseerd_1998.425ce95a-53ac-410a-9360-14a9d948863c"},"id":"WK074904"},
{"type":"Feature","geometry":{"type":"Polygon","coordinates":[[[5.357,51.545],[5.349,51.517],[5.356,51.496],[5.387,51.487],[5.391,51.472],[5.412,51.485],[5.427,51.489],[5.436,51.492],[5.447,51.512],[5.424,51.534],[5.404,51.548],[5.383,51.543],[5.357,51.545]]]},"properties":{"id":286793,"statcode":"WK075300","statnaam":"Wijk 00 Best","jrstatcode":"1998WK075300","rubriek":"wijk","FID":"wijk_gegeneraliseerd_1998.30e9c6fd-6ee2-4ff2-86a8-340a908172d9"},"id":"WK075300"},
{"type":"Feature","geometry":{"type":"Polygon","coordinates":[[[5.677,51.628],[5.634,51.625],[5.627,51.623],[5.643,51.606],[5.651,51.582],[5.686,51.584],[5.729,51.59],[5.705,51.611],[5.709,51.626],[5.677,51.628]]]},"properties":{"id":286794,"statcode":"WK075500","statnaam":"Wijk 00 Boekel","jrstatcode":"1998WK075500","rubriek":"wijk","FID":"wijk_gegeneraliseerd_1998.55b38c90-c8ff-4424-a0a7-b159c90602c1"},"id":"WK075500"},
{"type":"Feature","geometry":{"type":"Polygon","coordinates":[[[5.709,51.626],[5.705,51.611],[5.729,51.59],[5.733,51.59],[5.759,51.594],[5.751,51.623],[5.709,51.626]]]},"properties":{"id":286795,"statcode":"WK075501","statnaam":"Wijk 01 Venhorst","jrstatcode":"1998WK075501","rubriek":"wijk","FID":"wijk_gegeneraliseerd_1998.3b30a7c8-df41-450d-80f9-5a2aaece87c5"},"id":"WK075501"},
{"type":"Feature","geometry":{"type":"Polygon","coordinates":[[[5.975,51.561],[6.004,51.57],[6.032,51.552],[6.048,51.559],[6.039,51.578],[6.026,51.596],[6.024,51.612],[6.005,51.632],[5.995,51.616],[5.963,51.603],[5.939,51.613],[5.932,51.597],[5.908,51.589],[5.891,51.585],[5.871,51.574],[5.871,51.563],[5.906,51.552],[5.952,51.557],[5.975,51.561]]]},"properties":{"id":286796,"statcode":"WK075600","statnaam":"Wijk 00 Overig Boxmeer","jrstatcode":"1998WK075600","rubriek":"wijk","FID":"wijk_gegeneraliseerd_1998.77746e17-420e-4151-8c24-a45318625997"},"id":"WK075600"},
{"type":"Feature","geometry":{"type":"Polygon","coordinates":[[[5.934,51.716],[5.899,51.691],[5.883,51.677],[5.858,51.671],[5.851,51.664],[5.875,51.653],[5.873,51.644],[5.896,51.645],[5.926,51.632],[5.933,51.62],[5.939,51.613],[5.963,51.603],[5.995,51.616],[6.005,51.632],[5.977,51.644],[5.965,51.653],[5.962,51.686],[5.955,51.709],[5.947,51.714],[5.934,51.716]]]},"properties":{"id":286797,"statcode":"WK075605","statnaam":"Wijk 05 Boxmeer","jrstatcode":"1998WK075605","rubriek":"wijk","FID":"wijk_gegeneraliseerd_1998.e943fbc2-fbb0-47c6-b608-05248a941074"},"id":"WK075605"},
{"type":"Feature","geometry":{"type":"Polygon","coordinates":[[[5.281,51.605],[5.263,51.6],[5.247,51.587],[5.246,51.579],[5.261,51.561],[5.313,51.576],[5.328,51.576],[5.341,51.562],[5.358,51.588],[5.383,51.598],[5.378,51.602],[5.353,51.601],[5.332,51.611],[5.344,51.623],[5.318,51.635],[5.311,51.634],[5.317,51.617],[5.294,51.603],[5.281,51.605]]]},"properties":{"id":286798,"statcode":"WK075700","statnaam":"Wijk 00 Boxtel","jrstatcode":"1998WK075700","rubriek":"wijk","FID":"wijk_gegeneraliseerd_1998.184c4059-04f9-437a-b9b4-45d45092a914"},"id":"WK075700"},
{"type":"Feature","geometry":{"type":"Polygon","coordinates":[[[5.341,51.562],[5.328,51.576],[5.313,51.576],[5.261,51.561],[5.273,51.553],[5.299,51.548],[5.325,51.551],[5.341,51.562]]]},"properties":{"id":286799,"statcode":"WK075701","statnaam":"Wijk 01 Lennisheuvel","jrstatcode":"1998WK075701","rubriek":"wijk","FID":"wijk_gegeneraliseerd_1998.ea1609da-3646-43e1-b6fd-4cbaae75b76c"},"id":"WK075701"},
{"type":"Feature","geometry":{"type":"MultiPolygon","coordinates":[[[[5.383,51.598],[5.358,51.588],[5.341,51.562],[5.325,51.551],[5.357,51.545],[5.383,51.543],[5.404,51.548],[5.403,51.572],[5.383,51.598]]],[[[5.383,51.598],[5.381,51.603],[5.378,51.602],[5.383,51.598]]]]},"properties":{"id":286800,"statcode":"WK075702","statnaam":"Wijk 02 Liempde","jrstatcode":"1998WK075702","rubriek":"wijk","FID":"wijk_gegeneraliseerd_1998.59703f34-02a4-4ee3-b445-3d071ff80db3"},"id":"WK075702"},
{"type":"Feature","geometry":{"type":"Polygon","coordinates":[[[4.777,51.581],[4.791,51.596],[4.771,51.594],[4.766,51.583],[4.777,51.581]]]},"properties":{"id":286801,"statcode":"WK075800","statnaam":"Wijk 00 Breda Centrum","jrstatcode":"1998WK075800","rubriek":"wijk","FID":"wijk_gegeneraliseerd_1998.35ca236e-bf44-45ae-9e8f-ff4077cebd69"},"id":"WK075800"},
{"type":"Feature","geometry":{"type":"Polygon","coordinates":[[[4.812,51.597],[4.803,51.612],[4.776,51.623],[4.788,51.634],[4.788,51.637],[4.766,51.629],[4.759,51.607],[4.771,51.594],[4.791,51.596],[4.812,51.597]]]},"properties":{"id":286802,"statcode":"WK075801","statnaam":"Wijk 01 Breda Noord","jrstatcode":"1998WK075801","rubriek":"wijk","FID":"wijk_gegeneraliseerd_1998.59b6fd5a-c0d1-4aa0-bc30-02eaec3c9c74"},"id":"WK075801"},
{"type":"Feature","geometry":{"type":"Polygon","coordinates":[[[4.812,51.597],[4.791,51.596],[4.777,51.581],[4.779,51.572],[4.808,51.58],[4.843,51.586],[4.834,51.597],[4.812,51.597]]]},"properties":{"id":286803,"statcode":"WK075802","statnaam":"Wijk 02 Breda Oost","jrstatcode":"1998WK075802","rubriek":"wijk","FID":"wijk_gegeneraliseerd_1998.2bbeef88-f8d4-464c-a936-17c91b8faa36"},"id":"WK075802"},
{"type":"Feature","geometry":{"type":"Polygon","coordinates":[[[4.808,51.56],[4.817,51.574],[4.808,51.58],[4.779,51.572],[4.772,51.564],[4.747,51.565],[4.74,51.54],[4.749,51.519],[4.777,51.529],[4.778,51.529],[4.78,51.543],[4.808,51.56]]]},"properties":{"id":286804,"statcode":"WK075803","statnaam":"Wijk 03 Breda Zuid-oost","jrstatcode":"1998WK075803","rubriek":"wijk","FID":"wijk_gegeneraliseerd_1998.d1f35958-f163-45f7-a28b-d1335daacf4e"},"id":"WK075803"},
{"type":"Feature","geometry":{"type":"Polygon","coordinates":[[[4.747,51.565],[4.772,51.564],[4.779,51.572],[4.777,51.581],[4.766,51.583],[4.747,51.565]]]},"properties":{"id":286805,"statcode":"WK075804","statnaam":"Wijk 04 Breda Zuid","jrstatcode":"1998WK075804","rubriek":"wijk","FID":"wijk_gegeneraliseerd_1998.bd2b6226-25d5-4453-9021-aa30d308c64a"},"id":"WK075804"},
{"type":"Feature","geometry":{"type":"Polygon","coordinates":[[[4.749,51.519],[4.74,51.54],[4.747,51.565],[4.766,51.583],[4.771,51.594],[4.757,51.592],[4.724,51.602],[4.737,51.593],[4.686,51.588],[4.694,51.568],[4.694,51.545],[4.704,51.55],[4.739,51.532],[4.745,51.518],[4.735,51.49],[4.718,51.479],[4.723,51.477],[4.747,51.489],[4.76,51.502],[4.749,51.519]]]},"properties":{"id":286806,"statcode":"WK075805","statnaam":"Wijk 05 Breda West","jrstatcode":"1998WK075805","rubriek":"wijk","FID":"wijk_gegeneraliseerd_1998.304430e3-f31f-488d-9642-cf30a6a1e193"},"id":"WK075805"},
{"type":"Feature","geometry":{"type":"Polygon","coordinates":[[[4.699,51.638],[4.724,51.602],[4.757,51.592],[4.771,51.594],[4.759,51.607],[4.766,51.629],[4.758,51.637],[4.732,51.643],[4.699,51.638]]]},"properties":{"id":286807,"statcode":"WK075806","statnaam":"Wijk 06 Breda Noord-west","jrstatcode":"1998WK075806","rubriek":"wijk","FID":"wijk_gegeneraliseerd_1998.134d8c52-5291-4dc7-893b-24859163b406"},"id":"WK075806"},
{"type":"Feature","geometry":{"type":"Polygon","coordinates":[[[4.843,51.586],[4.808,51.58],[4.817,51.574],[4.808,51.56],[4.825,51.548],[4.863,51.557],[4.872,51.567],[4.864,51.579],[4.843,51.586]]]},"properties":{"id":286808,"statcode":"WK075807","statnaam":"Wijk 07 Bavel","jrstatcode":"1998WK075807","rubriek":"wijk","FID":"wijk_gegeneraliseerd_1998.4b574aa7-3f5a-4760-a53e-811e4454ab4d"},"id":"WK075807"},
{"type":"Feature","geometry":{"type":"Polygon","coordinates":[[[4.808,51.56],[4.78,51.543],[4.778,51.529],[4.825,51.548],[4.808,51.56]]]},"properties":{"id":286809,"statcode":"WK075808","statnaam":"Wijk 08 Ulvenhout","jrstatcode":"1998WK075808","rubriek":"wijk","FID":"wijk_gegeneraliseerd_1998.608193de-1aaf-4746-aa8c-3c42cf56f345"},"id":"WK075808"},
{"type":"Feature","geometry":{"type":"Polygon","coordinates":[[[4.665,51.634],[4.658,51.621],[4.664,51.604],[4.682,51.599],[4.686,51.588],[4.737,51.593],[4.724,51.602],[4.699,51.638],[4.665,51.634]]]},"properties":{"id":286810,"statcode":"WK075809","statnaam":"Wijk 09 Prinsenbeek","jrstatcode":"1998WK075809","rubriek":"wijk","FID":"wijk_gegeneraliseerd_1998.51ab7958-a3b2-4640-a7b7-a2b7e8a56ae7"},"id":"WK075809"},
{"type":"Feature","geometry":{"type":"Polygon","coordinates":[[[4.844,51.604],[4.843,51.617],[4.819,51.631],[4.788,51.634],[4.776,51.623],[4.803,51.612],[4.812,51.597],[4.834,51.597],[4.844,51.604]]]},"properties":{"id":286811,"statcode":"WK075810","statnaam":"Wijk 10 Teteringen","jrstatcode":"1998WK075810","rubriek":"wijk","FID":"wijk_gegeneraliseerd_1998.2e949103-909d-4139-b98a-b183010c77d6"},"id":"WK075810"},
{"type":"Feature","geometry":{"type":"Polygon","coordinates":[[[5.516,51.295],[5.557,51.257],[5.578,51.262],[5.588,51.248],[5.624,51.249],[5.626,51.273],[5.644,51.291],[5.652,51.298],[5.619,51.302],[5.602,51.297],[5.573,51.288],[5.545,51.279],[5.516,51.295]]]},"properties":{"id":286812,"statcode":"WK075900","statnaam":"Wijk 00 Budel","jrstatcode":"1998WK075900","rubriek":"wijk","FID":"wijk_gegeneraliseerd_1998.24de60b8-af2d-478d-8c00-d69766d299d3"},"id":"WK075900"},
{"type":"Feature","geometry":{"type":"Polygon","coordinates":[[[5.556,51.24],[5.588,51.248],[5.578,51.262],[5.557,51.257],[5.556,51.24]]]},"properties":{"id":286813,"statcode":"WK075901","statnaam":"Wijk 01 Schoot","jrstatcode":"1998WK075901","rubriek":"wijk","FID":"wijk_gegeneraliseerd_1998.5cf516b1-69ec-478c-ab7d-acc0b20a9fea"},"id":"WK075901"},
{"type":"Feature","geometry":{"type":"Polygon","coordinates":[[[5.588,51.248],[5.556,51.24],[5.566,51.221],[5.619,51.229],[5.624,51.249],[5.588,51.248]]]},"properties":{"id":286814,"statcode":"WK075902","statnaam":"Wijk 02 Dorplein","jrstatcode":"1998WK075902","rubriek":"wijk","FID":"wijk_gegeneraliseerd_1998.bfd110cd-7771-438d-90a8-b6804742b4e7"},"id":"WK075902"},
{"type":"Feature","geometry":{"type":"Polygon","coordinates":[[[5.603,51.331],[5.585,51.326],[5.602,51.311],[5.602,51.297],[5.619,51.302],[5.652,51.298],[5.672,51.315],[5.655,51.354],[5.64,51.347],[5.644,51.337],[5.631,51.328],[5.603,51.331]]]},"properties":{"id":286815,"statcode":"WK075903","statnaam":"Wijk 03 Maarheeze","jrstatcode":"1998WK075903","rubriek":"wijk","FID":"wijk_gegeneraliseerd_1998.0b3176d3-ef04-4163-b128-bb73b528c0eb"},"id":"WK075903"},
{"type":"Feature","geometry":{"type":"Polygon","coordinates":[[[5.573,51.288],[5.602,51.297],[5.602,51.311],[5.585,51.326],[5.568,51.321],[5.538,51.308],[5.529,51.303],[5.557,51.3],[5.573,51.288]]]},"properties":{"id":286816,"statcode":"WK075904","statnaam":"Wijk 04 Soerendonk","jrstatcode":"1998WK075904","rubriek":"wijk","FID":"wijk_gegeneraliseerd_1998.a60c658b-e5d5-4583-9aa3-5809b299bab4"},"id":"WK075904"},
{"type":"Feature","geometry":{"type":"Polygon","coordinates":[[[5.573,51.288],[5.557,51.3],[5.529,51.303],[5.516,51.295],[5.545,51.279],[5.573,51.288]]]},"properties":{"id":286817,"statcode":"WK075905","statnaam":"Wijk 05 Gastel","jrstatcode":"1998WK075905","rubriek":"wijk","FID":"wijk_gegeneraliseerd_1998.8de2e1a0-4095-4734-8296-94551dccbd20"},"id":"WK075905"},
{"type":"Feature","geometry":{"type":"Polygon","coordinates":[[[5.853,51.504],[5.792,51.491],[5.768,51.489],[5.722,51.485],[5.736,51.472],[5.723,51.467],[5.756,51.462],[5.754,51.455],[5.791,51.428],[5.809,51.433],[5.838,51.432],[5.863,51.425],[5.875,51.446],[5.861,51.492],[5.853,51.504]]]},"properties":{"id":286818,"statcode":"WK076200","statnaam":"Wijk 00 Deurne","jrstatcode":"1998WK076200","rubriek":"wijk","FID":"wijk_gegeneraliseerd_1998.905138e0-5743-44b9-a656-7cbdaad4e162"},"id":"WK076200"},
{"type":"Feature","geometry":{"type":"Polygon","coordinates":[[[5.791,51.428],[5.754,51.455],[5.756,51.462],[5.723,51.467],[5.716,51.468],[5.722,51.453],[5.718,51.439],[5.756,51.434],[5.789,51.412],[5.791,51.412],[5.791,51.428]]]},"properties":{"id":286819,"statcode":"WK076201","statnaam":"Wijk 01 Vlierden","jrstatcode":"1998WK076201","rubriek":"wijk","FID":"wijk_gegeneraliseerd_1998.a9928498-4d31-410d-b840-b4941269565f"},"id":"WK076201"},
{"type":"Feature","geometry":{"type":"Polygon","coordinates":[[[5.863,51.425],[5.838,51.432],[5.809,51.433],[5.791,51.428],[5.791,51.412],[5.796,51.41],[5.832,51.399],[5.883,51.386],[5.863,51.425]]]},"properties":{"id":286820,"statcode":"WK076202","statnaam":"Wijk 02 Liessel","jrstatcode":"1998WK076202","rubriek":"wijk","FID":"wijk_gegeneraliseerd_1998.f242f176-c2b2-4099-b07c-707ba9dab9b3"},"id":"WK076202"},
{"type":"Feature","geometry":{"type":"Polygon","coordinates":[[[5.832,51.399],[5.84,51.393],[5.854,51.376],[5.857,51.354],[5.87,51.353],[5.895,51.364],[5.883,51.386],[5.832,51.399]]]},"properties":{"id":286821,"statcode":"WK076203","statnaam":"Wijk 03 Neerkant","jrstatcode":"1998WK076203","rubriek":"wijk","FID":"wijk_gegeneraliseerd_1998.d30c749e-03e1-4d97-910e-c72034f12a97"},"id":"WK076203"},
{"type":"Feature","geometry":{"type":"Polygon","coordinates":[[[5.931,51.385],[5.903,51.417],[5.875,51.446],[5.863,51.425],[5.883,51.386],[5.895,51.364],[5.896,51.365],[5.931,51.385]]]},"properties":{"id":286822,"statcode":"WK076204","statnaam":"Wijk 04 Helenaveen","jrstatcode":"1998WK076204","rubriek":"wijk","FID":"wijk_gegeneraliseerd_1998.a921525c-1897-4de9-9292-dff4832873da"},"id":"WK076204"},
{"type":"Feature","geometry":{"type":"Polygon","coordinates":[[[7.015,53.072],[7.043,53.102],[7.03,53.115],[6.988,53.116],[6.965,53.111],[6.962,53.11],[6.959,53.095],[6.984,53.085],[7.001,53.063],[7.015,53.072]]]},"properties":{"id":286823,"statcode":"WK076500","statnaam":"Wijk 00","jrstatcode":"1998WK076500","rubriek":"wijk","FID":"wijk_gegeneraliseerd_1998.34194c81-14c4-41f3-a166-3552817fff32"},"id":"WK076500"},
{"type":"Feature","geometry":{"type":"Polygon","coordinates":[[[7.001,53.063],[6.984,53.085],[6.959,53.095],[6.929,53.072],[6.924,53.058],[6.933,53.05],[6.905,53.044],[6.908,53.039],[6.936,53.019],[6.956,53.014],[7.001,53.063]]]},"properties":{"id":286824,"statcode":"WK076501","statnaam":"Wijk 01","jrstatcode":"1998WK076501","rubriek":"wijk","FID":"wijk_gegeneraliseerd_1998.dd94415a-6248-4acd-aa12-95f472294bfa"},"id":"WK076501"},
{"type":"Feature","geometry":{"type":"Polygon","coordinates":[[[4.999,51.623],[4.984,51.624],[4.934,51.649],[4.933,51.651],[4.905,51.625],[4.912,51.615],[4.948,51.611],[4.95,51.612],[5.004,51.608],[4.999,51.623]]]},"properties":{"id":286825,"statcode":"WK076600","statnaam":"Wijk 00 Dongen","jrstatcode":"1998WK076600","rubriek":"wijk","FID":"wijk_gegeneraliseerd_1998.9b3f1ba4-8ef6-4b2f-b77b-be2397e4e997"},"id":"WK076600"},
{"type":"Feature","geometry":{"type":"Polygon","coordinates":[[[4.979,51.654],[4.958,51.651],[4.934,51.649],[4.984,51.624],[4.999,51.623],[4.992,51.641],[4.987,51.655],[4.979,51.654]]]},"properties":{"id":286826,"statcode":"WK076601","statnaam":"Wijk 01 Dongese Vaart","jrstatcode":"1998WK076601","rubriek":"wijk","FID":"wijk_gegeneraliseerd_1998.c758c949-bf64-4d71-8113-7c4010c925b8"},"id":"WK076601"},
{"type":"Feature","geometry":{"type":"Polygon","coordinates":[[[4.958,51.651],[4.954,51.671],[4.944,51.679],[4.933,51.677],[4.925,51.673],[4.933,51.651],[4.934,51.649],[4.958,51.651]]]},"properties":{"id":286827,"statcode":"WK076602","statnaam":"Wijk 02 's-Gravenmoer","jrstatcode":"1998WK076602","rubriek":"wijk","FID":"wijk_gegeneraliseerd_1998.2e0fa89a-0f5a-40e0-8668-04b11caff489"},"id":"WK076602"},
{"type":"Feature","geometry":{"type":"Polygon","coordinates":[[[5.353,51.362],[5.334,51.382],[5.315,51.382],[5.315,51.369],[5.279,51.353],[5.286,51.336],[5.264,51.319],[5.303,51.321],[5.347,51.337],[5.347,51.348],[5.353,51.362]]]},"properties":{"id":286828,"statcode":"WK077000","statnaam":"Wijk 00 Eersel","jrstatcode":"1998WK077000","rubriek":"wijk","FID":"wijk_gegeneraliseerd_1998.aafbd25f-69dd-4843-a525-7dd8ad326b88"},"id":"WK077000"},
{"type":"Feature","geometry":{"type":"Polygon","coordinates":[[[5.279,51.353],[5.315,51.369],[5.315,51.382],[5.306,51.391],[5.289,51.389],[5.279,51.374],[5.279,51.353]]]},"properties":{"id":286829,"statcode":"WK077001","statnaam":"Wijk 01 Duizel","jrstatcode":"1998WK077001","rubriek":"wijk","FID":"wijk_gegeneraliseerd_1998.42d051dc-48da-4305-866c-a9d8c62cae24"},"id":"WK077001"},
{"type":"Feature","geometry":{"type":"Polygon","coordinates":[[[5.374,51.389],[5.334,51.382],[5.353,51.362],[5.389,51.376],[5.374,51.389]]]},"properties":{"id":286830,"statcode":"WK077002","statnaam":"Wijk 02 Steensel","jrstatcode":"1998WK077002","rubriek":"wijk","FID":"wijk_gegeneraliseerd_1998.0540ccf9-6ca2-4d06-92fc-1983fea8c9d1"},"id":"WK077002"},
{"type":"Feature","geometry":{"type":"Polygon","coordinates":[[[5.265,51.449],[5.238,51.429],[5.273,51.409],[5.307,51.406],[5.322,51.409],[5.32,51.424],[5.317,51.432],[5.297,51.438],[5.279,51.45],[5.265,51.449]]]},"properties":{"id":286831,"statcode":"WK077003","statnaam":"Wijk 03 Vessem","jrstatcode":"1998WK077003","rubriek":"wijk","FID":"wijk_gegeneraliseerd_1998.48cc5e63-0f59-4573-b696-3cc0108bd3eb"},"id":"WK077003"},
{"type":"Feature","geometry":{"type":"Polygon","coordinates":[[[5.334,51.469],[5.279,51.45],[5.297,51.438],[5.317,51.432],[5.32,51.424],[5.34,51.426],[5.357,51.438],[5.357,51.454],[5.369,51.465],[5.356,51.462],[5.334,51.469]]]},"properties":{"id":286832,"statcode":"WK077004","statnaam":"Wijk 04 Wintelre","jrstatcode":"1998WK077004","rubriek":"wijk","FID":"wijk_gegeneraliseerd_1998.7975c226-e2a3-4d09-87c5-97a1b9dd7e95"},"id":"WK077004"},
{"type":"Feature","geometry":{"type":"Polygon","coordinates":[[[5.322,51.409],[5.307,51.406],[5.306,51.391],[5.315,51.382],[5.334,51.382],[5.374,51.389],[5.371,51.398],[5.354,51.409],[5.322,51.409]]]},"properties":{"id":286833,"statcode":"WK077005","statnaam":"Wijk 05 Knegsel","jrstatcode":"1998WK077005","rubriek":"wijk","FID":"wijk_gegeneraliseerd_1998.e1ff4e74-2df9-43c9-a9e1-d0668e029af0"},"id":"WK077005"},
{"type":"Feature","geometry":{"type":"Polygon","coordinates":[[[5.48,51.445],[5.47,51.442],[5.475,51.438],[5.48,51.434],[5.486,51.438],[5.48,51.445]]]},"properties":{"id":286834,"statcode":"WK077210","statnaam":"Wijk 10 Centrum","jrstatcode":"1998WK077210","rubriek":"wijk","FID":"wijk_gegeneraliseerd_1998.b054f318-ba04-4fd7-9d75-a1535f1a7fa0"},"id":"WK077210"},
{"type":"Feature","geometry":{"type":"Polygon","coordinates":[[[5.504,51.435],[5.486,51.438],[5.48,51.434],[5.477,51.425],[5.493,51.424],[5.504,51.435]]]},"properties":{"id":286835,"statcode":"WK077220","statnaam":"Wijk 20 Stratum binnen de rondweg","jrstatcode":"1998WK077220","rubriek":"wijk","FID":"wijk_gegeneraliseerd_1998.970f55fe-969e-41a3-bb98-da15a30d2bd8"},"id":"WK077220"},
{"type":"Feature","geometry":{"type":"Polygon","coordinates":[[[5.477,51.417],[5.508,51.417],[5.525,51.428],[5.53,51.432],[5.504,51.435],[5.493,51.424],[5.477,51.425],[5.477,51.417]]]},"properties":{"id":286836,"statcode":"WK077222","statnaam":"Wijk 22 Stratum buiten de rondweg I","jrstatcode":"1998WK077222","rubriek":"wijk","FID":"wijk_gegeneraliseerd_1998.3c4c1642-0f2e-401b-b9c3-504f5721bb9a"},"id":"WK077222"},
{"type":"Feature","geometry":{"type":"Polygon","coordinates":[[[5.525,51.428],[5.508,51.417],[5.477,51.417],[5.477,51.405],[5.505,51.4],[5.526,51.405],[5.525,51.428]]]},"properties":{"id":286837,"statcode":"WK077224","statnaam":"Wijk 24 Stratum buiten de rondweg II","jrstatcode":"1998WK077224","rubriek":"wijk","FID":"wijk_gegeneraliseerd_1998.3be87a6a-13cc-44ce-a1b9-942d3d7653a0"},"id":"WK077224"},
{"type":"Feature","geometry":{"type":"Polygon","coordinates":[[[5.504,51.435],[5.494,51.452],[5.485,51.453],[5.48,51.445],[5.486,51.438],[5.504,51.435]]]},"properties":{"id":286838,"statcode":"WK077230","statnaam":"Wijk 30 Tongelre binnen de rondweg","jrstatcode":"1998WK077230","rubriek":"wijk","FID":"wijk_gegeneraliseerd_1998.6f0b5a2d-81e0-4c18-b5a5-d821ac815c49"},"id":"WK077230"},
{"type":"Feature","geometry":{"type":"Polygon","coordinates":[[[5.504,51.435],[5.53,51.432],[5.544,51.438],[5.53,51.459],[5.514,51.466],[5.494,51.452],[5.504,51.435]]]},"properties":{"id":286839,"statcode":"WK077232","statnaam":"Wijk 32 Tongelre buiten de rondweg","jrstatcode":"1998WK077232","rubriek":"wijk","FID":"wijk_gegeneraliseerd_1998.b6683fca-745a-4775-b657-c93ff97478a4"},"id":"WK077232"},
{"type":"Feature","geometry":{"type":"Polygon","coordinates":[[[5.485,51.453],[5.458,51.45],[5.47,51.442],[5.48,51.445],[5.485,51.453]]]},"properties":{"id":286840,"statcode":"WK077240","statnaam":"Wijk 40 Woensel binnen de rondweg","jrstatcode":"1998WK077240","rubriek":"wijk","FID":"wijk_gegeneraliseerd_1998.d3e951c1-d058-4948-b597-415c0636005e"},"id":"WK077240"},
{"type":"Feature","geometry":{"type":"Polygon","coordinates":[[[5.487,51.468],[5.468,51.467],[5.448,51.457],[5.458,51.45],[5.485,51.453],[5.487,51.468]]]},"properties":{"id":286841,"statcode":"WK077242","statnaam":"Wijk 42 Woensel buiten de rondweg I","jrstatcode":"1998WK077242","rubriek":"wijk","FID":"wijk_gegeneraliseerd_1998.884da551-2e91-4853-97e6-2cdd0c64707a"},"id":"WK077242"},
{"type":"Feature","geometry":{"type":"Polygon","coordinates":[[[5.489,51.485],[5.454,51.483],[5.442,51.474],[5.435,51.467],[5.448,51.457],[5.468,51.467],[5.487,51.468],[5.489,51.485]]]},"properties":{"id":286842,"statcode":"WK077244","statnaam":"Wijk 44 Woensel buiten de rondweg II","jrstatcode":"1998WK077244","rubriek":"wijk","FID":"wijk_gegeneraliseerd_1998.20632a8c-04b9-44d3-be94-f7a0a3895085"},"id":"WK077244"},
{"type":"Feature","geometry":{"type":"Polygon","coordinates":[[[5.442,51.474],[5.454,51.483],[5.489,51.485],[5.479,51.497],[5.436,51.492],[5.427,51.489],[5.442,51.474]]]},"properties":{"id":286843,"statcode":"WK077246","statnaam":"Wijk 46 Woensel buiten de rondweg III","jrstatcode":"1998WK077246","rubriek":"wijk","FID":"wijk_gegeneraliseerd_1998.9d623fec-d81b-46a1-b852-a55902986a12"},"id":"WK077246"},
{"type":"Feature","geometry":{"type":"Polygon","coordinates":[[[5.494,51.452],[5.514,51.466],[5.508,51.474],[5.511,51.497],[5.479,51.497],[5.489,51.485],[5.487,51.468],[5.485,51.453],[5.494,51.452]]]},"properties":{"id":286844,"statcode":"WK077248","statnaam":"Wijk 48 Woensel buiten de rondweg IV","jrstatcode":"1998WK077248","rubriek":"wijk","FID":"wijk_gegeneraliseerd_1998.ace0bc75-24d7-47b6-a78e-a1e011771b24"},"id":"WK077248"},
{"type":"Feature","geometry":{"type":"Polygon","coordinates":[[[5.455,51.432],[5.475,51.438],[5.47,51.442],[5.458,51.45],[5.455,51.432]]]},"properties":{"id":286845,"statcode":"WK077250","statnaam":"Wijk 50 Strijp binnen de rondweg","jrstatcode":"1998WK077250","rubriek":"wijk","FID":"wijk_gegeneraliseerd_1998.ca35ece8-0855-4a0c-bb51-0815ec2e7acf"},"id":"WK077250"},
{"type":"Feature","geometry":{"type":"Polygon","coordinates":[[[5.455,51.432],[5.458,51.45],[5.448,51.457],[5.424,51.451],[5.418,51.433],[5.428,51.422],[5.45,51.43],[5.455,51.432]]]},"properties":{"id":286846,"statcode":"WK077252","statnaam":"Wijk 52 Strijp buiten de rondweg I","jrstatcode":"1998WK077252","rubriek":"wijk","FID":"wijk_gegeneraliseerd_1998.bd66efcb-bf96-46ca-9df1-c0e2d5aa495c"},"id":"WK077252"},
{"type":"Feature","geometry":{"type":"Polygon","coordinates":[[[5.435,51.467],[5.412,51.457],[5.424,51.451],[5.448,51.457],[5.435,51.467]]]},"properties":{"id":286847,"statcode":"WK077254","statnaam":"Wijk 54 Strijp buiten de rondweg II","jrstatcode":"1998WK077254","rubriek":"wijk","FID":"wijk_gegeneraliseerd_1998.3d238cf6-cfd5-4d7e-a8b7-c0294964a437"},"id":"WK077254"},
{"type":"Feature","geometry":{"type":"Polygon","coordinates":[[[5.477,51.425],[5.48,51.434],[5.475,51.438],[5.455,51.432],[5.477,51.425]]]},"properties":{"id":286848,"statcode":"WK077260","statnaam":"Wijk 60 Gestel binnen de rondweg","jrstatcode":"1998WK077260","rubriek":"wijk","FID":"wijk_gegeneraliseerd_1998.75f00dcb-3002-4558-b474-51d4ff864340"},"id":"WK077260"},
{"type":"Feature","geometry":{"type":"Polygon","coordinates":[[[5.477,51.425],[5.455,51.432],[5.45,51.43],[5.448,51.413],[5.436,51.405],[5.477,51.405],[5.477,51.417],[5.477,51.425]]]},"properties":{"id":286849,"statcode":"WK077262","statnaam":"Wijk 62 Gestel buiten de rondweg I","jrstatcode":"1998WK077262","rubriek":"wijk","FID":"wijk_gegeneraliseerd_1998.0edea435-0c02-4a5c-925a-f66f079867bb"},"id":"WK077262"},
{"type":"Feature","geometry":{"type":"Polygon","coordinates":[[[5.436,51.405],[5.448,51.413],[5.45,51.43],[5.428,51.422],[5.428,51.403],[5.436,51.405]]]},"properties":{"id":286850,"statcode":"WK077264","statnaam":"Wijk 64 Gestel buiten de rondweg II","jrstatcode":"1998WK077264","rubriek":"wijk","FID":"wijk_gegeneraliseerd_1998.e9f81e4f-8950-4342-9034-09a4b2af8339"},"id":"WK077264"},
{"type":"Feature","geometry":{"type":"Polygon","coordinates":[[[5.412,51.485],[5.391,51.472],[5.369,51.465],[5.357,51.454],[5.357,51.438],[5.402,51.435],[5.415,51.43],[5.418,51.433],[5.424,51.451],[5.412,51.457],[5.403,51.478],[5.412,51.485]]]},"properties":{"id":286851,"statcode":"WK077272","statnaam":"Wijk 74 Meerhoven","jrstatcode":"1998WK077272","rubriek":"wijk","FID":"wijk_gegeneraliseerd_1998.1a24598a-31f6-4170-993e-a8afe9d4d3a3"},"id":"WK077272"},
{"type":"Feature","geometry":{"type":"Polygon","coordinates":[[[5.427,51.489],[5.412,51.485],[5.403,51.478],[5.412,51.457],[5.435,51.467],[5.442,51.474],[5.427,51.489]]]},"properties":{"id":286852,"statcode":"WK077282","statnaam":"Wijk 82 Acht","jrstatcode":"1998WK077282","rubriek":"wijk","FID":"wijk_gegeneraliseerd_1998.93058da2-c2ad-4014-abe3-ce50795c9afd"},"id":"WK077282"},
{"type":"Feature","geometry":{"type":"Polygon","coordinates":[[[4.601,51.625],[4.614,51.608],[4.597,51.59],[4.592,51.561],[4.61,51.554],[4.635,51.542],[4.639,51.524],[4.659,51.525],[4.694,51.545],[4.694,51.568],[4.686,51.588],[4.682,51.599],[4.664,51.604],[4.658,51.621],[4.665,51.634],[4.643,51.632],[4.624,51.624],[4.601,51.625]]]},"properties":{"id":286853,"statcode":"WK077700","statnaam":"Wijk 00 Etten - Leur","jrstatcode":"1998WK077700","rubriek":"wijk","FID":"wijk_gegeneraliseerd_1998.cf3c65a8-4bc7-4abb-af4a-1170e8e6641f"},"id":"WK077700"},
{"type":"Feature","geometry":{"type":"Polygon","coordinates":[[[4.841,51.713],[4.856,51.713],[4.865,51.697],[4.843,51.686],[4.88,51.672],[4.88,51.674],[4.89,51.72],[4.841,51.713]]]},"properties":{"id":286854,"statcode":"WK077900","statnaam":"Wijk 00 Raamsdonksveer","jrstatcode":"1998WK077900","rubriek":"wijk","FID":"wijk_gegeneraliseerd_1998.4b8f1cbb-7909-49d2-86db-a4d8d728b2e0"},"id":"WK077900"},
{"type":"Feature","geometry":{"type":"Polygon","coordinates":[[[4.89,51.72],[4.88,51.674],[4.925,51.673],[4.933,51.677],[4.918,51.72],[4.89,51.72]]]},"properties":{"id":286855,"statcode":"WK077901","statnaam":"Wijk 01 Raamsdonk","jrstatcode":"1998WK077901","rubriek":"wijk","FID":"wijk_gegeneraliseerd_1998.e4194118-5ac5-4118-ad70-2dfca8fa82f4"},"id":"WK077901"},
{"type":"Feature","geometry":{"type":"Polygon","coordinates":[[[4.843,51.686],[4.865,51.697],[4.856,51.713],[4.841,51.713],[4.837,51.713],[4.824,51.71],[4.828,51.697],[4.842,51.679],[4.843,51.68],[4.843,51.686]]]},"properties":{"id":286856,"statcode":"WK077902","statnaam":"Wijk 02 Geertruidenberg","jrstatcode":"1998WK077902","rubriek":"wijk","FID":"wijk_gegeneraliseerd_1998.15961ad7-cc4f-499a-947f-afe2209c8cab"},"id":"WK077902"},
{"type":"Feature","geometry":{"type":"Polygon","coordinates":[[[5.544,51.438],[5.53,51.432],[5.525,51.428],[5.526,51.405],[5.558,51.406],[5.599,51.418],[5.566,51.441],[5.544,51.438]]]},"properties":{"id":286857,"statcode":"WK078100","statnaam":"Wijk 00","jrstatcode":"1998WK078100","rubriek":"wijk","FID":"wijk_gegeneraliseerd_1998.adfae0db-53e2-43c6-91a5-09fdb41e8de6"},"id":"WK078100"},
{"type":"Feature","geometry":{"type":"Polygon","coordinates":[[[4.912,51.615],[4.919,51.602],[4.89,51.589],[4.91,51.579],[4.914,51.562],[4.948,51.555],[4.951,51.563],[4.948,51.591],[4.973,51.593],[4.968,51.603],[4.948,51.611],[4.912,51.615]]]},"properties":{"id":286858,"statcode":"WK078400","statnaam":"Wijk 00 Rijen","jrstatcode":"1998WK078400","rubriek":"wijk","FID":"wijk_gegeneraliseerd_1998.541a056b-e86f-4fbb-8d80-8f52b56e205b"},"id":"WK078400"},
{"type":"Feature","geometry":{"type":"Polygon","coordinates":[[[4.951,51.563],[4.948,51.555],[4.914,51.562],[4.89,51.542],[4.888,51.524],[4.911,51.51],[4.956,51.519],[4.963,51.526],[4.975,51.54],[4.954,51.562],[4.951,51.563]]]},"properties":{"id":286859,"statcode":"WK078401","statnaam":"Wijk 01 Gilze","jrstatcode":"1998WK078401","rubriek":"wijk","FID":"wijk_gegeneraliseerd_1998.8ce7984f-712f-4c43-9851-8a06b61fb767"},"id":"WK078401"},
{"type":"Feature","geometry":{"type":"Polygon","coordinates":[[[4.864,51.579],[4.872,51.567],[4.863,51.557],[4.864,51.552],[4.835,51.539],[4.83,51.528],[4.867,51.538],[4.888,51.524],[4.89,51.542],[4.914,51.562],[4.91,51.579],[4.89,51.589],[4.864,51.579]]]},"properties":{"id":286860,"statcode":"WK078402","statnaam":"Wijk 02 Molenschot","jrstatcode":"1998WK078402","rubriek":"wijk","FID":"wijk_gegeneraliseerd_1998.01ad6f44-7811-4061-954f-d19237179726"},"id":"WK078402"},
{"type":"Feature","geometry":{"type":"Polygon","coordinates":[[[4.973,51.593],[4.948,51.591],[4.951,51.563],[4.954,51.562],[4.968,51.569],[4.973,51.593]]]},"properties":{"id":286861,"statcode":"WK078403","statnaam":"Wijk 03 Hulten","jrstatcode":"1998WK078403","rubriek":"wijk","FID":"wijk_gegeneraliseerd_1998.a6d97ecf-a39f-4c1d-bf66-0ed4ed3fbd11"},"id":"WK078403"},
{"type":"Feature","geometry":{"type":"MultiPolygon","coordinates":[[[[5.052,51.487],[5.053,51.53],[5.03,51.529],[5.015,51.496],[5,51.481],[5.016,51.476],[5.032,51.486],[5.05,51.471],[5.052,51.487]]],[[[5.063,51.529],[5.083,51.531],[5.056,51.529],[5.063,51.529]]]]},"properties":{"id":286862,"statcode":"WK078501","statnaam":"Wijk 01 Goirle-West","jrstatcode":"1998WK078501","rubriek":"wijk","FID":"wijk_gegeneraliseerd_1998.67b7c862-c8b8-4a96-b2cc-3199d06835d6"},"id":"WK078501"},
{"type":"Feature","geometry":{"type":"Polygon","coordinates":[[[5.053,51.53],[5.052,51.487],[5.101,51.521],[5.1,51.531],[5.083,51.531],[5.063,51.529],[5.056,51.529],[5.053,51.53]]]},"properties":{"id":286863,"statcode":"WK078502","statnaam":"Wijk 02 Goirle-Oost","jrstatcode":"1998WK078502","rubriek":"wijk","FID":"wijk_gegeneraliseerd_1998.57a78505-16ef-430a-a67d-068609238d2c"},"id":"WK078502"},
{"type":"Feature","geometry":{"type":"Polygon","coordinates":[[[4.975,51.54],[4.963,51.526],[4.993,51.512],[4.987,51.496],[5,51.481],[5.015,51.496],[5.03,51.529],[5.023,51.538],[4.975,51.54]]]},"properties":{"id":286864,"statcode":"WK078503","statnaam":"Wijk 03 Riel","jrstatcode":"1998WK078503","rubriek":"wijk","FID":"wijk_gegeneraliseerd_1998.e1c0e1a8-467e-4b5e-a3db-697f2ac20bc9"},"id":"WK078503"},
{"type":"Feature","geometry":{"type":"Polygon","coordinates":[[[5.76,51.754],[5.732,51.772],[5.724,51.755],[5.735,51.749],[5.76,51.754]]]},"properties":{"id":286865,"statcode":"WK078600","statnaam":" ","jrstatcode":"1998WK078600","rubriek":"wijk","FID":"wijk_gegeneraliseerd_1998.5d5d8171-4954-44ec-ad3f-4c253abe1ecf"},"id":"WK078600"},
{"type":"Feature","geometry":{"type":"Polygon","coordinates":[[[5.716,51.726],[5.729,51.72],[5.76,51.722],[5.766,51.723],[5.762,51.733],[5.769,51.752],[5.76,51.754],[5.735,51.749],[5.731,51.735],[5.716,51.726]]]},"properties":{"id":286866,"statcode":"WK078601","statnaam":"Wijk 01 Grave","jrstatcode":"1998WK078601","rubriek":"wijk","FID":"wijk_gegeneraliseerd_1998.d4dff26f-b095-415b-af9f-abf2366e7f52"},"id":"WK078601"},
{"type":"Feature","geometry":{"type":"Polygon","coordinates":[[[5.735,51.749],[5.724,51.755],[5.732,51.772],[5.73,51.773],[5.711,51.775],[5.691,51.759],[5.703,51.75],[5.698,51.738],[5.713,51.726],[5.716,51.726],[5.731,51.735],[5.735,51.749]]]},"properties":{"id":286867,"statcode":"WK078602","statnaam":"Wijk 02 Escharen","jrstatcode":"1998WK078602","rubriek":"wijk","FID":"wijk_gegeneraliseerd_1998.27622a59-23c3-4587-9792-d92ced6dc807"},"id":"WK078602"},
{"type":"Feature","geometry":{"type":"Polygon","coordinates":[[[5.79,51.754],[5.769,51.752],[5.762,51.733],[5.766,51.723],[5.792,51.721],[5.8,51.734],[5.786,51.744],[5.79,51.754]]]},"properties":{"id":286868,"statcode":"WK078603","statnaam":"Wijk 03 Velp","jrstatcode":"1998WK078603","rubriek":"wijk","FID":"wijk_gegeneraliseerd_1998.af91ec97-54ec-4290-9c0c-c60c64af2054"},"id":"WK078603"},
{"type":"Feature","geometry":{"type":"Polygon","coordinates":[[[5.26,51.628],[5.226,51.616],[5.21,51.622],[5.187,51.602],[5.214,51.586],[5.247,51.587],[5.263,51.6],[5.281,51.605],[5.278,51.619],[5.26,51.628]]]},"properties":{"id":286869,"statcode":"WK078800","statnaam":"Wijk 00 Haaren","jrstatcode":"1998WK078800","rubriek":"wijk","FID":"wijk_gegeneraliseerd_1998.db3ce169-ea99-4a32-8cc8-edd1d824c1aa"},"id":"WK078800"},
{"type":"Feature","geometry":{"type":"Polygon","coordinates":[[[5.251,51.639],[5.243,51.649],[5.205,51.67],[5.167,51.669],[5.154,51.655],[5.16,51.639],[5.192,51.639],[5.21,51.622],[5.226,51.616],[5.26,51.628],[5.251,51.639]]]},"properties":{"id":286870,"statcode":"WK078801","statnaam":"Wijk 01 Helvoirt","jrstatcode":"1998WK078801","rubriek":"wijk","FID":"wijk_gegeneraliseerd_1998.8089d044-d780-4751-b8fb-3cdf69568d42"},"id":"WK078801"},
{"type":"Feature","geometry":{"type":"Polygon","coordinates":[[[5.311,51.634],[5.304,51.625],[5.278,51.619],[5.281,51.605],[5.294,51.603],[5.317,51.617],[5.311,51.634]]]},"properties":{"id":286871,"statcode":"WK078802","statnaam":"Wijk 02 Esch","jrstatcode":"1998WK078802","rubriek":"wijk","FID":"wijk_gegeneraliseerd_1998.b7d54d90-6ddd-4ac9-b93e-8fbfb53f784a"},"id":"WK078802"},
{"type":"Feature","geometry":{"type":"Polygon","coordinates":[[[5.187,51.602],[5.21,51.622],[5.192,51.639],[5.16,51.639],[5.146,51.641],[5.169,51.619],[5.18,51.598],[5.187,51.602]]]},"properties":{"id":286872,"statcode":"WK078803","statnaam":"Wijk 03 Biezenmortel","jrstatcode":"1998WK078803","rubriek":"wijk","FID":"wijk_gegeneraliseerd_1998.95d6d9ce-c401-44f1-a09b-b14d831d460c"},"id":"WK078803"},
{"type":"Feature","geometry":{"type":"Polygon","coordinates":[[[5.673,51.486],[5.652,51.485],[5.651,51.478],[5.654,51.473],[5.67,51.476],[5.673,51.486]]]},"properties":{"id":286873,"statcode":"WK079400","statnaam":"Wijk 00 Binnenstad","jrstatcode":"1998WK079400","rubriek":"wijk","FID":"wijk_gegeneraliseerd_1998.ad53fd6b-4753-4f1f-8ac0-d319bb5f2ee2"},"id":"WK079400"},
{"type":"Feature","geometry":{"type":"Polygon","coordinates":[[[5.689,51.473],[5.684,51.486],[5.682,51.49],[5.673,51.486],[5.67,51.476],[5.689,51.473]]]},"properties":{"id":286874,"statcode":"WK079401","statnaam":"Wijk 01 Helmond - Oost","jrstatcode":"1998WK079401","rubriek":"wijk","FID":"wijk_gegeneraliseerd_1998.d49c29d6-1a2c-4ae9-8595-85a9c70f3597"},"id":"WK079401"},
{"type":"Feature","geometry":{"type":"Polygon","coordinates":[[[5.682,51.49],[5.675,51.499],[5.653,51.504],[5.652,51.485],[5.673,51.486],[5.682,51.49]]]},"properties":{"id":286875,"statcode":"WK079402","statnaam":"Wijk 02 Helmond - Noord","jrstatcode":"1998WK079402","rubriek":"wijk","FID":"wijk_gegeneraliseerd_1998.b13e1ade-bee0-4460-a209-b2ded2fcc3d1"},"id":"WK079402"},
{"type":"Feature","geometry":{"type":"Polygon","coordinates":[[[5.672,51.458],[5.654,51.473],[5.633,51.475],[5.606,51.472],[5.585,51.461],[5.62,51.45],[5.656,51.457],[5.672,51.458]]]},"properties":{"id":286876,"statcode":"WK079403","statnaam":"Wijk 03 Mierlo - Hout","jrstatcode":"1998WK079403","rubriek":"wijk","FID":"wijk_gegeneraliseerd_1998.a257a1ca-0cd2-4698-81df-d39ce75bcbc2"},"id":"WK079403"},
{"type":"Feature","geometry":{"type":"Polygon","coordinates":[[[5.689,51.473],[5.67,51.476],[5.654,51.473],[5.672,51.458],[5.682,51.449],[5.694,51.439],[5.718,51.439],[5.722,51.453],[5.716,51.468],[5.689,51.473]]]},"properties":{"id":286877,"statcode":"WK079404","statnaam":"Wijk 04 Brouwhuis","jrstatcode":"1998WK079404","rubriek":"wijk","FID":"wijk_gegeneraliseerd_1998.f35743f8-6600-461e-945b-81b6e9776195"},"id":"WK079404"},
{"type":"Feature","geometry":{"type":"Polygon","coordinates":[[[5.654,51.473],[5.651,51.478],[5.636,51.476],[5.633,51.475],[5.654,51.473]]]},"properties":{"id":286878,"statcode":"WK079405","statnaam":"Wijk 05 Helmond-West","jrstatcode":"1998WK079405","rubriek":"wijk","FID":"wijk_gegeneraliseerd_1998.be7afedc-f2d7-41e7-9fd5-e843a27dbaa0"},"id":"WK079405"},
{"type":"Feature","geometry":{"type":"Polygon","coordinates":[[[5.652,51.485],[5.653,51.504],[5.627,51.496],[5.636,51.476],[5.651,51.478],[5.652,51.485]]]},"properties":{"id":286879,"statcode":"WK079406","statnaam":"Wijk 06 Helmond Noord-west","jrstatcode":"1998WK079406","rubriek":"wijk","FID":"wijk_gegeneraliseerd_1998.cd834841-fe5c-41d6-bfbc-4f8306cd2e67"},"id":"WK079406"},
{"type":"Feature","geometry":{"type":"Polygon","coordinates":[[[5.577,51.499],[5.586,51.479],[5.606,51.472],[5.633,51.475],[5.636,51.476],[5.627,51.496],[5.61,51.509],[5.577,51.499]]]},"properties":{"id":286880,"statcode":"WK079407","statnaam":"Wijk 07 Stiphout","jrstatcode":"1998WK079407","rubriek":"wijk","FID":"wijk_gegeneraliseerd_1998.3fca566d-4ad1-4ccf-b4e5-00808a6ce66f"},"id":"WK079407"},
{"type":"Feature","geometry":{"type":"Polygon","coordinates":[[[5.684,51.486],[5.689,51.473],[5.716,51.468],[5.723,51.467],[5.736,51.472],[5.722,51.485],[5.713,51.49],[5.684,51.486]]]},"properties":{"id":286881,"statcode":"WK079408","statnaam":"Wijk 08 Rijpelberg","jrstatcode":"1998WK079408","rubriek":"wijk","FID":"wijk_gegeneraliseerd_1998.4406ea7f-7ae1-480d-8ac0-d8a799aa624f"},"id":"WK079408"},
{"type":"Feature","geometry":{"type":"Polygon","coordinates":[[[5.684,51.508],[5.675,51.499],[5.682,51.49],[5.684,51.486],[5.713,51.49],[5.708,51.502],[5.684,51.508]]]},"properties":{"id":286882,"statcode":"WK079409","statnaam":"Wijk 09 Dierdonk","jrstatcode":"1998WK079409","rubriek":"wijk","FID":"wijk_gegeneraliseerd_1998.5c9c2791-cf26-4ea0-8cc4-891fb4927ba1"},"id":"WK079409"},
{"type":"Feature","geometry":{"type":"Polygon","coordinates":[[[5.297,51.698],[5.285,51.68],[5.292,51.674],[5.295,51.682],[5.318,51.691],[5.316,51.692],[5.297,51.698]]]},"properties":{"id":286883,"statcode":"WK079601","statnaam":"Binnenstad","jrstatcode":"1998WK079601","rubriek":"wijk","FID":"wijk_gegeneraliseerd_1998.cb827d84-ca11-4cc0-9c09-68ec41314672"},"id":"WK079601"},
{"type":"Feature","geometry":{"type":"Polygon","coordinates":[[[5.304,51.668],[5.319,51.67],[5.336,51.668],[5.368,51.681],[5.357,51.698],[5.351,51.699],[5.318,51.691],[5.295,51.682],[5.292,51.674],[5.304,51.668]]]},"properties":{"id":286884,"statcode":"WK079602","statnaam":"Zuidoost","jrstatcode":"1998WK079602","rubriek":"wijk","FID":"wijk_gegeneraliseerd_1998.8c9d1502-81d6-4536-9264-b0555471b897"},"id":"WK079602"},
{"type":"Feature","geometry":{"type":"Polygon","coordinates":[[[5.318,51.691],[5.351,51.699],[5.346,51.708],[5.319,51.701],[5.316,51.692],[5.318,51.691]]]},"properties":{"id":286885,"statcode":"WK079603","statnaam":"Graafsepoort","jrstatcode":"1998WK079603","rubriek":"wijk","FID":"wijk_gegeneraliseerd_1998.ca470e19-1226-4451-90f7-acb977924754"},"id":"WK079603"},
{"type":"Feature","geometry":{"type":"Polygon","coordinates":[[[5.316,51.692],[5.319,51.701],[5.298,51.7],[5.297,51.698],[5.316,51.692]]]},"properties":{"id":286886,"statcode":"WK079604","statnaam":"Muntel/Vliert","jrstatcode":"1998WK079604","rubriek":"wijk","FID":"wijk_gegeneraliseerd_1998.53872a72-3c4c-4c91-ae15-bc938ace0ba8"},"id":"WK079604"},
{"type":"Feature","geometry":{"type":"Polygon","coordinates":[[[5.423,51.713],[5.409,51.727],[5.346,51.708],[5.351,51.699],[5.357,51.698],[5.43,51.701],[5.423,51.713]]]},"properties":{"id":286887,"statcode":"WK079605","statnaam":"Rosmalen zuid","jrstatcode":"1998WK079605","rubriek":"wijk","FID":"wijk_gegeneraliseerd_1998.4013d639-db13-4e9e-b26d-c48874997457"},"id":"WK079605"},
{"type":"Feature","geometry":{"type":"Polygon","coordinates":[[[5.409,51.727],[5.406,51.738],[5.425,51.742],[5.412,51.762],[5.364,51.751],[5.361,51.746],[5.378,51.734],[5.338,51.717],[5.346,51.708],[5.409,51.727]]]},"properties":{"id":286888,"statcode":"WK079606","statnaam":"Rosmalen noord","jrstatcode":"1998WK079606","rubriek":"wijk","FID":"wijk_gegeneraliseerd_1998.34adb955-d2f6-4fb7-add2-d54b592e8aab"},"id":"WK079606"},
{"type":"Feature","geometry":{"type":"Polygon","coordinates":[[[5.361,51.746],[5.335,51.736],[5.332,51.72],[5.338,51.717],[5.378,51.734],[5.361,51.746]]]},"properties":{"id":286889,"statcode":"WK079607","statnaam":"De groote wielen","jrstatcode":"1998WK079607","rubriek":"wijk","FID":"wijk_gegeneraliseerd_1998.1037382b-d828-4be6-95c7-e7f99b0cad85"},"id":"WK079607"},
{"type":"Feature","geometry":{"type":"Polygon","coordinates":[[[5.304,51.739],[5.325,51.724],[5.332,51.72],[5.335,51.736],[5.361,51.746],[5.364,51.751],[5.354,51.756],[5.304,51.739]]]},"properties":{"id":286890,"statcode":"WK079608","statnaam":"Empel","jrstatcode":"1998WK079608","rubriek":"wijk","FID":"wijk_gegeneraliseerd_1998.394b8425-0cab-4e08-a5ee-00ec638bdf87"},"id":"WK079608"},
{"type":"Feature","geometry":{"type":"Polygon","coordinates":[[[5.325,51.724],[5.288,51.717],[5.298,51.7],[5.319,51.701],[5.346,51.708],[5.338,51.717],[5.332,51.72],[5.325,51.724]]]},"properties":{"id":286891,"statcode":"WK079609","statnaam":"Noord","jrstatcode":"1998WK079609","rubriek":"wijk","FID":"wijk_gegeneraliseerd_1998.cd187a2c-4286-4c93-84ff-99fd630e035e"},"id":"WK079609"},
{"type":"Feature","geometry":{"type":"Polygon","coordinates":[[[5.288,51.717],[5.325,51.724],[5.304,51.739],[5.283,51.74],[5.269,51.74],[5.288,51.717]]]},"properties":{"id":286892,"statcode":"WK079610","statnaam":"Maaspoort","jrstatcode":"1998WK079610","rubriek":"wijk","FID":"wijk_gegeneraliseerd_1998.f6ca2fc3-af4a-4344-8ccd-0cee240f6493"},"id":"WK079610"},
{"type":"Feature","geometry":{"type":"Polygon","coordinates":[[[5.288,51.717],[5.273,51.714],[5.252,51.7],[5.226,51.69],[5.245,51.684],[5.285,51.68],[5.297,51.698],[5.298,51.7],[5.288,51.717]]]},"properties":{"id":286893,"statcode":"WK079611","statnaam":"West","jrstatcode":"1998WK079611","rubriek":"wijk","FID":"wijk_gegeneraliseerd_1998.e7653cb8-4b80-43cf-9ff5-afe7506737bc"},"id":"WK079611"},
{"type":"Feature","geometry":{"type":"Polygon","coordinates":[[[5.252,51.7],[5.273,51.714],[5.288,51.717],[5.269,51.74],[5.245,51.734],[5.231,51.741],[5.207,51.741],[5.209,51.734],[5.231,51.724],[5.23,51.711],[5.252,51.7]]]},"properties":{"id":286894,"statcode":"WK079612","statnaam":"Engelen","jrstatcode":"1998WK079612","rubriek":"wijk","FID":"wijk_gegeneraliseerd_1998.a8a414c8-111b-40c0-9e5f-693a8100201a"},"id":"WK079612"},
{"type":"Feature","geometry":{"type":"Polygon","coordinates":[[[5.167,51.698],[5.105,51.69],[5.101,51.677],[5.103,51.655],[5.106,51.636],[5.146,51.641],[5.16,51.639],[5.154,51.655],[5.167,51.669],[5.178,51.681],[5.167,51.68],[5.171,51.689],[5.168,51.696],[5.167,51.698]]]},"properties":{"id":286895,"statcode":"WK079700","statnaam":"Wijk 00 Drunen","jrstatcode":"1998WK079700","rubriek":"wijk","FID":"wijk_gegeneraliseerd_1998.04b1bc10-b045-48cd-a811-cfcdc5348ee1"},"id":"WK079700"},
{"type":"Feature","geometry":{"type":"Polygon","coordinates":[[[5.11,51.708],[5.105,51.69],[5.167,51.698],[5.165,51.702],[5.164,51.705],[5.145,51.716],[5.11,51.708]]]},"properties":{"id":286896,"statcode":"WK079701","statnaam":"Wijk 01 Elshout","jrstatcode":"1998WK079701","rubriek":"wijk","FID":"wijk_gegeneraliseerd_1998.928e85be-7dc4-4190-af2c-018d9e78515c"},"id":"WK079701"},
{"type":"Feature","geometry":{"type":"Polygon","coordinates":[[[5.23,51.711],[5.165,51.702],[5.167,51.698],[5.195,51.694],[5.184,51.687],[5.174,51.686],[5.168,51.696],[5.171,51.689],[5.167,51.68],[5.178,51.681],[5.167,51.669],[5.205,51.67],[5.223,51.674],[5.226,51.69],[5.252,51.7],[5.23,51.711]]]},"properties":{"id":286897,"statcode":"WK079702","statnaam":"Wijk 02 Vlijmen","jrstatcode":"1998WK079702","rubriek":"wijk","FID":"wijk_gegeneraliseerd_1998.00b1013c-c65d-470e-8e6e-711b688245c8"},"id":"WK079702"},
{"type":"Feature","geometry":{"type":"Polygon","coordinates":[[[5.167,51.698],[5.168,51.696],[5.174,51.686],[5.184,51.687],[5.195,51.694],[5.167,51.698]]]},"properties":{"id":286898,"statcode":"WK079703","statnaam":"Wijk 03 Nieuwkuijk","jrstatcode":"1998WK079703","rubriek":"wijk","FID":"wijk_gegeneraliseerd_1998.60867b43-8e90-4ecc-a7a1-f0b0df578665"},"id":"WK079703"},
{"type":"Feature","geometry":{"type":"Polygon","coordinates":[[[5.165,51.702],[5.23,51.711],[5.231,51.724],[5.209,51.734],[5.196,51.721],[5.175,51.72],[5.164,51.705],[5.165,51.702]]]},"properties":{"id":286899,"statcode":"WK079704","statnaam":"Wijk 04 Haarsteeg","jrstatcode":"1998WK079704","rubriek":"wijk","FID":"wijk_gegeneraliseerd_1998.af22e0ed-183b-4629-8992-09ac9f08d38a"},"id":"WK079704"},
{"type":"Feature","geometry":{"type":"Polygon","coordinates":[[[5.186,51.742],[5.163,51.743],[5.128,51.738],[5.119,51.736],[5.089,51.726],[5.082,51.722],[5.11,51.708],[5.145,51.716],[5.164,51.705],[5.175,51.72],[5.196,51.721],[5.209,51.734],[5.207,51.741],[5.186,51.742]]]},"properties":{"id":286900,"statcode":"WK079705","statnaam":"Wijk 00 Heusden","jrstatcode":"1998WK079705","rubriek":"wijk","FID":"wijk_gegeneraliseerd_1998.6ababceb-12c0-4908-b646-a5609d7876f1"},"id":"WK079705"},
{"type":"Feature","geometry":{"type":"Polygon","coordinates":[[[5.119,51.546],[5.1,51.531],[5.101,51.521],[5.052,51.487],[5.05,51.471],[5.08,51.469],[5.103,51.478],[5.119,51.47],[5.156,51.472],[5.158,51.492],[5.131,51.514],[5.145,51.521],[5.13,51.53],[5.119,51.545],[5.119,51.546]]]},"properties":{"id":286901,"statcode":"WK079800","statnaam":"Wijk 00 Hilvarenbeek","jrstatcode":"1998WK079800","rubriek":"wijk","FID":"wijk_gegeneraliseerd_1998.2bd58148-1303-425c-9895-32825fee1e33"},"id":"WK079800"},
{"type":"Feature","geometry":{"type":"Polygon","coordinates":[[[5.156,51.472],[5.119,51.47],[5.103,51.478],[5.08,51.469],[5.102,51.429],[5.19,51.43],[5.172,51.442],[5.156,51.472]]]},"properties":{"id":286902,"statcode":"WK079801","statnaam":"Wijk 01 Esbeek","jrstatcode":"1998WK079801","rubriek":"wijk","FID":"wijk_gegeneraliseerd_1998.899343b9-4623-4030-bed9-df181d086ecf"},"id":"WK079801"},
{"type":"Feature","geometry":{"type":"Polygon","coordinates":[[[5.179,51.508],[5.145,51.521],[5.131,51.514],[5.158,51.492],[5.18,51.498],[5.179,51.508]]]},"properties":{"id":286903,"statcode":"WK079802","statnaam":"Wijk 02 Biest-Houtakker","jrstatcode":"1998WK079802","rubriek":"wijk","FID":"wijk_gegeneraliseerd_1998.01c16c36-7d21-49c0-bbe5-87b6dc3f0a15"},"id":"WK079802"},
{"type":"Feature","geometry":{"type":"Polygon","coordinates":[[[5.191,51.43],[5.21,51.466],[5.223,51.482],[5.225,51.488],[5.205,51.491],[5.182,51.486],[5.18,51.498],[5.158,51.492],[5.156,51.472],[5.172,51.442],[5.19,51.43],[5.191,51.43]]]},"properties":{"id":286904,"statcode":"WK079803","statnaam":"Wijk 03 Diessen","jrstatcode":"1998WK079803","rubriek":"wijk","FID":"wijk_gegeneraliseerd_1998.d62f8b65-0175-43d0-a0e9-101f7f939061"},"id":"WK079803"},
{"type":"Feature","geometry":{"type":"Polygon","coordinates":[[[5.224,51.517],[5.215,51.512],[5.179,51.508],[5.18,51.498],[5.182,51.486],[5.205,51.491],[5.225,51.488],[5.228,51.499],[5.247,51.499],[5.251,51.51],[5.224,51.517]]]},"properties":{"id":286905,"statcode":"WK079804","statnaam":"Wijk 04 Haghorst","jrstatcode":"1998WK079804","rubriek":"wijk","FID":"wijk_gegeneraliseerd_1998.37d6de6c-d490-4243-8c43-8a191d8a41ad"},"id":"WK079804"},
{"type":"Feature","geometry":{"type":"Polygon","coordinates":[[[5.413,51.822],[5.412,51.803],[5.424,51.773],[5.423,51.763],[5.433,51.764],[5.447,51.784],[5.45,51.81],[5.418,51.819],[5.415,51.821],[5.413,51.822]]]},"properties":{"id":286906,"statcode":"WK080800","statnaam":"Wijk 00 Lith","jrstatcode":"1998WK080800","rubriek":"wijk","FID":"wijk_gegeneraliseerd_1998.45b136ff-4842-4612-a6b4-0c8e25768a4e"},"id":"WK080800"},
{"type":"Feature","geometry":{"type":"Polygon","coordinates":[[[5.477,51.817],[5.45,51.81],[5.447,51.784],[5.433,51.764],[5.46,51.771],[5.479,51.781],[5.516,51.795],[5.53,51.808],[5.477,51.817]]]},"properties":{"id":286907,"statcode":"WK080801","statnaam":"Wijk 01 Lithoijen","jrstatcode":"1998WK080801","rubriek":"wijk","FID":"wijk_gegeneraliseerd_1998.38b8ef73-0c27-45a7-9a3f-d698d6479d83"},"id":"WK080801"},
{"type":"Feature","geometry":{"type":"Polygon","coordinates":[[[5.49,51.83],[5.477,51.817],[5.53,51.808],[5.536,51.817],[5.49,51.83]]]},"properties":{"id":286908,"statcode":"WK080802","statnaam":"Wijk 02 Oijen","jrstatcode":"1998WK080802","rubriek":"wijk","FID":"wijk_gegeneraliseerd_1998.885b2765-31e8-4cd9-a2d7-152ff243d6b9"},"id":"WK080802"},
{"type":"Feature","geometry":{"type":"Polygon","coordinates":[[[5.423,51.763],[5.424,51.773],[5.412,51.803],[5.413,51.822],[5.405,51.822],[5.369,51.79],[5.36,51.769],[5.354,51.756],[5.364,51.751],[5.412,51.762],[5.423,51.763]]]},"properties":{"id":286909,"statcode":"WK080803","statnaam":"Wijk 03 Maren - Kessel","jrstatcode":"1998WK080803","rubriek":"wijk","FID":"wijk_gegeneraliseerd_1998.3551c635-509b-4ad2-a70d-5327e9e009c5"},"id":"WK080803"},
{"type":"Feature","geometry":{"type":"Polygon","coordinates":[[[5.037,51.641],[5.04,51.606],[5.045,51.611],[5.094,51.611],[5.1,51.618],[5.106,51.636],[5.103,51.655],[5.081,51.653],[5.062,51.644],[5.037,51.641]]]},"properties":{"id":286910,"statcode":"WK080900","statnaam":"Wijk 00 Loon op Zand","jrstatcode":"1998WK080900","rubriek":"wijk","FID":"wijk_gegeneraliseerd_1998.4da7b618-c034-4d92-acc9-020b39a556e5"},"id":"WK080900"},
{"type":"Feature","geometry":{"type":"Polygon","coordinates":[[[5.101,51.677],[5.058,51.668],[5.049,51.662],[5.026,51.668],[5.018,51.67],[4.99,51.668],[4.987,51.655],[4.992,51.641],[5.004,51.637],[5.037,51.641],[5.062,51.644],[5.081,51.653],[5.103,51.655],[5.101,51.677]]]},"properties":{"id":286911,"statcode":"WK080901","statnaam":"Wijk 01 Kaatsheuvel","jrstatcode":"1998WK080901","rubriek":"wijk","FID":"wijk_gegeneraliseerd_1998.5da26bdd-593c-4af9-a509-284bf2abf891"},"id":"WK080901"},
{"type":"Feature","geometry":{"type":"Polygon","coordinates":[[[4.999,51.623],[5.004,51.608],[5.04,51.606],[5.037,51.641],[5.004,51.637],[4.992,51.641],[4.999,51.623]]]},"properties":{"id":286912,"statcode":"WK080902","statnaam":"Wijk 02 De Moer","jrstatcode":"1998WK080902","rubriek":"wijk","FID":"wijk_gegeneraliseerd_1998.2fb6670a-3eb9-44eb-aee6-8e48ba281ad4"},"id":"WK080902"},
{"type":"Feature","geometry":{"type":"Polygon","coordinates":[[[4.999,51.675],[4.99,51.668],[5.018,51.67],[4.999,51.675]]]},"properties":{"id":286913,"statcode":"WK080909","statnaam":"Wijk 09","jrstatcode":"1998WK080909","rubriek":"wijk","FID":"wijk_gegeneraliseerd_1998.7bf6a5f0-31e7-46e6-a615-4440022af089"},"id":"WK080909"},
{"type":"Feature","geometry":{"type":"Polygon","coordinates":[[[5.656,51.457],[5.62,51.45],[5.585,51.461],[5.566,51.441],[5.599,51.418],[5.639,51.422],[5.644,51.44],[5.656,51.455],[5.656,51.457]]]},"properties":{"id":286914,"statcode":"WK081400","statnaam":"Wijk 00 Mierlo","jrstatcode":"1998WK081400","rubriek":"wijk","FID":"wijk_gegeneraliseerd_1998.944caea7-661c-42aa-a223-24825f801444"},"id":"WK081400"},
{"type":"Feature","geometry":{"type":"Polygon","coordinates":[[[5.76,51.722],[5.764,51.716],[5.735,51.674],[5.739,51.662],[5.783,51.673],[5.79,51.65],[5.799,51.661],[5.797,51.682],[5.832,51.69],[5.823,51.699],[5.805,51.7],[5.792,51.721],[5.766,51.723],[5.76,51.722]]]},"properties":{"id":286915,"statcode":"WK081500","statnaam":"Wijk 00 Mill","jrstatcode":"1998WK081500","rubriek":"wijk","FID":"wijk_gegeneraliseerd_1998.c9152188-ad24-4d6d-91f2-a5a34cfcb1cd"},"id":"WK081500"},
{"type":"Feature","geometry":{"type":"Polygon","coordinates":[[[5.716,51.726],[5.713,51.726],[5.709,51.725],[5.7,51.711],[5.714,51.698],[5.735,51.674],[5.764,51.716],[5.76,51.722],[5.729,51.72],[5.716,51.726]]]},"properties":{"id":286916,"statcode":"WK081501","statnaam":"Wijk 01 Langenboom","jrstatcode":"1998WK081501","rubriek":"wijk","FID":"wijk_gegeneraliseerd_1998.8207340a-fad1-49b2-9ea6-f04442d70a5f"},"id":"WK081501"},
{"type":"Feature","geometry":{"type":"Polygon","coordinates":[[[5.832,51.69],[5.797,51.682],[5.799,51.661],[5.807,51.661],[5.843,51.68],[5.832,51.69]]]},"properties":{"id":286917,"statcode":"WK081502","statnaam":"Wijk 02 Sint Hubert","jrstatcode":"1998WK081502","rubriek":"wijk","FID":"wijk_gegeneraliseerd_1998.f35f4e05-10cc-4ff7-b1fe-5d312be06acf"},"id":"WK081502"},
{"type":"Feature","geometry":{"type":"Polygon","coordinates":[[[5.79,51.65],[5.783,51.673],[5.739,51.662],[5.743,51.65],[5.748,51.633],[5.779,51.645],[5.79,51.65]]]},"properties":{"id":286918,"statcode":"WK081503","statnaam":"Wijk 03 Wilbertoord","jrstatcode":"1998WK081503","rubriek":"wijk","FID":"wijk_gegeneraliseerd_1998.766daf12-424c-4475-88a6-ccc05ee8e9fe"},"id":"WK081503"},
{"type":"Feature","geometry":{"type":"Polygon","coordinates":[[[5.508,51.474],[5.514,51.466],[5.53,51.459],[5.544,51.438],[5.566,51.441],[5.585,51.461],[5.606,51.472],[5.586,51.479],[5.55,51.481],[5.541,51.488],[5.536,51.478],[5.508,51.474]]]},"properties":{"id":286919,"statcode":"WK082000","statnaam":"Wijk 00 Nuenen","jrstatcode":"1998WK082000","rubriek":"wijk","FID":"wijk_gegeneraliseerd_1998.2c1dc407-7d11-4858-996c-21ddea1c84fb"},"id":"WK082000"},
{"type":"Feature","geometry":{"type":"Polygon","coordinates":[[[5.531,51.525],[5.546,51.513],[5.533,51.505],[5.541,51.488],[5.55,51.481],[5.586,51.479],[5.577,51.499],[5.566,51.502],[5.554,51.519],[5.547,51.538],[5.531,51.525]]]},"properties":{"id":286920,"statcode":"WK082001","statnaam":"Wijk 01 Gerwen","jrstatcode":"1998WK082001","rubriek":"wijk","FID":"wijk_gegeneraliseerd_1998.26bb2f83-21d7-4037-9ba7-16ca325dfcd8"},"id":"WK082001"},
{"type":"Feature","geometry":{"type":"Polygon","coordinates":[[[5.51,51.499],[5.511,51.497],[5.508,51.474],[5.536,51.478],[5.541,51.488],[5.533,51.505],[5.51,51.499]]]},"properties":{"id":286921,"statcode":"WK082002","statnaam":"Wijk 02 Nederwetten","jrstatcode":"1998WK082002","rubriek":"wijk","FID":"wijk_gegeneraliseerd_1998.638a3344-e950-4941-8b3d-280289375f87"},"id":"WK082002"},
{"type":"Feature","geometry":{"type":"Polygon","coordinates":[[[5.391,51.472],[5.387,51.487],[5.356,51.496],[5.349,51.517],[5.357,51.545],[5.325,51.551],[5.299,51.548],[5.29,51.51],[5.273,51.499],[5.314,51.474],[5.334,51.469],[5.356,51.462],[5.369,51.465],[5.391,51.472]]]},"properties":{"id":286922,"statcode":"WK082300","statnaam":"Wijk 00 Oirschot","jrstatcode":"1998WK082300","rubriek":"wijk","FID":"wijk_gegeneraliseerd_1998.03f2eca0-2d95-4ab1-bc4a-a6e185c64213"},"id":"WK082300"},
{"type":"Feature","geometry":{"type":"Polygon","coordinates":[[[5.299,51.548],[5.273,51.553],[5.235,51.531],[5.224,51.517],[5.251,51.51],[5.273,51.499],[5.29,51.51],[5.299,51.548]]]},"properties":{"id":286923,"statcode":"WK082301","statnaam":"Wijk 01 Spoordonk","jrstatcode":"1998WK082301","rubriek":"wijk","FID":"wijk_gegeneraliseerd_1998.096b05d4-6ce7-4f78-990b-6ece5ff97521"},"id":"WK082301"},
{"type":"Feature","geometry":{"type":"Polygon","coordinates":[[[5.223,51.482],[5.21,51.466],[5.191,51.43],[5.216,51.434],[5.224,51.425],[5.23,51.426],[5.238,51.429],[5.265,51.449],[5.263,51.469],[5.239,51.483],[5.223,51.482]]]},"properties":{"id":286924,"statcode":"WK082302","statnaam":"Wijk 02 Middelbeers en Westelbeers","jrstatcode":"1998WK082302","rubriek":"wijk","FID":"wijk_gegeneraliseerd_1998.f32f045a-52df-4291-86c4-5de00628127b"},"id":"WK082302"},
{"type":"Feature","geometry":{"type":"Polygon","coordinates":[[[5.273,51.499],[5.251,51.51],[5.247,51.499],[5.228,51.499],[5.225,51.488],[5.223,51.482],[5.239,51.483],[5.263,51.469],[5.265,51.449],[5.279,51.45],[5.334,51.469],[5.314,51.474],[5.273,51.499]]]},"properties":{"id":286925,"statcode":"WK082303","statnaam":"Wijk 03 Oostelbeers","jrstatcode":"1998WK082303","rubriek":"wijk","FID":"wijk_gegeneraliseerd_1998.4d87bffa-0b46-42d6-99b1-54b6360a8ad1"},"id":"WK082303"},
{"type":"Feature","geometry":{"type":"Polygon","coordinates":[[[5.17,51.592],[5.151,51.58],[5.137,51.563],[5.148,51.547],[5.175,51.559],[5.218,51.556],[5.235,51.531],[5.273,51.553],[5.261,51.561],[5.246,51.579],[5.247,51.587],[5.214,51.586],[5.187,51.602],[5.18,51.598],[5.17,51.592]]]},"properties":{"id":286926,"statcode":"WK082400","statnaam":"Wijk 00 Oisterwijk","jrstatcode":"1998WK082400","rubriek":"wijk","FID":"wijk_gegeneraliseerd_1998.5c0f48f1-59ec-4371-bcb7-341057f7b865"},"id":"WK082400"},
{"type":"Feature","geometry":{"type":"Polygon","coordinates":[[[5.235,51.531],[5.218,51.556],[5.175,51.559],[5.148,51.547],[5.13,51.53],[5.145,51.521],[5.179,51.508],[5.215,51.512],[5.224,51.517],[5.235,51.531]]]},"properties":{"id":286927,"statcode":"WK082401","statnaam":"Wijk 01 Moergestel","jrstatcode":"1998WK082401","rubriek":"wijk","FID":"wijk_gegeneraliseerd_1998.5f865b97-4cb2-414d-900f-d2ec819eb0ca"},"id":"WK082401"},
{"type":"Feature","geometry":{"type":"Polygon","coordinates":[[[4.869,51.648],[4.852,51.647],[4.85,51.641],[4.869,51.64],[4.869,51.648]]]},"properties":{"id":286928,"statcode":"WK082600","statnaam":"Wijk 00 Oosterhout-Centrum","jrstatcode":"1998WK082600","rubriek":"wijk","FID":"wijk_gegeneraliseerd_1998.dda5964b-bc9a-4a8b-a317-50b16f7c010e"},"id":"WK082600"},
{"type":"Feature","geometry":{"type":"Polygon","coordinates":[[[4.845,51.636],[4.874,51.63],[4.881,51.636],[4.883,51.638],[4.869,51.64],[4.85,51.641],[4.845,51.636]]]},"properties":{"id":286929,"statcode":"WK082601","statnaam":"Wijk 01 Slotjes","jrstatcode":"1998WK082601","rubriek":"wijk","FID":"wijk_gegeneraliseerd_1998.d5137feb-df31-4d75-bcd5-854ee6947fc2"},"id":"WK082601"},
{"type":"Feature","geometry":{"type":"Polygon","coordinates":[[[4.851,51.649],[4.846,51.652],[4.843,51.637],[4.845,51.636],[4.85,51.641],[4.852,51.647],[4.851,51.649]]]},"properties":{"id":286930,"statcode":"WK082602","statnaam":"Wijk 02 West","jrstatcode":"1998WK082602","rubriek":"wijk","FID":"wijk_gegeneraliseerd_1998.257a56b4-2fab-4f8c-942b-c23f920cf333"},"id":"WK082602"},
{"type":"Feature","geometry":{"type":"Polygon","coordinates":[[[4.853,51.655],[4.851,51.649],[4.852,51.647],[4.869,51.648],[4.87,51.651],[4.853,51.655]]]},"properties":{"id":286931,"statcode":"WK082603","statnaam":"Wijk 03 Strijen","jrstatcode":"1998WK082603","rubriek":"wijk","FID":"wijk_gegeneraliseerd_1998.18c48748-8e88-4f66-91dc-7abacda7ace9"},"id":"WK082603"},
{"type":"Feature","geometry":{"type":"Polygon","coordinates":[[[4.882,51.65],[4.87,51.651],[4.869,51.648],[4.869,51.64],[4.883,51.638],[4.882,51.65]]]},"properties":{"id":286932,"statcode":"WK082604","statnaam":"Wijk 04 Leijensakkers","jrstatcode":"1998WK082604","rubriek":"wijk","FID":"wijk_gegeneraliseerd_1998.5991b9ec-6fd3-4e76-8a40-a17582bd23ba"},"id":"WK082604"},
{"type":"Feature","geometry":{"type":"Polygon","coordinates":[[[4.86,51.616],[4.874,51.63],[4.845,51.636],[4.837,51.627],[4.86,51.616]]]},"properties":{"id":286933,"statcode":"WK082605","statnaam":"Wijk 05 Oosterheid","jrstatcode":"1998WK082605","rubriek":"wijk","FID":"wijk_gegeneraliseerd_1998.de45ac12-76b8-4509-bfc4-9e20cf7609ea"},"id":"WK082605"},
{"type":"Feature","geometry":{"type":"Polygon","coordinates":[[[4.856,51.669],[4.853,51.655],[4.87,51.651],[4.882,51.65],[4.881,51.664],[4.856,51.669]]]},"properties":{"id":286934,"statcode":"WK082606","statnaam":"Wijk 06 Dommelbergen","jrstatcode":"1998WK082606","rubriek":"wijk","FID":"wijk_gegeneraliseerd_1998.351f67f1-0209-4873-a507-b25091b5ee75"},"id":"WK082606"},
{"type":"Feature","geometry":{"type":"Polygon","coordinates":[[[4.822,51.647],[4.843,51.637],[4.846,51.652],[4.831,51.655],[4.822,51.647]]]},"properties":{"id":286935,"statcode":"WK082607","statnaam":"Wijk 07 Vrachelen","jrstatcode":"1998WK082607","rubriek":"wijk","FID":"wijk_gegeneraliseerd_1998.e0e6f70a-2b1c-4150-a007-81fae9bb69e1"},"id":"WK082607"},
{"type":"Feature","geometry":{"type":"Polygon","coordinates":[[[4.881,51.636],[4.874,51.63],[4.86,51.616],[4.857,51.613],[4.891,51.627],[4.881,51.636]]]},"properties":{"id":286936,"statcode":"WK082608","statnaam":"Wijk 08 Industrieterrein Zuid","jrstatcode":"1998WK082608","rubriek":"wijk","FID":"wijk_gegeneraliseerd_1998.5d4535b2-841b-4267-9867-38c61c6bedc8"},"id":"WK082608"},
{"type":"Feature","geometry":{"type":"Polygon","coordinates":[[[4.856,51.669],[4.843,51.68],[4.842,51.679],[4.822,51.675],[4.831,51.655],[4.846,51.652],[4.851,51.649],[4.853,51.655],[4.856,51.669]]]},"properties":{"id":286937,"statcode":"WK082609","statnaam":"Wijk 09 Industrieterrein Noord","jrstatcode":"1998WK082609","rubriek":"wijk","FID":"wijk_gegeneraliseerd_1998.51bf72c3-af3f-4ceb-961a-0d27d93eabe0"},"id":"WK082609"},
{"type":"Feature","geometry":{"type":"MultiPolygon","coordinates":[[[[4.796,51.641],[4.788,51.637],[4.788,51.634],[4.819,51.631],[4.843,51.617],[4.844,51.604],[4.857,51.613],[4.86,51.616],[4.837,51.627],[4.845,51.636],[4.843,51.637],[4.822,51.647],[4.796,51.641]]],[[[4.843,51.686],[4.843,51.68],[4.856,51.669],[4.881,51.664],[4.88,51.672],[4.843,51.686]]]]},"properties":{"id":286938,"statcode":"WK082610","statnaam":"Wijk 10 Buitengebied Oosterhout","jrstatcode":"1998WK082610","rubriek":"wijk","FID":"wijk_gegeneraliseerd_1998.7fa1145b-3f30-4218-9557-783b4d442fc2"},"id":"WK082610"},
{"type":"Feature","geometry":{"type":"Polygon","coordinates":[[[4.822,51.647],[4.831,51.655],[4.822,51.675],[4.781,51.664],[4.796,51.641],[4.822,51.647]]]},"properties":{"id":286939,"statcode":"WK082611","statnaam":"Wijk 11 Den Hout","jrstatcode":"1998WK082611","rubriek":"wijk","FID":"wijk_gegeneraliseerd_1998.7d068376-5b77-4ec6-af89-ccc711641735"},"id":"WK082611"},
{"type":"Feature","geometry":{"type":"Polygon","coordinates":[[[4.925,51.673],[4.88,51.674],[4.88,51.672],[4.881,51.664],[4.882,51.65],[4.883,51.638],[4.881,51.636],[4.891,51.627],[4.905,51.625],[4.933,51.651],[4.925,51.673]]]},"properties":{"id":286940,"statcode":"WK082612","statnaam":"Wijk 12 Oosteind","jrstatcode":"1998WK082612","rubriek":"wijk","FID":"wijk_gegeneraliseerd_1998.2dcd94fb-75bc-4cab-b338-c18e425f902d"},"id":"WK082612"},
{"type":"Feature","geometry":{"type":"Polygon","coordinates":[[[4.89,51.589],[4.919,51.602],[4.912,51.615],[4.905,51.625],[4.891,51.627],[4.857,51.613],[4.844,51.604],[4.834,51.597],[4.843,51.586],[4.864,51.579],[4.89,51.589]]]},"properties":{"id":286941,"statcode":"WK082613","statnaam":"Wijk 13 Dorst","jrstatcode":"1998WK082613","rubriek":"wijk","FID":"wijk_gegeneraliseerd_1998.d0cac131-e5d4-4d7b-8865-25ec55dcfaf4"},"id":"WK082613"},
{"type":"Feature","geometry":{"type":"Polygon","coordinates":[[[5.531,51.765],[5.525,51.773],[5.51,51.767],[5.516,51.761],[5.528,51.764],[5.531,51.765]]]},"properties":{"id":286942,"statcode":"WK082800","statnaam":"Wijk 00 Centrum","jrstatcode":"1998WK082800","rubriek":"wijk","FID":"wijk_gegeneraliseerd_1998.bdffe2e6-7960-4ea0-9a0a-0ee053b20b15"},"id":"WK082800"},
{"type":"Feature","geometry":{"type":"Polygon","coordinates":[[[5.531,51.765],[5.553,51.766],[5.553,51.774],[5.537,51.779],[5.531,51.781],[5.525,51.773],[5.531,51.765]]]},"properties":{"id":286943,"statcode":"WK082801","statnaam":"Wijk 01 Schadewijk","jrstatcode":"1998WK082801","rubriek":"wijk","FID":"wijk_gegeneraliseerd_1998.69aba327-8d76-4984-9e8b-9250f3a97cea"},"id":"WK082801"},
{"type":"Feature","geometry":{"type":"Polygon","coordinates":[[[5.528,51.764],[5.546,51.754],[5.559,51.754],[5.553,51.766],[5.531,51.765],[5.528,51.764]]]},"properties":{"id":286944,"statcode":"WK082802","statnaam":"Wijk 02 Industrieterreinen-Zuid","jrstatcode":"1998WK082802","rubriek":"wijk","FID":"wijk_gegeneraliseerd_1998.e0056765-8491-4108-b763-dd56e6db0e9d"},"id":"WK082802"},
{"type":"Feature","geometry":{"type":"Polygon","coordinates":[[[5.533,51.747],[5.546,51.754],[5.528,51.764],[5.516,51.761],[5.533,51.747]]]},"properties":{"id":286945,"statcode":"WK082803","statnaam":"Wijk 03 Oss - Zuid","jrstatcode":"1998WK082803","rubriek":"wijk","FID":"wijk_gegeneraliseerd_1998.6bb89077-0206-4b3b-a55d-8e363d570570"},"id":"WK082803"},
{"type":"Feature","geometry":{"type":"Polygon","coordinates":[[[5.531,51.781],[5.503,51.782],[5.51,51.767],[5.525,51.773],[5.531,51.781]]]},"properties":{"id":286946,"statcode":"WK082804","statnaam":"Wijk 04 Krinkelhoek","jrstatcode":"1998WK082804","rubriek":"wijk","FID":"wijk_gegeneraliseerd_1998.9abbd56b-f38b-4485-83e2-3d3714d3416e"},"id":"WK082804"},
{"type":"Feature","geometry":{"type":"Polygon","coordinates":[[[5.553,51.774],[5.561,51.799],[5.543,51.791],[5.537,51.779],[5.553,51.774]]]},"properties":{"id":286947,"statcode":"WK082805","statnaam":"Wijk 05 Industrieterreinen - Noord","jrstatcode":"1998WK082805","rubriek":"wijk","FID":"wijk_gegeneraliseerd_1998.20ccfdfe-1577-411d-a4cd-027bdaf1864c"},"id":"WK082805"},
{"type":"Feature","geometry":{"type":"Polygon","coordinates":[[[5.516,51.761],[5.497,51.756],[5.487,51.753],[5.499,51.745],[5.516,51.741],[5.533,51.747],[5.516,51.761]]]},"properties":{"id":286948,"statcode":"WK082806","statnaam":"Wijk 06 Ruwaard","jrstatcode":"1998WK082806","rubriek":"wijk","FID":"wijk_gegeneraliseerd_1998.c82a30aa-7c68-4776-8e1c-de3c9f829437"},"id":"WK082806"},
{"type":"Feature","geometry":{"type":"Polygon","coordinates":[[[5.497,51.756],[5.516,51.761],[5.51,51.767],[5.503,51.782],[5.489,51.766],[5.497,51.756]]]},"properties":{"id":286949,"statcode":"WK082807","statnaam":"Wijk 07 Ussen","jrstatcode":"1998WK082807","rubriek":"wijk","FID":"wijk_gegeneraliseerd_1998.c459732b-16a7-40ea-8e85-d469320cf340"},"id":"WK082807"},
{"type":"Feature","geometry":{"type":"Polygon","coordinates":[[[5.497,51.756],[5.489,51.766],[5.503,51.782],[5.531,51.781],[5.537,51.779],[5.543,51.791],[5.516,51.795],[5.479,51.781],[5.46,51.771],[5.47,51.758],[5.487,51.753],[5.497,51.756]]]},"properties":{"id":286950,"statcode":"WK082808","statnaam":"Wijk 08 Buitengebied - Noord","jrstatcode":"1998WK082808","rubriek":"wijk","FID":"wijk_gegeneraliseerd_1998.232d0172-ea19-4922-a37b-0804910e9ab8"},"id":"WK082808"},
{"type":"Feature","geometry":{"type":"Polygon","coordinates":[[[5.574,51.731],[5.559,51.754],[5.546,51.754],[5.533,51.747],[5.516,51.741],[5.499,51.745],[5.499,51.735],[5.534,51.74],[5.57,51.731],[5.574,51.731]]]},"properties":{"id":286951,"statcode":"WK082809","statnaam":"Wijk 09 Buitengebied - Zuid","jrstatcode":"1998WK082809","rubriek":"wijk","FID":"wijk_gegeneraliseerd_1998.3ccc71e1-7c90-4d95-8038-e4277840ee89"},"id":"WK082809"},
{"type":"Feature","geometry":{"type":"Polygon","coordinates":[[[5.561,51.799],[5.553,51.774],[5.553,51.766],[5.559,51.754],[5.574,51.731],[5.581,51.731],[5.576,51.745],[5.601,51.785],[5.587,51.787],[5.561,51.799]]]},"properties":{"id":286952,"statcode":"WK082810","statnaam":"Wijk 10 Berghem","jrstatcode":"1998WK082810","rubriek":"wijk","FID":"wijk_gegeneraliseerd_1998.abdc656b-ae34-4917-9743-fdb85c5ef833"},"id":"WK082810"},
{"type":"Feature","geometry":{"type":"Polygon","coordinates":[[[5.587,51.787],[5.601,51.802],[5.588,51.817],[5.563,51.807],[5.561,51.799],[5.587,51.787]]]},"properties":{"id":286953,"statcode":"WK082811","statnaam":"Wijk 11 Haren","jrstatcode":"1998WK082811","rubriek":"wijk","FID":"wijk_gegeneraliseerd_1998.1a0bceff-14da-4bec-824b-110645894af6"},"id":"WK082811"},
{"type":"Feature","geometry":{"type":"Polygon","coordinates":[[[5.536,51.817],[5.53,51.808],[5.516,51.795],[5.543,51.791],[5.561,51.799],[5.563,51.807],[5.536,51.817]]]},"properties":{"id":286954,"statcode":"WK082812","statnaam":"Wijk 12 Macharen","jrstatcode":"1998WK082812","rubriek":"wijk","FID":"wijk_gegeneraliseerd_1998.6f123525-5329-45d2-bfa4-79df64b91909"},"id":"WK082812"},
{"type":"Feature","geometry":{"type":"Polygon","coordinates":[[[5.536,51.817],[5.563,51.807],[5.588,51.817],[5.577,51.828],[5.552,51.825],[5.536,51.817]]]},"properties":{"id":286955,"statcode":"WK082813","statnaam":"Wijk 13 Megen","jrstatcode":"1998WK082813","rubriek":"wijk","FID":"wijk_gegeneraliseerd_1998.d5bea34c-108c-44da-b9f2-25a39abb6b92"},"id":"WK082813"},
{"type":"Feature","geometry":{"type":"Polygon","coordinates":[[[5.654,51.801],[5.613,51.783],[5.666,51.774],[5.663,51.795],[5.654,51.801]]]},"properties":{"id":286956,"statcode":"WK083500","statnaam":"Wijk 00 Ravenstein","jrstatcode":"1998WK083500","rubriek":"wijk","FID":"wijk_gegeneraliseerd_1998.099af23f-80f7-4cd1-bd2c-604728f3e75a"},"id":"WK083500"},
{"type":"Feature","geometry":{"type":"Polygon","coordinates":[[[5.666,51.774],[5.613,51.783],[5.601,51.785],[5.576,51.745],[5.636,51.758],[5.649,51.764],[5.667,51.752],[5.67,51.761],[5.666,51.774]]]},"properties":{"id":286957,"statcode":"WK083501","statnaam":"Wijk 01 Herpen","jrstatcode":"1998WK083501","rubriek":"wijk","FID":"wijk_gegeneraliseerd_1998.9b8f8c52-d883-4191-a679-185f4f5178b5"},"id":"WK083501"},
{"type":"Feature","geometry":{"type":"Polygon","coordinates":[[[5.711,51.775],[5.685,51.791],[5.663,51.795],[5.666,51.774],[5.67,51.761],[5.691,51.759],[5.711,51.775]]]},"properties":{"id":286958,"statcode":"WK083502","statnaam":"Wijk 02 Overlangel","jrstatcode":"1998WK083502","rubriek":"wijk","FID":"wijk_gegeneraliseerd_1998.a1739e06-3a2e-4ea3-bfd6-bdf7e4c1f064"},"id":"WK083502"},
{"type":"Feature","geometry":{"type":"Polygon","coordinates":[[[5.613,51.783],[5.654,51.801],[5.647,51.813],[5.598,51.828],[5.577,51.828],[5.588,51.817],[5.601,51.802],[5.587,51.787],[5.601,51.785],[5.613,51.783]]]},"properties":{"id":286959,"statcode":"WK083503","statnaam":"Wijk 03 Deursen en Dennenburg","jrstatcode":"1998WK083503","rubriek":"wijk","FID":"wijk_gegeneraliseerd_1998.2f7516c9-1840-478f-aba7-88a1368dcda1"},"id":"WK083503"},
{"type":"Feature","geometry":{"type":"Polygon","coordinates":[[[4.567,51.556],[4.533,51.549],[4.516,51.543],[4.514,51.518],[4.502,51.517],[4.499,51.502],[4.529,51.509],[4.543,51.517],[4.576,51.516],[4.584,51.54],[4.567,51.556]]]},"properties":{"id":286960,"statcode":"WK084000","statnaam":"Wijk 00 Rucphen","jrstatcode":"1998WK084000","rubriek":"wijk","FID":"wijk_gegeneraliseerd_1998.599f8936-dbe1-4ca4-91f6-9b79892e5af8"},"id":"WK084000"},
{"type":"Feature","geometry":{"type":"Polygon","coordinates":[[[4.584,51.54],[4.61,51.554],[4.592,51.561],[4.568,51.556],[4.567,51.556],[4.584,51.54]]]},"properties":{"id":286961,"statcode":"WK084001","statnaam":"Wijk 01 Sint Willebrord","jrstatcode":"1998WK084001","rubriek":"wijk","FID":"wijk_gegeneraliseerd_1998.fae8be28-b496-42c4-bace-12ffb82906ef"},"id":"WK084001"},
{"type":"Feature","geometry":{"type":"Polygon","coordinates":[[[4.584,51.54],[4.576,51.516],[4.58,51.511],[4.611,51.508],[4.639,51.524],[4.635,51.542],[4.61,51.554],[4.584,51.54]]]},"properties":{"id":286962,"statcode":"WK084002","statnaam":"Wijk 02 Sprundel","jrstatcode":"1998WK084002","rubriek":"wijk","FID":"wijk_gegeneraliseerd_1998.303abe55-5b33-425c-b4a8-e73119c15200"},"id":"WK084002"},
{"type":"Feature","geometry":{"type":"Polygon","coordinates":[[[4.58,51.511],[4.576,51.516],[4.543,51.517],[4.529,51.509],[4.499,51.502],[4.497,51.5],[4.487,51.477],[4.538,51.482],[4.548,51.473],[4.556,51.486],[4.572,51.483],[4.59,51.497],[4.58,51.511]]]},"properties":{"id":286963,"statcode":"WK084003","statnaam":"Wijk 03 Schijf","jrstatcode":"1998WK084003","rubriek":"wijk","FID":"wijk_gegeneraliseerd_1998.87ae9b66-c3aa-4a6f-b206-3dc74e065d74"},"id":"WK084003"},
{"type":"Feature","geometry":{"type":"Polygon","coordinates":[[[4.537,51.566],[4.509,51.569],[4.5,51.559],[4.498,51.55],[4.507,51.544],[4.516,51.543],[4.533,51.549],[4.537,51.566]]]},"properties":{"id":286964,"statcode":"WK084004","statnaam":"Wijk 04 Zegge","jrstatcode":"1998WK084004","rubriek":"wijk","FID":"wijk_gegeneraliseerd_1998.014f963f-a37a-48ca-b628-f8f0f07c8b4d"},"id":"WK084004"},
{"type":"Feature","geometry":{"type":"Polygon","coordinates":[[[5.432,51.614],[5.42,51.62],[5.434,51.627],[5.438,51.65],[5.424,51.654],[5.423,51.654],[5.396,51.645],[5.378,51.647],[5.371,51.633],[5.383,51.632],[5.39,51.605],[5.411,51.597],[5.444,51.607],[5.432,51.614]]]},"properties":{"id":286965,"statcode":"WK084400","statnaam":"Wijk 00 Schijndel-West","jrstatcode":"1998WK084400","rubriek":"wijk","FID":"wijk_gegeneraliseerd_1998.4b0146cc-5b80-46e2-b4d4-dcba8d953c1f"},"id":"WK084400"},
{"type":"Feature","geometry":{"type":"Polygon","coordinates":[[[5.432,51.614],[5.434,51.627],[5.42,51.62],[5.432,51.614]]]},"properties":{"id":286966,"statcode":"WK084401","statnaam":"Wijk 01 Schijndel-Centrum","jrstatcode":"1998WK084401","rubriek":"wijk","FID":"wijk_gegeneraliseerd_1998.e53266c8-d5c4-4a19-88f9-02a285103d61"},"id":"WK084401"},
{"type":"Feature","geometry":{"type":"Polygon","coordinates":[[[5.434,51.627],[5.432,51.614],[5.444,51.607],[5.411,51.597],[5.43,51.592],[5.469,51.602],[5.492,51.587],[5.485,51.606],[5.502,51.622],[5.497,51.627],[5.468,51.642],[5.438,51.65],[5.434,51.627]],[[5.469,51.615],[5.462,51.615],[5.465,51.62],[5.476,51.617],[5.469,51.615]]]},"properties":{"id":286967,"statcode":"WK084402","statnaam":"Wijk 02 Schijndel-Oost","jrstatcode":"1998WK084402","rubriek":"wijk","FID":"wijk_gegeneraliseerd_1998.63375717-9168-4504-9334-7aa10324fb0e"},"id":"WK084402"},
{"type":"Feature","geometry":{"type":"Polygon","coordinates":[[[5.469,51.615],[5.476,51.617],[5.465,51.62],[5.462,51.615],[5.469,51.615]]]},"properties":{"id":286968,"statcode":"WK084403","statnaam":"Wijk 03 Wijbosch","jrstatcode":"1998WK084403","rubriek":"wijk","FID":"wijk_gegeneraliseerd_1998.bafd0366-a676-4ce5-b146-549c191ae60d"},"id":"WK084403"},
{"type":"Feature","geometry":{"type":"Polygon","coordinates":[[[5.378,51.647],[5.369,51.657],[5.35,51.658],[5.336,51.668],[5.319,51.67],[5.304,51.666],[5.319,51.65],[5.318,51.635],[5.344,51.623],[5.371,51.633],[5.378,51.647]]]},"properties":{"id":286969,"statcode":"WK084500","statnaam":"Wijk 00 Sint-Michielsgestel","jrstatcode":"1998WK084500","rubriek":"wijk","FID":"wijk_gegeneraliseerd_1998.421572ad-7bd7-4a94-a18f-d7b711df8584"},"id":"WK084500"},
{"type":"Feature","geometry":{"type":"Polygon","coordinates":[[[5.371,51.633],[5.344,51.623],[5.332,51.611],[5.353,51.601],[5.378,51.602],[5.381,51.603],[5.39,51.605],[5.383,51.632],[5.371,51.633]]]},"properties":{"id":286970,"statcode":"WK084501","statnaam":"Wijk 01 Gemonde","jrstatcode":"1998WK084501","rubriek":"wijk","FID":"wijk_gegeneraliseerd_1998.18c7e8f9-38f8-4851-8954-83118d861d58"},"id":"WK084501"},
{"type":"Feature","geometry":{"type":"Polygon","coordinates":[[[5.336,51.668],[5.35,51.658],[5.369,51.657],[5.378,51.647],[5.396,51.645],[5.423,51.654],[5.399,51.664],[5.368,51.681],[5.336,51.668]]]},"properties":{"id":286971,"statcode":"WK084502","statnaam":"Wijk 02 Den Dungen","jrstatcode":"1998WK084502","rubriek":"wijk","FID":"wijk_gegeneraliseerd_1998.660ebf5e-806f-40a1-bc5e-64f990a51266"},"id":"WK084502"},
{"type":"Feature","geometry":{"type":"Polygon","coordinates":[[[5.43,51.701],[5.357,51.698],[5.368,51.681],[5.399,51.664],[5.414,51.674],[5.436,51.676],[5.445,51.689],[5.43,51.701]]]},"properties":{"id":286972,"statcode":"WK084503","statnaam":"Wijk 03 Berlicum","jrstatcode":"1998WK084503","rubriek":"wijk","FID":"wijk_gegeneraliseerd_1998.9e811324-70e7-4e55-8f5a-abe31a06cce3"},"id":"WK084503"},
{"type":"Feature","geometry":{"type":"Polygon","coordinates":[[[5.445,51.689],[5.436,51.676],[5.414,51.674],[5.399,51.664],[5.423,51.654],[5.424,51.654],[5.445,51.664],[5.457,51.688],[5.445,51.689]]]},"properties":{"id":286973,"statcode":"WK084504","statnaam":"Wijk 04 Middelrode","jrstatcode":"1998WK084504","rubriek":"wijk","FID":"wijk_gegeneraliseerd_1998.b1eb8c6f-6747-48a4-92ae-dc451dce265b"},"id":"WK084504"},
{"type":"Feature","geometry":{"type":"Polygon","coordinates":[[[5.459,51.547],[5.469,51.562],[5.491,51.56],[5.526,51.567],[5.549,51.566],[5.524,51.584],[5.501,51.587],[5.492,51.587],[5.469,51.602],[5.43,51.592],[5.437,51.576],[5.427,51.564],[5.445,51.562],[5.459,51.547]]]},"properties":{"id":286974,"statcode":"WK084600","statnaam":"Wijk 00 Sint-Oedenrode","jrstatcode":"1998WK084600","rubriek":"wijk","FID":"wijk_gegeneraliseerd_1998.b31ce813-a1fe-4e65-a8fd-3ad4d6e44b48"},"id":"WK084600"},
{"type":"Feature","geometry":{"type":"Polygon","coordinates":[[[5.5,51.521],[5.531,51.525],[5.547,51.538],[5.545,51.558],[5.549,51.566],[5.526,51.567],[5.491,51.56],[5.469,51.562],[5.459,51.547],[5.457,51.538],[5.487,51.542],[5.5,51.521]]]},"properties":{"id":286975,"statcode":"WK084601","statnaam":"Wijk 01 Nijnsel","jrstatcode":"1998WK084601","rubriek":"wijk","FID":"wijk_gegeneraliseerd_1998.210474ff-152c-4ad8-a5c2-b55ddfd2c018"},"id":"WK084601"},
{"type":"Feature","geometry":{"type":"Polygon","coordinates":[[[5.403,51.572],[5.404,51.548],[5.424,51.534],[5.457,51.538],[5.459,51.547],[5.445,51.562],[5.427,51.564],[5.403,51.572]]]},"properties":{"id":286976,"statcode":"WK084602","statnaam":"Wijk 02 Boskant","jrstatcode":"1998WK084602","rubriek":"wijk","FID":"wijk_gegeneraliseerd_1998.dddb31b4-972a-48c8-bbfb-9de1bc77e611"},"id":"WK084602"},
{"type":"Feature","geometry":{"type":"Polygon","coordinates":[[[5.39,51.605],[5.381,51.603],[5.383,51.598],[5.403,51.572],[5.427,51.564],[5.437,51.576],[5.43,51.592],[5.411,51.597],[5.39,51.605]]]},"properties":{"id":286977,"statcode":"WK084603","statnaam":"Wijk 03 Olland","jrstatcode":"1998WK084603","rubriek":"wijk","FID":"wijk_gegeneraliseerd_1998.445bc7a7-182d-4c26-92e5-8a7bd1716c65"},"id":"WK084603"},
{"type":"Feature","geometry":{"type":"Polygon","coordinates":[[[5.702,51.365],[5.739,51.375],[5.736,51.39],[5.705,51.41],[5.701,51.419],[5.679,51.398],[5.657,51.393],[5.663,51.379],[5.694,51.373],[5.702,51.365]]]},"properties":{"id":286978,"statcode":"WK084700","statnaam":"Wijk 00 Someren","jrstatcode":"1998WK084700","rubriek":"wijk","FID":"wijk_gegeneraliseerd_1998.410eb662-8fae-4e11-a18e-0e60e643be96"},"id":"WK084700"},
{"type":"Feature","geometry":{"type":"Polygon","coordinates":[[[5.656,51.455],[5.644,51.44],[5.639,51.422],[5.639,51.389],[5.657,51.393],[5.679,51.398],[5.701,51.419],[5.7,51.422],[5.694,51.439],[5.682,51.449],[5.665,51.446],[5.656,51.455]]]},"properties":{"id":286979,"statcode":"WK084701","statnaam":"Wijk 01 Lierop","jrstatcode":"1998WK084701","rubriek":"wijk","FID":"wijk_gegeneraliseerd_1998.dfe7fe11-5c99-403f-b6fc-f2027e4d297b"},"id":"WK084701"},
{"type":"Feature","geometry":{"type":"Polygon","coordinates":[[[5.745,51.371],[5.739,51.375],[5.702,51.365],[5.698,51.351],[5.714,51.323],[5.746,51.329],[5.76,51.332],[5.77,51.334],[5.745,51.371]]]},"properties":{"id":286980,"statcode":"WK084702","statnaam":"Wijk 02 Someren-Eind","jrstatcode":"1998WK084702","rubriek":"wijk","FID":"wijk_gegeneraliseerd_1998.55c6f2af-6368-4880-a2c1-408e96a6b48a"},"id":"WK084702"},
{"type":"Feature","geometry":{"type":"Polygon","coordinates":[[[5.657,51.393],[5.639,51.389],[5.655,51.354],[5.672,51.315],[5.714,51.323],[5.698,51.351],[5.702,51.365],[5.694,51.373],[5.663,51.379],[5.657,51.393]]]},"properties":{"id":286981,"statcode":"WK084703","statnaam":"Wijk 03 Somerense Heide","jrstatcode":"1998WK084703","rubriek":"wijk","FID":"wijk_gegeneraliseerd_1998.73491c08-7e43-4651-b7f5-d00adc19b59b"},"id":"WK084703"},
{"type":"Feature","geometry":{"type":"Polygon","coordinates":[[[5.672,51.458],[5.656,51.457],[5.656,51.455],[5.665,51.446],[5.682,51.449],[5.672,51.458]]]},"properties":{"id":286982,"statcode":"WK084709","statnaam":"Wijk 09","jrstatcode":"1998WK084709","rubriek":"wijk","FID":"wijk_gegeneraliseerd_1998.4451cf40-ffbd-40fa-bbc2-bdfca54b12fd"},"id":"WK084709"},
{"type":"Feature","geometry":{"type":"Polygon","coordinates":[[[5.51,51.499],[5.497,51.51],[5.5,51.521],[5.487,51.542],[5.457,51.538],[5.424,51.534],[5.447,51.512],[5.436,51.492],[5.479,51.497],[5.511,51.497],[5.51,51.499]]]},"properties":{"id":286983,"statcode":"WK084800","statnaam":"Wijk 00 Son","jrstatcode":"1998WK084800","rubriek":"wijk","FID":"wijk_gegeneraliseerd_1998.3401c889-ada8-423a-879e-354f3e39b69d"},"id":"WK084800"},
{"type":"Feature","geometry":{"type":"Polygon","coordinates":[[[5.5,51.521],[5.497,51.51],[5.51,51.499],[5.533,51.505],[5.546,51.513],[5.531,51.525],[5.5,51.521]]]},"properties":{"id":286984,"statcode":"WK084801","statnaam":"Wijk 01 Breugel","jrstatcode":"1998WK084801","rubriek":"wijk","FID":"wijk_gegeneraliseerd_1998.103a4b4b-d98e-4924-8e4b-b2161cb01873"},"id":"WK084801"},
{"type":"Feature","geometry":{"type":"Polygon","coordinates":[[[4.312,51.608],[4.29,51.591],[4.264,51.604],[4.248,51.602],[4.262,51.583],[4.252,51.571],[4.318,51.551],[4.362,51.546],[4.333,51.579],[4.332,51.587],[4.373,51.593],[4.38,51.599],[4.363,51.605],[4.328,51.601],[4.312,51.608]]]},"properties":{"id":286985,"statcode":"WK085100","statnaam":"Wijk 00 Steenbergen","jrstatcode":"1998WK085100","rubriek":"wijk","FID":"wijk_gegeneraliseerd_1998.ee873320-286d-4fe2-92fd-da105885c059"},"id":"WK085100"},
{"type":"Feature","geometry":{"type":"Polygon","coordinates":[[[4.38,51.599],[4.373,51.593],[4.332,51.587],[4.333,51.579],[4.362,51.546],[4.374,51.544],[4.378,51.544],[4.411,51.552],[4.441,51.559],[4.444,51.569],[4.43,51.59],[4.409,51.6],[4.38,51.599]]]},"properties":{"id":286986,"statcode":"WK085101","statnaam":"Wijk 01 Kruisland","jrstatcode":"1998WK085101","rubriek":"wijk","FID":"wijk_gegeneraliseerd_1998.cb9064a6-178f-4fa1-b336-9e8c44454020"},"id":"WK085101"},
{"type":"Feature","geometry":{"type":"Polygon","coordinates":[[[4.237,51.634],[4.214,51.628],[4.192,51.609],[4.245,51.605],[4.248,51.602],[4.264,51.604],[4.29,51.591],[4.312,51.608],[4.283,51.612],[4.255,51.625],[4.253,51.632],[4.237,51.634]]]},"properties":{"id":286987,"statcode":"WK085102","statnaam":"Wijk 02 De Heen","jrstatcode":"1998WK085102","rubriek":"wijk","FID":"wijk_gegeneraliseerd_1998.452ed1d7-3c0d-430a-8943-f291ce8d73cf"},"id":"WK085102"},
{"type":"Feature","geometry":{"type":"Polygon","coordinates":[[[4.429,51.623],[4.369,51.659],[4.35,51.648],[4.291,51.64],[4.253,51.632],[4.255,51.625],[4.283,51.612],[4.312,51.608],[4.328,51.601],[4.363,51.605],[4.38,51.599],[4.409,51.6],[4.43,51.59],[4.429,51.594],[4.427,51.612],[4.438,51.617],[4.429,51.623]]]},"properties":{"id":286988,"statcode":"WK085103","statnaam":"Wijk 03 Dinteloord","jrstatcode":"1998WK085103","rubriek":"wijk","FID":"wijk_gegeneraliseerd_1998.cdee5427-0646-46e2-b58e-f4d2d3dd773d"},"id":"WK085103"},
{"type":"Feature","geometry":{"type":"Polygon","coordinates":[[[4.192,51.609],[4.191,51.606],[4.199,51.586],[4.23,51.562],[4.236,51.55],[4.252,51.571],[4.262,51.583],[4.248,51.602],[4.245,51.605],[4.192,51.609]]]},"properties":{"id":286989,"statcode":"WK085104","statnaam":"Wijk 04 Nieuw-Vossemeer","jrstatcode":"1998WK085104","rubriek":"wijk","FID":"wijk_gegeneraliseerd_1998.bd165df7-b12c-427a-8871-71069d66a3d2"},"id":"WK085104"},
{"type":"Feature","geometry":{"type":"Polygon","coordinates":[[[5.048,52.448],[5.033,52.466],[5.013,52.472],[5.025,52.485],[4.998,52.495],[4.976,52.473],[4.981,52.462],[4.966,52.452],[4.969,52.449],[5.009,52.454],[5.048,52.448]]]},"properties":{"id":286990,"statcode":"WK085200","statnaam":"Wijk 00 Monnickendam","jrstatcode":"1998WK085200","rubriek":"wijk","FID":"wijk_gegeneraliseerd_1998.28ead33a-007f-4f52-9af0-99f23b956038"},"id":"WK085200"},
{"type":"Feature","geometry":{"type":"Polygon","coordinates":[[[5.058,52.491],[5.031,52.488],[5.025,52.485],[5.013,52.472],[5.033,52.466],[5.062,52.468],[5.059,52.486],[5.058,52.491]]]},"properties":{"id":286991,"statcode":"WK085201","statnaam":"Wijk 01 Katwoude","jrstatcode":"1998WK085201","rubriek":"wijk","FID":"wijk_gegeneraliseerd_1998.429f13f0-a293-417a-ad09-0393e45958cd"},"id":"WK085201"},
{"type":"Feature","geometry":{"type":"Polygon","coordinates":[[[5.095,52.448],[5.122,52.455],[5.104,52.468],[5.094,52.449],[5.095,52.448]]]},"properties":{"id":286992,"statcode":"WK085202","statnaam":"Wijk 02 Marken","jrstatcode":"1998WK085202","rubriek":"wijk","FID":"wijk_gegeneraliseerd_1998.cbd9c8cf-b77a-4216-a573-d5f70f77bb1f"},"id":"WK085202"},
{"type":"Feature","geometry":{"type":"Polygon","coordinates":[[[5.048,52.448],[5.009,52.454],[4.969,52.449],[4.976,52.424],[5,52.425],[5.049,52.415],[5.068,52.416],[5.092,52.437],[5.095,52.448],[5.094,52.449],[5.078,52.437],[5.049,52.439],[5.048,52.448]]]},"properties":{"id":286993,"statcode":"WK085203","statnaam":"Wijk 03 Broek in Waterland","jrstatcode":"1998WK085203","rubriek":"wijk","FID":"wijk_gegeneraliseerd_1998.895345de-5747-4790-bd7e-1cd82446b642"},"id":"WK085203"},
{"type":"Feature","geometry":{"type":"Polygon","coordinates":[[[4.954,52.483],[4.948,52.484],[4.949,52.448],[4.966,52.452],[4.981,52.462],[4.976,52.473],[4.958,52.471],[4.954,52.483]]]},"properties":{"id":286994,"statcode":"WK085204","statnaam":"Wijk 04 Ilpendam","jrstatcode":"1998WK085204","rubriek":"wijk","FID":"wijk_gegeneraliseerd_1998.4d929766-c17b-477f-b10a-098e9eb411d6"},"id":"WK085204"},
{"type":"Feature","geometry":{"type":"Polygon","coordinates":[[[4.969,52.449],[4.966,52.452],[4.949,52.448],[4.948,52.422],[4.976,52.424],[4.969,52.449]]]},"properties":{"id":286995,"statcode":"WK085205","statnaam":"Wijk 05 Watergang","jrstatcode":"1998WK085205","rubriek":"wijk","FID":"wijk_gegeneraliseerd_1998.758a94cb-2d7c-4e43-8fe0-ac824ce1c194"},"id":"WK085205"},
{"type":"Feature","geometry":{"type":"Polygon","coordinates":[[[5.077,51.561],[5.079,51.553],[5.09,51.553],[5.092,51.56],[5.077,51.561]]]},"properties":{"id":286996,"statcode":"WK085500","statnaam":"Wijk 00 Centrum","jrstatcode":"1998WK085500","rubriek":"wijk","FID":"wijk_gegeneraliseerd_1998.b4f60e7b-44ae-4759-b61f-165220665a98"},"id":"WK085500"},
{"type":"Feature","geometry":{"type":"Polygon","coordinates":[[[5.065,51.563],[5.057,51.547],[5.092,51.544],[5.115,51.553],[5.109,51.562],[5.092,51.56],[5.09,51.553],[5.079,51.553],[5.077,51.561],[5.065,51.563]]]},"properties":{"id":286997,"statcode":"WK085501","statnaam":"Wijk 01 Oud-zuid","jrstatcode":"1998WK085501","rubriek":"wijk","FID":"wijk_gegeneraliseerd_1998.e381afec-ef3d-4e2c-b222-5c41bc35b8d1"},"id":"WK085501"},
{"type":"Feature","geometry":{"type":"Polygon","coordinates":[[[5.066,51.579],[5.065,51.563],[5.077,51.561],[5.092,51.56],[5.109,51.562],[5.096,51.574],[5.066,51.579]]]},"properties":{"id":286998,"statcode":"WK085502","statnaam":"Wijk 02 Oud-noord","jrstatcode":"1998WK085502","rubriek":"wijk","FID":"wijk_gegeneraliseerd_1998.6d267769-7cfd-4977-baca-8a1a211509fc"},"id":"WK085502"},
{"type":"Feature","geometry":{"type":"Polygon","coordinates":[[[5.065,51.563],[5.066,51.579],[5.028,51.583],[5.018,51.561],[5.041,51.558],[5.057,51.547],[5.065,51.563]]]},"properties":{"id":286999,"statcode":"WK085503","statnaam":"Wijk 03 West","jrstatcode":"1998WK085503","rubriek":"wijk","FID":"wijk_gegeneraliseerd_1998.8bb6f716-5000-4a93-85ea-76d41972b4ba"},"id":"WK085503"},
{"type":"Feature","geometry":{"type":"Polygon","coordinates":[[[5.066,51.579],[5.096,51.574],[5.116,51.581],[5.129,51.594],[5.1,51.618],[5.094,51.611],[5.045,51.611],[5.04,51.606],[5.004,51.608],[4.95,51.612],[5.028,51.583],[5.066,51.579]]]},"properties":{"id":287000,"statcode":"WK085504","statnaam":"Wijk 04 Noord","jrstatcode":"1998WK085504","rubriek":"wijk","FID":"wijk_gegeneraliseerd_1998.901c8092-17f7-4839-80d8-2a11f008b079"},"id":"WK085504"},
{"type":"Feature","geometry":{"type":"Polygon","coordinates":[[[5.119,51.545],[5.128,51.56],[5.116,51.581],[5.096,51.574],[5.109,51.562],[5.115,51.553],[5.119,51.546],[5.119,51.545]]]},"properties":{"id":287001,"statcode":"WK085505","statnaam":"Wijk 05 Oost","jrstatcode":"1998WK085505","rubriek":"wijk","FID":"wijk_gegeneraliseerd_1998.ba51dcb6-c3d0-45a6-b7c2-9c2034b2b89d"},"id":"WK085505"},
{"type":"Feature","geometry":{"type":"Polygon","coordinates":[[[5.115,51.553],[5.092,51.544],[5.057,51.547],[5.041,51.558],[5.018,51.561],[4.968,51.569],[4.954,51.562],[4.975,51.54],[5.023,51.538],[5.03,51.529],[5.053,51.53],[5.056,51.529],[5.083,51.531],[5.1,51.531],[5.119,51.546],[5.115,51.553]]]},"properties":{"id":287002,"statcode":"WK085506","statnaam":"Wijk 06 Zuid","jrstatcode":"1998WK085506","rubriek":"wijk","FID":"wijk_gegeneraliseerd_1998.6c1632a0-b9dc-4407-978c-f4b7f02d1116"},"id":"WK085506"},
{"type":"Feature","geometry":{"type":"Polygon","coordinates":[[[5.148,51.547],[5.137,51.563],[5.151,51.58],[5.17,51.592],[5.146,51.602],[5.129,51.594],[5.116,51.581],[5.128,51.56],[5.119,51.545],[5.13,51.53],[5.148,51.547]]]},"properties":{"id":287003,"statcode":"WK085507","statnaam":"Wijk 00 Berkel-Enschot","jrstatcode":"1998WK085507","rubriek":"wijk","FID":"wijk_gegeneraliseerd_1998.c4a3b460-56ae-471d-b165-24fc8901cee1"},"id":"WK085507"},
{"type":"Feature","geometry":{"type":"Polygon","coordinates":[[[4.973,51.593],[4.968,51.569],[5.018,51.561],[5.028,51.583],[4.95,51.612],[4.948,51.611],[4.968,51.603],[4.973,51.593]]]},"properties":{"id":287004,"statcode":"WK085508","statnaam":"Wijk 08 Reeshof","jrstatcode":"1998WK085508","rubriek":"wijk","FID":"wijk_gegeneraliseerd_1998.5a05d539-3d9c-4fd2-986c-964f186fac99"},"id":"WK085508"},
{"type":"Feature","geometry":{"type":"Polygon","coordinates":[[[5.146,51.641],[5.106,51.636],[5.1,51.618],[5.129,51.594],[5.146,51.602],[5.17,51.592],[5.18,51.598],[5.169,51.619],[5.146,51.641]]]},"properties":{"id":287005,"statcode":"WK085509","statnaam":"Wijk 09 Udenhout","jrstatcode":"1998WK085509","rubriek":"wijk","FID":"wijk_gegeneraliseerd_1998.9274f94d-f0a7-4dcc-9c55-eb735b529717"},"id":"WK085509"},
{"type":"Feature","geometry":{"type":"Polygon","coordinates":[[[5.634,51.625],[5.637,51.648],[5.672,51.667],[5.623,51.699],[5.624,51.704],[5.597,51.702],[5.601,51.697],[5.573,51.676],[5.562,51.663],[5.57,51.651],[5.602,51.629],[5.627,51.623],[5.634,51.625]]]},"properties":{"id":287006,"statcode":"WK085600","statnaam":"Wijk 00 Uden","jrstatcode":"1998WK085600","rubriek":"wijk","FID":"wijk_gegeneraliseerd_1998.317280cd-3b3c-480d-b1c8-2a219c5f4cb6"},"id":"WK085600"},
{"type":"Feature","geometry":{"type":"Polygon","coordinates":[[[5.716,51.671],[5.672,51.667],[5.637,51.648],[5.634,51.625],[5.677,51.628],[5.693,51.647],[5.719,51.656],[5.734,51.652],[5.731,51.674],[5.716,51.671]]]},"properties":{"id":287007,"statcode":"WK085601","statnaam":"Wijk 01 Volkel","jrstatcode":"1998WK085601","rubriek":"wijk","FID":"wijk_gegeneraliseerd_1998.7d45d192-c630-4425-a9d1-adb098ded483"},"id":"WK085601"},
{"type":"Feature","geometry":{"type":"Polygon","coordinates":[[[5.734,51.652],[5.719,51.656],[5.693,51.647],[5.677,51.628],[5.709,51.626],[5.751,51.623],[5.748,51.633],[5.743,51.65],[5.734,51.652]]]},"properties":{"id":287008,"statcode":"WK085602","statnaam":"Wijk 02 Odiliapeel","jrstatcode":"1998WK085602","rubriek":"wijk","FID":"wijk_gegeneraliseerd_1998.8664be88-2009-44b9-b381-795953a01171"},"id":"WK085602"},
{"type":"Feature","geometry":{"type":"Polygon","coordinates":[[[5.437,51.366],[5.441,51.344],[5.423,51.336],[5.434,51.324],[5.458,51.317],[5.489,51.318],[5.474,51.334],[5.496,51.347],[5.494,51.354],[5.527,51.367],[5.516,51.378],[5.437,51.366]]]},"properties":{"id":287009,"statcode":"WK085800","statnaam":"Wijk 00 Valkenswaard","jrstatcode":"1998WK085800","rubriek":"wijk","FID":"wijk_gegeneraliseerd_1998.f5d0c5fe-3d8d-4098-84cc-9d7100fbba09"},"id":"WK085800"},
{"type":"Feature","geometry":{"type":"Polygon","coordinates":[[[5.437,51.366],[5.423,51.375],[5.422,51.353],[5.423,51.336],[5.441,51.344],[5.437,51.366]]]},"properties":{"id":287010,"statcode":"WK085801","statnaam":"Wijk 01 Kloosterakkers en Dommelen","jrstatcode":"1998WK085801","rubriek":"wijk","FID":"wijk_gegeneraliseerd_1998.f075fa2b-61e5-48fc-a2d2-15e540529e5f"},"id":"WK085801"},
{"type":"Feature","geometry":{"type":"Polygon","coordinates":[[[5.434,51.324],[5.397,51.312],[5.388,51.285],[5.417,51.262],[5.442,51.282],[5.465,51.285],[5.485,51.3],[5.489,51.318],[5.458,51.317],[5.434,51.324]]]},"properties":{"id":287011,"statcode":"WK085802","statnaam":"Wijk 02 Borkel en Schaft","jrstatcode":"1998WK085802","rubriek":"wijk","FID":"wijk_gegeneraliseerd_1998.88e49eb7-8aa9-4332-ade1-bd06cb61476d"},"id":"WK085802"},
{"type":"Feature","geometry":{"type":"Polygon","coordinates":[[[5.586,51.615],[5.557,51.646],[5.543,51.639],[5.524,51.631],[5.505,51.636],[5.497,51.627],[5.502,51.622],[5.52,51.601],[5.533,51.608],[5.564,51.592],[5.579,51.595],[5.586,51.615]]]},"properties":{"id":287012,"statcode":"WK086000","statnaam":"Wijk 00 Veghel","jrstatcode":"1998WK086000","rubriek":"wijk","FID":"wijk_gegeneraliseerd_1998.34100dd9-afec-4f84-bfd2-7d8878ebe2e0"},"id":"WK086000"},
{"type":"Feature","geometry":{"type":"Polygon","coordinates":[[[5.602,51.629],[5.57,51.651],[5.557,51.646],[5.586,51.615],[5.602,51.629]]]},"properties":{"id":287013,"statcode":"WK086001","statnaam":"Wijk 01 Mariaheide","jrstatcode":"1998WK086001","rubriek":"wijk","FID":"wijk_gegeneraliseerd_1998.f702c6dd-a748-43ae-8091-0e48e332cbb1"},"id":"WK086001"},
{"type":"Feature","geometry":{"type":"Polygon","coordinates":[[[5.584,51.563],[5.558,51.573],[5.564,51.592],[5.533,51.608],[5.52,51.601],[5.501,51.587],[5.524,51.584],[5.549,51.566],[5.545,51.558],[5.584,51.563]]]},"properties":{"id":287014,"statcode":"WK086002","statnaam":"Wijk 02 Zijtaart","jrstatcode":"1998WK086002","rubriek":"wijk","FID":"wijk_gegeneraliseerd_1998.80a684fd-a0f0-41ef-92a2-4d447ad8e966"},"id":"WK086002"},
{"type":"Feature","geometry":{"type":"Polygon","coordinates":[[[5.52,51.601],[5.502,51.622],[5.485,51.606],[5.492,51.587],[5.501,51.587],[5.52,51.601]]]},"properties":{"id":287015,"statcode":"WK086003","statnaam":"Wijk 03 Eerde","jrstatcode":"1998WK086003","rubriek":"wijk","FID":"wijk_gegeneraliseerd_1998.168a59a1-9e6c-4f81-bbfb-e4231197332a"},"id":"WK086003"},
{"type":"Feature","geometry":{"type":"Polygon","coordinates":[[[5.651,51.582],[5.643,51.606],[5.627,51.623],[5.602,51.629],[5.586,51.615],[5.579,51.595],[5.602,51.594],[5.616,51.576],[5.656,51.574],[5.651,51.582]]]},"properties":{"id":287016,"statcode":"WK086004","statnaam":"Wijk 04 Erp","jrstatcode":"1998WK086004","rubriek":"wijk","FID":"wijk_gegeneraliseerd_1998.17328068-e965-4c1e-ab73-4967650bde61"},"id":"WK086004"},
{"type":"Feature","geometry":{"type":"Polygon","coordinates":[[[5.564,51.592],[5.558,51.573],[5.584,51.563],[5.608,51.56],[5.595,51.57],[5.616,51.576],[5.602,51.594],[5.579,51.595],[5.564,51.592]]]},"properties":{"id":287017,"statcode":"WK086005","statnaam":"Wijk 05 Keldonk","jrstatcode":"1998WK086005","rubriek":"wijk","FID":"wijk_gegeneraliseerd_1998.4e32f309-0454-463d-a0d8-d7def65f756d"},"id":"WK086005"},
{"type":"Feature","geometry":{"type":"Polygon","coordinates":[[[5.614,51.555],[5.622,51.553],[5.653,51.57],[5.656,51.574],[5.616,51.576],[5.595,51.57],[5.608,51.56],[5.614,51.555]]]},"properties":{"id":287018,"statcode":"WK086006","statnaam":"Wijk 06 Boerdonk","jrstatcode":"1998WK086006","rubriek":"wijk","FID":"wijk_gegeneraliseerd_1998.abcfc5f0-2ce9-4f47-8dcb-ed567d282aa4"},"id":"WK086006"},
{"type":"Feature","geometry":{"type":"Polygon","coordinates":[[[5.428,51.403],[5.428,51.422],[5.418,51.433],[5.415,51.43],[5.383,51.42],[5.386,51.406],[5.371,51.398],[5.374,51.389],[5.389,51.376],[5.422,51.383],[5.428,51.403]]]},"properties":{"id":287019,"statcode":"WK086100","statnaam":"Wijk 00 Veldhoven","jrstatcode":"1998WK086100","rubriek":"wijk","FID":"wijk_gegeneraliseerd_1998.b9a43002-cd37-4067-bbda-bb76a5df192f"},"id":"WK086100"},
{"type":"Feature","geometry":{"type":"Polygon","coordinates":[[[5.402,51.435],[5.379,51.433],[5.383,51.42],[5.415,51.43],[5.402,51.435]]]},"properties":{"id":287020,"statcode":"WK086101","statnaam":"Wijk 01 Noordelijk Woongebied","jrstatcode":"1998WK086101","rubriek":"wijk","FID":"wijk_gegeneraliseerd_1998.03aa2951-a528-459f-b3c5-05381b04539d"},"id":"WK086101"},
{"type":"Feature","geometry":{"type":"Polygon","coordinates":[[[5.322,51.409],[5.354,51.409],[5.371,51.398],[5.386,51.406],[5.383,51.42],[5.379,51.433],[5.402,51.435],[5.357,51.438],[5.34,51.426],[5.32,51.424],[5.322,51.409]]]},"properties":{"id":287021,"statcode":"WK086102","statnaam":"Wijk 02 Oerle","jrstatcode":"1998WK086102","rubriek":"wijk","FID":"wijk_gegeneraliseerd_1998.53ac25a9-01d8-4ad7-b89c-f5db72b6653b"},"id":"WK086102"},
{"type":"Feature","geometry":{"type":"Polygon","coordinates":[[[5.285,51.68],[5.245,51.684],[5.226,51.69],[5.223,51.674],[5.205,51.67],[5.253,51.669],[5.266,51.647],[5.304,51.652],[5.302,51.662],[5.304,51.668],[5.292,51.674],[5.285,51.68]]]},"properties":{"id":287022,"statcode":"WK086500","statnaam":"Wijk 00 Vught","jrstatcode":"1998WK086500","rubriek":"wijk","FID":"wijk_gegeneraliseerd_1998.79ab3d6d-9ceb-4a89-b61c-96ce8af14550"},"id":"WK086500"},
{"type":"Feature","geometry":{"type":"Polygon","coordinates":[[[5.304,51.668],[5.302,51.662],[5.304,51.652],[5.266,51.647],[5.251,51.639],[5.26,51.628],[5.278,51.619],[5.304,51.625],[5.311,51.634],[5.318,51.635],[5.319,51.65],[5.304,51.666],[5.319,51.67],[5.304,51.668]]]},"properties":{"id":287023,"statcode":"WK086501","statnaam":"Wijk 01 Vught-Zuid","jrstatcode":"1998WK086501","rubriek":"wijk","FID":"wijk_gegeneraliseerd_1998.17ba1c92-5073-4246-addd-930768a6734d"},"id":"WK086501"},
{"type":"Feature","geometry":{"type":"Polygon","coordinates":[[[5.266,51.647],[5.253,51.669],[5.205,51.67],[5.243,51.649],[5.251,51.639],[5.266,51.647]]]},"properties":{"id":287024,"statcode":"WK086502","statnaam":"Wijk 02 Cromvoirt","jrstatcode":"1998WK086502","rubriek":"wijk","FID":"wijk_gegeneraliseerd_1998.f523d54b-f51b-43da-8c69-5de7038a98a4"},"id":"WK086502"},
{"type":"Feature","geometry":{"type":"Polygon","coordinates":[[[5.505,51.4],[5.477,51.405],[5.436,51.405],[5.428,51.403],[5.422,51.383],[5.423,51.375],[5.437,51.366],[5.516,51.378],[5.505,51.4]]]},"properties":{"id":287025,"statcode":"WK086600","statnaam":"Wijk 00 Waalre","jrstatcode":"1998WK086600","rubriek":"wijk","FID":"wijk_gegeneraliseerd_1998.3287b6c2-070a-48fd-a2f9-02fee003b6e3"},"id":"WK086600"},
{"type":"Feature","geometry":{"type":"Polygon","coordinates":[[[5.105,51.69],[5.11,51.708],[5.082,51.722],[5.076,51.719],[5.04,51.711],[5.04,51.707],[5.066,51.71],[5.069,51.694],[5.041,51.689],[5.042,51.687],[5.061,51.684],[5.056,51.672],[5.058,51.668],[5.101,51.677],[5.105,51.69]]]},"properties":{"id":287026,"statcode":"WK086700","statnaam":"Wijk 00 Waalwijk","jrstatcode":"1998WK086700","rubriek":"wijk","FID":"wijk_gegeneraliseerd_1998.2fe98608-e15d-4d57-9eaf-007149d415b7"},"id":"WK086700"},
{"type":"Feature","geometry":{"type":"MultiPolygon","coordinates":[[[[5.041,51.689],[5.069,51.694],[5.066,51.71],[5.04,51.707],[5.041,51.689]]],[[[5.042,51.687],[5.056,51.672],[5.061,51.684],[5.042,51.687]]]]},"properties":{"id":287027,"statcode":"WK086701","statnaam":" ","jrstatcode":"1998WK086701","rubriek":"wijk","FID":"wijk_gegeneraliseerd_1998.fa07fad6-fa66-4f5c-bc01-6fb634a24e1c"},"id":"WK086701"},
{"type":"Feature","geometry":{"type":"Polygon","coordinates":[[[5.04,51.711],[5.025,51.711],[5.026,51.668],[5.049,51.662],[5.058,51.668],[5.056,51.672],[5.042,51.687],[5.041,51.689],[5.04,51.707],[5.04,51.711]]]},"properties":{"id":287028,"statcode":"WK086702","statnaam":"Wijk 02 Sprang","jrstatcode":"1998WK086702","rubriek":"wijk","FID":"wijk_gegeneraliseerd_1998.23cab6c2-2efe-4459-a00f-6ba02c717845"},"id":"WK086702"},
{"type":"Feature","geometry":{"type":"Polygon","coordinates":[[[5.026,51.668],[5.025,51.711],[5.01,51.713],[4.998,51.715],[4.999,51.675],[5.018,51.67],[5.026,51.668]]]},"properties":{"id":287029,"statcode":"WK086703","statnaam":"Wijk 03 Vrijhoeve","jrstatcode":"1998WK086703","rubriek":"wijk","FID":"wijk_gegeneraliseerd_1998.5fa1a061-db2b-4d01-aa84-8ceef9eef8e1"},"id":"WK086703"},
{"type":"Feature","geometry":{"type":"Polygon","coordinates":[[[4.97,51.721],[4.971,51.695],[4.965,51.68],[4.979,51.654],[4.987,51.655],[4.99,51.668],[4.999,51.675],[4.998,51.715],[4.989,51.717],[4.97,51.721]]]},"properties":{"id":287030,"statcode":"WK086704","statnaam":"Wijk 04 Capelle/Nieuwe Vaart","jrstatcode":"1998WK086704","rubriek":"wijk","FID":"wijk_gegeneraliseerd_1998.a264ba41-9b03-4819-b250-ad3fb65fc416"},"id":"WK086704"},
{"type":"Feature","geometry":{"type":"Polygon","coordinates":[[[4.918,51.72],[4.933,51.677],[4.944,51.679],[4.965,51.68],[4.971,51.695],[4.97,51.721],[4.919,51.72],[4.918,51.72]]]},"properties":{"id":287031,"statcode":"WK086705","statnaam":"Wijk 05 Waspik","jrstatcode":"1998WK086705","rubriek":"wijk","FID":"wijk_gegeneraliseerd_1998.e45e6d9f-ab9e-405b-b79f-a9161b3e0cf1"},"id":"WK086705"},
{"type":"Feature","geometry":{"type":"Polygon","coordinates":[[[4.965,51.68],[4.944,51.679],[4.954,51.671],[4.958,51.651],[4.979,51.654],[4.965,51.68]]]},"properties":{"id":287032,"statcode":"WK086706","statnaam":"Wijk 06 Waspik-Zuid","jrstatcode":"1998WK086706","rubriek":"wijk","FID":"wijk_gegeneraliseerd_1998.ab7fe609-6409-4d4e-ae1f-1b6c0fb1fcd4"},"id":"WK086706"},
{"type":"Feature","geometry":{"type":"Polygon","coordinates":[[[4.912,51.826],[4.885,51.817],[4.846,51.799],[4.822,51.799],[4.783,51.794],[4.756,51.776],[4.764,51.764],[4.786,51.757],[4.846,51.757],[4.853,51.751],[4.883,51.761],[4.879,51.765],[4.906,51.793],[4.932,51.789],[4.938,51.8],[4.912,51.826]]]},"properties":{"id":287033,"statcode":"WK087000","statnaam":"Wijk 00 Werkendam","jrstatcode":"1998WK087000","rubriek":"wijk","FID":"wijk_gegeneraliseerd_1998.33914598-027d-4421-b4d0-553dfd4c8a35"},"id":"WK087000"},
{"type":"Feature","geometry":{"type":"Polygon","coordinates":[[[4.956,51.797],[4.97,51.824],[4.927,51.828],[4.912,51.826],[4.938,51.8],[4.956,51.797]]]},"properties":{"id":287034,"statcode":"WK087001","statnaam":"Wijk 01 Sleeuwijk","jrstatcode":"1998WK087001","rubriek":"wijk","FID":"wijk_gegeneraliseerd_1998.92bbdb29-a4a3-4107-88d8-2469a8270f47"},"id":"WK087001"},
{"type":"Feature","geometry":{"type":"Polygon","coordinates":[[[4.883,51.761],[4.933,51.755],[4.932,51.789],[4.906,51.793],[4.879,51.765],[4.883,51.761]]]},"properties":{"id":287035,"statcode":"WK087002","statnaam":"Wijk 02 Nieuwendijk","jrstatcode":"1998WK087002","rubriek":"wijk","FID":"wijk_gegeneraliseerd_1998.60c7d14b-3783-4aa9-9fc5-e9ff82dd92a3"},"id":"WK087002"},
{"type":"Feature","geometry":{"type":"Polygon","coordinates":[[[4.933,51.755],[4.883,51.761],[4.853,51.751],[4.847,51.728],[4.837,51.713],[4.841,51.713],[4.89,51.72],[4.918,51.72],[4.919,51.72],[4.935,51.754],[4.933,51.755]]]},"properties":{"id":287036,"statcode":"WK087003","statnaam":"Wijk 03 Hank","jrstatcode":"1998WK087003","rubriek":"wijk","FID":"wijk_gegeneraliseerd_1998.dc625c11-ada3-48e3-be1e-056d1cf1711a"},"id":"WK087003"},
{"type":"Feature","geometry":{"type":"Polygon","coordinates":[[[4.935,51.754],[4.919,51.72],[4.97,51.721],[4.989,51.717],[5,51.737],[4.991,51.747],[4.991,51.752],[4.957,51.751],[4.935,51.754]]]},"properties":{"id":287037,"statcode":"WK087004","statnaam":"Wijk 04 Dussen","jrstatcode":"1998WK087004","rubriek":"wijk","FID":"wijk_gegeneraliseerd_1998.9875885b-8bea-4900-b805-07581c746ce0"},"id":"WK087004"},
{"type":"Feature","geometry":{"type":"Polygon","coordinates":[[[4.275,51.382],[4.286,51.402],[4.301,51.414],[4.32,51.417],[4.36,51.415],[4.36,51.458],[4.328,51.464],[4.312,51.46],[4.283,51.44],[4.265,51.44],[4.276,51.425],[4.264,51.416],[4.275,51.382]]]},"properties":{"id":287038,"statcode":"WK087300","statnaam":"Wijk 00 Hoogerheide en Woensdrecht","jrstatcode":"1998WK087300","rubriek":"wijk","FID":"wijk_gegeneraliseerd_1998.2020a9bf-6d24-4bd1-a5d2-17850b2d11a3"},"id":"WK087300"},
{"type":"Feature","geometry":{"type":"Polygon","coordinates":[[[4.392,51.408],[4.384,51.421],[4.394,51.428],[4.391,51.451],[4.367,51.457],[4.36,51.458],[4.36,51.415],[4.392,51.408]]]},"properties":{"id":287039,"statcode":"WK087301","statnaam":"Wijk 01 Huijbergen","jrstatcode":"1998WK087301","rubriek":"wijk","FID":"wijk_gegeneraliseerd_1998.e1430bab-57b3-4b13-9437-a5400bc11da6"},"id":"WK087301"},
{"type":"Feature","geometry":{"type":"Polygon","coordinates":[[[4.36,51.415],[4.32,51.417],[4.301,51.414],[4.286,51.402],[4.275,51.382],[4.28,51.376],[4.335,51.378],[4.337,51.37],[4.39,51.388],[4.392,51.408],[4.36,51.415]]]},"properties":{"id":287040,"statcode":"WK087302","statnaam":"Wijk 02 Ossendrecht","jrstatcode":"1998WK087302","rubriek":"wijk","FID":"wijk_gegeneraliseerd_1998.11426513-b61a-41be-a689-a3cd021083f9"},"id":"WK087302"},
{"type":"Feature","geometry":{"type":"Polygon","coordinates":[[[4.337,51.37],[4.351,51.359],[4.385,51.354],[4.422,51.365],[4.432,51.375],[4.392,51.408],[4.39,51.388],[4.337,51.37]]]},"properties":{"id":287041,"statcode":"WK087303","statnaam":"Wijk 03 Putte","jrstatcode":"1998WK087303","rubriek":"wijk","FID":"wijk_gegeneraliseerd_1998.1d8eae4c-466c-4720-b7bf-c8ce3f2b2edd"},"id":"WK087303"},
{"type":"Feature","geometry":{"type":"Polygon","coordinates":[[[5.012,51.811],[5.001,51.821],[4.973,51.823],[4.97,51.824],[4.956,51.797],[4.972,51.792],[4.974,51.794],[5.012,51.811]]]},"properties":{"id":287042,"statcode":"WK087400","statnaam":"Wijk 00 Woudrichem","jrstatcode":"1998WK087400","rubriek":"wijk","FID":"wijk_gegeneraliseerd_1998.ea5ace86-8cae-4a8b-9374-8501280ae85d"},"id":"WK087400"},
{"type":"Feature","geometry":{"type":"Polygon","coordinates":[[[4.932,51.789],[4.933,51.755],[4.935,51.754],[4.957,51.751],[4.991,51.752],[4.996,51.752],[4.987,51.784],[4.972,51.792],[4.956,51.797],[4.938,51.8],[4.932,51.789]]]},"properties":{"id":287043,"statcode":"WK087401","statnaam":"Wijk 01 Almkerk","jrstatcode":"1998WK087401","rubriek":"wijk","FID":"wijk_gegeneraliseerd_1998.13d32978-75a2-4b36-9084-ee391ca0a3fa"},"id":"WK087401"},
{"type":"Feature","geometry":{"type":"Polygon","coordinates":[[[5.039,51.801],[5.012,51.811],[4.974,51.794],[5.015,51.794],[5.039,51.801]]]},"properties":{"id":287044,"statcode":"WK087402","statnaam":"Wijk 02 Rijswijk","jrstatcode":"1998WK087402","rubriek":"wijk","FID":"wijk_gegeneraliseerd_1998.d813a54e-0b09-4da7-b4cb-2c5a596cf3cb"},"id":"WK087402"},
{"type":"Feature","geometry":{"type":"Polygon","coordinates":[[[5.048,51.798],[5.039,51.801],[5.015,51.794],[5.022,51.77],[5.035,51.771],[5.048,51.798]]]},"properties":{"id":287045,"statcode":"WK087403","statnaam":"Wijk 03 Giessen","jrstatcode":"1998WK087403","rubriek":"wijk","FID":"wijk_gegeneraliseerd_1998.78c9b726-6661-4534-871f-0a76eb6a456f"},"id":"WK087403"},
{"type":"Feature","geometry":{"type":"Polygon","coordinates":[[[5.082,51.781],[5.068,51.78],[5.048,51.798],[5.035,51.771],[5.049,51.768],[5.082,51.77],[5.082,51.781]]]},"properties":{"id":287046,"statcode":"WK087404","statnaam":"Wijk 04 Andel","jrstatcode":"1998WK087404","rubriek":"wijk","FID":"wijk_gegeneraliseerd_1998.f28abbae-dbf9-4e88-878f-d39f7a86b142"},"id":"WK087404"},
{"type":"Feature","geometry":{"type":"Polygon","coordinates":[[[5.015,51.794],[4.974,51.794],[4.972,51.792],[4.987,51.784],[4.996,51.752],[5.025,51.751],[5.022,51.77],[5.015,51.794]]]},"properties":{"id":287047,"statcode":"WK087405","statnaam":"Wijk 05 Uitwijk en Waardhuizen","jrstatcode":"1998WK087405","rubriek":"wijk","FID":"wijk_gegeneraliseerd_1998.00503441-6f56-4dbe-8a61-c8b7728ef1b4"},"id":"WK087405"},
{"type":"Feature","geometry":{"type":"Polygon","coordinates":[[[4.624,51.624],[4.641,51.633],[4.635,51.656],[4.657,51.659],[4.635,51.67],[4.612,51.663],[4.599,51.668],[4.568,51.651],[4.578,51.63],[4.601,51.625],[4.624,51.624]]]},"properties":{"id":287048,"statcode":"WK087800","statnaam":"Wijk 00 Zevenbergen","jrstatcode":"1998WK087800","rubriek":"wijk","FID":"wijk_gegeneraliseerd_1998.ceec281d-b1df-488b-b494-1ff06c63e3f7"},"id":"WK087800"},
{"type":"Feature","geometry":{"type":"Polygon","coordinates":[[[4.635,51.67],[4.657,51.659],[4.678,51.649],[4.689,51.652],[4.695,51.658],[4.685,51.666],[4.71,51.673],[4.697,51.688],[4.667,51.687],[4.66,51.697],[4.664,51.68],[4.635,51.67]]]},"properties":{"id":287049,"statcode":"WK087801","statnaam":"Wijk 01 Zevenbergschen Hoek","jrstatcode":"1998WK087801","rubriek":"wijk","FID":"wijk_gegeneraliseerd_1998.49f06cdb-8805-44a2-94ed-42164b1a4ada"},"id":"WK087801"},
{"type":"Feature","geometry":{"type":"Polygon","coordinates":[[[4.657,51.659],[4.635,51.656],[4.641,51.633],[4.624,51.624],[4.643,51.632],[4.665,51.634],[4.699,51.638],[4.689,51.652],[4.678,51.649],[4.657,51.659]]]},"properties":{"id":287050,"statcode":"WK087802","statnaam":"Wijk 02 Langeweg","jrstatcode":"1998WK087802","rubriek":"wijk","FID":"wijk_gegeneraliseerd_1998.2a71402d-65d1-405f-8b9d-521434784ea1"},"id":"WK087802"},
{"type":"Feature","geometry":{"type":"Polygon","coordinates":[[[4.493,51.683],[4.495,51.661],[4.522,51.652],[4.515,51.645],[4.555,51.642],[4.571,51.63],[4.578,51.63],[4.568,51.651],[4.599,51.668],[4.618,51.677],[4.612,51.691],[4.602,51.697],[4.537,51.685],[4.493,51.683]]]},"properties":{"id":287051,"statcode":"WK087803","statnaam":"Wijk 03 Klundert","jrstatcode":"1998WK087803","rubriek":"wijk","FID":"wijk_gegeneraliseerd_1998.ab315d57-1118-4891-82fc-b16f10d78176"},"id":"WK087803"},
{"type":"Feature","geometry":{"type":"Polygon","coordinates":[[[4.62,51.706],[4.615,51.692],[4.612,51.691],[4.618,51.677],[4.599,51.668],[4.612,51.663],[4.635,51.67],[4.664,51.68],[4.66,51.697],[4.649,51.714],[4.62,51.706]]]},"properties":{"id":287052,"statcode":"WK087804","statnaam":"Wijk 04 Moerdijk","jrstatcode":"1998WK087804","rubriek":"wijk","FID":"wijk_gegeneraliseerd_1998.fdf62f16-1bbb-4fda-9bb5-d9f4d346a674"},"id":"WK087804"},
{"type":"Feature","geometry":{"type":"Polygon","coordinates":[[[4.555,51.642],[4.515,51.645],[4.502,51.635],[4.535,51.632],[4.555,51.642]]]},"properties":{"id":287053,"statcode":"WK087805","statnaam":"Wijk 05 Noordhoek","jrstatcode":"1998WK087805","rubriek":"wijk","FID":"wijk_gegeneraliseerd_1998.ab92a13f-f0d1-4225-b44e-aa13957ffd65"},"id":"WK087805"},
{"type":"Feature","geometry":{"type":"Polygon","coordinates":[[[4.555,51.642],[4.535,51.632],[4.502,51.635],[4.488,51.62],[4.502,51.609],[4.519,51.608],[4.537,51.617],[4.571,51.63],[4.555,51.642]]]},"properties":{"id":287054,"statcode":"WK087806","statnaam":"Wijk 06 Standdaarbuiten","jrstatcode":"1998WK087806","rubriek":"wijk","FID":"wijk_gegeneraliseerd_1998.2e8dcf10-e639-4362-8a1f-a20288e921de"},"id":"WK087806"},
{"type":"Feature","geometry":{"type":"Polygon","coordinates":[[[4.437,51.667],[4.423,51.654],[4.439,51.648],[4.429,51.623],[4.438,51.617],[4.461,51.614],[4.488,51.62],[4.502,51.635],[4.515,51.645],[4.522,51.652],[4.495,51.661],[4.467,51.653],[4.437,51.667]]]},"properties":{"id":287055,"statcode":"WK087807","statnaam":"Wijk 07 Fijnaart","jrstatcode":"1998WK087807","rubriek":"wijk","FID":"wijk_gegeneraliseerd_1998.3bcadcb9-5733-4fd8-8f04-7d5e2e99eb25"},"id":"WK087807"},
{"type":"Feature","geometry":{"type":"Polygon","coordinates":[[[4.4,51.684],[4.387,51.668],[4.369,51.659],[4.429,51.623],[4.439,51.648],[4.423,51.654],[4.437,51.667],[4.419,51.684],[4.4,51.684]]]},"properties":{"id":287056,"statcode":"WK087808","statnaam":"Wijk 08 Heijningen","jrstatcode":"1998WK087808","rubriek":"wijk","FID":"wijk_gegeneraliseerd_1998.f4ad1c5d-d9c8-402d-a768-677574bc7abe"},"id":"WK087808"},
{"type":"Feature","geometry":{"type":"Polygon","coordinates":[[[4.493,51.683],[4.444,51.696],[4.425,51.697],[4.4,51.684],[4.419,51.684],[4.467,51.653],[4.495,51.661],[4.493,51.683]]]},"properties":{"id":287057,"statcode":"WK087809","statnaam":"Wijk 09 Willemstad","jrstatcode":"1998WK087809","rubriek":"wijk","FID":"wijk_gegeneraliseerd_1998.e3106e5c-be92-4270-9bcc-abfdb323a3fe"},"id":"WK087809"},
{"type":"Feature","geometry":{"type":"Polygon","coordinates":[[[4.467,51.653],[4.419,51.684],[4.437,51.667],[4.467,51.653]]]},"properties":{"id":287058,"statcode":"WK087810","statnaam":"Wijk 10 Helwijk","jrstatcode":"1998WK087810","rubriek":"wijk","FID":"wijk_gegeneraliseerd_1998.9d62b112-47f1-454b-9161-d377bd1cf8f1"},"id":"WK087810"},
{"type":"Feature","geometry":{"type":"Polygon","coordinates":[[[4.697,51.493],[4.649,51.473],[4.609,51.464],[4.614,51.455],[4.623,51.461],[4.652,51.462],[4.666,51.444],[4.693,51.452],[4.703,51.467],[4.723,51.477],[4.718,51.479],[4.697,51.493]]]},"properties":{"id":287059,"statcode":"WK087900","statnaam":"Wijk 00 Zundert","jrstatcode":"1998WK087900","rubriek":"wijk","FID":"wijk_gegeneraliseerd_1998.660c4a67-5b38-4814-81b0-5349e75569d5"},"id":"WK087900"},
{"type":"Feature","geometry":{"type":"Polygon","coordinates":[[[4.611,51.508],[4.58,51.511],[4.59,51.497],[4.572,51.483],[4.609,51.464],[4.649,51.473],[4.697,51.493],[4.663,51.505],[4.611,51.508]]]},"properties":{"id":287060,"statcode":"WK087901","statnaam":"Wijk 01 Klein - Zundert","jrstatcode":"1998WK087901","rubriek":"wijk","FID":"wijk_gegeneraliseerd_1998.f13fe190-d2a6-4c0d-9aad-3f78a62794d8"},"id":"WK087901"},
{"type":"Feature","geometry":{"type":"Polygon","coordinates":[[[4.666,51.444],[4.652,51.462],[4.623,51.461],[4.614,51.455],[4.611,51.437],[4.597,51.43],[4.63,51.426],[4.67,51.426],[4.666,51.444]]]},"properties":{"id":287061,"statcode":"WK087902","statnaam":"Wijk 02 Wernhout","jrstatcode":"1998WK087902","rubriek":"wijk","FID":"wijk_gegeneraliseerd_1998.43769cb7-4b96-48c3-865e-79e33900e7be"},"id":"WK087902"},
{"type":"Feature","geometry":{"type":"Polygon","coordinates":[[[4.572,51.483],[4.556,51.486],[4.548,51.473],[4.53,51.45],[4.535,51.423],[4.575,51.433],[4.597,51.43],[4.611,51.437],[4.614,51.455],[4.609,51.464],[4.572,51.483]]]},"properties":{"id":287062,"statcode":"WK087903","statnaam":"Wijk 03 Achtmaal","jrstatcode":"1998WK087903","rubriek":"wijk","FID":"wijk_gegeneraliseerd_1998.d999338d-e641-4a80-b02f-8b93063b8570"},"id":"WK087903"},
{"type":"Feature","geometry":{"type":"Polygon","coordinates":[[[4.718,51.479],[4.735,51.49],[4.745,51.518],[4.739,51.532],[4.704,51.55],[4.694,51.545],[4.659,51.525],[4.639,51.524],[4.611,51.508],[4.663,51.505],[4.697,51.493],[4.718,51.479]]]},"properties":{"id":287063,"statcode":"WK087904","statnaam":"Wijk 04 Rijsbergen","jrstatcode":"1998WK087904","rubriek":"wijk","FID":"wijk_gegeneraliseerd_1998.9e7150b3-2059-4d78-8d21-e77a012ed3b1"},"id":"WK087904"},
{"type":"Feature","geometry":{"type":"Polygon","coordinates":[[[4.837,52.48],[4.877,52.504],[4.847,52.502],[4.832,52.511],[4.835,52.522],[4.805,52.525],[4.79,52.519],[4.795,52.496],[4.812,52.484],[4.837,52.48]]]},"properties":{"id":287064,"statcode":"WK088000","statnaam":"Wijk 00 Wormer","jrstatcode":"1998WK088000","rubriek":"wijk","FID":"wijk_gegeneraliseerd_1998.3fc408a0-f567-437c-9558-855056a35813"},"id":"WK088000"},
{"type":"Feature","geometry":{"type":"Polygon","coordinates":[[[4.925,52.506],[4.91,52.51],[4.877,52.504],[4.837,52.48],[4.852,52.47],[4.863,52.468],[4.891,52.479],[4.906,52.48],[4.921,52.491],[4.925,52.506]]]},"properties":{"id":287065,"statcode":"WK088001","statnaam":"Wijk 01 Wijdewormer","jrstatcode":"1998WK088001","rubriek":"wijk","FID":"wijk_gegeneraliseerd_1998.55971a40-10b6-4c65-a8f0-a4f5a863072b"},"id":"WK088001"},
{"type":"Feature","geometry":{"type":"Polygon","coordinates":[[[4.825,52.543],[4.805,52.525],[4.835,52.522],[4.832,52.511],[4.847,52.502],[4.877,52.504],[4.91,52.51],[4.925,52.506],[4.934,52.512],[4.909,52.517],[4.849,52.525],[4.834,52.539],[4.825,52.543]]]},"properties":{"id":287066,"statcode":"WK088002","statnaam":"Wijk 02 Jisp","jrstatcode":"1998WK088002","rubriek":"wijk","FID":"wijk_gegeneraliseerd_1998.7a2f3cb1-dfb6-458a-ae2b-cd115e69c710"},"id":"WK088002"},
{"type":"Feature","geometry":{"type":"Polygon","coordinates":[[[6.006,50.958],[6.027,50.981],[6.019,50.984],[5.966,50.98],[5.955,50.988],[5.919,50.978],[5.918,50.957],[5.942,50.949],[5.966,50.962],[5.974,50.958],[6.006,50.958]]]},"properties":{"id":287067,"statcode":"WK088100","statnaam":"Wijk 00 Onderbanken","jrstatcode":"1998WK088100","rubriek":"wijk","FID":"wijk_gegeneraliseerd_1998.2a1186ba-a548-4516-8955-9f02aa72f9b8"},"id":"WK088100"},
{"type":"Feature","geometry":{"type":"Polygon","coordinates":[[[6.041,50.892],[6.026,50.907],[5.992,50.906],[5.997,50.893],[6.01,50.878],[6.017,50.87],[6.031,50.872],[6.045,50.89],[6.041,50.892]]]},"properties":{"id":287068,"statcode":"WK088200","statnaam":"Wijk 00 Schaesberg","jrstatcode":"1998WK088200","rubriek":"wijk","FID":"wijk_gegeneraliseerd_1998.9cd81a7d-2acb-4560-9bcc-5d3d7c900255"},"id":"WK088200"},
{"type":"Feature","geometry":{"type":"Polygon","coordinates":[[[6.046,50.9],[6.046,50.905],[6.012,50.927],[6.012,50.926],[5.991,50.906],[5.992,50.906],[6.026,50.907],[6.041,50.892],[6.046,50.9]]]},"properties":{"id":287069,"statcode":"WK088201","statnaam":"Wijk 01 Nieuwenhagen","jrstatcode":"1998WK088201","rubriek":"wijk","FID":"wijk_gegeneraliseerd_1998.1bf7b476-d680-4c1f-94ca-41b442077975"},"id":"WK088201"},
{"type":"Feature","geometry":{"type":"Polygon","coordinates":[[[6.08,50.905],[6.082,50.922],[6.018,50.935],[6.012,50.927],[6.046,50.905],[6.046,50.9],[6.08,50.905]]]},"properties":{"id":287070,"statcode":"WK088202","statnaam":"Wijk 02 Ubach over Worms","jrstatcode":"1998WK088202","rubriek":"wijk","FID":"wijk_gegeneraliseerd_1998.bd7bcd5b-403d-4200-95bb-97274688c6ab"},"id":"WK088202"},
{"type":"Feature","geometry":{"type":"Polygon","coordinates":[[[6.175,51.477],[6.176,51.461],[6.154,51.441],[6.176,51.44],[6.214,51.446],[6.224,51.475],[6.213,51.491],[6.213,51.508],[6.176,51.497],[6.17,51.501],[6.166,51.488],[6.175,51.477]]]},"properties":{"id":287071,"statcode":"WK088500","statnaam":"Wijk 00 Arcen-Lomm","jrstatcode":"1998WK088500","rubriek":"wijk","FID":"wijk_gegeneraliseerd_1998.a5f327c0-42e7-4564-8d38-005fe63a02c7"},"id":"WK088500"},
{"type":"Feature","geometry":{"type":"Polygon","coordinates":[[[6.154,51.435],[6.158,51.425],[6.149,51.409],[6.153,51.396],[6.157,51.39],[6.17,51.396],[6.207,51.405],[6.214,51.446],[6.176,51.44],[6.154,51.441],[6.154,51.435]]]},"properties":{"id":287072,"statcode":"WK088501","statnaam":"Wijk 01 Velden","jrstatcode":"1998WK088501","rubriek":"wijk","FID":"wijk_gegeneraliseerd_1998.164fba9c-ad64-4562-941a-c1d40001389a"},"id":"WK088501"},
{"type":"Feature","geometry":{"type":"Polygon","coordinates":[[[5.84,50.95],[5.813,50.955],[5.788,50.949],[5.779,50.936],[5.822,50.935],[5.834,50.92],[5.842,50.92],[5.847,50.926],[5.857,50.943],[5.84,50.95]]]},"properties":{"id":287073,"statcode":"WK088800","statnaam":"Wijk 00 Beek - Spaubeek","jrstatcode":"1998WK088800","rubriek":"wijk","FID":"wijk_gegeneraliseerd_1998.2c061628-d309-4d5d-97de-1fa834195306"},"id":"WK088800"},
{"type":"Feature","geometry":{"type":"Polygon","coordinates":[[[5.834,50.92],[5.822,50.935],[5.779,50.936],[5.771,50.928],[5.755,50.901],[5.775,50.911],[5.802,50.914],[5.834,50.92]]]},"properties":{"id":287074,"statcode":"WK088801","statnaam":"Wijk 01 Beek-Zuid","jrstatcode":"1998WK088801","rubriek":"wijk","FID":"wijk_gegeneraliseerd_1998.61eb0d81-d256-475a-ae90-e3107513b48f"},"id":"WK088801"},
{"type":"Feature","geometry":{"type":"Polygon","coordinates":[[[6.095,51.254],[6.125,51.278],[6.119,51.286],[6.085,51.297],[6.042,51.282],[6.07,51.272],[6.095,51.254]]]},"properties":{"id":287075,"statcode":"WK088900","statnaam":"Wijk 00 Reuver","jrstatcode":"1998WK088900","rubriek":"wijk","FID":"wijk_gegeneraliseerd_1998.bf09baed-b05c-478b-aab8-97a209f948c3"},"id":"WK088900"},
{"type":"Feature","geometry":{"type":"Polygon","coordinates":[[[6.042,51.282],[6.029,51.269],[6.01,51.266],[6.005,51.258],[6.026,51.247],[6.051,51.252],[6.073,51.243],[6.095,51.254],[6.07,51.272],[6.042,51.282]]]},"properties":{"id":287076,"statcode":"WK088901","statnaam":"Wijk 01 Beesel","jrstatcode":"1998WK088901","rubriek":"wijk","FID":"wijk_gegeneraliseerd_1998.706c559b-77b7-4ecf-8c65-2bf6429ebdb9"},"id":"WK088901"},
{"type":"Feature","geometry":{"type":"Polygon","coordinates":[[[6.159,51.315],[6.126,51.329],[6.118,51.327],[6.109,51.316],[6.085,51.297],[6.119,51.286],[6.125,51.278],[6.159,51.315]]]},"properties":{"id":287077,"statcode":"WK089000","statnaam":"Wijk 00","jrstatcode":"1998WK089000","rubriek":"wijk","FID":"wijk_gegeneraliseerd_1998.f7efbb0e-d002-4ae7-9e88-4fa774a7d32c"},"id":"WK089000"},
{"type":"Feature","geometry":{"type":"Polygon","coordinates":[[[6.102,51.627],[6.118,51.656],[6.08,51.662],[6.032,51.676],[6.024,51.66],[6.061,51.651],[6.066,51.637],[6.102,51.627]]]},"properties":{"id":287078,"statcode":"WK089300","statnaam":"Wijk 00 Siebengewald","jrstatcode":"1998WK089300","rubriek":"wijk","FID":"wijk_gegeneraliseerd_1998.475a6983-2072-4264-88c0-84c16e8be266"},"id":"WK089300"},
{"type":"Feature","geometry":{"type":"Polygon","coordinates":[[[6.024,51.612],[6.039,51.62],[6.07,51.627],[6.066,51.637],[6.061,51.651],[6.024,51.66],[6.015,51.662],[5.977,51.644],[6.005,51.632],[6.024,51.612]]]},"properties":{"id":287079,"statcode":"WK089301","statnaam":"Wijk 01 Afferden","jrstatcode":"1998WK089301","rubriek":"wijk","FID":"wijk_gegeneraliseerd_1998.1388c320-21e7-486a-8393-3a373aa8e1a0"},"id":"WK089301"},
{"type":"Feature","geometry":{"type":"Polygon","coordinates":[[[6.039,51.578],[6.056,51.579],[6.093,51.59],[6.125,51.589],[6.091,51.606],[6.102,51.627],[6.066,51.637],[6.07,51.627],[6.039,51.62],[6.024,51.612],[6.026,51.596],[6.039,51.578]]]},"properties":{"id":287080,"statcode":"WK089302","statnaam":"Wijk 02 Bergen","jrstatcode":"1998WK089302","rubriek":"wijk","FID":"wijk_gegeneraliseerd_1998.ac8d4e3e-ec12-4949-b250-98ac2877e671"},"id":"WK089302"},
{"type":"Feature","geometry":{"type":"Polygon","coordinates":[[[6.048,51.559],[6.081,51.547],[6.104,51.548],[6.11,51.547],[6.157,51.566],[6.125,51.589],[6.093,51.59],[6.056,51.579],[6.039,51.578],[6.048,51.559]]]},"properties":{"id":287081,"statcode":"WK089303","statnaam":"Wijk 03 Well","jrstatcode":"1998WK089303","rubriek":"wijk","FID":"wijk_gegeneraliseerd_1998.83a95a44-511b-4722-a749-fa9ca56e7b71"},"id":"WK089303"},
{"type":"Feature","geometry":{"type":"Polygon","coordinates":[[[6.157,51.566],[6.11,51.547],[6.122,51.53],[6.141,51.52],[6.163,51.511],[6.17,51.501],[6.176,51.497],[6.213,51.508],[6.2,51.527],[6.177,51.539],[6.157,51.566]]]},"properties":{"id":287082,"statcode":"WK089304","statnaam":"Wijk 04 Wellerlooi","jrstatcode":"1998WK089304","rubriek":"wijk","FID":"wijk_gegeneraliseerd_1998.e895312c-ed1d-47fb-998f-770a6546a2b8"},"id":"WK089304"},
{"type":"Feature","geometry":{"type":"Polygon","coordinates":[[[5.807,51.017],[5.853,51.025],[5.844,51.046],[5.826,51.056],[5.824,51.068],[5.801,51.059],[5.786,51.019],[5.787,51.019],[5.807,51.017]]]},"properties":{"id":287083,"statcode":"WK089700","statnaam":"Wijk 00 Born","jrstatcode":"1998WK089700","rubriek":"wijk","FID":"wijk_gegeneraliseerd_1998.df17d196-0557-45ab-8a94-9ea52fd07000"},"id":"WK089700"},
{"type":"Feature","geometry":{"type":"Polygon","coordinates":[[[5.786,51.019],[5.801,51.059],[5.798,51.06],[5.773,51.062],[5.759,51.036],[5.773,51.019],[5.786,51.019]]]},"properties":{"id":287084,"statcode":"WK089701","statnaam":"Wijk 01 Obbicht - Grevenbicht","jrstatcode":"1998WK089701","rubriek":"wijk","FID":"wijk_gegeneraliseerd_1998.21bc7194-1a2d-401f-b09e-1b933e8a7618"},"id":"WK089701"},
{"type":"Feature","geometry":{"type":"Polygon","coordinates":[[[6.17,51.501],[6.163,51.511],[6.141,51.52],[6.132,51.511],[6.144,51.494],[6.112,51.471],[6.116,51.468],[6.149,51.471],[6.175,51.477],[6.166,51.488],[6.17,51.501]]]},"properties":{"id":287085,"statcode":"WK089800","statnaam":"Wijk 00","jrstatcode":"1998WK089800","rubriek":"wijk","FID":"wijk_gegeneraliseerd_1998.add6dd9e-1e38-483c-9cd2-017410ef0614"},"id":"WK089800"},
{"type":"Feature","geometry":{"type":"Polygon","coordinates":[[[5.964,50.935],[5.954,50.942],[5.942,50.949],[5.928,50.937],[5.938,50.929],[5.942,50.927],[5.945,50.928],[5.964,50.934],[5.964,50.935]]]},"properties":{"id":287086,"statcode":"WK089901","statnaam":"Wijk 01 Brunssum-West","jrstatcode":"1998WK089901","rubriek":"wijk","FID":"wijk_gegeneraliseerd_1998.5a24dc4c-b465-47b5-aefb-225d379ad6f7"},"id":"WK089901"},
{"type":"Feature","geometry":{"type":"Polygon","coordinates":[[[5.954,50.942],[5.975,50.953],[5.974,50.958],[5.966,50.962],[5.942,50.949],[5.954,50.942]]]},"properties":{"id":287087,"statcode":"WK089902","statnaam":"Wijk 02 Brunssum-Noord","jrstatcode":"1998WK089902","rubriek":"wijk","FID":"wijk_gegeneraliseerd_1998.b9284e30-bc9e-44cc-9e4d-f5d60d341101"},"id":"WK089902"},
{"type":"Feature","geometry":{"type":"Polygon","coordinates":[[[5.979,50.941],[6.007,50.937],[6.016,50.945],[6.006,50.958],[5.974,50.958],[5.975,50.953],[5.979,50.941]]]},"properties":{"id":287088,"statcode":"WK089903","statnaam":"Wijk 03 Brunssum-Oost","jrstatcode":"1998WK089903","rubriek":"wijk","FID":"wijk_gegeneraliseerd_1998.aea388e0-5a1d-461d-a094-44c3032328e1"},"id":"WK089903"},
{"type":"Feature","geometry":{"type":"Polygon","coordinates":[[[5.964,50.934],[5.975,50.929],[6.012,50.926],[6.012,50.927],[6.018,50.935],[6.016,50.945],[6.007,50.937],[5.979,50.941],[5.964,50.935],[5.964,50.934]]]},"properties":{"id":287089,"statcode":"WK089904","statnaam":"Wijk 04 Brunssum-Zuid","jrstatcode":"1998WK089904","rubriek":"wijk","FID":"wijk_gegeneraliseerd_1998.0dfd1389-7b46-4139-88e4-089ef4e1233b"},"id":"WK089904"},
{"type":"Feature","geometry":{"type":"Polygon","coordinates":[[[5.979,50.941],[5.975,50.953],[5.954,50.942],[5.964,50.935],[5.979,50.941]]]},"properties":{"id":287090,"statcode":"WK089905","statnaam":"Wijk 05 Brunssum-Centrum","jrstatcode":"1998WK089905","rubriek":"wijk","FID":"wijk_gegeneraliseerd_1998.5c6b2b01-a66b-49d6-a666-12389f5ed08b"},"id":"WK089905"},
{"type":"Feature","geometry":{"type":"Polygon","coordinates":[[[5.839,51.091],[5.871,51.08],[5.886,51.101],[5.896,51.136],[5.873,51.135],[5.851,51.109],[5.833,51.1],[5.815,51.095],[5.839,51.091]]]},"properties":{"id":287091,"statcode":"WK090200","statnaam":"Wijk 00 Echt","jrstatcode":"1998WK090200","rubriek":"wijk","FID":"wijk_gegeneraliseerd_1998.570fe927-f2ec-4bc7-9e9a-651a8e94044b"},"id":"WK090200"},
{"type":"Feature","geometry":{"type":"Polygon","coordinates":[[[5.871,51.08],[5.913,51.067],[5.918,51.064],[5.93,51.085],[5.928,51.094],[5.95,51.113],[5.927,51.114],[5.914,51.133],[5.896,51.136],[5.886,51.101],[5.871,51.08]]]},"properties":{"id":287092,"statcode":"WK090201","statnaam":"Wijk 01 Peij","jrstatcode":"1998WK090201","rubriek":"wijk","FID":"wijk_gegeneraliseerd_1998.361fa933-4943-4c17-b5c5-dbdf64b39512"},"id":"WK090201"},
{"type":"Feature","geometry":{"type":"Polygon","coordinates":[[[5.95,51.113],[5.928,51.094],[5.93,51.085],[5.918,51.064],[5.938,51.035],[5.968,51.045],[5.971,51.059],[5.998,51.084],[6.037,51.097],[6.021,51.114],[5.985,51.121],[5.95,51.113]]]},"properties":{"id":287093,"statcode":"WK090202","statnaam":"Wijk 02 Koningsbosch-Mariahoop","jrstatcode":"1998WK090202","rubriek":"wijk","FID":"wijk_gegeneraliseerd_1998.b4c7910b-581e-45eb-9740-9707446dae1d"},"id":"WK090202"},
{"type":"Feature","geometry":{"type":"Polygon","coordinates":[[[5.693,50.811],[5.691,50.796],[5.701,50.783],[5.683,50.762],[5.695,50.755],[5.731,50.757],[5.751,50.772],[5.741,50.794],[5.725,50.798],[5.711,50.813],[5.694,50.811],[5.693,50.811]]]},"properties":{"id":287094,"statcode":"WK090500","statnaam":"Wijk 00 Eijsden","jrstatcode":"1998WK090500","rubriek":"wijk","FID":"wijk_gegeneraliseerd_1998.6559a9e8-dd76-44eb-8c94-0e78b699a74f"},"id":"WK090500"},
{"type":"Feature","geometry":{"type":"Polygon","coordinates":[[[5.741,50.794],[5.744,50.819],[5.743,50.821],[5.711,50.813],[5.725,50.798],[5.741,50.794]]]},"properties":{"id":287095,"statcode":"WK090501","statnaam":"Wijk 01 Gronsveld","jrstatcode":"1998WK090501","rubriek":"wijk","FID":"wijk_gegeneraliseerd_1998.511eadfe-5687-42e0-b44b-45da3dc38633"},"id":"WK090501"},
{"type":"Feature","geometry":{"type":"Polygon","coordinates":[[[5.852,50.984],[5.842,50.987],[5.825,50.992],[5.812,50.992],[5.807,51.017],[5.787,51.019],[5.775,51.004],[5.789,51.001],[5.783,50.982],[5.786,50.96],[5.788,50.949],[5.813,50.955],[5.84,50.95],[5.852,50.968],[5.852,50.984]]]},"properties":{"id":287096,"statcode":"WK090600","statnaam":"Wijk 00","jrstatcode":"1998WK090600","rubriek":"wijk","FID":"wijk_gegeneraliseerd_1998.f3c10b2d-5c10-4ef1-b380-f491ea872181"},"id":"WK090600"},
{"type":"Feature","geometry":{"type":"Polygon","coordinates":[[[5.938,51.741],[5.919,51.718],[5.934,51.716],[5.947,51.714],[5.971,51.721],[5.976,51.739],[5.953,51.748],[5.938,51.741]]]},"properties":{"id":287097,"statcode":"WK090700","statnaam":"Wijk 00 Milsbeek","jrstatcode":"1998WK090700","rubriek":"wijk","FID":"wijk_gegeneraliseerd_1998.e76ad3a4-60ed-4b90-86de-e7f00ba8e374"},"id":"WK090700"},
{"type":"Feature","geometry":{"type":"Polygon","coordinates":[[[5.976,51.739],[5.971,51.721],[5.991,51.686],[6.03,51.683],[6.028,51.69],[6.014,51.694],[6.003,51.722],[6.007,51.733],[5.976,51.739]]]},"properties":{"id":287098,"statcode":"WK090701","statnaam":"Wijk 01 Ottersum","jrstatcode":"1998WK090701","rubriek":"wijk","FID":"wijk_gegeneraliseerd_1998.9f8137ba-fcb9-4b70-a946-03f7048d79c7"},"id":"WK090701"},
{"type":"Feature","geometry":{"type":"Polygon","coordinates":[[[6.028,51.69],[6.026,51.709],[6.045,51.717],[6.007,51.733],[6.003,51.722],[6.014,51.694],[6.028,51.69]]]},"properties":{"id":287099,"statcode":"WK090702","statnaam":"Wijk 02 Ven-Zelderheide","jrstatcode":"1998WK090702","rubriek":"wijk","FID":"wijk_gegeneraliseerd_1998.fd51fd9d-1e3f-4464-bbbc-29995b0b8067"},"id":"WK090702"},
{"type":"Feature","geometry":{"type":"Polygon","coordinates":[[[5.991,51.686],[5.971,51.721],[5.947,51.714],[5.955,51.709],[5.962,51.686],[5.991,51.686]]]},"properties":{"id":287100,"statcode":"WK090703","statnaam":"Wijk 03 Gennep","jrstatcode":"1998WK090703","rubriek":"wijk","FID":"wijk_gegeneraliseerd_1998.4f28a466-926d-46b3-bd52-53ca78de97b9"},"id":"WK090703"},
{"type":"Feature","geometry":{"type":"Polygon","coordinates":[[[6.024,51.66],[6.032,51.676],[6.03,51.683],[5.991,51.686],[5.962,51.686],[5.965,51.653],[5.977,51.644],[6.015,51.662],[6.024,51.66]]]},"properties":{"id":287101,"statcode":"WK090704","statnaam":"Wijk 04 Heijen","jrstatcode":"1998WK090704","rubriek":"wijk","FID":"wijk_gegeneraliseerd_1998.0fae0724-45b8-4737-8866-f896328099ef"},"id":"WK090704"},
{"type":"Feature","geometry":{"type":"Polygon","coordinates":[[[6.154,51.441],[6.176,51.461],[6.175,51.477],[6.149,51.471],[6.116,51.468],[6.096,51.447],[6.131,51.435],[6.154,51.435],[6.154,51.441]]]},"properties":{"id":287102,"statcode":"WK091200","statnaam":"Wijk 00 Lottum","jrstatcode":"1998WK091200","rubriek":"wijk","FID":"wijk_gegeneraliseerd_1998.6aa5b2bc-42c7-4da4-9fbf-f1a31c874111"},"id":"WK091200"},
{"type":"Feature","geometry":{"type":"Polygon","coordinates":[[[6.089,51.441],[6.079,51.424],[6.078,51.42],[6.08,51.403],[6.121,51.41],[6.139,51.395],[6.153,51.396],[6.149,51.409],[6.158,51.425],[6.154,51.435],[6.131,51.435],[6.096,51.447],[6.089,51.441]]]},"properties":{"id":287103,"statcode":"WK091201","statnaam":"Wijk 01 Grubbenvorst","jrstatcode":"1998WK091201","rubriek":"wijk","FID":"wijk_gegeneraliseerd_1998.6cd5fd09-3db9-47e7-b355-f96bf4eeb24c"},"id":"WK091201"},
{"type":"Feature","geometry":{"type":"Polygon","coordinates":[[[5.863,50.827],[5.839,50.808],[5.82,50.805],[5.835,50.783],[5.845,50.786],[5.885,50.783],[5.906,50.802],[5.916,50.804],[5.899,50.82],[5.863,50.827]]]},"properties":{"id":287104,"statcode":"WK091300","statnaam":"Wijk 00 Gulpen","jrstatcode":"1998WK091300","rubriek":"wijk","FID":"wijk_gegeneraliseerd_1998.a97c7997-08f6-46f0-92cd-1efc76b7bc7c"},"id":"WK091300"},
{"type":"Feature","geometry":{"type":"Polygon","coordinates":[[[5.917,50.849],[5.888,50.847],[5.859,50.833],[5.863,50.827],[5.899,50.82],[5.909,50.822],[5.93,50.84],[5.917,50.849]]]},"properties":{"id":287105,"statcode":"WK091301","statnaam":"Wijk 01 Wijlre","jrstatcode":"1998WK091301","rubriek":"wijk","FID":"wijk_gegeneraliseerd_1998.b5594e4b-cf68-4f6c-a6db-1278ea46f576"},"id":"WK091301"},
{"type":"Feature","geometry":{"type":"Polygon","coordinates":[[[5.919,51.226],[5.894,51.216],[5.928,51.204],[5.951,51.201],[5.971,51.213],[5.95,51.222],[5.919,51.226]]]},"properties":{"id":287106,"statcode":"WK091401","statnaam":"Wijk 01 Horn","jrstatcode":"1998WK091401","rubriek":"wijk","FID":"wijk_gegeneraliseerd_1998.f3ec9f10-9a2a-4ca6-a5fd-38b5ff6a0c60"},"id":"WK091401"},
{"type":"Feature","geometry":{"type":"Polygon","coordinates":[[[5.953,51.256],[5.916,51.25],[5.904,51.242],[5.919,51.226],[5.95,51.222],[5.971,51.213],[5.982,51.225],[5.969,51.239],[5.955,51.243],[5.964,51.251],[5.971,51.246],[5.974,51.248],[5.953,51.256]]]},"properties":{"id":287107,"statcode":"WK091402","statnaam":"Wijk 02 Haelen","jrstatcode":"1998WK091402","rubriek":"wijk","FID":"wijk_gegeneraliseerd_1998.4a81c869-4974-48ca-9de6-e0ba29057972"},"id":"WK091402"},
{"type":"Feature","geometry":{"type":"Polygon","coordinates":[[[5.971,51.246],[5.964,51.251],[5.955,51.243],[5.969,51.239],[5.971,51.246]]]},"properties":{"id":287108,"statcode":"WK091403","statnaam":"Wijk 03 Nunhem","jrstatcode":"1998WK091403","rubriek":"wijk","FID":"wijk_gegeneraliseerd_1998.a35abda0-ce93-4b31-9d29-ce38d2b646b0"},"id":"WK091403"},
{"type":"Feature","geometry":{"type":"Polygon","coordinates":[[[5.974,51.248],[5.971,51.246],[5.969,51.239],[5.982,51.225],[6.002,51.234],[5.999,51.246],[5.974,51.248]]]},"properties":{"id":287109,"statcode":"WK091404","statnaam":"Wijk 04 Buggenum","jrstatcode":"1998WK091404","rubriek":"wijk","FID":"wijk_gegeneraliseerd_1998.1c881296-a5af-4585-832a-ff92a794df1b"},"id":"WK091404"},
{"type":"Feature","geometry":{"type":"Polygon","coordinates":[[[5.908,50.915],[5.92,50.919],[5.922,50.925],[5.917,50.93],[5.908,50.915]]]},"properties":{"id":287110,"statcode":"WK091710","statnaam":"Wijk 10 Maria Gewanden/Terschuren","jrstatcode":"1998WK091710","rubriek":"wijk","FID":"wijk_gegeneraliseerd_1998.e998db9e-6ac9-497d-9a9e-041432169f8e"},"id":"WK091710"},
{"type":"Feature","geometry":{"type":"Polygon","coordinates":[[[5.938,50.929],[5.928,50.937],[5.919,50.933],[5.917,50.93],[5.922,50.925],[5.938,50.929]]]},"properties":{"id":287111,"statcode":"WK091711","statnaam":"Wijk 11 Mariarade","jrstatcode":"1998WK091711","rubriek":"wijk","FID":"wijk_gegeneraliseerd_1998.aad1f5b6-ebfc-4535-9759-f176cd27fc3d"},"id":"WK091711"},
{"type":"Feature","geometry":{"type":"Polygon","coordinates":[[[5.942,50.927],[5.938,50.929],[5.922,50.925],[5.92,50.919],[5.935,50.919],[5.946,50.918],[5.942,50.927]]]},"properties":{"id":287112,"statcode":"WK091712","statnaam":"Wijk 12 Hoensbroek- De Dem","jrstatcode":"1998WK091712","rubriek":"wijk","FID":"wijk_gegeneraliseerd_1998.407d3be3-f710-46f0-a350-64bbe7bce4d4"},"id":"WK091712"},
{"type":"Feature","geometry":{"type":"Polygon","coordinates":[[[5.92,50.919],[5.908,50.915],[5.905,50.914],[5.92,50.908],[5.935,50.919],[5.92,50.919]]]},"properties":{"id":287113,"statcode":"WK091713","statnaam":"Wijk 13 Nieuw Lotbroek","jrstatcode":"1998WK091713","rubriek":"wijk","FID":"wijk_gegeneraliseerd_1998.783d1832-7238-4e68-a491-ca85a503b486"},"id":"WK091713"},
{"type":"Feature","geometry":{"type":"Polygon","coordinates":[[[5.946,50.918],[5.935,50.919],[5.92,50.908],[5.921,50.908],[5.948,50.906],[5.946,50.918]]]},"properties":{"id":287114,"statcode":"WK091714","statnaam":"Wijk 14 De Koumen","jrstatcode":"1998WK091714","rubriek":"wijk","FID":"wijk_gegeneraliseerd_1998.ea8bf458-c298-451e-a377-8e459f3acf96"},"id":"WK091714"},
{"type":"Feature","geometry":{"type":"Polygon","coordinates":[[[5.975,50.929],[5.964,50.934],[5.945,50.928],[5.965,50.919],[5.977,50.919],[5.975,50.929]]]},"properties":{"id":287115,"statcode":"WK091720","statnaam":"Wijk 20 Vrieheide- De Stack","jrstatcode":"1998WK091720","rubriek":"wijk","FID":"wijk_gegeneraliseerd_1998.4f42678d-9763-4303-a039-b50be18f2dae"},"id":"WK091720"},
{"type":"Feature","geometry":{"type":"Polygon","coordinates":[[[5.965,50.919],[5.945,50.928],[5.942,50.927],[5.946,50.918],[5.96,50.914],[5.965,50.919]]]},"properties":{"id":287116,"statcode":"WK091721","statnaam":"Wijk 21 Heerlerheid - Passart","jrstatcode":"1998WK091721","rubriek":"wijk","FID":"wijk_gegeneraliseerd_1998.b8f8592b-a19b-459a-9044-33d9f6db69ad"},"id":"WK091721"},
{"type":"Feature","geometry":{"type":"Polygon","coordinates":[[[5.96,50.914],[5.973,50.911],[5.977,50.919],[5.965,50.919],[5.96,50.914]]]},"properties":{"id":287117,"statcode":"WK091722","statnaam":"Wijk 22 Heksenberg","jrstatcode":"1998WK091722","rubriek":"wijk","FID":"wijk_gegeneraliseerd_1998.8d807a23-2284-499b-98b8-8abdbaa71556"},"id":"WK091722"},
{"type":"Feature","geometry":{"type":"Polygon","coordinates":[[[6.012,50.926],[5.975,50.929],[5.977,50.919],[5.973,50.911],[5.971,50.903],[5.973,50.901],[5.991,50.906],[6.012,50.926]]]},"properties":{"id":287118,"statcode":"WK091723","statnaam":"Wijk 23 De Hei","jrstatcode":"1998WK091723","rubriek":"wijk","FID":"wijk_gegeneraliseerd_1998.0535b5ca-7d15-43f9-9b34-eebda13bca29"},"id":"WK091723"},
{"type":"Feature","geometry":{"type":"Polygon","coordinates":[[[5.973,50.911],[5.96,50.914],[5.946,50.918],[5.948,50.906],[5.95,50.905],[5.963,50.901],[5.971,50.903],[5.973,50.911]]]},"properties":{"id":287119,"statcode":"WK091724","statnaam":"Wijk 24 Rennemig -Beersdal","jrstatcode":"1998WK091724","rubriek":"wijk","FID":"wijk_gegeneraliseerd_1998.d33d8477-6de9-4b2f-8b7f-2b5e5a03994b"},"id":"WK091724"},
{"type":"Feature","geometry":{"type":"Polygon","coordinates":[[[5.973,50.891],[5.963,50.901],[5.95,50.905],[5.95,50.895],[5.958,50.892],[5.972,50.89],[5.973,50.891]]]},"properties":{"id":287120,"statcode":"WK091730","statnaam":"Wijk 30 Zeswegen - Nieuw Husken","jrstatcode":"1998WK091730","rubriek":"wijk","FID":"wijk_gegeneraliseerd_1998.1f4157ef-e920-417d-9c28-bd19c53b0d1e"},"id":"WK091730"},
{"type":"Feature","geometry":{"type":"Polygon","coordinates":[[[5.973,50.891],[5.984,50.89],[5.973,50.901],[5.971,50.903],[5.963,50.901],[5.973,50.891]]]},"properties":{"id":287121,"statcode":"WK091731","statnaam":"Wijk 31 Schandelen - Grasbroek","jrstatcode":"1998WK091731","rubriek":"wijk","FID":"wijk_gegeneraliseerd_1998.14b8091e-0370-4ff0-b4a8-b3b6c2af934a"},"id":"WK091731"},
{"type":"Feature","geometry":{"type":"Polygon","coordinates":[[[5.997,50.893],[5.992,50.906],[5.991,50.906],[5.973,50.901],[5.984,50.89],[5.997,50.893]]]},"properties":{"id":287122,"statcode":"WK091732","statnaam":"Wijk 32 Meezenbroek - Schaesbergerveld","jrstatcode":"1998WK091732","rubriek":"wijk","FID":"wijk_gegeneraliseerd_1998.1f37069b-45a7-49b3-9577-2e493f5fad21"},"id":"WK091732"},
{"type":"Feature","geometry":{"type":"Polygon","coordinates":[[[5.986,50.883],[5.984,50.89],[5.973,50.891],[5.972,50.89],[5.968,50.886],[5.974,50.879],[5.986,50.883]]]},"properties":{"id":287123,"statcode":"WK091733","statnaam":"Wijk 33 Heerlen - Centrum","jrstatcode":"1998WK091733","rubriek":"wijk","FID":"wijk_gegeneraliseerd_1998.32154a88-ab4d-4b7f-b8af-e697d6187bc2"},"id":"WK091733"},
{"type":"Feature","geometry":{"type":"Polygon","coordinates":[[[5.972,50.89],[5.958,50.892],[5.968,50.886],[5.972,50.89]]]},"properties":{"id":287124,"statcode":"WK091734","statnaam":"Wijk 34 Eikenderveld","jrstatcode":"1998WK091734","rubriek":"wijk","FID":"wijk_gegeneraliseerd_1998.f9c37ca2-544e-4f24-a1d4-f27b29cbdd4a"},"id":"WK091734"},
{"type":"Feature","geometry":{"type":"Polygon","coordinates":[[[5.95,50.905],[5.948,50.906],[5.921,50.908],[5.923,50.904],[5.931,50.898],[5.939,50.89],[5.95,50.895],[5.95,50.905]]]},"properties":{"id":287125,"statcode":"WK091735","statnaam":"Wijk 35 Woonboulevard - Ten Esschen","jrstatcode":"1998WK091735","rubriek":"wijk","FID":"wijk_gegeneraliseerd_1998.4a742a1a-5852-4ce2-abcb-4fc3c385703b"},"id":"WK091735"},
{"type":"Feature","geometry":{"type":"Polygon","coordinates":[[[5.958,50.892],[5.95,50.895],[5.939,50.89],[5.97,50.86],[5.972,50.858],[5.983,50.868],[5.975,50.876],[5.974,50.879],[5.968,50.886],[5.958,50.892]]]},"properties":{"id":287126,"statcode":"WK091736","statnaam":"Wijk 36 Welten - Benzenrade","jrstatcode":"1998WK091736","rubriek":"wijk","FID":"wijk_gegeneraliseerd_1998.2b2db0f7-369d-4b5d-83e8-8441bd0a1d2f"},"id":"WK091736"},
{"type":"Feature","geometry":{"type":"Polygon","coordinates":[[[5.986,50.883],[5.974,50.879],[5.975,50.876],[5.989,50.879],[5.986,50.883]]]},"properties":{"id":287127,"statcode":"WK091737","statnaam":"Wijk 37 Bekkerveld","jrstatcode":"1998WK091737","rubriek":"wijk","FID":"wijk_gegeneraliseerd_1998.b0d2408a-f375-4ea1-93f2-e2379e26da8e"},"id":"WK091737"},
{"type":"Feature","geometry":{"type":"Polygon","coordinates":[[[5.983,50.868],[5.998,50.875],[5.989,50.879],[5.975,50.876],[5.983,50.868]]]},"properties":{"id":287128,"statcode":"WK091738","statnaam":"Wijk 38 Caumerveld - Douve Weien","jrstatcode":"1998WK091738","rubriek":"wijk","FID":"wijk_gegeneraliseerd_1998.3cf347df-903f-4537-98d0-f3dea2320fa1"},"id":"WK091738"},
{"type":"Feature","geometry":{"type":"Polygon","coordinates":[[[6.01,50.878],[5.997,50.893],[5.984,50.89],[5.986,50.883],[5.989,50.879],[5.998,50.875],[6.01,50.878]]]},"properties":{"id":287129,"statcode":"WK091739","statnaam":"Wijk 39 Molenberg","jrstatcode":"1998WK091739","rubriek":"wijk","FID":"wijk_gegeneraliseerd_1998.0459a721-f676-460a-94b1-073d0918fa63"},"id":"WK091739"},
{"type":"Feature","geometry":{"type":"Polygon","coordinates":[[[6.015,50.866],[6.01,50.87],[5.999,50.868],[6.007,50.861],[6.015,50.866]]]},"properties":{"id":287130,"statcode":"WK091740","statnaam":"Wijk 40 Heerlerbaan-Centrum","jrstatcode":"1998WK091740","rubriek":"wijk","FID":"wijk_gegeneraliseerd_1998.b737baaa-8980-4eae-aff1-5eb555be4eae"},"id":"WK091740"},
{"type":"Feature","geometry":{"type":"Polygon","coordinates":[[[6.007,50.861],[5.999,50.868],[6.01,50.87],[6.015,50.866],[6.017,50.87],[6.01,50.878],[5.998,50.875],[5.983,50.868],[5.972,50.858],[5.979,50.85],[6,50.858],[6.007,50.861]]]},"properties":{"id":287131,"statcode":"WK091741","statnaam":"Wijk 41 Heerlerbaan-Schil","jrstatcode":"1998WK091741","rubriek":"wijk","FID":"wijk_gegeneraliseerd_1998.2866947f-2563-4470-9beb-c80b23912bd1"},"id":"WK091741"},
{"type":"Feature","geometry":{"type":"Polygon","coordinates":[[[6,50.858],[5.979,50.85],[6.005,50.836],[6.024,50.819],[6.018,50.844],[6,50.858]]]},"properties":{"id":287132,"statcode":"WK091742","statnaam":"Wijk 41 De Beitel","jrstatcode":"1998WK091742","rubriek":"wijk","FID":"wijk_gegeneraliseerd_1998.04beda7b-5e27-4113-ab1a-9805aad118b8"},"id":"WK091742"},
{"type":"Feature","geometry":{"type":"Polygon","coordinates":[[[5.931,51.385],[5.896,51.365],[5.911,51.35],[5.944,51.351],[5.994,51.344],[6.023,51.345],[5.997,51.373],[5.961,51.373],[5.958,51.378],[5.931,51.385]]]},"properties":{"id":287133,"statcode":"WK091800","statnaam":"Wijk 00 Grashoek-Koningslust","jrstatcode":"1998WK091800","rubriek":"wijk","FID":"wijk_gegeneraliseerd_1998.b7c58a92-f1d5-4dbb-8eea-fe74e10d0a4d"},"id":"WK091800"},
{"type":"Feature","geometry":{"type":"Polygon","coordinates":[[[6.023,51.345],[5.994,51.344],[5.944,51.351],[5.911,51.35],[5.905,51.326],[5.907,51.314],[5.92,51.31],[5.955,51.3],[5.987,51.287],[5.989,51.291],[6.027,51.308],[6.045,51.32],[6.039,51.331],[6.023,51.345]]]},"properties":{"id":287134,"statcode":"WK091801","statnaam":"Wijk 01 Panningen","jrstatcode":"1998WK091801","rubriek":"wijk","FID":"wijk_gegeneraliseerd_1998.9d19c0c1-466c-46e0-99d0-ae630efa4b21"},"id":"WK091801"},
{"type":"Feature","geometry":{"type":"Polygon","coordinates":[[[5.916,51.25],[5.892,51.268],[5.887,51.315],[5.877,51.316],[5.861,51.311],[5.851,51.292],[5.834,51.275],[5.852,51.244],[5.868,51.24],[5.904,51.242],[5.916,51.25]]]},"properties":{"id":287135,"statcode":"WK092000","statnaam":"Wijk 00 Heythuysen","jrstatcode":"1998WK092000","rubriek":"wijk","FID":"wijk_gegeneraliseerd_1998.ad356ee8-a0a4-4517-b6ab-8c506bfe6945"},"id":"WK092000"},
{"type":"Feature","geometry":{"type":"Polygon","coordinates":[[[5.832,51.241],[5.855,51.223],[5.88,51.211],[5.892,51.214],[5.894,51.216],[5.919,51.226],[5.904,51.242],[5.868,51.24],[5.852,51.244],[5.832,51.241]]]},"properties":{"id":287136,"statcode":"WK092001","statnaam":"Wijk 01 Baexem","jrstatcode":"1998WK092001","rubriek":"wijk","FID":"wijk_gegeneraliseerd_1998.f2f15452-c811-40e6-b833-077745ea4d67"},"id":"WK092001"},
{"type":"Feature","geometry":{"type":"Polygon","coordinates":[[[5.795,51.237],[5.849,51.179],[5.88,51.211],[5.855,51.223],[5.832,51.241],[5.795,51.237]]]},"properties":{"id":287137,"statcode":"WK092002","statnaam":"Wijk 02 Grathem","jrstatcode":"1998WK092002","rubriek":"wijk","FID":"wijk_gegeneraliseerd_1998.807df76e-65b9-4ed7-87a7-e927e38dad01"},"id":"WK092002"},
{"type":"Feature","geometry":{"type":"Polygon","coordinates":[[[5.875,51.446],[5.903,51.417],[5.918,51.418],[5.936,51.441],[5.901,51.445],[5.904,51.453],[5.875,51.446]]]},"properties":{"id":287138,"statcode":"WK092300","statnaam":"Wijk 00 Griendtsveen","jrstatcode":"1998WK092300","rubriek":"wijk","FID":"wijk_gegeneraliseerd_1998.d86d9785-4363-42b9-872e-cce75b8927ee"},"id":"WK092300"},
{"type":"Feature","geometry":{"type":"Polygon","coordinates":[[[5.971,51.468],[5.904,51.453],[5.901,51.445],[5.936,51.441],[5.918,51.418],[6.013,51.426],[6.013,51.434],[5.997,51.455],[5.978,51.451],[5.971,51.468]]]},"properties":{"id":287139,"statcode":"WK092301","statnaam":"Wijk 01 America","jrstatcode":"1998WK092301","rubriek":"wijk","FID":"wijk_gegeneraliseerd_1998.6da6fd2c-0575-4e12-b4ed-cd94ebf4785c"},"id":"WK092301"},
{"type":"Feature","geometry":{"type":"Polygon","coordinates":[[[6.034,51.443],[6.039,51.46],[6.026,51.48],[5.971,51.468],[5.978,51.451],[5.997,51.455],[6.013,51.434],[6.034,51.443]]]},"properties":{"id":287140,"statcode":"WK092302","statnaam":"Wijk 02 Meterik","jrstatcode":"1998WK092302","rubriek":"wijk","FID":"wijk_gegeneraliseerd_1998.ba63db2b-ca18-4b88-973d-2b2ea19240f5"},"id":"WK092302"},
{"type":"Feature","geometry":{"type":"Polygon","coordinates":[[[6.079,51.424],[6.034,51.443],[6.013,51.434],[6.013,51.426],[6.048,51.427],[6.078,51.42],[6.079,51.424]]]},"properties":{"id":287141,"statcode":"WK092303","statnaam":"Wijk 03 Hegelsom","jrstatcode":"1998WK092303","rubriek":"wijk","FID":"wijk_gegeneraliseerd_1998.1d0362d0-f32d-4d41-bae6-0ed82dc3b6de"},"id":"WK092303"},
{"type":"Feature","geometry":{"type":"Polygon","coordinates":[[[6.089,51.441],[6.064,51.46],[6.089,51.485],[6.069,51.488],[6.05,51.49],[6.026,51.48],[6.039,51.46],[6.034,51.443],[6.079,51.424],[6.089,51.441]]]},"properties":{"id":287142,"statcode":"WK092304","statnaam":"Wijk 04 Horst","jrstatcode":"1998WK092304","rubriek":"wijk","FID":"wijk_gegeneraliseerd_1998.e8bb810c-af59-4b49-90dc-8416e2e50ce2"},"id":"WK092304"},
{"type":"Feature","geometry":{"type":"Polygon","coordinates":[[[6.089,51.485],[6.064,51.46],[6.089,51.441],[6.096,51.447],[6.116,51.468],[6.112,51.471],[6.089,51.485]]]},"properties":{"id":287143,"statcode":"WK092305","statnaam":"Wijk 05 Melderslo","jrstatcode":"1998WK092305","rubriek":"wijk","FID":"wijk_gegeneraliseerd_1998.c8a38345-1ccf-4fe5-80f7-3dcdb37e0a85"},"id":"WK092305"},
{"type":"Feature","geometry":{"type":"Polygon","coordinates":[[[5.746,51.19],[5.777,51.179],[5.77,51.169],[5.778,51.151],[5.827,51.167],[5.852,51.175],[5.849,51.179],[5.795,51.237],[5.792,51.237],[5.782,51.22],[5.768,51.215],[5.749,51.208],[5.746,51.19]]]},"properties":{"id":287144,"statcode":"WK092500","statnaam":"Wijk 00","jrstatcode":"1998WK092500","rubriek":"wijk","FID":"wijk_gegeneraliseerd_1998.6bb4ec84-d5df-47f7-816e-2380a34dd184"},"id":"WK092500"},
{"type":"Feature","geometry":{"type":"Polygon","coordinates":[[[6.056,50.857],[6.044,50.866],[6.059,50.876],[6.045,50.89],[6.031,50.872],[6.017,50.87],[6.015,50.866],[6.007,50.861],[6,50.858],[6.018,50.844],[6.056,50.857]]]},"properties":{"id":287145,"statcode":"WK092800","statnaam":"Wijk 00 Kerkrade-West","jrstatcode":"1998WK092800","rubriek":"wijk","FID":"wijk_gegeneraliseerd_1998.42ab55e3-2d95-4ebe-a4f5-e0643410ef51"},"id":"WK092800"},
{"type":"Feature","geometry":{"type":"Polygon","coordinates":[[[6.056,50.857],[6.074,50.847],[6.086,50.872],[6.059,50.876],[6.044,50.866],[6.056,50.857]]]},"properties":{"id":287146,"statcode":"WK092801","statnaam":"Wijk 01 Kerkrade-Oost","jrstatcode":"1998WK092801","rubriek":"wijk","FID":"wijk_gegeneraliseerd_1998.e865c9d0-826e-4c8c-a1f9-6ae44b81eb75"},"id":"WK092801"},
{"type":"Feature","geometry":{"type":"Polygon","coordinates":[[[6.059,50.876],[6.086,50.872],[6.075,50.89],[6.08,50.905],[6.046,50.9],[6.041,50.892],[6.045,50.89],[6.059,50.876]]]},"properties":{"id":287147,"statcode":"WK092802","statnaam":"Wijk 02 Kerkrade-Noord","jrstatcode":"1998WK092802","rubriek":"wijk","FID":"wijk_gegeneraliseerd_1998.60d10607-0f49-427a-97d6-b4664b9444a6"},"id":"WK092802"},
{"type":"Feature","geometry":{"type":"Polygon","coordinates":[[[6.01,51.266],[6.029,51.269],[6.042,51.282],[6.085,51.297],[6.109,51.316],[6.07,51.311],[6.045,51.32],[6.027,51.308],[5.989,51.291],[5.987,51.287],[6.009,51.277],[6.01,51.266]]]},"properties":{"id":287148,"statcode":"WK092900","statnaam":"Wijk 00","jrstatcode":"1998WK092900","rubriek":"wijk","FID":"wijk_gegeneraliseerd_1998.c8e669cc-c3b5-4dc5-ac6b-f5c44733da9e"},"id":"WK092900"},
{"type":"Feature","geometry":{"type":"Polygon","coordinates":[[[5.91,51.166],[5.894,51.164],[5.884,51.151],[5.861,51.148],[5.873,51.135],[5.896,51.136],[5.914,51.133],[5.93,51.143],[5.91,51.166]]]},"properties":{"id":287149,"statcode":"WK093300","statnaam":"Wijk 00 Maasbracht","jrstatcode":"1998WK093300","rubriek":"wijk","FID":"wijk_gegeneraliseerd_1998.ae3e9fe0-48e6-4fdf-8391-3afb8d5b974c"},"id":"WK093300"},
{"type":"Feature","geometry":{"type":"Polygon","coordinates":[[[5.955,51.159],[5.917,51.169],[5.91,51.166],[5.93,51.143],[5.955,51.159]]]},"properties":{"id":287150,"statcode":"WK093301","statnaam":"Wijk 01 Linne","jrstatcode":"1998WK093301","rubriek":"wijk","FID":"wijk_gegeneraliseerd_1998.479f85e7-a4ea-4ae1-b802-f0a5a7095021"},"id":"WK093301"},
{"type":"Feature","geometry":{"type":"Polygon","coordinates":[[[5.851,51.109],[5.873,51.135],[5.861,51.148],[5.856,51.145],[5.841,51.131],[5.819,51.125],[5.851,51.109]]]},"properties":{"id":287151,"statcode":"WK093302","statnaam":"Wijk 02 Stevensweert","jrstatcode":"1998WK093302","rubriek":"wijk","FID":"wijk_gegeneraliseerd_1998.77bbc856-e2f5-4fe3-b4cb-d6ff0dd682bf"},"id":"WK093302"},
{"type":"Feature","geometry":{"type":"Polygon","coordinates":[[[5.819,51.125],[5.808,51.114],[5.833,51.1],[5.851,51.109],[5.819,51.125]]]},"properties":{"id":287152,"statcode":"WK093303","statnaam":"Wijk 03 Ohe en Laak","jrstatcode":"1998WK093303","rubriek":"wijk","FID":"wijk_gegeneraliseerd_1998.b5bb4df3-10b9-4cfe-9db1-c7ac248a229a"},"id":"WK093303"},
{"type":"Feature","geometry":{"type":"Polygon","coordinates":[[[6.073,51.396],[6.017,51.382],[5.958,51.378],[5.961,51.373],[5.997,51.373],[6.023,51.345],[6.039,51.331],[6.072,51.339],[6.1,51.357],[6.091,51.372],[6.09,51.389],[6.073,51.396]]]},"properties":{"id":287153,"statcode":"WK093400","statnaam":"Wijk 00 Maasbree","jrstatcode":"1998WK093400","rubriek":"wijk","FID":"wijk_gegeneraliseerd_1998.675c16ab-8efa-4083-b769-3d83f7c3b7e2"},"id":"WK093400"},
{"type":"Feature","geometry":{"type":"Polygon","coordinates":[[[6.118,51.327],[6.123,51.343],[6.1,51.357],[6.072,51.339],[6.039,51.331],[6.045,51.32],[6.07,51.311],[6.109,51.316],[6.118,51.327]]]},"properties":{"id":287154,"statcode":"WK093401","statnaam":"Wijk 01 Baarlo","jrstatcode":"1998WK093401","rubriek":"wijk","FID":"wijk_gegeneraliseerd_1998.790ef604-354a-4096-9178-1466c172c15d"},"id":"WK093401"},
{"type":"Feature","geometry":{"type":"Polygon","coordinates":[[[5.698,50.86],[5.684,50.854],[5.681,50.845],[5.7,50.842],[5.703,50.841],[5.698,50.86]]]},"properties":{"id":287155,"statcode":"WK093500","statnaam":"Wijk 00 Binnenstad","jrstatcode":"1998WK093500","rubriek":"wijk","FID":"wijk_gegeneraliseerd_1998.1935d6e5-8d5b-49f5-b8aa-e32d5c357421"},"id":"WK093500"},
{"type":"Feature","geometry":{"type":"Polygon","coordinates":[[[5.7,50.842],[5.681,50.845],[5.649,50.834],[5.654,50.82],[5.693,50.811],[5.694,50.811],[5.7,50.842]]]},"properties":{"id":287156,"statcode":"WK093501","statnaam":"Wijk 01 Buitenwijk Zuid-west","jrstatcode":"1998WK093501","rubriek":"wijk","FID":"wijk_gegeneraliseerd_1998.eac8479e-f176-4daf-81a2-e3d5b60ee149"},"id":"WK093501"},
{"type":"Feature","geometry":{"type":"Polygon","coordinates":[[[5.684,50.854],[5.672,50.863],[5.673,50.881],[5.644,50.871],[5.639,50.848],[5.649,50.834],[5.681,50.845],[5.684,50.854]]]},"properties":{"id":287157,"statcode":"WK093502","statnaam":"Wijk 02 Buitenwijk West","jrstatcode":"1998WK093502","rubriek":"wijk","FID":"wijk_gegeneraliseerd_1998.d9b7689e-a98d-4e80-8d89-057f0a464685"},"id":"WK093502"},
{"type":"Feature","geometry":{"type":"Polygon","coordinates":[[[5.698,50.86],[5.699,50.866],[5.679,50.881],[5.673,50.881],[5.672,50.863],[5.684,50.854],[5.698,50.86]]]},"properties":{"id":287158,"statcode":"WK093503","statnaam":"Wijk 03 Buitenwijk Noord-west","jrstatcode":"1998WK093503","rubriek":"wijk","FID":"wijk_gegeneraliseerd_1998.a7c6d846-8e0e-42e7-a05e-5049ae23d116"},"id":"WK093503"},
{"type":"Feature","geometry":{"type":"Polygon","coordinates":[[[5.703,50.841],[5.722,50.844],[5.747,50.841],[5.757,50.855],[5.763,50.867],[5.735,50.879],[5.699,50.866],[5.698,50.86],[5.703,50.841]]]},"properties":{"id":287159,"statcode":"WK093504","statnaam":"Wijk 04 Buitenwijk Oost","jrstatcode":"1998WK093504","rubriek":"wijk","FID":"wijk_gegeneraliseerd_1998.b4774527-c06f-4c1c-82ef-33aea1dd40a6"},"id":"WK093504"},
{"type":"Feature","geometry":{"type":"Polygon","coordinates":[[[5.715,50.908],[5.696,50.899],[5.679,50.881],[5.699,50.866],[5.735,50.879],[5.725,50.891],[5.715,50.908]]]},"properties":{"id":287160,"statcode":"WK093505","statnaam":"Wijk 05 Buitenwijk Noord-oost","jrstatcode":"1998WK093505","rubriek":"wijk","FID":"wijk_gegeneraliseerd_1998.dac2fdb4-30da-4551-9e61-e8ae4ea5aa61"},"id":"WK093505"},
{"type":"Feature","geometry":{"type":"Polygon","coordinates":[[[5.711,50.813],[5.743,50.821],[5.747,50.841],[5.722,50.844],[5.703,50.841],[5.7,50.842],[5.694,50.811],[5.711,50.813]]]},"properties":{"id":287161,"statcode":"WK093506","statnaam":"Wijk 06 Buitenwijk Zuid-oost","jrstatcode":"1998WK093506","rubriek":"wijk","FID":"wijk_gegeneraliseerd_1998.6d67cbd2-6c1b-41a8-a2fb-1e718812000b"},"id":"WK093506"},
{"type":"Feature","geometry":{"type":"Polygon","coordinates":[[[5.779,50.85],[5.77,50.841],[5.802,50.827],[5.805,50.809],[5.82,50.805],[5.839,50.808],[5.863,50.827],[5.859,50.833],[5.844,50.834],[5.821,50.839],[5.802,50.85],[5.779,50.85]]]},"properties":{"id":287162,"statcode":"WK093600","statnaam":"Wijk 00 Margraten","jrstatcode":"1998WK093600","rubriek":"wijk","FID":"wijk_gegeneraliseerd_1998.80f52548-76c3-4d8d-b5af-7047df243fa3"},"id":"WK093600"},
{"type":"Feature","geometry":{"type":"Polygon","coordinates":[[[5.805,50.809],[5.802,50.827],[5.77,50.841],[5.779,50.85],[5.757,50.855],[5.747,50.841],[5.743,50.821],[5.744,50.819],[5.771,50.822],[5.776,50.813],[5.805,50.809]]]},"properties":{"id":287163,"statcode":"WK093601","statnaam":"Wijk 01 Cadier c.a.","jrstatcode":"1998WK093601","rubriek":"wijk","FID":"wijk_gegeneraliseerd_1998.4ee6df0e-11a1-4030-9c6e-351ead7c6c0a"},"id":"WK093601"},
{"type":"Feature","geometry":{"type":"Polygon","coordinates":[[[5.778,50.783],[5.777,50.789],[5.82,50.805],[5.805,50.809],[5.776,50.813],[5.771,50.822],[5.744,50.819],[5.741,50.794],[5.751,50.772],[5.778,50.783]]]},"properties":{"id":287164,"statcode":"WK093602","statnaam":"Wijk 02 Sint Geertruid","jrstatcode":"1998WK093602","rubriek":"wijk","FID":"wijk_gegeneraliseerd_1998.97269743-60d0-492e-851e-8c5ccbeec0ce"},"id":"WK093602"},
{"type":"Feature","geometry":{"type":"Polygon","coordinates":[[[5.778,50.783],[5.807,50.756],[5.845,50.765],[5.835,50.783],[5.82,50.805],[5.777,50.789],[5.778,50.783]]]},"properties":{"id":287165,"statcode":"WK093603","statnaam":"Wijk 03 Mheer - Noorbeek","jrstatcode":"1998WK093603","rubriek":"wijk","FID":"wijk_gegeneraliseerd_1998.ef37f651-0fb4-4870-a2e1-aab99cabebc3"},"id":"WK093603"},
{"type":"Feature","geometry":{"type":"Polygon","coordinates":[[[5.725,50.891],[5.735,50.879],[5.763,50.867],[5.773,50.872],[5.778,50.884],[5.8,50.886],[5.798,50.895],[5.761,50.891],[5.752,50.899],[5.725,50.891]]]},"properties":{"id":287166,"statcode":"WK093800","statnaam":"Wijk 00 Meerssen","jrstatcode":"1998WK093800","rubriek":"wijk","FID":"wijk_gegeneraliseerd_1998.98233815-0f7d-4780-a908-132be83d4541"},"id":"WK093800"},
{"type":"Feature","geometry":{"type":"Polygon","coordinates":[[[5.802,50.914],[5.775,50.911],[5.755,50.901],[5.752,50.899],[5.761,50.891],[5.798,50.895],[5.802,50.914]]]},"properties":{"id":287167,"statcode":"WK093801","statnaam":"Wijk 01 Ulestraten","jrstatcode":"1998WK093801","rubriek":"wijk","FID":"wijk_gegeneraliseerd_1998.f7c862af-36d1-41ee-98f7-f0d0d84a0b3b"},"id":"WK093801"},
{"type":"Feature","geometry":{"type":"Polygon","coordinates":[[[5.755,50.901],[5.771,50.928],[5.749,50.936],[5.746,50.943],[5.715,50.908],[5.725,50.891],[5.752,50.899],[5.755,50.901]]]},"properties":{"id":287168,"statcode":"WK093802","statnaam":"Wijk 02 Bunde - Geulle","jrstatcode":"1998WK093802","rubriek":"wijk","FID":"wijk_gegeneraliseerd_1998.2114efb1-7612-4713-8c34-a1e9b616e201"},"id":"WK093802"},
{"type":"Feature","geometry":{"type":"Polygon","coordinates":[[[5.84,51.347],[5.832,51.338],[5.852,51.321],[5.877,51.316],[5.887,51.315],[5.907,51.314],[5.905,51.326],[5.911,51.35],[5.896,51.365],[5.895,51.364],[5.87,51.353],[5.856,51.35],[5.84,51.347]]]},"properties":{"id":287169,"statcode":"WK094100","statnaam":"Wijk 00","jrstatcode":"1998WK094100","rubriek":"wijk","FID":"wijk_gegeneraliseerd_1998.9f08b0a4-531e-47dc-8967-7f96912ca3b6"},"id":"WK094100"},
{"type":"Feature","geometry":{"type":"Polygon","coordinates":[[[5.915,51.753],[5.894,51.778],[5.868,51.776],[5.865,51.757],[5.881,51.744],[5.884,51.735],[5.906,51.743],[5.915,51.753]]]},"properties":{"id":287170,"statcode":"WK094400","statnaam":"Wijk 00 Mook","jrstatcode":"1998WK094400","rubriek":"wijk","FID":"wijk_gegeneraliseerd_1998.2afeabce-2ca3-45f1-abce-7ee95273d7ae"},"id":"WK094400"},
{"type":"Feature","geometry":{"type":"Polygon","coordinates":[[[5.922,51.751],[5.915,51.753],[5.906,51.743],[5.884,51.735],[5.892,51.723],[5.919,51.718],[5.938,51.741],[5.922,51.751]]]},"properties":{"id":287171,"statcode":"WK094401","statnaam":"Wijk 01 Middelaar","jrstatcode":"1998WK094401","rubriek":"wijk","FID":"wijk_gegeneraliseerd_1998.e4f39fa0-d41f-449d-a22a-b0b51dad92c1"},"id":"WK094401"},
{"type":"Feature","geometry":{"type":"Polygon","coordinates":[[[5.787,51.247],[5.757,51.277],[5.746,51.329],[5.714,51.323],[5.672,51.315],[5.652,51.298],[5.644,51.291],[5.659,51.279],[5.68,51.279],[5.705,51.283],[5.737,51.276],[5.741,51.27],[5.749,51.262],[5.786,51.243],[5.787,51.247]]]},"properties":{"id":287172,"statcode":"WK094600","statnaam":"Wijk 00 Nederweert","jrstatcode":"1998WK094600","rubriek":"wijk","FID":"wijk_gegeneraliseerd_1998.a0b6c821-9fdf-4dad-9a0f-85b58bdf0869"},"id":"WK094600"},
{"type":"Feature","geometry":{"type":"Polygon","coordinates":[[[5.76,51.332],[5.746,51.329],[5.757,51.277],[5.778,51.283],[5.76,51.3],[5.767,51.324],[5.76,51.332]]]},"properties":{"id":287173,"statcode":"WK094601","statnaam":"Wijk 01 Budschop","jrstatcode":"1998WK094601","rubriek":"wijk","FID":"wijk_gegeneraliseerd_1998.3bb1eb13-60e2-4668-b379-3996ff58b8cc"},"id":"WK094601"},
{"type":"Feature","geometry":{"type":"Polygon","coordinates":[[[5.778,51.283],[5.861,51.311],[5.877,51.316],[5.852,51.321],[5.832,51.338],[5.84,51.347],[5.77,51.334],[5.76,51.332],[5.767,51.324],[5.76,51.3],[5.778,51.283]]]},"properties":{"id":287174,"statcode":"WK094602","statnaam":"Wijk 02 Ospel","jrstatcode":"1998WK094602","rubriek":"wijk","FID":"wijk_gegeneraliseerd_1998.259f8507-59e8-40cc-9163-c007efbc8a8b"},"id":"WK094602"},
{"type":"Feature","geometry":{"type":"Polygon","coordinates":[[[5.757,51.277],[5.787,51.247],[5.805,51.252],[5.812,51.269],[5.834,51.275],[5.851,51.292],[5.861,51.311],[5.778,51.283],[5.757,51.277]]]},"properties":{"id":287175,"statcode":"WK094603","statnaam":"Wijk 03 Nederweer-Eind","jrstatcode":"1998WK094603","rubriek":"wijk","FID":"wijk_gegeneraliseerd_1998.5b94bd93-facb-4470-a313-271e93e3dba7"},"id":"WK094603"},
{"type":"Feature","geometry":{"type":"Polygon","coordinates":[[[5.852,51.244],[5.834,51.275],[5.812,51.269],[5.805,51.252],[5.787,51.247],[5.786,51.243],[5.792,51.237],[5.795,51.237],[5.832,51.241],[5.852,51.244]]]},"properties":{"id":287176,"statcode":"WK094604","statnaam":"Wijk 04 Leveroy","jrstatcode":"1998WK094604","rubriek":"wijk","FID":"wijk_gegeneraliseerd_1998.216c32ac-6c66-44a3-a955-62bd3a5123e2"},"id":"WK094604"},
{"type":"Feature","geometry":{"type":"Polygon","coordinates":[[[5.856,50.904],[5.905,50.914],[5.908,50.915],[5.917,50.93],[5.919,50.933],[5.89,50.935],[5.867,50.925],[5.847,50.926],[5.842,50.92],[5.843,50.907],[5.856,50.904]]]},"properties":{"id":287177,"statcode":"WK095100","statnaam":"Wijk 00 Nuth","jrstatcode":"1998WK095100","rubriek":"wijk","FID":"wijk_gegeneraliseerd_1998.196d9ed3-0e98-4ecf-9d03-98aceb9869c5"},"id":"WK095100"},
{"type":"Feature","geometry":{"type":"Polygon","coordinates":[[[5.905,50.914],[5.856,50.904],[5.89,50.888],[5.923,50.904],[5.921,50.908],[5.92,50.908],[5.905,50.914]]]},"properties":{"id":287178,"statcode":"WK095101","statnaam":"Wijk 01 Wijnandsrade","jrstatcode":"1998WK095101","rubriek":"wijk","FID":"wijk_gegeneraliseerd_1998.aa5cbc0c-b94f-424c-afcf-19f596d9c39b"},"id":"WK095101"},
{"type":"Feature","geometry":{"type":"Polygon","coordinates":[[[5.835,50.881],[5.861,50.882],[5.89,50.888],[5.856,50.904],[5.843,50.907],[5.833,50.892],[5.835,50.881]]]},"properties":{"id":287179,"statcode":"WK095102","statnaam":"Wijk 02 Hulsberg","jrstatcode":"1998WK095102","rubriek":"wijk","FID":"wijk_gegeneraliseerd_1998.5c8f6ea8-6607-4cef-b73d-a5adea2af150"},"id":"WK095102"},
{"type":"Feature","geometry":{"type":"Polygon","coordinates":[[[5.833,50.892],[5.843,50.907],[5.842,50.92],[5.834,50.92],[5.802,50.914],[5.798,50.895],[5.8,50.886],[5.833,50.892]]]},"properties":{"id":287180,"statcode":"WK095103","statnaam":"Wijk 03 Schimmert","jrstatcode":"1998WK095103","rubriek":"wijk","FID":"wijk_gegeneraliseerd_1998.2e56674a-e2fc-4178-a42e-90ead3c04bfc"},"id":"WK095103"},
{"type":"Feature","geometry":{"type":"Polygon","coordinates":[[[5.982,51.225],[5.971,51.213],[5.951,51.201],[5.945,51.198],[5.97,51.187],[5.975,51.171],[5.983,51.176],[5.992,51.188],[6.001,51.201],[5.992,51.219],[5.982,51.225]]]},"properties":{"id":287181,"statcode":"WK095700","statnaam":"Wijk 00 Centrum","jrstatcode":"1998WK095700","rubriek":"wijk","FID":"wijk_gegeneraliseerd_1998.2b26357c-5927-409c-b582-41b9050b0ba4"},"id":"WK095700"},
{"type":"Feature","geometry":{"type":"Polygon","coordinates":[[[6.001,51.201],[5.992,51.188],[6.005,51.182],[6.005,51.193],[6.001,51.201]]]},"properties":{"id":287182,"statcode":"WK095701","statnaam":"Wijk 01 Roermond-Oost","jrstatcode":"1998WK095701","rubriek":"wijk","FID":"wijk_gegeneraliseerd_1998.313064ac-273b-4ddd-8971-2078ec048428"},"id":"WK095701"},
{"type":"Feature","geometry":{"type":"Polygon","coordinates":[[[6.063,51.184],[6.012,51.178],[6.005,51.182],[5.992,51.188],[5.983,51.176],[6.002,51.162],[6.03,51.161],[6.064,51.166],[6.063,51.184]]]},"properties":{"id":287183,"statcode":"WK095702","statnaam":"Wijk 02 Roermond-Zuid","jrstatcode":"1998WK095702","rubriek":"wijk","FID":"wijk_gegeneraliseerd_1998.8e35fd95-b662-4808-bc32-3ba0d066c66d"},"id":"WK095702"},
{"type":"Feature","geometry":{"type":"Polygon","coordinates":[[[6.028,51.193],[6.027,51.205],[5.992,51.219],[6.001,51.201],[6.005,51.193],[6.013,51.192],[6.028,51.193]]]},"properties":{"id":287184,"statcode":"WK095703","statnaam":"Wijk 03 Maasniel","jrstatcode":"1998WK095703","rubriek":"wijk","FID":"wijk_gegeneraliseerd_1998.09cf8667-8ce2-4c8f-ac45-ac21e628427c"},"id":"WK095703"},
{"type":"Feature","geometry":{"type":"Polygon","coordinates":[[[6.015,51.183],[6.013,51.192],[6.005,51.193],[6.005,51.182],[6.012,51.178],[6.015,51.183]]]},"properties":{"id":287185,"statcode":"WK095704","statnaam":"Wijk 04 Donderberg/Roosendael","jrstatcode":"1998WK095704","rubriek":"wijk","FID":"wijk_gegeneraliseerd_1998.e8c28181-a757-4548-a844-9b26d3d7c876"},"id":"WK095704"},
{"type":"Feature","geometry":{"type":"Polygon","coordinates":[[[6.028,51.193],[6.013,51.192],[6.015,51.183],[6.028,51.193]]]},"properties":{"id":287186,"statcode":"WK095705","statnaam":"Wijk 05 Donderberg/Hoogvonderen","jrstatcode":"1998WK095705","rubriek":"wijk","FID":"wijk_gegeneraliseerd_1998.ecbdf786-ec2b-404c-9891-228a74e6822b"},"id":"WK095705"},
{"type":"Feature","geometry":{"type":"Polygon","coordinates":[[[6.069,51.213],[6.049,51.199],[6.027,51.205],[6.028,51.193],[6.015,51.183],[6.012,51.178],[6.063,51.184],[6.073,51.183],[6.069,51.213]]]},"properties":{"id":287187,"statcode":"WK095706","statnaam":"Wijk 06 Asenray","jrstatcode":"1998WK095706","rubriek":"wijk","FID":"wijk_gegeneraliseerd_1998.b9e17b73-74cb-49fa-ba3e-ae713fee8eb5"},"id":"WK095706"},
{"type":"Feature","geometry":{"type":"Polygon","coordinates":[[[5.975,51.171],[5.97,51.187],[5.945,51.198],[5.921,51.179],[5.922,51.172],[5.917,51.169],[5.955,51.159],[5.975,51.171]]]},"properties":{"id":287188,"statcode":"WK095707","statnaam":"Wijk 07 Herten","jrstatcode":"1998WK095707","rubriek":"wijk","FID":"wijk_gegeneraliseerd_1998.2e2a43da-779f-45bf-9d82-cace5bea86e5"},"id":"WK095707"},
{"type":"Feature","geometry":{"type":"Polygon","coordinates":[[[5.928,50.937],[5.905,50.944],[5.887,50.957],[5.895,50.975],[5.873,50.963],[5.852,50.968],[5.84,50.95],[5.857,50.943],[5.847,50.926],[5.867,50.925],[5.89,50.935],[5.919,50.933],[5.928,50.937]]]},"properties":{"id":287189,"statcode":"WK096200","statnaam":"Wijk 00","jrstatcode":"1998WK096200","rubriek":"wijk","FID":"wijk_gegeneraliseerd_1998.5669dad8-6838-48cf-bf63-2b23563f5649"},"id":"WK096200"},
{"type":"Feature","geometry":{"type":"Polygon","coordinates":[[[5.942,50.949],[5.918,50.957],[5.919,50.978],[5.897,50.975],[5.895,50.975],[5.887,50.957],[5.905,50.944],[5.928,50.937],[5.942,50.949]]]},"properties":{"id":287190,"statcode":"WK096201","statnaam":"Wijk 01 Amstenrade - Oirsbeek","jrstatcode":"1998WK096201","rubriek":"wijk","FID":"wijk_gegeneraliseerd_1998.3838fd34-a920-4379-a45e-246cfbcac617"},"id":"WK096201"},
{"type":"Feature","geometry":{"type":"Polygon","coordinates":[[[5.958,51.378],[6.017,51.382],[6.073,51.396],[6.08,51.403],[6.078,51.42],[6.048,51.427],[6.013,51.426],[5.918,51.418],[5.903,51.417],[5.931,51.385],[5.958,51.378]]]},"properties":{"id":287191,"statcode":"WK096400","statnaam":"Wijk 00","jrstatcode":"1998WK096400","rubriek":"wijk","FID":"wijk_gegeneraliseerd_1998.1adc73bd-ec1a-4323-b649-e4dcc5b9441f"},"id":"WK096400"},
{"type":"Feature","geometry":{"type":"Polygon","coordinates":[[[6.005,50.836],[5.979,50.85],[5.972,50.858],[5.97,50.86],[5.955,50.846],[5.959,50.829],[5.972,50.821],[6.005,50.836]]]},"properties":{"id":287192,"statcode":"WK096500","statnaam":"Wijk 00 Simpelveld","jrstatcode":"1998WK096500","rubriek":"wijk","FID":"wijk_gegeneraliseerd_1998.27db2a56-c410-4612-a3ff-685eb8282b91"},"id":"WK096500"},
{"type":"Feature","geometry":{"type":"Polygon","coordinates":[[[5.983,50.81],[6.004,50.801],[6.024,50.819],[6.005,50.836],[5.972,50.821],[5.969,50.817],[5.983,50.81]]]},"properties":{"id":287193,"statcode":"WK096501","statnaam":"Wijk 01 Bocholtz","jrstatcode":"1998WK096501","rubriek":"wijk","FID":"wijk_gegeneraliseerd_1998.e7c30148-1996-432c-9910-c0e8aa5675e1"},"id":"WK096501"},
{"type":"Feature","geometry":{"type":"Polygon","coordinates":[[[5.854,51.025],[5.836,50.994],[5.825,50.992],[5.842,50.987],[5.86,51.006],[5.857,51.026],[5.854,51.025]]]},"properties":{"id":287194,"statcode":"WK096800","statnaam":"Wijk 00 Sittard-West","jrstatcode":"1998WK096800","rubriek":"wijk","FID":"wijk_gegeneraliseerd_1998.78b3ed27-ff37-4d49-9ff9-1d3a78a20cd1"},"id":"WK096800"},
{"type":"Feature","geometry":{"type":"Polygon","coordinates":[[[5.852,50.984],[5.877,50.978],[5.893,50.98],[5.904,50.987],[5.86,51.006],[5.842,50.987],[5.852,50.984]]]},"properties":{"id":287195,"statcode":"WK096801","statnaam":"Wijk 01 Sittard-Zuid","jrstatcode":"1998WK096801","rubriek":"wijk","FID":"wijk_gegeneraliseerd_1998.80b1633c-2516-4092-a19b-8d1120c7f482"},"id":"WK096801"},
{"type":"Feature","geometry":{"type":"Polygon","coordinates":[[[5.857,51.026],[5.86,51.006],[5.904,50.987],[5.906,51.002],[5.884,51.013],[5.877,51.024],[5.857,51.026]]]},"properties":{"id":287196,"statcode":"WK096802","statnaam":"Wijk 02 Sittard-Noord","jrstatcode":"1998WK096802","rubriek":"wijk","FID":"wijk_gegeneraliseerd_1998.79914d90-df78-4e50-a854-57c764596db4"},"id":"WK096802"},
{"type":"Feature","geometry":{"type":"Polygon","coordinates":[[[5.893,50.98],[5.877,50.978],[5.852,50.984],[5.852,50.968],[5.873,50.963],[5.895,50.975],[5.897,50.975],[5.893,50.98]]]},"properties":{"id":287197,"statcode":"WK096803","statnaam":"Wijk 03 Munstergeleen","jrstatcode":"1998WK096803","rubriek":"wijk","FID":"wijk_gegeneraliseerd_1998.ad4baa92-0537-4f15-bda1-698cbd5a84a7"},"id":"WK096803"},
{"type":"Feature","geometry":{"type":"Polygon","coordinates":[[[5.853,51.025],[5.807,51.017],[5.812,50.992],[5.825,50.992],[5.836,50.994],[5.854,51.025],[5.853,51.025]]]},"properties":{"id":287198,"statcode":"WK096804","statnaam":"Wijk 04 Limbricht","jrstatcode":"1998WK096804","rubriek":"wijk","FID":"wijk_gegeneraliseerd_1998.8e573851-5312-4ebf-abb2-9cec8ed7d7b3"},"id":"WK096804"},
{"type":"Feature","geometry":{"type":"Polygon","coordinates":[[[5.783,50.982],[5.764,50.984],[5.759,50.993],[5.733,50.972],[5.757,50.959],[5.786,50.96],[5.783,50.982]]]},"properties":{"id":287199,"statcode":"WK097100","statnaam":"Wijk 00 Stein","jrstatcode":"1998WK097100","rubriek":"wijk","FID":"wijk_gegeneraliseerd_1998.4b1f85a3-748b-465f-92fe-a08f4a688bc9"},"id":"WK097100"},
{"type":"Feature","geometry":{"type":"Polygon","coordinates":[[[5.786,50.96],[5.757,50.959],[5.733,50.972],[5.758,50.951],[5.746,50.943],[5.749,50.936],[5.771,50.928],[5.779,50.936],[5.788,50.949],[5.786,50.96]]]},"properties":{"id":287200,"statcode":"WK097101","statnaam":"Wijk 01 Elsloo","jrstatcode":"1998WK097101","rubriek":"wijk","FID":"wijk_gegeneraliseerd_1998.ecfbbdd5-08bf-46f6-b67f-d953f500fe14"},"id":"WK097101"},
{"type":"Feature","geometry":{"type":"Polygon","coordinates":[[[5.759,50.993],[5.764,50.984],[5.783,50.982],[5.789,51.001],[5.775,51.004],[5.787,51.019],[5.786,51.019],[5.773,51.019],[5.759,50.993]]]},"properties":{"id":287201,"statcode":"WK097102","statnaam":"Wijk 02 Urmond","jrstatcode":"1998WK097102","rubriek":"wijk","FID":"wijk_gegeneraliseerd_1998.84c29c51-580b-4a7b-afc2-747a6782b013"},"id":"WK097102"},
{"type":"Feature","geometry":{"type":"Polygon","coordinates":[[[5.871,51.08],[5.839,51.091],[5.824,51.068],[5.826,51.056],[5.844,51.046],[5.853,51.025],[5.854,51.025],[5.857,51.026],[5.877,51.024],[5.887,51.052],[5.913,51.067],[5.871,51.08]]]},"properties":{"id":287202,"statcode":"WK097400","statnaam":"Wijk 00 Susteren","jrstatcode":"1998WK097400","rubriek":"wijk","FID":"wijk_gegeneraliseerd_1998.74a33320-5612-49f2-81f4-557a6c7232cb"},"id":"WK097400"},
{"type":"Feature","geometry":{"type":"Polygon","coordinates":[[[5.839,51.091],[5.815,51.095],[5.796,51.091],[5.804,51.08],[5.798,51.06],[5.801,51.059],[5.824,51.068],[5.839,51.091]]]},"properties":{"id":287203,"statcode":"WK097401","statnaam":"Wijk 01 Roosteren","jrstatcode":"1998WK097401","rubriek":"wijk","FID":"wijk_gegeneraliseerd_1998.41e24272-49f2-46cd-ab23-6b15cb09d598"},"id":"WK097401"},
{"type":"Feature","geometry":{"type":"Polygon","coordinates":[[[6.073,51.243],[6.051,51.252],[6.026,51.247],[6.005,51.258],[6.002,51.234],[5.982,51.225],[5.992,51.219],[6.027,51.205],[6.049,51.199],[6.069,51.213],[6.086,51.223],[6.073,51.243]]]},"properties":{"id":287204,"statcode":"WK097500","statnaam":"Wijk 00","jrstatcode":"1998WK097500","rubriek":"wijk","FID":"wijk_gegeneraliseerd_1998.ac26cde9-deec-4956-ba13-09fdb5dc7d5e"},"id":"WK097500"},
{"type":"Feature","geometry":{"type":"Polygon","coordinates":[[[6.118,51.327],[6.126,51.329],[6.159,51.315],[6.179,51.334],[6.161,51.347],[6.142,51.354],[6.138,51.351],[6.123,51.343],[6.118,51.327]]]},"properties":{"id":287205,"statcode":"WK097600","statnaam":"Wijk 00 Tegelen","jrstatcode":"1998WK097600","rubriek":"wijk","FID":"wijk_gegeneraliseerd_1998.cf84ccb3-2d85-40bf-a3ef-7b9e6ce642c4"},"id":"WK097600"},
{"type":"Feature","geometry":{"type":"Polygon","coordinates":[[[5.827,51.167],[5.836,51.154],[5.856,51.145],[5.861,51.148],[5.875,51.168],[5.859,51.172],[5.852,51.175],[5.827,51.167]]]},"properties":{"id":287206,"statcode":"WK097700","statnaam":"Wijk 00","jrstatcode":"1998WK097700","rubriek":"wijk","FID":"wijk_gegeneraliseerd_1998.063e179a-df9d-44d5-b667-8ed8686da1cf"},"id":"WK097700"},
{"type":"Feature","geometry":{"type":"Polygon","coordinates":[[[6.014,50.755],[6.015,50.763],[6.001,50.785],[5.977,50.803],[5.958,50.798],[5.942,50.79],[5.943,50.773],[5.924,50.775],[5.936,50.757],[5.958,50.762],[5.976,50.754],[6.014,50.755]]]},"properties":{"id":287207,"statcode":"WK098100","statnaam":"Wijk 00 Vijlen-Lemiers","jrstatcode":"1998WK098100","rubriek":"wijk","FID":"wijk_gegeneraliseerd_1998.90ca94f6-f33f-415b-8004-f1d149c737b6"},"id":"WK098100"},
{"type":"Feature","geometry":{"type":"Polygon","coordinates":[[[6.001,50.785],[6.015,50.763],[6.014,50.755],[6.028,50.774],[6.001,50.785]]]},"properties":{"id":287208,"statcode":"WK098101","statnaam":"Wijk 01 Vaals","jrstatcode":"1998WK098101","rubriek":"wijk","FID":"wijk_gegeneraliseerd_1998.77bd6747-2a3d-4cfc-aeaf-daa920c1c33b"},"id":"WK098101"},
{"type":"Feature","geometry":{"type":"Polygon","coordinates":[[[6.142,51.354],[6.166,51.372],[6.157,51.39],[6.153,51.396],[6.139,51.395],[6.121,51.41],[6.08,51.403],[6.073,51.396],[6.09,51.389],[6.116,51.391],[6.138,51.351],[6.142,51.354]]]},"properties":{"id":287209,"statcode":"WK098300","statnaam":"Wijk 00 Blerick-stad","jrstatcode":"1998WK098300","rubriek":"wijk","FID":"wijk_gegeneraliseerd_1998.7f843337-439f-44ba-8746-afb6d7301f1c"},"id":"WK098300"},
{"type":"Feature","geometry":{"type":"Polygon","coordinates":[[[6.17,51.396],[6.157,51.39],[6.166,51.372],[6.142,51.354],[6.161,51.347],[6.179,51.348],[6.196,51.359],[6.205,51.375],[6.177,51.387],[6.17,51.396]]]},"properties":{"id":287210,"statcode":"WK098301","statnaam":"Wijk 01 Venlo-stad","jrstatcode":"1998WK098301","rubriek":"wijk","FID":"wijk_gegeneraliseerd_1998.a0f40ebd-b6c5-420d-bbfb-d490f3c557ea"},"id":"WK098301"},
{"type":"Feature","geometry":{"type":"Polygon","coordinates":[[[6.138,51.351],[6.116,51.391],[6.09,51.389],[6.091,51.372],[6.1,51.357],[6.123,51.343],[6.138,51.351]]]},"properties":{"id":287211,"statcode":"WK098302","statnaam":"Wijk 02 Blerick-randgebied","jrstatcode":"1998WK098302","rubriek":"wijk","FID":"wijk_gegeneraliseerd_1998.2a741c05-349d-4dd7-843f-5b35bc8d8a59"},"id":"WK098302"},
{"type":"Feature","geometry":{"type":"Polygon","coordinates":[[[6.17,51.396],[6.177,51.387],[6.205,51.375],[6.196,51.359],[6.179,51.348],[6.161,51.347],[6.179,51.334],[6.226,51.36],[6.214,51.39],[6.227,51.4],[6.207,51.405],[6.17,51.396]]]},"properties":{"id":287212,"statcode":"WK098303","statnaam":"Wijk 03 Venlo-randgebied","jrstatcode":"1998WK098303","rubriek":"wijk","FID":"wijk_gegeneraliseerd_1998.8c679c2d-a6de-4b1c-92d5-e96f2bf16d07"},"id":"WK098303"},
{"type":"Feature","geometry":{"type":"Polygon","coordinates":[[[6.032,51.552],[6.004,51.57],[5.975,51.561],[5.991,51.553],[6.002,51.521],[5.949,51.512],[5.941,51.521],[5.956,51.543],[5.952,51.557],[5.906,51.552],[5.871,51.563],[5.838,51.566],[5.848,51.525],[5.853,51.504],[5.861,51.492],[5.875,51.446],[5.904,51.453],[5.971,51.468],[6.026,51.48],[6.05,51.49],[6.069,51.488],[6.067,51.524],[6.044,51.536],[6.032,51.552]]]},"properties":{"id":287213,"statcode":"WK098400","statnaam":"Wijk 00 Overige kernen","jrstatcode":"1998WK098400","rubriek":"wijk","FID":"wijk_gegeneraliseerd_1998.174c8d29-5de7-4e13-97da-69c77f699a6a"},"id":"WK098400"},
{"type":"Feature","geometry":{"type":"Polygon","coordinates":[[[5.952,51.557],[5.956,51.543],[5.941,51.521],[5.949,51.512],[6.002,51.521],[5.991,51.553],[5.975,51.561],[5.952,51.557]]]},"properties":{"id":287214,"statcode":"WK098401","statnaam":"Wijk 01 Venray","jrstatcode":"1998WK098401","rubriek":"wijk","FID":"wijk_gegeneraliseerd_1998.41629c7d-78df-4297-8537-f0491aecb567"},"id":"WK098401"},
{"type":"Feature","geometry":{"type":"Polygon","coordinates":[[[5.931,50.898],[5.897,50.885],[5.917,50.849],[5.93,50.84],[5.955,50.846],[5.97,50.86],[5.939,50.89],[5.931,50.898]]]},"properties":{"id":287215,"statcode":"WK098600","statnaam":"Wijk 00 Voerendaal","jrstatcode":"1998WK098600","rubriek":"wijk","FID":"wijk_gegeneraliseerd_1998.8a405c85-612b-4776-946d-1aa06c1ea87a"},"id":"WK098600"},
{"type":"Feature","geometry":{"type":"Polygon","coordinates":[[[5.861,50.882],[5.869,50.872],[5.876,50.856],[5.888,50.847],[5.917,50.849],[5.897,50.885],[5.931,50.898],[5.923,50.904],[5.89,50.888],[5.861,50.882]]]},"properties":{"id":287216,"statcode":"WK098601","statnaam":"Wijk 01 Klimmen","jrstatcode":"1998WK098601","rubriek":"wijk","FID":"wijk_gegeneraliseerd_1998.abf1d748-139e-4337-9a9d-a02cca4f33b5"},"id":"WK098601"},
{"type":"Feature","geometry":{"type":"Polygon","coordinates":[[[5.698,51.261],[5.682,51.268],[5.68,51.279],[5.659,51.279],[5.644,51.291],[5.626,51.273],[5.624,51.249],[5.619,51.229],[5.566,51.221],[5.583,51.217],[5.647,51.239],[5.681,51.25],[5.701,51.257],[5.704,51.258],[5.698,51.261]]]},"properties":{"id":287217,"statcode":"WK098801","statnaam":"Wijk 01 Boshoven","jrstatcode":"1998WK098801","rubriek":"wijk","FID":"wijk_gegeneraliseerd_1998.1ea8a3f9-427e-457a-b3df-f5db01ef62e1"},"id":"WK098801"},
{"type":"Feature","geometry":{"type":"Polygon","coordinates":[[[5.737,51.276],[5.705,51.283],[5.68,51.279],[5.682,51.268],[5.698,51.261],[5.737,51.276]]]},"properties":{"id":287218,"statcode":"WK098802","statnaam":"Wijk 02 Laar/Hushoven","jrstatcode":"1998WK098802","rubriek":"wijk","FID":"wijk_gegeneraliseerd_1998.f1e9b51f-61c7-4078-9b9d-53720416c563"},"id":"WK098802"},
{"type":"Feature","geometry":{"type":"Polygon","coordinates":[[[5.716,51.262],[5.741,51.27],[5.737,51.276],[5.698,51.261],[5.704,51.258],[5.707,51.259],[5.716,51.262]]]},"properties":{"id":287219,"statcode":"WK098803","statnaam":"Wijk 03 Molenakker/Kampershoek","jrstatcode":"1998WK098803","rubriek":"wijk","FID":"wijk_gegeneraliseerd_1998.4e196b12-8127-4a5e-8bb0-05ee02028be2"},"id":"WK098803"},
{"type":"Feature","geometry":{"type":"Polygon","coordinates":[[[5.707,51.259],[5.704,51.258],[5.701,51.257],[5.701,51.249],[5.704,51.249],[5.715,51.248],[5.717,51.248],[5.716,51.254],[5.707,51.259]]]},"properties":{"id":287220,"statcode":"WK098811","statnaam":"Wijk 11 Weert-Centrum","jrstatcode":"1998WK098811","rubriek":"wijk","FID":"wijk_gegeneraliseerd_1998.56eff6a4-10de-4bdc-948e-d6f6e1c780b7"},"id":"WK098811"},
{"type":"Feature","geometry":{"type":"Polygon","coordinates":[[[5.716,51.262],[5.707,51.259],[5.716,51.254],[5.722,51.259],[5.716,51.262]]]},"properties":{"id":287221,"statcode":"WK098812","statnaam":"Wijk 12 Biest","jrstatcode":"1998WK098812","rubriek":"wijk","FID":"wijk_gegeneraliseerd_1998.ba457d75-3fbf-4c08-b570-30e60814d3cb"},"id":"WK098812"},
{"type":"Feature","geometry":{"type":"Polygon","coordinates":[[[5.722,51.259],[5.716,51.254],[5.717,51.248],[5.727,51.247],[5.722,51.259]]]},"properties":{"id":287222,"statcode":"WK098813","statnaam":"Wijk 13 Groenewoud","jrstatcode":"1998WK098813","rubriek":"wijk","FID":"wijk_gegeneraliseerd_1998.18792bd4-6a4d-4557-97a7-e84c44959062"},"id":"WK098813"},
{"type":"Feature","geometry":{"type":"Polygon","coordinates":[[[5.701,51.257],[5.681,51.25],[5.69,51.25],[5.701,51.249],[5.701,51.257]]]},"properties":{"id":287223,"statcode":"WK098814","statnaam":"Wijk 14 Fatima","jrstatcode":"1998WK098814","rubriek":"wijk","FID":"wijk_gegeneraliseerd_1998.982a1d1a-e7d4-4b0e-b39e-000153b0562d"},"id":"WK098814"},
{"type":"Feature","geometry":{"type":"Polygon","coordinates":[[[5.719,51.225],[5.704,51.249],[5.701,51.249],[5.69,51.25],[5.688,51.233],[5.714,51.225],[5.719,51.225]]]},"properties":{"id":287224,"statcode":"WK098821","statnaam":"Wijk 21 Keent","jrstatcode":"1998WK098821","rubriek":"wijk","FID":"wijk_gegeneraliseerd_1998.27dd3d75-1a4a-4d07-9484-1d9f8a871aba"},"id":"WK098821"},
{"type":"Feature","geometry":{"type":"Polygon","coordinates":[[[5.727,51.247],[5.715,51.248],[5.704,51.249],[5.719,51.225],[5.739,51.229],[5.751,51.246],[5.727,51.247]]]},"properties":{"id":287225,"statcode":"WK098822","statnaam":"Wijk 22 Moesel","jrstatcode":"1998WK098822","rubriek":"wijk","FID":"wijk_gegeneraliseerd_1998.01f7790e-c1fd-41c5-8852-e0e54978619a"},"id":"WK098822"},
{"type":"Feature","geometry":{"type":"Polygon","coordinates":[[[5.717,51.248],[5.715,51.248],[5.727,51.247],[5.717,51.248]]]},"properties":{"id":287226,"statcode":"WK098823","statnaam":"Wijk 23 Graswinkel","jrstatcode":"1998WK098823","rubriek":"wijk","FID":"wijk_gegeneraliseerd_1998.840ea4d8-d958-45aa-8a6c-8a8eedb1c57d"},"id":"WK098823"},
{"type":"Feature","geometry":{"type":"Polygon","coordinates":[[[5.786,51.243],[5.749,51.262],[5.741,51.27],[5.716,51.262],[5.722,51.259],[5.727,51.247],[5.751,51.246],[5.786,51.243]]]},"properties":{"id":287227,"statcode":"WK098824","statnaam":"Wijk 24 Leuken","jrstatcode":"1998WK098824","rubriek":"wijk","FID":"wijk_gegeneraliseerd_1998.2735eddb-5f02-4a64-a9e7-79f809d99e45"},"id":"WK098824"},
{"type":"Feature","geometry":{"type":"Polygon","coordinates":[[[5.688,51.233],[5.69,51.25],[5.681,51.25],[5.647,51.239],[5.688,51.233]]]},"properties":{"id":287228,"statcode":"WK098825","statnaam":"Wijk 25 Kazernelaan","jrstatcode":"1998WK098825","rubriek":"wijk","FID":"wijk_gegeneraliseerd_1998.312dc02e-a45a-4a7b-a602-99f28cbcf654"},"id":"WK098825"},
{"type":"Feature","geometry":{"type":"Polygon","coordinates":[[[5.688,51.233],[5.647,51.239],[5.583,51.217],[5.645,51.2],[5.654,51.194],[5.72,51.204],[5.709,51.216],[5.714,51.225],[5.688,51.233]]]},"properties":{"id":287229,"statcode":"WK098831","statnaam":"Wijk 31 Altweerderheide","jrstatcode":"1998WK098831","rubriek":"wijk","FID":"wijk_gegeneraliseerd_1998.954263bd-0f70-4fcd-9c4e-7ba04b06fccd"},"id":"WK098831"},
{"type":"Feature","geometry":{"type":"Polygon","coordinates":[[[5.719,51.225],[5.714,51.225],[5.709,51.216],[5.72,51.204],[5.749,51.208],[5.768,51.215],[5.739,51.229],[5.719,51.225]]]},"properties":{"id":287230,"statcode":"WK098832","statnaam":"Wijk 32 Tungelroy","jrstatcode":"1998WK098832","rubriek":"wijk","FID":"wijk_gegeneraliseerd_1998.a264c998-d2b2-406b-b676-03e84a96ef77"},"id":"WK098832"},
{"type":"Feature","geometry":{"type":"Polygon","coordinates":[[[5.786,51.243],[5.751,51.246],[5.739,51.229],[5.768,51.215],[5.782,51.22],[5.792,51.237],[5.786,51.243]]]},"properties":{"id":287231,"statcode":"WK098833","statnaam":"Wijk 33 Swartbroek","jrstatcode":"1998WK098833","rubriek":"wijk","FID":"wijk_gegeneraliseerd_1998.1ce2163b-6dab-40fe-88d4-d83f387e10ce"},"id":"WK098833"},
{"type":"Feature","geometry":{"type":"Polygon","coordinates":[[[5.72,51.204],[5.654,51.194],[5.664,51.186],[5.711,51.182],[5.746,51.19],[5.749,51.208],[5.72,51.204]]]},"properties":{"id":287232,"statcode":"WK098834","statnaam":"Wijk 34 Stramproy","jrstatcode":"1998WK098834","rubriek":"wijk","FID":"wijk_gegeneraliseerd_1998.58a1f24f-b8f9-41b3-9c4c-56854cf287da"},"id":"WK098834"},
{"type":"Feature","geometry":{"type":"Polygon","coordinates":[[[5.955,50.846],[5.93,50.84],[5.909,50.822],[5.969,50.817],[5.972,50.821],[5.959,50.829],[5.955,50.846]]]},"properties":{"id":287233,"statcode":"WK099000","statnaam":"Wijk 00 Eys","jrstatcode":"1998WK099000","rubriek":"wijk","FID":"wijk_gegeneraliseerd_1998.41bd418c-5b2d-408d-821b-c92858eb6e6f"},"id":"WK099000"},
{"type":"Feature","geometry":{"type":"Polygon","coordinates":[[[5.899,50.82],[5.916,50.804],[5.927,50.807],[5.958,50.798],[5.977,50.803],[5.983,50.81],[5.969,50.817],[5.909,50.822],[5.899,50.82]]]},"properties":{"id":287234,"statcode":"WK099001","statnaam":"Wijk 01 Wittem","jrstatcode":"1998WK099001","rubriek":"wijk","FID":"wijk_gegeneraliseerd_1998.5142e7cb-709d-42dc-9be1-3de407fa1fc5"},"id":"WK099001"},
{"type":"Feature","geometry":{"type":"Polygon","coordinates":[[[5.958,50.798],[5.927,50.807],[5.916,50.804],[5.906,50.802],[5.885,50.783],[5.885,50.772],[5.89,50.777],[5.924,50.775],[5.943,50.773],[5.942,50.79],[5.958,50.798]]]},"properties":{"id":287235,"statcode":"WK099002","statnaam":"Wijk 02 Mechelen","jrstatcode":"1998WK099002","rubriek":"wijk","FID":"wijk_gegeneraliseerd_1998.dc764f89-d69c-4ea2-bd0f-d5a8d384006e"},"id":"WK099002"},
{"type":"Feature","geometry":{"type":"Polygon","coordinates":[[[5.924,50.775],[5.89,50.777],[5.885,50.772],[5.886,50.77],[5.89,50.756],[5.921,50.751],[5.936,50.757],[5.924,50.775]]]},"properties":{"id":287236,"statcode":"WK099003","statnaam":"Wijk 03 Epen","jrstatcode":"1998WK099003","rubriek":"wijk","FID":"wijk_gegeneraliseerd_1998.5bcd30bd-15fc-4908-a31e-5329145f28b1"},"id":"WK099003"},
{"type":"Feature","geometry":{"type":"Polygon","coordinates":[[[5.845,50.765],[5.852,50.757],[5.886,50.77],[5.885,50.772],[5.885,50.783],[5.845,50.786],[5.835,50.783],[5.845,50.765]]]},"properties":{"id":287237,"statcode":"WK099004","statnaam":"Wijk 04 Slenaken","jrstatcode":"1998WK099004","rubriek":"wijk","FID":"wijk_gegeneraliseerd_1998.ca14d314-abe6-4caa-b140-656b95fb694e"},"id":"WK099004"},
{"type":"Feature","geometry":{"type":"Polygon","coordinates":[[[6.104,51.548],[6.081,51.547],[6.048,51.559],[6.032,51.552],[6.044,51.536],[6.067,51.524],[6.09,51.525],[6.104,51.548]]]},"properties":{"id":287238,"statcode":"WK099300","statnaam":"Wijk 00 Wanssum","jrstatcode":"1998WK099300","rubriek":"wijk","FID":"wijk_gegeneraliseerd_1998.c9f51b2a-bb2c-44d0-92bf-bbeed13cdcdd"},"id":"WK099300"},
{"type":"Feature","geometry":{"type":"Polygon","coordinates":[[[6.141,51.52],[6.122,51.53],[6.11,51.547],[6.104,51.548],[6.09,51.525],[6.067,51.524],[6.069,51.488],[6.089,51.485],[6.112,51.471],[6.144,51.494],[6.132,51.511],[6.141,51.52]]]},"properties":{"id":287239,"statcode":"WK099301","statnaam":"Wijk 01 Meerlo","jrstatcode":"1998WK099301","rubriek":"wijk","FID":"wijk_gegeneraliseerd_1998.87662f67-76a8-4d77-8b1b-04b6b742e9d7"},"id":"WK099301"},
{"type":"Feature","geometry":{"type":"Polygon","coordinates":[[[5.839,50.856],[5.869,50.872],[5.861,50.882],[5.835,50.881],[5.81,50.866],[5.815,50.86],[5.839,50.856]]]},"properties":{"id":287240,"statcode":"WK099400","statnaam":"Wijk 00 Valkenburg","jrstatcode":"1998WK099400","rubriek":"wijk","FID":"wijk_gegeneraliseerd_1998.5377868b-d130-4c95-96a2-fa8b841aa21b"},"id":"WK099400"},
{"type":"Feature","geometry":{"type":"Polygon","coordinates":[[[5.833,50.892],[5.8,50.886],[5.778,50.884],[5.773,50.872],[5.81,50.866],[5.835,50.881],[5.833,50.892]]]},"properties":{"id":287241,"statcode":"WK099401","statnaam":"Wijk 01 Houthem - Sint Gerlach","jrstatcode":"1998WK099401","rubriek":"wijk","FID":"wijk_gegeneraliseerd_1998.8430dfa6-8a01-4e69-bf41-8ebb54447f1b"},"id":"WK099401"},
{"type":"Feature","geometry":{"type":"Polygon","coordinates":[[[5.888,50.847],[5.876,50.856],[5.869,50.872],[5.839,50.856],[5.854,50.848],[5.844,50.834],[5.859,50.833],[5.888,50.847]]]},"properties":{"id":287242,"statcode":"WK099402","statnaam":"Wijk 02 Schin op Geul","jrstatcode":"1998WK099402","rubriek":"wijk","FID":"wijk_gegeneraliseerd_1998.a4404c29-dea4-44c1-ab95-c8ea7414b1a7"},"id":"WK099402"},
{"type":"Feature","geometry":{"type":"Polygon","coordinates":[[[5.839,50.856],[5.815,50.86],[5.802,50.85],[5.821,50.839],[5.844,50.834],[5.854,50.848],[5.839,50.856]]]},"properties":{"id":287243,"statcode":"WK099403","statnaam":"Wijk 03 Sibbe","jrstatcode":"1998WK099403","rubriek":"wijk","FID":"wijk_gegeneraliseerd_1998.8cf415cf-0df6-4889-9683-6a719ec9e711"},"id":"WK099403"},
{"type":"Feature","geometry":{"type":"Polygon","coordinates":[[[5.815,50.86],[5.81,50.866],[5.773,50.872],[5.763,50.867],[5.757,50.855],[5.779,50.85],[5.802,50.85],[5.815,50.86]]]},"properties":{"id":287244,"statcode":"WK099404","statnaam":"Wijk 04 Berg en Terblijt","jrstatcode":"1998WK099404","rubriek":"wijk","FID":"wijk_gegeneraliseerd_1998.752917ab-520f-4d60-81df-f91f5b4b2d4c"},"id":"WK099404"},
{"type":"Feature","geometry":{"type":"Polygon","coordinates":[[[5.481,52.491],[5.479,52.512],[5.477,52.527],[5.473,52.527],[5.474,52.503],[5.481,52.491]]]},"properties":{"id":287245,"statcode":"WK099501","statnaam":"Wijk 01 Centrum zone","jrstatcode":"1998WK099501","rubriek":"wijk","FID":"wijk_gegeneraliseerd_1998.9744a467-fcaf-4c51-a300-9248488c1522"},"id":"WK099501"},
{"type":"Feature","geometry":{"type":"Polygon","coordinates":[[[5.51,52.51],[5.477,52.527],[5.479,52.512],[5.51,52.51]]]},"properties":{"id":287246,"statcode":"WK099502","statnaam":"Wijk 02 Zuiderzeewijk","jrstatcode":"1998WK099502","rubriek":"wijk","FID":"wijk_gegeneraliseerd_1998.46216055-1250-4985-a840-76907533f0a8"},"id":"WK099502"},
{"type":"Feature","geometry":{"type":"Polygon","coordinates":[[[5.473,52.527],[5.454,52.525],[5.436,52.511],[5.474,52.503],[5.473,52.527]]]},"properties":{"id":287247,"statcode":"WK099503","statnaam":"Wijk 03 Schepenwijk","jrstatcode":"1998WK099503","rubriek":"wijk","FID":"wijk_gegeneraliseerd_1998.ad24677a-56b4-467e-8bc7-8018036c53c9"},"id":"WK099503"},
{"type":"Feature","geometry":{"type":"Polygon","coordinates":[[[5.406,52.497],[5.428,52.497],[5.419,52.503],[5.406,52.497]]]},"properties":{"id":287248,"statcode":"WK099504","statnaam":"Wijk 04 Lelystad-Haven","jrstatcode":"1998WK099504","rubriek":"wijk","FID":"wijk_gegeneraliseerd_1998.d45f41bc-ac24-44ff-884d-fa89ea8e6b0c"},"id":"WK099504"},
{"type":"Feature","geometry":{"type":"Polygon","coordinates":[[[5.481,52.491],[5.497,52.485],[5.509,52.493],[5.51,52.51],[5.479,52.512],[5.481,52.491]]]},"properties":{"id":287249,"statcode":"WK099505","statnaam":"Wijk 05 Bos en Water","jrstatcode":"1998WK099505","rubriek":"wijk","FID":"wijk_gegeneraliseerd_1998.96bc8a2a-2bc4-4680-b8a8-71de92d8fe3c"},"id":"WK099505"},
{"type":"Feature","geometry":{"type":"Polygon","coordinates":[[[5.573,52.596],[5.558,52.592],[5.499,52.555],[5.464,52.552],[5.435,52.529],[5.44,52.517],[5.419,52.503],[5.428,52.497],[5.406,52.497],[5.38,52.488],[5.258,52.435],[5.276,52.423],[5.351,52.4],[5.424,52.433],[5.439,52.443],[5.498,52.405],[5.537,52.385],[5.578,52.41],[5.589,52.411],[5.567,52.436],[5.586,52.448],[5.565,52.47],[5.606,52.484],[5.591,52.5],[5.591,52.514],[5.587,52.563],[5.573,52.596]],[[5.477,52.527],[5.51,52.51],[5.509,52.493],[5.497,52.485],[5.481,52.491],[5.474,52.503],[5.436,52.511],[5.454,52.525],[5.473,52.527],[5.477,52.527]]]},"properties":{"id":287250,"statcode":"WK099506","statnaam":"Wijk 06 Verspreide huizen","jrstatcode":"1998WK099506","rubriek":"wijk","FID":"wijk_gegeneraliseerd_1998.21117566-7d0f-4bca-87b6-30ae22692cdb"},"id":"WK099506"},
{"type":"Feature","geometry":{"type":"Polygon","coordinates":[[[6.637,53.452],[6.652,53.414],[6.635,53.398],[6.67,53.399],[6.683,53.39],[6.698,53.394],[6.7,53.413],[6.728,53.465],[6.669,53.459],[6.637,53.452]]]},"properties":{"id":287251,"statcode":"WK165100","statnaam":"Wijk 00","jrstatcode":"1998WK165100","rubriek":"wijk","FID":"wijk_gegeneraliseerd_1998.657d1766-1ab2-4377-b7cb-972d9d23bb0a"},"id":"WK165100"},
{"type":"Feature","geometry":{"type":"Polygon","coordinates":[[[6.874,53.408],[6.885,53.442],[6.843,53.457],[6.814,53.463],[6.797,53.454],[6.757,53.465],[6.728,53.465],[6.7,53.413],[6.698,53.394],[6.707,53.384],[6.73,53.381],[6.739,53.388],[6.779,53.411],[6.792,53.404],[6.844,53.422],[6.874,53.408]]]},"properties":{"id":287252,"statcode":"WK165101","statnaam":"Wijk 01","jrstatcode":"1998WK165101","rubriek":"wijk","FID":"wijk_gegeneraliseerd_1998.9c27cc65-15c8-4504-8511-90cd7ca18d7c"},"id":"WK165101"},
{"type":"Feature","geometry":{"type":"Polygon","coordinates":[[[6.697,53.363],[6.73,53.381],[6.707,53.384],[6.698,53.394],[6.683,53.39],[6.67,53.399],[6.635,53.398],[6.61,53.394],[6.585,53.382],[6.588,53.369],[6.582,53.344],[6.596,53.347],[6.626,53.351],[6.63,53.363],[6.665,53.367],[6.697,53.363]]]},"properties":{"id":287253,"statcode":"WK165102","statnaam":"Wijk 02","jrstatcode":"1998WK165102","rubriek":"wijk","FID":"wijk_gegeneraliseerd_1998.ef2a1628-5ca9-46f5-aa41-ed4c1e0095bb"},"id":"WK165102"},
{"type":"Feature","geometry":{"type":"Polygon","coordinates":[[[6.635,53.398],[6.652,53.414],[6.637,53.452],[6.565,53.435],[6.569,53.416],[6.585,53.382],[6.61,53.394],[6.635,53.398]]]},"properties":{"id":287254,"statcode":"WK165103","statnaam":"Wijk 03","jrstatcode":"1998WK165103","rubriek":"wijk","FID":"wijk_gegeneraliseerd_1998.b40e302c-b2fa-42d2-9eb1-b2ecb59d99b5"},"id":"WK165103"},
{"type":"Feature","geometry":{"type":"MultiPolygon","coordinates":[[[[6.548,53.426],[6.544,53.406],[6.526,53.383],[6.551,53.377],[6.552,53.359],[6.576,53.347],[6.582,53.344],[6.588,53.369],[6.585,53.382],[6.569,53.416],[6.565,53.435],[6.546,53.432],[6.548,53.426]]],[[[6.469,53.525],[6.517,53.538],[6.473,53.548],[6.446,53.541],[6.469,53.525]]]]},"properties":{"id":287255,"statcode":"WK165104","statnaam":"Wijk 04","jrstatcode":"1998WK165104","rubriek":"wijk","FID":"wijk_gegeneraliseerd_1998.26827445-280a-4acb-bba4-6034735b6743"},"id":"WK165104"},
{"type":"Feature","geometry":{"type":"Polygon","coordinates":[[[5.682,51.528],[5.706,51.551],[5.752,51.56],[5.743,51.575],[5.707,51.568],[5.682,51.575],[5.686,51.584],[5.651,51.582],[5.656,51.574],[5.653,51.57],[5.667,51.541],[5.682,51.528]]]},"properties":{"id":287256,"statcode":"WK165200","statnaam":"Wijk 00 Gemert","jrstatcode":"1998WK165200","rubriek":"wijk","FID":"wijk_gegeneraliseerd_1998.a8d4b874-7c97-4063-938d-85ceefb18ed8"},"id":"WK165200"},
{"type":"Feature","geometry":{"type":"Polygon","coordinates":[[[5.733,51.59],[5.729,51.59],[5.686,51.584],[5.682,51.575],[5.707,51.568],[5.743,51.575],[5.733,51.59]]]},"properties":{"id":287257,"statcode":"WK165201","statnaam":"Wijk 01 Handel","jrstatcode":"1998WK165201","rubriek":"wijk","FID":"wijk_gegeneraliseerd_1998.3c69f621-d135-4541-b802-a53bda50eed6"},"id":"WK165201"},
{"type":"Feature","geometry":{"type":"Polygon","coordinates":[[[5.752,51.56],[5.706,51.551],[5.682,51.528],[5.697,51.525],[5.734,51.528],[5.75,51.537],[5.763,51.543],[5.752,51.56]]]},"properties":{"id":287258,"statcode":"WK165202","statnaam":"Wijk 02 De Mortel","jrstatcode":"1998WK165202","rubriek":"wijk","FID":"wijk_gegeneraliseerd_1998.0f88f639-038a-49c6-88e0-2f5e13160bf5"},"id":"WK165202"},
{"type":"Feature","geometry":{"type":"Polygon","coordinates":[[[5.759,51.594],[5.733,51.59],[5.743,51.575],[5.752,51.56],[5.763,51.543],[5.809,51.574],[5.787,51.598],[5.759,51.594]]]},"properties":{"id":287259,"statcode":"WK165203","statnaam":"Wijk 03 Elsendorp","jrstatcode":"1998WK165203","rubriek":"wijk","FID":"wijk_gegeneraliseerd_1998.c268eeca-1a99-4189-9475-ccbdfdb8d4b3"},"id":"WK165203"},
{"type":"Feature","geometry":{"type":"Polygon","coordinates":[[[5.768,51.489],[5.755,51.496],[5.762,51.524],[5.755,51.535],[5.75,51.537],[5.734,51.528],[5.697,51.525],[5.682,51.528],[5.684,51.508],[5.708,51.502],[5.713,51.49],[5.722,51.485],[5.768,51.489]]]},"properties":{"id":287260,"statcode":"WK165204","statnaam":"Wijk 04 Bakel","jrstatcode":"1998WK165204","rubriek":"wijk","FID":"wijk_gegeneraliseerd_1998.4126d447-4753-426a-ba1a-e8ae4fa4b975"},"id":"WK165204"},
{"type":"Feature","geometry":{"type":"Polygon","coordinates":[[[5.768,51.489],[5.792,51.491],[5.853,51.504],[5.848,51.525],[5.817,51.513],[5.755,51.535],[5.762,51.524],[5.755,51.496],[5.768,51.489]]]},"properties":{"id":287261,"statcode":"WK165205","statnaam":"Wijk 05 Milheeze","jrstatcode":"1998WK165205","rubriek":"wijk","FID":"wijk_gegeneraliseerd_1998.d8b853e9-c01f-48f7-b559-f17284ef55bf"},"id":"WK165205"},
{"type":"Feature","geometry":{"type":"Polygon","coordinates":[[[5.809,51.574],[5.763,51.543],[5.75,51.537],[5.755,51.535],[5.817,51.513],[5.848,51.525],[5.838,51.566],[5.823,51.568],[5.809,51.574]]]},"properties":{"id":287262,"statcode":"WK165206","statnaam":"Wijk 06 De Rips","jrstatcode":"1998WK165206","rubriek":"wijk","FID":"wijk_gegeneraliseerd_1998.c05d226e-8f7a-4134-a60b-3df0932d6bbe"},"id":"WK165206"},
{"type":"Feature","geometry":{"type":"Polygon","coordinates":[[[4.461,51.614],[4.463,51.603],[4.45,51.595],[4.429,51.594],[4.43,51.59],[4.444,51.569],[4.462,51.561],[4.474,51.562],[4.47,51.568],[4.49,51.584],[4.502,51.609],[4.488,51.62],[4.461,51.614]]]},"properties":{"id":287263,"statcode":"WK165501","statnaam":"Wijk 01 Oud Gastel","jrstatcode":"1998WK165501","rubriek":"wijk","FID":"wijk_gegeneraliseerd_1998.a167ce8c-1d4d-4caf-96d5-ddcf3e19c359"},"id":"WK165501"},
{"type":"Feature","geometry":{"type":"Polygon","coordinates":[[[4.429,51.594],[4.45,51.595],[4.463,51.603],[4.461,51.614],[4.438,51.617],[4.427,51.612],[4.429,51.594]]]},"properties":{"id":287264,"statcode":"WK165502","statnaam":"Wijk 02 Stampersgat","jrstatcode":"1998WK165502","rubriek":"wijk","FID":"wijk_gegeneraliseerd_1998.8eb42f10-e480-429b-ba74-f3cbcb96f895"},"id":"WK165502"},
{"type":"Feature","geometry":{"type":"Polygon","coordinates":[[[4.537,51.617],[4.519,51.608],[4.502,51.609],[4.49,51.584],[4.47,51.568],[4.474,51.562],[4.474,51.561],[4.5,51.559],[4.509,51.569],[4.537,51.566],[4.555,51.58],[4.546,51.599],[4.552,51.611],[4.537,51.617]]]},"properties":{"id":287265,"statcode":"WK165503","statnaam":"Wijk 03 Oudenbosch","jrstatcode":"1998WK165503","rubriek":"wijk","FID":"wijk_gegeneraliseerd_1998.78634fe2-7707-4c28-a24a-204bd0eb10ae"},"id":"WK165503"},
{"type":"Feature","geometry":{"type":"Polygon","coordinates":[[[4.592,51.561],[4.597,51.59],[4.614,51.608],[4.601,51.625],[4.578,51.63],[4.571,51.63],[4.537,51.617],[4.552,51.611],[4.546,51.599],[4.555,51.58],[4.568,51.556],[4.592,51.561]]]},"properties":{"id":287266,"statcode":"WK165504","statnaam":"Wijk 04 Hoeven","jrstatcode":"1998WK165504","rubriek":"wijk","FID":"wijk_gegeneraliseerd_1998.f70f8dd7-9318-4426-9377-8e744a003df1"},"id":"WK165504"},
{"type":"Feature","geometry":{"type":"Polygon","coordinates":[[[4.533,51.549],[4.567,51.556],[4.568,51.556],[4.555,51.58],[4.537,51.566],[4.533,51.549]]]},"properties":{"id":287267,"statcode":"WK165505","statnaam":"Wijk 05 Bosschenhoofd","jrstatcode":"1998WK165505","rubriek":"wijk","FID":"wijk_gegeneraliseerd_1998.f7330339-381c-4115-884e-dbdde73dedda"},"id":"WK165505"},
{"type":"Feature","geometry":{"type":"Polygon","coordinates":[[[5.639,51.422],[5.599,51.418],[5.558,51.406],[5.526,51.405],[5.505,51.4],[5.516,51.378],[5.527,51.367],[5.494,51.354],[5.543,51.365],[5.571,51.362],[5.588,51.351],[5.599,51.362],[5.639,51.389],[5.639,51.422]]]},"properties":{"id":287268,"statcode":"WK165800","statnaam":"Wijk 00 Heeze","jrstatcode":"1998WK165800","rubriek":"wijk","FID":"wijk_gegeneraliseerd_1998.e08d85fe-546f-48c9-939e-dbc907346d4f"},"id":"WK165800"},
{"type":"Feature","geometry":{"type":"Polygon","coordinates":[[[5.538,51.308],[5.526,51.316],[5.526,51.33],[5.547,51.341],[5.568,51.321],[5.585,51.326],[5.603,51.331],[5.588,51.351],[5.571,51.362],[5.543,51.365],[5.494,51.354],[5.496,51.347],[5.474,51.334],[5.489,51.318],[5.485,51.3],[5.516,51.295],[5.529,51.303],[5.538,51.308]]]},"properties":{"id":287269,"statcode":"WK165801","statnaam":"Wijk 01 Leende","jrstatcode":"1998WK165801","rubriek":"wijk","FID":"wijk_gegeneraliseerd_1998.f07bd982-572b-49c8-9204-130389977a82"},"id":"WK165801"},
{"type":"Feature","geometry":{"type":"Polygon","coordinates":[[[5.568,51.321],[5.547,51.341],[5.526,51.33],[5.526,51.316],[5.538,51.308],[5.568,51.321]]]},"properties":{"id":287270,"statcode":"WK165802","statnaam":"Wijk 02 Leenderstrijp","jrstatcode":"1998WK165802","rubriek":"wijk","FID":"wijk_gegeneraliseerd_1998.96ba3545-6e31-41c1-8de1-61c232be5a4e"},"id":"WK165802"},
{"type":"Feature","geometry":{"type":"Polygon","coordinates":[[[5.603,51.331],[5.631,51.328],[5.644,51.337],[5.64,51.347],[5.655,51.354],[5.639,51.389],[5.599,51.362],[5.588,51.351],[5.603,51.331]]]},"properties":{"id":287271,"statcode":"WK165803","statnaam":"Wijk 03 Sterksel","jrstatcode":"1998WK165803","rubriek":"wijk","FID":"wijk_gegeneraliseerd_1998.63a2b7db-8ea8-43f8-8767-147a3c1b1639"},"id":"WK165803"},
{"type":"Feature","geometry":{"type":"Polygon","coordinates":[[[5.653,51.57],[5.622,51.553],[5.614,51.555],[5.587,51.549],[5.597,51.534],[5.619,51.526],[5.647,51.52],[5.666,51.528],[5.667,51.541],[5.653,51.57]]]},"properties":{"id":287272,"statcode":"WK165900","statnaam":"Wijk 00 Beek en Donk","jrstatcode":"1998WK165900","rubriek":"wijk","FID":"wijk_gegeneraliseerd_1998.ec9b1826-a85a-4788-8bc3-2cb64621f517"},"id":"WK165900"},
{"type":"Feature","geometry":{"type":"Polygon","coordinates":[[[5.667,51.541],[5.666,51.528],[5.647,51.52],[5.619,51.526],[5.61,51.509],[5.627,51.496],[5.653,51.504],[5.675,51.499],[5.684,51.508],[5.682,51.528],[5.667,51.541]]]},"properties":{"id":287273,"statcode":"WK165901","statnaam":"Wijk 01 Aarle-Rixtel","jrstatcode":"1998WK165901","rubriek":"wijk","FID":"wijk_gegeneraliseerd_1998.235da9b6-dc49-4a39-b9c8-91492eb816cb"},"id":"WK165901"},
{"type":"Feature","geometry":{"type":"Polygon","coordinates":[[[5.619,51.526],[5.597,51.534],[5.562,51.525],[5.554,51.519],[5.566,51.502],[5.577,51.499],[5.61,51.509],[5.619,51.526]]]},"properties":{"id":287274,"statcode":"WK165902","statnaam":"Wijk 02 Lieshout","jrstatcode":"1998WK165902","rubriek":"wijk","FID":"wijk_gegeneraliseerd_1998.d77aeab0-d869-4e92-b332-67a578e5e086"},"id":"WK165902"},
{"type":"Feature","geometry":{"type":"Polygon","coordinates":[[[5.608,51.56],[5.584,51.563],[5.545,51.558],[5.547,51.538],[5.554,51.519],[5.562,51.525],[5.597,51.534],[5.587,51.549],[5.614,51.555],[5.608,51.56]]]},"properties":{"id":287275,"statcode":"WK165903","statnaam":"Wijk 03 Mariahout","jrstatcode":"1998WK165903","rubriek":"wijk","FID":"wijk_gegeneraliseerd_1998.8f911729-a55d-41a4-8d58-f81a09e8b57a"},"id":"WK165903"},
{"type":"Feature","geometry":{"type":"Polygon","coordinates":[[[7.15,53.245],[7.156,53.22],[7.165,53.215],[7.142,53.192],[7.089,53.183],[7.065,53.165],[7.086,53.145],[7.116,53.148],[7.145,53.161],[7.182,53.174],[7.208,53.189],[7.218,53.198],[7.217,53.215],[7.202,53.236],[7.162,53.246],[7.15,53.245]]]},"properties":{"id":287276,"statcode":"WK166100","statnaam":"Wijk 00","jrstatcode":"1998WK166100","rubriek":"wijk","FID":"wijk_gegeneraliseerd_1998.cf5bda6e-f032-4257-9f62-28d399ad7f18"},"id":"WK166100"},
{"type":"Feature","geometry":{"type":"Polygon","coordinates":[[[7.065,53.165],[7.089,53.183],[7.142,53.192],[7.165,53.215],[7.156,53.22],[7.15,53.245],[7.091,53.257],[7.068,53.242],[7.072,53.229],[7.059,53.167],[7.065,53.165]]]},"properties":{"id":287277,"statcode":"WK166101","statnaam":"Wijk 01","jrstatcode":"1998WK166101","rubriek":"wijk","FID":"wijk_gegeneraliseerd_1998.5f9f7fd6-0280-4b31-a32e-2be96aba5a59"},"id":"WK166101"},
{"type":"Feature","geometry":{"type":"Polygon","coordinates":[[[7.189,53.155],[7.208,53.189],[7.182,53.174],[7.145,53.161],[7.174,53.148],[7.189,53.155]]]},"properties":{"id":287278,"statcode":"WK166102","statnaam":"Wijk 02","jrstatcode":"1998WK166102","rubriek":"wijk","FID":"wijk_gegeneraliseerd_1998.dafe6fa3-48fc-45bc-9bcf-85c5cfbb7d6c"},"id":"WK166102"},
{"type":"Feature","geometry":{"type":"Polygon","coordinates":[[[6.309,53.393],[6.293,53.403],[6.256,53.415],[6.215,53.409],[6.191,53.411],[6.168,53.391],[6.176,53.368],[6.215,53.358],[6.239,53.343],[6.254,53.349],[6.287,53.341],[6.331,53.315],[6.35,53.318],[6.351,53.336],[6.368,53.362],[6.368,53.374],[6.36,53.371],[6.321,53.378],[6.309,53.393]]]},"properties":{"id":287279,"statcode":"WK166300","statnaam":"Wijk 00","jrstatcode":"1998WK166300","rubriek":"wijk","FID":"wijk_gegeneraliseerd_1998.d3c4a497-5943-425c-9a68-f0894561cad9"},"id":"WK166300"},
{"type":"Feature","geometry":{"type":"Polygon","coordinates":[[[6.368,53.374],[6.368,53.362],[6.351,53.336],[6.35,53.318],[6.367,53.322],[6.4,53.319],[6.431,53.328],[6.438,53.317],[6.453,53.329],[6.485,53.344],[6.473,53.362],[6.456,53.352],[6.429,53.358],[6.409,53.377],[6.368,53.374]]]},"properties":{"id":287280,"statcode":"WK166301","statnaam":"Wijk 01","jrstatcode":"1998WK166301","rubriek":"wijk","FID":"wijk_gegeneraliseerd_1998.619ce3ac-963a-47ad-bc5e-b15b1a59e6c1"},"id":"WK166301"},
{"type":"Feature","geometry":{"type":"Polygon","coordinates":[[[6.48,53.366],[6.47,53.383],[6.485,53.398],[6.507,53.4],[6.516,53.426],[6.548,53.426],[6.546,53.432],[6.481,53.427],[6.413,53.418],[6.422,53.41],[6.418,53.382],[6.431,53.38],[6.429,53.358],[6.456,53.352],[6.473,53.362],[6.48,53.366]]]},"properties":{"id":287281,"statcode":"WK166302","statnaam":"Wijk 02","jrstatcode":"1998WK166302","rubriek":"wijk","FID":"wijk_gegeneraliseerd_1998.10ef5b5b-d616-486a-86b0-988280e0bb74"},"id":"WK166302"},
{"type":"Feature","geometry":{"type":"Polygon","coordinates":[[[6.309,53.393],[6.321,53.378],[6.36,53.371],[6.368,53.374],[6.409,53.377],[6.429,53.358],[6.431,53.38],[6.418,53.382],[6.422,53.41],[6.413,53.418],[6.381,53.417],[6.333,53.405],[6.309,53.393]]]},"properties":{"id":287282,"statcode":"WK166303","statnaam":"Wijk 03","jrstatcode":"1998WK166303","rubriek":"wijk","FID":"wijk_gegeneraliseerd_1998.f6152660-4fea-4697-8143-b3afb07c69e3"},"id":"WK166303"},
{"type":"Feature","geometry":{"type":"Polygon","coordinates":[[[4.781,51.664],[4.822,51.675],[4.842,51.679],[4.828,51.697],[4.776,51.699],[4.763,51.695],[4.773,51.673],[4.781,51.664]]]},"properties":{"id":287283,"statcode":"WK166500","statnaam":"Wijk 00 Made","jrstatcode":"1998WK166500","rubriek":"wijk","FID":"wijk_gegeneraliseerd_1998.44f0c76b-c2d2-4609-a2db-b74ec5ede9f4"},"id":"WK166500"},
{"type":"Feature","geometry":{"type":"MultiPolygon","coordinates":[[[[4.853,51.751],[4.846,51.757],[4.799,51.755],[4.765,51.737],[4.755,51.727],[4.794,51.716],[4.837,51.715],[4.847,51.728],[4.853,51.751]]],[[[4.758,51.705],[4.763,51.695],[4.776,51.699],[4.828,51.697],[4.824,51.71],[4.803,51.711],[4.763,51.721],[4.732,51.721],[4.758,51.705]]]]},"properties":{"id":287284,"statcode":"WK166501","statnaam":"Wijk 01 Drimmelen","jrstatcode":"1998WK166501","rubriek":"wijk","FID":"wijk_gegeneraliseerd_1998.021ef6ed-51f2-4192-aecb-fd55d821cd13"},"id":"WK166501"},
{"type":"Feature","geometry":{"type":"Polygon","coordinates":[[[4.781,51.664],[4.769,51.659],[4.729,51.657],[4.726,51.666],[4.695,51.658],[4.689,51.652],[4.699,51.638],[4.732,51.643],[4.758,51.637],[4.766,51.629],[4.788,51.637],[4.796,51.641],[4.781,51.664]]]},"properties":{"id":287285,"statcode":"WK166502","statnaam":"Wijk 02 Terheijden","jrstatcode":"1998WK166502","rubriek":"wijk","FID":"wijk_gegeneraliseerd_1998.6f7ec155-6359-40c8-9f24-4ecac6feda63"},"id":"WK166502"},
{"type":"Feature","geometry":{"type":"Polygon","coordinates":[[[4.773,51.673],[4.726,51.666],[4.729,51.657],[4.769,51.659],[4.781,51.664],[4.773,51.673]]]},"properties":{"id":287286,"statcode":"WK166503","statnaam":"Wijk 03 Wagenberg","jrstatcode":"1998WK166503","rubriek":"wijk","FID":"wijk_gegeneraliseerd_1998.47930fad-9f81-445c-b75b-cab7181a8df3"},"id":"WK166503"},
{"type":"Feature","geometry":{"type":"Polygon","coordinates":[[[4.732,51.721],[4.649,51.714],[4.66,51.697],[4.667,51.687],[4.697,51.688],[4.71,51.685],[4.736,51.701],[4.758,51.705],[4.732,51.721]]]},"properties":{"id":287287,"statcode":"WK166504","statnaam":"Wijk 04 Lage Zwaluwe","jrstatcode":"1998WK166504","rubriek":"wijk","FID":"wijk_gegeneraliseerd_1998.f81111b3-f0bb-41fa-a2ed-30a6184e72ce"},"id":"WK166504"},
{"type":"Feature","geometry":{"type":"Polygon","coordinates":[[[4.773,51.673],[4.763,51.695],[4.758,51.705],[4.736,51.701],[4.71,51.685],[4.697,51.688],[4.71,51.673],[4.685,51.666],[4.695,51.658],[4.726,51.666],[4.773,51.673]]]},"properties":{"id":287288,"statcode":"WK166505","statnaam":"Wijk 05 Hooge Zwaluwe","jrstatcode":"1998WK166505","rubriek":"wijk","FID":"wijk_gegeneraliseerd_1998.e8f3985c-0a51-49a7-90a0-701179891e8e"},"id":"WK166505"},
{"type":"Feature","geometry":{"type":"Polygon","coordinates":[[[4.562,52.041],[4.593,52.036],[4.61,52.046],[4.607,52.066],[4.565,52.059],[4.562,52.041]]]},"properties":{"id":287289,"statcode":"WK166600","statnaam":"Wijk 00 Moerkapelle","jrstatcode":"1998WK166600","rubriek":"wijk","FID":"wijk_gegeneraliseerd_1998.c4ad40c5-8147-45a3-b761-5da3b4231a6e"},"id":"WK166600"},
{"type":"Feature","geometry":{"type":"Polygon","coordinates":[[[4.599,51.988],[4.617,51.999],[4.637,52.012],[4.625,52.015],[4.593,52.036],[4.562,52.041],[4.556,52.006],[4.547,51.989],[4.548,51.973],[4.557,51.984],[4.594,51.994],[4.599,51.988]]]},"properties":{"id":287290,"statcode":"WK166601","statnaam":"Wijk 01 Zevenhuizen","jrstatcode":"1998WK166601","rubriek":"wijk","FID":"wijk_gegeneraliseerd_1998.dee43877-a7da-449f-bc6a-c930d8c8a30e"},"id":"WK166601"},
{"type":"Feature","geometry":{"type":"Polygon","coordinates":[[[5.2,51.323],[5.191,51.372],[5.183,51.376],[5.154,51.378],[5.117,51.361],[5.132,51.347],[5.134,51.315],[5.163,51.31],[5.2,51.323]]]},"properties":{"id":287291,"statcode":"WK166700","statnaam":"Wijk 00 Reusel","jrstatcode":"1998WK166700","rubriek":"wijk","FID":"wijk_gegeneraliseerd_1998.1a974c3e-621a-4a3f-9aad-21b30f8e232e"},"id":"WK166700"},
{"type":"Feature","geometry":{"type":"Polygon","coordinates":[[[5.156,51.387],[5.141,51.406],[5.127,51.402],[5.095,51.422],[5.071,51.393],[5.117,51.361],[5.154,51.378],[5.156,51.387]]]},"properties":{"id":287292,"statcode":"WK166701","statnaam":"Wijk 01 Hooge Mierde","jrstatcode":"1998WK166701","rubriek":"wijk","FID":"wijk_gegeneraliseerd_1998.1238259d-2c0e-4962-b175-393699a66305"},"id":"WK166701"},
{"type":"Feature","geometry":{"type":"Polygon","coordinates":[[[5.095,51.422],[5.127,51.402],[5.141,51.406],[5.156,51.387],[5.162,51.398],[5.195,51.4],[5.191,51.43],[5.19,51.43],[5.102,51.429],[5.095,51.422]]]},"properties":{"id":287293,"statcode":"WK166702","statnaam":"Wijk 02 Lage Mierde","jrstatcode":"1998WK166702","rubriek":"wijk","FID":"wijk_gegeneraliseerd_1998.05957441-3076-4db6-ba53-0372d4f700f3"},"id":"WK166702"},
{"type":"Feature","geometry":{"type":"Polygon","coordinates":[[[5.195,51.4],[5.162,51.398],[5.156,51.387],[5.154,51.378],[5.183,51.376],[5.197,51.379],[5.199,51.394],[5.195,51.4]]]},"properties":{"id":287294,"statcode":"WK166703","statnaam":"Wijk 03 Hulsel","jrstatcode":"1998WK166703","rubriek":"wijk","FID":"wijk_gegeneraliseerd_1998.95214407-0cc9-43fb-a0f8-9302752bb75f"},"id":"WK166703"},
{"type":"Feature","geometry":{"type":"Polygon","coordinates":[[[6.073,51.183],[6.063,51.184],[6.064,51.166],[6.03,51.161],[6.002,51.162],[6.019,51.15],[6.044,51.145],[6.069,51.142],[6.111,51.161],[6.136,51.161],[6.146,51.17],[6.181,51.186],[6.165,51.194],[6.123,51.181],[6.101,51.171],[6.082,51.172],[6.073,51.183]]]},"properties":{"id":287295,"statcode":"WK166900","statnaam":"Wijk 00 Melick en Herkenbosch","jrstatcode":"1998WK166900","rubriek":"wijk","FID":"wijk_gegeneraliseerd_1998.fa4454b5-190c-47c7-9173-f7b605ebd499"},"id":"WK166900"},
{"type":"Feature","geometry":{"type":"Polygon","coordinates":[[[6.069,51.118],[6.092,51.135],[6.163,51.153],[6.175,51.158],[6.146,51.17],[6.136,51.161],[6.111,51.161],[6.069,51.142],[6.044,51.145],[6.053,51.125],[6.069,51.118]]]},"properties":{"id":287296,"statcode":"WK166901","statnaam":"Wijk 01 Vlodrop","jrstatcode":"1998WK166901","rubriek":"wijk","FID":"wijk_gegeneraliseerd_1998.6df3173f-cc7e-4bed-81b0-0a45cf911242"},"id":"WK166901"},
{"type":"Feature","geometry":{"type":"Polygon","coordinates":[[[5.916,51.25],[5.953,51.256],[5.943,51.293],[5.92,51.31],[5.907,51.314],[5.887,51.315],[5.892,51.268],[5.916,51.25]]]},"properties":{"id":287297,"statcode":"WK167000","statnaam":"Wijk 00 Roggel","jrstatcode":"1998WK167000","rubriek":"wijk","FID":"wijk_gegeneraliseerd_1998.bce65df3-5985-4d3a-902f-b0ceafc4263c"},"id":"WK167000"},
{"type":"Feature","geometry":{"type":"Polygon","coordinates":[[[6.005,51.258],[6.01,51.266],[6.009,51.277],[5.987,51.287],[5.955,51.3],[5.92,51.31],[5.943,51.293],[5.953,51.256],[5.974,51.248],[5.999,51.246],[6.002,51.234],[6.005,51.258]]]},"properties":{"id":287298,"statcode":"WK167001","statnaam":"Wijk 01 Neer","jrstatcode":"1998WK167001","rubriek":"wijk","FID":"wijk_gegeneraliseerd_1998.294fe150-5f6b-427f-bf9a-e904c0332585"},"id":"WK167001"},
{"type":"Feature","geometry":{"type":"Polygon","coordinates":[[[5.487,51.753],[5.47,51.758],[5.46,51.771],[5.433,51.764],[5.423,51.763],[5.412,51.762],[5.425,51.742],[5.453,51.74],[5.464,51.725],[5.475,51.728],[5.499,51.735],[5.499,51.745],[5.487,51.753]]]},"properties":{"id":287299,"statcode":"WK167100","statnaam":"Wijk 00 Geffen","jrstatcode":"1998WK167100","rubriek":"wijk","FID":"wijk_gegeneraliseerd_1998.5caf5a18-0990-4c9f-b0d3-5c555f2e9a32"},"id":"WK167100"},
{"type":"Feature","geometry":{"type":"Polygon","coordinates":[[[5.423,51.713],[5.464,51.725],[5.453,51.74],[5.425,51.742],[5.406,51.738],[5.409,51.727],[5.423,51.713]]]},"properties":{"id":287300,"statcode":"WK167101","statnaam":"Wijk 01 Nuland","jrstatcode":"1998WK167101","rubriek":"wijk","FID":"wijk_gegeneraliseerd_1998.dec3aeb4-48fa-4e19-bf2b-58663e430ca5"},"id":"WK167101"},
{"type":"Feature","geometry":{"type":"Polygon","coordinates":[[[5.475,51.728],[5.464,51.725],[5.423,51.713],[5.43,51.701],[5.445,51.689],[5.457,51.688],[5.471,51.691],[5.478,51.701],[5.499,51.707],[5.485,51.714],[5.475,51.728]]]},"properties":{"id":287301,"statcode":"WK167102","statnaam":"Wijk 02 Vinkel","jrstatcode":"1998WK167102","rubriek":"wijk","FID":"wijk_gegeneraliseerd_1998.239b3f62-b1ab-4580-8251-3da3b8a432be"},"id":"WK167102"},
{"type":"Feature","geometry":{"type":"Polygon","coordinates":[[[4.625,52.076],[4.641,52.098],[4.628,52.122],[4.625,52.128],[4.584,52.124],[4.545,52.129],[4.542,52.119],[4.55,52.106],[4.552,52.078],[4.607,52.077],[4.625,52.076]]]},"properties":{"id":287302,"statcode":"WK167200","statnaam":"Wijk 00 Hazerswoude-Dorp","jrstatcode":"1998WK167200","rubriek":"wijk","FID":"wijk_gegeneraliseerd_1998.b1587163-d8b9-4084-a901-a34c4ea5ca1c"},"id":"WK167200"},
{"type":"Feature","geometry":{"type":"Polygon","coordinates":[[[4.545,52.129],[4.584,52.124],[4.625,52.128],[4.622,52.133],[4.582,52.128],[4.56,52.132],[4.551,52.138],[4.545,52.129]]]},"properties":{"id":287303,"statcode":"WK167201","statnaam":"Wijk 01 Hazerswoude-De Rijndijk","jrstatcode":"1998WK167201","rubriek":"wijk","FID":"wijk_gegeneraliseerd_1998.4ef72825-fb72-4ffb-a82a-1a895417d716"},"id":"WK167201"},
{"type":"Feature","geometry":{"type":"Polygon","coordinates":[[[4.629,52.139],[4.619,52.159],[4.572,52.153],[4.56,52.132],[4.582,52.128],[4.622,52.133],[4.629,52.139]]]},"properties":{"id":287304,"statcode":"WK167202","statnaam":"Wijk 02 Koudekerk aan den Rijn","jrstatcode":"1998WK167202","rubriek":"wijk","FID":"wijk_gegeneraliseerd_1998.2276c96a-41ed-4587-a451-47f394f63d2d"},"id":"WK167202"},
{"type":"Feature","geometry":{"type":"Polygon","coordinates":[[[4.531,52.08],[4.534,52.073],[4.557,52.061],[4.565,52.059],[4.607,52.066],[4.607,52.077],[4.552,52.078],[4.55,52.106],[4.542,52.119],[4.537,52.084],[4.531,52.08]]]},"properties":{"id":287305,"statcode":"WK167203","statnaam":"Wijk 03 Benthuizen","jrstatcode":"1998WK167203","rubriek":"wijk","FID":"wijk_gegeneraliseerd_1998.8419fd68-bdd1-4140-8c39-554bf5261e64"},"id":"WK167203"},
{"type":"Feature","geometry":{"type":"Polygon","coordinates":[[[4.769,52.177],[4.76,52.193],[4.803,52.202],[4.795,52.227],[4.785,52.229],[4.734,52.207],[4.741,52.184],[4.769,52.177]]]},"properties":{"id":287306,"statcode":"WK167300","statnaam":"Wijk 00 Nieuwveen","jrstatcode":"1998WK167300","rubriek":"wijk","FID":"wijk_gegeneraliseerd_1998.205579bf-9f13-4685-8b26-d700e99f50a0"},"id":"WK167300"},
{"type":"Feature","geometry":{"type":"Polygon","coordinates":[[[4.773,52.17],[4.792,52.175],[4.852,52.166],[4.867,52.174],[4.843,52.181],[4.813,52.202],[4.803,52.202],[4.76,52.193],[4.769,52.177],[4.773,52.17]]]},"properties":{"id":287307,"statcode":"WK167301","statnaam":"Wijk 01 Zevenhoven","jrstatcode":"1998WK167301","rubriek":"wijk","FID":"wijk_gegeneraliseerd_1998.9fced1e0-0488-4157-b7a4-6a7ef4492740"},"id":"WK167301"},
{"type":"Feature","geometry":{"type":"Polygon","coordinates":[[[4.465,51.525],[4.465,51.536],[4.46,51.542],[4.452,51.534],[4.449,51.529],[4.465,51.525]]]},"properties":{"id":287308,"statcode":"WK167400","statnaam":"Wijk 00 Centrum","jrstatcode":"1998WK167400","rubriek":"wijk","FID":"wijk_gegeneraliseerd_1998.c96e654d-464f-4b6e-a443-5c73a2c54015"},"id":"WK167400"},
{"type":"Feature","geometry":{"type":"Polygon","coordinates":[[[4.474,51.527],[4.483,51.536],[4.485,51.539],[4.465,51.536],[4.465,51.525],[4.474,51.527]]]},"properties":{"id":287309,"statcode":"WK167401","statnaam":"Wijk 01 Oost","jrstatcode":"1998WK167401","rubriek":"wijk","FID":"wijk_gegeneraliseerd_1998.282ea6bf-fabb-4a6e-afa6-2c3b7701fddb"},"id":"WK167401"},
{"type":"Feature","geometry":{"type":"Polygon","coordinates":[[[4.5,51.559],[4.474,51.561],[4.46,51.542],[4.465,51.536],[4.485,51.539],[4.498,51.55],[4.5,51.559]]]},"properties":{"id":287310,"statcode":"WK167402","statnaam":"Wijk 02 Noord","jrstatcode":"1998WK167402","rubriek":"wijk","FID":"wijk_gegeneraliseerd_1998.1bbbce2d-53bc-4cd8-b87a-4933b4222c7f"},"id":"WK167402"},
{"type":"Feature","geometry":{"type":"Polygon","coordinates":[[[4.449,51.529],[4.452,51.534],[4.448,51.55],[4.462,51.561],[4.444,51.569],[4.441,51.559],[4.411,51.552],[4.407,51.516],[4.431,51.53],[4.449,51.529]]]},"properties":{"id":287311,"statcode":"WK167403","statnaam":"Wijk 03 West","jrstatcode":"1998WK167403","rubriek":"wijk","FID":"wijk_gegeneraliseerd_1998.3bc67305-af1a-4260-8962-12ec39fb72b8"},"id":"WK167403"},
{"type":"Feature","geometry":{"type":"Polygon","coordinates":[[[4.483,51.498],[4.465,51.525],[4.449,51.529],[4.448,51.524],[4.447,51.52],[4.446,51.494],[4.483,51.498]]]},"properties":{"id":287312,"statcode":"WK167404","statnaam":"Wijk 04 Groot Kroeven","jrstatcode":"1998WK167404","rubriek":"wijk","FID":"wijk_gegeneraliseerd_1998.687726a8-fb56-423f-acd0-96d92ad721db"},"id":"WK167404"},
{"type":"Feature","geometry":{"type":"Polygon","coordinates":[[[4.502,51.517],[4.474,51.527],[4.465,51.525],[4.483,51.498],[4.497,51.5],[4.499,51.502],[4.502,51.517]]]},"properties":{"id":287313,"statcode":"WK167405","statnaam":"Wijk 05 Langdonk","jrstatcode":"1998WK167405","rubriek":"wijk","FID":"wijk_gegeneraliseerd_1998.cc3da6dc-0781-4dc9-9d6e-246a69ed1144"},"id":"WK167405"},
{"type":"Feature","geometry":{"type":"Polygon","coordinates":[[[4.483,51.536],[4.474,51.527],[4.502,51.517],[4.514,51.518],[4.516,51.543],[4.507,51.544],[4.483,51.536]]]},"properties":{"id":287314,"statcode":"WK167406","statnaam":"Wijk 06 Kortendijk","jrstatcode":"1998WK167406","rubriek":"wijk","FID":"wijk_gegeneraliseerd_1998.07470a92-83c6-48e6-806d-05a9664c5eb4"},"id":"WK167406"},
{"type":"Feature","geometry":{"type":"Polygon","coordinates":[[[4.449,51.529],[4.431,51.53],[4.407,51.516],[4.416,51.497],[4.422,51.492],[4.446,51.494],[4.447,51.52],[4.448,51.524],[4.449,51.529]]]},"properties":{"id":287315,"statcode":"WK167407","statnaam":"Wijk 07 Tolberg","jrstatcode":"1998WK167407","rubriek":"wijk","FID":"wijk_gegeneraliseerd_1998.fbf93d37-c2ff-4b75-808b-a2c5037b9e58"},"id":"WK167407"},
{"type":"Feature","geometry":{"type":"MultiPolygon","coordinates":[[[[4.462,51.561],[4.448,51.55],[4.452,51.534],[4.46,51.542],[4.474,51.561],[4.474,51.562],[4.462,51.561]]],[[[4.483,51.536],[4.507,51.544],[4.498,51.55],[4.485,51.539],[4.483,51.536]]]]},"properties":{"id":287316,"statcode":"WK167408","statnaam":"Wijk 08 Industriegebieden","jrstatcode":"1998WK167408","rubriek":"wijk","FID":"wijk_gegeneraliseerd_1998.b9c1f95d-e43c-43dd-88fa-3bb22517d076"},"id":"WK167408"},
{"type":"Feature","geometry":{"type":"Polygon","coordinates":[[[4.497,51.5],[4.483,51.498],[4.446,51.494],[4.422,51.492],[4.442,51.469],[4.487,51.477],[4.497,51.5]]]},"properties":{"id":287317,"statcode":"WK167410","statnaam":"Wijk 10 Nispen","jrstatcode":"1998WK167410","rubriek":"wijk","FID":"wijk_gegeneraliseerd_1998.c39a44bf-26ac-4983-884a-e163aba49356"},"id":"WK167410"},
{"type":"Feature","geometry":{"type":"Polygon","coordinates":[[[4.407,51.516],[4.411,51.552],[4.378,51.544],[4.38,51.516],[4.372,51.498],[4.416,51.497],[4.407,51.516]]]},"properties":{"id":287318,"statcode":"WK167411","statnaam":"Wijk 11 Wouw","jrstatcode":"1998WK167411","rubriek":"wijk","FID":"wijk_gegeneraliseerd_1998.944fccdc-e4e1-48f7-8adc-7dc80dbb065a"},"id":"WK167411"},
{"type":"Feature","geometry":{"type":"Polygon","coordinates":[[[4.378,51.544],[4.374,51.544],[4.352,51.523],[4.341,51.522],[4.35,51.503],[4.364,51.491],[4.372,51.498],[4.38,51.516],[4.378,51.544]]]},"properties":{"id":287319,"statcode":"WK167412","statnaam":"Wijk 12 Heerle","jrstatcode":"1998WK167412","rubriek":"wijk","FID":"wijk_gegeneraliseerd_1998.3d951d70-f248-477d-a6ee-b076a3b31fd9"},"id":"WK167412"},
{"type":"Feature","geometry":{"type":"Polygon","coordinates":[[[4.362,51.546],[4.318,51.551],[4.307,51.544],[4.328,51.535],[4.341,51.522],[4.352,51.523],[4.374,51.544],[4.362,51.546]]]},"properties":{"id":287320,"statcode":"WK167413","statnaam":"Wijk 13 Moerstraten","jrstatcode":"1998WK167413","rubriek":"wijk","FID":"wijk_gegeneraliseerd_1998.70c1dba6-9a50-4bb5-85c2-5b993871263b"},"id":"WK167413"},
{"type":"Feature","geometry":{"type":"Polygon","coordinates":[[[4.416,51.497],[4.372,51.498],[4.364,51.491],[4.367,51.457],[4.391,51.451],[4.442,51.469],[4.422,51.492],[4.416,51.497]]]},"properties":{"id":287321,"statcode":"WK167414","statnaam":"Wijk 14 Wouwse Plantage","jrstatcode":"1998WK167414","rubriek":"wijk","FID":"wijk_gegeneraliseerd_1998.1df38203-eaab-4606-a785-854475d0f44d"},"id":"WK167414"},
{"type":"Feature","geometry":{"type":"Polygon","coordinates":[[[3.877,51.667],[3.891,51.643],[3.89,51.633],[3.949,51.625],[3.96,51.639],[3.958,51.655],[3.973,51.674],[3.966,51.679],[3.935,51.676],[3.909,51.676],[3.877,51.667]]]},"properties":{"id":287322,"statcode":"WK167600","statnaam":"Wijk 00 Zierikzee","jrstatcode":"1998WK167600","rubriek":"wijk","FID":"wijk_gegeneraliseerd_1998.2a47eb09-4d65-4ab8-a4c0-51f485e8caaf"},"id":"WK167600"},
{"type":"Feature","geometry":{"type":"Polygon","coordinates":[[[3.873,51.742],[3.899,51.717],[3.915,51.71],[3.922,51.732],[3.887,51.744],[3.873,51.742]]]},"properties":{"id":287323,"statcode":"WK167601","statnaam":"Wijk 01 Brouwershaven","jrstatcode":"1998WK167601","rubriek":"wijk","FID":"wijk_gegeneraliseerd_1998.9fafdce8-04d0-48ca-b0d0-4882f835cfeb"},"id":"WK167601"},
{"type":"Feature","geometry":{"type":"Polygon","coordinates":[[[3.922,51.732],[3.915,51.71],[3.918,51.707],[3.951,51.697],[3.983,51.718],[3.971,51.734],[3.922,51.732]]]},"properties":{"id":287324,"statcode":"WK167602","statnaam":"Wijk 02 Zonnemaire","jrstatcode":"1998WK167602","rubriek":"wijk","FID":"wijk_gegeneraliseerd_1998.5710a053-9250-4e99-86c4-ad500f36eaf0"},"id":"WK167602"},
{"type":"Feature","geometry":{"type":"Polygon","coordinates":[[[3.983,51.718],[3.951,51.697],[3.966,51.679],[3.973,51.674],[4.021,51.676],[4.03,51.682],[4.015,51.687],[4.007,51.703],[3.983,51.718]]]},"properties":{"id":287325,"statcode":"WK167603","statnaam":"Wijk 03 Dreischor","jrstatcode":"1998WK167603","rubriek":"wijk","FID":"wijk_gegeneraliseerd_1998.1ab739da-a8c3-4ea8-a1ea-ff0062bf7272"},"id":"WK167603"},
{"type":"Feature","geometry":{"type":"Polygon","coordinates":[[[3.935,51.676],[3.966,51.679],[3.951,51.697],[3.918,51.707],[3.927,51.679],[3.935,51.676]]]},"properties":{"id":287326,"statcode":"WK167604","statnaam":"Wijk 04 Noordgouwe","jrstatcode":"1998WK167604","rubriek":"wijk","FID":"wijk_gegeneraliseerd_1998.57345c8a-cc5c-4d5b-b9c5-ccb6edfd3fa4"},"id":"WK167604"},
{"type":"Feature","geometry":{"type":"Polygon","coordinates":[[[4.05,51.631],[4.073,51.634],[4.097,51.648],[4.105,51.673],[4.15,51.678],[4.157,51.682],[4.155,51.683],[4.145,51.679],[4.109,51.678],[4.094,51.668],[4.055,51.679],[4.071,51.666],[4.069,51.645],[4.05,51.631]]]},"properties":{"id":287327,"statcode":"WK167605","statnaam":"Wijk 05 Bruinisse","jrstatcode":"1998WK167605","rubriek":"wijk","FID":"wijk_gegeneraliseerd_1998.adf62c2f-9492-4cb7-aeba-05f82b1a865c"},"id":"WK167605"},
{"type":"Feature","geometry":{"type":"Polygon","coordinates":[[[4.021,51.676],[3.973,51.674],[3.958,51.655],[3.96,51.639],[4.023,51.638],[4.03,51.666],[4.021,51.676]]]},"properties":{"id":287328,"statcode":"WK167606","statnaam":"Wijk 06 Nieuwerkerk","jrstatcode":"1998WK167606","rubriek":"wijk","FID":"wijk_gegeneraliseerd_1998.d7ea3b42-8c28-45a0-ac0b-696a4f52b0d3"},"id":"WK167606"},
{"type":"Feature","geometry":{"type":"Polygon","coordinates":[[[4.05,51.631],[4.069,51.645],[4.071,51.666],[4.055,51.679],[4.03,51.682],[4.021,51.676],[4.03,51.666],[4.023,51.638],[4.016,51.62],[4.05,51.631]]]},"properties":{"id":287329,"statcode":"WK167607","statnaam":"Wijk 07 Oosterland","jrstatcode":"1998WK167607","rubriek":"wijk","FID":"wijk_gegeneraliseerd_1998.a7d22d14-ab54-4306-ae01-666516321a7d"},"id":"WK167607"},
{"type":"Feature","geometry":{"type":"Polygon","coordinates":[[[4.023,51.638],[3.96,51.639],[3.949,51.625],[3.968,51.614],[4.016,51.62],[4.023,51.638]]]},"properties":{"id":287330,"statcode":"WK167608","statnaam":"Wijk 08 Ouwerkerk","jrstatcode":"1998WK167608","rubriek":"wijk","FID":"wijk_gegeneraliseerd_1998.67941c18-01be-4c79-adbd-1136e987dd82"},"id":"WK167608"},
{"type":"Feature","geometry":{"type":"Polygon","coordinates":[[[3.873,51.742],[3.826,51.74],[3.842,51.757],[3.839,51.758],[3.82,51.74],[3.814,51.733],[3.837,51.722],[3.846,51.707],[3.878,51.71],[3.899,51.717],[3.873,51.742]]]},"properties":{"id":287331,"statcode":"WK167609","statnaam":"Wijk 09 Scharendijke","jrstatcode":"1998WK167609","rubriek":"wijk","FID":"wijk_gegeneraliseerd_1998.6049681f-763c-470d-98a8-d01e3bbf159e"},"id":"WK167609"},
{"type":"Feature","geometry":{"type":"Polygon","coordinates":[[[3.915,51.71],[3.899,51.717],[3.878,51.71],[3.846,51.707],[3.831,51.704],[3.835,51.692],[3.824,51.684],[3.858,51.678],[3.877,51.667],[3.909,51.676],[3.935,51.676],[3.927,51.679],[3.918,51.707],[3.915,51.71]]]},"properties":{"id":287332,"statcode":"WK167610","statnaam":"Wijk 10 Kerkwerve","jrstatcode":"1998WK167610","rubriek":"wijk","FID":"wijk_gegeneraliseerd_1998.21432dc8-60a2-4d26-9449-e86c405fcb2b"},"id":"WK167610"},
{"type":"Feature","geometry":{"type":"Polygon","coordinates":[[[3.814,51.733],[3.798,51.727],[3.809,51.712],[3.831,51.704],[3.846,51.707],[3.837,51.722],[3.814,51.733]]]},"properties":{"id":287333,"statcode":"WK167611","statnaam":"Wijk 11 Ellemeet","jrstatcode":"1998WK167611","rubriek":"wijk","FID":"wijk_gegeneraliseerd_1998.a07e568e-e782-4a19-843f-05cfacef22f8"},"id":"WK167611"},
{"type":"Feature","geometry":{"type":"Polygon","coordinates":[[[3.765,51.717],[3.743,51.71],[3.718,51.735],[3.689,51.72],[3.68,51.705],[3.69,51.678],[3.723,51.663],[3.719,51.649],[3.72,51.649],[3.725,51.669],[3.782,51.686],[3.793,51.696],[3.791,51.702],[3.765,51.717]]]},"properties":{"id":287334,"statcode":"WK167612","statnaam":"Wijk 12 Haamstede","jrstatcode":"1998WK167612","rubriek":"wijk","FID":"wijk_gegeneraliseerd_1998.1254f512-279d-40c1-8791-7cad1e4e2e74"},"id":"WK167612"},
{"type":"Feature","geometry":{"type":"Polygon","coordinates":[[[3.798,51.743],[3.769,51.743],[3.718,51.735],[3.743,51.71],[3.765,51.717],[3.786,51.728],[3.798,51.743]]]},"properties":{"id":287335,"statcode":"WK167613","statnaam":"Wijk 13 Renesse","jrstatcode":"1998WK167613","rubriek":"wijk","FID":"wijk_gegeneraliseerd_1998.6124cc5d-ff33-4a32-9ad2-544c2dd220a0"},"id":"WK167613"},
{"type":"Feature","geometry":{"type":"Polygon","coordinates":[[[3.814,51.733],[3.82,51.74],[3.798,51.743],[3.786,51.728],[3.765,51.717],[3.791,51.702],[3.809,51.712],[3.798,51.727],[3.814,51.733]]]},"properties":{"id":287336,"statcode":"WK167614","statnaam":"Wijk 14 Noordwelle","jrstatcode":"1998WK167614","rubriek":"wijk","FID":"wijk_gegeneraliseerd_1998.8b16c3bc-c6da-4da8-97ab-19799d3d2134"},"id":"WK167614"},
{"type":"Feature","geometry":{"type":"Polygon","coordinates":[[[3.809,51.712],[3.791,51.702],[3.793,51.696],[3.814,51.698],[3.824,51.684],[3.835,51.692],[3.831,51.704],[3.809,51.712]]]},"properties":{"id":287337,"statcode":"WK167615","statnaam":"Wijk 15 Serooskerke","jrstatcode":"1998WK167615","rubriek":"wijk","FID":"wijk_gegeneraliseerd_1998.cc563736-5788-43f7-bf89-78e2b28ae080"},"id":"WK167615"},
{"type":"Feature","geometry":{"type":"Polygon","coordinates":[[[5.95,51.113],[5.985,51.121],[6.021,51.114],[6.037,51.097],[6.069,51.118],[6.053,51.125],[6.044,51.145],[6.019,51.15],[6.002,51.162],[5.983,51.176],[5.975,51.171],[5.955,51.159],[5.93,51.143],[5.914,51.133],[5.927,51.114],[5.95,51.113]]]},"properties":{"id":287338,"statcode":"WK167900","statnaam":"Wijk 00 Posterholt","jrstatcode":"1998WK167900","rubriek":"wijk","FID":"wijk_gegeneraliseerd_1998.16871d7f-782f-4ea4-a1b8-6765cfc73bd6"},"id":"WK167900"},
{"type":"Feature","geometry":{"type":"Polygon","coordinates":[[[6.703,53.061],[6.728,53.036],[6.759,53.048],[6.778,53.056],[6.779,53.059],[6.765,53.075],[6.761,53.076],[6.748,53.081],[6.699,53.065],[6.703,53.061]]]},"properties":{"id":287339,"statcode":"WK168000","statnaam":"Wijk 00 Annen","jrstatcode":"1998WK168000","rubriek":"wijk","FID":"wijk_gegeneraliseerd_1998.685f8340-582b-4a36-a365-fb65c39995c7"},"id":"WK168000"},
{"type":"Feature","geometry":{"type":"Polygon","coordinates":[[[6.715,52.979],[6.73,53.006],[6.762,53.013],[6.774,53.02],[6.771,53.035],[6.759,53.048],[6.728,53.036],[6.7,53.023],[6.695,53.022],[6.707,52.997],[6.7,52.981],[6.715,52.979]]]},"properties":{"id":287340,"statcode":"WK168001","statnaam":"Wijk 01 Eext","jrstatcode":"1998WK168001","rubriek":"wijk","FID":"wijk_gegeneraliseerd_1998.3b20dab2-97f2-4de3-a171-7d0c61ff2fd9"},"id":"WK168001"},
{"type":"Feature","geometry":{"type":"Polygon","coordinates":[[[6.674,53.049],[6.7,53.023],[6.728,53.036],[6.703,53.061],[6.674,53.049]]]},"properties":{"id":287341,"statcode":"WK168002","statnaam":"Wijk 02 Anloo","jrstatcode":"1998WK168002","rubriek":"wijk","FID":"wijk_gegeneraliseerd_1998.0171c153-2869-46c2-8803-2ed10a4ecd8d"},"id":"WK168002"},
{"type":"Feature","geometry":{"type":"Polygon","coordinates":[[[6.662,53.056],[6.642,53.046],[6.648,53.028],[6.663,53.017],[6.695,53.022],[6.7,53.023],[6.674,53.049],[6.662,53.056]]]},"properties":{"id":287342,"statcode":"WK168003","statnaam":"Wijk 03 Gasteren","jrstatcode":"1998WK168003","rubriek":"wijk","FID":"wijk_gegeneraliseerd_1998.7411c9d0-437c-47b5-8ba0-c4c5dba16b08"},"id":"WK168003"},
{"type":"Feature","geometry":{"type":"Polygon","coordinates":[[[6.695,53.022],[6.663,53.017],[6.657,53.007],[6.662,52.991],[6.676,52.992],[6.7,52.981],[6.707,52.997],[6.695,53.022]]]},"properties":{"id":287343,"statcode":"WK168004","statnaam":"Wijk 04 Anderen","jrstatcode":"1998WK168004","rubriek":"wijk","FID":"wijk_gegeneraliseerd_1998.d6722cff-4ade-4f2b-9729-7627924a7699"},"id":"WK168004"},
{"type":"Feature","geometry":{"type":"Polygon","coordinates":[[[6.679,53.077],[6.649,53.082],[6.65,53.08],[6.672,53.065],[6.662,53.056],[6.674,53.049],[6.703,53.061],[6.699,53.065],[6.688,53.072],[6.679,53.077]]]},"properties":{"id":287344,"statcode":"WK168005","statnaam":"Wijk 05 Schipborg","jrstatcode":"1998WK168005","rubriek":"wijk","FID":"wijk_gegeneraliseerd_1998.e9f70ace-a5ae-43e6-866b-8bcb622a6f1b"},"id":"WK168005"},
{"type":"Feature","geometry":{"type":"Polygon","coordinates":[[[6.801,53.067],[6.779,53.059],[6.778,53.056],[6.788,53.044],[6.816,53.038],[6.833,53.046],[6.805,53.065],[6.801,53.067]]]},"properties":{"id":287345,"statcode":"WK168006","statnaam":"Wijk 06 Eexterveen","jrstatcode":"1998WK168006","rubriek":"wijk","FID":"wijk_gegeneraliseerd_1998.f3b982bf-38a3-482b-a4f2-21231c0fc81b"},"id":"WK168006"},
{"type":"Feature","geometry":{"type":"Polygon","coordinates":[[[6.777,53.083],[6.761,53.076],[6.765,53.075],[6.78,53.082],[6.777,53.083]]]},"properties":{"id":287346,"statcode":"WK168007","statnaam":"Wijk 07 Spijkerboor","jrstatcode":"1998WK168007","rubriek":"wijk","FID":"wijk_gegeneraliseerd_1998.a160f691-b5fe-483b-b10c-464d7c0cd1ee"},"id":"WK168007"},
{"type":"Feature","geometry":{"type":"Polygon","coordinates":[[[6.78,53.082],[6.765,53.075],[6.779,53.059],[6.801,53.067],[6.78,53.082]]]},"properties":{"id":287347,"statcode":"WK168008","statnaam":"Wijk 08 Nieuw-Annerveen","jrstatcode":"1998WK168008","rubriek":"wijk","FID":"wijk_gegeneraliseerd_1998.2d7de189-ff6a-4ee2-aa44-0ab8c3f98bcd"},"id":"WK168008"},
{"type":"Feature","geometry":{"type":"Polygon","coordinates":[[[6.761,53.076],[6.777,53.083],[6.765,53.091],[6.745,53.085],[6.748,53.081],[6.761,53.076]]]},"properties":{"id":287348,"statcode":"WK168009","statnaam":"Wijk 09 Oud-Annerveen","jrstatcode":"1998WK168009","rubriek":"wijk","FID":"wijk_gegeneraliseerd_1998.cb6027d3-c416-4f05-84b5-8c8502538073"},"id":"WK168009"},
{"type":"Feature","geometry":{"type":"Polygon","coordinates":[[[6.777,53.095],[6.765,53.091],[6.777,53.083],[6.78,53.082],[6.801,53.067],[6.805,53.065],[6.815,53.07],[6.814,53.071],[6.777,53.095]]]},"properties":{"id":287349,"statcode":"WK168011","statnaam":"Wijk 11 Annerveenschekanaal","jrstatcode":"1998WK168011","rubriek":"wijk","FID":"wijk_gegeneraliseerd_1998.38a03d49-1c63-44b7-8918-c1c83573dac9"},"id":"WK168011"},
{"type":"Feature","geometry":{"type":"Polygon","coordinates":[[[6.833,53.046],[6.843,53.052],[6.815,53.07],[6.805,53.065],[6.833,53.046]]]},"properties":{"id":287350,"statcode":"WK168012","statnaam":"Wijk 12 Eexterveenschekanaal","jrstatcode":"1998WK168012","rubriek":"wijk","FID":"wijk_gegeneraliseerd_1998.df6afeb3-6fba-4760-9718-49c533b2a279"},"id":"WK168012"},
{"type":"Feature","geometry":{"type":"Polygon","coordinates":[[[6.778,53.056],[6.759,53.048],[6.771,53.035],[6.774,53.02],[6.816,53.038],[6.788,53.044],[6.778,53.056]]]},"properties":{"id":287351,"statcode":"WK168013","statnaam":"Wijk 13 Eexterzandvoort","jrstatcode":"1998WK168013","rubriek":"wijk","FID":"wijk_gegeneraliseerd_1998.bb0dd435-83ad-434e-8141-f7ff674ef6ea"},"id":"WK168013"},
{"type":"Feature","geometry":{"type":"Polygon","coordinates":[[[6.812,52.97],[6.839,52.978],[6.839,52.979],[6.832,52.999],[6.776,52.989],[6.768,52.981],[6.722,52.975],[6.723,52.971],[6.729,52.955],[6.789,52.963],[6.812,52.97]]]},"properties":{"id":287352,"statcode":"WK168014","statnaam":"Wijk 14 Gasselte","jrstatcode":"1998WK168014","rubriek":"wijk","FID":"wijk_gegeneraliseerd_1998.b47b0acb-de11-46c1-b8e2-b05acd3d3be0"},"id":"WK168014"},
{"type":"Feature","geometry":{"type":"Polygon","coordinates":[[[6.857,53.009],[6.831,53.002],[6.832,52.999],[6.839,52.979],[6.854,52.981],[6.872,52.983],[6.857,53.009]]]},"properties":{"id":287353,"statcode":"WK168015","statnaam":"Wijk 15 Gasselternijveen","jrstatcode":"1998WK168015","rubriek":"wijk","FID":"wijk_gegeneraliseerd_1998.5fc3789d-d675-4b88-b9a8-4347f34d6cba"},"id":"WK168015"},
{"type":"Feature","geometry":{"type":"Polygon","coordinates":[[[6.936,52.993],[6.897,53.018],[6.857,53.009],[6.872,52.983],[6.936,52.993]]]},"properties":{"id":287354,"statcode":"WK168016","statnaam":"Wijk 16 Gasselternijveenschemond","jrstatcode":"1998WK168016","rubriek":"wijk","FID":"wijk_gegeneraliseerd_1998.a4b34b47-d8d5-4d5c-aec5-82bc3eedace4"},"id":"WK168016"},
{"type":"Feature","geometry":{"type":"Polygon","coordinates":[[[6.722,52.975],[6.768,52.981],[6.776,52.989],[6.832,52.999],[6.831,53.002],[6.811,53.017],[6.822,53.031],[6.816,53.038],[6.774,53.02],[6.762,53.013],[6.73,53.006],[6.715,52.979],[6.722,52.975]]]},"properties":{"id":287355,"statcode":"WK168017","statnaam":"Wijk 17 Gieten","jrstatcode":"1998WK168017","rubriek":"wijk","FID":"wijk_gegeneraliseerd_1998.00106c7b-83cb-4066-af93-e344e75a30b4"},"id":"WK168017"},
{"type":"Feature","geometry":{"type":"Polygon","coordinates":[[[6.857,53.009],[6.897,53.018],[6.861,53.041],[6.843,53.052],[6.833,53.046],[6.816,53.038],[6.822,53.031],[6.811,53.017],[6.831,53.002],[6.857,53.009]]]},"properties":{"id":287356,"statcode":"WK168018","statnaam":"Wijk 18 Gieterveen","jrstatcode":"1998WK168018","rubriek":"wijk","FID":"wijk_gegeneraliseerd_1998.2be6332c-ea50-41da-ae1e-24d0c5b219bf"},"id":"WK168018"},
{"type":"Feature","geometry":{"type":"Polygon","coordinates":[[[6.7,52.981],[6.676,52.992],[6.662,52.991],[6.657,53.007],[6.663,53.017],[6.648,53.028],[6.631,53.026],[6.63,53.016],[6.611,53.005],[6.604,52.983],[6.584,52.968],[6.639,52.972],[6.627,52.95],[6.64,52.947],[6.666,52.957],[6.703,52.96],[6.723,52.971],[6.722,52.975],[6.715,52.979],[6.7,52.981]]]},"properties":{"id":287357,"statcode":"WK168019","statnaam":"Wijk 19 Rolde","jrstatcode":"1998WK168019","rubriek":"wijk","FID":"wijk_gegeneraliseerd_1998.21d1913b-98fa-4c78-9a1b-362a981a6ca6"},"id":"WK168019"},
{"type":"Feature","geometry":{"type":"Polygon","coordinates":[[[6.735,52.884],[6.725,52.937],[6.731,52.939],[6.729,52.955],[6.723,52.971],[6.703,52.96],[6.666,52.957],[6.64,52.947],[6.627,52.95],[6.617,52.936],[6.615,52.918],[6.626,52.913],[6.667,52.909],[6.675,52.905],[6.686,52.875],[6.715,52.868],[6.736,52.879],[6.735,52.884]]]},"properties":{"id":287358,"statcode":"WK168020","statnaam":"Wijk 20 Grolloo","jrstatcode":"1998WK168020","rubriek":"wijk","FID":"wijk_gegeneraliseerd_1998.2dcbe612-0f48-4162-b8bf-6ee3fa6708aa"},"id":"WK168020"},
{"type":"Feature","geometry":{"type":"Polygon","coordinates":[[[6.627,52.95],[6.639,52.972],[6.584,52.968],[6.561,52.947],[6.586,52.919],[6.615,52.918],[6.617,52.936],[6.627,52.95]]]},"properties":{"id":287359,"statcode":"WK168021","statnaam":"Wijk 21 Ekehaar","jrstatcode":"1998WK168021","rubriek":"wijk","FID":"wijk_gegeneraliseerd_1998.e9470811-52dc-4aa1-b902-c2be3ccdab57"},"id":"WK168021"},
{"type":"Feature","geometry":{"type":"Polygon","coordinates":[[[6.735,52.884],[6.754,52.881],[6.761,52.9],[6.812,52.915],[6.809,52.931],[6.796,52.937],[6.789,52.94],[6.731,52.939],[6.725,52.937],[6.735,52.884]]]},"properties":{"id":287360,"statcode":"WK168100","statnaam":"Wijk 00 Borger","jrstatcode":"1998WK168100","rubriek":"wijk","FID":"wijk_gegeneraliseerd_1998.194588d6-ba3a-436e-a323-41c6d15d8498"},"id":"WK168100"},
{"type":"Feature","geometry":{"type":"Polygon","coordinates":[[[6.825,52.947],[6.809,52.931],[6.812,52.915],[6.836,52.897],[6.876,52.914],[6.857,52.93],[6.854,52.945],[6.825,52.947]]]},"properties":{"id":287361,"statcode":"WK168101","statnaam":"Wijk 01 Buinen","jrstatcode":"1998WK168101","rubriek":"wijk","FID":"wijk_gegeneraliseerd_1998.9a2cad3f-ff30-41c3-897c-6401321a26da"},"id":"WK168101"},
{"type":"Feature","geometry":{"type":"Polygon","coordinates":[[[6.825,52.947],[6.823,52.954],[6.798,52.948],[6.796,52.937],[6.809,52.931],[6.825,52.947]]]},"properties":{"id":287362,"statcode":"WK168102","statnaam":"Wijk 02 Bronneger","jrstatcode":"1998WK168102","rubriek":"wijk","FID":"wijk_gegeneraliseerd_1998.0bc7f57f-b4fe-48ac-967c-812597484001"},"id":"WK168102"},
{"type":"Feature","geometry":{"type":"Polygon","coordinates":[[[6.812,52.97],[6.789,52.963],[6.729,52.955],[6.731,52.939],[6.789,52.94],[6.796,52.937],[6.798,52.948],[6.823,52.954],[6.812,52.97]]]},"properties":{"id":287363,"statcode":"WK168103","statnaam":"Wijk 03 Drouwen","jrstatcode":"1998WK168103","rubriek":"wijk","FID":"wijk_gegeneraliseerd_1998.1c902659-6410-442a-9b2d-92b68dc1b85c"},"id":"WK168103"},
{"type":"Feature","geometry":{"type":"Polygon","coordinates":[[[6.839,52.978],[6.812,52.97],[6.823,52.954],[6.825,52.947],[6.854,52.945],[6.859,52.951],[6.857,52.963],[6.839,52.978]]]},"properties":{"id":287364,"statcode":"WK168104","statnaam":"Wijk 04 Bronnegerveen","jrstatcode":"1998WK168104","rubriek":"wijk","FID":"wijk_gegeneraliseerd_1998.baf49c65-6240-49d9-aebb-eb25901c8b5d"},"id":"WK168104"},
{"type":"Feature","geometry":{"type":"Polygon","coordinates":[[[6.839,52.978],[6.857,52.963],[6.859,52.951],[6.876,52.954],[6.877,52.954],[6.854,52.981],[6.839,52.979],[6.839,52.978]]]},"properties":{"id":287365,"statcode":"WK168105","statnaam":"Wijk 05 Drouwenerveen","jrstatcode":"1998WK168105","rubriek":"wijk","FID":"wijk_gegeneraliseerd_1998.121377e8-659e-4b5d-8ffb-a29ab161c829"},"id":"WK168105"},
{"type":"Feature","geometry":{"type":"Polygon","coordinates":[[[6.948,52.983],[6.936,52.993],[6.872,52.983],[6.854,52.981],[6.877,52.954],[6.948,52.983]]]},"properties":{"id":287366,"statcode":"WK168106","statnaam":"Wijk 06 Drouwenermond","jrstatcode":"1998WK168106","rubriek":"wijk","FID":"wijk_gegeneraliseerd_1998.d1328ee0-8a44-44ba-a655-05e406f175c6"},"id":"WK168106"},
{"type":"Feature","geometry":{"type":"Polygon","coordinates":[[[6.969,52.965],[6.948,52.983],[6.877,52.954],[6.876,52.954],[6.881,52.94],[6.9,52.923],[6.98,52.955],[6.969,52.965]]]},"properties":{"id":287367,"statcode":"WK168107","statnaam":"Wijk 07 Nieuw-Buinen","jrstatcode":"1998WK168107","rubriek":"wijk","FID":"wijk_gegeneraliseerd_1998.77afa859-8d85-4675-a831-c3474df120a1"},"id":"WK168107"},
{"type":"Feature","geometry":{"type":"Polygon","coordinates":[[[6.876,52.914],[6.9,52.923],[6.881,52.94],[6.876,52.954],[6.859,52.951],[6.854,52.945],[6.857,52.93],[6.876,52.914]]]},"properties":{"id":287368,"statcode":"WK168108","statnaam":"Wijk 08 Buinerveen","jrstatcode":"1998WK168108","rubriek":"wijk","FID":"wijk_gegeneraliseerd_1998.650ee023-7aff-44f7-8f0a-75603526e0a4"},"id":"WK168108"},
{"type":"Feature","geometry":{"type":"Polygon","coordinates":[[[6.812,52.915],[6.761,52.9],[6.754,52.881],[6.735,52.884],[6.736,52.879],[6.752,52.864],[6.787,52.873],[6.825,52.883],[6.836,52.897],[6.812,52.915]]]},"properties":{"id":287369,"statcode":"WK168109","statnaam":"Wijk 09 Ees","jrstatcode":"1998WK168109","rubriek":"wijk","FID":"wijk_gegeneraliseerd_1998.45b35bb9-f3cd-4697-b125-a906d680b929"},"id":"WK168109"},
{"type":"Feature","geometry":{"type":"Polygon","coordinates":[[[6.787,52.873],[6.787,52.859],[6.836,52.835],[6.867,52.836],[6.865,52.859],[6.825,52.883],[6.787,52.873]]]},"properties":{"id":287370,"statcode":"WK168110","statnaam":"Wijk 10 Odoorn","jrstatcode":"1998WK168110","rubriek":"wijk","FID":"wijk_gegeneraliseerd_1998.3382df29-56ba-4249-b97f-094123388ca4"},"id":"WK168110"},
{"type":"Feature","geometry":{"type":"Polygon","coordinates":[[[6.876,52.914],[6.836,52.897],[6.825,52.883],[6.865,52.859],[6.892,52.865],[6.899,52.867],[6.899,52.876],[6.876,52.914]]]},"properties":{"id":287371,"statcode":"WK168111","statnaam":"Wijk 11 Exloo","jrstatcode":"1998WK168111","rubriek":"wijk","FID":"wijk_gegeneraliseerd_1998.15aecfc9-2097-41e3-9c4a-b13e563f7e56"},"id":"WK168111"},
{"type":"Feature","geometry":{"type":"Polygon","coordinates":[[[6.892,52.865],[6.865,52.859],[6.867,52.836],[6.87,52.82],[6.911,52.835],[6.914,52.836],[6.892,52.865]]]},"properties":{"id":287372,"statcode":"WK168112","statnaam":"Wijk 12 Valthe","jrstatcode":"1998WK168112","rubriek":"wijk","FID":"wijk_gegeneraliseerd_1998.ed399fb4-796c-4d0f-82ca-28c9c0fcaf89"},"id":"WK168112"},
{"type":"Feature","geometry":{"type":"Polygon","coordinates":[[[6.867,52.836],[6.836,52.835],[6.817,52.826],[6.85,52.805],[6.87,52.82],[6.867,52.836]]]},"properties":{"id":287373,"statcode":"WK168113","statnaam":"Wijk 13 Klijndijk","jrstatcode":"1998WK168113","rubriek":"wijk","FID":"wijk_gegeneraliseerd_1998.4bc96678-43c8-4d74-9e2c-c1982537cc97"},"id":"WK168113"},
{"type":"Feature","geometry":{"type":"Polygon","coordinates":[[[6.817,52.826],[6.836,52.835],[6.787,52.859],[6.787,52.873],[6.752,52.864],[6.766,52.85],[6.817,52.826]]]},"properties":{"id":287374,"statcode":"WK168114","statnaam":"Wijk 14 Odoornerveen","jrstatcode":"1998WK168114","rubriek":"wijk","FID":"wijk_gegeneraliseerd_1998.d02ca274-a1f1-44e4-a677-e288b647965a"},"id":"WK168114"},
{"type":"Feature","geometry":{"type":"Polygon","coordinates":[[[6.9,52.923],[6.876,52.914],[6.899,52.876],[6.899,52.867],[7.01,52.922],[7.014,52.926],[6.98,52.955],[6.9,52.923]]]},"properties":{"id":287375,"statcode":"WK168115","statnaam":"Wijk 15 Tweede Exloermond","jrstatcode":"1998WK168115","rubriek":"wijk","FID":"wijk_gegeneraliseerd_1998.846d926b-df9e-43a4-a807-52a11433004a"},"id":"WK168115"},
{"type":"Feature","geometry":{"type":"Polygon","coordinates":[[[7.015,52.873],[7.046,52.916],[7.027,52.919],[7.014,52.926],[7.01,52.922],[6.899,52.867],[6.892,52.865],[6.914,52.836],[6.95,52.849],[6.967,52.864],[7.015,52.873]]]},"properties":{"id":287376,"statcode":"WK168116","statnaam":"Wijk 16 Valthermond","jrstatcode":"1998WK168116","rubriek":"wijk","FID":"wijk_gegeneraliseerd_1998.2e6c9566-6efe-492f-871e-4f2004eb0ccc"},"id":"WK168116"},
{"type":"Feature","geometry":{"type":"Polygon","coordinates":[[[5.877,51.706],[5.891,51.708],[5.892,51.723],[5.884,51.735],[5.881,51.744],[5.848,51.743],[5.845,51.735],[5.848,51.725],[5.864,51.723],[5.865,51.71],[5.877,51.706]]]},"properties":{"id":287377,"statcode":"WK168400","statnaam":"Wijk 00 Cuijk","jrstatcode":"1998WK168400","rubriek":"wijk","FID":"wijk_gegeneraliseerd_1998.9c940093-c394-48d7-91d6-94828d90ea75"},"id":"WK168400"},
{"type":"Feature","geometry":{"type":"Polygon","coordinates":[[[5.865,51.71],[5.864,51.723],[5.848,51.725],[5.838,51.713],[5.865,51.71]]]},"properties":{"id":287378,"statcode":"WK168401","statnaam":"Wijk 01 Vianen","jrstatcode":"1998WK168401","rubriek":"wijk","FID":"wijk_gegeneraliseerd_1998.a4054fe7-d6c0-431d-9e89-3979452b438e"},"id":"WK168401"},
{"type":"Feature","geometry":{"type":"Polygon","coordinates":[[[5.892,51.723],[5.891,51.708],[5.877,51.706],[5.899,51.691],[5.934,51.716],[5.919,51.718],[5.892,51.723]]]},"properties":{"id":287379,"statcode":"WK168402","statnaam":"Wijk 02 Sint Agatha","jrstatcode":"1998WK168402","rubriek":"wijk","FID":"wijk_gegeneraliseerd_1998.4ef3aabb-68ce-4c0a-a663-9e1efb87f424"},"id":"WK168402"},
{"type":"Feature","geometry":{"type":"Polygon","coordinates":[[[5.881,51.744],[5.865,51.757],[5.843,51.759],[5.848,51.743],[5.881,51.744]]]},"properties":{"id":287380,"statcode":"WK168403","statnaam":"Wijk 03 Katwijk","jrstatcode":"1998WK168403","rubriek":"wijk","FID":"wijk_gegeneraliseerd_1998.fb6ff3c3-7c74-4de6-bdc7-8969d8760d77"},"id":"WK168403"},
{"type":"Feature","geometry":{"type":"Polygon","coordinates":[[[5.865,51.71],[5.838,51.713],[5.823,51.699],[5.832,51.69],[5.843,51.68],[5.858,51.671],[5.883,51.677],[5.899,51.691],[5.877,51.706],[5.865,51.71]]]},"properties":{"id":287381,"statcode":"WK168404","statnaam":"Wijk 04 Haps","jrstatcode":"1998WK168404","rubriek":"wijk","FID":"wijk_gegeneraliseerd_1998.d304a25f-75a4-4d3e-950d-50a2f7845374"},"id":"WK168404"},
{"type":"Feature","geometry":{"type":"Polygon","coordinates":[[[5.8,51.734],[5.792,51.721],[5.805,51.7],[5.823,51.699],[5.838,51.713],[5.848,51.725],[5.845,51.735],[5.821,51.738],[5.8,51.734]]]},"properties":{"id":287382,"statcode":"WK168405","statnaam":"Wijk 05 Beers","jrstatcode":"1998WK168405","rubriek":"wijk","FID":"wijk_gegeneraliseerd_1998.54541667-1105-46f2-a6de-5cd1cf8e12d0"},"id":"WK168405"},
{"type":"Feature","geometry":{"type":"Polygon","coordinates":[[[5.843,51.759],[5.821,51.757],[5.79,51.754],[5.786,51.744],[5.8,51.734],[5.821,51.738],[5.845,51.735],[5.848,51.743],[5.843,51.759]]]},"properties":{"id":287383,"statcode":"WK168406","statnaam":"Wijk 06 Linden","jrstatcode":"1998WK168406","rubriek":"wijk","FID":"wijk_gegeneraliseerd_1998.f73e3602-fc72-4b63-bb33-eaca732c9ba2"},"id":"WK168406"},
{"type":"Feature","geometry":{"type":"Polygon","coordinates":[[[5.669,51.722],[5.667,51.752],[5.649,51.764],[5.636,51.758],[5.576,51.745],[5.581,51.731],[5.6,51.708],[5.597,51.702],[5.624,51.704],[5.661,51.713],[5.669,51.722]]]},"properties":{"id":287384,"statcode":"WK168500","statnaam":"Wijk 00 Schaijk","jrstatcode":"1998WK168500","rubriek":"wijk","FID":"wijk_gegeneraliseerd_1998.4796e1ce-a05b-49f6-baff-64184afc8ecb"},"id":"WK168500"},
{"type":"Feature","geometry":{"type":"Polygon","coordinates":[[[5.713,51.726],[5.698,51.738],[5.703,51.75],[5.691,51.759],[5.67,51.761],[5.667,51.752],[5.669,51.722],[5.709,51.725],[5.713,51.726]]]},"properties":{"id":287385,"statcode":"WK168501","statnaam":"Wijk 01 Reek","jrstatcode":"1998WK168501","rubriek":"wijk","FID":"wijk_gegeneraliseerd_1998.049bcdff-fcf9-4ba5-8441-bdbbf0f1ece9"},"id":"WK168501"},
{"type":"Feature","geometry":{"type":"Polygon","coordinates":[[[5.669,51.722],[5.661,51.713],[5.624,51.704],[5.623,51.699],[5.672,51.667],[5.716,51.671],[5.704,51.686],[5.714,51.698],[5.7,51.711],[5.709,51.725],[5.669,51.722]]]},"properties":{"id":287386,"statcode":"WK168502","statnaam":"Wijk 02 Zeeland","jrstatcode":"1998WK168502","rubriek":"wijk","FID":"wijk_gegeneraliseerd_1998.1c099f05-206f-4d3e-bbd5-408d6075a3de"},"id":"WK168502"},
{"type":"Feature","geometry":{"type":"Polygon","coordinates":[[[5.735,51.674],[5.714,51.698],[5.704,51.686],[5.716,51.671],[5.731,51.674],[5.734,51.652],[5.743,51.65],[5.739,51.662],[5.735,51.674]]]},"properties":{"id":287387,"statcode":"WK168509","statnaam":"Wijk 09 Verspreide huizen Zeeland","jrstatcode":"1998WK168509","rubriek":"wijk","FID":"wijk_gegeneraliseerd_1998.fca8f4a6-bf10-4a2b-850f-4e9269704092"},"id":"WK168509"},
{"type":"Feature","geometry":{"type":"Polygon","coordinates":[[[6.451,52.707],[6.436,52.706],[6.405,52.705],[6.389,52.692],[6.4,52.685],[6.393,52.667],[6.405,52.667],[6.421,52.653],[6.44,52.657],[6.461,52.654],[6.463,52.664],[6.463,52.693],[6.451,52.707]]]},"properties":{"id":287388,"statcode":"WK169000","statnaam":"Wijk 00 Zuidwolde","jrstatcode":"1998WK169000","rubriek":"wijk","FID":"wijk_gegeneraliseerd_1998.f7dca103-2969-4d2c-9820-1976444fa1d9"},"id":"WK169000"},
{"type":"Feature","geometry":{"type":"Polygon","coordinates":[[[6.486,52.694],[6.463,52.693],[6.463,52.664],[6.502,52.673],[6.486,52.694]]]},"properties":{"id":287389,"statcode":"WK169001","statnaam":"Wijk 01 Alteveer","jrstatcode":"1998WK169001","rubriek":"wijk","FID":"wijk_gegeneraliseerd_1998.e9736af8-f7b9-4151-ad3d-a9469e5ef0ce"},"id":"WK169001"},
{"type":"Feature","geometry":{"type":"Polygon","coordinates":[[[6.502,52.673],[6.463,52.664],[6.461,52.654],[6.483,52.649],[6.514,52.645],[6.529,52.655],[6.53,52.665],[6.531,52.672],[6.502,52.673]]]},"properties":{"id":287390,"statcode":"WK169002","statnaam":"Wijk 02 Kerkenveld","jrstatcode":"1998WK169002","rubriek":"wijk","FID":"wijk_gegeneraliseerd_1998.bd16990d-b4fe-4891-a60b-1b2f07841686"},"id":"WK169002"},
{"type":"Feature","geometry":{"type":"Polygon","coordinates":[[[6.514,52.645],[6.483,52.649],[6.47,52.625],[6.481,52.618],[6.519,52.614],[6.514,52.645]]]},"properties":{"id":287391,"statcode":"WK169003","statnaam":"Wijk 03 Drogteropslagen","jrstatcode":"1998WK169003","rubriek":"wijk","FID":"wijk_gegeneraliseerd_1998.50558484-21ff-4b46-adf0-1b3df5487948"},"id":"WK169003"},
{"type":"Feature","geometry":{"type":"Polygon","coordinates":[[[6.461,52.654],[6.44,52.657],[6.421,52.653],[6.411,52.621],[6.414,52.619],[6.452,52.614],[6.47,52.625],[6.483,52.649],[6.461,52.654]]]},"properties":{"id":287392,"statcode":"WK169004","statnaam":"Wijk 04 Linde","jrstatcode":"1998WK169004","rubriek":"wijk","FID":"wijk_gegeneraliseerd_1998.efa38a74-cee7-43a1-96b2-a58ab2ed8e23"},"id":"WK169004"},
{"type":"Feature","geometry":{"type":"Polygon","coordinates":[[[6.364,52.662],[6.342,52.654],[6.365,52.643],[6.383,52.612],[6.411,52.621],[6.421,52.653],[6.405,52.667],[6.393,52.667],[6.364,52.662]]]},"properties":{"id":287393,"statcode":"WK169005","statnaam":"Wijk 05 Fort","jrstatcode":"1998WK169005","rubriek":"wijk","FID":"wijk_gegeneraliseerd_1998.35938669-0d08-417a-8f16-26fe0dd864b3"},"id":"WK169005"},
{"type":"Feature","geometry":{"type":"Polygon","coordinates":[[[6.374,52.685],[6.342,52.679],[6.364,52.662],[6.393,52.667],[6.4,52.685],[6.389,52.692],[6.374,52.685]]]},"properties":{"id":287394,"statcode":"WK169006","statnaam":"Wijk 06 Veeningen","jrstatcode":"1998WK169006","rubriek":"wijk","FID":"wijk_gegeneraliseerd_1998.ff4a89a5-32bd-4b6b-a9e3-07e0d432de50"},"id":"WK169006"},
{"type":"Feature","geometry":{"type":"Polygon","coordinates":[[[6.365,52.73],[6.376,52.713],[6.355,52.706],[6.374,52.685],[6.389,52.692],[6.405,52.705],[6.414,52.719],[6.415,52.741],[6.365,52.73]]]},"properties":{"id":287395,"statcode":"WK169007","statnaam":"Wijk 07 Echten","jrstatcode":"1998WK169007","rubriek":"wijk","FID":"wijk_gegeneraliseerd_1998.f7f448e8-d2c3-404f-9a4b-a9ba980125f0"},"id":"WK169007"},
{"type":"Feature","geometry":{"type":"Polygon","coordinates":[[[6.41,52.765],[6.401,52.781],[6.378,52.785],[6.354,52.782],[6.299,52.769],[6.299,52.766],[6.319,52.744],[6.308,52.73],[6.329,52.723],[6.365,52.73],[6.415,52.741],[6.422,52.745],[6.41,52.765]]]},"properties":{"id":287396,"statcode":"WK169008","statnaam":"Wijk 08 Ruinen","jrstatcode":"1998WK169008","rubriek":"wijk","FID":"wijk_gegeneraliseerd_1998.8904b92d-c94a-4b12-ad04-d999baaa3a86"},"id":"WK169008"},
{"type":"Feature","geometry":{"type":"Polygon","coordinates":[[[6.41,52.765],[6.447,52.777],[6.447,52.786],[6.401,52.781],[6.41,52.765]]]},"properties":{"id":287397,"statcode":"WK169009","statnaam":"Wijk 09 Eursinge","jrstatcode":"1998WK169009","rubriek":"wijk","FID":"wijk_gegeneraliseerd_1998.e035ad78-e14d-4b4e-8285-abc43a116168"},"id":"WK169009"},
{"type":"Feature","geometry":{"type":"Polygon","coordinates":[[[6.299,52.769],[6.354,52.782],[6.341,52.799],[6.309,52.795],[6.293,52.779],[6.299,52.769]]]},"properties":{"id":287398,"statcode":"WK169010","statnaam":"Wijk 10 Ansen","jrstatcode":"1998WK169010","rubriek":"wijk","FID":"wijk_gegeneraliseerd_1998.71e7cc36-f753-4834-91ad-fb2169962493"},"id":"WK169010"},
{"type":"Feature","geometry":{"type":"Polygon","coordinates":[[[6.278,52.706],[6.329,52.723],[6.308,52.73],[6.319,52.744],[6.299,52.766],[6.281,52.763],[6.252,52.758],[6.231,52.742],[6.218,52.721],[6.217,52.703],[6.257,52.705],[6.278,52.706]]]},"properties":{"id":287399,"statcode":"WK169011","statnaam":"Wijk 11 Ruinerwold","jrstatcode":"1998WK169011","rubriek":"wijk","FID":"wijk_gegeneraliseerd_1998.d1653ee0-1af6-4171-974f-74484505ee51"},"id":"WK169011"},
{"type":"Feature","geometry":{"type":"Polygon","coordinates":[[[6.365,52.73],[6.329,52.723],[6.278,52.706],[6.287,52.699],[6.284,52.684],[6.322,52.677],[6.342,52.679],[6.374,52.685],[6.355,52.706],[6.376,52.713],[6.365,52.73]]]},"properties":{"id":287400,"statcode":"WK169012","statnaam":"Wijk 12 Koekange","jrstatcode":"1998WK169012","rubriek":"wijk","FID":"wijk_gegeneraliseerd_1998.36fbfd9f-1042-4e15-ae72-6312dd471e61"},"id":"WK169012"},
{"type":"Feature","geometry":{"type":"Polygon","coordinates":[[[6.284,52.684],[6.27,52.682],[6.265,52.668],[6.287,52.664],[6.328,52.668],[6.328,52.659],[6.342,52.654],[6.364,52.662],[6.342,52.679],[6.322,52.677],[6.284,52.684]]]},"properties":{"id":287401,"statcode":"WK169013","statnaam":"Wijk 13 De Wijk","jrstatcode":"1998WK169013","rubriek":"wijk","FID":"wijk_gegeneraliseerd_1998.31875157-021c-4f02-bab5-211f5e545861"},"id":"WK169013"},
{"type":"Feature","geometry":{"type":"Polygon","coordinates":[[[3.775,51.554],[3.803,51.548],[3.836,51.556],[3.854,51.544],[3.872,51.553],[3.853,51.567],[3.817,51.578],[3.782,51.58],[3.78,51.571],[3.775,51.554]]]},"properties":{"id":287402,"statcode":"WK169500","statnaam":"Wijk 00 Kortgene","jrstatcode":"1998WK169500","rubriek":"wijk","FID":"wijk_gegeneraliseerd_1998.d16bcaf1-d669-428f-99da-21c0dd3420aa"},"id":"WK169500"},
{"type":"Feature","geometry":{"type":"Polygon","coordinates":[[[3.869,51.596],[3.835,51.606],[3.795,51.603],[3.782,51.58],[3.817,51.578],[3.853,51.567],[3.85,51.578],[3.869,51.596]]]},"properties":{"id":287403,"statcode":"WK169501","statnaam":"Wijk 01 Colijnsplaat","jrstatcode":"1998WK169501","rubriek":"wijk","FID":"wijk_gegeneraliseerd_1998.ef70aadf-57c9-41f4-9d46-8606d5ecb631"},"id":"WK169501"},
{"type":"Feature","geometry":{"type":"Polygon","coordinates":[[[3.869,51.596],[3.85,51.578],[3.853,51.567],[3.872,51.553],[3.893,51.558],[3.892,51.572],[3.869,51.596]]]},"properties":{"id":287404,"statcode":"WK169502","statnaam":"Wijk 02 Kats","jrstatcode":"1998WK169502","rubriek":"wijk","FID":"wijk_gegeneraliseerd_1998.4b9d897a-2658-4599-b011-d5343a9e4d75"},"id":"WK169502"},
{"type":"Feature","geometry":{"type":"Polygon","coordinates":[[[3.682,51.6],[3.634,51.588],[3.635,51.587],[3.653,51.571],[3.689,51.556],[3.715,51.535],[3.76,51.555],[3.736,51.569],[3.724,51.584],[3.736,51.594],[3.721,51.592],[3.683,51.601],[3.682,51.6]]]},"properties":{"id":287405,"statcode":"WK169503","statnaam":"Wijk 03 Kamperland","jrstatcode":"1998WK169503","rubriek":"wijk","FID":"wijk_gegeneraliseerd_1998.0e787db2-c494-4aa1-a9ba-842cc5d703f8"},"id":"WK169503"},
{"type":"Feature","geometry":{"type":"Polygon","coordinates":[[[3.782,51.58],[3.795,51.603],[3.736,51.594],[3.724,51.584],[3.736,51.569],[3.78,51.571],[3.782,51.58]]]},"properties":{"id":287406,"statcode":"WK169504","statnaam":"Wijk 04 Wissenkerke","jrstatcode":"1998WK169504","rubriek":"wijk","FID":"wijk_gegeneraliseerd_1998.e856d3f6-2c56-42f9-bd46-aa87a4b242d1"},"id":"WK169504"},
{"type":"Feature","geometry":{"type":"Polygon","coordinates":[[[3.775,51.554],[3.78,51.571],[3.736,51.569],[3.76,51.555],[3.775,51.554]]]},"properties":{"id":287407,"statcode":"WK169505","statnaam":"Wijk 05 Geersdijk","jrstatcode":"1998WK169505","rubriek":"wijk","FID":"wijk_gegeneraliseerd_1998.714dfeba-7fca-4deb-ad32-8c8512b336b5"},"id":"WK169505"},
{"type":"Feature","geometry":{"type":"Polygon","coordinates":[[[6.528,52.892],[6.509,52.874],[6.493,52.881],[6.466,52.884],[6.417,52.903],[6.42,52.882],[6.431,52.871],[6.431,52.85],[6.461,52.853],[6.463,52.839],[6.476,52.833],[6.493,52.824],[6.5,52.835],[6.536,52.836],[6.558,52.82],[6.581,52.833],[6.554,52.858],[6.555,52.862],[6.559,52.888],[6.528,52.892]]]},"properties":{"id":287408,"statcode":"WK169700","statnaam":"Wijk 00 Beilen","jrstatcode":"1998WK169700","rubriek":"wijk","FID":"wijk_gegeneraliseerd_1998.1041ab75-0397-4366-9c60-3a06b0241833"},"id":"WK169700"},
{"type":"Feature","geometry":{"type":"Polygon","coordinates":[[[6.45,52.924],[6.417,52.903],[6.466,52.884],[6.493,52.881],[6.509,52.874],[6.528,52.892],[6.531,52.903],[6.488,52.927],[6.471,52.934],[6.45,52.924]]]},"properties":{"id":287409,"statcode":"WK169701","statnaam":"Wijk 01 Hijken","jrstatcode":"1998WK169701","rubriek":"wijk","FID":"wijk_gegeneraliseerd_1998.005b3bf6-3c2b-4581-a2d8-4212f2657924"},"id":"WK169701"},
{"type":"Feature","geometry":{"type":"Polygon","coordinates":[[[6.561,52.947],[6.543,52.955],[6.536,52.933],[6.509,52.947],[6.488,52.927],[6.531,52.903],[6.528,52.892],[6.559,52.888],[6.562,52.9],[6.586,52.919],[6.561,52.947]]]},"properties":{"id":287410,"statcode":"WK169702","statnaam":"Wijk 02 Hooghalen","jrstatcode":"1998WK169702","rubriek":"wijk","FID":"wijk_gegeneraliseerd_1998.fa6ad828-be34-4013-8739-197ed3e5d597"},"id":"WK169702"},
{"type":"Feature","geometry":{"type":"Polygon","coordinates":[[[6.558,52.82],[6.536,52.836],[6.5,52.835],[6.493,52.824],[6.478,52.796],[6.496,52.786],[6.491,52.771],[6.503,52.769],[6.527,52.778],[6.531,52.797],[6.581,52.801],[6.574,52.815],[6.558,52.82]]]},"properties":{"id":287411,"statcode":"WK169703","statnaam":"Wijk 03 Wijster","jrstatcode":"1998WK169703","rubriek":"wijk","FID":"wijk_gegeneraliseerd_1998.b5876563-eccb-450b-a9d8-544f89ee3301"},"id":"WK169703"},
{"type":"Feature","geometry":{"type":"Polygon","coordinates":[[[6.476,52.833],[6.46,52.814],[6.455,52.801],[6.478,52.796],[6.493,52.824],[6.476,52.833]]]},"properties":{"id":287412,"statcode":"WK169704","statnaam":"Wijk 04 Spier","jrstatcode":"1998WK169704","rubriek":"wijk","FID":"wijk_gegeneraliseerd_1998.df77b972-6140-4719-932c-add2a45b5a27"},"id":"WK169704"},
{"type":"Feature","geometry":{"type":"Polygon","coordinates":[[[6.581,52.801],[6.531,52.797],[6.527,52.778],[6.503,52.769],[6.513,52.762],[6.566,52.766],[6.574,52.784],[6.581,52.801]]]},"properties":{"id":287413,"statcode":"WK169705","statnaam":"Wijk 05 Drijber","jrstatcode":"1998WK169705","rubriek":"wijk","FID":"wijk_gegeneraliseerd_1998.d36df661-4746-4705-af7f-c260426a6b33"},"id":"WK169705"},
{"type":"Feature","geometry":{"type":"Polygon","coordinates":[[[6.403,52.943],[6.45,52.924],[6.471,52.934],[6.488,52.927],[6.509,52.947],[6.489,52.954],[6.414,52.986],[6.413,52.986],[6.428,52.972],[6.403,52.943]]]},"properties":{"id":287414,"statcode":"WK169706","statnaam":"Wijk 06 Smilde","jrstatcode":"1998WK169706","rubriek":"wijk","FID":"wijk_gegeneraliseerd_1998.0b47da5b-a6f9-48c0-83de-6cc6a24e67b1"},"id":"WK169706"},
{"type":"Feature","geometry":{"type":"Polygon","coordinates":[[[6.466,53],[6.414,52.986],[6.489,52.954],[6.497,52.983],[6.488,53.005],[6.466,53]]]},"properties":{"id":287415,"statcode":"WK169707","statnaam":"Wijk 07 Bovensmilde","jrstatcode":"1998WK169707","rubriek":"wijk","FID":"wijk_gegeneraliseerd_1998.3fee99d0-5a48-4224-b35a-93973f57d3ff"},"id":"WK169707"},
{"type":"Feature","geometry":{"type":"Polygon","coordinates":[[[6.369,52.877],[6.381,52.89],[6.42,52.882],[6.417,52.903],[6.45,52.924],[6.403,52.943],[6.394,52.933],[6.369,52.922],[6.385,52.915],[6.36,52.895],[6.373,52.89],[6.369,52.877]]]},"properties":{"id":287416,"statcode":"WK169708","statnaam":"Wijk 08 Hoogersmilde","jrstatcode":"1998WK169708","rubriek":"wijk","FID":"wijk_gegeneraliseerd_1998.fd19be41-8d28-4870-90e1-225c7a56d4a7"},"id":"WK169708"},
{"type":"Feature","geometry":{"type":"Polygon","coordinates":[[[6.617,52.871],[6.591,52.862],[6.555,52.862],[6.554,52.858],[6.6,52.833],[6.62,52.828],[6.643,52.836],[6.65,52.847],[6.641,52.856],[6.617,52.871]]]},"properties":{"id":287417,"statcode":"WK169709","statnaam":"Wijk 09 Westerbork","jrstatcode":"1998WK169709","rubriek":"wijk","FID":"wijk_gegeneraliseerd_1998.58676899-fd04-4898-8f92-2638108b9078"},"id":"WK169709"},
{"type":"Feature","geometry":{"type":"Polygon","coordinates":[[[6.617,52.871],[6.641,52.856],[6.686,52.875],[6.675,52.905],[6.667,52.909],[6.626,52.913],[6.619,52.901],[6.617,52.871]]]},"properties":{"id":287418,"statcode":"WK169710","statnaam":"Wijk 10 Elp","jrstatcode":"1998WK169710","rubriek":"wijk","FID":"wijk_gegeneraliseerd_1998.6a4bb84f-78d9-4108-afef-ad5f0add04d7"},"id":"WK169710"},
{"type":"Feature","geometry":{"type":"Polygon","coordinates":[[[6.643,52.836],[6.62,52.828],[6.645,52.821],[6.635,52.809],[6.643,52.786],[6.661,52.801],[6.675,52.797],[6.694,52.814],[6.694,52.828],[6.659,52.837],[6.643,52.836]]]},"properties":{"id":287419,"statcode":"WK169711","statnaam":"Wijk 11 Witteveen","jrstatcode":"1998WK169711","rubriek":"wijk","FID":"wijk_gegeneraliseerd_1998.64d185ed-936e-409d-96dd-7bb3cd91dc6c"},"id":"WK169711"},
{"type":"Feature","geometry":{"type":"Polygon","coordinates":[[[6.574,52.784],[6.566,52.766],[6.562,52.757],[6.587,52.761],[6.608,52.755],[6.616,52.763],[6.639,52.783],[6.614,52.786],[6.574,52.784]]]},"properties":{"id":287420,"statcode":"WK169712","statnaam":"Wijk 12 Nieuw-Balinge","jrstatcode":"1998WK169712","rubriek":"wijk","FID":"wijk_gegeneraliseerd_1998.3f60d089-1a9a-4996-b425-2ce7d093ac79"},"id":"WK169712"},
{"type":"Feature","geometry":{"type":"Polygon","coordinates":[[[6.608,52.755],[6.587,52.761],[6.562,52.757],[6.558,52.745],[6.587,52.736],[6.608,52.755]]]},"properties":{"id":287421,"statcode":"WK169713","statnaam":"Wijk 13 Nieuweroord","jrstatcode":"1998WK169713","rubriek":"wijk","FID":"wijk_gegeneraliseerd_1998.437d863e-058b-40f4-8020-ee2b50978e5a"},"id":"WK169713"},
{"type":"Feature","geometry":{"type":"Polygon","coordinates":[[[6.615,52.918],[6.586,52.919],[6.562,52.9],[6.559,52.888],[6.555,52.862],[6.591,52.862],[6.617,52.871],[6.619,52.901],[6.626,52.913],[6.615,52.918]]]},"properties":{"id":287422,"statcode":"WK169714","statnaam":"Wijk 14 Zwiggelte","jrstatcode":"1998WK169714","rubriek":"wijk","FID":"wijk_gegeneraliseerd_1998.2c336ce8-f135-40bf-9d2f-c04901db20d6"},"id":"WK169714"},
{"type":"Feature","geometry":{"type":"Polygon","coordinates":[[[6.715,52.868],[6.686,52.875],[6.641,52.856],[6.65,52.847],[6.643,52.836],[6.659,52.837],[6.694,52.828],[6.707,52.836],[6.704,52.847],[6.728,52.854],[6.715,52.868]]]},"properties":{"id":287423,"statcode":"WK169715","statnaam":"Wijk 15 Orvelte","jrstatcode":"1998WK169715","rubriek":"wijk","FID":"wijk_gegeneraliseerd_1998.1b5cad79-5e4d-4ffc-be2e-15db9abcfdf7"},"id":"WK169715"},
{"type":"Feature","geometry":{"type":"Polygon","coordinates":[[[6.643,52.786],[6.635,52.809],[6.645,52.821],[6.62,52.828],[6.6,52.833],[6.554,52.858],[6.581,52.833],[6.558,52.82],[6.574,52.815],[6.581,52.801],[6.574,52.784],[6.614,52.786],[6.639,52.783],[6.643,52.786]]]},"properties":{"id":287424,"statcode":"WK169716","statnaam":"Wijk 16 De Broekstreek","jrstatcode":"1998WK169716","rubriek":"wijk","FID":"wijk_gegeneraliseerd_1998.62a19baa-563f-4abc-8e37-20e0adf391dd"},"id":"WK169716"},
{"type":"Feature","geometry":{"type":"Polygon","coordinates":[[[3.385,51.334],[3.358,51.315],[3.378,51.303],[3.388,51.273],[3.408,51.257],[3.416,51.26],[3.43,51.27],[3.42,51.308],[3.411,51.313],[3.385,51.334]]]},"properties":{"id":287425,"statcode":"WK169800","statnaam":"Wijk 00 Sluis","jrstatcode":"1998WK169800","rubriek":"wijk","FID":"wijk_gegeneraliseerd_1998.a5751670-2b82-4939-983a-de43ff86d907"},"id":"WK169800"},
{"type":"Feature","geometry":{"type":"Polygon","coordinates":[[[3.416,51.348],[3.391,51.355],[3.388,51.368],[3.372,51.373],[3.374,51.349],[3.385,51.334],[3.411,51.313],[3.422,51.315],[3.435,51.325],[3.407,51.326],[3.416,51.348]]]},"properties":{"id":287426,"statcode":"WK169801","statnaam":"Wijk 01 Retranchement","jrstatcode":"1998WK169801","rubriek":"wijk","FID":"wijk_gegeneraliseerd_1998.549e0e78-1cb3-4d10-a0b7-8977dec5c624"},"id":"WK169801"},
{"type":"Feature","geometry":{"type":"Polygon","coordinates":[[[3.411,51.313],[3.42,51.308],[3.43,51.27],[3.416,51.26],[3.425,51.251],[3.472,51.26],[3.489,51.255],[3.492,51.265],[3.479,51.272],[3.486,51.29],[3.518,51.281],[3.515,51.287],[3.556,51.29],[3.529,51.303],[3.498,51.309],[3.488,51.297],[3.473,51.304],[3.422,51.315],[3.411,51.313]]]},"properties":{"id":287427,"statcode":"WK169802","statnaam":"Wijk 02 Aardenburg","jrstatcode":"1998WK169802","rubriek":"wijk","FID":"wijk_gegeneraliseerd_1998.369a4c0c-20d6-4726-9265-7f4ac9b4482d"},"id":"WK169802"},
{"type":"Feature","geometry":{"type":"Polygon","coordinates":[[[3.425,51.251],[3.447,51.242],[3.528,51.246],[3.489,51.255],[3.472,51.26],[3.425,51.251]]]},"properties":{"id":287428,"statcode":"WK169803","statnaam":"Wijk 03 Eede","jrstatcode":"1998WK169803","rubriek":"wijk","FID":"wijk_gegeneraliseerd_1998.56c8d655-34de-4bde-bf20-7ab103dcbf92"},"id":"WK169803"},
{"type":"Feature","geometry":{"type":"Polygon","coordinates":[[[3.518,51.281],[3.486,51.29],[3.479,51.272],[3.492,51.265],[3.489,51.255],[3.528,51.246],[3.518,51.281]]]},"properties":{"id":287429,"statcode":"WK169804","statnaam":"Wijk 04 Sint Kruis","jrstatcode":"1998WK169804","rubriek":"wijk","FID":"wijk_gegeneraliseerd_1998.bfe18874-5ee6-4bcc-ae0d-fe8302b7c0e5"},"id":"WK169804"},
{"type":"Feature","geometry":{"type":"Polygon","coordinates":[[[6.365,53.12],[6.393,53.127],[6.421,53.126],[6.447,53.138],[6.465,53.156],[6.419,53.148],[6.394,53.141],[6.392,53.128],[6.366,53.123],[6.365,53.12]]]},"properties":{"id":287430,"statcode":"WK169900","statnaam":"Wijk 00 Roden","jrstatcode":"1998WK169900","rubriek":"wijk","FID":"wijk_gegeneraliseerd_1998.64bffe8c-514d-4d2c-9ddc-5a9eaded4a10"},"id":"WK169900"},
{"type":"Feature","geometry":{"type":"Polygon","coordinates":[[[6.481,53.118],[6.456,53.127],[6.461,53.148],[6.482,53.158],[6.498,53.18],[6.496,53.198],[6.485,53.204],[6.463,53.2],[6.45,53.197],[6.443,53.188],[6.406,53.177],[6.405,53.176],[6.399,53.165],[6.389,53.158],[6.381,53.148],[6.366,53.123],[6.392,53.128],[6.394,53.141],[6.419,53.148],[6.465,53.156],[6.447,53.138],[6.421,53.126],[6.393,53.127],[6.365,53.12],[6.363,53.108],[6.411,53.092],[6.442,53.109],[6.465,53.107],[6.481,53.093],[6.491,53.097],[6.481,53.118]]]},"properties":{"id":287431,"statcode":"WK169901","statnaam":"Wijk 01 Roden","jrstatcode":"1998WK169901","rubriek":"wijk","FID":"wijk_gegeneraliseerd_1998.23c831b3-04c8-4117-a1d9-3390d72f2e6e"},"id":"WK169901"},
{"type":"Feature","geometry":{"type":"MultiPolygon","coordinates":[[[[6.491,53.097],[6.481,53.093],[6.468,53.082],[6.416,53.088],[6.407,53.069],[6.445,53.063],[6.454,53.054],[6.511,53.069],[6.512,53.074],[6.504,53.083],[6.491,53.097]]],[[[6.5,53.039],[6.489,53.028],[6.459,53.017],[6.466,53],[6.488,53.005],[6.506,53.01],[6.496,53.031],[6.5,53.039]]],[[[6.344,53.087],[6.315,53.094],[6.305,53.081],[6.332,53.075],[6.352,53.071],[6.344,53.087]]]]},"properties":{"id":287432,"statcode":"WK169903","statnaam":"Wijk 03 Norg","jrstatcode":"1998WK169903","rubriek":"wijk","FID":"wijk_gegeneraliseerd_1998.c93824bf-6b35-4129-bd1b-a4a31d771358"},"id":"WK169903"},
{"type":"Feature","geometry":{"type":"Polygon","coordinates":[[[6.512,53.074],[6.511,53.069],[6.454,53.054],[6.445,53.063],[6.407,53.069],[6.416,53.088],[6.468,53.082],[6.481,53.093],[6.465,53.107],[6.442,53.109],[6.411,53.092],[6.363,53.108],[6.344,53.087],[6.352,53.071],[6.368,53.067],[6.363,53.039],[6.375,53.022],[6.413,52.986],[6.414,52.986],[6.466,53],[6.459,53.017],[6.489,53.028],[6.5,53.039],[6.505,53.046],[6.514,53.065],[6.512,53.074]]]},"properties":{"id":287433,"statcode":"WK169904","statnaam":"Wijk 04 Norg","jrstatcode":"1998WK169904","rubriek":"wijk","FID":"wijk_gegeneraliseerd_1998.848eb6d5-805e-4b99-a851-68d49bb49905"},"id":"WK169904"},
{"type":"Feature","geometry":{"type":"Polygon","coordinates":[[[6.538,53.158],[6.515,53.198],[6.496,53.198],[6.498,53.18],[6.482,53.158],[6.461,53.148],[6.456,53.127],[6.481,53.118],[6.539,53.133],[6.54,53.139],[6.538,53.158]]]},"properties":{"id":287434,"statcode":"WK169906","statnaam":"Wijk 04 Peize","jrstatcode":"1998WK169906","rubriek":"wijk","FID":"wijk_gegeneraliseerd_1998.ba90a80f-afaa-4d2b-9c8b-ce04a59fac7b"},"id":"WK169906"},
{"type":"Feature","geometry":{"type":"Polygon","coordinates":[[[6.307,52.812],[6.332,52.835],[6.347,52.855],[6.369,52.877],[6.373,52.89],[6.36,52.895],[6.331,52.881],[6.317,52.887],[6.297,52.886],[6.281,52.904],[6.259,52.886],[6.303,52.864],[6.27,52.837],[6.272,52.822],[6.307,52.812]]]},"properties":{"id":287435,"statcode":"WK170100","statnaam":"Wijk 00 Diever","jrstatcode":"1998WK170100","rubriek":"wijk","FID":"wijk_gegeneraliseerd_1998.4c0f7d68-213a-4822-b8e8-e50b7b663726"},"id":"WK170100"},
{"type":"Feature","geometry":{"type":"Polygon","coordinates":[[[6.24,52.87],[6.229,52.862],[6.219,52.84],[6.27,52.837],[6.303,52.864],[6.259,52.886],[6.24,52.87]]]},"properties":{"id":287436,"statcode":"WK170101","statnaam":"Wijk 01 Wapse","jrstatcode":"1998WK170101","rubriek":"wijk","FID":"wijk_gegeneraliseerd_1998.358788e0-0ecc-46c8-838c-bab27943bf6d"},"id":"WK170101"},
{"type":"Feature","geometry":{"type":"Polygon","coordinates":[[[6.283,52.926],[6.247,52.923],[6.242,52.918],[6.281,52.904],[6.297,52.886],[6.317,52.887],[6.331,52.881],[6.36,52.895],[6.385,52.915],[6.369,52.922],[6.333,52.906],[6.303,52.925],[6.283,52.926]]]},"properties":{"id":287437,"statcode":"WK170102","statnaam":"Wijk 02 Zorgvlied","jrstatcode":"1998WK170102","rubriek":"wijk","FID":"wijk_gegeneraliseerd_1998.767507ea-ec2c-4b14-b0fd-8d5d37f7f37b"},"id":"WK170102"},
{"type":"Feature","geometry":{"type":"Polygon","coordinates":[[[6.309,52.795],[6.341,52.799],[6.354,52.782],[6.378,52.785],[6.401,52.781],[6.447,52.786],[6.455,52.801],[6.439,52.804],[6.396,52.79],[6.381,52.798],[6.387,52.81],[6.382,52.843],[6.366,52.842],[6.361,52.841],[6.332,52.835],[6.307,52.812],[6.309,52.795]]]},"properties":{"id":287438,"statcode":"WK170103","statnaam":"Wijk 03 Dwingeloo","jrstatcode":"1998WK170103","rubriek":"wijk","FID":"wijk_gegeneraliseerd_1998.0d1cbc9d-82ca-4dbc-ae89-5611d1bfb290"},"id":"WK170103"},
{"type":"Feature","geometry":{"type":"Polygon","coordinates":[[[6.382,52.843],[6.387,52.81],[6.381,52.798],[6.396,52.79],[6.439,52.804],[6.455,52.801],[6.46,52.814],[6.476,52.833],[6.463,52.839],[6.461,52.853],[6.431,52.85],[6.382,52.843]]]},"properties":{"id":287439,"statcode":"WK170104","statnaam":"Wijk 04 Lhee","jrstatcode":"1998WK170104","rubriek":"wijk","FID":"wijk_gegeneraliseerd_1998.d72c34e4-0f30-44ac-bad3-654ea9b1a467"},"id":"WK170104"},
{"type":"Feature","geometry":{"type":"Polygon","coordinates":[[[6.42,52.882],[6.385,52.866],[6.367,52.853],[6.366,52.842],[6.382,52.843],[6.431,52.85],[6.431,52.871],[6.42,52.882]]]},"properties":{"id":287440,"statcode":"WK170105","statnaam":"Wijk 05 Eemster","jrstatcode":"1998WK170105","rubriek":"wijk","FID":"wijk_gegeneraliseerd_1998.4ebc9274-7690-4024-8f8a-71b6cd2d61ae"},"id":"WK170105"},
{"type":"Feature","geometry":{"type":"Polygon","coordinates":[[[6.366,52.842],[6.367,52.853],[6.385,52.866],[6.42,52.882],[6.381,52.89],[6.369,52.877],[6.347,52.855],[6.361,52.841],[6.366,52.842]]]},"properties":{"id":287441,"statcode":"WK170106","statnaam":"Wijk 06 Geeuwenbrug","jrstatcode":"1998WK170106","rubriek":"wijk","FID":"wijk_gegeneraliseerd_1998.ec51eab1-a46c-4c44-82ea-7ae9e711180a"},"id":"WK170106"},
{"type":"Feature","geometry":{"type":"Polygon","coordinates":[[[6.347,52.855],[6.332,52.835],[6.361,52.841],[6.347,52.855]]]},"properties":{"id":287442,"statcode":"WK170107","statnaam":"Wijk 07 Dieverbrug","jrstatcode":"1998WK170107","rubriek":"wijk","FID":"wijk_gegeneraliseerd_1998.bb0b92b0-5d55-4110-a59f-9955ac2dad39"},"id":"WK170107"},
{"type":"Feature","geometry":{"type":"Polygon","coordinates":[[[6.199,52.796],[6.174,52.774],[6.173,52.773],[6.202,52.729],[6.219,52.748],[6.231,52.742],[6.252,52.758],[6.281,52.763],[6.269,52.777],[6.233,52.804],[6.224,52.801],[6.199,52.796]]]},"properties":{"id":287443,"statcode":"WK170108","statnaam":"Wijk 08 Havelte","jrstatcode":"1998WK170108","rubriek":"wijk","FID":"wijk_gegeneraliseerd_1998.4ce43a93-1a39-4641-b8bc-383a5dd5e8ed"},"id":"WK170108"},
{"type":"Feature","geometry":{"type":"Polygon","coordinates":[[[6.307,52.812],[6.272,52.822],[6.22,52.814],[6.224,52.801],[6.233,52.804],[6.269,52.777],[6.281,52.763],[6.299,52.766],[6.299,52.769],[6.293,52.779],[6.309,52.795],[6.307,52.812]]]},"properties":{"id":287444,"statcode":"WK170109","statnaam":"Wijk 09 Uffelte","jrstatcode":"1998WK170109","rubriek":"wijk","FID":"wijk_gegeneraliseerd_1998.8ddd7302-6456-41ea-8b46-0a8fdac55c74"},"id":"WK170109"},
{"type":"Feature","geometry":{"type":"Polygon","coordinates":[[[6.203,52.838],[6.193,52.834],[6.172,52.816],[6.199,52.796],[6.224,52.801],[6.22,52.814],[6.272,52.822],[6.27,52.837],[6.219,52.84],[6.203,52.838]]]},"properties":{"id":287445,"statcode":"WK170110","statnaam":"Wijk 10 Wapserveen","jrstatcode":"1998WK170110","rubriek":"wijk","FID":"wijk_gegeneraliseerd_1998.5178b408-0554-4e54-9f49-e874fcbcc734"},"id":"WK170110"},
{"type":"Feature","geometry":{"type":"Polygon","coordinates":[[[6.212,52.882],[6.177,52.866],[6.172,52.86],[6.172,52.858],[6.203,52.838],[6.219,52.84],[6.229,52.862],[6.24,52.87],[6.228,52.876],[6.212,52.882]]]},"properties":{"id":287446,"statcode":"WK170111","statnaam":"Wijk 11 Vledder","jrstatcode":"1998WK170111","rubriek":"wijk","FID":"wijk_gegeneraliseerd_1998.8f4e971f-d599-47b5-bd12-f61f630f9a9f"},"id":"WK170111"},
{"type":"Feature","geometry":{"type":"Polygon","coordinates":[[[6.161,52.85],[6.193,52.834],[6.203,52.838],[6.172,52.858],[6.161,52.85]]]},"properties":{"id":287447,"statcode":"WK170112","statnaam":"Wijk 12 Frederiksoord","jrstatcode":"1998WK170112","rubriek":"wijk","FID":"wijk_gegeneraliseerd_1998.2061ed8a-4359-4462-a6fa-e4a7bcadcb27"},"id":"WK170112"},
{"type":"Feature","geometry":{"type":"Polygon","coordinates":[[[6.193,52.834],[6.161,52.85],[6.141,52.864],[6.12,52.854],[6.132,52.843],[6.172,52.816],[6.193,52.834]]]},"properties":{"id":287448,"statcode":"WK170113","statnaam":"Wijk 13 Nijensleek","jrstatcode":"1998WK170113","rubriek":"wijk","FID":"wijk_gegeneraliseerd_1998.1d96f142-6ffa-42bf-8bfc-754e1dcf9223"},"id":"WK170113"},
{"type":"Feature","geometry":{"type":"Polygon","coordinates":[[[6.201,52.888],[6.16,52.873],[6.172,52.86],[6.177,52.866],[6.212,52.882],[6.201,52.888]]]},"properties":{"id":287449,"statcode":"WK170114","statnaam":"Wijk 14 Vledderveen","jrstatcode":"1998WK170114","rubriek":"wijk","FID":"wijk_gegeneraliseerd_1998.dcda3d94-39df-47fa-b668-c04ac81697f4"},"id":"WK170114"},
{"type":"Feature","geometry":{"type":"Polygon","coordinates":[[[6.16,52.873],[6.141,52.864],[6.161,52.85],[6.172,52.858],[6.172,52.86],[6.16,52.873]]]},"properties":{"id":287450,"statcode":"WK170115","statnaam":"Wijk 15 Wilhelminaoord","jrstatcode":"1998WK170115","rubriek":"wijk","FID":"wijk_gegeneraliseerd_1998.bdaeeb94-f065-4481-9a28-63802db6a9aa"},"id":"WK170115"},
{"type":"Feature","geometry":{"type":"Polygon","coordinates":[[[6.242,52.918],[6.229,52.91],[6.241,52.905],[6.243,52.889],[6.228,52.876],[6.24,52.87],[6.259,52.886],[6.281,52.904],[6.242,52.918]]]},"properties":{"id":287451,"statcode":"WK170116","statnaam":"Wijk 16 Doldersum","jrstatcode":"1998WK170116","rubriek":"wijk","FID":"wijk_gegeneraliseerd_1998.9d47f0fc-6cc0-4789-870d-db1101b9cfb7"},"id":"WK170116"},
{"type":"Feature","geometry":{"type":"Polygon","coordinates":[[[6.229,52.91],[6.201,52.888],[6.212,52.882],[6.228,52.876],[6.243,52.889],[6.241,52.905],[6.229,52.91]]]},"properties":{"id":287452,"statcode":"WK170117","statnaam":"Wijk 17 Boschoord","jrstatcode":"1998WK170117","rubriek":"wijk","FID":"wijk_gegeneraliseerd_1998.4ec2b4b5-7eff-4796-8576-2bc579e30cc8"},"id":"WK170117"},
{"type":"Feature","geometry":{"type":"Polygon","coordinates":[[[5.933,51.62],[5.926,51.632],[5.896,51.645],[5.873,51.644],[5.863,51.637],[5.828,51.628],[5.801,51.606],[5.85,51.605],[5.884,51.614],[5.905,51.611],[5.933,51.62]]]},"properties":{"id":287453,"statcode":"WK170200","statnaam":"Wijk 00 Sint Anthonis","jrstatcode":"1998WK170200","rubriek":"wijk","FID":"wijk_gegeneraliseerd_1998.42c41c97-860d-4bf9-9c51-b0eb64bf57bb"},"id":"WK170200"},
{"type":"Feature","geometry":{"type":"Polygon","coordinates":[[[5.905,51.611],[5.884,51.614],[5.85,51.605],[5.801,51.606],[5.787,51.598],[5.809,51.574],[5.823,51.568],[5.854,51.588],[5.875,51.594],[5.891,51.585],[5.908,51.589],[5.896,51.594],[5.905,51.611]]]},"properties":{"id":287454,"statcode":"WK170201","statnaam":"Wijk 01 Oploo","jrstatcode":"1998WK170201","rubriek":"wijk","FID":"wijk_gegeneraliseerd_1998.2566ebc8-8a19-4fd8-a4ee-5aa68793e88a"},"id":"WK170201"},
{"type":"Feature","geometry":{"type":"Polygon","coordinates":[[[5.891,51.585],[5.875,51.594],[5.854,51.588],[5.823,51.568],[5.838,51.566],[5.871,51.563],[5.871,51.574],[5.891,51.585]]]},"properties":{"id":287455,"statcode":"WK170202","statnaam":"Wijk 02 Westerbeek","jrstatcode":"1998WK170202","rubriek":"wijk","FID":"wijk_gegeneraliseerd_1998.6580a90b-3881-47c5-8736-ac69c934b726"},"id":"WK170202"},
{"type":"Feature","geometry":{"type":"Polygon","coordinates":[[[5.939,51.613],[5.933,51.62],[5.905,51.611],[5.896,51.594],[5.908,51.589],[5.932,51.597],[5.939,51.613]]]},"properties":{"id":287456,"statcode":"WK170203","statnaam":"Wijk 03 Stevensbeek","jrstatcode":"1998WK170203","rubriek":"wijk","FID":"wijk_gegeneraliseerd_1998.02f796c3-07b3-489b-b649-0002d749db4a"},"id":"WK170203"},
{"type":"Feature","geometry":{"type":"Polygon","coordinates":[[[5.843,51.68],[5.807,51.661],[5.799,51.661],[5.79,51.65],[5.779,51.645],[5.788,51.634],[5.811,51.638],[5.828,51.628],[5.863,51.637],[5.873,51.644],[5.875,51.653],[5.851,51.664],[5.858,51.671],[5.843,51.68]]]},"properties":{"id":287457,"statcode":"WK170204","statnaam":"Wijk 04 Wanroij","jrstatcode":"1998WK170204","rubriek":"wijk","FID":"wijk_gegeneraliseerd_1998.11582541-a46e-48fa-8456-32433626f283"},"id":"WK170204"},
{"type":"Feature","geometry":{"type":"Polygon","coordinates":[[[5.779,51.645],[5.748,51.633],[5.751,51.623],[5.759,51.594],[5.787,51.598],[5.801,51.606],[5.828,51.628],[5.811,51.638],[5.788,51.634],[5.779,51.645]]]},"properties":{"id":287458,"statcode":"WK170205","statnaam":"Wijk 05 Landhorst","jrstatcode":"1998WK170205","rubriek":"wijk","FID":"wijk_gegeneraliseerd_1998.e0cd46f7-c86e-4f37-a9c5-844a8e111d10"},"id":"WK170205"},
{"type":"Feature","geometry":{"type":"Polygon","coordinates":[[[5.499,51.735],[5.475,51.728],[5.485,51.714],[5.499,51.707],[5.53,51.711],[5.57,51.731],[5.534,51.74],[5.499,51.735]]]},"properties":{"id":287459,"statcode":"WK172100","statnaam":"Wijk 00 Heesch","jrstatcode":"1998WK172100","rubriek":"wijk","FID":"wijk_gegeneraliseerd_1998.bb4a04f4-3d69-438d-8f62-df774896b297"},"id":"WK172100"},
{"type":"Feature","geometry":{"type":"Polygon","coordinates":[[[5.581,51.731],[5.574,51.731],[5.57,51.731],[5.53,51.711],[5.52,51.701],[5.536,51.685],[5.573,51.676],[5.601,51.697],[5.597,51.702],[5.6,51.708],[5.581,51.731]]]},"properties":{"id":287460,"statcode":"WK172101","statnaam":"Wijk 01 Nistelrode","jrstatcode":"1998WK172101","rubriek":"wijk","FID":"wijk_gegeneraliseerd_1998.9547f5c0-c4ee-40e7-818d-db491bb427a7"},"id":"WK172101"},
{"type":"Feature","geometry":{"type":"Polygon","coordinates":[[[5.573,51.676],[5.536,51.685],[5.54,51.678],[5.514,51.661],[5.519,51.646],[5.543,51.639],[5.557,51.646],[5.57,51.651],[5.562,51.663],[5.573,51.676]]]},"properties":{"id":287461,"statcode":"WK172102","statnaam":"Wijk 02 Vorstenbosch","jrstatcode":"1998WK172102","rubriek":"wijk","FID":"wijk_gegeneraliseerd_1998.e56b6089-7d18-4b65-b1af-7a8249f39bbb"},"id":"WK172102"},
{"type":"Feature","geometry":{"type":"Polygon","coordinates":[[[5.536,51.685],[5.52,51.701],[5.53,51.711],[5.499,51.707],[5.478,51.701],[5.471,51.691],[5.496,51.683],[5.487,51.67],[5.514,51.661],[5.54,51.678],[5.536,51.685]]]},"properties":{"id":287462,"statcode":"WK172103","statnaam":"Wijk 03 Loosbroek","jrstatcode":"1998WK172103","rubriek":"wijk","FID":"wijk_gegeneraliseerd_1998.a8b45bcc-115e-4eee-a3a3-9cfe3e29f6dc"},"id":"WK172103"},
{"type":"Feature","geometry":{"type":"Polygon","coordinates":[[[5.514,51.661],[5.487,51.67],[5.496,51.683],[5.471,51.691],[5.457,51.688],[5.445,51.664],[5.424,51.654],[5.438,51.65],[5.468,51.642],[5.497,51.627],[5.505,51.636],[5.524,51.631],[5.543,51.639],[5.519,51.646],[5.514,51.661]]]},"properties":{"id":287463,"statcode":"WK172104","statnaam":"Wijk 04 Heeswijk-Dinther","jrstatcode":"1998WK172104","rubriek":"wijk","FID":"wijk_gegeneraliseerd_1998.f992ed43-a572-48ad-86fd-793f6a5c7f1a"},"id":"WK172104"},
{"type":"Feature","geometry":{"type":"Polygon","coordinates":[[[4.963,51.526],[4.956,51.519],[4.911,51.51],[4.909,51.494],[4.891,51.478],[4.932,51.459],[4.977,51.461],[5.01,51.458],[5.016,51.476],[5,51.481],[4.987,51.496],[4.993,51.512],[4.963,51.526]]]},"properties":{"id":287464,"statcode":"WK172300","statnaam":"Wijk 00 Alphen","jrstatcode":"1998WK172300","rubriek":"wijk","FID":"wijk_gegeneraliseerd_1998.3f40ae0d-a19d-43e0-9bc5-a084c66ba506"},"id":"WK172300"},
{"type":"Feature","geometry":{"type":"Polygon","coordinates":[[[4.891,51.478],[4.909,51.494],[4.911,51.51],[4.888,51.524],[4.867,51.538],[4.83,51.528],[4.823,51.519],[4.826,51.502],[4.829,51.482],[4.842,51.481],[4.883,51.477],[4.891,51.478]]]},"properties":{"id":287465,"statcode":"WK172301","statnaam":"Wijk 01 Chaam","jrstatcode":"1998WK172301","rubriek":"wijk","FID":"wijk_gegeneraliseerd_1998.212e284b-e2c2-4cf8-8282-0b2d368634eb"},"id":"WK172301"},
{"type":"Feature","geometry":{"type":"Polygon","coordinates":[[[4.777,51.529],[4.749,51.519],[4.76,51.502],[4.815,51.495],[4.829,51.482],[4.826,51.502],[4.786,51.517],[4.777,51.529]]]},"properties":{"id":287466,"statcode":"WK172302","statnaam":"Wijk 02 Galder","jrstatcode":"1998WK172302","rubriek":"wijk","FID":"wijk_gegeneraliseerd_1998.f784e1ea-c4b8-4b90-9396-dd5ab35c10df"},"id":"WK172302"},
{"type":"Feature","geometry":{"type":"Polygon","coordinates":[[[4.825,51.548],[4.778,51.529],[4.777,51.529],[4.786,51.517],[4.826,51.502],[4.823,51.519],[4.83,51.528],[4.835,51.539],[4.825,51.548]]]},"properties":{"id":287467,"statcode":"WK172308","statnaam":"Wijk 08 Verspreide huizen","jrstatcode":"1998WK172308","rubriek":"wijk","FID":"wijk_gegeneraliseerd_1998.5d7ea5d1-4a9d-47fb-9e82-74249172982d"},"id":"WK172308"},
{"type":"Feature","geometry":{"type":"Polygon","coordinates":[[[4.863,51.557],[4.825,51.548],[4.835,51.539],[4.864,51.552],[4.863,51.557]]]},"properties":{"id":287468,"statcode":"WK172309","statnaam":"Wijk 09 Verspreide huizen","jrstatcode":"1998WK172309","rubriek":"wijk","FID":"wijk_gegeneraliseerd_1998.38bce1aa-4ef0-4f73-887e-2301bd1a0f66"},"id":"WK172309"},
{"type":"Feature","geometry":{"type":"Polygon","coordinates":[[[5.244,51.309],[5.224,51.328],[5.246,51.345],[5.246,51.361],[5.233,51.386],[5.229,51.394],[5.199,51.394],[5.197,51.379],[5.183,51.376],[5.191,51.372],[5.2,51.323],[5.241,51.306],[5.244,51.309]]]},"properties":{"id":287469,"statcode":"WK172800","statnaam":"Wijk 00 Bladel","jrstatcode":"1998WK172800","rubriek":"wijk","FID":"wijk_gegeneraliseerd_1998.64e9a6aa-7e09-476f-b589-93ed166ffcff"},"id":"WK172800"},
{"type":"Feature","geometry":{"type":"Polygon","coordinates":[[[5.224,51.425],[5.216,51.434],[5.191,51.43],[5.195,51.4],[5.199,51.394],[5.229,51.394],[5.224,51.425]]]},"properties":{"id":287470,"statcode":"WK172801","statnaam":"Wijk 01 Netersel","jrstatcode":"1998WK172801","rubriek":"wijk","FID":"wijk_gegeneraliseerd_1998.ab0bbe59-caaa-4bce-aaae-362223201c42"},"id":"WK172801"},
{"type":"Feature","geometry":{"type":"Polygon","coordinates":[[[5.279,51.353],[5.279,51.374],[5.254,51.388],[5.233,51.386],[5.246,51.361],[5.246,51.345],[5.224,51.328],[5.244,51.309],[5.264,51.319],[5.286,51.336],[5.279,51.353]]]},"properties":{"id":287471,"statcode":"WK172802","statnaam":"Wijk 02 Hapert","jrstatcode":"1998WK172802","rubriek":"wijk","FID":"wijk_gegeneraliseerd_1998.2bd6754b-bcc3-4335-95de-bd301e75f1d0"},"id":"WK172802"},
{"type":"Feature","geometry":{"type":"Polygon","coordinates":[[[5.238,51.429],[5.23,51.426],[5.249,51.404],[5.254,51.388],[5.279,51.374],[5.289,51.389],[5.306,51.391],[5.307,51.406],[5.273,51.409],[5.238,51.429]]]},"properties":{"id":287472,"statcode":"WK172803","statnaam":"Wijk 03 Hoogeloon","jrstatcode":"1998WK172803","rubriek":"wijk","FID":"wijk_gegeneraliseerd_1998.ac700ae5-bfea-4866-a5d3-864d076b3a3d"},"id":"WK172803"},
{"type":"Feature","geometry":{"type":"Polygon","coordinates":[[[5.254,51.388],[5.249,51.404],[5.23,51.426],[5.224,51.425],[5.229,51.394],[5.233,51.386],[5.254,51.388]]]},"properties":{"id":287473,"statcode":"WK172804","statnaam":"Wijk 04 Casteren","jrstatcode":"1998WK172804","rubriek":"wijk","FID":"wijk_gegeneraliseerd_1998.6d2fe695-f732-448a-9ef9-769ee717e742"},"id":"WK172804"},
{"type":"Feature","geometry":{"type":"Polygon","coordinates":[[[5.859,51.172],[5.904,51.168],[5.922,51.172],[5.921,51.179],[5.906,51.181],[5.892,51.214],[5.88,51.211],[5.849,51.179],[5.852,51.175],[5.859,51.172]]]},"properties":{"id":287474,"statcode":"WK193700","statnaam":"Wijk 00 Heel","jrstatcode":"1998WK193700","rubriek":"wijk","FID":"wijk_gegeneraliseerd_1998.c5444f64-435a-440d-805b-5f9570f9a428"},"id":"WK193700"},
{"type":"Feature","geometry":{"type":"Polygon","coordinates":[[[5.894,51.216],[5.892,51.214],[5.906,51.181],[5.921,51.179],[5.945,51.198],[5.951,51.201],[5.928,51.204],[5.894,51.216]]]},"properties":{"id":287475,"statcode":"WK193701","statnaam":"Wijk 01 Beegden","jrstatcode":"1998WK193701","rubriek":"wijk","FID":"wijk_gegeneraliseerd_1998.2dd3d685-e2dd-4cb6-8a20-2db9b123ca7e"},"id":"WK193701"},
{"type":"Feature","geometry":{"type":"Polygon","coordinates":[[[5.917,51.169],[5.922,51.172],[5.904,51.168],[5.859,51.172],[5.875,51.168],[5.861,51.148],[5.884,51.151],[5.894,51.164],[5.91,51.166],[5.917,51.169]]]},"properties":{"id":287476,"statcode":"WK193702","statnaam":"Wijk 02 Wessem","jrstatcode":"1998WK193702","rubriek":"wijk","FID":"wijk_gegeneraliseerd_1998.dc42eac1-30d7-4fb3-af73-4fdd029c5f54"},"id":"WK193702"},
{"type":"Feature","geometry":{"type":"Polygon","coordinates":[[[6.827,53.185],[6.816,53.154],[6.862,53.153],[6.9,53.165],[6.903,53.166],[6.914,53.183],[6.827,53.185]]]},"properties":{"id":287477,"statcode":"WK198700","statnaam":"Wijk 00 Zuidbroek","jrstatcode":"1998WK198700","rubriek":"wijk","FID":"wijk_gegeneraliseerd_1998.fc532ef4-79f9-45df-b9b1-1b9c2f0d1153"},"id":"WK198700"},
{"type":"Feature","geometry":{"type":"Polygon","coordinates":[[[6.827,53.185],[6.914,53.183],[6.929,53.213],[6.913,53.225],[6.884,53.226],[6.86,53.218],[6.839,53.205],[6.817,53.198],[6.812,53.186],[6.827,53.185]]]},"properties":{"id":287478,"statcode":"WK198701","statnaam":"Wijk 01 Noordbroek","jrstatcode":"1998WK198701","rubriek":"wijk","FID":"wijk_gegeneraliseerd_1998.4d288d77-9452-4139-8ded-509df62361d5"},"id":"WK198701"},
{"type":"Feature","geometry":{"type":"Polygon","coordinates":[[[6.9,53.165],[6.904,53.127],[6.959,53.12],[6.962,53.11],[6.965,53.111],[6.95,53.159],[6.942,53.166],[6.903,53.166],[6.9,53.165]]]},"properties":{"id":287479,"statcode":"WK198702","statnaam":"Wijk 02","jrstatcode":"1998WK198702","rubriek":"wijk","FID":"wijk_gegeneraliseerd_1998.516a035d-e6ab-48dd-9ce0-1ba80864e06a"},"id":"WK198702"},
{"type":"Feature","geometry":{"type":"Polygon","coordinates":[[[6.865,53.124],[6.9,53.128],[6.904,53.127],[6.9,53.165],[6.862,53.153],[6.816,53.154],[6.819,53.146],[6.794,53.136],[6.803,53.124],[6.865,53.124]]]},"properties":{"id":287480,"statcode":"WK198703","statnaam":"Wijk 03","jrstatcode":"1998WK198703","rubriek":"wijk","FID":"wijk_gegeneraliseerd_1998.91711b8b-94a3-4517-af18-6b22ad7ccc7f"},"id":"WK198703"}
]}