{"type":"Topology","arcs":[[[3524,2578],[5,-19]],[[3529,2559],[0,-11]],[[3529,2548],[-49,-8]],[[3480,2540],[-24,8]],[[3456,2548],[-10,18],[3,10]],[[3449,2576],[32,5],[-5,12]],[[3476,2593],[33,-1],[18,3]],[[3527,2595],[-3,-17]],[[3296,2559],[-27,-42],[8,-16]],[[3277,2501],[-16,-2],[-32,7]],[[3229,2506],[-1,6],[-36,3]],[[3192,2515],[6,10],[4,39]],[[3202,2564],[7,27]],[[3209,2591],[9,6]],[[3218,2597],[6,-3]],[[3224,2594],[14,3]],[[3238,2597],[24,-33],[34,-5]],[[3831,2405],[-10,-16],[4,-17]],[[3825,2372],[5,-22],[-64,-41],[-19,7]],[[3747,2316],[-11,24],[5,11],[22,13],[-6,6],[1,28]],[[3758,2398],[29,13],[29,-13],[15,7]],[[3825,2372],[20,-9],[-4,-32],[5,-25]],[[3846,2306],[-19,-2],[-55,-15],[-27,22]],[[3745,2311],[2,5]],[[3679,2315],[-22,7]],[[3657,2322],[28,30],[-13,13]],[[3672,2365],[21,15],[35,15]],[[3728,2395],[30,3]],[[3745,2311],[-23,0]],[[3722,2311],[-10,6],[-33,-2]],[[3286,2485],[-9,16]],[[3296,2559],[1,-1]],[[3297,2558],[35,-10]],[[3332,2548],[33,-19],[7,-11]],[[3372,2518],[-22,-8]],[[3350,2510],[-64,-25]],[[3415,2533],[-43,-15]],[[3332,2548],[19,12],[19,-5],[10,8]],[[3380,2563],[15,-14],[19,-7],[1,-9]],[[3572,2577],[-5,-16],[-38,-2]],[[3524,2578],[24,19]],[[3548,2597],[28,-14],[-4,-6]],[[3551,2516],[0,13],[-22,19]],[[3572,2577],[51,-11],[29,-10]],[[3652,2556],[-9,-8],[-11,-23],[-27,-3],[-27,2],[-27,-8]],[[3527,2595],[14,6]],[[3541,2601],[7,-4]],[[3733,2507],[-23,-15]],[[3710,2492],[-28,18],[-18,-7],[-9,14],[-16,0],[-45,-10],[-23,-20]],[[3571,2487],[-17,6]],[[3554,2493],[-3,23]],[[3652,2556],[39,-6],[35,-2],[-5,-33],[12,-8]],[[3516,2658],[14,-12],[1,-16],[10,-29]],[[3476,2593],[-9,15],[-24,8],[-24,32],[15,6]],[[3434,2654],[52,18],[30,-14]],[[3212,2462],[-14,7]],[[3198,2469],[5,7]],[[3203,2476],[4,0]],[[3207,2476],[15,-9]],[[3222,2467],[-10,-5]],[[3212,2462],[1,-1]],[[3213,2461],[-10,0]],[[3203,2461],[-28,0]],[[3175,2461],[-10,4],[-3,17],[10,2]],[[3172,2484],[15,-15],[11,0]],[[3210,2489],[-7,-13]],[[3172,2484],[-19,20]],[[3153,2504],[-3,3]],[[3150,2507],[22,1],[20,7]],[[3229,2506],[-19,-17]],[[3210,2489],[16,-6]],[[3226,2483],[-19,-7]],[[3226,2483],[12,-11]],[[3238,2472],[-16,-5]],[[3238,2472],[48,13]],[[3286,2485],[4,-16],[19,-17]],[[3309,2452],[-27,-11]],[[3282,2441],[0,-5]],[[3282,2436],[-37,10]],[[3245,2446],[-32,15]],[[3218,2433],[-8,4],[-7,24]],[[3245,2446],[-7,-6]],[[3238,2440],[-20,-7]],[[3218,2433],[-28,-2]],[[3190,2431],[-14,3],[-18,14]],[[3158,2448],[17,13]],[[3158,2448],[-1,0]],[[3157,2448],[-19,0]],[[3138,2448],[-11,6],[-22,-4]],[[3105,2450],[2,8]],[[3107,2458],[15,38],[31,8]],[[2957,2478],[3,-24]],[[2960,2454],[-3,-8],[-33,-5],[2,-9],[-39,-8]],[[2887,2424],[-19,5],[-40,0]],[[2828,2429],[14,19],[19,8],[10,11]],[[2871,2467],[12,-2],[50,11],[24,2]],[[2955,2498],[2,-20]],[[2871,2467],[-5,13]],[[2866,2480],[-6,12]],[[2860,2492],[14,14]],[[2874,2506],[44,0],[2,-11],[35,3]],[[2887,2424],[-14,-18],[-55,-21]],[[2818,2385],[1,24]],[[2819,2409],[9,20]],[[2955,2498],[31,4]],[[2986,2502],[47,-17],[15,-18]],[[3048,2467],[-31,-4]],[[3017,2463],[-13,-2]],[[3004,2461],[-33,-7]],[[2971,2454],[-11,0]],[[3269,2373],[-8,7]],[[3261,2380],[-16,12]],[[3245,2392],[0,8],[-27,33]],[[3238,2440],[32,-10],[-3,-16],[7,-13],[-5,-28]],[[3282,2436],[17,-5]],[[3299,2431],[23,-18]],[[3322,2413],[10,-13],[5,-29]],[[3337,2371],[-60,-15]],[[3277,2356],[-8,17]],[[3203,2416],[-13,15]],[[3245,2392],[-16,7]],[[3229,2399],[-6,14],[-20,3]],[[3396,2410],[-31,2]],[[3365,2412],[6,9]],[[3371,2421],[46,-2]],[[3417,2419],[-1,-9]],[[3416,2410],[-20,0]],[[3396,2410],[3,-18]],[[3399,2392],[-13,1]],[[3386,2393],[-11,0],[-10,19]],[[3416,2410],[20,-24]],[[3436,2386],[9,-12]],[[3445,2374],[4,-26]],[[3449,2348],[3,-13]],[[3452,2335],[-44,59],[-9,-2]],[[3452,2335],[4,-14]],[[3456,2321],[-37,24]],[[3419,2345],[-32,20]],[[3387,2365],[-2,2]],[[3385,2367],[1,26]],[[3385,2367],[-48,4]],[[3322,2413],[18,6]],[[3340,2419],[25,-7]],[[3360,2423],[1,0]],[[3361,2423],[10,-2]],[[3340,2419],[20,4]],[[3299,2431],[-17,10]],[[3309,2452],[16,-1],[35,-28]],[[3417,2419],[-10,10],[47,7]],[[3454,2436],[15,-1]],[[3469,2435],[-11,-31]],[[3458,2404],[3,-8],[-25,-10]],[[3047,2426],[-6,-11]],[[3041,2415],[-10,-7]],[[3031,2408],[-8,-10]],[[3023,2398],[-20,1]],[[3003,2399],[12,28]],[[3015,2427],[8,-6],[24,5]],[[2957,2344],[-19,4]],[[2938,2348],[-7,21],[18,11],[40,5],[-6,19]],[[2983,2404],[20,-5]],[[3023,2398],[-15,-25]],[[3008,2373],[-1,-3]],[[3007,2370],[-2,-12]],[[3005,2358],[-19,-21]],[[2986,2337],[-29,7]],[[2983,2404],[-2,5]],[[2981,2409],[4,14],[-3,25],[-11,6]],[[3004,2461],[10,-3],[-4,-17],[5,-14]],[[3017,2463],[17,-1]],[[3034,2462],[6,-6],[8,-29]],[[3048,2427],[-1,-1]],[[3057,2448],[35,-1]],[[3092,2447],[-7,-9],[-37,-11]],[[3034,2462],[19,1],[4,-15]],[[3082,2460],[25,-2]],[[3105,2450],[-13,-3]],[[3057,2448],[9,13],[16,-1]],[[3069,2474],[13,-14]],[[3048,2467],[21,7]],[[3456,2548],[-41,-15]],[[3380,2563],[-17,4],[-15,12],[16,27]],[[3364,2606],[15,-11],[23,-4],[27,-12],[20,-3]],[[3372,2631],[9,7]],[[3381,2638],[12,-18],[-25,-4],[-4,-10]],[[3297,2558],[30,43],[12,12]],[[3339,2613],[33,18]],[[3238,2597],[30,4],[4,12],[35,4],[32,-4]],[[3381,2638],[40,23],[13,-7]],[[2981,2409],[-15,-10],[-82,-13],[-29,-21]],[[2855,2365],[-27,14]],[[2828,2379],[-10,6]],[[2938,2348],[-3,1]],[[2935,2349],[-31,15],[-49,1]],[[1782,1576],[37,16]],[[1819,1592],[43,13],[38,0]],[[1900,1605],[14,-20],[61,-21]],[[1975,1564],[-16,-10]],[[1959,1554],[-48,18],[-74,14],[-55,-10]],[[1812,1615],[6,13],[-17,18]],[[1801,1646],[47,20]],[[1848,1666],[19,1],[38,-35],[27,-8]],[[1932,1624],[-32,-19]],[[1819,1592],[-7,23]],[[1900,1685],[18,-12],[75,-23]],[[1993,1650],[-50,-18]],[[1943,1632],[-11,-8]],[[1848,1666],[52,19]],[[1782,1576],[-7,31]],[[1775,1607],[37,8]],[[1943,1632],[78,-68],[-29,-5],[-17,5]],[[1775,1607],[-11,18],[7,8],[30,13]],[[3628,2244],[12,-16]],[[3640,2228],[-29,-13]],[[3611,2215],[-21,18]],[[3590,2233],[-12,10]],[[3578,2243],[-39,25]],[[3539,2268],[-36,23]],[[3503,2291],[20,6],[27,-8]],[[3550,2289],[28,-20],[20,-5]],[[3598,2264],[14,-4]],[[3612,2260],[16,-16]],[[3673,2175],[-4,-6]],[[3669,2169],[-13,7]],[[3656,2176],[-34,29]],[[3622,2205],[-11,10]],[[3640,2228],[35,-46],[-2,-7]],[[3722,2311],[-3,-10]],[[3719,2301],[3,-21],[18,-9],[-6,-8]],[[3734,2263],[-20,-9],[-1,-21]],[[3713,2233],[-24,3],[-20,19],[-41,-11]],[[3612,2260],[56,34],[11,21]],[[3705,2181],[-32,-6]],[[3713,2233],[-1,-30],[-7,-22]],[[3598,2264],[45,49]],[[3643,2313],[14,9]],[[3623,2438],[17,-20],[16,1]],[[3656,2419],[6,-12],[-9,-9]],[[3653,2398],[-20,10],[-38,10]],[[3595,2418],[7,10],[21,10]],[[3653,2398],[-23,-32]],[[3630,2366],[-23,-5]],[[3607,2361],[-15,48],[-8,7]],[[3584,2416],[11,2]],[[3599,2471],[24,-33]],[[3584,2416],[-39,0]],[[3545,2416],[11,17]],[[3556,2433],[15,30],[-16,12]],[[3555,2475],[-1,18]],[[3571,2487],[28,-16]],[[3701,2417],[-45,2]],[[3599,2471],[36,4],[24,21],[17,-19],[38,2]],[[3714,2479],[-13,-62]],[[3710,2492],[4,-13]],[[3361,2423],[-10,11],[29,19],[6,13],[-6,21]],[[3380,2487],[19,6]],[[3399,2493],[82,-38]],[[3481,2455],[-22,-7],[-5,-12]],[[3399,2493],[23,16],[53,14]],[[3475,2523],[-1,-8],[19,-23],[9,-24]],[[3502,2468],[-21,-13]],[[3555,2475],[-29,1],[-24,-8]],[[3475,2523],[5,17]],[[3350,2510],[15,-16],[15,-7]],[[3492,2346],[-6,26],[21,2]],[[3507,2374],[35,4]],[[3542,2378],[-1,-20],[-13,-23]],[[3528,2335],[-15,10],[-21,1]],[[3547,2294],[-3,29],[-16,12]],[[3542,2378],[4,-1]],[[3546,2377],[55,-7],[3,-10]],[[3604,2360],[-3,-15]],[[3601,2345],[-30,-23],[-5,-14],[9,-8],[-28,-6]],[[3445,2374],[62,0]],[[3492,2346],[-43,2]],[[3503,2291],[-18,11]],[[3485,2302],[-28,19]],[[3457,2321],[-1,0]],[[3547,2294],[3,-5]],[[3752,2184],[11,14],[17,3],[2,31]],[[3782,2232],[19,5]],[[3801,2237],[42,-6]],[[3843,2231],[-19,-39],[-32,-32]],[[3792,2160],[-25,3],[-15,21]],[[3782,2232],[-8,12],[-25,16],[-15,3]],[[3719,2301],[20,-3],[6,-10],[28,-11],[-6,-7],[32,-22],[2,-11]],[[3846,2306],[9,-45],[-12,-30]],[[3752,2184],[-46,-12]],[[3706,2172],[-1,9]],[[3746,2114],[-17,-14],[6,-12]],[[3735,2088],[-21,1]],[[3714,2089],[4,11]],[[3718,2100],[-5,23],[-31,0]],[[3682,2123],[-25,0]],[[3657,2123],[31,43],[-19,3]],[[3706,2172],[1,-29],[25,-1],[10,-8],[4,-20]],[[3792,2160],[-46,-46]],[[3718,2100],[-28,14]],[[3690,2114],[-8,9]],[[1993,1650],[73,33],[15,10],[59,-38],[39,-20],[41,25],[11,1]],[[2231,1661],[34,-2],[-7,-39]],[[2258,1620],[-33,-7],[-19,5],[-27,-21],[16,-13],[-1,-13],[-25,-47],[-115,-21],[-27,11],[-68,40]],[[2257,1613],[-1,-1]],[[2256,1612],[1,1]],[[2427,2226],[12,-1],[33,31],[4,-23]],[[2476,2233],[-22,-36]],[[2454,2197],[-2,1]],[[2452,2198],[-17,8],[-22,-4],[-29,11],[17,11],[20,-11],[6,13]],[[2476,2233],[50,3]],[[2526,2236],[3,-11],[18,-20]],[[2547,2205],[-68,-13],[-7,-5]],[[2472,2187],[-18,10]],[[2531,2239],[-5,-3]],[[2427,2226],[-11,26],[5,23]],[[2421,2275],[31,2],[13,11],[13,-7],[15,8],[16,-15],[28,-4]],[[2537,2270],[-11,-13],[5,-18]],[[2402,2297],[-1,-20],[20,-2]],[[2452,2198],[-21,-12],[0,-15]],[[2431,2171],[-41,18],[-23,-4],[-20,33],[-14,-1]],[[2333,2217],[0,21]],[[2333,2238],[15,-4],[10,11],[33,13],[-16,7]],[[2375,2265],[3,15],[15,17]],[[2393,2297],[9,0]],[[2431,2171],[-3,-16],[17,-3]],[[2445,2152],[-4,-7]],[[2441,2145],[-39,-7],[-59,12],[-7,-6]],[[2336,2144],[-30,-5]],[[2306,2139],[-24,33]],[[2282,2172],[3,14],[32,-3],[12,5],[4,29]],[[2472,2187],[-27,-35]],[[2547,2205],[8,-14],[25,-29]],[[2580,2162],[-28,-15],[-20,-2]],[[2532,2145],[-7,-6]],[[2525,2139],[-41,14],[-43,-8]],[[3701,2417],[6,-2]],[[3707,2415],[21,-20]],[[3672,2365],[-42,1]],[[3122,2616],[10,-14],[77,-11]],[[3202,2564],[-39,-4],[-19,-12]],[[3144,2548],[-20,19],[-29,12]],[[3095,2579],[32,15],[-12,18]],[[3115,2612],[7,4]],[[3144,2548],[4,-29]],[[3148,2519],[-31,2],[-3,8],[-41,-1],[-6,7]],[[3067,2535],[-4,13],[17,19]],[[3080,2567],[15,12]],[[3190,2676],[-4,-20],[-21,-21],[34,-15],[19,-23]],[[3122,2616],[-10,17],[15,15],[22,2],[9,26],[32,0]],[[3150,2507],[-2,12]],[[2399,2366],[-1,6]],[[2398,2372],[-1,3]],[[2397,2375],[50,0]],[[2447,2375],[48,-3],[13,5],[13,-11],[32,5],[32,1]],[[2585,2372],[1,0]],[[2586,2372],[-10,-13],[-52,-2],[4,-13],[-15,-17]],[[2513,2327],[-15,6],[-52,-9]],[[2446,2324],[-10,3],[-2,21],[-29,11],[-6,7]],[[2447,2375],[17,11],[11,15],[-10,10]],[[2465,2411],[18,8]],[[2483,2419],[21,2]],[[2504,2421],[70,-1]],[[2574,2420],[0,-9],[-23,-16],[14,-14],[20,-9]],[[2344,2329],[7,11],[48,26]],[[2446,2324],[4,-7],[-35,-21],[-13,1]],[[2393,2297],[-18,8]],[[2375,2305],[-34,15],[3,9]],[[2513,2327],[57,2]],[[2570,2329],[2,-8],[27,-18]],[[2599,2303],[-14,-12]],[[2585,2291],[-21,-2]],[[2564,2289],[-7,-9]],[[2557,2280],[-13,-9]],[[2544,2271],[-7,-1]],[[2988,2522],[27,-5],[22,15],[13,-4]],[[3050,2528],[2,-15],[19,-6],[12,-29],[-14,-4]],[[2986,2502],[2,20]],[[2932,2555],[31,3],[3,-18],[12,-17],[10,-1]],[[2874,2506],[0,1]],[[2874,2507],[15,11],[7,21],[17,2],[19,14]],[[2929,2591],[5,-3]],[[2934,2588],[39,-23],[19,3]],[[2992,2568],[17,4],[33,-3],[31,9],[7,-11]],[[3067,2535],[-17,-7]],[[2932,2555],[-10,8],[7,28]],[[2614,2571],[11,14]],[[2625,2585],[28,3],[14,-13]],[[2667,2575],[-4,-16]],[[2663,2559],[-50,4]],[[2613,2563],[1,8]],[[2713,2575],[-46,0]],[[2625,2585],[6,11]],[[2631,2596],[34,6],[-6,14]],[[2659,2616],[56,9]],[[2715,2625],[-3,-9],[12,-13],[13,0]],[[2737,2603],[-31,-18],[7,-10]],[[2803,2569],[-1,-2]],[[2802,2567],[-26,-16]],[[2776,2551],[-11,18],[-34,5],[-11,-2]],[[2720,2572],[-7,3]],[[2737,2603],[25,4],[45,-22],[-4,-16]],[[2715,2625],[40,31]],[[2755,2656],[26,-3],[38,12],[14,-4]],[[2833,2661],[-30,-4],[-5,-15],[8,-16],[-2,-11],[17,-43],[-18,-3]],[[2727,2654],[28,2]],[[2659,2616],[6,13]],[[2665,2629],[18,8],[24,-1],[20,18]],[[2665,2629],[-19,6],[-36,-17],[-21,2]],[[2589,2620],[-18,6],[0,11]],[[2571,2637],[95,17],[45,3],[16,-3]],[[2701,2723],[1,-2]],[[2702,2721],[-1,2]],[[2614,2571],[-37,-5]],[[2577,2566],[-1,6],[-23,13]],[[2553,2585],[-3,8],[-60,34]],[[2490,2627],[32,11],[49,-1]],[[2589,2620],[16,-30],[26,6]],[[2723,2452],[5,13],[-59,15]],[[2669,2480],[-7,11]],[[2662,2491],[24,3]],[[2686,2494],[31,5],[52,13]],[[2769,2512],[32,2]],[[2801,2514],[18,-3],[17,9],[38,-13]],[[2860,2492],[-36,-5],[-47,-16],[-21,-2],[-33,-17]],[[2866,2480],[-21,-1],[-48,-28],[-33,-3],[-20,-16]],[[2744,2432],[-21,20]],[[2747,2402],[9,24],[-12,6]],[[2819,2409],[-55,-14],[-17,7]],[[2427,2711],[99,6],[65,1],[9,-12],[-52,1],[-14,-5],[-87,-14],[-75,5],[-27,-13],[-53,-6],[-30,12],[-8,12],[18,17],[26,6],[32,-11],[97,1]],[[2332,2496],[-23,-2]],[[2309,2494],[-4,4],[-46,7]],[[2259,2505],[-33,8],[-33,-1]],[[2193,2512],[-13,3]],[[2180,2515],[23,20],[26,16],[67,19],[28,4]],[[2324,2574],[-1,-28],[9,-50]],[[2324,2574],[37,11]],[[2361,2585],[3,-13],[27,-8],[-14,-19]],[[2377,2545],[-13,-15],[14,-29]],[[2378,2501],[-2,-2]],[[2376,2499],[-28,-5],[-16,2]],[[2259,2505],[12,-15],[-28,-10]],[[2243,2480],[-9,-4]],[[2234,2476],[-41,36]],[[2196,2308],[-5,-5]],[[2191,2303],[-14,-6]],[[2177,2297],[-12,10],[-20,-3],[-7,13]],[[2138,2317],[7,15],[18,-7],[33,-3],[0,-14]],[[2663,2559],[-1,-32],[10,-6]],[[2672,2521],[-22,-20],[-27,3],[-10,11],[-23,-5],[-4,9]],[[2586,2519],[14,6],[13,38]],[[2720,2572],[-5,-30]],[[2715,2542],[-19,-1]],[[2696,2541],[-24,-20]],[[2627,2481],[-31,1]],[[2596,2482],[-4,8]],[[2592,2490],[-7,11],[-29,8]],[[2556,2509],[-22,12]],[[2534,2521],[30,10],[22,-12]],[[2696,2541],[-2,-25],[-8,-22]],[[2662,2491],[-35,-10]],[[2534,2521],[-9,6]],[[2525,2527],[24,11],[-10,14],[38,14]],[[2183,2449],[16,3]],[[2199,2452],[6,-11],[24,0],[14,-8]],[[2243,2433],[-22,-18]],[[2221,2415],[-30,7]],[[2191,2422],[-23,8],[15,19]],[[2169,2448],[-20,-14]],[[2149,2434],[6,17],[11,3]],[[2166,2454],[3,-6]],[[2187,2422],[-12,2]],[[2175,2424],[12,-2]],[[2234,2476],[-26,-6],[-9,-18]],[[2183,2449],[-14,-1]],[[2166,2454],[-12,4],[-5,19],[-17,15]],[[2132,2492],[37,15],[11,8]],[[2243,2480],[9,-9]],[[2252,2471],[11,-13],[-16,-4],[13,-13],[-13,-7]],[[2247,2434],[-4,-1]],[[2187,2422],[4,0]],[[2221,2415],[26,-21],[-39,-14],[-18,7]],[[2190,2387],[-20,9],[-17,-5]],[[2153,2391],[-8,-3],[-31,9]],[[2114,2397],[22,27]],[[2136,2424],[39,0]],[[2149,2434],[-11,-6]],[[2138,2428],[-16,-2]],[[2122,2426],[2,9]],[[2124,2435],[8,16],[-23,-2],[-29,11]],[[2080,2460],[10,10],[42,22]],[[2136,2424],[2,4]],[[2061,2429],[33,-4],[28,1]],[[2114,2397],[-11,-2],[-26,8],[-23,-1]],[[2054,2402],[7,27]],[[2061,2429],[16,10]],[[2077,2439],[-16,-10]],[[2068,2441],[5,-1]],[[2073,2440],[-5,1]],[[2080,2443],[44,-8]],[[2077,2439],[3,4]],[[2077,2445],[-4,-5]],[[2068,2441],[3,6]],[[2071,2447],[6,-2]],[[2080,2443],[-3,2]],[[2071,2447],[9,13]],[[2600,2185],[5,-7]],[[2605,2178],[-25,-16]],[[2531,2239],[23,-15],[7,18]],[[2561,2242],[9,-13],[13,3]],[[2583,2232],[33,9]],[[2616,2241],[-13,-18]],[[2603,2223],[1,-14]],[[2604,2209],[-9,-10],[5,-14]],[[2658,2216],[6,-10]],[[2664,2206],[-38,3]],[[2626,2209],[-22,0]],[[2603,2223],[55,-7]],[[2847,2288],[-4,-49]],[[2843,2239],[-25,-8]],[[2818,2231],[-23,-8]],[[2795,2223],[-22,38]],[[2773,2261],[40,9]],[[2813,2270],[34,18]],[[2795,2223],[-25,-20],[-15,-3]],[[2755,2200],[-33,31]],[[2722,2231],[17,11]],[[2739,2242],[34,19]],[[2699,2212],[29,-25]],[[2728,2187],[-24,-12]],[[2704,2175],[-26,27]],[[2678,2202],[21,10]],[[2755,2200],[-27,-13]],[[2699,2212],[11,11]],[[2710,2223],[12,8]],[[2664,2206],[14,-4]],[[2704,2175],[-11,-4]],[[2693,2171],[-13,-3],[-31,14]],[[2649,2182],[-13,17]],[[2636,2199],[-10,10]],[[2585,2291],[42,-15],[-11,-23],[1,-12]],[[2617,2241],[-53,48]],[[2557,2280],[26,-48]],[[2561,2242],[-17,29]],[[2617,2241],[-1,0]],[[2636,2199],[-13,-9]],[[2623,2190],[-23,-5]],[[2658,2216],[28,0],[19,6]],[[2705,2222],[5,1]],[[2649,2182],[-19,-3]],[[2630,2179],[-7,11]],[[2630,2179],[-25,-1]],[[2769,2512],[0,11]],[[2769,2523],[7,28]],[[2802,2567],[10,-30],[21,-3],[-32,-20]],[[2802,2567],[21,3],[0,37],[55,-16],[17,7],[34,-7]],[[2769,2523],[-40,-4],[-14,8],[0,15]],[[2430,2454],[10,3]],[[2440,2457],[4,0]],[[2444,2457],[1,-1]],[[2445,2456],[-1,-7]],[[2444,2449],[-5,-2]],[[2439,2447],[-9,-2]],[[2430,2445],[0,3]],[[2430,2448],[0,6]],[[2430,2454],[-5,8]],[[2425,2462],[20,1]],[[2445,2463],[-5,-6]],[[2450,2468],[-5,-5]],[[2425,2462],[-2,5]],[[2423,2467],[-1,9]],[[2422,2476],[28,-2]],[[2450,2474],[0,-6]],[[2471,2467],[-15,-5]],[[2456,2462],[-11,1]],[[2450,2468],[21,-1]],[[2450,2474],[24,19]],[[2474,2493],[27,0]],[[2501,2493],[-6,-13]],[[2495,2480],[-2,-13]],[[2493,2467],[-22,0]],[[2456,2462],[-12,-5]],[[2456,2462],[5,-4]],[[2461,2458],[0,-3]],[[2461,2455],[-16,1]],[[2461,2455],[-2,-5]],[[2459,2450],[-15,-1]],[[2459,2450],[0,-1]],[[2459,2449],[-14,-2]],[[2445,2447],[-6,0]],[[2471,2467],[2,-6]],[[2473,2461],[-12,-3]],[[2473,2461],[6,-10]],[[2479,2451],[-7,0]],[[2472,2451],[-13,-1]],[[2493,2467],[7,-13]],[[2500,2454],[-21,-3]],[[2536,2468],[4,-9],[-40,-5]],[[2495,2480],[27,3]],[[2522,2483],[14,-15]],[[2500,2454],[-3,-18]],[[2497,2436],[-17,2]],[[2480,2438],[-2,5]],[[2478,2443],[-2,2]],[[2476,2445],[-4,6]],[[2459,2449],[0,-4]],[[2459,2445],[-14,2]],[[2476,2445],[-17,0]],[[2478,2443],[-20,-4]],[[2458,2439],[1,6]],[[2458,2439],[-19,-3]],[[2439,2436],[0,11]],[[2439,2436],[-20,8]],[[2419,2444],[11,1]],[[2459,2435],[-20,-2]],[[2439,2433],[0,3]],[[2480,2438],[-21,-3]],[[2439,2433],[-23,2]],[[2416,2435],[3,9]],[[2483,2419],[-11,-2],[-13,18]],[[2497,2436],[7,-15]],[[2447,2375],[-9,19],[-31,10]],[[2407,2404],[0,20]],[[2407,2424],[15,2]],[[2422,2426],[8,-17],[35,2]],[[2397,2375],[1,5]],[[2398,2380],[9,24]],[[2422,2426],[-6,9]],[[2407,2424],[-27,-1]],[[2380,2423],[6,39]],[[2386,2462],[14,-2]],[[2400,2460],[15,-4]],[[2415,2456],[15,-8]],[[2415,2456],[4,0]],[[2419,2456],[11,-2]],[[2419,2456],[6,6]],[[2415,2456],[2,10]],[[2417,2466],[6,1]],[[2400,2460],[17,6]],[[2386,2462],[-10,9]],[[2376,2471],[-4,14],[14,6]],[[2386,2491],[21,-1],[15,-14]],[[2474,2525],[7,0]],[[2481,2525],[-9,-17],[2,-12]],[[2474,2496],[-10,9],[-36,2],[-21,-5],[-29,-1]],[[2377,2545],[28,-1],[54,-18],[15,-1]],[[2386,2491],[-10,8]],[[2474,2496],[0,-3]],[[2286,2110],[-1,13],[21,16]],[[2336,2144],[-3,-29],[36,-6],[20,-19]],[[2389,2090],[-22,4],[-12,-6]],[[2355,2088],[-14,6],[-42,1],[-13,15]],[[2525,2139],[-26,-21]],[[2499,2118],[-37,-51]],[[2462,2067],[-25,-10]],[[2437,2057],[-8,2]],[[2429,2059],[-3,9],[-37,22]],[[2252,2471],[13,8],[34,3]],[[2299,2482],[17,4],[24,-11],[-4,-11]],[[2336,2464],[-6,-6],[5,-17],[-7,-9]],[[2328,2432],[-33,-16]],[[2295,2416],[-5,2]],[[2290,2418],[-25,0],[-18,16]],[[2336,2464],[40,7]],[[2380,2423],[-15,-4],[-24,5],[-13,8]],[[2309,2494],[-10,-12]],[[3005,2289],[12,-17]],[[3017,2272],[-53,-21],[5,-8],[-8,-14],[-18,-12]],[[2943,2217],[-18,6],[-23,-2],[3,13],[-18,11]],[[2887,2245],[16,0],[14,25],[38,4],[32,11]],[[2987,2285],[18,4]],[[2887,2245],[-31,-1],[-13,-5]],[[2847,2288],[8,-2],[39,12]],[[2894,2298],[3,-9],[27,-3],[3,20],[35,-2],[26,5],[-1,-24]],[[2943,2217],[1,-5],[-29,-10],[19,-10],[-9,-16]],[[2925,2176],[-36,-3]],[[2889,2173],[-33,3],[-13,17]],[[2843,2193],[14,10],[-39,28]],[[2843,2193],[-57,-15],[-33,-15]],[[2753,2163],[-25,24]],[[2974,2325],[20,-4]],[[2994,2321],[16,-4],[-5,-28]],[[2894,2298],[29,10],[0,6],[51,11]],[[3017,2272],[38,-36]],[[3055,2236],[15,-14],[-25,-29]],[[3045,2193],[-9,-10],[-25,-11]],[[3011,2172],[-36,-16],[-30,19],[-20,1]],[[2705,2222],[-12,6],[-20,23],[9,7]],[[2682,2258],[34,9]],[[2716,2267],[23,-25]],[[2599,2303],[14,4],[52,-14],[-23,-15],[-1,-18],[41,-2]],[[2570,2329],[4,2],[50,-4],[21,4],[21,-8],[27,0]],[[2693,2323],[-19,-29],[35,-5],[7,-22]],[[2693,2323],[38,-2]],[[2731,2321],[21,11]],[[2752,2332],[12,0],[13,-19]],[[2777,2313],[-1,-3],[37,-40]],[[2935,2349],[-53,-8],[-10,-7],[-48,-17],[-47,-4]],[[2752,2332],[22,22]],[[2774,2354],[3,1]],[[2777,2355],[5,1]],[[2782,2356],[46,23]],[[2957,2344],[-10,-13],[27,-6]],[[2869,2728],[-30,-5],[-36,-1],[-10,-14],[-24,0],[2,18],[10,16],[15,9],[135,6],[45,4],[-7,-10],[-51,-11],[-21,-12],[-28,0]],[[2701,2723],[1,-2]],[[2731,2321],[-2,12],[-28,3],[-16,16],[1,11],[32,7],[10,15],[25,-2],[21,-29]],[[2777,2355],[5,1]],[[2586,2372],[57,27]],[[2643,2399],[12,5],[36,2]],[[2691,2406],[45,0],[11,-4]],[[2320,2259],[-25,-1]],[[2295,2258],[-25,17]],[[2270,2275],[-6,3]],[[2264,2278],[-7,11],[29,22]],[[2286,2311],[13,-6],[26,0],[28,-15],[22,15]],[[2375,2265],[-39,3],[-16,-9]],[[1893,2654],[0,-26],[6,-5]],[[1899,2623],[-36,-9],[-31,-18],[-39,10],[43,38],[57,10]],[[1802,2546],[-1,-1]],[[1801,2545],[1,1]],[[1942,2626],[-7,-6],[-36,3]],[[1893,2654],[46,7]],[[1939,2661],[3,-35]],[[1971,2630],[-29,-4]],[[1939,2661],[18,2]],[[1957,2663],[6,-18]],[[1963,2645],[8,-15]],[[1992,2635],[-21,-5]],[[1963,2645],[29,-10]],[[2007,2671],[7,-24]],[[2014,2647],[-22,-12]],[[1957,2663],[50,8]],[[2007,2671],[114,22],[34,5],[41,-5],[-10,-9],[-35,-6],[-28,-9],[-6,-9],[-20,-6],[-48,1],[-35,-8]],[[1704,2543],[-30,-12],[-60,-16],[-17,-21],[-22,-7],[1,-9],[-24,-13],[-36,-1],[-18,-9],[-2,18],[70,28],[36,20],[66,27],[38,10],[34,-3],[-8,-10],[-28,-2]],[[1801,2545],[-30,-10],[-1,14],[32,-3]],[[2686,2117],[-24,-12],[-22,-4]],[[2640,2101],[-27,31],[45,10]],[[2658,2142],[28,-25]],[[2640,2101],[-20,-4]],[[2620,2097],[-28,26],[13,6],[-73,16]],[[2693,2171],[12,-13],[-21,-12],[-26,-4]],[[2620,2097],[-5,-4]],[[2615,2093],[-31,-7]],[[2584,2086],[-30,19],[-55,13]],[[2584,2086],[-18,-12]],[[2566,2074],[-12,-8]],[[2554,2066],[-23,19],[-38,2],[-5,-15],[-26,-5]],[[2554,2066],[-33,-15]],[[2521,2051],[-40,5],[-19,11]],[[2753,2163],[-7,-3]],[[2746,2160],[-19,-6],[-17,-15],[-2,-12],[-19,-9]],[[2689,2118],[-3,-1]],[[2689,2118],[14,-29]],[[2703,2089],[-1,-13],[-29,-11]],[[2673,2065],[-6,8],[-27,-6],[-12,5],[-13,21]],[[2746,2160],[37,-46]],[[2783,2114],[-21,-10]],[[2762,2104],[-39,-15],[-20,0]],[[2802,2123],[-19,-9]],[[2889,2173],[-5,-5]],[[2884,2168],[-13,-8]],[[2871,2160],[-28,-22]],[[2843,2138],[-41,-15]],[[2149,2250],[6,-5],[-21,-24]],[[2134,2221],[-26,8],[-12,-10],[10,-23],[-57,-33]],[[2049,2163],[-6,26],[11,25],[-15,39],[10,8]],[[2049,2261],[22,-23],[20,5]],[[2091,2243],[29,-3],[28,10]],[[2148,2250],[1,0]],[[2134,2221],[61,-18]],[[2195,2203],[11,-6]],[[2206,2197],[-53,-21],[-34,-23]],[[2119,2153],[-41,-15],[-36,-4],[-22,1],[-9,13]],[[2011,2148],[32,8],[6,7]],[[2119,2153],[21,-25]],[[2140,2128],[-21,-9],[-44,6],[8,-24]],[[2083,2101],[-15,-3],[-28,9],[-44,29],[15,12]],[[3213,2250],[1,-5]],[[3214,2245],[-10,-12]],[[3204,2233],[-10,11]],[[3194,2244],[19,6]],[[3194,2244],[-13,0]],[[3181,2244],[-7,4]],[[3174,2248],[18,11],[21,-9]],[[3174,2248],[-1,1]],[[3173,2249],[25,24],[25,0],[20,7]],[[3243,2280],[0,-21]],[[3243,2259],[-29,-14]],[[3248,2258],[-19,-11],[10,-7],[-18,-16],[-16,-5]],[[3205,2219],[-1,14]],[[3243,2259],[5,-1]],[[3205,2219],[-26,6],[-11,18]],[[3168,2243],[13,1]],[[3245,2283],[28,-7]],[[3273,2276],[-1,-10],[-19,-11]],[[3253,2255],[-5,3]],[[3243,2280],[2,3]],[[3243,2312],[7,-14]],[[3250,2298],[-5,-15]],[[3173,2249],[-11,9],[-18,-2],[5,-15],[19,2]],[[3253,2255],[-7,-22],[-20,-15]],[[3226,2218],[-23,-21]],[[3203,2197],[-18,8],[-7,-22],[-27,14]],[[3151,2197],[-20,7]],[[3131,2204],[8,29],[-9,22]],[[3130,2255],[18,5],[-10,21],[4,8]],[[3142,2289],[5,7]],[[3147,2296],[19,0],[23,-11],[8,24],[15,1]],[[3212,2310],[31,2]],[[3352,1878],[-7,7]],[[3345,1885],[-2,15]],[[3343,1900],[11,4],[18,23]],[[3372,1927],[18,1],[13,-12],[23,-2]],[[3426,1914],[3,-12]],[[3429,1902],[-45,-7],[-32,-17]],[[3343,1900],[-15,3]],[[3328,1903],[-30,9]],[[3298,1912],[20,16]],[[3318,1928],[54,-1]],[[3298,1912],[-27,8]],[[3271,1920],[3,9]],[[3274,1929],[44,-1]],[[3461,1914],[3,-16]],[[3464,1898],[-35,4]],[[3426,1914],[35,0]],[[3504,1900],[-24,2],[-16,-4]],[[3461,1914],[0,5],[36,7]],[[3497,1926],[7,-26]],[[3483,1950],[9,-3]],[[3492,1947],[5,-21]],[[3274,1929],[-2,12]],[[3272,1941],[84,18],[-5,4],[10,22],[38,8],[22,-4]],[[3421,1989],[12,-35],[50,-4]],[[3406,2003],[15,-14]],[[3272,1941],[0,22],[-34,0],[-9,23]],[[3229,1986],[21,19]],[[3250,2005],[8,8]],[[3258,2013],[76,0],[22,11],[37,-10],[13,-11]],[[3406,2003],[-2,21],[9,40],[-21,28],[-22,12]],[[3370,2104],[-13,14]],[[3357,2118],[21,11]],[[3378,2129],[16,-16]],[[3394,2113],[14,-13],[51,-24]],[[3459,2076],[33,-21]],[[3492,2055],[-18,-25],[8,-19],[-7,-17]],[[3475,1994],[-7,-13],[15,-31]],[[3258,2013],[23,20]],[[3281,2033],[4,3]],[[3285,2036],[18,15],[14,-4],[19,17],[0,14]],[[3336,2078],[13,8],[-3,11],[24,7]],[[3525,1987],[-39,-4]],[[3486,1983],[-11,11]],[[3492,2055],[20,15]],[[3512,2070],[41,15]],[[3553,2085],[42,-22]],[[3595,2063],[14,-19],[2,-14]],[[3611,2030],[10,-16]],[[3621,2014],[-31,-10]],[[3590,2004],[-16,16],[17,16],[-9,13],[-30,-12],[3,17],[-31,-1],[7,-26],[-15,-19],[-23,-7],[32,-14]],[[3551,1993],[-2,2]],[[3549,1995],[-14,13],[16,4],[16,-9]],[[3567,2003],[2,-5]],[[3569,1998],[-18,-5]],[[3629,2066],[-34,-3]],[[3553,2085],[3,1]],[[3556,2086],[36,13],[17,15],[48,9]],[[3690,2114],[-73,-28],[12,-20]],[[3714,2089],[-31,-17],[-54,-6]],[[3735,2088],[-21,-28],[-3,-30]],[[3711,2030],[-56,-2],[-44,2]],[[3711,2030],[-5,-57]],[[3706,1973],[-42,10]],[[3664,1983],[-1,20],[-21,1],[-12,-12]],[[3630,1992],[-10,9],[1,13]],[[3567,2003],[23,1]],[[3630,1992],[2,-7],[-33,-17]],[[3599,1968],[-30,30]],[[3531,1944],[-3,-11],[-28,13]],[[3500,1946],[-14,37]],[[3525,1987],[3,0]],[[3528,1987],[17,-12]],[[3545,1975],[-3,-14],[-18,2],[-3,-15],[10,-4]],[[3545,1975],[16,4],[-10,14]],[[3599,1968],[-9,-26],[12,-11]],[[3602,1931],[-10,-5]],[[3592,1926],[-61,18]],[[3665,1928],[-63,3]],[[3664,1983],[-2,-28],[3,-27]],[[3706,1973],[-5,-46]],[[3701,1927],[-36,1]],[[3558,1892],[-19,9],[-35,-1]],[[3492,1947],[8,-1]],[[3592,1926],[-2,-14]],[[3590,1912],[-9,-10],[-23,-10]],[[3549,1995],[-21,-8]],[[3590,1912],[76,-7],[32,1]],[[3698,1906],[0,-12],[-14,-11],[-29,4],[-37,9],[-38,-8],[-22,4]],[[3701,1927],[-3,-21]],[[3271,1920],[-14,4],[-34,-5]],[[3223,1919],[-33,-5]],[[3190,1914],[-18,1]],[[3172,1915],[1,7],[-29,1]],[[3144,1923],[-17,11],[1,10]],[[3128,1944],[10,17],[-35,1],[-10,-5]],[[3093,1957],[-15,-1]],[[3078,1956],[-9,16],[-13,-3]],[[3056,1969],[7,12],[-6,10]],[[3057,1991],[7,4]],[[3064,1995],[31,10],[17,-23],[57,-5],[-7,14],[-17,-5],[-23,4],[11,31]],[[3133,2021],[12,-2]],[[3145,2019],[10,-7],[53,4]],[[3208,2016],[-4,-9]],[[3204,2007],[-4,-12],[29,-9]],[[3089,2036],[8,15]],[[3097,2051],[23,-5]],[[3120,2046],[18,-10],[-5,-15]],[[3064,1995],[-12,20]],[[3052,2015],[37,12],[0,9]],[[3128,1944],[-23,-1]],[[3105,1943],[-12,14]],[[3078,1956],[-31,-1]],[[3047,1955],[9,14]],[[3190,1914],[-19,-9]],[[3171,1905],[1,10]],[[2866,1933],[-27,-3]],[[2839,1930],[-14,-5],[-19,5],[-5,12]],[[2801,1942],[-2,0]],[[2799,1942],[17,11],[2,13],[26,13]],[[2844,1979],[17,19],[12,-6]],[[2873,1992],[-13,-21],[-1,-18],[40,2]],[[2899,1955],[-20,-6],[5,-13],[-18,-3]],[[2799,1942],[-36,58]],[[2763,2000],[12,9],[24,4],[16,10]],[[2815,2023],[29,-44]],[[2916,1956],[13,-7],[-3,-15]],[[2926,1934],[-14,-2],[-4,-14]],[[2908,1918],[-42,15]],[[2899,1955],[17,1]],[[2270,2378],[15,-5],[28,-20],[6,-26]],[[2319,2327],[-38,-10]],[[2281,2317],[-15,8],[-25,-6]],[[2241,2319],[-11,15],[-22,0],[-6,16],[-15,1]],[[2187,2351],[50,18],[21,-2],[12,11]],[[2187,2351],[-19,8],[19,18],[3,10]],[[2290,2418],[-17,-10],[-27,-1],[24,-29]],[[2398,2372],[-47,-2],[-15,7]],[[2336,2377],[8,9],[54,-6]],[[2344,2329],[-25,-2]],[[2295,2416],[4,-12],[28,-9],[9,-18]],[[3312,1600],[-10,0]],[[3302,1600],[-1,2]],[[3301,1602],[-6,7]],[[3295,1609],[20,3]],[[3315,1612],[-3,-12]],[[3312,1591],[-9,5]],[[3303,1596],[-1,4]],[[3312,1600],[37,-18]],[[3349,1582],[-12,-5]],[[3337,1577],[-7,3]],[[3330,1580],[-18,11]],[[3313,1617],[2,-5]],[[3295,1609],[-32,4]],[[3263,1613],[37,19]],[[3300,1632],[13,-15]],[[3314,1639],[27,5]],[[3341,1644],[16,-27]],[[3357,1617],[-16,1],[-26,-6]],[[3313,1617],[21,10],[-20,12]],[[3301,1602],[-14,-1]],[[3287,1601],[-10,-5]],[[3277,1596],[-36,-6]],[[3241,1590],[13,16]],[[3254,1606],[3,7]],[[3257,1613],[6,0]],[[3303,1596],[-16,5]],[[3312,1591],[-21,-1],[-14,6]],[[3363,1591],[-14,-9]],[[3357,1617],[1,-1]],[[3358,1616],[5,-25]],[[3300,1632],[6,7]],[[3306,1639],[8,0]],[[3330,1580],[-33,-1],[-2,-7],[-34,4]],[[3261,1576],[-14,8]],[[3247,1584],[-6,6]],[[3257,1613],[-4,3]],[[3253,1616],[-12,18]],[[3241,1634],[16,3]],[[3257,1637],[37,12],[12,-10]],[[3337,1577],[11,-9]],[[3348,1568],[-15,-10]],[[3333,1558],[-34,-13],[-31,-5]],[[3268,1540],[6,12],[-19,11],[6,13]],[[3409,1542],[-20,-8]],[[3389,1534],[-4,-1]],[[3385,1533],[-32,21],[-20,4]],[[3348,1568],[19,-15],[38,12],[4,-23]],[[3363,1591],[38,-9]],[[3401,1582],[15,-13],[28,-4]],[[3444,1565],[0,-1]],[[3444,1564],[-1,-6]],[[3443,1558],[-5,-2]],[[3438,1556],[-3,-6]],[[3435,1550],[-12,-3]],[[3423,1547],[-14,-5]],[[2906,1754],[-17,3],[1,14],[12,0],[4,-17]],[[2829,1773],[10,24]],[[2839,1797],[73,19],[15,-23]],[[2927,1793],[19,-23],[28,2]],[[2974,1772],[12,-40]],[[2986,1732],[0,-1]],[[2986,1731],[-65,-11],[-6,-5]],[[2915,1715],[-25,4]],[[2890,1719],[-3,24],[-45,-2]],[[2842,1741],[-27,28],[14,4]],[[2987,1803],[8,-13]],[[2995,1790],[8,-16],[-15,-4]],[[2988,1770],[-14,2]],[[2927,1793],[20,8],[40,2]],[[2890,1719],[-1,-5]],[[2889,1714],[-46,5]],[[2843,1719],[-14,12]],[[2829,1731],[13,10]],[[2843,1719],[-31,0],[-7,5]],[[2805,1724],[24,7]],[[2915,1715],[-3,-6]],[[2912,1709],[-23,5]],[[3023,1680],[-32,-5],[-27,6]],[[2964,1681],[-19,0]],[[2945,1681],[-24,16],[-9,12]],[[2986,1731],[-1,-24],[28,-7],[13,-11],[-3,-9]],[[2945,1847],[20,-4]],[[2965,1843],[22,-40]],[[2839,1797],[14,21],[-9,17]],[[2844,1835],[22,3]],[[2866,1838],[79,9]],[[2798,1509],[8,-3]],[[2806,1506],[2,-25]],[[2808,1481],[-10,-5]],[[2798,1476],[-32,26],[6,9]],[[2772,1511],[26,-2]],[[2787,1517],[11,-8]],[[2772,1511],[-7,8]],[[2765,1519],[22,-2]],[[2797,1517],[22,-2]],[[2819,1515],[30,-4]],[[2849,1511],[-13,-8]],[[2836,1503],[-13,5],[-10,-2]],[[2813,1506],[-7,0]],[[2787,1517],[10,0]],[[2765,1519],[-2,3]],[[2763,1522],[35,7]],[[2798,1529],[-1,-12]],[[2798,1529],[21,-14]],[[2836,1503],[-23,3]],[[2836,1503],[1,-1]],[[2837,1502],[20,-21]],[[2857,1481],[-49,0]],[[2849,1511],[21,7],[28,-5],[7,-11]],[[2905,1502],[-68,0]],[[2905,1502],[2,0]],[[2907,1502],[8,-9],[-2,-15]],[[2913,1478],[-10,1]],[[2903,1479],[-46,2]],[[2763,1522],[-19,29]],[[2744,1551],[7,-3],[61,11],[14,6]],[[2826,1565],[22,6],[29,-1]],[[2877,1570],[0,-6],[32,-13],[39,0]],[[2948,1551],[21,1]],[[2969,1552],[1,-12]],[[2970,1540],[1,-9]],[[2971,1531],[-3,-16],[-61,-13]],[[2971,1531],[42,-21],[11,-14]],[[3024,1496],[-31,-4],[-12,-15],[-41,-1],[-27,2]],[[3542,1478],[10,-4]],[[3552,1474],[-2,-11],[-19,-3]],[[3531,1460],[-14,11]],[[3517,1471],[5,5]],[[3522,1476],[20,2]],[[3554,1453],[-21,-3]],[[3533,1450],[-2,10]],[[3552,1474],[17,4]],[[3569,1478],[13,-2]],[[3582,1476],[-1,-12]],[[3581,1464],[-25,-2],[-2,-9]],[[3533,1450],[-32,2]],[[3501,1452],[-9,16]],[[3492,1468],[17,3]],[[3509,1471],[8,0]],[[3509,1471],[-11,15]],[[3498,1486],[24,-10]],[[3498,1486],[-29,12]],[[3469,1498],[15,6]],[[3484,1504],[15,-11],[60,-2]],[[3559,1491],[-17,-13]],[[3559,1491],[10,-13]],[[3554,1453],[-6,-15],[-25,-4],[-32,6],[10,12]],[[3460,1491],[9,7]],[[3492,1468],[-32,23]],[[3612,1478],[11,-7]],[[3623,1471],[-10,-18]],[[3613,1453],[-32,11]],[[3582,1476],[30,2]],[[3613,1453],[-20,-22],[-40,-4],[-21,-16]],[[3532,1411],[-62,10],[-22,-4]],[[3448,1417],[-39,24]],[[3409,1441],[-11,26],[12,18]],[[3410,1485],[20,0]],[[3430,1485],[14,-3]],[[3444,1482],[16,9]],[[3484,1504],[1,13],[-11,6]],[[3474,1523],[5,4]],[[3479,1527],[3,-1]],[[3482,1526],[28,-3],[12,8],[32,4]],[[3554,1535],[27,-1]],[[3581,1534],[11,-5]],[[3592,1529],[19,-11],[1,-26]],[[3612,1492],[0,-14]],[[3359,1413],[11,8]],[[3370,1421],[38,-6],[-6,-15],[-31,0],[-12,13]],[[3378,1408],[0,-7],[9,5],[-9,2]],[[3370,1421],[-7,17]],[[3363,1438],[43,4]],[[3406,1442],[3,-1]],[[3448,1417],[-12,-19],[-30,-30]],[[3406,1368],[-3,0]],[[3403,1368],[-45,-1],[-43,9]],[[3315,1376],[24,19],[-3,13]],[[3336,1408],[23,5]],[[3346,1449],[17,-11]],[[3336,1408],[-22,7]],[[3314,1415],[-23,8]],[[3291,1423],[35,24]],[[3326,1447],[20,2]],[[3532,1411],[-8,-5],[-9,-27],[-18,-10],[-32,-2],[-59,1]],[[3315,1376],[-11,3]],[[3304,1379],[12,11],[-2,25]],[[3291,1423],[-4,1]],[[3287,1424],[-20,15]],[[3267,1439],[51,9]],[[3318,1448],[8,-1]],[[3354,1456],[52,-14]],[[3346,1449],[8,7]],[[3281,1803],[-22,7],[-22,-5],[-15,10]],[[3222,1815],[6,12],[31,11],[14,1]],[[3273,1839],[19,4]],[[3292,1843],[9,-10]],[[3301,1833],[-15,-14],[-5,-16]],[[3281,1803],[-8,-17],[-45,4],[-19,-20]],[[3209,1770],[-2,-1]],[[3207,1769],[-24,5]],[[3183,1774],[-13,26]],[[3170,1800],[52,15]],[[3170,1800],[-23,26]],[[3147,1826],[11,10],[32,5],[-19,15]],[[3171,1856],[37,-1],[39,4]],[[3247,1859],[26,-20]],[[3326,1803],[-30,-5],[-15,5]],[[3301,1833],[21,-6],[17,15],[68,-28]],[[3407,1814],[-12,-5],[-27,3],[-10,-14],[-32,5]],[[3209,1770],[58,-22],[52,14],[18,23]],[[3337,1785],[10,-14],[-7,-35]],[[3340,1736],[-29,9],[-27,-24],[-30,-4]],[[3254,1717],[-17,13]],[[3237,1730],[15,13],[-49,20],[4,6]],[[3326,1803],[11,-18]],[[3171,1856],[-10,7]],[[3161,1863],[46,7],[55,20]],[[3262,1890],[10,-7]],[[3272,1883],[-25,-24]],[[3223,1919],[39,-29]],[[3161,1863],[0,1]],[[3161,1864],[-5,31]],[[3156,1895],[15,10]],[[3352,1878],[17,-13],[-8,-26],[46,-25]],[[3292,1843],[4,16],[45,16],[4,10]],[[3328,1903],[-53,-13],[-3,-7]],[[3147,1826],[-16,-7],[-51,0]],[[3080,1819],[-23,1],[-14,22]],[[3043,1842],[6,10],[35,14]],[[3084,1866],[28,9]],[[3112,1875],[49,-11]],[[2945,1847],[12,31]],[[2957,1878],[13,31]],[[2970,1909],[14,-5]],[[2984,1904],[23,-11],[12,-26],[9,-4],[25,8]],[[3053,1871],[21,7],[10,-12]],[[3043,1842],[-78,1]],[[3141,1688],[17,-32]],[[3158,1656],[-6,-11]],[[3152,1645],[-26,8],[-21,-11],[0,-14]],[[3105,1628],[-21,-2]],[[3084,1626],[-27,-2],[0,16],[-20,3]],[[3037,1643],[10,23],[-14,12]],[[3033,1678],[47,16]],[[3080,1694],[24,-14],[13,11]],[[3117,1691],[24,-3]],[[3105,1628],[7,-8],[26,0]],[[3138,1620],[16,-7]],[[3154,1613],[-21,-14],[-23,-23]],[[3110,1576],[-7,-6]],[[3103,1570],[-46,5]],[[3057,1575],[23,36],[4,15]],[[3152,1645],[4,-13]],[[3156,1632],[-18,-12]],[[2978,1596],[-1,9]],[[2977,1605],[8,15],[15,7]],[[3000,1627],[30,3],[7,13]],[[3057,1575],[-18,-2]],[[3039,1573],[-41,-5]],[[2998,1568],[-20,28]],[[3092,1711],[25,-20]],[[3080,1694],[12,17]],[[3239,1699],[1,-10],[-13,-7]],[[3227,1682],[-12,-9]],[[3215,1673],[-10,23]],[[3205,1696],[34,3]],[[3215,1673],[3,-6]],[[3218,1667],[-60,-11]],[[3141,1688],[29,2],[19,10]],[[3189,1700],[16,-4]],[[3434,1512],[-2,0]],[[3432,1512],[1,5]],[[3433,1517],[9,2]],[[3442,1519],[2,-7]],[[3444,1512],[-4,-1]],[[3440,1511],[-6,1]],[[3422,1533],[26,0]],[[3448,1533],[6,-2]],[[3454,1531],[-12,-12]],[[3433,1517],[-11,16]],[[3454,1531],[25,-4]],[[3474,1523],[-7,-2]],[[3467,1521],[-23,-9]],[[3454,1531],[16,15]],[[3470,1546],[24,-11],[-12,-9]],[[3452,1506],[-12,5]],[[3467,1521],[3,-15],[-18,0]],[[3430,1485],[-2,21],[6,6]],[[3452,1506],[-8,-24]],[[3410,1485],[-17,17]],[[3393,1502],[0,9]],[[3393,1511],[39,1]],[[3393,1511],[-2,4]],[[3391,1515],[23,11],[-25,8]],[[3423,1547],[9,-3]],[[3432,1544],[-10,-11]],[[3448,1533],[-16,11]],[[3435,1550],[3,6]],[[3443,1558],[23,-4]],[[3466,1554],[4,-8]],[[3371,1503],[22,-1]],[[3354,1456],[-10,11],[10,9],[12,26]],[[3366,1502],[5,1]],[[3391,1515],[-6,18]],[[3444,1564],[22,-10]],[[2570,1836],[-11,-19],[15,-25]],[[2574,1792],[3,-1]],[[2577,1791],[-30,-18],[-22,-4]],[[2525,1769],[-17,0]],[[2508,1769],[-9,24]],[[2499,1793],[0,3]],[[2499,1796],[-25,31],[8,5],[-8,18],[12,11]],[[2486,1861],[52,7]],[[2538,1868],[22,-5],[37,8],[32,4]],[[2629,1875],[5,-3]],[[2634,1872],[-1,-8],[-20,-20]],[[2613,1844],[-29,0],[-14,-8]],[[2570,1836],[44,7]],[[2614,1843],[11,-16]],[[2625,1827],[-24,-6],[24,-32]],[[2625,1789],[0,-1]],[[2625,1788],[-33,10],[-18,-6]],[[2660,1775],[10,-15]],[[2670,1760],[-27,-10]],[[2643,1750],[-31,-20]],[[2612,1730],[-12,24],[4,14]],[[2604,1768],[34,11]],[[2638,1779],[22,-4]],[[2625,1788],[13,-9]],[[2604,1768],[-6,15],[-21,8]],[[2613,1844],[1,-1]],[[2612,1730],[-24,2]],[[2588,1732],[-21,-8],[-16,24],[-26,21]],[[2672,1781],[-12,-6]],[[2625,1789],[24,6]],[[2649,1795],[24,-7],[-1,-7]],[[2655,1836],[20,-27]],[[2675,1809],[-26,-14]],[[2625,1827],[30,9]],[[3649,1489],[-37,3]],[[3592,1529],[11,6],[66,1]],[[3669,1536],[10,-21]],[[3679,1515],[-16,-4],[-14,-22]],[[3649,1489],[1,-11]],[[3650,1478],[-27,-7]],[[3679,1515],[29,-24],[-27,-13],[-31,0]],[[3603,1597],[13,-9],[33,-3],[50,3]],[[3699,1588],[-11,-21],[-20,-25],[1,-6]],[[3581,1534],[-3,7],[14,17],[0,11],[-12,14]],[[3580,1583],[23,14]],[[3714,1623],[0,-21],[-15,-14]],[[3603,1597],[10,33]],[[3613,1630],[37,-16],[64,9]],[[2347,1996],[63,-1],[40,3]],[[2450,1998],[14,-4],[-19,-19],[21,-7]],[[2466,1968],[-10,-10],[-1,-23]],[[2455,1935],[-38,-8]],[[2417,1927],[-35,-8],[-10,9]],[[2372,1928],[-29,24],[-6,0]],[[2337,1952],[1,44]],[[2338,1996],[9,0]],[[2504,2031],[60,-30]],[[2564,2001],[-14,-10],[-47,-8],[-11,-18],[-26,3]],[[2450,1998],[-3,14],[18,7],[-22,9],[10,14]],[[2453,2042],[8,-7],[43,-4]],[[2584,1967],[13,-13]],[[2597,1954],[10,-10],[-31,-19],[0,-5]],[[2576,1920],[-13,-2],[-29,11],[-13,13],[-41,-16]],[[2480,1926],[-25,9]],[[2564,2001],[20,-34]],[[2576,1920],[33,-3]],[[2609,1917],[15,-9]],[[2624,1908],[-18,-19],[-79,-16]],[[2527,1873],[-19,26],[-28,27]],[[2527,1873],[-52,-10],[-62,0]],[[2413,1863],[5,28],[-1,36]],[[2486,1861],[45,9],[7,-2]],[[2413,1863],[-108,0],[-10,2],[-23,23]],[[2272,1888],[29,4],[10,10],[61,26]],[[2272,1888],[-14,13]],[[2258,1901],[33,-1],[6,16],[-11,17],[-36,-1],[-15,-6]],[[2235,1926],[1,26]],[[2236,1952],[101,0]],[[2236,1952],[1,46]],[[2237,1998],[101,-2]],[[2429,2059],[-33,-16],[-51,-3],[2,-44]],[[2237,1998],[2,18],[63,62],[53,10]],[[2437,2057],[16,-15]],[[3528,1571],[15,12],[31,0]],[[3574,1583],[6,0]],[[3554,1535],[-18,9],[-34,5],[1,7],[25,15]],[[3033,1761],[-10,3]],[[3023,1764],[17,4],[13,16],[26,-5],[-11,-23],[-14,-7],[-21,12]],[[3183,1774],[-18,-4],[-15,-14],[-2,-15]],[[3148,1741],[-2,-9],[-51,-11]],[[3095,1721],[0,6],[-53,12],[-22,-8],[-9,5]],[[3011,1736],[22,25]],[[3023,1764],[-35,6]],[[2995,1790],[10,7],[58,13],[17,9]],[[3011,1736],[-25,-4]],[[3095,1721],[-3,-10]],[[3033,1678],[-10,2]],[[3237,1730],[-61,9]],[[3176,1739],[-28,2]],[[2936,1633],[-36,1],[15,10],[16,-7]],[[2931,1637],[5,-4]],[[2936,1633],[3,-21]],[[2939,1612],[-24,-3],[-20,-9],[-20,0]],[[2875,1600],[5,35],[-8,6]],[[2872,1641],[-8,17]],[[2864,1658],[9,15]],[[2873,1673],[72,8]],[[2964,1681],[-4,-22]],[[2960,1659],[-29,-22]],[[2978,1596],[-15,-3],[-12,-15],[6,-9],[-9,-18]],[[2877,1570],[-10,26]],[[2867,1596],[8,4]],[[2939,1612],[38,-7]],[[3000,1627],[-11,15],[-17,3],[-12,14]],[[2839,1602],[-8,13],[12,6],[1,12]],[[2844,1633],[28,8]],[[2867,1596],[-28,6]],[[2998,1568],[-29,-16]],[[2854,1709],[-11,10]],[[2873,1673],[-10,2]],[[2863,1675],[-14,11],[22,9],[-17,14]],[[2854,1709],[-4,-8],[-31,0],[-24,10]],[[2795,1711],[-2,10]],[[2793,1721],[12,3]],[[2863,1675],[-43,6],[-23,22]],[[2797,1703],[-2,8]],[[2833,1883],[-6,5]],[[2827,1888],[-3,2]],[[2824,1890],[38,6],[14,-14],[-12,-5],[-18,10],[-13,-4]],[[2836,1834],[-1,0]],[[2835,1834],[-16,4]],[[2819,1838],[-3,45],[11,5]],[[2833,1883],[5,-3]],[[2838,1880],[-3,-16],[14,-8],[-13,-22]],[[2819,1838],[-29,-3]],[[2790,1835],[-11,-1],[-21,24],[0,29],[-19,-1]],[[2739,1886],[7,20]],[[2746,1906],[33,-1],[34,-7],[11,-8]],[[2838,1880],[18,-12],[26,-7]],[[2882,1861],[-16,-23]],[[2844,1835],[-8,-1]],[[2746,1906],[16,12]],[[2762,1918],[32,16],[7,8]],[[2839,1930],[2,-9],[29,0],[23,-9]],[[2893,1912],[16,-23],[-26,-15]],[[2883,1874],[-1,-13]],[[2957,1878],[-9,0],[-23,-17],[-34,15],[-8,-2]],[[2893,1912],[15,6]],[[2908,1918],[23,-5],[34,7],[5,-11]],[[2790,1835],[0,-1]],[[2790,1834],[-17,-3],[-9,15],[-16,8]],[[2748,1854],[1,11],[-10,21]],[[3399,1713],[18,-3],[47,0]],[[3464,1710],[-1,-7],[-35,-16],[22,-15],[9,-19]],[[3459,1653],[2,-9]],[[3461,1644],[-17,0],[-21,-11]],[[3423,1633],[-33,8]],[[3390,1641],[-16,2]],[[3374,1643],[13,12],[15,5],[12,20],[-10,15],[-14,7]],[[3390,1702],[9,11]],[[3423,1633],[2,-23]],[[3425,1610],[-24,-28]],[[3358,1616],[15,19],[17,6]],[[3341,1644],[33,-1]],[[3338,1701],[17,-8],[31,3],[4,6]],[[3341,1644],[-29,23],[5,6]],[[3317,1673],[-1,2]],[[3316,1675],[3,19],[12,3]],[[3331,1697],[7,4]],[[3360,1728],[39,-15]],[[3338,1701],[22,27]],[[3589,1687],[2,-4]],[[3591,1683],[-2,0]],[[3589,1683],[-56,-1],[-38,-5],[-2,-12]],[[3493,1665],[-19,-1],[-15,-11]],[[3464,1710],[32,0],[8,-9],[80,-16],[5,2]],[[3493,1665],[11,-7],[1,-44],[-7,-4]],[[3498,1610],[-39,5]],[[3459,1615],[12,9],[-10,20]],[[3459,1615],[-2,-1]],[[3457,1614],[-32,-4]],[[2258,1901],[-23,10],[0,15]],[[3254,1606],[-34,-2],[-5,12],[31,6],[7,-6]],[[3247,1584],[-14,1]],[[3233,1585],[-33,7],[-46,21]],[[3156,1632],[47,-2],[36,7]],[[3239,1637],[2,-3]],[[3223,1660],[16,-23]],[[3218,1667],[5,-7]],[[3215,1534],[-9,9],[19,6],[2,-14],[-12,-1]],[[3268,1540],[-21,-19]],[[3247,1521],[-30,-2],[-21,14]],[[3196,1533],[-4,37]],[[3192,1570],[24,-4],[14,8],[3,11]],[[3192,1570],[-12,-4]],[[3180,1566],[-6,1]],[[3174,1567],[-1,2]],[[3173,1569],[-2,3]],[[3171,1572],[-61,4]],[[2743,1763],[-15,-2]],[[2728,1761],[3,4]],[[2731,1765],[12,-2]],[[2731,1765],[-5,2]],[[2726,1767],[12,6]],[[2738,1773],[20,3]],[[2758,1776],[3,-8]],[[2761,1768],[-15,-6]],[[2746,1762],[-3,1]],[[2761,1768],[12,-16]],[[2773,1752],[-4,-2]],[[2769,1750],[-23,12]],[[2769,1750],[-20,-1]],[[2749,1749],[-29,4]],[[2720,1753],[8,8]],[[2720,1753],[-12,3]],[[2708,1756],[18,11]],[[2708,1756],[-11,-6]],[[2697,1750],[-10,4]],[[2687,1754],[21,15]],[[2708,1769],[5,6]],[[2713,1775],[13,-8]],[[2687,1754],[-17,6]],[[2672,1781],[23,-4],[13,-8]],[[2675,1809],[30,8],[27,-15]],[[2732,1802],[-16,-16]],[[2716,1786],[-3,-11]],[[2716,1786],[10,-2]],[[2726,1784],[12,-11]],[[2726,1784],[11,8],[18,-4],[3,-12]],[[2732,1802],[14,15],[14,-10],[23,-5],[26,13],[-19,19]],[[2835,1834],[-31,-46],[-18,-9],[-28,-3]],[[2829,1773],[-17,-2],[-39,-19]],[[2793,1721],[-21,14]],[[2772,1735],[-23,14]],[[2749,1749],[-2,-11],[8,-16]],[[2755,1722],[-13,-2]],[[2742,1720],[-37,18]],[[2705,1738],[-8,12]],[[2772,1735],[-17,-13]],[[2797,1703],[-15,-11],[-30,-1]],[[2752,1691],[-7,13]],[[2745,1704],[-3,16]],[[2706,1114],[-10,4]],[[2696,1118],[4,22],[-21,19],[-17,6]],[[2662,1165],[18,-1]],[[2680,1164],[47,-1]],[[2727,1163],[18,-22]],[[2745,1141],[34,-6],[8,-16],[22,-8],[0,-21],[-30,6],[-47,5],[-26,13]],[[2696,1118],[-9,2]],[[2687,1120],[-14,8],[-9,17],[-35,17]],[[2629,1162],[33,3]],[[3246,1219],[-6,-11],[2,-25]],[[3242,1183],[-26,1],[-10,-14],[4,-13],[29,10],[3,10]],[[3242,1177],[39,5]],[[3281,1182],[30,-19]],[[3311,1163],[-31,-10],[-52,-10],[-30,-12],[-14,1],[-27,-10]],[[3157,1122],[-6,5],[16,24],[-13,9],[-36,-9]],[[3118,1151],[-4,6]],[[3114,1157],[17,5],[16,33],[12,2],[10,18]],[[3169,1215],[21,7]],[[3190,1222],[56,-3]],[[3281,1212],[-10,-13],[10,-17]],[[3242,1177],[0,6]],[[3246,1219],[35,-7]],[[3157,1122],[-15,-11],[-36,-7]],[[3106,1104],[20,23],[-8,24]],[[2613,1467],[-1,0]],[[2612,1467],[8,-8]],[[2620,1459],[-20,-1]],[[2600,1458],[-3,12]],[[2597,1470],[16,-3]],[[2600,1458],[-30,-15]],[[2570,1443],[-2,0]],[[2568,1443],[-33,16],[11,8],[-3,12]],[[2543,1479],[29,-2]],[[2572,1477],[25,-7]],[[2600,1458],[4,-35]],[[2604,1423],[-11,1]],[[2593,1424],[-13,5],[-27,-2],[17,16]],[[2620,1459],[14,-29]],[[2634,1430],[-9,-6]],[[2625,1424],[-21,-1]],[[2620,1459],[41,-10]],[[2661,1449],[4,-11],[-31,-8]],[[2659,1478],[6,-14],[-4,-15]],[[2612,1467],[16,-3],[31,14]],[[2613,1467],[7,28]],[[2620,1495],[28,5],[11,-22]],[[2572,1477],[13,10],[35,8]],[[2392,1518],[60,2],[41,-1]],[[2493,1519],[10,-13]],[[2503,1506],[19,-22]],[[2522,1484],[-28,-3],[-39,-14],[7,-10],[-27,-10]],[[2435,1447],[-42,-3],[-20,14],[11,12],[-16,23]],[[2368,1493],[35,5],[-11,20]],[[2568,1443],[-15,-4],[-30,4],[-18,-13],[3,-25],[-6,-7]],[[2502,1398],[-50,2]],[[2452,1400],[-8,27],[10,8],[-19,12]],[[2522,1484],[21,-5]],[[2503,1394],[-1,4]],[[2593,1424],[-12,-2],[-8,-21],[20,-39]],[[2593,1362],[0,-13]],[[2593,1349],[-40,0],[-27,6],[-19,20],[-4,19]],[[2694,1374],[-16,-16],[-5,-14],[-22,-21]],[[2651,1323],[-19,5],[-34,-6]],[[2598,1322],[-10,5]],[[2588,1327],[5,22]],[[2593,1362],[18,2],[40,20],[11,2]],[[2662,1386],[21,7]],[[2683,1393],[27,11]],[[2710,1404],[7,-7]],[[2717,1397],[1,-4]],[[2718,1393],[-4,-9]],[[2714,1384],[-20,-10]],[[2625,1424],[1,-11],[36,-27]],[[2634,1430],[10,-16],[28,-10],[11,-11]],[[2659,1478],[17,3]],[[2676,1481],[13,-11],[21,-66]],[[2503,1506],[18,9],[43,7]],[[2564,1522],[107,5],[8,-8]],[[2679,1519],[-8,-20],[5,-18]],[[2557,1227],[-3,-3]],[[2554,1224],[-19,8]],[[2535,1232],[1,3]],[[2536,1235],[17,0]],[[2553,1235],[4,-8]],[[2569,1233],[-12,-6]],[[2553,1235],[3,0]],[[2556,1235],[8,-1]],[[2564,1234],[5,-1]],[[2569,1233],[1,-1]],[[2570,1232],[27,-11]],[[2597,1221],[4,-2]],[[2601,1219],[-9,-11],[6,-11]],[[2598,1197],[-20,12]],[[2578,1209],[-24,15]],[[2570,1232],[14,4]],[[2584,1236],[13,-15]],[[2632,1223],[-31,-4]],[[2584,1236],[13,7]],[[2597,1243],[35,-20]],[[2561,1242],[-5,-7]],[[2553,1235],[-3,5]],[[2550,1240],[11,2]],[[2561,1242],[3,0]],[[2564,1242],[10,0]],[[2574,1242],[-10,-8]],[[2574,1242],[7,5]],[[2581,1247],[7,4]],[[2588,1251],[4,2]],[[2592,1253],[2,-4]],[[2594,1249],[3,-6]],[[2550,1240],[-10,15]],[[2540,1255],[16,2]],[[2556,1257],[8,-15]],[[2581,1247],[-5,7],[8,3],[4,-6]],[[2556,1257],[28,3]],[[2584,1260],[8,-7]],[[2536,1235],[-17,8]],[[2519,1243],[-5,2]],[[2514,1245],[26,10]],[[2514,1245],[-8,0]],[[2506,1245],[-45,5]],[[2461,1250],[-16,3],[10,20]],[[2455,1273],[25,23],[12,5],[49,-2],[11,12],[36,16]],[[2598,1322],[-19,-25],[5,-37]],[[2535,1232],[-8,0]],[[2527,1232],[-8,11]],[[2527,1232],[-14,-8]],[[2513,1224],[-7,21]],[[2554,1224],[-6,-6]],[[2548,1218],[-5,-4]],[[2543,1214],[-4,-2]],[[2539,1212],[-18,3]],[[2521,1215],[-25,2]],[[2496,1217],[1,2]],[[2497,1219],[16,5]],[[2578,1209],[-5,-5]],[[2573,1204],[-25,14]],[[2573,1204],[-13,-4]],[[2560,1200],[-17,14]],[[2560,1200],[-7,-4]],[[2553,1196],[-22,12]],[[2531,1208],[8,4]],[[2531,1208],[-10,-9]],[[2521,1199],[-12,3]],[[2509,1202],[12,13]],[[2509,1202],[-15,2]],[[2494,1204],[2,13]],[[2521,1199],[0,-11]],[[2521,1188],[-26,5]],[[2495,1193],[-1,11]],[[2553,1196],[-9,-14]],[[2544,1182],[-4,1]],[[2540,1183],[-19,5]],[[2495,1193],[-23,1],[0,9]],[[2472,1203],[6,20]],[[2478,1223],[19,-4]],[[2278,1423],[-5,-30],[26,-11]],[[2299,1382],[-79,-12],[-16,1],[-12,-17]],[[2192,1354],[-18,-3]],[[2174,1351],[-17,0],[-21,9]],[[2136,1360],[-8,4]],[[2128,1364],[25,23],[-12,9]],[[2141,1396],[37,-5],[7,22],[23,5],[70,5]],[[2275,1458],[25,11]],[[2300,1469],[14,-11],[-17,-28],[-19,-7]],[[2141,1396],[-17,4]],[[2124,1400],[-2,16]],[[2122,1416],[5,16]],[[2127,1432],[11,4]],[[2138,1436],[25,6],[13,-3],[10,-14],[16,2],[18,18],[20,2],[29,-3],[6,14]],[[2452,1400],[-35,1],[-13,-5],[-42,-1],[2,-7],[-38,-7]],[[2326,1381],[-27,1]],[[2300,1469],[23,6],[3,16]],[[2326,1491],[42,2]],[[2403,1130],[49,-8]],[[2452,1122],[-11,-14],[-19,-6],[3,-11]],[[2425,1091],[-18,-10]],[[2407,1081],[-47,7]],[[2360,1088],[14,20],[19,1],[10,21]],[[2389,1133],[14,-3]],[[2360,1088],[-9,1]],[[2351,1089],[-25,9]],[[2326,1098],[17,-1],[35,37]],[[2378,1134],[11,-1]],[[2452,1122],[8,-3]],[[2460,1119],[8,-4]],[[2468,1115],[-9,-16]],[[2459,1099],[-34,-8]],[[2349,1142],[29,-8]],[[2326,1098],[-16,17]],[[2310,1115],[17,30]],[[2327,1145],[22,-3]],[[2786,1394],[-51,-7],[-15,-5]],[[2720,1382],[-6,2]],[[2718,1393],[29,8],[62,11],[18,-1]],[[2827,1411],[-26,-3],[-15,-14]],[[2805,1395],[-12,-13],[-40,-8]],[[2753,1374],[-33,8]],[[2786,1394],[19,1]],[[2805,1395],[21,-12],[2,-10]],[[2828,1373],[7,-10],[21,-4],[4,-12]],[[2860,1347],[-11,-6],[-28,-1],[-16,-17]],[[2805,1323],[-57,15]],[[2748,1338],[-7,8],[34,5],[-8,18],[-14,5]],[[2805,1323],[-26,-15]],[[2779,1308],[-14,4],[-25,16]],[[2740,1328],[8,10]],[[2740,1328],[-13,3]],[[2727,1331],[4,14],[-12,17],[-25,12]],[[2727,1331],[-17,6],[-44,-21],[-18,-1]],[[2648,1315],[3,8]],[[1979,1130],[-30,15]],[[1949,1145],[-12,4],[-21,20],[7,13]],[[1923,1182],[44,4]],[[1967,1186],[28,-8]],[[1995,1178],[20,-31],[-37,-6],[1,-11]],[[1923,1182],[-26,2]],[[1897,1184],[-13,11],[28,20]],[[1912,1215],[41,-9]],[[1953,1206],[14,-20]],[[1995,1178],[26,3],[10,8]],[[2031,1189],[58,-4]],[[2089,1185],[12,-9]],[[2101,1176],[1,-3]],[[2102,1173],[-7,-1]],[[2095,1172],[-20,-3]],[[2075,1169],[-22,-8],[-11,-14]],[[2042,1147],[-61,-24]],[[1981,1123],[-2,7]],[[2198,1168],[-44,2],[-19,-3],[-33,6]],[[2101,1176],[24,21],[35,24]],[[2160,1221],[20,-4]],[[2180,1217],[15,-10],[34,-7]],[[2229,1200],[-11,-8],[-27,-1],[7,-23]],[[2115,1232],[5,0]],[[2120,1232],[40,-11]],[[2089,1185],[2,17],[13,2],[11,28]],[[2031,1189],[-49,21]],[[1982,1210],[24,10],[27,0]],[[2033,1220],[52,15],[30,-3]],[[1953,1206],[29,4]],[[1898,1220],[14,-5]],[[1897,1184],[-22,-11]],[[1875,1173],[-25,2],[-32,-5],[-34,4]],[[1784,1174],[7,8]],[[1791,1182],[31,35]],[[1822,1217],[33,-7],[17,15],[26,-5]],[[2766,1283],[25,8],[27,-3]],[[2818,1288],[-2,-21],[-13,-4],[-1,-14]],[[2802,1249],[-51,-4]],[[2751,1245],[16,13],[7,15],[-8,10]],[[2921,1216],[3,3]],[[2924,1219],[15,-1]],[[2939,1218],[4,-3]],[[2943,1215],[-4,-7]],[[2939,1208],[-10,4]],[[2929,1212],[-8,4]],[[2939,1218],[5,7],[27,13]],[[2971,1238],[-2,-13]],[[2969,1225],[-9,-8]],[[2960,1217],[-17,-2]],[[2940,1207],[-1,1]],[[2960,1217],[-20,-10]],[[2970,1184],[-17,9],[-13,14]],[[2969,1225],[27,-1],[37,-7],[11,14],[14,-9]],[[3058,1222],[-20,-21]],[[3038,1201],[-20,3],[-12,-9],[-21,1],[-15,-12]],[[2970,1184],[-6,0]],[[2964,1184],[-16,4]],[[2948,1188],[-12,5]],[[2936,1193],[-7,15]],[[2929,1208],[0,4]],[[2929,1208],[-39,0]],[[2890,1208],[-18,17]],[[2872,1225],[19,-1]],[[2891,1224],[30,-8]],[[2936,1193],[-31,-1]],[[2905,1192],[-9,0]],[[2896,1192],[-6,16]],[[2891,1224],[3,12]],[[2894,1236],[30,-17]],[[2894,1236],[27,-2],[13,8]],[[2934,1242],[24,1],[13,-5]],[[3038,1201],[-12,-11]],[[3026,1190],[-23,-18],[-25,3],[-14,9]],[[2896,1192],[-33,2],[-28,-4]],[[2835,1190],[-31,15],[-17,24]],[[2787,1229],[16,1]],[[2803,1230],[44,-1],[25,-4]],[[2310,1115],[-32,1],[0,-20],[-13,-6]],[[2265,1090],[-13,-5]],[[2252,1085],[-25,6]],[[2227,1091],[-8,22],[-24,-1]],[[2195,1112],[15,14],[9,15],[-34,-4]],[[2185,1137],[-12,7]],[[2173,1144],[38,7],[57,-3]],[[2268,1148],[59,-3]],[[2629,1162],[-11,11]],[[2618,1173],[-10,15]],[[2608,1188],[18,4],[5,29],[13,6]],[[2644,1227],[8,1]],[[2652,1228],[24,-8],[14,10],[19,-6]],[[2709,1224],[-9,-17],[5,-9],[-25,-34]],[[2302,1300],[12,4],[21,-15],[-10,-14]],[[2325,1275],[-14,2]],[[2311,1277],[0,18],[-9,5]],[[2311,1277],[-16,3]],[[2295,1280],[-3,20]],[[2292,1300],[10,0]],[[2295,1280],[-7,2]],[[2288,1282],[-28,5]],[[2260,1287],[5,8]],[[2265,1295],[27,5]],[[2265,1295],[-5,8],[32,-3]],[[2290,1273],[-2,9]],[[2325,1275],[3,-1]],[[2328,1274],[-24,-11]],[[2304,1263],[-14,10]],[[2304,1263],[-11,1]],[[2293,1264],[-3,9]],[[2293,1264],[-12,1]],[[2281,1265],[-7,2]],[[2274,1267],[16,6]],[[2274,1267],[-21,8],[7,12]],[[2281,1265],[-52,-2]],[[2229,1263],[3,20]],[[2232,1283],[12,12]],[[2244,1295],[6,22]],[[2250,1317],[30,5],[41,13]],[[2321,1335],[15,6],[21,-4],[15,-13]],[[2372,1324],[39,-29],[4,-12],[29,-12]],[[2444,1271],[-48,-1],[-13,-5]],[[2383,1265],[0,-1]],[[2383,1264],[-55,10]],[[2248,1243],[-16,15]],[[2232,1258],[-4,3]],[[2228,1261],[1,2]],[[2383,1264],[-17,-14]],[[2366,1250],[-35,-6],[-52,-3],[-31,2]],[[2202,1318],[3,9],[-13,27]],[[2326,1381],[12,-7]],[[2338,1374],[-10,-14],[-21,-6],[14,-19]],[[2250,1317],[-48,1]],[[2244,1295],[-31,2]],[[2213,1297],[-13,1]],[[2200,1298],[2,20]],[[2232,1283],[-22,6]],[[2210,1289],[3,8]],[[2369,1360],[-15,12],[-16,2]],[[2503,1394],[-51,-16],[-31,-18],[-27,4],[-25,-4]],[[2369,1360],[14,-4],[-1,-18],[-10,-14]],[[2455,1273],[-11,-2]],[[2484,1721],[36,-18],[-4,-6]],[[2516,1697],[2,-8]],[[2518,1689],[-27,-7]],[[2491,1682],[-31,-5],[-8,8]],[[2452,1685],[32,36]],[[2518,1689],[23,-18],[25,-30]],[[2566,1641],[-12,-4],[-36,-29]],[[2518,1608],[-26,13]],[[2492,1621],[-19,13]],[[2473,1634],[34,13],[-26,30],[10,5]],[[2399,1657],[53,28]],[[2473,1634],[-19,19],[-41,-8],[-14,12]],[[2565,1585],[-9,10],[14,15],[15,-4],[24,4],[18,13],[20,1]],[[2647,1624],[32,-12]],[[2679,1612],[-12,-5],[-11,-30],[-46,8],[-45,0]],[[2679,1612],[41,2]],[[2720,1614],[17,-7]],[[2737,1607],[-19,-7],[-2,-19]],[[2716,1581],[-21,-5],[-16,-27]],[[2679,1549],[-36,4],[-60,0]],[[2583,1553],[0,17],[-25,-6],[-11,7],[18,14]],[[2564,1522],[6,30],[13,1]],[[2679,1549],[6,-23]],[[2685,1526],[-6,-7]],[[2493,1519],[-10,35],[29,19],[11,12],[-16,17],[11,6]],[[2566,1641],[27,7]],[[2593,1648],[6,-5],[48,-19]],[[2265,1578],[7,-1],[48,-25]],[[2320,1552],[12,-17],[-41,-18]],[[2291,1517],[-28,9]],[[2263,1526],[-34,3],[-39,13]],[[2190,1542],[12,20],[16,14]],[[2218,1576],[1,0]],[[2219,1576],[32,-7],[14,9]],[[2326,1491],[-10,11],[-25,15]],[[2320,1552],[28,26]],[[2348,1578],[42,-10]],[[2390,1568],[-3,-30],[10,-5],[-5,-15]],[[1981,1123],[-11,-15]],[[1970,1108],[-19,-7],[-31,5],[-40,-1]],[[1880,1105],[20,26]],[[1900,1131],[16,7],[21,-3],[12,10]],[[1880,1105],[-31,-6]],[[1849,1099],[-53,-3]],[[1796,1096],[-3,14],[-13,12]],[[1780,1122],[20,10],[-1,12],[37,-17],[6,10],[22,-2],[21,7]],[[1885,1142],[15,-11]],[[1780,1122],[-20,5]],[[1760,1127],[-4,11]],[[1756,1138],[28,36]],[[1875,1173],[16,-25],[-6,-6]],[[3248,1301],[22,6]],[[3270,1307],[8,-3]],[[3278,1304],[8,-17],[-22,-11],[-30,4],[-5,7]],[[3229,1287],[19,14]],[[3190,1222],[-6,9],[2,18],[12,6],[-17,19]],[[3181,1274],[35,7],[13,6]],[[3278,1304],[11,10],[15,-13],[26,-8]],[[3330,1293],[0,-4]],[[3330,1289],[-30,-29],[-5,-13],[3,-23],[-17,-12]],[[3248,1301],[0,13]],[[3248,1314],[22,-7]],[[3165,1287],[16,-13]],[[3169,1215],[-32,5],[-27,7]],[[3110,1227],[8,10],[-14,34]],[[3104,1271],[18,11],[43,5]],[[2550,1078],[18,-11],[22,-7]],[[2590,1060],[31,-14],[-4,-5]],[[2617,1041],[-18,-4],[-9,-22],[-10,0],[-16,-15]],[[2564,1000],[-7,2]],[[2557,1002],[-21,25]],[[2536,1027],[-15,32]],[[2521,1059],[2,11],[27,8]],[[2595,997],[-15,-7]],[[2580,990],[-16,10]],[[2617,1041],[13,-9],[3,-17],[-38,-18]],[[2265,1601],[-1,-2]],[[2264,1599],[-5,-3]],[[2259,1596],[-5,1]],[[2254,1597],[11,5]],[[2265,1602],[0,-1]],[[2257,1613],[12,-6]],[[2269,1607],[3,-2]],[[2272,1605],[-7,-4]],[[2265,1602],[-9,10]],[[2278,1602],[-4,-3]],[[2274,1599],[-10,0]],[[2272,1605],[6,-3]],[[2274,1599],[-6,-4]],[[2268,1595],[-6,-4]],[[2262,1591],[-3,5]],[[2287,1592],[-14,-2]],[[2273,1590],[-5,5]],[[2278,1602],[9,-10]],[[2273,1590],[-9,-2]],[[2264,1588],[-2,3]],[[2264,1588],[-9,-2]],[[2255,1586],[7,5]],[[2255,1586],[-2,-5]],[[2253,1581],[-34,-5]],[[2218,1576],[36,21]],[[2264,1588],[-3,-8]],[[2261,1580],[-8,1]],[[2265,1580],[-4,0]],[[2287,1592],[2,0]],[[2289,1592],[-24,-12]],[[2278,1602],[27,4]],[[2305,1606],[0,-1]],[[2305,1605],[-7,-13]],[[2298,1592],[-9,0]],[[2265,1580],[0,-2]],[[2295,1615],[9,-4]],[[2304,1611],[1,-5]],[[2269,1607],[26,8]],[[2298,1592],[49,2]],[[2347,1594],[1,-16]],[[2304,1611],[1,-6]],[[2295,1615],[26,14]],[[2321,1629],[26,-35]],[[2665,1694],[7,10]],[[2672,1704],[24,14],[-9,12],[18,8]],[[2745,1704],[-42,-4],[-38,-6]],[[2672,1704],[3,25],[-32,21]],[[2753,1658],[20,-8]],[[2773,1650],[-10,-20]],[[2763,1630],[-37,-8],[-6,-8]],[[2593,1648],[43,28]],[[2636,1676],[68,-18],[49,0]],[[2636,1676],[29,18]],[[2752,1691],[10,-8],[-9,-25]],[[2467,1047],[12,8],[40,4]],[[2519,1059],[2,0]],[[2536,1027],[-26,-2],[-3,-19]],[[2507,1006],[-22,2]],[[2485,1008],[-22,-2]],[[2463,1006],[8,30],[-15,6]],[[2456,1042],[11,5]],[[2374,1021],[-2,1]],[[2372,1022],[11,5],[40,6],[20,11]],[[2443,1044],[13,-2]],[[2463,1006],[-31,-3]],[[2432,1003],[-21,-2]],[[2411,1001],[-9,2]],[[2402,1003],[-28,18]],[[3025,1417],[11,2]],[[3036,1419],[37,-2],[-9,-19],[-21,3],[-18,16]],[[3036,1419],[62,33]],[[3098,1452],[12,-2],[11,-17],[13,-5]],[[3134,1428],[-8,-21],[-17,-11]],[[3109,1396],[-7,-9],[-29,6],[-38,-13]],[[3035,1380],[-24,-7],[-11,12],[-30,2]],[[2970,1387],[-4,16]],[[2966,1403],[6,13]],[[2972,1416],[53,1]],[[2972,1416],[-8,45],[28,14],[20,17],[46,-2]],[[3058,1490],[13,-17],[27,-21]],[[3066,1346],[-32,16],[1,18]],[[3109,1396],[14,-5],[11,-17],[-14,-24]],[[3120,1350],[-23,7],[-31,-11]],[[2841,1413],[-6,7]],[[2835,1420],[-2,8],[-34,20]],[[2799,1448],[28,7],[3,13],[-22,13]],[[2903,1479],[7,-19],[-18,-21],[6,-38],[10,-4]],[[2908,1397],[-28,-2]],[[2880,1395],[-31,22],[-8,-4]],[[2966,1403],[-58,-6]],[[3024,1496],[35,-4]],[[3059,1492],[-1,-2]],[[1912,1023],[-2,9]],[[1910,1032],[60,13],[31,0]],[[2001,1045],[10,-6]],[[2011,1039],[-9,-29],[-6,-5]],[[1996,1005],[-50,-17]],[[1946,988],[-21,1]],[[1925,989],[11,7],[-22,19],[-2,8]],[[1873,990],[-24,0]],[[1849,990],[-21,1]],[[1828,991],[-12,22]],[[1816,1013],[59,7]],[[1875,1020],[-2,-30]],[[1925,989],[-14,0]],[[1911,989],[-24,-6],[-14,7]],[[1875,1020],[37,3]],[[2001,1045],[-12,8]],[[1989,1053],[13,1],[41,33]],[[2043,1087],[14,-17]],[[2057,1070],[-2,1]],[[2055,1071],[-8,0],[-36,-32]],[[1910,1032],[-2,10]],[[1908,1042],[15,9]],[[1923,1051],[1,19]],[[1924,1070],[34,1]],[[1958,1071],[31,-18]],[[2706,1114],[-9,-12],[-40,-15]],[[2657,1087],[-8,6],[19,12],[-15,15],[-25,-3]],[[2628,1117],[20,14]],[[2648,1131],[39,-11]],[[2113,1460],[-23,7]],[[2090,1467],[15,20],[16,7]],[[2121,1494],[31,-11]],[[2152,1483],[-12,-24],[-27,1]],[[2152,1483],[5,1]],[[2157,1484],[-5,-1]],[[2157,1484],[36,-32],[57,3]],[[2250,1455],[25,3]],[[2138,1436],[-26,14],[1,10]],[[2082,1447],[0,9]],[[2082,1456],[8,11]],[[2127,1432],[-45,15]],[[2121,1508],[0,-14]],[[2082,1456],[-30,13],[-14,0]],[[2038,1469],[8,28]],[[2046,1497],[75,11]],[[2122,1416],[-34,2]],[[2088,1418],[-8,16]],[[2080,1434],[2,12]],[[2082,1446],[0,1]],[[2519,1059],[-2,13],[-24,18]],[[2493,1090],[6,11]],[[2499,1101],[24,7]],[[2523,1108],[-1,-14],[28,-16]],[[2467,1047],[-16,28]],[[2451,1075],[18,2],[24,13]],[[2451,1075],[8,24]],[[2468,1115],[5,-3]],[[2473,1112],[26,-11]],[[2443,1044],[-25,24]],[[2418,1068],[-1,2]],[[2417,1070],[34,5]],[[2417,1070],[-10,11]],[[2492,1143],[1,-20]],[[2493,1123],[-20,-11]],[[2460,1119],[19,14],[-7,10]],[[2472,1143],[20,0]],[[2499,1144],[15,-6],[4,-12]],[[2518,1126],[-25,-3]],[[2492,1143],[7,1]],[[2518,1126],[11,-12]],[[2529,1114],[-6,-6]],[[2516,1697],[66,24]],[[2582,1721],[25,-18],[29,-27]],[[2582,1721],[6,11]],[[2484,1721],[24,48]],[[2263,1526],[6,-16],[-18,-15],[-1,-40]],[[2121,1508],[23,6],[26,0],[20,28]],[[2388,1219],[-23,-6]],[[2365,1213],[-9,4],[10,33]],[[2383,1265],[39,-8],[10,-20],[-39,-13],[-5,-5]],[[2478,1223],[-17,-2]],[[2461,1221],[-11,22],[11,7]],[[2461,1221],[-34,-12],[-39,10]],[[2751,1245],[5,14],[-24,11],[-48,35],[-15,-6],[-21,12]],[[2648,1311],[0,4]],[[2779,1308],[-25,-13],[12,-12]],[[2652,1244],[-18,18],[3,15]],[[2637,1277],[-17,26],[22,0],[6,8]],[[2751,1245],[-24,-1]],[[2727,1244],[-8,15],[-19,4],[-15,-12],[-33,-7]],[[2594,1249],[22,3],[7,16],[14,9]],[[2652,1244],[-5,-8]],[[2647,1236],[-3,-6]],[[2644,1230],[-12,-7]],[[2138,1321],[-12,-2],[-24,12],[26,12],[8,17]],[[2174,1351],[7,-4],[-16,-20],[-27,-6]],[[2077,1127],[-1,-1]],[[2076,1126],[-36,-1]],[[2040,1125],[10,6]],[[2050,1131],[45,21]],[[2095,1152],[3,1]],[[2098,1153],[8,-15]],[[2106,1138],[-29,-11]],[[2050,1131],[-8,16]],[[2075,1169],[20,-17]],[[2020,1112],[20,13]],[[2076,1126],[-19,-25]],[[2057,1101],[-20,1],[-17,10]],[[2020,1112],[-18,-5],[-32,-1]],[[1970,1106],[0,2]],[[2095,1172],[3,-19]],[[2529,1114],[10,6],[28,3]],[[2567,1123],[33,-19],[23,4],[5,9]],[[2657,1087],[-20,-7],[-32,6],[-18,-14],[3,-12]],[[2835,1420],[-8,-9]],[[2717,1397],[33,23],[-13,10],[-9,20]],[[2728,1450],[43,5],[28,-7]],[[2798,1476],[-65,-17]],[[2733,1459],[1,9],[-25,2],[2,37],[-13,20],[-13,-1]],[[2716,1581],[10,-29],[18,-1]],[[2733,1459],[-5,-9]],[[2311,1213],[-13,17],[25,-2],[3,-15],[-15,0]],[[2365,1213],[-45,-6],[-12,-5]],[[2308,1202],[-14,1],[-12,-16],[-34,5]],[[2248,1192],[21,14],[-1,17],[-20,20]],[[2608,1188],[-10,9]],[[2644,1230],[0,-3]],[[3369,1207],[-26,1],[2,16],[20,13],[18,-12],[-14,-18]],[[3330,1289],[26,0],[39,-12],[58,-30],[16,-4],[6,-22],[-4,-8],[-30,-5],[-5,-24],[-24,-19],[-16,-3],[-32,-17],[-38,20],[-15,-2]],[[2372,1022],[-19,2]],[[2353,1024],[-26,16],[-22,4]],[[2305,1044],[-9,6]],[[2296,1050],[-7,12]],[[2289,1062],[26,-1]],[[2315,1061],[33,2]],[[2348,1063],[2,-16],[28,0],[14,12],[26,9]],[[2351,1065],[10,15],[-10,9]],[[2417,1070],[-28,-6],[-38,1]],[[2348,1063],[3,2]],[[2315,1061],[-13,12],[-37,17]],[[2289,1062],[-49,15]],[[2240,1077],[12,8]],[[1908,1042],[-36,-3],[-9,21]],[[1863,1060],[26,6]],[[1889,1066],[35,4]],[[1923,1051],[-15,-9]],[[1799,1023],[-18,-7]],[[1781,1016],[-23,12]],[[1758,1028],[-15,8],[-19,-6]],[[1724,1030],[-14,-1],[-20,18]],[[1690,1047],[-9,3]],[[1681,1050],[-27,10]],[[1654,1060],[-11,10]],[[1643,1070],[8,0]],[[1651,1070],[18,-2]],[[1669,1068],[24,-1],[39,9]],[[1732,1076],[37,-12],[22,0]],[[1791,1064],[14,-14],[-6,-27]],[[1816,1013],[-17,10]],[[1791,1064],[10,1]],[[1801,1065],[41,-5],[21,0]],[[1828,991],[-23,1],[-35,-5]],[[1770,987],[15,17],[-4,12]],[[2753,1218],[-21,-1],[2,-29],[21,-11]],[[2755,1177],[-22,-6],[-6,-8]],[[2709,1224],[44,-6]],[[2755,1177],[34,-16],[8,0]],[[2797,1161],[13,-11]],[[2810,1150],[-11,4],[-54,-13]],[[2787,1229],[-34,-11]],[[2652,1228],[34,6]],[[2686,1234],[41,10]],[[2802,1249],[1,-19]],[[2686,1234],[-39,2]],[[2835,1382],[-7,-9]],[[2841,1413],[14,-4],[-5,-14]],[[2850,1395],[-15,-13]],[[2862,1381],[-2,-5]],[[2860,1376],[-25,6]],[[2850,1395],[8,1]],[[2858,1396],[4,-15]],[[2880,1395],[-22,1]],[[2860,1376],[2,-27]],[[2862,1349],[2,-11]],[[2864,1338],[-4,9]],[[2862,1381],[16,-5],[25,6],[22,-9]],[[2925,1373],[-25,-14],[-22,4],[-16,-14]],[[2970,1387],[-45,-14]],[[2321,1629],[20,2],[58,26]],[[2492,1621],[-58,-17],[-27,-14],[-17,-22]],[[2499,1793],[0,-23],[-9,-26],[-25,-28]],[[2465,1716],[-35,10],[-28,14],[-13,-6],[-37,-1],[-65,17],[-39,-16]],[[2248,1734],[-15,16],[0,14]],[[2233,1764],[58,4],[-5,16],[35,6],[47,46]],[[2368,1836],[38,-7],[46,0],[47,-33]],[[2465,1716],[-26,-26],[-51,-26],[-24,3],[-61,-19],[-36,-18],[-9,-10]],[[2231,1661],[-22,25],[19,12],[-21,22],[41,14]],[[2215,1845],[0,1]],[[2215,1846],[67,12],[16,-11],[70,-11]],[[2233,1764],[-4,49],[-14,32]],[[1849,1099],[32,-18],[8,-15]],[[1801,1065],[-6,16],[1,15]],[[1970,1106],[1,-25],[-13,-10]],[[2057,1101],[-14,-14]],[[1664,1552],[0,-19]],[[1664,1533],[-3,-7]],[[1661,1526],[-12,-44],[-27,-5]],[[1622,1477],[-12,22],[-29,4],[-7,-10],[-24,10]],[[1550,1503],[21,17],[-3,10],[29,-2]],[[1597,1528],[29,12],[14,-1],[10,12],[14,1]],[[2040,1407],[-5,-3]],[[2035,1404],[-7,-1]],[[2028,1403],[-4,4]],[[2024,1407],[3,2]],[[2027,1409],[2,3]],[[2029,1412],[11,-5]],[[2028,1403],[-2,-5]],[[2026,1398],[-3,2]],[[2023,1400],[-5,4]],[[2018,1404],[3,1]],[[2021,1405],[3,2]],[[2021,1405],[-32,7]],[[1989,1412],[11,3],[24,-8]],[[2019,1415],[8,-6]],[[1989,1412],[-2,2]],[[1987,1414],[5,12]],[[1992,1426],[25,-10]],[[2017,1416],[2,-1]],[[2018,1404],[-22,-4],[5,-10]],[[2001,1390],[15,-8]],[[2016,1382],[-2,-1]],[[2014,1381],[-16,5],[-23,-17],[-22,-11]],[[1953,1358],[-5,1]],[[1948,1359],[25,17],[7,29]],[[1980,1405],[7,9]],[[2036,1418],[1,-1]],[[2037,1417],[-8,-5]],[[2019,1415],[17,3]],[[2037,1417],[11,-9]],[[2048,1408],[-8,-1]],[[2017,1416],[-1,4]],[[2016,1420],[24,1]],[[2040,1421],[-4,-3]],[[2016,1420],[2,4]],[[2018,1424],[22,4]],[[2040,1428],[7,-2]],[[2047,1426],[-7,-5]],[[2037,1417],[9,5]],[[2046,1422],[11,-12]],[[2057,1410],[-9,-2]],[[2046,1422],[15,-11]],[[2061,1411],[-4,-1]],[[2124,1400],[-26,4]],[[2098,1404],[-13,7],[-25,-6]],[[2060,1405],[1,6]],[[2061,1411],[27,7]],[[2060,1405],[-4,-8]],[[2056,1397],[-8,11]],[[2056,1397],[-9,-8]],[[2047,1389],[-12,15]],[[2047,1389],[-5,-4]],[[2042,1385],[-16,13]],[[2042,1385],[-28,-4]],[[2016,1382],[10,16]],[[2001,1390],[22,10]],[[2016,1420],[-6,24]],[[2010,1444],[19,1]],[[2029,1445],[-2,-4]],[[2027,1441],[-9,-17]],[[2040,1428],[-1,7]],[[2039,1435],[7,3]],[[2046,1438],[7,0]],[[2053,1438],[7,-5]],[[2060,1433],[-13,-7]],[[2029,1445],[12,2]],[[2041,1447],[9,-7]],[[2050,1440],[-4,-2]],[[2039,1435],[-12,6]],[[2031,1453],[10,-6]],[[2029,1445],[2,8]],[[2010,1444],[-3,15]],[[2007,1459],[20,-3]],[[2027,1456],[4,-3]],[[2060,1433],[20,1]],[[2050,1440],[3,-2]],[[2060,1433],[22,13]],[[1992,1426],[-28,13],[-7,14]],[[1957,1453],[16,12]],[[1973,1465],[34,-6]],[[2027,1456],[11,13]],[[1938,1448],[-13,9]],[[1925,1457],[-8,12]],[[1917,1469],[25,-5],[-4,-16]],[[1954,1483],[24,-5],[-5,-13]],[[1957,1453],[-18,-5]],[[1939,1448],[-1,0]],[[1917,1469],[-14,0]],[[1903,1469],[-5,5]],[[1898,1474],[59,0],[-3,9]],[[1925,1457],[-25,3],[3,9]],[[1885,1420],[-18,-4]],[[1867,1416],[-10,23]],[[1857,1439],[1,15]],[[1858,1454],[3,8]],[[1861,1462],[6,13]],[[1867,1475],[31,-1]],[[1939,1448],[-34,-13],[-20,-15]],[[1798,1347],[6,9]],[[1804,1356],[16,16]],[[1820,1372],[9,2]],[[1829,1374],[31,-11]],[[1860,1363],[-1,-12]],[[1859,1351],[-7,-11]],[[1852,1340],[-17,-5]],[[1835,1335],[-7,7],[-30,5]],[[1829,1374],[42,12]],[[1871,1386],[2,-20],[-13,-3]],[[1820,1372],[8,14]],[[1828,1386],[18,32]],[[1846,1418],[11,21]],[[1867,1416],[4,-30]],[[1846,1418],[-42,4]],[[1804,1422],[5,7]],[[1809,1429],[25,-1],[24,26]],[[1828,1386],[-7,-3],[-36,11]],[[1785,1394],[19,28]],[[1804,1356],[-13,8]],[[1791,1364],[-23,10]],[[1768,1374],[17,20]],[[1766,1431],[43,-2]],[[1768,1374],[-19,8]],[[1749,1382],[14,13],[-26,10],[24,17],[-4,8]],[[1757,1430],[9,1]],[[1650,1437],[8,-2]],[[1658,1435],[0,-12],[11,-12]],[[1669,1411],[-12,-15]],[[1657,1396],[-16,11],[-2,29]],[[1639,1436],[11,1]],[[1675,1434],[13,-18]],[[1688,1416],[-19,-5]],[[1658,1435],[17,-1]],[[1625,1472],[5,-32],[9,-4]],[[1657,1396],[-12,-5]],[[1645,1391],[-8,-3]],[[1637,1388],[-20,16],[-26,32]],[[1591,1436],[2,13],[16,1],[7,20],[9,2]],[[1552,1412],[18,5],[18,19]],[[1588,1436],[3,0]],[[1637,1388],[-25,-17]],[[1612,1371],[-9,11],[-17,-5]],[[1586,1377],[-34,35]],[[1833,1292],[-30,3],[-8,11]],[[1795,1306],[7,21],[35,-1]],[[1837,1326],[30,-12],[-6,-5]],[[1861,1309],[-28,-17]],[[1861,1309],[28,-1]],[[1889,1308],[4,-5]],[[1893,1303],[-12,-11],[-38,-11]],[[1843,1281],[-10,11]],[[1893,1303],[-2,-12],[23,-27],[8,-4]],[[1922,1260],[-8,-13],[-29,1]],[[1885,1248],[-12,11],[-29,8]],[[1844,1267],[-1,14]],[[1954,1483],[-1,13],[12,7],[8,21]],[[1973,1524],[32,-6],[41,-21]],[[1886,1505],[22,27],[40,-5]],[[1948,1527],[25,-3]],[[1867,1475],[19,30]],[[1844,1267],[-11,-14]],[[1833,1253],[-37,8],[-24,13]],[[1772,1274],[-8,6]],[[1764,1280],[5,24]],[[1769,1304],[26,2]],[[1786,1231],[-3,10],[-21,8]],[[1762,1249],[6,17]],[[1768,1266],[36,-15],[-1,-16],[-17,-4]],[[1885,1248],[11,-13]],[[1896,1235],[-63,18]],[[1896,1235],[17,-5]],[[1913,1230],[-15,-10]],[[1822,1217],[-25,3]],[[1797,1220],[-11,11]],[[1768,1266],[4,8]],[[2083,1391],[36,-9],[0,-19]],[[2119,1363],[-5,-13],[-26,6]],[[2088,1356],[-23,3]],[[2065,1359],[4,22],[14,10]],[[2078,1391],[5,0]],[[2065,1359],[-23,26]],[[2056,1397],[10,-1]],[[2066,1396],[3,-7],[9,2]],[[2088,1356],[-14,-11],[-27,8],[-4,-15],[-61,6],[-18,7]],[[1964,1351],[-11,7]],[[2128,1364],[-9,-1]],[[2083,1391],[15,13]],[[2078,1391],[-12,5]],[[1664,1453],[1,-1]],[[1665,1452],[-15,-15]],[[1625,1472],[-3,5]],[[1661,1526],[4,-3]],[[1665,1523],[8,-16],[26,-20]],[[1699,1487],[-14,-8]],[[1685,1479],[-6,-4]],[[1679,1475],[-15,-22]],[[1665,1452],[14,-4],[-4,-14]],[[1679,1475],[-2,-20],[-13,-2]],[[1706,1531],[-41,-8]],[[1664,1533],[42,-2]],[[1508,1209],[-31,26]],[[1477,1235],[57,19]],[[1534,1254],[28,5]],[[1562,1259],[36,7],[39,5]],[[1637,1271],[25,4],[14,-22],[29,-13]],[[1705,1240],[-23,-13]],[[1682,1227],[-19,-8],[-28,6],[-17,-13]],[[1618,1212],[-19,-2]],[[1599,1210],[-13,3],[-18,-13]],[[1568,1200],[-14,-9],[-34,-4]],[[1520,1187],[-12,22]],[[1689,1379],[-2,-1]],[[1687,1378],[-30,18]],[[1669,1411],[24,-4],[2,-15]],[[1695,1392],[-6,-13]],[[1687,1378],[-11,-13]],[[1676,1365],[-1,1]],[[1675,1366],[-13,7],[-17,18]],[[1695,1392],[23,-16]],[[1718,1376],[-4,-2]],[[1714,1374],[-11,-2]],[[1703,1372],[-14,7]],[[1749,1382],[-20,3],[-11,-9]],[[1688,1416],[69,14]],[[1601,1284],[-24,4]],[[1577,1288],[21,14],[3,-18]],[[1620,1289],[-19,-5]],[[1577,1288],[-20,3]],[[1557,1291],[-34,16]],[[1523,1307],[-13,6]],[[1510,1313],[5,5]],[[1515,1318],[32,1]],[[1547,1319],[22,8]],[[1569,1327],[56,-13],[16,1]],[[1641,1315],[18,-5]],[[1659,1310],[-26,-8],[-13,-13]],[[1620,1289],[17,-18]],[[1562,1259],[-15,16],[22,4],[-12,12]],[[2200,1298],[-29,-9]],[[2171,1289],[-13,14],[-18,3]],[[2140,1306],[-2,15]],[[2232,1199],[-3,1]],[[2180,1217],[-4,8],[21,10]],[[2197,1235],[27,-22],[8,-14]],[[2120,1232],[25,23]],[[2145,1255],[29,-3],[23,-17]],[[2145,1255],[10,13]],[[2155,1268],[23,-9]],[[2178,1259],[4,-3]],[[2182,1256],[30,-10],[20,12]],[[2248,1192],[-16,7]],[[1980,1405],[-48,3],[-34,-15]],[[1898,1393],[-13,27]],[[1924,1361],[-18,13],[-8,19]],[[1948,1359],[-24,2]],[[1723,1328],[-4,19],[-43,18]],[[1703,1372],[45,-29]],[[1748,1343],[0,-3]],[[1748,1340],[-25,-12]],[[1757,1346],[-9,-3]],[[1714,1374],[42,-18]],[[1756,1356],[1,-10]],[[1791,1364],[-35,-8]],[[1798,1347],[-30,-3]],[[1768,1344],[-11,2]],[[1764,1328],[4,16]],[[1835,1335],[2,-9]],[[1795,1306],[-31,22]],[[1764,1328],[-16,12]],[[1769,1304],[-16,3]],[[1753,1307],[11,21]],[[1753,1307],[-7,-8]],[[1746,1299],[-7,9]],[[1739,1308],[0,2]],[[1739,1310],[-16,18]],[[1739,1310],[-44,9],[-5,13],[-20,16],[5,18]],[[1739,1308],[-26,3],[-7,-10],[-1,-25]],[[1705,1276],[-12,3],[-34,31]],[[1641,1315],[6,22],[-35,34]],[[2203,1280],[2,-8]],[[2205,1272],[-10,0]],[[2195,1272],[-4,1]],[[2191,1273],[12,7]],[[2203,1280],[7,9]],[[2228,1261],[-23,11]],[[2182,1256],[13,16]],[[2183,1277],[8,-4]],[[2178,1259],[5,18]],[[2183,1277],[17,21]],[[2155,1268],[16,21]],[[2140,1306],[-13,-1]],[[2127,1305],[-36,-13],[-14,5]],[[2077,1297],[3,22],[-106,14]],[[1974,1333],[-33,13],[23,5]],[[1966,1218],[8,18],[20,-6],[-2,-9],[-26,-3]],[[2020,1235],[13,-15]],[[1913,1230],[40,-2],[18,11],[-3,10]],[[1968,1249],[31,-16],[21,2]],[[1933,1257],[35,-8]],[[1922,1260],[11,-3]],[[1957,1276],[29,-7],[20,-10]],[[2006,1259],[18,-8],[33,-5]],[[2057,1246],[-15,-9],[-22,-2]],[[1933,1257],[24,19]],[[1705,1276],[3,-8]],[[1708,1268],[6,-11]],[[1714,1257],[5,-10]],[[1719,1247],[-14,-7]],[[1883,1327],[-7,8]],[[1876,1335],[21,16]],[[1897,1351],[7,3]],[[1904,1354],[12,-8],[-33,-19]],[[1876,1335],[-24,5]],[[1859,1351],[38,0]],[[1883,1327],[18,-11]],[[1901,1316],[-3,-4]],[[1898,1312],[-9,-4]],[[1904,1354],[20,7]],[[1974,1333],[1,-5]],[[1975,1328],[-12,-9],[-30,17],[-32,-20]],[[1901,1316],[-3,-4]],[[1718,1265],[-10,3]],[[1746,1299],[-13,-18]],[[1733,1281],[-15,-16]],[[1762,1249],[-6,2]],[[1756,1251],[-37,-4]],[[1714,1257],[4,8]],[[1733,1281],[17,-21],[14,20]],[[1343,1494],[36,23]],[[1379,1517],[20,7]],[[1399,1524],[32,-16]],[[1431,1508],[-19,-9]],[[1412,1499],[-15,8],[-54,-13]],[[1365,1467],[1,15],[-20,2],[-18,-7],[-16,4]],[[1312,1481],[25,12]],[[1337,1493],[6,1]],[[1412,1499],[3,-8],[-50,-24]],[[1438,1511],[-7,-3]],[[1399,1524],[26,11],[13,14]],[[1438,1549],[14,7]],[[1452,1556],[14,-16],[-28,-29]],[[1381,1865],[-17,7]],[[1364,1872],[13,15]],[[1377,1887],[18,-10]],[[1395,1877],[-14,-12]],[[1399,1891],[17,7]],[[1416,1898],[27,12]],[[1443,1910],[-9,-21]],[[1434,1889],[-23,-23]],[[1411,1866],[-14,13]],[[1397,1879],[2,12]],[[1411,1866],[-13,-24]],[[1398,1842],[-4,0]],[[1394,1842],[-15,2],[-3,13]],[[1376,1857],[5,8]],[[1395,1877],[2,2]],[[1364,1872],[-7,3]],[[1357,1875],[-5,17]],[[1352,1892],[18,16],[18,5]],[[1388,1913],[0,-4]],[[1388,1909],[-2,-12]],[[1386,1897],[3,-8]],[[1389,1889],[-12,-2]],[[1399,1891],[-10,-2]],[[1386,1897],[21,3],[8,13]],[[1415,1913],[1,2]],[[1416,1915],[0,-17]],[[1388,1909],[27,4]],[[1388,1913],[-4,18]],[[1384,1931],[37,-5],[-5,-11]],[[1512,1503],[-13,-7]],[[1499,1496],[-5,-4]],[[1494,1492],[-9,4]],[[1485,1496],[-18,7]],[[1467,1503],[-17,5]],[[1450,1508],[-12,3]],[[1452,1556],[9,19]],[[1461,1575],[37,5],[1,-8],[39,0]],[[1538,1572],[13,-3]],[[1551,1569],[-1,-12],[-29,-28],[-9,-26]],[[1547,1609],[-23,3]],[[1524,1612],[-7,11]],[[1517,1623],[21,16]],[[1538,1639],[15,-9]],[[1553,1630],[21,-13]],[[1574,1617],[-27,-8]],[[1501,1639],[-20,-4]],[[1481,1635],[-20,4],[-61,-1]],[[1400,1638],[0,9],[-29,4],[10,30]],[[1381,1681],[11,-1]],[[1392,1680],[33,-3]],[[1425,1677],[27,-4]],[[1452,1673],[32,-4]],[[1484,1669],[15,-2]],[[1499,1667],[27,-18]],[[1526,1649],[-25,-10]],[[1526,1649],[12,-10]],[[1517,1623],[-9,-1]],[[1508,1622],[-1,3]],[[1507,1625],[-6,14]],[[1524,1612],[-27,-4]],[[1497,1608],[11,14]],[[1553,1630],[49,1]],[[1602,1631],[55,-33]],[[1657,1598],[-16,-6]],[[1641,1592],[-30,14]],[[1611,1606],[-28,2],[-9,9]],[[1507,1625],[-23,-3]],[[1484,1622],[-7,1]],[[1477,1623],[4,12]],[[1497,1608],[-6,0]],[[1491,1608],[-7,14]],[[1499,1667],[6,13]],[[1505,1680],[36,-6]],[[1541,1674],[32,-12],[17,10]],[[1590,1672],[28,2]],[[1618,1674],[24,1],[49,-10],[19,1]],[[1710,1666],[-16,-3],[-23,-15],[-4,-9],[-45,-15],[-20,7]],[[1477,1623],[-23,-14]],[[1454,1609],[-7,14],[-24,-3],[-22,11]],[[1401,1631],[-1,7]],[[1454,1609],[-14,-11],[1,-13]],[[1441,1585],[-26,14]],[[1415,1599],[-16,15]],[[1399,1614],[0,14]],[[1399,1628],[2,3]],[[1491,1608],[-2,-20]],[[1489,1588],[-31,-10]],[[1458,1578],[-17,7]],[[1658,1575],[2,-2]],[[1660,1573],[4,-21]],[[1597,1528],[-25,29],[15,20]],[[1587,1577],[8,-4],[25,8],[20,-17],[18,11]],[[1553,1600],[-6,9]],[[1611,1606],[-9,-8]],[[1602,1598],[-10,-9]],[[1592,1589],[-37,-8],[-4,-12]],[[1538,1572],[18,18],[-3,10]],[[1553,1600],[-64,-12]],[[1461,1575],[-3,3]],[[1914,1996],[-18,1],[4,-31]],[[1900,1966],[-26,1]],[[1874,1967],[-47,-7]],[[1827,1960],[-6,11]],[[1821,1971],[-14,18]],[[1807,1989],[11,1],[17,15],[65,-2],[14,-7]],[[1476,1789],[-9,4]],[[1467,1793],[6,16],[24,13]],[[1497,1822],[9,0]],[[1506,1822],[-2,-9],[-28,-24]],[[1467,1793],[-20,-18]],[[1447,1775],[-15,-6]],[[1432,1769],[-7,1]],[[1425,1770],[-5,14]],[[1420,1784],[4,23]],[[1424,1807],[11,16],[31,3],[31,-4]],[[1413,2129],[24,33],[17,1]],[[1454,2163],[4,-4],[59,-21]],[[1517,2138],[4,-1]],[[1521,2137],[31,-15],[-18,-32]],[[1534,2090],[-45,5],[-34,-12]],[[1455,2083],[-30,18],[-24,-3],[12,31]],[[1534,2090],[20,-25],[-2,-11]],[[1552,2054],[-17,-5]],[[1535,2049],[-19,0],[-40,9]],[[1476,2058],[-21,25]],[[1506,1822],[23,15]],[[1529,1837],[11,14],[28,6]],[[1568,1857],[22,6]],[[1590,1863],[8,-1]],[[1598,1862],[-6,-17]],[[1592,1845],[5,-15],[23,7]],[[1620,1837],[19,-12],[-20,-14],[1,-8]],[[1620,1803],[-9,-12]],[[1611,1791],[-12,-12]],[[1599,1779],[-36,8],[-12,-20]],[[1551,1767],[-60,8],[-15,14]],[[1599,1779],[-9,-16]],[[1590,1763],[-5,0]],[[1585,1763],[-9,-1]],[[1576,1762],[-25,5]],[[1254,1564],[-28,4]],[[1226,1568],[6,10]],[[1232,1578],[21,-6]],[[1253,1572],[1,-8]],[[1343,1933],[1,1]],[[1344,1934],[11,-6],[1,-18],[-29,2],[16,21]],[[1269,1906],[2,11]],[[1271,1917],[16,0],[-2,-10],[-16,-1]],[[1371,1941],[13,-10]],[[1352,1892],[-32,3],[-54,-5]],[[1266,1890],[3,16]],[[1271,1917],[2,9]],[[1273,1926],[70,7]],[[1344,1934],[23,10]],[[1367,1944],[4,-3]],[[1277,1864],[-17,-5]],[[1260,1859],[4,18]],[[1264,1877],[13,-13]],[[1316,1851],[-1,-5]],[[1315,1846],[0,-5]],[[1315,1841],[-18,-8],[-45,-9]],[[1252,1824],[8,35]],[[1277,1864],[22,-1],[17,-12]],[[1357,1875],[-30,-6]],[[1327,1869],[-5,-11]],[[1322,1858],[-6,-7]],[[1264,1877],[2,13]],[[1291,2006],[21,-15],[20,-8]],[[1332,1983],[25,-23],[10,-16]],[[1273,1926],[9,52],[9,28]],[[1306,1731],[-10,-4]],[[1296,1727],[-2,1]],[[1294,1728],[-1,8]],[[1293,1736],[9,4]],[[1302,1740],[4,-1]],[[1306,1739],[0,-8]],[[1294,1728],[-14,2]],[[1280,1730],[-9,8]],[[1271,1738],[10,-3]],[[1281,1735],[8,3]],[[1289,1738],[4,-2]],[[1308,1740],[7,-6]],[[1315,1734],[-9,-3]],[[1306,1739],[2,1]],[[1289,1738],[2,4]],[[1291,1742],[9,4]],[[1300,1746],[2,-6]],[[1281,1735],[10,7]],[[1271,1738],[2,11]],[[1273,1749],[27,-1]],[[1300,1748],[0,-2]],[[1315,1747],[11,-4]],[[1326,1743],[-11,-9]],[[1308,1740],[7,7]],[[1300,1748],[-1,1]],[[1299,1749],[16,-2]],[[1224,1739],[5,10]],[[1229,1749],[18,-5],[26,5]],[[1280,1730],[-28,1],[-28,8]],[[1317,1705],[-13,7]],[[1304,1712],[-8,15]],[[1326,1743],[11,-3]],[[1337,1740],[13,-3]],[[1350,1737],[-10,-16],[-23,-16]],[[1886,1505],[-18,13],[-22,0]],[[1846,1518],[7,9]],[[1853,1527],[39,7]],[[1892,1534],[8,3]],[[1900,1537],[13,4]],[[1913,1541],[3,2]],[[1916,1543],[14,5]],[[1930,1548],[18,-21]],[[1274,1662],[-8,-14]],[[1266,1648],[-33,-7]],[[1233,1641],[-49,10]],[[1184,1651],[19,37]],[[1203,1688],[26,-3],[30,-10]],[[1259,1675],[15,-13]],[[1266,1642],[-22,-7],[-1,-9]],[[1243,1626],[-21,-5]],[[1222,1621],[11,20]],[[1266,1648],[0,-6]],[[1243,1626],[6,-9]],[[1249,1617],[-1,-4]],[[1248,1613],[-9,-17]],[[1239,1596],[-32,-2]],[[1207,1594],[15,27]],[[1239,1596],[-3,-8]],[[1236,1588],[-4,-10]],[[1226,1568],[-20,-9]],[[1206,1559],[-17,5]],[[1189,1564],[18,30]],[[1800,1529],[16,-3]],[[1816,1526],[-11,-10]],[[1805,1516],[-5,13]],[[1800,1529],[-2,3]],[[1798,1532],[28,-4]],[[1826,1528],[-10,-2]],[[1826,1528],[17,-10]],[[1843,1518],[-35,-10]],[[1808,1508],[-3,8]],[[1808,1508],[-28,2]],[[1780,1510],[4,15]],[[1784,1525],[2,5]],[[1786,1530],[12,2]],[[1313,1799],[4,-6]],[[1317,1793],[-17,5]],[[1300,1798],[0,4]],[[1300,1802],[13,-3]],[[1300,1802],[9,11]],[[1309,1813],[11,-1]],[[1320,1812],[-7,-13]],[[1334,1798],[-17,-5]],[[1320,1812],[14,-14]],[[1336,1795],[2,-18]],[[1338,1777],[-26,4]],[[1312,1781],[-17,0]],[[1295,1781],[5,17]],[[1334,1798],[2,-3]],[[1321,1834],[-12,-21]],[[1295,1781],[-54,1]],[[1241,1782],[11,42]],[[1315,1841],[6,-7]],[[1398,1842],[-3,-7]],[[1395,1835],[-8,-18],[12,-5]],[[1399,1812],[-7,-24]],[[1392,1788],[-31,14]],[[1361,1802],[-1,28]],[[1360,1830],[22,-1],[12,13]],[[1420,1784],[-28,4]],[[1399,1812],[25,-5]],[[1340,1832],[20,-2]],[[1361,1802],[-25,-7]],[[1321,1834],[19,-2]],[[1587,1577],[5,12]],[[1592,1589],[63,-8]],[[1655,1581],[3,-6]],[[1602,1598],[24,-9],[15,3]],[[1657,1598],[11,-11]],[[1668,1587],[-13,-6]],[[1672,1769],[16,1]],[[1688,1770],[20,6]],[[1708,1776],[18,-20]],[[1726,1756],[-16,5],[-25,-11],[15,-9]],[[1700,1741],[-27,-3]],[[1673,1738],[11,18],[-12,13]],[[1673,1738],[-6,-3]],[[1667,1735],[-27,10]],[[1640,1745],[27,27]],[[1667,1772],[5,-3]],[[1701,1736],[-1,5]],[[1726,1756],[-7,-13],[-18,-7]],[[1918,1940],[6,20],[-1,33]],[[1923,1993],[7,-28],[16,-10],[-28,-15]],[[1918,1940],[-16,-3]],[[1902,1937],[-2,29]],[[1914,1996],[9,-3]],[[1266,1628],[7,10]],[[1273,1638],[3,2]],[[1276,1640],[13,-4]],[[1289,1636],[-5,-9]],[[1284,1627],[-18,1]],[[1266,1628],[-14,-15]],[[1252,1613],[-1,0]],[[1251,1613],[-3,0]],[[1249,1617],[7,14],[16,7]],[[1272,1638],[1,0]],[[1289,1636],[14,18]],[[1303,1654],[11,6]],[[1314,1660],[15,-23],[-9,-10]],[[1320,1627],[-7,-7]],[[1313,1620],[-31,1]],[[1282,1621],[2,6]],[[1282,1621],[-3,-10]],[[1279,1611],[-27,2]],[[1276,1640],[17,20]],[[1293,1660],[10,-6]],[[1272,1638],[-6,4]],[[1274,1662],[7,2]],[[1281,1664],[12,-4]],[[1281,1664],[5,6]],[[1286,1670],[5,7]],[[1291,1677],[33,-8]],[[1324,1669],[0,-6]],[[1324,1663],[-10,-3]],[[1295,1592],[-13,-3]],[[1282,1589],[-3,22]],[[1313,1620],[6,-14],[-24,-14]],[[1324,1663],[41,20]],[[1365,1683],[16,-2]],[[1399,1628],[-25,8],[-24,-3]],[[1350,1633],[-30,-6]],[[1358,1531],[-19,-14]],[[1339,1517],[-67,36]],[[1272,1553],[-7,4],[29,21]],[[1294,1578],[19,4]],[[1313,1582],[17,12],[23,-11],[18,12]],[[1371,1595],[12,-6]],[[1383,1589],[-7,-41],[4,-2]],[[1380,1546],[-22,-15]],[[1339,1517],[-20,-13]],[[1319,1504],[-39,-27]],[[1280,1477],[-45,23]],[[1235,1500],[-15,16],[12,9]],[[1232,1525],[28,20]],[[1260,1545],[12,8]],[[1399,1614],[-13,-9],[-23,12]],[[1363,1617],[-13,16]],[[1415,1599],[-30,-22],[-2,12]],[[1371,1595],[9,6],[-17,16]],[[1438,1549],[-16,-10],[-10,11],[-32,-4]],[[1379,1517],[-21,14]],[[1337,1493],[-18,11]],[[1312,1481],[-26,-10]],[[1286,1471],[-17,-6]],[[1269,1465],[11,12]],[[1269,1465],[-5,0]],[[1264,1465],[-64,4]],[[1200,1469],[-4,3]],[[1196,1472],[2,10]],[[1198,1482],[6,-3],[31,21]],[[1198,1482],[6,2],[11,37]],[[1215,1521],[11,7]],[[1226,1528],[6,-3]],[[1245,1554],[15,-9]],[[1226,1528],[19,26]],[[1245,1554],[9,10]],[[1253,1572],[6,9]],[[1259,1581],[3,3]],[[1262,1584],[32,-6]],[[1262,1584],[20,5]],[[1295,1592],[18,-10]],[[1291,1589],[-9,-4],[9,-4],[7,4],[-7,4]],[[1376,1986],[4,8],[23,-2],[15,14],[18,6]],[[1436,2012],[18,1]],[[1454,2013],[5,-4]],[[1459,2009],[32,-34],[-1,-5]],[[1490,1970],[-22,-3]],[[1468,1967],[-21,-3],[-28,13]],[[1419,1977],[-43,9]],[[1376,1986],[-28,-2]],[[1348,1984],[18,16],[3,13],[14,12]],[[1383,2025],[37,-1],[16,-12]],[[1419,1977],[-10,-29],[-38,-7]],[[1332,1983],[16,1]],[[1314,1757],[-3,6]],[[1311,1763],[7,-4]],[[1318,1759],[-4,-2]],[[1306,1775],[10,-4]],[[1316,1771],[-8,-6]],[[1308,1765],[-3,-8]],[[1305,1757],[-8,0]],[[1297,1757],[9,18]],[[1340,1754],[-14,-11]],[[1315,1747],[4,6]],[[1319,1753],[12,6]],[[1331,1759],[9,-5]],[[1229,1749],[12,33]],[[1312,1781],[-6,-6]],[[1297,1757],[2,-8]],[[1326,1761],[-8,-2]],[[1311,1763],[-3,2]],[[1316,1771],[10,-10]],[[1346,1758],[-2,-6]],[[1344,1752],[-4,2]],[[1331,1759],[-5,2]],[[1338,1777],[-4,-16],[12,-3]],[[1314,1757],[-5,-2]],[[1309,1755],[-4,2]],[[1319,1753],[-10,2]],[[1344,1752],[-7,-12]],[[1346,1758],[16,-13]],[[1362,1745],[-12,-8]],[[1259,1581],[-22,7]],[[1237,1588],[14,25]],[[1236,1588],[1,0]],[[1470,1919],[10,3]],[[1480,1922],[5,-4]],[[1485,1918],[-10,-5]],[[1475,1913],[-9,4]],[[1466,1917],[3,2]],[[1469,1919],[1,0]],[[1502,1918],[-11,3]],[[1491,1921],[0,8]],[[1491,1929],[12,0]],[[1503,1929],[-1,-11]],[[1470,1919],[11,6]],[[1481,1925],[-1,-3]],[[1481,1906],[-6,7]],[[1485,1918],[6,3]],[[1502,1918],[-21,-12]],[[1481,1925],[6,4]],[[1487,1929],[4,0]],[[1463,1916],[6,-7]],[[1469,1909],[-8,-3]],[[1461,1906],[-7,5]],[[1454,1911],[9,5]],[[1475,1913],[-6,-4]],[[1463,1916],[3,1]],[[1467,1921],[-2,1]],[[1465,1922],[2,-1]],[[1481,1906],[-1,0]],[[1480,1906],[-5,-3]],[[1475,1903],[-6,6]],[[1475,1903],[-6,-3]],[[1469,1900],[-8,5]],[[1461,1905],[0,1]],[[1469,1919],[-2,2]],[[1465,1922],[5,5],[-2,19],[14,2],[5,-19]],[[1461,1905],[-8,-4]],[[1453,1901],[1,10]],[[1480,1906],[4,-3]],[[1484,1903],[0,-4]],[[1484,1899],[-8,-4]],[[1476,1895],[-7,5]],[[1469,1900],[-12,-6]],[[1457,1894],[-2,2]],[[1455,1896],[-1,4]],[[1454,1900],[-1,1]],[[1476,1895],[-19,-1]],[[1455,1896],[-12,-4],[0,8],[11,0]],[[1493,1958],[4,-2],[-1,-9],[-9,11],[6,0]],[[1490,1970],[10,3],[20,-11],[21,-5]],[[1541,1957],[1,-8]],[[1542,1949],[0,-1]],[[1542,1948],[-24,-12],[2,-7]],[[1520,1929],[-17,0]],[[1465,1922],[-1,1]],[[1464,1923],[5,3],[-2,25],[-6,8],[7,8]],[[1484,1903],[9,0],[-9,-4]],[[1520,1929],[-7,-11]],[[1513,1918],[-8,-12],[14,-15]],[[1519,1891],[-4,-7]],[[1515,1884],[-9,1]],[[1506,1885],[-25,11],[-9,-13]],[[1472,1883],[-38,6]],[[1443,1910],[8,13],[13,0]],[[1376,1857],[-4,-5]],[[1372,1852],[-21,7]],[[1351,1859],[-24,10]],[[1351,1859],[-7,-8]],[[1344,1851],[-5,4]],[[1339,1855],[-17,3]],[[1351,1848],[-7,3]],[[1372,1852],[-5,-8]],[[1367,1844],[-16,4]],[[1339,1855],[-16,-11]],[[1323,1844],[-8,2]],[[1351,1848],[-7,-10]],[[1344,1838],[-21,6]],[[1367,1844],[-7,-14]],[[1340,1832],[4,6]],[[1433,2186],[-4,-2]],[[1429,2184],[0,12],[-24,1]],[[1405,2197],[-4,18]],[[1401,2215],[20,-10],[23,-2],[-11,-17]],[[1405,2197],[-1,-3]],[[1404,2194],[-13,9]],[[1391,2203],[-19,9]],[[1372,2212],[29,3]],[[1391,2203],[-15,-17]],[[1376,2186],[-20,-4]],[[1356,2182],[6,21],[10,9]],[[1404,2194],[5,-17]],[[1409,2177],[-29,2]],[[1380,2179],[-4,7]],[[1429,2184],[-20,-7]],[[1379,2163],[1,16]],[[1433,2186],[21,-23]],[[1413,2129],[-2,0]],[[1411,2129],[-16,7],[5,26],[-21,1]],[[1379,2163],[0,-14],[-10,-17]],[[1369,2132],[-18,2]],[[1351,2134],[5,48]],[[1411,2129],[-42,3]],[[1829,1470],[-12,-2]],[[1817,1468],[-12,2]],[[1805,1470],[14,13]],[[1819,1483],[1,-2]],[[1820,1481],[9,-11]],[[1805,1470],[-22,5]],[[1783,1475],[0,12]],[[1783,1487],[1,2]],[[1784,1489],[29,7]],[[1813,1496],[6,-13]],[[1817,1468],[-18,-10]],[[1799,1458],[-18,1]],[[1781,1459],[-16,10]],[[1765,1469],[-1,2]],[[1764,1471],[19,4]],[[1829,1470],[3,-1]],[[1832,1469],[8,-5]],[[1840,1464],[-13,-14],[-28,8]],[[1820,1481],[12,-12]],[[1842,1489],[-2,-25]],[[1813,1496],[28,-6]],[[1841,1490],[1,-1]],[[1842,1489],[19,-27]],[[1766,1431],[21,16],[-6,12]],[[1846,1517],[-15,-19],[10,-8]],[[1784,1489],[-6,21]],[[1778,1510],[2,0]],[[1843,1518],[3,-1]],[[1747,1536],[39,-6]],[[1784,1525],[-9,-15]],[[1775,1510],[-6,0]],[[1769,1510],[-8,13],[-17,7]],[[1744,1530],[3,6]],[[1783,1475],[0,12]],[[1778,1510],[-3,0]],[[1694,1891],[-1,5]],[[1693,1896],[8,-2]],[[1701,1894],[16,-4]],[[1717,1890],[-23,1]],[[1720,1899],[6,-4]],[[1726,1895],[-3,-3]],[[1723,1892],[-6,-2]],[[1701,1894],[19,5]],[[1693,1896],[-17,0]],[[1676,1896],[5,1]],[[1681,1897],[26,6]],[[1707,1903],[9,0]],[[1716,1903],[4,-4]],[[1694,1891],[-33,-11]],[[1661,1880],[-5,0]],[[1656,1880],[20,16]],[[1681,1897],[0,9]],[[1681,1906],[22,8]],[[1703,1914],[3,-5]],[[1706,1909],[1,-6]],[[1681,1906],[-4,11]],[[1677,1917],[17,5]],[[1694,1922],[9,-8]],[[1706,1909],[7,1]],[[1713,1910],[6,-4]],[[1719,1906],[-3,-3]],[[1694,1922],[37,9]],[[1731,1931],[2,-2]],[[1733,1929],[8,-8]],[[1741,1921],[-2,-1]],[[1739,1920],[-26,-10]],[[1739,1920],[7,-7]],[[1746,1913],[-7,-3]],[[1739,1910],[-20,-4]],[[1739,1910],[-19,-11]],[[1746,1913],[12,-12]],[[1758,1901],[-14,-4]],[[1744,1897],[-18,-2]],[[1744,1897],[-1,-12]],[[1743,1885],[-20,7]],[[1882,1550],[3,-12]],[[1885,1538],[-3,2]],[[1882,1540],[-6,5]],[[1876,1545],[-7,6]],[[1869,1551],[3,4]],[[1872,1555],[10,-5]],[[1876,1545],[-19,-3]],[[1857,1542],[-2,7]],[[1855,1549],[14,2]],[[1846,1518],[0,-1]],[[1826,1528],[5,14],[13,8]],[[1844,1550],[9,-23]],[[1857,1542],[25,-2]],[[1885,1538],[4,-2]],[[1889,1536],[3,-2]],[[1844,1550],[11,-1]],[[1886,1549],[-4,1]],[[1872,1555],[-2,6]],[[1870,1561],[28,-4]],[[1898,1557],[-1,-1]],[[1897,1556],[-11,-7]],[[1886,1549],[9,-2]],[[1895,1547],[-6,-11]],[[1904,1544],[-4,-7]],[[1895,1547],[9,-3]],[[1897,1556],[12,-8]],[[1909,1548],[-4,-4]],[[1905,1544],[-1,0]],[[1898,1557],[9,-1]],[[1907,1556],[2,-8]],[[1905,1544],[8,-3]],[[1907,1556],[13,-4]],[[1920,1552],[-4,-9]],[[1920,1552],[10,-4]],[[1569,1987],[-50,23],[-14,14]],[[1505,2024],[30,25]],[[1552,2054],[4,-14],[33,-26],[-1,-10]],[[1588,2004],[-19,-17]],[[1493,2013],[12,11]],[[1569,1987],[-26,-28]],[[1543,1959],[-45,36],[-5,18]],[[1543,1959],[-2,-2]],[[1459,2009],[34,4]],[[1454,2013],[17,12],[5,33]],[[1541,1674],[-2,22]],[[1539,1696],[37,-2],[15,4]],[[1591,1698],[-1,-26]],[[1539,1696],[-4,11],[13,23]],[[1548,1730],[15,10]],[[1563,1740],[28,-3]],[[1591,1737],[-1,-3]],[[1590,1734],[1,-36]],[[1746,2024],[17,-3],[1,-13]],[[1764,2008],[-19,-10],[8,-8]],[[1753,1990],[-37,-2]],[[1716,1988],[-1,1]],[[1715,1989],[17,17],[-7,14]],[[1725,2020],[21,4]],[[1771,1575],[-29,-15]],[[1742,1560],[-24,9],[-58,4]],[[1668,1587],[6,-3],[45,6],[17,-1],[35,-14]],[[1771,1575],[22,-13],[23,-8],[54,7]],[[1747,1536],[-8,15],[3,9]],[[1542,1948],[6,-12],[28,-7]],[[1576,1929],[2,-9],[-19,-7]],[[1559,1913],[-46,5]],[[1559,1913],[11,-19]],[[1570,1894],[-51,-3]],[[1505,1680],[-3,2]],[[1502,1682],[-7,11]],[[1495,1693],[-9,10]],[[1486,1703],[8,17]],[[1494,1720],[11,-2],[28,11],[15,1]],[[1640,1967],[-26,-5],[14,-13]],[[1628,1949],[-7,-19]],[[1621,1930],[-27,-8]],[[1594,1922],[-18,7]],[[1542,1949],[71,23]],[[1613,1972],[16,6],[11,-11]],[[1588,2004],[41,-2]],[[1629,2002],[-25,-11],[9,-19]],[[1639,2002],[-1,-13],[11,-18]],[[1649,1971],[-9,-4]],[[1629,2002],[10,0]],[[1550,1503],[-38,0]],[[1599,1757],[-11,-8]],[[1588,1749],[-3,14]],[[1590,1763],[9,-6]],[[1599,1779],[35,-9]],[[1634,1770],[-3,-2]],[[1631,1768],[-32,-11]],[[1613,1753],[-14,4]],[[1631,1768],[-18,-15]],[[1613,1753],[-4,-3]],[[1609,1750],[-13,-17]],[[1596,1733],[-6,1]],[[1591,1737],[-3,12]],[[1634,1770],[15,7]],[[1649,1777],[18,-5]],[[1640,1745],[-3,-3]],[[1637,1742],[-28,8]],[[1637,1742],[-19,-19]],[[1618,1723],[-18,-2],[-4,12]],[[1563,1740],[4,16]],[[1567,1756],[9,6]],[[1383,2025],[10,13],[39,20],[44,0]],[[1501,2433],[-15,-14],[-7,-21],[-52,-42],[11,-4],[-18,-29],[2,-8],[65,25],[11,0],[42,10]],[[1540,2350],[-1,-22],[-24,-13],[0,-10],[-26,-21],[-28,-5],[-34,-27],[-30,8],[-8,-17],[-24,-9],[-15,39],[6,24],[17,30],[30,32],[80,74],[18,0]],[[1341,2222],[-37,-12],[-13,8],[16,8],[26,4],[8,-8]],[[1501,2433],[14,-10],[8,-18],[13,-4],[14,-18],[-8,-8],[-2,-25]],[[1425,1770],[-8,-1]],[[1417,1769],[-35,-17]],[[1382,1752],[-19,-7]],[[1363,1745],[-1,0]],[[1490,1490],[-20,-9]],[[1470,1481],[1,3]],[[1471,1484],[5,2]],[[1476,1486],[14,4]],[[1460,1494],[8,-4]],[[1468,1490],[8,-4]],[[1471,1484],[-13,7]],[[1458,1491],[2,3]],[[1485,1496],[-17,-6]],[[1460,1494],[7,9]],[[1458,1491],[-7,4]],[[1451,1495],[-1,13]],[[1470,1481],[-9,-2]],[[1461,1479],[-4,-2]],[[1457,1477],[-11,5],[5,13]],[[1494,1492],[-4,-2]],[[1457,1477],[-20,0]],[[1437,1477],[-10,2],[-51,-22]],[[1376,1457],[-8,5]],[[1368,1462],[-3,5]],[[1304,1712],[-4,-8]],[[1300,1704],[-3,-3]],[[1297,1701],[-22,-2]],[[1275,1699],[-1,11]],[[1274,1710],[-1,5]],[[1273,1715],[31,-3]],[[1274,1710],[-26,-3]],[[1248,1707],[12,10]],[[1260,1717],[13,-2]],[[1275,1699],[-24,4]],[[1251,1703],[-3,4]],[[1248,1717],[12,0]],[[1248,1707],[-32,-4],[-19,9]],[[1197,1712],[25,-1],[26,6]],[[1251,1703],[-9,-6],[-38,-3]],[[1204,1694],[-7,18]],[[1248,1717],[-6,7],[-35,-6],[17,21]],[[1297,1701],[-6,-24]],[[1286,1670],[-12,9],[-15,-4]],[[1203,1688],[1,6]],[[1300,1704],[20,-24],[4,-11]],[[1317,1705],[48,-22]],[[1744,1530],[-37,-2]],[[1707,1528],[-1,3]],[[1506,1885],[-34,-2]],[[1529,1837],[-16,7]],[[1513,1844],[13,19]],[[1526,1863],[38,-1],[4,-5]],[[1395,1835],[16,7],[41,-12],[9,14],[52,0]],[[1515,1884],[16,-8],[-5,-13]],[[1764,2008],[26,-19],[17,0]],[[1821,1971],[-48,-4]],[[1773,1967],[-7,12]],[[1766,1979],[-13,11]],[[1827,1960],[2,-3]],[[1829,1957],[-43,-11]],[[1786,1946],[-53,-17]],[[1731,1931],[-5,6]],[[1726,1937],[6,5]],[[1732,1942],[41,25]],[[1517,2138],[32,6],[32,11],[29,25],[61,11],[8,-18]],[[1679,2173],[-20,-17],[-41,-14],[-36,-2],[-20,-6],[-15,7],[-26,-4]],[[1809,2249],[-1,1]],[[1808,2250],[1,-1]],[[1679,2173],[12,1],[65,-78],[-10,-72]],[[1725,2020],[-21,-9]],[[1704,2011],[-28,-9]],[[1676,2002],[-37,0]],[[1703,1930],[-26,-13]],[[1677,1917],[-17,-1]],[[1660,1916],[-16,9],[-23,5]],[[1628,1949],[7,3],[37,-5]],[[1672,1947],[31,-17]],[[1714,1951],[18,-9]],[[1726,1937],[-23,-7]],[[1672,1947],[26,1]],[[1698,1948],[16,3]],[[1161,1615],[13,21]],[[1174,1636],[12,-21],[-25,0]],[[1189,1564],[-4,1]],[[1185,1565],[-49,13]],[[1136,1578],[25,37]],[[1174,1636],[10,15]],[[1291,2006],[27,45],[33,83]],[[1647,1848],[2,-5]],[[1649,1843],[-29,-6]],[[1592,1845],[55,3]],[[1639,1811],[-10,-7]],[[1629,1804],[-9,-1]],[[1649,1843],[16,-2]],[[1665,1841],[10,-17]],[[1675,1824],[-24,2],[-12,-15]],[[1675,1824],[33,-48]],[[1688,1770],[-1,9],[-24,23],[-24,9]],[[1649,1777],[-8,16]],[[1641,1793],[-12,11]],[[1611,1791],[30,2]],[[1662,1862],[3,-21]],[[1647,1848],[2,13]],[[1649,1861],[13,1]],[[1484,1669],[-17,21]],[[1467,1690],[10,3]],[[1477,1693],[3,-3]],[[1480,1690],[22,-8]],[[1480,1690],[15,3]],[[1477,1693],[-6,12]],[[1471,1705],[12,-1]],[[1483,1704],[3,-1]],[[1467,1690],[-6,12]],[[1461,1702],[10,3]],[[1461,1702],[-7,4]],[[1454,1706],[1,7]],[[1455,1713],[28,-9]],[[1454,1734],[25,-4]],[[1479,1730],[15,-10]],[[1455,1713],[0,8]],[[1455,1721],[-1,11]],[[1454,1732],[0,2]],[[1452,1673],[4,15]],[[1456,1688],[11,2]],[[1456,1688],[-8,17]],[[1448,1705],[6,1]],[[1425,1677],[10,5],[-7,21]],[[1428,1703],[20,2]],[[1448,1705],[-1,15]],[[1447,1720],[8,1]],[[1428,1703],[1,14]],[[1429,1717],[18,3]],[[1447,1720],[-1,10]],[[1446,1730],[8,2]],[[1429,1717],[-3,9]],[[1426,1726],[20,4]],[[1426,1726],[-13,9]],[[1413,1735],[2,8]],[[1415,1743],[4,12]],[[1419,1755],[-2,14]],[[1432,1769],[5,-23],[17,-12]],[[1415,1743],[-18,2]],[[1397,1745],[22,10]],[[1397,1745],[-15,7]],[[1363,1745],[44,-31]],[[1407,1714],[-15,-34]],[[1413,1735],[-6,-21]],[[1342,1407],[-19,11]],[[1323,1418],[8,24]],[[1331,1442],[19,13]],[[1350,1455],[18,7]],[[1376,1457],[7,-23],[28,-7]],[[1411,1427],[4,-7]],[[1415,1420],[-31,-7]],[[1384,1413],[-15,-4],[-23,-15]],[[1346,1394],[-4,13]],[[1342,1129],[-19,-20],[2,-11]],[[1325,1098],[-10,-10]],[[1315,1088],[-24,23],[-14,8]],[[1277,1119],[-9,11]],[[1268,1130],[39,-6],[35,5]],[[1276,1435],[-19,-10]],[[1257,1425],[-1,18],[8,22]],[[1286,1471],[4,-13]],[[1290,1458],[3,-8],[-17,-15]],[[1257,1425],[-21,5],[-32,-14]],[[1204,1416],[-20,6]],[[1184,1422],[-2,3]],[[1182,1425],[-2,5]],[[1180,1430],[9,19],[13,1],[-2,19]],[[1271,1388],[-10,21]],[[1261,1409],[46,3]],[[1307,1412],[-1,-23]],[[1306,1389],[-2,0]],[[1304,1389],[-5,2]],[[1299,1391],[-28,-3]],[[1342,1407],[-27,-19]],[[1315,1388],[-9,1]],[[1307,1412],[16,6]],[[1346,1394],[-15,-11]],[[1331,1383],[-16,5]],[[1267,1378],[-3,4]],[[1264,1382],[7,6]],[[1299,1391],[-4,-14]],[[1295,1377],[-28,1]],[[1316,1368],[-2,-4]],[[1314,1364],[-19,13]],[[1304,1389],[3,-18],[9,-3]],[[1331,1383],[-13,-13]],[[1318,1370],[-2,-2]],[[1366,1349],[-19,-5]],[[1347,1344],[-41,5]],[[1306,1349],[7,11]],[[1313,1360],[1,4]],[[1318,1370],[47,-11]],[[1365,1359],[1,-10]],[[1313,1360],[-23,-1],[-20,12]],[[1270,1371],[-3,7]],[[1306,1349],[-23,-2]],[[1283,1347],[-11,20]],[[1272,1367],[-2,4]],[[1384,1413],[17,-30],[-18,-26]],[[1383,1357],[-18,2]],[[1383,1357],[-2,-1]],[[1381,1356],[-4,-5]],[[1377,1351],[-11,-2]],[[1178,1106],[11,-5]],[[1189,1101],[0,-2]],[[1189,1099],[-11,3]],[[1178,1102],[0,4]],[[1178,1106],[-7,2]],[[1171,1108],[7,1]],[[1178,1109],[0,-3]],[[1194,1105],[2,-2]],[[1196,1103],[-7,-2]],[[1178,1109],[0,4]],[[1178,1113],[8,1]],[[1186,1114],[5,-6]],[[1191,1108],[-5,-3],[8,0]],[[1191,1108],[3,-3]],[[1196,1103],[6,-5]],[[1202,1098],[-8,-5]],[[1194,1093],[-5,6]],[[1190,1092],[-12,3]],[[1178,1095],[0,7]],[[1194,1093],[-4,-1]],[[1190,1092],[-12,-1],[0,4]],[[1178,1102],[-7,0]],[[1171,1102],[-1,6]],[[1170,1108],[1,0]],[[1178,1095],[-11,2]],[[1167,1097],[4,5]],[[1167,1097],[-5,0]],[[1162,1097],[-4,9]],[[1158,1106],[0,1]],[[1158,1107],[12,1]],[[1171,1108],[0,4]],[[1171,1112],[0,1]],[[1171,1113],[7,0]],[[1158,1107],[0,1]],[[1158,1108],[13,4]],[[1122,1111],[2,3]],[[1124,1114],[7,-6]],[[1131,1108],[0,-1]],[[1131,1107],[0,-1]],[[1131,1106],[-3,-4]],[[1128,1102],[-6,9]],[[1158,1106],[-7,-1]],[[1151,1105],[-15,0]],[[1136,1105],[-5,1]],[[1131,1107],[6,-1]],[[1137,1106],[14,1]],[[1151,1107],[7,1]],[[1151,1105],[-1,-8]],[[1150,1097],[-8,0]],[[1142,1097],[-6,2]],[[1136,1099],[0,6]],[[1150,1097],[1,-3]],[[1151,1094],[-9,-1]],[[1142,1093],[0,4]],[[1142,1093],[-6,2]],[[1136,1095],[0,4]],[[1136,1095],[-4,-1]],[[1132,1094],[0,6]],[[1132,1100],[4,-1]],[[1132,1100],[-4,2]],[[1137,1114],[0,-8]],[[1131,1108],[6,6]],[[1158,1115],[-7,-8]],[[1137,1114],[21,1]],[[1124,1114],[33,4]],[[1157,1118],[29,3]],[[1186,1121],[0,-7]],[[1171,1113],[-13,2]],[[1202,1098],[4,6]],[[1206,1104],[7,-8]],[[1213,1096],[-7,-6]],[[1206,1090],[-7,-7]],[[1199,1083],[-4,-4]],[[1195,1079],[-28,0],[-36,5]],[[1131,1084],[1,10]],[[1151,1094],[11,3]],[[1186,1121],[5,2]],[[1191,1123],[15,-19]],[[1387,1176],[-28,3]],[[1359,1179],[3,15]],[[1362,1194],[18,-1],[77,14],[-2,11]],[[1455,1218],[14,1]],[[1469,1219],[4,-21]],[[1473,1198],[-19,-11],[-25,-6],[-42,-5]],[[1386,1155],[1,21]],[[1473,1198],[1,-10]],[[1474,1188],[-18,-13]],[[1456,1175],[-13,-4]],[[1443,1171],[-37,-7],[-20,-9]],[[1456,1175],[-8,-3]],[[1448,1172],[-5,-1]],[[1359,1179],[-26,2]],[[1333,1181],[-11,12],[-1,14]],[[1321,1207],[30,26]],[[1351,1233],[12,-6],[-16,-15],[15,-18]],[[1189,1238],[1,-16]],[[1190,1222],[-24,-9]],[[1166,1213],[-29,4],[-26,12]],[[1111,1229],[10,10]],[[1121,1239],[21,15]],[[1142,1254],[1,1]],[[1143,1255],[38,-19],[8,2]],[[1121,1239],[-26,7]],[[1095,1246],[28,10],[19,-2]],[[1095,1246],[9,16],[-4,9],[19,10]],[[1119,1281],[18,0]],[[1137,1281],[10,0]],[[1147,1281],[-4,-26]],[[1111,1229],[-9,-8]],[[1102,1221],[-21,0],[8,20]],[[1089,1241],[6,5]],[[1102,1221],[-3,-5]],[[1099,1216],[-10,-4],[-19,13]],[[1070,1225],[19,16]],[[1207,1308],[-3,-17]],[[1204,1291],[-6,-36],[-9,-17]],[[1147,1281],[18,11]],[[1165,1292],[10,6]],[[1175,1298],[12,0],[12,12]],[[1199,1310],[8,-2]],[[1429,1334],[-1,-1]],[[1428,1333],[-25,-3]],[[1403,1330],[-20,6]],[[1383,1336],[-6,15]],[[1381,1356],[40,9],[13,6]],[[1434,1371],[32,-17]],[[1466,1354],[-1,0]],[[1465,1354],[-37,-3],[1,-17]],[[1403,1330],[-18,1],[-2,5]],[[1428,1333],[-2,-19]],[[1426,1314],[-16,1]],[[1410,1315],[-48,-1],[-7,12]],[[1355,1326],[-8,18]],[[1465,1354],[3,-25]],[[1468,1329],[-39,5]],[[1468,1329],[4,-13]],[[1472,1316],[-46,-2]],[[1829,1957],[18,-30]],[[1847,1927],[-34,-4]],[[1813,1923],[-27,23]],[[1813,1923],[-23,-9]],[[1790,1914],[-15,15],[-34,-8]],[[1790,1914],[-8,-6]],[[1782,1908],[-24,-7]],[[1784,1907],[-2,1]],[[1847,1927],[28,9]],[[1875,1936],[13,0]],[[1888,1936],[-10,-29],[-29,-12]],[[1849,1895],[-12,4],[-26,-7],[-1,11],[-26,4]],[[1849,1895],[-9,-8],[-20,-3],[-19,-11],[-17,-1]],[[1784,1872],[0,35]],[[1784,1872],[-21,11],[-20,2]],[[1302,1313],[-22,1],[-13,11]],[[1267,1325],[16,22]],[[1355,1326],[-36,-11],[-17,-2]],[[802,1132],[-25,23],[18,16],[-8,9]],[[787,1180],[28,-12]],[[815,1168],[14,-14]],[[829,1154],[-27,-22]],[[829,1154],[22,-8]],[[851,1146],[-12,-13],[5,-11],[-16,-10]],[[828,1112],[-26,4],[-5,15]],[[797,1131],[5,1]],[[871,1135],[10,-13]],[[881,1122],[-54,-23]],[[827,1099],[1,13]],[[851,1146],[20,-11]],[[815,1168],[42,-20],[14,-13]],[[1192,1156],[4,10]],[[1196,1166],[15,7]],[[1211,1173],[10,-7]],[[1221,1166],[-29,-10]],[[1211,1173],[-3,2]],[[1208,1175],[-1,3]],[[1207,1178],[15,8]],[[1222,1186],[8,-15]],[[1230,1171],[-9,-5]],[[1238,1183],[6,-7]],[[1244,1176],[-14,-5]],[[1222,1186],[9,5]],[[1231,1191],[7,-8]],[[1238,1183],[15,6]],[[1253,1189],[8,-7]],[[1261,1182],[-1,-2]],[[1260,1180],[-16,-4]],[[1231,1191],[11,6]],[[1242,1197],[11,-8]],[[1214,1192],[8,-6]],[[1207,1178],[7,14]],[[1214,1192],[-7,7]],[[1207,1199],[30,6]],[[1237,1205],[5,-8]],[[1207,1199],[19,16]],[[1226,1215],[11,-10]],[[1180,1164],[-1,5]],[[1179,1169],[29,6]],[[1196,1166],[-16,-2]],[[990,1272],[20,-12]],[[1010,1260],[-8,-6]],[[1002,1254],[-2,-1]],[[1000,1253],[-1,0]],[[999,1253],[-13,17]],[[986,1270],[4,2]],[[990,1272],[10,4]],[[1000,1276],[2,0]],[[1002,1276],[21,-18]],[[1023,1258],[-13,2]],[[976,1265],[10,5]],[[999,1253],[-8,-3]],[[991,1250],[-15,15]],[[991,1250],[-11,-2]],[[980,1248],[-12,14]],[[968,1262],[8,3]],[[1022,1276],[14,-15]],[[1036,1261],[-5,-3]],[[1031,1258],[-8,0]],[[1002,1276],[2,1]],[[1004,1277],[18,-1]],[[994,1236],[1,0]],[[995,1236],[3,-8]],[[998,1228],[-13,-3]],[[985,1225],[-11,8]],[[974,1233],[20,3]],[[1007,1240],[5,-9]],[[1012,1231],[-14,-3]],[[995,1236],[12,4]],[[1000,1253],[7,-13]],[[994,1236],[-3,14]],[[974,1233],[6,15]],[[1012,1231],[6,-12]],[[1018,1219],[-33,6]],[[1013,1241],[13,-16]],[[1026,1225],[-8,-6]],[[1002,1254],[11,-13]],[[1031,1258],[1,-12]],[[1032,1246],[-19,-5]],[[1034,1240],[16,-23]],[[1050,1217],[-5,-2]],[[1045,1215],[-19,10]],[[1032,1246],[2,-6]],[[749,995],[8,-19],[-21,-10],[-32,21],[2,23],[28,7],[14,-6],[1,-16]],[[767,1042],[-17,-26],[15,-1],[4,-12],[-8,-9],[14,-19],[-14,-12]],[[761,963],[-27,0],[-28,14],[-5,-15]],[[701,962],[-19,15],[-7,15],[-15,12],[4,16]],[[664,1020],[44,12],[18,24]],[[726,1056],[41,-14]],[[761,963],[-3,-7]],[[758,956],[-46,1],[-11,5]],[[1298,1058],[-6,2]],[[1292,1060],[9,6]],[[1301,1066],[13,4]],[[1314,1070],[3,0]],[[1317,1070],[0,-1]],[[1317,1069],[-19,-11]],[[1330,1066],[-14,-10]],[[1316,1056],[-12,1]],[[1304,1057],[-6,1]],[[1317,1069],[13,-3]],[[1299,1044],[-7,7]],[[1292,1051],[6,7]],[[1304,1057],[6,-11]],[[1310,1046],[-11,-2]],[[1316,1056],[3,-1]],[[1319,1055],[0,-9]],[[1319,1046],[-9,0]],[[1340,1053],[-21,-7]],[[1319,1055],[21,-2]],[[1330,1066],[20,-3]],[[1350,1063],[-1,-1]],[[1349,1062],[-7,-7]],[[1342,1055],[-2,-2]],[[1330,1066],[20,1]],[[1350,1067],[0,-4]],[[1384,1065],[-7,-10]],[[1377,1055],[-15,3]],[[1362,1058],[-13,4]],[[1350,1067],[34,-2]],[[1299,1044],[7,-10]],[[1306,1034],[-14,-1],[0,18]],[[1315,1040],[-6,-7]],[[1309,1033],[-3,1]],[[1310,1046],[5,-6]],[[1319,1046],[-3,-5]],[[1316,1041],[-1,-1]],[[1328,1033],[-19,0]],[[1316,1041],[12,-8]],[[1328,1033],[8,0]],[[1336,1033],[-6,-9]],[[1330,1024],[-25,5]],[[1305,1029],[4,4]],[[1302,1026],[3,3]],[[1330,1024],[-28,2]],[[1342,1055],[15,-4]],[[1357,1051],[11,-6]],[[1368,1045],[-32,-12]],[[1357,1051],[21,4]],[[1378,1055],[-10,-10]],[[1357,1051],[5,7]],[[1377,1055],[1,0]],[[1317,1070],[55,1]],[[1372,1071],[12,0]],[[1384,1071],[0,-6]],[[1269,1009],[0,24],[-6,17]],[[1263,1050],[29,10]],[[1302,1026],[-11,-14],[-22,-3]],[[1453,1068],[74,-2]],[[1527,1066],[-25,-14],[-24,-5],[-29,2],[-25,-4],[-27,-14],[-18,-26],[-61,-31]],[[1318,974],[-31,-6]],[[1287,968],[-1,0]],[[1286,968],[-20,2]],[[1266,970],[3,7]],[[1269,977],[5,18],[-5,14]],[[1384,1071],[46,-7],[23,4]],[[630,1051],[-20,1]],[[610,1052],[-3,11],[25,13],[-7,14]],[[625,1090],[25,2],[7,-8]],[[657,1084],[-15,-26],[-12,-7]],[[623,1092],[2,2]],[[625,1094],[-2,-2]],[[484,1005],[-3,2]],[[481,1007],[13,5],[13,23],[-8,26],[12,7],[42,8],[72,18]],[[623,1092],[2,-2]],[[610,1052],[-71,-9],[-4,-12],[-23,-1],[-11,-16],[-17,-9]],[[601,1027],[-33,-3],[3,13],[30,-10]],[[657,1084],[30,-7],[18,-14],[21,-7]],[[664,1020],[-20,25],[-14,6]],[[1623,1083],[4,-6]],[[1627,1077],[-8,-6]],[[1619,1071],[-7,2]],[[1612,1073],[-10,1]],[[1602,1074],[12,9]],[[1614,1083],[6,1]],[[1620,1084],[3,-1]],[[1634,1077],[-7,0]],[[1623,1083],[6,4]],[[1629,1087],[5,-10]],[[1629,1095],[-9,-11]],[[1614,1083],[2,2]],[[1616,1085],[5,11]],[[1621,1096],[8,-1]],[[1616,1085],[-11,-3]],[[1605,1082],[0,5]],[[1605,1087],[2,9]],[[1607,1096],[14,0]],[[1605,1087],[-14,5]],[[1591,1092],[1,3]],[[1592,1095],[15,1]],[[1605,1082],[-17,4]],[[1588,1086],[3,6]],[[1614,1083],[-8,-4],[-19,5]],[[1587,1084],[1,2]],[[1602,1074],[-18,2]],[[1584,1076],[3,8]],[[1584,1076],[-15,1]],[[1569,1077],[-2,10]],[[1567,1087],[20,-3]],[[1567,1087],[0,2]],[[1567,1089],[18,5]],[[1585,1094],[7,1]],[[1629,1087],[17,0]],[[1646,1087],[4,-8]],[[1650,1079],[-3,-5]],[[1647,1074],[-13,3]],[[1655,1078],[-3,-5]],[[1652,1073],[-5,1]],[[1650,1079],[5,-1]],[[1662,1087],[-7,-9]],[[1646,1087],[16,0]],[[1641,1094],[1,-1]],[[1642,1093],[21,-2]],[[1663,1091],[-1,-4]],[[1629,1095],[12,-1]],[[1623,1101],[17,-1]],[[1640,1100],[1,-6]],[[1621,1096],[2,4]],[[1623,1100],[0,1]],[[1592,1095],[2,3]],[[1594,1098],[14,1]],[[1608,1099],[15,1]],[[1594,1098],[4,8]],[[1598,1106],[10,-7]],[[1599,1109],[-1,-3]],[[1585,1094],[-5,19]],[[1580,1113],[19,-4]],[[1607,1111],[16,-10]],[[1599,1109],[8,2]],[[1663,1091],[10,-1],[-4,-22]],[[1651,1070],[1,3]],[[1643,1070],[-24,1]],[[1358,1256],[-3,-1]],[[1355,1255],[-29,9]],[[1326,1264],[-2,3]],[[1324,1267],[27,-1]],[[1351,1266],[7,-10]],[[1355,1255],[-6,-4]],[[1349,1251],[-16,-5]],[[1333,1246],[-7,18]],[[1351,1273],[1,-7]],[[1352,1266],[-1,0]],[[1324,1267],[-12,-4]],[[1312,1263],[10,14],[14,6]],[[1336,1283],[15,-10]],[[1336,1283],[12,6]],[[1348,1289],[14,-14]],[[1362,1275],[-11,-2]],[[1362,1275],[24,-3],[6,-8]],[[1392,1264],[-17,1]],[[1375,1265],[-23,1]],[[1375,1265],[1,-8]],[[1376,1257],[-18,-1]],[[1392,1264],[1,-1]],[[1393,1263],[-13,-7]],[[1380,1256],[-4,1]],[[1369,1250],[-20,1]],[[1380,1256],[-11,-6]],[[1333,1246],[-2,-1]],[[1331,1245],[-30,9],[8,8]],[[1309,1262],[3,1]],[[1228,1011],[-15,10]],[[1213,1021],[-1,13],[13,7]],[[1225,1041],[15,14]],[[1240,1055],[23,-5]],[[1269,977],[-24,13],[-17,21]],[[946,1377],[25,-19]],[[971,1358],[-2,0]],[[969,1358],[-23,2]],[[946,1360],[-16,8]],[[930,1368],[16,9]],[[946,1360],[-14,-3]],[[932,1357],[-9,7]],[[923,1364],[7,4]],[[969,1358],[-21,-13]],[[948,1345],[-20,8]],[[928,1353],[4,4]],[[958,1335],[-4,4]],[[954,1339],[-6,6]],[[971,1358],[13,-11]],[[984,1347],[-26,-12]],[[954,1339],[-11,-3]],[[943,1336],[-6,1]],[[937,1337],[11,8]],[[937,1337],[-9,8]],[[928,1345],[-4,4]],[[924,1349],[4,4]],[[906,1340],[-8,7]],[[898,1347],[25,17]],[[924,1349],[-18,-9]],[[906,1340],[-25,-7]],[[881,1333],[17,14]],[[928,1345],[-6,-7]],[[922,1338],[-8,-4]],[[914,1334],[-8,6]],[[943,1336],[-7,-2]],[[936,1334],[-14,4]],[[936,1334],[-6,-3]],[[930,1331],[-11,-3]],[[919,1328],[-5,6]],[[904,1322],[-11,-4]],[[893,1318],[0,7]],[[893,1325],[21,9]],[[919,1328],[-15,-6]],[[893,1325],[-10,-4]],[[883,1321],[-9,6]],[[874,1327],[7,6]],[[868,1310],[15,11]],[[893,1318],[-5,-2]],[[888,1316],[-20,-6]],[[868,1310],[0,-3]],[[868,1307],[3,-6]],[[871,1301],[-25,-7]],[[846,1294],[-6,9]],[[840,1303],[34,24]],[[882,1291],[-5,-3]],[[877,1288],[-23,-5],[-8,11]],[[871,1301],[11,-10]],[[902,1312],[9,-9]],[[911,1303],[-6,-4]],[[905,1299],[-23,-8]],[[868,1307],[29,2]],[[897,1309],[5,3]],[[888,1316],[9,-7]],[[912,1316],[-10,-4]],[[904,1322],[8,-6]],[[919,1328],[7,-8]],[[926,1320],[-14,-4]],[[930,1331],[7,-6]],[[937,1325],[1,-2]],[[938,1323],[-6,-2]],[[932,1321],[-6,-1]],[[943,1336],[3,-3]],[[946,1333],[-9,-8]],[[958,1335],[-12,-2]],[[985,1347],[0,-7]],[[985,1340],[-21,-9]],[[964,1331],[-2,-1]],[[962,1330],[-4,5]],[[984,1347],[1,0]],[[994,1332],[-9,8]],[[985,1347],[16,7],[14,-10]],[[1015,1344],[0,-3]],[[1015,1341],[-21,-9]],[[977,1324],[-1,0]],[[976,1324],[-12,7]],[[994,1332],[-17,-8]],[[976,1324],[-8,-3]],[[968,1321],[-7,-4]],[[961,1317],[-7,4]],[[954,1321],[8,9]],[[954,1321],[-16,2]],[[961,1317],[-8,-6]],[[953,1311],[-10,1]],[[943,1312],[-11,9]],[[943,1312],[-8,-3]],[[935,1309],[-9,11]],[[925,1310],[-13,6]],[[935,1309],[-1,-1]],[[934,1308],[-9,2]],[[925,1310],[-7,-4]],[[918,1306],[-7,-3]],[[905,1299],[17,-10]],[[922,1289],[-8,-4]],[[914,1285],[-24,-11]],[[890,1274],[-13,14]],[[918,1306],[10,-7]],[[928,1299],[3,-6]],[[931,1293],[-9,-4]],[[934,1308],[-6,-9]],[[951,1304],[1,-6]],[[952,1298],[-6,-2]],[[946,1296],[-13,-5]],[[933,1291],[-2,2]],[[934,1308],[17,-4]],[[953,1311],[-2,-7]],[[982,1311],[-5,-2]],[[977,1309],[-10,-5]],[[967,1304],[-15,-6]],[[968,1321],[14,-10]],[[977,1324],[7,-14]],[[984,1310],[-1,0]],[[983,1310],[-1,1]],[[933,1291],[8,-12]],[[941,1279],[9,-12]],[[950,1267],[-21,5],[-15,13]],[[1000,1276],[-13,27]],[[987,1303],[-4,7]],[[984,1310],[10,-2]],[[994,1308],[6,-2],[2,2],[-4,3]],[[998,1311],[8,3]],[[1006,1314],[25,-9]],[[1031,1305],[-18,2],[-17,-23],[8,-7]],[[1031,1305],[7,-2]],[[1038,1303],[5,-1]],[[1043,1302],[-28,-12],[21,-8]],[[1036,1282],[-14,-6]],[[1048,1326],[-18,-16],[8,-7]],[[1006,1314],[21,11]],[[1027,1325],[10,0]],[[1037,1325],[11,1]],[[1048,1325],[15,-13]],[[1063,1312],[1,-11]],[[1064,1301],[-21,1]],[[1048,1326],[0,-1]],[[1569,1077],[-14,-2]],[[1555,1075],[-28,-9]],[[1453,1068],[-6,4],[-2,23]],[[1445,1095],[8,4]],[[1453,1099],[27,11]],[[1480,1110],[9,-27]],[[1489,1083],[33,-1],[17,3]],[[1539,1085],[13,3]],[[1552,1088],[15,1]],[[1766,1979],[-52,-28]],[[1698,1948],[-2,26]],[[1696,1974],[21,4],[-1,10]],[[1649,1971],[18,-3]],[[1667,1968],[29,6]],[[1704,2011],[11,-22]],[[1667,1968],[9,34]],[[760,1074],[8,9]],[[768,1083],[16,1]],[[784,1084],[-3,-5]],[[781,1079],[-6,-7]],[[775,1072],[-15,2]],[[804,1088],[-13,-6]],[[791,1082],[-1,1]],[[790,1083],[-7,9]],[[783,1092],[15,6]],[[798,1098],[6,-10]],[[790,1083],[-6,1]],[[768,1083],[15,9]],[[802,1073],[-1,-3]],[[801,1070],[-26,2]],[[781,1079],[12,2]],[[793,1081],[9,-8]],[[807,1075],[-5,-2]],[[793,1081],[-2,1]],[[804,1088],[7,3]],[[811,1091],[23,1]],[[834,1092],[-8,-8]],[[826,1084],[-19,-9]],[[781,1098],[-5,4],[21,10],[-3,-10],[-13,-4]],[[798,1098],[13,-7]],[[760,1074],[-24,4],[-27,16]],[[709,1094],[50,13],[14,18]],[[773,1125],[24,6]],[[827,1099],[13,0]],[[840,1099],[-3,-6]],[[837,1093],[-3,-1]],[[826,1084],[-19,-9]],[[1277,1118],[0,1]],[[1315,1088],[-3,-14]],[[1312,1074],[-8,6],[-25,-5]],[[1279,1075],[-14,5]],[[1265,1080],[-23,8]],[[1242,1088],[5,9]],[[1247,1097],[19,6]],[[1266,1103],[23,4],[-12,11]],[[1874,1967],[1,-31]],[[1902,1937],[-14,-1]],[[1215,1521],[-30,16]],[[1185,1537],[21,22]],[[1079,1460],[-13,-9]],[[1066,1451],[-15,6]],[[1051,1457],[-3,1]],[[1048,1458],[9,8]],[[1057,1466],[22,-6]],[[1082,1457],[-10,-10]],[[1072,1447],[-6,4]],[[1079,1460],[3,-3]],[[1072,1447],[1,-13]],[[1073,1434],[-7,-1]],[[1066,1433],[-5,13]],[[1061,1446],[5,5]],[[1061,1446],[-15,0]],[[1046,1446],[5,11]],[[1026,1446],[14,15]],[[1040,1461],[8,-3]],[[1046,1446],[-20,0]],[[1066,1433],[-20,-15]],[[1046,1418],[-29,19]],[[1017,1437],[9,9]],[[1040,1461],[8,8]],[[1048,1469],[9,-3]],[[1077,1431],[-4,3]],[[1082,1457],[24,9]],[[1106,1466],[0,-16]],[[1106,1450],[-5,-17],[-24,-2]],[[1077,1431],[14,-6],[-1,-13]],[[1090,1412],[-7,-6]],[[1083,1406],[-37,12]],[[1260,1180],[25,-18]],[[1285,1162],[-1,-1]],[[1284,1161],[-65,-9]],[[1219,1152],[-1,0]],[[1218,1152],[-27,2]],[[1191,1154],[1,2]],[[1728,1129],[-33,-9],[1,-13],[-27,1]],[[1669,1108],[0,23]],[[1669,1131],[37,10],[-9,12]],[[1697,1153],[24,26]],[[1721,1179],[23,16]],[[1744,1195],[28,-11],[19,-2]],[[1756,1138],[-24,0],[-4,-9]],[[1146,1406],[-16,-2]],[[1130,1404],[-7,7]],[[1123,1411],[23,-5]],[[1123,1411],[0,2]],[[1123,1413],[9,2]],[[1132,1415],[25,-4]],[[1157,1411],[-11,-5]],[[1131,1422],[1,-7]],[[1123,1413],[-2,1]],[[1121,1414],[10,8]],[[1131,1422],[3,2]],[[1134,1424],[23,-3]],[[1157,1421],[0,-2]],[[1157,1419],[0,-8]],[[1166,1397],[0,-1]],[[1166,1396],[-11,-7]],[[1155,1389],[-17,-9]],[[1138,1380],[-9,9],[1,15]],[[1157,1411],[9,-14]],[[1138,1380],[-23,-12]],[[1115,1368],[-6,10]],[[1109,1378],[-7,21]],[[1102,1399],[3,2]],[[1105,1401],[18,10]],[[1105,1401],[-15,11]],[[1090,1412],[3,4]],[[1093,1416],[28,-2]],[[1135,1426],[-1,-2]],[[1093,1416],[28,14],[14,-4]],[[1160,1432],[-3,-11]],[[1135,1426],[5,8]],[[1140,1434],[20,-2]],[[1102,1399],[-17,-5]],[[1085,1394],[-2,12]],[[1157,1419],[5,1]],[[1162,1420],[18,-2]],[[1180,1418],[12,-9],[-26,-12]],[[1180,1418],[4,4]],[[1204,1416],[10,-13]],[[1214,1403],[-12,-22]],[[1202,1381],[-9,6]],[[1193,1387],[-27,9]],[[1182,1425],[-20,-5]],[[1160,1432],[20,-2]],[[1196,1472],[-1,0]],[[1195,1472],[-28,14]],[[1167,1486],[2,11],[-14,8]],[[1155,1505],[30,32]],[[862,1190],[8,7]],[[870,1197],[12,-5]],[[882,1192],[1,-1]],[[883,1191],[17,-13],[35,-8]],[[935,1170],[-16,-10]],[[919,1160],[-9,-6]],[[910,1154],[-2,1]],[[908,1155],[-25,9],[-28,19]],[[855,1183],[7,7]],[[1656,1880],[-48,-9],[-31,-2]],[[1577,1869],[1,15]],[[1578,1884],[22,10],[32,2],[-3,9]],[[1629,1905],[7,8],[24,3]],[[1594,1922],[7,-19],[28,2]],[[1578,1884],[-8,10]],[[1577,1869],[13,-6]],[[1661,1880],[1,-18]],[[1649,1861],[-4,4],[-47,-3]],[[807,936],[-10,10],[-39,10]],[[767,1042],[46,-15],[22,-4],[23,-17],[29,-13],[16,-14]],[[903,979],[-18,-13]],[[885,966],[-65,3],[-13,-33]],[[1331,1245],[-19,-17],[-20,-6]],[[1292,1222],[-1,0]],[[1291,1222],[1,6],[-33,20]],[[1259,1248],[20,13]],[[1279,1261],[26,12],[4,-11]],[[1226,1215],[15,22]],[[1241,1237],[18,11]],[[1291,1222],[-17,-6],[14,-12],[-13,-18],[-14,-4]],[[905,1087],[-40,-13]],[[865,1074],[-28,19]],[[840,1099],[44,5]],[[884,1104],[21,-17]],[[881,1122],[13,-5]],[[894,1117],[-10,-13]],[[926,1113],[2,-14],[15,-23],[16,-16]],[[959,1060],[-18,-7]],[[941,1053],[-10,-1]],[[931,1052],[-4,16],[-19,3],[-3,16]],[[894,1117],[32,-4]],[[931,1052],[-26,0],[-16,-18]],[[889,1034],[-52,19]],[[837,1053],[28,21]],[[837,1053],[-13,1],[-23,16]],[[1497,1386],[-23,7],[-21,-5],[-3,-10],[-16,-7]],[[1415,1420],[19,5],[60,-9],[15,8]],[[1509,1424],[25,-12]],[[1534,1412],[-18,-6],[1,-18],[-20,-2]],[[1268,1130],[-2,3]],[[1266,1133],[-5,6]],[[1261,1139],[20,1]],[[1281,1140],[30,-1],[55,8]],[[1366,1147],[17,-17]],[[1383,1130],[-31,-5],[-10,4]],[[1120,1482],[-14,-16]],[[1057,1466],[41,40]],[[1098,1506],[0,-12],[22,-12]],[[1048,1469],[39,45],[49,64]],[[1185,1565],[-37,-30],[-50,-29]],[[1155,1505],[-35,-23]],[[1132,1451],[8,-17]],[[1106,1450],[15,5]],[[1121,1455],[11,-4]],[[961,955],[10,-3],[58,0],[17,-4]],[[1046,948],[-10,-5]],[[1036,943],[-21,-1],[-17,-22],[-38,-10],[-50,-6]],[[910,904],[3,36],[25,4],[23,11]],[[910,904],[-35,6]],[[875,910],[13,37],[-3,19]],[[903,979],[12,-8],[26,-5],[20,-11]],[[875,910],[-12,12],[-56,14]],[[1074,1086],[18,-5]],[[1092,1081],[-1,-12]],[[1091,1069],[-18,-10],[-2,-11]],[[1071,1048],[-4,-13]],[[1067,1035],[-11,-7]],[[1056,1028],[-35,8],[10,26],[-7,11]],[[1024,1073],[17,7],[23,-1],[10,7]],[[1092,1081],[39,3]],[[1195,1079],[8,-11]],[[1203,1068],[-16,-7]],[[1187,1061],[-49,-1],[-29,3],[-18,6]],[[1187,1061],[10,-8]],[[1197,1053],[-15,-9],[-20,5],[-9,-9]],[[1153,1040],[-35,0],[-47,8]],[[1153,1040],[4,-4]],[[1157,1036],[-32,-10]],[[1125,1026],[-17,11],[-30,-6],[-11,4]],[[1197,1053],[28,-12]],[[1213,1021],[-24,2],[-32,13]],[[1203,1068],[6,-6]],[[1209,1062],[31,-7]],[[978,1031],[21,6],[10,15],[-36,10]],[[973,1062],[51,11]],[[1056,1028],[-2,-4]],[[1054,1024],[-21,4],[-55,3]],[[952,1028],[-3,19],[-8,6]],[[959,1060],[14,2]],[[978,1031],[-26,-3]],[[959,1003],[-68,12],[-18,13],[16,6]],[[952,1028],[10,-12],[-3,-13]],[[946,997],[-13,-13]],[[933,984],[-32,13],[5,6],[40,-6]],[[1054,1024],[-7,-10]],[[1047,1014],[-20,-34]],[[1027,980],[-68,23]],[[946,997],[49,-11],[-16,-11],[-19,1],[-27,8]],[[1520,1266],[-20,4]],[[1500,1270],[-9,12],[17,6]],[[1508,1288],[12,-22]],[[1520,1266],[14,-12]],[[1477,1235],[-8,7]],[[1469,1242],[-9,7],[39,6],[-10,12]],[[1489,1267],[11,3]],[[1508,1288],[15,19]],[[1489,1267],[-44,-4],[-4,8]],[[1441,1271],[10,4],[21,24],[38,14]],[[1325,1098],[23,-8],[31,5]],[[1379,1095],[6,-5]],[[1385,1090],[-13,-19]],[[1314,1070],[-2,4]],[[1348,1289],[-29,4],[-17,20]],[[1410,1315],[-7,-20],[-37,8],[-18,-14]],[[1426,1314],[-6,-17],[21,-26]],[[1441,1271],[-32,-9],[-16,1]],[[1472,1316],[14,2]],[[1486,1318],[29,0]],[[1236,1110],[-16,12]],[[1220,1122],[12,10]],[[1232,1132],[13,-8],[21,9]],[[1277,1118],[-10,-12]],[[1267,1106],[-31,4]],[[1219,1152],[18,-10]],[[1237,1142],[-5,-10]],[[1220,1122],[-9,5]],[[1211,1127],[7,25]],[[1266,1103],[1,3]],[[1247,1097],[-11,13]],[[1242,1088],[-5,1]],[[1237,1089],[-24,7]],[[1191,1123],[20,4]],[[1237,1142],[24,-3]],[[1097,1172],[30,2]],[[1127,1174],[15,-7]],[[1142,1167],[-14,-15],[-18,-3]],[[1110,1149],[-1,0]],[[1109,1149],[-12,23]],[[1109,1149],[-7,-1]],[[1102,1148],[-24,3]],[[1078,1151],[-6,11],[-17,1]],[[1055,1163],[4,6]],[[1059,1169],[20,2]],[[1079,1171],[18,1]],[[1037,1195],[-6,-1]],[[1031,1194],[-10,18]],[[1021,1212],[24,3]],[[1050,1217],[20,8]],[[1099,1216],[3,-27]],[[1102,1189],[-28,-14]],[[1074,1175],[-17,11]],[[1057,1186],[1,4]],[[1058,1190],[-21,5]],[[1083,1209],[-6,6],[-20,-6],[7,-7],[19,7]],[[1079,1171],[-5,4]],[[1102,1189],[26,3]],[[1128,1192],[-1,-18]],[[1166,1213],[4,-15]],[[1170,1198],[-42,-6]],[[1170,1198],[10,-21],[-4,-8],[2,-8],[6,-8]],[[1184,1153],[-25,-1]],[[1159,1152],[-17,15]],[[1148,1127],[-14,7],[3,12],[-27,3]],[[1159,1152],[9,-16],[-20,-9]],[[1157,1118],[-9,9]],[[1184,1153],[7,1]],[[1028,1127],[-8,15],[21,-1],[-13,-14]],[[1179,1169],[-1,-4],[2,-1]],[[1190,1222],[9,11],[37,10],[5,-6]],[[1122,1111],[-40,4]],[[1082,1115],[13,12]],[[1095,1127],[7,21]],[[1068,1135],[-10,5]],[[1058,1140],[10,-5]],[[1026,1091],[-11,1]],[[1015,1092],[-28,11]],[[987,1103],[-5,5]],[[982,1108],[-4,5]],[[978,1113],[-5,8]],[[973,1121],[54,6],[3,-10]],[[1030,1117],[-4,-26]],[[833,1215],[1,-11],[28,-14]],[[855,1183],[-22,8]],[[833,1191],[-68,32],[-39,13]],[[726,1236],[13,-3],[31,17]],[[770,1250],[19,-20],[44,-15]],[[1059,1169],[-2,3]],[[1057,1172],[0,14]],[[1078,1151],[-22,-1]],[[1056,1150],[-2,1]],[[1054,1151],[0,11]],[[1054,1162],[1,1]],[[1095,1127],[-27,8]],[[1058,1140],[-6,9]],[[1052,1149],[4,1]],[[973,1121],[-11,23]],[[962,1144],[30,3]],[[992,1147],[20,1]],[[1012,1148],[40,1]],[[1082,1115],[-11,4]],[[1071,1119],[-41,-2]],[[833,1191],[28,-19],[9,-20],[32,-6],[6,9]],[[910,1154],[20,-6],[32,-4]],[[978,1113],[-52,0]],[[787,1180],[-37,5],[-44,-4],[-68,-15]],[[638,1166],[-8,4],[28,31],[-10,13],[8,16],[33,13],[37,-7]],[[1058,1190],[-12,-4],[-9,9]],[[987,1303],[-2,-2]],[[985,1301],[-8,8]],[[985,1301],[0,-6]],[[985,1295],[-9,0]],[[976,1295],[-9,9]],[[976,1295],[-12,-8]],[[964,1287],[-12,11]],[[964,1287],[-6,-4]],[[958,1283],[-12,13]],[[958,1283],[-17,-4]],[[971,1270],[5,-5]],[[968,1262],[-16,3]],[[952,1265],[-2,2]],[[958,1283],[13,-13]],[[964,1287],[7,-17]],[[985,1295],[5,-23]],[[1044,1168],[-1,-5]],[[1043,1163],[0,5]],[[1043,1168],[1,0]],[[1044,1168],[5,4]],[[1049,1172],[1,1]],[[1050,1173],[7,-1]],[[1054,1162],[-11,1]],[[1043,1163],[7,-5]],[[1050,1158],[-5,1]],[[1045,1159],[-10,7]],[[1035,1166],[8,2]],[[1020,1160],[15,6]],[[1045,1159],[-25,1]],[[1050,1158],[4,-7]],[[1012,1148],[-1,10]],[[1011,1158],[2,0]],[[1013,1158],[7,2]],[[1013,1158],[20,17],[16,-3]],[[1037,1184],[13,-11]],[[1011,1158],[-2,5]],[[1009,1163],[-5,11]],[[1004,1174],[0,11]],[[1004,1185],[33,-1]],[[1037,1184],[-6,10]],[[1004,1185],[-11,15]],[[993,1200],[28,12]],[[1520,1187],[-5,0]],[[1515,1187],[-10,2]],[[1505,1189],[-31,-1]],[[1469,1219],[25,-15],[14,5]],[[1385,1090],[13,4],[47,1]],[[1150,989],[10,-25],[17,-13]],[[1177,951],[-23,2],[-43,11],[-52,4],[-32,12]],[[1047,1014],[33,-8],[13,3],[42,-9],[15,-11]],[[1125,1026],[5,-21],[18,-4],[12,-11]],[[1160,990],[-10,-1]],[[980,1097],[-7,-5]],[[973,1092],[-4,0]],[[969,1092],[-15,4]],[[954,1096],[0,4]],[[954,1100],[17,4]],[[971,1104],[11,4]],[[987,1103],[-3,-1]],[[984,1102],[0,-3]],[[984,1099],[-4,-2]],[[954,1100],[-7,6],[20,3],[4,-5]],[[999,1089],[15,0],[3,-12],[-22,3],[4,9]],[[973,1092],[1,-5]],[[974,1087],[-17,-1]],[[957,1086],[-2,5]],[[955,1091],[14,1]],[[987,1091],[0,-3]],[[987,1088],[-13,-1]],[[980,1097],[7,-6]],[[977,1080],[-3,7]],[[987,1088],[-10,-8]],[[955,1091],[-1,5]],[[977,1080],[-20,6]],[[984,1099],[0,3]],[[1015,1092],[-28,-1]],[[1026,1091],[39,-2]],[[1065,1089],[9,-3]],[[1065,1089],[-10,24],[16,6]],[[709,1094],[-1,7],[-34,32],[-1,7],[18,17]],[[691,1157],[78,-16],[4,-16]],[[691,1157],[9,7],[-18,9],[-44,-7]],[[1228,1011],[1,-6],[-25,-20],[-35,-6],[-9,11]],[[1266,970],[-66,-16],[-23,-3]],[[1756,1251],[-28,-29],[25,-6],[21,1]],[[1774,1217],[-19,-9],[-11,-13]],[[1744,1195],[-47,9]],[[1697,1204],[9,9],[-10,13],[-14,1]],[[1797,1220],[-23,-3]],[[989,1153],[-22,5]],[[967,1158],[6,9]],[[973,1167],[10,2]],[[983,1169],[1,-4]],[[984,1165],[5,-12]],[[967,1158],[-2,-7],[-46,9]],[[935,1170],[38,-3]],[[989,1153],[3,-6]],[[984,1165],[25,-2]],[[983,1169],[21,5]],[[983,1169],[-5,10]],[[978,1179],[26,6]],[[978,1179],[-12,12]],[[966,1191],[27,9]],[[935,1170],[30,22]],[[965,1192],[1,-1]],[[1469,1242],[-32,-1],[-12,-9]],[[1425,1232],[-48,15]],[[1377,1247],[-8,3]],[[1424,1244],[-4,3],[-5,-1],[2,-4],[7,2]],[[1351,1233],[26,14]],[[1425,1232],[30,-14]],[[1109,1378],[-39,-28]],[[1070,1350],[-27,11]],[[1043,1361],[12,10]],[[1055,1371],[30,23]],[[1279,1261],[-12,3],[-34,20]],[[1233,1284],[19,11],[-3,20]],[[1249,1315],[0,11]],[[1249,1326],[18,-1]],[[1043,1361],[-28,-17]],[[946,1377],[46,39]],[[992,1416],[63,-45]],[[992,1416],[25,21]],[[1504,1341],[32,4]],[[1536,1345],[-2,-11],[13,-15]],[[1486,1318],[18,7],[0,16]],[[1466,1354],[38,-10]],[[1504,1344],[0,-3]],[[1536,1345],[13,8],[32,1]],[[1581,1354],[4,-8],[-16,-19]],[[1497,1386],[3,-17],[12,-17],[-8,-8]],[[1586,1377],[-17,-7],[12,-16]],[[1534,1412],[18,0]],[[1133,1296],[-16,1]],[[1117,1297],[6,13]],[[1123,1310],[18,4]],[[1141,1314],[16,-8]],[[1157,1306],[-24,-10]],[[1117,1297],[-8,1]],[[1109,1298],[-1,16]],[[1108,1314],[15,-4]],[[1152,1328],[-2,-1]],[[1150,1327],[-9,-13]],[[1108,1314],[2,6],[42,8]],[[1167,1315],[-10,-9]],[[1150,1327],[17,-12]],[[1152,1328],[24,-4]],[[1176,1324],[0,-2]],[[1176,1322],[-9,-7]],[[1119,1281],[-19,7]],[[1100,1288],[9,10]],[[1133,1296],[4,-15]],[[1176,1322],[23,-12]],[[1175,1298],[-10,4]],[[1165,1302],[2,13]],[[1165,1302],[0,-10]],[[1100,1288],[-20,11]],[[1080,1299],[-16,2]],[[1063,1312],[35,15]],[[1098,1327],[36,12]],[[1134,1339],[12,3],[27,-13]],[[1173,1329],[3,-5]],[[1155,1389],[32,-11]],[[1187,1378],[-9,-23]],[[1178,1355],[1,-22],[-6,-4]],[[1134,1339],[-19,29]],[[1193,1387],[-6,-9]],[[1301,1066],[-12,5]],[[1289,1071],[-10,4]],[[1292,1060],[-5,0]],[[1287,1060],[-9,2]],[[1278,1062],[11,9]],[[1278,1062],[-10,9]],[[1268,1071],[-3,9]],[[1264,1065],[-25,2]],[[1239,1067],[10,8],[18,-4]],[[1267,1071],[-3,-6]],[[1267,1071],[1,0]],[[1287,1060],[-23,0]],[[1264,1060],[0,5]],[[1264,1060],[-25,7]],[[1209,1062],[16,5],[12,22]],[[1206,1090],[8,-5],[-8,-5],[-7,3]],[[1386,1155],[-20,-8]],[[1281,1140],[3,21]],[[1285,1162],[33,9],[15,10]],[[1292,1222],[29,-15]],[[1276,1435],[55,7]],[[1261,1409],[-47,-6]],[[1290,1458],[35,3],[25,-6]],[[2189,2127],[49,28],[-2,11]],[[2236,2166],[46,6]],[[2286,2110],[-30,-9]],[[2256,2101],[-20,11],[-47,15]],[[2189,2127],[-30,-6]],[[2159,2121],[-19,7]],[[2206,2197],[6,-2]],[[2212,2195],[24,-29]],[[2159,2121],[-12,-9],[-5,-16]],[[2142,2096],[-47,9],[-12,-4]],[[2256,2101],[-29,-2],[-18,-15],[-22,-1],[-45,13]],[[434,736],[-4,-15],[11,-29]],[[441,692],[-32,-2],[-5,-11],[33,-2]],[[437,677],[-17,-19]],[[420,658],[-23,6],[-19,-4],[-20,16]],[[358,676],[-3,4]],[[355,680],[-5,4]],[[350,684],[-4,16]],[[346,700],[6,4]],[[352,704],[5,9]],[[357,713],[-9,13]],[[348,726],[-2,5]],[[346,731],[-5,9]],[[341,740],[7,11]],[[348,751],[62,-4],[24,-11]],[[348,720],[-3,4]],[[345,724],[3,-4]],[[540,729],[15,-1]],[[555,728],[-5,-9],[21,-11],[-4,-7]],[[567,701],[-4,-7]],[[563,694],[-29,3],[-26,-3],[-14,-21]],[[494,673],[-7,-1]],[[487,672],[-15,22],[-31,-2]],[[434,736],[31,-3]],[[465,733],[19,1],[38,-4]],[[522,730],[18,-1]],[[554,665],[-60,8]],[[563,694],[5,-11],[-14,-18]],[[487,672],[-25,-4],[-11,11],[-14,-2]],[[554,665],[-11,-21],[-25,2],[-16,-5],[-48,-6],[-34,23]],[[522,730],[-9,4],[-3,31]],[[510,765],[30,10],[21,1],[8,-9]],[[569,767],[-17,-5],[1,-17],[-13,-16]],[[583,774],[-8,-6]],[[575,768],[-6,-1]],[[510,765],[-1,24]],[[509,789],[60,4],[14,-19]],[[575,768],[12,-9],[-1,-13]],[[586,746],[-18,-5],[-13,-13]],[[616,777],[-11,-7],[-1,-16]],[[604,754],[-18,-8]],[[583,774],[16,6],[17,-3]],[[469,746],[-4,-13]],[[348,751],[39,10],[2,5]],[[389,766],[27,1],[5,-8],[31,-9]],[[452,750],[17,-4]],[[453,750],[16,-4]],[[452,750],[1,0]],[[453,750],[57,15]],[[507,790],[2,1]],[[509,791],[0,-2]],[[389,766],[-18,7]],[[371,773],[3,14],[21,9],[39,-6],[29,9],[44,-9]],[[441,779],[6,5],[-8,-1],[2,-4]],[[414,800],[6,-2]],[[420,798],[-6,2]],[[2138,1098],[-6,-19]],[[2132,1079],[-13,-13]],[[2119,1066],[-27,-7]],[[2092,1059],[-32,9]],[[2060,1068],[36,17],[30,9]],[[2126,1094],[12,4]],[[2227,1091],[-46,5]],[[2181,1096],[-18,6]],[[2163,1102],[13,5]],[[2176,1107],[19,5]],[[2240,1077],[-21,0]],[[2219,1077],[-25,-3]],[[2194,1074],[-3,16],[-10,6]],[[2185,1137],[-12,-7],[3,-23]],[[2163,1102],[-14,-3]],[[2149,1099],[-11,13],[1,26]],[[2139,1138],[34,6]],[[2077,1127],[6,-9],[31,-10],[12,-14]],[[2060,1068],[-3,2]],[[2194,1074],[-16,-8]],[[2178,1066],[-19,2],[-27,11]],[[2138,1098],[11,1]],[[2106,1138],[33,0]],[[710,512],[-6,-1]],[[704,511],[-34,11],[-22,-9]],[[648,513],[-24,-1]],[[624,512],[-3,38]],[[621,550],[14,8],[32,-11],[12,8]],[[679,555],[30,1]],[[709,556],[28,-13]],[[737,543],[-34,-12],[7,-19]],[[704,511],[2,-15]],[[706,496],[-26,-2]],[[680,494],[-32,19]],[[739,544],[20,-24]],[[759,520],[-51,-23]],[[708,497],[2,15]],[[737,543],[2,1]],[[709,556],[-4,11]],[[705,567],[9,27],[39,9]],[[753,603],[23,-17]],[[776,586],[-1,-21],[-36,-21]],[[680,494],[-32,-3]],[[648,491],[-11,1]],[[637,492],[-13,6]],[[624,498],[0,14]],[[776,586],[38,14],[14,24],[21,-1],[28,-26],[-68,-54],[-50,-23]],[[768,606],[14,4],[10,-11],[-16,-6],[-8,13]],[[708,497],[-2,-1]],[[693,615],[-20,-18]],[[673,597],[-28,19]],[[645,616],[-1,16],[-24,24]],[[620,656],[38,-6],[35,-35]],[[705,567],[-39,11]],[[666,578],[5,11]],[[671,589],[2,8]],[[693,615],[35,-2],[25,-10]],[[679,555],[-13,9],[0,14]],[[621,550],[-21,3]],[[600,553],[-4,7]],[[596,560],[8,22],[-3,18]],[[601,600],[26,-12],[44,1]],[[601,600],[-3,8]],[[598,608],[29,1],[18,7]],[[598,608],[2,6]],[[600,614],[10,21],[-2,12],[12,9]],[[599,614],[-15,0]],[[584,614],[15,0]],[[604,754],[43,-9]],[[647,745],[0,-10]],[[647,735],[1,-13]],[[648,722],[-31,-11]],[[617,711],[-41,-14],[-9,4]],[[656,768],[-9,-23]],[[616,777],[40,-9]],[[648,722],[1,-15],[-14,-7]],[[635,700],[-18,11]],[[2256,2247],[-7,13],[21,15]],[[2295,2258],[-6,-12],[-33,1]],[[2320,2259],[13,-21]],[[2333,2217],[-63,-1],[1,-5],[-56,-4],[-3,-12]],[[2195,2203],[4,16],[17,-1],[10,23]],[[2226,2241],[30,6]],[[2286,2311],[-5,6]],[[2149,2250],[25,0],[17,6],[35,-5],[0,-10]],[[2148,2250],[-5,14],[12,10],[22,3],[0,20]],[[2191,2303],[21,-6],[0,-17],[52,-2]],[[2196,2308],[27,10],[18,1]],[[269,748],[-13,-5]],[[256,743],[-11,5]],[[245,748],[24,0]],[[245,748],[-21,1]],[[224,749],[-2,1]],[[222,750],[-5,6],[15,25]],[[232,781],[21,3]],[[253,784],[23,-9]],[[276,775],[25,-7]],[[301,768],[-16,-12]],[[285,756],[-16,-8]],[[244,728],[-3,-4]],[[241,724],[-12,4]],[[229,728],[-5,21]],[[256,743],[-12,-15]],[[285,756],[17,-9]],[[302,747],[-23,-21]],[[279,726],[-35,2]],[[346,731],[-42,-14]],[[304,717],[-25,9]],[[302,747],[39,-7]],[[301,768],[21,16]],[[322,784],[21,-22],[28,11]],[[1518,1097],[23,14]],[[1541,1111],[6,0]],[[1547,1111],[-26,-17]],[[1521,1094],[-3,3]],[[1489,1083],[17,1],[12,13]],[[1521,1094],[18,-9]],[[1539,1085],[12,6]],[[1551,1091],[1,-3]],[[1561,1121],[0,-4]],[[1561,1117],[-14,-6]],[[1541,1111],[19,11]],[[1560,1122],[1,-1]],[[1553,1137],[7,-15]],[[1480,1110],[18,6]],[[1498,1116],[38,18]],[[1536,1134],[17,3]],[[1561,1117],[2,-8]],[[1563,1109],[3,-13],[-15,-5]],[[1669,1108],[-22,-1],[-7,-7]],[[1607,1111],[9,12],[21,3]],[[1637,1126],[32,5]],[[1580,1113],[23,5],[0,14]],[[1603,1132],[13,14]],[[1616,1146],[21,5]],[[1637,1151],[0,-25]],[[1580,1113],[-17,-4]],[[1561,1121],[15,14],[27,-3]],[[1553,1137],[16,14],[-7,17]],[[1562,1168],[19,10]],[[1581,1178],[9,5]],[[1590,1183],[2,-2]],[[1592,1181],[6,-16],[18,-8],[0,-11]],[[1409,1133],[24,-1],[8,-12]],[[1441,1120],[8,-15]],[[1449,1105],[-26,3],[-46,-6]],[[1377,1102],[-3,9],[9,19]],[[1383,1130],[26,3]],[[1409,1133],[8,8],[45,13],[10,7]],[[1472,1161],[14,-10]],[[1486,1151],[-10,-5],[15,-14]],[[1491,1132],[-50,-12]],[[1527,1152],[-4,11]],[[1523,1163],[39,5]],[[1536,1134],[-9,18]],[[1491,1132],[7,-16]],[[1453,1099],[-4,6]],[[1486,1151],[6,-4],[35,5]],[[1377,1102],[2,-7]],[[1505,1189],[14,-20]],[[1519,1169],[4,-6]],[[1472,1161],[-24,11]],[[1568,1200],[13,-22]],[[1519,1169],[-4,18]],[[706,721],[-35,-1],[-11,16],[-13,-1]],[[656,768],[29,-17],[21,-30]],[[706,721],[16,-13]],[[722,708],[-13,-22]],[[709,686],[-16,-7]],[[693,679],[-17,3],[-41,18]],[[722,708],[13,-13],[40,-15],[15,1]],[[790,681],[-11,-12],[-18,-2],[-1,-17]],[[760,650],[-40,7]],[[720,657],[24,12],[-35,17]],[[720,657],[-26,12],[-1,10]],[[790,681],[32,12],[43,-5],[-5,48]],[[860,736],[12,2]],[[872,738],[35,-49]],[[907,689],[11,-15],[-12,-9],[11,-34]],[[917,631],[5,-6]],[[922,625],[-36,-1],[-12,20],[-26,5],[-7,7],[-42,-12],[-39,6]],[[1649,1170],[9,-17]],[[1658,1153],[-21,-2]],[[1592,1181],[40,17]],[[1632,1198],[9,-6],[8,-22]],[[1618,1212],[14,-14]],[[1590,1183],[-3,13],[12,14]],[[1721,1179],[-36,8]],[[1685,1187],[12,17]],[[1649,1170],[22,4],[14,13]],[[1697,1153],[-39,0]],[[2084,2336],[-36,21],[-5,11]],[[2043,2368],[11,34]],[[2153,2391],[6,-8],[-14,-16],[18,-15],[-24,-14],[-24,4],[-8,-10],[-23,4]],[[2138,2317],[-28,-4],[-27,6]],[[2083,2319],[1,17]],[[2083,2319],[-4,-3]],[[2079,2316],[-46,1]],[[2033,2317],[-12,25],[-36,-18],[-47,-7],[-129,-68]],[[1808,2250],[127,67],[56,11],[28,16],[2,14],[22,10]],[[2091,2243],[0,11],[12,32],[-3,12],[-16,6]],[[2084,2304],[-5,12]],[[2084,2304],[-16,-5],[-25,1]],[[2043,2300],[-10,17]],[[2034,2305],[9,-5]],[[2049,2261],[2,11],[-20,21],[3,12]],[[477,587],[0,-3]],[[477,584],[-7,-5]],[[470,579],[-2,-7]],[[468,572],[-6,13]],[[462,585],[15,2]],[[473,575],[0,-7]],[[473,568],[-4,1]],[[469,569],[-1,3]],[[470,579],[3,-4]],[[476,571],[8,-10]],[[484,561],[-11,7]],[[473,575],[3,-4]],[[484,561],[3,-15]],[[487,546],[-9,-3]],[[478,543],[-9,26]],[[495,557],[5,-4]],[[500,553],[-13,-7]],[[484,561],[11,-4]],[[491,562],[4,-5]],[[484,561],[5,3]],[[489,564],[2,-2]],[[482,574],[3,-4]],[[485,570],[1,-2]],[[486,568],[3,-4]],[[476,571],[6,3]],[[480,577],[2,-3]],[[473,575],[7,2]],[[477,584],[3,-7]],[[489,585],[0,-5]],[[489,580],[-9,-3]],[[477,587],[12,-2]],[[489,580],[4,-6]],[[493,574],[-1,-1]],[[492,573],[-7,-3]],[[492,573],[1,-3]],[[493,570],[-7,-2]],[[493,570],[4,-6]],[[497,564],[-6,-2]],[[505,566],[8,-5]],[[513,561],[-13,-8]],[[497,564],[8,2]],[[499,578],[6,-12]],[[493,574],[3,6]],[[496,580],[3,-2]],[[499,584],[-3,-4]],[[489,585],[10,-1]],[[509,585],[-10,-7]],[[499,584],[10,1]],[[513,561],[11,-9]],[[524,552],[-1,-4]],[[523,548],[-9,-5]],[[514,543],[3,-2]],[[517,541],[1,-16]],[[518,525],[-18,28]],[[516,544],[-2,-1]],[[523,548],[-7,-4]],[[325,580],[8,-2],[-6,-5],[-12,6],[10,1]],[[291,592],[10,1],[-2,-2],[-10,0]],[[289,591],[2,1]],[[369,598],[8,-8]],[[377,590],[-16,-11],[-6,-14]],[[355,565],[-26,6],[-21,-2],[-22,22]],[[286,591],[3,0]],[[291,592],[11,8],[34,1],[-1,12]],[[335,613],[34,-15]],[[421,552],[-5,2]],[[416,554],[-3,12],[16,-1],[-8,-13]],[[412,581],[-24,-8],[-11,-11]],[[377,562],[-1,0]],[[376,562],[-21,3]],[[377,590],[35,-9]],[[369,598],[62,1],[10,-5]],[[441,594],[-8,-15],[-21,2]],[[377,562],[39,-8]],[[421,552],[13,-5],[44,-4]],[[478,543],[3,-10]],[[481,533],[-13,-3]],[[468,530],[-42,7]],[[426,537],[-42,15],[-8,10]],[[441,594],[21,-9]],[[481,533],[2,-9]],[[483,524],[-11,-4]],[[472,520],[-4,10]],[[518,525],[-2,-7]],[[516,518],[-33,6]],[[564,562],[-3,-6],[-13,6]],[[548,562],[16,0]],[[552,577],[8,-3],[-6,-2],[-2,5]],[[599,614],[1,0]],[[596,560],[-9,1]],[[587,561],[-4,0]],[[583,561],[-19,1]],[[548,562],[-35,-1]],[[509,585],[50,25],[25,4]],[[587,561],[-2,-2],[-2,2]],[[600,553],[-33,-9],[-10,5],[-20,-7]],[[537,542],[-13,10]],[[557,503],[-2,-1]],[[555,502],[-2,0]],[[553,502],[-2,25]],[[551,527],[18,-15],[-12,-9]],[[516,544],[1,-3]],[[537,542],[14,-15]],[[553,502],[-49,-7]],[[504,495],[12,23]],[[624,512],[-67,-9]],[[628,483],[-22,-10]],[[606,473],[-18,9]],[[588,482],[18,3]],[[606,485],[19,0]],[[625,485],[3,-2]],[[637,492],[-12,-7]],[[606,485],[7,5]],[[613,490],[11,8]],[[648,491],[-20,-8]],[[588,482],[-19,-6]],[[569,476],[-9,10]],[[560,486],[2,6]],[[562,492],[36,2],[15,-4]],[[562,492],[-7,10]],[[606,473],[-5,-8],[-23,-4],[-7,8]],[[571,469],[-2,7]],[[553,488],[-18,-20]],[[535,468],[-5,4]],[[530,472],[23,16]],[[560,486],[-7,2]],[[530,472],[-24,-10]],[[506,462],[-3,7],[27,14],[-26,12]],[[535,452],[-7,-3],[-4,10]],[[524,459],[11,-7]],[[571,469],[-10,-12],[-26,-5]],[[524,459],[11,9]],[[451,484],[-1,-4]],[[450,480],[-1,-3]],[[449,477],[-1,-3]],[[448,474],[-17,-2]],[[431,472],[0,15]],[[431,487],[20,-3]],[[471,509],[-9,5]],[[462,514],[10,-3],[-1,-2]],[[448,474],[-2,-12]],[[446,462],[-15,10]],[[472,520],[-10,-6]],[[471,509],[-8,-10]],[[463,499],[-28,1]],[[435,500],[-15,11]],[[420,511],[6,26]],[[463,499],[-12,-15]],[[431,487],[4,13]],[[450,480],[28,7],[3,-7],[-17,-6],[-15,3]],[[483,524],[-12,-15]],[[506,462],[-28,1],[-11,-5],[-21,4]],[[408,534],[-10,-7],[-7,6],[17,1]],[[420,511],[-22,7],[-62,7]],[[336,525],[13,13],[-3,21],[9,6]],[[793,834],[21,-1],[-2,-31],[31,1],[32,-17]],[[875,786],[-8,-13]],[[867,773],[-6,-19],[11,-16]],[[860,736],[-41,15],[0,13],[-13,8]],[[806,772],[-2,33],[-12,6],[1,23]],[[780,849],[13,-15]],[[806,772],[-28,3]],[[778,775],[-3,18],[-29,10]],[[746,803],[-12,10],[7,16]],[[741,829],[13,-1],[26,15],[-4,9]],[[776,852],[4,-3]],[[778,775],[-58,0],[-8,6]],[[712,781],[7,13],[27,9]],[[712,781],[-21,20],[-21,4],[-1,9]],[[669,814],[15,10],[-9,10],[22,5]],[[697,839],[43,2],[1,-12]],[[669,814],[-43,16],[5,11],[35,5],[21,7]],[[687,853],[10,-14]],[[687,853],[31,9],[26,-3],[14,-8],[18,1]],[[833,855],[8,-20],[31,-24],[6,-12]],[[878,799],[-3,-13]],[[780,849],[36,8]],[[816,857],[17,-2]],[[837,884],[6,4],[36,-5]],[[879,883],[-23,-6],[-22,-19]],[[834,858],[-1,-3]],[[816,857],[-20,5],[-27,0],[-9,11]],[[760,873],[46,10],[3,7]],[[809,890],[26,-5]],[[835,885],[2,-1]],[[760,873],[-18,7],[1,12],[19,11],[17,-2],[30,-11]],[[276,775],[11,23],[-10,15]],[[277,813],[6,-1]],[[283,812],[32,-16],[7,-12]],[[253,784],[13,27]],[[266,811],[11,2]],[[217,843],[15,1],[44,-6]],[[276,838],[1,-2]],[[277,836],[-7,-12],[13,-12]],[[266,811],[-34,9]],[[232,820],[-15,10],[0,13]],[[361,899],[3,0]],[[364,899],[-14,-19],[-20,-9],[-6,-20]],[[324,851],[0,21],[37,27]],[[232,781],[-17,25]],[[215,806],[17,14]],[[156,822],[8,-15]],[[164,807],[-40,-12],[-7,-5]],[[117,790],[-15,9]],[[102,799],[54,23]],[[215,806],[-38,-10]],[[177,796],[-13,11]],[[156,822],[34,14],[27,7]],[[177,796],[1,-13]],[[178,783],[-35,-2],[-7,-10]],[[136,771],[-12,5]],[[124,776],[-7,14]],[[222,750],[-26,-3]],[[196,747],[-10,16]],[[186,763],[8,9],[-16,11]],[[186,763],[-30,-9]],[[156,754],[-20,17]],[[169,712],[-16,16]],[[153,728],[18,4],[25,15]],[[229,728],[-30,-11]],[[199,717],[-30,-5]],[[153,728],[-14,15]],[[139,743],[17,11]],[[139,743],[-37,16]],[[102,759],[2,12],[20,5]],[[102,759],[-27,17],[3,14],[24,9]],[[238,691],[-28,1]],[[210,692],[18,6]],[[228,698],[10,-7]],[[210,692],[-11,7]],[[199,699],[3,8]],[[202,707],[30,0]],[[232,707],[-4,-9]],[[199,717],[3,-10]],[[199,699],[-30,13]],[[241,724],[-9,-17]],[[238,706],[-6,1]],[[279,726],[-41,-20]],[[304,717],[-2,-9]],[[302,708],[-20,-15],[-36,-2]],[[246,691],[-8,15]],[[246,691],[-8,0]],[[348,726],[-3,-2]],[[348,720],[-20,-10],[-26,-2]],[[350,684],[-4,16]],[[352,704],[5,9]],[[358,676],[-3,4]],[[1760,1127],[-23,-9]],[[1737,1118],[-9,11]],[[1737,1118],[-49,-16],[-36,3],[-10,-12]],[[1737,1118],[1,-25],[-6,-17]],[[1528,1462],[-43,-31]],[[1485,1431],[-30,21],[-10,0]],[[1445,1452],[-8,25]],[[1461,1479],[14,-2],[25,18]],[[1500,1495],[28,-26],[0,-7]],[[1499,1496],[1,-1]],[[1588,1436],[-23,2],[-4,24],[-33,0]],[[1509,1424],[-24,7]],[[2611,2460],[32,0],[31,12]],[[2674,2472],[1,-27]],[[2675,2445],[-44,-10]],[[2631,2435],[-29,-1]],[[2602,2434],[-9,11]],[[2593,2445],[14,3],[4,12]],[[2556,2509],[-8,-12],[-47,-4]],[[2481,2525],[22,13],[22,-11]],[[2592,2490],[-29,-1],[-41,-6]],[[2596,2482],[-16,-1],[-10,-13]],[[2570,2468],[-34,0]],[[2570,2468],[-5,-9],[16,-15],[12,1]],[[2602,2434],[-28,-14]],[[2631,2435],[5,-26],[7,-10]],[[2675,2445],[-3,-16],[19,-23]],[[2674,2472],[-5,8]],[[2611,2460],[12,6],[4,15]],[[1770,987],[-9,-2]],[[1761,985],[-36,22],[-22,-7]],[[1703,1000],[-3,-1]],[[1700,999],[-5,9]],[[1695,1008],[40,7],[23,13]],[[1695,1008],[-4,9]],[[1691,1017],[33,2],[0,11]],[[1761,985],[-30,-10]],[[1731,975],[-28,25]],[[1731,975],[-7,-4]],[[1724,971],[-6,-3]],[[1718,968],[-27,8],[-16,-2]],[[1675,974],[-1,17]],[[1674,991],[26,8]],[[1675,974],[-20,-1],[-3,-11]],[[1652,962],[-12,2]],[[1640,964],[-9,2]],[[1631,966],[11,20],[-9,10]],[[1633,996],[15,-6],[26,1]],[[1718,968],[-36,-8]],[[1682,960],[-15,0]],[[1667,960],[-15,2]],[[1677,1020],[14,-3]],[[1633,996],[0,5]],[[1633,1001],[5,0]],[[1638,1001],[29,-1],[-3,19]],[[1664,1019],[13,1]],[[2387,620],[-6,4]],[[2381,624],[-3,15],[-31,20],[-4,9]],[[2343,668],[-1,3]],[[2342,671],[43,-2],[46,-8]],[[2431,661],[2,0]],[[2433,661],[5,-2]],[[2438,659],[5,-9]],[[2443,650],[-59,-10],[3,-20]],[[2443,650],[26,-16]],[[2469,634],[3,-21],[26,-14]],[[2498,599],[-16,-3]],[[2482,596],[-70,-13]],[[2412,583],[-25,37]],[[2360,688],[38,-5],[33,-22]],[[2342,671],[-6,17]],[[2336,688],[24,0]],[[2482,642],[14,-17],[3,-22],[13,-1]],[[2512,602],[-14,-3]],[[2469,634],[13,8]],[[2438,659],[36,-11]],[[2474,648],[8,-6]],[[1525,726],[8,1]],[[1533,727],[41,-19],[13,-2],[32,4],[33,-3]],[[1652,707],[-5,-13],[-42,-23],[-32,-24],[-45,19],[-36,-3]],[[1492,663],[-10,6]],[[1482,669],[-14,11]],[[1468,680],[56,4],[7,14],[17,7],[-30,17],[7,4]],[[1563,688],[19,-3]],[[1582,685],[-16,10]],[[1566,695],[-3,-7]],[[1468,680],[-3,18],[12,10],[7,22]],[[1484,730],[41,-4]],[[1492,663],[-61,-5],[-20,10],[-2,11],[19,2],[54,-12]],[[922,749],[17,-1]],[[939,748],[-1,-17]],[[938,731],[-16,18]],[[947,760],[-8,-12]],[[922,749],[-11,11]],[[911,760],[36,0]],[[947,760],[2,33]],[[949,793],[21,-9],[13,-13]],[[983,771],[11,-8],[-2,-11],[14,-12]],[[1006,740],[-2,-15],[5,-19]],[[1009,706],[-7,1]],[[1002,707],[-32,6],[-16,-4]],[[954,709],[-16,22]],[[954,709],[-29,-20],[-18,0]],[[867,773],[44,-13]],[[875,786],[13,-1],[30,6],[31,2]],[[960,800],[-11,-7]],[[878,799],[16,21]],[[894,820],[46,-12],[20,-8]],[[2054,734],[-21,-13]],[[2033,721],[-4,15],[-31,9],[-7,21],[8,28]],[[1999,794],[26,-2],[21,5]],[[2046,797],[20,-14]],[[2066,783],[23,-22],[-4,-18]],[[2085,743],[-31,-9]],[[2371,839],[-43,-6]],[[2328,833],[-35,-2]],[[2293,831],[-8,24],[-16,17]],[[2269,872],[6,2]],[[2275,874],[48,4]],[[2323,878],[28,-3]],[[2351,875],[-4,-15],[24,-21]],[[2393,872],[8,-29]],[[2401,843],[-26,-4]],[[2375,839],[-4,0]],[[2351,875],[42,-3]],[[2606,916],[8,-21]],[[2614,895],[-46,-14]],[[2568,881],[-29,13]],[[2539,894],[22,14]],[[2561,908],[45,8]],[[2619,893],[28,-12]],[[2647,881],[-17,1]],[[2630,882],[-49,-20]],[[2581,862],[-6,7]],[[2575,869],[-7,12]],[[2614,895],[5,-2]],[[2604,935],[2,-19]],[[2561,908],[-7,17],[-17,5]],[[2537,930],[5,4]],[[2542,934],[26,4],[35,-2]],[[2603,936],[1,-1]],[[2589,963],[8,-5],[6,-22]],[[2542,934],[-1,6]],[[2541,940],[35,25]],[[2576,965],[13,-2]],[[2539,894],[-24,-1]],[[2515,893],[2,9],[-19,9],[4,8]],[[2502,919],[35,11]],[[2630,882],[7,-17],[-32,-13],[-13,5]],[[2592,857],[-11,5]],[[2666,861],[10,-22]],[[2676,839],[-14,-5]],[[2662,834],[-33,-6]],[[2629,828],[-18,2],[-21,26]],[[2590,856],[2,1]],[[2647,881],[19,-20]],[[2513,812],[0,11],[22,12]],[[2535,835],[15,3]],[[2550,838],[40,18]],[[2629,828],[4,-13]],[[2633,815],[-16,-5]],[[2617,810],[-23,-4]],[[2594,806],[-46,-5],[-35,11]],[[2676,839],[5,-12]],[[2681,827],[9,-19]],[[2690,808],[-16,-7]],[[2674,801],[-20,15]],[[2654,816],[8,18]],[[2654,816],[-21,-1]],[[1983,811],[-13,14],[-15,0],[-52,-15]],[[1903,810],[-15,18],[1,8]],[[1889,836],[16,13],[18,5]],[[1923,854],[13,-2],[23,14],[-6,17]],[[1953,883],[7,1]],[[1960,884],[26,-12]],[[1986,872],[-12,-12],[21,-10],[25,1]],[[2020,851],[5,-4]],[[2025,847],[-25,-10],[-8,-19],[-9,-7]],[[1983,811],[-16,-11]],[[1967,800],[-26,-3]],[[1941,797],[-26,5]],[[1915,802],[-12,8]],[[2025,847],[20,-26]],[[2045,821],[1,-24]],[[1999,794],[-32,6]],[[2020,851],[3,1]],[[2023,852],[2,-5]],[[1413,843],[20,2]],[[1433,845],[-14,-15]],[[1419,830],[-11,2]],[[1408,832],[5,11]],[[1454,846],[-21,-1]],[[1413,843],[-12,13],[7,22]],[[1408,878],[22,8]],[[1430,886],[0,-3]],[[1430,883],[-10,-16],[25,-6],[9,-15]],[[1421,821],[-2,9]],[[1454,846],[22,0]],[[1476,846],[9,-11]],[[1485,835],[-35,-6]],[[1450,829],[-29,-8]],[[1450,829],[9,-6],[-9,-14]],[[1450,809],[-28,-17],[-2,-14]],[[1420,778],[-1,0]],[[1419,778],[-28,-10]],[[1391,768],[-9,21],[0,22],[7,3]],[[1389,814],[25,-1],[7,8]],[[1389,814],[19,18]],[[1391,768],[11,-17]],[[1402,751],[-13,-13],[-24,-12]],[[1365,726],[-5,2]],[[1360,728],[17,11],[10,28],[-6,14],[-35,18],[-10,-5]],[[1336,794],[-3,29]],[[1333,823],[-5,14]],[[1328,837],[51,5],[-13,9]],[[1366,851],[33,-10],[14,2]],[[1341,887],[33,5],[27,-6],[7,-8]],[[1366,851],[-25,36]],[[1485,835],[21,-7]],[[1506,828],[8,-12],[-9,-10]],[[1505,806],[-38,-9]],[[1467,797],[-17,12]],[[1467,797],[-47,-19]],[[1328,837],[-4,11],[-18,5],[-6,17],[7,13]],[[1307,883],[34,4]],[[1430,883],[31,-3],[24,-14],[1,-13]],[[1486,853],[-10,-7]],[[2495,753],[8,-12],[14,-46]],[[2517,695],[-12,-21]],[[2505,674],[-25,7],[-29,1],[-18,-5]],[[2433,677],[-37,27],[2,7],[-33,5]],[[2365,716],[1,3]],[[2366,719],[-2,15]],[[2364,734],[46,4]],[[2410,738],[24,2],[61,13]],[[2433,677],[0,-16]],[[2360,688],[5,14]],[[2365,702],[0,14]],[[2505,674],[20,-39]],[[2525,635],[-51,13]],[[2525,635],[12,-22]],[[2537,613],[-25,-11]],[[2573,634],[-35,-20]],[[2538,614],[-1,-1]],[[2517,695],[28,-29]],[[2545,666],[28,-32]],[[3604,2360],[3,1]],[[3643,2313],[-20,24],[-22,8]],[[1646,857],[-54,4]],[[1592,861],[-2,-1]],[[1590,860],[-36,4]],[[1554,864],[-7,10]],[[1547,874],[28,26]],[[1575,900],[1,-2]],[[1576,898],[50,-25],[15,-1]],[[1641,872],[5,-15]],[[1600,900],[21,3]],[[1621,903],[8,1]],[[1629,904],[5,-14]],[[1634,890],[7,-18]],[[1576,898],[24,2]],[[1586,928],[10,-8],[4,-20]],[[1575,900],[-8,22]],[[1567,922],[8,4]],[[1575,926],[11,2]],[[1957,631],[19,0]],[[1976,631],[19,-20]],[[1995,611],[-6,-14]],[[1989,597],[0,-11],[-44,-16]],[[1945,570],[-39,-2]],[[1906,568],[22,17],[-7,17]],[[1921,602],[36,16],[0,13]],[[1921,602],[0,21]],[[1921,623],[10,15],[17,2]],[[1948,640],[9,-9]],[[2016,638],[15,-13]],[[2031,625],[-36,-14]],[[1976,631],[21,7],[19,0]],[[1921,699],[18,-12],[20,-6],[3,-8]],[[1962,673],[2,-15]],[[1964,658],[-15,-3]],[[1949,655],[-34,3],[-35,20]],[[1880,678],[27,20]],[[1907,698],[14,1]],[[2011,714],[-12,-11],[0,-16]],[[1999,687],[-17,-12],[-20,-2]],[[1921,699],[55,19]],[[1976,718],[22,-7],[13,3]],[[2013,647],[3,-9]],[[1948,640],[1,15]],[[1964,658],[32,0],[17,-11]],[[2120,678],[-7,6]],[[2113,684],[-1,7]],[[2112,691],[24,10]],[[2136,701],[-9,-14]],[[2127,687],[-7,-9]],[[2168,654],[-21,-5]],[[2147,649],[-28,5]],[[2119,654],[1,24]],[[2127,687],[47,-6]],[[2174,681],[-7,-4],[1,-23]],[[2136,701],[20,14]],[[2156,715],[16,-7],[19,-24]],[[2191,684],[-17,-3]],[[2112,691],[-38,27]],[[2074,718],[22,-7],[14,5],[43,1]],[[2153,717],[3,-2]],[[2150,724],[3,-7]],[[2074,718],[-20,16]],[[2085,743],[67,3]],[[2152,746],[-2,-22]],[[2057,679],[-19,4]],[[2038,683],[-39,4]],[[2011,714],[22,7]],[[2113,684],[-43,-13]],[[2070,671],[-13,8]],[[2119,654],[-49,-2]],[[2070,652],[0,19]],[[1268,817],[-3,4]],[[1265,821],[37,9]],[[1302,830],[5,-9]],[[1307,821],[-7,0]],[[1300,821],[-32,-4]],[[1268,817],[-34,-7]],[[1234,810],[3,6]],[[1237,816],[13,2]],[[1250,818],[15,3]],[[1333,823],[-22,-2]],[[1311,821],[-4,0]],[[1302,830],[11,3]],[[1313,833],[15,4]],[[1265,821],[-4,3]],[[1261,824],[12,12],[32,8],[8,-11]],[[1250,818],[11,6]],[[1237,816],[2,23],[17,18],[-13,17]],[[1243,874],[23,-1]],[[1266,873],[19,8],[22,2]],[[1300,821],[4,-4]],[[1304,817],[-12,-11],[-19,-4]],[[1273,802],[-5,15]],[[1273,802],[-6,-1]],[[1267,801],[-15,2]],[[1252,803],[-18,7]],[[1311,821],[-7,-4]],[[1281,773],[-4,18],[-10,10]],[[1336,794],[-13,-4],[-29,-19],[-13,2]],[[1522,923],[0,-2]],[[1522,921],[-37,14]],[[1485,935],[22,11],[-9,16],[-15,0]],[[1483,962],[49,7]],[[1532,969],[-10,-46]],[[1560,969],[15,-43]],[[1567,922],[-45,1]],[[1532,969],[28,0]],[[1485,935],[0,-6]],[[1485,929],[-1,-1]],[[1484,928],[-14,18]],[[1470,946],[9,16]],[[1479,962],[4,0]],[[1593,812],[-3,-8],[-34,7]],[[1556,811],[-4,17],[-20,10]],[[1532,838],[29,13],[-7,13]],[[1590,860],[20,-8],[5,-10]],[[1615,842],[-25,-2],[-3,-17],[6,-11]],[[1596,811],[21,-22]],[[1617,789],[-12,-14]],[[1605,775],[-7,-7],[-45,-9]],[[1553,759],[-23,14]],[[1530,773],[2,18],[24,20]],[[1593,812],[3,-1]],[[1530,773],[-21,14],[-37,-10]],[[1472,777],[5,11]],[[1477,788],[29,13],[-1,5]],[[1506,828],[26,10]],[[1610,818],[-14,-7]],[[1615,842],[-5,-24]],[[1705,778],[-8,-13],[-3,-29]],[[1694,736],[-2,-16]],[[1692,720],[-18,15],[-16,-10]],[[1658,725],[-16,5]],[[1642,730],[15,15],[15,34]],[[1672,779],[32,8],[21,-7]],[[1725,780],[-20,-2]],[[1725,780],[17,0]],[[1742,780],[1,-10],[-49,-34]],[[1642,730],[-13,15],[6,16],[-30,14]],[[1617,789],[48,-2],[7,-8]],[[2402,1003],[-25,-5]],[[2377,998],[-11,6],[8,17]],[[2358,975],[15,9],[4,14]],[[2411,1001],[-7,-19],[4,-10]],[[2408,972],[-6,-1]],[[2402,971],[-31,-2],[-13,6]],[[2358,975],[-3,0]],[[2355,975],[-15,12],[5,12],[-12,9]],[[2333,1008],[20,16]],[[2432,1003],[-4,-10],[14,-10]],[[2442,983],[-8,-13]],[[2434,970],[-26,2]],[[1829,851],[-6,4],[29,16]],[[1852,871],[16,-6],[18,3],[16,9]],[[1902,877],[18,-9]],[[1920,868],[3,-14]],[[1889,836],[-33,-1],[-27,16]],[[1893,888],[9,-11]],[[1852,871],[-18,17],[-32,0]],[[1802,888],[-6,16],[13,14]],[[1809,918],[38,1]],[[1847,919],[38,-21],[8,-10]],[[1920,868],[26,6],[7,9]],[[1829,851],[-7,-4]],[[1822,847],[-11,21],[-23,22]],[[1788,890],[14,-2]],[[2315,736],[-3,-11]],[[2312,725],[-10,-7]],[[2302,718],[-14,10]],[[2288,728],[6,6]],[[2294,734],[21,2]],[[2333,722],[-21,3]],[[2315,736],[9,3]],[[2324,739],[2,-4]],[[2326,735],[7,-13]],[[2294,734],[1,19]],[[2295,753],[22,-5]],[[2317,748],[7,-9]],[[2275,724],[29,-9]],[[2304,715],[10,-8]],[[2314,707],[-16,-1]],[[2298,706],[-35,-7]],[[2263,699],[10,10],[-21,12]],[[2252,721],[23,3]],[[2333,722],[33,-3]],[[2365,702],[-30,0],[-2,20]],[[2302,718],[2,-3]],[[2275,724],[3,1]],[[2278,725],[10,3]],[[2278,725],[-9,20]],[[2269,745],[26,8]],[[2252,721],[-7,-2]],[[2245,719],[-17,9]],[[2228,728],[-9,20]],[[2219,748],[33,10]],[[2252,758],[17,-13]],[[2326,735],[29,4]],[[2355,739],[9,-5]],[[2317,748],[9,9]],[[2326,757],[24,-6],[5,-12]],[[2263,699],[-36,11]],[[2227,710],[18,9]],[[2336,688],[-12,10]],[[2324,698],[-10,9]],[[1934,923],[-7,5]],[[1927,928],[12,20]],[[1939,948],[19,-7]],[[1958,941],[2,-1]],[[1960,940],[-22,-8],[-4,-9]],[[1946,917],[-12,6]],[[1960,940],[33,8]],[[1993,948],[6,-1]],[[1999,947],[11,-17]],[[2010,930],[-26,-16]],[[1984,914],[-23,5]],[[1961,919],[-15,-2]],[[1958,941],[3,9]],[[1961,950],[27,7]],[[1988,957],[5,-9]],[[1939,948],[1,1]],[[1940,949],[21,1]],[[1988,957],[63,19]],[[2051,976],[14,-14]],[[2065,962],[7,-12]],[[2072,950],[-73,-3]],[[1988,957],[-8,9]],[[1980,966],[41,18],[-18,11]],[[2003,995],[3,5]],[[2006,1000],[48,11]],[[2054,1011],[13,-20]],[[2067,991],[-19,-4],[3,-11]],[[1980,966],[-6,3]],[[1974,969],[3,16],[26,10]],[[1996,1005],[10,-5]],[[1974,969],[-7,4]],[[1967,973],[-21,15]],[[1940,949],[-10,17]],[[1930,966],[37,7]],[[1930,966],[-19,23]],[[1927,928],[-20,6],[-20,-1],[-19,6]],[[1868,939],[25,9]],[[1893,948],[22,15],[15,3]],[[1893,948],[-21,12]],[[1872,960],[1,13],[-22,10]],[[1851,983],[-2,7]],[[1809,947],[1,-2]],[[1810,945],[3,-7],[-4,-9],[11,1],[-11,-12]],[[1788,890],[-40,-5]],[[1748,885],[-3,19]],[[1745,904],[-2,22]],[[1743,926],[4,13]],[[1747,939],[62,8]],[[1747,939],[5,18]],[[1752,957],[35,8],[19,-11]],[[1806,954],[1,-3]],[[1807,951],[2,-4]],[[1868,939],[-3,-16],[-18,-4]],[[1810,945],[6,-10],[21,8],[-28,4]],[[1807,951],[65,9]],[[1806,954],[11,15],[21,1],[13,13]],[[1752,957],[-28,14]],[[1761,794],[11,-15]],[[1772,779],[15,-9]],[[1787,770],[-14,-7],[27,-22]],[[1800,741],[-2,-20]],[[1798,721],[-37,-2],[-16,8],[-23,-9]],[[1722,718],[-30,2]],[[1742,780],[19,15]],[[1761,795],[0,-1]],[[1798,721],[16,-30],[18,-12]],[[1832,679],[-17,-2],[-71,1]],[[1744,678],[3,2],[-25,38]],[[1821,757],[1,-10]],[[1822,747],[-22,-6]],[[1787,770],[34,-13]],[[1822,747],[2,-12],[25,5],[18,-3]],[[1867,737],[-2,-6]],[[1865,731],[-13,-16],[-19,-36]],[[1833,679],[-1,0]],[[1893,759],[-4,-11],[-19,0],[-3,-11]],[[1821,757],[36,4],[9,5]],[[1866,766],[27,-7]],[[2075,1013],[-10,-1]],[[2065,1012],[1,10],[-12,30],[1,19]],[[2092,1059],[-3,-26],[-14,-20]],[[2119,1066],[53,-9]],[[2172,1057],[-14,-13]],[[2158,1044],[-37,-14],[-19,-10]],[[2102,1020],[-27,-7]],[[2178,1066],[-6,-9]],[[2065,1012],[-11,-1]],[[1748,885],[-5,-19]],[[1743,866],[-7,-6],[-49,0],[-5,-5]],[[1682,855],[-5,19],[2,16]],[[1679,890],[25,3],[19,9],[22,2]],[[1632,917],[28,2]],[[1660,919],[8,-2]],[[1668,917],[23,-6],[9,6]],[[1700,917],[43,9]],[[1679,890],[-33,-4],[-12,4]],[[1629,904],[3,13]],[[1682,855],[-36,2]],[[1641,924],[19,-5]],[[1632,917],[9,7]],[[2428,922],[-47,-11]],[[2381,911],[-4,12]],[[2377,923],[29,42],[-4,6]],[[2434,970],[13,-21],[18,-1]],[[2465,948],[9,-9]],[[2474,939],[-35,-8],[-11,-9]],[[2377,923],[-21,24]],[[2356,947],[-14,13],[9,14]],[[2351,974],[4,1]],[[2485,929],[-53,-30]],[[2432,899],[-4,23]],[[2474,939],[11,-10]],[[2432,899],[-11,-5]],[[2421,894],[-31,-12]],[[2390,882],[-5,17]],[[2385,899],[-4,12]],[[2208,691],[-17,-7]],[[2150,724],[28,3],[5,10]],[[2183,737],[9,-7],[36,-2]],[[2227,710],[-19,-19]],[[2189,787],[7,-19]],[[2196,768],[12,-17],[11,-3]],[[2183,737],[-8,17]],[[2175,754],[13,8],[-15,12]],[[2173,774],[16,13]],[[2152,746],[0,2]],[[2152,748],[23,6]],[[1976,718],[-20,5],[-41,25]],[[1915,748],[17,11],[9,38]],[[1915,748],[-22,11]],[[1866,766],[11,14]],[[1877,780],[38,22]],[[1880,678],[-8,-3]],[[1872,675],[-6,-1]],[[1866,674],[-8,9],[-25,-4]],[[1865,731],[16,1],[24,-14],[2,-20]],[[1812,841],[10,6]],[[1877,780],[-17,25],[-43,3],[-27,-12]],[[1790,796],[-11,16],[12,15],[21,14]],[[1772,779],[18,17]],[[1511,897],[0,-8]],[[1511,889],[-19,1]],[[1492,890],[2,6]],[[1494,896],[17,1]],[[1525,887],[-2,-2]],[[1523,885],[-7,-6]],[[1516,879],[-29,6]],[[1487,885],[5,5]],[[1511,889],[14,-2]],[[1488,901],[5,-3]],[[1493,898],[1,-2]],[[1487,885],[-2,1]],[[1485,886],[3,15]],[[1512,900],[-1,-3]],[[1493,898],[2,6]],[[1495,904],[17,-4]],[[1512,900],[12,-1]],[[1524,899],[1,-12]],[[1516,879],[-14,-14]],[[1502,865],[-23,11],[8,9]],[[1495,904],[3,14]],[[1498,918],[25,-5]],[[1523,913],[1,-14]],[[1485,886],[-21,10]],[[1464,896],[9,8]],[[1473,904],[15,-3]],[[1523,885],[10,-9]],[[1533,876],[-34,-14]],[[1499,862],[3,3]],[[1473,904],[-9,20]],[[1464,924],[20,4]],[[1485,929],[13,-11]],[[1499,862],[-13,-9]],[[1430,886],[8,4]],[[1438,890],[26,6]],[[1522,921],[1,-8]],[[1438,890],[-15,22]],[[1423,912],[1,1]],[[1424,913],[40,11]],[[1547,874],[-14,2]],[[2158,1010],[-6,6]],[[2152,1016],[15,6]],[[2167,1022],[6,-8]],[[2173,1014],[-3,-1]],[[2170,1013],[-12,-3]],[[2167,1022],[6,8]],[[2173,1030],[6,-2]],[[2179,1028],[16,-5]],[[2195,1023],[0,-8]],[[2195,1015],[-22,-1]],[[2195,1015],[6,-12]],[[2201,1003],[-13,0]],[[2188,1003],[-18,10]],[[2188,1003],[-13,-7]],[[2175,996],[-17,14]],[[2152,1016],[-7,15]],[[2145,1031],[28,-1]],[[2203,1048],[-1,-21],[-7,-4]],[[2179,1028],[6,12]],[[2185,1040],[18,8]],[[2175,996],[-17,-6],[-17,4]],[[2141,994],[-12,8]],[[2129,1002],[10,3]],[[2139,1005],[19,5]],[[2139,1005],[-8,10],[14,16]],[[2129,1002],[-27,18]],[[2158,1044],[27,-4]],[[2201,1003],[15,-23]],[[2216,980],[-4,0]],[[2212,980],[-36,9],[-35,-5]],[[2141,984],[0,10]],[[2218,994],[5,-14]],[[2223,980],[-7,0]],[[2203,1048],[26,-12]],[[2229,1036],[14,-2]],[[2243,1034],[-25,-40]],[[2203,1048],[2,8]],[[2205,1056],[25,10]],[[2230,1066],[13,-15],[-14,-15]],[[2178,1066],[13,-11],[14,1]],[[2219,1077],[11,-11]],[[2308,1023],[-53,9]],[[2255,1032],[41,18]],[[2305,1044],[3,-21]],[[2308,1023],[4,-13]],[[2312,1010],[-3,-9]],[[2309,1001],[-18,12],[-73,-19]],[[2243,1034],[12,-2]],[[2333,1008],[-21,2]],[[1209,805],[18,-16]],[[1227,789],[-12,-5],[3,-19]],[[1218,765],[-33,1],[-14,-8],[-30,-7]],[[1141,751],[3,15]],[[1144,766],[12,1],[2,25]],[[1158,792],[17,6]],[[1175,798],[34,7]],[[1252,803],[-25,-14]],[[1209,805],[1,0]],[[1210,805],[24,5]],[[1281,773],[-28,-16]],[[1253,757],[-31,3]],[[1222,760],[-4,5]],[[1222,760],[10,-14],[-18,-14]],[[1214,732],[-16,3],[-8,-13]],[[1190,722],[-10,9],[-51,-5]],[[1129,726],[10,23]],[[1139,749],[2,2]],[[1179,815],[-4,-17]],[[1158,792],[-2,-1]],[[1156,791],[-16,8]],[[1140,799],[2,9]],[[1142,808],[9,10],[28,-3]],[[2031,870],[-18,12]],[[2013,882],[7,14]],[[2020,896],[18,-2],[27,9]],[[2065,903],[1,0]],[[2066,903],[42,-11]],[[2108,892],[-27,-18]],[[2081,874],[-39,-7],[-11,3]],[[2094,847],[-22,-6]],[[2072,841],[-40,13]],[[2032,854],[-1,16]],[[2081,874],[-6,-11],[19,-16]],[[2134,836],[-23,15],[-17,-4]],[[2108,892],[31,-16]],[[2139,876],[5,-5]],[[2144,871],[-16,-13],[6,-22]],[[2118,866],[-9,3],[-5,-5],[7,0],[7,2]],[[2013,882],[-27,-10]],[[1960,884],[1,15],[-15,16],[15,4]],[[1984,914],[27,-8],[9,-10]],[[2032,854],[-9,-2]],[[2010,930],[31,-17]],[[2041,913],[24,-10]],[[2072,950],[15,-12]],[[2087,938],[-9,-13],[-22,-2],[-15,-10]],[[2087,938],[12,-1]],[[2099,937],[-12,-24],[-21,-10]],[[2101,796],[-14,15],[-18,2]],[[2069,813],[10,13],[-7,15]],[[2134,836],[34,-4]],[[2168,832],[23,-17]],[[2191,815],[-23,1],[-35,-7],[-22,2],[-10,-15]],[[2099,787],[2,9]],[[2191,815],[-4,-8]],[[2187,807],[2,-20]],[[2173,774],[-31,-4]],[[2142,770],[-13,21],[-30,-4]],[[2099,787],[-33,-4]],[[2045,821],[24,-8]],[[2344,614],[-8,8],[-31,6],[-6,14]],[[2299,642],[22,5],[22,21]],[[2381,624],[-37,-10]],[[2299,642],[-18,-4]],[[2281,638],[0,33]],[[2281,671],[5,18],[12,15]],[[2298,704],[9,-9],[17,3]],[[2412,583],[-10,-2]],[[2402,581],[-13,-3]],[[2389,578],[-33,-6]],[[2356,572],[-16,28],[4,14]],[[2356,572],[-42,-8]],[[2314,564],[-17,39]],[[2297,603],[-16,35]],[[2298,704],[0,2]],[[2142,770],[-3,-11],[13,-11]],[[1004,795],[-44,5]],[[894,820],[10,12],[-16,20]],[[888,852],[18,3],[25,-14],[18,6],[5,10]],[[954,857],[16,-7],[36,3],[8,-7]],[[1014,846],[-40,-10],[1,-8],[29,-33]],[[1072,839],[14,-21]],[[1086,818],[-3,-10],[-30,-7]],[[1053,801],[-33,-8]],[[1020,793],[-4,0]],[[1016,793],[-12,2]],[[1014,846],[36,3],[22,-10]],[[897,875],[28,-14],[29,-4]],[[888,852],[-54,6]],[[879,883],[18,-8]],[[1071,872],[9,-6]],[[1080,866],[-11,-5],[2,-18]],[[1071,843],[1,-4]],[[897,875],[17,12],[45,8],[17,-1],[36,12],[6,-5]],[[1018,901],[53,-29]],[[1690,1698],[-39,6],[-40,-5]],[[1611,1699],[-3,3]],[[1608,1702],[15,10],[-5,11]],[[1667,1735],[-12,-13],[20,-6]],[[1675,1716],[15,-18]],[[1701,1736],[3,-18],[-29,-2]],[[1737,1698],[-1,1]],[[1736,1699],[9,19],[19,-12],[-27,-8]],[[1690,1698],[1,-9],[33,-2],[12,12]],[[1737,1698],[-3,-11],[-24,-21]],[[1618,1674],[-7,25]],[[1608,1702],[-17,-4]],[[1734,809],[-2,-7],[-11,0],[-2,8]],[[1719,810],[15,-1]],[[1734,809],[17,2]],[[1751,811],[6,-9]],[[1757,802],[-23,-9],[-35,3]],[[1699,796],[8,16]],[[1707,812],[12,-2]],[[1707,812],[1,16]],[[1708,828],[30,-5]],[[1738,823],[13,-12]],[[1699,796],[-16,11],[-23,3]],[[1660,810],[10,22]],[[1670,832],[38,-4]],[[1743,866],[28,-23]],[[1771,843],[-13,-13]],[[1758,830],[-20,-7]],[[1670,832],[-78,29]],[[1758,830],[12,-21],[-9,-15]],[[1761,795],[-4,7]],[[1610,818],[50,-8]],[[1771,843],[17,8],[17,0],[7,-10]],[[2314,916],[-3,-12],[-40,-13],[4,-17]],[[2269,872],[-25,6]],[[2244,878],[-32,22]],[[2212,900],[-8,12],[11,13]],[[2215,925],[24,15],[0,11]],[[2239,951],[27,2]],[[2266,953],[-1,-5],[49,-32]],[[2314,916],[44,4]],[[2358,920],[-3,-18],[-29,-9],[-3,-15]],[[2358,920],[15,3],[12,-24]],[[2390,882],[3,-10]],[[2158,627],[11,-11],[-33,-13]],[[2136,603],[2,-7],[-22,-13],[15,-16]],[[2131,567],[-31,-1],[-24,7]],[[2076,573],[-11,12]],[[2065,585],[19,9],[-5,21]],[[2079,615],[79,12]],[[2065,585],[-1,17]],[[2064,602],[1,22]],[[2065,624],[14,-9]],[[2059,511],[-29,23],[9,27]],[[2039,561],[13,8],[16,-8],[8,12]],[[2131,567],[-4,-18]],[[2127,549],[-20,-15],[-23,-3],[-25,-20]],[[2162,850],[-18,21]],[[2139,876],[8,9],[19,-5],[18,9]],[[2184,889],[15,6]],[[2199,895],[29,-31]],[[2228,864],[-7,-20]],[[2221,844],[-15,-3]],[[2206,841],[-31,16],[-13,-7]],[[2244,878],[-16,-14]],[[2199,895],[13,5]],[[2206,841],[-6,-19],[26,-10]],[[2226,812],[-39,-5]],[[2168,832],[-6,18]],[[2293,831],[5,-8]],[[2298,823],[-40,2]],[[2258,825],[-14,18],[-23,1]],[[2258,825],[-21,-6],[13,-10]],[[2250,809],[-24,3]],[[2298,823],[-3,-4]],[[2295,819],[-31,-17],[-8,2]],[[2256,804],[-6,5]],[[2013,647],[15,8],[-3,14]],[[2025,669],[32,10]],[[2070,652],[-6,-20]],[[2064,632],[-33,-7]],[[2025,669],[-2,15],[15,-1]],[[1946,917],[-2,-6],[2,-10],[-38,-5]],[[1908,896],[-12,9],[-1,13],[-48,1]],[[1893,888],[15,8]],[[2147,649],[11,-22]],[[2065,624],[-1,8]],[[1700,917],[-2,4]],[[1698,921],[5,12],[-19,3]],[[1684,936],[-1,2]],[[1683,938],[28,5],[-3,16],[-26,-3]],[[1682,956],[0,4]],[[1683,938],[-1,18]],[[1698,921],[-14,15]],[[1668,917],[-1,43]],[[1641,924],[-1,40]],[[1621,903],[-14,26]],[[1607,929],[6,15],[-1,26]],[[1612,970],[19,-4]],[[1560,969],[3,0]],[[1563,969],[49,1]],[[1607,929],[-21,-1]],[[1555,1075],[1,-15],[25,-10]],[[1581,1050],[-6,-16]],[[1575,1034],[-22,6],[-4,-12],[-22,-18]],[[1527,1010],[-32,-9]],[[1495,1001],[-67,4],[-22,4],[-30,-23],[-36,-15],[-22,3]],[[1598,1046],[-17,4]],[[1612,1073],[-14,-27]],[[1575,1034],[0,-30]],[[1575,1004],[-40,2],[-8,4]],[[1479,962],[10,13],[6,26]],[[1575,1004],[1,0]],[[1576,1004],[-13,-35]],[[1576,1004],[23,-4],[34,1]],[[1002,707],[0,-43]],[[1002,664],[-40,2],[-19,-3],[-15,-12],[-11,-20]],[[1009,706],[24,-6]],[[1033,700],[3,-23],[-10,-7],[8,-13]],[[1034,657],[-32,7]],[[1034,657],[-2,-20],[-53,-18]],[[979,619],[-2,8],[-55,-2]],[[1034,657],[40,-33],[-10,-10],[-37,-11],[-34,5],[-14,11]],[[1654,1060],[-38,-17]],[[1616,1043],[-2,-2]],[[1614,1041],[-16,5]],[[1614,1041],[15,-8],[9,-32]],[[1657,1043],[-41,0]],[[1681,1050],[-24,-7]],[[1690,1047],[-13,-27]],[[1664,1019],[-7,24]],[[1256,704],[-5,9]],[[1251,713],[40,9],[48,20]],[[1339,742],[21,-14]],[[1365,726],[-20,-10],[-10,-15],[-27,-8]],[[1308,693],[-14,18],[-29,-1],[-9,-6]],[[1253,757],[52,-3],[34,-12]],[[1251,713],[-37,19]],[[1308,693],[4,-18],[-40,0],[-33,4]],[[1239,679],[14,7],[3,18]],[[1239,679],[-22,3],[-40,-10],[-5,27],[18,23]],[[1519,1754],[-40,-24]],[[1447,1775],[30,-3],[-3,-11],[15,-9],[30,2]],[[1519,1754],[33,6],[15,-4]],[[2584,198],[-24,8],[1,21]],[[2561,227],[36,10],[11,-8],[53,4],[8,-3],[-21,-23]],[[2648,207],[-32,1]],[[2616,208],[-8,3],[-24,-13]],[[2683,141],[4,-2]],[[2687,139],[-14,-18],[-14,-2]],[[2659,119],[-7,9]],[[2652,128],[-11,13]],[[2641,141],[-7,14]],[[2634,155],[34,1],[15,-15]],[[2654,176],[34,-22],[0,-5]],[[2688,149],[-5,-8]],[[2634,155],[-1,0]],[[2633,155],[21,20]],[[2654,175],[0,1]],[[2654,176],[6,8]],[[2660,184],[33,-5],[3,-8],[28,0],[-2,-17]],[[2722,154],[-34,-5]],[[2796,690],[22,20],[-1,16]],[[2817,726],[-9,11],[4,13]],[[2812,750],[6,-4],[37,11]],[[2855,757],[0,-17],[11,-16],[-10,-29]],[[2856,695],[-38,-6],[-22,1]],[[2796,684],[0,6]],[[2856,695],[-7,-41]],[[2849,654],[-36,-9]],[[2813,645],[-18,0]],[[2795,645],[-4,13],[9,16],[-4,10]],[[2421,185],[9,13]],[[2430,198],[25,6],[27,-5]],[[2482,199],[17,-7],[-10,-17]],[[2489,175],[-5,-6]],[[2484,169],[-8,0]],[[2476,169],[-12,15],[-43,1]],[[2476,169],[-32,-6]],[[2444,163],[-27,-3],[-20,-10]],[[2397,150],[16,27]],[[2413,177],[8,8]],[[2727,546],[35,-12],[5,-7]],[[2767,527],[-30,-24]],[[2737,503],[-25,18],[-28,10]],[[2684,531],[43,15]],[[2737,503],[-22,-11]],[[2715,492],[-22,9],[-25,-5],[-21,11]],[[2647,507],[5,8]],[[2652,515],[19,3],[13,13]],[[2744,876],[-36,10]],[[2708,886],[-5,14],[-37,9]],[[2666,909],[8,16]],[[2674,925],[48,-14],[38,-6],[-16,-29]],[[2619,893],[38,18],[9,-2]],[[2708,886],[4,-10],[-31,-7],[-15,-8]],[[2744,876],[-11,-21],[34,-17]],[[2767,838],[-32,1],[-37,-11],[-17,-1]],[[2767,838],[32,-23]],[[2799,815],[-47,-19]],[[2752,796],[-6,1]],[[2746,797],[-23,-1],[-33,12]],[[2799,815],[20,-27],[23,-12],[13,-19]],[[2812,750],[-7,10],[-22,9]],[[2783,769],[-19,10],[-12,17]],[[2597,191],[7,-7]],[[2604,184],[0,-1]],[[2604,183],[-17,-6]],[[2587,177],[-3,-1]],[[2584,176],[-5,3]],[[2579,179],[-9,7]],[[2570,186],[14,12]],[[2584,198],[13,-7]],[[2616,208],[1,-6]],[[2617,202],[-20,-11]],[[2621,190],[-4,12]],[[2648,207],[10,-13]],[[2658,194],[-9,-8],[-28,4]],[[2604,184],[17,6]],[[2658,194],[2,-10]],[[2654,175],[-37,3]],[[2617,178],[-13,5]],[[2339,58],[20,-3]],[[2359,55],[24,-12]],[[2383,43],[10,-22]],[[2393,21],[-20,-15],[-15,3],[-21,-5],[-12,7],[18,21],[-10,13],[6,13]],[[2359,55],[0,8],[26,7]],[[2385,70],[1,-2]],[[2386,68],[-3,-25]],[[2595,997],[23,-9]],[[2618,988],[-5,-18]],[[2613,970],[-24,-7]],[[2576,965],[-15,2]],[[2561,967],[19,23]],[[2618,988],[31,-6]],[[2649,982],[-4,-11],[11,-28],[14,-4]],[[2670,939],[2,-7]],[[2672,932],[-39,3]],[[2633,935],[2,12],[-13,6],[-9,17]],[[2649,982],[38,-16],[-19,-8],[2,-19]],[[2633,935],[-29,0]],[[2672,932],[2,-7]],[[2561,475],[31,-4],[21,-9]],[[2613,462],[-20,-12]],[[2593,450],[-23,3],[-34,12]],[[2536,465],[25,10]],[[2595,505],[21,-8]],[[2616,497],[-3,-2]],[[2613,495],[-7,5],[-10,-8],[14,-5]],[[2610,487],[14,-13]],[[2624,474],[-11,-12]],[[2561,475],[-15,16]],[[2546,491],[12,8]],[[2558,499],[37,6]],[[2613,495],[-3,-8]],[[2616,497],[25,-2],[3,-12]],[[2644,483],[-20,-9]],[[2560,180],[5,-6]],[[2565,174],[-3,-5]],[[2562,169],[-12,-4]],[[2550,165],[10,15]],[[2579,179],[-14,-5]],[[2560,180],[1,2]],[[2561,182],[9,4]],[[2584,176],[4,-10]],[[2588,166],[-11,2]],[[2577,168],[-15,1]],[[2562,158],[-4,1]],[[2558,159],[-11,4]],[[2547,163],[3,2]],[[2577,168],[-15,-10]],[[2588,166],[2,-11]],[[2590,155],[-12,-5],[-16,8]],[[2617,178],[1,-9]],[[2618,169],[-11,-1]],[[2607,168],[-20,9]],[[2607,168],[-5,-5]],[[2602,163],[-14,3]],[[2618,169],[-2,-9]],[[2616,160],[-14,3]],[[2633,155],[-18,-5]],[[2615,150],[-1,1]],[[2614,151],[2,9]],[[2605,151],[-13,4]],[[2592,155],[-2,0]],[[2614,151],[-9,0]],[[2605,151],[10,-10]],[[2615,141],[-1,-1]],[[2614,140],[-14,1]],[[2600,141],[-8,3]],[[2592,144],[0,11]],[[2615,150],[11,-11]],[[2626,139],[-11,2]],[[2641,141],[-15,-2]],[[2626,139],[2,-7]],[[2628,132],[-13,-3]],[[2615,129],[-5,6]],[[2610,135],[4,5]],[[2610,135],[-10,6]],[[2592,144],[-11,-5]],[[2581,139],[-8,8]],[[2573,147],[-8,6]],[[2565,153],[-7,6]],[[2615,129],[3,-5]],[[2618,124],[7,-6]],[[2625,118],[-11,-11]],[[2614,107],[-2,2]],[[2612,109],[-31,30]],[[2628,132],[3,-4]],[[2631,128],[-13,-4]],[[2631,128],[9,-3]],[[2640,125],[-15,-7]],[[2652,128],[-12,-3]],[[2657,115],[-8,-5]],[[2649,110],[-8,7],[7,4],[9,-6]],[[2649,110],[-7,-3]],[[2642,107],[-21,-9]],[[2621,98],[-7,9]],[[2659,119],[-2,-4]],[[2642,107],[18,-14]],[[2660,93],[6,-25]],[[2666,68],[-19,17]],[[2647,85],[-26,13]],[[2665,594],[-29,-1],[-50,7],[-33,-1]],[[2553,599],[-15,15]],[[2573,634],[27,-7]],[[2600,627],[3,-5],[36,0],[26,-28]],[[2665,594],[16,-14]],[[2681,580],[6,-11]],[[2687,569],[-18,-12],[-38,-17],[-2,-4]],[[2629,536],[-32,13],[-35,10]],[[2562,559],[-13,4]],[[2549,563],[-2,12],[6,24]],[[2494,493],[-18,31]],[[2476,524],[17,17],[10,19]],[[2503,560],[16,5]],[[2519,565],[10,-1]],[[2529,564],[5,-47],[24,-18]],[[2546,491],[-36,-2],[-16,4]],[[2536,465],[-2,-2]],[[2534,463],[-12,-3]],[[2522,460],[-25,12],[-23,18]],[[2474,490],[20,3]],[[2522,460],[-31,-32]],[[2491,428],[-54,58]],[[2437,486],[37,4]],[[2388,439],[3,18]],[[2391,457],[19,7]],[[2410,464],[14,5],[10,17]],[[2434,486],[3,0]],[[2491,428],[3,-4]],[[2494,424],[-25,-8]],[[2469,416],[-49,-16],[-8,18],[7,10],[-31,11]],[[2687,139],[13,-18]],[[2700,121],[-2,-15]],[[2698,106],[-38,-13]],[[2700,121],[28,0]],[[2728,121],[-12,-25],[-18,10]],[[2722,154],[-5,-15],[11,-18]],[[2687,569],[25,-9],[39,5]],[[2751,565],[-24,-19]],[[2652,515],[-1,11],[-22,10]],[[2552,415],[20,-23]],[[2572,392],[-16,-10]],[[2556,382],[-21,2]],[[2535,384],[-20,0]],[[2515,384],[-12,13]],[[2503,397],[23,3],[10,13],[16,2]],[[2597,408],[-25,-16]],[[2552,415],[7,3]],[[2559,418],[38,-10]],[[2515,384],[-22,-26]],[[2493,358],[-16,4],[-16,12]],[[2461,374],[22,6],[15,14]],[[2498,394],[5,3]],[[2493,358],[-18,-9]],[[2475,349],[-25,14],[11,11]],[[2742,606],[-28,-18],[-33,-8]],[[2600,627],[59,4],[56,14]],[[2715,645],[17,-7]],[[2732,638],[0,-3]],[[2732,635],[1,-14]],[[2733,621],[9,-15]],[[2759,576],[-8,-11]],[[2742,606],[23,-14]],[[2765,592],[-6,-16]],[[2323,94],[-3,5]],[[2320,99],[20,10]],[[2340,109],[5,-19]],[[2345,90],[-4,-1]],[[2341,89],[-18,5]],[[2335,60],[-39,9],[-5,14]],[[2291,83],[32,11]],[[2341,89],[-6,-29]],[[2291,83],[-10,14],[5,23],[17,6]],[[2303,126],[18,-19],[-1,-8]],[[2303,126],[18,4]],[[2321,130],[20,-15]],[[2341,115],[-1,-6]],[[2399,104],[-10,-14]],[[2389,90],[-25,3],[-19,-3]],[[2341,115],[36,13]],[[2377,128],[28,-12]],[[2405,116],[-6,-12]],[[2321,130],[17,18],[19,9]],[[2357,157],[10,-17]],[[2367,140],[10,-12]],[[2339,58],[-4,2]],[[2389,90],[-4,-20]],[[2501,82],[4,-6]],[[2505,76],[-24,-19],[-19,-3]],[[2462,54],[-15,4]],[[2447,58],[-3,18],[-32,14],[9,9]],[[2421,99],[23,0]],[[2444,99],[19,-11],[23,-5]],[[2486,83],[15,-1]],[[2447,58],[-29,4],[-5,9],[-27,-3]],[[2399,104],[22,-5]],[[2420,32],[-27,-11]],[[2462,54],[-42,-14],[0,-8]],[[2462,54],[15,-22]],[[2477,32],[10,-18]],[[2487,14],[-14,-6],[-24,-3],[-29,27]],[[2394,148],[9,-8],[37,4]],[[2440,144],[2,-9]],[[2442,135],[-22,-2],[-5,-12]],[[2415,121],[-10,-5]],[[2367,140],[11,-3],[16,11]],[[2444,163],[-4,-19]],[[2394,148],[3,2]],[[2357,157],[31,35]],[[2388,192],[3,-7],[22,-8]],[[2549,563],[-20,1]],[[2519,565],[-25,5],[-20,17],[8,9]],[[2557,1002],[-9,-10],[-22,-8]],[[2526,984],[-3,9]],[[2523,993],[-16,13]],[[2561,967],[-27,5]],[[2534,972],[-8,12]],[[2322,528],[-21,0],[-15,12]],[[2286,540],[8,7]],[[2294,547],[20,17]],[[2389,578],[10,-52]],[[2399,526],[30,-30]],[[2429,496],[-1,-4]],[[2428,492],[-37,19],[-8,8]],[[2383,519],[-4,6]],[[2379,525],[-32,7],[-25,-4]],[[2402,581],[7,-8],[-7,-24],[18,-17]],[[2420,532],[-21,-6]],[[2503,560],[-83,-28]],[[2476,524],[-22,-6],[-7,-17],[-18,-5]],[[2434,486],[-6,6]],[[2498,153],[-13,3]],[[2485,156],[-1,13]],[[2489,175],[20,-1],[23,10],[29,-2]],[[2547,163],[-49,-10]],[[2565,153],[-33,-16]],[[2532,137],[-34,16]],[[2532,137],[-29,-6]],[[2503,131],[-26,-1]],[[2477,130],[-2,11]],[[2475,141],[10,15]],[[2475,141],[-33,-6]],[[2634,437],[-9,-12]],[[2625,425],[-8,-5]],[[2617,420],[-3,15],[-23,5],[-16,-5],[26,-25]],[[2601,410],[-4,-2]],[[2559,418],[5,3]],[[2564,421],[-1,7]],[[2563,428],[30,22]],[[2624,474],[10,-6]],[[2634,468],[9,-18]],[[2643,450],[-9,-13]],[[2647,442],[0,-11]],[[2647,431],[-13,6]],[[2643,450],[4,-8]],[[2647,431],[7,-4]],[[2654,427],[40,-5]],[[2694,422],[-3,-12],[-34,5],[-13,-3]],[[2644,412],[-19,13]],[[2634,468],[35,-14]],[[2669,454],[1,-12]],[[2670,442],[-15,-1]],[[2655,441],[-8,1]],[[2657,432],[-3,-5]],[[2655,441],[2,-9]],[[2670,442],[-13,-10]],[[2669,454],[22,-6],[20,14]],[[2711,462],[4,-30]],[[2715,432],[-18,1],[-3,-11]],[[2617,420],[-16,-10]],[[2494,217],[21,-5],[22,12]],[[2537,224],[-8,-18],[18,-13],[23,-7]],[[2482,199],[12,18]],[[2537,224],[2,0]],[[2539,224],[22,3]],[[2545,666],[15,1]],[[2560,667],[95,8]],[[2655,675],[35,1],[30,-7]],[[2720,669],[-5,-24]],[[2647,85],[-33,-15]],[[2614,70],[-13,8],[-4,17]],[[2597,95],[15,14]],[[2666,68],[-20,-18],[-21,9]],[[2625,59],[-14,7]],[[2611,66],[3,4]],[[2428,209],[-29,-1],[-24,13]],[[2375,221],[26,21]],[[2401,242],[5,-9],[19,-2]],[[2425,231],[3,-22]],[[2428,209],[2,-11]],[[2388,192],[12,8],[-25,21]],[[2426,240],[-1,-9]],[[2401,242],[14,26]],[[2415,268],[13,0]],[[2428,268],[-11,-15],[9,-13]],[[2644,483],[3,24]],[[2715,492],[13,-20],[-17,-10]],[[2494,424],[7,-3]],[[2501,421],[16,-4],[-14,-20]],[[2498,394],[-20,9],[-9,13]],[[2600,47],[19,5]],[[2619,52],[24,-18]],[[2643,34],[13,-30]],[[2656,4],[-38,-1],[-18,8],[-22,-5]],[[2578,6],[-12,18]],[[2566,24],[19,-2],[-1,17],[16,8]],[[2643,34],[27,-11],[-14,-19]],[[2784,603],[-4,-3]],[[2780,600],[-22,40],[-26,-2]],[[2720,669],[39,1],[19,-6],[5,-20],[12,1]],[[2795,645],[13,-24],[-24,-18]],[[2732,635],[1,-14]],[[2795,603],[-11,0]],[[2813,645],[6,-9],[28,-12],[-9,-16],[-17,-11],[-26,6]],[[2780,600],[-15,-8]],[[2849,654],[20,-5],[-13,-10],[12,-30],[-47,-27]],[[2821,582],[-26,21]],[[2821,582],[-20,-18]],[[2801,564],[-33,14],[-9,-2]],[[2801,564],[-34,-37]],[[2613,717],[-67,-15]],[[2546,702],[-29,-7]],[[2495,753],[-5,21]],[[2490,774],[-10,41]],[[2480,815],[33,-3]],[[2594,806],[4,-14],[-15,-22],[9,-9],[52,9],[-11,32],[-16,8]],[[2674,801],[12,-16],[23,-12]],[[2709,773],[2,-36]],[[2711,737],[-19,2],[-24,-10]],[[2668,729],[-55,-12]],[[2597,95],[-25,-6]],[[2572,89],[-13,9]],[[2559,98],[-20,36],[34,13]],[[2559,98],[-29,-2]],[[2530,96],[-19,10],[0,15]],[[2511,121],[-8,10]],[[2341,510],[5,-3]],[[2346,507],[-3,-1]],[[2343,506],[-20,-7]],[[2323,499],[-34,-11]],[[2289,488],[-64,-22]],[[2225,466],[-17,4]],[[2208,470],[53,8],[5,20]],[[2266,498],[2,24],[18,18]],[[2322,528],[2,-11],[17,-7]],[[2379,525],[-38,-15]],[[2383,519],[-25,-8]],[[2358,511],[-9,-3]],[[2349,508],[-3,-1]],[[2349,508],[9,-5]],[[2358,503],[1,-6]],[[2359,497],[-2,0]],[[2357,497],[-11,1]],[[2346,498],[-3,0]],[[2343,498],[0,8]],[[2364,508],[-6,-5]],[[2358,511],[6,-3]],[[2369,496],[-10,1]],[[2364,508],[5,-12]],[[2343,498],[-11,1]],[[2332,499],[-9,0]],[[2361,474],[-5,0]],[[2356,474],[-26,8]],[[2330,482],[2,17]],[[2346,498],[15,-24]],[[2393,495],[-12,-17]],[[2381,478],[-20,-4]],[[2357,497],[12,-1]],[[2369,496],[24,-1]],[[2428,492],[-35,3]],[[2330,482],[-41,6]],[[2356,474],[-5,-9],[11,-12]],[[2362,453],[-66,-10]],[[2296,443],[-9,6],[-62,17]],[[2381,478],[29,-14]],[[2391,457],[-29,-4]],[[2388,439],[-35,-8],[-47,4],[-10,8]],[[2746,797],[-14,-23],[-23,-1]],[[2783,769],[-9,-9],[12,-17],[-32,-23]],[[2754,720],[-23,14]],[[2731,734],[-20,3]],[[2452,115],[25,15]],[[2511,121],[-30,-16]],[[2481,105],[-24,4]],[[2457,109],[-5,6]],[[2452,115],[-37,6]],[[2530,96],[-29,-14]],[[2486,83],[10,14],[-15,8]],[[2444,99],[13,10]],[[2120,1763],[-6,-1]],[[2114,1762],[2,18]],[[2116,1780],[4,-17]],[[2123,1761],[-3,2]],[[2116,1780],[16,19],[9,1]],[[2141,1800],[32,-2]],[[2173,1798],[2,-38],[-3,-10]],[[2172,1750],[-19,11],[-30,0]],[[2114,1762],[0,-5]],[[2114,1757],[-20,0]],[[2094,1757],[-30,-1]],[[2064,1756],[18,11],[-5,13],[12,5],[10,19],[44,2]],[[2143,1806],[-2,-6]],[[1929,1941],[10,1],[55,-14],[10,-4],[37,-24],[58,-57],[-1,0],[-49,48],[-11,10],[-36,23],[-4,2],[-53,15],[-16,0]],[[2215,1845],[-16,-5],[-19,-17],[-7,-25]],[[2143,1806],[56,36],[16,4]],[[2123,1743],[-8,1]],[[2115,1744],[1,5]],[[2116,1749],[-1,6]],[[2115,1755],[6,1]],[[2121,1756],[2,-13]],[[2114,1757],[1,-2]],[[2116,1749],[-22,8]],[[2115,1744],[-29,0],[-29,-17]],[[2057,1727],[-15,16]],[[2042,1743],[22,13]],[[2121,1756],[2,5]],[[2172,1750],[-27,-20]],[[2145,1730],[-22,13]],[[2145,1730],[-33,-17],[-32,-20],[-19,15],[-4,19]],[[1900,1685],[125,54],[17,4]],[[2546,702],[-3,-8],[35,-4],[-18,-23]],[[2613,717],[7,-17],[19,4],[16,-21]],[[2655,683],[0,-8]],[[2668,729],[10,-13],[-3,-24]],[[2675,692],[-20,-9]],[[2675,692],[17,1],[7,-11],[22,-9]],[[2721,673],[-1,-4]],[[2731,690],[-10,-17]],[[2731,734],[-21,-17],[-4,-8],[25,-19]],[[2754,720],[4,-3]],[[2758,717],[-20,-21]],[[2738,696],[-7,-6]],[[2817,726],[-26,-6],[-33,-3]],[[2796,684],[-23,0],[-35,12]],[[3038,1141],[-9,-12],[-20,-4],[-40,9]],[[2969,1134],[3,10],[-19,5],[0,21],[-20,1],[15,15]],[[2948,1186],[-1,-9],[35,-6],[21,-13],[17,2],[18,-19]],[[2941,1117],[23,1],[5,16]],[[3038,1141],[13,-11],[18,10]],[[3069,1140],[45,17]],[[3106,1104],[-13,10],[-50,5],[-14,-5],[22,-13],[-7,-25],[-39,9],[-18,15],[-39,-2],[-7,19]],[[3026,1190],[39,-24],[4,-26]],[[2948,1186],[0,2]],[[3058,1222],[32,-3],[20,8]],[[1121,1455],[46,31]],[[1195,1472],[-22,-9],[-14,4],[-27,-16]],[[1980,1320],[2,-12],[52,-23]],[[2034,1285],[-11,-16],[-17,-10]],[[1957,1276],[-19,6],[11,20],[31,18]],[[1975,1328],[5,-8]],[[2127,1305],[3,-15],[-11,-19],[-31,-24],[-19,5],[-12,-6]],[[2034,1285],[21,-7],[22,19]],[[3277,2648],[17,16],[-15,38]],[[3279,2702],[31,7],[60,6]],[[3370,2715],[-28,-52],[-2,-19]],[[3340,2644],[-15,-4],[-13,9],[-35,-1]],[[3372,2631],[-23,3],[-9,10]],[[3370,2715],[29,0],[40,-10],[17,8],[48,-12],[22,-15],[-10,-28]],[[3224,2594],[6,25],[-3,13]],[[3227,2632],[25,12],[25,4]],[[3227,2632],[-16,34],[-4,19]],[[3207,2685],[72,17]],[[3190,2676],[-2,6]],[[3188,2682],[19,3]],[[3133,2797],[-23,-24],[-14,16],[12,15],[25,-7]],[[2324,777],[-15,13]],[[2309,790],[-14,29]],[[2328,833],[-4,-9],[25,-7],[36,7]],[[2385,824],[9,-15]],[[2394,809],[-46,-9],[-24,-23]],[[2375,839],[10,-15]],[[2394,809],[11,-17]],[[2405,792],[-13,-6]],[[2392,786],[-16,-9],[-37,-3],[-15,3]],[[2429,847],[22,-24]],[[2451,823],[-46,-31]],[[2401,843],[28,4]],[[2397,784],[7,-11],[-8,-14],[1,-14],[13,-7]],[[2326,757],[-2,20]],[[2392,786],[5,-2]],[[2397,784],[62,-22],[31,12]],[[2465,817],[15,-2]],[[2451,823],[14,-6]],[[1103,863],[27,6]],[[1130,869],[14,-11]],[[1144,858],[-12,-25],[-20,-16],[4,-6]],[[1116,811],[-17,1]],[[1099,812],[-13,6]],[[1071,843],[21,1],[13,8],[-2,11]],[[1080,866],[23,-3]],[[1197,829],[-18,-14]],[[1142,808],[-13,1]],[[1129,809],[-13,2]],[[1144,858],[17,-1],[18,9]],[[1179,866],[15,-6],[-6,-12],[9,-19]],[[1210,805],[-13,24]],[[1179,866],[34,13]],[[1213,879],[7,0]],[[1220,879],[23,-5]],[[2281,638],[-40,-27],[-11,-11]],[[2230,600],[-17,11],[-28,3],[-49,-11]],[[2168,654],[32,1],[41,12]],[[2241,667],[40,4]],[[2230,600],[15,-20]],[[2245,580],[-18,-5]],[[2227,575],[-17,-5]],[[2210,570],[-20,20],[-22,-11],[0,-14],[12,-8]],[[2180,557],[-9,-5]],[[2171,552],[-13,-8]],[[2158,544],[-31,5]],[[2210,570],[-30,-13]],[[2297,603],[-15,-7],[-9,-19],[-28,3]],[[2261,775],[-22,8]],[[2239,783],[-10,15],[27,6]],[[2309,790],[-1,-13],[-19,-8],[-28,6]],[[2252,758],[9,17]],[[2196,768],[8,6],[35,9]],[[3733,2507],[59,-12]],[[3792,2495],[5,-39]],[[3797,2456],[-13,-14],[-53,-9],[-24,-18]],[[3850,2439],[-10,-4]],[[3840,2435],[-9,9],[-34,12]],[[3792,2495],[55,-8],[12,-22],[1,-17],[-10,-9]],[[3840,2435],[3,-12]],[[3843,2423],[-12,-18]],[[3798,2441],[7,-5],[7,1],[-5,5],[-9,-1]],[[3850,2439],[19,-9],[-26,-7]],[[2934,2588],[-5,4],[-27,7],[-35,16],[-29,25],[-15,4],[10,17]],[[2833,2661],[8,-3],[57,7],[38,-12],[15,-10]],[[2951,2643],[12,-15],[39,-7],[8,3]],[[3010,2624],[0,-12],[-17,-26],[-1,-18]],[[3071,2608],[23,-5],[21,9]],[[3010,2624],[41,3],[20,-19]],[[3071,2608],[2,22],[-13,2],[4,28],[-9,8]],[[3055,2668],[68,9],[65,5]],[[2951,2643],[24,13],[49,11],[31,1]],[[1207,1308],[42,7]],[[1233,1284],[-29,7]],[[1759,610],[37,17]],[[1796,627],[29,-2]],[[1825,625],[8,-4],[9,-49]],[[1842,572],[-37,-13],[-29,5],[-2,32],[-15,14]],[[1798,636],[-2,-9]],[[1759,610],[-46,32],[24,29]],[[1737,671],[32,-20],[14,4],[15,-19]],[[1737,671],[7,7]],[[1833,679],[4,-30]],[[1837,649],[-33,-2],[-6,-11]],[[1841,643],[-2,-15],[-14,-3]],[[1837,649],[4,-6]],[[2715,432],[9,-11],[29,2],[12,7],[42,13],[16,-8],[-35,-16]],[[2788,419],[-10,-9],[-25,0],[-42,-19],[-25,3]],[[2686,394],[-44,4],[2,14]],[[2711,367],[-16,7],[-9,20]],[[2788,419],[29,-12],[-12,-5],[-71,-18],[-23,-17]],[[2562,559],[23,-17],[10,-37]],[[2117,977],[-11,-3]],[[2106,974],[-11,15],[-23,-7],[-5,9]],[[2141,984],[-24,-7]],[[2106,974],[-41,-12]],[[2117,977],[10,-14],[14,-7]],[[2141,956],[-21,-6],[-7,-10]],[[2113,940],[-14,-3]],[[1187,1378],[39,-7],[18,-10],[28,6]],[[1249,1326],[-55,1],[-2,28],[-14,0]],[[1202,1381],[20,-4],[42,5]],[[1445,1452],[-43,-9],[9,-16]],[[1102,791],[5,-6]],[[1107,785],[0,-11]],[[1107,774],[-16,4]],[[1091,778],[3,5]],[[1094,783],[8,8]],[[1107,785],[18,3]],[[1125,788],[0,-3]],[[1125,785],[-9,-9]],[[1116,776],[-9,-2]],[[1102,791],[27,18]],[[1140,799],[-15,-11]],[[1091,778],[-18,1],[-12,-13],[-12,-1]],[[1049,765],[4,36]],[[1099,812],[-11,-21],[6,-8]],[[1107,774],[18,-27]],[[1125,747],[-37,-4]],[[1088,743],[1,26]],[[1089,769],[1,4]],[[1090,773],[1,5]],[[1116,776],[28,-10]],[[1139,749],[-14,-2]],[[1125,785],[22,-4],[9,10]],[[1090,773],[-1,-4]],[[1088,743],[-24,-2]],[[1064,741],[-15,17]],[[1049,758],[0,7]],[[1129,726],[-45,-8]],[[1084,718],[1,5],[-21,18]],[[1049,758],[-32,-1]],[[1017,757],[5,8],[-2,28]],[[1017,757],[-11,-17]],[[983,771],[11,1],[22,21]],[[1084,718],[-51,-18]],[[519,916],[32,9],[26,0]],[[577,925],[31,3]],[[608,928],[7,-5]],[[615,923],[-15,-19],[2,-16]],[[602,888],[-11,-14]],[[591,874],[-59,8],[1,10],[-14,24]],[[564,981],[-7,-22]],[[557,959],[-16,7]],[[541,966],[-26,25]],[[515,991],[22,0],[27,-10]],[[624,967],[-31,-21]],[[593,946],[-33,10]],[[560,956],[-3,3]],[[564,981],[48,2],[12,-16]],[[624,967],[25,-15],[8,-16],[15,-5]],[[672,931],[-9,-6]],[[663,925],[-48,-2]],[[608,928],[-15,18]],[[577,925],[-8,3],[-9,28]],[[692,880],[19,14],[2,21],[-16,13]],[[697,928],[34,-8],[16,-13],[-8,-10],[-26,-16],[-21,-1]],[[835,885],[-1,6],[-40,13],[5,6],[34,-17],[4,-9]],[[663,925],[9,-10],[-7,-28]],[[665,887],[-63,1]],[[692,880],[-34,-10]],[[658,870],[7,17]],[[672,931],[25,-3]],[[658,870],[-48,-7],[-19,11]],[[484,1005],[-15,-7],[-1,-10],[47,3]],[[541,966],[-21,-7],[-32,-3]],[[488,956],[-9,15],[-23,11]],[[456,982],[6,8]],[[462,990],[3,9],[16,8]],[[519,916],[-19,11],[-33,6]],[[467,933],[10,8],[-4,12]],[[473,953],[15,3]],[[473,953],[-22,8]],[[451,961],[-11,15],[16,6]],[[359,985],[26,-26],[22,7]],[[407,966],[26,-15]],[[433,951],[2,-6]],[[435,945],[-11,-10],[-28,-11],[-29,-6],[-3,-19]],[[361,899],[3,13],[-21,7],[-19,18],[-3,18],[11,15],[27,15]],[[440,992],[-12,-15],[-21,-11]],[[359,985],[20,0],[35,8],[26,-1]],[[440,992],[22,-2]],[[451,961],[-18,-10]],[[467,933],[-11,14],[-21,-2]],[[2585,362],[-16,1],[-13,19]],[[2711,367],[-32,-21]],[[2679,346],[-23,21],[-29,3],[-13,-6],[-29,-2]],[[3403,2326],[4,-1]],[[3407,2325],[14,-16]],[[3421,2309],[-1,-3]],[[3420,2306],[-19,-8]],[[3401,2298],[-31,-12]],[[3370,2286],[-25,25]],[[3345,2311],[-4,4]],[[3341,2315],[49,16]],[[3390,2331],[13,-5]],[[3401,2298],[12,-13],[3,-15]],[[3416,2270],[-12,-7],[-32,-7],[-15,-27]],[[3357,2229],[-15,2]],[[3342,2231],[7,16],[-12,25]],[[3337,2272],[5,1]],[[3342,2273],[28,13]],[[3342,2273],[-26,26]],[[3316,2299],[29,12]],[[3304,2306],[12,-7]],[[3337,2272],[-32,-5]],[[3305,2267],[-15,11]],[[3290,2278],[-6,18],[20,10]],[[3342,2231],[-24,11],[-14,-1],[-5,16],[6,10]],[[3321,2327],[9,-5]],[[3330,2322],[11,-7]],[[3304,2306],[10,9],[-22,15]],[[3292,2330],[-1,2]],[[3291,2332],[30,-5]],[[3447,2315],[28,-19]],[[3475,2296],[-17,-8]],[[3458,2288],[-28,6],[-10,12]],[[3421,2309],[22,8]],[[3443,2317],[4,-2]],[[3422,2332],[-15,-7]],[[3403,2326],[16,7]],[[3419,2333],[3,-1]],[[3422,2332],[21,-15]],[[3390,2331],[-3,4]],[[3387,2335],[20,6]],[[3407,2341],[12,-8]],[[3457,2321],[-10,-6]],[[3407,2341],[12,4]],[[3485,2302],[-10,-6]],[[3458,2288],[-42,-18]],[[3371,2205],[-6,16]],[[3365,2221],[-1,4]],[[3364,2225],[46,6],[8,8],[56,10]],[[3474,2249],[7,-20]],[[3481,2229],[0,-1]],[[3481,2228],[-27,-8]],[[3454,2220],[-23,-7],[-60,-8]],[[3496,2231],[-15,-2]],[[3474,2249],[-1,3]],[[3473,2252],[26,7]],[[3499,2259],[15,-26]],[[3514,2233],[-18,-2]],[[3499,2259],[40,9]],[[3578,2243],[-64,-10]],[[3364,2225],[-7,4]],[[3458,2288],[6,-7],[-11,-14],[20,-15]],[[3273,2276],[17,2]],[[3365,2221],[-20,-11],[-37,-3],[-26,-10],[-13,3]],[[3269,2200],[12,22],[-55,-4]],[[3371,2205],[2,-16]],[[3373,2189],[-6,-2],[10,-53]],[[3377,2134],[1,-5]],[[3357,2118],[-29,7]],[[3328,2125],[-11,30],[-8,4],[-41,4]],[[3268,2163],[-11,5]],[[3257,2168],[2,18],[10,14]],[[3257,2168],[-29,1]],[[3228,2169],[-25,28]],[[3454,2165],[-51,-15],[-7,-19],[-19,3]],[[3373,2189],[58,1],[7,-3]],[[3438,2187],[13,-6]],[[3451,2181],[3,-16]],[[3496,2195],[3,-15],[19,-16]],[[3518,2164],[-40,-17]],[[3478,2147],[-24,18]],[[3451,2181],[16,16]],[[3467,2197],[29,-2]],[[3438,2187],[2,11],[25,6]],[[3465,2204],[2,-7]],[[3454,2220],[11,-16]],[[3481,2228],[18,-15],[2,-12]],[[3501,2201],[-5,-6]],[[3496,2231],[23,-27]],[[3519,2204],[-1,0]],[[3518,2204],[-17,-3]],[[3590,2233],[-71,-29]],[[3622,2205],[-80,-32]],[[3542,2173],[-19,17],[-5,14]],[[3542,2173],[-24,-9]],[[3478,2147],[-11,-14]],[[3467,2133],[-38,-10]],[[3429,2123],[-35,-10]],[[3495,2088],[-17,-3]],[[3478,2085],[-8,14],[-15,-3],[-26,13],[0,14]],[[3467,2133],[40,-24]],[[3507,2109],[2,-23]],[[3509,2086],[-14,2]],[[3518,2164],[23,-38],[0,-9]],[[3541,2117],[-7,-2]],[[3534,2115],[-27,-6]],[[3534,2115],[22,-29]],[[3512,2070],[-3,16]],[[3459,2076],[19,9]],[[3656,2176],[-4,-4],[-111,-55]],[[2534,972],[0,-14],[-15,-3]],[[2519,955],[-12,4]],[[2507,959],[-1,13],[-16,2]],[[2490,974],[-3,10]],[[2487,984],[3,8]],[[2490,992],[33,1]],[[2507,959],[-27,3]],[[2480,962],[10,12]],[[2541,940],[-22,15]],[[2490,992],[-5,16]],[[2502,919],[-17,10]],[[2465,948],[15,14]],[[2442,983],[21,4],[24,-3]],[[2311,971],[-8,-9],[-37,-9]],[[2239,951],[3,6],[-19,23]],[[2309,1001],[2,-30]],[[2351,974],[-40,-3]],[[2356,947],[-10,-12],[12,-15]],[[3105,1943],[0,-29]],[[3105,1914],[-2,-10]],[[3103,1904],[-21,3],[-19,-4]],[[3063,1903],[-16,14],[-12,0]],[[3035,1917],[7,18],[-11,7]],[[3031,1942],[16,13]],[[3144,1923],[-39,-9]],[[3156,1895],[-31,4]],[[3125,1899],[-22,5]],[[3112,1875],[13,24]],[[3053,1871],[10,32]],[[2984,1904],[22,8]],[[3006,1912],[29,5]],[[3006,1912],[-22,17]],[[2984,1929],[32,6]],[[3016,1935],[15,7]],[[3016,1935],[-19,21],[21,7],[-11,17]],[[3007,1980],[50,11]],[[3007,1980],[-36,-7]],[[2971,1973],[-21,7],[11,14],[-20,22]],[[2941,2016],[0,3]],[[2941,2019],[55,13]],[[2996,2032],[24,3],[23,-4]],[[3043,2031],[9,-16]],[[3043,2031],[46,5]],[[2941,2019],[-6,10],[16,16]],[[2951,2045],[32,4],[13,-17]],[[2873,1992],[21,16],[29,5]],[[2923,2013],[18,3]],[[2971,1973],[-55,-17]],[[2984,1929],[-20,-2],[-38,7]],[[417,803],[5,17]],[[422,820],[2,9]],[[424,829],[35,-2],[36,-11]],[[495,816],[19,-14]],[[514,802],[-5,-11]],[[507,790],[-28,15],[-32,-8],[-30,6]],[[414,800],[6,-2]],[[511,845],[-19,-18],[3,-11]],[[424,829],[13,23]],[[437,852],[40,3],[34,-10]],[[511,845],[29,-36],[-26,-7]],[[276,838],[48,13]],[[324,851],[46,-10],[9,3]],[[379,844],[-13,-11],[12,-15]],[[378,818],[24,-14]],[[402,804],[-45,-20],[-43,30],[-20,6],[-17,16]],[[422,820],[-44,-2]],[[379,844],[38,2],[20,6]],[[417,803],[-15,1]],[[1764,1471],[-1,28]],[[1763,1499],[6,11]],[[1765,1469],[-49,-4],[-31,14]],[[1699,1487],[28,1],[9,17]],[[1736,1505],[27,-6]],[[1736,1505],[-26,11],[-3,12]],[[3008,2373],[26,5],[2,13],[25,7],[46,8],[-18,-18],[-26,-12],[-28,1],[-28,-7]],[[3041,2415],[-10,-7]],[[3138,2448],[2,-18],[-16,-22],[-21,-10],[-5,-21],[25,-9]],[[3123,2368],[10,-21]],[[3133,2347],[-10,-4]],[[3123,2343],[-16,14],[-23,2],[-31,-17],[-48,16]],[[3133,2347],[13,-14]],[[3146,2333],[8,-9]],[[3154,2324],[-1,-5],[-57,-15],[-9,9],[-20,-1],[-18,7],[9,19],[52,-6],[13,11]],[[3130,2255],[-22,-5]],[[3108,2250],[-7,17],[30,11],[11,11]],[[2986,2337],[8,-16]],[[3041,2278],[-17,6],[10,12],[15,-10],[-8,-8]],[[3154,2324],[2,-9],[-9,-19]],[[3108,2250],[-52,-14]],[[3056,2236],[-1,0]],[[3180,2408],[2,-19]],[[3182,2389],[-1,-6]],[[3181,2383],[-58,-15]],[[3157,2448],[21,-30],[2,-10]],[[3223,1660],[39,6],[37,10],[17,-1]],[[3317,1673],[-38,-13],[-22,-23]],[[3227,1682],[35,8],[40,3],[13,7],[16,-3]],[[3340,1736],[20,-8]],[[3239,1699],[23,6],[-8,12]],[[3176,1739],[15,-25],[-2,-14]],[[2949,2062],[-35,10]],[[2914,2072],[-2,15]],[[2912,2087],[33,27],[-44,22]],[[2901,2136],[22,18]],[[2923,2154],[16,-18],[20,1],[14,-6],[29,14]],[[3002,2145],[13,-5],[-4,-13]],[[3011,2127],[-22,-22]],[[2989,2105],[-15,-20]],[[2974,2085],[-25,-23]],[[2912,2087],[-51,3]],[[2861,2090],[10,22],[11,8]],[[2882,2120],[19,16]],[[3011,2172],[16,-7],[-25,-20]],[[2923,2154],[-39,14]],[[2951,2045],[-2,17]],[[2974,2085],[29,6]],[[3003,2091],[5,1]],[[3008,2092],[16,1]],[[3024,2093],[5,-33],[-6,-12],[15,-8],[43,14],[16,-3]],[[3073,2100],[30,3],[2,-14],[13,-6]],[[3118,2083],[-16,-19],[-5,-13]],[[3024,2093],[49,7]],[[3062,2132],[11,-11],[0,-21]],[[3008,2092],[1,11],[19,13],[34,16]],[[3003,2091],[-14,14]],[[3011,2127],[12,13],[39,-8]],[[2815,2023],[26,23]],[[2841,2046],[25,5]],[[2866,2051],[9,3],[36,-27],[12,-14]],[[2866,2051],[-4,13],[52,8]],[[2814,2066],[21,18]],[[2835,2084],[10,4]],[[2845,2088],[16,2]],[[2841,2046],[-27,20]],[[2870,2126],[12,-6]],[[2845,2088],[-31,20]],[[2814,2108],[0,2]],[[2814,2110],[5,6],[35,16]],[[2854,2132],[16,-6]],[[2835,2084],[-32,16]],[[2803,2100],[11,8]],[[2783,2114],[20,-14]],[[2814,2066],[-41,28],[-11,10]],[[2843,2138],[11,-6]],[[2814,2110],[-12,13]],[[2870,2126],[15,13],[-2,16],[-12,5]],[[2575,869],[-28,-9]],[[2547,860],[-21,3],[-34,-9],[-49,1]],[[2443,855],[27,22]],[[2470,877],[35,9],[10,7]],[[2547,860],[-9,-17],[12,-5]],[[2535,835],[-17,9],[-22,-7],[-31,-20]],[[2429,847],[14,8]],[[2470,877],[-17,10],[-23,-4],[-9,11]],[[2499,1144],[18,3],[16,9],[7,27]],[[2544,1182],[22,-14],[31,10],[21,-5]],[[2648,1131],[-19,1],[-10,18],[-15,-4],[-18,-18],[-19,-5]],[[2199,506],[-41,38]],[[2158,544],[29,-16],[28,9]],[[2215,537],[29,9]],[[2244,546],[17,5],[33,-4]],[[2266,498],[-36,-1]],[[2230,497],[-10,14],[-21,-5]],[[2198,489],[1,17]],[[2230,497],[-32,-8]],[[2208,470],[-10,19]],[[2244,546],[0,14],[-17,15]],[[2215,537],[-16,12],[-28,3]],[[2763,2000],[-12,-3]],[[2751,1997],[-19,11],[-4,14],[-33,-6]],[[2695,2016],[-8,25],[-39,3]],[[2648,2044],[-6,2]],[[2642,2046],[31,19]],[[2642,2046],[-30,2],[-28,9],[-18,17]],[[2648,2044],[-44,-25],[-3,-9]],[[2601,2010],[-13,0],[-38,18],[-22,16]],[[2528,2044],[-7,7]],[[2528,2044],[-24,-13]],[[2601,2010],[16,-21]],[[2617,1989],[-10,6],[-24,-21],[1,-7]],[[2695,2016],[-14,-10],[-43,-11]],[[2638,1995],[-21,-6]],[[2613,1921],[-4,-4]],[[2597,1954],[25,1]],[[2622,1955],[3,-23],[-12,-11]],[[2622,1955],[24,1],[12,7]],[[2658,1963],[34,-6]],[[2692,1957],[22,-5]],[[2714,1952],[-56,-11],[13,-7]],[[2671,1934],[-43,-13],[-15,0]],[[2671,1934],[5,-5]],[[2676,1929],[5,-23],[19,-4]],[[2700,1902],[-37,-11]],[[2663,1891],[-23,14],[-16,3]],[[2733,1924],[6,-9]],[[2739,1915],[-39,-13]],[[2676,1929],[46,6],[11,-11]],[[2714,1952],[9,1],[30,23]],[[2753,1976],[6,1],[19,-36],[-3,-6],[-42,-11]],[[2762,1918],[-23,-3]],[[2753,1976],[-3,12]],[[2750,1988],[1,9]],[[2692,1957],[1,23]],[[2693,1980],[57,8]],[[2693,1980],[-1,9],[-45,-9]],[[2647,1980],[-9,15]],[[2658,1963],[-11,17]],[[1220,879],[-10,21],[31,17]],[[1241,917],[13,-5],[23,7]],[[1277,919],[22,-11]],[[1299,908],[-22,-3],[6,-23],[-17,-9]],[[1339,937],[13,-15],[-25,-7],[10,-8]],[[1337,907],[-6,-6]],[[1331,901],[-11,-3],[-21,10]],[[1277,919],[29,10],[-4,17]],[[1302,946],[7,-10],[30,1]],[[1331,901],[10,-14]],[[1135,931],[44,3],[64,12],[20,8]],[[1263,954],[-3,-28],[-19,-9]],[[1213,879],[-16,12]],[[1197,891],[-40,3]],[[1157,894],[7,7],[-27,10]],[[1137,911],[-2,20]],[[1263,954],[23,14]],[[1287,968],[4,-5]],[[1291,963],[11,-17]],[[1197,891],[-20,-10],[-33,3]],[[1144,884],[13,10]],[[1130,869],[14,15]],[[1079,916],[30,-14]],[[1109,902],[28,9]],[[1071,872],[10,25],[-16,6],[14,13]],[[1061,933],[18,-17]],[[1018,901],[-3,5],[27,27]],[[1042,933],[19,0]],[[1109,902],[-48,31]],[[1042,933],[25,13],[14,0],[54,-15]],[[1046,948],[-10,-5]],[[2503,305],[-19,-10]],[[2484,295],[-15,2],[-7,25]],[[2462,322],[12,5]],[[2474,327],[13,-14],[24,18]],[[2511,331],[2,-2]],[[2513,329],[-10,-24]],[[2474,327],[8,15]],[[2482,342],[29,-11]],[[2513,329],[42,-13]],[[2555,316],[-26,-15],[-21,-1]],[[2508,300],[-5,5]],[[2462,322],[-19,-14]],[[2443,308],[-3,1]],[[2440,309],[6,18],[-8,13],[36,7]],[[2474,347],[8,-5]],[[2525,358],[-6,-19]],[[2519,339],[-6,-10]],[[2474,347],[1,2]],[[2535,384],[3,-13],[-13,-13]],[[2535,349],[-2,10]],[[2533,359],[2,-10]],[[2621,317],[-21,10],[-25,1],[-5,7]],[[2570,335],[-1,0]],[[2569,335],[-6,2]],[[2563,337],[22,25]],[[2679,346],[-39,-13],[-19,-16]],[[2535,349],[28,-12]],[[2569,335],[-29,-6],[-21,10]],[[2525,358],[8,1]],[[2570,335],[-9,-22]],[[2561,313],[-6,3]],[[2508,300],[11,-19]],[[2519,281],[-20,-3]],[[2499,278],[-15,17]],[[2621,317],[-12,-24],[-29,-9],[-19,29]],[[27,583],[26,-21]],[[53,562],[9,-5],[10,-38],[-14,-10]],[[58,509],[-8,-3],[-38,35],[7,10],[-19,13],[27,19]],[[58,597],[-9,-22],[28,-1]],[[77,574],[-13,-10]],[[64,564],[-11,-2]],[[27,583],[-11,15],[-2,25]],[[14,623],[16,-6],[3,-13],[25,-7]],[[64,564],[51,-11],[15,-7],[10,12],[31,-6]],[[171,552],[27,-13]],[[198,539],[-41,-3],[3,-6]],[[160,530],[-32,9],[-7,-18],[13,-7],[-3,-10]],[[131,504],[-17,5],[-47,-9]],[[67,500],[-9,9]],[[131,504],[39,-9]],[[170,495],[-81,-4],[-22,9]],[[160,530],[10,-35]],[[134,604],[18,-6]],[[152,598],[24,-16]],[[176,582],[-12,-5],[7,-25]],[[77,574],[22,3],[26,25]],[[125,602],[9,2]],[[58,597],[39,16]],[[97,613],[28,-11]],[[75,639],[4,-17],[18,-9]],[[14,623],[9,4],[52,12]],[[115,645],[18,-25],[1,-16]],[[75,639],[40,6]],[[142,652],[25,-17],[24,-7],[1,-9]],[[192,619],[-17,-16],[-23,-5]],[[115,645],[27,7]],[[231,636],[-9,-13]],[[222,623],[-30,-4]],[[142,652],[19,5],[49,-9],[21,-12]],[[240,602],[-18,21]],[[231,636],[51,-11],[47,-5],[6,-7]],[[286,591],[-27,23],[-19,-12]],[[336,525],[-36,14],[-17,-2],[-51,18]],[[232,555],[-18,29],[-13,2]],[[201,586],[39,16]],[[201,586],[-25,-4]],[[232,555],[-34,-16]],[[1424,913],[-9,9]],[[1415,922],[-10,22]],[[1405,944],[13,4],[52,-2]],[[1405,944],[-5,10]],[[1400,954],[-27,17],[-82,-8]],[[1337,907],[31,8]],[[1368,915],[17,-11],[38,8]],[[1368,915],[47,7]],[[1400,954],[-22,-4],[-26,-16],[-13,3]],[[2212,980],[-40,-20]],[[2172,960],[-31,-4]],[[2215,925],[-37,9]],[[2178,934],[-16,16],[10,10]],[[2184,889],[-23,6],[-5,15]],[[2156,910],[26,17],[-4,7]],[[2156,910],[-27,9],[9,13],[-25,8]],[[2478,2551],[-43,17],[-24,-3],[-22,10],[34,16],[-15,10]],[[2408,2601],[34,9],[48,17]],[[2553,2585],[-41,-4],[1,-13],[-34,-3],[-1,-14]],[[2478,2551],[5,-14],[-9,-12]],[[2361,2585],[47,16]],[[1658,725],[-6,-18]],[[1533,727],[18,16],[2,16]],[[1484,730],[-13,1]],[[1471,731],[-3,20]],[[1468,751],[-3,17],[7,9]],[[1419,778],[9,-12],[40,-15]],[[1471,731],[-14,13],[-55,7]],[[1467,797],[10,-9]],[[2015,586],[24,-25]],[[2059,511],[-71,14]],[[1988,525],[1,18],[-9,7],[-25,1]],[[1955,551],[-10,19]],[[1989,597],[26,-11]],[[1955,551],[-40,-13],[-36,-27]],[[1879,511],[-11,7],[15,37]],[[1883,555],[3,3]],[[1886,558],[20,10]],[[1988,525],[-10,-13],[-40,-1],[-33,5],[-26,-5]],[[2064,602],[-49,-16]],[[1841,643],[30,0]],[[1871,643],[4,-8]],[[1875,635],[13,-25],[0,-16],[-22,-17],[20,-19]],[[1883,555],[-41,17]],[[1866,674],[5,-31]],[[1875,635],[21,2]],[[1896,637],[25,-14]],[[1896,637],[-5,16],[-19,22]],[[2505,76],[36,-7]],[[2541,69],[17,-16]],[[2558,53],[-10,-2],[-21,-19]],[[2527,32],[-40,3],[-10,-3]],[[2572,89],[-21,-18]],[[2551,71],[-10,-2]],[[2611,66],[-44,2],[-16,3]],[[2625,59],[-6,-7]],[[2600,47],[-31,9],[-11,-3]],[[2566,24],[-34,2],[-5,-5]],[[2527,21],[0,11]],[[2528,19],[-1,2]],[[2578,6],[-15,-6],[-31,5],[-4,14]],[[2528,19],[-34,-13],[-7,8]],[[3321,2327],[-11,20]],[[3310,2347],[36,9]],[[3346,2356],[15,0]],[[3361,2356],[14,-14]],[[3375,2342],[-34,-8],[-11,-12]],[[3387,2365],[-26,-9]],[[3346,2356],[-9,15]],[[3387,2335],[-12,7]],[[3310,2347],[-26,-1]],[[3284,2346],[-6,9]],[[3278,2355],[-1,1]],[[3291,2332],[-7,14]],[[3229,2399],[-17,-8],[-30,-2]],[[3180,2408],[23,8]],[[3261,2380],[-55,-14]],[[3206,2366],[-15,-3]],[[3191,2363],[-10,20]],[[3212,2310],[-23,9],[3,15]],[[3192,2334],[20,13]],[[3212,2347],[27,-5]],[[3239,2342],[-3,-22],[7,-8]],[[3206,2366],[6,-19]],[[3192,2334],[-38,-10]],[[3146,2333],[11,10],[38,11],[-4,9]],[[3278,2355],[-39,-13]],[[3292,2330],[-22,-11],[-8,-21],[-12,0]],[[3170,2142],[31,-4]],[[3201,2138],[-4,-26]],[[3197,2112],[-1,-4]],[[3196,2108],[27,-25],[-23,-13]],[[3200,2070],[-22,16],[-36,-1],[-7,-11]],[[3135,2074],[-17,9]],[[3062,2132],[-3,21]],[[3059,2153],[49,-19],[27,-3],[16,-7],[19,18]],[[3130,2177],[43,-24],[-3,-11]],[[3059,2153],[33,21]],[[3092,2174],[21,10],[17,-7]],[[3228,2169],[-24,-19],[-3,-12]],[[3130,2177],[21,20]],[[3200,2070],[16,-5],[7,-14]],[[3223,2051],[-50,-4],[-4,-19],[-24,-9]],[[3120,2046],[15,28]],[[3216,2034],[-8,-18]],[[3223,2051],[-7,-17]],[[3092,2174],[-47,19]],[[3056,2236],[75,-32]],[[3283,2106],[9,-9],[-7,-11]],[[3285,2086],[-23,-8]],[[3262,2078],[-20,5],[-46,25]],[[3197,2112],[36,0],[26,9]],[[3259,2121],[24,-15]],[[3259,2121],[2,30],[7,12]],[[3328,2125],[-45,-19]],[[3285,2036],[-8,23],[10,12],[-25,7]],[[3285,2086],[30,0],[21,-8]],[[3250,2005],[-21,6],[-25,-4]],[[3216,2034],[40,2],[25,-3]],[[2424,1189],[42,7],[6,7]],[[2472,1143],[-21,-3],[-22,7]],[[2429,1147],[22,12],[-27,30]],[[2424,1189],[-20,-6],[-15,11],[-39,-9]],[[2350,1185],[-18,-1]],[[2332,1184],[-30,-1]],[[2302,1183],[6,19]],[[2349,1142],[-1,15],[-11,13]],[[2337,1170],[13,15]],[[2429,1147],[-38,-7],[-2,-7]],[[2337,1170],[-5,14]],[[3213,1473],[-5,9]],[[3208,1482],[13,14]],[[3221,1496],[10,4]],[[3231,1500],[17,-13],[-3,-10]],[[3245,1477],[-32,-4]],[[3235,1506],[28,-17]],[[3263,1489],[2,-7]],[[3265,1482],[-20,-5]],[[3231,1500],[4,6]],[[3208,1482],[-9,8],[15,8]],[[3214,1498],[7,-2]],[[3213,1473],[-8,-2]],[[3205,1471],[-33,-13],[-12,-27]],[[3160,1431],[-26,-3]],[[3059,1492],[55,28]],[[3114,1520],[47,-15],[33,-1],[20,-6]],[[3265,1482],[9,-14]],[[3274,1468],[-11,-1],[-20,-15]],[[3243,1452],[-38,19]],[[3247,1521],[-12,-15]],[[3114,1520],[51,13],[31,0]],[[3243,1452],[24,-13]],[[3287,1424],[-15,-1],[-18,-10],[-21,19],[-36,-5]],[[3197,1427],[-37,4]],[[3341,1518],[35,-3],[-5,-12]],[[3366,1502],[-25,0]],[[3341,1502],[0,16]],[[3341,1502],[-25,5]],[[3316,1507],[25,11]],[[3316,1507],[-26,-6],[-27,-12]],[[3274,1468],[21,0],[23,-20]],[[2302,1183],[-17,-8],[-26,-3]],[[2259,1172],[-32,0],[-29,-4]],[[2259,1172],[9,-24]],[[3174,1567],[-4,-12],[-24,2],[27,12]],[[3180,1566],[-10,-20],[-35,-1],[-7,16],[43,11]],[[3114,1520],[-11,50]],[[3074,1536],[-29,-14],[6,18],[23,-4]],[[2970,1540],[35,2],[23,5],[17,16],[-6,10]],[[2208,691],[33,-24]],[[2763,1630],[11,-10]],[[2774,1620],[18,-8],[34,-10]],[[2826,1602],[-11,-23],[11,-14]],[[2744,1551],[-9,19],[10,22],[-8,15]],[[2826,1602],[13,0]],[[2773,1650],[2,18],[31,0],[24,-7],[34,-3]],[[2844,1633],[-50,-1],[-20,-12]],[[3706,1641],[8,-18]],[[3613,1630],[-21,6]],[[3592,1636],[15,19]],[[3607,1655],[11,0]],[[3618,1655],[27,-18],[24,5],[8,-6],[29,5]],[[3670,1664],[-52,-9]],[[3607,1655],[-2,14],[-14,14]],[[3589,1687],[15,8],[16,21],[16,-1],[17,-36],[17,-15]],[[3592,1636],[-26,-2]],[[3566,1634],[4,22]],[[3570,1656],[0,3]],[[3570,1659],[19,24]],[[3566,1634],[-24,-13],[-43,-12]],[[3499,1609],[-1,1]],[[3570,1659],[-16,8],[-30,-13],[23,-6],[23,8]],[[3670,1664],[8,-11],[19,-2],[9,-10]],[[3528,1571],[-38,5]],[[3490,1576],[9,11],[-33,15],[-9,12]],[[3499,1609],[23,-1],[44,-25],[8,0]],[[3490,1576],[-46,-11]],[[821,1259],[34,10]],[[855,1269],[-1,-15],[11,-8],[-5,-20]],[[860,1226],[-1,-4]],[[859,1222],[-6,-1]],[[853,1221],[-8,13],[-17,11],[-7,14]],[[915,1248],[-8,-3]],[[907,1245],[-47,-19]],[[855,1269],[29,0]],[[884,1269],[31,-21]],[[859,1222],[13,-14],[-2,-11]],[[833,1215],[20,6]],[[770,1250],[27,22]],[[797,1272],[24,-13]],[[797,1272],[43,31]],[[890,1274],[-6,-5]],[[952,1265],[-37,-17]],[[907,1245],[38,-16],[-40,-20],[-29,-7],[6,-10]],[[965,1192],[-10,18],[-33,-12],[-39,-7]],[[3197,1427],[-13,-32],[17,-9],[9,-16],[35,0]],[[3245,1370],[-1,-11],[-23,-16]],[[3221,1343],[-23,5],[-45,-17]],[[3153,1331],[-15,13],[-18,6]],[[3248,1314],[-27,29]],[[3245,1370],[45,2],[14,7]],[[3403,1368],[-10,-34],[-16,-10],[-40,-5],[-7,-26]],[[3165,1287],[7,24],[-19,20]],[[3104,1271],[-25,4],[-12,16]],[[3067,1291],[-14,24]],[[3053,1315],[-8,22],[21,9]],[[2901,1273],[-3,25],[17,24]],[[2915,1322],[59,4],[56,-5],[23,-6]],[[3067,1291],[-95,-10],[-9,-8],[-62,0]],[[2934,1242],[-33,31]],[[2915,1322],[-23,15],[-28,1]],[[2901,1273],[-30,5],[-41,11],[-12,-1]],[[2483,236],[-2,8]],[[2481,244],[15,30]],[[2496,274],[3,1]],[[2499,275],[3,-20]],[[2502,255],[-19,-19]],[[2494,231],[-11,5]],[[2502,255],[15,-10],[29,-9]],[[2546,236],[-11,-7]],[[2535,229],[-41,2]],[[2499,275],[0,3]],[[2519,281],[2,-14],[27,-16],[-2,-15]],[[2535,229],[4,-5]],[[2494,217],[0,14]],[[2481,244],[-27,-3]],[[2454,241],[-9,22],[15,12],[12,-5],[24,4]],[[2426,240],[28,1]],[[2428,268],[15,40]],[[2415,268],[-14,17],[14,26],[25,-2]],[[2721,1868],[-20,-6]],[[2701,1862],[-5,6],[-40,-4],[-22,8]],[[2629,1875],[33,12]],[[2662,1887],[20,-7],[33,7],[6,-19]],[[2701,1862],[11,-10],[-57,-16]],[[2734,1852],[-2,-1]],[[2732,1851],[20,-4],[-7,-21],[-17,4],[-2,18],[8,4]],[[2721,1868],[13,-16]],[[2732,1851],[16,3]],[[2662,1887],[1,4]],[[998,1311],[-4,-3]],[[1015,1341],[2,0]],[[1017,1341],[3,-3]],[[1020,1338],[4,-3]],[[1024,1335],[7,-6]],[[1031,1329],[3,-2]],[[1034,1327],[-7,-2]],[[1020,1338],[15,8]],[[1035,1346],[4,-4]],[[1039,1342],[-1,-1]],[[1038,1341],[-8,-4]],[[1030,1337],[-6,-2]],[[1017,1341],[15,7]],[[1032,1348],[3,-2]],[[1046,1351],[-11,-5]],[[1032,1348],[14,3]],[[1053,1343],[-11,-6]],[[1042,1337],[-4,4]],[[1039,1342],[12,3]],[[1051,1345],[2,-2]],[[1053,1332],[-4,-7]],[[1049,1325],[-1,0]],[[1037,1325],[-3,2]],[[1034,1327],[9,4]],[[1043,1331],[5,5]],[[1048,1336],[5,-4]],[[1031,1329],[4,3]],[[1035,1332],[4,2]],[[1039,1334],[4,-3]],[[1054,1343],[-6,-7]],[[1039,1334],[3,3]],[[1053,1343],[1,0]],[[1049,1325],[15,1],[35,12],[-1,-11]],[[1046,1351],[5,-6]],[[1035,1332],[-5,5]],[[1053,1332],[44,23],[18,13]],[[1070,1350],[-16,-7]],[[1034,1240],[14,3],[-12,18]],[[1036,1282],[12,-4],[36,15],[-4,6]],[[2534,463],[14,-33],[15,-2]],[[2564,421],[-18,-4],[-45,4]],[[2845,1121],[27,20],[18,-11],[9,17],[-16,29],[22,8],[0,8]],[[2941,1117],[-19,6],[-18,-6],[-47,0],[-12,4]],[[2845,1121],[-19,11],[7,9],[-23,9]],[[2797,1161],[14,3],[24,26]],[[3469,2435],[87,-2]],[[3545,2416],[-3,-1]],[[3542,2415],[-38,-12],[-46,1]],[[3546,2377],[-4,38]]],"transform":{"scale":[0.001,0.0009996433666191172],"translate":[3.358,50.751]},"objects":{"wijk_2006":{"type":"GeometryCollection","geometries":[{"arcs":[[0,1,2,3,4,5,6,7]],"type":"Polygon","properties":{"id":56133,"statcode":"WK000300","statnaam":"Wijk 00","jrstatcode":"2006WK000300","rubriek":"wijk","FID":"wijk_gegeneraliseerd_2006.a214259c-2911-40a2-9ce0-e259b4096514"},"id":"WK000300"},{"arcs":[[8,9,10,11,12,13,14,15,16]],"type":"Polygon","properties":{"id":56134,"statcode":"WK000500","statnaam":"Wijk 00","jrstatcode":"2006WK000500","rubriek":"wijk","FID":"wijk_gegeneraliseerd_2006.fa849e5f-aa30-421a-8878-5b163672135e"},"id":"WK000500"},{"arcs":[[17,18,19,20]],"type":"Polygon","properties":{"id":56135,"statcode":"WK000700","statnaam":"Wijk 00 Bellingwolde","jrstatcode":"2006WK000700","rubriek":"wijk","FID":"wijk_gegeneraliseerd_2006.6d8ffd18-09f5-4c22-9674-f827a20116bb"},"id":"WK000700"},{"arcs":[[21,22,23,-19]],"type":"Polygon","properties":{"id":56136,"statcode":"WK000701","statnaam":"Wijk 01 Oost","jrstatcode":"2006WK000701","rubriek":"wijk","FID":"wijk_gegeneraliseerd_2006.f6b21da7-9908-484b-8e74-a45ade697c6a"},"id":"WK000701"},{"arcs":[[24,25,26,27,-20,-24,28,29]],"type":"Polygon","properties":{"id":56137,"statcode":"WK000702","statnaam":"Wijk 02 Blijham","jrstatcode":"2006WK000702","rubriek":"wijk","FID":"wijk_gegeneraliseerd_2006.7e0f4c49-3de5-480e-b12f-11b1be0c8911"},"id":"WK000702"},{"arcs":[[30,-9,31,32,33,34,35]],"type":"Polygon","properties":{"id":56138,"statcode":"WK000900","statnaam":"Wijk 00 West","jrstatcode":"2006WK000900","rubriek":"wijk","FID":"wijk_gegeneraliseerd_2006.5c89c5d4-48c5-4754-9bf0-ff4c638c1156"},"id":"WK000900"},{"arcs":[[36,-34,37,38]],"type":"Polygon","properties":{"id":56139,"statcode":"WK000901","statnaam":"Wijk 01 Oost","jrstatcode":"2006WK000901","rubriek":"wijk","FID":"wijk_gegeneraliseerd_2006.293d4956-e3b8-4f02-853d-8a3bf9511a80"},"id":"WK000901"},{"arcs":[[39,-1,40,41]],"type":"Polygon","properties":{"id":56140,"statcode":"WK001000","statnaam":"Wijk 00 Stad","jrstatcode":"2006WK001000","rubriek":"wijk","FID":"wijk_gegeneraliseerd_2006.049156d4-a146-424b-8dda-7c3261874183"},"id":"WK001000"},{"arcs":[[[42,-2,-40,43,44]],[[-41,-8,45,46]]],"type":"MultiPolygon","properties":{"id":56141,"statcode":"WK001001","statnaam":"Wijk 01 Land","jrstatcode":"2006WK001001","rubriek":"wijk","FID":"wijk_gegeneraliseerd_2006.9a09f755-ec2f-4611-81ce-f280dc84023b"},"id":"WK001001"},{"arcs":[[47,48,49,50,-45,51]],"type":"Polygon","properties":{"id":56142,"statcode":"WK001002","statnaam":"Wijk 02","jrstatcode":"2006WK001002","rubriek":"wijk","FID":"wijk_gegeneraliseerd_2006.ff88d885-bd99-427d-9d37-907b915aa27d"},"id":"WK001002"},{"arcs":[[52,-46,-7,53,54]],"type":"Polygon","properties":{"id":56143,"statcode":"WK001003","statnaam":"Wijk 03","jrstatcode":"2006WK001003","rubriek":"wijk","FID":"wijk_gegeneraliseerd_2006.68e37cae-29b8-43e2-ab75-8607e4f8c805"},"id":"WK001003"},{"arcs":[[55,56,57,58,59]],"type":"Polygon","properties":{"id":56144,"statcode":"WK001400","statnaam":"Wijk 00 Binnenstad","jrstatcode":"2006WK001400","rubriek":"wijk","FID":"wijk_gegeneraliseerd_2006.b9a10cf2-d07b-4a7c-ae74-30a1290dbc84"},"id":"WK001400"},{"arcs":[[-56,60,61,62,63,64]],"type":"Polygon","properties":{"id":56145,"statcode":"WK001401","statnaam":"Wijk 01 Schilders- en Zeeheldenwijk","jrstatcode":"2006WK001401","rubriek":"wijk","FID":"wijk_gegeneraliseerd_2006.8e01db04-a48b-41f4-a678-bf42f9ecaf2b"},"id":"WK001401"},{"arcs":[[65,-57,-65,66,67,68,-11,69]],"type":"Polygon","properties":{"id":56146,"statcode":"WK001402","statnaam":"Wijk 02 Oranjewijk","jrstatcode":"2006WK001402","rubriek":"wijk","FID":"wijk_gegeneraliseerd_2006.d787e97a-dbef-4760-8aec-0159b4ab94f4"},"id":"WK001402"},{"arcs":[[70,71,-58,-66]],"type":"Polygon","properties":{"id":56147,"statcode":"WK001403","statnaam":"Wijk 03 Korrewegwijk","jrstatcode":"2006WK001403","rubriek":"wijk","FID":"wijk_gegeneraliseerd_2006.62c3ce1a-9dde-4f56-a22a-638cf1b2997f"},"id":"WK001403"},{"arcs":[[72,73,-59,-72]],"type":"Polygon","properties":{"id":56148,"statcode":"WK001404","statnaam":"Wijk 04 Oosterparkwijk","jrstatcode":"2006WK001404","rubriek":"wijk","FID":"wijk_gegeneraliseerd_2006.7b2564de-5a97-467c-9ed7-dbbc6cb51c35"},"id":"WK001404"},{"arcs":[[-61,-60,-74,74,75,76,77,78,79]],"type":"Polygon","properties":{"id":56149,"statcode":"WK001405","statnaam":"Wijk 05 Oosterpoortwijk","jrstatcode":"2006WK001405","rubriek":"wijk","FID":"wijk_gegeneraliseerd_2006.34130afe-13ee-492e-9a52-eb6e4f30d763"},"id":"WK001405"},{"arcs":[[80,-62,-80,81,82]],"type":"Polygon","properties":{"id":56150,"statcode":"WK001406","statnaam":"Wijk 06 Herewegwijk en Helpman","jrstatcode":"2006WK001406","rubriek":"wijk","FID":"wijk_gegeneraliseerd_2006.190d9240-6084-4aec-966a-896bc0a09efc"},"id":"WK001406"},{"arcs":[[-81,83,84,85,-63]],"type":"Polygon","properties":{"id":56151,"statcode":"WK001407","statnaam":"Wijk 07 Stadsparkwijk","jrstatcode":"2006WK001407","rubriek":"wijk","FID":"wijk_gegeneraliseerd_2006.dad978fb-0576-4981-a4fd-47fe81d900d8"},"id":"WK001407"},{"arcs":[[-86,86,87,88,89,90,-67,-64]],"type":"Polygon","properties":{"id":56152,"statcode":"WK001408","statnaam":"Wijk 08 Hoogkerk","jrstatcode":"2006WK001408","rubriek":"wijk","FID":"wijk_gegeneraliseerd_2006.db4515cb-289d-46fb-ada9-a80d0f6a5eef"},"id":"WK001408"},{"arcs":[[-73,-71,-70,-10,-31,-75]],"type":"Polygon","properties":{"id":56153,"statcode":"WK001409","statnaam":"Wijk 09 Noorddijk","jrstatcode":"2006WK001409","rubriek":"wijk","FID":"wijk_gegeneraliseerd_2006.837a0d51-cf51-41e7-afba-886b0545a2bd"},"id":"WK001409"},{"arcs":[[91,92,93,94,95]],"type":"Polygon","properties":{"id":56154,"statcode":"WK001500","statnaam":"Wijk 00 Grootegast","jrstatcode":"2006WK001500","rubriek":"wijk","FID":"wijk_gegeneraliseerd_2006.0a9693b5-18f7-478c-a0d6-843a9d85c953"},"id":"WK001500"},{"arcs":[[96,-96,97,98,99,100]],"type":"Polygon","properties":{"id":56155,"statcode":"WK001501","statnaam":"Wijk 01 Lutjegast","jrstatcode":"2006WK001501","rubriek":"wijk","FID":"wijk_gegeneraliseerd_2006.8081b64e-14c1-49be-9438-a6a8dde5ee56"},"id":"WK001501"},{"arcs":[[101,102,103,-94]],"type":"Polygon","properties":{"id":56156,"statcode":"WK001502","statnaam":"Wijk 02 Opende","jrstatcode":"2006WK001502","rubriek":"wijk","FID":"wijk_gegeneraliseerd_2006.68e54bdb-929e-4b2a-8a47-474bb523b302"},"id":"WK001502"},{"arcs":[[-97,104,105,106,107,108,109,-92]],"type":"Polygon","properties":{"id":56157,"statcode":"WK001503","statnaam":"Wijk 03 Oldekerk","jrstatcode":"2006WK001503","rubriek":"wijk","FID":"wijk_gegeneraliseerd_2006.95f4695d-70c4-4846-982a-0d7f135a3521"},"id":"WK001503"},{"arcs":[[110,111,112,-83,113]],"type":"Polygon","properties":{"id":56158,"statcode":"WK001700","statnaam":"Wijk 00 Centrum","jrstatcode":"2006WK001700","rubriek":"wijk","FID":"wijk_gegeneraliseerd_2006.2b890201-f0db-487d-8c0f-70236bf4462e"},"id":"WK001700"},{"arcs":[[[-82,-79,114,115,116,117,118,-114]],[[119,-84,-113,120,121]]],"type":"MultiPolygon","properties":{"id":56159,"statcode":"WK001701","statnaam":"Wijk 01 Land","jrstatcode":"2006WK001701","rubriek":"wijk","FID":"wijk_gegeneraliseerd_2006.200351ab-35fd-423d-a2d1-1cf285e2639e"},"id":"WK001701"},{"arcs":[[122,123,124,125,126]],"type":"Polygon","properties":{"id":56160,"statcode":"WK001801","statnaam":"Wijk 01 Foxham en Hoogezand-Noord","jrstatcode":"2006WK001801","rubriek":"wijk","FID":"wijk_gegeneraliseerd_2006.c82664ca-b5db-4a43-855c-a43bfb540d54"},"id":"WK001801"},{"arcs":[[127,128,129,-123]],"type":"Polygon","properties":{"id":56161,"statcode":"WK001802","statnaam":"Wijk 02 Hoogezand-Zuid","jrstatcode":"2006WK001802","rubriek":"wijk","FID":"wijk_gegeneraliseerd_2006.955fdab7-b9c3-4900-be92-1fc9ab898316"},"id":"WK001802"},{"arcs":[[-128,-127,130,131,132,133,134]],"type":"Polygon","properties":{"id":56162,"statcode":"WK001803","statnaam":"Wijk 03 Kalkwijk","jrstatcode":"2006WK001803","rubriek":"wijk","FID":"wijk_gegeneraliseerd_2006.a0fbe321-ef02-4a6e-9682-6045e9c73263"},"id":"WK001803"},{"arcs":[[-135,135,136,137,138,139,-129]],"type":"Polygon","properties":{"id":56163,"statcode":"WK001805","statnaam":"Wijk 05 Kiel-Windeweer","jrstatcode":"2006WK001805","rubriek":"wijk","FID":"wijk_gegeneraliseerd_2006.5e0bbf5d-426c-4ad6-b496-ff38d5c364cd"},"id":"WK001805"},{"arcs":[[-140,140,-117,141,142,-130]],"type":"Polygon","properties":{"id":56164,"statcode":"WK001806","statnaam":"Wijk 06 Kropswolde","jrstatcode":"2006WK001806","rubriek":"wijk","FID":"wijk_gegeneraliseerd_2006.5da3607c-8ba3-4e74-9b09-1be9ae750510"},"id":"WK001806"},{"arcs":[[143,144,-124,-143,145]],"type":"Polygon","properties":{"id":56165,"statcode":"WK001807","statnaam":"Wijk 07 Foxhol","jrstatcode":"2006WK001807","rubriek":"wijk","FID":"wijk_gegeneraliseerd_2006.f22a0af5-2311-47f6-acb2-60d6e70a167e"},"id":"WK001807"},{"arcs":[[-142,-116,146,-77,147,-146]],"type":"Polygon","properties":{"id":56166,"statcode":"WK001808","statnaam":"Wijk 08 Westerbroek","jrstatcode":"2006WK001808","rubriek":"wijk","FID":"wijk_gegeneraliseerd_2006.f3ed5780-dbbc-48b7-8e08-a75f78f8ef3f"},"id":"WK001808"},{"arcs":[[-147,-115,-78]],"type":"Polygon","properties":{"id":56167,"statcode":"WK001809","statnaam":"Wijk 09 Waterhuizen","jrstatcode":"2006WK001809","rubriek":"wijk","FID":"wijk_gegeneraliseerd_2006.de40a7d8-66fb-42bc-98cb-7ac219f7cc18"},"id":"WK001809"},{"arcs":[[-126,148,149,150,151,-131]],"type":"Polygon","properties":{"id":56168,"statcode":"WK001811","statnaam":"Wijk 11 Sappemeer","jrstatcode":"2006WK001811","rubriek":"wijk","FID":"wijk_gegeneraliseerd_2006.c6f97c06-8187-49a3-b0fa-aecf8965b6c7"},"id":"WK001811"},{"arcs":[[152,153,154,155,156,157]],"type":"Polygon","properties":{"id":56169,"statcode":"WK002200","statnaam":"Wijk 00 Leek","jrstatcode":"2006WK002200","rubriek":"wijk","FID":"wijk_gegeneraliseerd_2006.4e4cc217-765b-49ba-b355-e8764ee7da79"},"id":"WK002200"},{"arcs":[[158,159,160,-156,161,162,163,164,165]],"type":"Polygon","properties":{"id":56170,"statcode":"WK002201","statnaam":"Wijk 01 Zevenhuizen","jrstatcode":"2006WK002201","rubriek":"wijk","FID":"wijk_gegeneraliseerd_2006.ae9f9327-52e5-4ec1-93bb-5b3d79e5adec"},"id":"WK002201"},{"arcs":[[-161,166,167,-109,168,-157]],"type":"Polygon","properties":{"id":56171,"statcode":"WK002202","statnaam":"Wijk 02 Tolbert","jrstatcode":"2006WK002202","rubriek":"wijk","FID":"wijk_gegeneraliseerd_2006.574df939-2c67-40c1-8e20-fef461b2a18c"},"id":"WK002202"},{"arcs":[[-169,-108,169,170,171,-158]],"type":"Polygon","properties":{"id":56172,"statcode":"WK002204","statnaam":"Wijk 04 Midwolde","jrstatcode":"2006WK002204","rubriek":"wijk","FID":"wijk_gegeneraliseerd_2006.eee83e29-6975-472c-a9c3-d6e959c66bec"},"id":"WK002204"},{"arcs":[[172,173,-171,174]],"type":"Polygon","properties":{"id":56173,"statcode":"WK002205","statnaam":"Wijk 05 Lettelbert","jrstatcode":"2006WK002205","rubriek":"wijk","FID":"wijk_gegeneraliseerd_2006.9bd81451-2c43-4409-abf0-9de6459381d4"},"id":"WK002205"},{"arcs":[[175,-90,176,-173,177]],"type":"Polygon","properties":{"id":56174,"statcode":"WK002206","statnaam":"Wijk 06 Oostwold","jrstatcode":"2006WK002206","rubriek":"wijk","FID":"wijk_gegeneraliseerd_2006.c7997dc6-0622-434a-9bc0-fa031a4b49ed"},"id":"WK002206"},{"arcs":[[178,-178,-175,-170,-107,179]],"type":"Polygon","properties":{"id":56175,"statcode":"WK002207","statnaam":"Wijk 07 Enumatil","jrstatcode":"2006WK002207","rubriek":"wijk","FID":"wijk_gegeneraliseerd_2006.02bfa156-a82d-4bb0-88d1-54707d5dca0d"},"id":"WK002207"},{"arcs":[[180,-39,181,182,-5]],"type":"Polygon","properties":{"id":56176,"statcode":"WK002400","statnaam":"Wijk 00","jrstatcode":"2006WK002400","rubriek":"wijk","FID":"wijk_gegeneraliseerd_2006.874bbf1a-f0de-492f-8949-852220b558cb"},"id":"WK002400"},{"arcs":[[183,184,-182,-38,-33,185,186]],"type":"Polygon","properties":{"id":56177,"statcode":"WK002401","statnaam":"Wijk 01 Stedum","jrstatcode":"2006WK002401","rubriek":"wijk","FID":"wijk_gegeneraliseerd_2006.0da4fcde-c924-4405-b565-5d6961ab5abe"},"id":"WK002401"},{"arcs":[[-186,-32,-17,187]],"type":"Polygon","properties":{"id":56178,"statcode":"WK002402","statnaam":"Wijk 02 Middelstum","jrstatcode":"2006WK002402","rubriek":"wijk","FID":"wijk_gegeneraliseerd_2006.3932358c-d4df-46df-849c-a31782ca055d"},"id":"WK002402"},{"arcs":[[-54,-6,-183,-185,188]],"type":"Polygon","properties":{"id":56179,"statcode":"WK002403","statnaam":"Wijk 03 't Zandt","jrstatcode":"2006WK002403","rubriek":"wijk","FID":"wijk_gegeneraliseerd_2006.4225c32f-b2e3-4193-b7ec-ae614279d49f"},"id":"WK002403"},{"arcs":[[-110,-168,189,190,191,-102,-93]],"type":"Polygon","properties":{"id":56180,"statcode":"WK002500","statnaam":"Wijk 00 Marum","jrstatcode":"2006WK002500","rubriek":"wijk","FID":"wijk_gegeneraliseerd_2006.15dce4f5-d312-48b7-a2cf-bf7458c6a213"},"id":"WK002500"},{"arcs":[[-190,-167,-160,192,193]],"type":"Polygon","properties":{"id":56181,"statcode":"WK002501","statnaam":"Wijk 01 De Wilp","jrstatcode":"2006WK002501","rubriek":"wijk","FID":"wijk_gegeneraliseerd_2006.7c090c75-d650-47ff-a88a-35f69d35b778"},"id":"WK002501"},{"arcs":[[194,195,196,197,198]],"type":"Polygon","properties":{"id":56182,"statcode":"WK003401","statnaam":"Wijk 01 Almere-Haven","jrstatcode":"2006WK003401","rubriek":"wijk","FID":"wijk_gegeneraliseerd_2006.924a093d-8af4-468a-b3b7-633a5266ed21"},"id":"WK003401"},{"arcs":[[199,200,201,202,-196,203]],"type":"Polygon","properties":{"id":56183,"statcode":"WK003402","statnaam":"Wijk 02 Almere-Stad","jrstatcode":"2006WK003402","rubriek":"wijk","FID":"wijk_gegeneraliseerd_2006.6188e627-be5f-4d8c-b7a9-b4b1406b81ef"},"id":"WK003402"},{"arcs":[[204,205,206,-202,207]],"type":"Polygon","properties":{"id":56184,"statcode":"WK003403","statnaam":"Wijk 03 Almere-Buiten","jrstatcode":"2006WK003403","rubriek":"wijk","FID":"wijk_gegeneraliseerd_2006.c9fe8e9d-eedf-4f8f-ad66-edcf1d10fd98"},"id":"WK003403"},{"arcs":[[-204,-195,208,209]],"type":"Polygon","properties":{"id":56185,"statcode":"WK003404","statnaam":"Wijk 04 Almere-Poort","jrstatcode":"2006WK003404","rubriek":"wijk","FID":"wijk_gegeneraliseerd_2006.060b8006-a5c2-4fc3-9980-f788e27f193e"},"id":"WK003404"},{"arcs":[[210,-197,-203,-207]],"type":"Polygon","properties":{"id":56186,"statcode":"WK003405","statnaam":"Wijk 05 Almere-Hout","jrstatcode":"2006WK003405","rubriek":"wijk","FID":"wijk_gegeneraliseerd_2006.8ad933e9-6c43-48c4-93c7-b1c6b25f2b5a"},"id":"WK003405"},{"arcs":[[-210,211,-200]],"type":"Polygon","properties":{"id":56187,"statcode":"WK003406","statnaam":"Wijk 06 Almere-Pampus","jrstatcode":"2006WK003406","rubriek":"wijk","FID":"wijk_gegeneraliseerd_2006.d51e9beb-3d98-48ad-97eb-39ea5dabc790"},"id":"WK003406"},{"arcs":[[212,213,214,215,216,217,218,219,220,221]],"type":"Polygon","properties":{"id":56188,"statcode":"WK003701","statnaam":"Wijk 01 Stadskanaal","jrstatcode":"2006WK003701","rubriek":"wijk","FID":"wijk_gegeneraliseerd_2006.683f2497-3b6a-4d04-945d-64f5935ebab0"},"id":"WK003701"},{"arcs":[[222,223,224,225,-214,226]],"type":"Polygon","properties":{"id":56189,"statcode":"WK003702","statnaam":"Wijk 02 Musselkanaal","jrstatcode":"2006WK003702","rubriek":"wijk","FID":"wijk_gegeneraliseerd_2006.05d7364b-d447-4744-91e3-70671f7e545c"},"id":"WK003702"},{"arcs":[[-30,227,228,229,230,-222,231]],"type":"Polygon","properties":{"id":56190,"statcode":"WK003703","statnaam":"Wijk 03 Onstwedde","jrstatcode":"2006WK003703","rubriek":"wijk","FID":"wijk_gegeneraliseerd_2006.68ef9f57-529a-4eb5-9d3d-de209a6928a4"},"id":"WK003703"},{"arcs":[[232,-227,-213,-231,233]],"type":"Polygon","properties":{"id":56191,"statcode":"WK003704","statnaam":"Wijk 04 Mussel","jrstatcode":"2006WK003704","rubriek":"wijk","FID":"wijk_gegeneraliseerd_2006.40fab661-7b6c-4099-a116-0a344c798e63"},"id":"WK003704"},{"arcs":[[-221,234,235,-25,-232]],"type":"Polygon","properties":{"id":56192,"statcode":"WK003705","statnaam":"Wijk 05 Alteveer","jrstatcode":"2006WK003705","rubriek":"wijk","FID":"wijk_gegeneraliseerd_2006.06e9fda9-90b7-4e68-b6e1-0679cbbfb74b"},"id":"WK003705"},{"arcs":[[236,237,238,239]],"type":"Polygon","properties":{"id":56193,"statcode":"WK003900","statnaam":"Wijk 00 Scheemda-Heiligerlee","jrstatcode":"2006WK003900","rubriek":"wijk","FID":"wijk_gegeneraliseerd_2006.51c35fec-7eb1-48d6-9fe6-b4dbeb8b3b79"},"id":"WK003900"},{"arcs":[[240,241,242,243,-239]],"type":"Polygon","properties":{"id":56194,"statcode":"WK003901","statnaam":"Wijk 01 Westerlee","jrstatcode":"2006WK003901","rubriek":"wijk","FID":"wijk_gegeneraliseerd_2006.2f9f43a1-58ee-4c4c-b053-a0984d1d7b6d"},"id":"WK003901"},{"arcs":[[244,-240,-244,245,246,247,248,-50,249]],"type":"Polygon","properties":{"id":56195,"statcode":"WK003902","statnaam":"Wijk 02 Noord","jrstatcode":"2006WK003902","rubriek":"wijk","FID":"wijk_gegeneraliseerd_2006.24a2fa3b-41d6-4ff5-82f9-39db691cd5ad"},"id":"WK003902"},{"arcs":[[250,-237,-245,251,252]],"type":"Polygon","properties":{"id":56196,"statcode":"WK003903","statnaam":"Wijk 03 Midwolda","jrstatcode":"2006WK003903","rubriek":"wijk","FID":"wijk_gegeneraliseerd_2006.5b4b9a94-5d6d-4445-b722-e39791464d51"},"id":"WK003903"},{"arcs":[[253,-252,-250,-49]],"type":"Polygon","properties":{"id":56197,"statcode":"WK003904","statnaam":"Wijk 04 Nieuwolda","jrstatcode":"2006WK003904","rubriek":"wijk","FID":"wijk_gegeneraliseerd_2006.a7876a51-d8ab-4713-8376-1967d5a60587"},"id":"WK003904"},{"arcs":[[-145,254,255,256,257,-149,-125]],"type":"Polygon","properties":{"id":56198,"statcode":"WK004000","statnaam":"Wijk 00 Slochteren-Kolham","jrstatcode":"2006WK004000","rubriek":"wijk","FID":"wijk_gegeneraliseerd_2006.12ec78c1-bceb-4393-a2ba-f318e2323c17"},"id":"WK004000"},{"arcs":[[258,259,260,-257]],"type":"Polygon","properties":{"id":56199,"statcode":"WK004001","statnaam":"Wijk 01 Schildwolde-Hellum","jrstatcode":"2006WK004001","rubriek":"wijk","FID":"wijk_gegeneraliseerd_2006.766b6d93-6c7a-4a8c-bbb6-e2c852f7047d"},"id":"WK004001"},{"arcs":[[-51,-249,261,-260,262,-3,-43]],"type":"Polygon","properties":{"id":56200,"statcode":"WK004002","statnaam":"Wijk 02 Siddeburen","jrstatcode":"2006WK004002","rubriek":"wijk","FID":"wijk_gegeneraliseerd_2006.a395bcc6-1f0b-4744-9b6c-a27ee63882f7"},"id":"WK004002"},{"arcs":[[-144,-148,-76,-36,263,-255]],"type":"Polygon","properties":{"id":56201,"statcode":"WK004003","statnaam":"Wijk 03 Harkstede","jrstatcode":"2006WK004003","rubriek":"wijk","FID":"wijk_gegeneraliseerd_2006.1796995a-133f-4563-96f2-7f19386afa95"},"id":"WK004003"},{"arcs":[[-263,-259,-256,-264,-35,-37,-181,-4]],"type":"Polygon","properties":{"id":56202,"statcode":"WK004004","statnaam":"Wijk 04 Overschild","jrstatcode":"2006WK004004","rubriek":"wijk","FID":"wijk_gegeneraliseerd_2006.3c065347-032e-419f-8551-87844736eb48"},"id":"WK004004"},{"arcs":[[264,265,266,267]],"type":"Polygon","properties":{"id":56203,"statcode":"WK004700","statnaam":"Wijk 00 Veendam-kern","jrstatcode":"2006WK004700","rubriek":"wijk","FID":"wijk_gegeneraliseerd_2006.a87c1512-9c98-47c6-9497-77fe0d99575f"},"id":"WK004700"},{"arcs":[[[268,-267,269,270,271,272]],[[-133,273,-265,274]]],"type":"MultiPolygon","properties":{"id":56204,"statcode":"WK004701","statnaam":"Wijk 01 Veendam-buitengebied","jrstatcode":"2006WK004701","rubriek":"wijk","FID":"wijk_gegeneraliseerd_2006.8f27cca8-fbcd-4708-909d-7f01eb24f8ed"},"id":"WK004701"},{"arcs":[[275,276,277,-136,-134,-275,-268,-269,278,-219]],"type":"Polygon","properties":{"id":56205,"statcode":"WK004702","statnaam":"Wijk 02 Wildervank","jrstatcode":"2006WK004702","rubriek":"wijk","FID":"wijk_gegeneraliseerd_2006.354eefb0-7f99-4cf3-a9d5-bce9b3f0979f"},"id":"WK004702"},{"arcs":[[279,280,281,282,283]],"type":"Polygon","properties":{"id":56206,"statcode":"WK004800","statnaam":"Wijk 00 Sellingen","jrstatcode":"2006WK004800","rubriek":"wijk","FID":"wijk_gegeneraliseerd_2006.d5f0c22c-5dc6-493b-8823-0c351dfae1c9"},"id":"WK004800"},{"arcs":[[-281,284,-229,285]],"type":"Polygon","properties":{"id":56207,"statcode":"WK004801","statnaam":"Wijk 01 Vlagtwedde","jrstatcode":"2006WK004801","rubriek":"wijk","FID":"wijk_gegeneraliseerd_2006.1003cc1c-3873-4022-ae24-d9a1d5db2122"},"id":"WK004801"},{"arcs":[[-228,-29,-23,286,-282,-286]],"type":"Polygon","properties":{"id":56208,"statcode":"WK004802","statnaam":"Wijk 02 Bourtange","jrstatcode":"2006WK004802","rubriek":"wijk","FID":"wijk_gegeneraliseerd_2006.fbfa55b6-7c3b-4d2c-ba34-ef083e2f088d"},"id":"WK004802"},{"arcs":[[287,288,-234,-230,-285,-280]],"type":"Polygon","properties":{"id":56209,"statcode":"WK004803","statnaam":"Wijk 03 Sellingerbeetse","jrstatcode":"2006WK004803","rubriek":"wijk","FID":"wijk_gegeneraliseerd_2006.93546386-7d3a-439b-b9d1-e48f0829de72"},"id":"WK004803"},{"arcs":[[289,290,291,292,293,294,-223,-233,-289,295]],"type":"Polygon","properties":{"id":56210,"statcode":"WK004804","statnaam":"Wijk 04 Ter Apel","jrstatcode":"2006WK004804","rubriek":"wijk","FID":"wijk_gegeneraliseerd_2006.b63cc424-df9f-4de4-941e-7a3d11c183e6"},"id":"WK004804"},{"arcs":[[296,-296,-288,-284]],"type":"Polygon","properties":{"id":56211,"statcode":"WK004805","statnaam":"Wijk 05 Ter Wisch","jrstatcode":"2006WK004805","rubriek":"wijk","FID":"wijk_gegeneraliseerd_2006.200bd615-3628-4dac-a31d-89d4b5d7f289"},"id":"WK004805"},{"arcs":[[297,298,-293]],"type":"Polygon","properties":{"id":56212,"statcode":"WK004806","statnaam":"Wijk 06 de Maten","jrstatcode":"2006WK004806","rubriek":"wijk","FID":"wijk_gegeneraliseerd_2006.fde5b944-1e15-456e-a70a-126b16472758"},"id":"WK004806"},{"arcs":[[-198,-211,-206,299,300,301]],"type":"Polygon","properties":{"id":56213,"statcode":"WK005000","statnaam":"Wijk 00","jrstatcode":"2006WK005000","rubriek":"wijk","FID":"wijk_gegeneraliseerd_2006.c33aea0c-21b5-4159-bb87-2a4e295757b1"},"id":"WK005000"},{"arcs":[[304,305,306,307]],"type":"Polygon","properties":{"id":56214,"statcode":"WK005100","statnaam":"Wijk 00 Joure","jrstatcode":"2006WK005100","rubriek":"wijk","FID":"wijk_gegeneraliseerd_2006.be12d5d6-b3a9-4bb9-9583-340b7f55b79b"},"id":"WK005100"},{"arcs":[[308,309,310,311,-306]],"type":"Polygon","properties":{"id":56215,"statcode":"WK005101","statnaam":"Wijk 01 Oud Haskerland","jrstatcode":"2006WK005101","rubriek":"wijk","FID":"wijk_gegeneraliseerd_2006.053da3e0-af5d-4944-96ee-31f6e0e2e3b5"},"id":"WK005101"},{"arcs":[[312,-309,-305,313,314,315]],"type":"Polygon","properties":{"id":56216,"statcode":"WK005102","statnaam":"Wijk 02","jrstatcode":"2006WK005102","rubriek":"wijk","FID":"wijk_gegeneraliseerd_2006.15b85331-41dd-4ca0-a1ac-a988f553e74f"},"id":"WK005102"},{"arcs":[[316,-314,-308,317,318,319,320,321,322]],"type":"Polygon","properties":{"id":56217,"statcode":"WK005103","statnaam":"Wijk 03","jrstatcode":"2006WK005103","rubriek":"wijk","FID":"wijk_gegeneraliseerd_2006.294387a7-1ca3-4540-a035-445148b722f7"},"id":"WK005103"},{"arcs":[[323,324,325,326,327,328,-319]],"type":"Polygon","properties":{"id":56218,"statcode":"WK005104","statnaam":"Wijk 04","jrstatcode":"2006WK005104","rubriek":"wijk","FID":"wijk_gegeneraliseerd_2006.13856f82-52d5-4414-96c3-72faa4734001"},"id":"WK005104"},{"arcs":[[-324,-318,-307,-312,329]],"type":"Polygon","properties":{"id":56219,"statcode":"WK005105","statnaam":"Wijk 05","jrstatcode":"2006WK005105","rubriek":"wijk","FID":"wijk_gegeneraliseerd_2006.44b4c23a-8d0f-4c3f-a8b5-876977996b2d"},"id":"WK005105"},{"arcs":[[-325,-330,-311,330,331,332,333]],"type":"Polygon","properties":{"id":56220,"statcode":"WK005106","statnaam":"Wijk 06","jrstatcode":"2006WK005106","rubriek":"wijk","FID":"wijk_gegeneraliseerd_2006.b58a1c86-5e84-4cf8-89b4-49404dfd5344"},"id":"WK005106"},{"arcs":[[-238,-251,334,335,-27,336,-241]],"type":"Polygon","properties":{"id":56221,"statcode":"WK005200","statnaam":"Wijk 00","jrstatcode":"2006WK005200","rubriek":"wijk","FID":"wijk_gegeneraliseerd_2006.5f98b088-f000-4f6b-b1a2-2ab520050967"},"id":"WK005200"},{"arcs":[[337,-13,338,339,340,341]],"type":"Polygon","properties":{"id":56222,"statcode":"WK005300","statnaam":"Wijk 00","jrstatcode":"2006WK005300","rubriek":"wijk","FID":"wijk_gegeneraliseerd_2006.48722f1f-f360-43f2-a54e-9e9616e5e66e"},"id":"WK005300"},{"arcs":[[342,343,344,345,-340]],"type":"Polygon","properties":{"id":56223,"statcode":"WK005301","statnaam":"Wijk 01","jrstatcode":"2006WK005301","rubriek":"wijk","FID":"wijk_gegeneraliseerd_2006.6f48abf2-3abf-4d68-89cb-b91430c441a5"},"id":"WK005301"},{"arcs":[[346,-14,-338,347]],"type":"Polygon","properties":{"id":56224,"statcode":"WK005302","statnaam":"Wijk 02","jrstatcode":"2006WK005302","rubriek":"wijk","FID":"wijk_gegeneraliseerd_2006.e67651dc-f2bd-4893-82fc-abfb1afa81df"},"id":"WK005302"},{"arcs":[[-12,-69,348,-343,-339]],"type":"Polygon","properties":{"id":56225,"statcode":"WK005303","statnaam":"Wijk 03","jrstatcode":"2006WK005303","rubriek":"wijk","FID":"wijk_gegeneraliseerd_2006.912d52c6-b5c2-46f2-92ca-189ad33d0c9f"},"id":"WK005303"},{"arcs":[[349,350,351,352,353,354,355,356]],"type":"Polygon","properties":{"id":56226,"statcode":"WK005500","statnaam":"Wijk 00 Grouw","jrstatcode":"2006WK005500","rubriek":"wijk","FID":"wijk_gegeneraliseerd_2006.6205f7d1-46ef-4b0c-b3dc-bd40b932bfb4"},"id":"WK005500"},{"arcs":[[357,358,359,360,361,-353]],"type":"Polygon","properties":{"id":56227,"statcode":"WK005501","statnaam":"Wijk 01 Noord","jrstatcode":"2006WK005501","rubriek":"wijk","FID":"wijk_gegeneraliseerd_2006.141729ae-38bc-4625-975e-cdd55b994620"},"id":"WK005501"},{"arcs":[[362,-357,363,-323,364,365]],"type":"Polygon","properties":{"id":56228,"statcode":"WK005502","statnaam":"Wijk 02","jrstatcode":"2006WK005502","rubriek":"wijk","FID":"wijk_gegeneraliseerd_2006.bdb0c324-8f19-409f-af78-ff14b3ec1ce7"},"id":"WK005502"},{"arcs":[[-356,366,367,368,369,370,371,372,-315,-317,-364]],"type":"Polygon","properties":{"id":56229,"statcode":"WK005503","statnaam":"Wijk 03","jrstatcode":"2006WK005503","rubriek":"wijk","FID":"wijk_gegeneraliseerd_2006.d732468c-f636-4c6d-bc19-b129ddc97d2c"},"id":"WK005503"},{"arcs":[[373,374,-180,-106,375]],"type":"Polygon","properties":{"id":56230,"statcode":"WK005600","statnaam":"Wijk 00","jrstatcode":"2006WK005600","rubriek":"wijk","FID":"wijk_gegeneraliseerd_2006.f49a5cf4-fdf5-4507-83f1-bce681b27cf1"},"id":"WK005600"},{"arcs":[[376,-376,-105,-101,377,378]],"type":"Polygon","properties":{"id":56231,"statcode":"WK005601","statnaam":"Wijk 01","jrstatcode":"2006WK005601","rubriek":"wijk","FID":"wijk_gegeneraliseerd_2006.8e0cd9ee-5488-4065-9376-b9fbf04ed905"},"id":"WK005601"},{"arcs":[[379,380,381,-345,382,-374,-377,383]],"type":"Polygon","properties":{"id":56232,"statcode":"WK005602","statnaam":"Wijk 02","jrstatcode":"2006WK005602","rubriek":"wijk","FID":"wijk_gegeneraliseerd_2006.340a6e44-a2df-470d-9887-e3bea2b76b84"},"id":"WK005602"},{"arcs":[[-383,-344,-349,-68,-91,-176,-179,-375]],"type":"Polygon","properties":{"id":56233,"statcode":"WK005603","statnaam":"Wijk 03","jrstatcode":"2006WK005603","rubriek":"wijk","FID":"wijk_gegeneraliseerd_2006.9080c916-63d0-40c3-a55f-9fbe2434d8b1"},"id":"WK005603"},{"arcs":[[384,385,386,387,388]],"type":"Polygon","properties":{"id":56234,"statcode":"WK005800","statnaam":"Wijk 00","jrstatcode":"2006WK005800","rubriek":"wijk","FID":"wijk_gegeneraliseerd_2006.d43c9a60-8a17-48c1-9d21-972491110649"},"id":"WK005800"},{"arcs":[[389,-386,390,391,392,393,394]],"type":"Polygon","properties":{"id":56235,"statcode":"WK005801","statnaam":"Wijk 01","jrstatcode":"2006WK005801","rubriek":"wijk","FID":"wijk_gegeneraliseerd_2006.a9a7f45f-db88-4958-9775-4e355b7cc24d"},"id":"WK005801"},{"arcs":[[395,396,397,398,-395,399]],"type":"Polygon","properties":{"id":56236,"statcode":"WK005802","statnaam":"Wijk 02 Zuidoost","jrstatcode":"2006WK005802","rubriek":"wijk","FID":"wijk_gegeneraliseerd_2006.d5799067-0367-4fd4-8594-adcbdb2b4887"},"id":"WK005802"},{"arcs":[[400,401,402,-400,-394]],"type":"Polygon","properties":{"id":56237,"statcode":"WK005803","statnaam":"Wijk 03 Noordoost","jrstatcode":"2006WK005803","rubriek":"wijk","FID":"wijk_gegeneraliseerd_2006.04795495-5e8c-4081-9ae5-10305dd1dd35"},"id":"WK005803"},{"arcs":[[403,-401,-393,404,405]],"type":"Polygon","properties":{"id":56238,"statcode":"WK005804","statnaam":"Wijk 04 Noordwest","jrstatcode":"2006WK005804","rubriek":"wijk","FID":"wijk_gegeneraliseerd_2006.5e335d43-13e5-48e4-901b-77aec66b30e6"},"id":"WK005804"},{"arcs":[[-406,406,407,408]],"type":"Polygon","properties":{"id":56239,"statcode":"WK005805","statnaam":"Wijk 05","jrstatcode":"2006WK005805","rubriek":"wijk","FID":"wijk_gegeneraliseerd_2006.e4326ea0-89f1-4f91-bee5-4adbff7b61a4"},"id":"WK005805"},{"arcs":[[-391,-385,411,412,413,414,-408,415]],"type":"Polygon","properties":{"id":56240,"statcode":"WK005806","statnaam":"Wijk 06","jrstatcode":"2006WK005806","rubriek":"wijk","FID":"wijk_gegeneraliseerd_2006.c049563c-53b9-4616-b394-4ba1bca9c1aa"},"id":"WK005806"},{"arcs":[[-392,-416,-407,-405]],"type":"Polygon","properties":{"id":56241,"statcode":"WK005807","statnaam":"Wijk 07","jrstatcode":"2006WK005807","rubriek":"wijk","FID":"wijk_gegeneraliseerd_2006.73905689-e29b-4bc7-8071-0cd00cd1b401"},"id":"WK005807"},{"arcs":[[416,417,418,419,420,421,-378,-100,422]],"type":"Polygon","properties":{"id":56242,"statcode":"WK005900","statnaam":"Wijk 00 Noord","jrstatcode":"2006WK005900","rubriek":"wijk","FID":"wijk_gegeneraliseerd_2006.89d75237-6d67-4b2c-bead-10d9ed5b9e37"},"id":"WK005900"},{"arcs":[[-99,423,424,-423]],"type":"Polygon","properties":{"id":56243,"statcode":"WK005901","statnaam":"Wijk 01 Centrum","jrstatcode":"2006WK005901","rubriek":"wijk","FID":"wijk_gegeneraliseerd_2006.1fadc755-9002-4bef-a864-bbcf9000686e"},"id":"WK005901"},{"arcs":[[425,-424,-98,-95,-104,426]],"type":"Polygon","properties":{"id":56244,"statcode":"WK005902","statnaam":"Wijk 02 Zuid","jrstatcode":"2006WK005902","rubriek":"wijk","FID":"wijk_gegeneraliseerd_2006.92410fe0-1534-4dfd-b99a-437cfc42a68c"},"id":"WK005902"},{"arcs":[[427]],"type":"Polygon","properties":{"id":56245,"statcode":"WK006000","statnaam":"Wijk 00","jrstatcode":"2006WK006000","rubriek":"wijk","FID":"wijk_gegeneraliseerd_2006.8cbfc0e5-5050-4cbb-84ea-70aa01a58649"},"id":"WK006000"},{"arcs":[[428,429,430,431,432,433]],"type":"Polygon","properties":{"id":56246,"statcode":"WK006300","statnaam":"Wijk 00 West","jrstatcode":"2006WK006300","rubriek":"wijk","FID":"wijk_gegeneraliseerd_2006.36425d15-81a2-493c-8373-705064c597a6"},"id":"WK006300"},{"arcs":[[434,435,436,437,438,-434]],"type":"Polygon","properties":{"id":56247,"statcode":"WK006301","statnaam":"Wijk 01 Oost","jrstatcode":"2006WK006301","rubriek":"wijk","FID":"wijk_gegeneraliseerd_2006.6016d898-7e78-41d5-a429-b5b7c2a021cd"},"id":"WK006301"},{"arcs":[[439,440,441,-431]],"type":"Polygon","properties":{"id":56248,"statcode":"WK006302","statnaam":"Wijk 02 Zuid","jrstatcode":"2006WK006302","rubriek":"wijk","FID":"wijk_gegeneraliseerd_2006.c4b69d07-8482-400a-bc22-15ce2c84ced9"},"id":"WK006302"},{"arcs":[[442,443,444,445]],"type":"Polygon","properties":{"id":56249,"statcode":"WK006400","statnaam":"Wijk 00","jrstatcode":"2006WK006400","rubriek":"wijk","FID":"wijk_gegeneraliseerd_2006.b89a758d-4d6d-47ef-95ca-ca36150f79b1"},"id":"WK006400"},{"arcs":[[446,447,448,-388]],"type":"Polygon","properties":{"id":56250,"statcode":"WK006500","statnaam":"Wijk 00 Centrum","jrstatcode":"2006WK006500","rubriek":"wijk","FID":"wijk_gegeneraliseerd_2006.b6a2b142-5c56-4798-8bb0-c9ac60a78b31"},"id":"WK006500"},{"arcs":[[-387,-390,-399,449,450,451,-447]],"type":"Polygon","properties":{"id":56251,"statcode":"WK006501","statnaam":"Wijk 01 Oost","jrstatcode":"2006WK006501","rubriek":"wijk","FID":"wijk_gegeneraliseerd_2006.69ef4bef-59c5-402d-b6b6-5ab60e3cf7d9"},"id":"WK006501"},{"arcs":[[452,453,454,455,456,-448,-452,457,-419,458]],"type":"Polygon","properties":{"id":56252,"statcode":"WK006502","statnaam":"Wijk 02 Zuid","jrstatcode":"2006WK006502","rubriek":"wijk","FID":"wijk_gegeneraliseerd_2006.35f5aede-fca2-40c2-a8ad-4f59cb96a76e"},"id":"WK006502"},{"arcs":[[-457,459,460,-412,-389,-449]],"type":"Polygon","properties":{"id":56253,"statcode":"WK006503","statnaam":"Wijk 03 West","jrstatcode":"2006WK006503","rubriek":"wijk","FID":"wijk_gegeneraliseerd_2006.590dcd47-8f37-47f9-917c-60b4d19afeb6"},"id":"WK006503"},{"arcs":[[[461,462,463,464,465]],[[466,467,468]]],"type":"MultiPolygon","properties":{"id":56254,"statcode":"WK007000","statnaam":"Wijk 00 Franeker","jrstatcode":"2006WK007000","rubriek":"wijk","FID":"wijk_gegeneraliseerd_2006.053f1eff-4cf8-4184-912a-a9516fc321a2"},"id":"WK007000"},{"arcs":[[-432,-442,471,-462,472,-469,473,474]],"type":"Polygon","properties":{"id":56255,"statcode":"WK007001","statnaam":"Wijk 01 Noord","jrstatcode":"2006WK007001","rubriek":"wijk","FID":"wijk_gegeneraliseerd_2006.196fa9b6-f896-42a7-ba2e-1d4a30df0fe0"},"id":"WK007001"},{"arcs":[[475,476,477,-463,-472,-441]],"type":"Polygon","properties":{"id":56256,"statcode":"WK007002","statnaam":"Wijk 02 Noordoost","jrstatcode":"2006WK007002","rubriek":"wijk","FID":"wijk_gegeneraliseerd_2006.ba2fae59-4638-4368-b77c-e09fb87ad758"},"id":"WK007002"},{"arcs":[[478,-465,479,480,481,482,483,-470]],"type":"Polygon","properties":{"id":56257,"statcode":"WK007003","statnaam":"Wijk 03 Zuid","jrstatcode":"2006WK007003","rubriek":"wijk","FID":"wijk_gegeneraliseerd_2006.22575688-64c9-4119-b9bf-174e36d9283d"},"id":"WK007003"},{"arcs":[[484,485,486,487,488,-474,-468]],"type":"Polygon","properties":{"id":56258,"statcode":"WK007004","statnaam":"Wijk 04 West","jrstatcode":"2006WK007004","rubriek":"wijk","FID":"wijk_gegeneraliseerd_2006.5a78a1a8-0c40-4839-9a86-11ed4199e491"},"id":"WK007004"},{"arcs":[[-466,-479,-471,-484,489,-485,-467,-473]],"type":"Polygon","properties":{"id":56259,"statcode":"WK007005","statnaam":"Wijk 05 Franeker Zuidoost","jrstatcode":"2006WK007005","rubriek":"wijk","FID":"wijk_gegeneraliseerd_2006.bea83a7c-fcb7-45de-8c25-07390b7ca5b5"},"id":"WK007005"},{"arcs":[[490,-486,-490,-483,491,492]],"type":"Polygon","properties":{"id":56260,"statcode":"WK007200","statnaam":"Wijk 00 Harlingen","jrstatcode":"2006WK007200","rubriek":"wijk","FID":"wijk_gegeneraliseerd_2006.60a71f18-6e25-41f0-9370-76c0a5a9f34d"},"id":"WK007200"},{"arcs":[[[497,-487,-491,-495,498]],[[499,-496,500,501]]],"type":"MultiPolygon","properties":{"id":56261,"statcode":"WK007201","statnaam":"Wijk 01 Midlum","jrstatcode":"2006WK007201","rubriek":"wijk","FID":"wijk_gegeneraliseerd_2006.57723c42-8a7f-4fea-8eec-0935bc1b8fa4"},"id":"WK007201"},{"arcs":[[-498,502,-502,503,-488]],"type":"Polygon","properties":{"id":56262,"statcode":"WK007202","statnaam":"Wijk 02 Wijnaldum","jrstatcode":"2006WK007202","rubriek":"wijk","FID":"wijk_gegeneraliseerd_2006.65304950-93dc-4b12-8a81-cace78a300fb"},"id":"WK007202"},{"arcs":[[504,505,-331,-310,-313,506,507,508,509,510,511]],"type":"Polygon","properties":{"id":56263,"statcode":"WK007401","statnaam":"Wijk 01 Heerenveen","jrstatcode":"2006WK007401","rubriek":"wijk","FID":"wijk_gegeneraliseerd_2006.87f92c66-c1c2-488e-a523-3d22025e80db"},"id":"WK007401"},{"arcs":[[512,513,514,-511,515]],"type":"Polygon","properties":{"id":56264,"statcode":"WK007402","statnaam":"Wijk 02 De Knipe","jrstatcode":"2006WK007402","rubriek":"wijk","FID":"wijk_gegeneraliseerd_2006.5288b05b-183d-4619-8ca8-a67d461be370"},"id":"WK007402"},{"arcs":[[516,517,518,519,520,521]],"type":"Polygon","properties":{"id":56265,"statcode":"WK007403","statnaam":"Wijk 03 Hoornsterzwaag","jrstatcode":"2006WK007403","rubriek":"wijk","FID":"wijk_gegeneraliseerd_2006.ee026764-77a4-42a5-a298-036982432923"},"id":"WK007403"},{"arcs":[[-520,522,523,524,525]],"type":"Polygon","properties":{"id":56266,"statcode":"WK007404","statnaam":"Wijk 04 Jubbega","jrstatcode":"2006WK007404","rubriek":"wijk","FID":"wijk_gegeneraliseerd_2006.701403ff-ad79-4ec9-8aab-9006f225f061"},"id":"WK007404"},{"arcs":[[526,527,528,529]],"type":"Polygon","properties":{"id":56267,"statcode":"WK007405","statnaam":"Wijk 05 Nieuwehorne","jrstatcode":"2006WK007405","rubriek":"wijk","FID":"wijk_gegeneraliseerd_2006.01ce1685-ab52-4eb4-8acc-45b97a683885"},"id":"WK007405"},{"arcs":[[-524,530,-527,531,532]],"type":"Polygon","properties":{"id":56268,"statcode":"WK007406","statnaam":"Wijk 06 Oudehorne","jrstatcode":"2006WK007406","rubriek":"wijk","FID":"wijk_gegeneraliseerd_2006.d3647fe7-4ba9-49aa-987f-ea8b36caf958"},"id":"WK007406"},{"arcs":[[533,-529,534,535,536,537,-514]],"type":"Polygon","properties":{"id":56269,"statcode":"WK007407","statnaam":"Wijk 07 Katlijk","jrstatcode":"2006WK007407","rubriek":"wijk","FID":"wijk_gegeneraliseerd_2006.2ff2c51d-da3a-463b-bce9-544cf825e5e4"},"id":"WK007407"},{"arcs":[[538,539,-370]],"type":"Polygon","properties":{"id":56270,"statcode":"WK007408","statnaam":"Wijk 08 Gersloot","jrstatcode":"2006WK007408","rubriek":"wijk","FID":"wijk_gegeneraliseerd_2006.a3022fe8-9228-4cd9-974a-200afcb365f0"},"id":"WK007408"},{"arcs":[[540,-508,541,-372]],"type":"Polygon","properties":{"id":56271,"statcode":"WK007409","statnaam":"Wijk 09 Luinjeberd","jrstatcode":"2006WK007409","rubriek":"wijk","FID":"wijk_gegeneraliseerd_2006.fc516a3c-18b4-438c-b0d7-d272eea923fe"},"id":"WK007409"},{"arcs":[[-542,-507,-316,-373]],"type":"Polygon","properties":{"id":56272,"statcode":"WK007410","statnaam":"Wijk 10 Terband","jrstatcode":"2006WK007410","rubriek":"wijk","FID":"wijk_gegeneraliseerd_2006.3477c4dd-6a8e-4757-a4f8-cd2f705602e4"},"id":"WK007410"},{"arcs":[[-540,542,-509,-541,-371]],"type":"Polygon","properties":{"id":56273,"statcode":"WK007411","statnaam":"Wijk 11 Tjalleberd","jrstatcode":"2006WK007411","rubriek":"wijk","FID":"wijk_gegeneraliseerd_2006.99db3d10-6111-4c42-a9b7-fbf19f1e64d8"},"id":"WK007411"},{"arcs":[[-538,543,544,-512,-515]],"type":"Polygon","properties":{"id":56274,"statcode":"WK007412","statnaam":"Wijk 12 Oranjewoud","jrstatcode":"2006WK007412","rubriek":"wijk","FID":"wijk_gegeneraliseerd_2006.1cceb0b1-26b2-4b6a-b39f-df472fdd1355"},"id":"WK007412"},{"arcs":[[-532,-530,-534,-513,545,546]],"type":"Polygon","properties":{"id":56275,"statcode":"WK007413","statnaam":"Wijk 13 Bontebok","jrstatcode":"2006WK007413","rubriek":"wijk","FID":"wijk_gegeneraliseerd_2006.eff2b344-0113-4b25-9e36-8ffa9c76b2e5"},"id":"WK007413"},{"arcs":[[-537,547,548,-544]],"type":"Polygon","properties":{"id":56276,"statcode":"WK007414","statnaam":"Wijk 14 Mildam","jrstatcode":"2006WK007414","rubriek":"wijk","FID":"wijk_gegeneraliseerd_2006.0c95b35a-fef8-431a-82ac-9115b7d69b40"},"id":"WK007414"},{"arcs":[[-549,549,-505,-545]],"type":"Polygon","properties":{"id":56277,"statcode":"WK007415","statnaam":"Wijk 15 Oudeschoot","jrstatcode":"2006WK007415","rubriek":"wijk","FID":"wijk_gegeneraliseerd_2006.d60f2ea1-3188-4120-8ef8-7599b429cf34"},"id":"WK007415"},{"arcs":[[-421,550,551,-397,552]],"type":"Polygon","properties":{"id":56278,"statcode":"WK007900","statnaam":"Wijk 00 Kollum","jrstatcode":"2006WK007900","rubriek":"wijk","FID":"wijk_gegeneraliseerd_2006.27d5f3f7-1e01-4b1f-b7b9-d7f698bb2550"},"id":"WK007900"},{"arcs":[[-422,-553,553,-384,-379]],"type":"Polygon","properties":{"id":56279,"statcode":"WK007901","statnaam":"Wijk 01 Oost","jrstatcode":"2006WK007901","rubriek":"wijk","FID":"wijk_gegeneraliseerd_2006.a287a97e-24a7-4918-9c2e-85c19271ae09"},"id":"WK007901"},{"arcs":[[-450,-398,-552,554]],"type":"Polygon","properties":{"id":56280,"statcode":"WK007902","statnaam":"Wijk 02 Noordwest","jrstatcode":"2006WK007902","rubriek":"wijk","FID":"wijk_gegeneraliseerd_2006.9d8af24c-de42-4405-92fd-db677ed4fc26"},"id":"WK007902"},{"arcs":[[-458,-451,-555,-551,-420]],"type":"Polygon","properties":{"id":56281,"statcode":"WK007903","statnaam":"Wijk 03 Zuidwest","jrstatcode":"2006WK007903","rubriek":"wijk","FID":"wijk_gegeneraliseerd_2006.6545b6c8-ef85-403e-b885-94ad68eb24a9"},"id":"WK007903"},{"arcs":[[555,556,557,558,559,560,561,562]],"type":"Polygon","properties":{"id":56282,"statcode":"WK008010","statnaam":"Wijk 10 Binnenstad","jrstatcode":"2006WK008010","rubriek":"wijk","FID":"wijk_gegeneraliseerd_2006.6d3151bf-1b30-4369-b950-9b79922c42a8"},"id":"WK008010"},{"arcs":[[563,564,565,-556]],"type":"Polygon","properties":{"id":56283,"statcode":"WK008020","statnaam":"Wijk 20 Transvaalwijk & Rengerspark","jrstatcode":"2006WK008020","rubriek":"wijk","FID":"wijk_gegeneraliseerd_2006.dede5e73-6194-4fc0-bab2-9b5138a65220"},"id":"WK008020"},{"arcs":[[566,-565,567,568,569,570]],"type":"Polygon","properties":{"id":56284,"statcode":"WK008021","statnaam":"Wijk 21 Bilgaard & Havankpark en omgeving","jrstatcode":"2006WK008021","rubriek":"wijk","FID":"wijk_gegeneraliseerd_2006.94bee713-113d-4d6f-92b0-c44973646a32"},"id":"WK008021"},{"arcs":[[571,572,-567,573]],"type":"Polygon","properties":{"id":56285,"statcode":"WK008022","statnaam":"Wijk 22 Vrijheidswijk","jrstatcode":"2006WK008022","rubriek":"wijk","FID":"wijk_gegeneraliseerd_2006.e3e9e062-840a-46fa-ae73-c5839fc5d743"},"id":"WK008022"},{"arcs":[[-571,574,575,576,577,578,-574]],"type":"Polygon","properties":{"id":56286,"statcode":"WK008023","statnaam":"Wijk 23 Lekkum en omgeving","jrstatcode":"2006WK008023","rubriek":"wijk","FID":"wijk_gegeneraliseerd_2006.0983e8ae-f21f-40cb-9ca1-201ba8b85c66"},"id":"WK008023"},{"arcs":[[579,-557,-566,-573]],"type":"Polygon","properties":{"id":56287,"statcode":"WK008030","statnaam":"Wijk 30 Oldegalileën & Bloemenbuurt","jrstatcode":"2006WK008030","rubriek":"wijk","FID":"wijk_gegeneraliseerd_2006.9fe9835a-466f-43c8-b268-121522b32654"},"id":"WK008030"},{"arcs":[[580,581,582,-558,-580]],"type":"Polygon","properties":{"id":56288,"statcode":"WK008031","statnaam":"Wijk 31 Tjerk Hiddes & Cambuursterhoek","jrstatcode":"2006WK008031","rubriek":"wijk","FID":"wijk_gegeneraliseerd_2006.3cb1b9f2-1415-412c-b186-31f17a3c7ffb"},"id":"WK008031"},{"arcs":[[-583,583,584,-559]],"type":"Polygon","properties":{"id":56289,"statcode":"WK008032","statnaam":"Wijk 32 't Vliet","jrstatcode":"2006WK008032","rubriek":"wijk","FID":"wijk_gegeneraliseerd_2006.2778ab95-7e2f-4fbd-86d5-6dd138f7085e"},"id":"WK008032"},{"arcs":[[585,586,587,-560,-585]],"type":"Polygon","properties":{"id":56290,"statcode":"WK008033","statnaam":"Wijk 33 Oranjewijk & Tulpenburg","jrstatcode":"2006WK008033","rubriek":"wijk","FID":"wijk_gegeneraliseerd_2006.5fecc91c-e7b3-4984-8853-d355ef2aabda"},"id":"WK008033"},{"arcs":[[588,589,-581,-572]],"type":"Polygon","properties":{"id":56291,"statcode":"WK008034","statnaam":"Wijk 34 Heechterp","jrstatcode":"2006WK008034","rubriek":"wijk","FID":"wijk_gegeneraliseerd_2006.0b23c5a4-aa52-4c64-9bf8-9d737be41a81"},"id":"WK008034"},{"arcs":[[-584,-582,-590,590,591,592]],"type":"Polygon","properties":{"id":56292,"statcode":"WK008035","statnaam":"Wijk 35 Schieringen & De Centrale","jrstatcode":"2006WK008035","rubriek":"wijk","FID":"wijk_gegeneraliseerd_2006.47631169-3a3b-430f-89b4-8c45911651eb"},"id":"WK008035"},{"arcs":[[593,594,-591,-589,-579]],"type":"Polygon","properties":{"id":56293,"statcode":"WK008036","statnaam":"Wijk 36 Camminghaburen","jrstatcode":"2006WK008036","rubriek":"wijk","FID":"wijk_gegeneraliseerd_2006.4574d2ce-1be1-43d0-814e-57a7d96c873d"},"id":"WK008036"},{"arcs":[[595,-594,-578,596,597]],"type":"Polygon","properties":{"id":56294,"statcode":"WK008037","statnaam":"Wijk 37 Grote Wielen & Kliene Wielen","jrstatcode":"2006WK008037","rubriek":"wijk","FID":"wijk_gegeneraliseerd_2006.6b0d3895-74d5-44e0-8ef3-362956421a7d"},"id":"WK008037"},{"arcs":[[598,599,600,601,602,-592,-595]],"type":"Polygon","properties":{"id":56295,"statcode":"WK008038","statnaam":"Wijk 38 Bedrijventerrein-Oost","jrstatcode":"2006WK008038","rubriek":"wijk","FID":"wijk_gegeneraliseerd_2006.d05855f5-9236-4673-ab7f-ccb2ca480279"},"id":"WK008038"},{"arcs":[[603,604,-587]],"type":"Polygon","properties":{"id":56296,"statcode":"WK008040","statnaam":"Wijk 40 Achter de Hoven","jrstatcode":"2006WK008040","rubriek":"wijk","FID":"wijk_gegeneraliseerd_2006.8c230bd7-791c-4b0f-8fd4-f6c2c6a6b593"},"id":"WK008040"},{"arcs":[[-603,605,-604,-586,-593]],"type":"Polygon","properties":{"id":56297,"statcode":"WK008041","statnaam":"Wijk 41 Schepenbuurt","jrstatcode":"2006WK008041","rubriek":"wijk","FID":"wijk_gegeneraliseerd_2006.13f3e00e-c8fc-4e2e-9d15-141259e9224b"},"id":"WK008041"},{"arcs":[[-602,606,607,-606]],"type":"Polygon","properties":{"id":56298,"statcode":"WK008042","statnaam":"Wijk 42 Wielenpôlle","jrstatcode":"2006WK008042","rubriek":"wijk","FID":"wijk_gegeneraliseerd_2006.12adda30-551a-463b-b3ce-cf4f116115ef"},"id":"WK008042"},{"arcs":[[-608,608,609,-588,-605]],"type":"Polygon","properties":{"id":56299,"statcode":"WK008043","statnaam":"Wijk 43 Huizem-Oost","jrstatcode":"2006WK008043","rubriek":"wijk","FID":"wijk_gegeneraliseerd_2006.5ea78f29-3f28-4fb3-8b19-1cbce887a3c5"},"id":"WK008043"},{"arcs":[[610,611,-561,-610]],"type":"Polygon","properties":{"id":56300,"statcode":"WK008044","statnaam":"Wijk 44 Huizem-West","jrstatcode":"2006WK008044","rubriek":"wijk","FID":"wijk_gegeneraliseerd_2006.6c3c2072-50ae-46a8-975f-790f744a000d"},"id":"WK008044"},{"arcs":[[612,613,-609,-607,-601,614]],"type":"Polygon","properties":{"id":56301,"statcode":"WK008045","statnaam":"Wijk 45 Aldlân","jrstatcode":"2006WK008045","rubriek":"wijk","FID":"wijk_gegeneraliseerd_2006.8082047c-e5f4-4e21-aa3b-9a572ad876fa"},"id":"WK008045"},{"arcs":[[-614,615,616,-611]],"type":"Polygon","properties":{"id":56302,"statcode":"WK008046","statnaam":"Wijk 46 Nijlân","jrstatcode":"2006WK008046","rubriek":"wijk","FID":"wijk_gegeneraliseerd_2006.b98e3a0a-4bc4-48bc-8f2b-5023dc9af50b"},"id":"WK008046"},{"arcs":[[617,-615,-600,618,-360]],"type":"Polygon","properties":{"id":56303,"statcode":"WK008050","statnaam":"Wijk 50 Hempens. Teerns en omgeving","jrstatcode":"2006WK008050","rubriek":"wijk","FID":"wijk_gegeneraliseerd_2006.f677b86e-0538-43d5-a178-197d6b3da38e"},"id":"WK008050"},{"arcs":[[-358,619,620,621,622]],"type":"Polygon","properties":{"id":56304,"statcode":"WK008051","statnaam":"Wijk 51 Wirdum & Swichum","jrstatcode":"2006WK008051","rubriek":"wijk","FID":"wijk_gegeneraliseerd_2006.6b1f625e-1781-4807-9f47-17a32184317d"},"id":"WK008051"},{"arcs":[[-620,-352,623,624]],"type":"Polygon","properties":{"id":56305,"statcode":"WK008052","statnaam":"Wijk 52 Wytgaard en omgeving","jrstatcode":"2006WK008052","rubriek":"wijk","FID":"wijk_gegeneraliseerd_2006.2955811c-7156-41ad-8c18-a2a95cc5c3e9"},"id":"WK008052"},{"arcs":[[-359,-623,625,-616,-613,-618]],"type":"Polygon","properties":{"id":56306,"statcode":"WK008053","statnaam":"Wijk 53 Goutum & De Zuidlanden","jrstatcode":"2006WK008053","rubriek":"wijk","FID":"wijk_gegeneraliseerd_2006.1ee05c4d-3d1b-4b46-9a18-6e7aa7c44a6d"},"id":"WK008053"},{"arcs":[[-562,-612,-617,-626,-622,626,627,628,629,630]],"type":"Polygon","properties":{"id":56307,"statcode":"WK008060","statnaam":"Wijk 60 Bedrijventerrein West","jrstatcode":"2006WK008060","rubriek":"wijk","FID":"wijk_gegeneraliseerd_2006.00f36074-30e3-4dcd-9ed1-efc52a22b0a8"},"id":"WK008060"},{"arcs":[[631,632,-563,-631]],"type":"Polygon","properties":{"id":56308,"statcode":"WK008061","statnaam":"Wijk 61 Vossepark & Helicon","jrstatcode":"2006WK008061","rubriek":"wijk","FID":"wijk_gegeneraliseerd_2006.36e187f1-54c1-46d3-83fa-d2124d7d9b05"},"id":"WK008061"},{"arcs":[[633,-564,-633]],"type":"Polygon","properties":{"id":56309,"statcode":"WK008062","statnaam":"Wijk 62 Vogelwijk & Muziekwijk","jrstatcode":"2006WK008062","rubriek":"wijk","FID":"wijk_gegeneraliseerd_2006.e5753ca5-7056-4355-8167-d08cd1245386"},"id":"WK008062"},{"arcs":[[-634,-632,634,635,-568]],"type":"Polygon","properties":{"id":56310,"statcode":"WK008063","statnaam":"Wijk 63 Valeriuskwartier & Magere Weide","jrstatcode":"2006WK008063","rubriek":"wijk","FID":"wijk_gegeneraliseerd_2006.f17abf9d-4026-4463-9092-86d2302aac41"},"id":"WK008063"},{"arcs":[[-630,636,-635]],"type":"Polygon","properties":{"id":56311,"statcode":"WK008064","statnaam":"Wijk 64 Westeinde","jrstatcode":"2006WK008064","rubriek":"wijk","FID":"wijk_gegeneraliseerd_2006.80995715-353b-4b4d-8c0a-84c0cec45f9f"},"id":"WK008064"},{"arcs":[[-569,-636,-637,-629,637,638,639]],"type":"Polygon","properties":{"id":56312,"statcode":"WK008065","statnaam":"Wijk 65 Buitengebied Noordwest","jrstatcode":"2006WK008065","rubriek":"wijk","FID":"wijk_gegeneraliseerd_2006.fc6af9f7-7fe0-42da-a043-81e018bd5718"},"id":"WK008065"},{"arcs":[[640,641,642,-437,643]],"type":"Polygon","properties":{"id":56313,"statcode":"WK008100","statnaam":"Wijk 00 Noord","jrstatcode":"2006WK008100","rubriek":"wijk","FID":"wijk_gegeneraliseerd_2006.a57afd9f-251e-4fae-872a-09926614bef2"},"id":"WK008100"},{"arcs":[[-640,644,-438,-643,645,-575,-570]],"type":"Polygon","properties":{"id":56314,"statcode":"WK008101","statnaam":"Wijk 01 Zuid","jrstatcode":"2006WK008101","rubriek":"wijk","FID":"wijk_gegeneraliseerd_2006.837b0e55-b7e5-4702-9e21-4cbb4224bac2"},"id":"WK008101"},{"arcs":[[646,-327,647,648,649]],"type":"Polygon","properties":{"id":56315,"statcode":"WK008200","statnaam":"Wijk 00 Lemmer","jrstatcode":"2006WK008200","rubriek":"wijk","FID":"wijk_gegeneraliseerd_2006.089fd840-bf24-45b8-a5be-84749f472bef"},"id":"WK008200"},{"arcs":[[-334,650,651,652,653,654,-648,-326]],"type":"Polygon","properties":{"id":56316,"statcode":"WK008201","statnaam":"Wijk 01 Buitendorpen","jrstatcode":"2006WK008201","rubriek":"wijk","FID":"wijk_gegeneraliseerd_2006.1539df42-1114-4de9-a78f-d03c3fb10007"},"id":"WK008201"},{"arcs":[[655,656,657,658,659,660,-477]],"type":"Polygon","properties":{"id":56317,"statcode":"WK008300","statnaam":"Wijk 00 Bouwhoek West","jrstatcode":"2006WK008300","rubriek":"wijk","FID":"wijk_gegeneraliseerd_2006.56e5b5ef-0351-4265-89a6-5cea4a7c596a"},"id":"WK008300"},{"arcs":[[-658,661,-638,-628,662]],"type":"Polygon","properties":{"id":56318,"statcode":"WK008301","statnaam":"Wijk 01 Greidhoek","jrstatcode":"2006WK008301","rubriek":"wijk","FID":"wijk_gegeneraliseerd_2006.e6a70c1b-55f8-4d22-b657-8698d4b3a5a4"},"id":"WK008301"},{"arcs":[[663,-656,-476,-440,-430]],"type":"Polygon","properties":{"id":56319,"statcode":"WK008302","statnaam":"Wijk 02 Tuinbouwgebied","jrstatcode":"2006WK008302","rubriek":"wijk","FID":"wijk_gegeneraliseerd_2006.d5b6e525-91f1-47dc-b2fa-aaa7000a918c"},"id":"WK008302"},{"arcs":[[-645,-639,-662,-657,-664,-429,-439]],"type":"Polygon","properties":{"id":56320,"statcode":"WK008303","statnaam":"Wijk 03 Bouwhoek Noord","jrstatcode":"2006WK008303","rubriek":"wijk","FID":"wijk_gegeneraliseerd_2006.38459f54-99b7-4a0f-b6b8-f308fba49acf"},"id":"WK008303"},{"arcs":[[664,665,666,667,668]],"type":"Polygon","properties":{"id":56321,"statcode":"WK008500","statnaam":"Wijk 00 Oosterwolde","jrstatcode":"2006WK008500","rubriek":"wijk","FID":"wijk_gegeneraliseerd_2006.6c8fd818-cc66-491f-b9e0-94c6e2c80300"},"id":"WK008500"},{"arcs":[[669,-517,670,671,-668]],"type":"Polygon","properties":{"id":56322,"statcode":"WK008501","statnaam":"Wijk 01 Donkerbroek","jrstatcode":"2006WK008501","rubriek":"wijk","FID":"wijk_gegeneraliseerd_2006.dc17bebb-f239-4190-8161-9370ad8b7ef3"},"id":"WK008501"},{"arcs":[[672,673,674,675,-518,-670,-667]],"type":"Polygon","properties":{"id":56323,"statcode":"WK008502","statnaam":"Wijk 02 Makkinga","jrstatcode":"2006WK008502","rubriek":"wijk","FID":"wijk_gegeneraliseerd_2006.b7a70b13-e80a-43d2-8b51-f8d4dcf9ce08"},"id":"WK008502"},{"arcs":[[-676,676,677,-531,-523,-519]],"type":"Polygon","properties":{"id":56324,"statcode":"WK008503","statnaam":"Wijk 03 Oldeberkoop","jrstatcode":"2006WK008503","rubriek":"wijk","FID":"wijk_gegeneraliseerd_2006.121dfa84-93b0-4de8-893c-baedcc1e3fc8"},"id":"WK008503"},{"arcs":[[678,679,-669,-672,680]],"type":"Polygon","properties":{"id":56325,"statcode":"WK008504","statnaam":"Wijk 04 Haulerwijk","jrstatcode":"2006WK008504","rubriek":"wijk","FID":"wijk_gegeneraliseerd_2006.14c8aae9-1680-4613-a65b-4fb8607124fc"},"id":"WK008504"},{"arcs":[[681,682,683,684,-673,-666]],"type":"Polygon","properties":{"id":56326,"statcode":"WK008505","statnaam":"Wijk 05 Appelscha","jrstatcode":"2006WK008505","rubriek":"wijk","FID":"wijk_gegeneraliseerd_2006.307bd619-7c6b-432f-b4a8-e11405480513"},"id":"WK008505"},{"arcs":[[-525,-533,-547,685,686,687]],"type":"Polygon","properties":{"id":56327,"statcode":"WK008600","statnaam":"Wijk 00 Gorredijk","jrstatcode":"2006WK008600","rubriek":"wijk","FID":"wijk_gegeneraliseerd_2006.a7a644be-5e3e-4048-a03d-77d3cde08aec"},"id":"WK008600"},{"arcs":[[-369,688,-686,-546,-516,-510,-543,-539]],"type":"Polygon","properties":{"id":56328,"statcode":"WK008601","statnaam":"Wijk 01 Langezwaag","jrstatcode":"2006WK008601","rubriek":"wijk","FID":"wijk_gegeneraliseerd_2006.85a0120d-764c-4c43-a07a-b675e7c8d9e6"},"id":"WK008601"},{"arcs":[[-689,-368,689,690,-687]],"type":"Polygon","properties":{"id":56329,"statcode":"WK008602","statnaam":"Wijk 02 Terwispel","jrstatcode":"2006WK008602","rubriek":"wijk","FID":"wijk_gegeneraliseerd_2006.b83abd10-0e87-4452-84f8-5e5e91a65447"},"id":"WK008602"},{"arcs":[[-521,-526,-688,-691,691,692,693,694]],"type":"Polygon","properties":{"id":56330,"statcode":"WK008603","statnaam":"Wijk 03 Beetsterzwaag","jrstatcode":"2006WK008603","rubriek":"wijk","FID":"wijk_gegeneraliseerd_2006.732ee18d-09f1-4b6f-a811-9a6bdd4ed778"},"id":"WK008603"},{"arcs":[[-194,695,-694,696,697,698,699,-191]],"type":"Polygon","properties":{"id":56331,"statcode":"WK008604","statnaam":"Wijk 04 Ureterp","jrstatcode":"2006WK008604","rubriek":"wijk","FID":"wijk_gegeneraliseerd_2006.84d5f34b-74d4-4689-a90f-556ec827a03e"},"id":"WK008604"},{"arcs":[[-193,-159,700,-681,-671,-522,-695,-696]],"type":"Polygon","properties":{"id":56332,"statcode":"WK008605","statnaam":"Wijk 05 Bakkeveen","jrstatcode":"2006WK008605","rubriek":"wijk","FID":"wijk_gegeneraliseerd_2006.5b0ee375-133d-40fc-8484-fd248dec900c"},"id":"WK008605"},{"arcs":[[701]],"type":"Polygon","properties":{"id":56333,"statcode":"WK008800","statnaam":"Wijk 00","jrstatcode":"2006WK008800","rubriek":"wijk","FID":"wijk_gegeneraliseerd_2006.3734f4b7-0e49-4004-8063-ab8599bd9eb9"},"id":"WK008800"},{"arcs":[[-697,-693,703]],"type":"Polygon","properties":{"id":56334,"statcode":"WK009000","statnaam":"Wijk 00 Drachten","jrstatcode":"2006WK009000","rubriek":"wijk","FID":"wijk_gegeneraliseerd_2006.1abd0bc5-5498-426b-a634-511f522fc691"},"id":"WK009000"},{"arcs":[[-692,-690,-367,-355,705,706,707,-427,-103,-192,-700,-705,-698,-704]],"type":"Polygon","properties":{"id":56335,"statcode":"WK009001","statnaam":"Wijk 01 Overig Smallingerland","jrstatcode":"2006WK009001","rubriek":"wijk","FID":"wijk_gegeneraliseerd_2006.7265f001-b770-4671-88da-b7158fc1f4a0"},"id":"WK009001"},{"arcs":[[708,709,710,711,712,-365,-322,713]],"type":"Polygon","properties":{"id":56336,"statcode":"WK009100","statnaam":"Wijk 00 Sneek","jrstatcode":"2006WK009100","rubriek":"wijk","FID":"wijk_gegeneraliseerd_2006.373dbe49-aea6-435e-8170-a39314bfe271"},"id":"WK009100"},{"arcs":[[714,715]],"type":"Polygon","properties":{"id":56337,"statcode":"WK009300","statnaam":"Wijk 00 West-Terschelling","jrstatcode":"2006WK009300","rubriek":"wijk","FID":"wijk_gegeneraliseerd_2006.6a8fab96-05f4-4126-abbc-3f6624118359"},"id":"WK009300"},{"arcs":[[718,-715,719,720]],"type":"Polygon","properties":{"id":56338,"statcode":"WK009301","statnaam":"Wijk 01 Midsland","jrstatcode":"2006WK009301","rubriek":"wijk","FID":"wijk_gegeneraliseerd_2006.d8ceeec8-b033-4e8f-b82e-a454252d8866"},"id":"WK009301"},{"arcs":[[721,-721,722,723,724]],"type":"Polygon","properties":{"id":56339,"statcode":"WK009302","statnaam":"Wijk 02 Formerum","jrstatcode":"2006WK009302","rubriek":"wijk","FID":"wijk_gegeneraliseerd_2006.03a07805-264a-45fa-96cc-bb64edd624da"},"id":"WK009302"},{"arcs":[[725,-725,726]],"type":"Polygon","properties":{"id":56340,"statcode":"WK009303","statnaam":"Wijk 03 Lies","jrstatcode":"2006WK009303","rubriek":"wijk","FID":"wijk_gegeneraliseerd_2006.0da0b3a8-44a8-47f8-827c-fd1ed325bf1e"},"id":"WK009303"},{"arcs":[[727,728,-727,-724,729]],"type":"Polygon","properties":{"id":56341,"statcode":"WK009304","statnaam":"Wijk 04 Hoorn","jrstatcode":"2006WK009304","rubriek":"wijk","FID":"wijk_gegeneraliseerd_2006.fb797fca-743c-4c80-ba27-3a88172c8e49"},"id":"WK009304"},{"arcs":[[-728,730]],"type":"Polygon","properties":{"id":56342,"statcode":"WK009305","statnaam":"Wijk 05 Oosterend","jrstatcode":"2006WK009305","rubriek":"wijk","FID":"wijk_gegeneraliseerd_2006.3ca7fd33-6ab8-47dc-bf79-dd88b74138dd"},"id":"WK009305"},{"arcs":[[[731]],[[-718,732]]],"type":"MultiPolygon","properties":{"id":56343,"statcode":"WK009600","statnaam":"Wijk 00","jrstatcode":"2006WK009600","rubriek":"wijk","FID":"wijk_gegeneraliseerd_2006.2b20e7b3-2ac0-4c26-a20d-4bd389aa32b4"},"id":"WK009600"},{"arcs":[[733,734,735]],"type":"Polygon","properties":{"id":56344,"statcode":"WK009800","statnaam":"Wijk 00 Wolvega","jrstatcode":"2006WK009800","rubriek":"wijk","FID":"wijk_gegeneraliseerd_2006.780cc470-b95d-4653-897b-9efd7b895b3f"},"id":"WK009800"},{"arcs":[[736,737,-332,-506,-550,-548,-536,738,-735]],"type":"Polygon","properties":{"id":56345,"statcode":"WK009801","statnaam":"Wijk 01 Sonnega","jrstatcode":"2006WK009801","rubriek":"wijk","FID":"wijk_gegeneraliseerd_2006.152612b3-0f5b-4fbc-9393-68645d007cd1"},"id":"WK009801"},{"arcs":[[739,740,741,-651,-333,-738]],"type":"Polygon","properties":{"id":56346,"statcode":"WK009802","statnaam":"Wijk 02 Helomavaart","jrstatcode":"2006WK009802","rubriek":"wijk","FID":"wijk_gegeneraliseerd_2006.fcaef100-927b-49d1-bb78-40eea5bbf1b4"},"id":"WK009802"},{"arcs":[[742,743,744,-652,-742]],"type":"Polygon","properties":{"id":56347,"statcode":"WK009803","statnaam":"Wijk 03 Munnekeburen","jrstatcode":"2006WK009803","rubriek":"wijk","FID":"wijk_gegeneraliseerd_2006.c451b35a-9642-43f9-9082-80bdeb21270a"},"id":"WK009803"},{"arcs":[[745,746,-745]],"type":"Polygon","properties":{"id":56348,"statcode":"WK009804","statnaam":"Wijk 04 Scherpenzeel","jrstatcode":"2006WK009804","rubriek":"wijk","FID":"wijk_gegeneraliseerd_2006.7ab14ed8-0641-4973-89f9-77803d7b04d9"},"id":"WK009804"},{"arcs":[[-739,-535,-528,-678,747,748,749,-736]],"type":"Polygon","properties":{"id":56349,"statcode":"WK009805","statnaam":"Wijk 05 Oldeholtpade","jrstatcode":"2006WK009805","rubriek":"wijk","FID":"wijk_gegeneraliseerd_2006.2e2ed25d-154e-4eb1-9220-e760ffa08cd4"},"id":"WK009805"},{"arcs":[[-740,-737,-734,-750,750,751,752]],"type":"Polygon","properties":{"id":56350,"statcode":"WK009806","statnaam":"Wijk 06 Blesdijke","jrstatcode":"2006WK009806","rubriek":"wijk","FID":"wijk_gegeneraliseerd_2006.5d3d8064-253e-40a8-a14a-765400317d7d"},"id":"WK009806"},{"arcs":[[-749,753,754,755,-751]],"type":"Polygon","properties":{"id":56351,"statcode":"WK009807","statnaam":"Wijk 07 Steggerda","jrstatcode":"2006WK009807","rubriek":"wijk","FID":"wijk_gegeneraliseerd_2006.77c55f2f-edef-4c4b-bd98-e12afbee98a7"},"id":"WK009807"},{"arcs":[[756,-754,-748,-677,-675,757,758,759,760]],"type":"Polygon","properties":{"id":56352,"statcode":"WK009808","statnaam":"Wijk 08 Noordwolde","jrstatcode":"2006WK009808","rubriek":"wijk","FID":"wijk_gegeneraliseerd_2006.ee12d720-ef36-4ddc-92cd-294e4ffdb6b3"},"id":"WK009808"},{"arcs":[[761,762,763,764,765,766]],"type":"Polygon","properties":{"id":56353,"statcode":"WK010400","statnaam":"Wijk 00","jrstatcode":"2006WK010400","rubriek":"wijk","FID":"wijk_gegeneraliseerd_2006.95e27ae0-6af6-495e-ab21-94aeea319351"},"id":"WK010400"},{"arcs":[[767,768,769,770,771,-763]],"type":"Polygon","properties":{"id":56354,"statcode":"WK010401","statnaam":"Wijk 01","jrstatcode":"2006WK010401","rubriek":"wijk","FID":"wijk_gegeneraliseerd_2006.9a327865-8568-405d-be69-e25777669bc7"},"id":"WK010401"},{"arcs":[[-771,772,773,774]],"type":"Polygon","properties":{"id":56355,"statcode":"WK010402","statnaam":"Wijk 02","jrstatcode":"2006WK010402","rubriek":"wijk","FID":"wijk_gegeneraliseerd_2006.117fc437-196b-4663-beb8-21b27b9b7704"},"id":"WK010402"},{"arcs":[[775,776,777,778]],"type":"Polygon","properties":{"id":56356,"statcode":"WK010600","statnaam":"Wijk 00 Assen binnenstad","jrstatcode":"2006WK010600","rubriek":"wijk","FID":"wijk_gegeneraliseerd_2006.1ddb3e85-3e82-484e-a0cd-01d49ea3cebd"},"id":"WK010600"},{"arcs":[[-779,779,780,781]],"type":"Polygon","properties":{"id":56357,"statcode":"WK010601","statnaam":"Wijk 01 Assen West","jrstatcode":"2006WK010601","rubriek":"wijk","FID":"wijk_gegeneraliseerd_2006.9e29f65e-bfed-42f6-84f0-2eb7e5c3c5f6"},"id":"WK010601"},{"arcs":[[782,783,784,785,-776,-782]],"type":"Polygon","properties":{"id":56358,"statcode":"WK010602","statnaam":"Wijk 02 Assen Noord","jrstatcode":"2006WK010602","rubriek":"wijk","FID":"wijk_gegeneraliseerd_2006.1565b768-ab93-48c7-b358-76d8ff54778a"},"id":"WK010602"},{"arcs":[[786,787,-777,-786,788]],"type":"Polygon","properties":{"id":56359,"statcode":"WK010603","statnaam":"Wijk 03 Assen Oost","jrstatcode":"2006WK010603","rubriek":"wijk","FID":"wijk_gegeneraliseerd_2006.84ebdfd2-bf12-4577-9377-193ce85270f7"},"id":"WK010603"},{"arcs":[[-780,-778,-788,789,790]],"type":"Polygon","properties":{"id":56360,"statcode":"WK010604","statnaam":"Wijk 04 Assen Zuid","jrstatcode":"2006WK010604","rubriek":"wijk","FID":"wijk_gegeneraliseerd_2006.9b37ff53-1dd5-482c-9011-fa28a0d18ea5"},"id":"WK010604"},{"arcs":[[791,792,793,-789,-785,794]],"type":"Polygon","properties":{"id":56361,"statcode":"WK010605","statnaam":"Wijk 05 Loon","jrstatcode":"2006WK010605","rubriek":"wijk","FID":"wijk_gegeneraliseerd_2006.e21939cf-a04d-48ef-ac27-61fd688073fd"},"id":"WK010605"},{"arcs":[[795,796,-795,-784,797,-790,-787,-794,798,799,800,801,802,803,804,805,806]],"type":"Polygon","properties":{"id":56362,"statcode":"WK010606","statnaam":"Wijk 06 Verspreid gebied Assen","jrstatcode":"2006WK010606","rubriek":"wijk","FID":"wijk_gegeneraliseerd_2006.80fa0d69-84fa-4aa6-bb47-2623bc63c6b5"},"id":"WK010606"},{"arcs":[[-781,-791,-798,-783]],"type":"Polygon","properties":{"id":56363,"statcode":"WK010607","statnaam":"Wijk 07 Kloosterveen","jrstatcode":"2006WK010607","rubriek":"wijk","FID":"wijk_gegeneraliseerd_2006.fce6bf19-25bd-4434-9136-3054d9c30208"},"id":"WK010607"},{"arcs":[[807,808,809,810,811,812]],"type":"Polygon","properties":{"id":56364,"statcode":"WK010910","statnaam":"Wijk 10 Coevorden","jrstatcode":"2006WK010910","rubriek":"wijk","FID":"wijk_gegeneraliseerd_2006.95fe9863-bd28-42cd-ab77-04391b42ab5d"},"id":"WK010910"},{"arcs":[[-810,813,814,815,816]],"type":"Polygon","properties":{"id":56365,"statcode":"WK010911","statnaam":"Wijk 11 Steenwijksmoer","jrstatcode":"2006WK010911","rubriek":"wijk","FID":"wijk_gegeneraliseerd_2006.0f896b6a-63dd-4195-8a6b-02d5fa48f052"},"id":"WK010911"},{"arcs":[[-816,817,818,819]],"type":"Polygon","properties":{"id":56366,"statcode":"WK010912","statnaam":"Wijk 12 Nieuwe Krim","jrstatcode":"2006WK010912","rubriek":"wijk","FID":"wijk_gegeneraliseerd_2006.113bd3ca-7537-49d6-8035-a61a1896a242"},"id":"WK010912"},{"arcs":[[820,821,-812,822]],"type":"Polygon","properties":{"id":56367,"statcode":"WK010913","statnaam":"Wijk 13 Weijerswold","jrstatcode":"2006WK010913","rubriek":"wijk","FID":"wijk_gegeneraliseerd_2006.258e42e2-9e89-4eaa-beb9-912b428dcd43"},"id":"WK010913"},{"arcs":[[823,-821,824,825]],"type":"Polygon","properties":{"id":56368,"statcode":"WK010914","statnaam":"Wijk 14 Vlieghuis en Padhuis","jrstatcode":"2006WK010914","rubriek":"wijk","FID":"wijk_gegeneraliseerd_2006.1b60c745-ff28-4293-a5e6-3d9e24c9ae57"},"id":"WK010914"},{"arcs":[[826,827,-825,-823,-811,-817,-820,828,829,830]],"type":"Polygon","properties":{"id":56369,"statcode":"WK010920","statnaam":"Wijk 20 Dalen","jrstatcode":"2006WK010920","rubriek":"wijk","FID":"wijk_gegeneraliseerd_2006.5a5121ec-f24c-4fb5-9140-48dcbe4884f8"},"id":"WK010920"},{"arcs":[[831,-830,832,833,834,835]],"type":"Polygon","properties":{"id":56370,"statcode":"WK010930","statnaam":"Wijk 30 Oosterhesselen","jrstatcode":"2006WK010930","rubriek":"wijk","FID":"wijk_gegeneraliseerd_2006.761fb3a8-5634-4c6b-8fc4-a2d16dfd8bdc"},"id":"WK010930"},{"arcs":[[-832,836,837,838,839,840,841,842,843,-831]],"type":"Polygon","properties":{"id":56371,"statcode":"WK010940","statnaam":"Wijk 40 Sleen","jrstatcode":"2006WK010940","rubriek":"wijk","FID":"wijk_gegeneraliseerd_2006.649b6dde-78d3-4fbd-8d64-7b36b460f3d7"},"id":"WK010940"},{"arcs":[[-837,-836,844,845,846,847]],"type":"Polygon","properties":{"id":56372,"statcode":"WK010950","statnaam":"Wijk 50 Zweeloo","jrstatcode":"2006WK010950","rubriek":"wijk","FID":"wijk_gegeneraliseerd_2006.b0087c5f-1b89-4233-bd0d-ceedb5553d2d"},"id":"WK010950"},{"arcs":[[[848,849,-843,850,851,852,853,854,855,856]],[[857,858,859,860]]],"type":"MultiPolygon","properties":{"id":56373,"statcode":"WK011400","statnaam":"Wijk 00 Emmen","jrstatcode":"2006WK011400","rubriek":"wijk","FID":"wijk_gegeneraliseerd_2006.146bc516-905f-4b25-ad9a-90c5af2944ed"},"id":"WK011400"},{"arcs":[[861,-853,862,863,-294,-299,864]],"type":"Polygon","properties":{"id":56374,"statcode":"WK011401","statnaam":"Wijk 01 Nieuw-Weerdinge","jrstatcode":"2006WK011401","rubriek":"wijk","FID":"wijk_gegeneraliseerd_2006.3f439b2b-d7a6-4ff8-89fe-dc58dcc7cff5"},"id":"WK011401"},{"arcs":[[-865,-298,-292,865]],"type":"Polygon","properties":{"id":56375,"statcode":"WK011402","statnaam":"Wijk 02 Roswinkel","jrstatcode":"2006WK011402","rubriek":"wijk","FID":"wijk_gegeneraliseerd_2006.5d816dc6-0cef-48e2-b1cd-7ce4ac9bf34f"},"id":"WK011402"},{"arcs":[[-854,-862,-866,-291,866,867]],"type":"Polygon","properties":{"id":56376,"statcode":"WK011403","statnaam":"Wijk 03 Emmer-Compascuum","jrstatcode":"2006WK011403","rubriek":"wijk","FID":"wijk_gegeneraliseerd_2006.be843115-9847-45b4-a222-c44d81877b65"},"id":"WK011403"},{"arcs":[[868,869,870,871,-855,-868]],"type":"Polygon","properties":{"id":56377,"statcode":"WK011404","statnaam":"Wijk 04 Barger-Compascuum","jrstatcode":"2006WK011404","rubriek":"wijk","FID":"wijk_gegeneraliseerd_2006.7ddd7cda-3ea4-4785-b822-78010a01d98e"},"id":"WK011404"},{"arcs":[[872,-856,-872,873,874,-860]],"type":"Polygon","properties":{"id":56378,"statcode":"WK011405","statnaam":"Wijk 05 Nieuw-Dordrecht","jrstatcode":"2006WK011405","rubriek":"wijk","FID":"wijk_gegeneraliseerd_2006.23ef74a2-cd8a-478e-8ee8-2e896a105a96"},"id":"WK011405"},{"arcs":[[875,876,-849,877,878,879]],"type":"Polygon","properties":{"id":56379,"statcode":"WK011406","statnaam":"Wijk 06 Nieuw-Amsterdam","jrstatcode":"2006WK011406","rubriek":"wijk","FID":"wijk_gegeneraliseerd_2006.96b906cd-8ee0-414e-afb9-692c19cc6597"},"id":"WK011406"},{"arcs":[[-880,880,-861,-875,881,882,883]],"type":"Polygon","properties":{"id":56380,"statcode":"WK011407","statnaam":"Wijk 07 Erica","jrstatcode":"2006WK011407","rubriek":"wijk","FID":"wijk_gegeneraliseerd_2006.c89b0e49-bd17-4b26-964e-23e528122007"},"id":"WK011407"},{"arcs":[[884,-882,-874,-871,885]],"type":"Polygon","properties":{"id":56381,"statcode":"WK011408","statnaam":"Wijk 08 Klazienaveen","jrstatcode":"2006WK011408","rubriek":"wijk","FID":"wijk_gegeneraliseerd_2006.42d9bc95-5c2c-4c73-bfcf-d2cde948f61c"},"id":"WK011408"},{"arcs":[[886,887,-886,-870]],"type":"Polygon","properties":{"id":56382,"statcode":"WK011409","statnaam":"Wijk 09 Zwartemeer","jrstatcode":"2006WK011409","rubriek":"wijk","FID":"wijk_gegeneraliseerd_2006.c6f6dbd9-a3ea-4ccd-a779-1f3e0980e104"},"id":"WK011409"},{"arcs":[[888,-826,-828,889,-876,-884,890,891]],"type":"Polygon","properties":{"id":56383,"statcode":"WK011410","statnaam":"Wijk 10 Schoonebeek","jrstatcode":"2006WK011410","rubriek":"wijk","FID":"wijk_gegeneraliseerd_2006.4bf34869-5236-4748-96d0-7c351d88f917"},"id":"WK011410"},{"arcs":[[-873,-859,892,-878,-857]],"type":"Polygon","properties":{"id":56384,"statcode":"WK011411","statnaam":"Wijk 11 Emmen","jrstatcode":"2006WK011411","rubriek":"wijk","FID":"wijk_gegeneraliseerd_2006.fdfd324f-ad15-43ad-83b2-5e4cc7745551"},"id":"WK011411"},{"arcs":[[-881,-879,-893,-858]],"type":"Polygon","properties":{"id":56385,"statcode":"WK011412","statnaam":"Wijk 12 Emmen","jrstatcode":"2006WK011412","rubriek":"wijk","FID":"wijk_gegeneraliseerd_2006.236492ed-eae6-429e-b813-19329d80a52e"},"id":"WK011412"},{"arcs":[[-850,-877,-890,-827,-844]],"type":"Polygon","properties":{"id":56386,"statcode":"WK011413","statnaam":"Wijk 13 Veenoord","jrstatcode":"2006WK011413","rubriek":"wijk","FID":"wijk_gegeneraliseerd_2006.e8999c48-953c-42e2-bc76-c1536f01c600"},"id":"WK011413"},{"arcs":[[-892,893,894]],"type":"Polygon","properties":{"id":56387,"statcode":"WK011421","statnaam":"Wijk 21 Nieuw-Schoonebeek","jrstatcode":"2006WK011421","rubriek":"wijk","FID":"wijk_gegeneraliseerd_2006.baf9e126-f822-4514-b407-673c6e5a10c5"},"id":"WK011421"},{"arcs":[[-883,-885,-888,895,-894,-891]],"type":"Polygon","properties":{"id":56388,"statcode":"WK011432","statnaam":"Wijk 32 Weiteveen","jrstatcode":"2006WK011432","rubriek":"wijk","FID":"wijk_gegeneraliseerd_2006.752753e1-a5a4-4026-b65c-ea86ad57f5ac"},"id":"WK011432"},{"arcs":[[-833,-829,-819,896,897,898,899,900,901,902,903,904,905,906,907,908,909,910]],"type":"Polygon","properties":{"id":56389,"statcode":"WK011805","statnaam":"Wijk 05 Hoogeveen","jrstatcode":"2006WK011805","rubriek":"wijk","FID":"wijk_gegeneraliseerd_2006.3b6ebc77-bcf3-4358-b1cf-58db2cd7108a"},"id":"WK011805"},{"arcs":[[[911,912,913,-907,914,915]],[[916,917,-902]],[[918,919,-904]],[[920,921,-899]]],"type":"MultiPolygon","properties":{"id":56390,"statcode":"WK011806","statnaam":"Wijk 06 Pesse","jrstatcode":"2006WK011806","rubriek":"wijk","FID":"wijk_gegeneraliseerd_2006.c34be5f2-1275-454a-821f-b7a15ee1beff"},"id":"WK011806"},{"arcs":[[922,923,924,925,926,927,928]],"type":"Polygon","properties":{"id":56391,"statcode":"WK011900","statnaam":"Wijk 00 Meppel","jrstatcode":"2006WK011900","rubriek":"wijk","FID":"wijk_gegeneraliseerd_2006.8a62c54b-ae71-44f7-aea0-41586feea7b5"},"id":"WK011900"},{"arcs":[[-926,929,930,931]],"type":"Polygon","properties":{"id":56392,"statcode":"WK011901","statnaam":"Wijk 01 Nijeveen","jrstatcode":"2006WK011901","rubriek":"wijk","FID":"wijk_gegeneraliseerd_2006.188c83f5-62b1-46e7-b661-b40d2dca5f2f"},"id":"WK011901"},{"arcs":[[932,933,934,-929,935]],"type":"Polygon","properties":{"id":56393,"statcode":"WK011902","statnaam":"Wijk 02 Rogat","jrstatcode":"2006WK011902","rubriek":"wijk","FID":"wijk_gegeneraliseerd_2006.636e1a0a-f167-4316-85f2-467e97988173"},"id":"WK011902"},{"arcs":[[936,937,938,939,940]],"type":"Polygon","properties":{"id":56394,"statcode":"WK014000","statnaam":"Wijk 00 Zuid","jrstatcode":"2006WK014000","rubriek":"wijk","FID":"wijk_gegeneraliseerd_2006.4af65c5c-357d-4b42-875c-4dbe9f55c7b0"},"id":"WK014000"},{"arcs":[[941,-480,-464,-478,-661,942,-941]],"type":"Polygon","properties":{"id":56395,"statcode":"WK014001","statnaam":"Wijk 01 Noord","jrstatcode":"2006WK014001","rubriek":"wijk","FID":"wijk_gegeneraliseerd_2006.87929e87-4079-465b-aa8c-6d947ed51626"},"id":"WK014001"},{"arcs":[[-624,-351,943,944]],"type":"Polygon","properties":{"id":56396,"statcode":"WK014002","statnaam":"Wijk 02 Mantgum","jrstatcode":"2006WK014002","rubriek":"wijk","FID":"wijk_gegeneraliseerd_2006.51a3100d-8e93-47a5-a5e4-509cf7f5e963"},"id":"WK014002"},{"arcs":[[-944,-350,-363,945,-937,-943,-660,946]],"type":"Polygon","properties":{"id":56397,"statcode":"WK014003","statnaam":"Wijk 03","jrstatcode":"2006WK014003","rubriek":"wijk","FID":"wijk_gegeneraliseerd_2006.79106e79-4a95-4496-8a49-c1ad6181a2f8"},"id":"WK014003"},{"arcs":[[-627,-621,-625,-945,-947,-659,-663]],"type":"Polygon","properties":{"id":56398,"statcode":"WK014004","statnaam":"Wijk 04","jrstatcode":"2006WK014004","rubriek":"wijk","FID":"wijk_gegeneraliseerd_2006.717b06a8-3069-474d-9133-542e61e5a295"},"id":"WK014004"},{"arcs":[[947,948,949,950,951]],"type":"Polygon","properties":{"id":56399,"statcode":"WK014110","statnaam":"Wijk 10 Binnenstad","jrstatcode":"2006WK014110","rubriek":"wijk","FID":"wijk_gegeneraliseerd_2006.42efa6bd-ce74-40a1-bf6c-107f33c526c8"},"id":"WK014110"},{"arcs":[[952,953,-948,954,955,956,957]],"type":"Polygon","properties":{"id":56400,"statcode":"WK014111","statnaam":"Wijk 11 De Riet","jrstatcode":"2006WK014111","rubriek":"wijk","FID":"wijk_gegeneraliseerd_2006.af7fb141-9be6-4c11-9cd9-a008e4744e4c"},"id":"WK014111"},{"arcs":[[958,-951,959,960,961]],"type":"Polygon","properties":{"id":56401,"statcode":"WK014112","statnaam":"Wijk 12 Noorderkwartier","jrstatcode":"2006WK014112","rubriek":"wijk","FID":"wijk_gegeneraliseerd_2006.f507097c-aed2-42e0-857b-ba9c2ca377bc"},"id":"WK014112"},{"arcs":[[962,963,964,-959,965]],"type":"Polygon","properties":{"id":56402,"statcode":"WK014113","statnaam":"Wijk 13 Sluitersveld","jrstatcode":"2006WK014113","rubriek":"wijk","FID":"wijk_gegeneraliseerd_2006.fce9aa30-5914-47fa-bfd1-f241afe53b6f"},"id":"WK014113"},{"arcs":[[-950,966,967,968,969,970,971,-960]],"type":"Polygon","properties":{"id":56403,"statcode":"WK014114","statnaam":"Wijk 14 Wierdense Hoek","jrstatcode":"2006WK014114","rubriek":"wijk","FID":"wijk_gegeneraliseerd_2006.6b99ebb3-9fa1-461f-be1a-c26ad6b2a233"},"id":"WK014114"},{"arcs":[[972,-967,-949,-954]],"type":"Polygon","properties":{"id":56404,"statcode":"WK014115","statnaam":"Wijk 15 Nieuwstraat-Kwartier","jrstatcode":"2006WK014115","rubriek":"wijk","FID":"wijk_gegeneraliseerd_2006.c340d16c-ab96-4353-a168-0d46d763e290"},"id":"WK014115"},{"arcs":[[-973,-953,973,-968]],"type":"Polygon","properties":{"id":56405,"statcode":"WK014116","statnaam":"Wijk 16 Ossenkoppelerhoek","jrstatcode":"2006WK014116","rubriek":"wijk","FID":"wijk_gegeneraliseerd_2006.b3e7ade0-3c57-411e-a5b0-0e88a0180a25"},"id":"WK014116"},{"arcs":[[974,-955,-952,-965,975,976]],"type":"Polygon","properties":{"id":56406,"statcode":"WK014117","statnaam":"Wijk 17 Hofkamp","jrstatcode":"2006WK014117","rubriek":"wijk","FID":"wijk_gegeneraliseerd_2006.ad5b33fa-53f2-4d65-8cad-0487a129ac69"},"id":"WK014117"},{"arcs":[[-962,977,978,-966]],"type":"Polygon","properties":{"id":56407,"statcode":"WK014118","statnaam":"Wijk 18 Schelfhorst","jrstatcode":"2006WK014118","rubriek":"wijk","FID":"wijk_gegeneraliseerd_2006.e2eb6e37-6db6-4731-ba50-f5a314529777"},"id":"WK014118"},{"arcs":[[-974,-958,979,980,981,-969]],"type":"Polygon","properties":{"id":56408,"statcode":"WK014119","statnaam":"Wijk 19 Windmolenbroek","jrstatcode":"2006WK014119","rubriek":"wijk","FID":"wijk_gegeneraliseerd_2006.63e683c1-5b21-4546-ac21-7b68e6cb4134"},"id":"WK014119"},{"arcs":[[-972,982,983,984,985,-978,-961]],"type":"Polygon","properties":{"id":56409,"statcode":"WK014120","statnaam":"Wijk 20 Aadorp","jrstatcode":"2006WK014120","rubriek":"wijk","FID":"wijk_gegeneraliseerd_2006.66986797-8186-44ec-b4e1-25c2524a3914"},"id":"WK014120"},{"arcs":[[-957,986,987,988,989,-980]],"type":"Polygon","properties":{"id":56410,"statcode":"WK014121","statnaam":"Wijk 21 Bornerbroek","jrstatcode":"2006WK014121","rubriek":"wijk","FID":"wijk_gegeneraliseerd_2006.34c9edbf-9558-431d-a469-eedb5c430abd"},"id":"WK014121"},{"arcs":[[990,991,992,-988,993]],"type":"Polygon","properties":{"id":56411,"statcode":"WK014700","statnaam":"Wijk 00 Borne","jrstatcode":"2006WK014700","rubriek":"wijk","FID":"wijk_gegeneraliseerd_2006.beda2afe-3e90-4aea-85a7-5ebad9379ca9"},"id":"WK014700"},{"arcs":[[-987,-956,-975,994,995,996,997,998,999,1000,1001,-994]],"type":"Polygon","properties":{"id":56412,"statcode":"WK014701","statnaam":"Wijk 01 Buitengebied Borne","jrstatcode":"2006WK014701","rubriek":"wijk","FID":"wijk_gegeneraliseerd_2006.1e8a58a4-9124-4ba3-8fc1-32a0fb0c6658"},"id":"WK014701"},{"arcs":[[1002]],"type":"Polygon","properties":{"id":56413,"statcode":"WK014800","statnaam":"Wijk 00 Dalfsen (kern)","jrstatcode":"2006WK014800","rubriek":"wijk","FID":"wijk_gegeneraliseerd_2006.782057b5-9b47-4336-8c19-419636e27587"},"id":"WK014800"},{"arcs":[[1003,1004,1005,1006,1007,1008,1009,1010,1011],[-1003]],"type":"Polygon","properties":{"id":56414,"statcode":"WK014801","statnaam":"Wijk 01 Dalfsen - buitengebied","jrstatcode":"2006WK014801","rubriek":"wijk","FID":"wijk_gegeneraliseerd_2006.8efb2da9-3c7a-4e35-997a-4bb1b1c52bec"},"id":"WK014801"},{"arcs":[[1012,1013,1014,-1006,1015]],"type":"Polygon","properties":{"id":56415,"statcode":"WK014802","statnaam":"Wijk 02 Oudleusen","jrstatcode":"2006WK014802","rubriek":"wijk","FID":"wijk_gegeneraliseerd_2006.12d15ba2-548e-401e-ab97-9c9dc81b7b7a"},"id":"WK014802"},{"arcs":[[1016,1017,1018,1019,-1011]],"type":"Polygon","properties":{"id":56416,"statcode":"WK014803","statnaam":"Wijk 03 Hoonhorst","jrstatcode":"2006WK014803","rubriek":"wijk","FID":"wijk_gegeneraliseerd_2006.6ec9631f-1e56-4093-af28-926ddc981d82"},"id":"WK014803"},{"arcs":[[-1019,1020,1021]],"type":"Polygon","properties":{"id":56417,"statcode":"WK014804","statnaam":"Wijk 04 Lenthe-2","jrstatcode":"2006WK014804","rubriek":"wijk","FID":"wijk_gegeneraliseerd_2006.2a13b121-d136-43c9-9c0a-d43222a7741e"},"id":"WK014804"},{"arcs":[[1022,1023,-1017,-1010]],"type":"Polygon","properties":{"id":56418,"statcode":"WK014805","statnaam":"Wijk 05 Kluinhaar","jrstatcode":"2006WK014805","rubriek":"wijk","FID":"wijk_gegeneraliseerd_2006.b47f1dbc-f2d6-4e47-a277-187dccc35e0b"},"id":"WK014805"},{"arcs":[[1024,1025,1026,-1023,-1009,1027]],"type":"Polygon","properties":{"id":56419,"statcode":"WK014806","statnaam":"Wijk 06 Lemelerveld","jrstatcode":"2006WK014806","rubriek":"wijk","FID":"wijk_gegeneraliseerd_2006.99631422-623b-4afb-8f87-9f2d834c6484"},"id":"WK014806"},{"arcs":[[1028,1029,-1016,-1005,1030,1031,1032]],"type":"Polygon","properties":{"id":56420,"statcode":"WK014807","statnaam":"Wijk 07 Leusenerveld","jrstatcode":"2006WK014807","rubriek":"wijk","FID":"wijk_gegeneraliseerd_2006.e750ed29-1094-43dd-8b28-dc67a2333cee"},"id":"WK014807"},{"arcs":[[1033,1034,1035,1036,1037]],"type":"Polygon","properties":{"id":56421,"statcode":"WK015000","statnaam":"Wijk 00 Binnenstad","jrstatcode":"2006WK015000","rubriek":"wijk","FID":"wijk_gegeneraliseerd_2006.7ada669d-02d5-4ced-b8e8-ddcd0e48a0c0"},"id":"WK015000"},{"arcs":[[1038,-1038,1039,1040]],"type":"Polygon","properties":{"id":56422,"statcode":"WK015001","statnaam":"Wijk 01 Zwolsewijk","jrstatcode":"2006WK015001","rubriek":"wijk","FID":"wijk_gegeneraliseerd_2006.87ba23c8-1629-4ac7-86d8-c7949bd729c3"},"id":"WK015001"},{"arcs":[[1041,1042,1043,1044,1045,-1034,-1039,1046]],"type":"Polygon","properties":{"id":56423,"statcode":"WK015002","statnaam":"Wijk 02 Voorstad","jrstatcode":"2006WK015002","rubriek":"wijk","FID":"wijk_gegeneraliseerd_2006.c56835e3-f247-485f-9477-20bb6d385bda"},"id":"WK015002"},{"arcs":[[1047,1048,1049,-1047,-1041]],"type":"Polygon","properties":{"id":56424,"statcode":"WK015003","statnaam":"Wijk 03 Borgele en Platvoet","jrstatcode":"2006WK015003","rubriek":"wijk","FID":"wijk_gegeneraliseerd_2006.efacf8d8-f7f6-4cdc-8238-1af1d7a7b421"},"id":"WK015003"},{"arcs":[[-1050,1050,-1042]],"type":"Polygon","properties":{"id":56425,"statcode":"WK015004","statnaam":"Wijk 04 Keizerslanden","jrstatcode":"2006WK015004","rubriek":"wijk","FID":"wijk_gegeneraliseerd_2006.32ee6d61-d92e-4189-8093-e5ea466c238a"},"id":"WK015004"},{"arcs":[[-1045,1051]],"type":"Polygon","properties":{"id":56426,"statcode":"WK015005","statnaam":"Wijk 05 Rivierenwijk","jrstatcode":"2006WK015005","rubriek":"wijk","FID":"wijk_gegeneraliseerd_2006.503e6c0b-7585-4c2a-a1b1-81bceae73a12"},"id":"WK015005"},{"arcs":[[-1046,-1052,1052,1053,1054,-1035]],"type":"Polygon","properties":{"id":56427,"statcode":"WK015006","statnaam":"Wijk 06 Bergweide","jrstatcode":"2006WK015006","rubriek":"wijk","FID":"wijk_gegeneraliseerd_2006.72786801-7a0a-4de0-8343-468f28f774f7"},"id":"WK015006"},{"arcs":[[-1053,-1044,1055,1056]],"type":"Polygon","properties":{"id":56428,"statcode":"WK015007","statnaam":"Wijk 07 Colmschate-Noord","jrstatcode":"2006WK015007","rubriek":"wijk","FID":"wijk_gegeneraliseerd_2006.65087b8c-8033-40a5-bd52-dd9035f1f9d6"},"id":"WK015007"},{"arcs":[[1057,1058,1059,1060,-1054,-1057]],"type":"Polygon","properties":{"id":56429,"statcode":"WK015008","statnaam":"Wijk 08 Colmschate-Zuid","jrstatcode":"2006WK015008","rubriek":"wijk","FID":"wijk_gegeneraliseerd_2006.8fccd0e2-1fac-4fe6-8eea-0a68135a45fd"},"id":"WK015008"},{"arcs":[[-1049,1061,1062,1063,1064,1065,1066,1067,1068,-1058,-1056,-1043,-1051]],"type":"Polygon","properties":{"id":56430,"statcode":"WK015009","statnaam":"Wijk 09 Diepenveen","jrstatcode":"2006WK015009","rubriek":"wijk","FID":"wijk_gegeneraliseerd_2006.b0090449-3b50-4ce7-b165-7e50f439fc3c"},"id":"WK015009"},{"arcs":[[-1069,1069,1070,-1059]],"type":"Polygon","properties":{"id":56431,"statcode":"WK015010","statnaam":"Wijk 10 Bathmen","jrstatcode":"2006WK015010","rubriek":"wijk","FID":"wijk_gegeneraliseerd_2006.828101ba-d69f-4e43-bc67-490c7a7bcb51"},"id":"WK015010"},{"arcs":[[1071,1072,1073,1074,1075]],"type":"Polygon","properties":{"id":56432,"statcode":"WK015300","statnaam":"Wijk 00 Binnensingelgebied","jrstatcode":"2006WK015300","rubriek":"wijk","FID":"wijk_gegeneraliseerd_2006.15a1298d-079b-4f61-9447-31276662efc9"},"id":"WK015300"},{"arcs":[[1076,1077,-1073,1078,1079,1080,1081]],"type":"Polygon","properties":{"id":56433,"statcode":"WK015301","statnaam":"Wijk 01 Hogeland - Velve","jrstatcode":"2006WK015301","rubriek":"wijk","FID":"wijk_gegeneraliseerd_2006.81ff8a51-fae6-4970-8e97-437de423a57d"},"id":"WK015301"},{"arcs":[[-1078,1082,1083,1084,1085,-1074]],"type":"Polygon","properties":{"id":56434,"statcode":"WK015302","statnaam":"Wijk 02 Boswinkel - Stadsveld","jrstatcode":"2006WK015302","rubriek":"wijk","FID":"wijk_gegeneraliseerd_2006.6147ce89-6786-4cb0-b3b3-d7fe94373e5f"},"id":"WK015302"},{"arcs":[[-1075,-1086,1086,1087]],"type":"Polygon","properties":{"id":56435,"statcode":"WK015303","statnaam":"Wijk 03 Twekkelerveld - T.H.T.","jrstatcode":"2006WK015303","rubriek":"wijk","FID":"wijk_gegeneraliseerd_2006.2e18a381-4e16-46c2-8b22-20c87074529d"},"id":"WK015303"},{"arcs":[[-1088,1088,1089,1090,1091,-1076]],"type":"Polygon","properties":{"id":56436,"statcode":"WK015304","statnaam":"Wijk 04 Enschede-Noord","jrstatcode":"2006WK015304","rubriek":"wijk","FID":"wijk_gegeneraliseerd_2006.c16c655a-bee3-430e-b975-0eaeda488d5e"},"id":"WK015304"},{"arcs":[[-1072,-1092,1092,-1079]],"type":"Polygon","properties":{"id":56437,"statcode":"WK015305","statnaam":"Wijk 05 Ribbelt - Stokhorst","jrstatcode":"2006WK015305","rubriek":"wijk","FID":"wijk_gegeneraliseerd_2006.129265d1-5545-4e0b-8e67-189a05c7780d"},"id":"WK015305"},{"arcs":[[1093,-1083,-1077]],"type":"Polygon","properties":{"id":56438,"statcode":"WK015306","statnaam":"Wijk 06 Enschede-Zuid","jrstatcode":"2006WK015306","rubriek":"wijk","FID":"wijk_gegeneraliseerd_2006.8bbaba93-05c6-415c-8480-70c84f2396af"},"id":"WK015306"},{"arcs":[[1094,-1089,-1087,-1085,1095]],"type":"Polygon","properties":{"id":56439,"statcode":"WK015307","statnaam":"Wijk 07 Bedrijfsterreinen Enschede-West","jrstatcode":"2006WK015307","rubriek":"wijk","FID":"wijk_gegeneraliseerd_2006.29929891-3463-4fa8-bbba-fbbe0afcf254"},"id":"WK015307"},{"arcs":[[1096,1097,1098,-1081,1099]],"type":"Polygon","properties":{"id":56440,"statcode":"WK015308","statnaam":"Wijk 08 Glanerbrug en omgeving","jrstatcode":"2006WK015308","rubriek":"wijk","FID":"wijk_gegeneraliseerd_2006.e657e582-4c6c-4056-8270-39242cbe3563"},"id":"WK015308"},{"arcs":[[[-1084,-1094,-1082,-1099,1100,1101,1102,1103,1104,1105,1106,-1096]],[[1107,1108,1109,1110,1111,1112,1113,1114,-1100,-1080,-1093,-1091]]],"type":"MultiPolygon","properties":{"id":56441,"statcode":"WK015309","statnaam":"Wijk 09 Landelijk gebied en kernen","jrstatcode":"2006WK015309","rubriek":"wijk","FID":"wijk_gegeneraliseerd_2006.b59136d2-fb0b-4888-9602-07334907feb3"},"id":"WK015309"},{"arcs":[[1115,1116],[1117]],"type":"Polygon","properties":{"id":56442,"statcode":"WK015800","statnaam":"Wijk 00 Haaksbergen (dorp)","jrstatcode":"2006WK015800","rubriek":"wijk","FID":"wijk_gegeneraliseerd_2006.325ef3a2-b891-4f6e-b937-c89f0fa44a75"},"id":"WK015800"},{"arcs":[[1118,1119,1120,-1103,1121,1122,1123,1124,1125,-1117]],"type":"Polygon","properties":{"id":56443,"statcode":"WK015801","statnaam":"Wijk 01 Haaksbergen (buitengebied)","jrstatcode":"2006WK015801","rubriek":"wijk","FID":"wijk_gegeneraliseerd_2006.7d1cf879-a60e-4ef5-a55d-ed221500b7f4"},"id":"WK015801"},{"arcs":[[1126,-1119,-1116,-1126,1127,1128,1129,1130]],"type":"Polygon","properties":{"id":56444,"statcode":"WK015802","statnaam":"Wijk 02 Sint Isidorushoeve","jrstatcode":"2006WK015802","rubriek":"wijk","FID":"wijk_gegeneraliseerd_2006.6a839f39-e468-435d-93d8-641000f7abdd"},"id":"WK015802"},{"arcs":[[1131,-1122,-1102]],"type":"Polygon","properties":{"id":56445,"statcode":"WK015803","statnaam":"Wijk 03 Buurse","jrstatcode":"2006WK015803","rubriek":"wijk","FID":"wijk_gegeneraliseerd_2006.2542ab54-3009-403d-9c6f-6ffb8e4bdbf3"},"id":"WK015803"},{"arcs":[[-1125,1132,1133,-1128]],"type":"Polygon","properties":{"id":56446,"statcode":"WK015804","statnaam":"Wijk 04 Rietmolen","jrstatcode":"2006WK015804","rubriek":"wijk","FID":"wijk_gegeneraliseerd_2006.5c7ae8f1-642a-48d4-9844-da7d3df91609"},"id":"WK015804"},{"arcs":[[-1130,1134,1135,1136,1137]],"type":"Polygon","properties":{"id":56447,"statcode":"WK015805","statnaam":"Wijk 05 Hengevelde","jrstatcode":"2006WK015805","rubriek":"wijk","FID":"wijk_gegeneraliseerd_2006.0e81210a-26f8-42e2-b78d-2d0bf60571a0"},"id":"WK015805"},{"arcs":[[1138,-1120,-1127,1139]],"type":"Polygon","properties":{"id":56448,"statcode":"WK015806","statnaam":"Wijk 06 Beckum","jrstatcode":"2006WK015806","rubriek":"wijk","FID":"wijk_gegeneraliseerd_2006.3b1fc70b-6c7b-4c2f-bfff-a4640f5f940d"},"id":"WK015806"},{"arcs":[[-1118]],"type":"Polygon","properties":{"id":56449,"statcode":"WK015809","statnaam":"Wijk 09 Haaksbergen-kern","jrstatcode":"2006WK015809","rubriek":"wijk","FID":"wijk_gegeneraliseerd_2006.589cf2f0-ec9b-4ab0-b7d7-8b6fc3fa9bbd"},"id":"WK015809"},{"arcs":[[1140,1141,1142,1143,1144]],"type":"Polygon","properties":{"id":56450,"statcode":"WK016000","statnaam":"Wijk 00 Hardenberg","jrstatcode":"2006WK016000","rubriek":"wijk","FID":"wijk_gegeneraliseerd_2006.8afa9082-3799-45e5-abd0-f77760b891dc"},"id":"WK016000"},{"arcs":[[1145,1146,1147,1148,1149,-1141]],"type":"Polygon","properties":{"id":56451,"statcode":"WK016001","statnaam":"Wijk 01 Buitengebied van Hardenberg West","jrstatcode":"2006WK016001","rubriek":"wijk","FID":"wijk_gegeneraliseerd_2006.4f8bc2bf-f729-48a4-b794-65ca8d7e82b3"},"id":"WK016001"},{"arcs":[[-1150,1150,1151,1152,1153,-1142]],"type":"Polygon","properties":{"id":56452,"statcode":"WK016002","statnaam":"Wijk 02 Buitengebied Hardenberg Noord","jrstatcode":"2006WK016002","rubriek":"wijk","FID":"wijk_gegeneraliseerd_2006.a7ab6492-5c8e-4fd4-817b-e5f31f43b94d"},"id":"WK016002"},{"arcs":[[1154,-1145,1155,1156]],"type":"Polygon","properties":{"id":56453,"statcode":"WK016003","statnaam":"Wijk 03 Buitengebied van Hardenberg Oost","jrstatcode":"2006WK016003","rubriek":"wijk","FID":"wijk_gegeneraliseerd_2006.7c032883-2b14-465b-bb66-0a2056840680"},"id":"WK016003"},{"arcs":[[-1147,1157,1158,1159,1160,1161]],"type":"Polygon","properties":{"id":56454,"statcode":"WK016004","statnaam":"Wijk 04 Zuidrand","jrstatcode":"2006WK016004","rubriek":"wijk","FID":"wijk_gegeneraliseerd_2006.41bbc117-76b9-4b88-a9dd-68f5f286dc83"},"id":"WK016004"},{"arcs":[[-1155,1162,-1158,-1146]],"type":"Polygon","properties":{"id":56455,"statcode":"WK016005","statnaam":"Wijk 05 Bergentheim","jrstatcode":"2006WK016005","rubriek":"wijk","FID":"wijk_gegeneraliseerd_2006.ee189c68-efe6-44f8-956c-faa6c7596d31"},"id":"WK016005"},{"arcs":[[-1153,1163,1164,1165,1166]],"type":"Polygon","properties":{"id":56456,"statcode":"WK016006","statnaam":"Wijk 06 Lutten","jrstatcode":"2006WK016006","rubriek":"wijk","FID":"wijk_gegeneraliseerd_2006.9fbf209a-d70f-49b7-a4b4-90bb4f5df9e9"},"id":"WK016006"},{"arcs":[[-921,-898,1167,-1165,1168,1169,1170]],"type":"Polygon","properties":{"id":56457,"statcode":"WK016007","statnaam":"Wijk 07 Slagharen","jrstatcode":"2006WK016007","rubriek":"wijk","FID":"wijk_gegeneraliseerd_2006.4ea85a8e-550c-4259-a565-0c47d0ecfea2"},"id":"WK016007"},{"arcs":[[-808,1171,-1156,-1144,1172]],"type":"Polygon","properties":{"id":56458,"statcode":"WK016008","statnaam":"Wijk 08 Gramsbergen","jrstatcode":"2006WK016008","rubriek":"wijk","FID":"wijk_gegeneraliseerd_2006.729463f4-13e6-4be4-a429-23ecb9aa89c7"},"id":"WK016008"},{"arcs":[[-897,-818,-815,1173,-1166,-1168]],"type":"Polygon","properties":{"id":56459,"statcode":"WK016009","statnaam":"Wijk 09 De Krim","jrstatcode":"2006WK016009","rubriek":"wijk","FID":"wijk_gegeneraliseerd_2006.5b2ea674-9983-4c1d-8ef1-14ee37555f2a"},"id":"WK016009"},{"arcs":[[-1143,-1154,-1167,-1174,-814,-809,-1173]],"type":"Polygon","properties":{"id":56460,"statcode":"WK016010","statnaam":"Wijk 10 Ane","jrstatcode":"2006WK016010","rubriek":"wijk","FID":"wijk_gegeneraliseerd_2006.e5a73f18-f1d3-44f4-a7a1-c776a1a15a6b"},"id":"WK016010"},{"arcs":[[-1169,-1164,-1152,1174,1175,1176,1177,1178]],"type":"Polygon","properties":{"id":56461,"statcode":"WK016011","statnaam":"Wijk 11 Dedemsvaart","jrstatcode":"2006WK016011","rubriek":"wijk","FID":"wijk_gegeneraliseerd_2006.e7039980-02fa-45bc-aca8-d813f8327904"},"id":"WK016011"},{"arcs":[[-1029,1179,1180,1181,1182,1183,-1177,1184]],"type":"Polygon","properties":{"id":56462,"statcode":"WK016012","statnaam":"Wijk 12 Balkbrug","jrstatcode":"2006WK016012","rubriek":"wijk","FID":"wijk_gegeneraliseerd_2006.be652025-5c79-42da-86df-e8a5cd1ab7b7"},"id":"WK016012"},{"arcs":[[1185,1186,1187,1188,1189,1190,1191,1192,1193]],"type":"Polygon","properties":{"id":56463,"statcode":"WK016300","statnaam":"Wijk 00 Hellendoorn","jrstatcode":"2006WK016300","rubriek":"wijk","FID":"wijk_gegeneraliseerd_2006.1191f1ea-22fc-4bc1-bcf8-e0d167b36353"},"id":"WK016300"},{"arcs":[[1194,1195,1196,1197,1198,1199,-1189]],"type":"Polygon","properties":{"id":56464,"statcode":"WK016301","statnaam":"Wijk 01 Nijverdal","jrstatcode":"2006WK016301","rubriek":"wijk","FID":"wijk_gegeneraliseerd_2006.1780e205-06df-409b-a23b-9a6d83cfadbe"},"id":"WK016301"},{"arcs":[[-1195,-1188,1200,1201]],"type":"Polygon","properties":{"id":56465,"statcode":"WK016302","statnaam":"Wijk 02 Hulsen","jrstatcode":"2006WK016302","rubriek":"wijk","FID":"wijk_gegeneraliseerd_2006.bd6119ac-b1f4-4723-97a2-3b645f55c598"},"id":"WK016302"},{"arcs":[[1202,1203,1204,-1190,-1200,1205,1206,1207]],"type":"Polygon","properties":{"id":56466,"statcode":"WK016303","statnaam":"Wijk 03 Haarle","jrstatcode":"2006WK016303","rubriek":"wijk","FID":"wijk_gegeneraliseerd_2006.8485ca76-a4a6-4074-b274-b568b330d7cb"},"id":"WK016303"},{"arcs":[[1208,-1193,1209]],"type":"Polygon","properties":{"id":56467,"statcode":"WK016304","statnaam":"Wijk 04 Den Ham","jrstatcode":"2006WK016304","rubriek":"wijk","FID":"wijk_gegeneraliseerd_2006.9983d906-99f7-463a-9629-00eb9e79a961"},"id":"WK016304"},{"arcs":[[1210,1211,1212,1213]],"type":"Polygon","properties":{"id":56468,"statcode":"WK016305","statnaam":"Wijk 05 Daarlerveen","jrstatcode":"2006WK016305","rubriek":"wijk","FID":"wijk_gegeneraliseerd_2006.2189b0fd-3b86-412c-b796-3997e19ba2d5"},"id":"WK016305"},{"arcs":[[-1213,1214,1215,-1186,1216,1217]],"type":"Polygon","properties":{"id":56469,"statcode":"WK016306","statnaam":"Wijk 06 Daarle","jrstatcode":"2006WK016306","rubriek":"wijk","FID":"wijk_gegeneraliseerd_2006.36fff2b4-f89a-4916-a4b0-4fa20a0794b0"},"id":"WK016306"},{"arcs":[[1218,1219,1220,1221,1222,1223]],"type":"Polygon","properties":{"id":56470,"statcode":"WK016400","statnaam":"Wijk 00 Binnenstad","jrstatcode":"2006WK016400","rubriek":"wijk","FID":"wijk_gegeneraliseerd_2006.5306ad46-829e-4a1c-b358-b1834c0cf40f"},"id":"WK016400"},{"arcs":[[1224,1225,1226,-1221,1227]],"type":"Polygon","properties":{"id":56471,"statcode":"WK016401","statnaam":"Wijk 01 Hengelose Es","jrstatcode":"2006WK016401","rubriek":"wijk","FID":"wijk_gegeneraliseerd_2006.c0f1400d-aa30-4c62-82da-9f855d4335bc"},"id":"WK016401"},{"arcs":[[-1222,-1227,1228,-1109,1229,1230]],"type":"Polygon","properties":{"id":56472,"statcode":"WK016402","statnaam":"Wijk 02 Noord","jrstatcode":"2006WK016402","rubriek":"wijk","FID":"wijk_gegeneraliseerd_2006.22432dee-aefe-49b6-b4a4-da5b469ebf99"},"id":"WK016402"},{"arcs":[[-1110,-1229,1231,1232]],"type":"Polygon","properties":{"id":56473,"statcode":"WK016403","statnaam":"Wijk 03 Hasseler Es","jrstatcode":"2006WK016403","rubriek":"wijk","FID":"wijk_gegeneraliseerd_2006.535f3d70-1085-4f68-bdac-487195dd002e"},"id":"WK016403"},{"arcs":[[1233,-1223,-1231,1234]],"type":"Polygon","properties":{"id":56474,"statcode":"WK016404","statnaam":"Wijk 04 Groot Driene","jrstatcode":"2006WK016404","rubriek":"wijk","FID":"wijk_gegeneraliseerd_2006.4acb3d09-3246-479d-bbe7-22f75956b515"},"id":"WK016404"},{"arcs":[[-1106,1235,-1224,-1234,1236]],"type":"Polygon","properties":{"id":56475,"statcode":"WK016405","statnaam":"Wijk 05 Berflo Es","jrstatcode":"2006WK016405","rubriek":"wijk","FID":"wijk_gegeneraliseerd_2006.95f6195b-a7e4-45ec-89f4-35d03e9c2e5d"},"id":"WK016405"},{"arcs":[[-1236,-1105,1237,1238,1239,-1219]],"type":"Polygon","properties":{"id":56476,"statcode":"WK016406","statnaam":"Wijk 06 Wilderinkshoek","jrstatcode":"2006WK016406","rubriek":"wijk","FID":"wijk_gegeneraliseerd_2006.4f56dcc2-ab86-4dca-80d0-63f8a77df4b1"},"id":"WK016406"},{"arcs":[[-1220,-1240,1240,1241,-991,-1002,1242,1243,-1228]],"type":"Polygon","properties":{"id":56477,"statcode":"WK016407","statnaam":"Wijk 07 Woolde","jrstatcode":"2006WK016407","rubriek":"wijk","FID":"wijk_gegeneraliseerd_2006.bdec2a48-7397-4a34-90f2-993809f276b5"},"id":"WK016407"},{"arcs":[[-1226,1244,-1243,-1001,1245,-999,1246,1247,-1232]],"type":"Polygon","properties":{"id":56478,"statcode":"WK016408","statnaam":"Wijk 08 Slangenbeek","jrstatcode":"2006WK016408","rubriek":"wijk","FID":"wijk_gegeneraliseerd_2006.a6a589c6-ff5f-4086-af94-3d66259cf908"},"id":"WK016408"},{"arcs":[[[1248,-1238,-1104,-1121,-1139,1249,1250]],[[-1108,-1090,-1095,-1107,-1237,-1235,-1230]],[[1251,-992,-1242]],[[-1225,-1244,-1245]],[[-1247,-998,1252]]],"type":"MultiPolygon","properties":{"id":56479,"statcode":"WK016409","statnaam":"Wijk 09 Buitengebied","jrstatcode":"2006WK016409","rubriek":"wijk","FID":"wijk_gegeneraliseerd_2006.c1962d17-c8d0-49b7-8e53-7d2a4c5beb7f"},"id":"WK016409"},{"arcs":[[1253,1254,1255,1256,1257,1258,1259,1260,1261,1262,1263,1264]],"type":"Polygon","properties":{"id":56480,"statcode":"WK016600","statnaam":"Wijk 00 Kampen","jrstatcode":"2006WK016600","rubriek":"wijk","FID":"wijk_gegeneraliseerd_2006.07f0d0ad-a3fb-40e8-90df-fefa02315bd4"},"id":"WK016600"},{"arcs":[[-1254,1265,1266,1267,1268,1269]],"type":"Polygon","properties":{"id":56481,"statcode":"WK016603","statnaam":"Wijk 03 IJsselmuiden","jrstatcode":"2006WK016603","rubriek":"wijk","FID":"wijk_gegeneraliseerd_2006.c3d544f8-980f-491b-bc0e-cab3cd4d95cf"},"id":"WK016603"},{"arcs":[[1270,1271,1272,1273,1274,1275]],"type":"Polygon","properties":{"id":56482,"statcode":"WK016604","statnaam":"Wijk 04 Zalk","jrstatcode":"2006WK016604","rubriek":"wijk","FID":"wijk_gegeneraliseerd_2006.401e2e45-7243-4204-840d-4fc908d55de2"},"id":"WK016604"},{"arcs":[[1276,-1275,1277,-1255,-1270]],"type":"Polygon","properties":{"id":56483,"statcode":"WK016605","statnaam":"Wijk 05 Wilsum","jrstatcode":"2006WK016605","rubriek":"wijk","FID":"wijk_gegeneraliseerd_2006.8fa72f8f-c201-4f6b-9a24-b6724c181513"},"id":"WK016605"},{"arcs":[[-1266,-1265,1278]],"type":"Polygon","properties":{"id":56484,"statcode":"WK016606","statnaam":"Wijk 06 Grafhorst","jrstatcode":"2006WK016606","rubriek":"wijk","FID":"wijk_gegeneraliseerd_2006.1319b9a1-37e5-41ce-bdb0-d9c2a1a7e8ce"},"id":"WK016606"},{"arcs":[[-1278,-1274,1279,1280,-1256]],"type":"Polygon","properties":{"id":56485,"statcode":"WK016607","statnaam":"Wijk 07 Kamperveen","jrstatcode":"2006WK016607","rubriek":"wijk","FID":"wijk_gegeneraliseerd_2006.ac0ac0c1-ba91-409f-840d-62d458da299f"},"id":"WK016607"},{"arcs":[[1281,-1276,-1277,-1269,1282,1283]],"type":"Polygon","properties":{"id":56486,"statcode":"WK016608","statnaam":"Wijk 08 's-Heerenhoek","jrstatcode":"2006WK016608","rubriek":"wijk","FID":"wijk_gegeneraliseerd_2006.e90a762d-e0a3-4ecb-ba5f-88e685b9f30c"},"id":"WK016608"},{"arcs":[[1284,1285,-1283,-1268,1286]],"type":"Polygon","properties":{"id":56487,"statcode":"WK016609","statnaam":"Wijk 09 Verspreide huizen","jrstatcode":"2006WK016609","rubriek":"wijk","FID":"wijk_gegeneraliseerd_2006.720fe30f-15b9-4afd-ae0c-df26a0466880"},"id":"WK016609"},{"arcs":[[1287,-1114,1288,1289,1290]],"type":"Polygon","properties":{"id":56488,"statcode":"WK016800","statnaam":"Wijk 00 Losser","jrstatcode":"2006WK016800","rubriek":"wijk","FID":"wijk_gegeneraliseerd_2006.6355086f-80c4-4093-9f8c-cd9faa10f34f"},"id":"WK016800"},{"arcs":[[1291,1292,-1097,-1115,-1288]],"type":"Polygon","properties":{"id":56489,"statcode":"WK016801","statnaam":"Wijk 01 Glane","jrstatcode":"2006WK016801","rubriek":"wijk","FID":"wijk_gegeneraliseerd_2006.b7bb1fe7-846f-424c-9cc5-8ce6e8d3d11f"},"id":"WK016801"},{"arcs":[[1293,-1292,-1291]],"type":"Polygon","properties":{"id":56490,"statcode":"WK016802","statnaam":"Wijk 02 Overdinkel","jrstatcode":"2006WK016802","rubriek":"wijk","FID":"wijk_gegeneraliseerd_2006.85244a6e-b849-4f1c-aa02-22e42423de6f"},"id":"WK016802"},{"arcs":[[1294,1295,-1289,-1113,1296,1297]],"type":"Polygon","properties":{"id":56491,"statcode":"WK016803","statnaam":"Wijk 03 De Lutte","jrstatcode":"2006WK016803","rubriek":"wijk","FID":"wijk_gegeneraliseerd_2006.27abeb92-6880-4ad7-a0a0-3cdf41af8dc3"},"id":"WK016803"},{"arcs":[[1298,-1295,1299,1300]],"type":"Polygon","properties":{"id":56492,"statcode":"WK016804","statnaam":"Wijk 04 Beuningen","jrstatcode":"2006WK016804","rubriek":"wijk","FID":"wijk_gegeneraliseerd_2006.769cc163-7bf8-41fd-91eb-2c40ed5008ec"},"id":"WK016804"},{"arcs":[[1301,1302,1303,1304,1305,1306,1307,1308]],"type":"Polygon","properties":{"id":56493,"statcode":"WK017100","statnaam":"Wijk 00 Emmeloord","jrstatcode":"2006WK017100","rubriek":"wijk","FID":"wijk_gegeneraliseerd_2006.f3801a24-7341-4f73-bb61-a9330fdaec12"},"id":"WK017100"},{"arcs":[[1309,1310,-1303,1311,1312]],"type":"Polygon","properties":{"id":56494,"statcode":"WK017101","statnaam":"Wijk 01 Luttelgeest","jrstatcode":"2006WK017101","rubriek":"wijk","FID":"wijk_gegeneraliseerd_2006.42798a43-87a8-4924-afa0-67b9f40cc851"},"id":"WK017101"},{"arcs":[[1313,1314,1315,1316,-1304,-1311,1317]],"type":"Polygon","properties":{"id":56495,"statcode":"WK017102","statnaam":"Wijk 02 Marknesse","jrstatcode":"2006WK017102","rubriek":"wijk","FID":"wijk_gegeneraliseerd_2006.565f60fb-ec71-45c2-a61d-6df499eae275"},"id":"WK017102"},{"arcs":[[1318,1319,1320,1321,-1316]],"type":"Polygon","properties":{"id":56496,"statcode":"WK017103","statnaam":"Wijk 03 Kraggenburg","jrstatcode":"2006WK017103","rubriek":"wijk","FID":"wijk_gegeneraliseerd_2006.08762b2e-9e3d-4a28-b7ae-ae863a825c4d"},"id":"WK017103"},{"arcs":[[[-1317,-1322,1322,1323,-1305]],[[1324,-1261]]],"type":"MultiPolygon","properties":{"id":56497,"statcode":"WK017104","statnaam":"Wijk 04 Ens","jrstatcode":"2006WK017104","rubriek":"wijk","FID":"wijk_gegeneraliseerd_2006.8052ad31-d6c5-48e9-ae37-b310fa9fc6b6"},"id":"WK017104"},{"arcs":[[-1324,1325,1326,-1306]],"type":"Polygon","properties":{"id":56498,"statcode":"WK017105","statnaam":"Wijk 05 Nagele","jrstatcode":"2006WK017105","rubriek":"wijk","FID":"wijk_gegeneraliseerd_2006.45fbebda-f1f5-4b3c-961b-17c1370ac1cc"},"id":"WK017105"},{"arcs":[[-1307,-1327,1327,1328,1329,1330]],"type":"Polygon","properties":{"id":56499,"statcode":"WK017106","statnaam":"Wijk 06 Tollebeek","jrstatcode":"2006WK017106","rubriek":"wijk","FID":"wijk_gegeneraliseerd_2006.48a1fd70-3754-4500-a298-8ec633a2aff0"},"id":"WK017106"},{"arcs":[[-1308,-1331,1331,1332]],"type":"Polygon","properties":{"id":56500,"statcode":"WK017107","statnaam":"Wijk 07 Espel","jrstatcode":"2006WK017107","rubriek":"wijk","FID":"wijk_gegeneraliseerd_2006.3b383462-2460-410c-977d-8594d596cc24"},"id":"WK017107"},{"arcs":[[-655,1333,-1309,-1333,1334,-649]],"type":"Polygon","properties":{"id":56501,"statcode":"WK017108","statnaam":"Wijk 08 Rutten-Creil","jrstatcode":"2006WK017108","rubriek":"wijk","FID":"wijk_gegeneraliseerd_2006.32483ad3-3f8d-4baa-ad12-4a7d79fc0c10"},"id":"WK017108"},{"arcs":[[1335,-1312,-1302,-1334,-654]],"type":"Polygon","properties":{"id":56502,"statcode":"WK017109","statnaam":"Wijk 09 Bant","jrstatcode":"2006WK017109","rubriek":"wijk","FID":"wijk_gegeneraliseerd_2006.6d216444-b974-4c70-8b2b-8191cd88f03a"},"id":"WK017109"},{"arcs":[[1336,1337,-1297,-1112,1338]],"type":"Polygon","properties":{"id":56503,"statcode":"WK017300","statnaam":"Wijk 00 Oldenzaal","jrstatcode":"2006WK017300","rubriek":"wijk","FID":"wijk_gegeneraliseerd_2006.d115f25b-797d-4eab-8b62-a0aa0c55c85f"},"id":"WK017300"},{"arcs":[[1339,1340]],"type":"Polygon","properties":{"id":56504,"statcode":"WK017500","statnaam":"Wijk 00 Ommen (kern)","jrstatcode":"2006WK017500","rubriek":"wijk","FID":"wijk_gegeneraliseerd_2006.07f822bc-d607-468b-a2db-7238b3383150"},"id":"WK017500"},{"arcs":[[-1151,-1149,1341,1342,1343,1344,-1341,1345,-1014,1346,-1175]],"type":"Polygon","properties":{"id":56505,"statcode":"WK017501","statnaam":"Wijk 01 Ommen (buitengebied)","jrstatcode":"2006WK017501","rubriek":"wijk","FID":"wijk_gegeneraliseerd_2006.ce99b4ad-bb50-4427-9b04-f4ce477d5324"},"id":"WK017501"},{"arcs":[[-1346,-1340,-1345,1347,-1007,-1015]],"type":"Polygon","properties":{"id":56506,"statcode":"WK017502","statnaam":"Wijk 02 Vilsteren","jrstatcode":"2006WK017502","rubriek":"wijk","FID":"wijk_gegeneraliseerd_2006.13366ee3-e9aa-433b-ac50-e1fc19badcd5"},"id":"WK017502"},{"arcs":[[1348,-1210,-1192,1349,-1028,-1008,-1348,-1344]],"type":"Polygon","properties":{"id":56507,"statcode":"WK017503","statnaam":"Wijk 03 Lemele en Lemelerveld","jrstatcode":"2006WK017503","rubriek":"wijk","FID":"wijk_gegeneraliseerd_2006.a5fa9a3a-7bdb-46a3-8070-991ecbfb8d81"},"id":"WK017503"},{"arcs":[[1350,1351,-1342,-1148,-1162]],"type":"Polygon","properties":{"id":56508,"statcode":"WK017504","statnaam":"Wijk 04 Beerze en Beerzerveld","jrstatcode":"2006WK017504","rubriek":"wijk","FID":"wijk_gegeneraliseerd_2006.566da2e3-4f29-4210-a445-b88202ea7b4a"},"id":"WK017504"},{"arcs":[[-1185,-1176,-1347,-1013,-1030]],"type":"Polygon","properties":{"id":56509,"statcode":"WK017506","statnaam":"Wijk 06 Vinkenbuurt","jrstatcode":"2006WK017506","rubriek":"wijk","FID":"wijk_gegeneraliseerd_2006.7f32b768-99ad-4bb2-97ae-56f6baf5114e"},"id":"WK017506"},{"arcs":[[1352,1353]],"type":"Polygon","properties":{"id":56510,"statcode":"WK017700","statnaam":"Wijk 00 Raalte Kern","jrstatcode":"2006WK017700","rubriek":"wijk","FID":"wijk_gegeneraliseerd_2006.0558b53f-154d-4ef8-ba26-82a44eb0147b"},"id":"WK017700"},{"arcs":[[1354,1355,1356,1357,1358,1359,-1026,1360,1361,-1353]],"type":"Polygon","properties":{"id":56511,"statcode":"WK017701","statnaam":"Wijk 01 Raalte - overig en buitengebied","jrstatcode":"2006WK017701","rubriek":"wijk","FID":"wijk_gegeneraliseerd_2006.cbb6e315-8247-47df-aaad-f1a2ffc07457"},"id":"WK017701"},{"arcs":[[-1203,1362,-1065,1363,1364,-1356,1365]],"type":"Polygon","properties":{"id":56512,"statcode":"WK017702","statnaam":"Wijk 02 Heeten","jrstatcode":"2006WK017702","rubriek":"wijk","FID":"wijk_gegeneraliseerd_2006.21294a71-3f95-4298-abe8-51b2a39fbb4d"},"id":"WK017702"},{"arcs":[[-1191,-1205,1366,-1361,-1025,-1350]],"type":"Polygon","properties":{"id":56513,"statcode":"WK017703","statnaam":"Wijk 03 Luttenberg","jrstatcode":"2006WK017703","rubriek":"wijk","FID":"wijk_gegeneraliseerd_2006.371edfd3-ddfb-417f-a228-9fcae7dd7d65"},"id":"WK017703"},{"arcs":[[1367,1368,-1357,-1365,1369]],"type":"Polygon","properties":{"id":56514,"statcode":"WK017704","statnaam":"Wijk 04 Broekland","jrstatcode":"2006WK017704","rubriek":"wijk","FID":"wijk_gegeneraliseerd_2006.08a652f1-6567-4374-bc3b-a78f9240f774"},"id":"WK017704"},{"arcs":[[-1354,-1362,-1367,-1204,-1366,-1355]],"type":"Polygon","properties":{"id":56515,"statcode":"WK017705","statnaam":"Wijk 05 Mariënheem","jrstatcode":"2006WK017705","rubriek":"wijk","FID":"wijk_gegeneraliseerd_2006.38126e34-97e9-40d9-8ba3-90f9d449b2ea"},"id":"WK017705"},{"arcs":[[-1066,-1363,-1208,1370]],"type":"Polygon","properties":{"id":56516,"statcode":"WK017706","statnaam":"Wijk 06 Nieuw Heeten","jrstatcode":"2006WK017706","rubriek":"wijk","FID":"wijk_gegeneraliseerd_2006.6a1d7c44-2ca2-466d-95bf-ce51feaf0f80"},"id":"WK017706"},{"arcs":[[1371,-1018,-1024,-1027,-1360,1372,1373]],"type":"Polygon","properties":{"id":56517,"statcode":"WK017708","statnaam":"Wijk 08 Heino","jrstatcode":"2006WK017708","rubriek":"wijk","FID":"wijk_gegeneraliseerd_2006.73904fa3-9602-4bfb-bc6d-748be4a7b944"},"id":"WK017708"},{"arcs":[[-1021,-1372,1374,1375,1376]],"type":"Polygon","properties":{"id":56518,"statcode":"WK017709","statnaam":"Wijk 09 Laag Zuthem","jrstatcode":"2006WK017709","rubriek":"wijk","FID":"wijk_gegeneraliseerd_2006.75be0072-da7b-4b03-b0d1-f586556613c3"},"id":"WK017709"},{"arcs":[[-1374,1377,1378,-1375]],"type":"Polygon","properties":{"id":56519,"statcode":"WK017710","statnaam":"Wijk 10 Lierderholthuis","jrstatcode":"2006WK017710","rubriek":"wijk","FID":"wijk_gegeneraliseerd_2006.871df4f6-ebfa-425c-9eea-b50c1f71095c"},"id":"WK017710"},{"arcs":[[1379,1380,1381]],"type":"Polygon","properties":{"id":56520,"statcode":"WK018000","statnaam":"Wijk 00 Staphorst (kern)","jrstatcode":"2006WK018000","rubriek":"wijk","FID":"wijk_gegeneraliseerd_2006.fbbf2b41-0b3f-4ce9-97c6-a5c092f3f8e5"},"id":"WK018000"},{"arcs":[[1382,1383,1384,-1380,1385,1386]],"type":"Polygon","properties":{"id":56521,"statcode":"WK018001","statnaam":"Wijk 01 Rouveen (kern)","jrstatcode":"2006WK018001","rubriek":"wijk","FID":"wijk_gegeneraliseerd_2006.b3e76774-2d80-49f0-bb36-83f9fccefc84"},"id":"WK018001"},{"arcs":[[[-1381,-1385,1387,1388,1389,1390]],[[1391,1392,-1032,1393,-1387]]],"type":"MultiPolygon","properties":{"id":56522,"statcode":"WK018002","statnaam":"Wijk 02 Rouveen (buitengebied)","jrstatcode":"2006WK018002","rubriek":"wijk","FID":"wijk_gegeneraliseerd_2006.d3423b67-19f4-4da9-9f4b-2e8d4a279947"},"id":"WK018002"},{"arcs":[[-1391,1394,1395,-924,1396,1397,1398,-1392,-1386,-1382]],"type":"Polygon","properties":{"id":56523,"statcode":"WK018003","statnaam":"Wijk 03 Staphorst (buitengebied)","jrstatcode":"2006WK018003","rubriek":"wijk","FID":"wijk_gegeneraliseerd_2006.271ac336-49e4-4132-a28d-9aafc1d8be20"},"id":"WK018003"},{"arcs":[[-1181,1399,-1398,1400,1401]],"type":"Polygon","properties":{"id":56524,"statcode":"WK018004","statnaam":"Wijk 04 Ijhorst","jrstatcode":"2006WK018004","rubriek":"wijk","FID":"wijk_gegeneraliseerd_2006.06354c26-7b1b-48d9-9cb1-623c468d897b"},"id":"WK018004"},{"arcs":[[-1400,-1180,-1033,-1393,-1399]],"type":"Polygon","properties":{"id":56525,"statcode":"WK018005","statnaam":"Wijk 05 Punthorst","jrstatcode":"2006WK018005","rubriek":"wijk","FID":"wijk_gegeneraliseerd_2006.1cb2d6f3-a190-48f1-bff0-682b8e5c12ed"},"id":"WK018005"},{"arcs":[[-935,-1401,-1397,-923]],"type":"Polygon","properties":{"id":56526,"statcode":"WK018006","statnaam":"Wijk 06 Lankhorst","jrstatcode":"2006WK018006","rubriek":"wijk","FID":"wijk_gegeneraliseerd_2006.35f5ca7c-9fc7-4f1e-96fd-87e8139fd12e"},"id":"WK018006"},{"arcs":[[-1389,1402,1403,1404]],"type":"Polygon","properties":{"id":56527,"statcode":"WK018007","statnaam":"Wijk 07 Klooster","jrstatcode":"2006WK018007","rubriek":"wijk","FID":"wijk_gegeneraliseerd_2006.b4e793b9-26f7-41bc-a2e5-dd83196f73c8"},"id":"WK018007"},{"arcs":[[1405,1406,1407,1408,1409,1410,1411,1412]],"type":"Polygon","properties":{"id":56528,"statcode":"WK018300","statnaam":"Wijk 00 Tubbergen","jrstatcode":"2006WK018300","rubriek":"wijk","FID":"wijk_gegeneraliseerd_2006.1065fb6e-98e4-476e-bfc6-fa31b92446c0"},"id":"WK018300"},{"arcs":[[1413,1414,-995,-977,1415,-1410]],"type":"Polygon","properties":{"id":56529,"statcode":"WK018301","statnaam":"Wijk 01 Albergen","jrstatcode":"2006WK018301","rubriek":"wijk","FID":"wijk_gegeneraliseerd_2006.e5d522c7-24c8-4881-bc7a-af224835501a"},"id":"WK018301"},{"arcs":[[1416,-1411,-1416,-976,-964]],"type":"Polygon","properties":{"id":56530,"statcode":"WK018302","statnaam":"Wijk 02 Harbrinkhoek","jrstatcode":"2006WK018302","rubriek":"wijk","FID":"wijk_gegeneraliseerd_2006.b5db66e4-331b-4ef4-b4e8-4a446df49140"},"id":"WK018302"},{"arcs":[[1417,-1412,-1417,1418,1419,1420,1421]],"type":"Polygon","properties":{"id":56531,"statcode":"WK018303","statnaam":"Wijk 03 Geesteren","jrstatcode":"2006WK018303","rubriek":"wijk","FID":"wijk_gegeneraliseerd_2006.5d00fce9-f65e-411c-95d8-19cc00c5af46"},"id":"WK018303"},{"arcs":[[1422,-1413,-1418,1423]],"type":"Polygon","properties":{"id":56532,"statcode":"WK018304","statnaam":"Wijk 04 Langeveen","jrstatcode":"2006WK018304","rubriek":"wijk","FID":"wijk_gegeneraliseerd_2006.ed153e8c-bc1f-4a59-b8bf-d05952ebee11"},"id":"WK018304"},{"arcs":[[1424,1425,1426,1427,-1407,1428]],"type":"Polygon","properties":{"id":56533,"statcode":"WK018305","statnaam":"Wijk 05 Vasse","jrstatcode":"2006WK018305","rubriek":"wijk","FID":"wijk_gegeneraliseerd_2006.697d1eec-ca85-4675-8597-678ac0891765"},"id":"WK018305"},{"arcs":[[-1428,1429,1430,1431,-1408]],"type":"Polygon","properties":{"id":56534,"statcode":"WK018306","statnaam":"Wijk 06 Reutum","jrstatcode":"2006WK018306","rubriek":"wijk","FID":"wijk_gegeneraliseerd_2006.f555e9ff-b1e8-4ed9-bba8-1707828f103b"},"id":"WK018306"},{"arcs":[[-1432,1432,1433,-1414,-1409]],"type":"Polygon","properties":{"id":56535,"statcode":"WK018307","statnaam":"Wijk 07 Fleringen","jrstatcode":"2006WK018307","rubriek":"wijk","FID":"wijk_gegeneraliseerd_2006.7a5163e2-ecf5-44ba-b57b-87edfef14808"},"id":"WK018307"},{"arcs":[[1434,-1329]],"type":"Polygon","properties":{"id":56536,"statcode":"WK018400","statnaam":"Wijk 00 Urk","jrstatcode":"2006WK018400","rubriek":"wijk","FID":"wijk_gegeneraliseerd_2006.eaca6df4-3e3b-46ee-8750-3ef6a83c6f6e"},"id":"WK018400"},{"arcs":[[-971,1435,-983]],"type":"Polygon","properties":{"id":56537,"statcode":"WK018900","statnaam":"Wijk 00 Wierden (kern)","jrstatcode":"2006WK018900","rubriek":"wijk","FID":"wijk_gegeneraliseerd_2006.1307fb89-90bb-4bc0-bd23-3a08c45743da"},"id":"WK018900"},{"arcs":[[-984,-1436,-970,-982,1436,1437,-1196,-1202,1438,1439]],"type":"Polygon","properties":{"id":56538,"statcode":"WK018901","statnaam":"Wijk 01 Landelijk gebied Wierden","jrstatcode":"2006WK018901","rubriek":"wijk","FID":"wijk_gegeneraliseerd_2006.f316a188-385b-4a31-ae9d-2838a9286a4f"},"id":"WK018901"},{"arcs":[[1440,-1439,-1201,-1187,-1216,1441]],"type":"Polygon","properties":{"id":56539,"statcode":"WK018902","statnaam":"Wijk 02 Hooge-Hexel","jrstatcode":"2006WK018902","rubriek":"wijk","FID":"wijk_gegeneraliseerd_2006.72778fce-10e9-4692-9581-75dd01020841"},"id":"WK018902"},{"arcs":[[1442]],"type":"Polygon","properties":{"id":56540,"statcode":"WK018903","statnaam":"Wijk 03 Enter (kern)","jrstatcode":"2006WK018903","rubriek":"wijk","FID":"wijk_gegeneraliseerd_2006.50f6d3f9-57a0-4da3-b18e-c96956b3d6d8"},"id":"WK018903"},{"arcs":[[-981,-990,1443,1444,1445,1446,-1437],[-1443]],"type":"Polygon","properties":{"id":56541,"statcode":"WK018904","statnaam":"Wijk 04 Landelijk gebied Enter","jrstatcode":"2006WK018904","rubriek":"wijk","FID":"wijk_gegeneraliseerd_2006.ff8f72ef-b6aa-4888-b085-7f68f89d622b"},"id":"WK018904"},{"arcs":[[-1447,1447,1448,1449,1450,1451,-1197,-1438]],"type":"Polygon","properties":{"id":56542,"statcode":"WK018905","statnaam":"Wijk 05 Rectum - Notter - Zuna","jrstatcode":"2006WK018905","rubriek":"wijk","FID":"wijk_gegeneraliseerd_2006.9053f6bd-d222-4da1-bfec-05a1c9c35f29"},"id":"WK018905"},{"arcs":[[1452,1453,1454]],"type":"Polygon","properties":{"id":56543,"statcode":"WK019310","statnaam":"Wijk 10 Binnenstad","jrstatcode":"2006WK019310","rubriek":"wijk","FID":"wijk_gegeneraliseerd_2006.8916df1a-0e6b-44c1-89b3-cde6ce814ff1"},"id":"WK019310"},{"arcs":[[1455,1456,1457,1458,1459,1460,-1455]],"type":"Polygon","properties":{"id":56544,"statcode":"WK019311","statnaam":"Wijk 11 Diezerpoort","jrstatcode":"2006WK019311","rubriek":"wijk","FID":"wijk_gegeneraliseerd_2006.561a0cf6-0434-44c0-a9ac-8b99ca3353da"},"id":"WK019311"},{"arcs":[[1461,1462,1463,-1460]],"type":"Polygon","properties":{"id":56545,"statcode":"WK019312","statnaam":"Wijk 12 Wipstrik","jrstatcode":"2006WK019312","rubriek":"wijk","FID":"wijk_gegeneraliseerd_2006.42de29b8-7842-4747-9d61-952ac8c22f2d"},"id":"WK019312"},{"arcs":[[-1453,-1461,-1464,1464,1465,1466]],"type":"Polygon","properties":{"id":56546,"statcode":"WK019313","statnaam":"Wijk 13 Assendorp","jrstatcode":"2006WK019313","rubriek":"wijk","FID":"wijk_gegeneraliseerd_2006.eaf5e92d-4dfb-4ee7-8488-04042f5838b1"},"id":"WK019313"},{"arcs":[[1467,1468,-1456,-1454,-1467]],"type":"Polygon","properties":{"id":56547,"statcode":"WK019314","statnaam":"Wijk 14 Kamperpoort-Veerallee","jrstatcode":"2006WK019314","rubriek":"wijk","FID":"wijk_gegeneraliseerd_2006.5882f44f-9902-4768-9272-ff2bdfea30e8"},"id":"WK019314"},{"arcs":[[-1469,1469,1470,1471,1472,1473]],"type":"Polygon","properties":{"id":56548,"statcode":"WK019320","statnaam":"Wijk 20 Poort van Zwolle","jrstatcode":"2006WK019320","rubriek":"wijk","FID":"wijk_gegeneraliseerd_2006.47843080-88c0-433a-847b-6e33e91ddded"},"id":"WK019320"},{"arcs":[[1474,-1271,-1282,1475,-1472]],"type":"Polygon","properties":{"id":56549,"statcode":"WK019321","statnaam":"Wijk 21 Westenholte","jrstatcode":"2006WK019321","rubriek":"wijk","FID":"wijk_gegeneraliseerd_2006.93a77ae7-decb-493c-9472-b320d0d3182f"},"id":"WK019321"},{"arcs":[[-1473,-1476,-1284,-1286,1476,1477,1478]],"type":"Polygon","properties":{"id":56550,"statcode":"WK019322","statnaam":"Wijk 22 Stadshagen","jrstatcode":"2006WK019322","rubriek":"wijk","FID":"wijk_gegeneraliseerd_2006.a1055df6-8641-421c-ba33-0ba3e148c4d0"},"id":"WK019322"},{"arcs":[[-1474,-1479,1479,1480,-1457]],"type":"Polygon","properties":{"id":56551,"statcode":"WK019330","statnaam":"Wijk 30 Holtenbroek","jrstatcode":"2006WK019330","rubriek":"wijk","FID":"wijk_gegeneraliseerd_2006.19ab9bc4-ea01-4e0d-b13a-e2842c509ff6"},"id":"WK019330"},{"arcs":[[-1458,-1481,1481]],"type":"Polygon","properties":{"id":56552,"statcode":"WK019331","statnaam":"Wijk 31 Aalanden","jrstatcode":"2006WK019331","rubriek":"wijk","FID":"wijk_gegeneraliseerd_2006.cb0cb510-0eab-47ae-ac44-10c225163ca3"},"id":"WK019331"},{"arcs":[[-1480,-1478,1482,-1403,-1388,-1384,1483,-1482]],"type":"Polygon","properties":{"id":56553,"statcode":"WK019332","statnaam":"Wijk 32 Vechtlanden","jrstatcode":"2006WK019332","rubriek":"wijk","FID":"wijk_gegeneraliseerd_2006.4d6c0551-7e1d-45af-933a-a60b32cca472"},"id":"WK019332"},{"arcs":[[-1462,-1459,-1484,-1383,-1394,-1031,-1004,1484]],"type":"Polygon","properties":{"id":56554,"statcode":"WK019340","statnaam":"Wijk 40 Berkum","jrstatcode":"2006WK019340","rubriek":"wijk","FID":"wijk_gegeneraliseerd_2006.8a02ed21-5d8b-4dea-8ab1-523758f31981"},"id":"WK019340"},{"arcs":[[-1020,-1022,-1377,1485,1486,-1465,-1463,-1485,-1012]],"type":"Polygon","properties":{"id":56555,"statcode":"WK019341","statnaam":"Wijk 41 Marsweteringlanden","jrstatcode":"2006WK019341","rubriek":"wijk","FID":"wijk_gegeneraliseerd_2006.fb7adf23-1d8a-4577-baeb-fd0065aa4a05"},"id":"WK019341"},{"arcs":[[-1466,1487,1488,1489,1490,-1470,-1468]],"type":"Polygon","properties":{"id":56556,"statcode":"WK019350","statnaam":"Wijk 50 Schelle","jrstatcode":"2006WK019350","rubriek":"wijk","FID":"wijk_gegeneraliseerd_2006.b98cd74b-ace2-4678-a725-5459586d7e23"},"id":"WK019350"},{"arcs":[[-1488,-1487,1491]],"type":"Polygon","properties":{"id":56557,"statcode":"WK019351","statnaam":"Wijk 51 Ittersum","jrstatcode":"2006WK019351","rubriek":"wijk","FID":"wijk_gegeneraliseerd_2006.05118726-5745-4dbd-931c-821ce508da7b"},"id":"WK019351"},{"arcs":[[-1376,-1379,1492,1493,1494,-1489,-1492,-1486]],"type":"Polygon","properties":{"id":56558,"statcode":"WK019352","statnaam":"Wijk 52 Soestweteringlanden","jrstatcode":"2006WK019352","rubriek":"wijk","FID":"wijk_gegeneraliseerd_2006.8ab01fe9-6284-49fa-bcca-5956b718a164"},"id":"WK019352"},{"arcs":[[1495,1496,1497,1498,1499,1500]],"type":"Polygon","properties":{"id":56559,"statcode":"WK019600","statnaam":"Wijk 00 Herwen en Aerdt","jrstatcode":"2006WK019600","rubriek":"wijk","FID":"wijk_gegeneraliseerd_2006.96a75696-fd8f-4894-9af8-0d9807022ac1"},"id":"WK019600"},{"arcs":[[1501,1502,1503,-1497]],"type":"Polygon","properties":{"id":56560,"statcode":"WK019601","statnaam":"Wijk 01 Pannerden","jrstatcode":"2006WK019601","rubriek":"wijk","FID":"wijk_gegeneraliseerd_2006.96281c56-538b-47be-a99f-e2d97b9c2515"},"id":"WK019601"},{"arcs":[[1504,1505,1506,1507,1508,1509,1510,1511,1512,1513]],"type":"Polygon","properties":{"id":56561,"statcode":"WK019701","statnaam":"Wijk 01 Buitengebied Aalten","jrstatcode":"2006WK019701","rubriek":"wijk","FID":"wijk_gegeneraliseerd_2006.af3db5f9-562f-4884-ac18-a16ba1545aec"},"id":"WK019701"},{"arcs":[[1514,-1507,1515,-1505,1516]],"type":"Polygon","properties":{"id":56562,"statcode":"WK019702","statnaam":"Wijk 02 Bredevoort","jrstatcode":"2006WK019702","rubriek":"wijk","FID":"wijk_gegeneraliseerd_2006.462705bd-858b-4379-bfa8-d35e9bf06750"},"id":"WK019702"},{"arcs":[[-1506,-1516]],"type":"Polygon","properties":{"id":56563,"statcode":"WK019703","statnaam":"Wijk 03 Aaltem Kern","jrstatcode":"2006WK019703","rubriek":"wijk","FID":"wijk_gegeneraliseerd_2006.c7cb3518-54aa-40a6-9507-71f1d3b097aa"},"id":"WK019703"},{"arcs":[[1517,1518,-1510]],"type":"Polygon","properties":{"id":56564,"statcode":"WK019704","statnaam":"Wijk 04 Dinxperlo","jrstatcode":"2006WK019704","rubriek":"wijk","FID":"wijk_gegeneraliseerd_2006.6735858e-4384-4c5d-ac73-cb574314b2e2"},"id":"WK019704"},{"arcs":[[1519,1520,1521,1522,1523]],"type":"Polygon","properties":{"id":56565,"statcode":"WK020001","statnaam":"Wijk 01 Apeldoorn Centrum","jrstatcode":"2006WK020001","rubriek":"wijk","FID":"wijk_gegeneraliseerd_2006.a248c5f3-fb8a-471e-a24a-933fc278711c"},"id":"WK020001"},{"arcs":[[-1523,1524,1525,1526,1527,1528]],"type":"Polygon","properties":{"id":56566,"statcode":"WK020002","statnaam":"Wijk 02 Apeldoorn West","jrstatcode":"2006WK020002","rubriek":"wijk","FID":"wijk_gegeneraliseerd_2006.2f8cb097-2767-4aa3-99c2-eab988587ba5"},"id":"WK020002"},{"arcs":[[-1525,1529,1530,1531]],"type":"Polygon","properties":{"id":56567,"statcode":"WK020003","statnaam":"Wijk 03 Apeldoorn Zuidwest","jrstatcode":"2006WK020003","rubriek":"wijk","FID":"wijk_gegeneraliseerd_2006.7486d53a-a925-4f32-8e84-3ebd98d01336"},"id":"WK020003"},{"arcs":[[1532,1533,1534,-1530,-1522]],"type":"Polygon","properties":{"id":56568,"statcode":"WK020004","statnaam":"Wijk 04 Apeldoorn Zuid","jrstatcode":"2006WK020004","rubriek":"wijk","FID":"wijk_gegeneraliseerd_2006.5bc156c4-6eb4-4e4d-9e61-b9ad07482a95"},"id":"WK020004"},{"arcs":[[1535,1536,-1533]],"type":"Polygon","properties":{"id":56569,"statcode":"WK020005","statnaam":"Wijk 05 Apeldoorn Zuidoost","jrstatcode":"2006WK020005","rubriek":"wijk","FID":"wijk_gegeneraliseerd_2006.f4c136e0-b0e6-4d9f-b975-a09998d7bcb9"},"id":"WK020005"},{"arcs":[[1537,-1536,-1521,1538]],"type":"Polygon","properties":{"id":56570,"statcode":"WK020006","statnaam":"Wijk 06 Apeldoorn Oost","jrstatcode":"2006WK020006","rubriek":"wijk","FID":"wijk_gegeneraliseerd_2006.388b4d65-1e2a-4490-9f77-3b4bebfc51e2"},"id":"WK020006"},{"arcs":[[-1520,1539,1540,-1539]],"type":"Polygon","properties":{"id":56571,"statcode":"WK020007","statnaam":"Wijk 07 Apeldoorn Noordoost","jrstatcode":"2006WK020007","rubriek":"wijk","FID":"wijk_gegeneraliseerd_2006.3fcf09df-0f2c-4fc4-8d74-cb2c09176427"},"id":"WK020007"},{"arcs":[[-1529,1541,-1540,-1524]],"type":"Polygon","properties":{"id":56572,"statcode":"WK020008","statnaam":"Wijk 08 Apeldoorn Noord","jrstatcode":"2006WK020008","rubriek":"wijk","FID":"wijk_gegeneraliseerd_2006.c83876ca-f633-48d4-9a3d-5ef8522d7a04"},"id":"WK020008"},{"arcs":[[1542,1543,1544,1545,1546,1547]],"type":"Polygon","properties":{"id":56573,"statcode":"WK020010","statnaam":"Wijk 10 Uddel en omgeving","jrstatcode":"2006WK020010","rubriek":"wijk","FID":"wijk_gegeneraliseerd_2006.a1d01b2a-8a8b-4b82-8fbb-c93cb8726fcc"},"id":"WK020010"},{"arcs":[[-1527,1548,1549,1550,-1546,1551]],"type":"Polygon","properties":{"id":56574,"statcode":"WK020011","statnaam":"Wijk 11 Hoog-Soeren en omgeving","jrstatcode":"2006WK020011","rubriek":"wijk","FID":"wijk_gegeneraliseerd_2006.af2ca4d3-3ff4-4f5d-bd6d-546a05c61f02"},"id":"WK020011"},{"arcs":[[1552,-1549,-1526,-1532,1553,1554,1555]],"type":"Polygon","properties":{"id":56575,"statcode":"WK020012","statnaam":"Wijk 12 Hoenderloo en omgeving","jrstatcode":"2006WK020012","rubriek":"wijk","FID":"wijk_gegeneraliseerd_2006.d3bdeca4-a820-4b6f-8ca2-d7c24a8209e8"},"id":"WK020012"},{"arcs":[[1556,1557,1558,1559,-1555,1560,1561,1562,1563,1564,1565,1566]],"type":"Polygon","properties":{"id":56576,"statcode":"WK020013","statnaam":"Wijk 13 Loenen en omgeving","jrstatcode":"2006WK020013","rubriek":"wijk","FID":"wijk_gegeneraliseerd_2006.2a5f3da6-7de6-472f-aa6c-07cf2a499b9c"},"id":"WK020013"},{"arcs":[[-1531,-1535,1567,-1561,-1554]],"type":"Polygon","properties":{"id":56577,"statcode":"WK020014","statnaam":"Wijk 14 Beekbergen en omgeving","jrstatcode":"2006WK020014","rubriek":"wijk","FID":"wijk_gegeneraliseerd_2006.6dfe5465-3952-4421-8fd4-a71f964b2912"},"id":"WK020014"},{"arcs":[[-1534,1568,-1562,-1568]],"type":"Polygon","properties":{"id":56578,"statcode":"WK020015","statnaam":"Wijk 15 Lieren en omgeving","jrstatcode":"2006WK020015","rubriek":"wijk","FID":"wijk_gegeneraliseerd_2006.1b18d196-fbe7-4a05-997f-6e07fadc32d6"},"id":"WK020015"},{"arcs":[[-1563,-1569,-1537,-1538,1569,1570]],"type":"Polygon","properties":{"id":56579,"statcode":"WK020016","statnaam":"Wijk 16 Klarenbeek en omgeving","jrstatcode":"2006WK020016","rubriek":"wijk","FID":"wijk_gegeneraliseerd_2006.cc0e6428-a36c-4953-bdfc-89752996184f"},"id":"WK020016"},{"arcs":[[-1542,-1528,-1552,-1545,1571,1572,1573,-1570,-1541]],"type":"Polygon","properties":{"id":56580,"statcode":"WK020017","statnaam":"Wijk 17 Wenum. Wiesel en Beemte","jrstatcode":"2006WK020017","rubriek":"wijk","FID":"wijk_gegeneraliseerd_2006.6ff5a6a8-c396-4a3c-bdd7-6d98dbc66475"},"id":"WK020017"},{"arcs":[[1574,1575,1576,1577,1578]],"type":"Polygon","properties":{"id":56581,"statcode":"WK020201","statnaam":"Wijk 01 Centrum","jrstatcode":"2006WK020201","rubriek":"wijk","FID":"wijk_gegeneraliseerd_2006.104e8ea7-ffdc-4aae-a089-854731f12165"},"id":"WK020201"},{"arcs":[[1579,-1579,1580,1581,1582]],"type":"Polygon","properties":{"id":56582,"statcode":"WK020202","statnaam":"Wijk 02 Spijkerkwartier","jrstatcode":"2006WK020202","rubriek":"wijk","FID":"wijk_gegeneraliseerd_2006.b6f2a596-1c15-4cd3-ae04-19e6eeb72f7a"},"id":"WK020202"},{"arcs":[[-1575,-1580,1583,1584,1585,1586,1587,1588]],"type":"Polygon","properties":{"id":56583,"statcode":"WK020203","statnaam":"Wijk 03 Arnhemse broek","jrstatcode":"2006WK020203","rubriek":"wijk","FID":"wijk_gegeneraliseerd_2006.becafd9a-3ddd-4228-937a-272a10dc0bb6"},"id":"WK020203"},{"arcs":[[1589,1590,-1585]],"type":"Polygon","properties":{"id":56584,"statcode":"WK020204","statnaam":"Wijk 04 Presikhaaf West","jrstatcode":"2006WK020204","rubriek":"wijk","FID":"wijk_gegeneraliseerd_2006.25dd7c95-688d-4f1e-a0fe-75e346e4dc33"},"id":"WK020204"},{"arcs":[[1591,-1586,-1591,1592,1593]],"type":"Polygon","properties":{"id":56585,"statcode":"WK020205","statnaam":"Wijk 05 Presikhaaf Oost","jrstatcode":"2006WK020205","rubriek":"wijk","FID":"wijk_gegeneraliseerd_2006.bc6d7f76-9b18-44dc-a114-3d07cd289189"},"id":"WK020205"},{"arcs":[[1594,-1581,1595,1596]],"type":"Polygon","properties":{"id":56586,"statcode":"WK020206","statnaam":"Wijk 06 Sint Marten en Sonsbeek-Zuid","jrstatcode":"2006WK020206","rubriek":"wijk","FID":"wijk_gegeneraliseerd_2006.3851b82a-1984-47a6-a2a0-9432b6c410f2"},"id":"WK020206"},{"arcs":[[-1582,-1595,1597,1598,1599]],"type":"Polygon","properties":{"id":56587,"statcode":"WK020207","statnaam":"Wijk 07 Klarendal","jrstatcode":"2006WK020207","rubriek":"wijk","FID":"wijk_gegeneraliseerd_2006.be8cb39c-bc62-47b1-b691-024cb714f4a9"},"id":"WK020207"},{"arcs":[[-1584,-1583,-1600,1600,1601,1602,1603,1604,-1593,-1590]],"type":"Polygon","properties":{"id":56588,"statcode":"WK020208","statnaam":"Wijk 08 Velperweg en omgeving","jrstatcode":"2006WK020208","rubriek":"wijk","FID":"wijk_gegeneraliseerd_2006.8d9c42f9-d62b-4de1-b237-bc468b247934"},"id":"WK020208"},{"arcs":[[-1598,-1597,1605,1606,1607]],"type":"Polygon","properties":{"id":56589,"statcode":"WK020209","statnaam":"Wijk 09 Alteveer en Cranevelt","jrstatcode":"2006WK020209","rubriek":"wijk","FID":"wijk_gegeneraliseerd_2006.bdb6440b-f95e-4c7a-973e-6a479a51cc46"},"id":"WK020209"},{"arcs":[[-1602,1608]],"type":"Polygon","properties":{"id":56590,"statcode":"WK020210","statnaam":"Wijk 10 Geitenkamp","jrstatcode":"2006WK020210","rubriek":"wijk","FID":"wijk_gegeneraliseerd_2006.52d5c6d4-d592-49be-b0a1-a81d82d03835"},"id":"WK020210"},{"arcs":[[-1603,-1609,-1601,-1599,-1608,1609,1610]],"type":"Polygon","properties":{"id":56591,"statcode":"WK020211","statnaam":"Wijk 11 Monnikenhuizen","jrstatcode":"2006WK020211","rubriek":"wijk","FID":"wijk_gegeneraliseerd_2006.61165c11-84e0-4b35-8019-82d6c7e0c98c"},"id":"WK020211"},{"arcs":[[-1578,1611,1612,1613,-1606,-1596]],"type":"Polygon","properties":{"id":56592,"statcode":"WK020212","statnaam":"Wijk 12 Burgemeesterswijk en Hoogkamp","jrstatcode":"2006WK020212","rubriek":"wijk","FID":"wijk_gegeneraliseerd_2006.9eee197e-00d2-4589-a5be-42c24af0037b"},"id":"WK020212"},{"arcs":[[1614,1615,1616,1617,-1559,1618,-1610,-1607,-1614]],"type":"Polygon","properties":{"id":56593,"statcode":"WK020213","statnaam":"Wijk 13 Schaarsbergen en omgeving","jrstatcode":"2006WK020213","rubriek":"wijk","FID":"wijk_gegeneraliseerd_2006.7664606a-9aa1-4cde-98ed-9b9272010102"},"id":"WK020213"},{"arcs":[[1619,1620,-1612,-1577]],"type":"Polygon","properties":{"id":56594,"statcode":"WK020214","statnaam":"Wijk 14 Heijenoord en Lombok","jrstatcode":"2006WK020214","rubriek":"wijk","FID":"wijk_gegeneraliseerd_2006.4f235894-932b-4438-a1fd-d5e8c77bbe24"},"id":"WK020214"},{"arcs":[[-1613,-1621,1621,1622,-1615]],"type":"Polygon","properties":{"id":56595,"statcode":"WK020215","statnaam":"Wijk 15 Klingelbeek","jrstatcode":"2006WK020215","rubriek":"wijk","FID":"wijk_gegeneraliseerd_2006.0dd05639-35e3-462e-93bf-6bcbdcfc9302"},"id":"WK020215"},{"arcs":[[-1576,1623,1624,1625,1626,1627,1628,1629,-1622,-1620]],"type":"Polygon","properties":{"id":56596,"statcode":"WK020216","statnaam":"Wijk 16 Malburgen West","jrstatcode":"2006WK020216","rubriek":"wijk","FID":"wijk_gegeneraliseerd_2006.d3a5ee5c-c637-45e3-b7e8-80d45c689452"},"id":"WK020216"},{"arcs":[[1630,1631,-1624,-1589]],"type":"Polygon","properties":{"id":56597,"statcode":"WK020217","statnaam":"Wijk 17 Malburgen Oost (Noord)","jrstatcode":"2006WK020217","rubriek":"wijk","FID":"wijk_gegeneraliseerd_2006.3e92c096-c8e2-440d-ac59-616a0f9e5b97"},"id":"WK020217"},{"arcs":[[1632,1633,-1625,-1632]],"type":"Polygon","properties":{"id":56598,"statcode":"WK020218","statnaam":"Wijk 18 Malburgen Oost (Zuid)","jrstatcode":"2006WK020218","rubriek":"wijk","FID":"wijk_gegeneraliseerd_2006.24c007ba-fbe7-4dd6-a618-cd5b7a6129ed"},"id":"WK020218"},{"arcs":[[-1634,1634,1635,1636,-1626]],"type":"Polygon","properties":{"id":56599,"statcode":"WK020219","statnaam":"Wijk 19 Vredenburg en Kronenburg","jrstatcode":"2006WK020219","rubriek":"wijk","FID":"wijk_gegeneraliseerd_2006.2a9a2480-b62f-4387-b58c-b896b05e859f"},"id":"WK020219"},{"arcs":[[-1637,1637,1638,1639,-1627]],"type":"Polygon","properties":{"id":56600,"statcode":"WK020220","statnaam":"Wijk 20 Elden","jrstatcode":"2006WK020220","rubriek":"wijk","FID":"wijk_gegeneraliseerd_2006.b13cc3df-aeec-4247-b7ee-5890a47ffeae"},"id":"WK020220"},{"arcs":[[-1628,-1640,1640,1641]],"type":"Polygon","properties":{"id":56601,"statcode":"WK020221","statnaam":"Wijk 21 Elderveld","jrstatcode":"2006WK020221","rubriek":"wijk","FID":"wijk_gegeneraliseerd_2006.c1246b5e-fcfc-4771-8909-c432f6262786"},"id":"WK020221"},{"arcs":[[1642,1643,1644,-1641,-1639]],"type":"Polygon","properties":{"id":56602,"statcode":"WK020222","statnaam":"Wijk 22 De Laar","jrstatcode":"2006WK020222","rubriek":"wijk","FID":"wijk_gegeneraliseerd_2006.dfcc03c3-1bd0-4ab5-a4ee-86a1d77d9964"},"id":"WK020222"},{"arcs":[[1645,1646,1647,-1643,-1638,-1636]],"type":"Polygon","properties":{"id":56603,"statcode":"WK020223","statnaam":"Wijk 23 Rijkerswoerd","jrstatcode":"2006WK020223","rubriek":"wijk","FID":"wijk_gegeneraliseerd_2006.264d5678-ae14-4ad0-8ab1-856ef02db331"},"id":"WK020223"},{"arcs":[[-1645,1648,1649,1650,-1629,-1642]],"type":"Polygon","properties":{"id":56604,"statcode":"WK020224","statnaam":"Wijk 24 Schuytgraaf","jrstatcode":"2006WK020224","rubriek":"wijk","FID":"wijk_gegeneraliseerd_2006.d2068642-643a-476e-920c-6bc0f7b5547a"},"id":"WK020224"},{"arcs":[[1651,1652,1653,1654,1655,1656,1657]],"type":"Polygon","properties":{"id":56605,"statcode":"WK020300","statnaam":"Wijk 00 Barneveld","jrstatcode":"2006WK020300","rubriek":"wijk","FID":"wijk_gegeneraliseerd_2006.74036fd3-b8b3-45c8-ba57-11bbe119d7c4"},"id":"WK020300"},{"arcs":[[1658,1659,-1658,1660,1661,1662,1663,1664]],"type":"Polygon","properties":{"id":56606,"statcode":"WK020301","statnaam":"Wijk 01 Voorthuizen","jrstatcode":"2006WK020301","rubriek":"wijk","FID":"wijk_gegeneraliseerd_2006.666edff6-3787-4d5c-9d3b-2ab60a05e186"},"id":"WK020301"},{"arcs":[[-1547,-1551,1665,1666,-1652,-1660,1667,1668]],"type":"Polygon","properties":{"id":56607,"statcode":"WK020302","statnaam":"Wijk 02 Garderen-Kootwijk","jrstatcode":"2006WK020302","rubriek":"wijk","FID":"wijk_gegeneraliseerd_2006.8c523a02-b999-42dd-92da-67d29135610e"},"id":"WK020302"},{"arcs":[[1669,1670,1671,1672,1673]],"type":"Polygon","properties":{"id":56608,"statcode":"WK020901","statnaam":"Wijk 01 Beuningen","jrstatcode":"2006WK020901","rubriek":"wijk","FID":"wijk_gegeneraliseerd_2006.153f0f9d-ff2d-468c-848f-f3ae1cae87d2"},"id":"WK020901"},{"arcs":[[1674,-1674,1675,1676,1677,1678]],"type":"Polygon","properties":{"id":56609,"statcode":"WK020902","statnaam":"Wijk 02 Ewijk","jrstatcode":"2006WK020902","rubriek":"wijk","FID":"wijk_gegeneraliseerd_2006.ff05eae5-beac-40bd-823f-bf98693de2fc"},"id":"WK020902"},{"arcs":[[-1671,1679,1680,1681,1682]],"type":"Polygon","properties":{"id":56610,"statcode":"WK020903","statnaam":"Wijk 03 Weurt","jrstatcode":"2006WK020903","rubriek":"wijk","FID":"wijk_gegeneraliseerd_2006.9178fe25-fb0a-46f7-9487-35037a974934"},"id":"WK020903"},{"arcs":[[1683,-1678,1684,1685,1686]],"type":"Polygon","properties":{"id":56611,"statcode":"WK020904","statnaam":"Wijk 04 Winssen","jrstatcode":"2006WK020904","rubriek":"wijk","FID":"wijk_gegeneraliseerd_2006.44192339-e1b8-4088-8a32-ffedb80dc87f"},"id":"WK020904"},{"arcs":[[1687,1688,-1566,1689,1690]],"type":"Polygon","properties":{"id":56612,"statcode":"WK021301","statnaam":"Wijk 01 Empe","jrstatcode":"2006WK021301","rubriek":"wijk","FID":"wijk_gegeneraliseerd_2006.b42eba1e-9661-465e-84d4-578af3e5f476"},"id":"WK021301"},{"arcs":[[1691,1692,-1688,1693]],"type":"Polygon","properties":{"id":56613,"statcode":"WK021302","statnaam":"Wijk 02 Tonden","jrstatcode":"2006WK021302","rubriek":"wijk","FID":"wijk_gegeneraliseerd_2006.98a9eb2b-d3dc-4766-9569-ed7c628d99f4"},"id":"WK021302"},{"arcs":[[-1692,1694,1695,1696,1697,1698]],"type":"Polygon","properties":{"id":56614,"statcode":"WK021303","statnaam":"Wijk 03 Brummen","jrstatcode":"2006WK021303","rubriek":"wijk","FID":"wijk_gegeneraliseerd_2006.7287cebd-ec46-497e-959d-540fa88d4974"},"id":"WK021303"},{"arcs":[[1699,1700,1701,-1698]],"type":"Polygon","properties":{"id":56615,"statcode":"WK021304","statnaam":"Wijk 04 Leuvenheim","jrstatcode":"2006WK021304","rubriek":"wijk","FID":"wijk_gegeneraliseerd_2006.1a61e8db-066b-45b8-99fd-8a6d26be6c5e"},"id":"WK021304"},{"arcs":[[-1693,-1699,-1702,1702,1703,-1567,-1689]],"type":"Polygon","properties":{"id":56616,"statcode":"WK021305","statnaam":"Wijk 05 Hall","jrstatcode":"2006WK021305","rubriek":"wijk","FID":"wijk_gegeneraliseerd_2006.341621f3-7c09-4915-b052-2e0d46e1ac3c"},"id":"WK021305"},{"arcs":[[-1704,1704,1705,-1557]],"type":"Polygon","properties":{"id":56617,"statcode":"WK021306","statnaam":"Wijk 06 Eerbeek","jrstatcode":"2006WK021306","rubriek":"wijk","FID":"wijk_gegeneraliseerd_2006.9054287a-a129-4ad7-8d3e-78abf28e3c18"},"id":"WK021306"},{"arcs":[[1706,1707,1708,1709,1710]],"type":"Polygon","properties":{"id":56618,"statcode":"WK021400","statnaam":"Wijk 00 Buren","jrstatcode":"2006WK021400","rubriek":"wijk","FID":"wijk_gegeneraliseerd_2006.18959359-dde2-4374-b225-c647cd313621"},"id":"WK021400"},{"arcs":[[-1709,1711,1712,1713,1714]],"type":"Polygon","properties":{"id":56619,"statcode":"WK021401","statnaam":"Wijk 01 Beusichem","jrstatcode":"2006WK021401","rubriek":"wijk","FID":"wijk_gegeneraliseerd_2006.4376f58c-0d34-4032-9311-218f6a8e1e5c"},"id":"WK021401"},{"arcs":[[1715,1716,1717,1718,1719,1720,1721,1722,1723,-1711]],"type":"Polygon","properties":{"id":56620,"statcode":"WK021402","statnaam":"Wijk 02 Zoelen","jrstatcode":"2006WK021402","rubriek":"wijk","FID":"wijk_gegeneraliseerd_2006.4911d7ee-66a9-4d7c-9cfc-9aad385af407"},"id":"WK021402"},{"arcs":[[1724,-1719,1725,1726,1727,1728]],"type":"Polygon","properties":{"id":56621,"statcode":"WK021403","statnaam":"Wijk 03 Lienden","jrstatcode":"2006WK021403","rubriek":"wijk","FID":"wijk_gegeneraliseerd_2006.107fb64b-2f02-4e1d-bc04-172715c1dbba"},"id":"WK021403"},{"arcs":[[1729,1730,-1726,-1718,1731]],"type":"Polygon","properties":{"id":56622,"statcode":"WK021404","statnaam":"Wijk 04 Ingen","jrstatcode":"2006WK021404","rubriek":"wijk","FID":"wijk_gegeneraliseerd_2006.d2b11a94-cfae-4b3e-a1a4-c07271e20d36"},"id":"WK021404"},{"arcs":[[-1717,1732,1733,1734,-1732]],"type":"Polygon","properties":{"id":56623,"statcode":"WK021405","statnaam":"Wijk 05 Maurik","jrstatcode":"2006WK021405","rubriek":"wijk","FID":"wijk_gegeneraliseerd_2006.a9aabf28-4326-493d-8ef7-a756e60b8aa8"},"id":"WK021405"},{"arcs":[[-1733,-1716,-1710,-1715,1735]],"type":"Polygon","properties":{"id":56624,"statcode":"WK021406","statnaam":"Wijk 06 Ravenswaaij","jrstatcode":"2006WK021406","rubriek":"wijk","FID":"wijk_gegeneraliseerd_2006.70507e9b-9ac1-4c6e-9e5d-c0d649d95f6d"},"id":"WK021406"},{"arcs":[[1736,-1713,1737,1738,1739,1740,1741]],"type":"Polygon","properties":{"id":56625,"statcode":"WK021600","statnaam":"Wijk 00","jrstatcode":"2006WK021600","rubriek":"wijk","FID":"wijk_gegeneraliseerd_2006.02d8529f-f621-4948-a815-0dd5a193fc2a"},"id":"WK021600"},{"arcs":[[1742,1743,1744,1745]],"type":"Polygon","properties":{"id":56626,"statcode":"WK022100","statnaam":"Wijk 00","jrstatcode":"2006WK022100","rubriek":"wijk","FID":"wijk_gegeneraliseerd_2006.bc989159-1deb-4e1a-ab1c-8507b7b12c2a"},"id":"WK022100"},{"arcs":[[1746,1747,1748,1749,1750,1751]],"type":"Polygon","properties":{"id":56627,"statcode":"WK022201","statnaam":"Wijk 01 Doetinchem Centrum","jrstatcode":"2006WK022201","rubriek":"wijk","FID":"wijk_gegeneraliseerd_2006.bd4c9951-8a27-4fd8-ad11-c213394eb0f9"},"id":"WK022201"},{"arcs":[[-1749,1752,1753,1754,1755]],"type":"Polygon","properties":{"id":56628,"statcode":"WK022202","statnaam":"Wijk 02","jrstatcode":"2006WK022202","rubriek":"wijk","FID":"wijk_gegeneraliseerd_2006.78aba3bf-35f3-4046-8c01-3a196c9e5871"},"id":"WK022202"},{"arcs":[[1756,-1750,-1756,1757]],"type":"Polygon","properties":{"id":56629,"statcode":"WK022203","statnaam":"Wijk 03","jrstatcode":"2006WK022203","rubriek":"wijk","FID":"wijk_gegeneraliseerd_2006.c8cc99ba-36f0-4c61-959d-4949245715b3"},"id":"WK022203"},{"arcs":[[1758,-1758,-1755,1759,1760,1761]],"type":"Polygon","properties":{"id":56630,"statcode":"WK022204","statnaam":"Wijk 04","jrstatcode":"2006WK022204","rubriek":"wijk","FID":"wijk_gegeneraliseerd_2006.fcb1c572-f605-4081-ad6f-0547b7283bb3"},"id":"WK022204"},{"arcs":[[-1759,1762,1763,1764,1765,1766,-1751,-1757]],"type":"Polygon","properties":{"id":56631,"statcode":"WK022205","statnaam":"Wijk 05","jrstatcode":"2006WK022205","rubriek":"wijk","FID":"wijk_gegeneraliseerd_2006.3975b94f-2bbb-4964-89ff-82539f7266b5"},"id":"WK022205"},{"arcs":[[-1767,1767,1768,1769,1770,-1752]],"type":"Polygon","properties":{"id":56632,"statcode":"WK022206","statnaam":"Wijk 06","jrstatcode":"2006WK022206","rubriek":"wijk","FID":"wijk_gegeneraliseerd_2006.b75a20d2-ddec-4a1b-abb5-4f84d49e421d"},"id":"WK022206"},{"arcs":[[-1768,-1766,1771,1772,1773]],"type":"Polygon","properties":{"id":56633,"statcode":"WK022207","statnaam":"Wijk 07","jrstatcode":"2006WK022207","rubriek":"wijk","FID":"wijk_gegeneraliseerd_2006.00d59da6-e599-4708-a347-d48ec05f6bf3"},"id":"WK022207"},{"arcs":[[1774,1775,-1747,-1771]],"type":"Polygon","properties":{"id":56634,"statcode":"WK022208","statnaam":"Wijk 08","jrstatcode":"2006WK022208","rubriek":"wijk","FID":"wijk_gegeneraliseerd_2006.fd5edeba-f504-46d9-8a94-0a922ce58f56"},"id":"WK022208"},{"arcs":[[-1776,1776,1777,-1753,-1748]],"type":"Polygon","properties":{"id":56635,"statcode":"WK022209","statnaam":"Wijk 09","jrstatcode":"2006WK022209","rubriek":"wijk","FID":"wijk_gegeneraliseerd_2006.9c205807-2496-476c-a0d3-c0fcfe7636ae"},"id":"WK022209"},{"arcs":[[-1763,-1762,1778,1779]],"type":"Polygon","properties":{"id":56636,"statcode":"WK022211","statnaam":"Buitengebied Doetinchem","jrstatcode":"2006WK022211","rubriek":"wijk","FID":"wijk_gegeneraliseerd_2006.92657e76-3cc5-4c34-85ef-75e993dd36e9"},"id":"WK022211"},{"arcs":[[-1774,1780,1781,1782,1783,-1769]],"type":"Polygon","properties":{"id":56637,"statcode":"WK022231","statnaam":"Wijk 31 Wehl","jrstatcode":"2006WK022231","rubriek":"wijk","FID":"wijk_gegeneraliseerd_2006.5154c162-9b8b-4ab5-926d-d9e1b3ffdbaa"},"id":"WK022231"},{"arcs":[[1784,1785,1786,1787,1788,1789,1790,1791,-1686]],"type":"Polygon","properties":{"id":56638,"statcode":"WK022501","statnaam":"Wijk 01 Druten","jrstatcode":"2006WK022501","rubriek":"wijk","FID":"wijk_gegeneraliseerd_2006.18799d1a-9d75-4507-94fd-aaca1c60a010"},"id":"WK022501"},{"arcs":[[-1498,-1504,1792,1793,1794,1795,1796,1797]],"type":"Polygon","properties":{"id":56639,"statcode":"WK022600","statnaam":"Wijk 00","jrstatcode":"2006WK022600","rubriek":"wijk","FID":"wijk_gegeneraliseerd_2006.66d4d599-0ac0-45e8-a70c-e71c651485ec"},"id":"WK022600"},{"arcs":[[1798,1799,1800]],"type":"Polygon","properties":{"id":56640,"statcode":"WK022801","statnaam":"Wijk 01 Ede Oost","jrstatcode":"2006WK022801","rubriek":"wijk","FID":"wijk_gegeneraliseerd_2006.36999446-c2a4-4e00-8359-d6fe1d8a7a68"},"id":"WK022801"},{"arcs":[[1801,1802,1803,-1801]],"type":"Polygon","properties":{"id":56641,"statcode":"WK022802","statnaam":"Wijk 02 Ede West","jrstatcode":"2006WK022802","rubriek":"wijk","FID":"wijk_gegeneraliseerd_2006.36387669-eef1-4be1-95c2-25c081fcc8ff"},"id":"WK022802"},{"arcs":[[-1803,1804,1805,1806,1807]],"type":"Polygon","properties":{"id":56642,"statcode":"WK022803","statnaam":"Wijk 03 Veldhuizen","jrstatcode":"2006WK022803","rubriek":"wijk","FID":"wijk_gegeneraliseerd_2006.6fda37fe-f3ca-41c5-9731-00fe3c6a3598"},"id":"WK022803"},{"arcs":[[-1808,1808]],"type":"Polygon","properties":{"id":56643,"statcode":"WK022804","statnaam":"Wijk 04 Kernhem","jrstatcode":"2006WK022804","rubriek":"wijk","FID":"wijk_gegeneraliseerd_2006.e7dd29b6-96c4-449f-8735-846eaaa87f26"},"id":"WK022804"},{"arcs":[[1809,-1805,-1802,-1800,1810,1811,1812]],"type":"Polygon","properties":{"id":56644,"statcode":"WK022810","statnaam":"Wijk 10 Ede Zuid","jrstatcode":"2006WK022810","rubriek":"wijk","FID":"wijk_gegeneraliseerd_2006.ca0d5961-49f0-48d2-b621-d085f0941254"},"id":"WK022810"},{"arcs":[[1813,1814,-1813]],"type":"Polygon","properties":{"id":56645,"statcode":"WK022811","statnaam":"Wijk 11","jrstatcode":"2006WK022811","rubriek":"wijk","FID":"wijk_gegeneraliseerd_2006.24ffa42d-7290-4834-be29-28ccad55b795"},"id":"WK022811"},{"arcs":[[-1815,1815,1816,1817]],"type":"Polygon","properties":{"id":56646,"statcode":"WK022812","statnaam":"Wijk 12","jrstatcode":"2006WK022812","rubriek":"wijk","FID":"wijk_gegeneraliseerd_2006.66b70f64-3c2e-43fb-b4aa-b14269433e6d"},"id":"WK022812"},{"arcs":[[1818,-1806,-1810,-1818]],"type":"Polygon","properties":{"id":56647,"statcode":"WK022813","statnaam":"Wijk 13 Bedrijventerrein","jrstatcode":"2006WK022813","rubriek":"wijk","FID":"wijk_gegeneraliseerd_2006.af936547-590a-471e-9ac3-4e10c37d1494"},"id":"WK022813"},{"arcs":[[-1804,-1809,-1807,-1819,-1817,1819,1820,1821,1822,1823,1824,1825,1826,1827,1828,-1811,-1799]],"type":"Polygon","properties":{"id":56648,"statcode":"WK022820","statnaam":"Wijk 20 Buitengebied Ede","jrstatcode":"2006WK022820","rubriek":"wijk","FID":"wijk_gegeneraliseerd_2006.c23b009c-5994-4cd2-9c1c-2af4c15ae961"},"id":"WK022820"},{"arcs":[[1829,1830,1831,-1820,-1816,-1814,-1812,-1829,1832,1833]],"type":"Polygon","properties":{"id":56649,"statcode":"WK022830","statnaam":"Wijk 30 Bennekom","jrstatcode":"2006WK022830","rubriek":"wijk","FID":"wijk_gegeneraliseerd_2006.b8e7d2d1-a2e1-49eb-b6de-567306bc23bc"},"id":"WK022830"},{"arcs":[[1834,-1653,-1667,1835,1836,-1824,1837]],"type":"Polygon","properties":{"id":56650,"statcode":"WK022840","statnaam":"Wijk 40 Lunteren","jrstatcode":"2006WK022840","rubriek":"wijk","FID":"wijk_gegeneraliseerd_2006.1a51c136-43e4-4159-b142-0b3e4753397a"},"id":"WK022840"},{"arcs":[[-1823,1838,1839,1840,-1838]],"type":"Polygon","properties":{"id":56651,"statcode":"WK022850","statnaam":"Wijk 50 Ederveen","jrstatcode":"2006WK022850","rubriek":"wijk","FID":"wijk_gegeneraliseerd_2006.d6e17403-ce56-47a5-90e6-718640917693"},"id":"WK022850"},{"arcs":[[-1822,1841,1842,-1839]],"type":"Polygon","properties":{"id":56652,"statcode":"WK022860","statnaam":"Wijk 60","jrstatcode":"2006WK022860","rubriek":"wijk","FID":"wijk_gegeneraliseerd_2006.9bf84e11-56ba-409a-8628-43bdfb469eef"},"id":"WK022860"},{"arcs":[[1843,-1836,-1666,-1550,-1553,1844]],"type":"Polygon","properties":{"id":56653,"statcode":"WK022870","statnaam":"Wijk 70 Harskamp","jrstatcode":"2006WK022870","rubriek":"wijk","FID":"wijk_gegeneraliseerd_2006.a6401173-a44a-47cb-9b79-41101612c4f3"},"id":"WK022870"},{"arcs":[[1845,-1825,-1837,-1844]],"type":"Polygon","properties":{"id":56654,"statcode":"WK022880","statnaam":"Wijk 80","jrstatcode":"2006WK022880","rubriek":"wijk","FID":"wijk_gegeneraliseerd_2006.0e9ed93a-6702-42b1-b69d-31ff2c6e9a02"},"id":"WK022880"},{"arcs":[[-1845,-1556,-1560,-1618,1846,-1826,-1846]],"type":"Polygon","properties":{"id":56655,"statcode":"WK022890","statnaam":"Wijk 90","jrstatcode":"2006WK022890","rubriek":"wijk","FID":"wijk_gegeneraliseerd_2006.8a50cbd4-6089-44bb-a78c-4d2e82896f03"},"id":"WK022890"},{"arcs":[[1847,1848,1849,1850,1851]],"type":"Polygon","properties":{"id":56656,"statcode":"WK023001","statnaam":"Wijk 01 Elburg","jrstatcode":"2006WK023001","rubriek":"wijk","FID":"wijk_gegeneraliseerd_2006.2dfa93b9-fd62-4b79-af41-375ed4aff5c0"},"id":"WK023001"},{"arcs":[[-1850,1852,1853,1854,1855,1856]],"type":"Polygon","properties":{"id":56657,"statcode":"WK023002","statnaam":"Wijk 02","jrstatcode":"2006WK023002","rubriek":"wijk","FID":"wijk_gegeneraliseerd_2006.7b3618e2-2ea7-405c-8e87-f75c7ae8c883"},"id":"WK023002"},{"arcs":[[1857,-1851,-1857,1858]],"type":"Polygon","properties":{"id":56658,"statcode":"WK023003","statnaam":"Wijk 03 Doornspijk","jrstatcode":"2006WK023003","rubriek":"wijk","FID":"wijk_gegeneraliseerd_2006.661c02f2-4496-49a9-be30-7fd1fe358db2"},"id":"WK023003"},{"arcs":[[1859,1860,1861]],"type":"Polygon","properties":{"id":56659,"statcode":"WK023200","statnaam":"Wijk 00 Epe","jrstatcode":"2006WK023200","rubriek":"wijk","FID":"wijk_gegeneraliseerd_2006.b63ae209-e114-4507-b32e-57ee75295d5e"},"id":"WK023200"},{"arcs":[[1862,1863,1864,1865,1866,1867,-1862]],"type":"Polygon","properties":{"id":56660,"statcode":"WK023201","statnaam":"Wijk 01 Emst","jrstatcode":"2006WK023201","rubriek":"wijk","FID":"wijk_gegeneraliseerd_2006.05033efc-ece0-45ce-883f-1fc6850aa8cd"},"id":"WK023201"},{"arcs":[[1868,-1867,1869,1870,-1573]],"type":"Polygon","properties":{"id":56661,"statcode":"WK023202","statnaam":"Wijk 02 Vaassen","jrstatcode":"2006WK023202","rubriek":"wijk","FID":"wijk_gegeneraliseerd_2006.24cd5aa9-276b-463d-a437-987ed3601577"},"id":"WK023202"},{"arcs":[[-1868,-1869,-1572,-1544,1871,-1854,1872,1873,-1860]],"type":"Polygon","properties":{"id":56662,"statcode":"WK023203","statnaam":"Wijk 03 Bosgebied","jrstatcode":"2006WK023203","rubriek":"wijk","FID":"wijk_gegeneraliseerd_2006.21ba752f-44fe-4c8a-a94c-bdbba59e93e0"},"id":"WK023203"},{"arcs":[[1874,1875,1876,1877,1878,1879,1880]],"type":"Polygon","properties":{"id":56663,"statcode":"WK023300","statnaam":"Wijk 00 Ermelo","jrstatcode":"2006WK023300","rubriek":"wijk","FID":"wijk_gegeneraliseerd_2006.cd91adfb-9140-4dd0-a776-d2408963f15c"},"id":"WK023300"},{"arcs":[[1881,-1876,1882,1883,1884,-1548,-1669]],"type":"Polygon","properties":{"id":56664,"statcode":"WK023301","statnaam":"Wijk 01 Speuld","jrstatcode":"2006WK023301","rubriek":"wijk","FID":"wijk_gegeneraliseerd_2006.e1de00ee-2e67-4726-a661-0379f26c11cf"},"id":"WK023301"},{"arcs":[[-1707,-1724,1885,1886,1887,1888]],"type":"Polygon","properties":{"id":56665,"statcode":"WK023600","statnaam":"Wijk 00 Geldermalsen","jrstatcode":"2006WK023600","rubriek":"wijk","FID":"wijk_gegeneraliseerd_2006.55d6a731-1e16-49d9-ae42-82e6d748502a"},"id":"WK023600"},{"arcs":[[-1888,1889,1890,1891,1892,1893]],"type":"Polygon","properties":{"id":56666,"statcode":"WK023601","statnaam":"Wijk 01 Deil","jrstatcode":"2006WK023601","rubriek":"wijk","FID":"wijk_gegeneraliseerd_2006.850e41f2-aaba-469b-84c0-091ffb9b2272"},"id":"WK023601"},{"arcs":[[1894,1895,1896,-1739,1897,-1893]],"type":"Polygon","properties":{"id":56667,"statcode":"WK023602","statnaam":"Wijk 02 Beesd","jrstatcode":"2006WK023602","rubriek":"wijk","FID":"wijk_gegeneraliseerd_2006.b7d4e7e7-0f07-42c1-aacd-4fa7d024a3e1"},"id":"WK023602"},{"arcs":[[-1894,-1898,-1738,-1712,-1708,-1889]],"type":"Polygon","properties":{"id":56668,"statcode":"WK023603","statnaam":"Wijk 03 Buurmalsen","jrstatcode":"2006WK023603","rubriek":"wijk","FID":"wijk_gegeneraliseerd_2006.1c87e110-3a1e-4671-ad28-21b676f84f73"},"id":"WK023603"},{"arcs":[[1898,1899,1900,1901]],"type":"Polygon","properties":{"id":56669,"statcode":"WK024000","statnaam":"Wijk 00 Groenlo","jrstatcode":"2006WK024000","rubriek":"wijk","FID":"wijk_gegeneraliseerd_2006.0cbadfd6-dc15-4c64-bcaa-a5a2c270cecb"},"id":"WK024000"},{"arcs":[[[1902,1903,-1901,1904,1905,1906,-1517,-1514]],[[-1899,1907,1908]]],"type":"MultiPolygon","properties":{"id":56670,"statcode":"WK024001","statnaam":"Wijk 01 Lichtenvoorde. Vragender en Lievelde","jrstatcode":"2006WK024001","rubriek":"wijk","FID":"wijk_gegeneraliseerd_2006.6eac9c3b-6ff7-49a1-82c4-b8b24e0d6bce"},"id":"WK024001"},{"arcs":[[1909,-1903,-1513,1910,1911,1912]],"type":"Polygon","properties":{"id":56671,"statcode":"WK024002","statnaam":"Wijk 02 Harreveld-Zieuwent","jrstatcode":"2006WK024002","rubriek":"wijk","FID":"wijk_gegeneraliseerd_2006.ab8a81c8-259e-4fe1-bb0c-8ef73a03bdb6"},"id":"WK024002"},{"arcs":[[1913,1914,1915,1916,1917,1918,1919]],"type":"Polygon","properties":{"id":56672,"statcode":"WK024100","statnaam":"Wijk 00 Groesbeek","jrstatcode":"2006WK024100","rubriek":"wijk","FID":"wijk_gegeneraliseerd_2006.33ce2a0c-ca83-47db-95a9-56d014d718dd"},"id":"WK024100"},{"arcs":[[1920,1921,-1916,1922]],"type":"Polygon","properties":{"id":56673,"statcode":"WK024101","statnaam":"Wijk 01 Breedeweg-Horst","jrstatcode":"2006WK024101","rubriek":"wijk","FID":"wijk_gegeneraliseerd_2006.7b143750-d274-4e00-9070-ab297fdc268b"},"id":"WK024101"},{"arcs":[[1923,1924,1925,1926,1927]],"type":"Polygon","properties":{"id":56674,"statcode":"WK024301","statnaam":"Wijk 01 Binnenstad","jrstatcode":"2006WK024301","rubriek":"wijk","FID":"wijk_gegeneraliseerd_2006.65a89305-a2b1-432b-92e7-c7c0145d6426"},"id":"WK024301"},{"arcs":[[1928,1929,1930,-1928,1931,-303]],"type":"Polygon","properties":{"id":56675,"statcode":"WK024302","statnaam":"Wijk 02 Waterfront","jrstatcode":"2006WK024302","rubriek":"wijk","FID":"wijk_gegeneraliseerd_2006.68b60856-e7b4-4171-aebd-12238c0d434e"},"id":"WK024302"},{"arcs":[[1932,1933,-1924,-1931,1934]],"type":"Polygon","properties":{"id":56676,"statcode":"WK024303","statnaam":"Wijk 03 Zeebuurt","jrstatcode":"2006WK024303","rubriek":"wijk","FID":"wijk_gegeneraliseerd_2006.8752fac4-855e-4312-beea-f8cd7fcafb68"},"id":"WK024303"},{"arcs":[[1935,1936,1937,-1925,-1934]],"type":"Polygon","properties":{"id":56677,"statcode":"WK024304","statnaam":"Wijk 04 Friese Gracht","jrstatcode":"2006WK024304","rubriek":"wijk","FID":"wijk_gegeneraliseerd_2006.1c3ebc0d-aaf0-423a-8f4c-1de2fc8ee277"},"id":"WK024304"},{"arcs":[[1938,1939,-1936,-1933,1940]],"type":"Polygon","properties":{"id":56678,"statcode":"WK024305","statnaam":"Wijk 05 Stadsdennen","jrstatcode":"2006WK024305","rubriek":"wijk","FID":"wijk_gegeneraliseerd_2006.350e35f1-6111-4e31-9c6b-dd0945377a5e"},"id":"WK024305"},{"arcs":[[1941,1942,-1937,-1940]],"type":"Polygon","properties":{"id":56679,"statcode":"WK024306","statnaam":"Sypel","jrstatcode":"2006WK024306","rubriek":"wijk","FID":"wijk_gegeneraliseerd_2006.4d206e84-e618-448c-8872-05aea3fdbf9f"},"id":"WK024306"},{"arcs":[[-1943,1943,1944]],"type":"Polygon","properties":{"id":56680,"statcode":"WK024307","statnaam":"Weiburg","jrstatcode":"2006WK024307","rubriek":"wijk","FID":"wijk_gegeneraliseerd_2006.ac0c239f-c94d-4c21-97a9-eff5059ad026"},"id":"WK024307"},{"arcs":[[-1938,-1945,1945,1946,-1880,1947,-1926]],"type":"Polygon","properties":{"id":56681,"statcode":"WK024308","statnaam":"Stadsweiden","jrstatcode":"2006WK024308","rubriek":"wijk","FID":"wijk_gegeneraliseerd_2006.57fc5144-d112-424e-9365-f111e56b25c6"},"id":"WK024308"},{"arcs":[[1948,1949,-1946,-1944]],"type":"Polygon","properties":{"id":56682,"statcode":"WK024309","statnaam":"Wijk 09 Slingerbos","jrstatcode":"2006WK024309","rubriek":"wijk","FID":"wijk_gegeneraliseerd_2006.8a56f08d-2be0-4493-978b-db5e21dd26b3"},"id":"WK024309"},{"arcs":[[1950,-1949,-1942,-1939,1951,1952]],"type":"Polygon","properties":{"id":56683,"statcode":"WK024310","statnaam":"Wijk 10 Tweelingstad","jrstatcode":"2006WK024310","rubriek":"wijk","FID":"wijk_gegeneraliseerd_2006.02bd17b5-40dc-470c-b969-aef4b23d8101"},"id":"WK024310"},{"arcs":[[1953,1954,1955,1956,-1952,-1941]],"type":"Polygon","properties":{"id":56684,"statcode":"WK024311","statnaam":"Frankrijk","jrstatcode":"2006WK024311","rubriek":"wijk","FID":"wijk_gegeneraliseerd_2006.53a99304-7ed1-4da6-87fd-85644cc769d7"},"id":"WK024311"},{"arcs":[[-1947,-1950,-1951,1957,-1881]],"type":"Polygon","properties":{"id":56685,"statcode":"WK024312","statnaam":"Drielanden","jrstatcode":"2006WK024312","rubriek":"wijk","FID":"wijk_gegeneraliseerd_2006.73344a40-9a20-45dc-8549-212894c89929"},"id":"WK024312"},{"arcs":[[1958,1959,-1954,-1935,-1930,1960]],"type":"Polygon","properties":{"id":56686,"statcode":"WK024313","statnaam":"Wijk 13 Industriegebied","jrstatcode":"2006WK024313","rubriek":"wijk","FID":"wijk_gegeneraliseerd_2006.10d88b72-1423-4a4b-826a-77f9fb00bc4e"},"id":"WK024313"},{"arcs":[[-1958,-1953,-1957,1961,1962,-1883,-1875]],"type":"Polygon","properties":{"id":56687,"statcode":"WK024314","statnaam":"Wijk 14 Buitengebied Harderwijk","jrstatcode":"2006WK024314","rubriek":"wijk","FID":"wijk_gegeneraliseerd_2006.cae335d7-1924-47ab-b2f9-af113fd7c6d7"},"id":"WK024314"},{"arcs":[[1963,-1955,-1960]],"type":"Polygon","properties":{"id":56688,"statcode":"WK024315","statnaam":"Wijk 15 Hierden","jrstatcode":"2006WK024315","rubriek":"wijk","FID":"wijk_gegeneraliseerd_2006.c26313a5-6f87-4480-a5bb-99115cf39de0"},"id":"WK024315"},{"arcs":[[-1962,-1956,-1964,-1959,1964,1965]],"type":"Polygon","properties":{"id":56689,"statcode":"WK024316","statnaam":"Wijk 16 Buitengebeid Hierden","jrstatcode":"2006WK024316","rubriek":"wijk","FID":"wijk_gegeneraliseerd_2006.204951c7-9705-4cc9-8621-8fd841a071d2"},"id":"WK024316"},{"arcs":[[1966,1967,-1490,-1495,1968]],"type":"Polygon","properties":{"id":56690,"statcode":"WK024400","statnaam":"Wijk 00 Hattem","jrstatcode":"2006WK024400","rubriek":"wijk","FID":"wijk_gegeneraliseerd_2006.fdf81768-b61a-4632-89e4-2f5c6b82ad1f"},"id":"WK024400"},{"arcs":[[-1471,-1491,-1968,1969,-1272,-1475]],"type":"Polygon","properties":{"id":56691,"statcode":"WK024401","statnaam":"Wijk 01 Polder Hattem en Molecaten","jrstatcode":"2006WK024401","rubriek":"wijk","FID":"wijk_gegeneraliseerd_2006.af585c74-bb2a-41ae-a42a-3bfdef97e0d7"},"id":"WK024401"},{"arcs":[[1970,1971,1972,-1863,-1861,-1874,1973,1974]],"type":"Polygon","properties":{"id":56692,"statcode":"WK024600","statnaam":"Wijk 00 Heerde","jrstatcode":"2006WK024600","rubriek":"wijk","FID":"wijk_gegeneraliseerd_2006.a795828b-4808-44f6-b96f-5ec48a8ad428"},"id":"WK024600"},{"arcs":[[1975,-1969,-1494,1976,-1975]],"type":"Polygon","properties":{"id":56693,"statcode":"WK024601","statnaam":"Wijk 01 Wapenveld","jrstatcode":"2006WK024601","rubriek":"wijk","FID":"wijk_gegeneraliseerd_2006.ee0a8ffc-0f7f-481a-9445-21fb9b7f49ee"},"id":"WK024601"},{"arcs":[[1977,1978,-1919,1979,1980,1981,1982,1983]],"type":"Polygon","properties":{"id":56694,"statcode":"WK025200","statnaam":"Wijk 00 Heumen","jrstatcode":"2006WK025200","rubriek":"wijk","FID":"wijk_gegeneraliseerd_2006.446bab04-282c-400a-8cdb-b3bcac0de85a"},"id":"WK025200"},{"arcs":[[1984,1985,1986,-1983,1987,1988,1989,1990]],"type":"Polygon","properties":{"id":56695,"statcode":"WK025201","statnaam":"Wijk 01 Overasselt","jrstatcode":"2006WK025201","rubriek":"wijk","FID":"wijk_gegeneraliseerd_2006.12874148-03c8-4f5b-9501-08e08519c36f"},"id":"WK025201"},{"arcs":[[1991,1992]],"type":"Polygon","properties":{"id":56696,"statcode":"WK026200","statnaam":"Wijk 00 Lochem kern","jrstatcode":"2006WK026200","rubriek":"wijk","FID":"wijk_gegeneraliseerd_2006.8d870ee5-c655-4ab2-89e0-3e2659fa6511"},"id":"WK026200"},{"arcs":[[1993,1994,1995,1996,1997,1998,1999,2000,-1993]],"type":"Polygon","properties":{"id":56697,"statcode":"WK026201","statnaam":"Wijk 01 Lochem buitengebied","jrstatcode":"2006WK026201","rubriek":"wijk","FID":"wijk_gegeneraliseerd_2006.e91223e4-1100-44ba-b8a9-1c9467b9d17a"},"id":"WK026201"},{"arcs":[[-2001,2001,2002,-1994,-1992]],"type":"Polygon","properties":{"id":56698,"statcode":"WK026202","statnaam":"Wijk 02 Laren","jrstatcode":"2006WK026202","rubriek":"wijk","FID":"wijk_gegeneraliseerd_2006.bcbfde30-4fc4-4a13-9cac-ad934aaaf062"},"id":"WK026202"},{"arcs":[[2003,-1997,2004,2005]],"type":"Polygon","properties":{"id":56699,"statcode":"WK026203","statnaam":"Wijk 03 Barchem","jrstatcode":"2006WK026203","rubriek":"wijk","FID":"wijk_gegeneraliseerd_2006.517e32dc-0a3b-4ac0-9156-b977bc1b850c"},"id":"WK026203"},{"arcs":[[2006,2007,2008,-1055,-1061,2009,2010,2011]],"type":"Polygon","properties":{"id":56700,"statcode":"WK026204","statnaam":"Wijk 04 Gorssel","jrstatcode":"2006WK026204","rubriek":"wijk","FID":"wijk_gegeneraliseerd_2006.4c9c5558-b07f-4b1b-8d8d-3160338cfdc7"},"id":"WK026204"},{"arcs":[[-2000,2012,-2010,-1060,-1071,2013,2014,-2002]],"type":"Polygon","properties":{"id":56701,"statcode":"WK026205","statnaam":"Wijk 01 Almen-Harfsen","jrstatcode":"2006WK026205","rubriek":"wijk","FID":"wijk_gegeneraliseerd_2006.14736303-02f6-4773-afeb-68c686c7ac31"},"id":"WK026205"},{"arcs":[[2015,2016,2017,2018,2019,2020,2021]],"type":"Polygon","properties":{"id":56702,"statcode":"WK026300","statnaam":"Wijk 00 Kerkdriel","jrstatcode":"2006WK026300","rubriek":"wijk","FID":"wijk_gegeneraliseerd_2006.7f918e33-bfc0-438a-8c72-5fdfaad30309"},"id":"WK026300"},{"arcs":[[2022,2023,2024,2025,2026]],"type":"Polygon","properties":{"id":56703,"statcode":"WK026301","statnaam":"Wijk 01 Ammerzoden","jrstatcode":"2006WK026301","rubriek":"wijk","FID":"wijk_gegeneraliseerd_2006.43a63c74-224c-480d-b636-fb19fb82847b"},"id":"WK026301"},{"arcs":[[2027,2028,-2027,2029,-2022]],"type":"Polygon","properties":{"id":56704,"statcode":"WK026302","statnaam":"Wijk 02 Hedel","jrstatcode":"2006WK026302","rubriek":"wijk","FID":"wijk_gegeneraliseerd_2006.00f34693-a1c8-40a2-856f-59ffd54732f2"},"id":"WK026302"},{"arcs":[[-2018,2030,2031,2032,2033,2034]],"type":"Polygon","properties":{"id":56705,"statcode":"WK026303","statnaam":"Wijk 03 Heerewaarden","jrstatcode":"2006WK026303","rubriek":"wijk","FID":"wijk_gegeneraliseerd_2006.931723e6-9c3d-44ef-95b4-765346ec29bf"},"id":"WK026303"},{"arcs":[[-2031,-2017,2035,2036,2037,2038,2039]],"type":"Polygon","properties":{"id":56706,"statcode":"WK026304","statnaam":"Wijk 04 Rossum","jrstatcode":"2006WK026304","rubriek":"wijk","FID":"wijk_gegeneraliseerd_2006.85f9ccfd-a5e0-4d02-8856-24dce5743343"},"id":"WK026304"},{"arcs":[[-1502,-1496,2040,2041,2042,2043]],"type":"Polygon","properties":{"id":56707,"statcode":"WK026500","statnaam":"Wijk 00","jrstatcode":"2006WK026500","rubriek":"wijk","FID":"wijk_gegeneraliseerd_2006.dc537a0f-3273-4a3b-9c95-9114df7d7da1"},"id":"WK026500"},{"arcs":[[2044,2045,2046,2047]],"type":"Polygon","properties":{"id":56708,"statcode":"WK026701","statnaam":"Wijk 01 Nijkerk","jrstatcode":"2006WK026701","rubriek":"wijk","FID":"wijk_gegeneraliseerd_2006.c1cd0d0c-527a-4780-b94d-896e90fcec5b"},"id":"WK026701"},{"arcs":[[2050,2051,-1665,2052,-2048,-2050]],"type":"Polygon","properties":{"id":56709,"statcode":"WK026702","statnaam":"Wijk 02","jrstatcode":"2006WK026702","rubriek":"wijk","FID":"wijk_gegeneraliseerd_2006.cf8e44ac-a6b7-4e15-85a4-1c48bb24a4da"},"id":"WK026702"},{"arcs":[[2053,2054,-2045,-2053,-1664,2055]],"type":"Polygon","properties":{"id":56710,"statcode":"WK026703","statnaam":"Wijk 03","jrstatcode":"2006WK026703","rubriek":"wijk","FID":"wijk_gegeneraliseerd_2006.feb61654-9108-4995-8406-2ad3472f0945"},"id":"WK026703"},{"arcs":[[2056,-2046,-2055,2057,2058,2059]],"type":"Polygon","properties":{"id":56711,"statcode":"WK026704","statnaam":"Wijk 04","jrstatcode":"2006WK026704","rubriek":"wijk","FID":"wijk_gegeneraliseerd_2006.866262ac-233e-43fa-9233-d95a9f0ef6f7"},"id":"WK026704"},{"arcs":[[-2056,-1663,2060,2061,2062,2063]],"type":"Polygon","properties":{"id":56712,"statcode":"WK026705","statnaam":"Wijk 05 Hoevelaken","jrstatcode":"2006WK026705","rubriek":"wijk","FID":"wijk_gegeneraliseerd_2006.e13c973e-4a92-4497-9bc9-72603ffa9295"},"id":"WK026705"},{"arcs":[[-1920,-1979,2064,2065,2066,2067]],"type":"Polygon","properties":{"id":56713,"statcode":"WK026800","statnaam":"Wijk 00 Nijmegen-Oost","jrstatcode":"2006WK026800","rubriek":"wijk","FID":"wijk_gegeneraliseerd_2006.b0cf7a67-5cb7-4636-a795-ae553b891981"},"id":"WK026800"},{"arcs":[[-2065,-1978,2068,2069]],"type":"Polygon","properties":{"id":56714,"statcode":"WK026801","statnaam":"Wijk 01 Nijmegen-Zuid","jrstatcode":"2006WK026801","rubriek":"wijk","FID":"wijk_gegeneraliseerd_2006.486a31d1-e600-42c7-84a9-ce1c919caa28"},"id":"WK026801"},{"arcs":[[-2066,-2070,2070,-1682,2071,2072]],"type":"Polygon","properties":{"id":56715,"statcode":"WK026802","statnaam":"Wijk 02 Nijmegen-West","jrstatcode":"2006WK026802","rubriek":"wijk","FID":"wijk_gegeneraliseerd_2006.9e53d9c9-2271-40ad-b8a5-80eb14d56860"},"id":"WK026802"},{"arcs":[[-2069,-1984,-1987,2073,2074,2075]],"type":"Polygon","properties":{"id":56716,"statcode":"WK026803","statnaam":"Wijk 03 Dukenburg","jrstatcode":"2006WK026803","rubriek":"wijk","FID":"wijk_gegeneraliseerd_2006.cf566ec0-8662-46ec-9597-afcb5743715f"},"id":"WK026803"},{"arcs":[[-1683,-2071,-2076,2076,-1672]],"type":"Polygon","properties":{"id":56717,"statcode":"WK026804","statnaam":"Wijk 04 Lindenholt","jrstatcode":"2006WK026804","rubriek":"wijk","FID":"wijk_gegeneraliseerd_2006.79f703ff-f7be-4666-a641-e44ff4d6e770"},"id":"WK026804"},{"arcs":[[2077,2078,-2072,-1681,2079,2080]],"type":"Polygon","properties":{"id":56718,"statcode":"WK026805","statnaam":"Wijk 05 Nijmegen-Noord","jrstatcode":"2006WK026805","rubriek":"wijk","FID":"wijk_gegeneraliseerd_2006.7f9fa826-d81a-47cc-9431-c39e062583fd"},"id":"WK026805"},{"arcs":[[2081,2082,-2078,2083]],"type":"Polygon","properties":{"id":56719,"statcode":"WK026806","statnaam":"Wijk 06 Ressen","jrstatcode":"2006WK026806","rubriek":"wijk","FID":"wijk_gegeneraliseerd_2006.99656669-cc67-46ed-9997-862b345e82f6"},"id":"WK026806"},{"arcs":[[2084,2085,-2067,-2073,-2079,-2083]],"type":"Polygon","properties":{"id":56720,"statcode":"WK026807","statnaam":"Wijk 07 Lent","jrstatcode":"2006WK026807","rubriek":"wijk","FID":"wijk_gegeneraliseerd_2006.8d57d9df-4713-494c-b1fd-7628b1be9ffe"},"id":"WK026807"},{"arcs":[[-1873,-1853,-1849,2086,2087,-1974]],"type":"Polygon","properties":{"id":56721,"statcode":"WK026900","statnaam":"Wijk 00 Oldebroek","jrstatcode":"2006WK026900","rubriek":"wijk","FID":"wijk_gegeneraliseerd_2006.2425608e-33cb-4fb1-8021-47598bdc517e"},"id":"WK026900"},{"arcs":[[-1967,-1976,-2088,2088,-1280,-1273,-1970]],"type":"Polygon","properties":{"id":56722,"statcode":"WK026901","statnaam":"Wijk 01 Wezep","jrstatcode":"2006WK026901","rubriek":"wijk","FID":"wijk_gegeneraliseerd_2006.a68469de-81d9-4c24-b9d5-8ecc705d6754"},"id":"WK026901"},{"arcs":[[-1848,2089,-1257,-1281,-2089,-2087]],"type":"Polygon","properties":{"id":56723,"statcode":"WK026902","statnaam":"Wijk 02 Oosterwolde","jrstatcode":"2006WK026902","rubriek":"wijk","FID":"wijk_gegeneraliseerd_2006.7d63ec5d-69d4-4269-a93c-db4fb9311d1f"},"id":"WK026902"},{"arcs":[[2090,-2051,-2049,-2047,-2057,2091,-1878]],"type":"Polygon","properties":{"id":56724,"statcode":"WK027300","statnaam":"Wijk 00 Putten","jrstatcode":"2006WK027300","rubriek":"wijk","FID":"wijk_gegeneraliseerd_2006.29d2d834-b183-494e-8949-71771f9668d7"},"id":"WK027300"},{"arcs":[[-2052,-2091,-1877,-1882,-1668,-1659]],"type":"Polygon","properties":{"id":56725,"statcode":"WK027301","statnaam":"Wijk 01 Bosgebied en Krachtighuizen","jrstatcode":"2006WK027301","rubriek":"wijk","FID":"wijk_gegeneraliseerd_2006.01a21faf-5138-4495-90da-fd5d960a0998"},"id":"WK027301"},{"arcs":[[2092,2093,-1833,-1828,2094]],"type":"Polygon","properties":{"id":56726,"statcode":"WK027400","statnaam":"Wijk 00 Renkum","jrstatcode":"2006WK027400","rubriek":"wijk","FID":"wijk_gegeneraliseerd_2006.e1f4f55c-fa1d-4cd7-97fb-ed3a483f5177"},"id":"WK027400"},{"arcs":[[-1630,-1651,2095,2096,-1616,-1623]],"type":"Polygon","properties":{"id":56727,"statcode":"WK027401","statnaam":"Wijk 01 Oosterbeek","jrstatcode":"2006WK027401","rubriek":"wijk","FID":"wijk_gegeneraliseerd_2006.f9452351-2fdf-4e7b-917a-dbfc66c18c90"},"id":"WK027401"},{"arcs":[[2097,-2095,-1827,-1847,-1617,-2097]],"type":"Polygon","properties":{"id":56728,"statcode":"WK027402","statnaam":"Wijk 02 Doorwerth","jrstatcode":"2006WK027402","rubriek":"wijk","FID":"wijk_gegeneraliseerd_2006.966095fc-84ac-4b04-936c-06a37bc46753"},"id":"WK027402"},{"arcs":[[-1746,2098,2099,-1705,-1703,-1701,2100]],"type":"Polygon","properties":{"id":56729,"statcode":"WK027500","statnaam":"Wijk 00 Dieren","jrstatcode":"2006WK027500","rubriek":"wijk","FID":"wijk_gegeneraliseerd_2006.48ef1c49-b95f-4533-9bdc-f1856393c1de"},"id":"WK027500"},{"arcs":[[2101,2102,-2099,2103,2104]],"type":"Polygon","properties":{"id":56730,"statcode":"WK027501","statnaam":"Wijk 01 Rheden","jrstatcode":"2006WK027501","rubriek":"wijk","FID":"wijk_gegeneraliseerd_2006.b059cfb5-cd29-4847-9e7c-efd8f69519b4"},"id":"WK027501"},{"arcs":[[-1605,2105,-2102,2106,2107,2108,-1594]],"type":"Polygon","properties":{"id":56731,"statcode":"WK027502","statnaam":"Wijk 02 Velp","jrstatcode":"2006WK027502","rubriek":"wijk","FID":"wijk_gegeneraliseerd_2006.4be392c9-b339-44a7-8f3e-b4bfab3c792d"},"id":"WK027502"},{"arcs":[[-1706,-2100,-2103,-2106,-1604,-1611,-1619,-1558]],"type":"Polygon","properties":{"id":56732,"statcode":"WK027700","statnaam":"Wijk 00","jrstatcode":"2006WK027700","rubriek":"wijk","FID":"wijk_gegeneraliseerd_2006.6e59bbab-4cac-410c-8558-07f70f27d2e4"},"id":"WK027700"},{"arcs":[[2109,-1655,2110]],"type":"Polygon","properties":{"id":56733,"statcode":"WK027900","statnaam":"Wijk 00","jrstatcode":"2006WK027900","rubriek":"wijk","FID":"wijk_gegeneraliseerd_2006.927dda4c-7e0d-4fb6-832a-782acab6e0d3"},"id":"WK027900"},{"arcs":[[2111,2112,2113,2114,2115,2116,2117]],"type":"Polygon","properties":{"id":56734,"statcode":"WK028100","statnaam":"Wijk 00 Tiel kern","jrstatcode":"2006WK028100","rubriek":"wijk","FID":"wijk_gegeneraliseerd_2006.b8829fb2-cdba-4120-b623-ad9eecf0c2bc"},"id":"WK028100"},{"arcs":[[[2118,-1722,2119,-2115]],[[2120,-2113,2121,2122]]],"type":"MultiPolygon","properties":{"id":56735,"statcode":"WK028101","statnaam":"Wijk 01 Tiel overig gebied","jrstatcode":"2006WK028101","rubriek":"wijk","FID":"wijk_gegeneraliseerd_2006.dd2aa78a-c3fa-491b-9223-ba3e1c07f40c"},"id":"WK028101"},{"arcs":[[[-2119,-2114,-2121,2123,2124,-1886,-1723]],[[2125,-2116,-2120,-1721]]],"type":"MultiPolygon","properties":{"id":56736,"statcode":"WK028102","statnaam":"Wijk 02 Wadenoijen en omgeving","jrstatcode":"2006WK028102","rubriek":"wijk","FID":"wijk_gegeneraliseerd_2006.d4c37418-fb5a-499f-bea7-23eb1ac5b0a0"},"id":"WK028102"},{"arcs":[[-2086,2126,2127,-2042,2128,-1914,-2068]],"type":"Polygon","properties":{"id":56737,"statcode":"WK028200","statnaam":"Wijk 00","jrstatcode":"2006WK028200","rubriek":"wijk","FID":"wijk_gegeneraliseerd_2006.5f8d556a-da8c-4b4b-b522-857a360d2190"},"id":"WK028200"},{"arcs":[[-2008,2129,-1690,-1565,2130,2131]],"type":"Polygon","properties":{"id":56738,"statcode":"WK028500","statnaam":"Wijk 00 Voorst","jrstatcode":"2006WK028500","rubriek":"wijk","FID":"wijk_gegeneraliseerd_2006.80b5ed77-e422-4966-bc9c-ea871b4a5748"},"id":"WK028500"},{"arcs":[[2132,2133,-1870,-1866,2134,-1062,-1048,-1040,-1037]],"type":"Polygon","properties":{"id":56739,"statcode":"WK028501","statnaam":"Wijk 01 Twello-Nijbroek","jrstatcode":"2006WK028501","rubriek":"wijk","FID":"wijk_gegeneraliseerd_2006.153cc8b5-1744-4a4b-9beb-7c7dd2b0a360"},"id":"WK028501"},{"arcs":[[-1574,-1871,-2134,2135,-2131,-1564,-1571]],"type":"Polygon","properties":{"id":56740,"statcode":"WK028502","statnaam":"Wijk 02 Klarenbeek-Teuge","jrstatcode":"2006WK028502","rubriek":"wijk","FID":"wijk_gegeneraliseerd_2006.5159b7c8-6d2b-4b44-95a5-e0d9e20789f5"},"id":"WK028502"},{"arcs":[[-1036,-2009,-2132,-2136,-2133]],"type":"Polygon","properties":{"id":56741,"statcode":"WK028503","statnaam":"Wijk 03 Wilp","jrstatcode":"2006WK028503","rubriek":"wijk","FID":"wijk_gegeneraliseerd_2006.a7551cdb-6ac8-402d-88b4-10b9601cfe1c"},"id":"WK028503"},{"arcs":[[2136]],"type":"Polygon","properties":{"id":56742,"statcode":"WK028900","statnaam":"Wijk 00 Stedelijk gebied","jrstatcode":"2006WK028900","rubriek":"wijk","FID":"wijk_gegeneraliseerd_2006.4c2063de-30e0-4832-98d1-851147432a7c"},"id":"WK028900"},{"arcs":[[-1834,-2094,2137,2138,2139],[-2137]],"type":"Polygon","properties":{"id":56743,"statcode":"WK028901","statnaam":"Wijk 01 Landelijk gebied","jrstatcode":"2006WK028901","rubriek":"wijk","FID":"wijk_gegeneraliseerd_2006.e7cd1077-a1ce-41fa-9279-2e7015bbe42c"},"id":"WK028901"},{"arcs":[[2140,-1587,-1592,-2109,2141,-1795]],"type":"Polygon","properties":{"id":56744,"statcode":"WK029300","statnaam":"Wijk 00","jrstatcode":"2006WK029300","rubriek":"wijk","FID":"wijk_gegeneraliseerd_2006.0dece3e5-214b-4b18-9d22-63d69d328d97"},"id":"WK029300"},{"arcs":[[2142]],"type":"Polygon","properties":{"id":56745,"statcode":"WK029400","statnaam":"Wijk 00 Stad","jrstatcode":"2006WK029400","rubriek":"wijk","FID":"wijk_gegeneraliseerd_2006.dc6076f1-c03c-4c7d-b719-3dfa97ebd44d"},"id":"WK029400"},{"arcs":[[-1515,-1907,2143,-1508],[-2143]],"type":"Polygon","properties":{"id":56746,"statcode":"WK029401","statnaam":"Wijk 01 Land","jrstatcode":"2006WK029401","rubriek":"wijk","FID":"wijk_gegeneraliseerd_2006.d028086f-0bcb-4480-b1ad-9a7127c2285a"},"id":"WK029401"},{"arcs":[[[-1986,2144,2145,2146,2147,2148,2149,2150,-2074]],[[2151,-1676,-1673,-2077,2152]]],"type":"MultiPolygon","properties":{"id":56747,"statcode":"WK029600","statnaam":"Wijk 00 Wijchen buitengebied","jrstatcode":"2006WK029600","rubriek":"wijk","FID":"wijk_gegeneraliseerd_2006.e16cd237-f57c-4720-9e34-98818fcaebd5"},"id":"WK029600"},{"arcs":[[2153,-2153,-2075,-2151]],"type":"Polygon","properties":{"id":56748,"statcode":"WK029601","statnaam":"Wijk 01 Wijchen kern","jrstatcode":"2006WK029601","rubriek":"wijk","FID":"wijk_gegeneraliseerd_2006.2a3b492c-3a26-417b-9243-adeaeddfafd3"},"id":"WK029601"},{"arcs":[[-1677,-2152,-2154,-2150,2154,-1785,-1685]],"type":"Polygon","properties":{"id":56749,"statcode":"WK029602","statnaam":"Wijk 02 Bergharen","jrstatcode":"2006WK029602","rubriek":"wijk","FID":"wijk_gegeneraliseerd_2006.640ee6d5-715d-4684-b6f8-ef684f5321fb"},"id":"WK029602"},{"arcs":[[2155,2156,-1786,-2155,-2149]],"type":"Polygon","properties":{"id":56750,"statcode":"WK029603","statnaam":"Wijk 03 Batenburg","jrstatcode":"2006WK029603","rubriek":"wijk","FID":"wijk_gegeneraliseerd_2006.89091834-86c2-45e0-b9e4-62b6b9081383"},"id":"WK029603"},{"arcs":[[2157,2158,2159,-2038,2160]],"type":"Polygon","properties":{"id":56751,"statcode":"WK029700","statnaam":"Wijk 00 Zaltbommel","jrstatcode":"2006WK029700","rubriek":"wijk","FID":"wijk_gegeneraliseerd_2006.cc312d45-566c-420b-977f-001c695ce8b1"},"id":"WK029700"},{"arcs":[[2161,2162,2163,2164,2165,2166,2167,2168,2169,2170,2171,2172]],"type":"Polygon","properties":{"id":56752,"statcode":"WK029701","statnaam":"Wijk 01 Brakel","jrstatcode":"2006WK029701","rubriek":"wijk","FID":"wijk_gegeneraliseerd_2006.10c9b266-e7ec-4e9d-b328-2b5d491607d0"},"id":"WK029701"},{"arcs":[[-2036,-2016,-2030,-2026,2173,-2173,2174,2175,-2158]],"type":"Polygon","properties":{"id":56753,"statcode":"WK029702","statnaam":"Wijk 02 Kerkwijk","jrstatcode":"2006WK029702","rubriek":"wijk","FID":"wijk_gegeneraliseerd_2006.e3f3ec2c-e217-4f14-9179-39d50c74fa51"},"id":"WK029702"},{"arcs":[[-2025,2176,2177,-2162,-2174]],"type":"Polygon","properties":{"id":56754,"statcode":"WK029703","statnaam":"Wijk 03 Nederhemert","jrstatcode":"2006WK029703","rubriek":"wijk","FID":"wijk_gegeneraliseerd_2006.485d0b9c-d63b-403e-b3a5-6f26739110ee"},"id":"WK029703"},{"arcs":[[2178,2179,-1499,-1798,2180]],"type":"Polygon","properties":{"id":56755,"statcode":"WK029900","statnaam":"Wijk 00 Zevenaar","jrstatcode":"2006WK029900","rubriek":"wijk","FID":"wijk_gegeneraliseerd_2006.6d98fa71-fc13-43e8-80e6-f696f8a584b5"},"id":"WK029900"},{"arcs":[[-2180,2181,2182,2183,-1500]],"type":"Polygon","properties":{"id":56756,"statcode":"WK029901","statnaam":"Wijk 01 Babberich","jrstatcode":"2006WK029901","rubriek":"wijk","FID":"wijk_gegeneraliseerd_2006.f2359378-9af1-48d2-8871-e872d31a3931"},"id":"WK029901"},{"arcs":[[-1783,2184,-2181,-1797,2185,2186,-2104,-1745,2187]],"type":"Polygon","properties":{"id":56757,"statcode":"WK029902","statnaam":"Wijk 02 Angerlo","jrstatcode":"2006WK029902","rubriek":"wijk","FID":"wijk_gegeneraliseerd_2006.49f2e0e8-9d5d-495a-8923-f010f08ad925"},"id":"WK029902"},{"arcs":[[-2187,2188,-2107,-2105]],"type":"Polygon","properties":{"id":56758,"statcode":"WK029903","statnaam":"Wijk 03 Giesbeek","jrstatcode":"2006WK029903","rubriek":"wijk","FID":"wijk_gegeneraliseerd_2006.fa8eb63e-f7ef-459c-a9d4-72cc50fb7e47"},"id":"WK029903"},{"arcs":[[-2186,-1796,-2142,-2108,-2189]],"type":"Polygon","properties":{"id":56759,"statcode":"WK029904","statnaam":"Wijk 04 Lathum","jrstatcode":"2006WK029904","rubriek":"wijk","FID":"wijk_gegeneraliseerd_2006.5161d688-184b-4a92-be38-cf7faacb299d"},"id":"WK029904"},{"arcs":[[2189,-1695,-1694,-1691,-2130,-2007,2190,2191]],"type":"Polygon","properties":{"id":56760,"statcode":"WK030100","statnaam":"Wijk 00 Zutphen kern / de Hoven","jrstatcode":"2006WK030100","rubriek":"wijk","FID":"wijk_gegeneraliseerd_2006.3f29a00e-c8ec-4827-b0ff-fc0392b017aa"},"id":"WK030100"},{"arcs":[[2192,2193,-2192,2194,2195]],"type":"Polygon","properties":{"id":56761,"statcode":"WK030101","statnaam":"Wijk 01 Waterkwartier","jrstatcode":"2006WK030101","rubriek":"wijk","FID":"wijk_gegeneraliseerd_2006.2806f801-8f9a-46d8-bc4e-94cef7d45948"},"id":"WK030101"},{"arcs":[[-2195,-2191,-2012,2196]],"type":"Polygon","properties":{"id":56762,"statcode":"WK030102","statnaam":"Wijk 02 Noordveen","jrstatcode":"2006WK030102","rubriek":"wijk","FID":"wijk_gegeneraliseerd_2006.868de030-4f68-4f28-bbe1-0bcf4c327072"},"id":"WK030102"},{"arcs":[[2197,2198,2199,-1696,-2190,-2194]],"type":"Polygon","properties":{"id":56763,"statcode":"WK030103","statnaam":"Wijk 03 Zuidwijken","jrstatcode":"2006WK030103","rubriek":"wijk","FID":"wijk_gegeneraliseerd_2006.1384aeae-e0b9-47de-8046-4c9f7278b3a3"},"id":"WK030103"},{"arcs":[[2200,2201,-2198,-2193]],"type":"Polygon","properties":{"id":56764,"statcode":"WK030104","statnaam":"Wijk 04 Leesten","jrstatcode":"2006WK030104","rubriek":"wijk","FID":"wijk_gegeneraliseerd_2006.f380c72e-4019-4a55-82f0-bb85b134144a"},"id":"WK030104"},{"arcs":[[-2196,-2197,-2011,-2013,-1999,2202,-2201]],"type":"Polygon","properties":{"id":56765,"statcode":"WK030105","statnaam":"Wijk 05 Warnsveld","jrstatcode":"2006WK030105","rubriek":"wijk","FID":"wijk_gegeneraliseerd_2006.771f6c98-77ec-4099-bc17-083785212a77"},"id":"WK030105"},{"arcs":[[-1966,2203,-1859,-1856,2204,-1884,-1963]],"type":"Polygon","properties":{"id":56766,"statcode":"WK030200","statnaam":"Wijk 00 Nunspeet","jrstatcode":"2006WK030200","rubriek":"wijk","FID":"wijk_gegeneraliseerd_2006.7214b77e-b46b-410e-9cfe-f7e0ff8afdd7"},"id":"WK030200"},{"arcs":[[-1872,-1543,-1885,-2205,-1855]],"type":"Polygon","properties":{"id":56767,"statcode":"WK030201","statnaam":"Wijk 01 Elspeet-Vierhouten","jrstatcode":"2006WK030201","rubriek":"wijk","FID":"wijk_gegeneraliseerd_2006.789b9fdf-c89e-46a4-bc4b-3593b3f9e3b0"},"id":"WK030201"},{"arcs":[[-1259,2205,2206,2207,2208,2209]],"type":"Polygon","properties":{"id":56768,"statcode":"WK030300","statnaam":"Wijk 00 Dronten","jrstatcode":"2006WK030300","rubriek":"wijk","FID":"wijk_gegeneraliseerd_2006.449bddb1-73b4-4561-9206-0a7ca35c78ac"},"id":"WK030300"},{"arcs":[[-2207,2210,-301,2211]],"type":"Polygon","properties":{"id":56769,"statcode":"WK030301","statnaam":"Wijk 01 Biddinghuizen","jrstatcode":"2006WK030301","rubriek":"wijk","FID":"wijk_gegeneraliseerd_2006.5ae25c61-4404-4caa-a88b-90630b47e813"},"id":"WK030301"},{"arcs":[[2212,2213,-2209,2214]],"type":"Polygon","properties":{"id":56770,"statcode":"WK030302","statnaam":"Wijk 02 Swifterbant","jrstatcode":"2006WK030302","rubriek":"wijk","FID":"wijk_gegeneraliseerd_2006.47a8e3e5-1c1d-4613-988e-ec9f16b95da4"},"id":"WK030302"},{"arcs":[[2215,-2159,-2176,2216,-1891]],"type":"Polygon","properties":{"id":56771,"statcode":"WK030400","statnaam":"Wijk 00 Haaften","jrstatcode":"2006WK030400","rubriek":"wijk","FID":"wijk_gegeneraliseerd_2006.0708b044-df62-4d6d-bf63-7992a1f3344e"},"id":"WK030400"},{"arcs":[[-1890,-1887,-2125,2217,-2039,-2160,-2216]],"type":"Polygon","properties":{"id":56772,"statcode":"WK030401","statnaam":"Wijk 01 Waardenburg en Opijnen","jrstatcode":"2006WK030401","rubriek":"wijk","FID":"wijk_gegeneraliseerd_2006.99e5af6e-9f8a-4812-bc7b-8061b50f7a20"},"id":"WK030401"},{"arcs":[[2218,-2032,-2040,-2218,-2124,-2123]],"type":"Polygon","properties":{"id":56773,"statcode":"WK030402","statnaam":"Wijk 02 Varik en Ophemert","jrstatcode":"2006WK030402","rubriek":"wijk","FID":"wijk_gegeneraliseerd_2006.f17f97e7-b7d4-48d2-a7ed-92e4c600083d"},"id":"WK030402"},{"arcs":[[2219,2220,2221,2222,2223,2224]],"type":"Polygon","properties":{"id":56774,"statcode":"WK030500","statnaam":"Wijk 00","jrstatcode":"2006WK030500","rubriek":"wijk","FID":"wijk_gegeneraliseerd_2006.9b48af16-3b0c-4a74-81ff-f7c57f4f4a1c"},"id":"WK030500"},{"arcs":[[2225,2226,2227,2228,2229,2230]],"type":"Polygon","properties":{"id":56775,"statcode":"WK030701","statnaam":"Wijk 01 Stadskern","jrstatcode":"2006WK030701","rubriek":"wijk","FID":"wijk_gegeneraliseerd_2006.43dd8904-af96-45f6-a0f2-8bd289b5b0e6"},"id":"WK030701"},{"arcs":[[2231,2232,2233,2234,2235,-2228]],"type":"Polygon","properties":{"id":56776,"statcode":"WK030702","statnaam":"Wijk 02 Zonnehof","jrstatcode":"2006WK030702","rubriek":"wijk","FID":"wijk_gegeneraliseerd_2006.1ddf72d6-bbdd-4e88-b43e-552f7c40450f"},"id":"WK030702"},{"arcs":[[-2236,2236,2237]],"type":"Polygon","properties":{"id":56777,"statcode":"WK030703","statnaam":"Wijk 03 Soesterkwartier","jrstatcode":"2006WK030703","rubriek":"wijk","FID":"wijk_gegeneraliseerd_2006.00b81c76-11b6-4ae0-bfda-b7e79d28fef2"},"id":"WK030703"},{"arcs":[[2238,-2229,-2238,2239,2240,2241,2242]],"type":"Polygon","properties":{"id":56778,"statcode":"WK030704","statnaam":"Wijk 04 Industriekwartier","jrstatcode":"2006WK030704","rubriek":"wijk","FID":"wijk_gegeneraliseerd_2006.688dc900-c5f7-45a7-93cc-0ab596797a42"},"id":"WK030704"},{"arcs":[[-2237,-2235,2243,2244,2245,2246,2247,2248,2249,-2240]],"type":"Polygon","properties":{"id":56779,"statcode":"WK030705","statnaam":"Wijk 05 Bosgebied","jrstatcode":"2006WK030705","rubriek":"wijk","FID":"wijk_gegeneraliseerd_2006.4e7e59c0-4f84-4ca7-9810-d798457d528a"},"id":"WK030705"},{"arcs":[[2250,2251,-2230,-2239,2252]],"type":"Polygon","properties":{"id":56780,"statcode":"WK030706","statnaam":"Wijk 06 De Koppel","jrstatcode":"2006WK030706","rubriek":"wijk","FID":"wijk_gegeneraliseerd_2006.b7e12b7c-2ef3-4137-8a25-ece3a6e6671b"},"id":"WK030706"},{"arcs":[[-2252,2253,2254,-2231]],"type":"Polygon","properties":{"id":56781,"statcode":"WK030707","statnaam":"Wijk 07 De Kruiskamp","jrstatcode":"2006WK030707","rubriek":"wijk","FID":"wijk_gegeneraliseerd_2006.43e8456a-9cb8-49a2-8029-c74986b4183f"},"id":"WK030707"},{"arcs":[[-2243,2255,2256,2257,-2253]],"type":"Polygon","properties":{"id":56782,"statcode":"WK030708","statnaam":"Wijk 08 Schothorst Zuid","jrstatcode":"2006WK030708","rubriek":"wijk","FID":"wijk_gegeneraliseerd_2006.4894848d-8ebf-475a-976b-bf1825874585"},"id":"WK030708"},{"arcs":[[2258,2259,2260,2261,-2257]],"type":"Polygon","properties":{"id":56783,"statcode":"WK030709","statnaam":"Wijk 09 Schothorst Noord","jrstatcode":"2006WK030709","rubriek":"wijk","FID":"wijk_gegeneraliseerd_2006.51573cfd-6ce1-4035-84f3-2cebcec380f4"},"id":"WK030709"},{"arcs":[[2262,2263,2264,-2254]],"type":"Polygon","properties":{"id":56784,"statcode":"WK030710","statnaam":"Wijk 10 Liendert","jrstatcode":"2006WK030710","rubriek":"wijk","FID":"wijk_gegeneraliseerd_2006.356d83dd-f811-4216-8c43-057226ced87a"},"id":"WK030710"},{"arcs":[[2265,2266,-2264]],"type":"Polygon","properties":{"id":56785,"statcode":"WK030711","statnaam":"Wijk 11 Rustenburg","jrstatcode":"2006WK030711","rubriek":"wijk","FID":"wijk_gegeneraliseerd_2006.7ecc8710-2dc1-4e11-9bfb-fff9e048cd20"},"id":"WK030711"},{"arcs":[[-2061,-1662,2267,2268,2269,2270]],"type":"Polygon","properties":{"id":56786,"statcode":"WK030712","statnaam":"Wijk 12 Buitengebied Oost","jrstatcode":"2006WK030712","rubriek":"wijk","FID":"wijk_gegeneraliseerd_2006.ccb1acc1-67ee-4ad5-bcca-da037f436c04"},"id":"WK030712"},{"arcs":[[2271,2272,-2265,-2267,-2270]],"type":"Polygon","properties":{"id":56787,"statcode":"WK030713","statnaam":"Wijk 13 Schuilenburg","jrstatcode":"2006WK030713","rubriek":"wijk","FID":"wijk_gegeneraliseerd_2006.480f9c06-7b95-45ed-8f5c-16520314941f"},"id":"WK030713"},{"arcs":[[-2226,-2255,-2273,2273,2274]],"type":"Polygon","properties":{"id":56788,"statcode":"WK030714","statnaam":"Wijk 14 Randenbroek","jrstatcode":"2006WK030714","rubriek":"wijk","FID":"wijk_gegeneraliseerd_2006.b089f560-9463-4658-a7f9-41392e468e65"},"id":"WK030714"},{"arcs":[[2275,2276,-2232,-2227,-2275]],"type":"Polygon","properties":{"id":56789,"statcode":"WK030715","statnaam":"Wijk 15 Dorrestein","jrstatcode":"2006WK030715","rubriek":"wijk","FID":"wijk_gegeneraliseerd_2006.b9ca0437-3def-4d29-8526-ddfcce5cb86f"},"id":"WK030715"},{"arcs":[[-2277,2277,-2246,2278]],"type":"Polygon","properties":{"id":56790,"statcode":"WK030716","statnaam":"Wijk 16 Leusderkwartier","jrstatcode":"2006WK030716","rubriek":"wijk","FID":"wijk_gegeneraliseerd_2006.2194e88e-38c4-479c-bdde-6dfd0f975d83"},"id":"WK030716"},{"arcs":[[-2233,-2279,-2245,2279]],"type":"Polygon","properties":{"id":56791,"statcode":"WK030717","statnaam":"Wijk 17 De Berg Zuid","jrstatcode":"2006WK030717","rubriek":"wijk","FID":"wijk_gegeneraliseerd_2006.d8042857-b00c-417b-8c06-8cbfc1ccc64c"},"id":"WK030717"},{"arcs":[[-2244,-2234,-2280]],"type":"Polygon","properties":{"id":56792,"statcode":"WK030718","statnaam":"Wijk 18 De Berg Noord","jrstatcode":"2006WK030718","rubriek":"wijk","FID":"wijk_gegeneraliseerd_2006.295748a3-6d43-4713-9db4-bb93f58b9d8a"},"id":"WK030718"},{"arcs":[[-2259,2280,2281,2282,2283]],"type":"Polygon","properties":{"id":56793,"statcode":"WK030719","statnaam":"Wijk 19 Hoogland","jrstatcode":"2006WK030719","rubriek":"wijk","FID":"wijk_gegeneraliseerd_2006.4e1d8a95-8c7b-4f79-a178-bbd53486b1ae"},"id":"WK030719"},{"arcs":[[-2261,2284,2285,2286,2287,2288]],"type":"Polygon","properties":{"id":56794,"statcode":"WK030720","statnaam":"Wijk 20 Zielhorst","jrstatcode":"2006WK030720","rubriek":"wijk","FID":"wijk_gegeneraliseerd_2006.dd6fa8ab-1b45-40ec-96f1-575beff8f021"},"id":"WK030720"},{"arcs":[[-2283,2289,2290,2291,-2286,2292]],"type":"Polygon","properties":{"id":56795,"statcode":"WK030721","statnaam":"Wijk 21 Kattenbroek","jrstatcode":"2006WK030721","rubriek":"wijk","FID":"wijk_gegeneraliseerd_2006.6166947a-f631-4b26-a6aa-637a8ac1be7a"},"id":"WK030721"},{"arcs":[[2293,-2290,2294]],"type":"Polygon","properties":{"id":56796,"statcode":"WK030722","statnaam":"Wijk 22 De Brand","jrstatcode":"2006WK030722","rubriek":"wijk","FID":"wijk_gegeneraliseerd_2006.3c3fb898-c411-4ec2-9597-cc30fda1c607"},"id":"WK030722"},{"arcs":[[-2293,-2285,-2260,-2284]],"type":"Polygon","properties":{"id":56797,"statcode":"WK030723","statnaam":"Wijk 23 Park Schothorst","jrstatcode":"2006WK030723","rubriek":"wijk","FID":"wijk_gegeneraliseerd_2006.5750916e-0e30-4ea8-9786-92c5813399e6"},"id":"WK030723"},{"arcs":[[-2282,2295,2296,2297,-2295]],"type":"Polygon","properties":{"id":56798,"statcode":"WK030724","statnaam":"Wijk 24 Nieuwland","jrstatcode":"2006WK030724","rubriek":"wijk","FID":"wijk_gegeneraliseerd_2006.44274d45-f345-4f57-acd4-8c4bbda32bd7"},"id":"WK030724"},{"arcs":[[[-2263,-2251,-2258,-2262,-2289,2298,-2062,-2271,-2266]],[[-2287,-2292,2299]]],"type":"MultiPolygon","properties":{"id":56799,"statcode":"WK030725","statnaam":"Wijk 25 De Hoef","jrstatcode":"2006WK030725","rubriek":"wijk","FID":"wijk_gegeneraliseerd_2006.4b71baa7-10af-4a06-926b-670bc216f217"},"id":"WK030725"},{"arcs":[[-2063,-2299,2300]],"type":"Polygon","properties":{"id":56800,"statcode":"WK030726","statnaam":"Wijk 26 Hooglanderveen","jrstatcode":"2006WK030726","rubriek":"wijk","FID":"wijk_gegeneraliseerd_2006.e4754891-4522-4d2f-a8b2-0784f61248fa"},"id":"WK030726"},{"arcs":[[-2296,-2281,-2256,-2242,2301,2302,2303]],"type":"Polygon","properties":{"id":56801,"statcode":"WK030727","statnaam":"Wijk 27 Buitengebied West","jrstatcode":"2006WK030727","rubriek":"wijk","FID":"wijk_gegeneraliseerd_2006.51b0b54a-6cc2-407e-bf82-935642936eba"},"id":"WK030727"},{"arcs":[[-2058,-2054,-2064,-2301,-2288,-2300,-2291,-2294,-2298,2304]],"type":"Polygon","properties":{"id":56802,"statcode":"WK030728","statnaam":"Wijk 28 Buitengebied Noord","jrstatcode":"2006WK030728","rubriek":"wijk","FID":"wijk_gegeneraliseerd_2006.ca798a56-8bb5-4678-b225-8c6807181884"},"id":"WK030728"},{"arcs":[[2305,2306,2307]],"type":"Polygon","properties":{"id":56803,"statcode":"WK030800","statnaam":"Wijk 00 Baarn","jrstatcode":"2006WK030800","rubriek":"wijk","FID":"wijk_gegeneraliseerd_2006.d8b8ff33-e3fd-42d9-a99f-0b5e416e29a9"},"id":"WK030800"},{"arcs":[[2308,-2303,2309,2310,-2308,2311,2312,2313]],"type":"Polygon","properties":{"id":56804,"statcode":"WK030801","statnaam":"Wijk 01 Baarn-Noord. Eemdal en Eemland","jrstatcode":"2006WK030801","rubriek":"wijk","FID":"wijk_gegeneraliseerd_2006.1c88ae57-7177-4588-8cd8-1bac4fa88aef"},"id":"WK030801"},{"arcs":[[2314,-2312,-2307]],"type":"Polygon","properties":{"id":56805,"statcode":"WK030802","statnaam":"Wijk 02 P.H.W.park","jrstatcode":"2006WK030802","rubriek":"wijk","FID":"wijk_gegeneraliseerd_2006.d5a79123-4b97-4547-8f9f-08be84fcd479"},"id":"WK030802"},{"arcs":[[2315,2316,2317,2318,2319,2320,-2313,-2315,-2306,-2311,2321]],"type":"Polygon","properties":{"id":56806,"statcode":"WK030803","statnaam":"Wijk 03 Lage Vuursche","jrstatcode":"2006WK030803","rubriek":"wijk","FID":"wijk_gegeneraliseerd_2006.8e3f09b8-84cb-43e3-ba0b-123e1e8da542"},"id":"WK030803"},{"arcs":[[2322,2323,2324,2325,2326,2327,2328,2329]],"type":"Polygon","properties":{"id":56807,"statcode":"WK031000","statnaam":"Wijk 00 De Bilt","jrstatcode":"2006WK031000","rubriek":"wijk","FID":"wijk_gegeneraliseerd_2006.4b26fec4-83f7-42b9-9b4b-8949a22ca3c2"},"id":"WK031000"},{"arcs":[[-2326,2330,2331]],"type":"Polygon","properties":{"id":56808,"statcode":"WK031001","statnaam":"Wijk 01 Bilthoven-Zuid","jrstatcode":"2006WK031001","rubriek":"wijk","FID":"wijk_gegeneraliseerd_2006.c66f9f17-7809-4db1-b9d0-406f12869c4d"},"id":"WK031001"},{"arcs":[[-2325,2332,2333,2334,-2317,2335,-2331]],"type":"Polygon","properties":{"id":56809,"statcode":"WK031002","statnaam":"Wijk 02 Bilthoven-Noord","jrstatcode":"2006WK031002","rubriek":"wijk","FID":"wijk_gegeneraliseerd_2006.8808c36c-f3fa-4d10-ac54-e9ac40256cad"},"id":"WK031002"},{"arcs":[[-2335,2336,2337,2338,-2318]],"type":"Polygon","properties":{"id":56810,"statcode":"WK031003","statnaam":"Wijk 03 Hollandsche Rading","jrstatcode":"2006WK031003","rubriek":"wijk","FID":"wijk_gegeneraliseerd_2006.d18ee453-61bc-4639-98e4-e3eedf3b182f"},"id":"WK031003"},{"arcs":[[-2334,2339,2340,-2337]],"type":"Polygon","properties":{"id":56811,"statcode":"WK031004","statnaam":"Wijk 04 Maartensdijk","jrstatcode":"2006WK031004","rubriek":"wijk","FID":"wijk_gegeneraliseerd_2006.e59b03ac-2865-43ee-a720-ff361024e4bc"},"id":"WK031004"},{"arcs":[[2341,2342,2343,-2340,-2333,-2324]],"type":"Polygon","properties":{"id":56812,"statcode":"WK031005","statnaam":"Wijk 05 Groenekan","jrstatcode":"2006WK031005","rubriek":"wijk","FID":"wijk_gegeneraliseerd_2006.6ceaab5b-2aba-4239-b875-aeb0010980e4"},"id":"WK031005"},{"arcs":[[2344,-2338,-2341,-2344,2345,2346,2347]],"type":"Polygon","properties":{"id":56813,"statcode":"WK031006","statnaam":"Wijk 06 Achtienhoven-Westbroek","jrstatcode":"2006WK031006","rubriek":"wijk","FID":"wijk_gegeneraliseerd_2006.86f56506-469f-4af0-847e-abbb3b1be5e7"},"id":"WK031006"},{"arcs":[[2348,2349,2350,2351,2352]],"type":"Polygon","properties":{"id":56814,"statcode":"WK031100","statnaam":"Wijk 00 Breukelen","jrstatcode":"2006WK031100","rubriek":"wijk","FID":"wijk_gegeneraliseerd_2006.6b5710b6-5621-45bf-86ea-49702ca2c5ab"},"id":"WK031100"},{"arcs":[[2353,2354,-2350,2355]],"type":"Polygon","properties":{"id":56815,"statcode":"WK031101","statnaam":"Wijk 01 Plassengebied","jrstatcode":"2006WK031101","rubriek":"wijk","FID":"wijk_gegeneraliseerd_2006.30b40a73-8598-4d51-81b8-10a3dae6e082"},"id":"WK031101"},{"arcs":[[2356,-2352,2357,2358,2359,2360]],"type":"Polygon","properties":{"id":56816,"statcode":"WK031102","statnaam":"Wijk 02 West van het Amsterdam-Rijnkanaal","jrstatcode":"2006WK031102","rubriek":"wijk","FID":"wijk_gegeneraliseerd_2006.289bc645-37d8-4914-a51e-2b727c45eb80"},"id":"WK031102"},{"arcs":[[2361,2362,-2360,2363,2364,2365]],"type":"Polygon","properties":{"id":56817,"statcode":"WK031103","statnaam":"Wijk 03 Kockengen","jrstatcode":"2006WK031103","rubriek":"wijk","FID":"wijk_gegeneraliseerd_2006.3962d783-1fa1-493e-a9d7-0e36914985b7"},"id":"WK031103"},{"arcs":[[2366,2367,2368,2369]],"type":"Polygon","properties":{"id":56818,"statcode":"WK031200","statnaam":"Wijk 00 Bunnik","jrstatcode":"2006WK031200","rubriek":"wijk","FID":"wijk_gegeneraliseerd_2006.17f2bb0a-f655-4dc2-8520-921618816235"},"id":"WK031200"},{"arcs":[[2370,2371,2372,2373,-2370]],"type":"Polygon","properties":{"id":56819,"statcode":"WK031201","statnaam":"Wijk 01 Odijk","jrstatcode":"2006WK031201","rubriek":"wijk","FID":"wijk_gegeneraliseerd_2006.c29b1f23-170b-4abc-813a-8c5987b802fb"},"id":"WK031201"},{"arcs":[[2374,2375,2376,2377,-2373]],"type":"Polygon","properties":{"id":56820,"statcode":"WK031202","statnaam":"Wijk 02 Werkhoven","jrstatcode":"2006WK031202","rubriek":"wijk","FID":"wijk_gegeneraliseerd_2006.b5d38ef7-97bf-4275-b47c-c6354c0ad2a7"},"id":"WK031202"},{"arcs":[[2378,2379,-2059,-2305,-2297,-2304,-2309]],"type":"Polygon","properties":{"id":56821,"statcode":"WK031300","statnaam":"Wijk 00","jrstatcode":"2006WK031300","rubriek":"wijk","FID":"wijk_gegeneraliseerd_2006.2f5ee75e-f8fb-4fc7-b464-ee41aaa64d84"},"id":"WK031300"},{"arcs":[[2380,2381,-2379,-2314,-2321,2382]],"type":"Polygon","properties":{"id":56822,"statcode":"WK031700","statnaam":"Wijk 00","jrstatcode":"2006WK031700","rubriek":"wijk","FID":"wijk_gegeneraliseerd_2006.af19f572-eeb5-4d04-bb65-8f50fc5e567e"},"id":"WK031700"},{"arcs":[[-2367,-2374,-2378,2383,2384,2385,2386,2387]],"type":"Polygon","properties":{"id":56823,"statcode":"WK032101","statnaam":"Wijk 01 Houten","jrstatcode":"2006WK032101","rubriek":"wijk","FID":"wijk_gegeneraliseerd_2006.fd9d6fe3-6156-46cd-bbdb-0be467ded745"},"id":"WK032101"},{"arcs":[[2388,2389,2390]],"type":"Polygon","properties":{"id":56824,"statcode":"WK032102","statnaam":"Wijk 02 Tull en 't Waal","jrstatcode":"2006WK032102","rubriek":"wijk","FID":"wijk_gegeneraliseerd_2006.20280080-2bd5-42cc-927d-c06c531414f3"},"id":"WK032102"},{"arcs":[[-2377,2391,2392,-2384]],"type":"Polygon","properties":{"id":56825,"statcode":"WK032103","statnaam":"Wijk 03 't Goy","jrstatcode":"2006WK032103","rubriek":"wijk","FID":"wijk_gegeneraliseerd_2006.c2ffc315-1183-4b72-96f4-868e21e21bb7"},"id":"WK032103"},{"arcs":[[-2385,-2393,2393,2394,-1742,2395,2396,-2391,2397]],"type":"Polygon","properties":{"id":56826,"statcode":"WK032104","statnaam":"Wijk 04 Schalkwijk","jrstatcode":"2006WK032104","rubriek":"wijk","FID":"wijk_gegeneraliseerd_2006.29fc445c-8b86-428d-bae9-1e6fd9df92bd"},"id":"WK032104"},{"arcs":[[2398,2399,2400,2401]],"type":"Polygon","properties":{"id":56827,"statcode":"WK032700","statnaam":"Wijk 00 Leusden-Centrum Oost","jrstatcode":"2006WK032700","rubriek":"wijk","FID":"wijk_gegeneraliseerd_2006.aec1547c-3c46-4ff3-9280-d37da8358d2a"},"id":"WK032700"},{"arcs":[[2402,-2402,2403,-2276,-2274,2404,2405]],"type":"Polygon","properties":{"id":56828,"statcode":"WK032701","statnaam":"Wijk 01 Leusden-Centrum West","jrstatcode":"2006WK032701","rubriek":"wijk","FID":"wijk_gegeneraliseerd_2006.eac77555-56d5-4083-8525-2810c8a565c2"},"id":"WK032701"},{"arcs":[[-2404,-2401,2406,2407,-2247,-2278]],"type":"Polygon","properties":{"id":56829,"statcode":"WK032702","statnaam":"Wijk 02 Leusden-Zuid","jrstatcode":"2006WK032702","rubriek":"wijk","FID":"wijk_gegeneraliseerd_2006.a3c08ba8-8862-4e37-8adc-e41ade1a6e9a"},"id":"WK032702"},{"arcs":[[-1661,-1657,2408,-2399,2409,-2268]],"type":"Polygon","properties":{"id":56830,"statcode":"WK032703","statnaam":"Wijk 03 Achterveld","jrstatcode":"2006WK032703","rubriek":"wijk","FID":"wijk_gegeneraliseerd_2006.4cce5add-0a09-4dc5-b34d-420a942f80b5"},"id":"WK032703"},{"arcs":[[-2410,-2403,2410,-2405,-2272,-2269]],"type":"Polygon","properties":{"id":56831,"statcode":"WK032704","statnaam":"Wijk 04 Stoutenburg","jrstatcode":"2006WK032704","rubriek":"wijk","FID":"wijk_gegeneraliseerd_2006.cd7657fe-a359-49d7-8968-363db48e39e5"},"id":"WK032704"},{"arcs":[[-2411,-2406]],"type":"Polygon","properties":{"id":56832,"statcode":"WK032705","statnaam":"Wijk 05 't Ruige Veld","jrstatcode":"2006WK032705","rubriek":"wijk","FID":"wijk_gegeneraliseerd_2006.b4138d18-a8b5-4eb9-a9f8-223e65485198"},"id":"WK032705"},{"arcs":[[2411,2412,-2353,-2357,2413,-2222,2414,2415,2416,2417,2418]],"type":"Polygon","properties":{"id":56833,"statcode":"WK032900","statnaam":"Wijk 00 Loenen","jrstatcode":"2006WK032900","rubriek":"wijk","FID":"wijk_gegeneraliseerd_2006.d58bf531-8b1b-43df-9bc6-a6c843e3f58a"},"id":"WK032900"},{"arcs":[[[2419,-2356,-2349,-2413]],[[2420,-2419]]],"type":"MultiPolygon","properties":{"id":56834,"statcode":"WK032901","statnaam":"Wijk 01 Oud-over en Mijnden","jrstatcode":"2006WK032901","rubriek":"wijk","FID":"wijk_gegeneraliseerd_2006.f1b9c7c3-a5b8-4c77-9011-32723f8df6d0"},"id":"WK032901"},{"arcs":[[2421,-2415,-2221,2422]],"type":"Polygon","properties":{"id":56835,"statcode":"WK032902","statnaam":"Wijk 02 Nigtevecht","jrstatcode":"2006WK032902","rubriek":"wijk","FID":"wijk_gegeneraliseerd_2006.f6c15e2e-43a0-4f98-b439-21ee67c4529c"},"id":"WK032902"},{"arcs":[[2423,2424,2425,2426,2427,2428,2429,2430,2431,2432,2433]],"type":"Polygon","properties":{"id":56836,"statcode":"WK033100","statnaam":"Wijk 00 Lopik. Benschop en Polsbroek","jrstatcode":"2006WK033100","rubriek":"wijk","FID":"wijk_gegeneraliseerd_2006.59f639c5-5ae9-4aef-b42a-fd7a0118b5d7"},"id":"WK033100"},{"arcs":[[2434,2435,-2351,2436,2437]],"type":"Polygon","properties":{"id":56837,"statcode":"WK033300","statnaam":"Wijk 00 Maarssen","jrstatcode":"2006WK033300","rubriek":"wijk","FID":"wijk_gegeneraliseerd_2006.a88f03f0-60d3-4131-a48d-9aa022126226"},"id":"WK033300"},{"arcs":[[2438,2439,2440,-2358,-2436]],"type":"Polygon","properties":{"id":56838,"statcode":"WK033301","statnaam":"Wijk 01 Maarssenbroek","jrstatcode":"2006WK033301","rubriek":"wijk","FID":"wijk_gegeneraliseerd_2006.16314aaf-4e26-4fd8-a78b-963fa34a11c3"},"id":"WK033301"},{"arcs":[[2441,2442,2443,2444,-2438]],"type":"Polygon","properties":{"id":56839,"statcode":"WK033302","statnaam":"Wijk 02 Oud-Zuilen","jrstatcode":"2006WK033302","rubriek":"wijk","FID":"wijk_gegeneraliseerd_2006.922db89d-8cae-4336-b3b5-4af574a0115f"},"id":"WK033302"},{"arcs":[[-2347,2445,-2442,-2437,-2355,2446]],"type":"Polygon","properties":{"id":56840,"statcode":"WK033303","statnaam":"Wijk 03 Plassengebied","jrstatcode":"2006WK033303","rubriek":"wijk","FID":"wijk_gegeneraliseerd_2006.8dfca58c-9bf6-4e5f-af81-5c4be6698274"},"id":"WK033303"},{"arcs":[[2447,2448]],"type":"Polygon","properties":{"id":56841,"statcode":"WK033500","statnaam":"Wijk 00","jrstatcode":"2006WK033500","rubriek":"wijk","FID":"wijk_gegeneraliseerd_2006.d7fc061f-fd7c-4265-a7b1-f1027c9c0601"},"id":"WK033500"},{"arcs":[[2449,-2449,2450,2451,2452,2453,2454,2455,2456,2457,2458]],"type":"Polygon","properties":{"id":56842,"statcode":"WK033501","statnaam":"Wijk 01 Linschoten","jrstatcode":"2006WK033501","rubriek":"wijk","FID":"wijk_gegeneraliseerd_2006.d15fdd10-7d62-446b-b24a-7bc66b2782e5"},"id":"WK033501"},{"arcs":[[-2450,2459,-2427,2460,-2451,-2448]],"type":"Polygon","properties":{"id":56843,"statcode":"WK033502","statnaam":"Wijk 02 Willeskop","jrstatcode":"2006WK033502","rubriek":"wijk","FID":"wijk_gegeneraliseerd_2006.33a5f9eb-70b7-4cf0-be26-63caaf7d4446"},"id":"WK033502"},{"arcs":[[-1835,-1841,2461,2462,2463,-2111,-1654]],"type":"Polygon","properties":{"id":56844,"statcode":"WK033900","statnaam":"Wijk 00","jrstatcode":"2006WK033900","rubriek":"wijk","FID":"wijk_gegeneraliseerd_2006.5e78861c-860c-4a6a-96df-96f5b08841c7"},"id":"WK033900"},{"arcs":[[2464,-1728,2465,2466]],"type":"Polygon","properties":{"id":56845,"statcode":"WK034000","statnaam":"Wijk 00 Rhenen","jrstatcode":"2006WK034000","rubriek":"wijk","FID":"wijk_gegeneraliseerd_2006.1825bf25-d5a3-47d4-920e-4c8c25230525"},"id":"WK034000"},{"arcs":[[-1727,-1731,2467,2468,-2466]],"type":"Polygon","properties":{"id":56846,"statcode":"WK034001","statnaam":"Wijk 01 Elst","jrstatcode":"2006WK034001","rubriek":"wijk","FID":"wijk_gegeneraliseerd_2006.16429c1a-6d11-4590-a6b9-3bbddb94e711"},"id":"WK034001"},{"arcs":[[-2469,2469,2470,2471,2472,-1830,-2140,2473,-2467]],"type":"Polygon","properties":{"id":56847,"statcode":"WK034002","statnaam":"Wijk 02 Achterberg","jrstatcode":"2006WK034002","rubriek":"wijk","FID":"wijk_gegeneraliseerd_2006.e64650b4-803a-4df9-8f72-7a39ce595cda"},"id":"WK034002"},{"arcs":[[-2310,-2302,-2241,-2250,2474,2475,-2322]],"type":"Polygon","properties":{"id":56848,"statcode":"WK034200","statnaam":"Wijk 00 Soest","jrstatcode":"2006WK034200","rubriek":"wijk","FID":"wijk_gegeneraliseerd_2006.e75b2632-a343-44fe-828a-086d86d0b9cc"},"id":"WK034200"},{"arcs":[[2476,-2475,-2249,2477]],"type":"Polygon","properties":{"id":56849,"statcode":"WK034201","statnaam":"Wijk 01 Soesterberg-Soestduinen","jrstatcode":"2006WK034201","rubriek":"wijk","FID":"wijk_gegeneraliseerd_2006.39d603db-cd18-448d-bbba-9fd2acfde5bd"},"id":"WK034201"},{"arcs":[[2478,-2439,-2435,-2445,2479,2480,2481]],"type":"Polygon","properties":{"id":56850,"statcode":"WK034401","statnaam":"Wijk 01 West","jrstatcode":"2006WK034401","rubriek":"wijk","FID":"wijk_gegeneraliseerd_2006.6f2d9c63-a15c-460e-842e-846333384e56"},"id":"WK034401"},{"arcs":[[2482,-2480,-2444,2483,2484]],"type":"Polygon","properties":{"id":56851,"statcode":"WK034402","statnaam":"Wijk 02 Noordwest","jrstatcode":"2006WK034402","rubriek":"wijk","FID":"wijk_gegeneraliseerd_2006.bd873e96-207b-4951-b6e1-be648ac7557e"},"id":"WK034402"},{"arcs":[[-2484,-2443,-2446,-2346,-2343,2485]],"type":"Polygon","properties":{"id":56852,"statcode":"WK034403","statnaam":"Wijk 03 Overvecht","jrstatcode":"2006WK034403","rubriek":"wijk","FID":"wijk_gegeneraliseerd_2006.1bfc46ee-6fc3-4945-94b0-6dd6382db234"},"id":"WK034403"},{"arcs":[[-2485,-2486,-2342,-2323,2486,2487]],"type":"Polygon","properties":{"id":56853,"statcode":"WK034404","statnaam":"Wijk 04 Noordoost","jrstatcode":"2006WK034404","rubriek":"wijk","FID":"wijk_gegeneraliseerd_2006.bfa3e40d-6b6a-4079-bac5-6cd16f5f099d"},"id":"WK034404"},{"arcs":[[2488,-2487,-2330,2489,-2368,2490]],"type":"Polygon","properties":{"id":56854,"statcode":"WK034405","statnaam":"Wijk 05 Oost","jrstatcode":"2006WK034405","rubriek":"wijk","FID":"wijk_gegeneraliseerd_2006.b495dfed-df92-4fa4-a6f7-c9159e266729"},"id":"WK034405"},{"arcs":[[-2488,-2489,2491,-2481,-2483]],"type":"Polygon","properties":{"id":56855,"statcode":"WK034406","statnaam":"Wijk 06 Binnenstad","jrstatcode":"2006WK034406","rubriek":"wijk","FID":"wijk_gegeneraliseerd_2006.4fbdec63-7207-4b90-9bfa-4e5229d85aff"},"id":"WK034406"},{"arcs":[[-2388,2492,2493,-2491]],"type":"Polygon","properties":{"id":56856,"statcode":"WK034407","statnaam":"Wijk 07 Zuid","jrstatcode":"2006WK034407","rubriek":"wijk","FID":"wijk_gegeneraliseerd_2006.3ab5c574-da69-42d1-bebd-365e9051d66e"},"id":"WK034407"},{"arcs":[[-2492,-2494,2494,2495,2496,2497,-2482]],"type":"Polygon","properties":{"id":56857,"statcode":"WK034408","statnaam":"Wijk 08 Zuidwest","jrstatcode":"2006WK034408","rubriek":"wijk","FID":"wijk_gegeneraliseerd_2006.5774aa5b-9aab-486c-a53e-38a650d576d9"},"id":"WK034408"},{"arcs":[[-2498,2498,-2440,-2479]],"type":"Polygon","properties":{"id":56858,"statcode":"WK034409","statnaam":"Wijk 09 Leidsche Rijn","jrstatcode":"2006WK034409","rubriek":"wijk","FID":"wijk_gegeneraliseerd_2006.cedbaab9-062a-459e-a474-758e8a05a420"},"id":"WK034409"},{"arcs":[[-2499,-2497,2499,2500,-2458,2501,-2364,-2359,-2441]],"type":"Polygon","properties":{"id":56859,"statcode":"WK034410","statnaam":"Wijk 10 Vleuten-De Meern","jrstatcode":"2006WK034410","rubriek":"wijk","FID":"wijk_gegeneraliseerd_2006.33f0f2a0-6624-4dfa-85df-59e5002ebb3e"},"id":"WK034410"},{"arcs":[[2502,2503,2504,2505]],"type":"Polygon","properties":{"id":56860,"statcode":"WK034500","statnaam":"Wijk 00 Centrum","jrstatcode":"2006WK034500","rubriek":"wijk","FID":"wijk_gegeneraliseerd_2006.68354ecb-8d92-4ef3-bb67-3328e0d9c94b"},"id":"WK034500"},{"arcs":[[-2503,2506,-1842,-1821,-1832,2507]],"type":"Polygon","properties":{"id":56861,"statcode":"WK034501","statnaam":"Wijk 01 Noordoost","jrstatcode":"2006WK034501","rubriek":"wijk","FID":"wijk_gegeneraliseerd_2006.74dd9d26-7730-4c3f-9120-85c477beeb46"},"id":"WK034501"},{"arcs":[[-2508,-1831,-2473,2508,-2504]],"type":"Polygon","properties":{"id":56862,"statcode":"WK034502","statnaam":"Wijk 02 Zuidoost","jrstatcode":"2006WK034502","rubriek":"wijk","FID":"wijk_gegeneraliseerd_2006.0827bca6-7845-4c32-8576-d1f595c36368"},"id":"WK034502"},{"arcs":[[2509,-2505,-2509,-2472,2510]],"type":"Polygon","properties":{"id":56863,"statcode":"WK034503","statnaam":"Wijk 03 Zuidwest","jrstatcode":"2006WK034503","rubriek":"wijk","FID":"wijk_gegeneraliseerd_2006.2ff6b4e2-95b4-485c-bd7d-fc020a045a86"},"id":"WK034503"},{"arcs":[[-2506,-2510,2511,-1840,-1843,-2507]],"type":"Polygon","properties":{"id":56864,"statcode":"WK034504","statnaam":"Wijk 04 Noordwest","jrstatcode":"2006WK034504","rubriek":"wijk","FID":"wijk_gegeneraliseerd_2006.e3b74963-a31b-4002-9101-24d97f0ffa60"},"id":"WK034504"},{"arcs":[[-2511,-2471,2512,-2462,-2512]],"type":"Polygon","properties":{"id":56865,"statcode":"WK034505","statnaam":"Wijk 05 West","jrstatcode":"2006WK034505","rubriek":"wijk","FID":"wijk_gegeneraliseerd_2006.1b67e705-a647-4340-a804-a261abd875e7"},"id":"WK034505"},{"arcs":[[-2400,-2409,-1656,-2110,-2464,2513,2514,2515,2516,-2407]],"type":"Polygon","properties":{"id":56866,"statcode":"WK035100","statnaam":"Wijk 00","jrstatcode":"2006WK035100","rubriek":"wijk","FID":"wijk_gegeneraliseerd_2006.5e9bee42-d7e8-4c49-92e5-28aa3fdac708"},"id":"WK035100"},{"arcs":[[2517]],"type":"Polygon","properties":{"id":56867,"statcode":"WK035200","statnaam":"Wijk 00 Wijk bij Duurstede","jrstatcode":"2006WK035200","rubriek":"wijk","FID":"wijk_gegeneraliseerd_2006.213a1d5b-81f4-43ec-9f12-942000707cd6"},"id":"WK035200"},{"arcs":[[2518,-1734,-1736,-1714,-1737,-2395,2519,2520],[-2518]],"type":"Polygon","properties":{"id":56868,"statcode":"WK035201","statnaam":"Wijk 01 Landelijk gebied","jrstatcode":"2006WK035201","rubriek":"wijk","FID":"wijk_gegeneraliseerd_2006.b46ffec1-652d-416b-b3f6-03d2ca68a7a7"},"id":"WK035201"},{"arcs":[[2521,-2520,-2394,-2392,-2376,2522]],"type":"Polygon","properties":{"id":56869,"statcode":"WK035202","statnaam":"Wijk 02 Cothen","jrstatcode":"2006WK035202","rubriek":"wijk","FID":"wijk_gegeneraliseerd_2006.c8600e22-74f8-4f80-8f5e-481cde799050"},"id":"WK035202"},{"arcs":[[2523,2524,2525,-2521,-2522,2526]],"type":"Polygon","properties":{"id":56870,"statcode":"WK035203","statnaam":"Wijk 03 Langbroek","jrstatcode":"2006WK035203","rubriek":"wijk","FID":"wijk_gegeneraliseerd_2006.0ca9d061-591b-4a74-8d41-ba30972fac01"},"id":"WK035203"},{"arcs":[[-2460,-2459,-2501,2527,2528,2529,2530,-2428]],"type":"Polygon","properties":{"id":56871,"statcode":"WK035300","statnaam":"Wijk 00 IJsselstein","jrstatcode":"2006WK035300","rubriek":"wijk","FID":"wijk_gegeneraliseerd_2006.14589a2f-b36f-4e4f-b990-b0374c6901d7"},"id":"WK035300"},{"arcs":[[2531,2532,2533,2534]],"type":"Polygon","properties":{"id":56872,"statcode":"WK035501","statnaam":"Wijk 01 Centrum Zeist","jrstatcode":"2006WK035501","rubriek":"wijk","FID":"wijk_gegeneraliseerd_2006.90a1bb1c-a520-41cb-b09d-ff2df91fd7ac"},"id":"WK035501"},{"arcs":[[2535,-2328,2536,-2533]],"type":"Polygon","properties":{"id":56873,"statcode":"WK035502","statnaam":"Wijk 02 Zeist-Noord","jrstatcode":"2006WK035502","rubriek":"wijk","FID":"wijk_gegeneraliseerd_2006.32eca2ee-2a23-4f65-b61b-0947507b3123"},"id":"WK035502"},{"arcs":[[2537,2538,2539,-2371,-2369,-2490,-2329,-2536,-2532]],"type":"Polygon","properties":{"id":56874,"statcode":"WK035503","statnaam":"Wijk 03 Zeist-West","jrstatcode":"2006WK035503","rubriek":"wijk","FID":"wijk_gegeneraliseerd_2006.a8bfc64e-cc48-4e83-b037-099c03a3ff74"},"id":"WK035503"},{"arcs":[[-2538,-2535,2540,-2478,-2248,-2408,-2517,2541,2542]],"type":"Polygon","properties":{"id":56875,"statcode":"WK035504","statnaam":"Wijk 04 Zeist-Oost. Zeister Bos en omgeving","jrstatcode":"2006WK035504","rubriek":"wijk","FID":"wijk_gegeneraliseerd_2006.16e105e5-67c6-4402-834b-b46361e913d9"},"id":"WK035504"},{"arcs":[[-2534,-2537,-2327,-2332,-2336,-2316,-2476,-2477,-2541]],"type":"Polygon","properties":{"id":56876,"statcode":"WK035505","statnaam":"Wijk 05 Huis Ter Heide. Bosch en Duin","jrstatcode":"2006WK035505","rubriek":"wijk","FID":"wijk_gegeneraliseerd_2006.d8d33922-758c-4594-80a4-d129189e8083"},"id":"WK035505"},{"arcs":[[2544,-2528,-2500,-2496,2545,2546]],"type":"Polygon","properties":{"id":56877,"statcode":"WK035600","statnaam":"Wijk 00 Nieuwegein-Noord","jrstatcode":"2006WK035600","rubriek":"wijk","FID":"wijk_gegeneraliseerd_2006.10c07fd9-4abe-4ff2-89a0-407e6351f930"},"id":"WK035600"},{"arcs":[[-2386,-2398,-2390,2547,2548,-2530,2549,-2547,2550]],"type":"Polygon","properties":{"id":56878,"statcode":"WK035601","statnaam":"Wijk 01 Nieuwegein-Zuid","jrstatcode":"2006WK035601","rubriek":"wijk","FID":"wijk_gegeneraliseerd_2006.cc913ab9-a7a0-4328-8a41-8bf1d4dba042"},"id":"WK035601"},{"arcs":[[[-2387,-2551,-2546,-2495,-2493]],[[-2550,-2529,-2545]]],"type":"MultiPolygon","properties":{"id":56879,"statcode":"WK035602","statnaam":"Wijk 02 Industriewijk","jrstatcode":"2006WK035602","rubriek":"wijk","FID":"wijk_gegeneraliseerd_2006.cedefda9-2902-4c88-bbdd-0b585218e373"},"id":"WK035602"},{"arcs":[[2551,2552,2553,2554,2555]],"type":"Polygon","properties":{"id":56880,"statcode":"WK035800","statnaam":"Wijk 00 Aalsmeer","jrstatcode":"2006WK035800","rubriek":"wijk","FID":"wijk_gegeneraliseerd_2006.e41ce481-685d-4571-a05b-4ef0cba5f139"},"id":"WK035800"},{"arcs":[[2556,2557,2558,-2556,2559]],"type":"Polygon","properties":{"id":56881,"statcode":"WK035801","statnaam":"Wijk 01 Kudelstraat en Kalslagen","jrstatcode":"2006WK035801","rubriek":"wijk","FID":"wijk_gegeneraliseerd_2006.299011d7-2f1f-49ea-95e6-85b766d468c8"},"id":"WK035801"},{"arcs":[[2560,-2554,2561,2562,2563]],"type":"Polygon","properties":{"id":56882,"statcode":"WK035802","statnaam":"Wijk 02 Oosteinde","jrstatcode":"2006WK035802","rubriek":"wijk","FID":"wijk_gegeneraliseerd_2006.9fca7d31-5450-4a2e-880b-f9f45ab99c4c"},"id":"WK035802"},{"arcs":[[2564,2565,2566,2567]],"type":"Polygon","properties":{"id":56883,"statcode":"WK036101","statnaam":"Wijk 01 Zuid","jrstatcode":"2006WK036101","rubriek":"wijk","FID":"wijk_gegeneraliseerd_2006.dc1f7814-ee46-4e38-94d6-084d09e9e6bd"},"id":"WK036101"},{"arcs":[[2568,2569,2570,2571,2572,2573]],"type":"Polygon","properties":{"id":56884,"statcode":"WK036102","statnaam":"Wijk 02 Oudorp","jrstatcode":"2006WK036102","rubriek":"wijk","FID":"wijk_gegeneraliseerd_2006.4dedb17e-239c-4080-b997-773ab7055a81"},"id":"WK036102"},{"arcs":[[2574,2575,2576,2577,-2568,2578,-2573]],"type":"Polygon","properties":{"id":56885,"statcode":"WK036103","statnaam":"Wijk 03 Overdie","jrstatcode":"2006WK036103","rubriek":"wijk","FID":"wijk_gegeneraliseerd_2006.dfb59bd2-d636-421d-ab7f-14a5b7e65499"},"id":"WK036103"},{"arcs":[[2579,2580,2581,2582,2583,2584,2585,-2566]],"type":"Polygon","properties":{"id":56886,"statcode":"WK036104","statnaam":"Wijk 04 West","jrstatcode":"2006WK036104","rubriek":"wijk","FID":"wijk_gegeneraliseerd_2006.3eddd84c-ffbe-4703-a626-7b577a7060ab"},"id":"WK036104"},{"arcs":[[2586,-2585,2587,2588,2589,-2569]],"type":"Polygon","properties":{"id":56887,"statcode":"WK036105","statnaam":"Wijk 05 Huiswaard-Zuid","jrstatcode":"2006WK036105","rubriek":"wijk","FID":"wijk_gegeneraliseerd_2006.6496a5f6-c016-4869-9b80-46564475eca3"},"id":"WK036105"},{"arcs":[[2590,-2588,-2584]],"type":"Polygon","properties":{"id":56888,"statcode":"WK036106","statnaam":"Wijk 06 Huiswaard-Noord","jrstatcode":"2006WK036106","rubriek":"wijk","FID":"wijk_gegeneraliseerd_2006.3cd8c052-8cca-4e56-8080-fde7f4935f79"},"id":"WK036106"},{"arcs":[[-2589,-2591,-2583,2591,2592]],"type":"Polygon","properties":{"id":56889,"statcode":"WK036107","statnaam":"Wijk 07 Daalmeer en Koedijk","jrstatcode":"2006WK036107","rubriek":"wijk","FID":"wijk_gegeneraliseerd_2006.8b48cc14-bd7f-4069-bd94-2a2285b849eb"},"id":"WK036107"},{"arcs":[[-2579,-2567,-2586,-2587,-2574]],"type":"Polygon","properties":{"id":56890,"statcode":"WK036108","statnaam":"Wijk 08 Binnenstad","jrstatcode":"2006WK036108","rubriek":"wijk","FID":"wijk_gegeneraliseerd_2006.c4a6d088-b1c5-40ef-b309-4ac25ddd2d0a"},"id":"WK036108"},{"arcs":[[2593,2594,2595,2596,2597,2598,-2564,2599,2600,2601,2602]],"type":"Polygon","properties":{"id":56891,"statcode":"WK036200","statnaam":"Wijk 00 Amstelveen","jrstatcode":"2006WK036200","rubriek":"wijk","FID":"wijk_gegeneraliseerd_2006.85fb63de-596d-4070-bbb4-71969f86a08b"},"id":"WK036200"},{"arcs":[[2603,2604,2605,2606,2607,2608]],"type":"Polygon","properties":{"id":56892,"statcode":"WK036300","statnaam":"Stadsdeel Binnenstad","jrstatcode":"2006WK036300","rubriek":"wijk","FID":"wijk_gegeneraliseerd_2006.6cf9a330-37e6-458a-8f56-f81aa7d67697"},"id":"WK036300"},{"arcs":[[2609,2610,2611,2612,2613,2614,2615,2616,2617,2618]],"type":"Polygon","properties":{"id":56893,"statcode":"WK036301","statnaam":"Stadsdeel Westerpoort","jrstatcode":"2006WK036301","rubriek":"wijk","FID":"wijk_gegeneraliseerd_2006.1197a874-ddb6-46d4-b4c9-93fc1b91355b"},"id":"WK036301"},{"arcs":[[2619,-2606,2620,2621,2622,-2619]],"type":"Polygon","properties":{"id":56894,"statcode":"WK036302","statnaam":"Stadsdeel Westerpark","jrstatcode":"2006WK036302","rubriek":"wijk","FID":"wijk_gegeneraliseerd_2006.e7b0921d-6e1c-47cd-b655-de7d33eaf86f"},"id":"WK036302"},{"arcs":[[2623,2624,-2621,-2605]],"type":"Polygon","properties":{"id":56895,"statcode":"WK036303","statnaam":"Stadsdeel Oud-West","jrstatcode":"2006WK036303","rubriek":"wijk","FID":"wijk_gegeneraliseerd_2006.8ce66360-a249-42ab-b342-4169f4fab028"},"id":"WK036303"},{"arcs":[[-2608,2625,2626,2627,2628,2629]],"type":"Polygon","properties":{"id":56896,"statcode":"WK036304","statnaam":"Stadsdeel Zeeburg","jrstatcode":"2006WK036304","rubriek":"wijk","FID":"wijk_gegeneraliseerd_2006.5a6b0491-8f07-43d6-b035-fdd7844778e6"},"id":"WK036304"},{"arcs":[[2630,2631,2632,-2610,-2623]],"type":"Polygon","properties":{"id":56897,"statcode":"WK036305","statnaam":"Stadsdeel Bos en Lommer","jrstatcode":"2006WK036305","rubriek":"wijk","FID":"wijk_gegeneraliseerd_2006.9d076037-778f-414e-9a5e-56611e995816"},"id":"WK036305"},{"arcs":[[2633,2634,-2631,-2622,-2625]],"type":"Polygon","properties":{"id":56898,"statcode":"WK036306","statnaam":"Stadsdeel De Baarsjes","jrstatcode":"2006WK036306","rubriek":"wijk","FID":"wijk_gegeneraliseerd_2006.d1f7528d-85bb-451e-907f-309bb8edfee4"},"id":"WK036306"},{"arcs":[[2635,2636,2637,2638,2639,2640,-2626,-2607,-2620,-2618]],"type":"Polygon","properties":{"id":56899,"statcode":"WK036307","statnaam":"Stadsdeel Amsterdam-Noord","jrstatcode":"2006WK036307","rubriek":"wijk","FID":"wijk_gegeneraliseerd_2006.901aeaa8-ce21-411d-a6c3-446dc5f11334"},"id":"WK036307"},{"arcs":[[-2611,-2633,2641,2642,2643]],"type":"Polygon","properties":{"id":56900,"statcode":"WK036308","statnaam":"Stadsdeel Geuzenveld en Slotermeer","jrstatcode":"2006WK036308","rubriek":"wijk","FID":"wijk_gegeneraliseerd_2006.e3eeef45-8aaf-4a91-924c-d1d9f36bc342"},"id":"WK036308"},{"arcs":[[2644,2645,2646,2647,2648,-2643]],"type":"Polygon","properties":{"id":56901,"statcode":"WK036309","statnaam":"Stadsdeel Osdorp","jrstatcode":"2006WK036309","rubriek":"wijk","FID":"wijk_gegeneraliseerd_2006.e0d6c3f9-2c69-42d6-a658-c54fa7b5486f"},"id":"WK036309"},{"arcs":[[-2642,-2632,-2635,2649,2650,2651,-2645]],"type":"Polygon","properties":{"id":56902,"statcode":"WK036310","statnaam":"Stadsdeel Slotervaart en Overtoomse Veld","jrstatcode":"2006WK036310","rubriek":"wijk","FID":"wijk_gegeneraliseerd_2006.c07a37b6-21c9-410e-aee1-7f4ebcc02cac"},"id":"WK036310"},{"arcs":[[2652,2653,-2225,2654,2655]],"type":"Polygon","properties":{"id":56903,"statcode":"WK036311","statnaam":"Stadsdeel Zuidoost","jrstatcode":"2006WK036311","rubriek":"wijk","FID":"wijk_gegeneraliseerd_2006.96a27537-98b5-4549-a885-1368af1a2cd8"},"id":"WK036311"},{"arcs":[[2656,-2609,-2630,2657,2658,2659,-2602,2660]],"type":"Polygon","properties":{"id":56904,"statcode":"WK036312","statnaam":"Stadsdeel Oost en Watergraafsmeer","jrstatcode":"2006WK036312","rubriek":"wijk","FID":"wijk_gegeneraliseerd_2006.7925f877-13e4-4563-8bea-5ec3da1ce536"},"id":"WK036312"},{"arcs":[[-2657,2661,-2650,-2634,-2624,-2604]],"type":"Polygon","properties":{"id":56905,"statcode":"WK036313","statnaam":"Stadsdeel Amsterdam Oud-Zuid","jrstatcode":"2006WK036313","rubriek":"wijk","FID":"wijk_gegeneraliseerd_2006.ffe8dd8b-c5b0-4577-a9e2-a3470dad542a"},"id":"WK036313"},{"arcs":[[-2601,2662,-2651,-2662,-2661]],"type":"Polygon","properties":{"id":56906,"statcode":"WK036314","statnaam":"Stadsdeel Zuideramstel","jrstatcode":"2006WK036314","rubriek":"wijk","FID":"wijk_gegeneraliseerd_2006.c15f5e4e-8487-4ee1-b2bb-93c97ee5054d"},"id":"WK036314"},{"arcs":[[2663,2664,2665,2666,2667,2668]],"type":"Polygon","properties":{"id":56907,"statcode":"WK036400","statnaam":"Wijk 00","jrstatcode":"2006WK036400","rubriek":"wijk","FID":"wijk_gegeneraliseerd_2006.0fd389bf-5b6d-4c5b-b5c5-8d135d357e03"},"id":"WK036400"},{"arcs":[[2669,2670,2671,2672]],"type":"Polygon","properties":{"id":56908,"statcode":"WK036500","statnaam":"Wijk 00 De Rijp","jrstatcode":"2006WK036500","rubriek":"wijk","FID":"wijk_gegeneraliseerd_2006.04b05f20-a8f1-4c14-82cc-29b2d73b41d5"},"id":"WK036500"},{"arcs":[[2673,2674,2675,2676,2677,2678,-2671]],"type":"Polygon","properties":{"id":56909,"statcode":"WK036501","statnaam":"Wijk 01 Graft en omgeving","jrstatcode":"2006WK036501","rubriek":"wijk","FID":"wijk_gegeneraliseerd_2006.61226f32-d12e-4836-886e-9c116d0834cd"},"id":"WK036501"},{"arcs":[[2679,2680,2681,2682,2683,2684]],"type":"Polygon","properties":{"id":56910,"statcode":"WK036600","statnaam":"Wijk 00","jrstatcode":"2006WK036600","rubriek":"wijk","FID":"wijk_gegeneraliseerd_2006.eed7b7d1-a0af-4670-9888-81e495ef5e9a"},"id":"WK036600"},{"arcs":[[2685,2686,2687,2688,-2684]],"type":"Polygon","properties":{"id":56911,"statcode":"WK036601","statnaam":"Wijk 01 Wieringerwaard en omgeving","jrstatcode":"2006WK036601","rubriek":"wijk","FID":"wijk_gegeneraliseerd_2006.f89200e7-f703-41e1-8854-529e32bdca00"},"id":"WK036601"},{"arcs":[[2689,2690,2691,2692,2693,2694,2695,2696,2697,2698,2699,-2673]],"type":"Polygon","properties":{"id":56912,"statcode":"WK037000","statnaam":"Wijk 00 Beemster","jrstatcode":"2006WK037000","rubriek":"wijk","FID":"wijk_gegeneraliseerd_2006.cb08a5a5-022f-4ee1-b1e6-0fae4e87d016"},"id":"WK037000"},{"arcs":[[2700,2701,2702,2703,-2699]],"type":"Polygon","properties":{"id":56913,"statcode":"WK037001","statnaam":"Wijk 01 Zuidoostbeemster","jrstatcode":"2006WK037001","rubriek":"wijk","FID":"wijk_gegeneraliseerd_2006.d922c2fb-c981-4bf8-84b2-e4998241f95f"},"id":"WK037001"},{"arcs":[[2704,2705,2706,2707]],"type":"Polygon","properties":{"id":56914,"statcode":"WK037200","statnaam":"Wijk 00","jrstatcode":"2006WK037200","rubriek":"wijk","FID":"wijk_gegeneraliseerd_2006.fe66da3f-4fe9-46b0-8c63-a50a70c8314e"},"id":"WK037200"},{"arcs":[[2708,2709]],"type":"Polygon","properties":{"id":56915,"statcode":"WK037301","statnaam":"Wijk 01 Bergen Binnen","jrstatcode":"2006WK037301","rubriek":"wijk","FID":"wijk_gegeneraliseerd_2006.ac03011f-059a-4db3-860d-c49de0eed368"},"id":"WK037301"},{"arcs":[[2710,2711]],"type":"Polygon","properties":{"id":56916,"statcode":"WK037302","statnaam":"Wijk 02 Bergen aan Zee","jrstatcode":"2006WK037302","rubriek":"wijk","FID":"wijk_gegeneraliseerd_2006.99899dfd-57b3-434a-86fb-356aaf7ce397"},"id":"WK037302"},{"arcs":[[2712,-2592,-2582,2713,2714,-2712,2715,2716,-2710,2717,2718]],"type":"Polygon","properties":{"id":56917,"statcode":"WK037303","statnaam":"Wijk 03 Buitengebied Bergen","jrstatcode":"2006WK037303","rubriek":"wijk","FID":"wijk_gegeneraliseerd_2006.63f643a4-b83c-469e-a85f-24442bbd2233"},"id":"WK037303"},{"arcs":[[2719,2720,2721]],"type":"Polygon","properties":{"id":56918,"statcode":"WK037304","statnaam":"Wijk 04 Egmond aan Zee","jrstatcode":"2006WK037304","rubriek":"wijk","FID":"wijk_gegeneraliseerd_2006.6dffa08f-737a-4f2b-8a33-e05809dc85b5"},"id":"WK037304"},{"arcs":[[2722,2723,2724,2725,-2720,2726]],"type":"Polygon","properties":{"id":56919,"statcode":"WK037305","statnaam":"Wijk 05 Egmond-Binnen","jrstatcode":"2006WK037305","rubriek":"wijk","FID":"wijk_gegeneraliseerd_2006.900d7776-afa1-41b3-97a9-46ff726d1e7c"},"id":"WK037305"},{"arcs":[[-2714,-2581,2727,2728,2729,-2727,-2722,2730]],"type":"Polygon","properties":{"id":56920,"statcode":"WK037306","statnaam":"Wijk 06 Egmond aan den Hoef","jrstatcode":"2006WK037306","rubriek":"wijk","FID":"wijk_gegeneraliseerd_2006.1f2fcf39-7003-43ca-8fb9-263d5e49ef72"},"id":"WK037306"},{"arcs":[[2731,2732,-2718,-2709,-2717,2733]],"type":"Polygon","properties":{"id":56921,"statcode":"WK037307","statnaam":"Wijk 07 Schoorl","jrstatcode":"2006WK037307","rubriek":"wijk","FID":"wijk_gegeneraliseerd_2006.fb97c211-3d1e-4da1-b339-53100d0ca979"},"id":"WK037307"},{"arcs":[[2734,2735,2736,2737,2738,2739]],"type":"Polygon","properties":{"id":56922,"statcode":"WK037500","statnaam":"Wijk 00 Centrum","jrstatcode":"2006WK037500","rubriek":"wijk","FID":"wijk_gegeneraliseerd_2006.4884aa8d-7b6c-4930-913d-048d59398bd9"},"id":"WK037500"},{"arcs":[[-2737,2740,2741,2742,2743,2744]],"type":"Polygon","properties":{"id":56923,"statcode":"WK037501","statnaam":"Wijk 01 Vondelkwartier","jrstatcode":"2006WK037501","rubriek":"wijk","FID":"wijk_gegeneraliseerd_2006.4eaf2757-82b3-492b-befa-69aa036f9229"},"id":"WK037501"},{"arcs":[[2745,2746,-2740,2747]],"type":"Polygon","properties":{"id":56924,"statcode":"WK037502","statnaam":"Wijk 02 Oranjebuurt","jrstatcode":"2006WK037502","rubriek":"wijk","FID":"wijk_gegeneraliseerd_2006.08b41b59-8add-4329-8bf0-1b215839ee8a"},"id":"WK037502"},{"arcs":[[-2745,2748,2749,2750,-2738]],"type":"Polygon","properties":{"id":56925,"statcode":"WK037503","statnaam":"Wijk 03 Kuenenkwartier","jrstatcode":"2006WK037503","rubriek":"wijk","FID":"wijk_gegeneraliseerd_2006.5819c1ac-27bb-43ad-baa0-b7effe6301eb"},"id":"WK037503"},{"arcs":[[-2749,-2744,2751]],"type":"Polygon","properties":{"id":56926,"statcode":"WK037504","statnaam":"Wijk 04 Warande","jrstatcode":"2006WK037504","rubriek":"wijk","FID":"wijk_gegeneraliseerd_2006.eba7ea75-22b9-4036-a47b-d208af6c001a"},"id":"WK037504"},{"arcs":[[-2743,2752,2753,2754,-2750,-2752]],"type":"Polygon","properties":{"id":56927,"statcode":"WK037505","statnaam":"Wijk 05 Noordwestelijk tuinbouwgebied","jrstatcode":"2006WK037505","rubriek":"wijk","FID":"wijk_gegeneraliseerd_2006.b16b8155-1bf8-437b-94f5-2102d5122a61"},"id":"WK037505"},{"arcs":[[2755,2756,-2746,2757]],"type":"Polygon","properties":{"id":56928,"statcode":"WK037506","statnaam":"Wijk 06 Oosterwijk en Zwaansmeer","jrstatcode":"2006WK037506","rubriek":"wijk","FID":"wijk_gegeneraliseerd_2006.2f1d1d67-468b-4955-bb0d-f42a6a3ae1da"},"id":"WK037506"},{"arcs":[[-2758,-2748,-2739,-2751,-2755,2758,2759]],"type":"Polygon","properties":{"id":56929,"statcode":"WK037507","statnaam":"Wijk 07 Meerestein","jrstatcode":"2006WK037507","rubriek":"wijk","FID":"wijk_gegeneraliseerd_2006.32cb2028-ea96-4a29-9510-07e6a980c6f4"},"id":"WK037507"},{"arcs":[[2760,2761,-2753,-2742,2762]],"type":"Polygon","properties":{"id":56930,"statcode":"WK037508","statnaam":"Wijk 08 Wijk aan Zee","jrstatcode":"2006WK037508","rubriek":"wijk","FID":"wijk_gegeneraliseerd_2006.f521d066-d4ce-4083-885f-a4c1be6a26f7"},"id":"WK037508"},{"arcs":[[2763,2764,-2735,-2747,-2757,2765,2766,2767]],"type":"Polygon","properties":{"id":56931,"statcode":"WK037509","statnaam":"Wijk 09 De Pijp en Wijkerbroek","jrstatcode":"2006WK037509","rubriek":"wijk","FID":"wijk_gegeneraliseerd_2006.9df0b81b-3989-4996-b5fb-584c67fa8913"},"id":"WK037509"},{"arcs":[[2768,2769,2770,2771,2772,2773,2774,2775,-2381]],"type":"Polygon","properties":{"id":56932,"statcode":"WK037600","statnaam":"Wijk 00","jrstatcode":"2006WK037600","rubriek":"wijk","FID":"wijk_gegeneraliseerd_2006.27d1250c-f7c4-4b60-a0b8-8ae1d779bc43"},"id":"WK037600"},{"arcs":[[2776,2777,2778,2779,2780,2781]],"type":"Polygon","properties":{"id":56933,"statcode":"WK037700","statnaam":"Wijk 00 Bloemendaal","jrstatcode":"2006WK037700","rubriek":"wijk","FID":"wijk_gegeneraliseerd_2006.208d373d-d4c4-4c7d-b211-7d4475d3ad84"},"id":"WK037700"},{"arcs":[[2782,2783,2784,-2778,2785]],"type":"Polygon","properties":{"id":56934,"statcode":"WK037701","statnaam":"Wijk 01 Overveen","jrstatcode":"2006WK037701","rubriek":"wijk","FID":"wijk_gegeneraliseerd_2006.ffa8b41f-f63f-45a3-9f8a-4459fc8c89a8"},"id":"WK037701"},{"arcs":[[2786,2787,2788,2789,2790,-2784]],"type":"Polygon","properties":{"id":56935,"statcode":"WK037702","statnaam":"Wijk 02 Aerdenhout","jrstatcode":"2006WK037702","rubriek":"wijk","FID":"wijk_gegeneraliseerd_2006.cf3e07d9-8a3f-4de7-94eb-103b3081b7a1"},"id":"WK037702"},{"arcs":[[2791,2792,-2706,2793,2794,2795,-2790]],"type":"Polygon","properties":{"id":56936,"statcode":"WK037703","statnaam":"Wijk 03 Vogelenzang","jrstatcode":"2006WK037703","rubriek":"wijk","FID":"wijk_gegeneraliseerd_2006.73924ea2-310a-400c-8d4f-8b1812c1f130"},"id":"WK037703"},{"arcs":[[2796,2797,2798]],"type":"Polygon","properties":{"id":56937,"statcode":"WK038100","statnaam":"Wijk 00 Centrum","jrstatcode":"2006WK038100","rubriek":"wijk","FID":"wijk_gegeneraliseerd_2006.e8a9b341-1201-4e5b-8fa6-a413a546e337"},"id":"WK038100"},{"arcs":[[2799,2800,2801,-2797]],"type":"Polygon","properties":{"id":56938,"statcode":"WK038101","statnaam":"Wijk 01 Brediuskwartier","jrstatcode":"2006WK038101","rubriek":"wijk","FID":"wijk_gegeneraliseerd_2006.e18e229e-c6a2-4130-8424-9cb71c151165"},"id":"WK038101"},{"arcs":[[-2802,2802,2803,2804,-2798]],"type":"Polygon","properties":{"id":56939,"statcode":"WK038102","statnaam":"Wijk 02 Eng","jrstatcode":"2006WK038102","rubriek":"wijk","FID":"wijk_gegeneraliseerd_2006.e6174f0b-7469-418e-8ef2-7e0e13e464ea"},"id":"WK038102"},{"arcs":[[-2799,-2805,2805,2806,2807,2808,-2800]],"type":"Polygon","properties":{"id":56940,"statcode":"WK038103","statnaam":"Wijk 03 Spiegel","jrstatcode":"2006WK038103","rubriek":"wijk","FID":"wijk_gegeneraliseerd_2006.2fc020a6-45d5-4cab-a6f4-abac648077aa"},"id":"WK038103"},{"arcs":[[2809,2810,2811,2812]],"type":"Polygon","properties":{"id":56941,"statcode":"WK038300","statnaam":"Wijk 00 Centrum","jrstatcode":"2006WK038300","rubriek":"wijk","FID":"wijk_gegeneraliseerd_2006.4c092850-7487-47a2-98a5-365b61d80b6c"},"id":"WK038300"},{"arcs":[[-2813,2813,2814,2815]],"type":"Polygon","properties":{"id":56942,"statcode":"WK038301","statnaam":"Wijk 01 Castricum-Noord","jrstatcode":"2006WK038301","rubriek":"wijk","FID":"wijk_gegeneraliseerd_2006.4c59cb5d-a6f3-4bc5-a7e1-270018b35d26"},"id":"WK038301"},{"arcs":[[2816,-2810,-2816,2817]],"type":"Polygon","properties":{"id":56943,"statcode":"WK038302","statnaam":"Wijk 02 Castricum-Oost","jrstatcode":"2006WK038302","rubriek":"wijk","FID":"wijk_gegeneraliseerd_2006.0767a107-35a8-4928-9a9e-a7b42ea85f04"},"id":"WK038302"},{"arcs":[[2818,2819,2820,2821,-2811,-2817,2822]],"type":"Polygon","properties":{"id":56944,"statcode":"WK038303","statnaam":"Wijk 03 Castricum-Zuid","jrstatcode":"2006WK038303","rubriek":"wijk","FID":"wijk_gegeneraliseerd_2006.1f8d19b0-ecf3-48b4-840f-af414be04602"},"id":"WK038303"},{"arcs":[[2823,-2814,-2812,-2822,2824,2825,-2725,2826]],"type":"Polygon","properties":{"id":56945,"statcode":"WK038304","statnaam":"Wijk 04 Bakkum","jrstatcode":"2006WK038304","rubriek":"wijk","FID":"wijk_gegeneraliseerd_2006.fc80602e-df2b-4e82-8c0f-4f613a856817"},"id":"WK038304"},{"arcs":[[2827,2828,2829,2830,2831,2832,-2576]],"type":"Polygon","properties":{"id":56946,"statcode":"WK038305","statnaam":"Wijk 05 Akersloot","jrstatcode":"2006WK038305","rubriek":"wijk","FID":"wijk_gegeneraliseerd_2006.3020e0e7-fd71-4a88-a00a-53cfd9417664"},"id":"WK038305"},{"arcs":[[-2678,2833,-2830,2834]],"type":"Polygon","properties":{"id":56947,"statcode":"WK038306","statnaam":"Wijk 06 de Woude","jrstatcode":"2006WK038306","rubriek":"wijk","FID":"wijk_gegeneraliseerd_2006.0d54ab5b-039e-4485-a904-c907c5a824a7"},"id":"WK038306"},{"arcs":[[2835,-2832,2836,-2823,-2818,-2815,-2824,2837]],"type":"Polygon","properties":{"id":56948,"statcode":"WK038307","statnaam":"Wijk 07 Limmen","jrstatcode":"2006WK038307","rubriek":"wijk","FID":"wijk_gegeneraliseerd_2006.1e3cef17-40b6-4947-bac0-53aa7c7fca1a"},"id":"WK038307"},{"arcs":[[2838,2839,2840,-2656]],"type":"Polygon","properties":{"id":56949,"statcode":"WK038400","statnaam":"Wijk 00 Diemen-Zuid","jrstatcode":"2006WK038400","rubriek":"wijk","FID":"wijk_gegeneraliseerd_2006.7315f2a9-0141-4452-85e9-2d6475a96566"},"id":"WK038400"},{"arcs":[[-2659,2841,-2628,2842,2843,-2840]],"type":"Polygon","properties":{"id":56950,"statcode":"WK038401","statnaam":"Wijk 01 Diemen-Centrum","jrstatcode":"2006WK038401","rubriek":"wijk","FID":"wijk_gegeneraliseerd_2006.7f51c91f-69a4-4bc7-9a50-6d8f0c556744"},"id":"WK038401"},{"arcs":[[-2658,-2629,-2842]],"type":"Polygon","properties":{"id":56951,"statcode":"WK038402","statnaam":"Wijk 02 Diemen-Noord","jrstatcode":"2006WK038402","rubriek":"wijk","FID":"wijk_gegeneraliseerd_2006.51f8460a-7013-4fd3-8736-eb22ebbb9d4b"},"id":"WK038402"},{"arcs":[[2844,2845,2846,2847,2848,2849]],"type":"Polygon","properties":{"id":56952,"statcode":"WK038500","statnaam":"Wijk 00 Edam","jrstatcode":"2006WK038500","rubriek":"wijk","FID":"wijk_gegeneraliseerd_2006.0ddac6a4-af9d-4cf2-98a8-ceeba6d24601"},"id":"WK038500"},{"arcs":[[-2850,2850,2851,2852,2853]],"type":"Polygon","properties":{"id":56953,"statcode":"WK038501","statnaam":"Wijk 01 Purmer","jrstatcode":"2006WK038501","rubriek":"wijk","FID":"wijk_gegeneraliseerd_2006.bb90195f-3f7d-4d48-a9d3-6ee5f27310d3"},"id":"WK038501"},{"arcs":[[2854,-2848,2855]],"type":"Polygon","properties":{"id":56954,"statcode":"WK038502","statnaam":"Wijk 02 Volendam","jrstatcode":"2006WK038502","rubriek":"wijk","FID":"wijk_gegeneraliseerd_2006.7a5b784c-8526-4209-94d5-35e3c2b196dc"},"id":"WK038502"},{"arcs":[[2856,2857]],"type":"Polygon","properties":{"id":56955,"statcode":"WK038800","statnaam":"Wijk 00","jrstatcode":"2006WK038800","rubriek":"wijk","FID":"wijk_gegeneraliseerd_2006.8d678fb5-0c07-45e6-b2b9-221619e756e7"},"id":"WK038800"},{"arcs":[[2858,2859,-2664,2860,-2857]],"type":"Polygon","properties":{"id":56956,"statcode":"WK038801","statnaam":"Wijk 01","jrstatcode":"2006WK038801","rubriek":"wijk","FID":"wijk_gegeneraliseerd_2006.703acc06-21f6-4e8b-b988-7a681f26d832"},"id":"WK038801"},{"arcs":[[2861,2862,2863,2864,2865]],"type":"Polygon","properties":{"id":56957,"statcode":"WK039201","statnaam":"Wijk 01 Oude stad","jrstatcode":"2006WK039201","rubriek":"wijk","FID":"wijk_gegeneraliseerd_2006.175124f7-5257-4cc8-a3bf-9a4a57bf05e4"},"id":"WK039201"},{"arcs":[[2866,2867,2868,-2788,2869,2870,-2862]],"type":"Polygon","properties":{"id":56958,"statcode":"WK039202","statnaam":"Wijk 02 Spoorbaan Leiden","jrstatcode":"2006WK039202","rubriek":"wijk","FID":"wijk_gegeneraliseerd_2006.04c2ca59-eadb-460d-82ef-fbca8a10f251"},"id":"WK039202"},{"arcs":[[-2865,2871,2872,2873,2874,2875,2876]],"type":"Polygon","properties":{"id":56959,"statcode":"WK039203","statnaam":"Wijk 03 Haarlem-Oost","jrstatcode":"2006WK039203","rubriek":"wijk","FID":"wijk_gegeneraliseerd_2006.d5034685-e03b-4451-b2fa-f7532bb59c27"},"id":"WK039203"},{"arcs":[[2877,2878,-2867,-2866,-2877]],"type":"Polygon","properties":{"id":56960,"statcode":"WK039204","statnaam":"Wijk 04 Haarlemmerhoutkwartier","jrstatcode":"2006WK039204","rubriek":"wijk","FID":"wijk_gegeneraliseerd_2006.c4ac3835-3fd8-43a4-8c5d-c8e4d0c696ef"},"id":"WK039204"},{"arcs":[[-2864,2879,2880,-2872]],"type":"Polygon","properties":{"id":56961,"statcode":"WK039205","statnaam":"Wijk 05 Westoever Noord Buitenspaarne","jrstatcode":"2006WK039205","rubriek":"wijk","FID":"wijk_gegeneraliseerd_2006.5cce0b50-4c0d-41c2-bc0f-2789dad369b1"},"id":"WK039205"},{"arcs":[[-2863,-2871,2881,-2786,-2777,2882,2883,-2880]],"type":"Polygon","properties":{"id":56962,"statcode":"WK039206","statnaam":"Wijk 06 Ter Kleef en Te Zaanen","jrstatcode":"2006WK039206","rubriek":"wijk","FID":"wijk_gegeneraliseerd_2006.fed72230-0a5a-43a7-accd-eb251fed92d1"},"id":"WK039206"},{"arcs":[[-2873,-2881,-2884,2884,2885,2886,2887,2888]],"type":"Polygon","properties":{"id":56963,"statcode":"WK039207","statnaam":"Wijk 07 Oud Schoten en Spaarndam","jrstatcode":"2006WK039207","rubriek":"wijk","FID":"wijk_gegeneraliseerd_2006.7aeecd6d-8755-4428-a1c4-0b3804de8d54"},"id":"WK039207"},{"arcs":[[-2870,-2787,-2783,-2882]],"type":"Polygon","properties":{"id":56964,"statcode":"WK039208","statnaam":"Wijk 08 Duinwijk","jrstatcode":"2006WK039208","rubriek":"wijk","FID":"wijk_gegeneraliseerd_2006.05bf4847-f265-4655-a70d-2bbc4653ed6a"},"id":"WK039208"},{"arcs":[[2889,2890,-2878,-2876,2891]],"type":"Polygon","properties":{"id":56965,"statcode":"WK039209","statnaam":"Wijk 09 Schalkwijk","jrstatcode":"2006WK039209","rubriek":"wijk","FID":"wijk_gegeneraliseerd_2006.f94f3041-f908-4b86-9340-d8337b013dc2"},"id":"WK039209"},{"arcs":[[-2874,-2889,2892,2893,-2612,-2644,-2649,2894,2895]],"type":"Polygon","properties":{"id":56966,"statcode":"WK039300","statnaam":"Wijk 00","jrstatcode":"2006WK039300","rubriek":"wijk","FID":"wijk_gegeneraliseerd_2006.2578ac43-b174-4fb7-b864-6f9c3748f491"},"id":"WK039300"},{"arcs":[[2896,2897,2898,2899,2900,2901,2902,2903]],"type":"Polygon","properties":{"id":56967,"statcode":"WK039401","statnaam":"Wijk 01 Hoofddorp en omgeving","jrstatcode":"2006WK039401","rubriek":"wijk","FID":"wijk_gegeneraliseerd_2006.b82dab84-5442-4771-927d-081945332829"},"id":"WK039401"},{"arcs":[[-2898,2904,2905,2906,2907,2908,2909]],"type":"Polygon","properties":{"id":56968,"statcode":"WK039402","statnaam":"Wijk 02 Nieuw-Vennep en omgeving","jrstatcode":"2006WK039402","rubriek":"wijk","FID":"wijk_gegeneraliseerd_2006.0d4fe829-6bff-41d3-a49e-571683ac4b3f"},"id":"WK039402"},{"arcs":[[-2895,-2648,2910,2911]],"type":"Polygon","properties":{"id":56969,"statcode":"WK039403","statnaam":"Wijk 03 Zwanenburg en omgeving","jrstatcode":"2006WK039403","rubriek":"wijk","FID":"wijk_gegeneraliseerd_2006.a5138d9f-ca7b-441d-bf0b-8c974bb3782a"},"id":"WK039403"},{"arcs":[[-2911,-2647,2912,-2902,2913]],"type":"Polygon","properties":{"id":56970,"statcode":"WK039404","statnaam":"Wijk 04 Lijnden en omgeving","jrstatcode":"2006WK039404","rubriek":"wijk","FID":"wijk_gegeneraliseerd_2006.b4724bed-a291-4d87-961e-51d1de554de7"},"id":"WK039404"},{"arcs":[[-2563,2914,-2903,-2913,-2646,-2652,-2663,-2600]],"type":"Polygon","properties":{"id":56971,"statcode":"WK039405","statnaam":"Wijk 05 Badhoevedorp en omgeving","jrstatcode":"2006WK039405","rubriek":"wijk","FID":"wijk_gegeneraliseerd_2006.11e3c776-4a42-4fbb-ad60-ddb3c09e0ea0"},"id":"WK039405"},{"arcs":[[-2915,-2562,-2553,2915,-2904]],"type":"Polygon","properties":{"id":56972,"statcode":"WK039406","statnaam":"Wijk 06 Rijk en omgeving","jrstatcode":"2006WK039406","rubriek":"wijk","FID":"wijk_gegeneraliseerd_2006.e909d398-2518-48c5-b0d3-1f70aaa701c2"},"id":"WK039406"},{"arcs":[[-2552,-2559,2916,-2905,-2897,-2916]],"type":"Polygon","properties":{"id":56973,"statcode":"WK039407","statnaam":"Wijk 07 Rijsenhout en omgeving","jrstatcode":"2006WK039407","rubriek":"wijk","FID":"wijk_gegeneraliseerd_2006.8c89456d-242b-4ca9-abaf-6ca3fd0f84c1"},"id":"WK039407"},{"arcs":[[-2558,2917,2918,2919,-2906,-2917]],"type":"Polygon","properties":{"id":56974,"statcode":"WK039408","statnaam":"Wijk 08 Burgerveen en Weteringbrug","jrstatcode":"2006WK039408","rubriek":"wijk","FID":"wijk_gegeneraliseerd_2006.f7caec71-aafb-4e5e-9ce8-55c6d917f21b"},"id":"WK039408"},{"arcs":[[-2907,-2920,2920,2921,2922,2923,2924]],"type":"Polygon","properties":{"id":56975,"statcode":"WK039409","statnaam":"Wijk 09 Abbenes en omgeving","jrstatcode":"2006WK039409","rubriek":"wijk","FID":"wijk_gegeneraliseerd_2006.9e762a9a-c6f5-48bb-9645-781749d30adc"},"id":"WK039409"},{"arcs":[[-2908,-2925,2925,2926,2927]],"type":"Polygon","properties":{"id":56976,"statcode":"WK039410","statnaam":"Wijk 10 Lisserbroek","jrstatcode":"2006WK039410","rubriek":"wijk","FID":"wijk_gegeneraliseerd_2006.3a244a44-69ac-4298-9399-05a5e8bb7723"},"id":"WK039410"},{"arcs":[[2928,-2909,-2928,2929]],"type":"Polygon","properties":{"id":56977,"statcode":"WK039411","statnaam":"Wijk 11 Beinsdorp","jrstatcode":"2006WK039411","rubriek":"wijk","FID":"wijk_gegeneraliseerd_2006.e2fe6996-6423-4c34-8956-f554934d2413"},"id":"WK039411"},{"arcs":[[-2899,-2910,-2929,2930,-2708,2931,2932,2933]],"type":"Polygon","properties":{"id":56978,"statcode":"WK039412","statnaam":"Wijk 12 Zwaanshoek","jrstatcode":"2006WK039412","rubriek":"wijk","FID":"wijk_gegeneraliseerd_2006.60971668-e5a9-41e8-856a-663c4f133fe6"},"id":"WK039412"},{"arcs":[[2934,-2890,2935,-2900,-2934],[2936]],"type":"Polygon","properties":{"id":56979,"statcode":"WK039413","statnaam":"Wijk 13 Cruquius","jrstatcode":"2006WK039413","rubriek":"wijk","FID":"wijk_gegeneraliseerd_2006.49bc0ba2-076f-4039-9f4f-f8900f40bb0d"},"id":"WK039413"},{"arcs":[[-2937]],"type":"Polygon","properties":{"id":56980,"statcode":"WK039414","statnaam":"Wijk 14 Cruquiushoeve","jrstatcode":"2006WK039414","rubriek":"wijk","FID":"wijk_gegeneraliseerd_2006.5916d2ad-f700-4d96-8cbe-9bf83453af5b"},"id":"WK039414"},{"arcs":[[-2892,-2875,-2896,-2912,-2914,-2901,-2936]],"type":"Polygon","properties":{"id":56981,"statcode":"WK039415","statnaam":"Wijk 15 Vijfhuizen en omgeving","jrstatcode":"2006WK039415","rubriek":"wijk","FID":"wijk_gegeneraliseerd_2006.2daf1f6c-977c-4222-8bf0-5126e88f7ff0"},"id":"WK039415"},{"arcs":[[2937,2938,2939,2940,2941,2942,2943]],"type":"Polygon","properties":{"id":56982,"statcode":"WK039501","statnaam":"Wijk 01 Harenkarspel","jrstatcode":"2006WK039501","rubriek":"wijk","FID":"wijk_gegeneraliseerd_2006.210e9e9a-166f-4a05-bfaa-923a64e71990"},"id":"WK039501"},{"arcs":[[-2938,2944,2945,2946]],"type":"Polygon","properties":{"id":56983,"statcode":"WK039502","statnaam":"Wijk 02 Sint Maarten","jrstatcode":"2006WK039502","rubriek":"wijk","FID":"wijk_gegeneraliseerd_2006.792442b9-dfde-426c-a38c-568c74fe3866"},"id":"WK039502"},{"arcs":[[2947,-2719,-2733,2948,-2945,-2944]],"type":"Polygon","properties":{"id":56984,"statcode":"WK039503","statnaam":"Wijk 03 Warmenhuizen","jrstatcode":"2006WK039503","rubriek":"wijk","FID":"wijk_gegeneraliseerd_2006.93d588ab-45ad-4926-b4f1-ae9e05481e2c"},"id":"WK039503"},{"arcs":[[2949,2950,2951]],"type":"Polygon","properties":{"id":56985,"statcode":"WK039601","statnaam":"Wijk 01 Heemskerk-Dorp","jrstatcode":"2006WK039601","rubriek":"wijk","FID":"wijk_gegeneraliseerd_2006.f0eb419e-bc04-4daf-a070-e4a54d716454"},"id":"WK039601"},{"arcs":[[2952,2953,2954,2955,2956]],"type":"Polygon","properties":{"id":56986,"statcode":"WK039602","statnaam":"Wijk 02 Commandeurs en Marquette","jrstatcode":"2006WK039602","rubriek":"wijk","FID":"wijk_gegeneraliseerd_2006.eba1baf3-9e51-4ae7-8da7-757839bf979e"},"id":"WK039602"},{"arcs":[[2957,-2756,2958,2959,2960]],"type":"Polygon","properties":{"id":56987,"statcode":"WK039603","statnaam":"Wijk 03 Hofland. Oosterwijk en Zuidbroek","jrstatcode":"2006WK039603","rubriek":"wijk","FID":"wijk_gegeneraliseerd_2006.abff83c0-8774-43cc-b45d-4510d1895c47"},"id":"WK039603"},{"arcs":[[-2759,-2754,-2762,2961,-2825,-2821,2962,-2957,2963]],"type":"Polygon","properties":{"id":56988,"statcode":"WK039604","statnaam":"Wijk 04 Heemskerkerduin en Noorddorp","jrstatcode":"2006WK039604","rubriek":"wijk","FID":"wijk_gegeneraliseerd_2006.40ff1e8a-2d2a-47be-a830-21d8aa38d00b"},"id":"WK039604"},{"arcs":[[2964,-2951,2965,-2954,2966]],"type":"Polygon","properties":{"id":56989,"statcode":"WK039605","statnaam":"Wijk 05 Poelenburg en Oosterzij","jrstatcode":"2006WK039605","rubriek":"wijk","FID":"wijk_gegeneraliseerd_2006.9424e82e-bfc6-4750-8454-d208fe7b2a8c"},"id":"WK039605"},{"arcs":[[2967,2968,-2961,2969,-2967,-2953,-2963,-2820,2970]],"type":"Polygon","properties":{"id":56990,"statcode":"WK039606","statnaam":"Wijk 06 Noordbroek en De Trompet","jrstatcode":"2006WK039606","rubriek":"wijk","FID":"wijk_gegeneraliseerd_2006.b436f2e7-9300-4513-89f3-4c23a6698375"},"id":"WK039606"},{"arcs":[[2971,2972,-2955,-2966,-2950]],"type":"Polygon","properties":{"id":56991,"statcode":"WK039607","statnaam":"Wijk 07 Kerkbeek","jrstatcode":"2006WK039607","rubriek":"wijk","FID":"wijk_gegeneraliseerd_2006.1d14c9f4-2520-47b6-ae7d-253a133fc2bc"},"id":"WK039607"},{"arcs":[[2973,-2972,-2952,-2965,-2970,-2960]],"type":"Polygon","properties":{"id":56992,"statcode":"WK039608","statnaam":"Wijk 08 Assumburg","jrstatcode":"2006WK039608","rubriek":"wijk","FID":"wijk_gegeneraliseerd_2006.d092e390-0f25-473f-84ad-039e6195017c"},"id":"WK039608"},{"arcs":[[-2974,-2959,-2760,-2964,-2956,-2973]],"type":"Polygon","properties":{"id":56993,"statcode":"WK039609","statnaam":"Wijk 09 Hoogdorp en Waterakkers","jrstatcode":"2006WK039609","rubriek":"wijk","FID":"wijk_gegeneraliseerd_2006.c301713b-317e-47ab-9a72-983d494210a5"},"id":"WK039609"},{"arcs":[[2974,-2766,-2958,-2969]],"type":"Polygon","properties":{"id":56994,"statcode":"WK039610","statnaam":"Wijk 10 Broekpolder","jrstatcode":"2006WK039610","rubriek":"wijk","FID":"wijk_gegeneraliseerd_2006.ec7be1fd-6d1e-47ad-a34a-d04d1cb9514c"},"id":"WK039610"},{"arcs":[[-2968,2975,2976,-2767,-2975]],"type":"Polygon","properties":{"id":56995,"statcode":"WK039611","statnaam":"Wijk 11 Oostelijk Heemskerk","jrstatcode":"2006WK039611","rubriek":"wijk","FID":"wijk_gegeneraliseerd_2006.6ad09c23-ae73-485f-b60d-be58de7d11c6"},"id":"WK039611"},{"arcs":[[-2868,-2879,-2891,-2935,-2933,2977,2978]],"type":"Polygon","properties":{"id":56996,"statcode":"WK039700","statnaam":"Wijk 00 Heemstede-centrum","jrstatcode":"2006WK039700","rubriek":"wijk","FID":"wijk_gegeneraliseerd_2006.952055fe-d5f9-47a2-953d-529f53caed35"},"id":"WK039700"},{"arcs":[[-2932,-2707,-2793,2979,-2978]],"type":"Polygon","properties":{"id":56997,"statcode":"WK039701","statnaam":"Wijk 01 Heemstede-Zuid","jrstatcode":"2006WK039701","rubriek":"wijk","FID":"wijk_gegeneraliseerd_2006.bc39f1a8-9516-4857-85ef-60678f9cdc66"},"id":"WK039701"},{"arcs":[[-2979,-2980,-2792,-2789,-2869]],"type":"Polygon","properties":{"id":56998,"statcode":"WK039702","statnaam":"Wijk 02 Heemstede west van de spoorbaan","jrstatcode":"2006WK039702","rubriek":"wijk","FID":"wijk_gegeneraliseerd_2006.a3d0e71b-a507-44da-b266-28df04a682f6"},"id":"WK039702"},{"arcs":[[2980,2981,2982,2983,2984,2985]],"type":"Polygon","properties":{"id":56999,"statcode":"WK039801","statnaam":"Wijk 01 Schrijverswijk","jrstatcode":"2006WK039801","rubriek":"wijk","FID":"wijk_gegeneraliseerd_2006.0b7734c8-b103-4b87-94ea-8bf2149e61bf"},"id":"WK039801"},{"arcs":[[2986,2987,2988,2989]],"type":"Polygon","properties":{"id":57000,"statcode":"WK039802","statnaam":"Wijk 02 Schilderswijk","jrstatcode":"2006WK039802","rubriek":"wijk","FID":"wijk_gegeneraliseerd_2006.7427b90a-8bfc-4727-82f5-4bd7f4efd1ab"},"id":"WK039802"},{"arcs":[[-2981,2990,2991]],"type":"Polygon","properties":{"id":57001,"statcode":"WK039804","statnaam":"Wijk 04 Planetenwijk","jrstatcode":"2006WK039804","rubriek":"wijk","FID":"wijk_gegeneraliseerd_2006.a1731b6c-6fa7-4135-809f-f1b7e570d5f5"},"id":"WK039804"},{"arcs":[[2992,-2983,2993,-2987,2994]],"type":"Polygon","properties":{"id":57002,"statcode":"WK039806","statnaam":"Wijk 06 Bomen- en Recreatiewijk","jrstatcode":"2006WK039806","rubriek":"wijk","FID":"wijk_gegeneraliseerd_2006.fe597e4b-07a1-4d52-80b3-50c04a60629b"},"id":"WK039806"},{"arcs":[[-2988,-2994,-2982,-2992,2995,2996]],"type":"Polygon","properties":{"id":57003,"statcode":"WK039807","statnaam":"Wijk 07 Centrumwaard","jrstatcode":"2006WK039807","rubriek":"wijk","FID":"wijk_gegeneraliseerd_2006.46c4697f-fac0-4771-9c40-87f83889ccd5"},"id":"WK039807"},{"arcs":[[2997,2998,2999,3000]],"type":"Polygon","properties":{"id":57004,"statcode":"WK039808","statnaam":"Wijk 08 Edelstenenwijk","jrstatcode":"2006WK039808","rubriek":"wijk","FID":"wijk_gegeneraliseerd_2006.0b95a754-7c07-4556-b6bf-ba19d1f53816"},"id":"WK039808"},{"arcs":[[-2984,3001,-2998,3002]],"type":"Polygon","properties":{"id":57005,"statcode":"WK039809","statnaam":"Wijk 09 Centrum en Stationsplein","jrstatcode":"2006WK039809","rubriek":"wijk","FID":"wijk_gegeneraliseerd_2006.4aae6d8f-0626-4090-ba08-67658a066c7d"},"id":"WK039809"},{"arcs":[[-2993,3005,3006,3007,-3002]],"type":"Polygon","properties":{"id":57006,"statcode":"WK039810","statnaam":"Wijk 10 Molenwijk","jrstatcode":"2006WK039810","rubriek":"wijk","FID":"wijk_gegeneraliseerd_2006.1c53d866-2dd5-4e94-802d-2b0d4085ec17"},"id":"WK039810"},{"arcs":[[-3008,3008,3009,3010,-2999]],"type":"Polygon","properties":{"id":57007,"statcode":"WK039811","statnaam":"Wijk 11 Rivierenwijk","jrstatcode":"2006WK039811","rubriek":"wijk","FID":"wijk_gegeneraliseerd_2006.19db8e0b-edb4-4a91-b938-02ae513d58b0"},"id":"WK039811"},{"arcs":[[-2996,-2991,-2986,3011,-3005,3012]],"type":"Polygon","properties":{"id":57008,"statcode":"WK039812","statnaam":"Wijk 12 Industrieterrein","jrstatcode":"2006WK039812","rubriek":"wijk","FID":"wijk_gegeneraliseerd_2006.781585a4-8efe-440e-b0db-7fc2e19ce5d5"},"id":"WK039812"},{"arcs":[[-3011,3013,3014,-3000]],"type":"Polygon","properties":{"id":57009,"statcode":"WK039813","statnaam":"Wijk 13 Butterhuizen","jrstatcode":"2006WK039813","rubriek":"wijk","FID":"wijk_gegeneraliseerd_2006.14ce9bf9-b7a2-4e5f-a71d-c21b81801144"},"id":"WK039813"},{"arcs":[[3015,3016,3017,3018,-3009,-3007]],"type":"Polygon","properties":{"id":57010,"statcode":"WK039814","statnaam":"Wijk 14 Oostertocht","jrstatcode":"2006WK039814","rubriek":"wijk","FID":"wijk_gegeneraliseerd_2006.709085b6-ba2d-465f-8a27-9d7fdaafac19"},"id":"WK039814"},{"arcs":[[-3010,3019,3020,3021,3022,-3014]],"type":"Polygon","properties":{"id":57011,"statcode":"WK039815","statnaam":"Wijk 15 Zuidwijk","jrstatcode":"2006WK039815","rubriek":"wijk","FID":"wijk_gegeneraliseerd_2006.9f2594cb-af8e-497b-b6c4-1e747dce581d"},"id":"WK039815"},{"arcs":[[3023,-3020,-3019]],"type":"Polygon","properties":{"id":57012,"statcode":"WK039816","statnaam":"Wijk16 Huygenhoek","jrstatcode":"2006WK039816","rubriek":"wijk","FID":"wijk_gegeneraliseerd_2006.c7bf7057-928e-4055-8038-f1df5b1cd67b"},"id":"WK039816"},{"arcs":[[3024,-3022]],"type":"Polygon","properties":{"id":57013,"statcode":"WK039817","statnaam":"Wijk 17 Stad van de Zon","jrstatcode":"2006WK039817","rubriek":"wijk","FID":"wijk_gegeneraliseerd_2006.5b8ba5e7-9e25-4bbd-8727-ecde0d4f3742"},"id":"WK039817"},{"arcs":[[3025]],"type":"Polygon","properties":{"id":57014,"statcode":"WK039820","statnaam":"Wijk 20 De Noord","jrstatcode":"2006WK039820","rubriek":"wijk","FID":"wijk_gegeneraliseerd_2006.f81b574c-94f4-4d0a-ae00-b0f17a492de4"},"id":"WK039820"},{"arcs":[[3026,3027,3028,3029,3030,-2989,-2997,-3013,3031,3032,-2942],[-3026]],"type":"Polygon","properties":{"id":57015,"statcode":"WK039830","statnaam":"Wijk 30 Buitengebied Noord","jrstatcode":"2006WK039830","rubriek":"wijk","FID":"wijk_gegeneraliseerd_2006.f6811bd2-2fa9-4303-9f15-a496204a03ac"},"id":"WK039830"},{"arcs":[[3033,-3017]],"type":"Polygon","properties":{"id":57016,"statcode":"WK039840","statnaam":"Wijk 40 't Kruis","jrstatcode":"2006WK039840","rubriek":"wijk","FID":"wijk_gegeneraliseerd_2006.301f1277-1fc8-48f3-b90a-36f7ed8cb697"},"id":"WK039840"},{"arcs":[[3034,3035,3036,3037,3038,3039,-2571,3040,-3032,-3004,-3012,-2985,-3003,-3001,-3015,-3023,-3025,-3021,-3024,-3018,-3034,-3016,-3006,-2995,-2990,-3031]],"type":"Polygon","properties":{"id":57017,"statcode":"WK039850","statnaam":"Wijk 50 Buitengebied Zuid","jrstatcode":"2006WK039850","rubriek":"wijk","FID":"wijk_gegeneraliseerd_2006.ff37c26a-7870-446d-b9b0-3ea20e9e83ed"},"id":"WK039850"},{"arcs":[[-2565,-2578,3041,3042,3043,-2728,-2580]],"type":"Polygon","properties":{"id":57018,"statcode":"WK039901","statnaam":"Wijk 01 Blockhovepark","jrstatcode":"2006WK039901","rubriek":"wijk","FID":"wijk_gegeneraliseerd_2006.6d7cf04e-968e-4dd0-8957-ea30d10c8637"},"id":"WK039901"},{"arcs":[[-2729,-3044,3044,3045,3046]],"type":"Polygon","properties":{"id":57019,"statcode":"WK039902","statnaam":"Wijk 02 Heiloo Noord-West","jrstatcode":"2006WK039902","rubriek":"wijk","FID":"wijk_gegeneraliseerd_2006.44eaa81b-5203-438a-94bd-918ea17cc8a1"},"id":"WK039902"},{"arcs":[[3047,-3045,-3043,3048,3049]],"type":"Polygon","properties":{"id":57020,"statcode":"WK039903","statnaam":"Wijk 03 Heiloo-Midden","jrstatcode":"2006WK039903","rubriek":"wijk","FID":"wijk_gegeneraliseerd_2006.a2a6eaa3-071c-414b-b1da-afb80a5718b0"},"id":"WK039903"},{"arcs":[[3050,3051,-2723,-2730,-3047]],"type":"Polygon","properties":{"id":57021,"statcode":"WK039904","statnaam":"Wijk 04 Heiloo-West","jrstatcode":"2006WK039904","rubriek":"wijk","FID":"wijk_gegeneraliseerd_2006.168dfdfb-3193-4fb9-834e-747cd24c6fdf"},"id":"WK039904"},{"arcs":[[3052,3053,-3051,-3046,-3048]],"type":"Polygon","properties":{"id":57022,"statcode":"WK039905","statnaam":"Wijk 05 Stationsomgeving","jrstatcode":"2006WK039905","rubriek":"wijk","FID":"wijk_gegeneraliseerd_2006.c992a9d4-5af1-4a0c-80db-84c4cd46f34a"},"id":"WK039905"},{"arcs":[[-3050,3054,-2836,3055,-3053]],"type":"Polygon","properties":{"id":57023,"statcode":"WK039906","statnaam":"Wijk 06 Ypestein","jrstatcode":"2006WK039906","rubriek":"wijk","FID":"wijk_gegeneraliseerd_2006.94054730-d076-40b2-9838-288213c6ffa8"},"id":"WK039906"},{"arcs":[[-2577,-2833,-3055,-3049,-3042]],"type":"Polygon","properties":{"id":57024,"statcode":"WK039907","statnaam":"Wijk 07 Heiloo-Oost","jrstatcode":"2006WK039907","rubriek":"wijk","FID":"wijk_gegeneraliseerd_2006.63b247b7-cd15-41a8-9226-32c318bd345c"},"id":"WK039907"},{"arcs":[[-3054,-3056,-2838,-2827,-2724,-3052]],"type":"Polygon","properties":{"id":57025,"statcode":"WK039908","statnaam":"Wijk 08 Heiloo Zuid-West","jrstatcode":"2006WK039908","rubriek":"wijk","FID":"wijk_gegeneraliseerd_2006.8da416a8-e817-42f6-85b3-c368912538d8"},"id":"WK039908"},{"arcs":[[3056,3057,3058,3059]],"type":"Polygon","properties":{"id":57026,"statcode":"WK040001","statnaam":"Wijk 01 Stad binnen de Linie-Oost","jrstatcode":"2006WK040001","rubriek":"wijk","FID":"wijk_gegeneraliseerd_2006.ed197fe2-b33e-4e93-8cde-998999198271"},"id":"WK040001"},{"arcs":[[-3059,3060,3061,3062,3063]],"type":"Polygon","properties":{"id":57027,"statcode":"WK040002","statnaam":"Wijk 02 Stad binnen de Linie-West","jrstatcode":"2006WK040002","rubriek":"wijk","FID":"wijk_gegeneraliseerd_2006.6db8f853-6395-495c-9cbd-6afbdbb7cb92"},"id":"WK040002"},{"arcs":[[3064,3065,3066,-3063]],"type":"Polygon","properties":{"id":57028,"statcode":"WK040003","statnaam":"Wijk 03 Nieuw Den Helder-West","jrstatcode":"2006WK040003","rubriek":"wijk","FID":"wijk_gegeneraliseerd_2006.e7166a93-1e0b-45c9-9029-485dd2ff5361"},"id":"WK040003"},{"arcs":[[3067,3068,3069,-3065,-3062]],"type":"Polygon","properties":{"id":57029,"statcode":"WK040004","statnaam":"Wijk 04 Nieuw Den Helder-oost","jrstatcode":"2006WK040004","rubriek":"wijk","FID":"wijk_gegeneraliseerd_2006.b1050711-07c0-4726-9ae4-53970b391bc3"},"id":"WK040004"},{"arcs":[[-3061,-3058,3070,-3068]],"type":"Polygon","properties":{"id":57030,"statcode":"WK040005","statnaam":"Wijk 05 De Schooten","jrstatcode":"2006WK040005","rubriek":"wijk","FID":"wijk_gegeneraliseerd_2006.cf0d12d3-d29a-48bb-9f5d-9fff3b809d17"},"id":"WK040005"},{"arcs":[[3071,-3069,-3071,-3057,3072,-2680,3073,3074]],"type":"Polygon","properties":{"id":57031,"statcode":"WK040006","statnaam":"Wijk 06 Het Koegras","jrstatcode":"2006WK040006","rubriek":"wijk","FID":"wijk_gegeneraliseerd_2006.a36f094a-83d6-43a7-a3cc-b9f580622fa9"},"id":"WK040006"},{"arcs":[[3075,3076,3077,-3066,-3070,-3072]],"type":"Polygon","properties":{"id":57032,"statcode":"WK040007","statnaam":"Wijk 07 Duinzoom","jrstatcode":"2006WK040007","rubriek":"wijk","FID":"wijk_gegeneraliseerd_2006.c9a7931b-59e8-4da4-8ca5-c35f5eb0cc75"},"id":"WK040007"},{"arcs":[[3078,-3076,-3075]],"type":"Polygon","properties":{"id":57033,"statcode":"WK040008","statnaam":"Wijk 08 Julianadorp","jrstatcode":"2006WK040008","rubriek":"wijk","FID":"wijk_gegeneraliseerd_2006.71e291b5-1d16-4a2e-87b8-9a7cd436c6db"},"id":"WK040008"},{"arcs":[[3079,3080,3081,3082,3083]],"type":"Polygon","properties":{"id":57034,"statcode":"WK040200","statnaam":"Wijk 00 Centrum","jrstatcode":"2006WK040200","rubriek":"wijk","FID":"wijk_gegeneraliseerd_2006.503dbb58-6c10-4bb3-8c61-d3d29ea85e90"},"id":"WK040200"},{"arcs":[[-3082,3084,3085,3086,3087,3088]],"type":"Polygon","properties":{"id":57035,"statcode":"WK040201","statnaam":"Wijk 01 Noordwestelijke villawijk","jrstatcode":"2006WK040201","rubriek":"wijk","FID":"wijk_gegeneraliseerd_2006.b92ff68a-1eb4-4c16-b359-ca1ec9415395"},"id":"WK040201"},{"arcs":[[3089,3090,3091,3092,3093,-3085,-3081]],"type":"Polygon","properties":{"id":57036,"statcode":"WK040202","statnaam":"Wijk 02 Zuidelijke stadswijk","jrstatcode":"2006WK040202","rubriek":"wijk","FID":"wijk_gegeneraliseerd_2006.2be17c0d-36b2-41ab-b607-67035e9ba419"},"id":"WK040202"},{"arcs":[[-3090,-3080,3094,3095,3096]],"type":"Polygon","properties":{"id":57037,"statcode":"WK040203","statnaam":"Wijk 03 Zuidoostelijke villawijk","jrstatcode":"2006WK040203","rubriek":"wijk","FID":"wijk_gegeneraliseerd_2006.c9c07196-2a77-44df-b615-ef969eaf533a"},"id":"WK040203"},{"arcs":[[-3095,-3084,3097]],"type":"Polygon","properties":{"id":57038,"statcode":"WK040204","statnaam":"Wijk 04 Oude wijk over 't spoor","jrstatcode":"2006WK040204","rubriek":"wijk","FID":"wijk_gegeneraliseerd_2006.91f48bf4-c43e-4347-8d13-a50086cdd0ff"},"id":"WK040204"},{"arcs":[[3098,-3096,-3098,-3083,-3089,3099,3100]],"type":"Polygon","properties":{"id":57039,"statcode":"WK040205","statnaam":"Wijk 05 Nieuwe wijk over 't spoor","jrstatcode":"2006WK040205","rubriek":"wijk","FID":"wijk_gegeneraliseerd_2006.2a7ae5c6-beef-49d5-8857-57c92f1e96be"},"id":"WK040205"},{"arcs":[[[3101,-2319,-2339,-2345,3102,-3091,-3097,-3099]],[[3103,-3100,-3088,3104,3105,-2806,-2804,3106]],[[3107,-2808,3108,3109,3110,3111]]],"type":"MultiPolygon","properties":{"id":57040,"statcode":"WK040206","statnaam":"Wijk 06 Landelijk gebied","jrstatcode":"2006WK040206","rubriek":"wijk","FID":"wijk_gegeneraliseerd_2006.2451b7d8-a6c6-4d3e-94c4-6dec6b1b36b3"},"id":"WK040206"},{"arcs":[[-3106,3113,-3109,-2807]],"type":"Polygon","properties":{"id":57041,"statcode":"WK040207","statnaam":"Wijk 07 Hilversumse Meent","jrstatcode":"2006WK040207","rubriek":"wijk","FID":"wijk_gegeneraliseerd_2006.c2487e93-ae18-4796-b01c-0583d2a95d43"},"id":"WK040207"},{"arcs":[[3114,3115,3116,3117]],"type":"Polygon","properties":{"id":57042,"statcode":"WK040510","statnaam":"Wijk 10 Binnenstad","jrstatcode":"2006WK040510","rubriek":"wijk","FID":"wijk_gegeneraliseerd_2006.eae7b47e-1cf4-45c6-afa2-c18cc9d066b1"},"id":"WK040510"},{"arcs":[[3118,3119,3120,-3117,3121]],"type":"Polygon","properties":{"id":57043,"statcode":"WK040511","statnaam":"Wijk 11 Venenlaan-kwartier","jrstatcode":"2006WK040511","rubriek":"wijk","FID":"wijk_gegeneraliseerd_2006.51b6a972-df40-4509-a042-56d3d315c3b5"},"id":"WK040511"},{"arcs":[[-3116,3122,3123,3124,3125,3126,-3122]],"type":"Polygon","properties":{"id":57044,"statcode":"WK040512","statnaam":"Wijk 12 Hoorn-Noord","jrstatcode":"2006WK040512","rubriek":"wijk","FID":"wijk_gegeneraliseerd_2006.b2d53c21-233c-4243-97ac-e8699deb3c7e"},"id":"WK040512"},{"arcs":[[3127,3128,3129,-3123,-3115]],"type":"Polygon","properties":{"id":57045,"statcode":"WK040513","statnaam":"Wijk 13 Grote Waal","jrstatcode":"2006WK040513","rubriek":"wijk","FID":"wijk_gegeneraliseerd_2006.905ec688-89d9-45e6-8621-48fa60aac8ff"},"id":"WK040513"},{"arcs":[[-3125,3130,3131,3132,3133]],"type":"Polygon","properties":{"id":57046,"statcode":"WK040520","statnaam":"Wijk 20 Risdam-Zuid","jrstatcode":"2006WK040520","rubriek":"wijk","FID":"wijk_gegeneraliseerd_2006.09607b58-6be9-4dd2-b1b5-f7792b0b8cd9"},"id":"WK040520"},{"arcs":[[3134,3135,3136,-3132]],"type":"Polygon","properties":{"id":57047,"statcode":"WK040521","statnaam":"Wijk 21 Risdam-Noord","jrstatcode":"2006WK040521","rubriek":"wijk","FID":"wijk_gegeneraliseerd_2006.68dbb010-fa6c-4f4b-a375-c1e916dd55df"},"id":"WK040521"},{"arcs":[[-3134,3137,3138,3139,-3126]],"type":"Polygon","properties":{"id":57048,"statcode":"WK040522","statnaam":"Wijk 22 Nieuwe Steen","jrstatcode":"2006WK040522","rubriek":"wijk","FID":"wijk_gegeneraliseerd_2006.629cd6a4-eb6d-45af-bc96-c090a12e34fc"},"id":"WK040522"},{"arcs":[[-3133,-3137,3140,3141,3142,3143,3144,-3138]],"type":"Polygon","properties":{"id":57049,"statcode":"WK040530","statnaam":"Wijk 30 Zwaag","jrstatcode":"2006WK040530","rubriek":"wijk","FID":"wijk_gegeneraliseerd_2006.a032cd63-b581-4656-86d0-4ebf8b90c0f3"},"id":"WK040530"},{"arcs":[[-3139,-3145,3145,3146,3147]],"type":"Polygon","properties":{"id":57050,"statcode":"WK040531","statnaam":"Wijk 31 Blokker","jrstatcode":"2006WK040531","rubriek":"wijk","FID":"wijk_gegeneraliseerd_2006.05e33e76-2bb9-413c-97c0-84d964b2dcc8"},"id":"WK040531"},{"arcs":[[-3127,-3140,-3148,3148]],"type":"Polygon","properties":{"id":57051,"statcode":"WK040532","statnaam":"Wijk 32 Kersenboogerd-Noord","jrstatcode":"2006WK040532","rubriek":"wijk","FID":"wijk_gegeneraliseerd_2006.2a740ad2-dee3-49f1-bd28-517cbf3ae00c"},"id":"WK040532"},{"arcs":[[-3149,-3147,3149,3150,3151,-3119]],"type":"Polygon","properties":{"id":57052,"statcode":"WK040533","statnaam":"Wijk 33 Kersenboogerd-Zuid","jrstatcode":"2006WK040533","rubriek":"wijk","FID":"wijk_gegeneraliseerd_2006.750fb33d-b0d0-45b0-ab68-c6c2191b1531"},"id":"WK040533"},{"arcs":[[3152,3153,-3120,-3152]],"type":"Polygon","properties":{"id":57053,"statcode":"WK040534","statnaam":"Wijk 34 Hoorn 80","jrstatcode":"2006WK040534","rubriek":"wijk","FID":"wijk_gegeneraliseerd_2006.52a27078-2416-4573-a64f-6b6c5f84111b"},"id":"WK040534"},{"arcs":[[3154,3155,3156,3157,3158,3159]],"type":"Polygon","properties":{"id":57054,"statcode":"WK040600","statnaam":"Wijk 00 Oude Dorp","jrstatcode":"2006WK040600","rubriek":"wijk","FID":"wijk_gegeneraliseerd_2006.5960daf0-86a3-458c-ae94-f11342d63f07"},"id":"WK040600"},{"arcs":[[-3158,3160,3161,3162]],"type":"Polygon","properties":{"id":57055,"statcode":"WK040601","statnaam":"Wijk 01 Westereng","jrstatcode":"2006WK040601","rubriek":"wijk","FID":"wijk_gegeneraliseerd_2006.37e7b2f3-055c-4c7c-bae0-21bb38d40637"},"id":"WK040601"},{"arcs":[[-2770,3163,-3107,-2803,3164,3165]],"type":"Polygon","properties":{"id":57056,"statcode":"WK040602","statnaam":"Wijk 02 Buitenwijken","jrstatcode":"2006WK040602","rubriek":"wijk","FID":"wijk_gegeneraliseerd_2006.bdaac3b9-640e-4c23-afc9-8cceb278caa6"},"id":"WK040602"},{"arcs":[[-3162,3166,-3156,3167,3168,-2771,-3166,3169]],"type":"Polygon","properties":{"id":57057,"statcode":"WK040603","statnaam":"Wijk 03 Erica en Tafelberg","jrstatcode":"2006WK040603","rubriek":"wijk","FID":"wijk_gegeneraliseerd_2006.5ffa874d-1db7-42e7-b78c-6e5b9e9c635e"},"id":"WK040603"},{"arcs":[[-3157,-3167,-3161]],"type":"Polygon","properties":{"id":57058,"statcode":"WK040604","statnaam":"Wijk 04 Staatslieden en Componistenbuurt","jrstatcode":"2006WK040604","rubriek":"wijk","FID":"wijk_gegeneraliseerd_2006.1172fa0e-e67b-4789-9241-d472c6a69394"},"id":"WK040604"},{"arcs":[[3170,-3160,3171,3172,3173,3174]],"type":"Polygon","properties":{"id":57059,"statcode":"WK040605","statnaam":"Wijk 05 Havengebied","jrstatcode":"2006WK040605","rubriek":"wijk","FID":"wijk_gegeneraliseerd_2006.e97a8e3f-f724-4ac8-9c24-fadc2f9180d8"},"id":"WK040605"},{"arcs":[[-3168,-3155,-3171,3175,3176]],"type":"Polygon","properties":{"id":57060,"statcode":"WK040606","statnaam":"Wijk 06 Zenderwijk en Bovenweg","jrstatcode":"2006WK040606","rubriek":"wijk","FID":"wijk_gegeneraliseerd_2006.7fbf51e5-ab85-45ca-a09e-50f57ec91a2c"},"id":"WK040606"},{"arcs":[[3177,-2772,-3169,-3177,3178]],"type":"Polygon","properties":{"id":57061,"statcode":"WK040607","statnaam":"Wijk 07 Stad en Lande","jrstatcode":"2006WK040607","rubriek":"wijk","FID":"wijk_gegeneraliseerd_2006.67ba8038-a59f-4845-a998-88e6ece81d40"},"id":"WK040607"},{"arcs":[[3179,3180,3181,-3179,-3176,-3175]],"type":"Polygon","properties":{"id":57062,"statcode":"WK040608","statnaam":"Wijk 08 Huizermaat West en Zuid","jrstatcode":"2006WK040608","rubriek":"wijk","FID":"wijk_gegeneraliseerd_2006.cac833e2-ec60-4130-859a-3aebeedd062a"},"id":"WK040608"},{"arcs":[[3182,3183,-3180,-3174]],"type":"Polygon","properties":{"id":57063,"statcode":"WK040609","statnaam":"Wijk 09 Huizermaat Noord","jrstatcode":"2006WK040609","rubriek":"wijk","FID":"wijk_gegeneraliseerd_2006.39770a45-fc9f-4fd4-944b-8c87796e7274"},"id":"WK040609"},{"arcs":[[-3178,-3182,3184,-2773]],"type":"Polygon","properties":{"id":57064,"statcode":"WK040610","statnaam":"Wijk 10 Bijvanck","jrstatcode":"2006WK040610","rubriek":"wijk","FID":"wijk_gegeneraliseerd_2006.262e8cb5-1e7f-4336-884c-c327692520a8"},"id":"WK040610"},{"arcs":[[-3181,-3184,3185,3186,-2774,-3185]],"type":"Polygon","properties":{"id":57065,"statcode":"WK040611","statnaam":"Wijk 11 Bovenmaten","jrstatcode":"2006WK040611","rubriek":"wijk","FID":"wijk_gegeneraliseerd_2006.1a8c9ff2-c18d-4e2d-beac-4878b21b1ce1"},"id":"WK040611"},{"arcs":[[3187,-2775,-3187]],"type":"Polygon","properties":{"id":57066,"statcode":"WK040612","statnaam":"Wijk 12 Hogemaat","jrstatcode":"2006WK040612","rubriek":"wijk","FID":"wijk_gegeneraliseerd_2006.db643184-490e-4e51-a297-99b944a4d7ff"},"id":"WK040612"},{"arcs":[[3188,3189,-2687,3190,3191]],"type":"Polygon","properties":{"id":57067,"statcode":"WK041200","statnaam":"Wijk 00 Winkel","jrstatcode":"2006WK041200","rubriek":"wijk","FID":"wijk_gegeneraliseerd_2006.b145948a-ae5b-4474-98dd-7e0310f43a98"},"id":"WK041200"},{"arcs":[[3192,-3189,3193,3194]],"type":"Polygon","properties":{"id":57068,"statcode":"WK041201","statnaam":"Wijk 01 Nieuwe-Niedorp","jrstatcode":"2006WK041201","rubriek":"wijk","FID":"wijk_gegeneraliseerd_2006.e00d9ae6-3a3c-49c2-b618-42b61db933be"},"id":"WK041201"},{"arcs":[[3195,-3027,-2941,3196,-3195]],"type":"Polygon","properties":{"id":57069,"statcode":"WK041202","statnaam":"Wijk 02 Oude-Niedorp","jrstatcode":"2006WK041202","rubriek":"wijk","FID":"wijk_gegeneraliseerd_2006.cbb76f6a-b3b0-453f-8fcb-b91ca036f43c"},"id":"WK041202"},{"arcs":[[-2940,3197,-2688,-3190,-3193,-3197]],"type":"Polygon","properties":{"id":57070,"statcode":"WK041203","statnaam":"Wijk 03 Barsingerhorn en omgeving","jrstatcode":"2006WK041203","rubriek":"wijk","FID":"wijk_gegeneraliseerd_2006.f3a4c72d-59ba-409a-8eaf-1e85575c1503"},"id":"WK041203"},{"arcs":[[-2638,3198,3199,3200]],"type":"Polygon","properties":{"id":57071,"statcode":"WK041500","statnaam":"Wijk 00 Landsmeer","jrstatcode":"2006WK041500","rubriek":"wijk","FID":"wijk_gegeneraliseerd_2006.77133e5e-d9b6-493a-809a-7c6f7af2138c"},"id":"WK041500"},{"arcs":[[-3200,3201,3202,3203,3204,3205]],"type":"Polygon","properties":{"id":57072,"statcode":"WK041501","statnaam":"Wijk 01 Ilpendam","jrstatcode":"2006WK041501","rubriek":"wijk","FID":"wijk_gegeneraliseerd_2006.6f595280-9433-4945-9c5e-a472a778edc2"},"id":"WK041501"},{"arcs":[[-3033,-3041,-2570,-2590,-2593,-2713,-2948,-2943]],"type":"Polygon","properties":{"id":57073,"statcode":"WK041600","statnaam":"Wijk 00","jrstatcode":"2006WK041600","rubriek":"wijk","FID":"wijk_gegeneraliseerd_2006.b6ff70aa-1600-4bbe-aa08-8923e95e5c6b"},"id":"WK041600"},{"arcs":[[-2383,-2320,-3102,-3101,-3104,-3164,-2769]],"type":"Polygon","properties":{"id":57074,"statcode":"WK041700","statnaam":"Wijk 00","jrstatcode":"2006WK041700","rubriek":"wijk","FID":"wijk_gegeneraliseerd_2006.c822eca3-817f-4cc2-870e-eb19e837c2bd"},"id":"WK041700"},{"arcs":[[3206,3207,3208,3209,3210,3211]],"type":"Polygon","properties":{"id":57075,"statcode":"WK042000","statnaam":"Wijk 00","jrstatcode":"2006WK042000","rubriek":"wijk","FID":"wijk_gegeneraliseerd_2006.1ca38d1b-c263-43ae-a1d0-1e35b6c1c202"},"id":"WK042000"},{"arcs":[[3212,3213,-2653,-2841,-2844,3214]],"type":"Polygon","properties":{"id":57076,"statcode":"WK042400","statnaam":"Wijk 00","jrstatcode":"2006WK042400","rubriek":"wijk","FID":"wijk_gegeneraliseerd_2006.84dd3081-1307-41c0-b736-55337dc5eb47"},"id":"WK042400"},{"arcs":[[3215,-3172,-3159,-3163,-3170,-3165,-2801,-2809,-3108,3216,-3213]],"type":"Polygon","properties":{"id":57077,"statcode":"WK042500","statnaam":"Wijk 00","jrstatcode":"2006WK042500","rubriek":"wijk","FID":"wijk_gegeneraliseerd_2006.8a4dbf0a-710f-4308-8d7d-2280da7466ca"},"id":"WK042500"},{"arcs":[[-3035,-3030,3217,3218,3219]],"type":"Polygon","properties":{"id":57078,"statcode":"WK042900","statnaam":"Wijk 00","jrstatcode":"2006WK042900","rubriek":"wijk","FID":"wijk_gegeneraliseerd_2006.cb79f2d5-016a-4086-9da7-88dd3b5d9a1c"},"id":"WK042900"},{"arcs":[[3220,3221,-3036,-3220]],"type":"Polygon","properties":{"id":57079,"statcode":"WK042901","statnaam":"Wijk 01","jrstatcode":"2006WK042901","rubriek":"wijk","FID":"wijk_gegeneraliseerd_2006.e9430ad0-431b-4c88-a00c-b76bb69ce5f2"},"id":"WK042901"},{"arcs":[[-2637,3222,3223,3224,3225,3226,-3202,-3199]],"type":"Polygon","properties":{"id":57080,"statcode":"WK043100","statnaam":"Wijk 00","jrstatcode":"2006WK043100","rubriek":"wijk","FID":"wijk_gegeneraliseerd_2006.ab3af538-856e-4c14-9036-f3b9921273d6"},"id":"WK043100"},{"arcs":[[3227,3228,3229,3230,-3218,-3029,3231,3232]],"type":"Polygon","properties":{"id":57081,"statcode":"WK043200","statnaam":"Wijk 00","jrstatcode":"2006WK043200","rubriek":"wijk","FID":"wijk_gegeneraliseerd_2006.ed7d2c09-8b4a-4385-9cd9-df05dd0b4d3e"},"id":"WK043200"},{"arcs":[[3233,3234,-3232,-3028,-3196,-3194,-3192]],"type":"Polygon","properties":{"id":57082,"statcode":"WK043201","statnaam":"Wijk 01","jrstatcode":"2006WK043201","rubriek":"wijk","FID":"wijk_gegeneraliseerd_2006.ffbc087f-6ab2-4837-9451-965896e3f594"},"id":"WK043201"},{"arcs":[[3235,3236,-3233,-3235,3237]],"type":"Polygon","properties":{"id":57083,"statcode":"WK043202","statnaam":"Wijk 02","jrstatcode":"2006WK043202","rubriek":"wijk","FID":"wijk_gegeneraliseerd_2006.99cb9519-e42f-4716-a77f-35b1157f7f1a"},"id":"WK043202"},{"arcs":[[-2655,-2224,3238,-2603,-2660,-2839]],"type":"Polygon","properties":{"id":57084,"statcode":"WK043700","statnaam":"Wijk 00","jrstatcode":"2006WK043700","rubriek":"wijk","FID":"wijk_gegeneraliseerd_2006.1ad8999e-8134-4551-8424-9f884a46cfe6"},"id":"WK043700"},{"arcs":[[3239,3240,-2702,3241]],"type":"Polygon","properties":{"id":57085,"statcode":"WK043901","statnaam":"Wijk 01 Centrum","jrstatcode":"2006WK043901","rubriek":"wijk","FID":"wijk_gegeneraliseerd_2006.61cc927e-4f1c-469e-b203-bbc34719f8a6"},"id":"WK043901"},{"arcs":[[-3242,-2701,3242,3243,3244]],"type":"Polygon","properties":{"id":57086,"statcode":"WK043902","statnaam":"Wijk 02 Overwhere","jrstatcode":"2006WK043902","rubriek":"wijk","FID":"wijk_gegeneraliseerd_2006.3f8c2980-202b-4784-98aa-8f0fc1e9320f"},"id":"WK043902"},{"arcs":[[3245,-3245,3246]],"type":"Polygon","properties":{"id":57087,"statcode":"WK043903","statnaam":"Wijk 03 Wheermolen","jrstatcode":"2006WK043903","rubriek":"wijk","FID":"wijk_gegeneraliseerd_2006.af9da7e8-2824-482e-a220-f4fc3f340b3e"},"id":"WK043903"},{"arcs":[[3247,3248,3249,-3205,3250,-3240,-3246]],"type":"Polygon","properties":{"id":57088,"statcode":"WK043904","statnaam":"Wijk 04 Gors","jrstatcode":"2006WK043904","rubriek":"wijk","FID":"wijk_gegeneraliseerd_2006.575a6364-92f4-4a71-a00c-b1cc9668069f"},"id":"WK043904"},{"arcs":[[-3248,-3247,-3244,3251,3252,-2853,3253,3254]],"type":"Polygon","properties":{"id":57089,"statcode":"WK043905","statnaam":"Wijk 05 Purmer-Noord","jrstatcode":"2006WK043905","rubriek":"wijk","FID":"wijk_gegeneraliseerd_2006.0d075e87-c413-4302-b78f-89ce35c370e1"},"id":"WK043905"},{"arcs":[[3255,3256,-3249,-3255]],"type":"Polygon","properties":{"id":57090,"statcode":"WK043906","statnaam":"Wijk 06 Purmer-Zuid","jrstatcode":"2006WK043906","rubriek":"wijk","FID":"wijk_gegeneraliseerd_2006.8382eb1c-ba48-41b4-ba6f-59ebd7689682"},"id":"WK043906"},{"arcs":[[-3251,-3204,3257,3258,-2703,-3241]],"type":"Polygon","properties":{"id":57091,"statcode":"WK043907","statnaam":"Wijk 07 Weidevenne","jrstatcode":"2006WK043907","rubriek":"wijk","FID":"wijk_gegeneraliseerd_2006.1082c475-1b9b-420c-8732-33f681d9bcc2"},"id":"WK043907"},{"arcs":[[-3198,-2939,-2947,3259]],"type":"Polygon","properties":{"id":57092,"statcode":"WK044100","statnaam":"Wijk 00","jrstatcode":"2006WK044100","rubriek":"wijk","FID":"wijk_gegeneraliseerd_2006.566b7e72-e1f2-428d-ad44-c50ab05bd736"},"id":"WK044100"},{"arcs":[[[3260,3261]],[[3262]]],"type":"MultiPolygon","properties":{"id":57093,"statcode":"WK044800","statnaam":"Wijk 00 Het Oude Land en duingebied","jrstatcode":"2006WK044800","rubriek":"wijk","FID":"wijk_gegeneraliseerd_2006.c582557c-3b4d-4d2e-ba5e-037b9f6e56d9"},"id":"WK044800"},{"arcs":[[-3261,3263]],"type":"Polygon","properties":{"id":57094,"statcode":"WK044801","statnaam":"Wijk 01 Het Nieuwe Land","jrstatcode":"2006WK044801","rubriek":"wijk","FID":"wijk_gegeneraliseerd_2006.340469ac-0177-4a18-999c-a285711a0213"},"id":"WK044801"},{"arcs":[[-2837,-2831,-2834,-2677,3264,3265,3266,3267,-2976,-2971,-2819]],"type":"Polygon","properties":{"id":57095,"statcode":"WK045000","statnaam":"Wijk 00","jrstatcode":"2006WK045000","rubriek":"wijk","FID":"wijk_gegeneraliseerd_2006.541651a2-fdb5-48f6-b028-5b36ba12a8cd"},"id":"WK045000"},{"arcs":[[3268,3269,3270,3271]],"type":"Polygon","properties":{"id":57096,"statcode":"WK045101","statnaam":"Wijk 01 Centrum","jrstatcode":"2006WK045101","rubriek":"wijk","FID":"wijk_gegeneraliseerd_2006.836417f6-b09f-4322-85ab-a4d8b7c1e6bc"},"id":"WK045101"},{"arcs":[[3272,3273,-3271,3274,3275]],"type":"Polygon","properties":{"id":57097,"statcode":"WK045102","statnaam":"Wijk 02 Thamerdal","jrstatcode":"2006WK045102","rubriek":"wijk","FID":"wijk_gegeneraliseerd_2006.c19f6dcf-eefe-4cbe-8187-94518bd5b4aa"},"id":"WK045102"},{"arcs":[[3276,-3273,3277,-2597]],"type":"Polygon","properties":{"id":57098,"statcode":"WK045103","statnaam":"Wijk 03 Zijdelwaard","jrstatcode":"2006WK045103","rubriek":"wijk","FID":"wijk_gegeneraliseerd_2006.fe68e42b-92ab-4885-aa1a-a61b553adca5"},"id":"WK045103"},{"arcs":[[-3278,-3276,3278,3279,-2598]],"type":"Polygon","properties":{"id":57099,"statcode":"WK045104","statnaam":"Wijk 04 Legmeer","jrstatcode":"2006WK045104","rubriek":"wijk","FID":"wijk_gegeneraliseerd_2006.28ee27ba-4386-4fb4-a387-574caa4db58c"},"id":"WK045104"},{"arcs":[[-3279,-3275,-3270,3280,3281,3282]],"type":"Polygon","properties":{"id":57100,"statcode":"WK045106","statnaam":"Wijk 06 Meerwijk","jrstatcode":"2006WK045106","rubriek":"wijk","FID":"wijk_gegeneraliseerd_2006.2f67e224-c99a-4ab5-b384-2f672c41fe00"},"id":"WK045106"},{"arcs":[[3283,-3272,-3274,-3277,-2596]],"type":"Polygon","properties":{"id":57101,"statcode":"WK045107","statnaam":"Wijk 07 Amsteldijk","jrstatcode":"2006WK045107","rubriek":"wijk","FID":"wijk_gegeneraliseerd_2006.824084cb-b0dc-40bf-83fd-510aebfe0a8c"},"id":"WK045107"},{"arcs":[[3284,3285,3286,3287,-2560,-2555,-2561,-2599,-3280,-3283]],"type":"Polygon","properties":{"id":57102,"statcode":"WK045108","statnaam":"Wijk 08 De Kwakel","jrstatcode":"2006WK045108","rubriek":"wijk","FID":"wijk_gegeneraliseerd_2006.1a501b99-b6e5-4526-a4ec-027d62a86b11"},"id":"WK045108"},{"arcs":[[3288,3289,3290,3291,3292,3293]],"type":"Polygon","properties":{"id":57103,"statcode":"WK045300","statnaam":"Wijk 00 Velsen-Zuid en Driehuis","jrstatcode":"2006WK045300","rubriek":"wijk","FID":"wijk_gegeneraliseerd_2006.d8b10671-6c75-49a0-96f4-28ad5632d5b0"},"id":"WK045300"},{"arcs":[[3294,3295,3296,-3293]],"type":"Polygon","properties":{"id":57104,"statcode":"WK045301","statnaam":"Wijk 01 Ten noorden van De lange Nieuwstraat","jrstatcode":"2006WK045301","rubriek":"wijk","FID":"wijk_gegeneraliseerd_2006.aad6c985-eae0-4c16-9f45-07642f3ea829"},"id":"WK045301"},{"arcs":[[-3292,3297,3298,-3295]],"type":"Polygon","properties":{"id":57105,"statcode":"WK045302","statnaam":"Wijk 02 Ten zuiden van De lange Nieuwstraat","jrstatcode":"2006WK045302","rubriek":"wijk","FID":"wijk_gegeneraliseerd_2006.bef76800-0e43-42c8-be8b-26c6274e22c3"},"id":"WK045302"},{"arcs":[[3299,-3296,3300,3301]],"type":"Polygon","properties":{"id":57106,"statcode":"WK045303","statnaam":"Wijk 03 IJmuiden-West","jrstatcode":"2006WK045303","rubriek":"wijk","FID":"wijk_gegeneraliseerd_2006.c720348c-edfd-4312-844d-e0efcb47e147"},"id":"WK045303"},{"arcs":[[-3299,3302,3303,-3301]],"type":"Polygon","properties":{"id":57107,"statcode":"WK045304","statnaam":"Wijk 04 Duin-en Zeewijk","jrstatcode":"2006WK045304","rubriek":"wijk","FID":"wijk_gegeneraliseerd_2006.4bc291f7-a8bb-4a04-b387-6b8185e5558e"},"id":"WK045304"},{"arcs":[[-2741,-2736,-2765,-3294,-3297,-3300,3304,-2763]],"type":"Polygon","properties":{"id":57108,"statcode":"WK045305","statnaam":"Wijk 05 Velsen-Noord","jrstatcode":"2006WK045305","rubriek":"wijk","FID":"wijk_gegeneraliseerd_2006.b4e04da3-d19f-460b-a175-fa2406ea4f5a"},"id":"WK045305"},{"arcs":[[3305,-2886,3306,-2781,3307,-3303,-3298,-3291]],"type":"Polygon","properties":{"id":57109,"statcode":"WK045306","statnaam":"Wijk 06 Santpoort-Noord","jrstatcode":"2006WK045306","rubriek":"wijk","FID":"wijk_gegeneraliseerd_2006.688e5bb2-30da-43ac-a9bb-05328e15a1e0"},"id":"WK045306"},{"arcs":[[-2885,-2883,-2782,-3307]],"type":"Polygon","properties":{"id":57110,"statcode":"WK045307","statnaam":"Wijk 07 Santpoort-Zuid","jrstatcode":"2006WK045307","rubriek":"wijk","FID":"wijk_gegeneraliseerd_2006.2efa0a22-57b7-43d4-b919-7cf5a0a24795"},"id":"WK045307"},{"arcs":[[3308,-2887,-3306,-3290]],"type":"Polygon","properties":{"id":57111,"statcode":"WK045308","statnaam":"Wijk 08 Velserbroek","jrstatcode":"2006WK045308","rubriek":"wijk","FID":"wijk_gegeneraliseerd_2006.a5099214-50f3-4ca0-8d61-8e8186f7227d"},"id":"WK045308"},{"arcs":[[-2893,-2888,-3309,-3289,-2764,3309]],"type":"Polygon","properties":{"id":57112,"statcode":"WK045309","statnaam":"Wijk 09 Spaarndammerpolders","jrstatcode":"2006WK045309","rubriek":"wijk","FID":"wijk_gegeneraliseerd_2006.8839a2ba-5645-4d10-b5b2-899b35ff44e4"},"id":"WK045309"},{"arcs":[[-2220,-2654,-3214,-3217,-3112,3310,3311,-2423]],"type":"Polygon","properties":{"id":57113,"statcode":"WK045700","statnaam":"Wijk 00","jrstatcode":"2006WK045700","rubriek":"wijk","FID":"wijk_gegeneraliseerd_2006.ff7ceb9f-de4e-456f-8416-7b0ac9311540"},"id":"WK045700"},{"arcs":[[3312,-3039]],"type":"Polygon","properties":{"id":57114,"statcode":"WK045800","statnaam":"Wijk 00 Oterleek","jrstatcode":"2006WK045800","rubriek":"wijk","FID":"wijk_gegeneraliseerd_2006.b3f06f48-fec4-463e-8a82-d390f500c87e"},"id":"WK045800"},{"arcs":[[3313,3314,3315,-2691]],"type":"Polygon","properties":{"id":57115,"statcode":"WK045801","statnaam":"Wijk 01 Schermerhorn","jrstatcode":"2006WK045801","rubriek":"wijk","FID":"wijk_gegeneraliseerd_2006.4a59fd02-9806-429a-a1a6-76537ccafad2"},"id":"WK045801"},{"arcs":[[-3314,-2690,-2672,-2679,-2835,-2829,3316]],"type":"Polygon","properties":{"id":57116,"statcode":"WK045802","statnaam":"Wijk 02 Zuid- en Noord-Schermer","jrstatcode":"2006WK045802","rubriek":"wijk","FID":"wijk_gegeneraliseerd_2006.d0524aad-570f-4610-b9d4-939a6f186e72"},"id":"WK045802"},{"arcs":[[-3317,-2828,-2575,-2572,-3040,-3313,-3038,3317,-3315]],"type":"Polygon","properties":{"id":57117,"statcode":"WK045803","statnaam":"Wijk 03 Schermeer","jrstatcode":"2006WK045803","rubriek":"wijk","FID":"wijk_gegeneraliseerd_2006.643004fa-65cf-4ac8-ba85-8c17e86b354a"},"id":"WK045803"},{"arcs":[[3318,-2668,3319,3320,3321,-3208]],"type":"Polygon","properties":{"id":57118,"statcode":"WK045900","statnaam":"Wijk 00","jrstatcode":"2006WK045900","rubriek":"wijk","FID":"wijk_gegeneraliseerd_2006.172bee8e-84fa-498f-b2dc-73e5026e1ccf"},"id":"WK045900"},{"arcs":[[-2667,3322,3323,3324,-3142,3325,3326,3327,-3320]],"type":"Polygon","properties":{"id":57119,"statcode":"WK045901","statnaam":"Wijk 01","jrstatcode":"2006WK045901","rubriek":"wijk","FID":"wijk_gegeneraliseerd_2006.dd2bf797-22a6-4854-87f6-5ce4b9fb8f40"},"id":"WK045901"},{"arcs":[[-2682,3328,3329]],"type":"Polygon","properties":{"id":57120,"statcode":"WK046200","statnaam":"Wijk 00","jrstatcode":"2006WK046200","rubriek":"wijk","FID":"wijk_gegeneraliseerd_2006.db542f5d-42f0-4496-a71f-447b3bdc299f"},"id":"WK046200"},{"arcs":[[3332,-3212,3333,3334,3335,-3238,-3234,-3191,-2686,-2683,-3330]],"type":"Polygon","properties":{"id":57121,"statcode":"WK046300","statnaam":"Wijk 00","jrstatcode":"2006WK046300","rubriek":"wijk","FID":"wijk_gegeneraliseerd_2006.5ce10d7a-dfde-43b4-b0b5-958783991d25"},"id":"WK046300"},{"arcs":[[3336,3337,3338,-3229,3339,3340]],"type":"Polygon","properties":{"id":57122,"statcode":"WK046600","statnaam":"Wijk 00","jrstatcode":"2006WK046600","rubriek":"wijk","FID":"wijk_gegeneraliseerd_2006.0b99aad1-2c31-4060-9dc0-e696931db5bc"},"id":"WK046600"},{"arcs":[[3341,-3327,3342,-3341,3343,3344]],"type":"Polygon","properties":{"id":57123,"statcode":"WK046601","statnaam":"Wijk 01","jrstatcode":"2006WK046601","rubriek":"wijk","FID":"wijk_gegeneraliseerd_2006.eaafb624-66cc-422e-bf2b-be036f763a4f"},"id":"WK046601"},{"arcs":[[-3141,-3136,-3337,-3343,-3326]],"type":"Polygon","properties":{"id":57124,"statcode":"WK046602","statnaam":"Wijk 02","jrstatcode":"2006WK046602","rubriek":"wijk","FID":"wijk_gegeneraliseerd_2006.22f83573-b9e6-4937-82e4-40b8df1faf17"},"id":"WK046602"},{"arcs":[[3345,3346]],"type":"Polygon","properties":{"id":57125,"statcode":"WK047300","statnaam":"Wijk 00","jrstatcode":"2006WK047300","rubriek":"wijk","FID":"wijk_gegeneraliseerd_2006.2c6ca1bb-ff7e-4f98-b9df-f17476c6dd12"},"id":"WK047300"},{"arcs":[[-2785,-2791,-2796,3347,3348,3349,-3347,3350,-2779]],"type":"Polygon","properties":{"id":57126,"statcode":"WK047301","statnaam":"Wijk 01","jrstatcode":"2006WK047301","rubriek":"wijk","FID":"wijk_gegeneraliseerd_2006.09662b50-9cce-4dec-ba9d-f7d31ab85e2b"},"id":"WK047301"},{"arcs":[[3351,-3077,-3079,-3074,-2685,-2689,-3260,-2946,-2949,-2732]],"type":"Polygon","properties":{"id":57127,"statcode":"WK047600","statnaam":"Wijk 00 Zijpe","jrstatcode":"2006WK047600","rubriek":"wijk","FID":"wijk_gegeneraliseerd_2006.d7c5df08-7bdc-40e7-a31f-3e6f8d614d05"},"id":"WK047600"},{"arcs":[[3352,3353,-2695,3354]],"type":"Polygon","properties":{"id":57128,"statcode":"WK047800","statnaam":"Wijk 00 Beets","jrstatcode":"2006WK047800","rubriek":"wijk","FID":"wijk_gegeneraliseerd_2006.b7ea1a6f-88a9-4093-b611-3c6923915309"},"id":"WK047800"},{"arcs":[[3355,3356,-2696,-3354,3357,3358,3359]],"type":"Polygon","properties":{"id":57129,"statcode":"WK047801","statnaam":"Wijk 01 Oosthuizen","jrstatcode":"2006WK047801","rubriek":"wijk","FID":"wijk_gegeneraliseerd_2006.d9b83db4-e28c-4aa5-8734-0c83d1478f5a"},"id":"WK047801"},{"arcs":[[3360,-2846,3361,-3360]],"type":"Polygon","properties":{"id":57130,"statcode":"WK047802","statnaam":"Wijk 02 Warder","jrstatcode":"2006WK047802","rubriek":"wijk","FID":"wijk_gegeneraliseerd_2006.e0e90239-0c36-41d2-bde4-f4af3faaa2ea"},"id":"WK047802"},{"arcs":[[-3362,-2845,-2854,-3253,3362,3363,-3356]],"type":"Polygon","properties":{"id":57131,"statcode":"WK047803","statnaam":"Wijk 03 Middelie","jrstatcode":"2006WK047803","rubriek":"wijk","FID":"wijk_gegeneraliseerd_2006.3348f11f-f61d-4921-9d5c-526674e6edaf"},"id":"WK047803"},{"arcs":[[-3363,-3252,-3243,-2698,3364]],"type":"Polygon","properties":{"id":57132,"statcode":"WK047804","statnaam":"Wijk 04 Kwadijk","jrstatcode":"2006WK047804","rubriek":"wijk","FID":"wijk_gegeneraliseerd_2006.c9c18aba-9d9d-43d9-89e2-475a2debb8db"},"id":"WK047804"},{"arcs":[[3365,-3358,-3353,3366,3367]],"type":"Polygon","properties":{"id":57133,"statcode":"WK047805","statnaam":"Wijk 05 Schardam","jrstatcode":"2006WK047805","rubriek":"wijk","FID":"wijk_gegeneraliseerd_2006.44b48af6-0791-4f63-94b3-1452f44c57b2"},"id":"WK047805"},{"arcs":[[-3364,-3365,-2697,-3357]],"type":"Polygon","properties":{"id":57134,"statcode":"WK047806","statnaam":"Wijk 06 Hobrede","jrstatcode":"2006WK047806","rubriek":"wijk","FID":"wijk_gegeneraliseerd_2006.bc03d204-c503-4e45-93e1-020c339070bc"},"id":"WK047806"},{"arcs":[[-3223,-2636,-2617,3368,3369,3370,3371]],"type":"Polygon","properties":{"id":57135,"statcode":"WK047911","statnaam":"Wijk 11 Zaandam Zuid","jrstatcode":"2006WK047911","rubriek":"wijk","FID":"wijk_gegeneraliseerd_2006.54520383-7189-4866-aceb-01a6b886edeb"},"id":"WK047911"},{"arcs":[[-3372,3372,-3224]],"type":"Polygon","properties":{"id":57136,"statcode":"WK047912","statnaam":"Wijk 12 Poelenburg","jrstatcode":"2006WK047912","rubriek":"wijk","FID":"wijk_gegeneraliseerd_2006.8382a0d3-a365-40b6-95a2-d61ff4ba315f"},"id":"WK047912"},{"arcs":[[-3371,3373,3374,3375,-3225,-3373]],"type":"Polygon","properties":{"id":57137,"statcode":"WK047913","statnaam":"Wijk 13 Pelders- en Hoornseveld","jrstatcode":"2006WK047913","rubriek":"wijk","FID":"wijk_gegeneraliseerd_2006.b5226b0b-6445-4d67-856e-79c2dc8f4b87"},"id":"WK047913"},{"arcs":[[-3374,-3370,3376,3377]],"type":"Polygon","properties":{"id":57138,"statcode":"WK047914","statnaam":"Wijk 14 Rosmolenwijk","jrstatcode":"2006WK047914","rubriek":"wijk","FID":"wijk_gegeneraliseerd_2006.0c2514e5-04ee-45ee-82a6-7ba58e46e8a3"},"id":"WK047914"},{"arcs":[[3378,3379,3380,-3375,-3378]],"type":"Polygon","properties":{"id":57139,"statcode":"WK047915","statnaam":"Wijk 15 Kogerveldwijk","jrstatcode":"2006WK047915","rubriek":"wijk","FID":"wijk_gegeneraliseerd_2006.3ce9a512-41f0-4ce1-9800-1189f869052a"},"id":"WK047915"},{"arcs":[[3381,3382,-3226,-3376,-3381,3383,3384,3385]],"type":"Polygon","properties":{"id":57140,"statcode":"WK047916","statnaam":"Wijk 16 Zaandam Noord","jrstatcode":"2006WK047916","rubriek":"wijk","FID":"wijk_gegeneraliseerd_2006.56aa8918-06d2-4c45-aec2-c8a2084d2e00"},"id":"WK047916"},{"arcs":[[-2616,3386,3387,-3369]],"type":"Polygon","properties":{"id":57141,"statcode":"WK047921","statnaam":"Wijk 21 Oude Haven","jrstatcode":"2006WK047921","rubriek":"wijk","FID":"wijk_gegeneraliseerd_2006.e5bc4f1e-5c12-466f-aaa6-375b1241583e"},"id":"WK047921"},{"arcs":[[3388,3389,-3379,-3377,-3388]],"type":"Polygon","properties":{"id":57142,"statcode":"WK047922","statnaam":"Wijk 22 Zaandam West","jrstatcode":"2006WK047922","rubriek":"wijk","FID":"wijk_gegeneraliseerd_2006.219ebd0e-9174-45a3-90e7-b3afe47d2784"},"id":"WK047922"},{"arcs":[[-3389,-3387,-2615,3390,3391]],"type":"Polygon","properties":{"id":57143,"statcode":"WK047923","statnaam":"Wijk 23 Nieuw West","jrstatcode":"2006WK047923","rubriek":"wijk","FID":"wijk_gegeneraliseerd_2006.5b83857c-7311-4433-9070-e516cda6ecbc"},"id":"WK047923"},{"arcs":[[-3384,-3380,-3390,3392,3393]],"type":"Polygon","properties":{"id":57144,"statcode":"WK047931","statnaam":"Wijk 31 Oud Koog a/d Zaan","jrstatcode":"2006WK047931","rubriek":"wijk","FID":"wijk_gegeneraliseerd_2006.0295cc8a-731e-4edf-a758-c7ff4e55a9a2"},"id":"WK047931"},{"arcs":[[-3393,-3392,3394,3395]],"type":"Polygon","properties":{"id":57145,"statcode":"WK047932","statnaam":"Wijk 32 Westerkoog","jrstatcode":"2006WK047932","rubriek":"wijk","FID":"wijk_gegeneraliseerd_2006.d476ed9b-a820-42b1-af56-16fd4f83302a"},"id":"WK047932"},{"arcs":[[-3385,-3394,3396,3397]],"type":"Polygon","properties":{"id":57146,"statcode":"WK047941","statnaam":"Wijk 41 Oud Zaandijk","jrstatcode":"2006WK047941","rubriek":"wijk","FID":"wijk_gegeneraliseerd_2006.cfd48c20-268f-4982-92e6-82696eb138d1"},"id":"WK047941"},{"arcs":[[-3397,-3396,3398,3399]],"type":"Polygon","properties":{"id":57147,"statcode":"WK047942","statnaam":"Wijk 42 Rooswijk","jrstatcode":"2006WK047942","rubriek":"wijk","FID":"wijk_gegeneraliseerd_2006.4f051cd7-f290-4728-bf83-76e2b5db5f2a"},"id":"WK047942"},{"arcs":[[-3400,3400,3401,3402,3403,-3265,-2676,3404,-3386,-3398]],"type":"Polygon","properties":{"id":57148,"statcode":"WK047951","statnaam":"Wijk 51 Wormerveer","jrstatcode":"2006WK047951","rubriek":"wijk","FID":"wijk_gegeneraliseerd_2006.c7353ada-04fe-4ab8-9281-54016a863f13"},"id":"WK047951"},{"arcs":[[3405,3406,-3403]],"type":"Polygon","properties":{"id":57149,"statcode":"WK047961","statnaam":"Wijk 61 Krommenie Oost","jrstatcode":"2006WK047961","rubriek":"wijk","FID":"wijk_gegeneraliseerd_2006.3472cde5-4464-4604-a8a6-b558cad430b2"},"id":"WK047961"},{"arcs":[[3407,-3266,-3404,-3407]],"type":"Polygon","properties":{"id":57150,"statcode":"WK047962","statnaam":"Wijk 62 Krommenie West","jrstatcode":"2006WK047962","rubriek":"wijk","FID":"wijk_gegeneraliseerd_2006.bfd621a2-c00e-4594-b153-ee42806cc3b2"},"id":"WK047962"},{"arcs":[[-2977,-3268,3408,3409,-2613,-2894,-3310,-2768]],"type":"Polygon","properties":{"id":57151,"statcode":"WK047971","statnaam":"Wijk 71 Assendelft-Zuid","jrstatcode":"2006WK047971","rubriek":"wijk","FID":"wijk_gegeneraliseerd_2006.4c554342-b1ad-4b28-9b2c-13c38cb8a02c"},"id":"WK047971"},{"arcs":[[3410,-3409,-3267,-3408,-3406,-3402]],"type":"Polygon","properties":{"id":57152,"statcode":"WK047972","statnaam":"Wijk 72 Assendelft-Noord","jrstatcode":"2006WK047972","rubriek":"wijk","FID":"wijk_gegeneraliseerd_2006.3853e467-97bb-4eca-a21f-54f086e77cf9"},"id":"WK047972"},{"arcs":[[-2614,-3410,-3411,-3401,-3399,-3395,-3391]],"type":"Polygon","properties":{"id":57153,"statcode":"WK047981","statnaam":"Wijk 81 Westzaan","jrstatcode":"2006WK047981","rubriek":"wijk","FID":"wijk_gegeneraliseerd_2006.482b933d-e5c6-49fb-ac28-2ed90df2f122"},"id":"WK047981"},{"arcs":[[3411,3412,3413,3414,-3287,3415,3416,3417,3418,3419]],"type":"Polygon","properties":{"id":57154,"statcode":"WK048000","statnaam":"Wijk 00 Ter Aar","jrstatcode":"2006WK048000","rubriek":"wijk","FID":"wijk_gegeneraliseerd_2006.87fcab6b-2fab-483c-944e-8ccb6802149c"},"id":"WK048000"},{"arcs":[[3420,3421,3422,3423,3424]],"type":"Polygon","properties":{"id":57155,"statcode":"WK048200","statnaam":"Wijk 00","jrstatcode":"2006WK048200","rubriek":"wijk","FID":"wijk_gegeneraliseerd_2006.f70397d9-98ba-403d-b317-bd97dc32ac46"},"id":"WK048200"},{"arcs":[[3425,3426,-2921,-2919,3427,3428]],"type":"Polygon","properties":{"id":57156,"statcode":"WK048300","statnaam":"Wijk 00 Roelofarendsveen","jrstatcode":"2006WK048300","rubriek":"wijk","FID":"wijk_gegeneraliseerd_2006.d1dbb3a3-014d-43e3-999c-ecb0dccf8f3c"},"id":"WK048300"},{"arcs":[[-2922,-3427,3429,3430,3431,3432,3433]],"type":"Polygon","properties":{"id":57157,"statcode":"WK048301","statnaam":"Wijk 01 Overig Alkemade","jrstatcode":"2006WK048301","rubriek":"wijk","FID":"wijk_gegeneraliseerd_2006.9a0410c5-67f0-4965-86b8-948fd22c9833"},"id":"WK048301"},{"arcs":[[3434,3435,3436,3437,3438,3439]],"type":"Polygon","properties":{"id":57158,"statcode":"WK048401","statnaam":"Wijk 01 Oudshoorn","jrstatcode":"2006WK048401","rubriek":"wijk","FID":"wijk_gegeneraliseerd_2006.3051dc0e-6080-4f19-8832-0cfee827cc29"},"id":"WK048401"},{"arcs":[[-3412,3440,3441,-3437,3442]],"type":"Polygon","properties":{"id":57159,"statcode":"WK048402","statnaam":"Wijk 02 Ridderveld","jrstatcode":"2006WK048402","rubriek":"wijk","FID":"wijk_gegeneraliseerd_2006.695ea127-0c03-4892-9a15-400dbc7b8efa"},"id":"WK048402"},{"arcs":[[-3420,3443,3444,-3441]],"type":"Polygon","properties":{"id":57160,"statcode":"WK048403","statnaam":"Wijk 03 Zegersloot","jrstatcode":"2006WK048403","rubriek":"wijk","FID":"wijk_gegeneraliseerd_2006.a224f2a2-a57c-4414-adf1-5f4c1882afda"},"id":"WK048403"},{"arcs":[[3445,3446,-3440,3447,3448]],"type":"Polygon","properties":{"id":57161,"statcode":"WK048404","statnaam":"Wijk 04 Hoorn","jrstatcode":"2006WK048404","rubriek":"wijk","FID":"wijk_gegeneraliseerd_2006.9f429c97-ed98-465c-9998-3255b720ca11"},"id":"WK048404"},{"arcs":[[3449,3450,-3448,-3439,3451]],"type":"Polygon","properties":{"id":57162,"statcode":"WK048405","statnaam":"Wijk 05 Hoge Zijde","jrstatcode":"2006WK048405","rubriek":"wijk","FID":"wijk_gegeneraliseerd_2006.ad645b2a-6dbf-449b-aa09-0b91e9d9253a"},"id":"WK048405"},{"arcs":[[-3442,-3445,3452,3453,-3452,-3438]],"type":"Polygon","properties":{"id":57163,"statcode":"WK048406","statnaam":"Wijk 06 Lage Zijde","jrstatcode":"2006WK048406","rubriek":"wijk","FID":"wijk_gegeneraliseerd_2006.37158b94-a635-42a6-9d05-cb016885fd49"},"id":"WK048406"},{"arcs":[[3454,3455,3456,3457,-3450,-3454,3458,3459]],"type":"Polygon","properties":{"id":57164,"statcode":"WK048407","statnaam":"Wijk 07 Steekterpolder","jrstatcode":"2006WK048407","rubriek":"wijk","FID":"wijk_gegeneraliseerd_2006.e6451d61-ab8d-4d1a-bd99-06a12f6ac296"},"id":"WK048407"},{"arcs":[[-3451,-3458,3460,3461,-3449]],"type":"Polygon","properties":{"id":57165,"statcode":"WK048408","statnaam":"Wijk 08 Kerk en Zanen","jrstatcode":"2006WK048408","rubriek":"wijk","FID":"wijk_gegeneraliseerd_2006.0c0930ab-5c9f-4409-a525-c29d1fd2a545"},"id":"WK048408"},{"arcs":[[-3457,3462,3463,3464,-3461]],"type":"Polygon","properties":{"id":57166,"statcode":"WK048409","statnaam":"Wijk 09 Rietveld","jrstatcode":"2006WK048409","rubriek":"wijk","FID":"wijk_gegeneraliseerd_2006.358f98fe-d069-4d77-ad47-f8ecd6c85697"},"id":"WK048409"},{"arcs":[[3465,3466,-3459,-3453,-3444,-3419]],"type":"Polygon","properties":{"id":57167,"statcode":"WK048445","statnaam":"Wijk 45 Aarlanderveen","jrstatcode":"2006WK048445","rubriek":"wijk","FID":"wijk_gegeneraliseerd_2006.b927e359-0f53-4aaa-bf2a-ead79e82e2d1"},"id":"WK048445"},{"arcs":[[-3467,3467,3468,3469,-3460]],"type":"Polygon","properties":{"id":57168,"statcode":"WK048471","statnaam":"Wijk 71 Zwammerdam","jrstatcode":"2006WK048471","rubriek":"wijk","FID":"wijk_gegeneraliseerd_2006.11af53f5-dfd9-4a0f-a848-702d7db71ff9"},"id":"WK048471"},{"arcs":[[[3470,3471,3472,3473]],[[3474,3475,3476]]],"type":"MultiPolygon","properties":{"id":57169,"statcode":"WK048901","statnaam":"Wijk 01 Centrum","jrstatcode":"2006WK048901","rubriek":"wijk","FID":"wijk_gegeneraliseerd_2006.011843f9-7fd8-493a-9d50-0bead30bdef5"},"id":"WK048901"},{"arcs":[[3477,3478,-3471,-3477,3479,3480,3481,3482]],"type":"Polygon","properties":{"id":57170,"statcode":"WK048902","statnaam":"Wijk 02 Noord","jrstatcode":"2006WK048902","rubriek":"wijk","FID":"wijk_gegeneraliseerd_2006.7f6b0d2b-043b-4397-86fe-0b2a98fdb646"},"id":"WK048902"},{"arcs":[[3483,-3483]],"type":"Polygon","properties":{"id":57171,"statcode":"WK048903","statnaam":"Wijk 03 Binnenland","jrstatcode":"2006WK048903","rubriek":"wijk","FID":"wijk_gegeneraliseerd_2006.6d5b3b4d-6246-4ecb-8de7-594bcad4dc71"},"id":"WK048903"},{"arcs":[[3484,3485,3486,-3472,-3479]],"type":"Polygon","properties":{"id":57172,"statcode":"WK048904","statnaam":"Wijk 04 Oranjewijk","jrstatcode":"2006WK048904","rubriek":"wijk","FID":"wijk_gegeneraliseerd_2006.df540dac-1710-48e1-a687-5f4a494a68d9"},"id":"WK048904"},{"arcs":[[3487,3488,-3473,-3487,3489]],"type":"Polygon","properties":{"id":57173,"statcode":"WK048905","statnaam":"Wijk 05 Buitenoord","jrstatcode":"2006WK048905","rubriek":"wijk","FID":"wijk_gegeneraliseerd_2006.b9d7fb84-aebc-40da-b79e-4c0995d468f2"},"id":"WK048905"},{"arcs":[[3490,-3488]],"type":"Polygon","properties":{"id":57174,"statcode":"WK048906","statnaam":"Wijk 06 Ter Leede","jrstatcode":"2006WK048906","rubriek":"wijk","FID":"wijk_gegeneraliseerd_2006.03d9c90c-0851-4a70-9470-1ac2244c8c09"},"id":"WK048906"},{"arcs":[[-3475,-3474,3491,3492,3493]],"type":"Polygon","properties":{"id":57175,"statcode":"WK048907","statnaam":"Wijk 07 Paddewei","jrstatcode":"2006WK048907","rubriek":"wijk","FID":"wijk_gegeneraliseerd_2006.7e051784-304d-4208-a07e-1eeab7554ec7"},"id":"WK048907"},{"arcs":[[-3492,-3489,3494,3495]],"type":"Polygon","properties":{"id":57176,"statcode":"WK048908","statnaam":"Wijk 08 Molenvliet","jrstatcode":"2006WK048908","rubriek":"wijk","FID":"wijk_gegeneraliseerd_2006.6ce64181-be3f-4cf9-9aab-e62f83713c62"},"id":"WK048908"},{"arcs":[[3496,3497,3498,3499,-3493,-3496]],"type":"Polygon","properties":{"id":57177,"statcode":"WK048909","statnaam":"Wijk 09 Nieuweland","jrstatcode":"2006WK048909","rubriek":"wijk","FID":"wijk_gegeneraliseerd_2006.73ad65f6-f228-4934-af44-57883652f2ad"},"id":"WK048909"},{"arcs":[[-3480,-3476,3500,3501,3502]],"type":"Polygon","properties":{"id":57178,"statcode":"WK048910","statnaam":"Wijk 10 Dorpzicht","jrstatcode":"2006WK048910","rubriek":"wijk","FID":"wijk_gegeneraliseerd_2006.ae8a9f4a-339b-4545-8ad1-484678cdd72b"},"id":"WK048910"},{"arcs":[[-3501,-3494,-3500,3503,3504]],"type":"Polygon","properties":{"id":57179,"statcode":"WK048911","statnaam":"Wijk 11 Bijdorp","jrstatcode":"2006WK048911","rubriek":"wijk","FID":"wijk_gegeneraliseerd_2006.e9442f8e-694b-4006-b2a5-a384769e389d"},"id":"WK048911"},{"arcs":[[3505,3506,3507,3508,3509,3510]],"type":"Polygon","properties":{"id":57180,"statcode":"WK048912","statnaam":"Wijk 12 Smitshoek","jrstatcode":"2006WK048912","rubriek":"wijk","FID":"wijk_gegeneraliseerd_2006.c38853b7-f2ac-47ed-9143-9861720dc686"},"id":"WK048912"},{"arcs":[[-3499,3511,3512,3513,-3509,3514,3515,3516,-3504]],"type":"Polygon","properties":{"id":57181,"statcode":"WK048913","statnaam":"Wijk 13 Voordijk","jrstatcode":"2006WK048913","rubriek":"wijk","FID":"wijk_gegeneraliseerd_2006.2cc5012b-aeb3-41f7-ba16-8670f3d6d306"},"id":"WK048913"},{"arcs":[[3517,3518,3519,3520,-3513]],"type":"Polygon","properties":{"id":57182,"statcode":"WK048914","statnaam":"Wijk 14 Meerwede","jrstatcode":"2006WK048914","rubriek":"wijk","FID":"wijk_gegeneraliseerd_2006.02e0a9ff-9dec-4423-b41e-742c3f8a57a1"},"id":"WK048914"},{"arcs":[[3521,3522,3523,-3519]],"type":"Polygon","properties":{"id":57183,"statcode":"WK048915","statnaam":"Wijk 15 Waterkant","jrstatcode":"2006WK048915","rubriek":"wijk","FID":"wijk_gegeneraliseerd_2006.36d7aea2-7aea-4a10-b1e7-259e0bf7fc37"},"id":"WK048915"},{"arcs":[[-3524,3524,3525,-3520]],"type":"Polygon","properties":{"id":57184,"statcode":"WK048916","statnaam":"Wijk 16 Havenkwartier","jrstatcode":"2006WK048916","rubriek":"wijk","FID":"wijk_gegeneraliseerd_2006.76b298cd-5b7c-4b8c-a373-c285f36f7475"},"id":"WK048916"},{"arcs":[[-3526,3526,3527,3528]],"type":"Polygon","properties":{"id":57185,"statcode":"WK048917","statnaam":"Wijk 17 Gaatkensoog","jrstatcode":"2006WK048917","rubriek":"wijk","FID":"wijk_gegeneraliseerd_2006.90f685c8-e6ec-442e-ac09-215f33db610e"},"id":"WK048917"},{"arcs":[[-3521,-3529,3529,-3510,-3514]],"type":"Polygon","properties":{"id":57186,"statcode":"WK048918","statnaam":"Wijk 18 Riederhoek","jrstatcode":"2006WK048918","rubriek":"wijk","FID":"wijk_gegeneraliseerd_2006.526e9346-91bd-46fd-a34b-ca49b144b19d"},"id":"WK048918"},{"arcs":[[3530,-3515,-3508,3531]],"type":"Polygon","properties":{"id":57187,"statcode":"WK048919","statnaam":"Wijk 19 Vrijhoekakker","jrstatcode":"2006WK048919","rubriek":"wijk","FID":"wijk_gegeneraliseerd_2006.db6ef464-b851-440f-9627-9e6bcb784b35"},"id":"WK048919"},{"arcs":[[3532,-3516,-3531,3533]],"type":"Polygon","properties":{"id":57188,"statcode":"WK048920","statnaam":"Wijk 20 Vrijenburg","jrstatcode":"2006WK048920","rubriek":"wijk","FID":"wijk_gegeneraliseerd_2006.872b6712-befa-4a7c-a3c0-d58cd698a450"},"id":"WK048920"},{"arcs":[[-3507,3534,3535,3536,-3481,-3503,3537,-3534,-3532]],"type":"Polygon","properties":{"id":57189,"statcode":"WK048930","statnaam":"Wijk 30 Buitengebied Noord","jrstatcode":"2006WK048930","rubriek":"wijk","FID":"wijk_gegeneraliseerd_2006.697d20c4-d4d0-49b6-b2bc-344f270b0386"},"id":"WK048930"},{"arcs":[[-3490,-3486,3538,3539,3540,3541,3542,3543,3544,-3527,-3525,-3523,3545,-3497,-3495,-3491]],"type":"Polygon","properties":{"id":57190,"statcode":"WK048931","statnaam":"Wijk 31 Buitengebied Zuid","jrstatcode":"2006WK048931","rubriek":"wijk","FID":"wijk_gegeneraliseerd_2006.c4538c47-cbda-456d-90c0-e7c9f0b899d6"},"id":"WK048931"},{"arcs":[[[-3539,-3485,-3478,-3484,-3482,-3537,3546,3547]],[[-3546,-3522,-3518,-3512,-3498]],[[-3502,-3505,-3517,-3533,-3538]]],"type":"MultiPolygon","properties":{"id":57191,"statcode":"WK048950","statnaam":"Wijk 50 Bedrijventerreinen","jrstatcode":"2006WK048950","rubriek":"wijk","FID":"wijk_gegeneraliseerd_2006.486e1975-ec9b-4934-8e8b-3f07e810ac92"},"id":"WK048950"},{"arcs":[[3548,3549,3550,3551,3552,3553]],"type":"Polygon","properties":{"id":57192,"statcode":"WK049100","statnaam":"Wijk 00 Bergambacht","jrstatcode":"2006WK049100","rubriek":"wijk","FID":"wijk_gegeneraliseerd_2006.bbbaf029-ac3c-45ea-ab5c-0f09fecc635d"},"id":"WK049100"},{"arcs":[[3554,-3554,3555,3556,3557,3558]],"type":"Polygon","properties":{"id":57193,"statcode":"WK049101","statnaam":"Wijk 01 Bergstoep","jrstatcode":"2006WK049101","rubriek":"wijk","FID":"wijk_gegeneraliseerd_2006.b4d9d60f-c669-42f6-a61f-1687170900ce"},"id":"WK049101"},{"arcs":[[3559,3560,-3558]],"type":"Polygon","properties":{"id":57194,"statcode":"WK049102","statnaam":"Wijk 02 Ammerstol","jrstatcode":"2006WK049102","rubriek":"wijk","FID":"wijk_gegeneraliseerd_2006.7b65726a-d64b-4a39-b0c4-5e36f0c4f5b8"},"id":"WK049102"},{"arcs":[[-3550,3561,3562,3563,3564]],"type":"Polygon","properties":{"id":57195,"statcode":"WK049103","statnaam":"Wijk 03 Berkenwoude","jrstatcode":"2006WK049103","rubriek":"wijk","FID":"wijk_gegeneraliseerd_2006.33f9b714-61b8-4ca7-b451-3b04206f115a"},"id":"WK049103"},{"arcs":[[3565,3566,3567,3568,3569,3570,3571]],"type":"Polygon","properties":{"id":57196,"statcode":"WK049200","statnaam":"Wijk 00 Bergschenhoek","jrstatcode":"2006WK049200","rubriek":"wijk","FID":"wijk_gegeneraliseerd_2006.e0278030-9839-4275-a84e-d350186003bc"},"id":"WK049200"},{"arcs":[[3572,3573,-3570]],"type":"Polygon","properties":{"id":57197,"statcode":"WK049301","statnaam":"Wijk 01 Berkel Binnen","jrstatcode":"2006WK049301","rubriek":"wijk","FID":"wijk_gegeneraliseerd_2006.f4def18c-943e-43a7-9a35-eb93c0232de2"},"id":"WK049301"},{"arcs":[[3574,3575,3576,3577,-3571,-3574]],"type":"Polygon","properties":{"id":57198,"statcode":"WK049302","statnaam":"Wijk 02 Berkel Buiten","jrstatcode":"2006WK049302","rubriek":"wijk","FID":"wijk_gegeneraliseerd_2006.63fce057-fca9-4c40-8e33-322eb37f293c"},"id":"WK049302"},{"arcs":[[-3569,3578,3579,3580,-3573]],"type":"Polygon","properties":{"id":57199,"statcode":"WK049303","statnaam":"Wijk 03 Rodenrijs Binnen","jrstatcode":"2006WK049303","rubriek":"wijk","FID":"wijk_gegeneraliseerd_2006.2d0d6050-22a6-4b41-a159-ab8e4bbfde77"},"id":"WK049303"},{"arcs":[[3581,3582,3583,-3580]],"type":"Polygon","properties":{"id":57200,"statcode":"WK049304","statnaam":"Wijk 04 Rodenrijs Buiten","jrstatcode":"2006WK049304","rubriek":"wijk","FID":"wijk_gegeneraliseerd_2006.2d23a987-07e0-4ed8-8be5-e3bcfd96f8a0"},"id":"WK049304"},{"arcs":[[3584,3585,-3572,-3578,3586,3587,3588,3589]],"type":"Polygon","properties":{"id":57201,"statcode":"WK049500","statnaam":"Wijk 00","jrstatcode":"2006WK049500","rubriek":"wijk","FID":"wijk_gegeneraliseerd_2006.20817d60-3c56-4bf6-802d-e0f5be54b4e7"},"id":"WK049500"},{"arcs":[[3590,3591,3592,3593,-3469,3594,3595,3596,3597]],"type":"Polygon","properties":{"id":57202,"statcode":"WK049701","statnaam":"Wijk 01 Bodegraven Noord","jrstatcode":"2006WK049701","rubriek":"wijk","FID":"wijk_gegeneraliseerd_2006.4345c232-7c3f-423f-b187-f8d02c068fa7"},"id":"WK049701"},{"arcs":[[-3593,3598]],"type":"Polygon","properties":{"id":57203,"statcode":"WK049702","statnaam":"Wijk 02 Bodegraven Centrum","jrstatcode":"2006WK049702","rubriek":"wijk","FID":"wijk_gegeneraliseerd_2006.0b70ca50-72c9-4cf1-9040-c9d80273f351"},"id":"WK049702"},{"arcs":[[-3594,-3599,-3592,3599,3600,3601,3602,-3455,-3470]],"type":"Polygon","properties":{"id":57204,"statcode":"WK049703","statnaam":"Wijk 03 Bodegraven Zuid","jrstatcode":"2006WK049703","rubriek":"wijk","FID":"wijk_gegeneraliseerd_2006.8bdff2d8-6607-48e6-a651-c9203e780c95"},"id":"WK049703"},{"arcs":[[3603,3604,-3598]],"type":"Polygon","properties":{"id":57205,"statcode":"WK049704","statnaam":"Wijk 04 Nieuwerbrug Noord","jrstatcode":"2006WK049704","rubriek":"wijk","FID":"wijk_gegeneraliseerd_2006.57fdf28b-8f19-4981-bcea-b72ff501260d"},"id":"WK049704"},{"arcs":[[-3605,3605,3606,-3600,-3591]],"type":"Polygon","properties":{"id":57206,"statcode":"WK049705","statnaam":"Wijk 05 Nieuwerbrug Zuid","jrstatcode":"2006WK049705","rubriek":"wijk","FID":"wijk_gegeneraliseerd_2006.81efc028-a0a3-41f3-a84f-95606f1ab2ee"},"id":"WK049705"},{"arcs":[[3607,3608,3609,-3324]],"type":"Polygon","properties":{"id":57207,"statcode":"WK049800","statnaam":"Wijk 00 Hoogkarspel","jrstatcode":"2006WK049800","rubriek":"wijk","FID":"wijk_gegeneraliseerd_2006.60b11743-6055-4469-ab62-e4ea190a021c"},"id":"WK049800"},{"arcs":[[-3143,-3325,-3610,3610,3611]],"type":"Polygon","properties":{"id":57208,"statcode":"WK049801","statnaam":"Wijk 01 Westwoud","jrstatcode":"2006WK049801","rubriek":"wijk","FID":"wijk_gegeneraliseerd_2006.ddb2859b-f3d2-42a2-b281-882ceb86122e"},"id":"WK049801"},{"arcs":[[3612,3613,-3150,-3146,-3144,-3612]],"type":"Polygon","properties":{"id":57209,"statcode":"WK049802","statnaam":"Wijk 02 Oosterblokker","jrstatcode":"2006WK049802","rubriek":"wijk","FID":"wijk_gegeneraliseerd_2006.56850752-1f97-44c2-817b-2798d8d6b416"},"id":"WK049802"},{"arcs":[[3614,-3613,-3611,-3609,3615,3616,3617,3618]],"type":"Polygon","properties":{"id":57210,"statcode":"WK049803","statnaam":"Wijk 03 Venhuizen","jrstatcode":"2006WK049803","rubriek":"wijk","FID":"wijk_gegeneraliseerd_2006.39640e55-07ec-4599-ba12-9984e26e0e9a"},"id":"WK049803"},{"arcs":[[3619,3620,-3619]],"type":"Polygon","properties":{"id":57211,"statcode":"WK049804","statnaam":"Wijk 04 Wijdenes","jrstatcode":"2006WK049804","rubriek":"wijk","FID":"wijk_gegeneraliseerd_2006.4cae92d0-9768-4767-b2d5-fcba130c6e95"},"id":"WK049804"},{"arcs":[[-3621,3621,-3153,-3151,-3614,-3615]],"type":"Polygon","properties":{"id":57212,"statcode":"WK049805","statnaam":"Wijk 05 Schellinkhout","jrstatcode":"2006WK049805","rubriek":"wijk","FID":"wijk_gegeneraliseerd_2006.d6ebec23-466f-4a71-aca6-69a8f54db7af"},"id":"WK049805"},{"arcs":[[3622,3623,-3463,-3456,-3603,3624]],"type":"Polygon","properties":{"id":57213,"statcode":"WK049900","statnaam":"Wijk 00 Boskoop","jrstatcode":"2006WK049900","rubriek":"wijk","FID":"wijk_gegeneraliseerd_2006.0077240e-bad6-4253-8ca3-190c4402e853"},"id":"WK049900"},{"arcs":[[3625,3626,3627,3628]],"type":"Polygon","properties":{"id":57214,"statcode":"WK050100","statnaam":"Wijk 00 Brielle","jrstatcode":"2006WK050100","rubriek":"wijk","FID":"wijk_gegeneraliseerd_2006.e53289ce-3dc8-472e-a47b-8fe38b9a92fb"},"id":"WK050100"},{"arcs":[[3629,3630,3631,3632,-3629]],"type":"Polygon","properties":{"id":57215,"statcode":"WK050101","statnaam":"Wijk 01 Vierpolders","jrstatcode":"2006WK050101","rubriek":"wijk","FID":"wijk_gegeneraliseerd_2006.09b5c315-a4bc-4ed3-94d2-c91a8063a1f1"},"id":"WK050101"},{"arcs":[[3633,3634,3635,-3631,3636]],"type":"Polygon","properties":{"id":57216,"statcode":"WK050102","statnaam":"Wijk 02 Zwartewaal","jrstatcode":"2006WK050102","rubriek":"wijk","FID":"wijk_gegeneraliseerd_2006.cd4a8399-79db-4a71-a72b-1f8078eb5d7c"},"id":"WK050102"},{"arcs":[[3637,-3637,-3630,-3628]],"type":"Polygon","properties":{"id":57217,"statcode":"WK050103","statnaam":"Wijk 03 Recreatiestrook Brielse Maas","jrstatcode":"2006WK050103","rubriek":"wijk","FID":"wijk_gegeneraliseerd_2006.a48b4eef-884f-4d32-a3c6-dfd62e9889e2"},"id":"WK050103"},{"arcs":[[3638,3639,3640,3641]],"type":"Polygon","properties":{"id":57218,"statcode":"WK050201","statnaam":"Wijk 01 Capelle-West en 's-Gravenland","jrstatcode":"2006WK050201","rubriek":"wijk","FID":"wijk_gegeneraliseerd_2006.2ba16e78-7f08-4092-81fc-f533edf9f35b"},"id":"WK050201"},{"arcs":[[3642,3643,3644,3645,3646,-3641]],"type":"Polygon","properties":{"id":57219,"statcode":"WK050202","statnaam":"Wijk 02 Middelwatering-West","jrstatcode":"2006WK050202","rubriek":"wijk","FID":"wijk_gegeneraliseerd_2006.33e5a239-4358-40e2-8af3-d2b5c2dc5e23"},"id":"WK050202"},{"arcs":[[3647,3648,-3646,3649,3650]],"type":"Polygon","properties":{"id":57220,"statcode":"WK050203","statnaam":"Wijk 03 Middelwatering-Oost","jrstatcode":"2006WK050203","rubriek":"wijk","FID":"wijk_gegeneraliseerd_2006.0b2120c5-3535-441b-aa34-f3cf28aefff1"},"id":"WK050203"},{"arcs":[[3651,3652,3653,3654,-3648]],"type":"Polygon","properties":{"id":57221,"statcode":"WK050204","statnaam":"Wijk 04 Oostgaarde-Zuid","jrstatcode":"2006WK050204","rubriek":"wijk","FID":"wijk_gegeneraliseerd_2006.0a338d69-5c8f-4216-97cd-94e09336bbef"},"id":"WK050204"},{"arcs":[[-3651,3655,3656,-3652]],"type":"Polygon","properties":{"id":57222,"statcode":"WK050205","statnaam":"Wijk 05 Oostgaarde-Noord","jrstatcode":"2006WK050205","rubriek":"wijk","FID":"wijk_gegeneraliseerd_2006.bbe1ae27-2cbb-40ae-8fff-0e5d746d750b"},"id":"WK050205"},{"arcs":[[3657,-3645,3658]],"type":"Polygon","properties":{"id":57223,"statcode":"WK050206","statnaam":"Wijk 06 Schenkel","jrstatcode":"2006WK050206","rubriek":"wijk","FID":"wijk_gegeneraliseerd_2006.314c4362-5716-4ddc-9f50-11471b6c0b56"},"id":"WK050206"},{"arcs":[[-3656,-3650,-3658,3659,3660,3661]],"type":"Polygon","properties":{"id":57224,"statcode":"WK050207","statnaam":"Wijk 07 Schollevaar-Zuid","jrstatcode":"2006WK050207","rubriek":"wijk","FID":"wijk_gegeneraliseerd_2006.488ca7f8-5e70-47ea-99a2-b329b564f201"},"id":"WK050207"},{"arcs":[[3662,3663,-3661]],"type":"Polygon","properties":{"id":57225,"statcode":"WK050208","statnaam":"Wijk 08 Schollevaar-Noord en Hoofdweg","jrstatcode":"2006WK050208","rubriek":"wijk","FID":"wijk_gegeneraliseerd_2006.c8c439eb-cbd8-4d76-97f4-badc2a59a6bd"},"id":"WK050208"},{"arcs":[[3664,3665,-3643,-3640,3666]],"type":"Polygon","properties":{"id":57226,"statcode":"WK050209","statnaam":"Wijk 09 Rivium en Fascinatio","jrstatcode":"2006WK050209","rubriek":"wijk","FID":"wijk_gegeneraliseerd_2006.00e5ba11-fb30-45d5-8389-2f224f19fade"},"id":"WK050209"},{"arcs":[[3667,3668,3669,3670,3671,3672]],"type":"Polygon","properties":{"id":57227,"statcode":"WK050311","statnaam":"Wijk 11 Binnenstad","jrstatcode":"2006WK050311","rubriek":"wijk","FID":"wijk_gegeneraliseerd_2006.1315dea7-e74f-4dc1-a13b-af4525c88ca7"},"id":"WK050311"},{"arcs":[[3673,3674,3675,3676,-3668]],"type":"Polygon","properties":{"id":57228,"statcode":"WK050312","statnaam":"Wijk 12 Vrijenban","jrstatcode":"2006WK050312","rubriek":"wijk","FID":"wijk_gegeneraliseerd_2006.c565fc38-1d62-4a0f-8117-775c5001a308"},"id":"WK050312"},{"arcs":[[3677,-3672,3678,3679]],"type":"Polygon","properties":{"id":57229,"statcode":"WK050313","statnaam":"Wijk 13 Hof van Delft","jrstatcode":"2006WK050313","rubriek":"wijk","FID":"wijk_gegeneraliseerd_2006.36110d0e-7ffa-42c9-b096-7d6f3ace9154"},"id":"WK050313"},{"arcs":[[-3680,3680,3681,3682]],"type":"Polygon","properties":{"id":57230,"statcode":"WK050314","statnaam":"Wijk 14 Voordijkshoorn","jrstatcode":"2006WK050314","rubriek":"wijk","FID":"wijk_gegeneraliseerd_2006.2eec3616-d9bf-41b1-b9df-d27577cbccf3"},"id":"WK050314"},{"arcs":[[3683,3684,3685,-3676,3686,3687]],"type":"Polygon","properties":{"id":57231,"statcode":"WK050316","statnaam":"Wijk 16 Delftse Hout","jrstatcode":"2006WK050316","rubriek":"wijk","FID":"wijk_gegeneraliseerd_2006.8782de92-5ffb-45cd-aa99-a8417d289de0"},"id":"WK050316"},{"arcs":[[3688,3689,3690,3691,3692]],"type":"Polygon","properties":{"id":57232,"statcode":"WK050322","statnaam":"Wijk 22 Tanthof-West","jrstatcode":"2006WK050322","rubriek":"wijk","FID":"wijk_gegeneraliseerd_2006.b3feffef-754d-4695-a9cb-05a7088b13f9"},"id":"WK050322"},{"arcs":[[3693,3694,-3690,3695]],"type":"Polygon","properties":{"id":57233,"statcode":"WK050323","statnaam":"Wijk 23 Tanthof-Oost","jrstatcode":"2006WK050323","rubriek":"wijk","FID":"wijk_gegeneraliseerd_2006.1eef83be-61bf-4451-b560-ba63af592f13"},"id":"WK050323"},{"arcs":[[-3679,-3671,3696,-3696,-3689,3697]],"type":"Polygon","properties":{"id":57234,"statcode":"WK050324","statnaam":"Wijk 24 Voorhof","jrstatcode":"2006WK050324","rubriek":"wijk","FID":"wijk_gegeneraliseerd_2006.15424a42-a32c-45ac-b36b-5deeafd953e2"},"id":"WK050324"},{"arcs":[[-3681,-3698,-3693,3698]],"type":"Polygon","properties":{"id":57235,"statcode":"WK050325","statnaam":"Wijk 25 Buitenhof","jrstatcode":"2006WK050325","rubriek":"wijk","FID":"wijk_gegeneraliseerd_2006.063c5756-716b-4db3-9560-e0e563ec1cd4"},"id":"WK050325"},{"arcs":[[3699,3700,-3691,-3695]],"type":"Polygon","properties":{"id":57236,"statcode":"WK050326","statnaam":"Wijk 26 Abtswoude","jrstatcode":"2006WK050326","rubriek":"wijk","FID":"wijk_gegeneraliseerd_2006.68044bd8-f3d1-4bb4-9b10-ab34850b9abd"},"id":"WK050326"},{"arcs":[[3701,3702,-3700,-3694,-3697,-3670,3703]],"type":"Polygon","properties":{"id":57237,"statcode":"WK050327","statnaam":"Wijk 27 Schieweg","jrstatcode":"2006WK050327","rubriek":"wijk","FID":"wijk_gegeneraliseerd_2006.c2ba4b4b-9891-413f-b697-6b4869569dbf"},"id":"WK050327"},{"arcs":[[-3669,-3677,-3686,3704,3705,-3704]],"type":"Polygon","properties":{"id":57238,"statcode":"WK050328","statnaam":"Wijk 28 Wippolder","jrstatcode":"2006WK050328","rubriek":"wijk","FID":"wijk_gegeneraliseerd_2006.fe547627-f83f-459b-9230-210e4ba63273"},"id":"WK050328"},{"arcs":[[3706,3707,3708,-3702,-3706,3709]],"type":"Polygon","properties":{"id":57239,"statcode":"WK050329","statnaam":"Wijk 29 Ruiven","jrstatcode":"2006WK050329","rubriek":"wijk","FID":"wijk_gegeneraliseerd_2006.ebee4699-1deb-4f97-a1f7-d82646b460f8"},"id":"WK050329"},{"arcs":[[3710]],"type":"Polygon","properties":{"id":57240,"statcode":"WK050400","statnaam":"Wijk 00 Dirksland","jrstatcode":"2006WK050400","rubriek":"wijk","FID":"wijk_gegeneraliseerd_2006.033a703f-e42f-4e4b-ba26-0898b963662c"},"id":"WK050400"},{"arcs":[[3711,3712,3713,3714,3715],[-3711]],"type":"Polygon","properties":{"id":57241,"statcode":"WK050401","statnaam":"Wijk 01 Melissant","jrstatcode":"2006WK050401","rubriek":"wijk","FID":"wijk_gegeneraliseerd_2006.e2ce43c4-072b-477c-8e0b-d2c1423445f7"},"id":"WK050401"},{"arcs":[[3716,3717,-3713]],"type":"Polygon","properties":{"id":57242,"statcode":"WK050402","statnaam":"Wijk 02 Herkingen","jrstatcode":"2006WK050402","rubriek":"wijk","FID":"wijk_gegeneraliseerd_2006.074d66c5-b2e6-4c3e-9601-97237262ad4b"},"id":"WK050402"},{"arcs":[[3718,3719,3720,3721,3722,3723]],"type":"Polygon","properties":{"id":57243,"statcode":"WK050500","statnaam":"Wijk 00 Historische Binnenstad","jrstatcode":"2006WK050500","rubriek":"wijk","FID":"wijk_gegeneraliseerd_2006.a4be0852-eef2-432e-8085-33598fa26e1f"},"id":"WK050500"},{"arcs":[[3724,3725,3726,-3724,3727]],"type":"Polygon","properties":{"id":57244,"statcode":"WK050501","statnaam":"Wijk 01 19e Eeuwse Schil","jrstatcode":"2006WK050501","rubriek":"wijk","FID":"wijk_gegeneraliseerd_2006.fc3edbda-ddfa-4338-9bc6-3ba1f34ae1b6"},"id":"WK050501"},{"arcs":[[3728,3729,-3727,3730,3731]],"type":"Polygon","properties":{"id":57245,"statcode":"WK050502","statnaam":"Wijk 02 Oud-Krispijn","jrstatcode":"2006WK050502","rubriek":"wijk","FID":"wijk_gegeneraliseerd_2006.42ed2d89-b754-4f72-9786-39af5a37bce7"},"id":"WK050502"},{"arcs":[[-3731,-3726,3732,3733,3734]],"type":"Polygon","properties":{"id":57246,"statcode":"WK050503","statnaam":"Wijk 03 Nieuw-krispijn","jrstatcode":"2006WK050503","rubriek":"wijk","FID":"wijk_gegeneraliseerd_2006.5cb82e8a-2879-456b-acbc-637784646c7a"},"id":"WK050503"},{"arcs":[[3735,-3734,3736]],"type":"Polygon","properties":{"id":57247,"statcode":"WK050504","statnaam":"Wijk 04 Land van Valk","jrstatcode":"2006WK050504","rubriek":"wijk","FID":"wijk_gegeneraliseerd_2006.b4b25e35-c5f1-4e13-a22a-ae1123729320"},"id":"WK050504"},{"arcs":[[-3733,-3725,3737,3738,3739,3740,-3737]],"type":"Polygon","properties":{"id":57248,"statcode":"WK050505","statnaam":"Wijk 05 Indische- en Vogelbuurt","jrstatcode":"2006WK050505","rubriek":"wijk","FID":"wijk_gegeneraliseerd_2006.31122f0d-8a3d-43aa-9a28-1ee91ceb9094"},"id":"WK050505"},{"arcs":[[3741,3742,-3738]],"type":"Polygon","properties":{"id":57249,"statcode":"WK050506","statnaam":"Wijk 06 Staart-West","jrstatcode":"2006WK050506","rubriek":"wijk","FID":"wijk_gegeneraliseerd_2006.a2c8186b-4c5a-4781-8060-e65a6b151cd3"},"id":"WK050506"},{"arcs":[[3743,3744,3745,-3739,-3743,3746]],"type":"Polygon","properties":{"id":57250,"statcode":"WK050507","statnaam":"Wijk 07 Staart-Oost","jrstatcode":"2006WK050507","rubriek":"wijk","FID":"wijk_gegeneraliseerd_2006.0b38669a-ef2d-42f8-b228-30fdf092966a"},"id":"WK050507"},{"arcs":[[3747,3748,-3729]],"type":"Polygon","properties":{"id":57251,"statcode":"WK050508","statnaam":"Wijk 08 Wielwijk","jrstatcode":"2006WK050508","rubriek":"wijk","FID":"wijk_gegeneraliseerd_2006.994cd7bb-2219-4288-8097-45cceafd4c2a"},"id":"WK050508"},{"arcs":[[3749,3750,-3748,-3732,3751]],"type":"Polygon","properties":{"id":57252,"statcode":"WK050509","statnaam":"Wijk 09 Crabbehof","jrstatcode":"2006WK050509","rubriek":"wijk","FID":"wijk_gegeneraliseerd_2006.36a95260-b8be-4191-bbee-e1e3f351e680"},"id":"WK050509"},{"arcs":[[3752,3753,-3752,-3735]],"type":"Polygon","properties":{"id":57253,"statcode":"WK050510","statnaam":"Wijk 10 Zuidhoven","jrstatcode":"2006WK050510","rubriek":"wijk","FID":"wijk_gegeneraliseerd_2006.260c36bc-53c7-417c-8954-357a22f93eef"},"id":"WK050510"},{"arcs":[[3754,-3750,-3754,3755]],"type":"Polygon","properties":{"id":57254,"statcode":"WK050511","statnaam":"Wijk 11 Sterrenburg 1","jrstatcode":"2006WK050511","rubriek":"wijk","FID":"wijk_gegeneraliseerd_2006.a1ce554c-07d2-44d3-be62-e2b449541dff"},"id":"WK050511"},{"arcs":[[3756,3757,3758,3759,-3755]],"type":"Polygon","properties":{"id":57255,"statcode":"WK050512","statnaam":"Wijk 12 Sterrenburg 2","jrstatcode":"2006WK050512","rubriek":"wijk","FID":"wijk_gegeneraliseerd_2006.8e9a4f62-9e3a-4dd2-b7de-e277407c1f7b"},"id":"WK050512"},{"arcs":[[3760,-3759,3761]],"type":"Polygon","properties":{"id":57256,"statcode":"WK050513","statnaam":"Wijk 13 Sterrenburg 3","jrstatcode":"2006WK050513","rubriek":"wijk","FID":"wijk_gegeneraliseerd_2006.b8ba7c3a-bc11-4839-bb24-04bce2e33f45"},"id":"WK050513"},{"arcs":[[3762,3763,3764,-3757,-3756,-3753,-3736,-3741]],"type":"Polygon","properties":{"id":57257,"statcode":"WK050514","statnaam":"Wijk 14 Dubbeldam","jrstatcode":"2006WK050514","rubriek":"wijk","FID":"wijk_gegeneraliseerd_2006.8f7f3a1d-89f0-4e78-bee7-6c57035de493"},"id":"WK050514"},{"arcs":[[-3764,3765,3766]],"type":"Polygon","properties":{"id":57258,"statcode":"WK050515","statnaam":"Wijk 15 Stadspolder","jrstatcode":"2006WK050515","rubriek":"wijk","FID":"wijk_gegeneraliseerd_2006.27848409-caf8-43a9-8d3d-847c02ae3e9b"},"id":"WK050515"},{"arcs":[[3767,-3745,3768,-3766]],"type":"Polygon","properties":{"id":57259,"statcode":"WK050516","statnaam":"Wijk 16 Vissershoek","jrstatcode":"2006WK050516","rubriek":"wijk","FID":"wijk_gegeneraliseerd_2006.1794841e-f6da-41c4-9e5a-11a8c07dbafb"},"id":"WK050516"},{"arcs":[[-3740,-3746,-3768,-3763]],"type":"Polygon","properties":{"id":57260,"statcode":"WK050517","statnaam":"Wijk 17 Oudelandshoek","jrstatcode":"2006WK050517","rubriek":"wijk","FID":"wijk_gegeneraliseerd_2006.cf4e0e8b-fe22-4099-ac67-882159a7430a"},"id":"WK050517"},{"arcs":[[-3742,-3728,-3723,3769,3770,3771,-3747]],"type":"Polygon","properties":{"id":57261,"statcode":"WK050518","statnaam":"Wijk 18 Industriegebied Staart","jrstatcode":"2006WK050518","rubriek":"wijk","FID":"wijk_gegeneraliseerd_2006.9a7f6976-19e6-44cd-8a06-4262e27f96fe"},"id":"WK050518"},{"arcs":[[3772,3773,-3719,-3730,-3749,-3751,-3760,-3761,3774]],"type":"Polygon","properties":{"id":57262,"statcode":"WK050519","statnaam":"Wijk 19 Industriegebied West","jrstatcode":"2006WK050519","rubriek":"wijk","FID":"wijk_gegeneraliseerd_2006.65eb58a2-1695-412c-bcd4-d3047f99ad8c"},"id":"WK050519"},{"arcs":[[3775,3776,3777,3778,3779,3780,3781,-3775,-3762,-3758,-3765,-3767,-3769,-3744,-3772,3782]],"type":"Polygon","properties":{"id":57263,"statcode":"WK050598","statnaam":"Wijk 98 Verspreide bebouwing","jrstatcode":"2006WK050598","rubriek":"wijk","FID":"wijk_gegeneraliseerd_2006.9683b2c3-36c9-4710-8d7f-e12d563a63d1"},"id":"WK050598"},{"arcs":[[3783,3784,3785,3786]],"type":"Polygon","properties":{"id":57264,"statcode":"WK051100","statnaam":"Wijk 00 Goedereede","jrstatcode":"2006WK051100","rubriek":"wijk","FID":"wijk_gegeneraliseerd_2006.95d46a49-9f63-4b98-aee1-5f5935e72f15"},"id":"WK051100"},{"arcs":[[[3789,3790,-3788,3791,-3785,3792]],[[3793]]],"type":"MultiPolygon","properties":{"id":57265,"statcode":"WK051101","statnaam":"Wijk 01 Ouddorp","jrstatcode":"2006WK051101","rubriek":"wijk","FID":"wijk_gegeneraliseerd_2006.1eed033b-0fc2-47b3-93b9-5f0a0844c291"},"id":"WK051101"},{"arcs":[[3794,-3715,3795,-3787]],"type":"Polygon","properties":{"id":57266,"statcode":"WK051102","statnaam":"Wijk 02 Stellendam","jrstatcode":"2006WK051102","rubriek":"wijk","FID":"wijk_gegeneraliseerd_2006.596d5959-d89b-4806-be7f-584fbc79f100"},"id":"WK051102"},{"arcs":[[3796,3797,3798,3799,3800,3801,3802]],"type":"Polygon","properties":{"id":57267,"statcode":"WK051201","statnaam":"Wijk 01 Gorinchem binnenstad","jrstatcode":"2006WK051201","rubriek":"wijk","FID":"wijk_gegeneraliseerd_2006.3a5dd7d3-2643-4cb1-b558-4388aa8db13d"},"id":"WK051201"},{"arcs":[[3803,-3797,3804,3805]],"type":"Polygon","properties":{"id":57268,"statcode":"WK051202","statnaam":"Wijk 02 Wijdschild","jrstatcode":"2006WK051202","rubriek":"wijk","FID":"wijk_gegeneraliseerd_2006.662eacdd-ddc3-45b6-93ab-df17357b62e8"},"id":"WK051202"},{"arcs":[[3806,-3802,3807,3808,3809]],"type":"Polygon","properties":{"id":57269,"statcode":"WK051203","statnaam":"Wijk 03 Lingewijk","jrstatcode":"2006WK051203","rubriek":"wijk","FID":"wijk_gegeneraliseerd_2006.d1929d10-476d-4967-b859-c87a3eaa02b2"},"id":"WK051203"},{"arcs":[[-3809,3810,3811,3812,3813]],"type":"Polygon","properties":{"id":57270,"statcode":"WK051204","statnaam":"Wijk 04 haarwijk","jrstatcode":"2006WK051204","rubriek":"wijk","FID":"wijk_gegeneraliseerd_2006.40a57e52-82da-47a1-bf31-27105202dd00"},"id":"WK051204"},{"arcs":[[-3813,3814,3815,3816]],"type":"Polygon","properties":{"id":57271,"statcode":"WK051205","statnaam":"Wijk 05 Stalkaarsen","jrstatcode":"2006WK051205","rubriek":"wijk","FID":"wijk_gegeneraliseerd_2006.124400c0-96f8-48c5-aae9-6e98dd0ed87a"},"id":"WK051205"},{"arcs":[[-3812,3817,3818,-3815]],"type":"Polygon","properties":{"id":57272,"statcode":"WK051206","statnaam":"Wijk 06 Gildenwijk","jrstatcode":"2006WK051206","rubriek":"wijk","FID":"wijk_gegeneraliseerd_2006.d501babc-b376-4786-a81c-807ae690fa13"},"id":"WK051206"},{"arcs":[[-3818,-3811,-3808,3819,3820]],"type":"Polygon","properties":{"id":57273,"statcode":"WK051207","statnaam":"Wijk 07 Schelluinsestraat","jrstatcode":"2006WK051207","rubriek":"wijk","FID":"wijk_gegeneraliseerd_2006.3754617d-5b76-43bc-8f7e-24e59ca5bf35"},"id":"WK051207"},{"arcs":[[-3801,3821,3822,-3820]],"type":"Polygon","properties":{"id":57274,"statcode":"WK051208","statnaam":"Wijk 08 Avelingen Oost","jrstatcode":"2006WK051208","rubriek":"wijk","FID":"wijk_gegeneraliseerd_2006.7f0e4194-96e3-4cb0-9fcc-45f4ab901558"},"id":"WK051208"},{"arcs":[[-3823,3823,3824,3825]],"type":"Polygon","properties":{"id":57275,"statcode":"WK051209","statnaam":"Wijk 09 Avelingen West","jrstatcode":"2006WK051209","rubriek":"wijk","FID":"wijk_gegeneraliseerd_2006.fbdf31d5-23c1-4a3c-8a3d-075672713beb"},"id":"WK051209"},{"arcs":[[-3816,-3819,-3821,-3826,3826,3827,3828]],"type":"Polygon","properties":{"id":57276,"statcode":"WK051210","statnaam":"Wijk 10 Molenvliet","jrstatcode":"2006WK051210","rubriek":"wijk","FID":"wijk_gegeneraliseerd_2006.641ab124-ea1b-4eb8-a3fe-299c92291724"},"id":"WK051210"},{"arcs":[[3829,3830,3831,3832,-3806]],"type":"Polygon","properties":{"id":57277,"statcode":"WK051211","statnaam":"Wijk 11 laag Dalem","jrstatcode":"2006WK051211","rubriek":"wijk","FID":"wijk_gegeneraliseerd_2006.dcb46eba-d3f4-4679-9cb4-b7aafe536aad"},"id":"WK051211"},{"arcs":[[3833,3834,-3832,3835]],"type":"Polygon","properties":{"id":57278,"statcode":"WK051212","statnaam":"Wijk 12 Dalem","jrstatcode":"2006WK051212","rubriek":"wijk","FID":"wijk_gegeneraliseerd_2006.c4330591-97c9-42ec-9bd7-8098d0ed71bc"},"id":"WK051212"},{"arcs":[[3836,-3836,-3831,3837]],"type":"Polygon","properties":{"id":57279,"statcode":"WK051213","statnaam":"Wijk 13 Hoog Dalem","jrstatcode":"2006WK051213","rubriek":"wijk","FID":"wijk_gegeneraliseerd_2006.d903b99a-9b3a-44d0-a534-b04f73f2381f"},"id":"WK051213"},{"arcs":[[3838,3839,3840,-3838,-3830,-3805,-3803,-3807,3841]],"type":"Polygon","properties":{"id":57280,"statcode":"WK051214","statnaam":"Wijk 14 Bedrijventerreibn Oost","jrstatcode":"2006WK051214","rubriek":"wijk","FID":"wijk_gegeneraliseerd_2006.fa28337e-dfa3-4a5b-8208-cbba304d165e"},"id":"WK051214"},{"arcs":[[3842,3843,-3842,-3810,3844,3845]],"type":"Polygon","properties":{"id":57281,"statcode":"WK051215","statnaam":"Wijk 15 Papland","jrstatcode":"2006WK051215","rubriek":"wijk","FID":"wijk_gegeneraliseerd_2006.e5a75d08-e60d-4977-b66b-172484a22bb2"},"id":"WK051215"},{"arcs":[[-3845,-3814,-3817,3846,3847,3848]],"type":"Polygon","properties":{"id":57282,"statcode":"WK051216","statnaam":"Wijk 16 schotdeuren","jrstatcode":"2006WK051216","rubriek":"wijk","FID":"wijk_gegeneraliseerd_2006.333b1007-8a68-4579-a19d-0f046d9bfdc7"},"id":"WK051216"},{"arcs":[[-3848,3849,3850]],"type":"Polygon","properties":{"id":57283,"statcode":"WK051217","statnaam":"Wijk 17 Bedrijventerrein Noord","jrstatcode":"2006WK051217","rubriek":"wijk","FID":"wijk_gegeneraliseerd_2006.972f2a8b-4faa-41e5-ac3b-4ddef3c45b88"},"id":"WK051217"},{"arcs":[[3851,-3850,-3847,-3829,3852,3853]],"type":"Polygon","properties":{"id":57284,"statcode":"WK051218","statnaam":"Wijk 18 Landelijk gebied West","jrstatcode":"2006WK051218","rubriek":"wijk","FID":"wijk_gegeneraliseerd_2006.a013830f-56dd-4b72-b721-2afda8521839"},"id":"WK051218"},{"arcs":[[3854,-3846,-3849,-3851,-3852,3855]],"type":"Polygon","properties":{"id":57285,"statcode":"WK051219","statnaam":"Wijk 19 Landelijk gebied Noord","jrstatcode":"2006WK051219","rubriek":"wijk","FID":"wijk_gegeneraliseerd_2006.0daca0e3-e928-45f7-8876-45d2d5cb010c"},"id":"WK051219"},{"arcs":[[3856,-2170,3857,-3834,-3837,-3841]],"type":"Polygon","properties":{"id":57286,"statcode":"WK051220","statnaam":"Wijk 20 Landelijk gebied Oost","jrstatcode":"2006WK051220","rubriek":"wijk","FID":"wijk_gegeneraliseerd_2006.0d49cb2d-34d7-4dcd-92b6-0697e9640dad"},"id":"WK051220"},{"arcs":[[-3833,-3835,-3858,-2169,3858,-3798,-3804]],"type":"Polygon","properties":{"id":57287,"statcode":"WK051221","statnaam":"Wijk 21 Landelijk gebied Zuid","jrstatcode":"2006WK051221","rubriek":"wijk","FID":"wijk_gegeneraliseerd_2006.33f75f5c-ce41-462b-9a19-1a27ce1d050c"},"id":"WK051221"},{"arcs":[[3859,3860,3861,3862,3863]],"type":"Polygon","properties":{"id":57288,"statcode":"WK051301","statnaam":"Wijk 01 Binnenstad","jrstatcode":"2006WK051301","rubriek":"wijk","FID":"wijk_gegeneraliseerd_2006.de1ecef2-bab9-4b40-8b76-a424cd8aa211"},"id":"WK051301"},{"arcs":[[3864,3865,3866,-3861]],"type":"Polygon","properties":{"id":57289,"statcode":"WK051302","statnaam":"Wijk 02 De Korte Akkeren","jrstatcode":"2006WK051302","rubriek":"wijk","FID":"wijk_gegeneraliseerd_2006.b837f8b2-4ffa-45f0-a812-8ebabb5916a6"},"id":"WK051302"},{"arcs":[[3867,3868,-3863,3869,3870,3871]],"type":"Polygon","properties":{"id":57290,"statcode":"WK051303","statnaam":"Wijk 03 Bloemendaal","jrstatcode":"2006WK051303","rubriek":"wijk","FID":"wijk_gegeneraliseerd_2006.2d0bfcc5-3755-4d73-8b3b-2c53fdde589a"},"id":"WK051303"},{"arcs":[[3872,3873,3874,-3872]],"type":"Polygon","properties":{"id":57291,"statcode":"WK051304","statnaam":"Wijk 04 Plaswijck","jrstatcode":"2006WK051304","rubriek":"wijk","FID":"wijk_gegeneraliseerd_2006.04d12b9e-91a1-4e16-ab27-c3e926bd9202"},"id":"WK051304"},{"arcs":[[-3868,-3875,3875,3876,3877]],"type":"Polygon","properties":{"id":57292,"statcode":"WK051305","statnaam":"Wijk 05 Noord","jrstatcode":"2006WK051305","rubriek":"wijk","FID":"wijk_gegeneraliseerd_2006.2d19a7b0-61f3-450d-8126-9b5326a66c13"},"id":"WK051305"},{"arcs":[[-3864,-3869,-3878,3878,3879]],"type":"Polygon","properties":{"id":57293,"statcode":"WK051306","statnaam":"Wijk 06 Kort Haarlem","jrstatcode":"2006WK051306","rubriek":"wijk","FID":"wijk_gegeneraliseerd_2006.9352737b-5558-409d-bc78-b7e4227a4acb"},"id":"WK051306"},{"arcs":[[3880,3881,3882,-3879,-3877]],"type":"Polygon","properties":{"id":57294,"statcode":"WK051307","statnaam":"Wijk 07 Goverwelle","jrstatcode":"2006WK051307","rubriek":"wijk","FID":"wijk_gegeneraliseerd_2006.6f8dca5d-51ac-4a4f-9469-ee43aa2c593c"},"id":"WK051307"},{"arcs":[[3883,-3865,-3860,-3880,-3883,3884]],"type":"Polygon","properties":{"id":57295,"statcode":"WK051308","statnaam":"Wijk 08 Stolwijkersluis","jrstatcode":"2006WK051308","rubriek":"wijk","FID":"wijk_gegeneraliseerd_2006.a537153c-3a0e-4a84-81cd-ea16639f02b2"},"id":"WK051308"},{"arcs":[[3885,3886,3887,-3870,-3862,-3867]],"type":"Polygon","properties":{"id":57296,"statcode":"WK051309","statnaam":"Wijk 09 Oostpolder in Schieland","jrstatcode":"2006WK051309","rubriek":"wijk","FID":"wijk_gegeneraliseerd_2006.d5c05048-3d2e-4554-8853-a3cb877388c6"},"id":"WK051309"},{"arcs":[[3888,3889,3890,3891,-3773,-3782,3892]],"type":"Polygon","properties":{"id":57297,"statcode":"WK051700","statnaam":"Wijk 00 's-Gravendeel","jrstatcode":"2006WK051700","rubriek":"wijk","FID":"wijk_gegeneraliseerd_2006.b5447c30-71e0-475a-914b-c39dd75129df"},"id":"WK051700"},{"arcs":[[3893,3894,3895,3896,3897]],"type":"Polygon","properties":{"id":57298,"statcode":"WK051801","statnaam":"Wijk 01 Oostduinen","jrstatcode":"2006WK051801","rubriek":"wijk","FID":"wijk_gegeneraliseerd_2006.595537ca-1afc-4fdf-b86b-3c725c0612ec"},"id":"WK051801"},{"arcs":[[-3897,3898,3899,3900]],"type":"Polygon","properties":{"id":57299,"statcode":"WK051802","statnaam":"Wijk 02 Belgisch Park","jrstatcode":"2006WK051802","rubriek":"wijk","FID":"wijk_gegeneraliseerd_2006.8389de61-5686-4c3d-b04f-d5194d8539c6"},"id":"WK051802"},{"arcs":[[3901,3902,3903,-3899,-3896]],"type":"Polygon","properties":{"id":57300,"statcode":"WK051803","statnaam":"Wijk 03 Westbroekpark en Duttendel","jrstatcode":"2006WK051803","rubriek":"wijk","FID":"wijk_gegeneraliseerd_2006.44c79b5e-f132-43c5-ac5c-9c13a585cc00"},"id":"WK051803"},{"arcs":[[3904,3905,-3902,-3895,3906,3907]],"type":"Polygon","properties":{"id":57301,"statcode":"WK051804","statnaam":"Wijk 04 Benoordenhout","jrstatcode":"2006WK051804","rubriek":"wijk","FID":"wijk_gegeneraliseerd_2006.20a58d62-b6e4-49a5-a063-56c2cbaaee57"},"id":"WK051804"},{"arcs":[[3908,3909,3910,-3906]],"type":"Polygon","properties":{"id":57302,"statcode":"WK051805","statnaam":"Wijk 05 Archipelbuurt","jrstatcode":"2006WK051805","rubriek":"wijk","FID":"wijk_gegeneraliseerd_2006.ad4115ad-735e-4e73-b8c1-85dd4909137c"},"id":"WK051805"},{"arcs":[[-3903,-3911,3911,3912,3913]],"type":"Polygon","properties":{"id":57303,"statcode":"WK051806","statnaam":"Wijk 06 Van Stolkpark en Scheveningse Bosjes","jrstatcode":"2006WK051806","rubriek":"wijk","FID":"wijk_gegeneraliseerd_2006.e6c400e1-6de6-4354-98cf-f26c32fd743a"},"id":"WK051806"},{"arcs":[[3914,3915,-3900,-3904,-3914,3916]],"type":"Polygon","properties":{"id":57304,"statcode":"WK051807","statnaam":"Wijk 07 Scheveningen","jrstatcode":"2006WK051807","rubriek":"wijk","FID":"wijk_gegeneraliseerd_2006.cf8c4218-e59c-4730-8bfc-dc87919ba413"},"id":"WK051807"},{"arcs":[[3917,3918,-3915]],"type":"Polygon","properties":{"id":57305,"statcode":"WK051808","statnaam":"Wijk 08 Duindorp","jrstatcode":"2006WK051808","rubriek":"wijk","FID":"wijk_gegeneraliseerd_2006.6376cbb3-b2d2-46da-adbb-0ba466763e86"},"id":"WK051808"},{"arcs":[[-3913,3919,3920,3921,-3917]],"type":"Polygon","properties":{"id":57306,"statcode":"WK051809","statnaam":"Wijk 09 Geuzen- en Statenkwartier","jrstatcode":"2006WK051809","rubriek":"wijk","FID":"wijk_gegeneraliseerd_2006.0b0dff66-0d64-4099-bb1c-4fdb6157f04c"},"id":"WK051809"},{"arcs":[[-3912,-3910,3922,3923,-3920]],"type":"Polygon","properties":{"id":57307,"statcode":"WK051810","statnaam":"Wijk 10 Zorgvliet","jrstatcode":"2006WK051810","rubriek":"wijk","FID":"wijk_gegeneraliseerd_2006.7c5855dc-17a1-4e84-be36-2f5d0eaef32c"},"id":"WK051810"},{"arcs":[[3924,3925,3926,-3921,-3924]],"type":"Polygon","properties":{"id":57308,"statcode":"WK051811","statnaam":"Wijk 11 Duinoord","jrstatcode":"2006WK051811","rubriek":"wijk","FID":"wijk_gegeneraliseerd_2006.47401946-a05f-4a25-adc9-f38adbe9c3db"},"id":"WK051811"},{"arcs":[[3927,3928,3929,-3927,3930]],"type":"Polygon","properties":{"id":57309,"statcode":"WK051812","statnaam":"Wijk 12 Bomen- en Bloemenbuurt","jrstatcode":"2006WK051812","rubriek":"wijk","FID":"wijk_gegeneraliseerd_2006.f7ca240d-7adc-4fde-834c-54d86755730c"},"id":"WK051812"},{"arcs":[[-3930,3931,3932,3933,-3918,-3922]],"type":"Polygon","properties":{"id":57310,"statcode":"WK051813","statnaam":"Wijk 13 Vogelwijk","jrstatcode":"2006WK051813","rubriek":"wijk","FID":"wijk_gegeneraliseerd_2006.f8aad5e2-4d13-43d3-9060-703fe6ef4f14"},"id":"WK051813"},{"arcs":[[3934,-3932,-3929,3935,3936]],"type":"Polygon","properties":{"id":57311,"statcode":"WK051814","statnaam":"Wijk 14 Bohemen en Meer en Bos","jrstatcode":"2006WK051814","rubriek":"wijk","FID":"wijk_gegeneraliseerd_2006.5d3c79d4-dcd6-4935-866d-0fdf6ea729b2"},"id":"WK051814"},{"arcs":[[-3935,3937,3938,3939,3940,3941,-3933]],"type":"Polygon","properties":{"id":57312,"statcode":"WK051815","statnaam":"Wijk 15 Kijkduin en Ockenburgh","jrstatcode":"2006WK051815","rubriek":"wijk","FID":"wijk_gegeneraliseerd_2006.c400bcd9-dfa4-494b-9e62-cc567009f750"},"id":"WK051815"},{"arcs":[[3942,3943,-3940,3944]],"type":"Polygon","properties":{"id":57313,"statcode":"WK051816","statnaam":"Wijk 16 Kraayenstein en de Uithof","jrstatcode":"2006WK051816","rubriek":"wijk","FID":"wijk_gegeneraliseerd_2006.d25b1869-b22f-4fa9-b66f-47c5a192d972"},"id":"WK051816"},{"arcs":[[3945,3946,3947,-3945,-3939,3948,3949]],"type":"Polygon","properties":{"id":57314,"statcode":"WK051817","statnaam":"Wijk 17 Loosduinen","jrstatcode":"2006WK051817","rubriek":"wijk","FID":"wijk_gegeneraliseerd_2006.126bb8ca-a0a3-4e50-9809-53be882c5702"},"id":"WK051817"},{"arcs":[[-3938,-3937,3950,-3949]],"type":"Polygon","properties":{"id":57315,"statcode":"WK051818","statnaam":"Wijk 18 Waldeck","jrstatcode":"2006WK051818","rubriek":"wijk","FID":"wijk_gegeneraliseerd_2006.9e540981-03b9-4206-be0b-7839fa3532cd"},"id":"WK051818"},{"arcs":[[3951,-3950,-3951,-3936,-3928,3952]],"type":"Polygon","properties":{"id":57316,"statcode":"WK051819","statnaam":"Wijk 19 Vruchtenbuurt","jrstatcode":"2006WK051819","rubriek":"wijk","FID":"wijk_gegeneraliseerd_2006.1617a26f-9608-4495-ba30-287ecf8a30e8"},"id":"WK051819"},{"arcs":[[3953,3954,-3953,-3931]],"type":"Polygon","properties":{"id":57317,"statcode":"WK051820","statnaam":"Wijk 20 Valkenboskwartier","jrstatcode":"2006WK051820","rubriek":"wijk","FID":"wijk_gegeneraliseerd_2006.8f748066-3851-407d-99f8-eecfed9a1436"},"id":"WK051820"},{"arcs":[[3955,3956,3957,3958,-3954,-3926]],"type":"Polygon","properties":{"id":57318,"statcode":"WK051821","statnaam":"Wijk 21 Regentessekwartier","jrstatcode":"2006WK051821","rubriek":"wijk","FID":"wijk_gegeneraliseerd_2006.1bd078c3-6590-42d3-84f4-1f09eb11d0a8"},"id":"WK051821"},{"arcs":[[3959,3960,-3956,-3925,-3923]],"type":"Polygon","properties":{"id":57319,"statcode":"WK051822","statnaam":"Wijk 22 Zeeheldenkwartier","jrstatcode":"2006WK051822","rubriek":"wijk","FID":"wijk_gegeneraliseerd_2006.afbc3ee5-ad9e-4325-9e5d-392ffb08a5c7"},"id":"WK051822"},{"arcs":[[-3905,3961,-3960,-3909]],"type":"Polygon","properties":{"id":57320,"statcode":"WK051823","statnaam":"Wijk 23 Willemspark","jrstatcode":"2006WK051823","rubriek":"wijk","FID":"wijk_gegeneraliseerd_2006.d365d809-f6ce-4c38-a18c-a29716d9bc18"},"id":"WK051823"},{"arcs":[[3962,3963,3964,3965,-3908,3966]],"type":"Polygon","properties":{"id":57321,"statcode":"WK051824","statnaam":"Wijk 24 Haagse Bos","jrstatcode":"2006WK051824","rubriek":"wijk","FID":"wijk_gegeneraliseerd_2006.3fefa4a3-a4c5-4e0d-98f1-4d7a27d87c5f"},"id":"WK051824"},{"arcs":[[3967,-3963,3968,3969,3970]],"type":"Polygon","properties":{"id":57322,"statcode":"WK051825","statnaam":"Wijk 25 Mariahoeve en Marlot","jrstatcode":"2006WK051825","rubriek":"wijk","FID":"wijk_gegeneraliseerd_2006.e0a05754-722c-481e-972d-a80c928486f2"},"id":"WK051825"},{"arcs":[[3971,3972,-3964,-3968,3973]],"type":"Polygon","properties":{"id":57323,"statcode":"WK051826","statnaam":"Wijk 26 Bezuidenhout","jrstatcode":"2006WK051826","rubriek":"wijk","FID":"wijk_gegeneraliseerd_2006.1539ab3c-c99e-4057-b90d-7f947d4aa5a3"},"id":"WK051826"},{"arcs":[[3974,3975,3976,3977,-3965,-3973]],"type":"Polygon","properties":{"id":57324,"statcode":"WK051827","statnaam":"Wijk 27 Stationsbuurt","jrstatcode":"2006WK051827","rubriek":"wijk","FID":"wijk_gegeneraliseerd_2006.5b39445f-be28-4e9b-a7c7-7b2bd59f4058"},"id":"WK051827"},{"arcs":[[-3957,-3961,-3962,-3966,-3978,3978]],"type":"Polygon","properties":{"id":57325,"statcode":"WK051828","statnaam":"Wijk 28 Centrum","jrstatcode":"2006WK051828","rubriek":"wijk","FID":"wijk_gegeneraliseerd_2006.320855b2-494f-42dc-8ecd-4225085942e5"},"id":"WK051828"},{"arcs":[[-3977,3979,3980,3981,-3958,-3979]],"type":"Polygon","properties":{"id":57326,"statcode":"WK051829","statnaam":"Wijk 29 Schildersbuurt","jrstatcode":"2006WK051829","rubriek":"wijk","FID":"wijk_gegeneraliseerd_2006.3982b408-9ed8-41ee-abdb-c502cdd5fa8b"},"id":"WK051829"},{"arcs":[[3982,3983,-3959,-3982]],"type":"Polygon","properties":{"id":57327,"statcode":"WK051830","statnaam":"Wijk 30 Transvaalkwartier","jrstatcode":"2006WK051830","rubriek":"wijk","FID":"wijk_gegeneraliseerd_2006.ce9e970b-a9de-4450-8339-c056dc3da226"},"id":"WK051830"},{"arcs":[[3984,-3955,-3984,3985,3986]],"type":"Polygon","properties":{"id":57328,"statcode":"WK051831","statnaam":"Wijk 31 Rustenburg en Oostbroek","jrstatcode":"2006WK051831","rubriek":"wijk","FID":"wijk_gegeneraliseerd_2006.7d120eee-953b-4934-b0d0-2d28f0168db4"},"id":"WK051831"},{"arcs":[[-3985,3987,3988,-3946,-3952]],"type":"Polygon","properties":{"id":57329,"statcode":"WK051832","statnaam":"Wijk 32 Leyenburg","jrstatcode":"2006WK051832","rubriek":"wijk","FID":"wijk_gegeneraliseerd_2006.60dcde14-f7fd-4efc-a7a4-220b7131d6d0"},"id":"WK051832"},{"arcs":[[3989,3990,3991,3992,-3943,-3948]],"type":"Polygon","properties":{"id":57330,"statcode":"WK051833","statnaam":"Wijk 33 Bouwlust en Vrederust","jrstatcode":"2006WK051833","rubriek":"wijk","FID":"wijk_gegeneraliseerd_2006.17e0a7cf-edb2-4262-a29a-8843970e892e"},"id":"WK051833"},{"arcs":[[-3947,-3989,3993,3994,3995,-3990]],"type":"Polygon","properties":{"id":57331,"statcode":"WK051834","statnaam":"Wijk 34 Morgenstond","jrstatcode":"2006WK051834","rubriek":"wijk","FID":"wijk_gegeneraliseerd_2006.c86c03ae-3da0-4421-b7d2-c1cc1a3957c4"},"id":"WK051834"},{"arcs":[[3996,-3994,-3988,-3987]],"type":"Polygon","properties":{"id":57332,"statcode":"WK051835","statnaam":"Wijk 35 Zuiderpark","jrstatcode":"2006WK051835","rubriek":"wijk","FID":"wijk_gegeneraliseerd_2006.ff96e241-782a-4361-be27-ffc5f068b305"},"id":"WK051835"},{"arcs":[[3997,3998,3999,4000,-3995,-3997,4001]],"type":"Polygon","properties":{"id":57333,"statcode":"WK051836","statnaam":"Wijk 36 Moerwijk","jrstatcode":"2006WK051836","rubriek":"wijk","FID":"wijk_gegeneraliseerd_2006.166a3544-fe4f-47d9-8a96-d7b551da3d39"},"id":"WK051836"},{"arcs":[[4002,-4002,-3986,-3983,-3981]],"type":"Polygon","properties":{"id":57334,"statcode":"WK051837","statnaam":"Wijk 37 Groente- en Fruitmarkt","jrstatcode":"2006WK051837","rubriek":"wijk","FID":"wijk_gegeneraliseerd_2006.74c6de05-1257-4cb7-93c3-d18cab7204b3"},"id":"WK051837"},{"arcs":[[4003,4004,4005,-3998,-4003,-3980,-3976,4006]],"type":"Polygon","properties":{"id":57335,"statcode":"WK051838","statnaam":"Wijk 38 Laakkwartier en Spoorwijk","jrstatcode":"2006WK051838","rubriek":"wijk","FID":"wijk_gegeneraliseerd_2006.c81772f9-41c6-4d4f-a4a5-a097585f7470"},"id":"WK051838"},{"arcs":[[4007,4008,4009,-4007,-3975,-3972]],"type":"Polygon","properties":{"id":57336,"statcode":"WK051839","statnaam":"Wijk 39 Binckhorst","jrstatcode":"2006WK051839","rubriek":"wijk","FID":"wijk_gegeneraliseerd_2006.f31eeabe-ed93-46a0-8469-b47db8a4d0ce"},"id":"WK051839"},{"arcs":[[4010,4011,4012,-3991,-3996,-4001]],"type":"Polygon","properties":{"id":57337,"statcode":"WK051840","statnaam":"Wijk 40 Wateringse Veld","jrstatcode":"2006WK051840","rubriek":"wijk","FID":"wijk_gegeneraliseerd_2006.cb77b05a-f3ba-4c16-a301-dba41258cfa0"},"id":"WK051840"},{"arcs":[[-3687,-3675,4013,4014,-4009,4015,4016,4017,4018,4019]],"type":"Polygon","properties":{"id":57338,"statcode":"WK051841","statnaam":"Wijk 41 Hoornwijk","jrstatcode":"2006WK051841","rubriek":"wijk","FID":"wijk_gegeneraliseerd_2006.240d38e9-5a0c-4172-884f-e63d9a358d05"},"id":"WK051841"},{"arcs":[[4020,4021,4022,4023,-3688,-4020]],"type":"Polygon","properties":{"id":57339,"statcode":"WK051842","statnaam":"Wijk 42 Ypenburg","jrstatcode":"2006WK051842","rubriek":"wijk","FID":"wijk_gegeneraliseerd_2006.fc0d8206-0b30-413d-a8c4-eb6bec85d038"},"id":"WK051842"},{"arcs":[[4024,-4021,-4019,4025,4026,4027]],"type":"Polygon","properties":{"id":57340,"statcode":"WK051843","statnaam":"Wijk 43 Forepark","jrstatcode":"2006WK051843","rubriek":"wijk","FID":"wijk_gegeneraliseerd_2006.c2fbe6e5-99c6-4152-a3e4-e1a145092412"},"id":"WK051843"},{"arcs":[[4028,4029,4030,-4022,-4025,4031]],"type":"Polygon","properties":{"id":57341,"statcode":"WK051844","statnaam":"Wijk 44 Leidschenveen","jrstatcode":"2006WK051844","rubriek":"wijk","FID":"wijk_gegeneraliseerd_2006.977db413-cc2e-467a-b258-5a8ec54592e4"},"id":"WK051844"},{"arcs":[[-3827,-3825,4032,4033,-3776,4034,4035,4036,4037,4038,4039,4040]],"type":"Polygon","properties":{"id":57342,"statcode":"WK052300","statnaam":"Wijk 00","jrstatcode":"2006WK052300","rubriek":"wijk","FID":"wijk_gegeneraliseerd_2006.f0a9c9d9-498a-4bea-9a17-4fb3a61a8e4e"},"id":"WK052300"},{"arcs":[[-3322,4041,-3345,4042,4043,-3209]],"type":"Polygon","properties":{"id":57343,"statcode":"WK052900","statnaam":"Wijk 00","jrstatcode":"2006WK052900","rubriek":"wijk","FID":"wijk_gegeneraliseerd_2006.422105c3-8d4d-47f7-8799-f9de618555d5"},"id":"WK052900"},{"arcs":[[-3340,-3228,-3237,4044,4045,-4043,-3344]],"type":"Polygon","properties":{"id":57344,"statcode":"WK052901","statnaam":"Wijk 01","jrstatcode":"2006WK052901","rubriek":"wijk","FID":"wijk_gegeneraliseerd_2006.75cec6c8-2c78-4e56-a879-ba34160284d9"},"id":"WK052901"},{"arcs":[[-3328,-3342,-4042,-3321]],"type":"Polygon","properties":{"id":57345,"statcode":"WK052902","statnaam":"Wijk 02","jrstatcode":"2006WK052902","rubriek":"wijk","FID":"wijk_gegeneraliseerd_2006.53512a3a-aebf-480a-be0e-aeb0f045838d"},"id":"WK052902"},{"arcs":[[4046,-3210,-4044,-4046,4047,-3335]],"type":"Polygon","properties":{"id":57346,"statcode":"WK052903","statnaam":"Wijk 03","jrstatcode":"2006WK052903","rubriek":"wijk","FID":"wijk_gegeneraliseerd_2006.241911e1-7adc-4f39-a734-ef3eb398bd2f"},"id":"WK052903"},{"arcs":[[-3211,-4047,-3334]],"type":"Polygon","properties":{"id":57347,"statcode":"WK052904","statnaam":"Wijk 04","jrstatcode":"2006WK052904","rubriek":"wijk","FID":"wijk_gegeneraliseerd_2006.d5e46391-28f5-43aa-acb0-47ef1f06058b"},"id":"WK052904"},{"arcs":[[-4045,-3236,-3336,-4048]],"type":"Polygon","properties":{"id":57348,"statcode":"WK052905","statnaam":"Wijk 05","jrstatcode":"2006WK052905","rubriek":"wijk","FID":"wijk_gegeneraliseerd_2006.aa511071-a2b9-4809-9504-f5e47f38d6f4"},"id":"WK052905"},{"arcs":[[4048,4049,4050,4051,4052]],"type":"Polygon","properties":{"id":57349,"statcode":"WK053000","statnaam":"Wijk 00 Hellevoetsluis Zuid-West","jrstatcode":"2006WK053000","rubriek":"wijk","FID":"wijk_gegeneraliseerd_2006.80417f09-dfb3-41f7-aabd-89fd37da85dc"},"id":"WK053000"},{"arcs":[[4053,4054,4055,4056,4057]],"type":"Polygon","properties":{"id":57350,"statcode":"WK053001","statnaam":"Wijk 01 Den Bonsen Hoeck","jrstatcode":"2006WK053001","rubriek":"wijk","FID":"wijk_gegeneraliseerd_2006.9d8ff4a7-071a-40c2-bde0-9d429f761b92"},"id":"WK053001"},{"arcs":[[-4056,4058,-4050,4059]],"type":"Polygon","properties":{"id":57351,"statcode":"WK053002","statnaam":"Wijk 02 Nieuw-Helvoet","jrstatcode":"2006WK053002","rubriek":"wijk","FID":"wijk_gegeneraliseerd_2006.3a9f0fde-1819-4db0-9d97-44a83465c1c8"},"id":"WK053002"},{"arcs":[[4060,4061,-4052,4062,4063]],"type":"Polygon","properties":{"id":57352,"statcode":"WK053003","statnaam":"Wijk 03 Struyten","jrstatcode":"2006WK053003","rubriek":"wijk","FID":"wijk_gegeneraliseerd_2006.93fed58f-2cf9-4688-a6a4-9c42955a61ef"},"id":"WK053003"},{"arcs":[[4064,-4064,4065,-4054,4066,4067,4068,4069]],"type":"Polygon","properties":{"id":57353,"statcode":"WK053004","statnaam":"Wijk 04 De Kooistee","jrstatcode":"2006WK053004","rubriek":"wijk","FID":"wijk_gegeneraliseerd_2006.2384dd90-6236-4ecd-90ba-04d1028e04e0"},"id":"WK053004"},{"arcs":[[4070]],"type":"Polygon","properties":{"id":57354,"statcode":"WK053005","statnaam":"Wijk 05 Nieuwenhoorn","jrstatcode":"2006WK053005","rubriek":"wijk","FID":"wijk_gegeneraliseerd_2006.7de29096-f4d4-40c8-862f-fda9143efacd"},"id":"WK053005"},{"arcs":[[4071,-4067,-4058]],"type":"Polygon","properties":{"id":57355,"statcode":"WK053006","statnaam":"Wijk 06 Ravense Hoek","jrstatcode":"2006WK053006","rubriek":"wijk","FID":"wijk_gegeneraliseerd_2006.e490f34e-d9bb-4e21-81fb-12a927d57795"},"id":"WK053006"},{"arcs":[[-4066,-4063,-4051,-4059,-4055]],"type":"Polygon","properties":{"id":57356,"statcode":"WK053007","statnaam":"Wijk 07 Centrumgebied","jrstatcode":"2006WK053007","rubriek":"wijk","FID":"wijk_gegeneraliseerd_2006.60675763-bcc7-43e3-a5d6-48a963de3fb5"},"id":"WK053007"},{"arcs":[[-4049,4072,4073,4074,-3632,-3636,4075,4076,4077,-4068,-4072,-4057,-4060],[-4071]],"type":"Polygon","properties":{"id":57357,"statcode":"WK053008","statnaam":"Wijk 08 Buitengebied","jrstatcode":"2006WK053008","rubriek":"wijk","FID":"wijk_gegeneraliseerd_2006.ffb07e52-bd32-4e28-8bb0-c8e3bd43acd3"},"id":"WK053008"},{"arcs":[[4079,-3423,4080,4081,4082,4083,4084,4085,4086]],"type":"Polygon","properties":{"id":57358,"statcode":"WK053100","statnaam":"Wijk 00","jrstatcode":"2006WK053100","rubriek":"wijk","FID":"wijk_gegeneraliseerd_2006.ffe581c2-b1ba-4cb5-a8de-87109799b953"},"id":"WK053100"},{"arcs":[[-3616,-3608,-3323,-2666,4087]],"type":"Polygon","properties":{"id":57359,"statcode":"WK053200","statnaam":"Wijk 00","jrstatcode":"2006WK053200","rubriek":"wijk","FID":"wijk_gegeneraliseerd_2006.168172e5-1fb3-4969-8b62-a22f9986151f"},"id":"WK053200"},{"arcs":[[4088,-3617,-4088,-2665,-2860]],"type":"Polygon","properties":{"id":57360,"statcode":"WK053201","statnaam":"Wijk 01","jrstatcode":"2006WK053201","rubriek":"wijk","FID":"wijk_gegeneraliseerd_2006.63f642d5-0a55-4966-bde0-22c1822d459d"},"id":"WK053201"},{"arcs":[[-2927,4089,4090,-2794,-2705,-2931,-2930]],"type":"Polygon","properties":{"id":57361,"statcode":"WK053400","statnaam":"Wijk 00","jrstatcode":"2006WK053400","rubriek":"wijk","FID":"wijk_gegeneraliseerd_2006.9690c2de-2e76-496d-b7c3-d9499a8666c7"},"id":"WK053400"},{"arcs":[[4091,4092,4093,4094,4095]],"type":"Polygon","properties":{"id":57362,"statcode":"WK053701","statnaam":"Wijk 01 Katwijk Noord","jrstatcode":"2006WK053701","rubriek":"wijk","FID":"wijk_gegeneraliseerd_2006.fec29e30-a373-49c1-9997-79e8ee16972a"},"id":"WK053701"},{"arcs":[[4096,4097,-4092,4098]],"type":"Polygon","properties":{"id":57363,"statcode":"WK053702","statnaam":"Wijk 02 't Heen","jrstatcode":"2006WK053702","rubriek":"wijk","FID":"wijk_gegeneraliseerd_2006.c6bfc65d-f9b2-4ff3-9d0c-338fd289779f"},"id":"WK053702"},{"arcs":[[-4098,4099,4100,4101,4102]],"type":"Polygon","properties":{"id":57364,"statcode":"WK053703","statnaam":"Wijk 03 Katwijk aan den Rijn","jrstatcode":"2006WK053703","rubriek":"wijk","FID":"wijk_gegeneraliseerd_2006.777b53d6-0120-4adc-96f8-969fc067e52f"},"id":"WK053703"},{"arcs":[[-4103,4103,4104,-4093]],"type":"Polygon","properties":{"id":57365,"statcode":"WK053704","statnaam":"Wijk 04 Katwijk Midden","jrstatcode":"2006WK053704","rubriek":"wijk","FID":"wijk_gegeneraliseerd_2006.25ca98fc-b8aa-477e-b304-ff796cce24f8"},"id":"WK053704"},{"arcs":[[4105,4106,-4094,-4105,4107]],"type":"Polygon","properties":{"id":57366,"statcode":"WK053705","statnaam":"Wijk 05 Katwijk aan Zee","jrstatcode":"2006WK053705","rubriek":"wijk","FID":"wijk_gegeneraliseerd_2006.1867725c-29ae-4988-922f-1ddb78bd739e"},"id":"WK053705"},{"arcs":[[[-4104,-4102,4108,4109,4110,-4108]],[[-4095,-4107,4111,4112]]],"type":"MultiPolygon","properties":{"id":57367,"statcode":"WK053706","statnaam":"Wijk 06 Landelijk gebied Katwijk","jrstatcode":"2006WK053706","rubriek":"wijk","FID":"wijk_gegeneraliseerd_2006.77752aea-2356-4eb6-8a57-f1fa1eca3ccb"},"id":"WK053706"},{"arcs":[[4113,-4100,-4097,4114,4115,4116]],"type":"Polygon","properties":{"id":57368,"statcode":"WK053707","statnaam":"Wijk 07 Rijnsburg","jrstatcode":"2006WK053707","rubriek":"wijk","FID":"wijk_gegeneraliseerd_2006.ada1362f-e0fa-402b-a2dd-9fba16e0674b"},"id":"WK053707"},{"arcs":[[-4114,4117,4118,4119,-4109,-4101]],"type":"Polygon","properties":{"id":57369,"statcode":"WK053708","statnaam":"Wijk 08 Valkenburg","jrstatcode":"2006WK053708","rubriek":"wijk","FID":"wijk_gegeneraliseerd_2006.794edf9c-86a2-4518-b1d1-4987c0aee41a"},"id":"WK053708"},{"arcs":[[-3647,-3649,-3655,4120,4121,4122,4123,4124,4125,-3642]],"type":"Polygon","properties":{"id":57370,"statcode":"WK054200","statnaam":"Wijk 00 Krimpen aan den IJssel","jrstatcode":"2006WK054200","rubriek":"wijk","FID":"wijk_gegeneraliseerd_2006.7176abac-bd60-4149-904e-79213ca46752"},"id":"WK054200"},{"arcs":[[4126,4127,4128,4129,4130,4131,-1740,-1897,4132]],"type":"Polygon","properties":{"id":57371,"statcode":"WK054500","statnaam":"Wijk 00 Leerdam","jrstatcode":"2006WK054500","rubriek":"wijk","FID":"wijk_gegeneraliseerd_2006.1d2db412-767d-4477-b65d-daf0db495884"},"id":"WK054500"},{"arcs":[[4133,4134,4135]],"type":"Polygon","properties":{"id":57372,"statcode":"WK054600","statnaam":"Wijk 00 Binnenstad-Zuid","jrstatcode":"2006WK054600","rubriek":"wijk","FID":"wijk_gegeneraliseerd_2006.1e86dc06-b3f0-4f24-b442-0aa3d4a9331b"},"id":"WK054600"},{"arcs":[[4136,4137,4138,4139,-4136]],"type":"Polygon","properties":{"id":57373,"statcode":"WK054601","statnaam":"Wijk 01 Binnenstad-Noord","jrstatcode":"2006WK054601","rubriek":"wijk","FID":"wijk_gegeneraliseerd_2006.b60ac7c8-4cb9-4905-b492-ef0378f7f5d2"},"id":"WK054601"},{"arcs":[[4140,-4138,4141,4142]],"type":"Polygon","properties":{"id":57374,"statcode":"WK054602","statnaam":"Wijk 02 Stationsdistrict","jrstatcode":"2006WK054602","rubriek":"wijk","FID":"wijk_gegeneraliseerd_2006.6a8ce347-cd85-4e80-872a-48612cbb9dd8"},"id":"WK054602"},{"arcs":[[-4141,4143,4144,4145,4146,-4139]],"type":"Polygon","properties":{"id":57375,"statcode":"WK054603","statnaam":"Wijk 03 Leiden-Noord","jrstatcode":"2006WK054603","rubriek":"wijk","FID":"wijk_gegeneraliseerd_2006.58dec5bb-ea5c-46dd-993e-0726611ad152"},"id":"WK054603"},{"arcs":[[4147,4148,4149,4150,-4134,-4140,4151]],"type":"Polygon","properties":{"id":57376,"statcode":"WK054604","statnaam":"Wijk 04 Roodenburgerdistrict","jrstatcode":"2006WK054604","rubriek":"wijk","FID":"wijk_gegeneraliseerd_2006.1898238d-e959-4c13-888b-c0b216e75f96"},"id":"WK054604"},{"arcs":[[4152,4153,4154,4155,4156,-4135,-4151]],"type":"Polygon","properties":{"id":57377,"statcode":"WK054605","statnaam":"Wijk 05 Bos- en Gasthuisdistrict","jrstatcode":"2006WK054605","rubriek":"wijk","FID":"wijk_gegeneraliseerd_2006.0ea9db26-33c6-4e54-a42c-ed34e9d7ed8e"},"id":"WK054605"},{"arcs":[[-4137,-4157,4157,4158,4159,-4142]],"type":"Polygon","properties":{"id":57378,"statcode":"WK054606","statnaam":"Wijk 06 Morsdistrict","jrstatcode":"2006WK054606","rubriek":"wijk","FID":"wijk_gegeneraliseerd_2006.53593ea7-bd1a-454e-be47-58ffc93af7c4"},"id":"WK054606"},{"arcs":[[4160,-4144,-4143,-4160,4161]],"type":"Polygon","properties":{"id":57379,"statcode":"WK054607","statnaam":"Wijk 07 Boerhaavedistrict","jrstatcode":"2006WK054607","rubriek":"wijk","FID":"wijk_gegeneraliseerd_2006.e0bb131c-0b68-4cb0-8fee-99fb41d758e8"},"id":"WK054607"},{"arcs":[[4162,-4145,-4161,4163,4164]],"type":"Polygon","properties":{"id":57380,"statcode":"WK054608","statnaam":"Wijk 08 Merenwijkdistrict","jrstatcode":"2006WK054608","rubriek":"wijk","FID":"wijk_gegeneraliseerd_2006.171d0260-23cb-4ce3-beea-f9ffdef187dc"},"id":"WK054608"},{"arcs":[[-4156,4165,4166,-4119,-4158]],"type":"Polygon","properties":{"id":57381,"statcode":"WK054609","statnaam":"Wijk 09 Stevenshofdistrict","jrstatcode":"2006WK054609","rubriek":"wijk","FID":"wijk_gegeneraliseerd_2006.5030d6e0-3206-4936-95f7-30602cfd7873"},"id":"WK054609"},{"arcs":[[-4152,-4147,4167,4168,4169]],"type":"Polygon","properties":{"id":57382,"statcode":"WK054700","statnaam":"Wijk 00","jrstatcode":"2006WK054700","rubriek":"wijk","FID":"wijk_gegeneraliseerd_2006.ff34eed3-404b-455e-8dae-763b0017f058"},"id":"WK054700"},{"arcs":[[[-4148,-4170,4170,-3431,4171,4172,4173,4174]],[[-3433,4175,-4168,-4146,-4163,4176]]],"type":"MultiPolygon","properties":{"id":57383,"statcode":"WK054701","statnaam":"Wijk 01","jrstatcode":"2006WK054701","rubriek":"wijk","FID":"wijk_gegeneraliseerd_2006.cb14872e-a17e-4ea2-9c12-89931ccb0852"},"id":"WK054701"},{"arcs":[[-4176,-3432,-4171,-4169]],"type":"Polygon","properties":{"id":57384,"statcode":"WK054702","statnaam":"Wijk 02","jrstatcode":"2006WK054702","rubriek":"wijk","FID":"wijk_gegeneraliseerd_2006.23c0a44f-b18e-4952-bc04-8aa942bb4abf"},"id":"WK054702"},{"arcs":[[-2924,4177,4178,4179,4180,-4090,-2926]],"type":"Polygon","properties":{"id":57385,"statcode":"WK055302","statnaam":"Wijk 02","jrstatcode":"2006WK055302","rubriek":"wijk","FID":"wijk_gegeneraliseerd_2006.c7ec2900-64b9-44d9-9d2c-e80b2ea1b277"},"id":"WK055302"},{"arcs":[[4181,4182,4183,4184,4185,4186,4187,4188,4189]],"type":"Polygon","properties":{"id":57386,"statcode":"WK055600","statnaam":"Wijk 00","jrstatcode":"2006WK055600","rubriek":"wijk","FID":"wijk_gegeneraliseerd_2006.ac1876dc-e679-4b04-8fc4-6b7ef90ac156"},"id":"WK055600"},{"arcs":[[-3124,-3130,4190,4191,4192,4193,-3338,-3135,-3131]],"type":"Polygon","properties":{"id":57387,"statcode":"WK055800","statnaam":"Wijk 00","jrstatcode":"2006WK055800","rubriek":"wijk","FID":"wijk_gegeneraliseerd_2006.66ecb741-8264-44ee-8b40-bf819b3b4255"},"id":"WK055800"},{"arcs":[[4194,-4193,4195,-3221,-3219,-3231]],"type":"Polygon","properties":{"id":57388,"statcode":"WK055801","statnaam":"Wijk 01","jrstatcode":"2006WK055801","rubriek":"wijk","FID":"wijk_gegeneraliseerd_2006.43c4bd47-ba27-498d-a3a5-69374d9bd951"},"id":"WK055801"},{"arcs":[[-3339,-4194,-4195,-3230]],"type":"Polygon","properties":{"id":57389,"statcode":"WK055802","statnaam":"Wijk 02","jrstatcode":"2006WK055802","rubriek":"wijk","FID":"wijk_gegeneraliseerd_2006.559cb093-a23c-45e3-aca0-1de025c5bb56"},"id":"WK055802"},{"arcs":[[-3037,-3222,-4196,-4192,4196,-2692,-3316,-3318]],"type":"Polygon","properties":{"id":57390,"statcode":"WK055803","statnaam":"Wijk 03","jrstatcode":"2006WK055803","rubriek":"wijk","FID":"wijk_gegeneraliseerd_2006.283f6975-718d-4f9a-8c7e-c66c73362c8f"},"id":"WK055803"},{"arcs":[[4197,-3368,4198,-2693,-4197,-4191,-3129]],"type":"Polygon","properties":{"id":57391,"statcode":"WK055804","statnaam":"Wijk 04","jrstatcode":"2006WK055804","rubriek":"wijk","FID":"wijk_gegeneraliseerd_2006.4d8bedb3-ae71-418b-9669-cf55001368f1"},"id":"WK055804"},{"arcs":[[-3367,-3355,-2694,-4199]],"type":"Polygon","properties":{"id":57392,"statcode":"WK055805","statnaam":"Wijk 05","jrstatcode":"2006WK055805","rubriek":"wijk","FID":"wijk_gegeneraliseerd_2006.3de459e2-6202-4455-9e95-9aff31ec1771"},"id":"WK055805"},{"arcs":[[4199,-3717,-3712,4200,4201,4202]],"type":"Polygon","properties":{"id":57393,"statcode":"WK055900","statnaam":"Wijk 00","jrstatcode":"2006WK055900","rubriek":"wijk","FID":"wijk_gegeneraliseerd_2006.fcbc55ab-63f6-4d0b-b611-4d2640f476b3"},"id":"WK055900"},{"arcs":[[-3887,4203,4204,4205,4206,4207]],"type":"Polygon","properties":{"id":57394,"statcode":"WK056300","statnaam":"Wijk 00","jrstatcode":"2006WK056300","rubriek":"wijk","FID":"wijk_gegeneraliseerd_2006.4ddb759c-8bf0-4f53-835e-cf114c85bbe8"},"id":"WK056300"},{"arcs":[[4208,4209,-4206,4210,-3653,-3657,-3662,-3664]],"type":"Polygon","properties":{"id":57395,"statcode":"WK056700","statnaam":"Wijk 00","jrstatcode":"2006WK056700","rubriek":"wijk","FID":"wijk_gegeneraliseerd_2006.70912861-469a-440e-8e3c-c6d18836c96e"},"id":"WK056700"},{"arcs":[[4211,4212,-4077,4213,4214]],"type":"Polygon","properties":{"id":57396,"statcode":"WK056800","statnaam":"Wijk 00 Abbenbroek","jrstatcode":"2006WK056800","rubriek":"wijk","FID":"wijk_gegeneraliseerd_2006.1d5c5257-9e21-4b86-bd03-c3b98bbf0ca4"},"id":"WK056800"},{"arcs":[[-4214,-4076,-3635,4215,4216]],"type":"Polygon","properties":{"id":57397,"statcode":"WK056801","statnaam":"Wijk 01 Heenvliet","jrstatcode":"2006WK056801","rubriek":"wijk","FID":"wijk_gegeneraliseerd_2006.2713e641-a412-4eb9-ac59-6696e681cbe3"},"id":"WK056801"},{"arcs":[[4217,4218,4219,4220,-4215,-4217,4221]],"type":"Polygon","properties":{"id":57398,"statcode":"WK056802","statnaam":"Wijk 02 Geervliet","jrstatcode":"2006WK056802","rubriek":"wijk","FID":"wijk_gegeneraliseerd_2006.c25c7e66-50c9-46c8-979f-712cfa66aff3"},"id":"WK056802"},{"arcs":[[4222,4223,4224,-4212,-4221]],"type":"Polygon","properties":{"id":57399,"statcode":"WK056803","statnaam":"Wijk 03 Zuidland","jrstatcode":"2006WK056803","rubriek":"wijk","FID":"wijk_gegeneraliseerd_2006.d56f8376-86a7-4ef2-b1a5-6136de0fe3a1"},"id":"WK056803"},{"arcs":[[-4061,-4065,-4079,-4069,-4078,-4213,-4225,4225]],"type":"Polygon","properties":{"id":57400,"statcode":"WK056804","statnaam":"Wijk 04 Oudenhoorn","jrstatcode":"2006WK056804","rubriek":"wijk","FID":"wijk_gegeneraliseerd_2006.1ea8aef5-be99-4ce0-8c7d-8f91cdd7dec3"},"id":"WK056804"},{"arcs":[[4226,-3595,-3468,-3466,-3418,4227,4228,4229]],"type":"Polygon","properties":{"id":57401,"statcode":"WK056900","statnaam":"Wijk 00","jrstatcode":"2006WK056900","rubriek":"wijk","FID":"wijk_gegeneraliseerd_2006.3ac50846-cbe7-4f77-95fd-82737a040a3a"},"id":"WK056900"},{"arcs":[[4230,4231,4232,4233,4234,4235,-3425]],"type":"Polygon","properties":{"id":57402,"statcode":"WK057100","statnaam":"Wijk 00","jrstatcode":"2006WK057100","rubriek":"wijk","FID":"wijk_gegeneraliseerd_2006.ff47f770-4dc0-4d49-a036-f1a84cb0a18c"},"id":"WK057100"},{"arcs":[[4236,-4115,-4099,-4096,4237,4238]],"type":"Polygon","properties":{"id":57403,"statcode":"WK057500","statnaam":"Wijk 00 Noordwijk-Binnen","jrstatcode":"2006WK057500","rubriek":"wijk","FID":"wijk_gegeneraliseerd_2006.66c464fa-56c2-4798-b1b6-35ae9b367663"},"id":"WK057500"},{"arcs":[[-4113,4239,-3349,4240,-4238]],"type":"Polygon","properties":{"id":57404,"statcode":"WK057501","statnaam":"Wijk 01 Noordwijk Aan Zee","jrstatcode":"2006WK057501","rubriek":"wijk","FID":"wijk_gegeneraliseerd_2006.6832c232-ff76-4852-8cdf-98997819f238"},"id":"WK057501"},{"arcs":[[-4181,4241,-4239,-4241,-3348,-2795,-4091]],"type":"Polygon","properties":{"id":57405,"statcode":"WK057600","statnaam":"Wijk 00","jrstatcode":"2006WK057600","rubriek":"wijk","FID":"wijk_gegeneraliseerd_2006.8cd72c5b-6820-48a9-a21c-c109b037bcef"},"id":"WK057600"},{"arcs":[[4242,-4164,-4162,-4159,-4118,-4117,4243,4244]],"type":"Polygon","properties":{"id":57406,"statcode":"WK057900","statnaam":"Wijk 00 Oegstgeest","jrstatcode":"2006WK057900","rubriek":"wijk","FID":"wijk_gegeneraliseerd_2006.36a08bb0-640d-4668-8c28-fb9d99d54419"},"id":"WK057900"},{"arcs":[[4245,4246,4247,4248]],"type":"Polygon","properties":{"id":57407,"statcode":"WK058000","statnaam":"Wijk 00 Ooltgensplaat","jrstatcode":"2006WK058000","rubriek":"wijk","FID":"wijk_gegeneraliseerd_2006.c9a99353-3fc3-4ab0-aee0-2298c13bf80f"},"id":"WK058000"},{"arcs":[[-4249,4249,4250,-4202,4251]],"type":"Polygon","properties":{"id":57408,"statcode":"WK058001","statnaam":"Wijk 01 Den Bommel","jrstatcode":"2006WK058001","rubriek":"wijk","FID":"wijk_gegeneraliseerd_2006.a4316336-a74d-47c9-8735-1b930de628a7"},"id":"WK058001"},{"arcs":[[-4251,4252,-4203]],"type":"Polygon","properties":{"id":57409,"statcode":"WK058002","statnaam":"Wijk 02 Oude-Tonge","jrstatcode":"2006WK058002","rubriek":"wijk","FID":"wijk_gegeneraliseerd_2006.265a7630-43cf-43dd-a0ec-89b76c732549"},"id":"WK058002"},{"arcs":[[4253,4254,4255,4256,4257,4258,4259]],"type":"Polygon","properties":{"id":57410,"statcode":"WK058400","statnaam":"Wijk 00","jrstatcode":"2006WK058400","rubriek":"wijk","FID":"wijk_gegeneraliseerd_2006.66571964-b064-4127-aeb5-244c2d5b9b5a"},"id":"WK058400"},{"arcs":[[4260,-3544,4261,4262,4263,-4255]],"type":"Polygon","properties":{"id":57411,"statcode":"WK058500","statnaam":"Wijk 00 Heinenoord","jrstatcode":"2006WK058500","rubriek":"wijk","FID":"wijk_gegeneraliseerd_2006.d4f90c59-6ee0-498e-adab-11a1e8a3ffcb"},"id":"WK058500"},{"arcs":[[4264,4265,4266,-4256,-4264]],"type":"Polygon","properties":{"id":57412,"statcode":"WK058501","statnaam":"Wijk 01 Mijnsheerenland","jrstatcode":"2006WK058501","rubriek":"wijk","FID":"wijk_gegeneraliseerd_2006.d3da671d-97e3-4738-9507-3b5b98f2b5c2"},"id":"WK058501"},{"arcs":[[-4257,-4267,4267,4268,4269]],"type":"Polygon","properties":{"id":57413,"statcode":"WK058502","statnaam":"Wijk 02 Westmaas","jrstatcode":"2006WK058502","rubriek":"wijk","FID":"wijk_gegeneraliseerd_2006.957027a2-9f28-49ff-806a-6de5ead5945c"},"id":"WK058502"},{"arcs":[[-4268,-4266,4270,-3890,4271]],"type":"Polygon","properties":{"id":57414,"statcode":"WK058503","statnaam":"Wijk 03 Maasdam","jrstatcode":"2006WK058503","rubriek":"wijk","FID":"wijk_gegeneraliseerd_2006.5a01aded-c11d-488f-84f5-2693673fca7e"},"id":"WK058503"},{"arcs":[[-4263,4272,4273,-3891,-4271,-4265]],"type":"Polygon","properties":{"id":57415,"statcode":"WK058504","statnaam":"Wijk 04 Puttershoek","jrstatcode":"2006WK058504","rubriek":"wijk","FID":"wijk_gegeneraliseerd_2006.334cdd84-700f-47e2-a462-9d22106d3e11"},"id":"WK058504"},{"arcs":[[4274,4275,-4259,4276,4277]],"type":"Polygon","properties":{"id":57416,"statcode":"WK058800","statnaam":"Wijk 00 Nieuw-Beijerland","jrstatcode":"2006WK058800","rubriek":"wijk","FID":"wijk_gegeneraliseerd_2006.5a25864f-81cd-4972-a8a2-8b5c12927538"},"id":"WK058800"},{"arcs":[[4278,-4219,4279,-4275,4280]],"type":"Polygon","properties":{"id":57417,"statcode":"WK058801","statnaam":"Wijk 01 Piershil","jrstatcode":"2006WK058801","rubriek":"wijk","FID":"wijk_gegeneraliseerd_2006.18d0d80f-1543-451a-be67-5bdb8eb5d595"},"id":"WK058801"},{"arcs":[[[4281,-4223,-4220,-4279,4282]],[[4283,4284]]],"type":"MultiPolygon","properties":{"id":57418,"statcode":"WK058802","statnaam":"Wijk 02 Goudswaard","jrstatcode":"2006WK058802","rubriek":"wijk","FID":"wijk_gegeneraliseerd_2006.60202dbc-15ef-47cc-8c13-072a9ea51917"},"id":"WK058802"},{"arcs":[[[-4278,4285,4286,4287,-4283,-4281]],[[4288,-4284]]],"type":"MultiPolygon","properties":{"id":57419,"statcode":"WK058803","statnaam":"Wijk 03 Zuid-Beijerland","jrstatcode":"2006WK058803","rubriek":"wijk","FID":"wijk_gegeneraliseerd_2006.b35fd742-fa9c-43a3-b16e-2c00e3abfb3e"},"id":"WK058803"},{"arcs":[[4289,4290,4291]],"type":"Polygon","properties":{"id":57420,"statcode":"WK058900","statnaam":"Wijk 00 Oudewater","jrstatcode":"2006WK058900","rubriek":"wijk","FID":"wijk_gegeneraliseerd_2006.fbd7db22-cca8-4bcc-b5e4-6185cc6e8e16"},"id":"WK058900"},{"arcs":[[4292,-2425,4293,4294,4295,-4290]],"type":"Polygon","properties":{"id":57421,"statcode":"WK058901","statnaam":"Wijk 01 Hoenkoop","jrstatcode":"2006WK058901","rubriek":"wijk","FID":"wijk_gegeneraliseerd_2006.e4453fa8-c993-4d40-b886-638084123ca0"},"id":"WK058901"},{"arcs":[[-2461,-2426,-4293,-4292,4296,-2452]],"type":"Polygon","properties":{"id":57422,"statcode":"WK058902","statnaam":"Wijk 02 Snelrewaard","jrstatcode":"2006WK058902","rubriek":"wijk","FID":"wijk_gegeneraliseerd_2006.0742efa1-82fb-4622-9e51-68ad1a8c854d"},"id":"WK058902"},{"arcs":[[-4296,4297,4298,-2453,-4297,-4291]],"type":"Polygon","properties":{"id":57423,"statcode":"WK058903","statnaam":"Wijk 03 Driebruggen-Zuid","jrstatcode":"2006WK058903","rubriek":"wijk","FID":"wijk_gegeneraliseerd_2006.927222ca-bd9d-4341-969a-91fe26c09438"},"id":"WK058903"},{"arcs":[[4299,4300,4301,-3770,-3722,4302,-4081,-3422]],"type":"Polygon","properties":{"id":57424,"statcode":"WK059000","statnaam":"Wijk 00 Papendrecht","jrstatcode":"2006WK059000","rubriek":"wijk","FID":"wijk_gegeneraliseerd_2006.6b6d8733-8a00-4ffb-9c9e-341090a6c800"},"id":"WK059000"},{"arcs":[[4303,-3625,-3602,4304]],"type":"Polygon","properties":{"id":57425,"statcode":"WK059500","statnaam":"Wijk 00 Reeuwijk-West","jrstatcode":"2006WK059500","rubriek":"wijk","FID":"wijk_gegeneraliseerd_2006.fb3b288b-e73e-4011-a7d1-8582f524541a"},"id":"WK059500"},{"arcs":[[-4305,-3601,4305,4306,-3881,-3876,-3874]],"type":"Polygon","properties":{"id":57426,"statcode":"WK059501","statnaam":"Wijk 01 Reeuwijk-Oost","jrstatcode":"2006WK059501","rubriek":"wijk","FID":"wijk_gegeneraliseerd_2006.53178f4c-3ae4-4c14-a21a-2cc2c82b9250"},"id":"WK059501"},{"arcs":[[-4306,-3607,4307,4308,-2454,-4299]],"type":"Polygon","properties":{"id":57427,"statcode":"WK059502","statnaam":"Wijk 02 Driebruggen-Noord","jrstatcode":"2006WK059502","rubriek":"wijk","FID":"wijk_gegeneraliseerd_2006.9c2161ae-0224-4efe-8926-6f85c31b2217"},"id":"WK059502"},{"arcs":[[4309,4310,4311,-4231,-3424,-4080,4312,4313]],"type":"Polygon","properties":{"id":57428,"statcode":"WK059701","statnaam":"Wijk 01 Ridderkerk","jrstatcode":"2006WK059701","rubriek":"wijk","FID":"wijk_gegeneraliseerd_2006.1393d939-dc62-4236-838f-c2409ddde520"},"id":"WK059701"},{"arcs":[[4314,4315,-4311,4316,4317,-4124]],"type":"Polygon","properties":{"id":57429,"statcode":"WK059702","statnaam":"Wijk 02 Bolnes","jrstatcode":"2006WK059702","rubriek":"wijk","FID":"wijk_gegeneraliseerd_2006.b5842383-8b4d-45ff-8210-6841a66aba3c"},"id":"WK059702"},{"arcs":[[4318,-4313,-4087]],"type":"Polygon","properties":{"id":57430,"statcode":"WK059703","statnaam":"Wijk 03 Oostendam","jrstatcode":"2006WK059703","rubriek":"wijk","FID":"wijk_gegeneraliseerd_2006.fbff26ee-e7bf-42fc-9f9b-cb53f194c66b"},"id":"WK059703"},{"arcs":[[-4319,-4086,4319,-4314]],"type":"Polygon","properties":{"id":57431,"statcode":"WK059707","statnaam":"Wijk 07 Rijsoord","jrstatcode":"2006WK059707","rubriek":"wijk","FID":"wijk_gegeneraliseerd_2006.7bf5017a-7d10-4326-b484-52ca96198468"},"id":"WK059707"},{"arcs":[[-4317,-4310,-4320,-4085,4320,4321,-3540,-3548,4322]],"type":"Polygon","properties":{"id":57432,"statcode":"WK059708","statnaam":"Wijk 08 Reyerwaard-Strevelshoek","jrstatcode":"2006WK059708","rubriek":"wijk","FID":"wijk_gegeneraliseerd_2006.0efaf4eb-3977-428b-8f6e-e4f052053edb"},"id":"WK059708"},{"arcs":[[4323,-4232,-4312,-4316]],"type":"Polygon","properties":{"id":57433,"statcode":"WK059709","statnaam":"Wijk 09 Slikkerveer","jrstatcode":"2006WK059709","rubriek":"wijk","FID":"wijk_gegeneraliseerd_2006.29d31a2b-c360-4864-be87-65f7779ad276"},"id":"WK059709"},{"arcs":[[4324,4325,4326,4327,4328]],"type":"Polygon","properties":{"id":57434,"statcode":"WK059901","statnaam":"Wijk 01 Stadscentrum","jrstatcode":"2006WK059901","rubriek":"wijk","FID":"wijk_gegeneraliseerd_2006.9cd85826-60d8-4e03-80c1-056c59f9cda6"},"id":"WK059901"},{"arcs":[[4329,4330,4331,4332,4333,4334,-4329]],"type":"Polygon","properties":{"id":57435,"statcode":"WK059903","statnaam":"Wijk 03 Delfshaven","jrstatcode":"2006WK059903","rubriek":"wijk","FID":"wijk_gegeneraliseerd_2006.9cf60aee-de5c-42c4-a571-e763df7c8e2c"},"id":"WK059903"},{"arcs":[[4335,4336,4337,-3708,4338,-3583,4339,4340,4341,4342,4343],[4344]],"type":"Polygon","properties":{"id":57436,"statcode":"WK059904","statnaam":"Wijk 04 Overschie","jrstatcode":"2006WK059904","rubriek":"wijk","FID":"wijk_gegeneraliseerd_2006.e2e3db08-d54e-4aa8-8589-0fd8aeb0fe0e"},"id":"WK059904"},{"arcs":[[-4335,4345,-4341,4346,4347,-4325]],"type":"Polygon","properties":{"id":57437,"statcode":"WK059905","statnaam":"Wijk 05 Noord","jrstatcode":"2006WK059905","rubriek":"wijk","FID":"wijk_gegeneraliseerd_2006.d0cff19e-0bd8-4eb9-b0a8-97482e87ee3f"},"id":"WK059905"},{"arcs":[[-4347,-4340,-3582,-3579,-3568,4348,4349]],"type":"Polygon","properties":{"id":57438,"statcode":"WK059906","statnaam":"Wijk 06 Hillegersberg-Schiebroek","jrstatcode":"2006WK059906","rubriek":"wijk","FID":"wijk_gegeneraliseerd_2006.557b67ed-da7d-481a-a2b8-1a26ae95a070"},"id":"WK059906"},{"arcs":[[-4348,-4350,4350,4351,4352,-4326]],"type":"Polygon","properties":{"id":57439,"statcode":"WK059908","statnaam":"Wijk 08 Kralingen-Krooswijk","jrstatcode":"2006WK059908","rubriek":"wijk","FID":"wijk_gegeneraliseerd_2006.7719d711-10b1-495b-bc6f-6fa04523e31d"},"id":"WK059908"},{"arcs":[[4353,-4327,-4353,4354]],"type":"Polygon","properties":{"id":57440,"statcode":"WK059910","statnaam":"Wijk 10 Feijenoord","jrstatcode":"2006WK059910","rubriek":"wijk","FID":"wijk_gegeneraliseerd_2006.31891bcf-9a4e-4727-9d81-efbdf3b88fe7"},"id":"WK059910"},{"arcs":[[4355,-4355,-4352,4356,-4125,-4318,-4323,-3547,-3536]],"type":"Polygon","properties":{"id":57441,"statcode":"WK059912","statnaam":"Wijk 12 IJsselmonde","jrstatcode":"2006WK059912","rubriek":"wijk","FID":"wijk_gegeneraliseerd_2006.e0811bf6-6283-49f8-a490-7be9c8d3476d"},"id":"WK059912"},{"arcs":[[4357]],"type":"Polygon","properties":{"id":57442,"statcode":"WK059913","statnaam":"Wijk 13 Pernis","jrstatcode":"2006WK059913","rubriek":"wijk","FID":"wijk_gegeneraliseerd_2006.24dd0918-de69-4735-9e2e-805eb1d28d9f"},"id":"WK059913"},{"arcs":[[-3644,-3666,4358,-3667,-3639,-4126,-4357,-4351,-4349,-3567,4359,-4209,-3663,-3660,-3659]],"type":"Polygon","properties":{"id":57443,"statcode":"WK059914","statnaam":"Wijk 14 Prins Alexander","jrstatcode":"2006WK059914","rubriek":"wijk","FID":"wijk_gegeneraliseerd_2006.bbd3a8d0-3355-4743-af0c-7d83abc9c104"},"id":"WK059914"},{"arcs":[[-4356,-3535,-3506,4360,4361,4362,-4330,-4328,-4354]],"type":"Polygon","properties":{"id":57444,"statcode":"WK059915","statnaam":"Wijk 15 Charlois","jrstatcode":"2006WK059915","rubriek":"wijk","FID":"wijk_gegeneraliseerd_2006.4b3678e2-4f9f-4502-846c-b816a9f42609"},"id":"WK059915"},{"arcs":[[4365,4366,4367,4368,4369,4370,4371]],"type":"Polygon","properties":{"id":57445,"statcode":"WK059916","statnaam":"Wijk 16 Hoogvliet","jrstatcode":"2006WK059916","rubriek":"wijk","FID":"wijk_gegeneraliseerd_2006.f14c30ad-06e3-4daa-85cd-063cb9f4fd07"},"id":"WK059916"},{"arcs":[[4372,-4190,4373,4374,4375,4376]],"type":"Polygon","properties":{"id":57446,"statcode":"WK059917","statnaam":"Wijk 17 Hoek van Holland","jrstatcode":"2006WK059917","rubriek":"wijk","FID":"wijk_gegeneraliseerd_2006.cb52abdf-75ee-41a3-82a4-9975fc63f751"},"id":"WK059917"},{"arcs":[[-4346,-4334,4377,4378,-4342]],"type":"Polygon","properties":{"id":57447,"statcode":"WK059918","statnaam":"Wijk 18 Spaanse Polder","jrstatcode":"2006WK059918","rubriek":"wijk","FID":"wijk_gegeneraliseerd_2006.1f4fce26-f088-4f0e-b04c-ed59f590859b"},"id":"WK059918"},{"arcs":[[-4332,4379,4380,4381,4382]],"type":"Polygon","properties":{"id":57448,"statcode":"WK059919","statnaam":"Wijk 19 Nieuw Mathenesse","jrstatcode":"2006WK059919","rubriek":"wijk","FID":"wijk_gegeneraliseerd_2006.9c0846de-5578-4a1c-a14e-6e803da62520"},"id":"WK059919"},{"arcs":[[-4331,-4363,4383,-4365,4384,4385,-4380]],"type":"Polygon","properties":{"id":57449,"statcode":"WK059921","statnaam":"Wijk 21 Waalhaven","jrstatcode":"2006WK059921","rubriek":"wijk","FID":"wijk_gegeneraliseerd_2006.77ae771a-4e47-415a-bc39-0606ca389be9"},"id":"WK059921"},{"arcs":[[4386,4387,4388,4389,-4385,-4364,-4384,-4362,4390,4391,-4371],[-4358]],"type":"Polygon","properties":{"id":57450,"statcode":"WK059922","statnaam":"Wijk 22 Vondelingsplaat","jrstatcode":"2006WK059922","rubriek":"wijk","FID":"wijk_gegeneraliseerd_2006.6e0162f5-826f-4807-8832-14723dcc0699"},"id":"WK059922"},{"arcs":[[4392,-4188,4393,-4387,-4370,4394,-4222,-4216,-3634,-3638,-3627,4395,4396,-4375]],"type":"Polygon","properties":{"id":57451,"statcode":"WK059923","statnaam":"Wijk 23 Botlek","jrstatcode":"2006WK059923","rubriek":"wijk","FID":"wijk_gegeneraliseerd_2006.b017c6c4-18ed-4e71-aa13-e638c7c594a8"},"id":"WK059923"},{"arcs":[[4397,-4344]],"type":"Polygon","properties":{"id":57452,"statcode":"WK059924","statnaam":"Wijk 24 Bedrijvenpark Noord-West","jrstatcode":"2006WK059924","rubriek":"wijk","FID":"wijk_gegeneraliseerd_2006.336b62eb-09d1-458c-a397-131235945db1"},"id":"WK059924"},{"arcs":[[-3665,-4359]],"type":"Polygon","properties":{"id":57453,"statcode":"WK059925","statnaam":"Wijk 25 Rivium","jrstatcode":"2006WK059925","rubriek":"wijk","FID":"wijk_gegeneraliseerd_2006.23d2e5a5-d5a2-4a82-9c2a-adab2cb42e6d"},"id":"WK059925"},{"arcs":[[-4345]],"type":"Polygon","properties":{"id":57454,"statcode":"WK059926","statnaam":"Wijk 26 Bedrijventerrein Schieveen","jrstatcode":"2006WK059926","rubriek":"wijk","FID":"wijk_gegeneraliseerd_2006.ee533da3-4d2d-40d7-9490-e70cb3c8d821"},"id":"WK059926"},{"arcs":[[-4393,-4374,-4189]],"type":"Polygon","properties":{"id":57455,"statcode":"WK060000","statnaam":"Wijk 00","jrstatcode":"2006WK060000","rubriek":"wijk","FID":"wijk_gegeneraliseerd_2006.7a9f3590-e5d9-4eaa-ac8b-2ad4047f1006"},"id":"WK060000"},{"arcs":[[4398,4399,-4004,-4010,-4015]],"type":"Polygon","properties":{"id":57456,"statcode":"WK060301","statnaam":"Wijk 01","jrstatcode":"2006WK060301","rubriek":"wijk","FID":"wijk_gegeneraliseerd_2006.e211e8fd-0058-4b23-9d75-09cf84b11533"},"id":"WK060301"},{"arcs":[[4400,4401,4402,-4005,-4400]],"type":"Polygon","properties":{"id":57457,"statcode":"WK060302","statnaam":"Wijk 02","jrstatcode":"2006WK060302","rubriek":"wijk","FID":"wijk_gegeneraliseerd_2006.ffba2e82-73fd-48aa-a9ea-d4dbb73dc97e"},"id":"WK060302"},{"arcs":[[-4403,4403,4404,-4006]],"type":"Polygon","properties":{"id":57458,"statcode":"WK060303","statnaam":"Wijk 03","jrstatcode":"2006WK060303","rubriek":"wijk","FID":"wijk_gegeneraliseerd_2006.1b111f48-9383-450f-9a0e-aa34eb546d17"},"id":"WK060303"},{"arcs":[[4405,4406,-3999,-4405]],"type":"Polygon","properties":{"id":57459,"statcode":"WK060304","statnaam":"Wijk 04","jrstatcode":"2006WK060304","rubriek":"wijk","FID":"wijk_gegeneraliseerd_2006.91a9b456-ff1c-41da-a5a8-6c32d12e16e7"},"id":"WK060304"},{"arcs":[[-4407,4407,-4011,-4000]],"type":"Polygon","properties":{"id":57460,"statcode":"WK060305","statnaam":"Wijk 05","jrstatcode":"2006WK060305","rubriek":"wijk","FID":"wijk_gegeneraliseerd_2006.41447d1f-eb27-46ce-bb8b-c61cb8644abd"},"id":"WK060305"},{"arcs":[[4408,-3683,4409,4410,-4012,-4408,4411]],"type":"Polygon","properties":{"id":57461,"statcode":"WK060306","statnaam":"Wijk 06","jrstatcode":"2006WK060306","rubriek":"wijk","FID":"wijk_gegeneraliseerd_2006.1a8bff65-2470-4c24-a72d-c1398f6d8574"},"id":"WK060306"},{"arcs":[[-4412,-4406,4412]],"type":"Polygon","properties":{"id":57462,"statcode":"WK060307","statnaam":"Wijk 07","jrstatcode":"2006WK060307","rubriek":"wijk","FID":"wijk_gegeneraliseerd_2006.9a47fabe-4b1a-4930-901a-f19f168b49c6"},"id":"WK060307"},{"arcs":[[4413,-3673,-3678,-4409,-4413,-4404,-4402]],"type":"Polygon","properties":{"id":57463,"statcode":"WK060308","statnaam":"Wijk 08","jrstatcode":"2006WK060308","rubriek":"wijk","FID":"wijk_gegeneraliseerd_2006.1773131e-a346-4616-b95a-d42adc3b6d0f"},"id":"WK060308"},{"arcs":[[-3674,-4414,-4401,-4399,-4014]],"type":"Polygon","properties":{"id":57464,"statcode":"WK060309","statnaam":"Wijk 09","jrstatcode":"2006WK060309","rubriek":"wijk","FID":"wijk_gegeneraliseerd_2006.f9a5e7c6-5a43-4edf-9424-7fb2363bb281"},"id":"WK060309"},{"arcs":[[4414,4415,4416]],"type":"Polygon","properties":{"id":57465,"statcode":"WK060600","statnaam":"Wijk 00 Centrum","jrstatcode":"2006WK060600","rubriek":"wijk","FID":"wijk_gegeneraliseerd_2006.bdea14a2-ac1b-4290-acea-db94face60e1"},"id":"WK060600"},{"arcs":[[4417,4418,4419,-4378,-4333,-4383,4420,-4415]],"type":"Polygon","properties":{"id":57466,"statcode":"WK060601","statnaam":"Wijk 01 Schiedam-Oost","jrstatcode":"2006WK060601","rubriek":"wijk","FID":"wijk_gegeneraliseerd_2006.5141c57d-0c49-4aba-9df1-7407972883a5"},"id":"WK060601"},{"arcs":[[4421,4422,4423,4424,-4416]],"type":"Polygon","properties":{"id":57467,"statcode":"WK060602","statnaam":"Wijk 02 Tussen Havens en Grachten","jrstatcode":"2006WK060602","rubriek":"wijk","FID":"wijk_gegeneraliseerd_2006.367f5f49-9d78-4cba-8a77-43c225cd0b5a"},"id":"WK060602"},{"arcs":[[4425,-4424,4426]],"type":"Polygon","properties":{"id":57468,"statcode":"WK060603","statnaam":"Wijk 03 Schiedam-West","jrstatcode":"2006WK060603","rubriek":"wijk","FID":"wijk_gegeneraliseerd_2006.1e302d39-ffb9-4c20-8e13-888625d64820"},"id":"WK060603"},{"arcs":[[-4423,4427,-4381,-4386,-4390,4428,4429,4430,-4427]],"type":"Polygon","properties":{"id":57469,"statcode":"WK060604","statnaam":"Wijk 04 Schiedam-Zuid","jrstatcode":"2006WK060604","rubriek":"wijk","FID":"wijk_gegeneraliseerd_2006.641e7b2b-1643-4608-8c0a-fc2788b0fdd5"},"id":"WK060604"},{"arcs":[[-4382,-4428,-4422,-4421]],"type":"Polygon","properties":{"id":57470,"statcode":"WK060605","statnaam":"Wijk 05 Nieuw Mathenesse","jrstatcode":"2006WK060605","rubriek":"wijk","FID":"wijk_gegeneraliseerd_2006.de778a57-163e-48e2-961e-75e52b4462c4"},"id":"WK060605"},{"arcs":[[-4431,4431,-4418,-4417,-4425,-4426]],"type":"Polygon","properties":{"id":57471,"statcode":"WK060606","statnaam":"Wijk 06 Nieuwland","jrstatcode":"2006WK060606","rubriek":"wijk","FID":"wijk_gegeneraliseerd_2006.a6b6de65-5d89-4fb0-bbd8-204778ab2514"},"id":"WK060606"},{"arcs":[[4432,-4419,-4432,-4430,4433,4434,4435,4436]],"type":"Polygon","properties":{"id":57472,"statcode":"WK060607","statnaam":"Wijk 07 Kethel-Bijdorp-Groenoord","jrstatcode":"2006WK060607","rubriek":"wijk","FID":"wijk_gegeneraliseerd_2006.7ec99c59-d136-45a0-b853-5dd3bd8b3be6"},"id":"WK060607"},{"arcs":[[-4343,-4379,-4420,-4433,4437,-4336,-4398]],"type":"Polygon","properties":{"id":57473,"statcode":"WK060608","statnaam":"Wijk 08 Industriegebied ten noorden van Rijksweg 20","jrstatcode":"2006WK060608","rubriek":"wijk","FID":"wijk_gegeneraliseerd_2006.166e33ca-e00a-44ba-834e-a4b29a743237"},"id":"WK060608"},{"arcs":[[4438,4439,-4337,-4438,-4437]],"type":"Polygon","properties":{"id":57474,"statcode":"WK060609","statnaam":"Wijk 09 Landbouwgebied Woudhoek-Spaland","jrstatcode":"2006WK060609","rubriek":"wijk","FID":"wijk_gegeneraliseerd_2006.241611a5-a196-4577-bc37-a9f778c6dad2"},"id":"WK060609"},{"arcs":[[-2434,4440,4441,4442,-3556,-3553,4443]],"type":"Polygon","properties":{"id":57475,"statcode":"WK060800","statnaam":"Wijk 00","jrstatcode":"2006WK060800","rubriek":"wijk","FID":"wijk_gegeneraliseerd_2006.2b8c23fa-6fde-4322-8039-74e28fadc9de"},"id":"WK060800"},{"arcs":[[-3783,-3771,-4302,4444,-4035]],"type":"Polygon","properties":{"id":57476,"statcode":"WK061000","statnaam":"Wijk 00","jrstatcode":"2006WK061000","rubriek":"wijk","FID":"wijk_gegeneraliseerd_2006.30105fd5-1c87-42c4-84d9-85721ddef4a8"},"id":"WK061000"},{"arcs":[[4445,4446,-4287,4447]],"type":"Polygon","properties":{"id":57477,"statcode":"WK061100","statnaam":"Wijk 00 Numansdorp","jrstatcode":"2006WK061100","rubriek":"wijk","FID":"wijk_gegeneraliseerd_2006.be45de33-6811-4f4b-9d74-f2de5f47f1ac"},"id":"WK061100"},{"arcs":[[-4286,-4277,-4258,-4270,4448,4449,-4448]],"type":"Polygon","properties":{"id":57478,"statcode":"WK061101","statnaam":"Wijk 01 Klaaswaal","jrstatcode":"2006WK061101","rubriek":"wijk","FID":"wijk_gegeneraliseerd_2006.28a99844-d55d-4946-9bcd-d5b3682bd235"},"id":"WK061101"},{"arcs":[[4450,4451,4452,4453,4454,4455,-4368,4456,4457,4458]],"type":"Polygon","properties":{"id":57479,"statcode":"WK061200","statnaam":"Wijk 00 Centrum","jrstatcode":"2006WK061200","rubriek":"wijk","FID":"wijk_gegeneraliseerd_2006.f44bd422-4f51-48a7-9c17-5bc51d98ee15"},"id":"WK061200"},{"arcs":[[-4455,4459]],"type":"Polygon","properties":{"id":57480,"statcode":"WK061201","statnaam":"Wijk 01 Schiekamp","jrstatcode":"2006WK061201","rubriek":"wijk","FID":"wijk_gegeneraliseerd_2006.4ee33eae-8eeb-4ed8-a06f-8bd9222c2fd8"},"id":"WK061201"},{"arcs":[[4460]],"type":"Polygon","properties":{"id":57481,"statcode":"WK061202","statnaam":"Wijk 02 Maaswijk","jrstatcode":"2006WK061202","rubriek":"wijk","FID":"wijk_gegeneraliseerd_2006.ec4adc76-073f-4754-be14-4c35b607f24b"},"id":"WK061202"},{"arcs":[[4461,4462,4463,4464,-4452]],"type":"Polygon","properties":{"id":57482,"statcode":"WK061203","statnaam":"Wijk 03 Sterrenkwartier","jrstatcode":"2006WK061203","rubriek":"wijk","FID":"wijk_gegeneraliseerd_2006.417eae40-79ae-41e7-b10f-95b5e4ab0198"},"id":"WK061203"},{"arcs":[[4465,4466,-4462,-4451,4467]],"type":"Polygon","properties":{"id":57483,"statcode":"WK061204","statnaam":"Wijk 04 Groenewoud","jrstatcode":"2006WK061204","rubriek":"wijk","FID":"wijk_gegeneraliseerd_2006.e5e253ca-f5e3-4907-a04d-7093662731e9"},"id":"WK061204"},{"arcs":[[4468,-4467,4469]],"type":"Polygon","properties":{"id":57484,"statcode":"WK061205","statnaam":"Wijk 05 Waterland","jrstatcode":"2006WK061205","rubriek":"wijk","FID":"wijk_gegeneraliseerd_2006.eb92576e-5e91-4580-9efd-2edcb8b8464f"},"id":"WK061205"},{"arcs":[[4470,-4453,-4465]],"type":"Polygon","properties":{"id":57485,"statcode":"WK061206","statnaam":"Wijk 06 De Hoek","jrstatcode":"2006WK061206","rubriek":"wijk","FID":"wijk_gegeneraliseerd_2006.81b6668a-4f0d-4512-bc5b-2f6618e63941"},"id":"WK061206"},{"arcs":[[-4469,4471,-4463]],"type":"Polygon","properties":{"id":57486,"statcode":"WK061207","statnaam":"Wijk 07 Akkers-Vriesland-Vogelenzang","jrstatcode":"2006WK061207","rubriek":"wijk","FID":"wijk_gegeneraliseerd_2006.dc1543b9-c4d5-4b8a-a7c9-9550e20d23d5"},"id":"WK061207"},{"arcs":[[-4468,-4459,4472,-4457,-4367,4473]],"type":"Polygon","properties":{"id":57487,"statcode":"WK061208","statnaam":"Wijk 08 Schenkel","jrstatcode":"2006WK061208","rubriek":"wijk","FID":"wijk_gegeneraliseerd_2006.db14d7cc-4879-4758-ae43-b464e1cf377a"},"id":"WK061208"},{"arcs":[[-4466,-4474,-4366,4474,4475,-4260,-4276,-4280,-4218,-4395,-4369,-4456,-4460,-4454,-4471,-4464,-4472,-4470],[-4461]],"type":"Polygon","properties":{"id":57488,"statcode":"WK061209","statnaam":"Wijk 09 Hekelingen en buitengebied","jrstatcode":"2006WK061209","rubriek":"wijk","FID":"wijk_gegeneraliseerd_2006.23f309e1-1254-43c3-a1e2-347b66e9fe49"},"id":"WK061209"},{"arcs":[[-3545,-4261,-4254,-4476,4476,-4391,-4361,-3511,-3530,-3528]],"type":"Polygon","properties":{"id":57489,"statcode":"WK061300","statnaam":"Wijk 00 Rhoon","jrstatcode":"2006WK061300","rubriek":"wijk","FID":"wijk_gegeneraliseerd_2006.095d47ce-d65c-4a18-91e9-8d56209f1702"},"id":"WK061300"},{"arcs":[[-4372,-4392,-4477,-4475]],"type":"Polygon","properties":{"id":57490,"statcode":"WK061302","statnaam":"Wijk 02 Poortugaal","jrstatcode":"2006WK061302","rubriek":"wijk","FID":"wijk_gegeneraliseerd_2006.9ed82b39-43dd-4791-9b8d-bd3cf08e9c1b"},"id":"WK061302"},{"arcs":[[-4074,4477,4478]],"type":"Polygon","properties":{"id":57491,"statcode":"WK061400","statnaam":"Wijk 00 Rockanje","jrstatcode":"2006WK061400","rubriek":"wijk","FID":"wijk_gegeneraliseerd_2006.84f7a9cb-470a-4494-a47d-e432b1da38ef"},"id":"WK061400"},{"arcs":[[-4479,4479,-4396,-3626,-3633,-4075]],"type":"Polygon","properties":{"id":57492,"statcode":"WK061401","statnaam":"Wijk 01 Oostvoorne","jrstatcode":"2006WK061401","rubriek":"wijk","FID":"wijk_gegeneraliseerd_2006.7036cb52-d8b6-441b-abb8-fb8d0255fc48"},"id":"WK061401"},{"arcs":[[-4449,-4269,-4272,-3889,4480]],"type":"Polygon","properties":{"id":57493,"statcode":"WK061700","statnaam":"Wijk 00 Strijen","jrstatcode":"2006WK061700","rubriek":"wijk","FID":"wijk_gegeneraliseerd_2006.71576ecb-f6b2-492e-ae2f-7a81feafa451"},"id":"WK061700"},{"arcs":[[-4446,-4450,-4481,-3893,-3781,4481]],"type":"Polygon","properties":{"id":57494,"statcode":"WK061701","statnaam":"Wijk 01 Strijensas","jrstatcode":"2006WK061701","rubriek":"wijk","FID":"wijk_gegeneraliseerd_2006.f2b158c4-b01b-4de6-9cdd-9f2a8ac54620"},"id":"WK061701"},{"arcs":[[4482,4483,4484,4485,-2429,-2531,-2549]],"type":"Polygon","properties":{"id":57495,"statcode":"WK062000","statnaam":"Wijk 00 Vianen","jrstatcode":"2006WK062000","rubriek":"wijk","FID":"wijk_gegeneraliseerd_2006.3863015d-85e2-4d77-ae45-b4884ae69e4f"},"id":"WK062000"},{"arcs":[[-2548,-2389,-2397,4486,-4483]],"type":"Polygon","properties":{"id":57496,"statcode":"WK062001","statnaam":"Wijk 01 Hagestein","jrstatcode":"2006WK062001","rubriek":"wijk","FID":"wijk_gegeneraliseerd_2006.a02f41ce-1faf-4abf-a939-5bb1a4113ba1"},"id":"WK062001"},{"arcs":[[-4132,-4484,-4487,-2396,-1741]],"type":"Polygon","properties":{"id":57497,"statcode":"WK062002","statnaam":"Wijk 02 Everdingen","jrstatcode":"2006WK062002","rubriek":"wijk","FID":"wijk_gegeneraliseerd_2006.e06215c3-b838-4394-8199-d55e019d5f3e"},"id":"WK062002"},{"arcs":[[4487,4488,4489,4490,4491]],"type":"Polygon","properties":{"id":57498,"statcode":"WK062201","statnaam":"Wijk 01 Centrum","jrstatcode":"2006WK062201","rubriek":"wijk","FID":"wijk_gegeneraliseerd_2006.0c6de2a4-731a-487a-abae-dab575b31221"},"id":"WK062201"},{"arcs":[[4492,-4186,4493,-4489]],"type":"Polygon","properties":{"id":57499,"statcode":"WK062202","statnaam":"Wijk 02 Westwijk","jrstatcode":"2006WK062202","rubriek":"wijk","FID":"wijk_gegeneraliseerd_2006.76dc3391-8726-4474-96ac-d418664c385a"},"id":"WK062202"},{"arcs":[[-4488,4494,-4388,-4394,-4187,-4493]],"type":"Polygon","properties":{"id":57500,"statcode":"WK062203","statnaam":"Wijk 03 Vettenoordse Polder","jrstatcode":"2006WK062203","rubriek":"wijk","FID":"wijk_gegeneraliseerd_2006.dfacdbe4-14d7-4850-8d80-625b8dd16019"},"id":"WK062203"},{"arcs":[[-4434,-4429,-4389,-4495,-4492,4495]],"type":"Polygon","properties":{"id":57501,"statcode":"WK062204","statnaam":"Wijk 04 Oostwijk","jrstatcode":"2006WK062204","rubriek":"wijk","FID":"wijk_gegeneraliseerd_2006.200af649-d1e9-4862-bd1f-8ed5cae1db46"},"id":"WK062204"},{"arcs":[[-4491,4496,-4435,-4496]],"type":"Polygon","properties":{"id":57502,"statcode":"WK062205","statnaam":"Wijk 05 Vlaardinger Ambacht","jrstatcode":"2006WK062205","rubriek":"wijk","FID":"wijk_gegeneraliseerd_2006.ef98294e-7e80-4da6-b61f-ff0bb68b0bce"},"id":"WK062205"},{"arcs":[[4497,4498,-4436,-4497]],"type":"Polygon","properties":{"id":57503,"statcode":"WK062206","statnaam":"Wijk 06 Holy-Zuid","jrstatcode":"2006WK062206","rubriek":"wijk","FID":"wijk_gegeneraliseerd_2006.ec5bd049-ba9f-4b32-8557-689233ef9630"},"id":"WK062206"},{"arcs":[[4499,4500,-4439,-4499]],"type":"Polygon","properties":{"id":57504,"statcode":"WK062207","statnaam":"Wijk 07 Holy-Noord","jrstatcode":"2006WK062207","rubriek":"wijk","FID":"wijk_gegeneraliseerd_2006.b8568164-e50e-44db-a7e0-2f01d88b0009"},"id":"WK062207"},{"arcs":[[-4500,-4498,-4490,-4494,4501,4502]],"type":"Polygon","properties":{"id":57505,"statcode":"WK062208","statnaam":"Wijk 08 Broekpolder","jrstatcode":"2006WK062208","rubriek":"wijk","FID":"wijk_gegeneraliseerd_2006.bcecf0d2-7b2c-4219-a7fc-f133256c0c07"},"id":"WK062208"},{"arcs":[[-3885,-3882,-4307,-4298,-4295,4503,4504,4505],[4506]],"type":"Polygon","properties":{"id":57506,"statcode":"WK062300","statnaam":"Wijk 00 Haastrecht","jrstatcode":"2006WK062300","rubriek":"wijk","FID":"wijk_gegeneraliseerd_2006.e19a19ee-5842-4df9-b8c9-cf6c2a72f4b0"},"id":"WK062300"},{"arcs":[[-4507]],"type":"Polygon","properties":{"id":57507,"statcode":"WK062301","statnaam":"Wijk 01 Bergvliet","jrstatcode":"2006WK062301","rubriek":"wijk","FID":"wijk_gegeneraliseerd_2006.e403661d-a644-4b47-905f-1efe73d6b218"},"id":"WK062301"},{"arcs":[[-3565,4507,-4505,4508,-3551]],"type":"Polygon","properties":{"id":57508,"statcode":"WK062302","statnaam":"Wijk 02 Stolwijk","jrstatcode":"2006WK062302","rubriek":"wijk","FID":"wijk_gegeneraliseerd_2006.36b98ebc-5d47-4d9b-91b4-2ab1c5c710b0"},"id":"WK062302"},{"arcs":[[-4444,-3552,-4509,-4504,-4294,-2424]],"type":"Polygon","properties":{"id":57509,"statcode":"WK062303","statnaam":"Wijk 03 Vlist","jrstatcode":"2006WK062303","rubriek":"wijk","FID":"wijk_gegeneraliseerd_2006.43156b82-4d57-4d28-982d-3edeae9c7459"},"id":"WK062303"},{"arcs":[[-4155,4509,4510,4511,4512,-4166]],"type":"Polygon","properties":{"id":57510,"statcode":"WK062600","statnaam":"Wijk 00","jrstatcode":"2006WK062600","rubriek":"wijk","FID":"wijk_gegeneraliseerd_2006.56ab3d1a-766d-47c3-b8b8-f7240a29cc9e"},"id":"WK062600"},{"arcs":[[-3873,-3871,-3888,-4208,4513,4514,4515,4516,-3623,-4304]],"type":"Polygon","properties":{"id":57511,"statcode":"WK062700","statnaam":"Wijk 00","jrstatcode":"2006WK062700","rubriek":"wijk","FID":"wijk_gegeneraliseerd_2006.d9cbbd5d-4641-4bb8-a44c-4e1e0a65a02f"},"id":"WK062700"},{"arcs":[[-4512,4517,-3969,-3967,-3907,-3894,4518,4519]],"type":"Polygon","properties":{"id":57512,"statcode":"WK062900","statnaam":"Wijk 00 Zuidwestelijk deel der gemeente","jrstatcode":"2006WK062900","rubriek":"wijk","FID":"wijk_gegeneraliseerd_2006.12a47ee3-7bf6-4a43-86ae-d1d46f2ecf6b"},"id":"WK062900"},{"arcs":[[4520,-4110,-4120,-4167,-4513,-4520]],"type":"Polygon","properties":{"id":57513,"statcode":"WK062901","statnaam":"Wijk 01 Noordoostelijk deel der gemeente","jrstatcode":"2006WK062901","rubriek":"wijk","FID":"wijk_gegeneraliseerd_2006.a143003c-ccb6-42d9-8dc9-b9321b7f7a0e"},"id":"WK062901"},{"arcs":[[4521,4522,-2455,-4309,4523]],"type":"Polygon","properties":{"id":57514,"statcode":"WK063200","statnaam":"Wijk 00 Woerden-Midden","jrstatcode":"2006WK063200","rubriek":"wijk","FID":"wijk_gegeneraliseerd_2006.5b47b441-c028-4bb6-be93-7932dc364dc8"},"id":"WK063200"},{"arcs":[[-4308,-3606,-3604,-3597,4524,4525,-4524]],"type":"Polygon","properties":{"id":57515,"statcode":"WK063201","statnaam":"Wijk 01 Woerden-West","jrstatcode":"2006WK063201","rubriek":"wijk","FID":"wijk_gegeneraliseerd_2006.e8e0b0d2-5038-4366-9506-7c863f624036"},"id":"WK063201"},{"arcs":[[-2456,-4523,4526,4527]],"type":"Polygon","properties":{"id":57516,"statcode":"WK063202","statnaam":"Wijk 02 Woerden-Oost","jrstatcode":"2006WK063202","rubriek":"wijk","FID":"wijk_gegeneraliseerd_2006.2f8a36d3-c95f-47bf-b1cf-857e3e7e8360"},"id":"WK063202"},{"arcs":[[4528,-4525,-3596,-4227]],"type":"Polygon","properties":{"id":57517,"statcode":"WK063203","statnaam":"Wijk 03 Zegveld","jrstatcode":"2006WK063203","rubriek":"wijk","FID":"wijk_gegeneraliseerd_2006.e29cb771-e790-43f7-9a7b-fc86e5a6b0aa"},"id":"WK063203"},{"arcs":[[4529,-4527,-4522,-4526,-4529,-4230,4530,-2366]],"type":"Polygon","properties":{"id":57518,"statcode":"WK063204","statnaam":"Wijk 04 Kamerik","jrstatcode":"2006WK063204","rubriek":"wijk","FID":"wijk_gegeneraliseerd_2006.d764686f-1a17-4882-915f-b4a87ecde672"},"id":"WK063204"},{"arcs":[[-2457,-4528,-4530,-2365,-2502]],"type":"Polygon","properties":{"id":57519,"statcode":"WK063205","statnaam":"Wijk 05 Harmelen","jrstatcode":"2006WK063205","rubriek":"wijk","FID":"wijk_gegeneraliseerd_2006.2c244a7d-edac-473e-8963-fac2a1e81e0e"},"id":"WK063205"},{"arcs":[[4531,4532,4533,4534,4535]],"type":"Polygon","properties":{"id":57520,"statcode":"WK063700","statnaam":"Wijk 00 Centrum","jrstatcode":"2006WK063700","rubriek":"wijk","FID":"wijk_gegeneraliseerd_2006.f3a9b882-a1cc-4bc1-8e80-60a7f304406f"},"id":"WK063700"},{"arcs":[[-4533,4536,4537,4538]],"type":"Polygon","properties":{"id":57521,"statcode":"WK063701","statnaam":"Wijk 01 Meerzicht","jrstatcode":"2006WK063701","rubriek":"wijk","FID":"wijk_gegeneraliseerd_2006.5900101c-c519-4790-9933-81243ea3dff7"},"id":"WK063701"},{"arcs":[[4539,4540,-4534,-4539,4541]],"type":"Polygon","properties":{"id":57522,"statcode":"WK063702","statnaam":"Wijk 02 Buytenwegh - De Leyens","jrstatcode":"2006WK063702","rubriek":"wijk","FID":"wijk_gegeneraliseerd_2006.d11fdc89-a882-48f6-ac37-2b58fc552e35"},"id":"WK063702"},{"arcs":[[4542,-4535,-4541,4543]],"type":"Polygon","properties":{"id":57523,"statcode":"WK063703","statnaam":"Wijk 03 Seghwaert","jrstatcode":"2006WK063703","rubriek":"wijk","FID":"wijk_gegeneraliseerd_2006.0ed15a19-c184-43bb-acbb-0955e2f5d1ee"},"id":"WK063703"},{"arcs":[[-4540,4544,4545,4546,-4544]],"type":"Polygon","properties":{"id":57524,"statcode":"WK063704","statnaam":"Wijk 04 Noordhove","jrstatcode":"2006WK063704","rubriek":"wijk","FID":"wijk_gegeneraliseerd_2006.0c9ffc69-ccea-413f-8bbb-d8203ba19dbd"},"id":"WK063704"},{"arcs":[[-3576,4547,4548,-4537,-4532,4549]],"type":"Polygon","properties":{"id":57525,"statcode":"WK063705","statnaam":"Wijk 05 Rokkeveen","jrstatcode":"2006WK063705","rubriek":"wijk","FID":"wijk_gegeneraliseerd_2006.548af654-9564-4abd-b385-f87e8d64d519"},"id":"WK063705"},{"arcs":[[4550,-3589,4551,4552,-4547]],"type":"Polygon","properties":{"id":57526,"statcode":"WK063706","statnaam":"Wijk 06 Oosterheem","jrstatcode":"2006WK063706","rubriek":"wijk","FID":"wijk_gegeneraliseerd_2006.c1d2cd7e-ac0d-415f-92a9-7cef32c36db1"},"id":"WK063706"},{"arcs":[[-3587,-3577,-4550,-4536,-4543,-4553,4553]],"type":"Polygon","properties":{"id":57527,"statcode":"WK063708","statnaam":"Wijk 08 Industriegebied","jrstatcode":"2006WK063708","rubriek":"wijk","FID":"wijk_gegeneraliseerd_2006.bbfbfe7c-ea91-40fd-bd43-c2dc215b622f"},"id":"WK063708"},{"arcs":[[[-4549,4554,4555,-4030,4556,4557,4558,4559,-4545,-4542,-4538]],[[-4552,-3588,-4554]]],"type":"MultiPolygon","properties":{"id":57528,"statcode":"WK063709","statnaam":"Wijk 09 Buitengebied","jrstatcode":"2006WK063709","rubriek":"wijk","FID":"wijk_gegeneraliseerd_2006.0d6f97f4-1696-4405-8c33-f0a733e5126b"},"id":"WK063709"},{"arcs":[[-4153,-4150,4560,4561,4562,-4559,4563]],"type":"Polygon","properties":{"id":57529,"statcode":"WK063800","statnaam":"Wijk 00 Zoeterwoude","jrstatcode":"2006WK063800","rubriek":"wijk","FID":"wijk_gegeneraliseerd_2006.89991f5b-e208-4819-b63a-39e315e68ede"},"id":"WK063800"},{"arcs":[[4564,-4561,-4149,-4175]],"type":"Polygon","properties":{"id":57530,"statcode":"WK063801","statnaam":"Wijk 01 Hoge Rijndijk","jrstatcode":"2006WK063801","rubriek":"wijk","FID":"wijk_gegeneraliseerd_2006.12767080-f7b4-4e85-b0aa-ef2585e6a341"},"id":"WK063801"},{"arcs":[[-4303,-3721,4565,4566,-4082]],"type":"Polygon","properties":{"id":57531,"statcode":"WK064201","statnaam":"Wijk 01 Walbrug","jrstatcode":"2006WK064201","rubriek":"wijk","FID":"wijk_gegeneraliseerd_2006.2e594744-519c-4a49-be2d-8780bb17c34f"},"id":"WK064201"},{"arcs":[[-3720,4567,4568,4569,-4566]],"type":"Polygon","properties":{"id":57532,"statcode":"WK064202","statnaam":"Wijk 02 Centrum","jrstatcode":"2006WK064202","rubriek":"wijk","FID":"wijk_gegeneraliseerd_2006.fc8af878-df13-49a2-bd70-a72098508773"},"id":"WK064202"},{"arcs":[[4570,4571,-4083,-4567,-4570]],"type":"Polygon","properties":{"id":57533,"statcode":"WK064203","statnaam":"Wijk 03 Noord","jrstatcode":"2006WK064203","rubriek":"wijk","FID":"wijk_gegeneraliseerd_2006.e229fd31-8e5e-4a01-bbba-04587c265b00"},"id":"WK064203"},{"arcs":[[4572,4573,4574]],"type":"Polygon","properties":{"id":57534,"statcode":"WK064204","statnaam":"Wijk 04 Heer Oudelands Ambacht","jrstatcode":"2006WK064204","rubriek":"wijk","FID":"wijk_gegeneraliseerd_2006.441166c5-44e8-4b90-877a-7effa3a91704"},"id":"WK064204"},{"arcs":[[4575,-4571,-4569,4576,4577,-4575]],"type":"Polygon","properties":{"id":57535,"statcode":"WK064205","statnaam":"Wijk 05 Kort Ambacht","jrstatcode":"2006WK064205","rubriek":"wijk","FID":"wijk_gegeneraliseerd_2006.737760b8-6d05-43ad-b560-ef87bc32be1a"},"id":"WK064205"},{"arcs":[[4578,-4573,-4578]],"type":"Polygon","properties":{"id":57536,"statcode":"WK064206","statnaam":"Wijk 06 Nederhoven","jrstatcode":"2006WK064206","rubriek":"wijk","FID":"wijk_gegeneraliseerd_2006.3a24478e-4603-45da-b0fb-9d9ffaa3aacc"},"id":"WK064206"},{"arcs":[[-4577,-4568,-3774,-3892,-4274,4579,-4321,-4084,-4572,-4576,-4574,-4579]],"type":"Polygon","properties":{"id":57537,"statcode":"WK064207","statnaam":"Wijk 07 Verspreide bebouwing","jrstatcode":"2006WK064207","rubriek":"wijk","FID":"wijk_gegeneraliseerd_2006.dfa62ca4-31e1-4588-b984-901d592d8dbf"},"id":"WK064207"},{"arcs":[[4580,-3542]],"type":"Polygon","properties":{"id":57538,"statcode":"WK064208","statnaam":"Wijk 08 Bebouwde kom Heerjansdam","jrstatcode":"2006WK064208","rubriek":"wijk","FID":"wijk_gegeneraliseerd_2006.d5c12e3b-f7c5-4599-b333-8b5c4d7f5768"},"id":"WK064208"},{"arcs":[[-4322,-4580,-4273,-4262,-3543,-4581,-3541]],"type":"Polygon","properties":{"id":57539,"statcode":"WK064209","statnaam":"Wijk 09 Landelijk gebied Heerjansdam","jrstatcode":"2006WK064209","rubriek":"wijk","FID":"wijk_gegeneraliseerd_2006.4dd53e08-c01d-4256-ac25-4b397d446e4a"},"id":"WK064209"},{"arcs":[[4581,-4234,4582,-4122,4583,-3562,-3549,-3555]],"type":"Polygon","properties":{"id":57540,"statcode":"WK064300","statnaam":"Wijk 00 Lekkerkerk","jrstatcode":"2006WK064300","rubriek":"wijk","FID":"wijk_gegeneraliseerd_2006.9561524f-cdf0-4a67-a783-97d66e68a6e6"},"id":"WK064300"},{"arcs":[[-4233,-4324,-4315,-4123,-4583]],"type":"Polygon","properties":{"id":57541,"statcode":"WK064301","statnaam":"Wijk 01 Krimpen aan de Lek","jrstatcode":"2006WK064301","rubriek":"wijk","FID":"wijk_gegeneraliseerd_2006.7dd71f62-cda5-4a43-b77a-6a4f941732ca"},"id":"WK064301"},{"arcs":[[4584,-3563,-4584,-4121,-3654,-4211,-4205]],"type":"Polygon","properties":{"id":57542,"statcode":"WK064400","statnaam":"Wijk 00 Ouderkerk aan de Ijssel","jrstatcode":"2006WK064400","rubriek":"wijk","FID":"wijk_gegeneraliseerd_2006.fc46edaf-85e5-4262-94aa-55b7750d1e0b"},"id":"WK064400"},{"arcs":[[-4508,-3564,-4585,-4204,-3886,-3866,-3884,-4506]],"type":"Polygon","properties":{"id":57543,"statcode":"WK064401","statnaam":"Wijk 01 Gouderak","jrstatcode":"2006WK064401","rubriek":"wijk","FID":"wijk_gegeneraliseerd_2006.dd996c10-b8a2-422a-82ad-f152fac95f2e"},"id":"WK064401"},{"arcs":[[-3426,4585,-3413,-3443,-3436,4586,-4172,-3430]],"type":"Polygon","properties":{"id":57544,"statcode":"WK064500","statnaam":"Wijk 00 Woubrugge","jrstatcode":"2006WK064500","rubriek":"wijk","FID":"wijk_gegeneraliseerd_2006.24d9c7ca-e5a9-4877-a890-bc7924569476"},"id":"WK064500"},{"arcs":[[-3414,-4586,-3429,4587]],"type":"Polygon","properties":{"id":57545,"statcode":"WK064501","statnaam":"Wijk 01 Rijnsaterwoude","jrstatcode":"2006WK064501","rubriek":"wijk","FID":"wijk_gegeneraliseerd_2006.ef0e55f3-15a4-4649-872b-e0c7e8930643"},"id":"WK064501"},{"arcs":[[-3428,-2918,-2557,-3288,-3415,-4588]],"type":"Polygon","properties":{"id":57546,"statcode":"WK064502","statnaam":"Wijk 02 Leimuiden","jrstatcode":"2006WK064502","rubriek":"wijk","FID":"wijk_gegeneraliseerd_2006.9dd7921f-302f-49b6-b220-9eea822602c2"},"id":"WK064502"},{"arcs":[[4588,4589,-328,-647,4590,4591]],"type":"Polygon","properties":{"id":57547,"statcode":"WK065300","statnaam":"Wijk 00 Noordoost","jrstatcode":"2006WK065300","rubriek":"wijk","FID":"wijk_gegeneraliseerd_2006.1ecbf3b4-cc74-4dca-925c-3f7c11c6b0ef"},"id":"WK065300"},{"arcs":[[-4589,4592,4593,-773,-770,4594,4595]],"type":"Polygon","properties":{"id":57548,"statcode":"WK065301","statnaam":"Wijk 01","jrstatcode":"2006WK065301","rubriek":"wijk","FID":"wijk_gegeneraliseerd_2006.4fa48f6a-0ecd-47d9-9bcc-9bde593e3818"},"id":"WK065301"},{"arcs":[[-4594,4596,4597,-774]],"type":"Polygon","properties":{"id":57549,"statcode":"WK065302","statnaam":"Wijk 02 Noordwest","jrstatcode":"2006WK065302","rubriek":"wijk","FID":"wijk_gegeneraliseerd_2006.17429653-65f7-4954-bff4-fdfdd0bb25ea"},"id":"WK065302"},{"arcs":[[-4597,-4593,-4592,4598]],"type":"Polygon","properties":{"id":57550,"statcode":"WK065303","statnaam":"Wijk 03 Zuid","jrstatcode":"2006WK065303","rubriek":"wijk","FID":"wijk_gegeneraliseerd_2006.ffd62cf6-dd06-4110-b645-a59fff9f1be6"},"id":"WK065303"},{"arcs":[[4599,4600,4601,4602,4603,4604,4605,4606,4607,4608,4609,4610,4611,4612]],"type":"Polygon","properties":{"id":57551,"statcode":"WK065400","statnaam":"Wijk 00 Borsele-West","jrstatcode":"2006WK065400","rubriek":"wijk","FID":"wijk_gegeneraliseerd_2006.4aa17a7a-aae3-4dee-8c54-5bee4186b276"},"id":"WK065400"},{"arcs":[[4615,4616,4617,4618,4619,4620,-4600,4621,4622,4623]],"type":"Polygon","properties":{"id":57552,"statcode":"WK065401","statnaam":"Wijk 01 Borsele-Oost","jrstatcode":"2006WK065401","rubriek":"wijk","FID":"wijk_gegeneraliseerd_2006.d60f293f-b52e-498f-b1aa-6ce05d97dd84"},"id":"WK065401"},{"arcs":[[[4624,-4619,4625]],[[4626,-4601,-4621]]],"type":"MultiPolygon","properties":{"id":57553,"statcode":"WK065402","statnaam":"Wijk 02 Borsele-Midden en -Oost","jrstatcode":"2006WK065402","rubriek":"wijk","FID":"wijk_gegeneraliseerd_2006.5e596b7f-98ab-443d-9119-ef455862997a"},"id":"WK065402"},{"arcs":[[-4602,-4627,-4620,-4625,4627]],"type":"Polygon","properties":{"id":57554,"statcode":"WK065403","statnaam":"Wijk 03 Borsele-Zuidoost","jrstatcode":"2006WK065403","rubriek":"wijk","FID":"wijk_gegeneraliseerd_2006.39724ce6-c5b0-47ed-a934-1109246da2e4"},"id":"WK065403"},{"arcs":[[-4624,4628,4629,4630]],"type":"Polygon","properties":{"id":57555,"statcode":"WK066401","statnaam":"Wijk 01 Goes","jrstatcode":"2006WK066401","rubriek":"wijk","FID":"wijk_gegeneraliseerd_2006.de691dcb-fd8b-4b4a-b799-536c8ced60cc"},"id":"WK066401"},{"arcs":[[4631,4632,-4630,4633,4634]],"type":"Polygon","properties":{"id":57556,"statcode":"WK066402","statnaam":"Wijk 02 Wilhelminadorp","jrstatcode":"2006WK066402","rubriek":"wijk","FID":"wijk_gegeneraliseerd_2006.b4a03013-067b-4540-b018-402325afdc17"},"id":"WK066402"},{"arcs":[[-4633,4635,4636,-4616,-4631]],"type":"Polygon","properties":{"id":57557,"statcode":"WK066403","statnaam":"Wijk 03 Kloetinge","jrstatcode":"2006WK066403","rubriek":"wijk","FID":"wijk_gegeneraliseerd_2006.38f71509-06bd-4ee7-876e-813555570a2b"},"id":"WK066403"},{"arcs":[[4637,4638,-4636,-4632,4639]],"type":"Polygon","properties":{"id":57558,"statcode":"WK066404","statnaam":"Wijk 04 Kattendijke","jrstatcode":"2006WK066404","rubriek":"wijk","FID":"wijk_gegeneraliseerd_2006.d60543c3-38b2-4caa-bf34-a005c60358bf"},"id":"WK066404"},{"arcs":[[4640,-4622,-4613,4641,4642,4643]],"type":"Polygon","properties":{"id":57559,"statcode":"WK066405","statnaam":"Wijk 05 's-Heer-Arendskerke","jrstatcode":"2006WK066405","rubriek":"wijk","FID":"wijk_gegeneraliseerd_2006.af59cb02-19f0-44ec-9443-514c7a82f4f6"},"id":"WK066405"},{"arcs":[[4644,-4644,4645]],"type":"Polygon","properties":{"id":57560,"statcode":"WK066406","statnaam":"Wijk 06 Eindewege","jrstatcode":"2006WK066406","rubriek":"wijk","FID":"wijk_gegeneraliseerd_2006.a46417fd-efdb-4ada-a9b6-fdaec4b84e6b"},"id":"WK066406"},{"arcs":[[-4623,-4641,-4645,4646,-4629]],"type":"Polygon","properties":{"id":57561,"statcode":"WK066407","statnaam":"Wijk 07 's-Heer-Hendrikskinderen","jrstatcode":"2006WK066407","rubriek":"wijk","FID":"wijk_gegeneraliseerd_2006.abac6464-04d9-4fd2-b4bc-2b9ee3fc572e"},"id":"WK066407"},{"arcs":[[4647,4648,-4634,-4647,-4646,-4643,4649,4650],[4651]],"type":"Polygon","properties":{"id":57562,"statcode":"WK066408","statnaam":"Wijk 08 Wolphaartsdijk","jrstatcode":"2006WK066408","rubriek":"wijk","FID":"wijk_gegeneraliseerd_2006.6cdd0543-1683-4558-a0c2-385233536afc"},"id":"WK066408"},{"arcs":[[-4652]],"type":"Polygon","properties":{"id":57563,"statcode":"WK066409","statnaam":"Wijk 09 Oud-Sabbinge","jrstatcode":"2006WK066409","rubriek":"wijk","FID":"wijk_gegeneraliseerd_2006.63de0d11-daaf-4d8d-8641-781ca8184113"},"id":"WK066409"},{"arcs":[[4654,4655,4656,4657,4658,4659]],"type":"Polygon","properties":{"id":57564,"statcode":"WK066801","statnaam":"Wijk 01 Alphen","jrstatcode":"2006WK066801","rubriek":"wijk","FID":"wijk_gegeneraliseerd_2006.ccbed0b7-f05e-405c-9dc6-0ece2bd4c7d2"},"id":"WK066801"},{"arcs":[[4660,4661,4662,4663,-1788]],"type":"Polygon","properties":{"id":57565,"statcode":"WK066802","statnaam":"Wijk 02 Altforst","jrstatcode":"2006WK066802","rubriek":"wijk","FID":"wijk_gegeneraliseerd_2006.69afe22b-c603-4ccb-adbc-1ed1c354a86d"},"id":"WK066802"},{"arcs":[[-1787,-2157,4664,4665,4666,-4661]],"type":"Polygon","properties":{"id":57566,"statcode":"WK066803","statnaam":"Wijk 03 Appeltern","jrstatcode":"2006WK066803","rubriek":"wijk","FID":"wijk_gegeneraliseerd_2006.abd246cc-76a5-43d8-9ce2-de3566a6e3e4"},"id":"WK066803"},{"arcs":[[-1790,4667,-4663,4668,4669,4670]],"type":"Polygon","properties":{"id":57567,"statcode":"WK066804","statnaam":"Wijk 04 Beneden-Leeuwen","jrstatcode":"2006WK066804","rubriek":"wijk","FID":"wijk_gegeneraliseerd_2006.8d052e5c-7297-4840-aeac-8b16c7f539f8"},"id":"WK066804"},{"arcs":[[-4664,-4668,-1789]],"type":"Polygon","properties":{"id":57568,"statcode":"WK066805","statnaam":"Wijk 05 Boven-Leeuwen","jrstatcode":"2006WK066805","rubriek":"wijk","FID":"wijk_gegeneraliseerd_2006.a9ce9bad-3ecb-49b2-b3c9-ce973bb49916"},"id":"WK066805"},{"arcs":[[4671,-4659,4672,-2033,-2219,-2122,-2112]],"type":"Polygon","properties":{"id":57569,"statcode":"WK066806","statnaam":"Wijk 06 Dreumel","jrstatcode":"2006WK066806","rubriek":"wijk","FID":"wijk_gegeneraliseerd_2006.2f9ae4f3-abbd-4c6e-b97b-203ebaf80806"},"id":"WK066806"},{"arcs":[[-4662,-4667,4673,4674,-4655,4675,-4669]],"type":"Polygon","properties":{"id":57570,"statcode":"WK066807","statnaam":"Wijk 07 Maasbommel","jrstatcode":"2006WK066807","rubriek":"wijk","FID":"wijk_gegeneraliseerd_2006.bcd778a5-bade-414f-a0c3-9ede45fe1aa8"},"id":"WK066807"},{"arcs":[[-4670,-4676,-4660,-4672,-2118,4676]],"type":"Polygon","properties":{"id":57571,"statcode":"WK066808","statnaam":"Wijk 08 Wamel","jrstatcode":"2006WK066808","rubriek":"wijk","FID":"wijk_gegeneraliseerd_2006.2d49ee98-6985-4f6d-957c-40020793d70b"},"id":"WK066808"},{"arcs":[[4677,4678,4679,4680,4681,4682,4683,4684]],"type":"Polygon","properties":{"id":57572,"statcode":"WK067701","statnaam":"Wijk 01 Hulst","jrstatcode":"2006WK067701","rubriek":"wijk","FID":"wijk_gegeneraliseerd_2006.5323fd08-28fc-4c4e-9573-8f3cdb46ef0c"},"id":"WK067701"},{"arcs":[[4685,4686,4687,-4679]],"type":"Polygon","properties":{"id":57573,"statcode":"WK067702","statnaam":"Wijk 02 St. Jansteen","jrstatcode":"2006WK067702","rubriek":"wijk","FID":"wijk_gegeneraliseerd_2006.5595030d-e019-4360-a7ac-a4acd2bec144"},"id":"WK067702"},{"arcs":[[4688,4689,4690,-4685,4691]],"type":"Polygon","properties":{"id":57574,"statcode":"WK067703","statnaam":"Wijk 03 Clinge","jrstatcode":"2006WK067703","rubriek":"wijk","FID":"wijk_gegeneraliseerd_2006.6bc70d00-6267-4e6e-baef-0bf343175893"},"id":"WK067703"},{"arcs":[[-4692,-4684,4692,4693,4694,4695]],"type":"Polygon","properties":{"id":57575,"statcode":"WK067704","statnaam":"Wijk 04 Grauw","jrstatcode":"2006WK067704","rubriek":"wijk","FID":"wijk_gegeneraliseerd_2006.3ec053a6-f15d-42c1-b721-4ad7c73a9043"},"id":"WK067704"},{"arcs":[[4696,4697,4698,4699,-4680,-4688]],"type":"Polygon","properties":{"id":57576,"statcode":"WK067705","statnaam":"Wijk 05 Heikant","jrstatcode":"2006WK067705","rubriek":"wijk","FID":"wijk_gegeneraliseerd_2006.bf0b3a94-d030-4cfc-8efc-c77e998862b1"},"id":"WK067705"},{"arcs":[[[-4689,-4696,4700]],[[4701]]],"type":"MultiPolygon","properties":{"id":57577,"statcode":"WK067706","statnaam":"Wijk 06 Nieuw Namen","jrstatcode":"2006WK067706","rubriek":"wijk","FID":"wijk_gegeneraliseerd_2006.212f484d-de23-4395-ba4d-564a9d0f102e"},"id":"WK067706"},{"arcs":[[-4691,4702,-4686,-4678]],"type":"Polygon","properties":{"id":57578,"statcode":"WK067707","statnaam":"Wijk 07 Kapellebrug","jrstatcode":"2006WK067707","rubriek":"wijk","FID":"wijk_gegeneraliseerd_2006.d2c9e8ae-7825-4ec2-9b23-de07c3ef937f"},"id":"WK067707"},{"arcs":[[4703,4704,4705,4706]],"type":"Polygon","properties":{"id":57579,"statcode":"WK067708","statnaam":"Wijk 08 Kloosterzande","jrstatcode":"2006WK067708","rubriek":"wijk","FID":"wijk_gegeneraliseerd_2006.c91a4618-5fd0-4961-901b-c7375a62b593"},"id":"WK067708"},{"arcs":[[4707,4708,4709,-4704,4710,-4694]],"type":"Polygon","properties":{"id":57580,"statcode":"WK067709","statnaam":"Wijk 09 Lamswaarde","jrstatcode":"2006WK067709","rubriek":"wijk","FID":"wijk_gegeneraliseerd_2006.07bdea8e-9200-4847-be01-e53ae6272e4c"},"id":"WK067709"},{"arcs":[[-4693,-4683,4711,-4708]],"type":"Polygon","properties":{"id":57581,"statcode":"WK067710","statnaam":"Wijk 10 Ter Hole","jrstatcode":"2006WK067710","rubriek":"wijk","FID":"wijk_gegeneraliseerd_2006.0f8ca368-cb7e-4827-8866-fd38109d888b"},"id":"WK067710"},{"arcs":[[-4709,-4712,-4682,4712,4713,4714,4715]],"type":"Polygon","properties":{"id":57582,"statcode":"WK067711","statnaam":"Wijk 11 Vogelwaarde","jrstatcode":"2006WK067711","rubriek":"wijk","FID":"wijk_gegeneraliseerd_2006.626074aa-3aed-458a-91cf-503232ad7561"},"id":"WK067711"},{"arcs":[[-4705,-4710,-4716,4716,4717]],"type":"Polygon","properties":{"id":57583,"statcode":"WK067712","statnaam":"Wijk 12 Hengstdijk","jrstatcode":"2006WK067712","rubriek":"wijk","FID":"wijk_gegeneraliseerd_2006.6747fabf-b0cb-4844-a505-41a86197d912"},"id":"WK067712"},{"arcs":[[-4706,-4718,4718,4719]],"type":"Polygon","properties":{"id":57584,"statcode":"WK067713","statnaam":"Wijk 13 Ossenisse","jrstatcode":"2006WK067713","rubriek":"wijk","FID":"wijk_gegeneraliseerd_2006.410d2481-eaf5-443a-947a-551bbbb22a5e"},"id":"WK067713"},{"arcs":[[4722,4723,4724,4725,4726,-4617,-4637,-4639]],"type":"Polygon","properties":{"id":57585,"statcode":"WK067800","statnaam":"Wijk 00 Kapelle","jrstatcode":"2006WK067800","rubriek":"wijk","FID":"wijk_gegeneraliseerd_2006.7fba7488-7fe5-46ae-abdf-928763949ec8"},"id":"WK067800"},{"arcs":[[4727,-4723,-4638,4728]],"type":"Polygon","properties":{"id":57586,"statcode":"WK067801","statnaam":"Wijk 01 Wemeldinge","jrstatcode":"2006WK067801","rubriek":"wijk","FID":"wijk_gegeneraliseerd_2006.bacaaae3-0f83-414f-bf9b-576125f47601"},"id":"WK067801"},{"arcs":[[4729,4730,-4726]],"type":"Polygon","properties":{"id":57587,"statcode":"WK067802","statnaam":"Wijk 02 Schore","jrstatcode":"2006WK067802","rubriek":"wijk","FID":"wijk_gegeneraliseerd_2006.a278351e-3858-4fc9-b027-8d5a03059d11"},"id":"WK067802"},{"arcs":[[4731,-710,4732]],"type":"Polygon","properties":{"id":57588,"statcode":"WK068300","statnaam":"Wijk 00 IJlst","jrstatcode":"2006WK068300","rubriek":"wijk","FID":"wijk_gegeneraliseerd_2006.827f36f4-af2e-4050-9dfb-64f5d82280e5"},"id":"WK068300"},{"arcs":[[-709,4733,-320,4734,-4595,-769,4735,4736,-4733]],"type":"Polygon","properties":{"id":57589,"statcode":"WK068301","statnaam":"Wijk 01 Zuid","jrstatcode":"2006WK068301","rubriek":"wijk","FID":"wijk_gegeneraliseerd_2006.713c077f-2a97-4d36-bb7e-b7d8828f0eb9"},"id":"WK068301"},{"arcs":[[-713,4737,-938,-946,-366]],"type":"Polygon","properties":{"id":57590,"statcode":"WK068302","statnaam":"Wijk 02 Oost","jrstatcode":"2006WK068302","rubriek":"wijk","FID":"wijk_gegeneraliseerd_2006.3bee7f69-bf89-4502-ab16-5601a7af05ad"},"id":"WK068302"},{"arcs":[[-768,-762,4738,-4736]],"type":"Polygon","properties":{"id":57591,"statcode":"WK068303","statnaam":"Wijk 03 West","jrstatcode":"2006WK068303","rubriek":"wijk","FID":"wijk_gegeneraliseerd_2006.efa0140b-08f0-4256-9ad4-bae58ed677dd"},"id":"WK068303"},{"arcs":[[-767,4739,-444,4740,-711,-4732,-4737,-4739]],"type":"Polygon","properties":{"id":57592,"statcode":"WK068304","statnaam":"Wijk 04 Oosthem","jrstatcode":"2006WK068304","rubriek":"wijk","FID":"wijk_gegeneraliseerd_2006.10d0677c-da01-45c1-91bd-36b3854fb8ba"},"id":"WK068304"},{"arcs":[[-4741,-443,4741,-939,-4738,-712]],"type":"Polygon","properties":{"id":57593,"statcode":"WK068305","statnaam":"Wijk 05 Noordwest","jrstatcode":"2006WK068305","rubriek":"wijk","FID":"wijk_gegeneraliseerd_2006.71a7a8d3-7726-4a58-a3f5-b763ecc8b81d"},"id":"WK068305"},{"arcs":[[-321,-4734,-714]],"type":"Polygon","properties":{"id":57594,"statcode":"WK068306","statnaam":"Wijk 06 Zuidoost","jrstatcode":"2006WK068306","rubriek":"wijk","FID":"wijk_gegeneraliseerd_2006.23e11185-32fc-4549-b0b1-4d8a9a0e87db"},"id":"WK068306"},{"arcs":[[-329,-4590,-4596,-4735]],"type":"Polygon","properties":{"id":57595,"statcode":"WK068307","statnaam":"Wijk 07 Woudsend","jrstatcode":"2006WK068307","rubriek":"wijk","FID":"wijk_gegeneraliseerd_2006.23b2b107-dc16-4051-9e5c-41e480193f9c"},"id":"WK068307"},{"arcs":[[4742,4743,4744]],"type":"Polygon","properties":{"id":57596,"statcode":"WK068700","statnaam":"Wijk 00 Middelburg-Centrum","jrstatcode":"2006WK068700","rubriek":"wijk","FID":"wijk_gegeneraliseerd_2006.f0c0238b-db2f-4858-ba50-ffd6d979610d"},"id":"WK068700"},{"arcs":[[4745,4746,4747,4748,4749,4750,4751,4752,-4745]],"type":"Polygon","properties":{"id":57597,"statcode":"WK068701","statnaam":"Wijk 01 Middelburg-Noord","jrstatcode":"2006WK068701","rubriek":"wijk","FID":"wijk_gegeneraliseerd_2006.b7a935bb-024b-4e47-9d36-f6c8cd548be5"},"id":"WK068701"},{"arcs":[[4753,4754,4755,-4746,-4744,4756]],"type":"Polygon","properties":{"id":57598,"statcode":"WK068702","statnaam":"Wijk 02 Middelburg-Zuidwest","jrstatcode":"2006WK068702","rubriek":"wijk","FID":"wijk_gegeneraliseerd_2006.82226601-6c0c-4947-97a9-81875d2dc2a7"},"id":"WK068702"},{"arcs":[[-4757,-4743,-4753,4757,4758,4759]],"type":"Polygon","properties":{"id":57599,"statcode":"WK068703","statnaam":"Wijk 03 Middelburg-Zuidoost","jrstatcode":"2006WK068703","rubriek":"wijk","FID":"wijk_gegeneraliseerd_2006.0063ad23-2b06-4658-84a2-5f06ff657a13"},"id":"WK068703"},{"arcs":[[-4611,4760,4761,-4759,4762]],"type":"Polygon","properties":{"id":57600,"statcode":"WK068704","statnaam":"Wijk 04 Nieuw- en Sint Joosland","jrstatcode":"2006WK068704","rubriek":"wijk","FID":"wijk_gegeneraliseerd_2006.d828178f-1bb7-4bf9-8bc1-9a1c288fe7d0"},"id":"WK068704"},{"arcs":[[-4650,-4642,-4612,-4763,-4758,-4752,4763,4764]],"type":"Polygon","properties":{"id":57601,"statcode":"WK068705","statnaam":"Wijk 05 Arnemuiden","jrstatcode":"2006WK068705","rubriek":"wijk","FID":"wijk_gegeneraliseerd_2006.7296d906-180a-4b33-af17-14cf0177f5c1"},"id":"WK068705"},{"arcs":[[4765,4766,4767,4768]],"type":"Polygon","properties":{"id":57602,"statcode":"WK068900","statnaam":"Wijk 00 Kern Giessenburg","jrstatcode":"2006WK068900","rubriek":"wijk","FID":"wijk_gegeneraliseerd_2006.9b0ea3eb-4800-470d-85ae-3542f2c45eaa"},"id":"WK068900"},{"arcs":[[[4769,-4769,4770,-4039]],[[4771,4772,-4040]]],"type":"MultiPolygon","properties":{"id":57603,"statcode":"WK068901","statnaam":"Wijk 01 Giessenburg-West en -Zuid","jrstatcode":"2006WK068901","rubriek":"wijk","FID":"wijk_gegeneraliseerd_2006.4efc52ab-75bf-4fc0-9ca0-dc9316a71275"},"id":"WK068901"},{"arcs":[[4773,4774,-4767,4775,4776]],"type":"Polygon","properties":{"id":57604,"statcode":"WK068902","statnaam":"Wijk 02 Giessenburg-Oost","jrstatcode":"2006WK068902","rubriek":"wijk","FID":"wijk_gegeneraliseerd_2006.183aded1-eb14-4cb3-9fcf-572e7f288881"},"id":"WK068902"},{"arcs":[[[4777,-4776,-4766,-4770,-4038,4778,4779,4780]],[[4781,4782,-4772,-4771,-4768,-4775]]],"type":"MultiPolygon","properties":{"id":57605,"statcode":"WK068903","statnaam":"Wijk 03 Verspreide huizen Giessenburg","jrstatcode":"2006WK068903","rubriek":"wijk","FID":"wijk_gegeneraliseerd_2006.54372595-4ee6-4418-8e99-897b3f93f8ef"},"id":"WK068903"},{"arcs":[[-4128,4783,-3843,-3855,4784,4785]],"type":"Polygon","properties":{"id":57606,"statcode":"WK068904","statnaam":"Wijk 04 Arkel","jrstatcode":"2006WK068904","rubriek":"wijk","FID":"wijk_gegeneraliseerd_2006.e89693cb-27a1-4669-adc4-027e19ab4c7e"},"id":"WK068904"},{"arcs":[[-3856,-3854,4786,4787,4788,4789,-4785]],"type":"Polygon","properties":{"id":57607,"statcode":"WK068905","statnaam":"Wijk 05 Hoogblokland","jrstatcode":"2006WK068905","rubriek":"wijk","FID":"wijk_gegeneraliseerd_2006.711d0782-9398-48f6-85a9-80db961df6d4"},"id":"WK068905"},{"arcs":[[4790,-4782,-4774,4791,-4787]],"type":"Polygon","properties":{"id":57608,"statcode":"WK068906","statnaam":"Wijk 06 Hoornaar","jrstatcode":"2006WK068906","rubriek":"wijk","FID":"wijk_gegeneraliseerd_2006.4f72ab46-6d3e-45c1-a86b-9a5a50ab965c"},"id":"WK068906"},{"arcs":[[-4777,-4778,4792,4793,4794,4795,4796,-4788,-4792]],"type":"Polygon","properties":{"id":57609,"statcode":"WK068907","statnaam":"Wijk 07 Noordeloos","jrstatcode":"2006WK068907","rubriek":"wijk","FID":"wijk_gegeneraliseerd_2006.e11bdca7-8b97-4810-8ea2-6f3694a3a66d"},"id":"WK068907"},{"arcs":[[-3853,-3828,-4041,-4773,-4783,-4791]],"type":"Polygon","properties":{"id":57610,"statcode":"WK068908","statnaam":"Wijk 08 Schelluinen","jrstatcode":"2006WK068908","rubriek":"wijk","FID":"wijk_gegeneraliseerd_2006.1e489382-8f4c-4bd0-a4ee-184b599388e0"},"id":"WK068908"},{"arcs":[[4797,4798,4799,4800,4801]],"type":"Polygon","properties":{"id":57611,"statcode":"WK069300","statnaam":"Wijk 00 Bleskensgraaf","jrstatcode":"2006WK069300","rubriek":"wijk","FID":"wijk_gegeneraliseerd_2006.da7f2125-2ba7-44d7-a382-fb9a72cc8af1"},"id":"WK069300"},{"arcs":[[-4798,4802,4803,4804,4805]],"type":"Polygon","properties":{"id":57612,"statcode":"WK069301","statnaam":"Wijk 01 Brandwijk","jrstatcode":"2006WK069301","rubriek":"wijk","FID":"wijk_gegeneraliseerd_2006.e9273bab-3307-4c4a-b092-f6d38c5e2a01"},"id":"WK069301"},{"arcs":[[4806,4807,-4793,-4781,4808]],"type":"Polygon","properties":{"id":57613,"statcode":"WK069302","statnaam":"Wijk 02 Goudriaan","jrstatcode":"2006WK069302","rubriek":"wijk","FID":"wijk_gegeneraliseerd_2006.eedaf4d7-361c-4135-b571-1ead89a03063"},"id":"WK069302"},{"arcs":[[4809,-4779,-4037,4810,-4799,-4806]],"type":"Polygon","properties":{"id":57614,"statcode":"WK069303","statnaam":"Wijk 03 Molenaarsgraaf","jrstatcode":"2006WK069303","rubriek":"wijk","FID":"wijk_gegeneraliseerd_2006.dc783ada-6e52-43df-b195-57a5d4e12b9b"},"id":"WK069303"},{"arcs":[[-4810,-4805,4811,-4809,-4780]],"type":"Polygon","properties":{"id":57615,"statcode":"WK069304","statnaam":"Wijk 04 Ottoland","jrstatcode":"2006WK069304","rubriek":"wijk","FID":"wijk_gegeneraliseerd_2006.b390baa4-053d-4021-a900-03608deb241d"},"id":"WK069304"},{"arcs":[[-4801,4812,-4300,-3421,-4236]],"type":"Polygon","properties":{"id":57616,"statcode":"WK069305","statnaam":"Wijk 05 Oud-Alblas","jrstatcode":"2006WK069305","rubriek":"wijk","FID":"wijk_gegeneraliseerd_2006.93def473-de33-43c6-8d96-c392c87d47ec"},"id":"WK069305"},{"arcs":[[-4811,-4036,-4445,-4301,-4813,-4800]],"type":"Polygon","properties":{"id":57617,"statcode":"WK069306","statnaam":"Wijk 06 Wijngaarden","jrstatcode":"2006WK069306","rubriek":"wijk","FID":"wijk_gegeneraliseerd_2006.2ed4d779-830a-4e70-b114-caad570e62c9"},"id":"WK069306"},{"arcs":[[4813,4814,-4807,-4812,-4804,4815,-3560,-3557,-4443]],"type":"Polygon","properties":{"id":57618,"statcode":"WK069400","statnaam":"Wijk 00 Groot-Ammers","jrstatcode":"2006WK069400","rubriek":"wijk","FID":"wijk_gegeneraliseerd_2006.979bdab3-6f7b-4f89-b205-135dba5a4f69"},"id":"WK069400"},{"arcs":[[4816,-4794,-4808,-4815,4817,-4441,-2433]],"type":"Polygon","properties":{"id":57619,"statcode":"WK069401","statnaam":"Wijk 01 Langerak","jrstatcode":"2006WK069401","rubriek":"wijk","FID":"wijk_gegeneraliseerd_2006.10a8fd52-6651-4096-be0f-ef7123c643d5"},"id":"WK069401"},{"arcs":[[-4818,-4814,-4442]],"type":"Polygon","properties":{"id":57620,"statcode":"WK069402","statnaam":"Wijk 02 Nieuwpoort","jrstatcode":"2006WK069402","rubriek":"wijk","FID":"wijk_gegeneraliseerd_2006.f3662d5f-b54f-458d-b329-2f339c017dc3"},"id":"WK069402"},{"arcs":[[-4816,-4803,-4802,-4235,-4582,-3559,-3561]],"type":"Polygon","properties":{"id":57621,"statcode":"WK069403","statnaam":"Wijk 03 Streefkerk","jrstatcode":"2006WK069403","rubriek":"wijk","FID":"wijk_gegeneraliseerd_2006.76c16a98-638c-46a6-93ec-b517457e0b48"},"id":"WK069403"},{"arcs":[[4818,-4724,-4728,4819]],"type":"Polygon","properties":{"id":57622,"statcode":"WK070300","statnaam":"Wijk 00 Yerseke","jrstatcode":"2006WK070300","rubriek":"wijk","FID":"wijk_gegeneraliseerd_2006.8bd281e8-e281-450b-8a91-088bef09472b"},"id":"WK070300"},{"arcs":[[-4730,-4725,-4819,4820,4821,4822,4823]],"type":"Polygon","properties":{"id":57623,"statcode":"WK070301","statnaam":"Wijk 01 Kruiningen","jrstatcode":"2006WK070301","rubriek":"wijk","FID":"wijk_gegeneraliseerd_2006.e7014706-6427-4c74-b9d0-fcf5549339a5"},"id":"WK070301"},{"arcs":[[4824,4825,4826,4827,-4822]],"type":"Polygon","properties":{"id":57624,"statcode":"WK070302","statnaam":"Wijk 02 Krabbendijke","jrstatcode":"2006WK070302","rubriek":"wijk","FID":"wijk_gegeneraliseerd_2006.dc4f381f-e9ef-4ac3-b182-3630b52747e8"},"id":"WK070302"},{"arcs":[[-4828,4828,-4823]],"type":"Polygon","properties":{"id":57625,"statcode":"WK070303","statnaam":"Wijk 03 Waarde","jrstatcode":"2006WK070303","rubriek":"wijk","FID":"wijk_gegeneraliseerd_2006.6932611f-50fc-499a-b6c9-eb9256bc62e2"},"id":"WK070303"},{"arcs":[[-4826,4829,4830,4831,4832,4833,4834]],"type":"Polygon","properties":{"id":57626,"statcode":"WK070304","statnaam":"Wijk 04 Rilland-Bath","jrstatcode":"2006WK070304","rubriek":"wijk","FID":"wijk_gegeneraliseerd_2006.6102d1a3-9583-4278-9f93-637d956845c2"},"id":"WK070304"},{"arcs":[[4835,4836,-4789,-4797,4837,4838]],"type":"Polygon","properties":{"id":57627,"statcode":"WK070700","statnaam":"Wijk 00 Meerkerk","jrstatcode":"2006WK070700","rubriek":"wijk","FID":"wijk_gegeneraliseerd_2006.95671907-b7c5-45a1-907a-4372337920aa"},"id":"WK070700"},{"arcs":[[4839,-4838,-4796,4840,-2431]],"type":"Polygon","properties":{"id":57628,"statcode":"WK070701","statnaam":"Wijk 01 Ameide","jrstatcode":"2006WK070701","rubriek":"wijk","FID":"wijk_gegeneraliseerd_2006.3d457af9-ce9a-4d35-8475-5a660ab9c114"},"id":"WK070701"},{"arcs":[[-4485,-4131,4841,4842]],"type":"Polygon","properties":{"id":57629,"statcode":"WK070702","statnaam":"Wijk 02 Hei- en Boeicop","jrstatcode":"2006WK070702","rubriek":"wijk","FID":"wijk_gegeneraliseerd_2006.0707649f-910a-45d9-ba03-f968b5d43da7"},"id":"WK070702"},{"arcs":[[-4836,4843,-4842,-4130,4844]],"type":"Polygon","properties":{"id":57630,"statcode":"WK070703","statnaam":"Wijk 03 Leerbroek","jrstatcode":"2006WK070703","rubriek":"wijk","FID":"wijk_gegeneraliseerd_2006.51015da7-43d0-4466-9755-44070022e704"},"id":"WK070703"},{"arcs":[[-4840,-2430,-4486,-4843,-4844,-4839]],"type":"Polygon","properties":{"id":57631,"statcode":"WK070704","statnaam":"Wijk 04 Lexmond","jrstatcode":"2006WK070704","rubriek":"wijk","FID":"wijk_gegeneraliseerd_2006.f6bcb701-1413-4aba-bed5-0126221b0b6c"},"id":"WK070704"},{"arcs":[[-4129,-4786,-4790,-4837,-4845]],"type":"Polygon","properties":{"id":57632,"statcode":"WK070705","statnaam":"Wijk 05 Nieuwland","jrstatcode":"2006WK070705","rubriek":"wijk","FID":"wijk_gegeneraliseerd_2006.bb6d62c9-e35b-424b-87d2-f6c6b61e93d4"},"id":"WK070705"},{"arcs":[[-4795,-4817,-2432,-4841]],"type":"Polygon","properties":{"id":57633,"statcode":"WK070706","statnaam":"Wijk 06 Tienhoven","jrstatcode":"2006WK070706","rubriek":"wijk","FID":"wijk_gegeneraliseerd_2006.2e56008a-1d7b-4282-9d26-673899b15f84"},"id":"WK070706"},{"arcs":[[4845,4846,-492,-482,4847]],"type":"Polygon","properties":{"id":57634,"statcode":"WK071000","statnaam":"Wijk 00 Bouwhoek","jrstatcode":"2006WK071000","rubriek":"wijk","FID":"wijk_gegeneraliseerd_2006.7903f8f8-5047-4e6c-b74d-fd5ff8486b67"},"id":"WK071000"},{"arcs":[[4848,4849,-4848,-481,-942,-940,-4742,-446]],"type":"Polygon","properties":{"id":57635,"statcode":"WK071001","statnaam":"Wijk 01 Weidestreek Oost","jrstatcode":"2006WK071001","rubriek":"wijk","FID":"wijk_gegeneraliseerd_2006.ba6fac10-8e30-4cf7-87d2-92a0cdcefa6d"},"id":"WK071001"},{"arcs":[[-4850,4850,4851,4852,-3332,4853,-4846]],"type":"Polygon","properties":{"id":57636,"statcode":"WK071002","statnaam":"Wijk 02 Weidestreek West","jrstatcode":"2006WK071002","rubriek":"wijk","FID":"wijk_gegeneraliseerd_2006.1cf07f9f-f0ff-4a10-8b00-48ba8e6f5a71"},"id":"WK071002"},{"arcs":[[-766,4854,4855,-4851,-4849,-445,-4740]],"type":"Polygon","properties":{"id":57637,"statcode":"WK071003","statnaam":"Wijk 03 Weidestreek Zuid","jrstatcode":"2006WK071003","rubriek":"wijk","FID":"wijk_gegeneraliseerd_2006.0be9c4f4-07c5-43de-9a83-593ad13d2870"},"id":"WK071003"},{"arcs":[[-4856,4856,4857,-4852]],"type":"Polygon","properties":{"id":57638,"statcode":"WK071004","statnaam":"Wijk 04 Makkum","jrstatcode":"2006WK071004","rubriek":"wijk","FID":"wijk_gegeneraliseerd_2006.561de8f3-0410-4dbe-a872-43afaa93c5fd"},"id":"WK071004"},{"arcs":[[4858,-4857,-4855,-765,4859]],"type":"Polygon","properties":{"id":57639,"statcode":"WK071005","statnaam":"Wijk 05 Weidestreek Zuidwest","jrstatcode":"2006WK071005","rubriek":"wijk","FID":"wijk_gegeneraliseerd_2006.7ce79ff8-32e3-4575-b602-0b6064a8d84e"},"id":"WK071005"},{"arcs":[[4860,4861,4862,4863,4864]],"type":"Polygon","properties":{"id":57640,"statcode":"WK071510","statnaam":"Wijk 10 Binnenstad (Terneuzen)","jrstatcode":"2006WK071510","rubriek":"wijk","FID":"wijk_gegeneraliseerd_2006.680a0dd6-47a7-4b5e-8336-243dfce38b3b"},"id":"WK071510"},{"arcs":[[4865,4866,4867,-4863,4868]],"type":"Polygon","properties":{"id":57641,"statcode":"WK071511","statnaam":"Wijk 11 Noorderdokken (Terneuzen)","jrstatcode":"2006WK071511","rubriek":"wijk","FID":"wijk_gegeneraliseerd_2006.23dd4397-99b9-4801-9b2f-14a2a6a84735"},"id":"WK071511"},{"arcs":[[4869,4870,-4866,4871]],"type":"Polygon","properties":{"id":57642,"statcode":"WK071512","statnaam":"Wijk 12 Haarmanweg (Terneuzen)","jrstatcode":"2006WK071512","rubriek":"wijk","FID":"wijk_gegeneraliseerd_2006.42c8b365-54e4-40fe-8945-cffb3baf547a"},"id":"WK071512"},{"arcs":[[-4871,4872,4873,4874,-4867]],"type":"Polygon","properties":{"id":57643,"statcode":"WK071513","statnaam":"Wijk 13 Zevenaar (Kern Terneuzen)","jrstatcode":"2006WK071513","rubriek":"wijk","FID":"wijk_gegeneraliseerd_2006.92e4d2e5-d34c-41f6-8ebe-0fb91d18654a"},"id":"WK071513"},{"arcs":[[4875,4876,-4873,4877]],"type":"Polygon","properties":{"id":57644,"statcode":"WK071514","statnaam":"Wijk 14 Handelspoort (Terneuzen)","jrstatcode":"2006WK071514","rubriek":"wijk","FID":"wijk_gegeneraliseerd_2006.10d9ecdb-36fb-42bb-be5c-45382461ed98"},"id":"WK071514"},{"arcs":[[4878,-4878,4879,4880]],"type":"Polygon","properties":{"id":57645,"statcode":"WK071515","statnaam":"Wijk 15 Driewegen en Hugersluys (Terneuzen)","jrstatcode":"2006WK071515","rubriek":"wijk","FID":"wijk_gegeneraliseerd_2006.0eb6a39d-0493-43c5-b952-00223e24dde5"},"id":"WK071515"},{"arcs":[[4881,4882,4883,-4880,-4870,4884]],"type":"Polygon","properties":{"id":57646,"statcode":"WK071516","statnaam":"Wijk 16 Oude Vaart (Terneuzen)","jrstatcode":"2006WK071516","rubriek":"wijk","FID":"wijk_gegeneraliseerd_2006.7c53f541-f6a2-4ac7-8df5-46ed911cf326"},"id":"WK071516"},{"arcs":[[4885,-4885,-4872,4886]],"type":"Polygon","properties":{"id":57647,"statcode":"WK071517","statnaam":"Wijk 17 Triniteit (Terneuzen)","jrstatcode":"2006WK071517","rubriek":"wijk","FID":"wijk_gegeneraliseerd_2006.fb28de79-5bad-4059-85c5-b495ece9d1ce"},"id":"WK071517"},{"arcs":[[4887,-4887,-4869,-4862]],"type":"Polygon","properties":{"id":57648,"statcode":"WK071518","statnaam":"Wijk 18 Lievenspolder (Terneuzen)","jrstatcode":"2006WK071518","rubriek":"wijk","FID":"wijk_gegeneraliseerd_2006.be93e32a-7e60-4613-9e68-3e086345b3af"},"id":"WK071518"},{"arcs":[[4888,4889,-4888,-4861,4890]],"type":"Polygon","properties":{"id":57649,"statcode":"WK071519","statnaam":"Wijk 19 Noordpolder (Terneuzen)","jrstatcode":"2006WK071519","rubriek":"wijk","FID":"wijk_gegeneraliseerd_2006.d3541dc1-3498-43a7-93ca-891577f03ea0"},"id":"WK071519"},{"arcs":[[4891,4892,4893,-4882,-4886,-4890]],"type":"Polygon","properties":{"id":57650,"statcode":"WK071520","statnaam":"Wijk 20 Zuiderpark (Terneuzen)","jrstatcode":"2006WK071520","rubriek":"wijk","FID":"wijk_gegeneraliseerd_2006.fd5dfd0f-07a9-4134-96d6-66534f12030f"},"id":"WK071520"},{"arcs":[[4894,4895,-4883,-4894]],"type":"Polygon","properties":{"id":57651,"statcode":"WK071521","statnaam":"Wijk 21 Zuidpolder (Terneuzen)","jrstatcode":"2006WK071521","rubriek":"wijk","FID":"wijk_gegeneraliseerd_2006.ef388261-6477-48f9-ab9c-af77fd5eef99"},"id":"WK071521"},{"arcs":[[4896,4897,-4881,-4884,-4896]],"type":"Polygon","properties":{"id":57652,"statcode":"WK071522","statnaam":"Wijk 22 Oudelandser Hoeve (Terneuzen)","jrstatcode":"2006WK071522","rubriek":"wijk","FID":"wijk_gegeneraliseerd_2006.b73bbcff-130f-4a1c-89b5-48b796e3fe61"},"id":"WK071522"},{"arcs":[[4898,4899,-4876,-4879,-4898,4900]],"type":"Polygon","properties":{"id":57653,"statcode":"WK071523","statnaam":"Wijk 23 Zeldenrust (Terneuzen)","jrstatcode":"2006WK071523","rubriek":"wijk","FID":"wijk_gegeneraliseerd_2006.f86a1816-ca8c-4295-80c5-7204e1375d59"},"id":"WK071523"},{"arcs":[[4901,-4901,-4897,-4895,-4893,4902,4903]],"type":"Polygon","properties":{"id":57654,"statcode":"WK071524","statnaam":"Wijk 24 Katspolder (Terneuzen)","jrstatcode":"2006WK071524","rubriek":"wijk","FID":"wijk_gegeneraliseerd_2006.8def54f0-c71a-48c3-8e83-2eb14ee353d1"},"id":"WK071524"},{"arcs":[[4904,-4903,-4892,-4889,4905]],"type":"Polygon","properties":{"id":57655,"statcode":"WK071525","statnaam":"Wijk 25 Serlippenspolder (Terneuzen)","jrstatcode":"2006WK071525","rubriek":"wijk","FID":"wijk_gegeneraliseerd_2006.eb623af7-115f-475c-a16b-280b1251a794"},"id":"WK071525"},{"arcs":[[4906,-4904,-4905,4907]],"type":"Polygon","properties":{"id":57656,"statcode":"WK071526","statnaam":"Wijk 26 Othenepolder (Terneuzen)","jrstatcode":"2006WK071526","rubriek":"wijk","FID":"wijk_gegeneraliseerd_2006.626dfd09-d780-48e2-bc2d-b5e3c8f671a0"},"id":"WK071526"},{"arcs":[[4908,4909,4910,4911,4912,4913,-4900]],"type":"Polygon","properties":{"id":57657,"statcode":"WK071528","statnaam":"Wijk 28 Buitengebied Zuid (Terneuzen)","jrstatcode":"2006WK071528","rubriek":"wijk","FID":"wijk_gegeneraliseerd_2006.5ece80fa-65a6-4e09-ac32-9361907b5c60"},"id":"WK071528"},{"arcs":[[4914,-4911,4915]],"type":"Polygon","properties":{"id":57658,"statcode":"WK071529","statnaam":"Wijk 29 Spui (Terneuzen)","jrstatcode":"2006WK071529","rubriek":"wijk","FID":"wijk_gegeneraliseerd_2006.ef9cd1f9-ef21-4c55-a87b-f336ac02f249"},"id":"WK071529"},{"arcs":[[4916]],"type":"Polygon","properties":{"id":57659,"statcode":"WK071530","statnaam":"Wijk 30 Biervliet (Terneuzen)","jrstatcode":"2006WK071530","rubriek":"wijk","FID":"wijk_gegeneraliseerd_2006.58dbef41-958f-430e-8c24-bcaa36808cab"},"id":"WK071530"},{"arcs":[[4917,4918]],"type":"Polygon","properties":{"id":57660,"statcode":"WK071531","statnaam":"Wijk 31 Driewegen (Terneuzen)","jrstatcode":"2006WK071531","rubriek":"wijk","FID":"wijk_gegeneraliseerd_2006.2ebedcf5-6a4c-48fa-9cfd-f67adbf7f8f2"},"id":"WK071531"},{"arcs":[[4919,4920,4921,4922,-4918,4923,4924],[-4917]],"type":"Polygon","properties":{"id":57661,"statcode":"WK071534","statnaam":"Wijk 34 Biervliet-buitengebied (Terneuzen)","jrstatcode":"2006WK071534","rubriek":"wijk","FID":"wijk_gegeneraliseerd_2006.fd7c3830-8026-4763-af86-ff4ab9741b2c"},"id":"WK071534"},{"arcs":[[4925,4926]],"type":"Polygon","properties":{"id":57662,"statcode":"WK071535","statnaam":"Wijk 35 Hoek (Terneuzen)","jrstatcode":"2006WK071535","rubriek":"wijk","FID":"wijk_gegeneraliseerd_2006.b423c6e4-3e88-4a8f-bc34-074bdb340f5d"},"id":"WK071535"},{"arcs":[[4927,4928,4929,-4921,4930]],"type":"Polygon","properties":{"id":57663,"statcode":"WK071536","statnaam":"Wijk 36 Hoek-Braakman (Terneuzen)","jrstatcode":"2006WK071536","rubriek":"wijk","FID":"wijk_gegeneraliseerd_2006.60e913be-5de3-4102-a2f2-8ec7103165e2"},"id":"WK071536"},{"arcs":[[4931,4932,-4931,-4920]],"type":"Polygon","properties":{"id":57664,"statcode":"WK071537","statnaam":"Wijk 37 Hoek-Dow-complex (Terneuzen)","jrstatcode":"2006WK071537","rubriek":"wijk","FID":"wijk_gegeneraliseerd_2006.8f014219-46ba-4a2d-a096-b711bcf97f7d"},"id":"WK071537"},{"arcs":[[4933,-4926,4934,4935,4936,4937,4938,-4929]],"type":"Polygon","properties":{"id":57665,"statcode":"WK071538","statnaam":"Wijk 38 Hoek-buitengebied Zuid (Terneuzen)","jrstatcode":"2006WK071538","rubriek":"wijk","FID":"wijk_gegeneraliseerd_2006.234a2798-1061-4264-9662-c78d3cfcf637"},"id":"WK071538"},{"arcs":[[4939,-4864,-4868,-4875,-4935,-4927,-4934,-4928,-4933]],"type":"Polygon","properties":{"id":57666,"statcode":"WK071539","statnaam":"Wijk 39 Hoek-buitengebied Noord (Terneuzen)","jrstatcode":"2006WK071539","rubriek":"wijk","FID":"wijk_gegeneraliseerd_2006.80f1068f-05a6-4fd1-b4dc-1886195dd6d0"},"id":"WK071539"},{"arcs":[[4940,4941,4942,-4937]],"type":"Polygon","properties":{"id":57667,"statcode":"WK071540","statnaam":"Wijk 40 Sluiskil (Terneuzen)","jrstatcode":"2006WK071540","rubriek":"wijk","FID":"wijk_gegeneraliseerd_2006.555b5978-954f-4afd-92df-240a17e9843b"},"id":"WK071540"},{"arcs":[[-4914,4943,4944,-4941,-4936,-4874,-4877]],"type":"Polygon","properties":{"id":57668,"statcode":"WK071541","statnaam":"Wijk 41 Sluiskil-Buiten Oost (Terneuzen)","jrstatcode":"2006WK071541","rubriek":"wijk","FID":"wijk_gegeneraliseerd_2006.ee79872b-696e-46fd-95d5-559c8adb8598"},"id":"WK071541"},{"arcs":[[4945,4946]],"type":"Polygon","properties":{"id":57669,"statcode":"WK071545","statnaam":"Wijk 45 Zaamslag (Terneuzen)","jrstatcode":"2006WK071545","rubriek":"wijk","FID":"wijk_gegeneraliseerd_2006.8e980b6c-e8c5-4692-833f-6d65d924f3bd"},"id":"WK071545"},{"arcs":[[4947]],"type":"Polygon","properties":{"id":57670,"statcode":"WK071546","statnaam":"Wijk 46 Reuzenhoek (Terneuzen)","jrstatcode":"2006WK071546","rubriek":"wijk","FID":"wijk_gegeneraliseerd_2006.7c4c7a2c-7617-403b-a86f-d191dac34f02"},"id":"WK071546"},{"arcs":[[4948,-4719,-4717,-4715,4949,4950,4951,-4947,4952,-4899,-4902,-4907,4953,-4721],[-4948]],"type":"Polygon","properties":{"id":57671,"statcode":"WK071547","statnaam":"Wijk 47 Zaamslag-Buiten Noord (Terneuzen)","jrstatcode":"2006WK071547","rubriek":"wijk","FID":"wijk_gegeneraliseerd_2006.a9343382-5d01-4280-9482-37edaea709f6"},"id":"WK071547"},{"arcs":[[4954,-4951]],"type":"Polygon","properties":{"id":57672,"statcode":"WK071548","statnaam":"Wijk 48 Zaamslagveer (Terneuzen)","jrstatcode":"2006WK071548","rubriek":"wijk","FID":"wijk_gegeneraliseerd_2006.b5b2749d-9f0c-4315-a54e-086ce81cc384"},"id":"WK071548"},{"arcs":[[-4946,-4952,-4955,-4950,-4714,4955,4956,-4909,-4953]],"type":"Polygon","properties":{"id":57673,"statcode":"WK071549","statnaam":"Wijk 49 Zaamslag-Buiten Zuid (Terneuzen)","jrstatcode":"2006WK071549","rubriek":"wijk","FID":"wijk_gegeneraliseerd_2006.6e9b58c3-5322-4dbb-9c25-d3318c1a3a75"},"id":"WK071549"},{"arcs":[[4957,4958,4959,4960]],"type":"Polygon","properties":{"id":57674,"statcode":"WK071550","statnaam":"Wijk 50 Kern Axel (Axel)","jrstatcode":"2006WK071550","rubriek":"wijk","FID":"wijk_gegeneraliseerd_2006.6d81ab43-0177-460f-b01f-b59b4114da0a"},"id":"WK071550"},{"arcs":[[4961,-4912,-4915]],"type":"Polygon","properties":{"id":57675,"statcode":"WK071551","statnaam":"Wijk 51 Spui (Axel)","jrstatcode":"2006WK071551","rubriek":"wijk","FID":"wijk_gegeneraliseerd_2006.a4c0ee42-b39c-4afd-8937-21f669da56d5"},"id":"WK071551"},{"arcs":[[-4957,4962,-4960,4963,4964,-4944,-4913,-4962,-4916,-4910]],"type":"Polygon","properties":{"id":57676,"statcode":"WK071553","statnaam":"Wijk 53 Verspreide huizen West Axel (Axel)","jrstatcode":"2006WK071553","rubriek":"wijk","FID":"wijk_gegeneraliseerd_2006.0d2dcd82-51ad-4067-a94f-277367f0a3e7"},"id":"WK071553"},{"arcs":[[-4681,4965,-4961,-4963,-4956,-4713]],"type":"Polygon","properties":{"id":57677,"statcode":"WK071554","statnaam":"Wijk 54 Verspreide huizen Oost Axel (Axel)","jrstatcode":"2006WK071554","rubriek":"wijk","FID":"wijk_gegeneraliseerd_2006.21d9c820-48fd-48e4-9615-f933179b9a22"},"id":"WK071554"},{"arcs":[[4966,4967,4968,4969,4970]],"type":"Polygon","properties":{"id":57678,"statcode":"WK071555","statnaam":"Wijk 55 Kern Koewacht (Koewacht)","jrstatcode":"2006WK071555","rubriek":"wijk","FID":"wijk_gegeneraliseerd_2006.619e7d1e-f025-4a25-a31f-16901b23eced"},"id":"WK071555"},{"arcs":[[4971,-4970,4972,4973,-4699]],"type":"Polygon","properties":{"id":57679,"statcode":"WK071556","statnaam":"Wijk 56 Emmabaan -West (Koewacht)","jrstatcode":"2006WK071556","rubriek":"wijk","FID":"wijk_gegeneraliseerd_2006.39e9c794-0b37-4370-8d65-73693941bcff"},"id":"WK071556"},{"arcs":[[4974,-4971,-4972,-4698]],"type":"Polygon","properties":{"id":57680,"statcode":"WK071557","statnaam":"Wijk 57 Emmabaan -Oost (Koewacht)","jrstatcode":"2006WK071557","rubriek":"wijk","FID":"wijk_gegeneraliseerd_2006.6fccb073-7988-4331-8fbc-bb2b4f4f083d"},"id":"WK071557"},{"arcs":[[-4973,-4969,4975,4976,4977,4978]],"type":"Polygon","properties":{"id":57681,"statcode":"WK071558","statnaam":"Wijk 58 Hazelarenstraat en omgeving (Koewacht)","jrstatcode":"2006WK071558","rubriek":"wijk","FID":"wijk_gegeneraliseerd_2006.dc70a500-aa73-41a9-9bfc-f7c492a41dac"},"id":"WK071558"},{"arcs":[[[-4700,-4974,-4979,4979,-4958,-4966]],[[-4968,4980,4981,-4976]]],"type":"MultiPolygon","properties":{"id":57682,"statcode":"WK071559","statnaam":"Wijk 59 Koewacht-buitengebied (Koewacht)","jrstatcode":"2006WK071559","rubriek":"wijk","FID":"wijk_gegeneraliseerd_2006.0a179332-4c17-4eb9-865b-8dde20225e41"},"id":"WK071559"},{"arcs":[[4982,4983,4984]],"type":"Polygon","properties":{"id":57683,"statcode":"WK071560","statnaam":"Wijk 60 Kern Zuiddorpe (Zuiddorpe)","jrstatcode":"2006WK071560","rubriek":"wijk","FID":"wijk_gegeneraliseerd_2006.768461f5-a657-4167-866a-957f314a00fb"},"id":"WK071560"},{"arcs":[[-4980,-4978,4985,-4985,4986,4987,-4964,-4959]],"type":"Polygon","properties":{"id":57684,"statcode":"WK071564","statnaam":"Wijk 64 Zuiddorpe-buitengebied (Zuiddorpe)","jrstatcode":"2006WK071564","rubriek":"wijk","FID":"wijk_gegeneraliseerd_2006.ab05928e-ea31-40b7-984b-f7e822f23527"},"id":"WK071564"},{"arcs":[[4988,4989]],"type":"Polygon","properties":{"id":57685,"statcode":"WK071565","statnaam":"Wijk 65 Kern Overslag (Overslag)","jrstatcode":"2006WK071565","rubriek":"wijk","FID":"wijk_gegeneraliseerd_2006.8e22dcf7-f63a-448c-8bf0-9e96147fa069"},"id":"WK071565"},{"arcs":[[-4977,-4982,4990,-4990,4991,-4983,-4986]],"type":"Polygon","properties":{"id":57686,"statcode":"WK071569","statnaam":"Wijk 69 Overslag-buitengebied (Overslag)","jrstatcode":"2006WK071569","rubriek":"wijk","FID":"wijk_gegeneraliseerd_2006.b5e9c88b-ed53-413b-8f48-e6f6793c9b7a"},"id":"WK071569"},{"arcs":[[4992,4993,4994,4995,4996,4997]],"type":"Polygon","properties":{"id":57687,"statcode":"WK071570","statnaam":"Wijk 70 Kern Sas van Gent (Sas van Gent)","jrstatcode":"2006WK071570","rubriek":"wijk","FID":"wijk_gegeneraliseerd_2006.64411292-d54c-4f0a-b4d0-1480fd235d2a"},"id":"WK071570"},{"arcs":[[4998,4999]],"type":"Polygon","properties":{"id":57688,"statcode":"WK071571","statnaam":"Wijk 71 Zandstraat (Sas van Gent)","jrstatcode":"2006WK071571","rubriek":"wijk","FID":"wijk_gegeneraliseerd_2006.b657464f-a003-4cea-acfa-c259ae08a47c"},"id":"WK071571"},{"arcs":[[5000,5001,-4996]],"type":"Polygon","properties":{"id":57689,"statcode":"WK071572","statnaam":"Wijk72 Buitengebied-Zuid (Sas van Gent)","jrstatcode":"2006WK071572","rubriek":"wijk","FID":"wijk_gegeneraliseerd_2006.0faf26f2-1a81-4d7a-8013-1f539b35766a"},"id":"WK071572"},{"arcs":[[-4943,5002,-4999,5003,5004,5005,5006,-4938]],"type":"Polygon","properties":{"id":57690,"statcode":"WK071573","statnaam":"Wijk 73 Zandstraat-buiten (Sas van Gent)","jrstatcode":"2006WK071573","rubriek":"wijk","FID":"wijk_gegeneraliseerd_2006.2d91efda-22e0-42de-9ff6-723d6870791c"},"id":"WK071573"},{"arcs":[[5007,-4998,5008,-5005]],"type":"Polygon","properties":{"id":57691,"statcode":"WK071574","statnaam":"Wijk 74 buitengebied-Noord (Sas van Gent)","jrstatcode":"2006WK071574","rubriek":"wijk","FID":"wijk_gegeneraliseerd_2006.7c713be6-adc4-4571-816e-c7cd90f8c562"},"id":"WK071574"},{"arcs":[[-4994,5009]],"type":"Polygon","properties":{"id":57692,"statcode":"WK071575","statnaam":"Wijk 75 Kern Westdorpe (Westdorpe)","jrstatcode":"2006WK071575","rubriek":"wijk","FID":"wijk_gegeneraliseerd_2006.650b1ca3-f3fa-4b22-8465-4219af242a01"},"id":"WK071575"},{"arcs":[[5010,-5000,-5003,-4942]],"type":"Polygon","properties":{"id":57693,"statcode":"WK071576","statnaam":"Wijk 76 Stroodorpe (Westdorpe)","jrstatcode":"2006WK071576","rubriek":"wijk","FID":"wijk_gegeneraliseerd_2006.cd88b27b-165d-4aab-a3dc-103e2ef41967"},"id":"WK071576"},{"arcs":[[-4965,-4988,5011,-5001,-4995,-5010,-4993,-5008,-5004,-5011,-4945]],"type":"Polygon","properties":{"id":57694,"statcode":"WK071579","statnaam":"Wijk 79 Buitengebied (Westdorpe)","jrstatcode":"2006WK071579","rubriek":"wijk","FID":"wijk_gegeneraliseerd_2006.fc872d90-d2bf-4093-9577-e5644f97e41d"},"id":"WK071579"},{"arcs":[[5012]],"type":"Polygon","properties":{"id":57695,"statcode":"WK071580","statnaam":"Wijk 80 Philippine (Westdorpe)","jrstatcode":"2006WK071580","rubriek":"wijk","FID":"wijk_gegeneraliseerd_2006.f78cfe92-ccf2-4518-b5b9-f02686724cbe"},"id":"WK071580"},{"arcs":[[-4939,-5007,5013,5014,-4930],[-5013]],"type":"Polygon","properties":{"id":57696,"statcode":"WK071584","statnaam":"Wijk 84 Buitengebied Philippine (Westdorpe)","jrstatcode":"2006WK071584","rubriek":"wijk","FID":"wijk_gegeneraliseerd_2006.47a2f5fa-8db0-43cb-93d6-1570bf4271f7"},"id":"WK071584"},{"arcs":[[5015,5016,5017,-4831,5018,5019]],"type":"Polygon","properties":{"id":57697,"statcode":"WK071600","statnaam":"Wijk 00 Tholen","jrstatcode":"2006WK071600","rubriek":"wijk","FID":"wijk_gegeneraliseerd_2006.88229d48-d648-4080-8bb3-6e997e0c43ec"},"id":"WK071600"},{"arcs":[[5020,-5020,5021,5022,5023,5024,5025]],"type":"Polygon","properties":{"id":57698,"statcode":"WK071601","statnaam":"Wijk 01 Poortvliet","jrstatcode":"2006WK071601","rubriek":"wijk","FID":"wijk_gegeneraliseerd_2006.f4425702-0705-4a99-a134-9278d53ec5f8"},"id":"WK071601"},{"arcs":[[-5023,5026,5027]],"type":"Polygon","properties":{"id":57699,"statcode":"WK071602","statnaam":"Wijk 02 Scherpenisse","jrstatcode":"2006WK071602","rubriek":"wijk","FID":"wijk_gegeneraliseerd_2006.cca50a61-04fa-40b5-b992-9fe3c138f388"},"id":"WK071602"},{"arcs":[[-5024,-5028,5028,5029,5030]],"type":"Polygon","properties":{"id":57700,"statcode":"WK071603","statnaam":"Wijk 03 Sint Maartensdijk","jrstatcode":"2006WK071603","rubriek":"wijk","FID":"wijk_gegeneraliseerd_2006.1137da73-b0e4-4cb5-a508-574e19022b79"},"id":"WK071603"},{"arcs":[[-5030,5031,5032]],"type":"Polygon","properties":{"id":57701,"statcode":"WK071604","statnaam":"Wijk 04 Stavenisse","jrstatcode":"2006WK071604","rubriek":"wijk","FID":"wijk_gegeneraliseerd_2006.7497fbc7-791e-4a6d-a20e-144404c5c07e"},"id":"WK071604"},{"arcs":[[5033,-5025,-5031,-5033]],"type":"Polygon","properties":{"id":57702,"statcode":"WK071605","statnaam":"Wijk 05 Sint Annaland","jrstatcode":"2006WK071605","rubriek":"wijk","FID":"wijk_gegeneraliseerd_2006.f222b181-a57a-4c62-b1c8-8ae3b62e682a"},"id":"WK071605"},{"arcs":[[5034,5035,-5016,-5021,5036,5037]],"type":"Polygon","properties":{"id":57703,"statcode":"WK071606","statnaam":"Wijk 06 Oud-Vossemeer","jrstatcode":"2006WK071606","rubriek":"wijk","FID":"wijk_gegeneraliseerd_2006.afa4f238-4437-4871-b783-d14cb7b1db1c"},"id":"WK071606"},{"arcs":[[5038,5039,5040,-5038,5041,5042,5043,5044]],"type":"Polygon","properties":{"id":57704,"statcode":"WK071607","statnaam":"Wijk 07 Sint Philipsland","jrstatcode":"2006WK071607","rubriek":"wijk","FID":"wijk_gegeneraliseerd_2006.46fd1b52-343d-4fc0-a3e2-eba7a8419c6e"},"id":"WK071607"},{"arcs":[[-5043,5045]],"type":"Polygon","properties":{"id":57705,"statcode":"WK071608","statnaam":"Wijk 08 Anna Jacobapolder","jrstatcode":"2006WK071608","rubriek":"wijk","FID":"wijk_gegeneraliseerd_2006.4216197f-6291-4077-bfb9-03108a4817e1"},"id":"WK071608"},{"arcs":[[-4764,-4751,5046,5047,5048]],"type":"Polygon","properties":{"id":57706,"statcode":"WK071700","statnaam":"Wijk 00 Veere","jrstatcode":"2006WK071700","rubriek":"wijk","FID":"wijk_gegeneraliseerd_2006.30339ddc-20be-4364-987f-b59dd097e9c4"},"id":"WK071700"},{"arcs":[[-5047,-4750,5049,5050]],"type":"Polygon","properties":{"id":57707,"statcode":"WK071701","statnaam":"Wijk 01 Gapinge","jrstatcode":"2006WK071701","rubriek":"wijk","FID":"wijk_gegeneraliseerd_2006.dce15e61-a3cc-4bff-b8b9-a4557891502a"},"id":"WK071701"},{"arcs":[[[5051,5052,5053,-5048,-5051,5054,5055]],[[5056,5057,5058]]],"type":"MultiPolygon","properties":{"id":57708,"statcode":"WK071702","statnaam":"Wijk 02 Vrouwenpolder","jrstatcode":"2006WK071702","rubriek":"wijk","FID":"wijk_gegeneraliseerd_2006.e153c99a-4389-4bea-9b8c-6f0e71a5a06e"},"id":"WK071702"},{"arcs":[[-5050,-4749,5059,5060,-5055]],"type":"Polygon","properties":{"id":57709,"statcode":"WK071703","statnaam":"Wijk 03 Serooskerke","jrstatcode":"2006WK071703","rubriek":"wijk","FID":"wijk_gegeneraliseerd_2006.586b2a87-a296-42f9-b034-632a2b9c18aa"},"id":"WK071703"},{"arcs":[[5061,5062,5063,5064]],"type":"Polygon","properties":{"id":57710,"statcode":"WK071704","statnaam":"Wijk 04 Domburg","jrstatcode":"2006WK071704","rubriek":"wijk","FID":"wijk_gegeneraliseerd_2006.fe3ab596-c69b-404f-831d-449bb7c9d655"},"id":"WK071704"},{"arcs":[[-5061,5065,5066,-5062,5067,-5056]],"type":"Polygon","properties":{"id":57711,"statcode":"WK071705","statnaam":"Wijk 05 Oostkapelle","jrstatcode":"2006WK071705","rubriek":"wijk","FID":"wijk_gegeneraliseerd_2006.6a0ed204-55fe-4b22-b72d-f342273d7040"},"id":"WK071705"},{"arcs":[[5068,5069,5070,5071,-5063,-5067]],"type":"Polygon","properties":{"id":57712,"statcode":"WK071706","statnaam":"Wijk 06 Aagtekerke","jrstatcode":"2006WK071706","rubriek":"wijk","FID":"wijk_gegeneraliseerd_2006.76ae30be-b919-4280-a91d-582f4b3a42bd"},"id":"WK071706"},{"arcs":[[-5060,-4748,5072,5073,5074,-5069,-5066]],"type":"Polygon","properties":{"id":57713,"statcode":"WK071707","statnaam":"Wijk 07 Grijpskerke","jrstatcode":"2006WK071707","rubriek":"wijk","FID":"wijk_gegeneraliseerd_2006.c25d7182-9834-49f9-9a02-ea4f5b572dd8"},"id":"WK071707"},{"arcs":[[-5075,5075,5076,-5070]],"type":"Polygon","properties":{"id":57714,"statcode":"WK071708","statnaam":"Wijk 08 Meliskerke","jrstatcode":"2006WK071708","rubriek":"wijk","FID":"wijk_gegeneraliseerd_2006.ed80fafb-44eb-4569-a78d-d3081d0705e6"},"id":"WK071708"},{"arcs":[[5077,5078,-5073,-4747,-4756,5079,5080]],"type":"Polygon","properties":{"id":57715,"statcode":"WK071709","statnaam":"Wijk 09 Koudekerke","jrstatcode":"2006WK071709","rubriek":"wijk","FID":"wijk_gegeneraliseerd_2006.e551c3e0-43e7-40df-ad8e-7e8530ee7bfa"},"id":"WK071709"},{"arcs":[[5081,5082,-5076,-5074,-5079]],"type":"Polygon","properties":{"id":57716,"statcode":"WK071710","statnaam":"Wijk 10 Biggekerke","jrstatcode":"2006WK071710","rubriek":"wijk","FID":"wijk_gegeneraliseerd_2006.07e3bf71-43c9-4b90-a102-aa384085db11"},"id":"WK071710"},{"arcs":[[-5077,-5083,5083,5084,-5071]],"type":"Polygon","properties":{"id":57717,"statcode":"WK071711","statnaam":"Wijk 11 Zoutelande","jrstatcode":"2006WK071711","rubriek":"wijk","FID":"wijk_gegeneraliseerd_2006.a648057c-d841-4941-a2b7-81447ab0d6f7"},"id":"WK071711"},{"arcs":[[5085,-5064,-5072,-5085]],"type":"Polygon","properties":{"id":57718,"statcode":"WK071712","statnaam":"Wijk 12 Westkapelle","jrstatcode":"2006WK071712","rubriek":"wijk","FID":"wijk_gegeneraliseerd_2006.177e24b2-3ee3-4f6a-bc0d-d6f1efba6e7d"},"id":"WK071712"},{"arcs":[[5086,5087,5088]],"type":"Polygon","properties":{"id":57719,"statcode":"WK071801","statnaam":"Wijk 01 Binnenstad","jrstatcode":"2006WK071801","rubriek":"wijk","FID":"wijk_gegeneraliseerd_2006.fef2022d-6319-41fa-b64c-eaad3f788eba"},"id":"WK071801"},{"arcs":[[-5088,5089,5090,5091,5092]],"type":"Polygon","properties":{"id":57720,"statcode":"WK071802","statnaam":"Wijk 02 Middengebied","jrstatcode":"2006WK071802","rubriek":"wijk","FID":"wijk_gegeneraliseerd_2006.64865fcc-0822-4d2e-8f32-aed3cb051abd"},"id":"WK071802"},{"arcs":[[5093,-5091,5094,-5081]],"type":"Polygon","properties":{"id":57721,"statcode":"WK071803","statnaam":"Wijk 03 Paauwenburg-Westduin","jrstatcode":"2006WK071803","rubriek":"wijk","FID":"wijk_gegeneraliseerd_2006.a667a39a-c478-4bbc-b499-b94b6b40acad"},"id":"WK071803"},{"arcs":[[-5094,-5080,-4755,5095,-5092]],"type":"Polygon","properties":{"id":57722,"statcode":"WK071804","statnaam":"Wijk 04 Lammerenburg","jrstatcode":"2006WK071804","rubriek":"wijk","FID":"wijk_gegeneraliseerd_2006.3da277cf-0ea1-4a10-8df2-c66eaf486d24"},"id":"WK071804"},{"arcs":[[5096,-5096,-4754,-4760,5097]],"type":"Polygon","properties":{"id":57723,"statcode":"WK071805","statnaam":"Wijk 05 Oost-Souburg","jrstatcode":"2006WK071805","rubriek":"wijk","FID":"wijk_gegeneraliseerd_2006.74539d84-1dc0-4e98-af83-0f7488e91b3c"},"id":"WK071805"},{"arcs":[[-4762,5098,5099,5100,-5098]],"type":"Polygon","properties":{"id":57724,"statcode":"WK071806","statnaam":"Wijk 06 Ritthem en omgeving","jrstatcode":"2006WK071806","rubriek":"wijk","FID":"wijk_gegeneraliseerd_2006.ddde1e92-a453-4fa7-821c-0d9296ea86d1"},"id":"WK071806"},{"arcs":[[-5101,5101,-5089,-5093,-5097]],"type":"Polygon","properties":{"id":57725,"statcode":"WK071807","statnaam":"Wijk 07 Binnen- en Buitenhavens","jrstatcode":"2006WK071807","rubriek":"wijk","FID":"wijk_gegeneraliseerd_2006.5b39b1ee-026d-4edf-be69-0243c043c7b6"},"id":"WK071807"},{"arcs":[[5102,-4614,5103,-5099,-4761,-4610]],"type":"Polygon","properties":{"id":57726,"statcode":"WK071808","statnaam":"Wijk 08 Sloegebied","jrstatcode":"2006WK071808","rubriek":"wijk","FID":"wijk_gegeneraliseerd_2006.deac49ee-6bf4-44a8-a9d1-1d8d8bcce4af"},"id":"WK071808"},{"arcs":[[5107,5108,-4133,-1896]],"type":"Polygon","properties":{"id":57727,"statcode":"WK073300","statnaam":"Wijk 00 Asperen","jrstatcode":"2006WK073300","rubriek":"wijk","FID":"wijk_gegeneraliseerd_2006.dab97d7f-996f-49ec-bcb4-243188734420"},"id":"WK073300"},{"arcs":[[-5109,5109,-3839,-3844,-4784,-4127]],"type":"Polygon","properties":{"id":57728,"statcode":"WK073301","statnaam":"Wijk 01 Heukelum","jrstatcode":"2006WK073301","rubriek":"wijk","FID":"wijk_gegeneraliseerd_2006.70094f21-d087-4ca8-86c2-65453260292f"},"id":"WK073301"},{"arcs":[[5110,-2171,-3857,-3840,-5110]],"type":"Polygon","properties":{"id":57729,"statcode":"WK073302","statnaam":"Wijk 02 Vuren","jrstatcode":"2006WK073302","rubriek":"wijk","FID":"wijk_gegeneraliseerd_2006.59c421ac-ad09-451d-a4bf-e748987531d8"},"id":"WK073302"},{"arcs":[[-1895,-1892,-2217,-2175,-2172,-5111,-5108]],"type":"Polygon","properties":{"id":57730,"statcode":"WK073303","statnaam":"Wijk 03 Herwijnen","jrstatcode":"2006WK073303","rubriek":"wijk","FID":"wijk_gegeneraliseerd_2006.3ccfbcc0-dde8-4166-860e-9ea8dc429ddc"},"id":"WK073303"},{"arcs":[[5111,5112,5113,-3285,-3282,5114,5115]],"type":"Polygon","properties":{"id":57731,"statcode":"WK073600","statnaam":"Wijk 00 Mijdrecht","jrstatcode":"2006WK073600","rubriek":"wijk","FID":"wijk_gegeneraliseerd_2006.9f4bacb3-688f-44cb-a0f3-cab27b0d669e"},"id":"WK073600"},{"arcs":[[-5115,-3281,-3269,-3284,-2595,5116]],"type":"Polygon","properties":{"id":57732,"statcode":"WK073601","statnaam":"Wijk 01 Gebied bij Uithoorn","jrstatcode":"2006WK073601","rubriek":"wijk","FID":"wijk_gegeneraliseerd_2006.091e48aa-6054-4092-9202-dd61e88d6c0a"},"id":"WK073601"},{"arcs":[[-5117,-2594,-3239,-2223,-2414,-2361,-2363,5117,-5116]],"type":"Polygon","properties":{"id":57733,"statcode":"WK073602","statnaam":"Wijk 02 Vinkeveen","jrstatcode":"2006WK073602","rubriek":"wijk","FID":"wijk_gegeneraliseerd_2006.c5484681-e7ba-4b4f-97ea-c9ffd87d68b9"},"id":"WK073602"},{"arcs":[[-2362,-4531,-4229,5118,-5112,-5118]],"type":"Polygon","properties":{"id":57734,"statcode":"WK073603","statnaam":"Wijk 03 Wilnis","jrstatcode":"2006WK073603","rubriek":"wijk","FID":"wijk_gegeneraliseerd_2006.ea57ab28-176b-4fc3-ad3b-9c392471c09a"},"id":"WK073603"},{"arcs":[[5119,5120,5121,5122,5123,5124]],"type":"Polygon","properties":{"id":57735,"statcode":"WK073700","statnaam":"Wijk 00 Burgum","jrstatcode":"2006WK073700","rubriek":"wijk","FID":"wijk_gegeneraliseerd_2006.9a6fefe2-e744-42eb-9ef4-362ab3aca38c"},"id":"WK073700"},{"arcs":[[5125,-576,-646,-642,5126,-460,-456]],"type":"Polygon","properties":{"id":57736,"statcode":"WK073701","statnaam":"Wijk 01 Aldtsjerk","jrstatcode":"2006WK073701","rubriek":"wijk","FID":"wijk_gegeneraliseerd_2006.d93bf59d-dabb-4b0e-b582-e1ec7850a887"},"id":"WK073701"},{"arcs":[[-455,5127,-597,-577,-5126]],"type":"Polygon","properties":{"id":57737,"statcode":"WK073702","statnaam":"Wijk 02 Mûnein","jrstatcode":"2006WK073702","rubriek":"wijk","FID":"wijk_gegeneraliseerd_2006.b7d2b815-a70b-41fc-a90a-ae15a05fe464"},"id":"WK073702"},{"arcs":[[-454,5128,5129,-598,-5128]],"type":"Polygon","properties":{"id":57738,"statcode":"WK073703","statnaam":"Wijk 03 Ryptsjerk","jrstatcode":"2006WK073703","rubriek":"wijk","FID":"wijk_gegeneraliseerd_2006.d6fcc1c5-fccf-43e2-b6ab-927ccaa29c31"},"id":"WK073703"},{"arcs":[[-361,-619,-599,-596,-5130,5130,-5124,5131]],"type":"Polygon","properties":{"id":57739,"statcode":"WK073704","statnaam":"Wijk 04 Tytsjerk","jrstatcode":"2006WK073704","rubriek":"wijk","FID":"wijk_gegeneraliseerd_2006.08de3561-6b01-4792-8bff-486ea008213d"},"id":"WK073704"},{"arcs":[[-354,-362,-5132,-5123,5132,-706]],"type":"Polygon","properties":{"id":57740,"statcode":"WK073705","statnaam":"Wijk 05 Earnewâld","jrstatcode":"2006WK073705","rubriek":"wijk","FID":"wijk_gegeneraliseerd_2006.41b8ac24-a8e4-408a-be53-855875839594"},"id":"WK073705"},{"arcs":[[5133,-707,-5133,-5122]],"type":"Polygon","properties":{"id":57741,"statcode":"WK073706","statnaam":"Wijk 06 Sumar","jrstatcode":"2006WK073706","rubriek":"wijk","FID":"wijk_gegeneraliseerd_2006.e795eef1-ddb5-40ec-aa73-f784d481be65"},"id":"WK073706"},{"arcs":[[-425,-426,-708,-5134,-5121,5134,-417]],"type":"Polygon","properties":{"id":57742,"statcode":"WK073707","statnaam":"Wijk 07 Eastermar","jrstatcode":"2006WK073707","rubriek":"wijk","FID":"wijk_gegeneraliseerd_2006.9a795973-f9bc-4dce-bbd7-c18382b2f818"},"id":"WK073707"},{"arcs":[[-418,-5135,-5120,5135,-459]],"type":"Polygon","properties":{"id":57743,"statcode":"WK073708","statnaam":"Wijk 08 Noordburgum","jrstatcode":"2006WK073708","rubriek":"wijk","FID":"wijk_gegeneraliseerd_2006.58094481-44f2-44c6-bf7a-4e99fda9663a"},"id":"WK073708"},{"arcs":[[-453,-5136,-5125,-5131,-5129]],"type":"Polygon","properties":{"id":57744,"statcode":"WK073709","statnaam":"Wijk 09 Hurdegaryp","jrstatcode":"2006WK073709","rubriek":"wijk","FID":"wijk_gegeneraliseerd_2006.01a86129-2115-471f-83cf-45a5c36eda90"},"id":"WK073709"},{"arcs":[[-2178,5136,5137,5138,5139,5140,-2163]],"type":"Polygon","properties":{"id":57745,"statcode":"WK073800","statnaam":"Wijk 00 Wijk en Aalburg","jrstatcode":"2006WK073800","rubriek":"wijk","FID":"wijk_gegeneraliseerd_2006.c46e2cff-79fe-42e0-b6e0-f55c1f557aeb"},"id":"WK073800"},{"arcs":[[5141,5142,-2164,-5141]],"type":"Polygon","properties":{"id":57746,"statcode":"WK073801","statnaam":"Wijk 01 Veen","jrstatcode":"2006WK073801","rubriek":"wijk","FID":"wijk_gegeneraliseerd_2006.af2ade10-8c57-4421-a08d-4ebf5d4a7293"},"id":"WK073801"},{"arcs":[[-5138,5143,5144]],"type":"Polygon","properties":{"id":57747,"statcode":"WK073802","statnaam":"Wijk 02 Genderen","jrstatcode":"2006WK073802","rubriek":"wijk","FID":"wijk_gegeneraliseerd_2006.3c885737-38ee-4a4c-a4f0-7797a7ee3b06"},"id":"WK073802"},{"arcs":[[-5145,5145,5146,5147,5148,5149,-5139]],"type":"Polygon","properties":{"id":57748,"statcode":"WK073803","statnaam":"Wijk 03 Eethen","jrstatcode":"2006WK073803","rubriek":"wijk","FID":"wijk_gegeneraliseerd_2006.5f275352-99db-42cc-899b-b6c103b63cb3"},"id":"WK073803"},{"arcs":[[-5149,5150,5151,5152,5153,5154]],"type":"Polygon","properties":{"id":57749,"statcode":"WK073804","statnaam":"Wijk 04 Meeuwen","jrstatcode":"2006WK073804","rubriek":"wijk","FID":"wijk_gegeneraliseerd_2006.fcb88117-5546-4c5f-a9f9-8a7bb9a3fae5"},"id":"WK073804"},{"arcs":[[5155,5156,5157,-5151,-5148]],"type":"Polygon","properties":{"id":57750,"statcode":"WK073805","statnaam":"Wijk 05 Drongelen","jrstatcode":"2006WK073805","rubriek":"wijk","FID":"wijk_gegeneraliseerd_2006.6aebcd49-7c64-4c02-90a0-ac3bc011dad7"},"id":"WK073805"},{"arcs":[[5158,-5142,-5140,-5150,-5155,5159,5160,5161,5162]],"type":"Polygon","properties":{"id":57751,"statcode":"WK073806","statnaam":"Wijk 06 Babyloniënbroek","jrstatcode":"2006WK073806","rubriek":"wijk","FID":"wijk_gegeneraliseerd_2006.3ce2bbc5-e0e0-46c1-9c6d-d8c8b372647b"},"id":"WK073806"},{"arcs":[[5163,5164,5165,5166,5167,5168,5169,5170]],"type":"Polygon","properties":{"id":57752,"statcode":"WK074300","statnaam":"Wijk 00 Asten","jrstatcode":"2006WK074300","rubriek":"wijk","FID":"wijk_gegeneraliseerd_2006.5ef2ac77-fba7-46e5-bddf-a7aeec946e7a"},"id":"WK074300"},{"arcs":[[5171,5172,5173,5174,5175,-5171]],"type":"Polygon","properties":{"id":57753,"statcode":"WK074301","statnaam":"Wijk 01 Heusden","jrstatcode":"2006WK074301","rubriek":"wijk","FID":"wijk_gegeneraliseerd_2006.a8b776f2-8c4b-497f-bc6f-80bbbc587f8c"},"id":"WK074301"},{"arcs":[[5176,-5167,5177,5178]],"type":"Polygon","properties":{"id":57754,"statcode":"WK074302","statnaam":"Wijk 02 Ommel","jrstatcode":"2006WK074302","rubriek":"wijk","FID":"wijk_gegeneraliseerd_2006.b46d595c-06e5-4079-8952-7ab8ef86cb55"},"id":"WK074302"},{"arcs":[[5179,5180,-5173,5181]],"type":"Polygon","properties":{"id":57755,"statcode":"WK074308","statnaam":"Wijk 08","jrstatcode":"2006WK074308","rubriek":"wijk","FID":"wijk_gegeneraliseerd_2006.0bcaaddf-f9ca-42b4-8758-56bedbfcded5"},"id":"WK074308"},{"arcs":[[5182,5183,-5182,-5172,-5170]],"type":"Polygon","properties":{"id":57756,"statcode":"WK074309","statnaam":"Wijk 09","jrstatcode":"2006WK074309","rubriek":"wijk","FID":"wijk_gegeneraliseerd_2006.95c83a24-f3b6-41d9-89d1-c9341553db97"},"id":"WK074309"},{"arcs":[[5184,5185,5186,5187,5188,5189],[5190,5191,5192],[5190,5191,5192]],"type":"Polygon","properties":{"id":57757,"statcode":"WK074400","statnaam":"Wijk 00 Baarle - Nassau","jrstatcode":"2006WK074400","rubriek":"wijk","FID":"wijk_gegeneraliseerd_2006.db672ce3-e92b-4cbd-abb5-c6903c06a987"},"id":"WK074400"},{"arcs":[[-5190,5193,5194]],"type":"Polygon","properties":{"id":57758,"statcode":"WK074401","statnaam":"Wijk 01 Ulicoten","jrstatcode":"2006WK074401","rubriek":"wijk","FID":"wijk_gegeneraliseerd_2006.2cee43e3-7fc7-44ed-964e-0ac34fe71998"},"id":"WK074401"},{"arcs":[[-5188,5195]],"type":"Polygon","properties":{"id":57759,"statcode":"WK074402","statnaam":"Wijk 02","jrstatcode":"2006WK074402","rubriek":"wijk","FID":"wijk_gegeneraliseerd_2006.49698756-f5b5-4501-bf27-8a038a44749b"},"id":"WK074402"},{"arcs":[[5196,5197,5198]],"type":"Polygon","properties":{"id":57760,"statcode":"WK074800","statnaam":"Wijk 00 Bergen op Zoom-West","jrstatcode":"2006WK074800","rubriek":"wijk","FID":"wijk_gegeneraliseerd_2006.933f9209-db17-4385-a92f-68994d8bf11a"},"id":"WK074800"},{"arcs":[[5199,-5197,5200,5201]],"type":"Polygon","properties":{"id":57761,"statcode":"WK074801","statnaam":"Wijk 01 Bergen op Zoom-Noord","jrstatcode":"2006WK074801","rubriek":"wijk","FID":"wijk_gegeneraliseerd_2006.d3139dd4-b7c3-452a-964e-92c83e720039"},"id":"WK074801"},{"arcs":[[-5200,5202,5203,5204,5205,5206,5207,5208,-5198]],"type":"Polygon","properties":{"id":57762,"statcode":"WK074802","statnaam":"Wijk 02 Bergen op Zoom-Oost","jrstatcode":"2006WK074802","rubriek":"wijk","FID":"wijk_gegeneraliseerd_2006.877bb8c5-03d8-4381-8929-a0c2c2c652c0"},"id":"WK074802"},{"arcs":[[-5201,-5199,-5209,5209,-4832,-5018,5210]],"type":"Polygon","properties":{"id":57763,"statcode":"WK074803","statnaam":"Wijk 03 Buitengebied West","jrstatcode":"2006WK074803","rubriek":"wijk","FID":"wijk_gegeneraliseerd_2006.b82dad14-8587-478e-8b68-c744b06198f5"},"id":"WK074803"},{"arcs":[[-5211,-5017,5211,-5203,-5202]],"type":"Polygon","properties":{"id":57764,"statcode":"WK074804","statnaam":"Wijk 04 Halsteren","jrstatcode":"2006WK074804","rubriek":"wijk","FID":"wijk_gegeneraliseerd_2006.1d0ccb0c-93d1-40b8-88f1-c99d80716383"},"id":"WK074804"},{"arcs":[[5212,-5212,-5036,5213,5214]],"type":"Polygon","properties":{"id":57765,"statcode":"WK074805","statnaam":"Wijk 05 Lepelstraat","jrstatcode":"2006WK074805","rubriek":"wijk","FID":"wijk_gegeneraliseerd_2006.8d7369ac-0e2b-4945-a683-919365233d58"},"id":"WK074805"},{"arcs":[[5215,5216,5217,5218,5219,5220]],"type":"Polygon","properties":{"id":57766,"statcode":"WK075300","statnaam":"Wijk 00 Best","jrstatcode":"2006WK075300","rubriek":"wijk","FID":"wijk_gegeneraliseerd_2006.838ee71f-ca4a-4e72-b679-7a3618894cc6"},"id":"WK075300"},{"arcs":[[5221,5222,5223,5224,5225,5226,5227]],"type":"Polygon","properties":{"id":57767,"statcode":"WK075500","statnaam":"Wijk 00 Boekel","jrstatcode":"2006WK075500","rubriek":"wijk","FID":"wijk_gegeneraliseerd_2006.4d3020cf-1eca-4d0b-9711-b211322bf6a9"},"id":"WK075500"},{"arcs":[[5228,5229,5230,-5228,5231]],"type":"Polygon","properties":{"id":57768,"statcode":"WK075501","statnaam":"Wijk 01 Venhorst","jrstatcode":"2006WK075501","rubriek":"wijk","FID":"wijk_gegeneraliseerd_2006.45f70cc0-9cd2-491a-aeab-6cb23a159eda"},"id":"WK075501"},{"arcs":[[5232,5233,5234,5235,5236]],"type":"Polygon","properties":{"id":57769,"statcode":"WK075600","statnaam":"Wijk 00 Boxmeer","jrstatcode":"2006WK075600","rubriek":"wijk","FID":"wijk_gegeneraliseerd_2006.68d4599a-8545-49fb-9c4b-923b06807bd5"},"id":"WK075600"},{"arcs":[[5237,5238,5239,5240,5241,-5234,5242]],"type":"Polygon","properties":{"id":57770,"statcode":"WK075601","statnaam":"Wijk 01 Sambeek","jrstatcode":"2006WK075601","rubriek":"wijk","FID":"wijk_gegeneraliseerd_2006.a4e0a736-5049-41c4-87cf-1aa12e357c00"},"id":"WK075601"},{"arcs":[[5243,-5237,5244,5245,5246,5247]],"type":"Polygon","properties":{"id":57771,"statcode":"WK075602","statnaam":"Wijk 02 Beugen","jrstatcode":"2006WK075602","rubriek":"wijk","FID":"wijk_gegeneraliseerd_2006.33d0cf87-2b64-4a32-b569-cfbbcacc978b"},"id":"WK075602"},{"arcs":[[5248,-5247,5249,5250,5251]],"type":"Polygon","properties":{"id":57772,"statcode":"WK075603","statnaam":"Wijk 03 Oeffelt","jrstatcode":"2006WK075603","rubriek":"wijk","FID":"wijk_gegeneraliseerd_2006.17a7ddca-6e87-4bcd-8009-9a7806628479"},"id":"WK075603"},{"arcs":[[-5245,-5236,5252,5253,5254]],"type":"Polygon","properties":{"id":57773,"statcode":"WK075604","statnaam":"Wijk 04 Rijkevoort","jrstatcode":"2006WK075604","rubriek":"wijk","FID":"wijk_gegeneraliseerd_2006.1e407e43-f1f1-4433-a897-8244365d41d3"},"id":"WK075604"},{"arcs":[[5255,5256,-5240]],"type":"Polygon","properties":{"id":57774,"statcode":"WK075605","statnaam":"Wijk 05 Vortum-Mullem","jrstatcode":"2006WK075605","rubriek":"wijk","FID":"wijk_gegeneraliseerd_2006.914936bd-284c-449b-baa2-83746cdf3ee8"},"id":"WK075605"},{"arcs":[[5257,5258,5259,5260,5261,-5256,-5239,5262]],"type":"Polygon","properties":{"id":57775,"statcode":"WK075606","statnaam":"Wijk 06 Vierlingsbeek","jrstatcode":"2006WK075606","rubriek":"wijk","FID":"wijk_gegeneraliseerd_2006.8bbf155a-075c-4929-b1ce-996d21143815"},"id":"WK075606"},{"arcs":[[5263,5264,5265,-5261,5266,5267,5268,5269]],"type":"Polygon","properties":{"id":57776,"statcode":"WK075607","statnaam":"Wijk 07 Overloon","jrstatcode":"2006WK075607","rubriek":"wijk","FID":"wijk_gegeneraliseerd_2006.3c3bfb46-44cd-4492-ae9f-d56fc457e445"},"id":"WK075607"},{"arcs":[[5270,5271,5272,5273,5274,-5259]],"type":"Polygon","properties":{"id":57777,"statcode":"WK075608","statnaam":"Wijk 08 Maashees","jrstatcode":"2006WK075608","rubriek":"wijk","FID":"wijk_gegeneraliseerd_2006.a3c338d1-6eaf-4bf2-8948-a3c2e478ac42"},"id":"WK075608"},{"arcs":[[-5275,5275,-5267,-5260]],"type":"Polygon","properties":{"id":57778,"statcode":"WK075609","statnaam":"Wijk 09 Holthees","jrstatcode":"2006WK075609","rubriek":"wijk","FID":"wijk_gegeneraliseerd_2006.c2fd1e64-908e-40a8-b54c-cb46ab8a1905"},"id":"WK075609"},{"arcs":[[5276,5277,5278,5279,5280,5281,5282,5283,5284]],"type":"Polygon","properties":{"id":57779,"statcode":"WK075700","statnaam":"Wijk 00 Boxtel","jrstatcode":"2006WK075700","rubriek":"wijk","FID":"wijk_gegeneraliseerd_2006.916bc3a4-1203-46a9-9cc8-a1f9dd593f9d"},"id":"WK075700"},{"arcs":[[5285,5286,5287,5288,-5277]],"type":"Polygon","properties":{"id":57780,"statcode":"WK075701","statnaam":"Wijk 01 Lennisheuvel","jrstatcode":"2006WK075701","rubriek":"wijk","FID":"wijk_gegeneraliseerd_2006.68706cb5-c707-46f9-ada8-350f5252c894"},"id":"WK075701"},{"arcs":[[[-5285,5289,5290,-5218,5291,-5286]],[[-5284,5292,5293]]],"type":"MultiPolygon","properties":{"id":57781,"statcode":"WK075702","statnaam":"Wijk 02 Liempde","jrstatcode":"2006WK075702","rubriek":"wijk","FID":"wijk_gegeneraliseerd_2006.faed974b-3e96-4c88-a876-ccc07e06ca1a"},"id":"WK075702"},{"arcs":[[5294,5295,5296,5297]],"type":"Polygon","properties":{"id":57782,"statcode":"WK075800","statnaam":"Wijk 00 Breda Centrum","jrstatcode":"2006WK075800","rubriek":"wijk","FID":"wijk_gegeneraliseerd_2006.0083c46b-4975-4a31-b112-9ead7336eecb"},"id":"WK075800"},{"arcs":[[5298,-5295,5299,5300,5301,5302]],"type":"Polygon","properties":{"id":57783,"statcode":"WK075801","statnaam":"Wijk 01 Breda Noord","jrstatcode":"2006WK075801","rubriek":"wijk","FID":"wijk_gegeneraliseerd_2006.868b2e14-a53b-438d-ab0b-afb1a8e53246"},"id":"WK075801"},{"arcs":[[5303,-5296,-5299,5304,5305,5306,5307]],"type":"Polygon","properties":{"id":57784,"statcode":"WK075802","statnaam":"Wijk 02 Breda Oost","jrstatcode":"2006WK075802","rubriek":"wijk","FID":"wijk_gegeneraliseerd_2006.29983f78-7fff-42cf-b8fb-6a7fad0fe158"},"id":"WK075802"},{"arcs":[[5308,5309,5310,5311,5312,5313,-5308]],"type":"Polygon","properties":{"id":57785,"statcode":"WK075803","statnaam":"Wijk 03 Breda Zuid-Oost","jrstatcode":"2006WK075803","rubriek":"wijk","FID":"wijk_gegeneraliseerd_2006.243b6c47-ab81-4b49-ab9b-c048b9d85b02"},"id":"WK075803"},{"arcs":[[5314,-5297,-5304,-5314]],"type":"Polygon","properties":{"id":57786,"statcode":"WK075804","statnaam":"Wijk 04 Breda Zuid","jrstatcode":"2006WK075804","rubriek":"wijk","FID":"wijk_gegeneraliseerd_2006.996593d7-94e9-420d-b23c-7821288805e6"},"id":"WK075804"},{"arcs":[[5315,5316,5317,5318,5319,5320,5321,5322,-5298,-5315,-5313]],"type":"Polygon","properties":{"id":57787,"statcode":"WK075805","statnaam":"Wijk 05 Breda West","jrstatcode":"2006WK075805","rubriek":"wijk","FID":"wijk_gegeneraliseerd_2006.24737e2a-0f5f-4b39-8467-3b03774ddbb1"},"id":"WK075805"},{"arcs":[[5323,-5300,-5323,5324]],"type":"Polygon","properties":{"id":57788,"statcode":"WK075806","statnaam":"Wijk 06 Breda Noord-West","jrstatcode":"2006WK075806","rubriek":"wijk","FID":"wijk_gegeneraliseerd_2006.4cf73088-b97c-424a-bbe5-a76ac9d3cfea"},"id":"WK075806"},{"arcs":[[-5309,-5307,5325,5326,5327,5328]],"type":"Polygon","properties":{"id":57789,"statcode":"WK075807","statnaam":"Wijk 07 Bavel","jrstatcode":"2006WK075807","rubriek":"wijk","FID":"wijk_gegeneraliseerd_2006.e1948c12-7d88-4735-8334-6b7e692ba988"},"id":"WK075807"},{"arcs":[[5329,-5310,-5329]],"type":"Polygon","properties":{"id":57790,"statcode":"WK075808","statnaam":"Wijk 08 Ulvenhout","jrstatcode":"2006WK075808","rubriek":"wijk","FID":"wijk_gegeneraliseerd_2006.8988ea19-96f1-481a-9b17-a30107891e10"},"id":"WK075808"},{"arcs":[[-5322,5330,5331,-5325]],"type":"Polygon","properties":{"id":57791,"statcode":"WK075809","statnaam":"Wijk 09 Prinsenbeek","jrstatcode":"2006WK075809","rubriek":"wijk","FID":"wijk_gegeneraliseerd_2006.61306afc-dc86-4b35-8a8c-6061c7109914"},"id":"WK075809"},{"arcs":[[5332,5333,-5305,-5303]],"type":"Polygon","properties":{"id":57792,"statcode":"WK075810","statnaam":"Wijk 10 Teteringen","jrstatcode":"2006WK075810","rubriek":"wijk","FID":"wijk_gegeneraliseerd_2006.aa3065bc-0670-4553-8d6d-82049e822cc4"},"id":"WK075810"},{"arcs":[[5334,5335,5336,5337,5338,5339,5340,5341]],"type":"Polygon","properties":{"id":57793,"statcode":"WK076200","statnaam":"Wijk 00 Deurne","jrstatcode":"2006WK076200","rubriek":"wijk","FID":"wijk_gegeneraliseerd_2006.c2378f6a-9fea-4a6d-98f7-23c1bbb2a2ad"},"id":"WK076200"},{"arcs":[[-5338,5342,-5168,-5177,5343,5344]],"type":"Polygon","properties":{"id":57794,"statcode":"WK076201","statnaam":"Wijk 01 Vlierden","jrstatcode":"2006WK076201","rubriek":"wijk","FID":"wijk_gegeneraliseerd_2006.fd1d8461-2fb5-41b4-a8a3-5041e09c123f"},"id":"WK076201"},{"arcs":[[5345,5346,-5183,-5169,-5343,-5337]],"type":"Polygon","properties":{"id":57795,"statcode":"WK076202","statnaam":"Wijk 02 Liessel","jrstatcode":"2006WK076202","rubriek":"wijk","FID":"wijk_gegeneraliseerd_2006.994e40e8-51b2-4f40-aab4-5e3d7e8de630"},"id":"WK076202"},{"arcs":[[-5347,5347,5348,-5180,-5184]],"type":"Polygon","properties":{"id":57796,"statcode":"WK076203","statnaam":"Wijk 03 Neerkant","jrstatcode":"2006WK076203","rubriek":"wijk","FID":"wijk_gegeneraliseerd_2006.ecec73fa-6de4-4569-a8f0-ba95254308fc"},"id":"WK076203"},{"arcs":[[5349,5350,-5348,-5346,-5336,5351,5352]],"type":"Polygon","properties":{"id":57797,"statcode":"WK076204","statnaam":"Wijk 04 Helenaveen","jrstatcode":"2006WK076204","rubriek":"wijk","FID":"wijk_gegeneraliseerd_2006.11fbdbc2-59e3-4e35-bed3-578acdff770e"},"id":"WK076204"},{"arcs":[[-272,5353,-242,-337,-26,-236,5354]],"type":"Polygon","properties":{"id":57798,"statcode":"WK076500","statnaam":"Wijk 00","jrstatcode":"2006WK076500","rubriek":"wijk","FID":"wijk_gegeneraliseerd_2006.d52a41ae-8874-43c0-a83e-d40709f1f4ee"},"id":"WK076500"},{"arcs":[[-235,-220,-279,-273,-5355]],"type":"Polygon","properties":{"id":57799,"statcode":"WK076501","statnaam":"Wijk 01","jrstatcode":"2006WK076501","rubriek":"wijk","FID":"wijk_gegeneraliseerd_2006.1458bba9-a1bc-41ba-9612-dfc74f2b2924"},"id":"WK076501"},{"arcs":[[5355,5356,5357,5358,5359,5360,5361,5362]],"type":"Polygon","properties":{"id":57800,"statcode":"WK076600","statnaam":"Wijk 00 Dongen-Centrum","jrstatcode":"2006WK076600","rubriek":"wijk","FID":"wijk_gegeneraliseerd_2006.e78eb245-97db-47b9-be4d-be7ea9fddedf"},"id":"WK076600"},{"arcs":[[5363,5364,5365,5366,-5362,5367]],"type":"Polygon","properties":{"id":57801,"statcode":"WK076601","statnaam":"Wijk 01 Dongense Vaart","jrstatcode":"2006WK076601","rubriek":"wijk","FID":"wijk_gegeneraliseerd_2006.10d398dc-9eeb-41cf-bfcd-f9cdc566aa1a"},"id":"WK076601"},{"arcs":[[5368,-5368,-5361,5369,5370,5371]],"type":"Polygon","properties":{"id":57802,"statcode":"WK076602","statnaam":"Wijk 02 's-Gravenmoer","jrstatcode":"2006WK076602","rubriek":"wijk","FID":"wijk_gegeneraliseerd_2006.c0b76d86-b41b-4f33-91dc-2e8ee423b9e1"},"id":"WK076602"},{"arcs":[[5372,5373,5374,5375,5376,5377,5378]],"type":"Polygon","properties":{"id":57803,"statcode":"WK077000","statnaam":"Wijk 00 Eersel","jrstatcode":"2006WK077000","rubriek":"wijk","FID":"wijk_gegeneraliseerd_2006.639f3484-872d-4c16-aa7c-e730cbd2be8e"},"id":"WK077000"},{"arcs":[[5379,5380,5381,-5379]],"type":"Polygon","properties":{"id":57804,"statcode":"WK077001","statnaam":"Wijk 01 Duizel","jrstatcode":"2006WK077001","rubriek":"wijk","FID":"wijk_gegeneraliseerd_2006.4dfeb874-8828-4774-b849-e0f259e05977"},"id":"WK077001"},{"arcs":[[5382,5383,-5374,5384]],"type":"Polygon","properties":{"id":57805,"statcode":"WK077002","statnaam":"Wijk 02 Steensel","jrstatcode":"2006WK077002","rubriek":"wijk","FID":"wijk_gegeneraliseerd_2006.3ae63c82-0427-4ea6-99de-c65b359e9d3f"},"id":"WK077002"},{"arcs":[[5385,5386,5387,5388,5389,5390]],"type":"Polygon","properties":{"id":57806,"statcode":"WK077003","statnaam":"Wijk 03 Vessem","jrstatcode":"2006WK077003","rubriek":"wijk","FID":"wijk_gegeneraliseerd_2006.41324d1c-47a3-48f4-ab91-a39cfd3c11d4"},"id":"WK077003"},{"arcs":[[5391,5392,-5386,5393,5394]],"type":"Polygon","properties":{"id":57807,"statcode":"WK077004","statnaam":"Wijk 04 Wintelre","jrstatcode":"2006WK077004","rubriek":"wijk","FID":"wijk_gegeneraliseerd_2006.ed207893-2d98-4b26-ae70-7f834e895594"},"id":"WK077004"},{"arcs":[[5395,-5385,-5373,-5382,5396,-5388,5397]],"type":"Polygon","properties":{"id":57808,"statcode":"WK077005","statnaam":"Wijk 05 Knegsel","jrstatcode":"2006WK077005","rubriek":"wijk","FID":"wijk_gegeneraliseerd_2006.c177be9e-e953-4468-9bbb-b5d90f4d558e"},"id":"WK077005"},{"arcs":[[5398,5399,5400,5401,5402]],"type":"Polygon","properties":{"id":57809,"statcode":"WK077211","statnaam":"Wijk 11 Stadsdeel Centrum","jrstatcode":"2006WK077211","rubriek":"wijk","FID":"wijk_gegeneraliseerd_2006.fe8a17cf-2b10-4c22-90a5-bdf3d69bb835"},"id":"WK077211"},{"arcs":[[5403,5404,5405,-5403,5406,5407]],"type":"Polygon","properties":{"id":57810,"statcode":"WK077212","statnaam":"Wijk 12 Stadsdeel Stratum","jrstatcode":"2006WK077212","rubriek":"wijk","FID":"wijk_gegeneraliseerd_2006.ea94dbdc-3095-4c89-aa6d-6b3007c7ce8e"},"id":"WK077212"},{"arcs":[[-5402,5408,5409,5410,-5407]],"type":"Polygon","properties":{"id":57811,"statcode":"WK077213","statnaam":"Wijk 13 Stadsdeel Tongelre","jrstatcode":"2006WK077213","rubriek":"wijk","FID":"wijk_gegeneraliseerd_2006.46add859-fd5f-4147-bbf2-bf451d8bbe51"},"id":"WK077213"},{"arcs":[[5411,5412,5413,-5409,-5401]],"type":"Polygon","properties":{"id":57812,"statcode":"WK077214","statnaam":"Wijk 14 Stadsdeel Woensel-Zuid","jrstatcode":"2006WK077214","rubriek":"wijk","FID":"wijk_gegeneraliseerd_2006.1be2579d-441c-42f7-be4a-1b805998f672"},"id":"WK077214"},{"arcs":[[5414,-5413,5415,-5221,5416,5417]],"type":"Polygon","properties":{"id":57813,"statcode":"WK077215","statnaam":"Wijk 15 Stadsdeel Woensel-Noord","jrstatcode":"2006WK077215","rubriek":"wijk","FID":"wijk_gegeneraliseerd_2006.7de2f92d-99c7-49c4-b739-5ed28aeb5511"},"id":"WK077215"},{"arcs":[[5418,5419,-5392,5420,-5216,-5416,-5412,-5400,5421,5422]],"type":"Polygon","properties":{"id":57814,"statcode":"WK077216","statnaam":"Wijk 16 Stadsdeel Strijp","jrstatcode":"2006WK077216","rubriek":"wijk","FID":"wijk_gegeneraliseerd_2006.a573e819-44d5-4f4e-b401-962c90630066"},"id":"WK077216"},{"arcs":[[-5406,5423,5424,-5422,-5399]],"type":"Polygon","properties":{"id":57815,"statcode":"WK077217","statnaam":"Wijk 17 Stadsdeel Gestel","jrstatcode":"2006WK077217","rubriek":"wijk","FID":"wijk_gegeneraliseerd_2006.366340b7-3df0-4b26-9738-276770de01c9"},"id":"WK077217"},{"arcs":[[5425,5426,5427,5428,5429]],"type":"Polygon","properties":{"id":57816,"statcode":"WK077700","statnaam":"Wijk 00 Etten - Leur Midden Woongebied","jrstatcode":"2006WK077700","rubriek":"wijk","FID":"wijk_gegeneraliseerd_2006.dd9df693-9f00-4eec-a975-162799aa2ba1"},"id":"WK077700"},{"arcs":[[-5426,5430,5431,5432,5433]],"type":"Polygon","properties":{"id":57817,"statcode":"WK077701","statnaam":"Wijk 01 Etten-Leur Midden. Bedrijventerrein Vosdonk","jrstatcode":"2006WK077701","rubriek":"wijk","FID":"wijk_gegeneraliseerd_2006.a0bfb229-3b5d-4a3b-a8ea-3878ad9293db"},"id":"WK077701"},{"arcs":[[-5321,5434,5435,-5428,5436,5437]],"type":"Polygon","properties":{"id":57818,"statcode":"WK077702","statnaam":"Wijk 02 Etten-Leur landelijk gebied","jrstatcode":"2006WK077702","rubriek":"wijk","FID":"wijk_gegeneraliseerd_2006.252d4cad-1a8c-41bf-8670-cdf763a2e2c1"},"id":"WK077702"},{"arcs":[[-5437,-5427,5438,5439]],"type":"Polygon","properties":{"id":57819,"statcode":"WK077710","statnaam":"Wijk 10 Etten-Leur Noord Woongebied","jrstatcode":"2006WK077710","rubriek":"wijk","FID":"wijk_gegeneraliseerd_2006.2b6784a8-dc70-4215-b237-e89d11addf8e"},"id":"WK077710"},{"arcs":[[-5434,5440,-5439]],"type":"Polygon","properties":{"id":57820,"statcode":"WK077711","statnaam":"Wijk 11 Etten-Leur Noord Bedrijventerrein","jrstatcode":"2006WK077711","rubriek":"wijk","FID":"wijk_gegeneraliseerd_2006.97cd1e22-1067-4ece-a8a2-f521c68fa7b5"},"id":"WK077711"},{"arcs":[[-5441,-5433,5441,5442,5443,-5331,-5438,-5440]],"type":"Polygon","properties":{"id":57821,"statcode":"WK077712","statnaam":"Wijk 12 Etten-Leur Noord Verspreide huizen","jrstatcode":"2006WK077712","rubriek":"wijk","FID":"wijk_gegeneraliseerd_2006.ba00abc8-e1f4-4313-a84b-6574c24327da"},"id":"WK077712"},{"arcs":[[-5430,5444,5445,5446]],"type":"Polygon","properties":{"id":57822,"statcode":"WK077720","statnaam":"Wijk 20 Etten-Leur Zuid Woongebied","jrstatcode":"2006WK077720","rubriek":"wijk","FID":"wijk_gegeneraliseerd_2006.6853699d-73e0-4e1e-b686-fbd8f231ad70"},"id":"WK077720"},{"arcs":[[5447,5448,5449,-5431,-5447]],"type":"Polygon","properties":{"id":57823,"statcode":"WK077721","statnaam":"Wijk 21 Etten-Leur Zuid Bedrijventerrein","jrstatcode":"2006WK077721","rubriek":"wijk","FID":"wijk_gegeneraliseerd_2006.4be9c5db-f4b9-417b-9ae3-c73c34e826c5"},"id":"WK077721"},{"arcs":[[5450,-5445,-5429,-5436]],"type":"Polygon","properties":{"id":57824,"statcode":"WK077722","statnaam":"Wijk 22 Etten-Leur Zuid Bedrijventerrein Trivium","jrstatcode":"2006WK077722","rubriek":"wijk","FID":"wijk_gegeneraliseerd_2006.a2c53d43-f9d1-4f8b-b9b4-ac7765ff80bd"},"id":"WK077722"},{"arcs":[[5451,-5448,-5446,-5451,-5435,-5320,5452]],"type":"Polygon","properties":{"id":57825,"statcode":"WK077723","statnaam":"Wijk 23 Etten-Leur Zuid Verspreide huizen","jrstatcode":"2006WK077723","rubriek":"wijk","FID":"wijk_gegeneraliseerd_2006.f7010bad-2447-4c89-b695-5983dcb27d17"},"id":"WK077723"},{"arcs":[[5453,5454,5455,5456,5457]],"type":"Polygon","properties":{"id":57826,"statcode":"WK077900","statnaam":"Wijk 00 Raamsdonksveer","jrstatcode":"2006WK077900","rubriek":"wijk","FID":"wijk_gegeneraliseerd_2006.26253b12-f2ec-49ec-a57f-8336c3a971f3"},"id":"WK077900"},{"arcs":[[5458,-5371,5459,-5458,5460]],"type":"Polygon","properties":{"id":57827,"statcode":"WK077901","statnaam":"Wijk 01 Raamsdonk","jrstatcode":"2006WK077901","rubriek":"wijk","FID":"wijk_gegeneraliseerd_2006.2fe3f77e-7309-4cd5-abc3-020338eddded"},"id":"WK077901"},{"arcs":[[5461,5462,5463,5464,5465,-5456]],"type":"Polygon","properties":{"id":57828,"statcode":"WK077902","statnaam":"Wijk 02 Geertruidenberg","jrstatcode":"2006WK077902","rubriek":"wijk","FID":"wijk_gegeneraliseerd_2006.d47a383d-7b2a-4a85-b56f-098544761240"},"id":"WK077902"},{"arcs":[[5466,5467,5468,-5358,5469,5470]],"type":"Polygon","properties":{"id":57829,"statcode":"WK078400","statnaam":"Wijk 00 Rijen","jrstatcode":"2006WK078400","rubriek":"wijk","FID":"wijk_gegeneraliseerd_2006.6e9f1dea-b086-4d48-9a0e-e32f0a0293eb"},"id":"WK078400"},{"arcs":[[5471,5472,5473,5474,5475,-5467,5476]],"type":"Polygon","properties":{"id":57830,"statcode":"WK078401","statnaam":"Wijk 01 Gilze","jrstatcode":"2006WK078401","rubriek":"wijk","FID":"wijk_gegeneraliseerd_2006.7709cc9d-7f72-4865-8e57-acd10a6273fa"},"id":"WK078401"},{"arcs":[[-5468,-5476,5477,5478,5479,-5327,5480]],"type":"Polygon","properties":{"id":57831,"statcode":"WK078402","statnaam":"Wijk 02 Molenschot","jrstatcode":"2006WK078402","rubriek":"wijk","FID":"wijk_gegeneraliseerd_2006.5d00675b-de01-46f3-be4c-cce9c5262526"},"id":"WK078402"},{"arcs":[[5481,-5477,-5471,5482]],"type":"Polygon","properties":{"id":57832,"statcode":"WK078403","statnaam":"Wijk 03 Hulten","jrstatcode":"2006WK078403","rubriek":"wijk","FID":"wijk_gegeneraliseerd_2006.893263a6-c8c5-4407-a750-dc81b54036de"},"id":"WK078403"},{"arcs":[[5483,5484,5485,5486,5487,5488,5489]],"type":"Polygon","properties":{"id":57833,"statcode":"WK078501","statnaam":"Wijk 01 Goirle-West","jrstatcode":"2006WK078501","rubriek":"wijk","FID":"wijk_gegeneraliseerd_2006.0d691c44-8643-4615-bf48-7374c2e3a3df"},"id":"WK078501"},{"arcs":[[-5490,5490,5491,-5484]],"type":"Polygon","properties":{"id":57834,"statcode":"WK078502","statnaam":"Wijk 02 Goirle-Oost","jrstatcode":"2006WK078502","rubriek":"wijk","FID":"wijk_gegeneraliseerd_2006.a29e0e36-0eb3-4851-ac06-86b4887e688c"},"id":"WK078502"},{"arcs":[[5492,-5473,5493,-5488]],"type":"Polygon","properties":{"id":57835,"statcode":"WK078503","statnaam":"Wijk 03 Riel","jrstatcode":"2006WK078503","rubriek":"wijk","FID":"wijk_gegeneraliseerd_2006.2c5d1d3b-328e-4b48-8ba0-8d5cd708ce64"},"id":"WK078503"},{"arcs":[[5494,5495,-1991]],"type":"Polygon","properties":{"id":57836,"statcode":"WK078600","statnaam":"Wijk 00 Grave","jrstatcode":"2006WK078600","rubriek":"wijk","FID":"wijk_gegeneraliseerd_2006.701b79de-fc27-4ef6-9666-b898233d7e91"},"id":"WK078600"},{"arcs":[[5496,-5495,-1990,5497,5498,5499]],"type":"Polygon","properties":{"id":57837,"statcode":"WK078601","statnaam":"Wijk 01 Escharen","jrstatcode":"2006WK078601","rubriek":"wijk","FID":"wijk_gegeneraliseerd_2006.bab576ad-47ac-4943-8c9c-9d225bc6ba52"},"id":"WK078601"},{"arcs":[[-5497,5500,5501,5502,-2145,-1985,-5496]],"type":"Polygon","properties":{"id":57838,"statcode":"WK078602","statnaam":"Wijk 02 Velp","jrstatcode":"2006WK078602","rubriek":"wijk","FID":"wijk_gegeneraliseerd_2006.81e54518-52e6-4438-9852-332ba8872b9e"},"id":"WK078602"},{"arcs":[[5503,5504,5505,-5498,-1989]],"type":"Polygon","properties":{"id":57839,"statcode":"WK078603","statnaam":"Wijk 03 Gassel","jrstatcode":"2006WK078603","rubriek":"wijk","FID":"wijk_gegeneraliseerd_2006.3ad45bb7-2006-4180-995e-0bf165127e05"},"id":"WK078603"},{"arcs":[[5506,5507,5508,5509,-5279,5510]],"type":"Polygon","properties":{"id":57840,"statcode":"WK078800","statnaam":"Wijk 00 Haaren","jrstatcode":"2006WK078800","rubriek":"wijk","FID":"wijk_gegeneraliseerd_2006.f5af8875-a845-4f55-b280-e7adc3a717c6"},"id":"WK078800"},{"arcs":[[5511,-5508,5512,5513,5514,5515]],"type":"Polygon","properties":{"id":57841,"statcode":"WK078801","statnaam":"Wijk 01 Helvoirt","jrstatcode":"2006WK078801","rubriek":"wijk","FID":"wijk_gegeneraliseerd_2006.d2eb33fb-1e7b-47b4-bca8-a58e1a67e529"},"id":"WK078801"},{"arcs":[[-5280,-5510,5516]],"type":"Polygon","properties":{"id":57842,"statcode":"WK078802","statnaam":"Wijk 02 Esch","jrstatcode":"2006WK078802","rubriek":"wijk","FID":"wijk_gegeneraliseerd_2006.0348458d-bfee-4533-86e8-60fd680af962"},"id":"WK078802"},{"arcs":[[5517,5518,5519,-5513,-5507]],"type":"Polygon","properties":{"id":57843,"statcode":"WK078803","statnaam":"Wijk 03 Biezenmortel","jrstatcode":"2006WK078803","rubriek":"wijk","FID":"wijk_gegeneraliseerd_2006.6559fcbd-3fc0-4898-872a-602c7bb5b80a"},"id":"WK078803"},{"arcs":[[5520,5521,5522,5523,5524]],"type":"Polygon","properties":{"id":57844,"statcode":"WK079410","statnaam":"Wijk 10 Binnenstad","jrstatcode":"2006WK079410","rubriek":"wijk","FID":"wijk_gegeneraliseerd_2006.d8b181c3-d612-43ef-94a0-6812ba516f34"},"id":"WK079410"},{"arcs":[[5525,-5521,5526,5527,5528]],"type":"Polygon","properties":{"id":57845,"statcode":"WK079411","statnaam":"Wijk 11 Helmond-Oost","jrstatcode":"2006WK079411","rubriek":"wijk","FID":"wijk_gegeneraliseerd_2006.4ea7440a-d39a-4dbe-8fa8-6a5d8fbf21f6"},"id":"WK079411"},{"arcs":[[5529,5530,5531,-5527,-5525]],"type":"Polygon","properties":{"id":57846,"statcode":"WK079412","statnaam":"Wijk 12 Helmond-Noord","jrstatcode":"2006WK079412","rubriek":"wijk","FID":"wijk_gegeneraliseerd_2006.85fec9db-ce82-4add-abfd-d2c466b4d30e"},"id":"WK079412"},{"arcs":[[5532,5533,5534,5535,5536,5537]],"type":"Polygon","properties":{"id":57847,"statcode":"WK079413","statnaam":"Wijk 13 't Hout","jrstatcode":"2006WK079413","rubriek":"wijk","FID":"wijk_gegeneraliseerd_2006.9847153f-ba05-4dcb-b71f-bc9be1f6ec19"},"id":"WK079413"},{"arcs":[[5538,-5339,-5345,5539]],"type":"Polygon","properties":{"id":57848,"statcode":"WK079414","statnaam":"Wijk 14 Brouwhuis","jrstatcode":"2006WK079414","rubriek":"wijk","FID":"wijk_gegeneraliseerd_2006.d24088f9-8494-4834-be32-85c921703eb7"},"id":"WK079414"},{"arcs":[[5540,-5533,5541,5542,-5523]],"type":"Polygon","properties":{"id":57849,"statcode":"WK079415","statnaam":"Wijk 15 Helmond-West","jrstatcode":"2006WK079415","rubriek":"wijk","FID":"wijk_gegeneraliseerd_2006.3ba661d3-07c4-423a-90a1-b894db65f86f"},"id":"WK079415"},{"arcs":[[-5524,-5543,5543,5544,-5530]],"type":"Polygon","properties":{"id":57850,"statcode":"WK079416","statnaam":"Wijk 16 Warande","jrstatcode":"2006WK079416","rubriek":"wijk","FID":"wijk_gegeneraliseerd_2006.ebcfb933-d128-4d14-926c-3eaf0ce90aac"},"id":"WK079416"},{"arcs":[[-5542,-5538,5545,5546,5547,5548,5549,-5544]],"type":"Polygon","properties":{"id":57851,"statcode":"WK079417","statnaam":"Wijk 17 Stiphout","jrstatcode":"2006WK079417","rubriek":"wijk","FID":"wijk_gegeneraliseerd_2006.d5e8e1ca-4c63-48e8-bf2c-8ba9467b6f3d"},"id":"WK079417"},{"arcs":[[-5529,5550,5551,-5340,-5539]],"type":"Polygon","properties":{"id":57852,"statcode":"WK079418","statnaam":"Wijk 18 Rijpelberg","jrstatcode":"2006WK079418","rubriek":"wijk","FID":"wijk_gegeneraliseerd_2006.e76533cc-ee20-42ba-8dba-efdf15e7c589"},"id":"WK079418"},{"arcs":[[-5551,-5528,-5532,5552,5553]],"type":"Polygon","properties":{"id":57853,"statcode":"WK079419","statnaam":"Wijk 19 Dierdonk","jrstatcode":"2006WK079419","rubriek":"wijk","FID":"wijk_gegeneraliseerd_2006.1e0c37ff-d936-490a-83fa-bec3368079d7"},"id":"WK079419"},{"arcs":[[5554,5555,-5546,-5537]],"type":"Polygon","properties":{"id":57854,"statcode":"WK079421","statnaam":"Wijk 21 Brandevoort","jrstatcode":"2006WK079421","rubriek":"wijk","FID":"wijk_gegeneraliseerd_2006.c2821d68-50dd-45a1-803d-b9ae3d66be29"},"id":"WK079421"},{"arcs":[[-5540,-5344,-5179,5556,5557,-5534,-5541,-5522,-5526]],"type":"Polygon","properties":{"id":57855,"statcode":"WK079429","statnaam":"Wijk 29 Industriegebied Zuid","jrstatcode":"2006WK079429","rubriek":"wijk","FID":"wijk_gegeneraliseerd_2006.131d0b6d-8183-4e2b-b495-ddc83cabbe61"},"id":"WK079429"},{"arcs":[[5558,5559,5560,5561,5562]],"type":"Polygon","properties":{"id":57856,"statcode":"WK079601","statnaam":"Wijk 01 Binnenstad","jrstatcode":"2006WK079601","rubriek":"wijk","FID":"wijk_gegeneraliseerd_2006.ac479a22-8ed7-48e2-bc9e-2a3c90a4440d"},"id":"WK079601"},{"arcs":[[5563,-5563,5564,5565,5566,5567,5568,5569]],"type":"Polygon","properties":{"id":57857,"statcode":"WK079602","statnaam":"Wijk 02 Zuidoost","jrstatcode":"2006WK079602","rubriek":"wijk","FID":"wijk_gegeneraliseerd_2006.ceca858a-6901-4d22-825f-a7456ddd0a57"},"id":"WK079602"},{"arcs":[[-5562,5570,5571,5572,-5565]],"type":"Polygon","properties":{"id":57858,"statcode":"WK079603","statnaam":"Wijk 03 Graafsepoort","jrstatcode":"2006WK079603","rubriek":"wijk","FID":"wijk_gegeneraliseerd_2006.bb72a6d6-1370-4139-96ad-9f67da78d9b2"},"id":"WK079603"},{"arcs":[[-5571,-5561,5573,5574]],"type":"Polygon","properties":{"id":57859,"statcode":"WK079604","statnaam":"Wijk 04 Muntel en Vliert","jrstatcode":"2006WK079604","rubriek":"wijk","FID":"wijk_gegeneraliseerd_2006.22275563-0d6b-46f0-a1bf-1b1c657a8d8b"},"id":"WK079604"},{"arcs":[[-5566,-5573,5575,5576,5577,5578]],"type":"Polygon","properties":{"id":57860,"statcode":"WK079605","statnaam":"Wijk 05 Rosmalen Zuid","jrstatcode":"2006WK079605","rubriek":"wijk","FID":"wijk_gegeneraliseerd_2006.c73d4588-81c3-4a2f-8f59-8fb980bdb169"},"id":"WK079605"},{"arcs":[[5579,5580,5581,5582,5583,5584,-5576]],"type":"Polygon","properties":{"id":57861,"statcode":"WK079606","statnaam":"Wijk 06 Rosmalen Noord","jrstatcode":"2006WK079606","rubriek":"wijk","FID":"wijk_gegeneraliseerd_2006.06e87495-9449-4018-a61e-239f6e424f5b"},"id":"WK079606"},{"arcs":[[5585,5586,-5581]],"type":"Polygon","properties":{"id":57862,"statcode":"WK079607","statnaam":"Wijk 07 De Groote Wielen","jrstatcode":"2006WK079607","rubriek":"wijk","FID":"wijk_gegeneraliseerd_2006.5b5e95bc-07fa-41ca-8705-e9c1720493d7"},"id":"WK079607"},{"arcs":[[-2020,5587,-5582,-5587,5588,5589]],"type":"Polygon","properties":{"id":57863,"statcode":"WK079608","statnaam":"Wijk 08 Empel","jrstatcode":"2006WK079608","rubriek":"wijk","FID":"wijk_gegeneraliseerd_2006.d7605076-4d05-43bb-8330-b8aedebd1550"},"id":"WK079608"},{"arcs":[[-5575,5590,5591,-5589,-5586,-5580,-5572]],"type":"Polygon","properties":{"id":57864,"statcode":"WK079609","statnaam":"Wijk 09 Noord","jrstatcode":"2006WK079609","rubriek":"wijk","FID":"wijk_gegeneraliseerd_2006.cb62a12f-6d90-4e94-9bf7-09bc6cac5028"},"id":"WK079609"},{"arcs":[[5592,-2028,-2021,-5590,-5592]],"type":"Polygon","properties":{"id":57865,"statcode":"WK079610","statnaam":"Wijk 10 Maaspoort","jrstatcode":"2006WK079610","rubriek":"wijk","FID":"wijk_gegeneraliseerd_2006.86ab80d5-d645-441c-a676-2a29e4d2b815"},"id":"WK079610"},{"arcs":[[5593,5594,5595,-5591,-5574,-5560]],"type":"Polygon","properties":{"id":57866,"statcode":"WK079611","statnaam":"Wijk 11 West","jrstatcode":"2006WK079611","rubriek":"wijk","FID":"wijk_gegeneraliseerd_2006.704af117-4aeb-4f95-8a70-fb8d4909ef96"},"id":"WK079611"},{"arcs":[[5596,5597,5598,-2023,-2029,-5593,-5596]],"type":"Polygon","properties":{"id":57867,"statcode":"WK079612","statnaam":"Wijk 12 Engelen","jrstatcode":"2006WK079612","rubriek":"wijk","FID":"wijk_gegeneraliseerd_2006.9986a1c2-9fb4-4687-b594-7cf96fa0b47c"},"id":"WK079612"},{"arcs":[[5599,5600,-5514,-5520,5601,5602,5603,5604,5605]],"type":"Polygon","properties":{"id":57868,"statcode":"WK079700","statnaam":"Wijk 00 Drunen","jrstatcode":"2006WK079700","rubriek":"wijk","FID":"wijk_gegeneraliseerd_2006.43412e0a-c351-45f7-b935-29f5e1d2d82b"},"id":"WK079700"},{"arcs":[[5606,5607,5608,5609,-5606]],"type":"Polygon","properties":{"id":57869,"statcode":"WK079701","statnaam":"Wijk 01 Elshout","jrstatcode":"2006WK079701","rubriek":"wijk","FID":"wijk_gegeneraliseerd_2006.3a8babf0-2490-44ae-b929-da5c14366db8"},"id":"WK079701"},{"arcs":[[-5597,-5595,5610,-5515,-5601,5611,-5610,5612]],"type":"Polygon","properties":{"id":57870,"statcode":"WK079702","statnaam":"Wijk 02 Vlijmen","jrstatcode":"2006WK079702","rubriek":"wijk","FID":"wijk_gegeneraliseerd_2006.1e563440-7609-4941-919e-99ef3bd9adee"},"id":"WK079702"},{"arcs":[[-5600,-5612]],"type":"Polygon","properties":{"id":57871,"statcode":"WK079703","statnaam":"Wijk 03 Nieuwkuijk","jrstatcode":"2006WK079703","rubriek":"wijk","FID":"wijk_gegeneraliseerd_2006.3c094d17-12cb-4ab2-9de5-7ebb4f3fda52"},"id":"WK079703"},{"arcs":[[-5613,-5609,5613,-5598]],"type":"Polygon","properties":{"id":57872,"statcode":"WK079704","statnaam":"Wijk 04 Haarsteeg","jrstatcode":"2006WK079704","rubriek":"wijk","FID":"wijk_gegeneraliseerd_2006.e16da7c6-2982-4d8a-a52f-26213e650871"},"id":"WK079704"},{"arcs":[[-2024,-5599,-5614,-5608,5614,-5146,-5144,-5137,-2177]],"type":"Polygon","properties":{"id":57873,"statcode":"WK079705","statnaam":"Wijk 00 Heusden","jrstatcode":"2006WK079705","rubriek":"wijk","FID":"wijk_gegeneraliseerd_2006.1013402a-055c-4b9a-ad8c-a4cfb4066d9f"},"id":"WK079705"},{"arcs":[[5615,5616,5617,5618,5619,5620,-5485,-5492,5621,5622]],"type":"Polygon","properties":{"id":57874,"statcode":"WK079800","statnaam":"Wijk 00 Hilvarenbeek","jrstatcode":"2006WK079800","rubriek":"wijk","FID":"wijk_gegeneraliseerd_2006.070a0282-8634-42a5-a711-a1bf442a12a0"},"id":"WK079800"},{"arcs":[[5623,5624,5625,-5620]],"type":"Polygon","properties":{"id":57875,"statcode":"WK079801","statnaam":"Wijk 01 Esbeek","jrstatcode":"2006WK079801","rubriek":"wijk","FID":"wijk_gegeneraliseerd_2006.e4ced227-2a4e-4d2a-97c4-eb28c48e4be7"},"id":"WK079801"},{"arcs":[[5626,5627,-5618,5628]],"type":"Polygon","properties":{"id":57876,"statcode":"WK079802","statnaam":"Wijk 02 Biest-Houtakker","jrstatcode":"2006WK079802","rubriek":"wijk","FID":"wijk_gegeneraliseerd_2006.95959325-66ab-4964-bee8-3adbb113ef44"},"id":"WK079802"},{"arcs":[[-5624,-5619,-5628,5629,5630,5631,5632]],"type":"Polygon","properties":{"id":57877,"statcode":"WK079803","statnaam":"Wijk 03 Diessen","jrstatcode":"2006WK079803","rubriek":"wijk","FID":"wijk_gegeneraliseerd_2006.2c382349-e5dc-4c48-9a6f-2e1f68ccec06"},"id":"WK079803"},{"arcs":[[5633,-5630,-5627,5634,5635]],"type":"Polygon","properties":{"id":57878,"statcode":"WK079804","statnaam":"Wijk 04 Haghorst","jrstatcode":"2006WK079804","rubriek":"wijk","FID":"wijk_gegeneraliseerd_2006.3ace4a17-6f6d-4da0-bd0e-904a7b3771fc"},"id":"WK079804"},{"arcs":[[5636,5637,-2034,-4673,-4658,5638]],"type":"Polygon","properties":{"id":57879,"statcode":"WK080800","statnaam":"Wijk 00 Lith","jrstatcode":"2006WK080800","rubriek":"wijk","FID":"wijk_gegeneraliseerd_2006.0ae544c2-aef1-4b26-8f2f-1cfa4ea96c0b"},"id":"WK080800"},{"arcs":[[5639,5640,5641,5642,-5639,-4657]],"type":"Polygon","properties":{"id":57880,"statcode":"WK080801","statnaam":"Wijk 01 Lithoijen","jrstatcode":"2006WK080801","rubriek":"wijk","FID":"wijk_gegeneraliseerd_2006.7ca0b5e3-3af5-43f1-a820-fe5327d2eed0"},"id":"WK080801"},{"arcs":[[-4675,5643,-5640,-4656]],"type":"Polygon","properties":{"id":57881,"statcode":"WK080802","statnaam":"Wijk 02 Oijen","jrstatcode":"2006WK080802","rubriek":"wijk","FID":"wijk_gegeneraliseerd_2006.f5076600-d778-47eb-b1f7-229d0e19771c"},"id":"WK080802"},{"arcs":[[-2035,-5638,5644,-5583,-5588,-2019]],"type":"Polygon","properties":{"id":57882,"statcode":"WK080803","statnaam":"Wijk 03 Maren - Kessel","jrstatcode":"2006WK080803","rubriek":"wijk","FID":"wijk_gegeneraliseerd_2006.d45c73fc-904c-43b0-8b8b-a4e800cf7d21"},"id":"WK080803"},{"arcs":[[-5603,5645,5646,5647,5648]],"type":"Polygon","properties":{"id":57883,"statcode":"WK080900","statnaam":"Wijk 00 Loon op Zand","jrstatcode":"2006WK080900","rubriek":"wijk","FID":"wijk_gegeneraliseerd_2006.c3a7fed2-24d2-494a-941a-5af0e04fd475"},"id":"WK080900"},{"arcs":[[5649,5650,5651,5652,-5604,-5649,5653,-5366,5654]],"type":"Polygon","properties":{"id":57884,"statcode":"WK080901","statnaam":"Wijk 01 Kaatsheuvel","jrstatcode":"2006WK080901","rubriek":"wijk","FID":"wijk_gegeneraliseerd_2006.c2a55e88-738f-43ae-a874-d57ade1c3e20"},"id":"WK080901"},{"arcs":[[-5648,5655,-5363,-5367,-5654]],"type":"Polygon","properties":{"id":57885,"statcode":"WK080902","statnaam":"Wijk 02 De Moer","jrstatcode":"2006WK080902","rubriek":"wijk","FID":"wijk_gegeneraliseerd_2006.f152d6e4-0ebe-461a-92fa-831fcc9860c0"},"id":"WK080902"},{"arcs":[[5656,-5650,5657]],"type":"Polygon","properties":{"id":57886,"statcode":"WK080909","statnaam":"Wijk 09","jrstatcode":"2006WK080909","rubriek":"wijk","FID":"wijk_gegeneraliseerd_2006.7ebc8cfa-a812-401d-92cb-047ab2228dd5"},"id":"WK080909"},{"arcs":[[5658,5659,5660,-5499,-5506,5661,5662,5663]],"type":"Polygon","properties":{"id":57887,"statcode":"WK081500","statnaam":"Wijk 00 Mill","jrstatcode":"2006WK081500","rubriek":"wijk","FID":"wijk_gegeneraliseerd_2006.304427d4-6d01-4c4a-9ddd-deae630cba42"},"id":"WK081500"},{"arcs":[[-5500,-5661,5664,5665,5666,-5501]],"type":"Polygon","properties":{"id":57888,"statcode":"WK081501","statnaam":"Wijk 01 Langenboom","jrstatcode":"2006WK081501","rubriek":"wijk","FID":"wijk_gegeneraliseerd_2006.0da78e94-d024-473b-bcb7-3dc50d12e542"},"id":"WK081501"},{"arcs":[[5667,5668,-5664,5669]],"type":"Polygon","properties":{"id":57889,"statcode":"WK081502","statnaam":"Wijk 02 Sint Hubert","jrstatcode":"2006WK081502","rubriek":"wijk","FID":"wijk_gegeneraliseerd_2006.a8a0c001-796d-47f6-80b4-4389c3bc717d"},"id":"WK081502"},{"arcs":[[-5669,5670,5671,5672,5673,-5659]],"type":"Polygon","properties":{"id":57890,"statcode":"WK081503","statnaam":"Wijk 03 Wilbertoord","jrstatcode":"2006WK081503","rubriek":"wijk","FID":"wijk_gegeneraliseerd_2006.e5e264b2-a5fd-4a13-867d-5fb5fd58b11f"},"id":"WK081503"},{"arcs":[[5674,-5410,-5414,-5415,5675,5676,-5547,-5556,5677]],"type":"Polygon","properties":{"id":57891,"statcode":"WK082000","statnaam":"Wijk 00 Nuenen","jrstatcode":"2006WK082000","rubriek":"wijk","FID":"wijk_gegeneraliseerd_2006.2637d492-a1bf-475a-9e2f-32ff535eb6e2"},"id":"WK082000"},{"arcs":[[5678,5679,-5548,-5677,5680,5681,5682]],"type":"Polygon","properties":{"id":57892,"statcode":"WK082001","statnaam":"Wijk 01 Gerwen","jrstatcode":"2006WK082001","rubriek":"wijk","FID":"wijk_gegeneraliseerd_2006.a342b025-14cc-49be-afaf-6565cee1c056"},"id":"WK082001"},{"arcs":[[-5676,-5418,5683,5684,-5681]],"type":"Polygon","properties":{"id":57893,"statcode":"WK082002","statnaam":"Wijk 02 Nederwetten","jrstatcode":"2006WK082002","rubriek":"wijk","FID":"wijk_gegeneraliseerd_2006.9bf9462c-55ba-435e-a157-465c4e8cb78e"},"id":"WK082002"},{"arcs":[[-5287,-5292,-5217,-5421,-5395,5685,5686]],"type":"Polygon","properties":{"id":57894,"statcode":"WK082300","statnaam":"Wijk 00 Oirschot","jrstatcode":"2006WK082300","rubriek":"wijk","FID":"wijk_gegeneraliseerd_2006.cfe15dbe-57e8-445c-9d2b-d6f1dc1ca1da"},"id":"WK082300"},{"arcs":[[-5687,5687,-5636,5688,5689,-5288]],"type":"Polygon","properties":{"id":57895,"statcode":"WK082301","statnaam":"Wijk 01 Spoordonk","jrstatcode":"2006WK082301","rubriek":"wijk","FID":"wijk_gegeneraliseerd_2006.1d04b069-52f6-4f8a-bca5-06bd961605d2"},"id":"WK082301"},{"arcs":[[5690,5691,5692,-5632,5693,-5390]],"type":"Polygon","properties":{"id":57896,"statcode":"WK082302","statnaam":"Wijk 02 Middelbeers en Westelbeers","jrstatcode":"2006WK082302","rubriek":"wijk","FID":"wijk_gegeneraliseerd_2006.df72f845-6a02-42f0-9be5-ca5b27769ee3"},"id":"WK082302"},{"arcs":[[-5686,-5394,-5391,-5694,-5631,-5634,-5688]],"type":"Polygon","properties":{"id":57897,"statcode":"WK082303","statnaam":"Wijk 03 Oostelbeers","jrstatcode":"2006WK082303","rubriek":"wijk","FID":"wijk_gegeneraliseerd_2006.eb470208-d367-4ce0-910c-fb01bd8d8182"},"id":"WK082303"},{"arcs":[[5694,-5518,-5511,-5278,-5289,-5690,5695,5696]],"type":"Polygon","properties":{"id":57898,"statcode":"WK082400","statnaam":"Wijk 00 Oisterwijk","jrstatcode":"2006WK082400","rubriek":"wijk","FID":"wijk_gegeneraliseerd_2006.5cc23074-d0d9-4c24-bed4-7669db20e778"},"id":"WK082400"},{"arcs":[[-5617,5697,-5696,-5689,-5635,-5629]],"type":"Polygon","properties":{"id":57899,"statcode":"WK082401","statnaam":"Wijk 01 Moergestel","jrstatcode":"2006WK082401","rubriek":"wijk","FID":"wijk_gegeneraliseerd_2006.634dff0c-f058-457b-81b8-23c562145cc8"},"id":"WK082401"},{"arcs":[[5698,5699,5700,5701]],"type":"Polygon","properties":{"id":57900,"statcode":"WK082600","statnaam":"Wijk 00 Oosterhout-Centrum","jrstatcode":"2006WK082600","rubriek":"wijk","FID":"wijk_gegeneraliseerd_2006.3581a4ce-ded6-4904-b4b9-aa879bb1b92f"},"id":"WK082600"},{"arcs":[[5702,5703,5704,5705,-5700,5706]],"type":"Polygon","properties":{"id":57901,"statcode":"WK082601","statnaam":"Wijk 01 Slotjes","jrstatcode":"2006WK082601","rubriek":"wijk","FID":"wijk_gegeneraliseerd_2006.b7b0d4e7-832f-4d3c-91d0-7b1b1ea7bca5"},"id":"WK082601"},{"arcs":[[5707,5708,-5701,-5706,5709,5710]],"type":"Polygon","properties":{"id":57902,"statcode":"WK082602","statnaam":"Wijk 02 West","jrstatcode":"2006WK082602","rubriek":"wijk","FID":"wijk_gegeneraliseerd_2006.492d515f-8b27-4073-9251-40fb6c6f3998"},"id":"WK082602"},{"arcs":[[5711,-5702,-5709,5712,5713]],"type":"Polygon","properties":{"id":57903,"statcode":"WK082603","statnaam":"Wijk 03 Strijen","jrstatcode":"2006WK082603","rubriek":"wijk","FID":"wijk_gegeneraliseerd_2006.e3c005da-e0a7-4cb6-81e7-7be320f437ee"},"id":"WK082603"},{"arcs":[[-5712,5714,5715,-5707,-5699]],"type":"Polygon","properties":{"id":57904,"statcode":"WK082604","statnaam":"Wijk 04 Leijsenakkers","jrstatcode":"2006WK082604","rubriek":"wijk","FID":"wijk_gegeneraliseerd_2006.ea8db8eb-dd8f-41d5-b2e6-7b141ccbba31"},"id":"WK082604"},{"arcs":[[5716,5717,-5705]],"type":"Polygon","properties":{"id":57905,"statcode":"WK082605","statnaam":"Wijk 05 Oosterheid","jrstatcode":"2006WK082605","rubriek":"wijk","FID":"wijk_gegeneraliseerd_2006.3edf13f1-f556-42b0-bde3-1be12e2a150e"},"id":"WK082605"},{"arcs":[[-5714,5718,5719,5720,-5715]],"type":"Polygon","properties":{"id":57906,"statcode":"WK082606","statnaam":"Wijk 06 Dommelbergen","jrstatcode":"2006WK082606","rubriek":"wijk","FID":"wijk_gegeneraliseerd_2006.56ae5ec8-1867-4447-8033-91b56172e027"},"id":"WK082606"},{"arcs":[[5721,5722,5723,-5711]],"type":"Polygon","properties":{"id":57907,"statcode":"WK082607","statnaam":"Wijk 07 Vrachelen","jrstatcode":"2006WK082607","rubriek":"wijk","FID":"wijk_gegeneraliseerd_2006.37a10e15-a2d8-4982-a218-b80166c582b1"},"id":"WK082607"},{"arcs":[[5724,5725,5726,-5717,-5704]],"type":"Polygon","properties":{"id":57908,"statcode":"WK082608","statnaam":"Wijk 08 Industrieterrein Zuid","jrstatcode":"2006WK082608","rubriek":"wijk","FID":"wijk_gegeneraliseerd_2006.7f880f46-5aa3-45e7-afba-ad0103ad75ee"},"id":"WK082608"},{"arcs":[[5727,5728,-5463,5729,-5719,-5713,-5708,-5724]],"type":"Polygon","properties":{"id":57909,"statcode":"WK082609","statnaam":"Wijk 09 Industrieterrein Noord","jrstatcode":"2006WK082609","rubriek":"wijk","FID":"wijk_gegeneraliseerd_2006.6828d0bd-c31d-4142-9445-8fba35230ebd"},"id":"WK082609"},{"arcs":[[[-5722,-5710,-5718,-5727,5730,-5333,-5302,5731,5732]],[[-5455,5733,-5720,-5730,-5462]]],"type":"MultiPolygon","properties":{"id":57910,"statcode":"WK082610","statnaam":"Wijk 10 Buitengebied Oosterhout","jrstatcode":"2006WK082610","rubriek":"wijk","FID":"wijk_gegeneraliseerd_2006.1552bf9e-4d86-4054-ba06-86219f797017"},"id":"WK082610"},{"arcs":[[-5733,5734,5735,5736,-5728,-5723]],"type":"Polygon","properties":{"id":57911,"statcode":"WK082611","statnaam":"Wijk 11 Den Hout","jrstatcode":"2006WK082611","rubriek":"wijk","FID":"wijk_gegeneraliseerd_2006.e90bc3ab-d257-4a09-83bf-52dae8143819"},"id":"WK082611"},{"arcs":[[5737,-5725,-5703,-5716,-5721,-5734,-5454,-5460,-5370,-5360]],"type":"Polygon","properties":{"id":57912,"statcode":"WK082612","statnaam":"Wijk 12 Oosteind","jrstatcode":"2006WK082612","rubriek":"wijk","FID":"wijk_gegeneraliseerd_2006.7a636f9a-0cc6-49d7-8bf2-12bd091027f0"},"id":"WK082612"},{"arcs":[[-5481,-5326,-5306,-5334,-5731,-5726,-5738,-5359,-5469]],"type":"Polygon","properties":{"id":57913,"statcode":"WK082613","statnaam":"Wijk 13 Dorst","jrstatcode":"2006WK082613","rubriek":"wijk","FID":"wijk_gegeneraliseerd_2006.46fbe786-41d4-4503-b9ae-1aa98241d01a"},"id":"WK082613"},{"arcs":[[5738,5739,5740,5741,5742]],"type":"Polygon","properties":{"id":57914,"statcode":"WK082800","statnaam":"Wijk 00 Centrum","jrstatcode":"2006WK082800","rubriek":"wijk","FID":"wijk_gegeneraliseerd_2006.12e7c553-6cb7-4e39-aa14-457261de0049"},"id":"WK082800"},{"arcs":[[-5741,5743,5744,5745,5746,5747]],"type":"Polygon","properties":{"id":57915,"statcode":"WK082801","statnaam":"Wijk 01 Schadewijk","jrstatcode":"2006WK082801","rubriek":"wijk","FID":"wijk_gegeneraliseerd_2006.e38077da-45b9-4f07-b563-4985da994e45"},"id":"WK082801"},{"arcs":[[-5742,-5748,5748,5749,5750]],"type":"Polygon","properties":{"id":57916,"statcode":"WK082802","statnaam":"Wijk 02 Industrieterreinen-Zuid","jrstatcode":"2006WK082802","rubriek":"wijk","FID":"wijk_gegeneraliseerd_2006.81a00cdd-4aa3-472e-bc59-2764a8ca91e3"},"id":"WK082802"},{"arcs":[[-5743,-5751,5751,5752]],"type":"Polygon","properties":{"id":57917,"statcode":"WK082803","statnaam":"Wijk 03 Oss-Zuid","jrstatcode":"2006WK082803","rubriek":"wijk","FID":"wijk_gegeneraliseerd_2006.e03245aa-721c-46cc-a779-1f34d3856185"},"id":"WK082803"},{"arcs":[[-5740,5753,5754,-5744]],"type":"Polygon","properties":{"id":57918,"statcode":"WK082804","statnaam":"Wijk 04 Krinkelhoek","jrstatcode":"2006WK082804","rubriek":"wijk","FID":"wijk_gegeneraliseerd_2006.a45ca8ce-00e0-4b1f-af83-4ebccc71b122"},"id":"WK082804"},{"arcs":[[5755,-5746,5756,5757]],"type":"Polygon","properties":{"id":57919,"statcode":"WK082805","statnaam":"Wijk 05 Industrieterreinen-Noord","jrstatcode":"2006WK082805","rubriek":"wijk","FID":"wijk_gegeneraliseerd_2006.a1f01b2c-e93d-4d53-a536-c571b19684cb"},"id":"WK082805"},{"arcs":[[5758,5759,5760,5761,-5753]],"type":"Polygon","properties":{"id":57920,"statcode":"WK082806","statnaam":"Wijk 06 Ruwaard","jrstatcode":"2006WK082806","rubriek":"wijk","FID":"wijk_gegeneraliseerd_2006.94789f13-dc2a-4171-84a9-0f4e3df7a640"},"id":"WK082806"},{"arcs":[[-5762,5762,-5754,-5739]],"type":"Polygon","properties":{"id":57921,"statcode":"WK082807","statnaam":"Wijk 07 Ussen","jrstatcode":"2006WK082807","rubriek":"wijk","FID":"wijk_gegeneraliseerd_2006.021e00c7-dcda-4c47-94da-5ecc984e8947"},"id":"WK082807"},{"arcs":[[-5763,-5761,5763,-5642,5764,-5757,-5745,-5755]],"type":"Polygon","properties":{"id":57922,"statcode":"WK082808","statnaam":"Wijk 08 Buitengebied-Noord","jrstatcode":"2006WK082808","rubriek":"wijk","FID":"wijk_gegeneraliseerd_2006.15973d30-5f92-4553-8804-4899dbeae4b9"},"id":"WK082808"},{"arcs":[[-5752,-5750,5765,5766,5767,5768,-5759]],"type":"Polygon","properties":{"id":57923,"statcode":"WK082809","statnaam":"Wijk 09 Buitengebied-Zuid","jrstatcode":"2006WK082809","rubriek":"wijk","FID":"wijk_gegeneraliseerd_2006.79cf720c-3f1e-4757-a121-e9d6cfdbb66e"},"id":"WK082809"},{"arcs":[[5769,5770,-5766,-5749,-5747,-5756,5771,5772,5773]],"type":"Polygon","properties":{"id":57924,"statcode":"WK082810","statnaam":"Wijk 10 Berghem","jrstatcode":"2006WK082810","rubriek":"wijk","FID":"wijk_gegeneraliseerd_2006.d85aab83-0106-4bea-b19a-3d9cf7d26deb"},"id":"WK082810"},{"arcs":[[-5772,5774,5775,5776]],"type":"Polygon","properties":{"id":57925,"statcode":"WK082811","statnaam":"Wijk 11 Haren","jrstatcode":"2006WK082811","rubriek":"wijk","FID":"wijk_gegeneraliseerd_2006.28ca40d3-e913-49ce-af3d-0554b39e0749"},"id":"WK082811"},{"arcs":[[-5775,-5758,-5765,-5641,-5644,5777]],"type":"Polygon","properties":{"id":57926,"statcode":"WK082812","statnaam":"Wijk 12 Macharen","jrstatcode":"2006WK082812","rubriek":"wijk","FID":"wijk_gegeneraliseerd_2006.97b2ee16-74fb-4afd-a17d-fa16efda0e31"},"id":"WK082812"},{"arcs":[[-4674,-4666,5778,-5776,-5778]],"type":"Polygon","properties":{"id":57927,"statcode":"WK082813","statnaam":"Wijk 13 Megen","jrstatcode":"2006WK082813","rubriek":"wijk","FID":"wijk_gegeneraliseerd_2006.ca1acd1a-29be-415b-a61f-7fdfe8ba1485"},"id":"WK082813"},{"arcs":[[5779,5780,-2147,5781]],"type":"Polygon","properties":{"id":57928,"statcode":"WK082814","statnaam":"Wijk 14 Ravenstein","jrstatcode":"2006WK082814","rubriek":"wijk","FID":"wijk_gegeneraliseerd_2006.4b103c20-ee38-41d9-bb2d-ed1487ec8fb5"},"id":"WK082814"},{"arcs":[[5782,5783,5784,-5774,5785,-5780]],"type":"Polygon","properties":{"id":57929,"statcode":"WK082815","statnaam":"Wijk 15 Herpen","jrstatcode":"2006WK082815","rubriek":"wijk","FID":"wijk_gegeneraliseerd_2006.8ae97485-da20-4dad-8e9d-fbb51b4a4554"},"id":"WK082815"},{"arcs":[[-5503,5786,-5783,-5782,-2146]],"type":"Polygon","properties":{"id":57930,"statcode":"WK082816","statnaam":"Wijk 16 Overlangel","jrstatcode":"2006WK082816","rubriek":"wijk","FID":"wijk_gegeneraliseerd_2006.4727acd2-8f21-4813-93a4-cfd3a00b49d6"},"id":"WK082816"},{"arcs":[[-2156,-2148,-5781,-5786,-5773,-5777,-5779,-4665]],"type":"Polygon","properties":{"id":57931,"statcode":"WK082817","statnaam":"Wijk 17 Deursen en Dennenburg","jrstatcode":"2006WK082817","rubriek":"wijk","FID":"wijk_gegeneraliseerd_2006.97ff3405-a450-477a-bd01-70859a9ba896"},"id":"WK082817"},{"arcs":[[5787,5788,5789,5790,5791,5792,5793]],"type":"Polygon","properties":{"id":57932,"statcode":"WK084000","statnaam":"Wijk 00 Rucphen","jrstatcode":"2006WK084000","rubriek":"wijk","FID":"wijk_gegeneraliseerd_2006.506cbffd-b193-4d69-8d2b-00b0470d6ffa"},"id":"WK084000"},{"arcs":[[-5450,5794,-5788,5795,5796]],"type":"Polygon","properties":{"id":57933,"statcode":"WK084001","statnaam":"Wijk 01 Sint Willebrord","jrstatcode":"2006WK084001","rubriek":"wijk","FID":"wijk_gegeneraliseerd_2006.5e5b1d10-0aae-4b3d-867d-29a4cc448429"},"id":"WK084001"},{"arcs":[[-5795,-5449,-5452,5797,5798,5799,-5789]],"type":"Polygon","properties":{"id":57934,"statcode":"WK084002","statnaam":"Wijk 02 Sprundel","jrstatcode":"2006WK084002","rubriek":"wijk","FID":"wijk_gegeneraliseerd_2006.60a84abf-417b-4544-a9c1-2dff79e36454"},"id":"WK084002"},{"arcs":[[5800,5801,5802,5803,5804,-5790,-5800]],"type":"Polygon","properties":{"id":57935,"statcode":"WK084003","statnaam":"Wijk 03 Schijf","jrstatcode":"2006WK084003","rubriek":"wijk","FID":"wijk_gegeneraliseerd_2006.dfbe8844-2054-4e84-a21d-6c9c49c215a9"},"id":"WK084003"},{"arcs":[[5805,-5793,5806,5807,5808,5809]],"type":"Polygon","properties":{"id":57936,"statcode":"WK084004","statnaam":"Wijk 04 Zegge","jrstatcode":"2006WK084004","rubriek":"wijk","FID":"wijk_gegeneraliseerd_2006.45cd7cf2-58fa-4a33-a54f-fdee711d80d8"},"id":"WK084004"},{"arcs":[[5810,5811,5812,5813,5814,5815,5816]],"type":"Polygon","properties":{"id":57937,"statcode":"WK084400","statnaam":"Wijk 00 West","jrstatcode":"2006WK084400","rubriek":"wijk","FID":"wijk_gegeneraliseerd_2006.5fa8cefa-7757-4389-aea6-49a82eb741a5"},"id":"WK084400"},{"arcs":[[5817,5818,5819,-5817,5820]],"type":"Polygon","properties":{"id":57938,"statcode":"WK084401","statnaam":"Wijk 01 Centrum","jrstatcode":"2006WK084401","rubriek":"wijk","FID":"wijk_gegeneraliseerd_2006.e34a4507-04b7-4a44-8ce3-22caf8492327"},"id":"WK084401"},{"arcs":[[5821,-5821,-5816,5822,5823,5824],[5825]],"type":"Polygon","properties":{"id":57939,"statcode":"WK084402","statnaam":"Wijk 02 Oost","jrstatcode":"2006WK084402","rubriek":"wijk","FID":"wijk_gegeneraliseerd_2006.e907843d-eb26-4e05-939e-b98208c3d9f4"},"id":"WK084402"},{"arcs":[[-5826]],"type":"Polygon","properties":{"id":57940,"statcode":"WK084403","statnaam":"Wijk 03 Wijbosch","jrstatcode":"2006WK084403","rubriek":"wijk","FID":"wijk_gegeneraliseerd_2006.de2d4781-1cab-40db-80fc-74f059355216"},"id":"WK084403"},{"arcs":[[-5812,5826,-5282,5827,-5569,5828]],"type":"Polygon","properties":{"id":57941,"statcode":"WK084500","statnaam":"Wijk 00 Sint-Michielsgestel","jrstatcode":"2006WK084500","rubriek":"wijk","FID":"wijk_gegeneraliseerd_2006.b723510b-fde8-4a53-9e19-4c397b1d765c"},"id":"WK084500"},{"arcs":[[-5811,-5820,5829,-5293,-5283,-5827]],"type":"Polygon","properties":{"id":57942,"statcode":"WK084501","statnaam":"Wijk 01 Gemonde","jrstatcode":"2006WK084501","rubriek":"wijk","FID":"wijk_gegeneraliseerd_2006.d2d7e9ab-799a-4955-a904-7e9dd3d03154"},"id":"WK084501"},{"arcs":[[-5568,5830,5831,-5813,-5829]],"type":"Polygon","properties":{"id":57943,"statcode":"WK084502","statnaam":"Wijk 02 Den Dungen","jrstatcode":"2006WK084502","rubriek":"wijk","FID":"wijk_gegeneraliseerd_2006.b81b16d8-4883-4e58-9d84-ab259bb1af29"},"id":"WK084502"},{"arcs":[[-5831,-5567,-5579,5832,5833]],"type":"Polygon","properties":{"id":57944,"statcode":"WK084503","statnaam":"Wijk 03 Berlicum","jrstatcode":"2006WK084503","rubriek":"wijk","FID":"wijk_gegeneraliseerd_2006.b930b710-ed73-4dcd-bcc2-330bf5781a37"},"id":"WK084503"},{"arcs":[[-5814,-5832,-5834,5834,5835]],"type":"Polygon","properties":{"id":57945,"statcode":"WK084504","statnaam":"Wijk 04 Middelrode","jrstatcode":"2006WK084504","rubriek":"wijk","FID":"wijk_gegeneraliseerd_2006.a43ae2b5-99c9-4afc-bc07-8d6b8899a4c7"},"id":"WK084504"},{"arcs":[[5836,5837,-5818,-5822,5838,5839,5840]],"type":"Polygon","properties":{"id":57946,"statcode":"WK084600","statnaam":"Wijk 00 Sint-Oedenrode","jrstatcode":"2006WK084600","rubriek":"wijk","FID":"wijk_gegeneraliseerd_2006.3e514915-86ec-4a2e-9359-c13ee017a64d"},"id":"WK084600"},{"arcs":[[5841,-5841,5842,5843,-5683,5844,5845]],"type":"Polygon","properties":{"id":57947,"statcode":"WK084601","statnaam":"Wijk 01 Nijnsel","jrstatcode":"2006WK084601","rubriek":"wijk","FID":"wijk_gegeneraliseerd_2006.0a5e13c5-a2ed-4d2d-b4bf-bf26ab75d4f2"},"id":"WK084601"},{"arcs":[[-5837,-5842,5846,-5219,-5291,5847]],"type":"Polygon","properties":{"id":57948,"statcode":"WK084602","statnaam":"Wijk 02 Boskant","jrstatcode":"2006WK084602","rubriek":"wijk","FID":"wijk_gegeneraliseerd_2006.e9e2394d-8a2c-4f10-b79f-3fcb0c2962b2"},"id":"WK084602"},{"arcs":[[-5819,-5838,-5848,-5290,-5294,-5830]],"type":"Polygon","properties":{"id":57949,"statcode":"WK084603","statnaam":"Wijk 03 Olland","jrstatcode":"2006WK084603","rubriek":"wijk","FID":"wijk_gegeneraliseerd_2006.34a54744-3f2d-4bc9-8850-ac72740b7eda"},"id":"WK084603"},{"arcs":[[5848,5849,-5165,5850]],"type":"Polygon","properties":{"id":57950,"statcode":"WK084700","statnaam":"Wijk 00 Someren","jrstatcode":"2006WK084700","rubriek":"wijk","FID":"wijk_gegeneraliseerd_2006.e8b1e21b-bbb0-4c70-888d-bf05f17151ee"},"id":"WK084700"},{"arcs":[[5851,5852,5853,5854,-5557,-5178,-5166,-5850]],"type":"Polygon","properties":{"id":57951,"statcode":"WK084701","statnaam":"Wijk 01 Lierop","jrstatcode":"2006WK084701","rubriek":"wijk","FID":"wijk_gegeneraliseerd_2006.57392b12-74e6-4d4e-b1e5-698db324fcce"},"id":"WK084701"},{"arcs":[[-5164,-5176,5855,5856,5857,5858,-5851]],"type":"Polygon","properties":{"id":57952,"statcode":"WK084702","statnaam":"Wijk 02 Someren-Eind","jrstatcode":"2006WK084702","rubriek":"wijk","FID":"wijk_gegeneraliseerd_2006.cbb08110-d1b8-40c9-bacf-63eac80b4070"},"id":"WK084702"},{"arcs":[[-5849,-5859,5859,5860,5861,-5852]],"type":"Polygon","properties":{"id":57953,"statcode":"WK084703","statnaam":"Wijk 03 Somerense Heide","jrstatcode":"2006WK084703","rubriek":"wijk","FID":"wijk_gegeneraliseerd_2006.ce29483a-a7dd-41a5-829a-4c61050b46bc"},"id":"WK084703"},{"arcs":[[-5558,-5855,5862,-5535]],"type":"Polygon","properties":{"id":57954,"statcode":"WK084709","statnaam":"Wijk 09","jrstatcode":"2006WK084709","rubriek":"wijk","FID":"wijk_gegeneraliseerd_2006.1f21786a-4bc6-41bd-b15a-77ae0b05f95d"},"id":"WK084709"},{"arcs":[[-5684,-5417,-5220,-5847,-5846,5863]],"type":"Polygon","properties":{"id":57955,"statcode":"WK084800","statnaam":"Wijk 00 Son","jrstatcode":"2006WK084800","rubriek":"wijk","FID":"wijk_gegeneraliseerd_2006.d0ccdfcb-1098-48eb-82b7-f8d3f25d59a8"},"id":"WK084800"},{"arcs":[[-5845,-5682,-5685,-5864]],"type":"Polygon","properties":{"id":57956,"statcode":"WK084801","statnaam":"Wijk 01 Breugel","jrstatcode":"2006WK084801","rubriek":"wijk","FID":"wijk_gegeneraliseerd_2006.0d1a596e-58f0-487b-b83f-e4f6a50de9fa"},"id":"WK084801"},{"arcs":[[5864,-5215,5865,5866,5867,5868]],"type":"Polygon","properties":{"id":57957,"statcode":"WK085100","statnaam":"Wijk 00 Steenbergen","jrstatcode":"2006WK085100","rubriek":"wijk","FID":"wijk_gegeneraliseerd_2006.fc9d271e-c952-4c15-8758-a32de5d381de"},"id":"WK085100"},{"arcs":[[5869,5870,5871,5872,5873,-5869,5874]],"type":"Polygon","properties":{"id":57958,"statcode":"WK085101","statnaam":"Wijk 01 Kruisland","jrstatcode":"2006WK085101","rubriek":"wijk","FID":"wijk_gegeneraliseerd_2006.c66da1a0-2a56-419a-a0e8-3e8635ea17a2"},"id":"WK085101"},{"arcs":[[5875,-5867,5876,-5040,5877]],"type":"Polygon","properties":{"id":57959,"statcode":"WK085102","statnaam":"Wijk 02 De Heen","jrstatcode":"2006WK085102","rubriek":"wijk","FID":"wijk_gegeneraliseerd_2006.18820dc7-2603-40c9-9779-7f594de7709a"},"id":"WK085102"},{"arcs":[[5878,5879,5880,-5875,-5868,-5876,5881,5882]],"type":"Polygon","properties":{"id":57960,"statcode":"WK085103","statnaam":"Wijk 03 Dinteloord","jrstatcode":"2006WK085103","rubriek":"wijk","FID":"wijk_gegeneraliseerd_2006.47969455-1584-4890-9d11-01a81642e8b7"},"id":"WK085103"},{"arcs":[[-5041,-5877,-5866,-5214,-5035]],"type":"Polygon","properties":{"id":57961,"statcode":"WK085104","statnaam":"Wijk 04 Nieuw-Vossemeer","jrstatcode":"2006WK085104","rubriek":"wijk","FID":"wijk_gegeneraliseerd_2006.bb75aa97-9c61-4afb-aee8-61396140eb0e"},"id":"WK085104"},{"arcs":[[5883,5884,5885,-3256,-3254,-2852,5886,5887]],"type":"Polygon","properties":{"id":57962,"statcode":"WK085200","statnaam":"Wijk 00 Monnickendam","jrstatcode":"2006WK085200","rubriek":"wijk","FID":"wijk_gegeneraliseerd_2006.f000a09e-71e1-41e2-97a3-541c900fc1fc"},"id":"WK085200"},{"arcs":[[-2855,5888,-5887,-2851,-2849]],"type":"Polygon","properties":{"id":57963,"statcode":"WK085201","statnaam":"Wijk 01 Katwoude","jrstatcode":"2006WK085201","rubriek":"wijk","FID":"wijk_gegeneraliseerd_2006.23c8315d-eccb-4eea-9e6b-f6f75c297e41"},"id":"WK085201"},{"arcs":[[5889,5890]],"type":"Polygon","properties":{"id":57964,"statcode":"WK085202","statnaam":"Wijk 02 Marken","jrstatcode":"2006WK085202","rubriek":"wijk","FID":"wijk_gegeneraliseerd_2006.3f754b67-b7c4-4c7f-918b-6a4493eb4b8c"},"id":"WK085202"},{"arcs":[[5891,-5890,5892,-2640,5893,-5884]],"type":"Polygon","properties":{"id":57965,"statcode":"WK085203","statnaam":"Wijk 03 Broek in Waterland","jrstatcode":"2006WK085203","rubriek":"wijk","FID":"wijk_gegeneraliseerd_2006.0b82b504-fafa-4296-98fc-0f364a6b9282"},"id":"WK085203"},{"arcs":[[-5886,5894,-3206,-3250,-3257]],"type":"Polygon","properties":{"id":57966,"statcode":"WK085204","statnaam":"Wijk 04 Ilpendam","jrstatcode":"2006WK085204","rubriek":"wijk","FID":"wijk_gegeneraliseerd_2006.d4d9562b-9c6c-4bd8-b0fd-bf7292dfbf04"},"id":"WK085204"},{"arcs":[[-5894,-2639,-3201,-5895,-5885]],"type":"Polygon","properties":{"id":57967,"statcode":"WK085205","statnaam":"Wijk 05 Watergang","jrstatcode":"2006WK085205","rubriek":"wijk","FID":"wijk_gegeneraliseerd_2006.3186b312-3efc-4a55-9e9e-aa09af797cbe"},"id":"WK085205"},{"arcs":[[5895,5896]],"type":"Polygon","properties":{"id":57968,"statcode":"WK085500","statnaam":"Wijk 00 Centrum","jrstatcode":"2006WK085500","rubriek":"wijk","FID":"wijk_gegeneraliseerd_2006.1374d0b9-8616-4c2e-bfb1-13482a925c5e"},"id":"WK085500"},{"arcs":[[5897,5898,5899,5900,5901,-5896]],"type":"Polygon","properties":{"id":57969,"statcode":"WK085501","statnaam":"Wijk 01 Oud-Zuid","jrstatcode":"2006WK085501","rubriek":"wijk","FID":"wijk_gegeneraliseerd_2006.92ecd58e-da9f-41bf-b170-39a18e499aa5"},"id":"WK085501"},{"arcs":[[-5897,-5902,5902,5903,5904,-5898]],"type":"Polygon","properties":{"id":57970,"statcode":"WK085502","statnaam":"Wijk 02 Oud-Noord","jrstatcode":"2006WK085502","rubriek":"wijk","FID":"wijk_gegeneraliseerd_2006.1a8fa006-5fec-4032-8ee1-82d30effc448"},"id":"WK085502"},{"arcs":[[-5903,-5901,5905,5906,5907]],"type":"Polygon","properties":{"id":57971,"statcode":"WK085503","statnaam":"Wijk 03 West","jrstatcode":"2006WK085503","rubriek":"wijk","FID":"wijk_gegeneraliseerd_2006.d104852d-108d-46cc-bb05-652a2ded7251"},"id":"WK085503"},{"arcs":[[5908,5909,5910,-5904,-5908,5911,-5356,-5656,-5647]],"type":"Polygon","properties":{"id":57972,"statcode":"WK085504","statnaam":"Wijk 04 Noord","jrstatcode":"2006WK085504","rubriek":"wijk","FID":"wijk_gegeneraliseerd_2006.7ac7d9e0-c89b-46f3-8b90-521728dd5edf"},"id":"WK085504"},{"arcs":[[-5905,-5911,5912,-5623,5913,-5899]],"type":"Polygon","properties":{"id":57973,"statcode":"WK085505","statnaam":"Wijk 05 Oost","jrstatcode":"2006WK085505","rubriek":"wijk","FID":"wijk_gegeneraliseerd_2006.15a796ff-3e59-45e8-9fe0-eb1300ba274b"},"id":"WK085505"},{"arcs":[[-5914,-5622,-5491,-5489,-5494,-5472,-5482,5914,-5906,-5900]],"type":"Polygon","properties":{"id":57974,"statcode":"WK085506","statnaam":"Wijk 06 Zuid","jrstatcode":"2006WK085506","rubriek":"wijk","FID":"wijk_gegeneraliseerd_2006.bf0ea788-5a9e-41ce-8268-0b164765c2e4"},"id":"WK085506"},{"arcs":[[-5698,-5616,-5913,-5910,5915,-5697]],"type":"Polygon","properties":{"id":57975,"statcode":"WK085507","statnaam":"Wijk 00 Berkel-Enschot","jrstatcode":"2006WK085507","rubriek":"wijk","FID":"wijk_gegeneraliseerd_2006.35cc6edd-8143-4539-b48e-6e465c6b99d6"},"id":"WK085507"},{"arcs":[[-5357,-5912,-5907,-5915,-5483,-5470]],"type":"Polygon","properties":{"id":57976,"statcode":"WK085508","statnaam":"Wijk 08 Reeshof","jrstatcode":"2006WK085508","rubriek":"wijk","FID":"wijk_gegeneraliseerd_2006.d2c3dad9-b601-4928-aaa9-bf9e9f9ef06a"},"id":"WK085508"},{"arcs":[[-5519,-5695,-5916,-5909,-5646,-5602]],"type":"Polygon","properties":{"id":57977,"statcode":"WK085509","statnaam":"Wijk 09 Udenhout","jrstatcode":"2006WK085509","rubriek":"wijk","FID":"wijk_gegeneraliseerd_2006.8c513625-6765-4696-bfbc-bb0b637bde3d"},"id":"WK085509"},{"arcs":[[5916,-5225,5917,5918,5919,5920,5921,5922]],"type":"Polygon","properties":{"id":57978,"statcode":"WK085601","statnaam":"Wijk 01 Uden","jrstatcode":"2006WK085601","rubriek":"wijk","FID":"wijk_gegeneraliseerd_2006.57f9ad78-4d5f-40d2-aa41-1f5c707be148"},"id":"WK085601"},{"arcs":[[-5226,-5917,5923,5924]],"type":"Polygon","properties":{"id":57979,"statcode":"WK085602","statnaam":"Wijk 02 Volkel","jrstatcode":"2006WK085602","rubriek":"wijk","FID":"wijk_gegeneraliseerd_2006.5961e4c6-9136-4e3c-8073-fa8f9b7a4814"},"id":"WK085602"},{"arcs":[[5925,-5673,5926,-5232,-5227,-5925]],"type":"Polygon","properties":{"id":57980,"statcode":"WK085603","statnaam":"Wijk 03 Odiliapeel","jrstatcode":"2006WK085603","rubriek":"wijk","FID":"wijk_gegeneraliseerd_2006.27a1be9e-f8c1-4b9b-86dd-14bb912c19ae"},"id":"WK085603"},{"arcs":[[5927,5928,5929,5930,5931,5932]],"type":"Polygon","properties":{"id":57981,"statcode":"WK085800","statnaam":"Wijk 00 Valkenswaard","jrstatcode":"2006WK085800","rubriek":"wijk","FID":"wijk_gegeneraliseerd_2006.b7f28f01-7dba-4449-a74f-68b1dcfb6c9a"},"id":"WK085800"},{"arcs":[[-5932,5933,5934,5935]],"type":"Polygon","properties":{"id":57982,"statcode":"WK085801","statnaam":"Wijk 01 Kloosterakkers en Dommelen","jrstatcode":"2006WK085801","rubriek":"wijk","FID":"wijk_gegeneraliseerd_2006.2dcf2c75-49fe-46c4-aa93-75b68360baea"},"id":"WK085801"},{"arcs":[[5936,5937,-5930,5938,5939]],"type":"Polygon","properties":{"id":57983,"statcode":"WK085802","statnaam":"Wijk 02 Borkel en Schaft","jrstatcode":"2006WK085802","rubriek":"wijk","FID":"wijk_gegeneraliseerd_2006.ebe9048c-e8ff-4075-9af6-2b42d044b0f3"},"id":"WK085802"},{"arcs":[[5940,-5824,5941,5942,5943,5944,5945,5946]],"type":"Polygon","properties":{"id":57984,"statcode":"WK086000","statnaam":"Wijk 00 Veghel","jrstatcode":"2006WK086000","rubriek":"wijk","FID":"wijk_gegeneraliseerd_2006.1ac26ca6-b5b0-40e4-be3f-0cf034736fbd"},"id":"WK086000"},{"arcs":[[5947,-5944,5948,-5919]],"type":"Polygon","properties":{"id":57985,"statcode":"WK086001","statnaam":"Wijk 01 Mariaheide","jrstatcode":"2006WK086001","rubriek":"wijk","FID":"wijk_gegeneraliseerd_2006.6c86e308-28fe-4eed-b0ee-36462cefa0a6"},"id":"WK086001"},{"arcs":[[5949,5950,-5843,-5840,5951,-5947]],"type":"Polygon","properties":{"id":57986,"statcode":"WK086002","statnaam":"Wijk 02 Zijtaart","jrstatcode":"2006WK086002","rubriek":"wijk","FID":"wijk_gegeneraliseerd_2006.bb1ea868-4bf1-46cb-bfff-e39552b4b0bb"},"id":"WK086002"},{"arcs":[[-5839,-5825,-5941,-5952]],"type":"Polygon","properties":{"id":57987,"statcode":"WK086003","statnaam":"Wijk 03 Eerde","jrstatcode":"2006WK086003","rubriek":"wijk","FID":"wijk_gegeneraliseerd_2006.674489b8-af90-438c-9edd-b368226c9706"},"id":"WK086003"},{"arcs":[[-5224,5952,5953,5954,-5945,-5948,-5918]],"type":"Polygon","properties":{"id":57988,"statcode":"WK086004","statnaam":"Wijk 04 Erp","jrstatcode":"2006WK086004","rubriek":"wijk","FID":"wijk_gegeneraliseerd_2006.0df74a67-be07-40f6-971c-8bc140be2198"},"id":"WK086004"},{"arcs":[[5955,5956,-5950,-5946,-5955]],"type":"Polygon","properties":{"id":57989,"statcode":"WK086005","statnaam":"Wijk 05 Keldonk","jrstatcode":"2006WK086005","rubriek":"wijk","FID":"wijk_gegeneraliseerd_2006.c7355217-1514-4b24-aeac-04e8e5faa418"},"id":"WK086005"},{"arcs":[[5957,5958,5959,-5956,-5954]],"type":"Polygon","properties":{"id":57990,"statcode":"WK086006","statnaam":"Wijk 06 Boerdonk","jrstatcode":"2006WK086006","rubriek":"wijk","FID":"wijk_gegeneraliseerd_2006.95ec0f9b-cde9-4309-9123-fd9326ffb56a"},"id":"WK086006"},{"arcs":[[5960,5961,-5423,-5425,5962,5963,-5383,-5396]],"type":"Polygon","properties":{"id":57991,"statcode":"WK086100","statnaam":"Wijk 00 Veldhoven","jrstatcode":"2006WK086100","rubriek":"wijk","FID":"wijk_gegeneraliseerd_2006.108da17e-2428-4fac-8207-8ce401019e09"},"id":"WK086100"},{"arcs":[[5964,-5419,-5962]],"type":"Polygon","properties":{"id":57992,"statcode":"WK086101","statnaam":"Wijk 01 Noordelijk Woongebied","jrstatcode":"2006WK086101","rubriek":"wijk","FID":"wijk_gegeneraliseerd_2006.d929e450-4490-4ec1-b59d-99b97bc3d7f5"},"id":"WK086101"},{"arcs":[[-5961,-5398,-5387,-5393,-5420,-5965]],"type":"Polygon","properties":{"id":57993,"statcode":"WK086102","statnaam":"Wijk 02 Oerle","jrstatcode":"2006WK086102","rubriek":"wijk","FID":"wijk_gegeneraliseerd_2006.1928942c-68ac-4ec9-8bda-b1e834f5ea12"},"id":"WK086102"},{"arcs":[[5965,5966,-5611,-5594,-5559,-5564]],"type":"Polygon","properties":{"id":57994,"statcode":"WK086500","statnaam":"Wijk 00 Vught","jrstatcode":"2006WK086500","rubriek":"wijk","FID":"wijk_gegeneraliseerd_2006.bd09ffeb-1bee-4103-a1ca-fe5a546216f8"},"id":"WK086500"},{"arcs":[[-5570,-5828,-5281,-5517,-5509,-5512,5967,-5966]],"type":"Polygon","properties":{"id":57995,"statcode":"WK086501","statnaam":"Wijk 01 Vught-Zuid","jrstatcode":"2006WK086501","rubriek":"wijk","FID":"wijk_gegeneraliseerd_2006.2210014c-d37d-4f65-9ee0-017ea4bac920"},"id":"WK086501"},{"arcs":[[-5968,-5516,-5967]],"type":"Polygon","properties":{"id":57996,"statcode":"WK086502","statnaam":"Wijk 02 Cromvoirt","jrstatcode":"2006WK086502","rubriek":"wijk","FID":"wijk_gegeneraliseerd_2006.6d64b5ee-7883-4c87-afe5-17549cda8e2c"},"id":"WK086502"},{"arcs":[[5968,-5933,-5936,5969,-5963,-5424,-5405]],"type":"Polygon","properties":{"id":57997,"statcode":"WK086600","statnaam":"Wijk 00 Waalre","jrstatcode":"2006WK086600","rubriek":"wijk","FID":"wijk_gegeneraliseerd_2006.0854d8c5-e874-47ed-8dc5-91230f3e1375"},"id":"WK086600"},{"arcs":[[-5605,-5653,5970,5971,5972,5973,5974,-5156,-5147,-5615,-5607]],"type":"Polygon","properties":{"id":57998,"statcode":"WK086700","statnaam":"Wijk 00 Waalwijk","jrstatcode":"2006WK086700","rubriek":"wijk","FID":"wijk_gegeneraliseerd_2006.f3b0a134-d99f-412a-9613-19870fdddda3"},"id":"WK086700"},{"arcs":[[[5975,-5974]],[[-5972,5976]]],"type":"MultiPolygon","properties":{"id":57999,"statcode":"WK086701","statnaam":"Wijk 01 Bedrijventerreinen Waalwijk","jrstatcode":"2006WK086701","rubriek":"wijk","FID":"wijk_gegeneraliseerd_2006.dec0e35e-7714-49da-8420-f6f8314aa21f"},"id":"WK086701"},{"arcs":[[5977,-5157,-5975,-5976,-5973,-5977,-5971,-5652]],"type":"Polygon","properties":{"id":58000,"statcode":"WK086702","statnaam":"Wijk 02 Sprang","jrstatcode":"2006WK086702","rubriek":"wijk","FID":"wijk_gegeneraliseerd_2006.dcf63067-d185-4014-8ca0-d3dbaee87d86"},"id":"WK086702"},{"arcs":[[5978,-5152,-5158,-5978,-5651,-5657]],"type":"Polygon","properties":{"id":58001,"statcode":"WK086703","statnaam":"Wijk 03 Vrijhoeve","jrstatcode":"2006WK086703","rubriek":"wijk","FID":"wijk_gegeneraliseerd_2006.5d0742f3-5543-48c4-b02c-13bc4975c114"},"id":"WK086703"},{"arcs":[[-5658,-5655,-5365,5979,5980,5981,-5153,-5979]],"type":"Polygon","properties":{"id":58002,"statcode":"WK086704","statnaam":"Wijk 04 Capelle en Nieuwe Vaart","jrstatcode":"2006WK086704","rubriek":"wijk","FID":"wijk_gegeneraliseerd_2006.c26f0a04-07f2-4932-9692-8b03b254dcdd"},"id":"WK086704"},{"arcs":[[-5372,-5459,5982,5983,-5981,5984]],"type":"Polygon","properties":{"id":58003,"statcode":"WK086705","statnaam":"Wijk 05 Waspik","jrstatcode":"2006WK086705","rubriek":"wijk","FID":"wijk_gegeneraliseerd_2006.00fe78b8-9dfb-4aec-ad02-f85a1da44d7c"},"id":"WK086705"},{"arcs":[[-5980,-5364,-5369,-5985]],"type":"Polygon","properties":{"id":58004,"statcode":"WK086706","statnaam":"Wijk 06 Waspik-Zuid","jrstatcode":"2006WK086706","rubriek":"wijk","FID":"wijk_gegeneraliseerd_2006.3d3ae5d6-3d5d-4fd6-b31d-aa9dae15c80e"},"id":"WK086706"},{"arcs":[[-4034,5985,5986,5987,5988,5989,-3777]],"type":"Polygon","properties":{"id":58005,"statcode":"WK087001","statnaam":"Wijk 01 Werkendam","jrstatcode":"2006WK087001","rubriek":"wijk","FID":"wijk_gegeneraliseerd_2006.3b8d1ee7-393b-4272-b777-215abd5218f5"},"id":"WK087001"},{"arcs":[[5990,-5986,-4033,-3824,-3822,-3800,5991]],"type":"Polygon","properties":{"id":58006,"statcode":"WK087002","statnaam":"Wijk 02 Sleeuwijk","jrstatcode":"2006WK087002","rubriek":"wijk","FID":"wijk_gegeneraliseerd_2006.6756b15d-02b2-4f43-b735-9fbf6fa12160"},"id":"WK087002"},{"arcs":[[-5988,5992,5993]],"type":"Polygon","properties":{"id":58007,"statcode":"WK087003","statnaam":"Wijk 03 Nieuwendijk","jrstatcode":"2006WK087003","rubriek":"wijk","FID":"wijk_gegeneraliseerd_2006.f7c025cb-d620-4e7a-ac89-15fce43a9bb7"},"id":"WK087003"},{"arcs":[[-5457,-5466,5994,-5989,-5994,5995,5996,-5983,-5461]],"type":"Polygon","properties":{"id":58008,"statcode":"WK087004","statnaam":"Wijk 04 Hank","jrstatcode":"2006WK087004","rubriek":"wijk","FID":"wijk_gegeneraliseerd_2006.f695afef-1e71-4ef2-9b2f-bf83c66c6f1d"},"id":"WK087004"},{"arcs":[[-5160,-5154,-5982,-5984,-5997,5997]],"type":"Polygon","properties":{"id":58009,"statcode":"WK087005","statnaam":"Wijk 05 Dussen","jrstatcode":"2006WK087005","rubriek":"wijk","FID":"wijk_gegeneraliseerd_2006.160964e4-f116-46e4-b5bd-3db76cc0c550"},"id":"WK087005"},{"arcs":[[-4833,-5210,-5208,5998,5999]],"type":"Polygon","properties":{"id":58010,"statcode":"WK087300","statnaam":"Wijk 00 Hoogerheide en Woensdrecht","jrstatcode":"2006WK087300","rubriek":"wijk","FID":"wijk_gegeneraliseerd_2006.466784ce-1ee1-46fd-9345-4da16177ec0b"},"id":"WK087300"},{"arcs":[[-5207,6000,6001,6002,-5999]],"type":"Polygon","properties":{"id":58011,"statcode":"WK087301","statnaam":"Wijk 01 Huijbergen","jrstatcode":"2006WK087301","rubriek":"wijk","FID":"wijk_gegeneraliseerd_2006.b1a02b00-1aac-4d20-9fab-be27dd7b8e51"},"id":"WK087301"},{"arcs":[[-4834,-6000,-6003,6003,6004]],"type":"Polygon","properties":{"id":58012,"statcode":"WK087302","statnaam":"Wijk 02 Ossendrecht","jrstatcode":"2006WK087302","rubriek":"wijk","FID":"wijk_gegeneraliseerd_2006.280682e4-71e9-475f-92fc-aa80c727b65a"},"id":"WK087302"},{"arcs":[[6005,-6004]],"type":"Polygon","properties":{"id":58013,"statcode":"WK087303","statnaam":"Wijk 03 Putte","jrstatcode":"2006WK087303","rubriek":"wijk","FID":"wijk_gegeneraliseerd_2006.ccfb19f7-033d-4d3f-b97f-604505c035a6"},"id":"WK087303"},{"arcs":[[6006,6007,6008,-5992,-3799,-3859,-2168]],"type":"Polygon","properties":{"id":58014,"statcode":"WK087400","statnaam":"Wijk 00 Woudrichem","jrstatcode":"2006WK087400","rubriek":"wijk","FID":"wijk_gegeneraliseerd_2006.e8427da4-d50e-45e3-804c-253f4d8d047e"},"id":"WK087400"},{"arcs":[[-5987,-5991,-6009,6009,-5161,-5998,-5996,-5993]],"type":"Polygon","properties":{"id":58015,"statcode":"WK087401","statnaam":"Wijk 01 Almkerk","jrstatcode":"2006WK087401","rubriek":"wijk","FID":"wijk_gegeneraliseerd_2006.eee8178f-b0d0-4aec-ad95-d9cc7c267de0"},"id":"WK087401"},{"arcs":[[6010,-6007,-2167,6011]],"type":"Polygon","properties":{"id":58016,"statcode":"WK087402","statnaam":"Wijk 02 Rijswijk","jrstatcode":"2006WK087402","rubriek":"wijk","FID":"wijk_gegeneraliseerd_2006.807fa753-5b57-4d50-998e-2433526cee03"},"id":"WK087402"},{"arcs":[[-2166,6012,-5163,6013,-6012]],"type":"Polygon","properties":{"id":58017,"statcode":"WK087403","statnaam":"Wijk 03 Giessen","jrstatcode":"2006WK087403","rubriek":"wijk","FID":"wijk_gegeneraliseerd_2006.9afa3beb-2494-4848-8ee4-0ec038d08e8c"},"id":"WK087403"},{"arcs":[[-5143,-5159,-6013,-2165]],"type":"Polygon","properties":{"id":58018,"statcode":"WK087404","statnaam":"Wijk 04 Andel","jrstatcode":"2006WK087404","rubriek":"wijk","FID":"wijk_gegeneraliseerd_2006.1da77e78-9edf-426a-9e92-d7c804d6d35c"},"id":"WK087404"},{"arcs":[[-6014,-5162,-6010,-6008,-6011]],"type":"Polygon","properties":{"id":58019,"statcode":"WK087405","statnaam":"Wijk 05 Uitwijk en Waardhuizen","jrstatcode":"2006WK087405","rubriek":"wijk","FID":"wijk_gegeneraliseerd_2006.05f28cb6-cc28-488f-8ab9-57e0058833ee"},"id":"WK087405"},{"arcs":[[6014,6015,6016,-5318,6017,6018]],"type":"Polygon","properties":{"id":58020,"statcode":"WK087900","statnaam":"Wijk 00 Zundert","jrstatcode":"2006WK087900","rubriek":"wijk","FID":"wijk_gegeneraliseerd_2006.77625362-df30-4d98-81c3-8fe220f5ccbc"},"id":"WK087900"},{"arcs":[[6019,-6016,6020,-5801,-5799]],"type":"Polygon","properties":{"id":58021,"statcode":"WK087901","statnaam":"Wijk 01 Klein - Zundert","jrstatcode":"2006WK087901","rubriek":"wijk","FID":"wijk_gegeneraliseerd_2006.0c98b973-1c1f-4fa4-9278-836e77dbee55"},"id":"WK087901"},{"arcs":[[6021,6022,-6019]],"type":"Polygon","properties":{"id":58022,"statcode":"WK087902","statnaam":"Wijk 02 Wernhout","jrstatcode":"2006WK087902","rubriek":"wijk","FID":"wijk_gegeneraliseerd_2006.aef637a3-bc44-4763-a502-e456bd153178"},"id":"WK087902"},{"arcs":[[-6021,-6015,-6023,6023,-5802]],"type":"Polygon","properties":{"id":58023,"statcode":"WK087903","statnaam":"Wijk 03 Achtmaal","jrstatcode":"2006WK087903","rubriek":"wijk","FID":"wijk_gegeneraliseerd_2006.39152530-00b3-4f98-ab20-7926e52ef31a"},"id":"WK087903"},{"arcs":[[-6017,-6020,-5798,-5453,-5319]],"type":"Polygon","properties":{"id":58024,"statcode":"WK087904","statnaam":"Wijk 04 Rijsbergen","jrstatcode":"2006WK087904","rubriek":"wijk","FID":"wijk_gegeneraliseerd_2006.cece7ee4-6f11-4c91-a2b4-9fae3d66385c"},"id":"WK087904"},{"arcs":[[6024,-3382,-3405,-2675,6025]],"type":"Polygon","properties":{"id":58025,"statcode":"WK088000","statnaam":"Wijk 00 Wormer","jrstatcode":"2006WK088000","rubriek":"wijk","FID":"wijk_gegeneraliseerd_2006.19eb14e6-0f52-46ec-b3aa-1d22ea295f82"},"id":"WK088000"},{"arcs":[[-3203,-3227,-3383,-6025,6026,-3258]],"type":"Polygon","properties":{"id":58026,"statcode":"WK088001","statnaam":"Wijk 01 Wijdewormer","jrstatcode":"2006WK088001","rubriek":"wijk","FID":"wijk_gegeneraliseerd_2006.9806fc4a-6464-4604-9a17-4fdf390cb2ff"},"id":"WK088001"},{"arcs":[[-2674,-2670,-2700,-2704,-3259,-6027,-6026]],"type":"Polygon","properties":{"id":58027,"statcode":"WK088002","statnaam":"Wijk 02 Jisp","jrstatcode":"2006WK088002","rubriek":"wijk","FID":"wijk_gegeneraliseerd_2006.7b24949d-b34b-40bb-9ebd-2f0b43654c06"},"id":"WK088002"},{"arcs":[[6027,6028,6029,6030]],"type":"Polygon","properties":{"id":58028,"statcode":"WK088100","statnaam":"Wijk 00 Onderbanken","jrstatcode":"2006WK088100","rubriek":"wijk","FID":"wijk_gegeneraliseerd_2006.0340a3cc-290c-406a-8b5b-5eadd6d25a1f"},"id":"WK088100"},{"arcs":[[6031,6032,6033,6034,6035,6036]],"type":"Polygon","properties":{"id":58029,"statcode":"WK088200","statnaam":"Wijk 00 Schaesberg","jrstatcode":"2006WK088200","rubriek":"wijk","FID":"wijk_gegeneraliseerd_2006.8b1779a6-486d-4202-a55c-f08a8f2018ae"},"id":"WK088200"},{"arcs":[[6037,6038,-6037,6039,6040,6041]],"type":"Polygon","properties":{"id":58030,"statcode":"WK088201","statnaam":"Wijk 01 Nieuwenhagen","jrstatcode":"2006WK088201","rubriek":"wijk","FID":"wijk_gegeneraliseerd_2006.5be705f7-9193-4176-ae82-7497bd83fbd9"},"id":"WK088201"},{"arcs":[[6042,6043,6044,-6038]],"type":"Polygon","properties":{"id":58031,"statcode":"WK088202","statnaam":"Wijk 02 Ubach over Worms","jrstatcode":"2006WK088202","rubriek":"wijk","FID":"wijk_gegeneraliseerd_2006.73c9d914-ff33-4a07-a4da-53c9855a8b4a"},"id":"WK088202"},{"arcs":[[6045,6046,6047,6048,6049]],"type":"Polygon","properties":{"id":58032,"statcode":"WK088500","statnaam":"Wijk 00 Arcen-Lomm","jrstatcode":"2006WK088500","rubriek":"wijk","FID":"wijk_gegeneraliseerd_2006.cc255ec6-1fdc-4035-a0c2-2e62935ea2d3"},"id":"WK088500"},{"arcs":[[6050,-6050,6051,6052,6053,6054]],"type":"Polygon","properties":{"id":58033,"statcode":"WK088501","statnaam":"Wijk 01 Velden","jrstatcode":"2006WK088501","rubriek":"wijk","FID":"wijk_gegeneraliseerd_2006.36ef0ad4-b2d2-40c3-b548-7dcec8ef2fff"},"id":"WK088501"},{"arcs":[[6055,6056,6057,6058,6059,6060]],"type":"Polygon","properties":{"id":58034,"statcode":"WK088800","statnaam":"Wijk 00 Beek - Spaubeek","jrstatcode":"2006WK088800","rubriek":"wijk","FID":"wijk_gegeneraliseerd_2006.937dd6d5-86ee-4a37-b987-1d2c20fe720f"},"id":"WK088800"},{"arcs":[[6061,6062,6063,6064,-6061]],"type":"Polygon","properties":{"id":58035,"statcode":"WK088801","statnaam":"Wijk 01 Beek-Zuid","jrstatcode":"2006WK088801","rubriek":"wijk","FID":"wijk_gegeneraliseerd_2006.c261d081-2d29-4d1b-8baf-a7e38285bb02"},"id":"WK088801"},{"arcs":[[6065,6066,6067,6068]],"type":"Polygon","properties":{"id":58036,"statcode":"WK088900","statnaam":"Wijk 00 Reuver","jrstatcode":"2006WK088900","rubriek":"wijk","FID":"wijk_gegeneraliseerd_2006.fce12c17-2ff6-4778-b36f-66720b5740d3"},"id":"WK088900"},{"arcs":[[-6068,6069,6070,6071,6072]],"type":"Polygon","properties":{"id":58037,"statcode":"WK088901","statnaam":"Wijk 01 Beesel","jrstatcode":"2006WK088901","rubriek":"wijk","FID":"wijk_gegeneraliseerd_2006.9c7aed1f-5f69-4ae6-bab2-00820d16acbb"},"id":"WK088901"},{"arcs":[[6073,6074,6075,6076]],"type":"Polygon","properties":{"id":58038,"statcode":"WK089300","statnaam":"Wijk 00 Siebengewald","jrstatcode":"2006WK089300","rubriek":"wijk","FID":"wijk_gegeneraliseerd_2006.b11126a2-df75-44ef-ad1b-3a20c7e758f8"},"id":"WK089300"},{"arcs":[[-5263,-5238,6077,-6075,6078]],"type":"Polygon","properties":{"id":58039,"statcode":"WK089301","statnaam":"Wijk 01 Afferden","jrstatcode":"2006WK089301","rubriek":"wijk","FID":"wijk_gegeneraliseerd_2006.60c4a152-6f6a-4091-93ba-64c461f87cf3"},"id":"WK089301"},{"arcs":[[-5271,-5258,-6079,-6074,6079,6080]],"type":"Polygon","properties":{"id":58040,"statcode":"WK089302","statnaam":"Wijk 02 Bergen","jrstatcode":"2006WK089302","rubriek":"wijk","FID":"wijk_gegeneraliseerd_2006.ab75bc39-15f5-48a6-8b1a-5641733ce167"},"id":"WK089302"},{"arcs":[[-5272,-6081,6081,6082,6083,6084]],"type":"Polygon","properties":{"id":58041,"statcode":"WK089303","statnaam":"Wijk 03 Well","jrstatcode":"2006WK089303","rubriek":"wijk","FID":"wijk_gegeneraliseerd_2006.ac37f7ff-1b8a-4d7b-816f-acaee96ce1a3"},"id":"WK089303"},{"arcs":[[-6083,6085,-6048,6086,6087]],"type":"Polygon","properties":{"id":58042,"statcode":"WK089304","statnaam":"Wijk 04 Wellerlooi","jrstatcode":"2006WK089304","rubriek":"wijk","FID":"wijk_gegeneraliseerd_2006.45970402-e3ce-4a1a-80b4-9ebf93b95b15"},"id":"WK089304"},{"arcs":[[6088,6089,6090,6091,6092,6093,6094,6095]],"type":"Polygon","properties":{"id":58043,"statcode":"WK089901","statnaam":"Wijk 01 Brunssum-West","jrstatcode":"2006WK089901","rubriek":"wijk","FID":"wijk_gegeneraliseerd_2006.abec8676-8c81-4be5-9c69-8df97ff4bb84"},"id":"WK089901"},{"arcs":[[6096,6097,-6096,-6031]],"type":"Polygon","properties":{"id":58044,"statcode":"WK089902","statnaam":"Wijk 02 Brunssum-Noord","jrstatcode":"2006WK089902","rubriek":"wijk","FID":"wijk_gegeneraliseerd_2006.a3bfa20e-0049-493f-93d2-1cc6dbd6b813"},"id":"WK089902"},{"arcs":[[6098,-6097,-6030,6099,6100]],"type":"Polygon","properties":{"id":58045,"statcode":"WK089903","statnaam":"Wijk 03 Brunssum-Oost","jrstatcode":"2006WK089903","rubriek":"wijk","FID":"wijk_gegeneraliseerd_2006.2f24265b-2381-4926-8a7a-8b7363f8e045"},"id":"WK089903"},{"arcs":[[-6090,6101,-6101,6102,-6043,-6042,6103,6104]],"type":"Polygon","properties":{"id":58046,"statcode":"WK089904","statnaam":"Wijk 04 Brunssum-Zuid","jrstatcode":"2006WK089904","rubriek":"wijk","FID":"wijk_gegeneraliseerd_2006.1075ad74-e5e3-4939-843a-0af1ba4f78f9"},"id":"WK089904"},{"arcs":[[-6099,-6102,-6089,-6098]],"type":"Polygon","properties":{"id":58047,"statcode":"WK089905","statnaam":"Wijk 05 Brunssum-Centrum","jrstatcode":"2006WK089905","rubriek":"wijk","FID":"wijk_gegeneraliseerd_2006.2d4751d3-1da5-4fb5-b4a0-1490d900a7a4"},"id":"WK089905"},{"arcs":[[6105,6106,6107,6108]],"type":"Polygon","properties":{"id":58048,"statcode":"WK090500","statnaam":"Wijk 00 Eijsden","jrstatcode":"2006WK090500","rubriek":"wijk","FID":"wijk_gegeneraliseerd_2006.c32e925f-5042-4472-80ae-34775f98cc83"},"id":"WK090500"},{"arcs":[[-6107,6109,6110,6111]],"type":"Polygon","properties":{"id":58049,"statcode":"WK090501","statnaam":"Wijk 01 Gronsveld","jrstatcode":"2006WK090501","rubriek":"wijk","FID":"wijk_gegeneraliseerd_2006.ee6de73d-ed78-4683-9a3c-e9838d12c400"},"id":"WK090501"},{"arcs":[[-1921,6112,6113,6114,-5252,6115,6116]],"type":"Polygon","properties":{"id":58050,"statcode":"WK090700","statnaam":"Wijk 00 Milsbeek","jrstatcode":"2006WK090700","rubriek":"wijk","FID":"wijk_gegeneraliseerd_2006.7f02f3fc-4a8e-48e1-a2d9-6a3f76d0215e"},"id":"WK090700"},{"arcs":[[-6114,6117,6118,6119,6120,6121]],"type":"Polygon","properties":{"id":58051,"statcode":"WK090701","statnaam":"Wijk 01 Ottersum","jrstatcode":"2006WK090701","rubriek":"wijk","FID":"wijk_gegeneraliseerd_2006.ca9728ef-69a9-4cff-ae69-d7cc3cbe855e"},"id":"WK090701"},{"arcs":[[-6119,6122]],"type":"Polygon","properties":{"id":58052,"statcode":"WK090702","statnaam":"Wijk 02 Ven-Zelderheide","jrstatcode":"2006WK090702","rubriek":"wijk","FID":"wijk_gegeneraliseerd_2006.4728ddae-1833-49d5-b411-11322a4d930e"},"id":"WK090702"},{"arcs":[[6123,-5248,-5249,-6115,-6122]],"type":"Polygon","properties":{"id":58053,"statcode":"WK090703","statnaam":"Wijk 03 Gennep","jrstatcode":"2006WK090703","rubriek":"wijk","FID":"wijk_gegeneraliseerd_2006.41482d85-4924-46fb-9ba3-95a16955d9f0"},"id":"WK090703"},{"arcs":[[-6121,6124,-6076,-6078,-5243,-5233,-5244,-6124]],"type":"Polygon","properties":{"id":58054,"statcode":"WK090704","statnaam":"Wijk 04 Heijen","jrstatcode":"2006WK090704","rubriek":"wijk","FID":"wijk_gegeneraliseerd_2006.9697fb54-e75b-4f2d-a004-0f07da4be486"},"id":"WK090704"},{"arcs":[[6125,6126,6127,6128]],"type":"Polygon","properties":{"id":58055,"statcode":"WK091401","statnaam":"Wijk 01 Horn","jrstatcode":"2006WK091401","rubriek":"wijk","FID":"wijk_gegeneraliseerd_2006.5de3336d-d7f3-47c0-8496-6237ee3f5a0f"},"id":"WK091401"},{"arcs":[[6129,6130,6131,6132,6133,-6126,6134,6135,6136]],"type":"Polygon","properties":{"id":58056,"statcode":"WK091402","statnaam":"Wijk 02 Haelen","jrstatcode":"2006WK091402","rubriek":"wijk","FID":"wijk_gegeneraliseerd_2006.314700e7-7d7c-4843-a445-2617f5c4f9a1"},"id":"WK091402"},{"arcs":[[6137,-6132]],"type":"Polygon","properties":{"id":58057,"statcode":"WK091403","statnaam":"Wijk 03 Nunhem","jrstatcode":"2006WK091403","rubriek":"wijk","FID":"wijk_gegeneraliseerd_2006.17439029-4e04-4c40-9413-96f81dfb87c3"},"id":"WK091403"},{"arcs":[[6138,6139,-6133,-6138,-6131]],"type":"Polygon","properties":{"id":58058,"statcode":"WK091404","statnaam":"Wijk 04 Buggenum","jrstatcode":"2006WK091404","rubriek":"wijk","FID":"wijk_gegeneraliseerd_2006.e292a0ad-c6d7-464f-970e-83d48d432102"},"id":"WK091404"},{"arcs":[[6140,6141,6142,6143]],"type":"Polygon","properties":{"id":58059,"statcode":"WK091710","statnaam":"Wijk 10 Maria Gewanden en Terschuren","jrstatcode":"2006WK091710","rubriek":"wijk","FID":"wijk_gegeneraliseerd_2006.7f43c529-9843-4aae-a5f3-ef2fa5c5f744"},"id":"WK091710"},{"arcs":[[6144,-6141,6145,6146,-6094]],"type":"Polygon","properties":{"id":58060,"statcode":"WK091711","statnaam":"Wijk 11 Mariarade","jrstatcode":"2006WK091711","rubriek":"wijk","FID":"wijk_gegeneraliseerd_2006.44219221-0691-4605-849f-ac4d119ff5cc"},"id":"WK091711"},{"arcs":[[-6093,6147,6148,6149,-6142,-6145]],"type":"Polygon","properties":{"id":58061,"statcode":"WK091712","statnaam":"Wijk 12 Hoensbroek- De Dem","jrstatcode":"2006WK091712","rubriek":"wijk","FID":"wijk_gegeneraliseerd_2006.a73a3603-6fbf-4a2f-afbc-fc8edf5946f2"},"id":"WK091712"},{"arcs":[[6150,6151,6152,-6143,-6150,6153]],"type":"Polygon","properties":{"id":58062,"statcode":"WK091713","statnaam":"Wijk 13 Nieuw Lotbroek","jrstatcode":"2006WK091713","rubriek":"wijk","FID":"wijk_gegeneraliseerd_2006.27407bab-fa24-44e5-a080-8e70ddc93016"},"id":"WK091713"},{"arcs":[[6154,6155,-6154,-6149]],"type":"Polygon","properties":{"id":58063,"statcode":"WK091714","statnaam":"Wijk 14 De Koumen","jrstatcode":"2006WK091714","rubriek":"wijk","FID":"wijk_gegeneraliseerd_2006.07f4074a-3004-404b-b49a-5c3c5dbdee92"},"id":"WK091714"},{"arcs":[[6156,6157,6158,-6091,-6105]],"type":"Polygon","properties":{"id":58064,"statcode":"WK091720","statnaam":"Wijk 20 Vrieheide-De Stack","jrstatcode":"2006WK091720","rubriek":"wijk","FID":"wijk_gegeneraliseerd_2006.8064c413-8c7b-4385-863a-8eacc5666e21"},"id":"WK091720"},{"arcs":[[6159,6160,-6148,-6092,-6159]],"type":"Polygon","properties":{"id":58065,"statcode":"WK091721","statnaam":"Wijk 21 Heerlerheid-Passart","jrstatcode":"2006WK091721","rubriek":"wijk","FID":"wijk_gegeneraliseerd_2006.88b096e4-eb50-42aa-8225-8c2589488ef2"},"id":"WK091721"},{"arcs":[[-6160,-6158,6161,6162]],"type":"Polygon","properties":{"id":58066,"statcode":"WK091722","statnaam":"Wijk 22 Heksenberg","jrstatcode":"2006WK091722","rubriek":"wijk","FID":"wijk_gegeneraliseerd_2006.9ae30c22-2746-42b8-a619-78ad258992ae"},"id":"WK091722"},{"arcs":[[-6041,6163,6164,6165,-6162,-6157,-6104]],"type":"Polygon","properties":{"id":58067,"statcode":"WK091723","statnaam":"Wijk 23 De Hei","jrstatcode":"2006WK091723","rubriek":"wijk","FID":"wijk_gegeneraliseerd_2006.2ef1c9d8-d5a9-4348-8ad9-c60a525d6466"},"id":"WK091723"},{"arcs":[[6166,6167,-6155,-6161,-6163,-6166,6168]],"type":"Polygon","properties":{"id":58068,"statcode":"WK091724","statnaam":"Wijk 24 Rennemig-Beersdal","jrstatcode":"2006WK091724","rubriek":"wijk","FID":"wijk_gegeneraliseerd_2006.9a1353a0-3f26-4cfd-85e9-33f735d0126c"},"id":"WK091724"},{"arcs":[[-6167,6169,6170,6171,6172,6173]],"type":"Polygon","properties":{"id":58069,"statcode":"WK091730","statnaam":"Wijk 30 Zeswegen-Nieuw Husken","jrstatcode":"2006WK091730","rubriek":"wijk","FID":"wijk_gegeneraliseerd_2006.c29da637-bdad-441b-bbf1-f445e44949de"},"id":"WK091730"},{"arcs":[[-6165,6174,6175,-6170,-6169]],"type":"Polygon","properties":{"id":58070,"statcode":"WK091731","statnaam":"Wijk 31 Schandelen-Grasbroek","jrstatcode":"2006WK091731","rubriek":"wijk","FID":"wijk_gegeneraliseerd_2006.799e65ea-4b41-40a1-93f1-cb334156ae07"},"id":"WK091731"},{"arcs":[[6176,-6175,-6164,-6040,-6036]],"type":"Polygon","properties":{"id":58071,"statcode":"WK091732","statnaam":"Wijk 32 Meezenbroek-Schaesbergerveld","jrstatcode":"2006WK091732","rubriek":"wijk","FID":"wijk_gegeneraliseerd_2006.23250d8b-a5c8-4b6a-9c79-d2f19851687b"},"id":"WK091732"},{"arcs":[[-6176,6177,6178,6179,6180,-6171]],"type":"Polygon","properties":{"id":58072,"statcode":"WK091733","statnaam":"Wijk 33 Heerlen-Centrum","jrstatcode":"2006WK091733","rubriek":"wijk","FID":"wijk_gegeneraliseerd_2006.bab619ca-d373-4906-adac-66eb64151913"},"id":"WK091733"},{"arcs":[[-6181,6181,-6172]],"type":"Polygon","properties":{"id":58073,"statcode":"WK091734","statnaam":"Wijk 34 Eikenderveld","jrstatcode":"2006WK091734","rubriek":"wijk","FID":"wijk_gegeneraliseerd_2006.b8377a99-41a6-42c3-8b45-1c8d742a0f50"},"id":"WK091734"},{"arcs":[[-6156,-6168,-6174,6182,6183,6184,6185,-6151]],"type":"Polygon","properties":{"id":58074,"statcode":"WK091735","statnaam":"Wijk 35 Woonboulevard-Ten Esschen","jrstatcode":"2006WK091735","rubriek":"wijk","FID":"wijk_gegeneraliseerd_2006.1d90bd1f-6210-479c-90a0-3e79c36af5f4"},"id":"WK091735"},{"arcs":[[-6182,-6180,6186,6187,6188,6189,6190,-6183,-6173]],"type":"Polygon","properties":{"id":58075,"statcode":"WK091736","statnaam":"Wijk 36 Welten-Benzenrade","jrstatcode":"2006WK091736","rubriek":"wijk","FID":"wijk_gegeneraliseerd_2006.db193c92-ffb9-4001-afb1-4e984b82d4a9"},"id":"WK091736"},{"arcs":[[-6187,-6179,6191,6192]],"type":"Polygon","properties":{"id":58076,"statcode":"WK091737","statnaam":"Wijk 37 Bekkerveld","jrstatcode":"2006WK091737","rubriek":"wijk","FID":"wijk_gegeneraliseerd_2006.f66f7b45-ba72-4261-bfea-5e5ca4726d98"},"id":"WK091737"},{"arcs":[[-6188,-6193,6193,6194]],"type":"Polygon","properties":{"id":58077,"statcode":"WK091738","statnaam":"Wijk 38 Caumerveld-Douve Weien","jrstatcode":"2006WK091738","rubriek":"wijk","FID":"wijk_gegeneraliseerd_2006.d5eab92a-0d29-4130-b0f0-7fec65075562"},"id":"WK091738"},{"arcs":[[-6192,-6178,-6177,-6035,6195,-6194]],"type":"Polygon","properties":{"id":58078,"statcode":"WK091739","statnaam":"Wijk 39 Molenberg","jrstatcode":"2006WK091739","rubriek":"wijk","FID":"wijk_gegeneraliseerd_2006.b5a88705-910d-42cf-a791-bc58b1c45ccb"},"id":"WK091739"},{"arcs":[[6196,6197]],"type":"Polygon","properties":{"id":58079,"statcode":"WK091740","statnaam":"Wijk 40 Heerlerbaan-Centrum","jrstatcode":"2006WK091740","rubriek":"wijk","FID":"wijk_gegeneraliseerd_2006.b1927af7-5ab3-4b13-b658-eaf1770fb4f9"},"id":"WK091740"},{"arcs":[[6198,6199,6200,-6189,-6195,-6196,-6034,6201,-6198]],"type":"Polygon","properties":{"id":58080,"statcode":"WK091741","statnaam":"Wijk 41 Heerlerbaan-Schil","jrstatcode":"2006WK091741","rubriek":"wijk","FID":"wijk_gegeneraliseerd_2006.8994297e-8936-4c82-bdda-9ec5204dba83"},"id":"WK091741"},{"arcs":[[6202,6203,6204,6205,-6200]],"type":"Polygon","properties":{"id":58081,"statcode":"WK091742","statnaam":"Wijk 41 De Beitel","jrstatcode":"2006WK091742","rubriek":"wijk","FID":"wijk_gegeneraliseerd_2006.c16d4b62-2ef1-4357-90d8-8257618aa4f1"},"id":"WK091742"},{"arcs":[[6206,6207,-5350,6208,6209]],"type":"Polygon","properties":{"id":58082,"statcode":"WK091800","statnaam":"Wijk 00 Grashoek-Koningslust","jrstatcode":"2006WK091800","rubriek":"wijk","FID":"wijk_gegeneraliseerd_2006.3a8d6aff-d981-4cf5-b2fc-c60e3e65bb2e"},"id":"WK091800"},{"arcs":[[6210,6211,6212,6213,6214,6215,-6207]],"type":"Polygon","properties":{"id":58083,"statcode":"WK091801","statnaam":"Wijk 01 Panningen","jrstatcode":"2006WK091801","rubriek":"wijk","FID":"wijk_gegeneraliseerd_2006.06e07673-dfe0-4719-baaf-34e119a2086c"},"id":"WK091801"},{"arcs":[[6216,6217,6218,6219,6220,-6136,6221]],"type":"Polygon","properties":{"id":58084,"statcode":"WK092000","statnaam":"Wijk 00 Heythuysen","jrstatcode":"2006WK092000","rubriek":"wijk","FID":"wijk_gegeneraliseerd_2006.8da9f757-8e95-4fb5-ae35-a194e5731ab6"},"id":"WK092000"},{"arcs":[[-6135,-6129,6222,6223,6224,6225,-6222]],"type":"Polygon","properties":{"id":58085,"statcode":"WK092001","statnaam":"Wijk 01 Baexem","jrstatcode":"2006WK092001","rubriek":"wijk","FID":"wijk_gegeneraliseerd_2006.39e603b0-bf6c-40b8-b4e8-fb6cef86f683"},"id":"WK092001"},{"arcs":[[6226,6227,6228,-6225]],"type":"Polygon","properties":{"id":58086,"statcode":"WK092002","statnaam":"Wijk 02 Grathem","jrstatcode":"2006WK092002","rubriek":"wijk","FID":"wijk_gegeneraliseerd_2006.5a00d611-de01-4d13-9d16-40b0aa22b04d"},"id":"WK092002"},{"arcs":[[6229,6230,6231,6232,-6228,6233,6234,6235]],"type":"Polygon","properties":{"id":58087,"statcode":"WK092500","statnaam":"Wijk 00","jrstatcode":"2006WK092500","rubriek":"wijk","FID":"wijk_gegeneraliseerd_2006.294fa469-994e-45fd-b744-bfdaaf043e09"},"id":"WK092500"},{"arcs":[[-6197,-6202,-6033,6236,6237,6238,-6203,-6199]],"type":"Polygon","properties":{"id":58088,"statcode":"WK092800","statnaam":"Wijk 00 Kerkrade-West","jrstatcode":"2006WK092800","rubriek":"wijk","FID":"wijk_gegeneraliseerd_2006.4122b373-73e1-4e7e-b0ed-0107bef3acb0"},"id":"WK092800"},{"arcs":[[-6238,6239,6240]],"type":"Polygon","properties":{"id":58089,"statcode":"WK092801","statnaam":"Wijk 01 Kerkrade-Oost","jrstatcode":"2006WK092801","rubriek":"wijk","FID":"wijk_gegeneraliseerd_2006.3158495d-09bc-44c2-9a5c-5cad0c9b363a"},"id":"WK092801"},{"arcs":[[-6240,-6237,-6032,-6039,-6045,6241]],"type":"Polygon","properties":{"id":58090,"statcode":"WK092802","statnaam":"Wijk 02 Kerkrade-Noord","jrstatcode":"2006WK092802","rubriek":"wijk","FID":"wijk_gegeneraliseerd_2006.e8ce3047-1b38-4b14-8a73-0d46b9f28481"},"id":"WK092802"},{"arcs":[[6242,6243,-6069,-6073,6244,-6213]],"type":"Polygon","properties":{"id":58091,"statcode":"WK092900","statnaam":"Wijk 00","jrstatcode":"2006WK092900","rubriek":"wijk","FID":"wijk_gegeneraliseerd_2006.d9e42749-dcd5-4c61-ae2e-60753da4da2f"},"id":"WK092900"},{"arcs":[[6245,6246,6247,6248,6249,6250]],"type":"Polygon","properties":{"id":58092,"statcode":"WK093300","statnaam":"Wijk 00 Maasbracht","jrstatcode":"2006WK093300","rubriek":"wijk","FID":"wijk_gegeneraliseerd_2006.2987ef33-cc3b-487c-8288-d843773b8ac5"},"id":"WK093300"},{"arcs":[[6251,-6246,6252,6253]],"type":"Polygon","properties":{"id":58093,"statcode":"WK093301","statnaam":"Wijk 01 Linne","jrstatcode":"2006WK093301","rubriek":"wijk","FID":"wijk_gegeneraliseerd_2006.ccadae0e-0969-476f-abb6-c58383d51d86"},"id":"WK093301"},{"arcs":[[-6250,6254,6255,6256,6257]],"type":"Polygon","properties":{"id":58094,"statcode":"WK093302","statnaam":"Wijk 02 Stevensweert","jrstatcode":"2006WK093302","rubriek":"wijk","FID":"wijk_gegeneraliseerd_2006.205bd082-28d0-4c78-9fdb-588e9293540f"},"id":"WK093302"},{"arcs":[[6258,6259,-6256]],"type":"Polygon","properties":{"id":58095,"statcode":"WK093303","statnaam":"Wijk 03 Ohé en Laak","jrstatcode":"2006WK093303","rubriek":"wijk","FID":"wijk_gegeneraliseerd_2006.28589472-74f8-4458-99f1-dc6fb7b6f185"},"id":"WK093303"},{"arcs":[[6260,-6211,-6210,6261,6262,6263,6264,6265]],"type":"Polygon","properties":{"id":58096,"statcode":"WK093400","statnaam":"Wijk 00 Maasbree","jrstatcode":"2006WK093400","rubriek":"wijk","FID":"wijk_gegeneraliseerd_2006.02cfc9de-e82c-4297-90a9-ed7b78784ce5"},"id":"WK093400"},{"arcs":[[6266,-6243,-6212,-6261,6267,6268]],"type":"Polygon","properties":{"id":58097,"statcode":"WK093401","statnaam":"Wijk 01 Baarlo","jrstatcode":"2006WK093401","rubriek":"wijk","FID":"wijk_gegeneraliseerd_2006.b0216e2c-b2c1-49c1-9bf6-614b23b1424a"},"id":"WK093401"},{"arcs":[[6269,6270,6271,6272,6273]],"type":"Polygon","properties":{"id":58098,"statcode":"WK093500","statnaam":"Wijk 00 Binnenstad","jrstatcode":"2006WK093500","rubriek":"wijk","FID":"wijk_gegeneraliseerd_2006.66a9bf1f-7185-478a-901f-6ce4b414820e"},"id":"WK093500"},{"arcs":[[6274,6275,-6274,6276]],"type":"Polygon","properties":{"id":58099,"statcode":"WK093501","statnaam":"Wijk 01 Buitenwijk Zuidwest","jrstatcode":"2006WK093501","rubriek":"wijk","FID":"wijk_gegeneraliseerd_2006.fe9951f3-12f4-482f-8183-5522dd621b83"},"id":"WK093501"},{"arcs":[[-6270,-6276,6277,6278]],"type":"Polygon","properties":{"id":58100,"statcode":"WK093502","statnaam":"Wijk 02 Buitenwijk West","jrstatcode":"2006WK093502","rubriek":"wijk","FID":"wijk_gegeneraliseerd_2006.961b19aa-0db0-4e65-8485-95697bc3ddd3"},"id":"WK093502"},{"arcs":[[-6279,6279,6280,6281,-6271]],"type":"Polygon","properties":{"id":58101,"statcode":"WK093503","statnaam":"Wijk 03 Buitenwijk Noordwest","jrstatcode":"2006WK093503","rubriek":"wijk","FID":"wijk_gegeneraliseerd_2006.7e8640fc-7362-493a-ab8a-db49df48e104"},"id":"WK093503"},{"arcs":[[6282,6283,-6272,-6282,6284,6285,6286]],"type":"Polygon","properties":{"id":58102,"statcode":"WK093504","statnaam":"Wijk 04 Buitenwijk Oost","jrstatcode":"2006WK093504","rubriek":"wijk","FID":"wijk_gegeneraliseerd_2006.48e04d45-754e-43d2-8829-0360c55e19d9"},"id":"WK093504"},{"arcs":[[-6281,6287,6288,6289,-6285]],"type":"Polygon","properties":{"id":58103,"statcode":"WK093505","statnaam":"Wijk 05 Buitenwijk Noordoost","jrstatcode":"2006WK093505","rubriek":"wijk","FID":"wijk_gegeneraliseerd_2006.4ecbbbaa-bf4c-478f-a28d-34cb5fd0b642"},"id":"WK093505"},{"arcs":[[6290,-6277,-6273,-6284,6291,-6110,-6106]],"type":"Polygon","properties":{"id":58104,"statcode":"WK093506","statnaam":"Wijk 06 Buitenwijk Zuidoost","jrstatcode":"2006WK093506","rubriek":"wijk","FID":"wijk_gegeneraliseerd_2006.bb9f829d-c26c-45cc-8d20-55ae58257d93"},"id":"WK093506"},{"arcs":[[6292,6293,6294,6295,6296,6297,6298]],"type":"Polygon","properties":{"id":58105,"statcode":"WK093600","statnaam":"Wijk 00 Margraten","jrstatcode":"2006WK093600","rubriek":"wijk","FID":"wijk_gegeneraliseerd_2006.2f4d3a4e-d6c7-414f-8201-a3c6b560e1fc"},"id":"WK093600"},{"arcs":[[6299,-6111,-6292,-6283,6300,-6296]],"type":"Polygon","properties":{"id":58106,"statcode":"WK093601","statnaam":"Wijk 01 Cadier en Keer","jrstatcode":"2006WK093601","rubriek":"wijk","FID":"wijk_gegeneraliseerd_2006.aae37030-a6d0-4c03-9939-255c13645bf1"},"id":"WK093601"},{"arcs":[[6301,-6108,-6112,-6300,-6295,6302]],"type":"Polygon","properties":{"id":58107,"statcode":"WK093602","statnaam":"Wijk 02 Sint Geertruid","jrstatcode":"2006WK093602","rubriek":"wijk","FID":"wijk_gegeneraliseerd_2006.b7042b57-b995-41a6-8ff7-d24719127f46"},"id":"WK093602"},{"arcs":[[6303,6304,6305,-6303]],"type":"Polygon","properties":{"id":58108,"statcode":"WK093603","statnaam":"Wijk 03 Mheer - Noorbeek","jrstatcode":"2006WK093603","rubriek":"wijk","FID":"wijk_gegeneraliseerd_2006.5cc96cb5-5b50-4927-84dd-1762aa3166c5"},"id":"WK093603"},{"arcs":[[6306,6307,6308,6309,-6286,-6290,6310]],"type":"Polygon","properties":{"id":58109,"statcode":"WK093800","statnaam":"Wijk 00 Meerssen","jrstatcode":"2006WK093800","rubriek":"wijk","FID":"wijk_gegeneraliseerd_2006.1a1540dc-73a4-4265-b69b-cd5936c25145"},"id":"WK093800"},{"arcs":[[6311,-6307,6312,-6063]],"type":"Polygon","properties":{"id":58110,"statcode":"WK093801","statnaam":"Wijk 01 Ulestraten","jrstatcode":"2006WK093801","rubriek":"wijk","FID":"wijk_gegeneraliseerd_2006.ef87759a-15f4-4ee3-a0ec-c9d3f1ad9aef"},"id":"WK093801"},{"arcs":[[-6313,-6311,-6289,6313,6314,-6064]],"type":"Polygon","properties":{"id":58111,"statcode":"WK093802","statnaam":"Wijk 02 Bunde - Geulle","jrstatcode":"2006WK093802","rubriek":"wijk","FID":"wijk_gegeneraliseerd_2006.0bf18c82-e002-40bf-a509-86b415fd0a6b"},"id":"WK093802"},{"arcs":[[-6208,-6216,6315,-6220,6316,-5174,-5181,-5349,-5351]],"type":"Polygon","properties":{"id":58112,"statcode":"WK094100","statnaam":"Wijk 00","jrstatcode":"2006WK094100","rubriek":"wijk","FID":"wijk_gegeneraliseerd_2006.af7aab01-fa91-4623-bb5b-54eb3e4882d5"},"id":"WK094100"},{"arcs":[[-1918,6317,6318,6319,-1980]],"type":"Polygon","properties":{"id":58113,"statcode":"WK094400","statnaam":"Wijk 00 Mook","jrstatcode":"2006WK094400","rubriek":"wijk","FID":"wijk_gegeneraliseerd_2006.7e80a027-80dc-4df5-9de5-6be7f00c8079"},"id":"WK094400"},{"arcs":[[6320,6321,-6318,-1917,-1922,-6117]],"type":"Polygon","properties":{"id":58114,"statcode":"WK094401","statnaam":"Wijk 01 Middelaar","jrstatcode":"2006WK094401","rubriek":"wijk","FID":"wijk_gegeneraliseerd_2006.6c83c283-669a-46ce-a934-a70de8118d87"},"id":"WK094401"},{"arcs":[[6322,6323,6324,-5860,-5858,6325,6326,6327,6328,6329,6330]],"type":"Polygon","properties":{"id":58115,"statcode":"WK094600","statnaam":"Wijk 00 Nederweert","jrstatcode":"2006WK094600","rubriek":"wijk","FID":"wijk_gegeneraliseerd_2006.731db237-4a49-419b-86d8-5166b2e242ef"},"id":"WK094600"},{"arcs":[[6331,6332,-6326,-5857]],"type":"Polygon","properties":{"id":58116,"statcode":"WK094601","statnaam":"Wijk 01 Budschop","jrstatcode":"2006WK094601","rubriek":"wijk","FID":"wijk_gegeneraliseerd_2006.54ddd2ea-3253-45bf-b78c-6486dbdfba2e"},"id":"WK094601"},{"arcs":[[-6332,-5856,-5175,-6317,-6219,6333]],"type":"Polygon","properties":{"id":58117,"statcode":"WK094602","statnaam":"Wijk 02 Ospel","jrstatcode":"2006WK094602","rubriek":"wijk","FID":"wijk_gegeneraliseerd_2006.e30ffd7a-11a5-4962-ad2c-b4ba060730b1"},"id":"WK094602"},{"arcs":[[-6218,6334,-6327,-6333,-6334]],"type":"Polygon","properties":{"id":58118,"statcode":"WK094603","statnaam":"Wijk 03 Nederweer-Eind","jrstatcode":"2006WK094603","rubriek":"wijk","FID":"wijk_gegeneraliseerd_2006.2ae24ddd-50f0-478a-84e0-ca5c3799115f"},"id":"WK094603"},{"arcs":[[-6233,6335,-6328,-6335,-6217,-6226,-6229]],"type":"Polygon","properties":{"id":58119,"statcode":"WK094604","statnaam":"Wijk 04 Leveroy","jrstatcode":"2006WK094604","rubriek":"wijk","FID":"wijk_gegeneraliseerd_2006.3dc041f8-07c9-496c-aa4e-25ca2b20a54e"},"id":"WK094604"},{"arcs":[[6336,6337,-6059,6338,-6146,-6144,-6153,6339]],"type":"Polygon","properties":{"id":58120,"statcode":"WK095100","statnaam":"Wijk 00 Nuth","jrstatcode":"2006WK095100","rubriek":"wijk","FID":"wijk_gegeneraliseerd_2006.fb1d9e2a-e673-476a-a6f4-d9a284afcefa"},"id":"WK095100"},{"arcs":[[-6340,-6152,-6186,6340,6341]],"type":"Polygon","properties":{"id":58121,"statcode":"WK095101","statnaam":"Wijk 01 Wijnandsrade","jrstatcode":"2006WK095101","rubriek":"wijk","FID":"wijk_gegeneraliseerd_2006.2f022929-003c-4b19-bbfd-8357c42306dd"},"id":"WK095101"},{"arcs":[[-6342,6342,6343,6344,6345,-6337]],"type":"Polygon","properties":{"id":58122,"statcode":"WK095102","statnaam":"Wijk 02 Hulsberg","jrstatcode":"2006WK095102","rubriek":"wijk","FID":"wijk_gegeneraliseerd_2006.993aef03-6fdb-4a9b-9d5c-fb7b88e3870c"},"id":"WK095102"},{"arcs":[[-6338,-6346,6346,-6308,-6312,-6062,-6060]],"type":"Polygon","properties":{"id":58123,"statcode":"WK095103","statnaam":"Wijk 03 Schimmert","jrstatcode":"2006WK095103","rubriek":"wijk","FID":"wijk_gegeneraliseerd_2006.4519a05b-808e-4bbe-a07d-2b58c2b15a15"},"id":"WK095103"},{"arcs":[[6347,6348,6349,6350,-6254,6351,6352,6353,-6127,-6134,6354,6355,6356]],"type":"Polygon","properties":{"id":58124,"statcode":"WK095700","statnaam":"Wijk 00 Centrum","jrstatcode":"2006WK095700","rubriek":"wijk","FID":"wijk_gegeneraliseerd_2006.5b44bcb2-7fee-4b4b-be2a-beb0ef293700"},"id":"WK095700"},{"arcs":[[6357,6358,-6357,6359]],"type":"Polygon","properties":{"id":58125,"statcode":"WK095701","statnaam":"Wijk 01 Roermond-Oost","jrstatcode":"2006WK095701","rubriek":"wijk","FID":"wijk_gegeneraliseerd_2006.4ab9a762-152b-45af-8870-0878814f9d6c"},"id":"WK095701"},{"arcs":[[6360,6361,6362,6363,-6348,-6359]],"type":"Polygon","properties":{"id":58126,"statcode":"WK095702","statnaam":"Wijk 02 Roermond-Zuid","jrstatcode":"2006WK095702","rubriek":"wijk","FID":"wijk_gegeneraliseerd_2006.3f010907-672e-4bf4-9834-dd1fcbdd28f1"},"id":"WK095702"},{"arcs":[[6364,6365,6366,6367,-6360,-6356]],"type":"Polygon","properties":{"id":58127,"statcode":"WK095703","statnaam":"Wijk 03 Maasniel","jrstatcode":"2006WK095703","rubriek":"wijk","FID":"wijk_gegeneraliseerd_2006.0c0cf31a-623a-44b2-92ae-71c94c6212fe"},"id":"WK095703"},{"arcs":[[6368,-6361,-6358,-6368,6369]],"type":"Polygon","properties":{"id":58128,"statcode":"WK095704","statnaam":"Wijk 04 Donderberg en Roosendael","jrstatcode":"2006WK095704","rubriek":"wijk","FID":"wijk_gegeneraliseerd_2006.a917b386-f7fa-4f31-8353-d2d30537b69a"},"id":"WK095704"},{"arcs":[[6370,-6370,-6367]],"type":"Polygon","properties":{"id":58129,"statcode":"WK095705","statnaam":"Wijk 05 Donderberg en Hoogvonderen","jrstatcode":"2006WK095705","rubriek":"wijk","FID":"wijk_gegeneraliseerd_2006.a56617b3-5d61-4bcf-b286-2b7022d5c313"},"id":"WK095705"},{"arcs":[[6371,6372,6373,-6362,-6369,-6371,-6366]],"type":"Polygon","properties":{"id":58130,"statcode":"WK095706","statnaam":"Wijk 06 Asenray","jrstatcode":"2006WK095706","rubriek":"wijk","FID":"wijk_gegeneraliseerd_2006.8a17c4bb-6f29-445f-8017-01f3fa8072f5"},"id":"WK095706"},{"arcs":[[6374,-6350]],"type":"Polygon","properties":{"id":58131,"statcode":"WK095707","statnaam":"Wijk 07 Herten","jrstatcode":"2006WK095707","rubriek":"wijk","FID":"wijk_gegeneraliseerd_2006.f6d84328-1323-4440-a1b9-c72fce23d27e"},"id":"WK095707"},{"arcs":[[6375,6376,-6147,-6339,-6058,6377]],"type":"Polygon","properties":{"id":58132,"statcode":"WK096200","statnaam":"Wijk 00","jrstatcode":"2006WK096200","rubriek":"wijk","FID":"wijk_gegeneraliseerd_2006.5a9dfab9-178e-4a91-9208-be2366919d75"},"id":"WK096200"},{"arcs":[[-6095,-6377,6378,6379,-6028]],"type":"Polygon","properties":{"id":58133,"statcode":"WK096201","statnaam":"Wijk 01 Amstenrade - Oirsbeek","jrstatcode":"2006WK096201","rubriek":"wijk","FID":"wijk_gegeneraliseerd_2006.831f8be3-c52c-4869-976e-113fda77e316"},"id":"WK096201"},{"arcs":[[-6209,-5353,6380,6381,6382,6383,-6262]],"type":"Polygon","properties":{"id":58134,"statcode":"WK096400","statnaam":"Wijk 00","jrstatcode":"2006WK096400","rubriek":"wijk","FID":"wijk_gegeneraliseerd_2006.fec98918-eb00-4c91-b567-48eeb64c38b6"},"id":"WK096400"},{"arcs":[[6384,6385,6386,-6190,-6201,-6206]],"type":"Polygon","properties":{"id":58135,"statcode":"WK096500","statnaam":"Wijk 00 Simpelveld","jrstatcode":"2006WK096500","rubriek":"wijk","FID":"wijk_gegeneraliseerd_2006.2544035a-644a-4c61-99c5-72d8d3dbe9c4"},"id":"WK096500"},{"arcs":[[6387,6388,6389,-6385,-6205]],"type":"Polygon","properties":{"id":58136,"statcode":"WK096501","statnaam":"Wijk 01 Bocholtz","jrstatcode":"2006WK096501","rubriek":"wijk","FID":"wijk_gegeneraliseerd_2006.c57f4855-e6d8-484f-b045-5d6ea77bf2e9"},"id":"WK096501"},{"arcs":[[6390,6391,6392,6393]],"type":"Polygon","properties":{"id":58137,"statcode":"WK097100","statnaam":"Wijk 00 Stein","jrstatcode":"2006WK097100","rubriek":"wijk","FID":"wijk_gegeneraliseerd_2006.6a494e78-1122-4907-9905-3eebbf642045"},"id":"WK097100"},{"arcs":[[6394,-6056,-6065,-6315,6395,-6391]],"type":"Polygon","properties":{"id":58138,"statcode":"WK097101","statnaam":"Wijk 01 Elsloo","jrstatcode":"2006WK097101","rubriek":"wijk","FID":"wijk_gegeneraliseerd_2006.755681ea-7699-4179-9dce-1b6acfbe7f18"},"id":"WK097101"},{"arcs":[[6396,-6393,6397,6398,6399]],"type":"Polygon","properties":{"id":58139,"statcode":"WK097102","statnaam":"Wijk 02 Urmond","jrstatcode":"2006WK097102","rubriek":"wijk","FID":"wijk_gegeneraliseerd_2006.f46c5a00-b2d5-4c8a-9ba3-d1b8c7cee73a"},"id":"WK097102"},{"arcs":[[-6355,-6140,6400,-6071,6401,-6372,-6365]],"type":"Polygon","properties":{"id":58140,"statcode":"WK097500","statnaam":"Wijk 00","jrstatcode":"2006WK097500","rubriek":"wijk","FID":"wijk_gegeneraliseerd_2006.fc0645bf-d5b0-4a79-8ae4-6af6c91a517d"},"id":"WK097500"},{"arcs":[[-6235,6402,6403,-6258,6404]],"type":"Polygon","properties":{"id":58141,"statcode":"WK097700","statnaam":"Wijk 00","jrstatcode":"2006WK097700","rubriek":"wijk","FID":"wijk_gegeneraliseerd_2006.6cc046ae-0a91-448d-b6a6-807698d968e4"},"id":"WK097700"},{"arcs":[[6405,6406,6407,6408,6409,6410]],"type":"Polygon","properties":{"id":58142,"statcode":"WK098100","statnaam":"Wijk 00 Vijlen-Lemiers","jrstatcode":"2006WK098100","rubriek":"wijk","FID":"wijk_gegeneraliseerd_2006.5958fdbe-cf68-4aa7-bd69-3a637c43156e"},"id":"WK098100"},{"arcs":[[6411,-6408]],"type":"Polygon","properties":{"id":58143,"statcode":"WK098101","statnaam":"Wijk 01 Vaals","jrstatcode":"2006WK098101","rubriek":"wijk","FID":"wijk_gegeneraliseerd_2006.ed0eac1c-9d73-435c-bfcd-cb6aa6a391ff"},"id":"WK098101"},{"arcs":[[6412,6413,-6263,-6384,6414,6415]],"type":"Polygon","properties":{"id":58144,"statcode":"WK098300","statnaam":"Wijk 00 Blerick-stad","jrstatcode":"2006WK098300","rubriek":"wijk","FID":"wijk_gegeneraliseerd_2006.ae77fd88-e62d-449b-8eb3-b328ea68878b"},"id":"WK098300"},{"arcs":[[6417,-6416,-6054,6418]],"type":"Polygon","properties":{"id":58145,"statcode":"WK098301","statnaam":"Wijk 01 Venlo-stad","jrstatcode":"2006WK098301","rubriek":"wijk","FID":"wijk_gegeneraliseerd_2006.50593bc2-e14c-4b8b-a9c6-2781c0ee3714"},"id":"WK098301"},{"arcs":[[6419,-6268,-6266,-6417,-6264,-6414]],"type":"Polygon","properties":{"id":58146,"statcode":"WK098302","statnaam":"Wijk 02 Blerick-randgebied","jrstatcode":"2006WK098302","rubriek":"wijk","FID":"wijk_gegeneraliseerd_2006.e149594f-5727-4860-b1ac-c26bc7323c42"},"id":"WK098302"},{"arcs":[[-6053,6420,6421,-6419]],"type":"Polygon","properties":{"id":58147,"statcode":"WK098303","statnaam":"Wijk 03 Venlo-randgebied","jrstatcode":"2006WK098303","rubriek":"wijk","FID":"wijk_gegeneraliseerd_2006.d00adb36-3d5b-490a-8b63-b6117dbe4900"},"id":"WK098303"},{"arcs":[[-6269,-6420,-6413,-6418,-6422,6422,6423]],"type":"Polygon","properties":{"id":58148,"statcode":"WK098304","statnaam":"Wijk 04 Tegelen","jrstatcode":"2006WK098304","rubriek":"wijk","FID":"wijk_gegeneraliseerd_2006.7bf3e3eb-43d4-40bd-9079-699284273c61"},"id":"WK098304"},{"arcs":[[6424,-6066,-6244,-6267,-6424]],"type":"Polygon","properties":{"id":58149,"statcode":"WK098305","statnaam":"Wijk 05 Geloo-Belfeld","jrstatcode":"2006WK098305","rubriek":"wijk","FID":"wijk_gegeneraliseerd_2006.7ab6ffa0-2608-4665-b579-0d59ea442243"},"id":"WK098305"},{"arcs":[[6425,6426,-5335,6427,6428,6429,-5270,6430,-5268,-5276,-5274,6431,6432,6433,6434]],"type":"Polygon","properties":{"id":58150,"statcode":"WK098400","statnaam":"Wijk 00 Overige kernen","jrstatcode":"2006WK098400","rubriek":"wijk","FID":"wijk_gegeneraliseerd_2006.cb9fdc4d-316f-4316-87d7-547020123e7d"},"id":"WK098400"},{"arcs":[[-5269,-6431]],"type":"Polygon","properties":{"id":58151,"statcode":"WK098401","statnaam":"Wijk 01 Venray","jrstatcode":"2006WK098401","rubriek":"wijk","FID":"wijk_gegeneraliseerd_2006.efa023ab-fa08-4417-92e8-559237f4e6ba"},"id":"WK098401"},{"arcs":[[-6387,6435,6436,6437,-6184,-6191]],"type":"Polygon","properties":{"id":58152,"statcode":"WK098600","statnaam":"Wijk 00 Voerendaal","jrstatcode":"2006WK098600","rubriek":"wijk","FID":"wijk_gegeneraliseerd_2006.382629c5-fd31-4976-88ce-9ae784eb42af"},"id":"WK098600"},{"arcs":[[-6343,-6341,-6185,-6438,6438,6439,6440]],"type":"Polygon","properties":{"id":58153,"statcode":"WK098601","statnaam":"Wijk 01 Klimmen","jrstatcode":"2006WK098601","rubriek":"wijk","FID":"wijk_gegeneraliseerd_2006.ef836678-f416-4b71-a426-e228fddbdf12"},"id":"WK098601"},{"arcs":[[6441,6442,6443,6444,6445,6446,6447,6448,-6323,6449]],"type":"Polygon","properties":{"id":58154,"statcode":"WK098801","statnaam":"Wijk 01 Boshoven","jrstatcode":"2006WK098801","rubriek":"wijk","FID":"wijk_gegeneraliseerd_2006.247208be-775a-489f-b40d-af9d37c7e407"},"id":"WK098801"},{"arcs":[[-6450,-6331,6450]],"type":"Polygon","properties":{"id":58155,"statcode":"WK098802","statnaam":"Wijk 02 Laar en Hushoven","jrstatcode":"2006WK098802","rubriek":"wijk","FID":"wijk_gegeneraliseerd_2006.7f71fdb7-bc87-478f-ad95-650d034fca22"},"id":"WK098802"},{"arcs":[[-6330,6451,6452,6453,-6442,-6451]],"type":"Polygon","properties":{"id":58156,"statcode":"WK098803","statnaam":"Wijk 03 Molenakker en Kampershoek","jrstatcode":"2006WK098803","rubriek":"wijk","FID":"wijk_gegeneraliseerd_2006.7d164dec-3d3c-4d4d-814a-dd69db2b23d4"},"id":"WK098803"},{"arcs":[[6454,6455,6456,6457,6458,6459,-6443,-6454]],"type":"Polygon","properties":{"id":58157,"statcode":"WK098811","statnaam":"Wijk 11 Weert-Centrum","jrstatcode":"2006WK098811","rubriek":"wijk","FID":"wijk_gegeneraliseerd_2006.f2766de1-58fe-4a34-b826-9ea274f5a9ee"},"id":"WK098811"},{"arcs":[[6460,-6455,-6453,6461]],"type":"Polygon","properties":{"id":58158,"statcode":"WK098812","statnaam":"Wijk 12 Biest","jrstatcode":"2006WK098812","rubriek":"wijk","FID":"wijk_gegeneraliseerd_2006.469c2131-7255-4406-83d7-11a4319a0358"},"id":"WK098812"},{"arcs":[[6462,-6456,-6461,6463]],"type":"Polygon","properties":{"id":58159,"statcode":"WK098813","statnaam":"Wijk 13 Groenewoud","jrstatcode":"2006WK098813","rubriek":"wijk","FID":"wijk_gegeneraliseerd_2006.b142e096-93a5-4bc2-bc32-86bb70d88322"},"id":"WK098813"},{"arcs":[[-6460,6464,6465,-6444]],"type":"Polygon","properties":{"id":58160,"statcode":"WK098814","statnaam":"Wijk 14 Fatima","jrstatcode":"2006WK098814","rubriek":"wijk","FID":"wijk_gegeneraliseerd_2006.3d0a3cb2-b246-43c0-84da-4d42352a287b"},"id":"WK098814"},{"arcs":[[6466,6467,6468,-6465,-6459,6469]],"type":"Polygon","properties":{"id":58161,"statcode":"WK098821","statnaam":"Wijk 21 Keent","jrstatcode":"2006WK098821","rubriek":"wijk","FID":"wijk_gegeneraliseerd_2006.cddda9e1-1414-4d9b-9cf6-93964927fc1e"},"id":"WK098821"},{"arcs":[[6470,6471,-6470,-6458,6472,6473]],"type":"Polygon","properties":{"id":58162,"statcode":"WK098822","statnaam":"Wijk 22 Moesel","jrstatcode":"2006WK098822","rubriek":"wijk","FID":"wijk_gegeneraliseerd_2006.1ac87c1d-93ed-4bc5-acda-54d842cae3d2"},"id":"WK098822"},{"arcs":[[-6463,-6473,-6457]],"type":"Polygon","properties":{"id":58163,"statcode":"WK098823","statnaam":"Wijk 23 Graswinkel","jrstatcode":"2006WK098823","rubriek":"wijk","FID":"wijk_gegeneraliseerd_2006.3a5dc0ba-1b23-420c-82fe-74733b4a9303"},"id":"WK098823"},{"arcs":[[-6462,-6452,-6329,6474,-6474,-6464]],"type":"Polygon","properties":{"id":58164,"statcode":"WK098824","statnaam":"Wijk 24 Leuken","jrstatcode":"2006WK098824","rubriek":"wijk","FID":"wijk_gegeneraliseerd_2006.2f32167b-8310-47ac-9f09-02028496fd93"},"id":"WK098824"},{"arcs":[[6475,-6445,-6466,-6469]],"type":"Polygon","properties":{"id":58165,"statcode":"WK098825","statnaam":"Wijk 25 Kazernelaan","jrstatcode":"2006WK098825","rubriek":"wijk","FID":"wijk_gegeneraliseerd_2006.e234a064-8646-4d4e-bfef-692d0a564ec2"},"id":"WK098825"},{"arcs":[[-6468,6476,6477,6478,-6446,-6476]],"type":"Polygon","properties":{"id":58166,"statcode":"WK098831","statnaam":"Wijk 31 Altweerderheide","jrstatcode":"2006WK098831","rubriek":"wijk","FID":"wijk_gegeneraliseerd_2006.a548eb29-2b2e-4854-b347-8ae3303afe30"},"id":"WK098831"},{"arcs":[[-6472,6479,-6231,6480,-6477,-6467]],"type":"Polygon","properties":{"id":58167,"statcode":"WK098832","statnaam":"Wijk 32 Tungelroy","jrstatcode":"2006WK098832","rubriek":"wijk","FID":"wijk_gegeneraliseerd_2006.b12bc042-d7e7-4941-90ca-f285eab5e013"},"id":"WK098832"},{"arcs":[[-6336,-6232,-6480,-6471,-6475]],"type":"Polygon","properties":{"id":58168,"statcode":"WK098833","statnaam":"Wijk 33 Swartbroek","jrstatcode":"2006WK098833","rubriek":"wijk","FID":"wijk_gegeneraliseerd_2006.1047e03f-4ef2-4cee-8218-1cf68201cd24"},"id":"WK098833"},{"arcs":[[-6230,6481,-6478,-6481]],"type":"Polygon","properties":{"id":58169,"statcode":"WK098834","statnaam":"Wijk 34 Stramproy","jrstatcode":"2006WK098834","rubriek":"wijk","FID":"wijk_gegeneraliseerd_2006.3366c340-6ada-4c00-8de2-a8b8293d4e04"},"id":"WK098834"},{"arcs":[[6482,-6432,-5273,-6085]],"type":"Polygon","properties":{"id":58170,"statcode":"WK099300","statnaam":"Wijk 00 Wanssum","jrstatcode":"2006WK099300","rubriek":"wijk","FID":"wijk_gegeneraliseerd_2006.e9e8ad55-6f02-49bc-9df5-cc0f00bb7e62"},"id":"WK099300"},{"arcs":[[-6088,6483,6484,6485,-6433,-6483,-6084]],"type":"Polygon","properties":{"id":58171,"statcode":"WK099301","statnaam":"Wijk 01 Meerlo","jrstatcode":"2006WK099301","rubriek":"wijk","FID":"wijk_gegeneraliseerd_2006.3eed2f26-1657-466b-814f-078d389dffe4"},"id":"WK099301"},{"arcs":[[6486,-6344,-6441,6487,6488,6489]],"type":"Polygon","properties":{"id":58172,"statcode":"WK099400","statnaam":"Wijk 00 Valkenburg","jrstatcode":"2006WK099400","rubriek":"wijk","FID":"wijk_gegeneraliseerd_2006.8269bc74-c104-4507-95ac-5e1d1e97a876"},"id":"WK099400"},{"arcs":[[-6309,-6347,-6345,-6487,6490]],"type":"Polygon","properties":{"id":58173,"statcode":"WK099401","statnaam":"Wijk 01 Houthem - Sint Gerlach","jrstatcode":"2006WK099401","rubriek":"wijk","FID":"wijk_gegeneraliseerd_2006.bca0b8a7-e3a6-4dd7-bff8-cd3774874c16"},"id":"WK099401"},{"arcs":[[6491,-6299,6492,-6488,-6440]],"type":"Polygon","properties":{"id":58174,"statcode":"WK099402","statnaam":"Wijk 02 Schin op Geul","jrstatcode":"2006WK099402","rubriek":"wijk","FID":"wijk_gegeneraliseerd_2006.ca2750ca-122f-42c1-b77f-4e21396ce37b"},"id":"WK099402"},{"arcs":[[-6298,6493,-6489,-6493]],"type":"Polygon","properties":{"id":58175,"statcode":"WK099403","statnaam":"Wijk 03 Sibbe","jrstatcode":"2006WK099403","rubriek":"wijk","FID":"wijk_gegeneraliseerd_2006.1182cc35-83ac-4588-942d-05a98e9ab10a"},"id":"WK099403"},{"arcs":[[-6490,-6494,-6297,-6301,-6287,-6310,-6491]],"type":"Polygon","properties":{"id":58176,"statcode":"WK099404","statnaam":"Wijk 04 Berg en Terblijt","jrstatcode":"2006WK099404","rubriek":"wijk","FID":"wijk_gegeneraliseerd_2006.d19337e4-9e87-47bb-bf4e-e6ccd55ffb1c"},"id":"WK099404"},{"arcs":[[6494,6495,6496]],"type":"Polygon","properties":{"id":58177,"statcode":"WK099510","statnaam":"Gebied 10","jrstatcode":"2006WK099510","rubriek":"wijk","FID":"wijk_gegeneraliseerd_2006.3690ce2f-a035-4e9b-924f-7b1b7e38bb0e"},"id":"WK099510"},{"arcs":[[6497,-6497,6498,6499,6500,6501]],"type":"Polygon","properties":{"id":58178,"statcode":"WK099511","statnaam":"Gebied 11","jrstatcode":"2006WK099511","rubriek":"wijk","FID":"wijk_gegeneraliseerd_2006.891735ca-f7b1-409c-8691-0f99d124aca8"},"id":"WK099511"},{"arcs":[[[-6496,6502,6503,6504,6505,6506,-6499]],[[6507]]],"type":"MultiPolygon","properties":{"id":58179,"statcode":"WK099522","statnaam":"Gebied 22","jrstatcode":"2006WK099522","rubriek":"wijk","FID":"wijk_gegeneraliseerd_2006.47716590-891e-4eae-810b-91a489a2335a"},"id":"WK099522"},{"arcs":[[6508,-6500,-6507,6509,-2213]],"type":"Polygon","properties":{"id":58180,"statcode":"WK099527","statnaam":"Gebied 27","jrstatcode":"2006WK099527","rubriek":"wijk","FID":"wijk_gegeneraliseerd_2006.96e0eea4-94ea-4f06-b2b0-ef1cb59cf754"},"id":"WK099527"},{"arcs":[[6510,6511,6512,6513,6514]],"type":"Polygon","properties":{"id":58181,"statcode":"WK099530","statnaam":"Gebied 30","jrstatcode":"2006WK099530","rubriek":"wijk","FID":"wijk_gegeneraliseerd_2006.15e2e3fd-a1ce-42c2-b8d9-6f2f8cded96c"},"id":"WK099530"},{"arcs":[[6515,-6513,6516,-6504]],"type":"Polygon","properties":{"id":58182,"statcode":"WK099532","statnaam":"Gebied 32","jrstatcode":"2006WK099532","rubriek":"wijk","FID":"wijk_gegeneraliseerd_2006.099b17a2-5f74-41b3-b7b1-472d3a2a7a1e"},"id":"WK099532"},{"arcs":[[-6512,6517,6518,6519,-6505,-6517]],"type":"Polygon","properties":{"id":58183,"statcode":"WK099533","statnaam":"Gebied 33","jrstatcode":"2006WK099533","rubriek":"wijk","FID":"wijk_gegeneraliseerd_2006.3afb05d2-6b25-4755-9eb1-8edb3c433844"},"id":"WK099533"},{"arcs":[[-6515,6520,-6502,6521,6522]],"type":"Polygon","properties":{"id":58184,"statcode":"WK099544","statnaam":"Gebied 44","jrstatcode":"2006WK099544","rubriek":"wijk","FID":"wijk_gegeneraliseerd_2006.0c19d343-6e80-4ba7-ac9b-44c47517274f"},"id":"WK099544"},{"arcs":[[-6498,-6521,-6514,-6516,-6503,-6495]],"type":"Polygon","properties":{"id":58185,"statcode":"WK099550","statnaam":"Gebied 50","jrstatcode":"2006WK099550","rubriek":"wijk","FID":"wijk_gegeneraliseerd_2006.4717147d-35c1-4723-8e7a-94ea187d3648"},"id":"WK099550"},{"arcs":[[6523,-6518,-6511,-6523]],"type":"Polygon","properties":{"id":58186,"statcode":"WK099565","statnaam":"Gebied 65","jrstatcode":"2006WK099565","rubriek":"wijk","FID":"wijk_gegeneraliseerd_2006.c99f62d0-f72e-46a1-84c4-d9d333e796ed"},"id":"WK099565"},{"arcs":[[-6509,-2215,-2208,-2212,-300,-205,6524,-6519,-6524,-6522,-6501]],"type":"Polygon","properties":{"id":58187,"statcode":"WK099577","statnaam":"Gebied 77","jrstatcode":"2006WK099577","rubriek":"wijk","FID":"wijk_gegeneraliseerd_2006.dbc13ba2-bab2-45c5-a83d-a398bf545e35"},"id":"WK099577"},{"arcs":[[6525,-6381,-5352,-6427]],"type":"Polygon","properties":{"id":58188,"statcode":"WK150700","statnaam":"Wijk 00 Griendtsveen","jrstatcode":"2006WK150700","rubriek":"wijk","FID":"wijk_gegeneraliseerd_2006.72100eef-5900-4e89-b827-011d012d4d64"},"id":"WK150700"},{"arcs":[[6526,6527,-6382,-6526,-6426]],"type":"Polygon","properties":{"id":58189,"statcode":"WK150701","statnaam":"Wijk 01 America","jrstatcode":"2006WK150701","rubriek":"wijk","FID":"wijk_gegeneraliseerd_2006.76a08b89-4778-4a03-8d49-768bd73e738e"},"id":"WK150701"},{"arcs":[[6528,6529,-6527,-6435]],"type":"Polygon","properties":{"id":58190,"statcode":"WK150702","statnaam":"Wijk 02 Meterik","jrstatcode":"2006WK150702","rubriek":"wijk","FID":"wijk_gegeneraliseerd_2006.9d300504-033d-441e-a022-2350d778c50f"},"id":"WK150702"},{"arcs":[[-6528,-6530,6530,6531,-6383]],"type":"Polygon","properties":{"id":58191,"statcode":"WK150703","statnaam":"Wijk 03 Hegelsom","jrstatcode":"2006WK150703","rubriek":"wijk","FID":"wijk_gegeneraliseerd_2006.c50d1c4f-f7c8-4102-ab5f-565d6a619e78"},"id":"WK150703"},{"arcs":[[6532,-6531,-6529,-6434,-6486,6533]],"type":"Polygon","properties":{"id":58192,"statcode":"WK150704","statnaam":"Wijk 04 Horst","jrstatcode":"2006WK150704","rubriek":"wijk","FID":"wijk_gegeneraliseerd_2006.43f4e5d6-dcd7-471c-a9da-c6916543bb0a"},"id":"WK150704"},{"arcs":[[6534,6535,6536,-6534,-6485]],"type":"Polygon","properties":{"id":58193,"statcode":"WK150705","statnaam":"Wijk 05 Melderslo","jrstatcode":"2006WK150705","rubriek":"wijk","FID":"wijk_gegeneraliseerd_2006.1aed7dd1-2f4d-4c0b-93e2-aeb0f4c0ffeb"},"id":"WK150705"},{"arcs":[[6537,-6535,-6484,-6087,-6047]],"type":"Polygon","properties":{"id":58194,"statcode":"WK150706","statnaam":"Wijk 06 Broekhuizen","jrstatcode":"2006WK150706","rubriek":"wijk","FID":"wijk_gegeneraliseerd_2006.38bf9cb4-6273-41be-b7f3-4e48e9f7e15b"},"id":"WK150706"},{"arcs":[[-6051,6538,-6536,-6538,-6046]],"type":"Polygon","properties":{"id":58195,"statcode":"WK150707","statnaam":"Wijk 07 Lttum","jrstatcode":"2006WK150707","rubriek":"wijk","FID":"wijk_gegeneraliseerd_2006.d37a105f-962d-470b-adb9-f4d56da819d9"},"id":"WK150707"},{"arcs":[[-6415,-6532,-6533,-6537,-6539,-6055]],"type":"Polygon","properties":{"id":58196,"statcode":"WK150708","statnaam":"Wijk 08 Grubbenvorst","jrstatcode":"2006WK150708","rubriek":"wijk","FID":"wijk_gegeneraliseerd_2006.d18e4c08-b071-4540-bd7f-8fd432f7a9e4"},"id":"WK150708"},{"arcs":[[6539,6540,6541]],"type":"Polygon","properties":{"id":58197,"statcode":"WK150900","statnaam":"Wijk 00 Ulft-Etten","jrstatcode":"2006WK150900","rubriek":"wijk","FID":"wijk_gegeneraliseerd_2006.989736ec-9f98-43e4-8fa2-f5f2522c2c8c"},"id":"WK150900"},{"arcs":[[6542,-6540,6543,6544,-1511,-1519,6545]],"type":"Polygon","properties":{"id":58198,"statcode":"WK150901","statnaam":"Wijk 01 Overig Gendringen","jrstatcode":"2006WK150901","rubriek":"wijk","FID":"wijk_gegeneraliseerd_2006.21dfba3d-e0a7-4141-8060-20fc115fa376"},"id":"WK150901"},{"arcs":[[-1764,-1780,6546,-6544,-6542,6547]],"type":"Polygon","properties":{"id":58199,"statcode":"WK150902","statnaam":"Wijk 02 Silvolde-Terborg","jrstatcode":"2006WK150902","rubriek":"wijk","FID":"wijk_gegeneraliseerd_2006.e8cf06f8-74bf-4470-8eba-7628a336215d"},"id":"WK150902"},{"arcs":[[-6547,-1779,-1761,6548,-1911,-1512,-6545]],"type":"Polygon","properties":{"id":58200,"statcode":"WK150903","statnaam":"Wijk 03 Varsseveld","jrstatcode":"2006WK150903","rubriek":"wijk","FID":"wijk_gegeneraliseerd_2006.29912ee2-67fa-469a-a2a3-b76053d6a324"},"id":"WK150903"},{"arcs":[[-4245,6549,-4179,6550]],"type":"Polygon","properties":{"id":58201,"statcode":"WK152500","statnaam":"Wijk 00 Sassenheim","jrstatcode":"2006WK152500","rubriek":"wijk","FID":"wijk_gegeneraliseerd_2006.b1755de8-d1e0-4a28-8bfa-555f51e6b184"},"id":"WK152500"},{"arcs":[[-4244,-4116,-4237,-4242,-4180,-6550]],"type":"Polygon","properties":{"id":58202,"statcode":"WK152501","statnaam":"Wijk 01 Voorhout","jrstatcode":"2006WK152501","rubriek":"wijk","FID":"wijk_gegeneraliseerd_2006.924bc6f8-283a-4f16-a784-953c1d7b3687"},"id":"WK152501"},{"arcs":[[-6551,-4178,-2923,-3434,-4177,-4165,-4243]],"type":"Polygon","properties":{"id":58203,"statcode":"WK152502","statnaam":"Wijk 02 Warmond","jrstatcode":"2006WK152502","rubriek":"wijk","FID":"wijk_gegeneraliseerd_2006.d9358139-68dd-494c-9f38-670e74fb0c53"},"id":"WK152502"},{"arcs":[[6551,6552,-2524,6553]],"type":"Polygon","properties":{"id":58204,"statcode":"WK158100","statnaam":"Wijk 00 Doorn","jrstatcode":"2006WK158100","rubriek":"wijk","FID":"wijk_gegeneraliseerd_2006.bb8f4e86-775e-4023-93cf-539d954ac41a"},"id":"WK158100"},{"arcs":[[-2527,-2523,-2375,-2372,-2540,-2544,-2543,6554,-6554]],"type":"Polygon","properties":{"id":58205,"statcode":"WK158101","statnaam":"Wijk 01 Driebergen-Rijssenburg","jrstatcode":"2006WK158101","rubriek":"wijk","FID":"wijk_gegeneraliseerd_2006.f538b8f7-bdb9-469f-94b1-5f8738356fd0"},"id":"WK158101"},{"arcs":[[-2515,6555,-2525,-6553,6556]],"type":"Polygon","properties":{"id":58206,"statcode":"WK158102","statnaam":"Wijk 02 Leersum","jrstatcode":"2006WK158102","rubriek":"wijk","FID":"wijk_gegeneraliseerd_2006.dc0e0c44-cfc6-4651-b200-bb094367d683"},"id":"WK158102"},{"arcs":[[-2514,-2463,-2513,-2470,-2468,-1730,-1735,-2519,-2526,-6556]],"type":"Polygon","properties":{"id":58207,"statcode":"WK158103","statnaam":"Wijk 03 Amerongen","jrstatcode":"2006WK158103","rubriek":"wijk","FID":"wijk_gegeneraliseerd_2006.f310630a-224a-4593-a168-c471fac302b1"},"id":"WK158103"},{"arcs":[[-6557,-6552,-6555,-2542,-2516]],"type":"Polygon","properties":{"id":58208,"statcode":"WK158104","statnaam":"Wijk 04 Maarn","jrstatcode":"2006WK158104","rubriek":"wijk","FID":"wijk_gegeneraliseerd_2006.35c54bc9-e380-420a-8cb6-63b793d935b5"},"id":"WK158104"},{"arcs":[[6557,6558,6559,6560]],"type":"Polygon","properties":{"id":58209,"statcode":"WK165100","statnaam":"Wijk 00","jrstatcode":"2006WK165100","rubriek":"wijk","FID":"wijk_gegeneraliseerd_2006.b3638578-682b-47cc-b0a6-4ea435578717"},"id":"WK165100"},{"arcs":[[-184,6561,-6560,6562,-55,-189]],"type":"Polygon","properties":{"id":58210,"statcode":"WK165101","statnaam":"Wijk 01","jrstatcode":"2006WK165101","rubriek":"wijk","FID":"wijk_gegeneraliseerd_2006.3d5aab16-7539-4271-974b-4d3da84f166c"},"id":"WK165101"},{"arcs":[[-16,6563,6564,-6561,-6562,-187,-188]],"type":"Polygon","properties":{"id":58211,"statcode":"WK165102","statnaam":"Wijk 02","jrstatcode":"2006WK165102","rubriek":"wijk","FID":"wijk_gegeneraliseerd_2006.e03eec50-956d-411e-b28a-cf5f09af8a6f"},"id":"WK165102"},{"arcs":[[-6558,-6565,6565,6566]],"type":"Polygon","properties":{"id":58212,"statcode":"WK165103","statnaam":"Wijk 03","jrstatcode":"2006WK165103","rubriek":"wijk","FID":"wijk_gegeneraliseerd_2006.2092418f-9488-4161-9afd-a67ff358a20d"},"id":"WK165103"},{"arcs":[[[-6566,-6564,-15,-347,6567,6568]],[[6569]]],"type":"MultiPolygon","properties":{"id":58213,"statcode":"WK165104","statnaam":"Wijk 04","jrstatcode":"2006WK165104","rubriek":"wijk","FID":"wijk_gegeneraliseerd_2006.acab8b23-a018-4d2f-be65-9e47480ebab9"},"id":"WK165104"},{"arcs":[[6570,6571,-5958,-5953,-5223,6572,6573,6574]],"type":"Polygon","properties":{"id":58214,"statcode":"WK165200","statnaam":"Wijk 00 Gemert","jrstatcode":"2006WK165200","rubriek":"wijk","FID":"wijk_gegeneraliseerd_2006.414587e4-4406-4b95-95b2-164cde9805f5"},"id":"WK165200"},{"arcs":[[-5222,-5231,6575,-6573]],"type":"Polygon","properties":{"id":58215,"statcode":"WK165201","statnaam":"Wijk 01 Handel","jrstatcode":"2006WK165201","rubriek":"wijk","FID":"wijk_gegeneraliseerd_2006.45f65072-8ef1-4e0a-b60f-b84bb4c38fcc"},"id":"WK165201"},{"arcs":[[-6575,6576,6577,6578]],"type":"Polygon","properties":{"id":58216,"statcode":"WK165202","statnaam":"Wijk 02 De Mortel","jrstatcode":"2006WK165202","rubriek":"wijk","FID":"wijk_gegeneraliseerd_2006.f1cd3eb4-8786-4bac-8382-b714eb24a1bf"},"id":"WK165202"},{"arcs":[[6579,6580,-6577,-6574,-6576,-5230,6581]],"type":"Polygon","properties":{"id":58217,"statcode":"WK165203","statnaam":"Wijk 03 Elsendorp","jrstatcode":"2006WK165203","rubriek":"wijk","FID":"wijk_gegeneraliseerd_2006.f013dd4b-7012-4904-adac-18fe01e61d14"},"id":"WK165203"},{"arcs":[[6582,-5341,-5552,-5554,6583,-6579,6584]],"type":"Polygon","properties":{"id":58218,"statcode":"WK165204","statnaam":"Wijk 04 Bakel","jrstatcode":"2006WK165204","rubriek":"wijk","FID":"wijk_gegeneraliseerd_2006.6b9d8389-2f35-49e6-850a-3dfd1ca8d7e8"},"id":"WK165204"},{"arcs":[[-6428,-5342,-6583,6585]],"type":"Polygon","properties":{"id":58219,"statcode":"WK165205","statnaam":"Wijk 05 Milheeze","jrstatcode":"2006WK165205","rubriek":"wijk","FID":"wijk_gegeneraliseerd_2006.439df097-c24c-4368-990b-486f634b3557"},"id":"WK165205"},{"arcs":[[6586,-6429,-6586,-6585,-6578,-6581,6587]],"type":"Polygon","properties":{"id":58220,"statcode":"WK165206","statnaam":"Wijk 06 De Rips","jrstatcode":"2006WK165206","rubriek":"wijk","FID":"wijk_gegeneraliseerd_2006.755d149b-2bbb-4453-b5df-5c5aaa8d6db4"},"id":"WK165206"},{"arcs":[[6588,6589,6590,6591,6592,-5870,-5881,6593]],"type":"Polygon","properties":{"id":58221,"statcode":"WK165501","statnaam":"Wijk 01 Oud Gastel","jrstatcode":"2006WK165501","rubriek":"wijk","FID":"wijk_gegeneraliseerd_2006.9371a8b7-2c04-4702-8503-21750019780c"},"id":"WK165501"},{"arcs":[[-5880,6594,-6594]],"type":"Polygon","properties":{"id":58222,"statcode":"WK165502","statnaam":"Wijk 02 Stampersgat","jrstatcode":"2006WK165502","rubriek":"wijk","FID":"wijk_gegeneraliseerd_2006.b3bbb5e5-2750-49d8-8d9a-f50bf0381544"},"id":"WK165502"},{"arcs":[[6595,-5810,6596,6597,-6591,6598,6599]],"type":"Polygon","properties":{"id":58223,"statcode":"WK165503","statnaam":"Wijk 03 Oudenbosch","jrstatcode":"2006WK165503","rubriek":"wijk","FID":"wijk_gegeneraliseerd_2006.da602614-566f-4c40-9010-6f0b942eba5f"},"id":"WK165503"},{"arcs":[[-5432,-5797,6600,-6600,6601,6602,6603,-5442]],"type":"Polygon","properties":{"id":58224,"statcode":"WK165504","statnaam":"Wijk 04 Hoeven","jrstatcode":"2006WK165504","rubriek":"wijk","FID":"wijk_gegeneraliseerd_2006.de433265-195d-4a54-a9e6-a9a47c4e2eef"},"id":"WK165504"},{"arcs":[[-5806,-6596,-6601,-5796,-5794]],"type":"Polygon","properties":{"id":58225,"statcode":"WK165505","statnaam":"Wijk 05 Bosschenhoofd","jrstatcode":"2006WK165505","rubriek":"wijk","FID":"wijk_gegeneraliseerd_2006.f283a7da-e851-4c4d-ae3e-c09fb396f2cb"},"id":"WK165505"},{"arcs":[[-5853,6604,6605,-5928,-5969,-5404,6606,6607]],"type":"Polygon","properties":{"id":58226,"statcode":"WK165800","statnaam":"Wijk 00 Heeze","jrstatcode":"2006WK165800","rubriek":"wijk","FID":"wijk_gegeneraliseerd_2006.f3374bdc-4cfe-43eb-94ba-47c73a9118a2"},"id":"WK165800"},{"arcs":[[6608,6609,6610,6611,6612,6613,6614,-5939,-5929,-6606]],"type":"Polygon","properties":{"id":58227,"statcode":"WK165801","statnaam":"Wijk 01 Leende","jrstatcode":"2006WK165801","rubriek":"wijk","FID":"wijk_gegeneraliseerd_2006.bd67bb92-dab6-4e79-ae05-11521d1c0d45"},"id":"WK165801"},{"arcs":[[6615,-6612]],"type":"Polygon","properties":{"id":58228,"statcode":"WK165802","statnaam":"Wijk 02 Leenderstrijp","jrstatcode":"2006WK165802","rubriek":"wijk","FID":"wijk_gegeneraliseerd_2006.111f7094-2ba0-4939-b3ed-b5684ff03acb"},"id":"WK165802"},{"arcs":[[-5862,6616,-6609,-6605]],"type":"Polygon","properties":{"id":58229,"statcode":"WK165803","statnaam":"Wijk 03 Sterksel","jrstatcode":"2006WK165803","rubriek":"wijk","FID":"wijk_gegeneraliseerd_2006.0dbe143c-4ce0-408f-b095-ab83d8011126"},"id":"WK165803"},{"arcs":[[6617,6618,-5959,-6572,6619]],"type":"Polygon","properties":{"id":58230,"statcode":"WK165900","statnaam":"Wijk 00 Beek en Donk","jrstatcode":"2006WK165900","rubriek":"wijk","FID":"wijk_gegeneraliseerd_2006.e959dfad-7eaa-4300-8229-709a03816878"},"id":"WK165900"},{"arcs":[[-5545,-5550,6620,-6620,-6571,-6584,-5553,-5531]],"type":"Polygon","properties":{"id":58231,"statcode":"WK165901","statnaam":"Wijk 01 Aarle-Rixtel","jrstatcode":"2006WK165901","rubriek":"wijk","FID":"wijk_gegeneraliseerd_2006.7984ed3b-e3b3-4e29-8d0d-4aec319615c9"},"id":"WK165901"},{"arcs":[[-5549,-5680,6621,-6618,-6621]],"type":"Polygon","properties":{"id":58232,"statcode":"WK165902","statnaam":"Wijk 02 Lieshout","jrstatcode":"2006WK165902","rubriek":"wijk","FID":"wijk_gegeneraliseerd_2006.9331df55-a3dd-4c7c-b998-86a8f7d208a4"},"id":"WK165902"},{"arcs":[[-5960,-6619,-6622,-5679,-5844,-5951,-5957]],"type":"Polygon","properties":{"id":58233,"statcode":"WK165903","statnaam":"Wijk 03 Mariahout","jrstatcode":"2006WK165903","rubriek":"wijk","FID":"wijk_gegeneraliseerd_2006.3eb97ef3-d8f2-4be9-9163-a53aa780fa6f"},"id":"WK165903"},{"arcs":[[-335,-253,-254,-48,6622,6623,6624]],"type":"Polygon","properties":{"id":58234,"statcode":"WK166101","statnaam":"Wijk 01 Finsterwolde","jrstatcode":"2006WK166101","rubriek":"wijk","FID":"wijk_gegeneraliseerd_2006.0769d9b6-69ca-4c37-9e93-957d77635934"},"id":"WK166101"},{"arcs":[[6625,6626,-6624,6627]],"type":"Polygon","properties":{"id":58235,"statcode":"WK166102","statnaam":"Wijk 02 Drieborg","jrstatcode":"2006WK166102","rubriek":"wijk","FID":"wijk_gegeneraliseerd_2006.d9f78604-601d-4131-ab3f-ae3b1ad1975b"},"id":"WK166102"},{"arcs":[[-6627,6628,6629,-21,-28,-336,-6625],[6630]],"type":"Polygon","properties":{"id":58236,"statcode":"WK166103","statnaam":"Wijk 03 Beerta","jrstatcode":"2006WK166103","rubriek":"wijk","FID":"wijk_gegeneraliseerd_2006.4ffa3609-35d1-4c74-b47f-a3f8cd771945"},"id":"WK166103"},{"arcs":[[-6631]],"type":"Polygon","properties":{"id":58237,"statcode":"WK166104","statnaam":"Wijk 04 Nieuw-Beerta","jrstatcode":"2006WK166104","rubriek":"wijk","FID":"wijk_gegeneraliseerd_2006.517fd570-df28-4edf-b5e3-be6722728cb7"},"id":"WK166104"},{"arcs":[[-6629,-6626,6631]],"type":"Polygon","properties":{"id":58238,"statcode":"WK166105","statnaam":"Wijk 05 Nieuweschans","jrstatcode":"2006WK166105","rubriek":"wijk","FID":"wijk_gegeneraliseerd_2006.1eb440a3-d59c-4bac-908c-714f5ebf3b89"},"id":"WK166105"},{"arcs":[[6632,6633,6634,6635,-381]],"type":"Polygon","properties":{"id":58239,"statcode":"WK166300","statnaam":"Wijk 00","jrstatcode":"2006WK166300","rubriek":"wijk","FID":"wijk_gegeneraliseerd_2006.aa173571-9a4f-4ad1-81e3-23ab9b5e190d"},"id":"WK166300"},{"arcs":[[6636,-341,-346,-382,-6636,6637]],"type":"Polygon","properties":{"id":58240,"statcode":"WK166301","statnaam":"Wijk 01","jrstatcode":"2006WK166301","rubriek":"wijk","FID":"wijk_gegeneraliseerd_2006.1c348740-e6ee-425e-a4a5-b8c3518d5ec1"},"id":"WK166301"},{"arcs":[[-342,-6637,6638,6639,-6568,-348]],"type":"Polygon","properties":{"id":58241,"statcode":"WK166302","statnaam":"Wijk 02","jrstatcode":"2006WK166302","rubriek":"wijk","FID":"wijk_gegeneraliseerd_2006.8a72553d-9a9d-461b-b789-17cb6b398130"},"id":"WK166302"},{"arcs":[[-6639,-6638,-6635,6640]],"type":"Polygon","properties":{"id":58242,"statcode":"WK166303","statnaam":"Wijk 03","jrstatcode":"2006WK166303","rubriek":"wijk","FID":"wijk_gegeneraliseerd_2006.daf45ed0-cdc8-4981-a627-2941144a3933"},"id":"WK166303"},{"arcs":[[-3585,6641,-4515,6642]],"type":"Polygon","properties":{"id":58243,"statcode":"WK166600","statnaam":"Wijk 00 Moerkapelle","jrstatcode":"2006WK166600","rubriek":"wijk","FID":"wijk_gegeneraliseerd_2006.ca9f4d19-bb49-418b-b12c-3f9d0ea62a7b"},"id":"WK166600"},{"arcs":[[-3566,-3586,-6643,-4514,-4207,-4210,-4360]],"type":"Polygon","properties":{"id":58244,"statcode":"WK166601","statnaam":"Wijk 01 Zevenhuizen","jrstatcode":"2006WK166601","rubriek":"wijk","FID":"wijk_gegeneraliseerd_2006.4924f80a-277a-40b5-8bbd-b2eda897d063"},"id":"WK166601"},{"arcs":[[6643,6644,6645,6646]],"type":"Polygon","properties":{"id":58245,"statcode":"WK166700","statnaam":"Wijk 00 Reusel","jrstatcode":"2006WK166700","rubriek":"wijk","FID":"wijk_gegeneraliseerd_2006.66f3dff7-43fc-44f6-8a59-6700981ee295"},"id":"WK166700"},{"arcs":[[6647,-6644,6648,6649]],"type":"Polygon","properties":{"id":58246,"statcode":"WK166701","statnaam":"Wijk 01 Hooge Mierde","jrstatcode":"2006WK166701","rubriek":"wijk","FID":"wijk_gegeneraliseerd_2006.06d01723-0112-4aa4-8636-7f09191e37d2"},"id":"WK166701"},{"arcs":[[6650,-5625,-5633,6651,6652,-6650]],"type":"Polygon","properties":{"id":58247,"statcode":"WK166702","statnaam":"Wijk 02 Lage Mierde","jrstatcode":"2006WK166702","rubriek":"wijk","FID":"wijk_gegeneraliseerd_2006.70b88089-45c2-4b95-a2cf-0ab3295cdbbf"},"id":"WK166702"},{"arcs":[[6653,-6645,-6648,-6653,6654]],"type":"Polygon","properties":{"id":58248,"statcode":"WK166703","statnaam":"Wijk 03 Hulsel","jrstatcode":"2006WK166703","rubriek":"wijk","FID":"wijk_gegeneraliseerd_2006.df7a503d-a740-4e25-a072-02cf1936032b"},"id":"WK166703"},{"arcs":[[-6363,-6374,6655,6656,6657]],"type":"Polygon","properties":{"id":58249,"statcode":"WK166900","statnaam":"Wijk 00 Melick en Herkenbosch","jrstatcode":"2006WK166900","rubriek":"wijk","FID":"wijk_gegeneraliseerd_2006.0941c66d-68d7-4f6e-b0cc-39c595efa7fa"},"id":"WK166900"},{"arcs":[[6658,-6657,6659]],"type":"Polygon","properties":{"id":58250,"statcode":"WK166901","statnaam":"Wijk 01 Vlodrop","jrstatcode":"2006WK166901","rubriek":"wijk","FID":"wijk_gegeneraliseerd_2006.496941f8-2509-47fe-9860-0d76cbb50cd9"},"id":"WK166901"},{"arcs":[[-6137,-6221,-6316,-6215,6660]],"type":"Polygon","properties":{"id":58251,"statcode":"WK167000","statnaam":"Wijk 00 Roggel","jrstatcode":"2006WK167000","rubriek":"wijk","FID":"wijk_gegeneraliseerd_2006.98134637-4d29-4699-92e7-c8f3411c8f1c"},"id":"WK167000"},{"arcs":[[-6139,-6130,-6661,-6214,-6245,-6072,-6401]],"type":"Polygon","properties":{"id":58252,"statcode":"WK167001","statnaam":"Wijk 01 Neer","jrstatcode":"2006WK167001","rubriek":"wijk","FID":"wijk_gegeneraliseerd_2006.f8cc1303-6227-4b84-b77a-09a745ade2ba"},"id":"WK167001"},{"arcs":[[6661,6662,-5584,-5645,-5637,-5643,-5764,-5760,-5769,6663]],"type":"Polygon","properties":{"id":58253,"statcode":"WK167100","statnaam":"Wijk 00 Geffen","jrstatcode":"2006WK167100","rubriek":"wijk","FID":"wijk_gegeneraliseerd_2006.30b68068-c028-4a70-aa93-85b5ced72f78"},"id":"WK167100"},{"arcs":[[6664,-5577,-5585,-6663]],"type":"Polygon","properties":{"id":58254,"statcode":"WK167101","statnaam":"Wijk 01 Nuland","jrstatcode":"2006WK167101","rubriek":"wijk","FID":"wijk_gegeneraliseerd_2006.b519720f-ea22-4449-8335-682973ddc6a7"},"id":"WK167101"},{"arcs":[[6665,6666,6667,-5835,-5833,-5578,-6665,-6662]],"type":"Polygon","properties":{"id":58255,"statcode":"WK167102","statnaam":"Wijk 02 Vinkel","jrstatcode":"2006WK167102","rubriek":"wijk","FID":"wijk_gegeneraliseerd_2006.6e9d0445-7114-4917-88e8-e08012b1b6b7"},"id":"WK167102"},{"arcs":[[-4562,6668,-3464,-3624,-4517,6669]],"type":"Polygon","properties":{"id":58256,"statcode":"WK167201","statnaam":"Wijk 01 Hazerswoude-Dorp","jrstatcode":"2006WK167201","rubriek":"wijk","FID":"wijk_gegeneraliseerd_2006.5dcbd014-0e52-4a12-b58a-a48b3efd8731"},"id":"WK167201"},{"arcs":[[-3462,-3465,-6669,-4565,-4174,6670,-3446]],"type":"Polygon","properties":{"id":58257,"statcode":"WK167202","statnaam":"Wijk 02 Hazerswoude-De Rijndijk","jrstatcode":"2006WK167202","rubriek":"wijk","FID":"wijk_gegeneraliseerd_2006.e41e2add-06e6-4125-b680-647201351e84"},"id":"WK167202"},{"arcs":[[-4173,-4587,-3435,-3447,-6671]],"type":"Polygon","properties":{"id":58258,"statcode":"WK167203","statnaam":"Wijk 03 Koudekerk aan den Rijn","jrstatcode":"2006WK167203","rubriek":"wijk","FID":"wijk_gegeneraliseerd_2006.5c587a3c-ccc7-467a-b0c7-48236d792dde"},"id":"WK167203"},{"arcs":[[-4516,-6642,-3590,-4551,-4546,-4560,-4563,-6670]],"type":"Polygon","properties":{"id":58259,"statcode":"WK167204","statnaam":"Wijk 04 Benthuizen","jrstatcode":"2006WK167204","rubriek":"wijk","FID":"wijk_gegeneraliseerd_2006.31f88ba1-87eb-4904-b47f-39739045655e"},"id":"WK167204"},{"arcs":[[-3416,-3286,-5114,6671]],"type":"Polygon","properties":{"id":58260,"statcode":"WK167300","statnaam":"Wijk 00 Nieuwveen","jrstatcode":"2006WK167300","rubriek":"wijk","FID":"wijk_gegeneraliseerd_2006.bda29146-2e33-47dc-a493-6f90b97e761c"},"id":"WK167300"},{"arcs":[[-5119,-4228,-3417,-6672,-5113]],"type":"Polygon","properties":{"id":58261,"statcode":"WK167301","statnaam":"Wijk 01 Zevenhoven","jrstatcode":"2006WK167301","rubriek":"wijk","FID":"wijk_gegeneraliseerd_2006.1d4145d6-2ae5-49d4-b8ac-1fa3a9e2120a"},"id":"WK167301"},{"arcs":[[6672,6673,6674,6675,6676]],"type":"Polygon","properties":{"id":58262,"statcode":"WK167400","statnaam":"Wijk 00 Centrum","jrstatcode":"2006WK167400","rubriek":"wijk","FID":"wijk_gegeneraliseerd_2006.f26fd9df-c96a-4864-8e42-8dd53b45fc87"},"id":"WK167400"},{"arcs":[[6677,6678,6679,6680,-6674]],"type":"Polygon","properties":{"id":58263,"statcode":"WK167401","statnaam":"Wijk 01 Oost","jrstatcode":"2006WK167401","rubriek":"wijk","FID":"wijk_gegeneraliseerd_2006.6a193651-25c0-44dc-89f8-5eba0dacfc12"},"id":"WK167401"},{"arcs":[[-6673,6681,-6597,-5809,6682,-6678]],"type":"Polygon","properties":{"id":58264,"statcode":"WK167402","statnaam":"Wijk 02 Noord","jrstatcode":"2006WK167402","rubriek":"wijk","FID":"wijk_gegeneraliseerd_2006.ed506117-34ae-4c8e-a46c-9748016438d9"},"id":"WK167402"},{"arcs":[[-6676,6683,6684,-5871,-6593,6685]],"type":"Polygon","properties":{"id":58265,"statcode":"WK167403","statnaam":"Wijk 03 West","jrstatcode":"2006WK167403","rubriek":"wijk","FID":"wijk_gegeneraliseerd_2006.0184f747-0c1c-45a0-96b6-5b85858a1726"},"id":"WK167403"},{"arcs":[[6686,6687,6688,6689,6690,-6675]],"type":"Polygon","properties":{"id":58266,"statcode":"WK167404","statnaam":"Wijk 04 Groot Kroeven","jrstatcode":"2006WK167404","rubriek":"wijk","FID":"wijk_gegeneraliseerd_2006.2e2eb5a2-83b1-4b5e-b3f2-35a2b4f3aa62"},"id":"WK167404"},{"arcs":[[6691,-5791,-5805,6692,-6687,-6681]],"type":"Polygon","properties":{"id":58267,"statcode":"WK167405","statnaam":"Wijk 05 Langdonk","jrstatcode":"2006WK167405","rubriek":"wijk","FID":"wijk_gegeneraliseerd_2006.58763030-d758-4d49-8d44-a3f40084e432"},"id":"WK167405"},{"arcs":[[6693,-5807,-5792,-6692,-6680]],"type":"Polygon","properties":{"id":58268,"statcode":"WK167406","statnaam":"Wijk 06 Kortendijk","jrstatcode":"2006WK167406","rubriek":"wijk","FID":"wijk_gegeneraliseerd_2006.6bf23552-2efa-4a35-a1dd-da2b6c790e03"},"id":"WK167406"},{"arcs":[[-6691,6694,-6689,6695,6696,6697,-6684]],"type":"Polygon","properties":{"id":58269,"statcode":"WK167407","statnaam":"Wijk 07 Tolberg","jrstatcode":"2006WK167407","rubriek":"wijk","FID":"wijk_gegeneraliseerd_2006.3f6f9b2b-a845-4b37-99ab-1b81932a1fff"},"id":"WK167407"},{"arcs":[[[-6592,-6598,-6682,-6677,-6686]],[[-5808,-6694,-6679,-6683]]],"type":"MultiPolygon","properties":{"id":58270,"statcode":"WK167408","statnaam":"Wijk 08 Industriegebieden","jrstatcode":"2006WK167408","rubriek":"wijk","FID":"wijk_gegeneraliseerd_2006.6c6db91f-fc28-4b65-a217-3e72021584f7"},"id":"WK167408"},{"arcs":[[-5804,6698,6699,-6696,-6688,-6693]],"type":"Polygon","properties":{"id":58271,"statcode":"WK167410","statnaam":"Wijk 10 Nispen","jrstatcode":"2006WK167410","rubriek":"wijk","FID":"wijk_gegeneraliseerd_2006.931ac431-fb1f-4687-a966-a4679b33d6f0"},"id":"WK167410"},{"arcs":[[-6698,6700,6701,-5872,-6685]],"type":"Polygon","properties":{"id":58272,"statcode":"WK167411","statnaam":"Wijk 11 Wouw","jrstatcode":"2006WK167411","rubriek":"wijk","FID":"wijk_gegeneraliseerd_2006.c639e94a-f979-455c-b991-22ca8e4450ba"},"id":"WK167411"},{"arcs":[[-6702,6702,-5205,6703,-5873]],"type":"Polygon","properties":{"id":58273,"statcode":"WK167412","statnaam":"Wijk 12 Heerle","jrstatcode":"2006WK167412","rubriek":"wijk","FID":"wijk_gegeneraliseerd_2006.97821a80-4d14-44b8-bd50-759940005ff0"},"id":"WK167412"},{"arcs":[[-5874,-6704,-5204,-5213,-5865]],"type":"Polygon","properties":{"id":58274,"statcode":"WK167413","statnaam":"Wijk 13 Moerstraten","jrstatcode":"2006WK167413","rubriek":"wijk","FID":"wijk_gegeneraliseerd_2006.2ed82ddc-1df7-42e2-a848-ad696fecdee6"},"id":"WK167413"},{"arcs":[[-6697,-6700,6704,-6001,-5206,-6703,-6701]],"type":"Polygon","properties":{"id":58275,"statcode":"WK167414","statnaam":"Wijk 14 Wouwse Plantage","jrstatcode":"2006WK167414","rubriek":"wijk","FID":"wijk_gegeneraliseerd_2006.0dfd4ce5-f29f-4bb7-9c11-4cdb5850a399"},"id":"WK167414"},{"arcs":[[6705,6706,6707,6708,6709,6710]],"type":"Polygon","properties":{"id":58276,"statcode":"WK167600","statnaam":"Wijk 00 Zierikzee","jrstatcode":"2006WK167600","rubriek":"wijk","FID":"wijk_gegeneraliseerd_2006.dfc83fae-65b7-4c4a-983c-063c4c0a0ebe"},"id":"WK167600"},{"arcs":[[6711,6712,6713,6714]],"type":"Polygon","properties":{"id":58277,"statcode":"WK167601","statnaam":"Wijk 01 Brouwershaven","jrstatcode":"2006WK167601","rubriek":"wijk","FID":"wijk_gegeneraliseerd_2006.e7e82ccf-2137-473a-994f-c5ffed8a47d4"},"id":"WK167601"},{"arcs":[[6715,6716,6717,-6712,6718]],"type":"Polygon","properties":{"id":58278,"statcode":"WK167602","statnaam":"Wijk 02 Zonnemaire","jrstatcode":"2006WK167602","rubriek":"wijk","FID":"wijk_gegeneraliseerd_2006.2413b8ae-251b-4d4d-af8e-4e53d70401e9"},"id":"WK167602"},{"arcs":[[6719,6720,6721,-6708,6722,-6716]],"type":"Polygon","properties":{"id":58279,"statcode":"WK167603","statnaam":"Wijk 03 Dreischor","jrstatcode":"2006WK167603","rubriek":"wijk","FID":"wijk_gegeneraliseerd_2006.955c1d92-5c83-4630-b132-7510f5f687b5"},"id":"WK167603"},{"arcs":[[6723,-6717,-6723,-6707]],"type":"Polygon","properties":{"id":58280,"statcode":"WK167604","statnaam":"Wijk 04 Noordgouwe","jrstatcode":"2006WK167604","rubriek":"wijk","FID":"wijk_gegeneraliseerd_2006.e496bdea-5ef0-4d15-a87c-3e907ecbff4e"},"id":"WK167604"},{"arcs":[[[6724,6725]],[[6726,-5045]]],"type":"MultiPolygon","properties":{"id":58281,"statcode":"WK167605","statnaam":"Wijk 05 Bruinisse","jrstatcode":"2006WK167605","rubriek":"wijk","FID":"wijk_gegeneraliseerd_2006.d3803741-4c8f-4475-a498-794b197cc2e4"},"id":"WK167605"},{"arcs":[[6727,6728,-6709,-6722]],"type":"Polygon","properties":{"id":58282,"statcode":"WK167606","statnaam":"Wijk 06 Nieuwerkerk","jrstatcode":"2006WK167606","rubriek":"wijk","FID":"wijk_gegeneraliseerd_2006.cad3cd31-c1e6-4716-b9a7-e26982e22565"},"id":"WK167606"},{"arcs":[[-6725,6729,6730,-6728,-6721,6731]],"type":"Polygon","properties":{"id":58283,"statcode":"WK167607","statnaam":"Wijk 07 Oosterland","jrstatcode":"2006WK167607","rubriek":"wijk","FID":"wijk_gegeneraliseerd_2006.5b64e422-62dd-43d1-a2b9-75ed580a2df1"},"id":"WK167607"},{"arcs":[[-6731,6732,-6710,-6729]],"type":"Polygon","properties":{"id":58284,"statcode":"WK167608","statnaam":"Wijk 08 Ouwerkerk","jrstatcode":"2006WK167608","rubriek":"wijk","FID":"wijk_gegeneraliseerd_2006.622f0c37-a255-4295-87a8-78f31fd0ea1f"},"id":"WK167608"},{"arcs":[[-3790,6733,-6714,6734,6735,6736,6737]],"type":"Polygon","properties":{"id":58285,"statcode":"WK167609","statnaam":"Wijk 09 Scharendijke","jrstatcode":"2006WK167609","rubriek":"wijk","FID":"wijk_gegeneraliseerd_2006.fc074e26-51bb-4c07-befd-af5403afa64c"},"id":"WK167609"},{"arcs":[[-6718,-6724,-6706,6738,6739,6740,-6735,-6713]],"type":"Polygon","properties":{"id":58286,"statcode":"WK167610","statnaam":"Wijk 10 Kerkwerve","jrstatcode":"2006WK167610","rubriek":"wijk","FID":"wijk_gegeneraliseerd_2006.b2ce027f-4d50-4fe0-923d-79900fabc77e"},"id":"WK167610"},{"arcs":[[-6741,6741,6742,-6736]],"type":"Polygon","properties":{"id":58287,"statcode":"WK167611","statnaam":"Wijk 11 Ellemeet","jrstatcode":"2006WK167611","rubriek":"wijk","FID":"wijk_gegeneraliseerd_2006.5834bc92-c24d-4ae0-9bc4-7e07f09551f6"},"id":"WK167611"},{"arcs":[[6743,6744,6745,6746,-5057,6747]],"type":"Polygon","properties":{"id":58288,"statcode":"WK167612","statnaam":"Wijk 12 Haamstede","jrstatcode":"2006WK167612","rubriek":"wijk","FID":"wijk_gegeneraliseerd_2006.2009b0a1-5c11-47ba-8613-e12297bd6c37"},"id":"WK167612"},{"arcs":[[6748,-6744,6749]],"type":"Polygon","properties":{"id":58289,"statcode":"WK167613","statnaam":"Wijk 13 Renesse","jrstatcode":"2006WK167613","rubriek":"wijk","FID":"wijk_gegeneraliseerd_2006.b152a544-c941-4f65-adf1-1175cd2cac17"},"id":"WK167613"},{"arcs":[[6750,-6737,-6743,6751,-6745,-6749]],"type":"Polygon","properties":{"id":58290,"statcode":"WK167614","statnaam":"Wijk 14 Noordwelle","jrstatcode":"2006WK167614","rubriek":"wijk","FID":"wijk_gegeneraliseerd_2006.c826e3d2-13bd-4764-a4ba-44be5bfde253"},"id":"WK167614"},{"arcs":[[-6742,-6740,6752,-6746,-6752]],"type":"Polygon","properties":{"id":58291,"statcode":"WK167615","statnaam":"Wijk 15 Serooskerke","jrstatcode":"2006WK167615","rubriek":"wijk","FID":"wijk_gegeneraliseerd_2006.bebb9eb2-7c47-484d-8298-a38345e17b23"},"id":"WK167615"},{"arcs":[[6753,-6247,-6252,-6351,-6375,-6349,-6364,-6658,-6659,6754,6755]],"type":"Polygon","properties":{"id":58292,"statcode":"WK167900","statnaam":"Wijk 00 Posterholt","jrstatcode":"2006WK167900","rubriek":"wijk","FID":"wijk_gegeneraliseerd_2006.82b487b7-7bf1-49e3-8a6b-8a816dc70e0e"},"id":"WK167900"},{"arcs":[[6756,6757,6758,6759,6760,6761,6762,6763,6764]],"type":"Polygon","properties":{"id":58293,"statcode":"WK168000","statnaam":"Wijk 00 Annen","jrstatcode":"2006WK168000","rubriek":"wijk","FID":"wijk_gegeneraliseerd_2006.348d539a-2944-48f3-85b2-c26737193cdf"},"id":"WK168000"},{"arcs":[[6765,6766,6767,6768,6769,6770,-6761]],"type":"Polygon","properties":{"id":58294,"statcode":"WK168001","statnaam":"Wijk 01 Eext","jrstatcode":"2006WK168001","rubriek":"wijk","FID":"wijk_gegeneraliseerd_2006.fc29d71d-ed67-42fb-9d71-bcbe21a62cff"},"id":"WK168001"},{"arcs":[[-6762,-6771,6771,6772]],"type":"Polygon","properties":{"id":58295,"statcode":"WK168002","statnaam":"Wijk 02 Anloo","jrstatcode":"2006WK168002","rubriek":"wijk","FID":"wijk_gegeneraliseerd_2006.33ad15a8-fb7b-4efa-ac7c-00afefb9994e"},"id":"WK168002"},{"arcs":[[6773,-6772,-6770,6774,6775,6776]],"type":"Polygon","properties":{"id":58296,"statcode":"WK168003","statnaam":"Wijk 03 Gasteren","jrstatcode":"2006WK168003","rubriek":"wijk","FID":"wijk_gegeneraliseerd_2006.20d297ff-b7e8-4d8c-a11a-5be98cd6f633"},"id":"WK168003"},{"arcs":[[-6769,6777,-6775]],"type":"Polygon","properties":{"id":58297,"statcode":"WK168004","statnaam":"Wijk 04 Anderen","jrstatcode":"2006WK168004","rubriek":"wijk","FID":"wijk_gegeneraliseerd_2006.955b7a76-dc46-4a35-82af-d5df9154b474"},"id":"WK168004"},{"arcs":[[6778,6779,-6763,-6773,-6774,6780,6781,6782]],"type":"Polygon","properties":{"id":58298,"statcode":"WK168005","statnaam":"Wijk 05 Schipborg","jrstatcode":"2006WK168005","rubriek":"wijk","FID":"wijk_gegeneraliseerd_2006.6f993f83-ff0c-468c-9391-5bfc4131ddc0"},"id":"WK168005"},{"arcs":[[6783,6784,6785,-6759,6786,6787]],"type":"Polygon","properties":{"id":58299,"statcode":"WK168006","statnaam":"Wijk 06 Eexterveen","jrstatcode":"2006WK168006","rubriek":"wijk","FID":"wijk_gegeneraliseerd_2006.df222b68-3956-43df-b849-5da59806989c"},"id":"WK168006"},{"arcs":[[6788,-6757,6789,6790]],"type":"Polygon","properties":{"id":58300,"statcode":"WK168007","statnaam":"Wijk 07 Spijkerboor","jrstatcode":"2006WK168007","rubriek":"wijk","FID":"wijk_gegeneraliseerd_2006.0a5e0bbc-13ad-4f94-8067-c2da791bec65"},"id":"WK168007"},{"arcs":[[6791,-6787,-6758,-6789]],"type":"Polygon","properties":{"id":58301,"statcode":"WK168008","statnaam":"Wijk 08 Nieuw-Annerveen","jrstatcode":"2006WK168008","rubriek":"wijk","FID":"wijk_gegeneraliseerd_2006.0c5b020c-30ce-4d6c-a33b-d59970816191"},"id":"WK168008"},{"arcs":[[-6765,6792,6793,6794,-6790]],"type":"Polygon","properties":{"id":58302,"statcode":"WK168009","statnaam":"Wijk 09 Oud-Annerveen","jrstatcode":"2006WK168009","rubriek":"wijk","FID":"wijk_gegeneraliseerd_2006.9ea2955b-813a-4dce-8c2c-27519386eafb"},"id":"WK168009"},{"arcs":[[-137,-278,6795,-6788,-6792,-6791,-6795,6796]],"type":"Polygon","properties":{"id":58303,"statcode":"WK168011","statnaam":"Wijk 11 Annerveenschekanaal","jrstatcode":"2006WK168011","rubriek":"wijk","FID":"wijk_gegeneraliseerd_2006.bf9ee3fb-c0d7-402b-abf9-87cc5707c344"},"id":"WK168011"},{"arcs":[[-6784,-6796,-277,6797]],"type":"Polygon","properties":{"id":58304,"statcode":"WK168012","statnaam":"Wijk 12 Eexterveenschekanaal","jrstatcode":"2006WK168012","rubriek":"wijk","FID":"wijk_gegeneraliseerd_2006.9c02d754-aac8-4656-869e-86d775f14e8e"},"id":"WK168012"},{"arcs":[[-6786,6798,-6766,-6760]],"type":"Polygon","properties":{"id":58305,"statcode":"WK168013","statnaam":"Wijk 13 Eexterzandvoort","jrstatcode":"2006WK168013","rubriek":"wijk","FID":"wijk_gegeneraliseerd_2006.344cd030-026d-4fc3-a6ba-63b83dab1c9f"},"id":"WK168013"},{"arcs":[[6799,6800,6801,6802,6803,6804,6805]],"type":"Polygon","properties":{"id":58306,"statcode":"WK168014","statnaam":"Wijk 14 Gasselte","jrstatcode":"2006WK168014","rubriek":"wijk","FID":"wijk_gegeneraliseerd_2006.b113821b-1dbe-4dd8-8cdd-497b8b013407"},"id":"WK168014"},{"arcs":[[6806,-6803,6807,6808,6809,6810]],"type":"Polygon","properties":{"id":58307,"statcode":"WK168015","statnaam":"Wijk 15 Gasselternijveen","jrstatcode":"2006WK168015","rubriek":"wijk","FID":"wijk_gegeneraliseerd_2006.3cc7c3d2-866a-489a-a827-799a722f1f1f"},"id":"WK168015"},{"arcs":[[-6810,6811,-217,6812]],"type":"Polygon","properties":{"id":58308,"statcode":"WK168016","statnaam":"Wijk 16 Gasselternijveenschemond","jrstatcode":"2006WK168016","rubriek":"wijk","FID":"wijk_gegeneraliseerd_2006.25aee1f7-2a26-49e3-9a8d-e884acf3aadc"},"id":"WK168016"},{"arcs":[[6813,-6767,-6799,6814,-6808,-6802]],"type":"Polygon","properties":{"id":58309,"statcode":"WK168017","statnaam":"Wijk 17 Gieten","jrstatcode":"2006WK168017","rubriek":"wijk","FID":"wijk_gegeneraliseerd_2006.f3b975bc-b599-4f71-8d71-11b677c12982"},"id":"WK168017"},{"arcs":[[-6815,-6785,-6798,-276,-218,-6812,-6809]],"type":"Polygon","properties":{"id":58310,"statcode":"WK168018","statnaam":"Wijk 18 Gieterveen","jrstatcode":"2006WK168018","rubriek":"wijk","FID":"wijk_gegeneraliseerd_2006.f535a26b-3e83-4930-9be5-8eaad634e5c4"},"id":"WK168018"},{"arcs":[[-799,-793,6815,-6776,-6778,-6768,-6814,-6801,6816,6817]],"type":"Polygon","properties":{"id":58311,"statcode":"WK168019","statnaam":"Wijk 19 Rolde","jrstatcode":"2006WK168019","rubriek":"wijk","FID":"wijk_gegeneraliseerd_2006.916756e1-47bb-46ec-ac8d-63f804047cba"},"id":"WK168019"},{"arcs":[[-6800,6818,6819,6820,-839,6821,6822,6823,6824,-6817]],"type":"Polygon","properties":{"id":58312,"statcode":"WK168020","statnaam":"Wijk 20 Grolloo","jrstatcode":"2006WK168020","rubriek":"wijk","FID":"wijk_gegeneraliseerd_2006.410387b1-c7a3-4008-bd1d-56b9fdcfb788"},"id":"WK168020"},{"arcs":[[-6825,6825,6826,-800,-6818]],"type":"Polygon","properties":{"id":58313,"statcode":"WK168021","statnaam":"Wijk 21 Ekehaar","jrstatcode":"2006WK168021","rubriek":"wijk","FID":"wijk_gegeneraliseerd_2006.f6bcbb48-1476-41e7-9dd3-099a2408a803"},"id":"WK168021"},{"arcs":[[6827,-6820,6828,6829,6830]],"type":"Polygon","properties":{"id":58314,"statcode":"WK168100","statnaam":"Wijk 00 Borger","jrstatcode":"2006WK168100","rubriek":"wijk","FID":"wijk_gegeneraliseerd_2006.8b1395b0-6ea0-45a2-be7d-75c749f95834"},"id":"WK168100"},{"arcs":[[6831,6832,6833,-6831,6834,6835]],"type":"Polygon","properties":{"id":58315,"statcode":"WK168101","statnaam":"Wijk 01 Buinen","jrstatcode":"2006WK168101","rubriek":"wijk","FID":"wijk_gegeneraliseerd_2006.a74d45bb-6c99-4ea9-9046-ad2d22fcd84a"},"id":"WK168101"},{"arcs":[[-6835,-6830,6836,6837]],"type":"Polygon","properties":{"id":58316,"statcode":"WK168102","statnaam":"Wijk 02 Bronneger","jrstatcode":"2006WK168102","rubriek":"wijk","FID":"wijk_gegeneraliseerd_2006.a43a3fb6-0834-4e8b-9ad2-c3f675238f60"},"id":"WK168102"},{"arcs":[[6838,-6837,-6829,-6819,-6806]],"type":"Polygon","properties":{"id":58317,"statcode":"WK168103","statnaam":"Wijk 03 Drouwen","jrstatcode":"2006WK168103","rubriek":"wijk","FID":"wijk_gegeneraliseerd_2006.244b3d6d-1075-4377-8a42-0a2a75e059d2"},"id":"WK168103"},{"arcs":[[6839,6840,-6836,-6838,-6839,-6805]],"type":"Polygon","properties":{"id":58318,"statcode":"WK168104","statnaam":"Wijk 04 Bronnegerveen","jrstatcode":"2006WK168104","rubriek":"wijk","FID":"wijk_gegeneraliseerd_2006.448492c0-d86d-4806-ad73-a1d99def4b63"},"id":"WK168104"},{"arcs":[[6841,6842,6843,-6840,-6804,-6807]],"type":"Polygon","properties":{"id":58319,"statcode":"WK168105","statnaam":"Wijk 05 Drouwenerveen","jrstatcode":"2006WK168105","rubriek":"wijk","FID":"wijk_gegeneraliseerd_2006.db8939b9-c91a-4d58-aeb0-f4c75c5c79d2"},"id":"WK168105"},{"arcs":[[6844,-6842,-6811,-6813,-216]],"type":"Polygon","properties":{"id":58320,"statcode":"WK168106","statnaam":"Wijk 06 Drouwenermond","jrstatcode":"2006WK168106","rubriek":"wijk","FID":"wijk_gegeneraliseerd_2006.f7b403e8-456e-4dd2-ae49-b0b228fb9bf2"},"id":"WK168106"},{"arcs":[[6845,6846,-6843,-6845,-215,-226]],"type":"Polygon","properties":{"id":58321,"statcode":"WK168107","statnaam":"Wijk 07 Nieuw-Buinen","jrstatcode":"2006WK168107","rubriek":"wijk","FID":"wijk_gegeneraliseerd_2006.3856218d-824c-4916-af29-79e0033066b1"},"id":"WK168107"},{"arcs":[[-6832,-6841,-6844,-6847,6847]],"type":"Polygon","properties":{"id":58322,"statcode":"WK168108","statnaam":"Wijk 08 Buinerveen","jrstatcode":"2006WK168108","rubriek":"wijk","FID":"wijk_gegeneraliseerd_2006.ee44b87a-1df4-4dd0-8744-4e86b277adbd"},"id":"WK168108"},{"arcs":[[-6834,6848,6849,6850,-840,-6821,-6828]],"type":"Polygon","properties":{"id":58323,"statcode":"WK168109","statnaam":"Wijk 09 Ees","jrstatcode":"2006WK168109","rubriek":"wijk","FID":"wijk_gegeneraliseerd_2006.9fffd482-a2f4-411c-96b6-b430eee21983"},"id":"WK168109"},{"arcs":[[6851,6852,-6850,6853,6854,6855]],"type":"Polygon","properties":{"id":58324,"statcode":"WK168110","statnaam":"Wijk 10 Odoorn","jrstatcode":"2006WK168110","rubriek":"wijk","FID":"wijk_gegeneraliseerd_2006.96be9e93-953e-4b91-8b2f-71fd8fee05a4"},"id":"WK168110"},{"arcs":[[6856,6857,6858,-6854,-6849,-6833]],"type":"Polygon","properties":{"id":58325,"statcode":"WK168111","statnaam":"Wijk 11 Exloo","jrstatcode":"2006WK168111","rubriek":"wijk","FID":"wijk_gegeneraliseerd_2006.0a6aebd9-0563-4809-9f8d-5944ce14e48b"},"id":"WK168111"},{"arcs":[[6859,-863,-852,6860,-6855,-6859]],"type":"Polygon","properties":{"id":58326,"statcode":"WK168112","statnaam":"Wijk 12 Valthe","jrstatcode":"2006WK168112","rubriek":"wijk","FID":"wijk_gegeneraliseerd_2006.806957c8-8401-4256-bd6f-83fa3bf6a82f"},"id":"WK168112"},{"arcs":[[-6856,-6861,-851,-842,6861,-6852]],"type":"Polygon","properties":{"id":58327,"statcode":"WK168113","statnaam":"Wijk 13 Klijndijk","jrstatcode":"2006WK168113","rubriek":"wijk","FID":"wijk_gegeneraliseerd_2006.2aa2e6a0-de88-4a65-b9ff-bed6a17c0fd0"},"id":"WK168113"},{"arcs":[[-6853,-6862,-841,-6851]],"type":"Polygon","properties":{"id":58328,"statcode":"WK168114","statnaam":"Wijk 14 Odoornerveen","jrstatcode":"2006WK168114","rubriek":"wijk","FID":"wijk_gegeneraliseerd_2006.221cc6ff-ce13-4289-8b5d-821b8d013c0e"},"id":"WK168114"},{"arcs":[[6862,-6857,-6848,-6846,-225]],"type":"Polygon","properties":{"id":58329,"statcode":"WK168115","statnaam":"Wijk 15 Tweede Exloërmond","jrstatcode":"2006WK168115","rubriek":"wijk","FID":"wijk_gegeneraliseerd_2006.3c5b3f80-cc7c-4e85-8c6f-7e22683a12e1"},"id":"WK168115"},{"arcs":[[-295,-864,-6860,-6858,-6863,-224]],"type":"Polygon","properties":{"id":58330,"statcode":"WK168116","statnaam":"Wijk 16 Valthermond","jrstatcode":"2006WK168116","rubriek":"wijk","FID":"wijk_gegeneraliseerd_2006.f17cf7af-d872-4c27-a821-e96fb315eb2c"},"id":"WK168116"},{"arcs":[[-6322,6863,6864,6865,6866,6867,6868,-6319]],"type":"Polygon","properties":{"id":58331,"statcode":"WK168400","statnaam":"Wijk 00 Cuijk","jrstatcode":"2006WK168400","rubriek":"wijk","FID":"wijk_gegeneraliseerd_2006.9e9714f0-a3d2-40a1-afa8-ee31cc02adac"},"id":"WK168400"},{"arcs":[[6869,6870,-6866]],"type":"Polygon","properties":{"id":58332,"statcode":"WK168401","statnaam":"Wijk 01 Vianen","jrstatcode":"2006WK168401","rubriek":"wijk","FID":"wijk_gegeneraliseerd_2006.d07f22c6-c7e8-4aae-aa1a-a6ac5275450f"},"id":"WK168401"},{"arcs":[[-6321,-6116,-5251,6871,-6864]],"type":"Polygon","properties":{"id":58333,"statcode":"WK168402","statnaam":"Wijk 02 Sint Agatha","jrstatcode":"2006WK168402","rubriek":"wijk","FID":"wijk_gegeneraliseerd_2006.a4aa27f3-6e83-4c66-ab5c-b2f4522c42e7"},"id":"WK168402"},{"arcs":[[-6320,-6869,6872,-1981]],"type":"Polygon","properties":{"id":58334,"statcode":"WK168403","statnaam":"Wijk 03 Katwijk","jrstatcode":"2006WK168403","rubriek":"wijk","FID":"wijk_gegeneraliseerd_2006.8c4e399f-6ae1-49e1-9881-214b5067057d"},"id":"WK168403"},{"arcs":[[-6865,-6872,-5250,-5246,-5255,6873,-5670,-5663,6874,-6870]],"type":"Polygon","properties":{"id":58335,"statcode":"WK168404","statnaam":"Wijk 04 Haps","jrstatcode":"2006WK168404","rubriek":"wijk","FID":"wijk_gegeneraliseerd_2006.90307ba7-e366-49e6-a59e-f9bc1edc1064"},"id":"WK168404"},{"arcs":[[-6867,-6871,-6875,-5662,-5505,6875]],"type":"Polygon","properties":{"id":58336,"statcode":"WK168405","statnaam":"Wijk 05 Beers","jrstatcode":"2006WK168405","rubriek":"wijk","FID":"wijk_gegeneraliseerd_2006.83a9ceb2-e984-470c-9675-5a550672eb55"},"id":"WK168405"},{"arcs":[[-6873,-6868,-6876,-5504,-1988,-1982]],"type":"Polygon","properties":{"id":58337,"statcode":"WK168406","statnaam":"Wijk 06 Linden","jrstatcode":"2006WK168406","rubriek":"wijk","FID":"wijk_gegeneraliseerd_2006.a56ca568-22d2-427f-9ff9-2dc76c08ef10"},"id":"WK168406"},{"arcs":[[6876,-5922,6877,-5770,-5785,6878]],"type":"Polygon","properties":{"id":58338,"statcode":"WK168500","statnaam":"Wijk 00 Schaijk","jrstatcode":"2006WK168500","rubriek":"wijk","FID":"wijk_gegeneraliseerd_2006.a60f2a84-d446-448f-84c5-5528c9293a25"},"id":"WK168500"},{"arcs":[[-5502,-5667,6879,-6879,-5784,-5787]],"type":"Polygon","properties":{"id":58339,"statcode":"WK168501","statnaam":"Wijk 01 Reek","jrstatcode":"2006WK168501","rubriek":"wijk","FID":"wijk_gegeneraliseerd_2006.fefca5f9-9c70-4846-887a-5a20645b424c"},"id":"WK168501"},{"arcs":[[6880,-5924,-5923,-6877,-6880,-5666]],"type":"Polygon","properties":{"id":58340,"statcode":"WK168502","statnaam":"Wijk 02 Zeeland","jrstatcode":"2006WK168502","rubriek":"wijk","FID":"wijk_gegeneraliseerd_2006.af2cf790-faf7-4b41-a0fb-0c38af2a8c44"},"id":"WK168502"},{"arcs":[[-5660,-5674,-5926,-6881,-5665]],"type":"Polygon","properties":{"id":58341,"statcode":"WK168509","statnaam":"Wijk 09 Verspreide huizen Zeeland","jrstatcode":"2006WK168509","rubriek":"wijk","FID":"wijk_gegeneraliseerd_2006.8978899c-d2f0-452f-94f0-19cf7882dd54"},"id":"WK168509"},{"arcs":[[-918,6881,6882,6883,6884,6885,6886,-919,-903]],"type":"Polygon","properties":{"id":58342,"statcode":"WK169000","statnaam":"Wijk 00 Zuidwolde","jrstatcode":"2006WK169000","rubriek":"wijk","FID":"wijk_gegeneraliseerd_2006.54b6c584-0484-46fa-8f9e-9b962b7090d1"},"id":"WK169000"},{"arcs":[[-901,6887,-6882,-917]],"type":"Polygon","properties":{"id":58343,"statcode":"WK169001","statnaam":"Wijk 01 Alteveer","jrstatcode":"2006WK169001","rubriek":"wijk","FID":"wijk_gegeneraliseerd_2006.7431b12e-52a9-44c1-a6ad-b1734b1e8814"},"id":"WK169001"},{"arcs":[[-900,-922,-1171,6888,6889,-6883,-6888]],"type":"Polygon","properties":{"id":58344,"statcode":"WK169002","statnaam":"Wijk 02 Kerkenveld","jrstatcode":"2006WK169002","rubriek":"wijk","FID":"wijk_gegeneraliseerd_2006.96b08825-84d5-47f7-8f13-9acc706113ab"},"id":"WK169002"},{"arcs":[[-1179,6890,-6889,-1170]],"type":"Polygon","properties":{"id":58345,"statcode":"WK169003","statnaam":"Wijk 03 Drogteropslagen","jrstatcode":"2006WK169003","rubriek":"wijk","FID":"wijk_gegeneraliseerd_2006.30f07310-89d4-4c9c-9d9c-38b3e65d9dd3"},"id":"WK169003"},{"arcs":[[-6890,-6891,-1178,-1184,6891,-6884]],"type":"Polygon","properties":{"id":58346,"statcode":"WK169004","statnaam":"Wijk 04 Linde","jrstatcode":"2006WK169004","rubriek":"wijk","FID":"wijk_gegeneraliseerd_2006.feb7bed9-9170-464a-adec-33ad44633b54"},"id":"WK169004"},{"arcs":[[-6885,-6892,-1183,6892,6893]],"type":"Polygon","properties":{"id":58347,"statcode":"WK169005","statnaam":"Wijk 05 Fort","jrstatcode":"2006WK169005","rubriek":"wijk","FID":"wijk_gegeneraliseerd_2006.fa0ea98a-4d6f-4ef3-bfb7-360d4f26e212"},"id":"WK169005"},{"arcs":[[-6886,-6894,6894,6895,6896]],"type":"Polygon","properties":{"id":58348,"statcode":"WK169006","statnaam":"Wijk 06 Veeningen","jrstatcode":"2006WK169006","rubriek":"wijk","FID":"wijk_gegeneraliseerd_2006.d513d22e-1e9a-4956-b48e-ca7384e1e8cf"},"id":"WK169006"},{"arcs":[[-905,-920,-6887,-6897,6897,6898]],"type":"Polygon","properties":{"id":58349,"statcode":"WK169007","statnaam":"Wijk 07 Echten","jrstatcode":"2006WK169007","rubriek":"wijk","FID":"wijk_gegeneraliseerd_2006.79d90973-7807-46cd-a6d9-016e18053dee"},"id":"WK169007"},{"arcs":[[-915,-906,-6899,6899,6900,6901,6902,6903,6904]],"type":"Polygon","properties":{"id":58350,"statcode":"WK169008","statnaam":"Wijk 08 Ruinen","jrstatcode":"2006WK169008","rubriek":"wijk","FID":"wijk_gegeneraliseerd_2006.c61a6339-bece-4e69-9bc3-9e25b0a88344"},"id":"WK169008"},{"arcs":[[-6905,6905,-916]],"type":"Polygon","properties":{"id":58351,"statcode":"WK169009","statnaam":"Wijk 09 Eursinge","jrstatcode":"2006WK169009","rubriek":"wijk","FID":"wijk_gegeneraliseerd_2006.f4e4e4c3-ac76-42da-91a5-0b585147ad27"},"id":"WK169009"},{"arcs":[[-6903,6906,6907]],"type":"Polygon","properties":{"id":58352,"statcode":"WK169010","statnaam":"Wijk 10 Ansen","jrstatcode":"2006WK169010","rubriek":"wijk","FID":"wijk_gegeneraliseerd_2006.30519041-9219-4127-95f4-f174e6af9263"},"id":"WK169010"},{"arcs":[[-936,-928,6908,6909,-6901,6910]],"type":"Polygon","properties":{"id":58353,"statcode":"WK169011","statnaam":"Wijk 11 Ruinerwold","jrstatcode":"2006WK169011","rubriek":"wijk","FID":"wijk_gegeneraliseerd_2006.69a010ab-7477-4997-9f70-c35e9245df85"},"id":"WK169011"},{"arcs":[[-6900,-6898,-6896,6911,-933,-6911]],"type":"Polygon","properties":{"id":58354,"statcode":"WK169012","statnaam":"Wijk 12 Koekange","jrstatcode":"2006WK169012","rubriek":"wijk","FID":"wijk_gegeneraliseerd_2006.e3438fb2-bfaf-4bf5-b540-480107b17ca0"},"id":"WK169012"},{"arcs":[[-6912,-6895,-6893,-1182,-1402,-934]],"type":"Polygon","properties":{"id":58355,"statcode":"WK169013","statnaam":"Wijk 13 De Wijk","jrstatcode":"2006WK169013","rubriek":"wijk","FID":"wijk_gegeneraliseerd_2006.df0c15d0-ce17-4760-a44d-5e44fb693e7e"},"id":"WK169013"},{"arcs":[[6912,6913,6914,6915,6916,-4648,6917]],"type":"Polygon","properties":{"id":58356,"statcode":"WK169500","statnaam":"Wijk 00 Kortgene","jrstatcode":"2006WK169500","rubriek":"wijk","FID":"wijk_gegeneraliseerd_2006.60404dee-f958-47a7-9825-de6fb81e199d"},"id":"WK169500"},{"arcs":[[6919,-6915,6920,6921]],"type":"Polygon","properties":{"id":58357,"statcode":"WK169501","statnaam":"Wijk 01 Colijnsplaat","jrstatcode":"2006WK169501","rubriek":"wijk","FID":"wijk_gegeneraliseerd_2006.3f1e8986-c336-4d10-ad28-fd2489ca6448"},"id":"WK169501"},{"arcs":[[6922,-6916,-6920]],"type":"Polygon","properties":{"id":58358,"statcode":"WK169502","statnaam":"Wijk 02 Kats","jrstatcode":"2006WK169502","rubriek":"wijk","FID":"wijk_gegeneraliseerd_2006.01c6f867-fb72-4080-91b5-ccf43dc8fb54"},"id":"WK169502"},{"arcs":[[-5053,6923,6924,6925,6926,6927]],"type":"Polygon","properties":{"id":58359,"statcode":"WK169503","statnaam":"Wijk 03 Kamperland","jrstatcode":"2006WK169503","rubriek":"wijk","FID":"wijk_gegeneraliseerd_2006.5a3d7d1e-fd3f-4c4d-87e3-79fcaa864d09"},"id":"WK169503"},{"arcs":[[-6921,-6914,6928,-6926,6929]],"type":"Polygon","properties":{"id":58360,"statcode":"WK169504","statnaam":"Wijk 04 Wissenkerke","jrstatcode":"2006WK169504","rubriek":"wijk","FID":"wijk_gegeneraliseerd_2006.d1e3b7c8-7429-4d24-97f0-d12bd3c08634"},"id":"WK169504"},{"arcs":[[-6913,6930,-6927,-6929]],"type":"Polygon","properties":{"id":58361,"statcode":"WK169505","statnaam":"Wijk 05 Geersdijk","jrstatcode":"2006WK169505","rubriek":"wijk","FID":"wijk_gegeneraliseerd_2006.1abdf1b7-438a-4d45-a739-26f66132de91"},"id":"WK169505"},{"arcs":[[-3105,-3087,-3113,-3094,6931,6932,-3110,-3114]],"type":"Polygon","properties":{"id":58362,"statcode":"WK169600","statnaam":"Wijk 00 's-Graveland","jrstatcode":"2006WK169600","rubriek":"wijk","FID":"wijk_gegeneraliseerd_2006.bff6d31a-41cb-4249-b619-99bb077ac7a5"},"id":"WK169600"},{"arcs":[[-6932,-3093,6933,-2417,6934,6935]],"type":"Polygon","properties":{"id":58363,"statcode":"WK169601","statnaam":"Wijk 01 Kortenhoef","jrstatcode":"2006WK169601","rubriek":"wijk","FID":"wijk_gegeneraliseerd_2006.4bd7a427-f503-45f3-a249-10e286a81234"},"id":"WK169601"},{"arcs":[[-6936,6936,-3311,-3111,-6933]],"type":"Polygon","properties":{"id":58364,"statcode":"WK169602","statnaam":"Wijk 02 Ankeveen","jrstatcode":"2006WK169602","rubriek":"wijk","FID":"wijk_gegeneraliseerd_2006.de44d5b6-963d-4422-9f9f-7f0ca878ba32"},"id":"WK169602"},{"arcs":[[-6934,-3092,-3103,-2348,-2447,-2354,-2420,-2412,-2421,-2418]],"type":"Polygon","properties":{"id":58365,"statcode":"WK169603","statnaam":"Wijk 03 Loosdrecht","jrstatcode":"2006WK169603","rubriek":"wijk","FID":"wijk_gegeneraliseerd_2006.1e8ce2a1-3838-4b39-8623-9388a2579fac"},"id":"WK169603"},{"arcs":[[-2422,-3312,-6937,-6935,-2416]],"type":"Polygon","properties":{"id":58366,"statcode":"WK169604","statnaam":"Wijk 04 Nederhorst den Berg","jrstatcode":"2006WK169604","rubriek":"wijk","FID":"wijk_gegeneraliseerd_2006.5caccb6b-f59f-4887-950e-d2c42fc2af3f"},"id":"WK169604"},{"arcs":[[-163,6937]],"type":"Polygon","properties":{"id":58367,"statcode":"WK169900","statnaam":"Wijk 00 Roden","jrstatcode":"2006WK169900","rubriek":"wijk","FID":"wijk_gegeneraliseerd_2006.c8c27af4-8c24-469f-8613-425f9b74f3c1"},"id":"WK169900"},{"arcs":[[-162,-155,-6939,-153,-172,-174,-177,-89,6939,6940,6941,6942,-164,-6938]],"type":"Polygon","properties":{"id":58368,"statcode":"WK169901","statnaam":"Wijk 01 Roden","jrstatcode":"2006WK169901","rubriek":"wijk","FID":"wijk_gegeneraliseerd_2006.5e634772-ef5b-4a0b-99b5-954a6d839c7d"},"id":"WK169901"},{"arcs":[[[-6942,6943,6944,6945]],[[-804,6946,6947]],[[6948,-679,-701,-166]],[[6949]]],"type":"MultiPolygon","properties":{"id":58369,"statcode":"WK169903","statnaam":"Wijk 03 Norg","jrstatcode":"2006WK169903","rubriek":"wijk","FID":"wijk_gegeneraliseerd_2006.544fa730-36c5-42be-915c-fa2777dc02cb"},"id":"WK169903"},{"arcs":[[-6946,6950,-805,-6948,6951,6952,-682,-665,-680,-6949,-165,-6943],[-6950]],"type":"Polygon","properties":{"id":58370,"statcode":"WK169904","statnaam":"Wijk 04 Norg","jrstatcode":"2006WK169904","rubriek":"wijk","FID":"wijk_gegeneraliseerd_2006.03c8aae7-0b9c-4e32-b67a-9ff42b027035"},"id":"WK169904"},{"arcs":[[6953,6954,6955,-6940,-88,6956]],"type":"Polygon","properties":{"id":58371,"statcode":"WK169906","statnaam":"Wijk 04 Peize","jrstatcode":"2006WK169906","rubriek":"wijk","FID":"wijk_gegeneraliseerd_2006.1a317c05-4ba0-40b6-b82d-3526b8791579"},"id":"WK169906"},{"arcs":[[-985,-1440,-1441,6957,-1420,6958]],"type":"Polygon","properties":{"id":58372,"statcode":"WK170000","statnaam":"Wijk 00 Vriezenveen (kern)","jrstatcode":"2006WK170000","rubriek":"wijk","FID":"wijk_gegeneraliseerd_2006.db07355c-bdaa-46ac-a424-d55971690036"},"id":"WK170000"},{"arcs":[[[-1442,-1215,-1212,6959,-1421,-6958]],[[-1419,-963,-979,-986,-6959]]],"type":"MultiPolygon","properties":{"id":58373,"statcode":"WK170001","statnaam":"Wijk 01 Vriezenveen (buitengebied)","jrstatcode":"2006WK170001","rubriek":"wijk","FID":"wijk_gegeneraliseerd_2006.ebfc87a1-3210-4307-b269-4a4fce333453"},"id":"WK170001"},{"arcs":[[-1160,6960,-1424,-1422,-6960,-1211,6961]],"type":"Polygon","properties":{"id":58374,"statcode":"WK170002","statnaam":"Wijk 02 Westerhaar-Vriezenveensewijk","jrstatcode":"2006WK170002","rubriek":"wijk","FID":"wijk_gegeneraliseerd_2006.854c132a-73a7-406c-b36b-05b38b2f8e84"},"id":"WK170002"},{"arcs":[[-1209,-1349,-1343,-1352,6962,-1217,-1194]],"type":"Polygon","properties":{"id":58375,"statcode":"WK170003","statnaam":"Wijk 03 Kloosterhaar","jrstatcode":"2006WK170003","rubriek":"wijk","FID":"wijk_gegeneraliseerd_2006.231270c1-c2ad-4099-81f8-84cc8fdd88f8"},"id":"WK170003"},{"arcs":[[-1218,-6963,-1351,-1161,-6962,-1214]],"type":"Polygon","properties":{"id":58376,"statcode":"WK170004","statnaam":"Wijk 04 Bruinehaar","jrstatcode":"2006WK170004","rubriek":"wijk","FID":"wijk_gegeneraliseerd_2006.3eab9bd8-a283-4f68-b42e-527a5b536f31"},"id":"WK170004"},{"arcs":[[6963,6964,6965,6966,6967,6968,6969,6970,6971]],"type":"Polygon","properties":{"id":58377,"statcode":"WK170100","statnaam":"Wijk 00 Diever","jrstatcode":"2006WK170100","rubriek":"wijk","FID":"wijk_gegeneraliseerd_2006.813b7820-67b0-4ef1-9c52-fec92d1ff186"},"id":"WK170100"},{"arcs":[[-6966,6972,6973,6974]],"type":"Polygon","properties":{"id":58378,"statcode":"WK170101","statnaam":"Wijk 01 Wapse","jrstatcode":"2006WK170101","rubriek":"wijk","FID":"wijk_gegeneraliseerd_2006.24e810c8-81d8-4b99-aea4-01aa8032a3e3"},"id":"WK170101"},{"arcs":[[-685,6975,-6968,6976,-758,-674]],"type":"Polygon","properties":{"id":58379,"statcode":"WK170102","statnaam":"Wijk 02 Zorgvlied","jrstatcode":"2006WK170102","rubriek":"wijk","FID":"wijk_gegeneraliseerd_2006.b43f4419-872b-43b7-bfda-1e4fcb8ba61d"},"id":"WK170102"},{"arcs":[[6977,-6972,6978,6979,6980,6981,-912,-6906,-6904,-6908]],"type":"Polygon","properties":{"id":58380,"statcode":"WK170103","statnaam":"Wijk 03 Dwingeloo","jrstatcode":"2006WK170103","rubriek":"wijk","FID":"wijk_gegeneraliseerd_2006.96e5c951-c53f-4070-9a5e-1f62450d5dec"},"id":"WK170103"},{"arcs":[[6982,6983,-6982,6984]],"type":"Polygon","properties":{"id":58381,"statcode":"WK170104","statnaam":"Wijk 04 Lhee","jrstatcode":"2006WK170104","rubriek":"wijk","FID":"wijk_gegeneraliseerd_2006.f7e778c4-8ff1-4c01-a125-b2ddc0dd7b05"},"id":"WK170104"},{"arcs":[[6985,-6985,-6981,6986]],"type":"Polygon","properties":{"id":58382,"statcode":"WK170105","statnaam":"Wijk 05 Eemster","jrstatcode":"2006WK170105","rubriek":"wijk","FID":"wijk_gegeneraliseerd_2006.a44a2d91-d772-4fa1-b888-d66492ca3873"},"id":"WK170105"},{"arcs":[[-6980,6987,-6970,6988,-6987]],"type":"Polygon","properties":{"id":58383,"statcode":"WK170106","statnaam":"Wijk 06 Geeuwenbrug","jrstatcode":"2006WK170106","rubriek":"wijk","FID":"wijk_gegeneraliseerd_2006.e28ba9e7-0a19-45ed-849d-1a905d3393f3"},"id":"WK170106"},{"arcs":[[-6988,-6979,-6971]],"type":"Polygon","properties":{"id":58384,"statcode":"WK170107","statnaam":"Wijk 07 Dieverbrug","jrstatcode":"2006WK170107","rubriek":"wijk","FID":"wijk_gegeneraliseerd_2006.2d6400af-ab11-41ab-ac8d-03c4af634ed2"},"id":"WK170107"},{"arcs":[[6989,6990,6991,-6909,-927,-932]],"type":"Polygon","properties":{"id":58385,"statcode":"WK170108","statnaam":"Wijk 08 Havelte","jrstatcode":"2006WK170108","rubriek":"wijk","FID":"wijk_gegeneraliseerd_2006.b8666656-fb4e-49e4-ad96-bf09b1e34afd"},"id":"WK170108"},{"arcs":[[-6978,-6907,-6902,-6910,-6992,6992,-6964]],"type":"Polygon","properties":{"id":58386,"statcode":"WK170109","statnaam":"Wijk 09 Uffelte","jrstatcode":"2006WK170109","rubriek":"wijk","FID":"wijk_gegeneraliseerd_2006.fb67bc6c-6f30-48b6-9e20-ff4f6e2b191e"},"id":"WK170109"},{"arcs":[[6993,6994,6995,-6973,-6965,-6993,-6991,6996]],"type":"Polygon","properties":{"id":58387,"statcode":"WK170110","statnaam":"Wijk 10 Wapserveen","jrstatcode":"2006WK170110","rubriek":"wijk","FID":"wijk_gegeneraliseerd_2006.a5ef7780-834f-481c-9264-6f7b719b9e19"},"id":"WK170110"},{"arcs":[[6997,-6974,-6996,6998,6999,7000,7001]],"type":"Polygon","properties":{"id":58388,"statcode":"WK170111","statnaam":"Wijk 11 Vledder","jrstatcode":"2006WK170111","rubriek":"wijk","FID":"wijk_gegeneraliseerd_2006.03fe1bff-9f3d-4aa3-8569-de169cb1c7cb"},"id":"WK170111"},{"arcs":[[-6999,-6995,7002,7003]],"type":"Polygon","properties":{"id":58389,"statcode":"WK170112","statnaam":"Wijk 12 Frederiksoord","jrstatcode":"2006WK170112","rubriek":"wijk","FID":"wijk_gegeneraliseerd_2006.68e8c6d0-eb54-4bef-a2e5-9ae91d3386d8"},"id":"WK170112"},{"arcs":[[7004,-7003,-6994,7005,-755]],"type":"Polygon","properties":{"id":58390,"statcode":"WK170113","statnaam":"Wijk 13 Nijensleek","jrstatcode":"2006WK170113","rubriek":"wijk","FID":"wijk_gegeneraliseerd_2006.154ad7b6-5a5d-4486-aa8a-ff93d9a69f2e"},"id":"WK170113"},{"arcs":[[7006,-7001,7007,-761]],"type":"Polygon","properties":{"id":58391,"statcode":"WK170114","statnaam":"Wijk 14 Vledderveen","jrstatcode":"2006WK170114","rubriek":"wijk","FID":"wijk_gegeneraliseerd_2006.66f60c38-ec4c-4232-9f52-0d3d044951c1"},"id":"WK170114"},{"arcs":[[-7008,-7000,-7004,-7005,-757]],"type":"Polygon","properties":{"id":58392,"statcode":"WK170115","statnaam":"Wijk 15 Wilhelminaoord","jrstatcode":"2006WK170115","rubriek":"wijk","FID":"wijk_gegeneraliseerd_2006.932ae38b-6e32-44df-b927-8f95782682b0"},"id":"WK170115"},{"arcs":[[-6977,-6967,-6975,-6998,7008,-759]],"type":"Polygon","properties":{"id":58393,"statcode":"WK170116","statnaam":"Wijk 16 Doldersum","jrstatcode":"2006WK170116","rubriek":"wijk","FID":"wijk_gegeneraliseerd_2006.92fc8bbf-c984-4127-9245-3764731b1425"},"id":"WK170116"},{"arcs":[[-7009,-7002,-7007,-760]],"type":"Polygon","properties":{"id":58394,"statcode":"WK170117","statnaam":"Wijk 17 Boschoord","jrstatcode":"2006WK170117","rubriek":"wijk","FID":"wijk_gegeneraliseerd_2006.28368c3f-afe0-4613-90d1-d60e9cb79601"},"id":"WK170117"},{"arcs":[[-5253,-5235,-5242,7009,7010,7011,7012]],"type":"Polygon","properties":{"id":58395,"statcode":"WK170200","statnaam":"Wijk 00 Sint Anthonis","jrstatcode":"2006WK170200","rubriek":"wijk","FID":"wijk_gegeneraliseerd_2006.7c3d3971-17c2-4c50-9981-c15c3a1a36d5"},"id":"WK170200"},{"arcs":[[7013,-5265,7014,-6588,-6580,7015,-7011]],"type":"Polygon","properties":{"id":58396,"statcode":"WK170201","statnaam":"Wijk 01 Oploo","jrstatcode":"2006WK170201","rubriek":"wijk","FID":"wijk_gegeneraliseerd_2006.bcd68864-d10f-4937-93fc-9e2f3892bfbc"},"id":"WK170201"},{"arcs":[[-5264,-6430,-6587,-7015]],"type":"Polygon","properties":{"id":58397,"statcode":"WK170202","statnaam":"Wijk 02 Westerbeek","jrstatcode":"2006WK170202","rubriek":"wijk","FID":"wijk_gegeneraliseerd_2006.af903e98-e549-435c-bbe7-c3d0168966f2"},"id":"WK170202"},{"arcs":[[-5257,-5262,-5266,-7014,-7010,-5241]],"type":"Polygon","properties":{"id":58398,"statcode":"WK170203","statnaam":"Wijk 03 Stevensbeek","jrstatcode":"2006WK170203","rubriek":"wijk","FID":"wijk_gegeneraliseerd_2006.62b9a43a-90ef-420e-bde7-1336a6fdfcb5"},"id":"WK170203"},{"arcs":[[-5254,-7013,7016,-5671,-5668,-6874]],"type":"Polygon","properties":{"id":58399,"statcode":"WK170204","statnaam":"Wijk 04 Wanroij","jrstatcode":"2006WK170204","rubriek":"wijk","FID":"wijk_gegeneraliseerd_2006.11e01c50-9458-4029-9640-c1e0f7b9b2f0"},"id":"WK170204"},{"arcs":[[-7017,-7012,-7016,-6582,-5229,-5927,-5672]],"type":"Polygon","properties":{"id":58400,"statcode":"WK170205","statnaam":"Wijk 05 Landhorst","jrstatcode":"2006WK170205","rubriek":"wijk","FID":"wijk_gegeneraliseerd_2006.81258601-dd9c-4ce5-9587-fe470aee383d"},"id":"WK170205"},{"arcs":[[-2127,-2085,-2082,7017,-1647,7018,-1793,-1503,-2044,7019]],"type":"Polygon","properties":{"id":58401,"statcode":"WK170500","statnaam":"Wijk 00 Bemmel","jrstatcode":"2006WK170500","rubriek":"wijk","FID":"wijk_gegeneraliseerd_2006.9d9e7ea5-b74b-4650-9a9b-86b1220b2a4c"},"id":"WK170500"},{"arcs":[[-2043,-2128,-7020]],"type":"Polygon","properties":{"id":58402,"statcode":"WK170501","statnaam":"Wijk 01 Gendt","jrstatcode":"2006WK170501","rubriek":"wijk","FID":"wijk_gegeneraliseerd_2006.4d1f8ac1-ed08-4358-957c-93c7b2a39be2"},"id":"WK170501"},{"arcs":[[-1646,-1635,-1633,-1631,-1588,-2141,-1794,-7019]],"type":"Polygon","properties":{"id":58403,"statcode":"WK170502","statnaam":"Wijk 02 Huissen","jrstatcode":"2006WK170502","rubriek":"wijk","FID":"wijk_gegeneraliseerd_2006.8ed43ccc-2c63-4aac-9cb7-8a6b5acde554"},"id":"WK170502"},{"arcs":[[7020,7021,7022,7023,-6324,-6449,7024,7025]],"type":"Polygon","properties":{"id":58404,"statcode":"WK170600","statnaam":"Wijk 00 Budel","jrstatcode":"2006WK170600","rubriek":"wijk","FID":"wijk_gegeneraliseerd_2006.afdfc573-c868-4056-82b3-3499026ccd1d"},"id":"WK170600"},{"arcs":[[7026,-7026,7027]],"type":"Polygon","properties":{"id":58405,"statcode":"WK170601","statnaam":"Wijk 01 Schoot","jrstatcode":"2006WK170601","rubriek":"wijk","FID":"wijk_gegeneraliseerd_2006.227551c8-e733-4617-bf7c-53d12fc48568"},"id":"WK170601"},{"arcs":[[-6448,7028,-7028,-7025]],"type":"Polygon","properties":{"id":58406,"statcode":"WK170602","statnaam":"Wijk 02 Dorplein","jrstatcode":"2006WK170602","rubriek":"wijk","FID":"wijk_gegeneraliseerd_2006.ded10dd6-0fc2-4c2a-be8c-07f22fe82a2c"},"id":"WK170602"},{"arcs":[[-5861,-6325,-7024,7029,-6610,-6617]],"type":"Polygon","properties":{"id":58407,"statcode":"WK170603","statnaam":"Wijk 03 Maarheeze","jrstatcode":"2006WK170603","rubriek":"wijk","FID":"wijk_gegeneraliseerd_2006.64478ea6-8b61-4588-9972-4c44ecadd715"},"id":"WK170603"},{"arcs":[[-7030,-7023,7030,-6613,-6616,-6611]],"type":"Polygon","properties":{"id":58408,"statcode":"WK170604","statnaam":"Wijk 04 Soerendonk","jrstatcode":"2006WK170604","rubriek":"wijk","FID":"wijk_gegeneraliseerd_2006.4635030d-879f-4610-8ada-0cc4498c8826"},"id":"WK170604"},{"arcs":[[-7031,-7022,-6614]],"type":"Polygon","properties":{"id":58409,"statcode":"WK170605","statnaam":"Wijk 05 Gastel","jrstatcode":"2006WK170605","rubriek":"wijk","FID":"wijk_gegeneraliseerd_2006.aec8786d-8d67-4326-a40e-c79363edc3a6"},"id":"WK170605"},{"arcs":[[-6997,-6990,-931,7031,7032,7033,7034,7035,-752,-756,-7006]],"type":"Polygon","properties":{"id":58410,"statcode":"WK170800","statnaam":"Wijk 00 Stad-Steenwijk","jrstatcode":"2006WK170800","rubriek":"wijk","FID":"wijk_gegeneraliseerd_2006.d6dcaa0e-7ff6-4e60-906c-27766ae7fe3b"},"id":"WK170800"},{"arcs":[[-753,-7036,7036,-743,-741]],"type":"Polygon","properties":{"id":58411,"statcode":"WK170802","statnaam":"Wijk 02 Oldemarkt","jrstatcode":"2006WK170802","rubriek":"wijk","FID":"wijk_gegeneraliseerd_2006.314a536d-e4da-4332-9d3e-c5755a023145"},"id":"WK170802"},{"arcs":[[-7035,7037,7038,7039,-746,-744,-7037]],"type":"Polygon","properties":{"id":58412,"statcode":"WK170803","statnaam":"Wijk 03 Kalenberg","jrstatcode":"2006WK170803","rubriek":"wijk","FID":"wijk_gegeneraliseerd_2006.b5834f21-5bac-4b9c-b1ff-89d428b0abf3"},"id":"WK170803"},{"arcs":[[-1336,-653,-747,-7040,7040,-1313]],"type":"Polygon","properties":{"id":58413,"statcode":"WK170804","statnaam":"Wijk 04 Kuinre","jrstatcode":"2006WK170804","rubriek":"wijk","FID":"wijk_gegeneraliseerd_2006.abac2d86-a500-4859-8e93-6b66bd8bfa20"},"id":"WK170804"},{"arcs":[[-1318,-1310,-7041,-7039,7041,7042]],"type":"Polygon","properties":{"id":58414,"statcode":"WK170805","statnaam":"Wijk 05 Blankenham","jrstatcode":"2006WK170805","rubriek":"wijk","FID":"wijk_gegeneraliseerd_2006.ac8ad119-b25c-4086-a229-a093d834cda9"},"id":"WK170805"},{"arcs":[[-7034,7043,7044,-7042,-7038]],"type":"Polygon","properties":{"id":58415,"statcode":"WK170806","statnaam":"Wijk 06 Scheerwolde","jrstatcode":"2006WK170806","rubriek":"wijk","FID":"wijk_gegeneraliseerd_2006.f93f422c-e64f-4e23-9990-6ee89cedaaf2"},"id":"WK170806"},{"arcs":[[7045,-1319,-1315,7046,7047]],"type":"Polygon","properties":{"id":58416,"statcode":"WK170807","statnaam":"Wijk 07 Vollenhove","jrstatcode":"2006WK170807","rubriek":"wijk","FID":"wijk_gegeneraliseerd_2006.5452c526-7fa1-4967-b1ba-f01ce0ddc808"},"id":"WK170807"},{"arcs":[[-7048,7048,7049,7050,7051,7052]],"type":"Polygon","properties":{"id":58417,"statcode":"WK170808","statnaam":"Wijk 08 Sint Jansklooster","jrstatcode":"2006WK170808","rubriek":"wijk","FID":"wijk_gegeneraliseerd_2006.3dd92795-e685-4dda-86e6-ac73f3623d55"},"id":"WK170808"},{"arcs":[[7053,7054,7055,7056,-1320,-7046,-7053]],"type":"Polygon","properties":{"id":58418,"statcode":"WK170809","statnaam":"Wijk 09 Heetveld","jrstatcode":"2006WK170809","rubriek":"wijk","FID":"wijk_gegeneraliseerd_2006.a128568d-3712-481e-a322-9fa296b71ffb"},"id":"WK170809"},{"arcs":[[7057,7058,-7055,7059]],"type":"Polygon","properties":{"id":58419,"statcode":"WK170810","statnaam":"Wijk 10 Belt-Schutsloot","jrstatcode":"2006WK170810","rubriek":"wijk","FID":"wijk_gegeneraliseerd_2006.ad18e879-01c0-4325-a570-d378ddac181c"},"id":"WK170810"},{"arcs":[[-7060,-7054,-7052,7060,7061]],"type":"Polygon","properties":{"id":58420,"statcode":"WK170811","statnaam":"Wijk 11 Wanneperveen","jrstatcode":"2006WK170811","rubriek":"wijk","FID":"wijk_gegeneraliseerd_2006.bfe4c013-9b43-483d-9490-9f84d8710e4b"},"id":"WK170811"},{"arcs":[[-925,-1396,7062,-7058,-7062,7063,7064,-7032,-930]],"type":"Polygon","properties":{"id":58421,"statcode":"WK170812","statnaam":"Wijk 12 Dinxterveen","jrstatcode":"2006WK170812","rubriek":"wijk","FID":"wijk_gegeneraliseerd_2006.b9f0a547-169d-4cd3-b327-a79a760660d9"},"id":"WK170812"},{"arcs":[[7065,7066,-7064,-7061,-7051]],"type":"Polygon","properties":{"id":58422,"statcode":"WK170813","statnaam":"Wijk 13 Giethoorn-Zuid","jrstatcode":"2006WK170813","rubriek":"wijk","FID":"wijk_gegeneraliseerd_2006.a6eddeed-61e6-4dc4-b2d8-85ba1e8e2cc4"},"id":"WK170813"},{"arcs":[[7067,7068,-7044,-7033,-7065,-7067]],"type":"Polygon","properties":{"id":58423,"statcode":"WK170814","statnaam":"Wijk 14 Giethoorn-Noord","jrstatcode":"2006WK170814","rubriek":"wijk","FID":"wijk_gegeneraliseerd_2006.27915943-d6a7-43e8-a1b1-273746ce69b9"},"id":"WK170814"},{"arcs":[[7069,-7068,-7066,-7050]],"type":"Polygon","properties":{"id":58424,"statcode":"WK170815","statnaam":"Wijk 15 Dwarsgracht","jrstatcode":"2006WK170815","rubriek":"wijk","FID":"wijk_gegeneraliseerd_2006.f8241ac1-6c3e-46a8-b3e0-110da0f4b79b"},"id":"WK170815"},{"arcs":[[-7069,-7070,-7049,-7047,-1314,-7043,-7045]],"type":"Polygon","properties":{"id":58425,"statcode":"WK170816","statnaam":"Wijk 16 Blokzijl","jrstatcode":"2006WK170816","rubriek":"wijk","FID":"wijk_gegeneraliseerd_2006.6cce2f8b-c674-4331-a098-bd53f31dc033"},"id":"WK170816"},{"arcs":[[7070,7071,7072,7073,-5443,-6604]],"type":"Polygon","properties":{"id":58426,"statcode":"WK170900","statnaam":"Wijk 00 Zevenbergen","jrstatcode":"2006WK170900","rubriek":"wijk","FID":"wijk_gegeneraliseerd_2006.373dd200-5d84-4834-815c-b82e373d71e4"},"id":"WK170900"},{"arcs":[[7074,7075,7076,-7073,7077,7078]],"type":"Polygon","properties":{"id":58427,"statcode":"WK170901","statnaam":"Wijk 01 Zevenbergschen Hoek","jrstatcode":"2006WK170901","rubriek":"wijk","FID":"wijk_gegeneraliseerd_2006.5509bb46-3054-4bfd-887b-8c10b4c880be"},"id":"WK170901"},{"arcs":[[-7077,7079,-5332,-5444,-7074]],"type":"Polygon","properties":{"id":58428,"statcode":"WK170902","statnaam":"Wijk 02 Langeweg","jrstatcode":"2006WK170902","rubriek":"wijk","FID":"wijk_gegeneraliseerd_2006.3b98631f-5984-4739-a6e2-c3085f30a88b"},"id":"WK170902"},{"arcs":[[7080,7081,-7071,-6603,7082,7083,7084,7085]],"type":"Polygon","properties":{"id":58429,"statcode":"WK170903","statnaam":"Wijk 03 Klundert","jrstatcode":"2006WK170903","rubriek":"wijk","FID":"wijk_gegeneraliseerd_2006.fe60d443-6b09-410c-8e59-0ea932fa7305"},"id":"WK170903"},{"arcs":[[7086,-3779,7087,7088,-7078,-7072,-7082]],"type":"Polygon","properties":{"id":58430,"statcode":"WK170904","statnaam":"Wijk 04 Moerdijk","jrstatcode":"2006WK170904","rubriek":"wijk","FID":"wijk_gegeneraliseerd_2006.59f9f62b-04c1-4fee-a38b-a862036b789b"},"id":"WK170904"},{"arcs":[[7089,7090,-7084]],"type":"Polygon","properties":{"id":58431,"statcode":"WK170905","statnaam":"Wijk 05 Noordhoek","jrstatcode":"2006WK170905","rubriek":"wijk","FID":"wijk_gegeneraliseerd_2006.4ea6ae55-24c4-46b1-a7cf-98430470a0cf"},"id":"WK170905"},{"arcs":[[-7083,-6602,-6599,-6590,7091,-7090]],"type":"Polygon","properties":{"id":58432,"statcode":"WK170906","statnaam":"Wijk 06 Standdaarbuiten","jrstatcode":"2006WK170906","rubriek":"wijk","FID":"wijk_gegeneraliseerd_2006.ca744808-d257-45ff-b055-9d9cc0825a73"},"id":"WK170906"},{"arcs":[[7092,7093,-7085,-7091,-7092,-6589,-6595,-5879,7094]],"type":"Polygon","properties":{"id":58433,"statcode":"WK170907","statnaam":"Wijk 07 Fijnaart","jrstatcode":"2006WK170907","rubriek":"wijk","FID":"wijk_gegeneraliseerd_2006.19808ed0-6693-4f9b-b891-fd03a2958ae0"},"id":"WK170907"},{"arcs":[[7095,-7095,-5883,7096,7097]],"type":"Polygon","properties":{"id":58434,"statcode":"WK170908","statnaam":"Wijk 08 Heijningen","jrstatcode":"2006WK170908","rubriek":"wijk","FID":"wijk_gegeneraliseerd_2006.550d0eb4-0663-478d-8c4c-9c807d05b254"},"id":"WK170908"},{"arcs":[[-7086,-7094,7098,-7098,7099]],"type":"Polygon","properties":{"id":58435,"statcode":"WK170909","statnaam":"Wijk 09 Willemstad","jrstatcode":"2006WK170909","rubriek":"wijk","FID":"wijk_gegeneraliseerd_2006.c5719990-55b6-4f61-8e2f-ea029b39619d"},"id":"WK170909"},{"arcs":[[-7093,-7096,-7099]],"type":"Polygon","properties":{"id":58436,"statcode":"WK170910","statnaam":"Wijk 10 Helwijk","jrstatcode":"2006WK170910","rubriek":"wijk","FID":"wijk_gegeneraliseerd_2006.8e44fc64-e527-4f82-9755-516e9995f5e1"},"id":"WK170910"},{"arcs":[[7101,7102,7103,7104,7105,7106]],"type":"Polygon","properties":{"id":58437,"statcode":"WK171101","statnaam":"Wijk 01 Susteren","jrstatcode":"2006WK171101","rubriek":"wijk","FID":"wijk_gegeneraliseerd_2006.b8ec1d5c-aaa6-40c5-b738-3ec4128219ec"},"id":"WK171101"},{"arcs":[[-7105,7107,7108]],"type":"Polygon","properties":{"id":58438,"statcode":"WK171102","statnaam":"Wijk 02 Dieteren","jrstatcode":"2006WK171102","rubriek":"wijk","FID":"wijk_gegeneraliseerd_2006.7ceaa77e-ffaf-46ad-93d6-2bd8aa49dbef"},"id":"WK171102"},{"arcs":[[7109,7110,7111,-7107]],"type":"Polygon","properties":{"id":58439,"statcode":"WK171103","statnaam":"Wijk 03 Heide","jrstatcode":"2006WK171103","rubriek":"wijk","FID":"wijk_gegeneraliseerd_2006.58b749a7-f8ec-41f5-8bd5-340750976882"},"id":"WK171103"},{"arcs":[[-7108,-7104,7112,7113,7114,7115]],"type":"Polygon","properties":{"id":58440,"statcode":"WK171104","statnaam":"Wijk 04 Roosteren","jrstatcode":"2006WK171104","rubriek":"wijk","FID":"wijk_gegeneraliseerd_2006.b84790de-b0be-416b-985a-ca360a5068c0"},"id":"WK171104"},{"arcs":[[7116,7117,-7106,-7109,-7116,7118,-6259,-6255,-6249,7119]],"type":"Polygon","properties":{"id":58441,"statcode":"WK171105","statnaam":"Wijk 05 Echt","jrstatcode":"2006WK171105","rubriek":"wijk","FID":"wijk_gegeneraliseerd_2006.3ac70279-034a-46bc-b21e-e60605508c0d"},"id":"WK171105"},{"arcs":[[7122,7123,7124,7125,-6756,7126]],"type":"Polygon","properties":{"id":58442,"statcode":"WK171106","statnaam":"Wijk 06 Echterbosch","jrstatcode":"2006WK171106","rubriek":"wijk","FID":"wijk_gegeneraliseerd_2006.59a969af-5859-4812-84d4-689098b57ace"},"id":"WK171106"},{"arcs":[[7127,-7125,7128,-7117,7129,-7121]],"type":"Polygon","properties":{"id":58443,"statcode":"WK171107","statnaam":"Wijk 07 Peij","jrstatcode":"2006WK171107","rubriek":"wijk","FID":"wijk_gegeneraliseerd_2006.7c01a493-736f-4a09-9893-9d482230feeb"},"id":"WK171107"},{"arcs":[[-7124,7130,7131,-7110,-7118,-7129]],"type":"Polygon","properties":{"id":58444,"statcode":"WK171108","statnaam":"Wijk 08 Liboscherveld","jrstatcode":"2006WK171108","rubriek":"wijk","FID":"wijk_gegeneraliseerd_2006.c5bf85a5-dff5-4074-ab3b-4ae13ef82c0a"},"id":"WK171108"},{"arcs":[[-7102,-7112,7132,7133,7134]],"type":"Polygon","properties":{"id":58445,"statcode":"WK171109","statnaam":"Wijk 09 Nieuwstadt","jrstatcode":"2006WK171109","rubriek":"wijk","FID":"wijk_gegeneraliseerd_2006.ed516ebd-75ac-4689-8c33-3a4ec6731222"},"id":"WK171109"},{"arcs":[[-6754,-7126,-7128,-7122,-7130,-7120,-6248]],"type":"Polygon","properties":{"id":58446,"statcode":"WK171110","statnaam":"Wijk 10 Sint Joost","jrstatcode":"2006WK171110","rubriek":"wijk","FID":"wijk_gegeneraliseerd_2006.a6a87d1a-2978-4204-9f5c-97edbbd551c4"},"id":"WK171110"},{"arcs":[[-7131,-7123,7135]],"type":"Polygon","properties":{"id":58447,"statcode":"WK171111","statnaam":"Wijk 11 Koningsbosch","jrstatcode":"2006WK171111","rubriek":"wijk","FID":"wijk_gegeneraliseerd_2006.a3ffd948-5ed4-4bc6-820d-cd64dfdfa28c"},"id":"WK171111"},{"arcs":[[7136,7137,7138]],"type":"Polygon","properties":{"id":58448,"statcode":"WK171400","statnaam":"Wijk 00 Sluis","jrstatcode":"2006WK171400","rubriek":"wijk","FID":"wijk_gegeneraliseerd_2006.19e3cb08-fbaf-4a27-a516-058d6b6e9193"},"id":"WK171400"},{"arcs":[[7139,7140,7141,-7137,7142,7143]],"type":"Polygon","properties":{"id":58449,"statcode":"WK171401","statnaam":"Wijk 01 Retranchement","jrstatcode":"2006WK171401","rubriek":"wijk","FID":"wijk_gegeneraliseerd_2006.b8bbb9f3-40f8-4ed7-a755-dc88e3f6e830"},"id":"WK171401"},{"arcs":[[7144,7145,7146,7147,7148,7149,-7138,-7142]],"type":"Polygon","properties":{"id":58450,"statcode":"WK171402","statnaam":"Wijk 02 Aardenburg","jrstatcode":"2006WK171402","rubriek":"wijk","FID":"wijk_gegeneraliseerd_2006.a139413a-e693-4091-8231-fa3a7eb76afe"},"id":"WK171402"},{"arcs":[[7150,7151,-7149]],"type":"Polygon","properties":{"id":58451,"statcode":"WK171403","statnaam":"Wijk 03 Eede","jrstatcode":"2006WK171403","rubriek":"wijk","FID":"wijk_gegeneraliseerd_2006.83854fa6-66e1-466d-a92e-b9807ebfdcf9"},"id":"WK171403"},{"arcs":[[7152,-7151,-7148]],"type":"Polygon","properties":{"id":58452,"statcode":"WK171404","statnaam":"Wijk 04 Sint Kruis","jrstatcode":"2006WK171404","rubriek":"wijk","FID":"wijk_gegeneraliseerd_2006.42419642-edea-47e6-8874-7ff12f4feca2"},"id":"WK171404"},{"arcs":[[7153,7154,7155,-7145,-7141,7156,7157]],"type":"Polygon","properties":{"id":58453,"statcode":"WK171405","statnaam":"Wijk 05 Oostburg","jrstatcode":"2006WK171405","rubriek":"wijk","FID":"wijk_gegeneraliseerd_2006.3515f821-2910-45d8-be83-4275710077dc"},"id":"WK171405"},{"arcs":[[-7157,-7140,7158,7159]],"type":"Polygon","properties":{"id":58454,"statcode":"WK171406","statnaam":"Wijk 06 Zuidzande","jrstatcode":"2006WK171406","rubriek":"wijk","FID":"wijk_gegeneraliseerd_2006.edfff27b-16eb-4234-92e3-1e1e5b2f0ec8"},"id":"WK171406"},{"arcs":[[7160,-7159,-7144,7161]],"type":"Polygon","properties":{"id":58455,"statcode":"WK171407","statnaam":"Wijk 07 Cadzand","jrstatcode":"2006WK171407","rubriek":"wijk","FID":"wijk_gegeneraliseerd_2006.ea3a4d4b-2e57-4ec5-9af3-91b521b3ae66"},"id":"WK171407"},{"arcs":[[7162,-7158,-7160,-7161,7163]],"type":"Polygon","properties":{"id":58456,"statcode":"WK171408","statnaam":"Wijk 08 Nieuwvliet","jrstatcode":"2006WK171408","rubriek":"wijk","FID":"wijk_gegeneraliseerd_2006.057d21c5-f3a5-40c2-b172-f5fb06e58fb5"},"id":"WK171408"},{"arcs":[[7164,7165,-7154,-7163,7166]],"type":"Polygon","properties":{"id":58457,"statcode":"WK171409","statnaam":"Wijk 09 Groede","jrstatcode":"2006WK171409","rubriek":"wijk","FID":"wijk_gegeneraliseerd_2006.d0ccbf9a-edbc-4526-b975-2aea317b1b2f"},"id":"WK171409"},{"arcs":[[7167,7168,-7165,7169]],"type":"Polygon","properties":{"id":58458,"statcode":"WK171410","statnaam":"Wijk 10 Breskens","jrstatcode":"2006WK171410","rubriek":"wijk","FID":"wijk_gegeneraliseerd_2006.495a411c-02ea-4114-9235-468ed89942f4"},"id":"WK171410"},{"arcs":[[7170,-7168,7171,-4924,-4919,-4923,7172]],"type":"Polygon","properties":{"id":58459,"statcode":"WK171411","statnaam":"Wijk 11 Hoofdplaat","jrstatcode":"2006WK171411","rubriek":"wijk","FID":"wijk_gegeneraliseerd_2006.1933ce0b-f86a-4cbe-b56f-ec0cd0e913f8"},"id":"WK171411"},{"arcs":[[-4922,-5015,7173,7174,7175,-7173]],"type":"Polygon","properties":{"id":58460,"statcode":"WK171412","statnaam":"Wijk 12 IJzendijke","jrstatcode":"2006WK171412","rubriek":"wijk","FID":"wijk_gegeneraliseerd_2006.16452862-a74e-4662-b96f-26c2ade94086"},"id":"WK171412"},{"arcs":[[-7171,-7176,7176,-7155,-7166,-7169]],"type":"Polygon","properties":{"id":58461,"statcode":"WK171413","statnaam":"Wijk 13 Schoondijke","jrstatcode":"2006WK171413","rubriek":"wijk","FID":"wijk_gegeneraliseerd_2006.555a8894-3d5b-4f41-8a6d-4eeaa5853761"},"id":"WK171413"},{"arcs":[[-7175,7177,-7146,-7156,-7177]],"type":"Polygon","properties":{"id":58462,"statcode":"WK171414","statnaam":"Wijk 14 Waterlandkerkje","jrstatcode":"2006WK171414","rubriek":"wijk","FID":"wijk_gegeneraliseerd_2006.703afb35-58b1-4849-8e61-d9a818a3aec4"},"id":"WK171414"},{"arcs":[[-5729,-5737,7178,7179,7180,-5464]],"type":"Polygon","properties":{"id":58463,"statcode":"WK171900","statnaam":"Wijk 00 Made","jrstatcode":"2006WK171900","rubriek":"wijk","FID":"wijk_gegeneraliseerd_2006.723f680c-26ac-46ca-be93-2f22b21ac869"},"id":"WK171900"},{"arcs":[[-5995,-5465,-7181,7181,7182,-7088,-3778,-5990]],"type":"Polygon","properties":{"id":58464,"statcode":"WK171901","statnaam":"Wijk 01 Drimmelen","jrstatcode":"2006WK171901","rubriek":"wijk","FID":"wijk_gegeneraliseerd_2006.27eb7d54-1ef6-46f0-b1a1-cc7e081a3ad7"},"id":"WK171901"},{"arcs":[[-7080,-7076,7183,7184,-5735,-5732,-5301,-5324]],"type":"Polygon","properties":{"id":58465,"statcode":"WK171902","statnaam":"Wijk 02 Terheijden","jrstatcode":"2006WK171902","rubriek":"wijk","FID":"wijk_gegeneraliseerd_2006.73467ea0-864c-4858-bb50-5498c55459fd"},"id":"WK171902"},{"arcs":[[-7179,-5736,-7185,7185]],"type":"Polygon","properties":{"id":58466,"statcode":"WK171903","statnaam":"Wijk 03 Wagenberg","jrstatcode":"2006WK171903","rubriek":"wijk","FID":"wijk_gegeneraliseerd_2006.4ffb9ba6-a993-4339-aa0b-6488b7942f6c"},"id":"WK171903"},{"arcs":[[-7079,-7089,-7183,7186]],"type":"Polygon","properties":{"id":58467,"statcode":"WK171904","statnaam":"Wijk 04 Lage Zwaluwe","jrstatcode":"2006WK171904","rubriek":"wijk","FID":"wijk_gegeneraliseerd_2006.0b94dbe7-f214-41f7-9e70-bdef418fd62d"},"id":"WK171904"},{"arcs":[[-7186,-7184,-7075,-7187,-7182,-7180]],"type":"Polygon","properties":{"id":58468,"statcode":"WK171905","statnaam":"Wijk 05 Hooge Zwaluwe","jrstatcode":"2006WK171905","rubriek":"wijk","FID":"wijk_gegeneraliseerd_2006.86a3520d-56ce-4275-ab1a-79e26a9ecfe4"},"id":"WK171905"},{"arcs":[[-6666,-6664,-5768,7187,7188]],"type":"Polygon","properties":{"id":58469,"statcode":"WK172100","statnaam":"Wijk 00 Heesch","jrstatcode":"2006WK172100","rubriek":"wijk","FID":"wijk_gegeneraliseerd_2006.ce7b5c4b-f269-4e11-8c72-96b539472cff"},"id":"WK172100"},{"arcs":[[-6878,-5921,7189,7190,-7188,-5767,-5771]],"type":"Polygon","properties":{"id":58470,"statcode":"WK172101","statnaam":"Wijk 01 Nistelrode","jrstatcode":"2006WK172101","rubriek":"wijk","FID":"wijk_gegeneraliseerd_2006.33dd1ac9-05bf-4307-b9c9-934aa80567af"},"id":"WK172101"},{"arcs":[[-5920,-5949,-5943,7191,7192,-7190]],"type":"Polygon","properties":{"id":58471,"statcode":"WK172102","statnaam":"Wijk 02 Vorstenbosch","jrstatcode":"2006WK172102","rubriek":"wijk","FID":"wijk_gegeneraliseerd_2006.3051c03a-b3ca-4c5c-886d-5e1e97a60005"},"id":"WK172102"},{"arcs":[[-7191,-7193,7193,-6667,-7189]],"type":"Polygon","properties":{"id":58472,"statcode":"WK172103","statnaam":"Wijk 03 Loosbroek","jrstatcode":"2006WK172103","rubriek":"wijk","FID":"wijk_gegeneraliseerd_2006.54b2887d-2b1a-41b8-a27c-9c53baa06635"},"id":"WK172103"},{"arcs":[[-5815,-5836,-6668,-7194,-7192,-5942,-5823]],"type":"Polygon","properties":{"id":58473,"statcode":"WK172104","statnaam":"Wijk 04 Heeswijk-Dinther","jrstatcode":"2006WK172104","rubriek":"wijk","FID":"wijk_gegeneraliseerd_2006.c6467ebf-cbd5-4f60-b1bc-bbfc9efd39bf"},"id":"WK172104"},{"arcs":[[7194,7195,-414,7196]],"type":"Polygon","properties":{"id":58474,"statcode":"WK172200","statnaam":"Wijk 00 Bouwstreek","jrstatcode":"2006WK172200","rubriek":"wijk","FID":"wijk_gegeneraliseerd_2006.defe2dfc-fea6-4291-83b9-d3d59c368b69"},"id":"WK172200"},{"arcs":[[7197,-644,-436,7198,-7195]],"type":"Polygon","properties":{"id":58475,"statcode":"WK172201","statnaam":"Wijk 01 Zuidwest","jrstatcode":"2006WK172201","rubriek":"wijk","FID":"wijk_gegeneraliseerd_2006.27090c95-1124-49ce-8933-346fd900cefb"},"id":"WK172201"},{"arcs":[[-641,-7198,-7197,-413,-461,-5127]],"type":"Polygon","properties":{"id":58476,"statcode":"WK172202","statnaam":"Wijk 02","jrstatcode":"2006WK172202","rubriek":"wijk","FID":"wijk_gegeneraliseerd_2006.c388504d-bb80-49f1-894c-577c7a03a805"},"id":"WK172202"},{"arcs":[[-5493,-5487,7199,-5186,7200,-5474]],"type":"Polygon","properties":{"id":58477,"statcode":"WK172300","statnaam":"Wijk 00 Alphen","jrstatcode":"2006WK172300","rubriek":"wijk","FID":"wijk_gegeneraliseerd_2006.db2fec40-1236-4e2d-ae91-82aebb63eaea"},"id":"WK172300"},{"arcs":[[-5475,-7201,-5185,-5195,7201,7202,7203,-5478]],"type":"Polygon","properties":{"id":58478,"statcode":"WK172301","statnaam":"Wijk 01 Chaam","jrstatcode":"2006WK172301","rubriek":"wijk","FID":"wijk_gegeneraliseerd_2006.bfc89389-5e99-44e5-8edd-eb5071dc39d7"},"id":"WK172301"},{"arcs":[[7204,-7203,7205,-5316,-5312]],"type":"Polygon","properties":{"id":58479,"statcode":"WK172302","statnaam":"Wijk 02 Galder","jrstatcode":"2006WK172302","rubriek":"wijk","FID":"wijk_gegeneraliseerd_2006.a3eddf6d-cf70-4815-8b71-bf0b5131e823"},"id":"WK172302"},{"arcs":[[-5479,-7204,-7205,-5311,-5330,7206]],"type":"Polygon","properties":{"id":58480,"statcode":"WK172308","statnaam":"Wijk 08 Verspreide huizen","jrstatcode":"2006WK172308","rubriek":"wijk","FID":"wijk_gegeneraliseerd_2006.e898a20f-c57d-4e97-a547-107aaee5e219"},"id":"WK172308"},{"arcs":[[-5480,-7207,-5328]],"type":"Polygon","properties":{"id":58481,"statcode":"WK172309","statnaam":"Wijk 09 Verspreide huizen","jrstatcode":"2006WK172309","rubriek":"wijk","FID":"wijk_gegeneraliseerd_2006.906aec31-2c8b-4384-b95d-754375e0ec77"},"id":"WK172309"},{"arcs":[[7207,-5937,7208,7209,7210,-5376,7211]],"type":"Polygon","properties":{"id":58482,"statcode":"WK172400","statnaam":"Wijk 00 Bergeijk","jrstatcode":"2006WK172400","rubriek":"wijk","FID":"wijk_gegeneraliseerd_2006.843bfc34-1baf-4aa7-a125-8e283ecd9770"},"id":"WK172400"},{"arcs":[[7212,7213,7214,7215,-5377,-7211]],"type":"Polygon","properties":{"id":58483,"statcode":"WK172401","statnaam":"Wijk 01 Weebosch","jrstatcode":"2006WK172401","rubriek":"wijk","FID":"wijk_gegeneraliseerd_2006.7f9ba131-eff4-4cc3-b0d0-b9e0c871f3a3"},"id":"WK172401"},{"arcs":[[-7210,7216,-7213]],"type":"Polygon","properties":{"id":58484,"statcode":"WK172402","statnaam":"Wijk 02 Luyksgestel","jrstatcode":"2006WK172402","rubriek":"wijk","FID":"wijk_gegeneraliseerd_2006.5f123cf5-5c0a-4d5f-b780-d57ed5e294cc"},"id":"WK172402"},{"arcs":[[-5970,-5935,7217,-7212,-5375,-5384,-5964]],"type":"Polygon","properties":{"id":58485,"statcode":"WK172403","statnaam":"Wijk 03 Riethoven","jrstatcode":"2006WK172403","rubriek":"wijk","FID":"wijk_gegeneraliseerd_2006.4f381081-bdff-4cc4-b18a-51edbf5e426e"},"id":"WK172403"},{"arcs":[[-5931,-5938,-7208,-7218,-5934]],"type":"Polygon","properties":{"id":58486,"statcode":"WK172404","statnaam":"Wijk 04 Westerhoven","jrstatcode":"2006WK172404","rubriek":"wijk","FID":"wijk_gegeneraliseerd_2006.4ae76f7b-f1c8-4aee-a9a8-2f3a8b721934"},"id":"WK172404"},{"arcs":[[-6654,7218,7219,7220,-7215,7221,-6646]],"type":"Polygon","properties":{"id":58487,"statcode":"WK172800","statnaam":"Wijk 00 Bladel","jrstatcode":"2006WK172800","rubriek":"wijk","FID":"wijk_gegeneraliseerd_2006.95bc4548-df9c-4a8a-9bf7-e06363ab0636"},"id":"WK172800"},{"arcs":[[7222,-7219,-6655,-6652,-5693]],"type":"Polygon","properties":{"id":58488,"statcode":"WK172801","statnaam":"Wijk 01 Netersel","jrstatcode":"2006WK172801","rubriek":"wijk","FID":"wijk_gegeneraliseerd_2006.62f97dd2-8f52-402b-ba9d-d01da991c135"},"id":"WK172801"},{"arcs":[[-5380,-5378,-7216,-7221,7223,7224]],"type":"Polygon","properties":{"id":58489,"statcode":"WK172802","statnaam":"Wijk 02 Hapert","jrstatcode":"2006WK172802","rubriek":"wijk","FID":"wijk_gegeneraliseerd_2006.31eaa4bb-f2d7-4422-8462-59673d210754"},"id":"WK172802"},{"arcs":[[7225,-5691,-5389,-5397,-5381,-7225]],"type":"Polygon","properties":{"id":58490,"statcode":"WK172803","statnaam":"Wijk 03 Hoogeloon","jrstatcode":"2006WK172803","rubriek":"wijk","FID":"wijk_gegeneraliseerd_2006.5f990084-28a4-410f-bb56-8a16de14989c"},"id":"WK172803"},{"arcs":[[-7224,-7220,-7223,-5692,-7226]],"type":"Polygon","properties":{"id":58491,"statcode":"WK172804","statnaam":"Wijk 04 Casteren","jrstatcode":"2006WK172804","rubriek":"wijk","FID":"wijk_gegeneraliseerd_2006.c49cc5c3-f52f-461b-b242-949fd54a99ca"},"id":"WK172804"},{"arcs":[[7226,7227,7228,7229,-6304,-6294]],"type":"Polygon","properties":{"id":58492,"statcode":"WK172900","statnaam":"Wijk 00 Gulpen","jrstatcode":"2006WK172900","rubriek":"wijk","FID":"wijk_gegeneraliseerd_2006.539058e0-e242-4539-a7f7-75b9cdd406bd"},"id":"WK172900"},{"arcs":[[-6439,-6437,7230,7231,-7227,-6293,-6492]],"type":"Polygon","properties":{"id":58493,"statcode":"WK172901","statnaam":"Wijk 01 Wijlre","jrstatcode":"2006WK172901","rubriek":"wijk","FID":"wijk_gegeneraliseerd_2006.65fa36e4-347d-4a07-bbbe-c1666b3ae857"},"id":"WK172901"},{"arcs":[[-6386,-6390,7232,-7231,-6436]],"type":"Polygon","properties":{"id":58494,"statcode":"WK172902","statnaam":"Wijk 02 Eys","jrstatcode":"2006WK172902","rubriek":"wijk","FID":"wijk_gegeneraliseerd_2006.4239b86c-15e0-4bd6-99c3-ef302f2d53ac"},"id":"WK172902"},{"arcs":[[-7232,-7233,-6389,7233,-6406,7234,-7228]],"type":"Polygon","properties":{"id":58495,"statcode":"WK172903","statnaam":"Wijk 03 Wittem","jrstatcode":"2006WK172903","rubriek":"wijk","FID":"wijk_gegeneraliseerd_2006.a48f51f9-3690-4dff-a998-98c353c3fd2a"},"id":"WK172903"},{"arcs":[[-6411,7235,7236,-7229,-7235]],"type":"Polygon","properties":{"id":58496,"statcode":"WK172904","statnaam":"Wijk 04 Mechelen","jrstatcode":"2006WK172904","rubriek":"wijk","FID":"wijk_gegeneraliseerd_2006.a8668f9c-0313-4705-91a7-b3ea8730cbd5"},"id":"WK172904"},{"arcs":[[7237,-7236,-6410,7238]],"type":"Polygon","properties":{"id":58497,"statcode":"WK172905","statnaam":"Wijk 05 Epen","jrstatcode":"2006WK172905","rubriek":"wijk","FID":"wijk_gegeneraliseerd_2006.36d56f4e-ba34-4eaa-acb7-ce5f5bb5c377"},"id":"WK172905"},{"arcs":[[-7237,-7238,7239,-6305,-7230]],"type":"Polygon","properties":{"id":58498,"statcode":"WK172906","statnaam":"Wijk 06 Slenaken","jrstatcode":"2006WK172906","rubriek":"wijk","FID":"wijk_gegeneraliseerd_2006.65f0d4a6-5402-444e-8e31-5d28a3400878"},"id":"WK172906"},{"arcs":[[-6779,7240,7241,7242,7243,7244]],"type":"Polygon","properties":{"id":58499,"statcode":"WK173000","statnaam":"Wijk 00 Zuidlaren","jrstatcode":"2006WK173000","rubriek":"wijk","FID":"wijk_gegeneraliseerd_2006.7b672116-fa85-400f-8a74-4d411e8dbb6d"},"id":"WK173000"},{"arcs":[[-141,-139,7245,-7243,7246]],"type":"Polygon","properties":{"id":58500,"statcode":"WK173001","statnaam":"Wijk 01 De Groeve","jrstatcode":"2006WK173001","rubriek":"wijk","FID":"wijk_gegeneraliseerd_2006.40d4b459-2fb4-47c2-bc12-f69fdc38b28b"},"id":"WK173001"},{"arcs":[[-138,-6797,-6794,7247,-7244,-7246]],"type":"Polygon","properties":{"id":58501,"statcode":"WK173002","statnaam":"Wijk 02 Zuidlaarderveen","jrstatcode":"2006WK173002","rubriek":"wijk","FID":"wijk_gegeneraliseerd_2006.4c5ad919-9753-487c-bdc1-1ce559ed31c2"},"id":"WK173002"},{"arcs":[[-7247,-7242,7248,7249,7250,-118]],"type":"Polygon","properties":{"id":58502,"statcode":"WK173003","statnaam":"Wijk 03 Midlaren","jrstatcode":"2006WK173003","rubriek":"wijk","FID":"wijk_gegeneraliseerd_2006.fc5725e7-130e-4835-a5e0-e1a93e082568"},"id":"WK173003"},{"arcs":[[7251,-7249,-7241,-6783]],"type":"Polygon","properties":{"id":58503,"statcode":"WK173004","statnaam":"Wijk 04 Westlaren","jrstatcode":"2006WK173004","rubriek":"wijk","FID":"wijk_gegeneraliseerd_2006.06b87d52-ec46-4f0b-ae15-0531e0f24bb4"},"id":"WK173004"},{"arcs":[[-6780,-7245,-7248,-6793,-6764]],"type":"Polygon","properties":{"id":58504,"statcode":"WK173005","statnaam":"Wijk 05 Schuilingsoord","jrstatcode":"2006WK173005","rubriek":"wijk","FID":"wijk_gegeneraliseerd_2006.6c970bdf-00fb-4083-ba0a-ff10662fdb5a"},"id":"WK173005"},{"arcs":[[7252,-6954,7253,-122]],"type":"Polygon","properties":{"id":58505,"statcode":"WK173006","statnaam":"Wijk 06 Paterswolde","jrstatcode":"2006WK173006","rubriek":"wijk","FID":"wijk_gegeneraliseerd_2006.939b4e0c-7a56-4ac9-a0bc-492ce1977b49"},"id":"WK173006"},{"arcs":[[-121,-112,7254,7255,7256,-6955,-7253]],"type":"Polygon","properties":{"id":58506,"statcode":"WK173007","statnaam":"Wijk 07 Eelde","jrstatcode":"2006WK173007","rubriek":"wijk","FID":"wijk_gegeneraliseerd_2006.bf1794cf-3bd0-4684-80c8-dc32e87039ed"},"id":"WK173007"},{"arcs":[[-85,-120,-7254,-6957,-87]],"type":"Polygon","properties":{"id":58507,"statcode":"WK173008","statnaam":"Wijk 08 Eelderwolde","jrstatcode":"2006WK173008","rubriek":"wijk","FID":"wijk_gegeneraliseerd_2006.87ec61af-51be-4d26-b98d-4394ac0fb86d"},"id":"WK173008"},{"arcs":[[-807,7257,7258,7259,7260]],"type":"Polygon","properties":{"id":58508,"statcode":"WK173009","statnaam":"Wijk 09 Vries","jrstatcode":"2006WK173009","rubriek":"wijk","FID":"wijk_gegeneraliseerd_2006.0e219ec9-2f68-4d45-85a5-edcbf957cdf1"},"id":"WK173009"},{"arcs":[[7261,-7259,7262,-6945,7263,-7256]],"type":"Polygon","properties":{"id":58509,"statcode":"WK173010","statnaam":"Wijk 10 Donderen","jrstatcode":"2006WK173010","rubriek":"wijk","FID":"wijk_gegeneraliseerd_2006.9799ccd7-dee0-4719-a702-0e61585c4185"},"id":"WK173010"},{"arcs":[[-7257,-7264,-6944,-6941,-6956]],"type":"Polygon","properties":{"id":58510,"statcode":"WK173011","statnaam":"Wijk 11 Bunne","jrstatcode":"2006WK173011","rubriek":"wijk","FID":"wijk_gegeneraliseerd_2006.bcc45485-140c-4953-8a43-eeb0b978fc74"},"id":"WK173011"},{"arcs":[[-7260,-7262,-7255,-111,-119,-7251,7264]],"type":"Polygon","properties":{"id":58511,"statcode":"WK173012","statnaam":"Wijk 12 Yde","jrstatcode":"2006WK173012","rubriek":"wijk","FID":"wijk_gegeneraliseerd_2006.728e2d08-9e5b-4777-9431-3fc8f7afe173"},"id":"WK173012"},{"arcs":[[-796,-7261,-7265,-7250,-7252,-6782,7265]],"type":"Polygon","properties":{"id":58512,"statcode":"WK173013","statnaam":"Wijk 13 Tynaarlo","jrstatcode":"2006WK173013","rubriek":"wijk","FID":"wijk_gegeneraliseerd_2006.a5d2136c-2c2f-4588-920f-56cd0af43f1b"},"id":"WK173013"},{"arcs":[[-6816,-792,-797,-7266,-6781,-6777]],"type":"Polygon","properties":{"id":58513,"statcode":"WK173014","statnaam":"Wijk 14 Zeegse","jrstatcode":"2006WK173014","rubriek":"wijk","FID":"wijk_gegeneraliseerd_2006.df157ea3-29d1-487a-8c65-ed654bf4d306"},"id":"WK173014"},{"arcs":[[-7258,-806,-6951,-7263]],"type":"Polygon","properties":{"id":58514,"statcode":"WK173015","statnaam":"Wijk 15 Zeijen","jrstatcode":"2006WK173015","rubriek":"wijk","FID":"wijk_gegeneraliseerd_2006.304347b8-b712-45cb-be9e-57d03038c968"},"id":"WK173015"},{"arcs":[[7266,7267,7268,7269,7270,7271,-6983,-6986,7272,7273]],"type":"Polygon","properties":{"id":58515,"statcode":"WK173100","statnaam":"Wijk 00 Beilen","jrstatcode":"2006WK173100","rubriek":"wijk","FID":"wijk_gegeneraliseerd_2006.ad508b6f-3375-4dda-ab89-de3332414ee9"},"id":"WK173100"},{"arcs":[[7274,-7274,7275,7276]],"type":"Polygon","properties":{"id":58516,"statcode":"WK173101","statnaam":"Wijk 01 Hijken","jrstatcode":"2006WK173101","rubriek":"wijk","FID":"wijk_gegeneraliseerd_2006.8ce730ce-24c5-443e-8df4-a8fe7e4cfcb6"},"id":"WK173101"},{"arcs":[[-6827,7277,-7267,-7275,7278,-801]],"type":"Polygon","properties":{"id":58517,"statcode":"WK173102","statnaam":"Wijk 02 Hooghalen","jrstatcode":"2006WK173102","rubriek":"wijk","FID":"wijk_gegeneraliseerd_2006.518ffeac-5eec-4360-8fa2-4ef8a1578b6d"},"id":"WK173102"},{"arcs":[[7279,7280,-908,-914,7281,-7271]],"type":"Polygon","properties":{"id":58518,"statcode":"WK173103","statnaam":"Wijk 03 Wijster","jrstatcode":"2006WK173103","rubriek":"wijk","FID":"wijk_gegeneraliseerd_2006.50922254-0ba1-48a3-9917-f0cfe6a467df"},"id":"WK173103"},{"arcs":[[-7272,-7282,-913,-6984]],"type":"Polygon","properties":{"id":58519,"statcode":"WK173104","statnaam":"Wijk 04 Spier","jrstatcode":"2006WK173104","rubriek":"wijk","FID":"wijk_gegeneraliseerd_2006.14f4f441-385a-485d-a68c-61a17612de7e"},"id":"WK173104"},{"arcs":[[7282,-909,-7281,7283]],"type":"Polygon","properties":{"id":58520,"statcode":"WK173105","statnaam":"Wijk 05 Drijber","jrstatcode":"2006WK173105","rubriek":"wijk","FID":"wijk_gegeneraliseerd_2006.cc3516f1-203f-4535-bcfa-7795006961c6"},"id":"WK173105"},{"arcs":[[-802,-7279,-7277,7284,-683,-6953,7285]],"type":"Polygon","properties":{"id":58521,"statcode":"WK173106","statnaam":"Wijk 06 Smilde","jrstatcode":"2006WK173106","rubriek":"wijk","FID":"wijk_gegeneraliseerd_2006.53f311df-4e5e-4bce-abab-76c1329deeb3"},"id":"WK173106"},{"arcs":[[-7286,-6952,-6947,-803]],"type":"Polygon","properties":{"id":58522,"statcode":"WK173107","statnaam":"Wijk 07 Bovensmilde","jrstatcode":"2006WK173107","rubriek":"wijk","FID":"wijk_gegeneraliseerd_2006.3ce610b8-c80d-4d1b-ada7-e56687a1f79e"},"id":"WK173107"},{"arcs":[[-7276,-7273,-6989,-6969,-6976,-684,-7285]],"type":"Polygon","properties":{"id":58523,"statcode":"WK173108","statnaam":"Wijk 08 Hoogersmilde","jrstatcode":"2006WK173108","rubriek":"wijk","FID":"wijk_gegeneraliseerd_2006.536c6c6d-928f-473f-8fe6-de03d308a8cb"},"id":"WK173108"},{"arcs":[[7286,7287,7288,-7269,7289,7290]],"type":"Polygon","properties":{"id":58524,"statcode":"WK173109","statnaam":"Wijk 09 Westerbork","jrstatcode":"2006WK173109","rubriek":"wijk","FID":"wijk_gegeneraliseerd_2006.68b471f6-7c5f-41db-9fbf-4776a6e87754"},"id":"WK173109"},{"arcs":[[7291,-6823,7292,-7291]],"type":"Polygon","properties":{"id":58525,"statcode":"WK173110","statnaam":"Wijk 10 Elp","jrstatcode":"2006WK173110","rubriek":"wijk","FID":"wijk_gegeneraliseerd_2006.a638c465-2a26-4ad6-8ef7-921a80c7e51b"},"id":"WK173110"},{"arcs":[[-847,7293,-7288,7294]],"type":"Polygon","properties":{"id":58526,"statcode":"WK173111","statnaam":"Wijk 11 Witteveen","jrstatcode":"2006WK173111","rubriek":"wijk","FID":"wijk_gegeneraliseerd_2006.f717d853-5387-4f35-9421-bda564493377"},"id":"WK173111"},{"arcs":[[-845,-835,7295,-910,-7283,7296]],"type":"Polygon","properties":{"id":58527,"statcode":"WK173112","statnaam":"Wijk 12 Nieuw-Balinge","jrstatcode":"2006WK173112","rubriek":"wijk","FID":"wijk_gegeneraliseerd_2006.0209eb8d-819a-4089-a231-7022ad2ee196"},"id":"WK173112"},{"arcs":[[-834,-911,-7296]],"type":"Polygon","properties":{"id":58528,"statcode":"WK173113","statnaam":"Wijk 13 Nieuweroord","jrstatcode":"2006WK173113","rubriek":"wijk","FID":"wijk_gegeneraliseerd_2006.cbd4dac3-02bd-44ef-b4e6-dd1d8441c132"},"id":"WK173113"},{"arcs":[[-6824,-7292,-7290,-7268,-7278,-6826]],"type":"Polygon","properties":{"id":58529,"statcode":"WK173114","statnaam":"Wijk 14 Zwiggelte","jrstatcode":"2006WK173114","rubriek":"wijk","FID":"wijk_gegeneraliseerd_2006.2ef8614b-d019-4318-9a7d-c95547b60f85"},"id":"WK173114"},{"arcs":[[-838,-848,-7295,-7287,-7293,-6822]],"type":"Polygon","properties":{"id":58530,"statcode":"WK173115","statnaam":"Wijk 15 Orvelte","jrstatcode":"2006WK173115","rubriek":"wijk","FID":"wijk_gegeneraliseerd_2006.ea43dc6c-9116-4e83-b377-36ae2ff9b1ce"},"id":"WK173115"},{"arcs":[[-846,-7297,-7284,-7280,-7270,-7289,-7294]],"type":"Polygon","properties":{"id":58531,"statcode":"WK173116","statnaam":"Wijk 16 De Broekstreek","jrstatcode":"2006WK173116","rubriek":"wijk","FID":"wijk_gegeneraliseerd_2006.147bc29b-691d-4231-afe4-db40606f4a81"},"id":"WK173116"},{"arcs":[[7297,-1649,-1644,-1648,-7018,-2084,-2081,7298,7299]],"type":"Polygon","properties":{"id":58532,"statcode":"WK173400","statnaam":"Wijk 00 Elst","jrstatcode":"2006WK173400","rubriek":"wijk","FID":"wijk_gegeneraliseerd_2006.fdbff135-bded-4b8d-999a-02dd4aa86f28"},"id":"WK173400"},{"arcs":[[7300,7301,7302,7303,-2138,-2093,-2098,-2096,-1650,-7298]],"type":"Polygon","properties":{"id":58533,"statcode":"WK173401","statnaam":"Wijk 01 Driel","jrstatcode":"2006WK173401","rubriek":"wijk","FID":"wijk_gegeneraliseerd_2006.99dcf2cf-8e0f-4909-a049-d136827c9996"},"id":"WK173401"},{"arcs":[[7304,7305,-7301,-7300,7306,-1679,-1684]],"type":"Polygon","properties":{"id":58534,"statcode":"WK173402","statnaam":"Wijk 02 Zetten","jrstatcode":"2006WK173402","rubriek":"wijk","FID":"wijk_gegeneraliseerd_2006.d2452716-9e26-4727-ad47-c7f49654dfef"},"id":"WK173402"},{"arcs":[[-7299,-2080,-1680,-1670,-1675,-7307]],"type":"Polygon","properties":{"id":58535,"statcode":"WK173403","statnaam":"Wijk 03 Oosterhout","jrstatcode":"2006WK173403","rubriek":"wijk","FID":"wijk_gegeneraliseerd_2006.b57be003-ecc9-4f3c-91fe-59c24e05e876"},"id":"WK173403"},{"arcs":[[-7306,7307,-7302]],"type":"Polygon","properties":{"id":58536,"statcode":"WK173404","statnaam":"Wijk 04 Hemmen","jrstatcode":"2006WK173404","rubriek":"wijk","FID":"wijk_gegeneraliseerd_2006.5f23e4f2-07f5-41cb-acb7-9ad29427e1e5"},"id":"WK173404"},{"arcs":[[7308,7309,7310,7311,7312]],"type":"Polygon","properties":{"id":58537,"statcode":"WK173500","statnaam":"Wijk 00 Goor","jrstatcode":"2006WK173500","rubriek":"wijk","FID":"wijk_gegeneraliseerd_2006.cfc716f7-8c42-4817-8d1f-3590b895b8bc"},"id":"WK173500"},{"arcs":[[[7313,7314,7315,-7312,7316]],[[7317,7318,-7310]]],"type":"MultiPolygon","properties":{"id":58538,"statcode":"WK173501","statnaam":"Wijk 01 De Whee II","jrstatcode":"2006WK173501","rubriek":"wijk","FID":"wijk_gegeneraliseerd_2006.c4c0d52e-3b63-46e2-b34f-0b43ca009cc5"},"id":"WK173501"},{"arcs":[[-7318,-7309,7319,7320,7321,-1995,-2003,-2015,7322,7323]],"type":"Polygon","properties":{"id":58539,"statcode":"WK173502","statnaam":"Wijk 02 Markelo","jrstatcode":"2006WK173502","rubriek":"wijk","FID":"wijk_gegeneraliseerd_2006.4a338901-2b28-40f9-b217-09eafa515ef9"},"id":"WK173502"},{"arcs":[[7324,7325,7326,-7320,-7313,-7316]],"type":"Polygon","properties":{"id":58540,"statcode":"WK173503","statnaam":"Wijk 03 Verspreide huizen Kerspel en omgeving","jrstatcode":"2006WK173503","rubriek":"wijk","FID":"wijk_gegeneraliseerd_2006.60f61064-52d2-4191-bd10-db632778af79"},"id":"WK173503"},{"arcs":[[7327,-7317,-7311,-7319,-7324,7328,-1445]],"type":"Polygon","properties":{"id":58541,"statcode":"WK173504","statnaam":"Wijk 04 Elsen","jrstatcode":"2006WK173504","rubriek":"wijk","FID":"wijk_gegeneraliseerd_2006.ee0ddf5f-bfc1-4ebe-82bb-88642f46603c"},"id":"WK173504"},{"arcs":[[7329,-1136,7330,7331,-7321,-7327]],"type":"Polygon","properties":{"id":58542,"statcode":"WK173505","statnaam":"Wijk 05 Diepenheim","jrstatcode":"2006WK173505","rubriek":"wijk","FID":"wijk_gegeneraliseerd_2006.3bea02fe-78d1-48ca-8f43-2d475b73f6ae"},"id":"WK173505"},{"arcs":[[7332,-1251,7333,7334]],"type":"Polygon","properties":{"id":58543,"statcode":"WK173506","statnaam":"Wijk 06 Delden","jrstatcode":"2006WK173506","rubriek":"wijk","FID":"wijk_gegeneraliseerd_2006.8df6f114-12ba-44da-baf8-ad56569c9412"},"id":"WK173506"},{"arcs":[[7335,7336,-7335]],"type":"Polygon","properties":{"id":58544,"statcode":"WK173507","statnaam":"Wijk 07 Overig Delden","jrstatcode":"2006WK173507","rubriek":"wijk","FID":"wijk_gegeneraliseerd_2006.3bb53a2c-b80d-4805-aabb-d38d2e472863"},"id":"WK173507"},{"arcs":[[[-1252,-1241,-1239,-1249,-7333,-7337,7337,-7314,-7328,-1444,-989,-993]],[[-1137,-7330,-7326,7338]]],"type":"MultiPolygon","properties":{"id":58545,"statcode":"WK173508","statnaam":"Wijk 08 Hengevelde","jrstatcode":"2006WK173508","rubriek":"wijk","FID":"wijk_gegeneraliseerd_2006.13c06c4f-12ae-4e35-b570-96aef8fabeb0"},"id":"WK173508"},{"arcs":[[-7334,-1250,-1140,-1131,-1138,-7339,-7325,-7315,-7338,-7336]],"type":"Polygon","properties":{"id":58546,"statcode":"WK173509","statnaam":"Wijk 09 Bentelo","jrstatcode":"2006WK173509","rubriek":"wijk","FID":"wijk_gegeneraliseerd_2006.b09aa558-2fe9-4bb2-b7d6-a2a4d1783a4e"},"id":"WK173509"},{"arcs":[[-7304,7339,7340,-1729,-2465,-2474,-2139]],"type":"Polygon","properties":{"id":58547,"statcode":"WK174000","statnaam":"Wijk 00 Kesteren","jrstatcode":"2006WK174000","rubriek":"wijk","FID":"wijk_gegeneraliseerd_2006.c015237b-5f2f-4dcc-b5db-fc83b91d950f"},"id":"WK174000"},{"arcs":[[-4671,-4677,-2117,-2126,-1720,-1725,-7341,7341,-1791]],"type":"Polygon","properties":{"id":58548,"statcode":"WK174001","statnaam":"Wijk 01 Echteld","jrstatcode":"2006WK174001","rubriek":"wijk","FID":"wijk_gegeneraliseerd_2006.4965addb-02a7-4aab-ab44-9329bb9845e7"},"id":"WK174001"},{"arcs":[[-7305,-1687,-1792,-7342,-7340,-7303,-7308]],"type":"Polygon","properties":{"id":58549,"statcode":"WK174002","statnaam":"Wijk 02 Dodewaard","jrstatcode":"2006WK174002","rubriek":"wijk","FID":"wijk_gegeneraliseerd_2006.49390134-6390-4e47-8a99-6d1fce458b08"},"id":"WK174002"},{"arcs":[[7342,-1450]],"type":"Polygon","properties":{"id":58550,"statcode":"WK174200","statnaam":"Wijk 00 Stad Rijssen","jrstatcode":"2006WK174200","rubriek":"wijk","FID":"wijk_gegeneraliseerd_2006.378fa425-1bcf-4ade-b34f-136e1b5e7f9d"},"id":"WK174200"},{"arcs":[[7343,-1451,-7343,-1449]],"type":"Polygon","properties":{"id":58551,"statcode":"WK174201","statnaam":"Wijk 01 Stadsrand","jrstatcode":"2006WK174201","rubriek":"wijk","FID":"wijk_gegeneraliseerd_2006.7bebfbf0-f7ea-48f8-87d4-54ed70ae7150"},"id":"WK174201"},{"arcs":[[-1448,-1446,-7329,7344,-1198,-1452,-7344]],"type":"Polygon","properties":{"id":58552,"statcode":"WK174202","statnaam":"Wijk 02 Buitengebied Rijssen","jrstatcode":"2006WK174202","rubriek":"wijk","FID":"wijk_gegeneraliseerd_2006.b81764bd-10be-4fb4-a1fe-d7cb2fcb4e12"},"id":"WK174202"},{"arcs":[[7345]],"type":"Polygon","properties":{"id":58553,"statcode":"WK174203","statnaam":"Wijk 03 Holten","jrstatcode":"2006WK174203","rubriek":"wijk","FID":"wijk_gegeneraliseerd_2006.ff43849d-9928-436d-9794-826f1ce59971"},"id":"WK174203"},{"arcs":[[-7323,-2014,-1070,-1068,7346,-1206,-1199,-7345],[-7346]],"type":"Polygon","properties":{"id":58554,"statcode":"WK174205","statnaam":"Wijk 05 Buitengebied Holten","jrstatcode":"2006WK174205","rubriek":"wijk","FID":"wijk_gegeneraliseerd_2006.3a8a8e3e-eb4f-4c8d-ae3a-450d3dc3491e"},"id":"WK174205"},{"arcs":[[-7347,-1067,-1371,-1207]],"type":"Polygon","properties":{"id":58555,"statcode":"WK174206","statnaam":"Wijk 06 Espelo","jrstatcode":"2006WK174206","rubriek":"wijk","FID":"wijk_gegeneraliseerd_2006.ee18c727-331c-4307-94ab-4a1c4f0477e2"},"id":"WK174206"},{"arcs":[[-5408,-5411,-5675,7347,-6607]],"type":"Polygon","properties":{"id":58556,"statcode":"WK177100","statnaam":"Wijk 00 Geldrop","jrstatcode":"2006WK177100","rubriek":"wijk","FID":"wijk_gegeneraliseerd_2006.2514303a-9ab5-4f1e-a12c-418a7560396b"},"id":"WK177100"},{"arcs":[[-5536,-5863,-5854,-6608,-7348,-5678,-5555]],"type":"Polygon","properties":{"id":58557,"statcode":"WK177101","statnaam":"Wijk 01 Mierlo","jrstatcode":"2006WK177101","rubriek":"wijk","FID":"wijk_gegeneraliseerd_2006.a3c2d001-10f1-489a-92df-fc895afdadd0"},"id":"WK177101"},{"arcs":[[-1864,-1973,7348,7349,7350,-1063,7351]],"type":"Polygon","properties":{"id":58558,"statcode":"WK177300","statnaam":"Wijk 00 Olst","jrstatcode":"2006WK177300","rubriek":"wijk","FID":"wijk_gegeneraliseerd_2006.e9a4eee9-e302-4afb-9d84-228cd2935fb6"},"id":"WK177300"},{"arcs":[[-2135,-1865,-7352]],"type":"Polygon","properties":{"id":58559,"statcode":"WK177301","statnaam":"Wijk 01 Welsum","jrstatcode":"2006WK177301","rubriek":"wijk","FID":"wijk_gegeneraliseerd_2006.8dc39d94-3629-42f2-b5f8-f5d71a44f279"},"id":"WK177301"},{"arcs":[[-1370,-1364,-1064,-7351,7352]],"type":"Polygon","properties":{"id":58560,"statcode":"WK177302","statnaam":"Wijk 02 Wesepe","jrstatcode":"2006WK177302","rubriek":"wijk","FID":"wijk_gegeneraliseerd_2006.ad1957b9-cbab-4d18-ad55-a21d67cbd783"},"id":"WK177302"},{"arcs":[[-1972,7353,-1358,-1369,7354,-7349]],"type":"Polygon","properties":{"id":58561,"statcode":"WK177303","statnaam":"Wijk 03 Wijhe","jrstatcode":"2006WK177303","rubriek":"wijk","FID":"wijk_gegeneraliseerd_2006.7e2be95e-d9d2-4cd1-8d11-c85d49181871"},"id":"WK177303"},{"arcs":[[-1368,-7353,-7350,-7355]],"type":"Polygon","properties":{"id":58562,"statcode":"WK177304","statnaam":"Wijk 04 Boerhaar","jrstatcode":"2006WK177304","rubriek":"wijk","FID":"wijk_gegeneraliseerd_2006.33ba8864-a24d-455b-bef3-6699f672a153"},"id":"WK177304"},{"arcs":[[-1971,-1977,-1493,-1378,-1373,-1359,-7354]],"type":"Polygon","properties":{"id":58563,"statcode":"WK177305","statnaam":"Wijk 05 Verspreide Huizen Wijhe","jrstatcode":"2006WK177305","rubriek":"wijk","FID":"wijk_gegeneraliseerd_2006.9061f9c3-4f4c-4b73-83d0-ded04b62ba36"},"id":"WK177305"},{"arcs":[[7355,-1301,7356,7357,7358,7359]],"type":"Polygon","properties":{"id":58564,"statcode":"WK177400","statnaam":"Wijk 00 Denekamp","jrstatcode":"2006WK177400","rubriek":"wijk","FID":"wijk_gegeneraliseerd_2006.fc65a381-ff23-4bf0-9187-7b4e5e3e24ca"},"id":"WK177400"},{"arcs":[[7360,-7359,7361,-1425,7362]],"type":"Polygon","properties":{"id":58565,"statcode":"WK177401","statnaam":"Wijk 01 Lattrop-Brekkelenkamp","jrstatcode":"2006WK177401","rubriek":"wijk","FID":"wijk_gegeneraliseerd_2006.66cfa58a-d829-4260-aa87-ce284022959f"},"id":"WK177401"},{"arcs":[[-7362,-7358,7363,7364,7365,7366,-1426]],"type":"Polygon","properties":{"id":58566,"statcode":"WK177402","statnaam":"Wijk 02 Tilligte","jrstatcode":"2006WK177402","rubriek":"wijk","FID":"wijk_gegeneraliseerd_2006.c8f7ce7f-125f-40a4-aa77-9f8c411908ed"},"id":"WK177402"},{"arcs":[[-7365,7367,7368,-1430,-1427,-7367,7369]],"type":"Polygon","properties":{"id":58567,"statcode":"WK177403","statnaam":"Wijk 03 Ootmarsum","jrstatcode":"2006WK177403","rubriek":"wijk","FID":"wijk_gegeneraliseerd_2006.fadc1204-87f3-4af1-bb9d-f5d4b78bf6e0"},"id":"WK177403"},{"arcs":[[7370,-7360,-7361]],"type":"Polygon","properties":{"id":58568,"statcode":"WK177404","statnaam":"Wijk 04 Noord Deurningen","jrstatcode":"2006WK177404","rubriek":"wijk","FID":"wijk_gegeneraliseerd_2006.74f1f95c-d619-43ee-8678-6df79b780398"},"id":"WK177404"},{"arcs":[[-7366,-7370]],"type":"Polygon","properties":{"id":58569,"statcode":"WK177405","statnaam":"Wijk 05 Ootmarsum","jrstatcode":"2006WK177405","rubriek":"wijk","FID":"wijk_gegeneraliseerd_2006.c7567c37-0ad6-4552-a642-c60d8bb86004"},"id":"WK177405"},{"arcs":[[-1337,7371,7372,-1433,-1431,-7369,7373]],"type":"Polygon","properties":{"id":58570,"statcode":"WK177406","statnaam":"Wijk 06 Weerselo","jrstatcode":"2006WK177406","rubriek":"wijk","FID":"wijk_gegeneraliseerd_2006.a0d1a41c-5eb7-419c-9097-105c254a7f68"},"id":"WK177406"},{"arcs":[[-7357,-1300,-1298,-1338,-7374,-7368,-7364]],"type":"Polygon","properties":{"id":58571,"statcode":"WK177407","statnaam":"Wijk 07 Rossum","jrstatcode":"2006WK177407","rubriek":"wijk","FID":"wijk_gegeneraliseerd_2006.44bf9fc9-afba-4b86-8b0d-b6004bdc4b11"},"id":"WK177407"},{"arcs":[[-7373,7374,-996,-1415,-1434]],"type":"Polygon","properties":{"id":58572,"statcode":"WK177408","statnaam":"Wijk 08 Saasveld","jrstatcode":"2006WK177408","rubriek":"wijk","FID":"wijk_gegeneraliseerd_2006.c2cbc802-d9ed-46f4-b98d-4bfda6d453c7"},"id":"WK177408"},{"arcs":[[-1339,-1111,-1233,-1248,-1253,-997,-7375,-7372]],"type":"Polygon","properties":{"id":58573,"statcode":"WK177409","statnaam":"Wijk 09 Deurningen","jrstatcode":"2006WK177409","rubriek":"wijk","FID":"wijk_gegeneraliseerd_2006.89d6240d-a450-40ea-afe9-822463fc40de"},"id":"WK177409"},{"arcs":[[7375,7376,7377,7378,7379]],"type":"Polygon","properties":{"id":58574,"statcode":"WK178301","statnaam":"Wijk 01 Naaldwijk","jrstatcode":"2006WK178301","rubriek":"wijk","FID":"wijk_gegeneraliseerd_2006.d6fed601-985f-471d-8748-b281d79c1994"},"id":"WK178301"},{"arcs":[[7380,7381,-7377,7382,7383]],"type":"Polygon","properties":{"id":58575,"statcode":"WK178302","statnaam":"Wijk 02 Honselersdijk","jrstatcode":"2006WK178302","rubriek":"wijk","FID":"wijk_gegeneraliseerd_2006.a93c618f-d8fe-43c5-8f14-4dc33c123aa5"},"id":"WK178302"},{"arcs":[[-7379,7384,-4182,-4373,7385]],"type":"Polygon","properties":{"id":58576,"statcode":"WK178303","statnaam":"Wijk 03 Maasdijk","jrstatcode":"2006WK178303","rubriek":"wijk","FID":"wijk_gegeneraliseerd_2006.939064aa-bb48-4b64-b391-027646860d38"},"id":"WK178303"},{"arcs":[[-4377,7386,7387,-7380,-7386]],"type":"Polygon","properties":{"id":58577,"statcode":"WK178304","statnaam":"Wijk 04 's-Gravenzande","jrstatcode":"2006WK178304","rubriek":"wijk","FID":"wijk_gegeneraliseerd_2006.c64352b6-bae6-4767-bd5b-f30a13b7bc91"},"id":"WK178304"},{"arcs":[[7388,-3941,-3944,-3993,7389,-7383,-7376,-7388]],"type":"Polygon","properties":{"id":58578,"statcode":"WK178305","statnaam":"Wijk 05 Monster","jrstatcode":"2006WK178305","rubriek":"wijk","FID":"wijk_gegeneraliseerd_2006.5292fda4-4be6-41e3-8654-843aedd51c1c"},"id":"WK178305"},{"arcs":[[-4411,7390,-7384,-7390,-3992,-4013]],"type":"Polygon","properties":{"id":58579,"statcode":"WK178306","statnaam":"Wijk 06 Wateringen","jrstatcode":"2006WK178306","rubriek":"wijk","FID":"wijk_gegeneraliseerd_2006.287ad8a2-c0ae-4c4a-be72-eaa3061783b8"},"id":"WK178306"},{"arcs":[[-7378,-7382,7391,-4183,-7385]],"type":"Polygon","properties":{"id":58580,"statcode":"WK178307","statnaam":"Wijk 07 De Lier","jrstatcode":"2006WK178307","rubriek":"wijk","FID":"wijk_gegeneraliseerd_2006.2df17f3d-e1b4-402f-98c0-3f4b92d4b824"},"id":"WK178307"},{"arcs":[[-3701,-3703,-3709,-4338,-4440,-4501,-4503,7392,-4184,-7392,-7381,-7391,-4410,-3682,-3699,-3692]],"type":"Polygon","properties":{"id":58581,"statcode":"WK184200","statnaam":"Wijk 00 Schipluiden","jrstatcode":"2006WK184200","rubriek":"wijk","FID":"wijk_gegeneraliseerd_2006.86b94193-3762-4361-800d-950d66817ff0"},"id":"WK184200"},{"arcs":[[-7393,-4502,-4185]],"type":"Polygon","properties":{"id":58582,"statcode":"WK184201","statnaam":"Wijk 00 Maasland","jrstatcode":"2006WK184201","rubriek":"wijk","FID":"wijk_gegeneraliseerd_2006.fb19790b-690b-43c7-a105-f1a069faf87a"},"id":"WK184201"},{"arcs":[[-1996,-7322,-7332,7393,7394,7395,7396,-2005]],"type":"Polygon","properties":{"id":58583,"statcode":"WK185900","statnaam":"Wijk 00 Borculo","jrstatcode":"2006WK185900","rubriek":"wijk","FID":"wijk_gegeneraliseerd_2006.ca1b56b3-c738-4ddb-af3c-057d280ddf04"},"id":"WK185900"},{"arcs":[[-1900,-1909,7397,-7395,7398,-1133,-1124,7399,-1905]],"type":"Polygon","properties":{"id":58584,"statcode":"WK185901","statnaam":"Wijk 01 Eibergen","jrstatcode":"2006WK185901","rubriek":"wijk","FID":"wijk_gegeneraliseerd_2006.b3af7417-8ae9-484f-8f26-8318069164e7"},"id":"WK185901"},{"arcs":[[-1908,-1902,-1904,-1910,7400,-7396,-7398]],"type":"Polygon","properties":{"id":58585,"statcode":"WK185902","statnaam":"Wijk 02 Beltrum","jrstatcode":"2006WK185902","rubriek":"wijk","FID":"wijk_gegeneraliseerd_2006.b28d60b4-ffd2-4628-af62-e31047807139"},"id":"WK185902"},{"arcs":[[-1129,-1134,-7399,-7394,-7331,-1135]],"type":"Polygon","properties":{"id":58586,"statcode":"WK185903","statnaam":"Wijk 03 Neede","jrstatcode":"2006WK185903","rubriek":"wijk","FID":"wijk_gegeneraliseerd_2006.b651e1cd-4d03-445a-bc3f-f7a9a05b5bfb"},"id":"WK185903"},{"arcs":[[-7397,-7401,-1913,7401,7402,7403,-2006]],"type":"Polygon","properties":{"id":58587,"statcode":"WK185904","statnaam":"Wijk 04 Ruurlo","jrstatcode":"2006WK185904","rubriek":"wijk","FID":"wijk_gegeneraliseerd_2006.73c33a97-817a-4900-b36a-74506289c5aa"},"id":"WK185904"},{"arcs":[[7404,7405,-7403,7406]],"type":"Polygon","properties":{"id":58588,"statcode":"WK187600","statnaam":"Wijk 00 Hengelo","jrstatcode":"2006WK187600","rubriek":"wijk","FID":"wijk_gegeneraliseerd_2006.ab3d1038-4ac3-4fba-995d-49dd8e809f14"},"id":"WK187600"},{"arcs":[[-1754,-1778,7407,-7407,-7402,-1912,-6549,-1760]],"type":"Polygon","properties":{"id":58589,"statcode":"WK187601","statnaam":"Wijk 01 Zelhem","jrstatcode":"2006WK187601","rubriek":"wijk","FID":"wijk_gegeneraliseerd_2006.d522461c-efa1-4a78-b644-dfb3a07ab5a3"},"id":"WK187601"},{"arcs":[[-2199,-2202,-2203,-1998,-2004,-7404,-7406,7408]],"type":"Polygon","properties":{"id":58590,"statcode":"WK187602","statnaam":"Wijk 02 Vorden","jrstatcode":"2006WK187602","rubriek":"wijk","FID":"wijk_gegeneraliseerd_2006.bcca1498-272f-4357-982c-0b0ed0c07026"},"id":"WK187602"},{"arcs":[[-2101,-1700,-1697,-2200,-7409,-7405,7409,-1743]],"type":"Polygon","properties":{"id":58591,"statcode":"WK187603","statnaam":"Wijk 03 Steenderen","jrstatcode":"2006WK187603","rubriek":"wijk","FID":"wijk_gegeneraliseerd_2006.b9eba09e-0a8d-4d79-bdf5-08714bf58ee2"},"id":"WK187603"},{"arcs":[[-7410,-7408,-1777,-1775,-1770,-1784,-2188,-1744]],"type":"Polygon","properties":{"id":58592,"statcode":"WK187604","statnaam":"Wijk 04 Hummelo en Keppel","jrstatcode":"2006WK187604","rubriek":"wijk","FID":"wijk_gegeneraliseerd_2006.542e5ca1-b91b-4d2c-baf1-89d41f9828f2"},"id":"WK187604"},{"arcs":[[7410,7411,7412,7413,7414]],"type":"Polygon","properties":{"id":58593,"statcode":"WK188300","statnaam":"Wijk 00 Limbrichterveld","jrstatcode":"2006WK188300","rubriek":"wijk","FID":"wijk_gegeneraliseerd_2006.152a4434-6e25-42bb-ad02-2743520fea23"},"id":"WK188300"},{"arcs":[[7415,-7415,7416,7417,7418]],"type":"Polygon","properties":{"id":58594,"statcode":"WK188301","statnaam":"Wijk 01 Sittard","jrstatcode":"2006WK188301","rubriek":"wijk","FID":"wijk_gegeneraliseerd_2006.c5d093bb-1422-4252-af3c-c2f91a152906"},"id":"WK188301"},{"arcs":[[-7417,-7414,7419,-7134,7420]],"type":"Polygon","properties":{"id":58595,"statcode":"WK188302","statnaam":"Wijk 02 Overhoven","jrstatcode":"2006WK188302","rubriek":"wijk","FID":"wijk_gegeneraliseerd_2006.a4160fdc-28b7-4cd7-8bd4-6d665f306a28"},"id":"WK188302"},{"arcs":[[7421,-6379,-6376,7422,-7419]],"type":"Polygon","properties":{"id":58596,"statcode":"WK188303","statnaam":"Wijk 03 Munstergeleen","jrstatcode":"2006WK188303","rubriek":"wijk","FID":"wijk_gegeneraliseerd_2006.465f4307-1f9c-4ac8-a3ff-3a5056a5a637"},"id":"WK188303"},{"arcs":[[-7412,7423,7424]],"type":"Polygon","properties":{"id":58597,"statcode":"WK188304","statnaam":"Wijk 04 Guttecoven","jrstatcode":"2006WK188304","rubriek":"wijk","FID":"wijk_gegeneraliseerd_2006.f5db3edb-a0d0-42dc-ab43-299d88239b6e"},"id":"WK188304"},{"arcs":[[-7424,-7411,-7416,-7423,-6378,-6057,-6395,-6394,-6397,7425]],"type":"Polygon","properties":{"id":58598,"statcode":"WK188305","statnaam":"Wijk 05 Geleen","jrstatcode":"2006WK188305","rubriek":"wijk","FID":"wijk_gegeneraliseerd_2006.0672f59c-5af1-469e-b5d8-adf588f0f3fe"},"id":"WK188305"},{"arcs":[[-7135,-7420,-7413,-7425,-7426,-6400,7426,-7113,-7103]],"type":"Polygon","properties":{"id":58599,"statcode":"WK188306","statnaam":"Wijk 06 Holtum-Born","jrstatcode":"2006WK188306","rubriek":"wijk","FID":"wijk_gegeneraliseerd_2006.96ee690c-dbbb-4c27-a685-c3c475ca1680"},"id":"WK188306"},{"arcs":[[-7114,-7427,-6399,7427]],"type":"Polygon","properties":{"id":58600,"statcode":"WK188307","statnaam":"Wijk 07 Obbicht-Papenhoven","jrstatcode":"2006WK188307","rubriek":"wijk","FID":"wijk_gegeneraliseerd_2006.041e0ac9-e206-45da-9dab-28577c3b2444"},"id":"WK188307"},{"arcs":[[7428,7429,-1263,7430,7431]],"type":"Polygon","properties":{"id":58601,"statcode":"WK189600","statnaam":"Wijk 00 Genemuiden","jrstatcode":"2006WK189600","rubriek":"wijk","FID":"wijk_gegeneraliseerd_2006.fbb1b697-596c-454d-9fff-f4b3ae1f1d4a"},"id":"WK189600"},{"arcs":[[-1279,-1264,-7430,7432,-1287,-1267]],"type":"Polygon","properties":{"id":58602,"statcode":"WK189601","statnaam":"Wijk 01 Kamperzeedijk","jrstatcode":"2006WK189601","rubriek":"wijk","FID":"wijk_gegeneraliseerd_2006.96450602-4036-4ca9-a510-0c08e54f663f"},"id":"WK189601"},{"arcs":[[7433,7434]],"type":"Polygon","properties":{"id":58603,"statcode":"WK189602","statnaam":"Wijk 02 Hasselt","jrstatcode":"2006WK189602","rubriek":"wijk","FID":"wijk_gegeneraliseerd_2006.e5ac7251-b8cd-49d2-8037-a94911de0482"},"id":"WK189602"},{"arcs":[[7435,-7435,7436,-1404,-1483,-1477,-1285,-7433,-7429]],"type":"Polygon","properties":{"id":58604,"statcode":"WK189603","statnaam":"Wijk 03 Ter Wee's Hoek","jrstatcode":"2006WK189603","rubriek":"wijk","FID":"wijk_gegeneraliseerd_2006.2db34262-b99b-45a1-acbc-f609792c5c21"},"id":"WK189603"},{"arcs":[[-1395,-1390,-1405,-7437,-7434,-7436,-7432,7437,-7056,-7059,-7063]],"type":"Polygon","properties":{"id":58605,"statcode":"WK189604","statnaam":"Wijk 04 Zwartsluis","jrstatcode":"2006WK189604","rubriek":"wijk","FID":"wijk_gegeneraliseerd_2006.e49b78b3-2924-4c76-9cd9-b33377185f97"},"id":"WK189604"},{"arcs":[[-4018,7438,-4016,-4008,-3974,-3971,7439,7440,7441,7442,7443,7444,-4026]],"type":"Polygon","properties":{"id":58606,"statcode":"WK191600","statnaam":"Wijk 00 Voorburg","jrstatcode":"2006WK191600","rubriek":"wijk","FID":"wijk_gegeneraliseerd_2006.35dd8838-4d63-435b-a1d0-9dc224f39553"},"id":"WK191600"},{"arcs":[[-7442,7445,7446,7447,7448,7449]],"type":"Polygon","properties":{"id":58607,"statcode":"WK191601","statnaam":"Wijk 01 De Heuvel","jrstatcode":"2006WK191601","rubriek":"wijk","FID":"wijk_gegeneraliseerd_2006.77d6bb9c-e27c-4e6c-94b2-71912616b195"},"id":"WK191601"},{"arcs":[[-7446,-7441,7450,7451]],"type":"Polygon","properties":{"id":58608,"statcode":"WK191602","statnaam":"Wijk 02 De Zijde","jrstatcode":"2006WK191602","rubriek":"wijk","FID":"wijk_gegeneraliseerd_2006.968ff45e-b166-4a15-8582-6056acf864ef"},"id":"WK191602"},{"arcs":[[7452,-7452,7453]],"type":"Polygon","properties":{"id":58609,"statcode":"WK191603","statnaam":"Wijk 03 Duivenvoorde","jrstatcode":"2006WK191603","rubriek":"wijk","FID":"wijk_gegeneraliseerd_2006.1d19e2f8-cfe8-4101-b2e4-123a72402951"},"id":"WK191603"},{"arcs":[[7454,7455,-7448,7456,7457]],"type":"Polygon","properties":{"id":58610,"statcode":"WK191605","statnaam":"Wijk 05 't Lien","jrstatcode":"2006WK191605","rubriek":"wijk","FID":"wijk_gegeneraliseerd_2006.d2a51065-6da0-441c-a08f-b4c1fa0ff08d"},"id":"WK191605"},{"arcs":[[7458,7459,-4032,-4028,7460,7461,7462,7463]],"type":"Polygon","properties":{"id":58611,"statcode":"WK191606","statnaam":"Wijk 06 Leidschendam-Zuid","jrstatcode":"2006WK191606","rubriek":"wijk","FID":"wijk_gegeneraliseerd_2006.ada97f4e-b4ad-4493-adf1-5a6cd048df1d"},"id":"WK191606"},{"arcs":[[-7444,7464,7465,7466,-7462]],"type":"Polygon","properties":{"id":58612,"statcode":"WK191608","statnaam":"Wijk 08 Damlaan","jrstatcode":"2006WK191608","rubriek":"wijk","FID":"wijk_gegeneraliseerd_2006.674e72cd-4746-403e-84da-49f0ff1a33a1"},"id":"WK191608"},{"arcs":[[7467,-7463,-7467,7468,-7455,7469]],"type":"Polygon","properties":{"id":58613,"statcode":"WK191609","statnaam":"Wijk 09 De Rietvink","jrstatcode":"2006WK191609","rubriek":"wijk","FID":"wijk_gegeneraliseerd_2006.2e05946b-a25b-4d5e-b40f-fa5a89e787ec"},"id":"WK191609"},{"arcs":[[-4557,-4029,-7460,7470]],"type":"Polygon","properties":{"id":58614,"statcode":"WK191610","statnaam":"Wijk 10 Wilsveen","jrstatcode":"2006WK191610","rubriek":"wijk","FID":"wijk_gegeneraliseerd_2006.39d9fc3c-bd29-412e-99fc-95dd832e6862"},"id":"WK191610"},{"arcs":[[-4017,-7439]],"type":"Polygon","properties":{"id":58615,"statcode":"WK191611","statnaam":"Wijk 11 Park Leeuwenbergh","jrstatcode":"2006WK191611","rubriek":"wijk","FID":"wijk_gegeneraliseerd_2006.86e4d0cf-2e94-434d-946a-8e4075b5e7e9"},"id":"WK191611"},{"arcs":[[7471,-7457,-7447,-7453]],"type":"Polygon","properties":{"id":58616,"statcode":"WK191612","statnaam":"Wijk 12 Prinsenhof","jrstatcode":"2006WK191612","rubriek":"wijk","FID":"wijk_gegeneraliseerd_2006.4601927c-b1db-40be-a7e4-61863e4e2eda"},"id":"WK191612"},{"arcs":[[-7456,-7469,-7466,7472,-7449]],"type":"Polygon","properties":{"id":58617,"statcode":"WK191613","statnaam":"Wijk 13 Raadhuiskwartier","jrstatcode":"2006WK191613","rubriek":"wijk","FID":"wijk_gegeneraliseerd_2006.2830b424-58ca-4052-bb56-3a44e60dbbb3"},"id":"WK191613"},{"arcs":[[-4564,-4558,-7471,-7459,7473]],"type":"Polygon","properties":{"id":58618,"statcode":"WK191614","statnaam":"Wijk 14 Stompwijk","jrstatcode":"2006WK191614","rubriek":"wijk","FID":"wijk_gegeneraliseerd_2006.e436e507-5798-41df-8421-30a0fe4abd8e"},"id":"WK191614"},{"arcs":[[-7473,-7465,-7443,-7450]],"type":"Polygon","properties":{"id":58619,"statcode":"WK191615","statnaam":"Wijk 15 Verzetsheldenwijk","jrstatcode":"2006WK191615","rubriek":"wijk","FID":"wijk_gegeneraliseerd_2006.3d749ebd-bf3d-426c-a489-65bf6e82552d"},"id":"WK191615"},{"arcs":[[-7461,-4027,-7445]],"type":"Polygon","properties":{"id":58620,"statcode":"WK191616","statnaam":"Wijk 16 Zeeheldenwijk","jrstatcode":"2006WK191616","rubriek":"wijk","FID":"wijk_gegeneraliseerd_2006.863bf998-0653-402a-9a63-bc12e1247210"},"id":"WK191616"},{"arcs":[[7474,-7470,-7458,-7472,-7454,-7451,-7440,-3970,-4518,-4511]],"type":"Polygon","properties":{"id":58621,"statcode":"WK191617","statnaam":"Wijk 17 Veursestraatweg-Noord","jrstatcode":"2006WK191617","rubriek":"wijk","FID":"wijk_gegeneraliseerd_2006.ca17e266-51b8-4e3a-8da1-24295952e1d9"},"id":"WK191617"},{"arcs":[[-4154,-7474,-7464,-7468,-7475,-4510]],"type":"Polygon","properties":{"id":58622,"statcode":"WK191618","statnaam":"Wijk 18 Landelijk gebied","jrstatcode":"2006WK191618","rubriek":"wijk","FID":"wijk_gegeneraliseerd_2006.374a3c21-4b1f-445a-b57f-fa940f403ef9"},"id":"WK191618"},{"arcs":[[-3581,-3584,-4339,-3707,7475,-3684,-4024,7476,-4555,-4548,-3575]],"type":"Polygon","properties":{"id":58623,"statcode":"WK192601","statnaam":"Wijk 01 Pijnacker","jrstatcode":"2006WK192601","rubriek":"wijk","FID":"wijk_gegeneraliseerd_2006.05328df4-56f5-48ea-a346-412b34b52580"},"id":"WK192601"},{"arcs":[[-7477,-4023,-4031,-4556]],"type":"Polygon","properties":{"id":58624,"statcode":"WK192602","statnaam":"Wijk 02 Nootdorp","jrstatcode":"2006WK192602","rubriek":"wijk","FID":"wijk_gegeneraliseerd_2006.dfd5864e-e016-4a0e-ab27-8578880f46ca"},"id":"WK192602"},{"arcs":[[-3710,-3705,-3685,-7476]],"type":"Polygon","properties":{"id":58625,"statcode":"WK192603","statnaam":"Wijk 03 Delfgauw","jrstatcode":"2006WK192603","rubriek":"wijk","FID":"wijk_gegeneraliseerd_2006.f782ed80-e8f1-49b5-80bc-06c62bd811eb"},"id":"WK192603"},{"arcs":[[-6403,-6234,-6227,-6224,7477,-6353,7478]],"type":"Polygon","properties":{"id":58626,"statcode":"WK193700","statnaam":"Wijk 00 Heel","jrstatcode":"2006WK193700","rubriek":"wijk","FID":"wijk_gegeneraliseerd_2006.9174f0d5-0fd2-4ce5-9646-44d42dc1ae9d"},"id":"WK193700"},{"arcs":[[-6128,-6354,-7478,-6223]],"type":"Polygon","properties":{"id":58627,"statcode":"WK193701","statnaam":"Wijk 01 Beegden","jrstatcode":"2006WK193701","rubriek":"wijk","FID":"wijk_gegeneraliseerd_2006.fb15cd3e-7c57-4292-9b2a-dd42359ac4ae"},"id":"WK193701"},{"arcs":[[-6253,-6251,-6404,-7479,-6352]],"type":"Polygon","properties":{"id":58628,"statcode":"WK193702","statnaam":"Wijk 02 Wessem","jrstatcode":"2006WK193702","rubriek":"wijk","FID":"wijk_gegeneraliseerd_2006.221f2dcb-a82b-40a9-84b8-16370c7ad461"},"id":"WK193702"},{"arcs":[[7479,-1772,-1765,-6548,-6541,-6543,7480]],"type":"Polygon","properties":{"id":58629,"statcode":"WK195500","statnaam":"Wijk 00 's-Heerenberg","jrstatcode":"2006WK195500","rubriek":"wijk","FID":"wijk_gegeneraliseerd_2006.e9b82253-a22f-4c57-addb-e0fca1b08224"},"id":"WK195500"},{"arcs":[[-1781,-1773,-7480,7481,-2183,7482]],"type":"Polygon","properties":{"id":58630,"statcode":"WK195501","statnaam":"Wijk 01 Brakel","jrstatcode":"2006WK195501","rubriek":"wijk","FID":"wijk_gegeneraliseerd_2006.34b08ef8-7281-4d51-876e-469e819c6dbe"},"id":"WK195501"},{"arcs":[[-2179,-2185,-1782,-7483,-2182]],"type":"Polygon","properties":{"id":58631,"statcode":"WK195502","statnaam":"Wijk 02 Didam","jrstatcode":"2006WK195502","rubriek":"wijk","FID":"wijk_gegeneraliseerd_2006.c480ded9-7585-43bb-87c4-c777924bb590"},"id":"WK195502"},{"arcs":[[7483,-247,7484,7485,-151]],"type":"Polygon","properties":{"id":58632,"statcode":"WK198700","statnaam":"Wijk 00 Zuidbroek","jrstatcode":"2006WK198700","rubriek":"wijk","FID":"wijk_gegeneraliseerd_2006.85dac006-b0c8-4cd7-bf3a-aa9d6ae71006"},"id":"WK198700"},{"arcs":[[-150,-258,-261,-262,-248,-7484]],"type":"Polygon","properties":{"id":58633,"statcode":"WK198701","statnaam":"Wijk 01 Noordbroek","jrstatcode":"2006WK198701","rubriek":"wijk","FID":"wijk_gegeneraliseerd_2006.aad0f0e6-80ee-4b19-94cd-e569dc4df9c2"},"id":"WK198701"},{"arcs":[[7486,-7485,-246,-243,-5354,-271]],"type":"Polygon","properties":{"id":58634,"statcode":"WK198702","statnaam":"Wijk 02","jrstatcode":"2006WK198702","rubriek":"wijk","FID":"wijk_gegeneraliseerd_2006.aed17344-1122-4856-aa7f-26334b3ec7ef"},"id":"WK198702"},{"arcs":[[-274,-132,-152,-7486,-7487,-270,-266]],"type":"Polygon","properties":{"id":58635,"statcode":"WK198703","statnaam":"Wijk 03","jrstatcode":"2006WK198703","rubriek":"wijk","FID":"wijk_gegeneraliseerd_2006.a1a8a36e-b7b2-4e3c-a9ce-42f31afd7de8"},"id":"WK198703"}]}}}